ISO-10303-21;
HEADER;
FILE_DESCRIPTION (( 'STEP AP214' ),
    '1' );
FILE_NAME ('GearBox Nema17.step',
    '2026-08-28T16:09:56',
    ( '' ),
    ( '' ),
    'SwSTEP 2.0',
    'SolidWorks 2024',
    '' );
FILE_SCHEMA (( 'AUTOMOTIVE_DESIGN' ));
ENDSEC;

DATA;
#1 = CYLINDRICAL_SURFACE ( 'NONE', #1742, 2.000000000000000444 ) ;
#2 = CARTESIAN_POINT ( 'NONE',  ( 1.500000000000001110, 3.708099243547831048, -60.79999999999999005 ) ) ;
#3 = EDGE_CURVE ( 'NONE', #738, #1585, #1489, .T. ) ;
#4 = ADVANCED_FACE ( 'NONE', ( #1238 ), #603, .F. ) ;
#5 = ORIENTED_EDGE ( 'NONE', *, *, #1284, .F. ) ;
#6 = CYLINDRICAL_SURFACE ( 'NONE', #1646, 2.000000000000000000 ) ;
#7 = DIRECTION ( 'NONE',  ( -1.000000000000000000, 0.000000000000000000, 8.260587980841937547E-17 ) ) ;
#8 = CARTESIAN_POINT ( 'NONE',  ( 15.50000000000000533, 0.000000000000000000, -36.29999999999999005 ) ) ;
#9 = CARTESIAN_POINT ( 'NONE',  ( -21.00000000000000355, 2.571758278209442056E-15, -46.29999999999999716 ) ) ;
#10 = EDGE_LOOP ( 'NONE', ( #1519, #72, #1863, #259, #1937, #772 ) ) ;
#11 = VECTOR ( 'NONE', #1735, 1000.000000000000000 ) ;
#12 = DIRECTION ( 'NONE',  ( -1.000000000000000000, 0.000000000000000000, 0.000000000000000000 ) ) ;
#13 = CARTESIAN_POINT ( 'NONE',  ( 0.000000000000000000, 0.000000000000000000, -9.999999999999994671 ) ) ;
#14 = VECTOR ( 'NONE', #1704, 1000.000000000000000 ) ;
#15 = VERTEX_POINT ( 'NONE', #1504 ) ;
#16 = AXIS2_PLACEMENT_3D ( 'NONE', #165, #774, #24 ) ;
#17 = DIRECTION ( 'NONE',  ( 0.000000000000000000, 0.000000000000000000, -1.000000000000000000 ) ) ;
#18 = VECTOR ( 'NONE', #1474, 1000.000000000000000 ) ;
#19 = DIRECTION ( 'NONE',  ( -1.000000000000000000, 1.224646799147349509E-16, 0.000000000000000000 ) ) ;
#20 = VECTOR ( 'NONE', #1471, 1000.000000000000000 ) ;
#21 = CARTESIAN_POINT ( 'NONE',  ( -0.1990661938502954198, 3.996215371451535159, -48.31001261862177643 ) ) ;
#22 = ORIENTED_EDGE ( 'NONE', *, *, #383, .T. ) ;
#23 = CARTESIAN_POINT ( 'NONE',  ( -21.00000000000000355, 18.00000000000000000, 4.700000000000000178 ) ) ;
#24 = DIRECTION ( 'NONE',  ( 0.000000000000000000, 0.000000000000000000, 1.000000000000000000 ) ) ;
#25 = ORIENTED_EDGE ( 'NONE', *, *, #1186, .F. ) ;
#26 = EDGE_LOOP ( 'NONE', ( #119, #1659, #510, #649 ) ) ;
#27 = FACE_OUTER_BOUND ( 'NONE', #1647, .T. ) ;
#28 = DIRECTION ( 'NONE',  ( 0.000000000000000000, 0.000000000000000000, 1.000000000000000000 ) ) ;
#29 = EDGE_CURVE ( 'NONE', #354, #1229, #155, .T. ) ;
#30 = FACE_OUTER_BOUND ( 'NONE', #567, .T. ) ;
#31 = ORIENTED_EDGE ( 'NONE', *, *, #515, .F. ) ;
#32 = ORIENTED_EDGE ( 'NONE', *, *, #1925, .T. ) ;
#33 = DIRECTION ( 'NONE',  ( 1.000000000000000000, 0.000000000000000000, 0.000000000000000000 ) ) ;
#34 = CARTESIAN_POINT ( 'NONE',  ( -1.500000000000002442, 3.708099243547831048, -60.90006520002939538 ) ) ;
#35 = ORIENTED_EDGE ( 'NONE', *, *, #1021, .T. ) ;
#36 = CARTESIAN_POINT ( 'NONE',  ( -2.000000000000000444, -17.50000000000000355, -46.29999999999999716 ) ) ;
#37 = CARTESIAN_POINT ( 'NONE',  ( 15.50000000000000000, 15.50000000000000000, -5.299999999999999822 ) ) ;
#38 = EDGE_CURVE ( 'NONE', #1419, #621, #1035, .T. ) ;
#39 = DIRECTION ( 'NONE',  ( -1.000000000000000000, 0.000000000000000000, -0.000000000000000000 ) ) ;
#40 = ORIENTED_EDGE ( 'NONE', *, *, #1407, .T. ) ;
#41 = ORIENTED_EDGE ( 'NONE', *, *, #1972, .F. ) ;
#42 = EDGE_CURVE ( 'NONE', #265, #804, #1228, .T. ) ;
#43 = DIRECTION ( 'NONE',  ( 0.000000000000000000, 0.000000000000000000, 1.000000000000000000 ) ) ;
#44 = CIRCLE ( 'NONE', #1294, 2.999999999999999112 ) ;
#45 = DIRECTION ( 'NONE',  ( 0.000000000000000000, 0.000000000000000000, -1.000000000000000000 ) ) ;
#46 = AXIS2_PLACEMENT_3D ( 'NONE', #1243, #1536, #1566 ) ;
#47 = ORIENTED_EDGE ( 'NONE', *, *, #1395, .F. ) ;
#48 = FACE_OUTER_BOUND ( 'NONE', #228, .T. ) ;
#49 = CIRCLE ( 'NONE', #1745, 2.000000000000000444 ) ;
#50 = AXIS2_PLACEMENT_3D ( 'NONE', #737, #846, #1350 ) ;
#51 = DIRECTION ( 'NONE',  ( -1.000000000000000000, 0.000000000000000000, 8.260587980841937547E-17 ) ) ;
#52 = AXIS2_PLACEMENT_3D ( 'NONE', #932, #1964, #1545 ) ;
#53 = AXIS2_PLACEMENT_3D ( 'NONE', #1000, #548, #1794 ) ;
#54 = CARTESIAN_POINT ( 'NONE',  ( -1.191257223937712162, 3.818922163333461128, -48.88327355271765384 ) ) ;
#55 = VERTEX_POINT ( 'NONE', #1540 ) ;
#56 = EDGE_CURVE ( 'NONE', #1737, #1373, #1130, .T. ) ;
#57 = CARTESIAN_POINT ( 'NONE',  ( 15.50000000000000000, 15.50000000000000000, -10.00000000000000000 ) ) ;
#58 = CARTESIAN_POINT ( 'NONE',  ( 0.000000000000000000, 0.000000000000000000, 0.000000000000000000 ) ) ;
#59 = EDGE_CURVE ( 'NONE', #818, #1492, #434, .T. ) ;
#60 = ORIENTED_EDGE ( 'NONE', *, *, #154, .F. ) ;
#61 = CARTESIAN_POINT ( 'NONE',  ( 0.000000000000000000, 0.000000000000000000, -64.29999999999999716 ) ) ;
#62 = CYLINDRICAL_SURFACE ( 'NONE', #396, 21.00000000000000355 ) ;
#63 = DIRECTION ( 'NONE',  ( -1.000000000000000000, 0.000000000000000000, -0.000000000000000000 ) ) ;
#64 = ORIENTED_EDGE ( 'NONE', *, *, #192, .F. ) ;
#65 = CARTESIAN_POINT ( 'NONE',  ( -21.00000000000000355, 18.00000000000000000, 0.000000000000000000 ) ) ;
#66 = CARTESIAN_POINT ( 'NONE',  ( 1.500000000000001110, 3.708099243547831048, -61.00016696703820429 ) ) ;
#67 = EDGE_LOOP ( 'NONE', ( #973, #22, #1404, #1322 ) ) ;
#68 = LINE ( 'NONE', #1741, #1070 ) ;
#69 = ADVANCED_FACE ( 'NONE', ( #124 ), #1, .F. ) ;
#70 = EDGE_CURVE ( 'NONE', #897, #357, #297, .T. ) ;
#71 = DIRECTION ( 'NONE',  ( 0.000000000000000000, 0.000000000000000000, -1.000000000000000000 ) ) ;
#72 = ORIENTED_EDGE ( 'NONE', *, *, #1121, .T. ) ;
#73 = DIRECTION ( 'NONE',  ( 0.000000000000000000, 0.000000000000000000, 1.000000000000000000 ) ) ;
#74 = DIRECTION ( 'NONE',  ( 0.000000000000000000, 0.000000000000000000, -1.000000000000000000 ) ) ;
#75 = ORIENTED_EDGE ( 'NONE', *, *, #961, .F. ) ;
#76 = CARTESIAN_POINT ( 'NONE',  ( 20.50000000000000355, 0.000000000000000000, -46.29999999999999716 ) ) ;
#77 = AXIS2_PLACEMENT_3D ( 'NONE', #102, #1517, #255 ) ;
#78 = PRESENTATION_LAYER_ASSIGNMENT (  '', '', ( #1810 ) ) ;
#79 = DIRECTION ( 'NONE',  ( 0.000000000000000000, 0.000000000000000000, -1.000000000000000000 ) ) ;
#80 = EDGE_CURVE ( 'NONE', #707, #1229, #1079, .T. ) ;
#81 = CIRCLE ( 'NONE', #1200, 1.750000000000001554 ) ;
#82 = AXIS2_PLACEMENT_3D ( 'NONE', #394, #574, #1168 ) ;
#83 = CARTESIAN_POINT ( 'NONE',  ( -12.49999999999999822, 15.49999999999999645, -10.00000000000000000 ) ) ;
#84 = ORIENTED_EDGE ( 'NONE', *, *, #988, .T. ) ;
#85 = CIRCLE ( 'NONE', #433, 21.00000000000000355 ) ;
#86 = CARTESIAN_POINT ( 'NONE',  ( -15.49999999999999467, -15.50000000000000355, -5.299999999999999822 ) ) ;
#87 = CARTESIAN_POINT ( 'NONE',  ( -19.50000000000000355, 0.000000000000000000, -46.29999999999999716 ) ) ;
#88 = VERTEX_POINT ( 'NONE', #1055 ) ;
#89 = DIRECTION ( 'NONE',  ( -0.000000000000000000, -0.000000000000000000, 1.000000000000000000 ) ) ;
#90 = EDGE_LOOP ( 'NONE', ( #918, #1161, #1894, #875, #1028 ) ) ;
#91 = DIRECTION ( 'NONE',  ( 0.000000000000000000, 0.000000000000000000, -1.000000000000000000 ) ) ;
#92 = DIRECTION ( 'NONE',  ( -0.000000000000000000, -0.000000000000000000, 1.000000000000000000 ) ) ;
#93 = ORIENTED_EDGE ( 'NONE', *, *, #1598, .F. ) ;
#94 = EDGE_CURVE ( 'NONE', #344, #1928, #1455, .T. ) ;
#95 = DIRECTION ( 'NONE',  ( 1.000000000000000000, 0.000000000000000000, 0.000000000000000000 ) ) ;
#96 = PLANE ( 'NONE',  #1558 ) ;
#97 = VERTEX_POINT ( 'NONE', #1677 ) ;
#98 = DIRECTION ( 'NONE',  ( -1.000000000000000000, 0.000000000000000000, 0.000000000000000000 ) ) ;
#99 = ORIENTED_EDGE ( 'NONE', *, *, #792, .F. ) ;
#100 = DIRECTION ( 'NONE',  ( -0.000000000000000000, -0.000000000000000000, -1.000000000000000000 ) ) ;
#101 = CYLINDRICAL_SURFACE ( 'NONE', #725, 2.000000000000000444 ) ;
#102 = CARTESIAN_POINT ( 'NONE',  ( 9.925112563700967759E-16, 1.000000000000000000, -49.79999999999999716 ) ) ;
#103 = DIRECTION ( 'NONE',  ( 1.000000000000000000, 0.000000000000000000, 0.000000000000000000 ) ) ;
#104 = ORIENTED_EDGE ( 'NONE', *, *, #952, .F. ) ;
#105 = DIRECTION ( 'NONE',  ( 0.000000000000000000, -1.000000000000000000, 0.000000000000000000 ) ) ;
#106 = ORIENTED_EDGE ( 'NONE', *, *, #1109, .F. ) ;
#107 = DIRECTION ( 'NONE',  ( 1.000000000000000000, 0.000000000000000000, 0.000000000000000000 ) ) ;
#108 = CIRCLE ( 'NONE', #1004, 1.500000000000001332 ) ;
#109 = CARTESIAN_POINT ( 'NONE',  ( 1.500000000000002442, 1.000000000000000000, -49.79999999999999716 ) ) ;
#110 = CIRCLE ( 'NONE', #720, 3.000000000000000888 ) ;
#111 = AXIS2_PLACEMENT_3D ( 'NONE', #536, #800, #1415 ) ;
#112 = DIRECTION ( 'NONE',  ( 0.000000000000000000, 0.000000000000000000, -1.000000000000000000 ) ) ;
#113 = EDGE_LOOP ( 'NONE', ( #149, #1898, #675, #1063 ) ) ;
#114 = CIRCLE ( 'NONE', #723, 2.000000000000000444 ) ;
#115 = ADVANCED_FACE ( 'NONE', ( #927, #145, #1833, #449, #1690 ), #314, .F. ) ;
#116 = ORIENTED_EDGE ( 'NONE', *, *, #477, .F. ) ;
#117 = DIRECTION ( 'NONE',  ( 0.000000000000000000, 0.000000000000000000, -1.000000000000000000 ) ) ;
#118 = EDGE_CURVE ( 'NONE', #621, #1467, #1279, .T. ) ;
#119 = ORIENTED_EDGE ( 'NONE', *, *, #602, .F. ) ;
#120 = FACE_OUTER_BOUND ( 'NONE', #513, .T. ) ;
#121 = CARTESIAN_POINT ( 'NONE',  ( 2.000000000000000444, -17.50000000000000355, -36.29999999999999005 ) ) ;
#122 = FACE_BOUND ( 'NONE', #735, .T. ) ;
#123 = VERTEX_POINT ( 'NONE', #1738 ) ;
#124 = FACE_OUTER_BOUND ( 'NONE', #672, .T. ) ;
#125 = DIRECTION ( 'NONE',  ( 0.7071067811865479058, 0.7071067811865471286, 0.000000000000000000 ) ) ;
#126 = ORIENTED_EDGE ( 'NONE', *, *, #1962, .F. ) ;
#127 = EDGE_CURVE ( 'NONE', #1229, #320, #1576, .T. ) ;
#128 = LINE ( 'NONE', #1808, #814 ) ;
#129 = ADVANCED_FACE ( 'NONE', ( #1730 ), #197, .F. ) ;
#130 = CARTESIAN_POINT ( 'NONE',  ( -1.165561415876760217E-13, 4.000000000000462741, -48.29999999999876792 ) ) ;
#131 = ORIENTED_EDGE ( 'NONE', *, *, #629, .F. ) ;
#132 = EDGE_LOOP ( 'NONE', ( #40, #171 ) ) ;
#133 = DIRECTION ( 'NONE',  ( -1.000000000000000000, -0.000000000000000000, -0.000000000000000000 ) ) ;
#134 = EDGE_LOOP ( 'NONE', ( #292, #116 ) ) ;
#135 = DIRECTION ( 'NONE',  ( -1.000000000000000000, 0.000000000000000000, 0.000000000000000000 ) ) ;
#136 = ADVANCED_FACE ( 'NONE', ( #332, #634 ), #825, .T. ) ;
#137 = CIRCLE ( 'NONE', #714, 2.000000000000000000 ) ;
#138 = FACE_OUTER_BOUND ( 'NONE', #1312, .T. ) ;
#139 = DIRECTION ( 'NONE',  ( 0.7071067811865479058, -0.7071067811865471286, 0.000000000000000000 ) ) ;
#140 = CIRCLE ( 'NONE', #586, 2.000000000000000000 ) ;
#141 = CIRCLE ( 'NONE', #367, 4.000000000000000000 ) ;
#142 = DIRECTION ( 'NONE',  ( 1.000000000000000000, 0.000000000000000000, 0.000000000000000000 ) ) ;
#143 = ORIENTED_EDGE ( 'NONE', *, *, #1084, .F. ) ;
#144 = AXIS2_PLACEMENT_3D ( 'NONE', #250, #1321, #554 ) ;
#145 = FACE_BOUND ( 'NONE', #134, .T. ) ;
#146 = LINE ( 'NONE', #612, #212 ) ;
#147 = AXIS2_PLACEMENT_3D ( 'NONE', #1897, #1731, #346 ) ;
#148 = VECTOR ( 'NONE', #1577, 1000.000000000000000 ) ;
#149 = ORIENTED_EDGE ( 'NONE', *, *, #395, .F. ) ;
#150 = DIRECTION ( 'NONE',  ( 0.000000000000000000, 0.000000000000000000, 1.000000000000000000 ) ) ;
#151 = CYLINDRICAL_SURFACE ( 'NONE', #208, 1.500000000000001332 ) ;
#152 = ADVANCED_FACE ( 'NONE', ( #1247 ), #1904, .F. ) ;
#153 = ORIENTED_EDGE ( 'NONE', *, *, #127, .F. ) ;
#154 = EDGE_CURVE ( 'NONE', #376, #707, #947, .T. ) ;
#155 = LINE ( 'NONE', #611, #1580 ) ;
#156 = DIRECTION ( 'NONE',  ( -1.000000000000000000, 0.000000000000000000, 0.000000000000000000 ) ) ;
#157 = ORIENTED_EDGE ( 'NONE', *, *, #1973, .F. ) ;
#158 = FACE_OUTER_BOUND ( 'NONE', #1255, .T. ) ;
#159 = CARTESIAN_POINT ( 'NONE',  ( -12.49999999999999822, 15.49999999999999645, 0.000000000000000000 ) ) ;
#160 = LINE ( 'NONE', #121, #214 ) ;
#161 = DIRECTION ( 'NONE',  ( -1.000000000000000000, 0.000000000000000000, -0.000000000000000000 ) ) ;
#162 = ORIENTED_EDGE ( 'NONE', *, *, #1034, .F. ) ;
#163 = ADVANCED_FACE ( 'NONE', ( #1752 ), #345, .F. ) ;
#164 = CARTESIAN_POINT ( 'NONE',  ( 0.000000000000000000, 0.000000000000000000, 4.700000000000000178 ) ) ;
#165 = CARTESIAN_POINT ( 'NONE',  ( -6.631129719367206731E-16, 1.000000000000000000, -60.79999999999999716 ) ) ;
#166 = VERTEX_POINT ( 'NONE', #1095 ) ;
#167 = ORIENTED_EDGE ( 'NONE', *, *, #1750, .T. ) ;
#168 = DIRECTION ( 'NONE',  ( 0.000000000000000000, 0.000000000000000000, -1.000000000000000000 ) ) ;
#169 = LINE ( 'NONE', #761, #1642 ) ;
#170 = CARTESIAN_POINT ( 'NONE',  ( -0.6687161147892627389, 3.944786663205303689, -48.45366582590206406 ) ) ;
#171 = ORIENTED_EDGE ( 'NONE', *, *, #467, .T. ) ;
#172 = VECTOR ( 'NONE', #1601, 1000.000000000000000 ) ;
#173 = FACE_OUTER_BOUND ( 'NONE', #67, .T. ) ;
#174 = CYLINDRICAL_SURFACE ( 'NONE', #459, 1.999999999999998224 ) ;
#175 = ADVANCED_FACE ( 'NONE', ( #173 ), #905, .T. ) ;
#176 = EDGE_LOOP ( 'NONE', ( #361, #1635, #1219, #1895, #1496 ) ) ;
#177 = AXIS2_PLACEMENT_3D ( 'NONE', #61, #1282, #1899 ) ;
#178 = DIRECTION ( 'NONE',  ( 0.000000000000000000, 0.000000000000000000, -1.000000000000000000 ) ) ;
#179 = ORIENTED_EDGE ( 'NONE', *, *, #1218, .T. ) ;
#180 = EDGE_CURVE ( 'NONE', #933, #719, #956, .T. ) ;
#181 = AXIS2_PLACEMENT_3D ( 'NONE', #342, #487, #1736 ) ;
#182 = CYLINDRICAL_SURFACE ( 'NONE', #1554, 1.750000000000001554 ) ;
#183 = AXIS2_PLACEMENT_3D ( 'NONE', #412, #870, #1488 ) ;
#184 = CARTESIAN_POINT ( 'NONE',  ( -1.459425527573670278, 3.725115615564460025, -49.40235796258032508 ) ) ;
#185 = ORIENTED_EDGE ( 'NONE', *, *, #1623, .F. ) ;
#186 = ORIENTED_EDGE ( 'NONE', *, *, #764, .T. ) ;
#187 = CARTESIAN_POINT ( 'NONE',  ( -2.000000000000000444, -17.50000000000000355, -36.29999999999999005 ) ) ;
#188 = CARTESIAN_POINT ( 'NONE',  ( -21.00000000000000355, 2.571758278209442056E-15, -36.29999999999999005 ) ) ;
#189 = ORIENTED_EDGE ( 'NONE', *, *, #926, .F. ) ;
#190 = DIRECTION ( 'NONE',  ( -0.000000000000000000, -0.000000000000000000, 1.000000000000000000 ) ) ;
#191 = EDGE_CURVE ( 'NONE', #1613, #1058, #44, .T. ) ;
#192 = EDGE_CURVE ( 'NONE', #376, #354, #1402, .T. ) ;
#193 = CARTESIAN_POINT ( 'NONE',  ( 20.99999999999999289, 18.00000000000000000, 0.000000000000000000 ) ) ;
#194 = DIRECTION ( 'NONE',  ( 0.000000000000000000, 0.000000000000000000, -1.000000000000000000 ) ) ;
#195 = ORIENTED_EDGE ( 'NONE', *, *, #383, .F. ) ;
#196 = ORIENTED_EDGE ( 'NONE', *, *, #1012, .T. ) ;
#197 = CYLINDRICAL_SURFACE ( 'NONE', #206, 3.000000000000000888 ) ;
#198 = CARTESIAN_POINT ( 'NONE',  ( -17.24999999999999289, -15.50000000000000355, 0.000000000000000000 ) ) ;
#199 = ORIENTED_EDGE ( 'NONE', *, *, #1283, .F. ) ;
#200 = PLANE ( 'NONE',  #1138 ) ;
#201 = CARTESIAN_POINT ( 'NONE',  ( 0.000000000000000000, 0.000000000000000000, -46.29999999999999716 ) ) ;
#202 = EDGE_CURVE ( 'NONE', #1287, #925, #652, .T. ) ;
#203 = PLANE ( 'NONE',  #1173 ) ;
#204 = ORIENTED_EDGE ( 'NONE', *, *, #1726, .F. ) ;
#205 = CARTESIAN_POINT ( 'NONE',  ( 1.500000000000001110, 1.000000000000000000, -60.79999999999999005 ) ) ;
#206 = AXIS2_PLACEMENT_3D ( 'NONE', #482, #218, #664 ) ;
#207 = CARTESIAN_POINT ( 'NONE',  ( -0.1006152457000831640, 3.999956364857578883, -62.29988363955246911 ) ) ;
#208 = AXIS2_PLACEMENT_3D ( 'NONE', #1221, #310, #28 ) ;
#209 = ORIENTED_EDGE ( 'NONE', *, *, #1825, .F. ) ;
#210 = DIRECTION ( 'NONE',  ( -0.000000000000000000, -0.000000000000000000, 1.000000000000000000 ) ) ;
#211 = CIRCLE ( 'NONE', #494, 21.00000000000000355 ) ;
#212 = VECTOR ( 'NONE', #1533, 1000.000000000000000 ) ;
#213 = VECTOR ( 'NONE', #1510, 1000.000000000000000 ) ;
#214 = VECTOR ( 'NONE', #1963, 1000.000000000000000 ) ;
#215 = PLANE ( 'NONE',  #1501 ) ;
#216 = VERTEX_POINT ( 'NONE', #1433 ) ;
#217 = EDGE_CURVE ( 'NONE', #990, #1089, #137, .T. ) ;
#218 = DIRECTION ( 'NONE',  ( 0.000000000000000000, 0.000000000000000000, 1.000000000000000000 ) ) ;
#219 = EDGE_CURVE ( 'NONE', #263, #1492, #1356, .T. ) ;
#220 = DIRECTION ( 'NONE',  ( -1.000000000000000000, 0.000000000000000000, 0.000000000000000000 ) ) ;
#221 = ORIENTED_EDGE ( 'NONE', *, *, #1283, .T. ) ;
#222 = DIRECTION ( 'NONE',  ( 0.000000000000000000, 0.000000000000000000, -1.000000000000000000 ) ) ;
#223 = CARTESIAN_POINT ( 'NONE',  ( -13.74999999999999467, -15.50000000000000355, 0.000000000000000000 ) ) ;
#224 = CARTESIAN_POINT ( 'NONE',  ( 1.500000000000001110, 1.000000000000000000, -60.79999999999999005 ) ) ;
#225 = ORIENTED_EDGE ( 'NONE', *, *, #1699, .T. ) ;
#226 = CARTESIAN_POINT ( 'NONE',  ( -18.00000000000001066, 21.00000000000000000, 4.700000000000000178 ) ) ;
#227 = CARTESIAN_POINT ( 'NONE',  ( 0.9229250340619656878, 3.894684958180459677, -61.99835694699476818 ) ) ;
#228 = EDGE_LOOP ( 'NONE', ( #1105, #1759, #244, #685, #868, #1440, #1571, #479 ) ) ;
#229 = CARTESIAN_POINT ( 'NONE',  ( 21.00000000000000355, 0.000000000000000000, -46.29999999999999716 ) ) ;
#230 = PRESENTATION_STYLE_ASSIGNMENT (( #1767 ) ) ;
#231 = CARTESIAN_POINT ( 'NONE',  ( 1.308655000759019194, 3.780729930764839875, -49.04107210526048277 ) ) ;
#232 = ORIENTED_EDGE ( 'NONE', *, *, #1746, .T. ) ;
#233 = CARTESIAN_POINT ( 'NONE',  ( 4.000000000000000000, 0.000000000000000000, -63.79999999999999716 ) ) ;
#234 = CARTESIAN_POINT ( 'NONE',  ( -21.00000000000000355, 2.571758278209442056E-15, -45.79999999999999005 ) ) ;
#235 = AXIS2_PLACEMENT_3D ( 'NONE', #1175, #1934, #987 ) ;
#236 = ORIENTED_EDGE ( 'NONE', *, *, #1022, .T. ) ;
#237 = FACE_BOUND ( 'NONE', #416, .T. ) ;
#238 = ORIENTED_EDGE ( 'NONE', *, *, #219, .F. ) ;
#239 = CARTESIAN_POINT ( 'NONE',  ( 21.00000000000000355, 0.000000000000000000, -36.29999999999999005 ) ) ;
#240 = EDGE_CURVE ( 'NONE', #636, #1310, #1107, .T. ) ;
#241 = CIRCLE ( 'NONE', #1363, 2.000000000000000000 ) ;
#242 = AXIS2_PLACEMENT_3D ( 'NONE', #286, #1208, #324 ) ;
#243 = CARTESIAN_POINT ( 'NONE',  ( 0.09894923781390860262, 4.000000000000006217, -48.29999999999999716 ) ) ;
#244 = ORIENTED_EDGE ( 'NONE', *, *, #1406, .T. ) ;
#245 = AXIS2_PLACEMENT_3D ( 'NONE', #447, #1673, #762 ) ;
#246 = CARTESIAN_POINT ( 'NONE',  ( 0.000000000000000000, 0.000000000000000000, -9.999999999999994671 ) ) ;
#247 = CARTESIAN_POINT ( 'NONE',  ( -3.500000000000000000, 0.000000000000000000, -64.29999999999999716 ) ) ;
#248 = AXIS2_PLACEMENT_3D ( 'NONE', #618, #1672, #883 ) ;
#249 = VERTEX_POINT ( 'NONE', #1124 ) ;
#250 = CARTESIAN_POINT ( 'NONE',  ( 0.000000000000000000, 0.000000000000000000, -46.29999999999999716 ) ) ;
#251 = ORIENTED_EDGE ( 'NONE', *, *, #1370, .T. ) ;
#252 = DIRECTION ( 'NONE',  ( -0.000000000000000000, -0.000000000000000000, 1.000000000000000000 ) ) ;
#253 = EDGE_CURVE ( 'NONE', #1475, #680, #1711, .T. ) ;
#254 = CARTESIAN_POINT ( 'NONE',  ( 13.75000000000000000, 15.50000000000000000, -5.299999999999999822 ) ) ;
#255 = DIRECTION ( 'NONE',  ( 0.000000000000000000, 0.000000000000000000, 1.000000000000000000 ) ) ;
#256 = DIRECTION ( 'NONE',  ( 1.000000000000000000, 0.000000000000000000, 0.000000000000000000 ) ) ;
#257 = ORIENTED_EDGE ( 'NONE', *, *, #952, .T. ) ;
#258 = DIRECTION ( 'NONE',  ( -1.000000000000000000, -9.637352644315592778E-17, 0.000000000000000000 ) ) ;
#259 = ORIENTED_EDGE ( 'NONE', *, *, #1131, .F. ) ;
#260 = CARTESIAN_POINT ( 'NONE',  ( -13.75000000000000000, 15.49999999999999645, -5.299999999999999822 ) ) ;
#261 = CARTESIAN_POINT ( 'NONE',  ( -4.000000000000000000, 4.898587196589412829E-16, -63.79999999999999716 ) ) ;
#262 = PLANE ( 'NONE',  #307 ) ;
#263 = VERTEX_POINT ( 'NONE', #750 ) ;
#264 = EDGE_CURVE ( 'NONE', #738, #1737, #1615, .T. ) ;
#265 = VERTEX_POINT ( 'NONE', #233 ) ;
#266 = FACE_OUTER_BOUND ( 'NONE', #176, .T. ) ;
#267 = VERTEX_POINT ( 'NONE', #1473 ) ;
#268 = DIRECTION ( 'NONE',  ( 0.000000000000000000, 0.000000000000000000, -1.000000000000000000 ) ) ;
#269 = AXIS2_PLACEMENT_3D ( 'NONE', #1830, #454, #446 ) ;
#270 = CYLINDRICAL_SURFACE ( 'NONE', #248, 1.749999999999999778 ) ;
#271 = AXIS2_PLACEMENT_3D ( 'NONE', #1801, #1792, #107 ) ;
#272 = AXIS2_PLACEMENT_3D ( 'NONE', #13, #624, #635 ) ;
#273 = DIRECTION ( 'NONE',  ( 1.000000000000000000, 0.000000000000000000, -0.000000000000000000 ) ) ;
#274 = ORIENTED_EDGE ( 'NONE', *, *, #422, .T. ) ;
#275 = AXIS2_PLACEMENT_3D ( 'NONE', #1974, #620, #291 ) ;
#276 = ADVANCED_FACE ( 'NONE', ( #138 ), #1604, .F. ) ;
#277 = ADVANCED_FACE ( 'NONE', ( #533 ), #1625, .F. ) ;
#278 = EDGE_LOOP ( 'NONE', ( #1546, #1017, #950, #1568 ) ) ;
#279 = AXIS2_PLACEMENT_3D ( 'NONE', #954, #1869, #350 ) ;
#280 = CARTESIAN_POINT ( 'NONE',  ( -21.00000000000000355, 18.00000000000000000, 4.700000000000000178 ) ) ;
#281 = ORIENTED_EDGE ( 'NONE', *, *, #1346, .F. ) ;
#282 = CARTESIAN_POINT ( 'NONE',  ( 17.99999999999999645, 21.00000000000000000, 0.000000000000000000 ) ) ;
#283 = FACE_OUTER_BOUND ( 'NONE', #1769, .T. ) ;
#284 = ORIENTED_EDGE ( 'NONE', *, *, #532, .T. ) ;
#285 = DIRECTION ( 'NONE',  ( -0.000000000000000000, -0.000000000000000000, -1.000000000000000000 ) ) ;
#286 = CARTESIAN_POINT ( 'NONE',  ( -17.50000000000000355, 0.000000000000000000, -36.29999999999999005 ) ) ;
#287 = EDGE_CURVE ( 'NONE', #1590, #1511, #1941, .T. ) ;
#288 = ORIENTED_EDGE ( 'NONE', *, *, #1888, .T. ) ;
#289 = DIRECTION ( 'NONE',  ( 9.856383386231862525E-17, 0.000000000000000000, 1.000000000000000000 ) ) ;
#290 = CARTESIAN_POINT ( 'NONE',  ( -21.00000000000000355, 18.00000000000000000, 4.700000000000000178 ) ) ;
#291 = DIRECTION ( 'NONE',  ( -1.000000000000000000, 0.000000000000000000, 0.000000000000000000 ) ) ;
#292 = ORIENTED_EDGE ( 'NONE', *, *, #1390, .F. ) ;
#293 = DIRECTION ( 'NONE',  ( 0.000000000000000000, 1.000000000000000000, 0.000000000000000000 ) ) ;
#294 = FACE_BOUND ( 'NONE', #1939, .T. ) ;
#295 = ORIENTED_EDGE ( 'NONE', *, *, #1145, .T. ) ;
#296 = DIRECTION ( 'NONE',  ( 0.000000000000000000, 0.000000000000000000, -1.000000000000000000 ) ) ;
#297 = CIRCLE ( 'NONE', #1261, 21.00000000000000355 ) ;
#298 = EDGE_CURVE ( 'NONE', #1094, #701, #971, .T. ) ;
#299 = DIRECTION ( 'NONE',  ( 0.000000000000000000, 0.000000000000000000, 1.000000000000000000 ) ) ;
#300 = AXIS2_PLACEMENT_3D ( 'NONE', #476, #1991, #793 ) ;
#301 = AXIS2_PLACEMENT_3D ( 'NONE', #699, #1159, #739 ) ;
#302 = DIRECTION ( 'NONE',  ( 0.000000000000000000, 0.000000000000000000, -1.000000000000000000 ) ) ;
#303 = EDGE_LOOP ( 'NONE', ( #1341, #763, #495, #1057, #426, #1210, #580 ) ) ;
#304 = CIRCLE ( 'NONE', #1264, 2.999999999999999112 ) ;
#305 = EDGE_LOOP ( 'NONE', ( #1773, #1430, #1560, #347, #1215, #1237, #1189, #1947 ) ) ;
#306 = DIRECTION ( 'NONE',  ( -0.000000000000000000, -0.000000000000000000, -1.000000000000000000 ) ) ;
#307 = AXIS2_PLACEMENT_3D ( 'NONE', #423, #1763, #1643 ) ;
#308 = ORIENTED_EDGE ( 'NONE', *, *, #358, .F. ) ;
#309 = PLANE ( 'NONE',  #1006 ) ;
#310 = DIRECTION ( 'NONE',  ( -0.000000000000000000, 1.000000000000000000, 0.000000000000000000 ) ) ;
#311 = ADVANCED_FACE ( 'NONE', ( #1770 ), #1317, .F. ) ;
#312 = DIRECTION ( 'NONE',  ( 0.000000000000000000, 0.000000000000000000, -1.000000000000000000 ) ) ;
#313 = VERTEX_POINT ( 'NONE', #1015 ) ;
#314 = PLANE ( 'NONE',  #647 ) ;
#315 = FACE_OUTER_BOUND ( 'NONE', #1414, .T. ) ;
#316 = EDGE_LOOP ( 'NONE', ( #845, #1250 ) ) ;
#317 = DIRECTION ( 'NONE',  ( -1.000000000000000000, 0.000000000000000000, -0.000000000000000000 ) ) ;
#318 = CYLINDRICAL_SURFACE ( 'NONE', #1164, 21.00000000000000355 ) ;
#319 = DIRECTION ( 'NONE',  ( 1.000000000000000000, 0.000000000000000000, -0.000000000000000000 ) ) ;
#320 = VERTEX_POINT ( 'NONE', #598 ) ;
#321 = ADVANCED_FACE ( 'NONE', ( #994 ), #1945, .F. ) ;
#322 = DIRECTION ( 'NONE',  ( -0.000000000000000000, -0.000000000000000000, -1.000000000000000000 ) ) ;
#323 = ADVANCED_FACE ( 'NONE', ( #405 ), #562, .F. ) ;
#324 = DIRECTION ( 'NONE',  ( -1.000000000000000000, 0.000000000000000000, 0.000000000000000000 ) ) ;
#325 = ORIENTED_EDGE ( 'NONE', *, *, #873, .T. ) ;
#326 = DIRECTION ( 'NONE',  ( -0.000000000000000000, -0.000000000000000000, -1.000000000000000000 ) ) ;
#327 = CARTESIAN_POINT ( 'NONE',  ( 15.50000000000000000, 15.50000000000000000, 4.700000000000000178 ) ) ;
#328 = DIRECTION ( 'NONE',  ( 0.000000000000000000, 0.000000000000000000, -1.000000000000000000 ) ) ;
#329 = EDGE_LOOP ( 'NONE', ( #980, #996, #1514, #351 ) ) ;
#330 = ORIENTED_EDGE ( 'NONE', *, *, #873, .F. ) ;
#331 = VECTOR ( 'NONE', #73, 1000.000000000000000 ) ;
#332 = FACE_OUTER_BOUND ( 'NONE', #303, .T. ) ;
#333 = DIRECTION ( 'NONE',  ( 1.000000000000000000, 0.000000000000000000, 0.000000000000000000 ) ) ;
#334 = EDGE_CURVE ( 'NONE', #644, #575, #745, .T. ) ;
#335 = EDGE_CURVE ( 'NONE', #640, #88, #1297, .T. ) ;
#336 = VERTEX_POINT ( 'NONE', #1053 ) ;
#337 = AXIS2_PLACEMENT_3D ( 'NONE', #1816, #117, #545 ) ;
#338 = CYLINDRICAL_SURFACE ( 'NONE', #942, 21.00000000000000355 ) ;
#339 = CIRCLE ( 'NONE', #52, 1.750000000000001554 ) ;
#340 = DIRECTION ( 'NONE',  ( 1.000000000000000000, 0.000000000000000000, 0.000000000000000000 ) ) ;
#341 = VECTOR ( 'NONE', #139, 1000.000000000000000 ) ;
#342 = CARTESIAN_POINT ( 'NONE',  ( 0.000000000000000000, 0.000000000000000000, -45.79999999999999005 ) ) ;
#343 = EDGE_LOOP ( 'NONE', ( #437, #284, #661, #1740 ) ) ;
#344 = VERTEX_POINT ( 'NONE', #413 ) ;
#345 = CYLINDRICAL_SURFACE ( 'NONE', #585, 1.750000000000001554 ) ;
#346 = DIRECTION ( 'NONE',  ( -1.000000000000000000, 0.000000000000000000, 0.000000000000000000 ) ) ;
#347 = ORIENTED_EDGE ( 'NONE', *, *, #1469, .T. ) ;
#348 = CARTESIAN_POINT ( 'NONE',  ( 0.000000000000000000, 0.000000000000000000, 0.000000000000000000 ) ) ;
#349 = DIRECTION ( 'NONE',  ( -0.000000000000000000, -1.000000000000000000, -0.000000000000000000 ) ) ;
#350 = DIRECTION ( 'NONE',  ( -1.000000000000000000, 0.000000000000000000, 0.000000000000000000 ) ) ;
#351 = ORIENTED_EDGE ( 'NONE', *, *, #988, .F. ) ;
#352 = DIRECTION ( 'NONE',  ( -0.000000000000000000, -0.000000000000000000, -1.000000000000000000 ) ) ;
#353 = CARTESIAN_POINT ( 'NONE',  ( -1.308927439779115076, 3.780633254988391201, -61.55842237161964192 ) ) ;
#354 = VERTEX_POINT ( 'NONE', #290 ) ;
#355 = CARTESIAN_POINT ( 'NONE',  ( 20.99999999999999289, 18.00000000000000000, 0.000000000000000000 ) ) ;
#356 = CARTESIAN_POINT ( 'NONE',  ( 0.000000000000000000, 0.000000000000000000, -64.29999999999999716 ) ) ;
#357 = VERTEX_POINT ( 'NONE', #833 ) ;
#358 = EDGE_CURVE ( 'NONE', #1538, #440, #1146, .T. ) ;
#359 = ADVANCED_FACE ( 'NONE', ( #681 ), #1298, .T. ) ;
#360 = DIRECTION ( 'NONE',  ( 0.000000000000000000, 0.000000000000000000, 1.000000000000000000 ) ) ;
#361 = ORIENTED_EDGE ( 'NONE', *, *, #1608, .T. ) ;
#362 = CARTESIAN_POINT ( 'NONE',  ( -17.50000000000000355, 0.000000000000000000, -46.29999999999999716 ) ) ;
#363 = CARTESIAN_POINT ( 'NONE',  ( 0.7590369554087217363, 3.931668810940430525, -62.10885434142539907 ) ) ;
#364 = AXIS2_PLACEMENT_3D ( 'NONE', #1384, #638, #7 ) ;
#365 = ORIENTED_EDGE ( 'NONE', *, *, #601, .F. ) ;
#366 = CARTESIAN_POINT ( 'NONE',  ( 0.000000000000000000, 0.000000000000000000, 0.000000000000000000 ) ) ;
#367 = AXIS2_PLACEMENT_3D ( 'NONE', #1837, #1829, #1241 ) ;
#368 = AXIS2_PLACEMENT_3D ( 'NONE', #787, #1513, #936 ) ;
#369 = CARTESIAN_POINT ( 'NONE',  ( 0.000000000000000000, 0.000000000000000000, -9.999999999999994671 ) ) ;
#370 = AXIS2_PLACEMENT_3D ( 'NONE', #478, #1092, #943 ) ;
#371 = CARTESIAN_POINT ( 'NONE',  ( -12.74592238986123327, 16.68956148110651938, 0.000000000000000000 ) ) ;
#372 = EDGE_LOOP ( 'NONE', ( #1924, #878, #236, #257 ) ) ;
#373 = ADVANCED_FACE ( 'NONE', ( #694 ), #1153, .F. ) ;
#374 = CARTESIAN_POINT ( 'NONE',  ( -15.49999999999999467, -15.50000000000000355, 0.000000000000000000 ) ) ;
#375 = FACE_OUTER_BOUND ( 'NONE', #1290, .T. ) ;
#376 = VERTEX_POINT ( 'NONE', #1003 ) ;
#377 = DIRECTION ( 'NONE',  ( -1.000000000000000000, 0.000000000000000000, 0.000000000000000000 ) ) ;
#378 = DIRECTION ( 'NONE',  ( -1.000000000000000000, 0.000000000000000000, 0.000000000000000000 ) ) ;
#379 = CARTESIAN_POINT ( 'NONE',  ( -21.00000000000000355, 18.00000000000000000, 0.000000000000000000 ) ) ;
#380 = VERTEX_POINT ( 'NONE', #856 ) ;
#381 = DIRECTION ( 'NONE',  ( 0.000000000000000000, -1.000000000000000000, 0.000000000000000000 ) ) ;
#382 = CYLINDRICAL_SURFACE ( 'NONE', #1587, 2.999999999999999112 ) ;
#383 = EDGE_CURVE ( 'NONE', #886, #1511, #1676, .T. ) ;
#384 = VERTEX_POINT ( 'NONE', #1416 ) ;
#385 = CARTESIAN_POINT ( 'NONE',  ( -19.50000000000000355, 0.000000000000000000, -36.29999999999999005 ) ) ;
#386 = VERTEX_POINT ( 'NONE', #159 ) ;
#387 =( NAMED_UNIT ( * ) SI_UNIT ( $, .STERADIAN. ) SOLID_ANGLE_UNIT ( ) );
#388 = UNCERTAINTY_MEASURE_WITH_UNIT (LENGTH_MEASURE( 1.000000000000000082E-05 ), #431, 'distance_accuracy_value', 'NONE');
#389 = FACE_OUTER_BOUND ( 'NONE', #1915, .T. ) ;
#390 = ORIENTED_EDGE ( 'NONE', *, *, #923, .F. ) ;
#391 = DIRECTION ( 'NONE',  ( -1.000000000000000000, 0.000000000000000000, 0.000000000000000000 ) ) ;
#392 = CARTESIAN_POINT ( 'NONE',  ( 0.000000000000000000, 0.000000000000000000, -46.29999999999999716 ) ) ;
#393 = ORIENTED_EDGE ( 'NONE', *, *, #863, .F. ) ;
#394 = CARTESIAN_POINT ( 'NONE',  ( 0.000000000000000000, 0.000000000000000000, -9.999999999999994671 ) ) ;
#395 = EDGE_CURVE ( 'NONE', #1419, #336, #169, .T. ) ;
#396 = AXIS2_PLACEMENT_3D ( 'NONE', #201, #669, #1285 ) ;
#397 = ADVANCED_FACE ( 'NONE', ( #1397 ), #1868, .F. ) ;
#398 = ORIENTED_EDGE ( 'NONE', *, *, #1268, .F. ) ;
#399 = CIRCLE ( 'NONE', #588, 1.749999999999999778 ) ;
#400 = DIRECTION ( 'NONE',  ( 0.000000000000000000, 0.000000000000000000, 1.000000000000000000 ) ) ;
#401 = AXIS2_PLACEMENT_3D ( 'NONE', #1938, #1789, #98 ) ;
#402 = VECTOR ( 'NONE', #1154, 1000.000000000000000 ) ;
#403 = DIRECTION ( 'NONE',  ( -1.000000000000000000, 0.000000000000000000, 0.000000000000000000 ) ) ;
#404 = ORIENTED_EDGE ( 'NONE', *, *, #1334, .T. ) ;
#405 = FACE_OUTER_BOUND ( 'NONE', #1858, .T. ) ;
#406 = CARTESIAN_POINT ( 'NONE',  ( -18.00000000000001066, 21.00000000000000000, 0.000000000000000000 ) ) ;
#407 = ORIENTED_EDGE ( 'NONE', *, *, #42, .T. ) ;
#408 = FACE_OUTER_BOUND ( 'NONE', #1281, .T. ) ;
#409 = EDGE_LOOP ( 'NONE', ( #531, #451 ) ) ;
#410 = FACE_OUTER_BOUND ( 'NONE', #1712, .T. ) ;
#411 = EDGE_CURVE ( 'NONE', #1703, #471, #1714, .T. ) ;
#412 = CARTESIAN_POINT ( 'NONE',  ( 0.000000000000000000, 0.000000000000000000, -9.999999999999994671 ) ) ;
#413 = CARTESIAN_POINT ( 'NONE',  ( 9.925112563700967759E-16, 1.000000000000000000, -48.29999999999999716 ) ) ;
#414 = PLANE ( 'NONE',  #1718 ) ;
#415 = VERTEX_POINT ( 'NONE', #468 ) ;
#416 = EDGE_LOOP ( 'NONE', ( #1989, #204 ) ) ;
#417 = PLANE ( 'NONE',  #1462 ) ;
#418 = EDGE_LOOP ( 'NONE', ( #945, #840, #1472, #1007 ) ) ;
#419 = CARTESIAN_POINT ( 'NONE',  ( -18.00000000000000355, -21.00000000000000355, 4.700000000000000178 ) ) ;
#420 = DIRECTION ( 'NONE',  ( 0.000000000000000000, -1.000000000000000000, 0.000000000000000000 ) ) ;
#421 = ADVANCED_FACE ( 'NONE', ( #1695 ), #182, .F. ) ;
#422 = EDGE_CURVE ( 'NONE', #380, #516, #1671, .T. ) ;
#423 = CARTESIAN_POINT ( 'NONE',  ( -21.00000000000000355, -18.00000000000000711, 4.700000000000000178 ) ) ;
#424 = ORIENTED_EDGE ( 'NONE', *, *, #540, .T. ) ;
#425 = DIRECTION ( 'NONE',  ( 1.000000000000000000, 0.000000000000000000, 0.000000000000000000 ) ) ;
#426 = ORIENTED_EDGE ( 'NONE', *, *, #481, .F. ) ;
#427 = CYLINDRICAL_SURFACE ( 'NONE', #301, 1.749999999999999778 ) ;
#428 = PRODUCT_DEFINITION_CONTEXT ( 'detailed design', #670, 'design' ) ;
#429 = VECTOR ( 'NONE', #895, 1000.000000000000000 ) ;
#430 = AXIS2_PLACEMENT_3D ( 'NONE', #1705, #780, #631 ) ;
#431 =( LENGTH_UNIT ( ) NAMED_UNIT ( * ) SI_UNIT ( .MILLI., .METRE. ) );
#432 = CARTESIAN_POINT ( 'NONE',  ( -1.500000000000000444, 1.000000000000000000, -60.79999999999999005 ) ) ;
#433 = AXIS2_PLACEMENT_3D ( 'NONE', #58, #74, #520 ) ;
#434 = LINE ( 'NONE', #1844, #1908 ) ;
#435 = VECTOR ( 'NONE', #854, 1000.000000000000000 ) ;
#436 = LINE ( 'NONE', #743, #1649 ) ;
#437 = ORIENTED_EDGE ( 'NONE', *, *, #94, .F. ) ;
#438 = CARTESIAN_POINT ( 'NONE',  ( 0.000000000000000000, 0.000000000000000000, -46.29999999999999716 ) ) ;
#439 = DIRECTION ( 'NONE',  ( 0.000000000000000000, 0.000000000000000000, -1.000000000000000000 ) ) ;
#440 = VERTEX_POINT ( 'NONE', #486 ) ;
#441 = CARTESIAN_POINT ( 'NONE',  ( -21.00000000000000355, 18.00000000000000000, 0.000000000000000000 ) ) ;
#442 = CYLINDRICAL_SURFACE ( 'NONE', #848, 1.750000000000001554 ) ;
#443 = EDGE_CURVE ( 'NONE', #1968, #1444, #877, .T. ) ;
#444 = EDGE_LOOP ( 'NONE', ( #106, #716 ) ) ;
#445 = CARTESIAN_POINT ( 'NONE',  ( 17.25000000000000000, 15.50000000000000000, -5.299999999999999822 ) ) ;
#446 = DIRECTION ( 'NONE',  ( -1.000000000000000000, 0.000000000000000000, 0.000000000000000000 ) ) ;
#447 = CARTESIAN_POINT ( 'NONE',  ( -15.50000000000000000, 15.49999999999999645, 0.000000000000000000 ) ) ;
#448 = ORIENTED_EDGE ( 'NONE', *, *, #629, .T. ) ;
#449 = FACE_BOUND ( 'NONE', #1306, .T. ) ;
#450 = DIRECTION ( 'NONE',  ( -1.000000000000000000, 0.000000000000000000, 0.000000000000000000 ) ) ;
#451 = ORIENTED_EDGE ( 'NONE', *, *, #38, .F. ) ;
#452 = LINE ( 'NONE', #1527, #687 ) ;
#453 = VECTOR ( 'NONE', #352, 1000.000000000000000 ) ;
#454 = DIRECTION ( 'NONE',  ( 0.000000000000000000, 0.000000000000000000, -1.000000000000000000 ) ) ;
#455 = AXIS2_PLACEMENT_3D ( 'NONE', #369, #498, #51 ) ;
#456 = ORIENTED_EDGE ( 'NONE', *, *, #1632, .T. ) ;
#457 = DIRECTION ( 'NONE',  ( -0.000000000000000000, -0.000000000000000000, 1.000000000000000000 ) ) ;
#458 = ORIENTED_EDGE ( 'NONE', *, *, #477, .T. ) ;
#459 = AXIS2_PLACEMENT_3D ( 'NONE', #461, #306, #1988 ) ;
#460 = ORIENTED_EDGE ( 'NONE', *, *, #1071, .F. ) ;
#461 = CARTESIAN_POINT ( 'NONE',  ( -17.50000000000000355, 0.000000000000000000, -36.29999999999999005 ) ) ;
#462 = AXIS2_PLACEMENT_3D ( 'NONE', #1270, #45, #1570 ) ;
#463 = APPLICATION_CONTEXT ( 'automotive_design' ) ;
#464 = CIRCLE ( 'NONE', #884, 21.00000000000000355 ) ;
#465 = ORIENTED_EDGE ( 'NONE', *, *, #1071, .T. ) ;
#466 = DIRECTION ( 'NONE',  ( -1.000000000000000000, 0.000000000000000000, -0.000000000000000000 ) ) ;
#467 = EDGE_CURVE ( 'NONE', #1667, #818, #1357, .T. ) ;
#468 = CARTESIAN_POINT ( 'NONE',  ( 16.68956148110651583, -12.74592238986122972, 0.000000000000000000 ) ) ;
#469 = ADVANCED_FACE ( 'NONE', ( #1102 ), #318, .T. ) ;
#470 = CARTESIAN_POINT ( 'NONE',  ( 0.000000000000000000, 0.000000000000000000, -46.29999999999999716 ) ) ;
#471 = VERTEX_POINT ( 'NONE', #922 ) ;
#472 = DIRECTION ( 'NONE',  ( 0.000000000000000000, 0.000000000000000000, -1.000000000000000000 ) ) ;
#473 = DIRECTION ( 'NONE',  ( 0.000000000000000000, 0.000000000000000000, -1.000000000000000000 ) ) ;
#474 = ORIENTED_EDGE ( 'NONE', *, *, #1253, .T. ) ;
#475 = CARTESIAN_POINT ( 'NONE',  ( -12.49999999999999822, 15.49999999999999645, -10.00000000000000000 ) ) ;
#476 = CARTESIAN_POINT ( 'NONE',  ( -15.49999999999999467, -15.50000000000000355, -10.00000000000000000 ) ) ;
#477 = EDGE_CURVE ( 'NONE', #336, #1467, #1779, .T. ) ;
#478 = CARTESIAN_POINT ( 'NONE',  ( -15.50000000000000000, 15.49999999999999645, 0.000000000000000000 ) ) ;
#479 = ORIENTED_EDGE ( 'NONE', *, *, #540, .F. ) ;
#480 = ORIENTED_EDGE ( 'NONE', *, *, #1549, .T. ) ;
#481 = EDGE_CURVE ( 'NONE', #166, #357, #1529, .T. ) ;
#482 = CARTESIAN_POINT ( 'NONE',  ( -15.50000000000000000, 15.49999999999999645, -10.00000000000000000 ) ) ;
#483 = CARTESIAN_POINT ( 'NONE',  ( 17.25000000000000355, -15.50000000000000000, 4.700000000000000178 ) ) ;
#484 = ORIENTED_EDGE ( 'NONE', *, *, #532, .F. ) ;
#485 = CARTESIAN_POINT ( 'NONE',  ( -18.00000000000000355, -21.00000000000000355, 0.000000000000000000 ) ) ;
#486 = CARTESIAN_POINT ( 'NONE',  ( -16.68956148110650872, -12.74592238986123327, 0.000000000000000000 ) ) ;
#487 = DIRECTION ( 'NONE',  ( 0.000000000000000000, 0.000000000000000000, 1.000000000000000000 ) ) ;
#488 = ORIENTED_EDGE ( 'NONE', *, *, #491, .T. ) ;
#489 = VECTOR ( 'NONE', #1592, 1000.000000000000000 ) ;
#490 = AXIS2_PLACEMENT_3D ( 'NONE', #1190, #898, #268 ) ;
#491 = EDGE_CURVE ( 'NONE', #55, #1112, #1458, .T. ) ;
#492 = DIRECTION ( 'NONE',  ( 0.000000000000000000, 0.000000000000000000, -1.000000000000000000 ) ) ;
#493 = CARTESIAN_POINT ( 'NONE',  ( -15.49999999999999467, -15.50000000000000355, 4.700000000000000178 ) ) ;
#494 = AXIS2_PLACEMENT_3D ( 'NONE', #366, #645, #820 ) ;
#495 = ORIENTED_EDGE ( 'NONE', *, *, #334, .T. ) ;
#496 = CARTESIAN_POINT ( 'NONE',  ( 0.000000000000000000, -17.50000000000000355, -46.29999999999999716 ) ) ;
#497 = CIRCLE ( 'NONE', #1619, 3.000000000000002665 ) ;
#498 = DIRECTION ( 'NONE',  ( 8.260587980841937547E-17, -0.000000000000000000, 1.000000000000000000 ) ) ;
#499 = AXIS2_PLACEMENT_3D ( 'NONE', #1353, #912, #1971 ) ;
#500 = CARTESIAN_POINT ( 'NONE',  ( -12.49999999999999289, -15.50000000000000355, -10.00000000000000000 ) ) ;
#501 = EDGE_LOOP ( 'NONE', ( #131, #858 ) ) ;
#502 = CARTESIAN_POINT ( 'NONE',  ( 1.500000000000001110, 1.000000000000000000, -60.79999999999999005 ) ) ;
#503 = DIRECTION ( 'NONE',  ( 0.000000000000000000, 0.000000000000000000, -1.000000000000000000 ) ) ;
#504 = ORIENTED_EDGE ( 'NONE', *, *, #1762, .F. ) ;
#505 = DIRECTION ( 'NONE',  ( -1.000000000000000000, 0.000000000000000000, 0.000000000000000000 ) ) ;
#506 = EDGE_CURVE ( 'NONE', #1538, #471, #684, .T. ) ;
#507 = ADVANCED_FACE ( 'NONE', ( #940 ), #151, .F. ) ;
#508 = CARTESIAN_POINT ( 'NONE',  ( -17.50000000000000355, 0.000000000000000000, -46.29999999999999716 ) ) ;
#509 = LINE ( 'NONE', #1418, #1464 ) ;
#510 = ORIENTED_EDGE ( 'NONE', *, *, #217, .T. ) ;
#511 = DIRECTION ( 'NONE',  ( -1.000000000000000000, 0.000000000000000000, 0.000000000000000000 ) ) ;
#512 = FACE_OUTER_BOUND ( 'NONE', #790, .T. ) ;
#513 = EDGE_LOOP ( 'NONE', ( #1033, #1836, #1606, #823 ) ) ;
#514 = DIRECTION ( 'NONE',  ( 0.000000000000000000, 0.000000000000000000, -1.000000000000000000 ) ) ;
#515 = EDGE_CURVE ( 'NONE', #516, #693, #770, .T. ) ;
#516 = VERTEX_POINT ( 'NONE', #193 ) ;
#517 = DIRECTION ( 'NONE',  ( 0.000000000000000000, 0.000000000000000000, -1.000000000000000000 ) ) ;
#518 = ORIENTED_EDGE ( 'NONE', *, *, #219, .T. ) ;
#519 = DIRECTION ( 'NONE',  ( 0.000000000000000000, 0.000000000000000000, -1.000000000000000000 ) ) ;
#520 = DIRECTION ( 'NONE',  ( -1.000000000000000000, 0.000000000000000000, 0.000000000000000000 ) ) ;
#521 = VECTOR ( 'NONE', #1408, 1000.000000000000000 ) ;
#522 = ORIENTED_EDGE ( 'NONE', *, *, #154, .T. ) ;
#523 = CARTESIAN_POINT ( 'NONE',  ( 0.000000000000000000, -17.50000000000000355, -36.29999999999999005 ) ) ;
#524 = VECTOR ( 'NONE', #252, 1000.000000000000000 ) ;
#525 = CIRCLE ( 'NONE', #1880, 1.749999999999999778 ) ;
#526 = LINE ( 'NONE', #1900, #172 ) ;
#527 = AXIS2_PLACEMENT_3D ( 'NONE', #493, #1280, #333 ) ;
#528 = EDGE_CURVE ( 'NONE', #471, #97, #781, .T. ) ;
#529 = AXIS2_PLACEMENT_3D ( 'NONE', #530, #1479, #1143 ) ;
#530 = CARTESIAN_POINT ( 'NONE',  ( 0.000000000000000000, 0.000000000000000000, -45.79999999999999005 ) ) ;
#531 = ORIENTED_EDGE ( 'NONE', *, *, #570, .F. ) ;
#532 = EDGE_CURVE ( 'NONE', #344, #1689, #1233, .T. ) ;
#533 = FACE_OUTER_BOUND ( 'NONE', #343, .T. ) ;
#534 = FACE_OUTER_BOUND ( 'NONE', #278, .T. ) ;
#535 = VERTEX_POINT ( 'NONE', #1922 ) ;
#536 = CARTESIAN_POINT ( 'NONE',  ( 0.000000000000000000, 0.000000000000000000, -46.29999999999999716 ) ) ;
#537 = CARTESIAN_POINT ( 'NONE',  ( 17.50000000000000355, 0.000000000000000000, -36.29999999999999005 ) ) ;
#538 = CARTESIAN_POINT ( 'NONE',  ( -15.50000000000000000, 15.49999999999999645, -10.00000000000000000 ) ) ;
#539 = ORIENTED_EDGE ( 'NONE', *, *, #1242, .F. ) ;
#540 = EDGE_CURVE ( 'NONE', #1177, #1538, #1327, .T. ) ;
#541 = DIRECTION ( 'NONE',  ( 0.7071067811865466846, 0.7071067811865483499, 0.000000000000000000 ) ) ;
#542 = ADVANCED_FACE ( 'NONE', ( #1274 ), #1757, .T. ) ;
#543 = DIRECTION ( 'NONE',  ( 0.000000000000000000, -0.000000000000000000, 1.000000000000000000 ) ) ;
#544 = ORIENTED_EDGE ( 'NONE', *, *, #1072, .T. ) ;
#545 = DIRECTION ( 'NONE',  ( -1.000000000000000000, 0.000000000000000000, 0.000000000000000000 ) ) ;
#546 = VERTEX_POINT ( 'NONE', #239 ) ;
#547 = CARTESIAN_POINT ( 'NONE',  ( -18.00000000000001066, 21.00000000000000000, 0.000000000000000000 ) ) ;
#548 = DIRECTION ( 'NONE',  ( -0.000000000000000000, -0.000000000000000000, 1.000000000000000000 ) ) ;
#549 = ORIENTED_EDGE ( 'NONE', *, *, #1186, .T. ) ;
#550 = CARTESIAN_POINT ( 'NONE',  ( 17.99999999999999645, 21.00000000000000000, 4.700000000000000178 ) ) ;
#551 = PLANE ( 'NONE',  #1235 ) ;
#552 = ADVANCED_FACE ( 'NONE', ( #1446 ), #1114, .F. ) ;
#553 = ORIENTED_EDGE ( 'NONE', *, *, #1668, .T. ) ;
#554 = DIRECTION ( 'NONE',  ( 1.000000000000000000, 0.000000000000000000, 0.000000000000000000 ) ) ;
#555 = ORIENTED_EDGE ( 'NONE', *, *, #1791, .F. ) ;
#556 = AXIS2_PLACEMENT_3D ( 'NONE', #1082, #168, #1068 ) ;
#557 = CARTESIAN_POINT ( 'NONE',  ( 0.000000000000000000, -17.50000000000000355, -36.29999999999999005 ) ) ;
#558 = CIRCLE ( 'NONE', #1944, 21.00000000000000355 ) ;
#559 = AXIS2_PLACEMENT_3D ( 'NONE', #1531, #312, #1854 ) ;
#560 = CARTESIAN_POINT ( 'NONE',  ( 1.500000000000002220, 3.708099243547831492, -49.69986100452580047 ) ) ;
#561 = AXIS2_PLACEMENT_3D ( 'NONE', #671, #517, #571 ) ;
#562 = CYLINDRICAL_SURFACE ( 'NONE', #1521, 1.749999999999999778 ) ;
#563 = CARTESIAN_POINT ( 'NONE',  ( -13.74999999999999467, -15.50000000000000355, 4.700000000000000178 ) ) ;
#564 = ORIENTED_EDGE ( 'NONE', *, *, #1851, .T. ) ;
#565 = EDGE_LOOP ( 'NONE', ( #1180, #251, #1266, #75, #153, #1259, #590 ) ) ;
#566 = DIRECTION ( 'NONE',  ( -1.000000000000000000, 0.000000000000000000, 0.000000000000000000 ) ) ;
#567 = EDGE_LOOP ( 'NONE', ( #195, #916, #1038, #1477 ) ) ;
#568 = EDGE_CURVE ( 'NONE', #1841, #123, #526, .T. ) ;
#569 = CARTESIAN_POINT ( 'NONE',  ( -1.499999999999999778, 3.708099243547831048, -49.79999999999999716 ) ) ;
#570 = EDGE_CURVE ( 'NONE', #621, #1419, #748, .T. ) ;
#571 = DIRECTION ( 'NONE',  ( -1.000000000000000000, 0.000000000000000000, 0.000000000000000000 ) ) ;
#572 = CARTESIAN_POINT ( 'NONE',  ( 0.000000000000000000, 0.000000000000000000, 0.000000000000000000 ) ) ;
#573 = ORIENTED_EDGE ( 'NONE', *, *, #577, .F. ) ;
#574 = DIRECTION ( 'NONE',  ( 8.260587980841937547E-17, -0.000000000000000000, 1.000000000000000000 ) ) ;
#575 = VERTEX_POINT ( 'NONE', #1292 ) ;
#576 = CARTESIAN_POINT ( 'NONE',  ( 16.68956148110651228, 12.74592238986122972, 0.000000000000000000 ) ) ;
#577 = EDGE_CURVE ( 'NONE', #1870, #1463, #650, .T. ) ;
#578 = DIRECTION ( 'NONE',  ( -0.000000000000000000, -0.000000000000000000, -1.000000000000000000 ) ) ;
#579 = CARTESIAN_POINT ( 'NONE',  ( 21.00000000000000355, 0.000000000000000000, -45.79999999999999005 ) ) ;
#580 = ORIENTED_EDGE ( 'NONE', *, *, #1888, .F. ) ;
#581 = DIRECTION ( 'NONE',  ( 0.000000000000000000, 0.000000000000000000, -1.000000000000000000 ) ) ;
#582 = CARTESIAN_POINT ( 'NONE',  ( -6.631129719367206731E-16, 1.000000000000000000, -60.79999999999999716 ) ) ;
#583 = ORIENTED_EDGE ( 'NONE', *, *, #776, .F. ) ;
#584 = CYLINDRICAL_SURFACE ( 'NONE', #1103, 2.000000000000000444 ) ;
#585 = AXIS2_PLACEMENT_3D ( 'NONE', #935, #786, #1864 ) ;
#586 = AXIS2_PLACEMENT_3D ( 'NONE', #537, #71, #1262 ) ;
#587 = PRODUCT_CONTEXT ( 'NONE', #463, 'mechanical' ) ;
#588 = AXIS2_PLACEMENT_3D ( 'NONE', #1251, #930, #135 ) ;
#589 = CARTESIAN_POINT ( 'NONE',  ( -1.500000000000000444, 1.000000000000000000, -60.79999999999999005 ) ) ;
#590 = ORIENTED_EDGE ( 'NONE', *, *, #1549, .F. ) ;
#591 = EDGE_CURVE ( 'NONE', #1805, #344, #108, .T. ) ;
#592 = CIRCLE ( 'NONE', #559, 4.000000000000000000 ) ;
#593 = DIRECTION ( 'NONE',  ( -0.000000000000000000, -0.000000000000000000, -1.000000000000000000 ) ) ;
#594 = CIRCLE ( 'NONE', #561, 4.000000000000000000 ) ;
#595 = DIRECTION ( 'NONE',  ( -0.000000000000000000, -0.000000000000000000, -1.000000000000000000 ) ) ;
#596 = ORIENTED_EDGE ( 'NONE', *, *, #666, .F. ) ;
#597 = CARTESIAN_POINT ( 'NONE',  ( 3.500000000000000000, 4.592425496802573972E-16, -64.29999999999999716 ) ) ;
#598 = CARTESIAN_POINT ( 'NONE',  ( -21.00000000000000355, 0.000000000000000000, 0.000000000000000000 ) ) ;
#599 = FACE_OUTER_BOUND ( 'NONE', #1871, .T. ) ;
#600 = ORIENTED_EDGE ( 'NONE', *, *, #1551, .T. ) ;
#601 = EDGE_CURVE ( 'NONE', #680, #1475, #718, .T. ) ;
#602 = EDGE_CURVE ( 'NONE', #701, #1094, #140, .T. ) ;
#603 = CYLINDRICAL_SURFACE ( 'NONE', #1391, 2.000000000000000444 ) ;
#604 = CARTESIAN_POINT ( 'NONE',  ( -21.00000000000000355, -18.00000000000000711, 0.000000000000000000 ) ) ;
#605 = ORIENTED_EDGE ( 'NONE', *, *, #202, .F. ) ;
#606 = FACE_OUTER_BOUND ( 'NONE', #835, .T. ) ;
#607 = MANIFOLD_SOLID_BREP ( 'Cut-Extrude4', #1002 ) ;
#608 = DIRECTION ( 'NONE',  ( 1.000000000000000000, 0.000000000000000000, 0.000000000000000000 ) ) ;
#609 = CARTESIAN_POINT ( 'NONE',  ( 17.99999999999999645, -21.00000000000000355, 4.700000000000000178 ) ) ;
#610 = EDGE_LOOP ( 'NONE', ( #811, #1077, #920, #1086, #1507, #189, #1638, #1707 ) ) ;
#611 = CARTESIAN_POINT ( 'NONE',  ( -21.00000000000000355, 18.00000000000000000, 4.700000000000000178 ) ) ;
#612 = CARTESIAN_POINT ( 'NONE',  ( 12.74592238986122972, 16.68956148110651228, -5.000000000000000000 ) ) ;
#613 = ADVANCED_FACE ( 'NONE', ( #821 ), #62, .T. ) ;
#614 = EDGE_LOOP ( 'NONE', ( #465, #1956 ) ) ;
#615 = FACE_OUTER_BOUND ( 'NONE', #10, .T. ) ;
#616 = EDGE_CURVE ( 'NONE', #575, #471, #1426, .T. ) ;
#617 = CARTESIAN_POINT ( 'NONE',  ( 20.99999999999999289, 18.00000000000000000, 4.700000000000000178 ) ) ;
#618 = CARTESIAN_POINT ( 'NONE',  ( -15.49999999999999467, -15.50000000000000355, -5.299999999999999822 ) ) ;
#619 = VECTOR ( 'NONE', #326, 1000.000000000000000 ) ;
#620 = DIRECTION ( 'NONE',  ( 0.000000000000000000, 0.000000000000000000, -1.000000000000000000 ) ) ;
#621 = VERTEX_POINT ( 'NONE', #223 ) ;
#622 = CIRCLE ( 'NONE', #272, 21.00000000000000355 ) ;
#623 = ORIENTED_EDGE ( 'NONE', *, *, #1835, .T. ) ;
#624 = DIRECTION ( 'NONE',  ( 8.260587980841937547E-17, -0.000000000000000000, 1.000000000000000000 ) ) ;
#625 = VECTOR ( 'NONE', #1045, 1000.000000000000000 ) ;
#626 = ORIENTED_EDGE ( 'NONE', *, *, #1417, .F. ) ;
#627 = CARTESIAN_POINT ( 'NONE',  ( 0.000000000000000000, 0.000000000000000000, -46.29999999999999716 ) ) ;
#628 = B_SPLINE_CURVE_WITH_KNOTS ( 'NONE', 3,
 ( #948, #34, #1137, #1753, #1887, #353, #957, #1450, #989, #806, #966, #1421, #207, #1563, #1258, #816, #1125, #363, #227, #978, #1589, #826, #683, #1442, #66, #674 ),
 .UNSPECIFIED., .F., .F.,
 ( 4, 2, 2, 2, 2, 2, 2, 2, 2, 2, 2, 2, 4 ),
 ( 0.000000000000000000, 0.0002956972213215728154, 0.0005913944426431456307, 0.001182788885286310127, 0.001774183327929474514, 0.002069880549251057033, 0.002365577770572639335, 0.002661274991894221204, 0.002956972213215804373, 0.003548366655858961171, 0.003844063877180547376, 0.004139761098502133148, 0.004731155541145304691 ),
 .UNSPECIFIED. ) ;
#629 = EDGE_CURVE ( 'NONE', #1411, #1965, #782, .T. ) ;
#630 = ADVANCED_FACE ( 'NONE', ( #880 ), #1940, .T. ) ;
#631 = DIRECTION ( 'NONE',  ( -1.000000000000000000, 0.000000000000000000, 0.000000000000000000 ) ) ;
#632 = CARTESIAN_POINT ( 'NONE',  ( -0.9161857220947720037, 3.894536878631930321, -48.60834108261344255 ) ) ;
#633 = ORIENTED_EDGE ( 'NONE', *, *, #961, .T. ) ;
#634 = FACE_BOUND ( 'NONE', #409, .T. ) ;
#635 = DIRECTION ( 'NONE',  ( -1.000000000000000000, -8.881784197001252323E-16, 8.260587980841937547E-17 ) ) ;
#636 = VERTEX_POINT ( 'NONE', #1040 ) ;
#637 = DIRECTION ( 'NONE',  ( 0.000000000000000000, 0.000000000000000000, -1.000000000000000000 ) ) ;
#638 = DIRECTION ( 'NONE',  ( 8.260587980841937547E-17, -0.000000000000000000, 1.000000000000000000 ) ) ;
#639 = CARTESIAN_POINT ( 'NONE',  ( 13.75000000000000355, -15.50000000000000000, -5.299999999999999822 ) ) ;
#640 = VERTEX_POINT ( 'NONE', #1478 ) ;
#641 = ORIENTED_EDGE ( 'NONE', *, *, #1962, .T. ) ;
#642 = DIRECTION ( 'NONE',  ( -1.000000000000000000, 0.000000000000000000, 0.000000000000000000 ) ) ;
#643 = CARTESIAN_POINT ( 'NONE',  ( 16.68956148110651228, 12.74592238986122972, -5.000000000000000000 ) ) ;
#644 = VERTEX_POINT ( 'NONE', #1651 ) ;
#645 = DIRECTION ( 'NONE',  ( 0.000000000000000000, 0.000000000000000000, -1.000000000000000000 ) ) ;
#646 = DIRECTION ( 'NONE',  ( -0.000000000000000000, -0.000000000000000000, 1.000000000000000000 ) ) ;
#647 = AXIS2_PLACEMENT_3D ( 'NONE', #164, #1412, #805 ) ;
#648 = CARTESIAN_POINT ( 'NONE',  ( -1.499999999999999778, 1.000000000000000000, -49.79999999999999716 ) ) ;
#649 = ORIENTED_EDGE ( 'NONE', *, *, #1986, .F. ) ;
#650 = CIRCLE ( 'NONE', #1909, 0.5000000000000004441 ) ;
#651 = CIRCLE ( 'NONE', #1583, 4.000000000000000000 ) ;
#652 = LINE ( 'NONE', #187, #1101 ) ;
#653 = EDGE_CURVE ( 'NONE', #719, #166, #731, .T. ) ;
#654 = CARTESIAN_POINT ( 'NONE',  ( -13.74999999999999822, 15.49999999999999645, 0.000000000000000000 ) ) ;
#655 = CIRCLE ( 'NONE', #688, 21.00000000000000355 ) ;
#656 = EDGE_LOOP ( 'NONE', ( #1499, #1036, #186, #623 ) ) ;
#657 = AXIS2_PLACEMENT_3D ( 'NONE', #572, #704, #1185 ) ;
#658 = DIRECTION ( 'NONE',  ( 8.260587980841937547E-17, -0.000000000000000000, 1.000000000000000000 ) ) ;
#659 = AXIS2_PLACEMENT_3D ( 'NONE', #1567, #1115, #972 ) ;
#660 = CARTESIAN_POINT ( 'NONE',  ( -3.500000000000000000, 0.000000000000000000, -63.79999999999999716 ) ) ;
#661 = ORIENTED_EDGE ( 'NONE', *, *, #1889, .F. ) ;
#662 = CARTESIAN_POINT ( 'NONE',  ( -1.500000000000000000, 3.708099243547832824, -49.59998065081860119 ) ) ;
#663 = ORIENTED_EDGE ( 'NONE', *, *, #240, .F. ) ;
#664 = DIRECTION ( 'NONE',  ( 1.000000000000000000, 0.000000000000000000, 0.000000000000000000 ) ) ;
#665 = DIRECTION ( 'NONE',  ( -0.000000000000000000, -0.000000000000000000, 1.000000000000000000 ) ) ;
#666 = EDGE_CURVE ( 'NONE', #693, #1373, #1960, .T. ) ;
#667 = VERTEX_POINT ( 'NONE', #569 ) ;
#668 = CARTESIAN_POINT ( 'NONE',  ( 0.000000000000000000, 0.000000000000000000, -9.999999999999994671 ) ) ;
#669 = DIRECTION ( 'NONE',  ( 0.000000000000000000, 0.000000000000000000, 1.000000000000000000 ) ) ;
#670 = APPLICATION_CONTEXT ( 'automotive_design' ) ;
#671 = CARTESIAN_POINT ( 'NONE',  ( 0.000000000000000000, 0.000000000000000000, -46.29999999999999716 ) ) ;
#672 = EDGE_LOOP ( 'NONE', ( #1692, #967, #518, #1720 ) ) ;
#673 = DIRECTION ( 'NONE',  ( 0.000000000000000000, -1.000000000000000000, 0.000000000000000000 ) ) ;
#674 = CARTESIAN_POINT ( 'NONE',  ( 1.500000000000001110, 3.708099243547831048, -60.79999999999999005 ) ) ;
#675 = ORIENTED_EDGE ( 'NONE', *, *, #118, .T. ) ;
#676 = DIRECTION ( 'NONE',  ( 0.000000000000000000, 0.000000000000000000, 1.000000000000000000 ) ) ;
#677 = EDGE_CURVE ( 'NONE', #1025, #1590, #1135, .T. ) ;
#678 = EDGE_CURVE ( 'NONE', #1575, #313, #1660, .T. ) ;
#679 = LINE ( 'NONE', #1191, #341 ) ;
#680 = VERTEX_POINT ( 'NONE', #1953 ) ;
#681 = FACE_OUTER_BOUND ( 'NONE', #906, .T. ) ;
#682 = VECTOR ( 'NONE', #1722, 1000.000000000000000 ) ;
#683 = CARTESIAN_POINT ( 'NONE',  ( 1.346539635204471397, 3.766754286992400225, -61.46809853705893545 ) ) ;
#684 = CIRCLE ( 'NONE', #812, 21.00000000000000355 ) ;
#685 = ORIENTED_EDGE ( 'NONE', *, *, #335, .F. ) ;
#686 = CARTESIAN_POINT ( 'NONE',  ( 2.000000000000000444, -17.50000000000000355, -36.29999999999999005 ) ) ;
#687 = VECTOR ( 'NONE', #1364, 1000.000000000000000 ) ;
#688 = AXIS2_PLACEMENT_3D ( 'NONE', #348, #1565, #505 ) ;
#689 = DIRECTION ( 'NONE',  ( 0.000000000000000000, 0.000000000000000000, 1.000000000000000000 ) ) ;
#690 = VECTOR ( 'NONE', #328, 1000.000000000000000 ) ;
#691 = ADVANCED_FACE ( 'NONE', ( #120 ), #1337, .F. ) ;
#692 = CARTESIAN_POINT ( 'NONE',  ( 0.4867478057596794638, 3.971319684396449112, -48.37781194491550707 ) ) ;
#693 = VERTEX_POINT ( 'NONE', #282 ) ;
#694 = FACE_OUTER_BOUND ( 'NONE', #1361, .T. ) ;
#695 = FACE_OUTER_BOUND ( 'NONE', #1787, .T. ) ;
#696 = VERTEX_POINT ( 'NONE', #576 ) ;
#697 = LINE ( 'NONE', #1950, #1783 ) ;
#698 = ORIENTED_EDGE ( 'NONE', *, *, #29, .T. ) ;
#699 = CARTESIAN_POINT ( 'NONE',  ( -15.50000000000000000, 15.49999999999999645, -5.299999999999999822 ) ) ;
#700 = DIRECTION ( 'NONE',  ( 0.000000000000000000, 0.000000000000000000, 1.000000000000000000 ) ) ;
#701 = VERTEX_POINT ( 'NONE', #1181 ) ;
#702 = EDGE_CURVE ( 'NONE', #933, #1301, #128, .T. ) ;
#703 = CARTESIAN_POINT ( 'NONE',  ( 17.50000000000000355, 0.000000000000000000, -36.29999999999999005 ) ) ;
#704 = DIRECTION ( 'NONE',  ( 0.000000000000000000, 0.000000000000000000, -1.000000000000000000 ) ) ;
#705 = EDGE_LOOP ( 'NONE', ( #143, #1187 ) ) ;
#706 = LINE ( 'NONE', #1037, #1557 ) ;
#707 = VERTEX_POINT ( 'NONE', #547 ) ;
#708 = DIRECTION ( 'NONE',  ( -0.000000000000000000, -0.000000000000000000, -1.000000000000000000 ) ) ;
#709 = CARTESIAN_POINT ( 'NONE',  ( 1.197395382978264644, 3.819223088583367343, -48.87597757701618661 ) ) ;
#710 = DIRECTION ( 'NONE',  ( -1.000000000000000000, 0.000000000000000000, 0.000000000000000000 ) ) ;
#711 = CARTESIAN_POINT ( 'NONE',  ( 0.000000000000000000, 0.000000000000000000, -46.29999999999999716 ) ) ;
#712 = ORIENTED_EDGE ( 'NONE', *, *, #1670, .T. ) ;
#713 = ADVANCED_FACE ( 'NONE', ( #410 ), #427, .F. ) ;
#714 = AXIS2_PLACEMENT_3D ( 'NONE', #1886, #797, #1872 ) ;
#715 = EDGE_CURVE ( 'NONE', #701, #990, #1172, .T. ) ;
#716 = ORIENTED_EDGE ( 'NONE', *, *, #802, .F. ) ;
#717 = CARTESIAN_POINT ( 'NONE',  ( 17.99999999999999645, -21.00000000000000355, 4.700000000000000178 ) ) ;
#718 = CIRCLE ( 'NONE', #1743, 1.999999999999998224 ) ;
#719 = VERTEX_POINT ( 'NONE', #419 ) ;
#720 = AXIS2_PLACEMENT_3D ( 'NONE', #1669, #637, #1859 ) ;
#721 = DIRECTION ( 'NONE',  ( 0.000000000000000000, 0.000000000000000000, 1.000000000000000000 ) ) ;
#722 = VECTOR ( 'NONE', #919, 1000.000000000000000 ) ;
#723 = AXIS2_PLACEMENT_3D ( 'NONE', #1062, #302, #1265 ) ;
#724 = CARTESIAN_POINT ( 'NONE',  ( -19.50000000000000355, 0.000000000000000000, -36.29999999999999005 ) ) ;
#725 = AXIS2_PLACEMENT_3D ( 'NONE', #1932, #862, #1324 ) ;
#726 = LINE ( 'NONE', #1605, #1431 ) ;
#727 = ORIENTED_EDGE ( 'NONE', *, *, #1470, .F. ) ;
#728 = ORIENTED_EDGE ( 'NONE', *, *, #1395, .T. ) ;
#729 = FACE_OUTER_BOUND ( 'NONE', #565, .T. ) ;
#730 = ORIENTED_EDGE ( 'NONE', *, *, #1670, .F. ) ;
#731 = LINE ( 'NONE', #1201, #1975 ) ;
#732 = UNCERTAINTY_MEASURE_WITH_UNIT (LENGTH_MEASURE( 1.000000000000000082E-05 ), #1582, 'distance_accuracy_value', 'NONE');
#733 = APPLICATION_PROTOCOL_DEFINITION ( 'draft international standard', 'automotive_design', 1998, #670 ) ;
#734 = LINE ( 'NONE', #1348, #625 ) ;
#735 = EDGE_LOOP ( 'NONE', ( #1636, #238 ) ) ;
#736 = CARTESIAN_POINT ( 'NONE',  ( 0.000000000000000000, 17.50000000000000355, -36.29999999999999005 ) ) ;
#737 = CARTESIAN_POINT ( 'NONE',  ( 15.50000000000000355, -15.50000000000000000, 0.000000000000000000 ) ) ;
#738 = VERTEX_POINT ( 'NONE', #1020 ) ;
#739 = DIRECTION ( 'NONE',  ( 1.000000000000000000, 0.000000000000000000, 0.000000000000000000 ) ) ;
#740 = ADVANCED_FACE ( 'NONE', ( #1508 ), #584, .F. ) ;
#741 = CARTESIAN_POINT ( 'NONE',  ( 2.000000000000000444, 17.50000000000000355, -36.29999999999999005 ) ) ;
#742 = ORIENTED_EDGE ( 'NONE', *, *, #1432, .F. ) ;
#743 = CARTESIAN_POINT ( 'NONE',  ( -18.00000000000001066, 21.00000000000000000, 4.700000000000000178 ) ) ;
#744 = ORIENTED_EDGE ( 'NONE', *, *, #1973, .T. ) ;
#745 = CIRCLE ( 'NONE', #1611, 3.000000000000000888 ) ;
#746 = ORIENTED_EDGE ( 'NONE', *, *, #1034, .T. ) ;
#747 = CARTESIAN_POINT ( 'NONE',  ( 12.74592238986123327, -16.68956148110651228, 0.000000000000000000 ) ) ;
#748 = CIRCLE ( 'NONE', #1876, 1.749999999999999778 ) ;
#749 = VECTOR ( 'NONE', #1572, 1000.000000000000000 ) ;
#750 = CARTESIAN_POINT ( 'NONE',  ( 2.000000000000000444, 17.50000000000000355, -46.29999999999999716 ) ) ;
#751 = DIRECTION ( 'NONE',  ( -0.000000000000000000, -0.000000000000000000, -1.000000000000000000 ) ) ;
#752 = AXIS2_PLACEMENT_3D ( 'NONE', #1332, #1637, #1465 ) ;
#753 = ADVANCED_FACE ( 'NONE', ( #1639 ), #1969, .F. ) ;
#754 = EDGE_CURVE ( 'NONE', #123, #535, #1396, .T. ) ;
#755 = CARTESIAN_POINT ( 'NONE',  ( 0.000000000000000000, 0.000000000000000000, -9.999999999999994671 ) ) ;
#756 = CIRCLE ( 'NONE', #147, 3.000000000000000888 ) ;
#757 = ORIENTED_EDGE ( 'NONE', *, *, #863, .T. ) ;
#758 = DIRECTION ( 'NONE',  ( -0.000000000000000000, -0.000000000000000000, 1.000000000000000000 ) ) ;
#759 = ORIENTED_EDGE ( 'NONE', *, *, #59, .T. ) ;
#760 = DIRECTION ( 'NONE',  ( -0.000000000000000000, -0.000000000000000000, -1.000000000000000000 ) ) ;
#761 = CARTESIAN_POINT ( 'NONE',  ( -17.24999999999999289, -15.50000000000000355, -5.299999999999999822 ) ) ;
#762 = DIRECTION ( 'NONE',  ( -1.000000000000000000, 0.000000000000000000, 0.000000000000000000 ) ) ;
#763 = ORIENTED_EDGE ( 'NONE', *, *, #776, .T. ) ;
#764 = EDGE_CURVE ( 'NONE', #1362, #535, #1622, .T. ) ;
#765 = DIRECTION ( 'NONE',  ( -1.000000000000000000, -1.224646799147353454E-16, 0.000000000000000000 ) ) ;
#766 = EDGE_CURVE ( 'NONE', #1422, #1177, #869, .T. ) ;
#767 = LINE ( 'NONE', #1834, #722 ) ;
#768 = ORIENTED_EDGE ( 'NONE', *, *, #1109, .T. ) ;
#769 = DIRECTION ( 'NONE',  ( -1.000000000000000000, 0.000000000000000000, 0.000000000000000000 ) ) ;
#770 = LINE ( 'NONE', #1556, #521 ) ;
#771 = DIRECTION ( 'NONE',  ( 0.000000000000000000, 0.000000000000000000, -1.000000000000000000 ) ) ;
#772 = ORIENTED_EDGE ( 'NONE', *, *, #851, .F. ) ;
#773 = ORIENTED_EDGE ( 'NONE', *, *, #601, .T. ) ;
#774 = DIRECTION ( 'NONE',  ( -0.000000000000000000, 1.000000000000000000, 0.000000000000000000 ) ) ;
#775 = ADVANCED_FACE ( 'NONE', ( #27 ), #6, .F. ) ;
#776 = EDGE_CURVE ( 'NONE', #440, #644, #110, .T. ) ;
#777 = VERTEX_POINT ( 'NONE', #1220 ) ;
#778 = CARTESIAN_POINT ( 'NONE',  ( -20.50000000000000355, 2.541142108230758269E-15, -46.29999999999999716 ) ) ;
#779 = AXIS2_PLACEMENT_3D ( 'NONE', #1569, #519, #1288 ) ;
#780 = DIRECTION ( 'NONE',  ( -0.000000000000000000, -0.000000000000000000, -1.000000000000000000 ) ) ;
#781 = CIRCLE ( 'NONE', #364, 21.00000000000000355 ) ;
#782 = CIRCLE ( 'NONE', #1232, 1.749999999999999778 ) ;
#783 = DIRECTION ( 'NONE',  ( 0.000000000000000000, 0.000000000000000000, -1.000000000000000000 ) ) ;
#784 = ORIENTED_EDGE ( 'NONE', *, *, #577, .T. ) ;
#785 = VECTOR ( 'NONE', #665, 1000.000000000000000 ) ;
#786 = DIRECTION ( 'NONE',  ( -0.000000000000000000, -0.000000000000000000, 1.000000000000000000 ) ) ;
#787 = CARTESIAN_POINT ( 'NONE',  ( 0.000000000000000000, 0.000000000000000000, -64.29999999999999716 ) ) ;
#788 = EDGE_LOOP ( 'NONE', ( #1358, #32, #1315, #600 ) ) ;
#789 = TOROIDAL_SURFACE ( 'NONE', #1111, 3.500000000000000000, 0.5000000000000000000 ) ;
#790 = EDGE_LOOP ( 'NONE', ( #1224, #855, #1371, #929 ) ) ;
#791 = PLANE ( 'NONE',  #1782 ) ;
#792 = EDGE_CURVE ( 'NONE', #265, #1870, #141, .T. ) ;
#793 = DIRECTION ( 'NONE',  ( -1.000000000000000000, 0.000000000000000000, 0.000000000000000000 ) ) ;
#794 = CARTESIAN_POINT ( 'NONE',  ( -0.3920792680638899297, 3.981913923242700104, -48.34880614880199090 ) ) ;
#795 = ORIENTED_EDGE ( 'NONE', *, *, #827, .F. ) ;
#796 = ORIENTED_EDGE ( 'NONE', *, *, #1443, .F. ) ;
#797 = DIRECTION ( 'NONE',  ( 0.000000000000000000, 0.000000000000000000, -1.000000000000000000 ) ) ;
#798 = DIRECTION ( 'NONE',  ( -1.000000000000000000, 0.000000000000000000, 0.000000000000000000 ) ) ;
#799 = EDGE_LOOP ( 'NONE', ( #1382, #746, #1272, #1681, #456 ) ) ;
#800 = DIRECTION ( 'NONE',  ( -0.000000000000000000, -0.000000000000000000, -1.000000000000000000 ) ) ;
#801 = DIRECTION ( 'NONE',  ( 8.260587980841937547E-17, -0.000000000000000000, 1.000000000000000000 ) ) ;
#802 = EDGE_CURVE ( 'NONE', #267, #1552, #399, .T. ) ;
#803 = CARTESIAN_POINT ( 'NONE',  ( -15.50000000000000711, 2.449293598294706414E-16, -36.29999999999999005 ) ) ;
#804 = VERTEX_POINT ( 'NONE', #597 ) ;
#805 = DIRECTION ( 'NONE',  ( -1.000000000000000000, 0.000000000000000000, -0.000000000000000000 ) ) ;
#806 = CARTESIAN_POINT ( 'NONE',  ( -0.4880476651627474460, 3.971157831489378509, -62.22173718664626563 ) ) ;
#807 = ORIENTED_EDGE ( 'NONE', *, *, #1708, .T. ) ;
#808 = LINE ( 'NONE', #1291, #749 ) ;
#809 = AXIS2_PLACEMENT_3D ( 'NONE', #226, #381, #864 ) ;
#810 = CARTESIAN_POINT ( 'NONE',  ( -0.09880340046132948806, 3.999999999999995559, -48.30000000000001847 ) ) ;
#811 = ORIENTED_EDGE ( 'NONE', *, *, #1861, .T. ) ;
#812 = AXIS2_PLACEMENT_3D ( 'NONE', #1544, #801, #953 ) ;
#813 = EDGE_LOOP ( 'NONE', ( #126, #555, #544, #998 ) ) ;
#814 = VECTOR ( 'NONE', #100, 1000.000000000000000 ) ;
#815 = DIRECTION ( 'NONE',  ( 0.000000000000000000, 0.000000000000000000, -1.000000000000000000 ) ) ;
#816 = CARTESIAN_POINT ( 'NONE',  ( 0.3906814808126695127, 3.982053635527600388, -62.25157620566449879 ) ) ;
#817 = CIRCLE ( 'NONE', #242, 1.999999999999998224 ) ;
#818 = VERTEX_POINT ( 'NONE', #1543 ) ;
#819 = TOROIDAL_SURFACE ( 'NONE', #275, 3.500000000000000000, 0.5000000000000000000 ) ;
#820 = DIRECTION ( 'NONE',  ( -1.000000000000000000, 0.000000000000000000, 0.000000000000000000 ) ) ;
#821 = FACE_OUTER_BOUND ( 'NONE', #894, .T. ) ;
#822 = CARTESIAN_POINT ( 'NONE',  ( -15.49999999999999467, -15.50000000000000355, -10.00000000000000000 ) ) ;
#823 = ORIENTED_EDGE ( 'NONE', *, *, #334, .F. ) ;
#824 = EDGE_CURVE ( 'NONE', #1805, #667, #452, .T. ) ;
#825 = PLANE ( 'NONE',  #779 ) ;
#826 = CARTESIAN_POINT ( 'NONE',  ( 1.299489087658042052, 3.783463605242387118, -61.55552783388277049 ) ) ;
#827 = EDGE_CURVE ( 'NONE', #804, #1463, #1427, .T. ) ;
#828 = ORIENTED_EDGE ( 'NONE', *, *, #824, .F. ) ;
#829 = CARTESIAN_POINT ( 'NONE',  ( 0.000000000000000000, 0.000000000000000000, -46.29999999999999716 ) ) ;
#830 = DIRECTION ( 'NONE',  ( -1.000000000000000000, 0.000000000000000000, -0.000000000000000000 ) ) ;
#831 = CYLINDRICAL_SURFACE ( 'NONE', #53, 1.749999999999999778 ) ;
#832 = VERTEX_POINT ( 'NONE', #475 ) ;
#833 = CARTESIAN_POINT ( 'NONE',  ( 0.000000000000000000, -21.00000000000000355, 0.000000000000000000 ) ) ;
#834 = CARTESIAN_POINT ( 'NONE',  ( -15.50000000000000000, 15.49999999999999645, -10.00000000000000000 ) ) ;
#835 = EDGE_LOOP ( 'NONE', ( #1098, #41, #1320, #104 ) ) ;
#836 = DIRECTION ( 'NONE',  ( 0.000000000000000000, 0.000000000000000000, -1.000000000000000000 ) ) ;
#837 = EDGE_CURVE ( 'NONE', #357, #575, #1679, .T. ) ;
#838 = ADVANCED_FACE ( 'NONE', ( #1099 ), #338, .T. ) ;
#839 = CARTESIAN_POINT ( 'NONE',  ( 1.451377785932764342, 3.727456962829381659, -49.40860713027694828 ) ) ;
#840 = ORIENTED_EDGE ( 'NONE', *, *, #802, .T. ) ;
#841 = DIRECTION ( 'NONE',  ( 0.000000000000000000, 0.000000000000000000, -1.000000000000000000 ) ) ;
#842 = VECTOR ( 'NONE', #1441, 1000.000000000000000 ) ;
#843 = CARTESIAN_POINT ( 'NONE',  ( 0.000000000000000000, 17.50000000000000355, -36.29999999999999005 ) ) ;
#844 = MECHANICAL_DESIGN_GEOMETRIC_PRESENTATION_REPRESENTATION (  '', ( #1810 ), #1360 ) ;
#845 = ORIENTED_EDGE ( 'NONE', *, *, #926, .T. ) ;
#846 = DIRECTION ( 'NONE',  ( 0.000000000000000000, 0.000000000000000000, -1.000000000000000000 ) ) ;
#847 = AXIS2_PLACEMENT_3D ( 'NONE', #668, #658, #968 ) ;
#848 = AXIS2_PLACEMENT_3D ( 'NONE', #1656, #1359, #1088 ) ;
#849 = ORIENTED_EDGE ( 'NONE', *, *, #1708, .F. ) ;
#850 = DIRECTION ( 'NONE',  ( 0.000000000000000000, 1.000000000000000000, 0.000000000000000000 ) ) ;
#851 = EDGE_CURVE ( 'NONE', #357, #313, #1535, .T. ) ;
#852 = AXIS2_PLACEMENT_3D ( 'NONE', #1085, #439, #161 ) ;
#853 = CIRCLE ( 'NONE', #1686, 1.749999999999999778 ) ;
#854 = DIRECTION ( 'NONE',  ( -1.182766006347823602E-16, -0.000000000000000000, -1.000000000000000000 ) ) ;
#855 = ORIENTED_EDGE ( 'NONE', *, *, #1632, .F. ) ;
#856 = CARTESIAN_POINT ( 'NONE',  ( 20.99999999999999289, 18.00000000000000000, 4.700000000000000178 ) ) ;
#857 = FACE_BOUND ( 'NONE', #1698, .T. ) ;
#858 = ORIENTED_EDGE ( 'NONE', *, *, #1249, .F. ) ;
#859 = DIRECTION ( 'NONE',  ( 0.000000000000000000, -0.000000000000000000, 1.000000000000000000 ) ) ;
#860 = ORIENTED_EDGE ( 'NONE', *, *, #1972, .T. ) ;
#861 = DIRECTION ( 'NONE',  ( 1.000000000000000000, 0.000000000000000000, 0.000000000000000000 ) ) ;
#862 = DIRECTION ( 'NONE',  ( -0.000000000000000000, -0.000000000000000000, -1.000000000000000000 ) ) ;
#863 = EDGE_CURVE ( 'NONE', #1112, #55, #81, .T. ) ;
#864 = DIRECTION ( 'NONE',  ( 0.000000000000000000, -0.000000000000000000, -1.000000000000000000 ) ) ;
#865 = DIRECTION ( 'NONE',  ( 0.000000000000000000, 0.000000000000000000, 1.000000000000000000 ) ) ;
#866 = ORIENTED_EDGE ( 'NONE', *, *, #217, .F. ) ;
#867 = CYLINDRICAL_SURFACE ( 'NONE', #1526, 1.750000000000001554 ) ;
#868 = ORIENTED_EDGE ( 'NONE', *, *, #1145, .F. ) ;
#869 = LINE ( 'NONE', #1487, #1555 ) ;
#870 = DIRECTION ( 'NONE',  ( 8.260587980841937547E-17, -0.000000000000000000, 1.000000000000000000 ) ) ;
#871 = DIRECTION ( 'NONE',  ( 0.000000000000000000, 0.000000000000000000, 1.000000000000000000 ) ) ;
#872 = ORIENTED_EDGE ( 'NONE', *, *, #395, .T. ) ;
#873 = EDGE_CURVE ( 'NONE', #1411, #1112, #1211, .T. ) ;
#874 = AXIS2_PLACEMENT_3D ( 'NONE', #1420, #43, #33 ) ;
#875 = ORIENTED_EDGE ( 'NONE', *, *, #1506, .F. ) ;
#876 = FACE_OUTER_BOUND ( 'NONE', #418, .T. ) ;
#877 = CIRCLE ( 'NONE', #46, 1.750000000000001554 ) ;
#878 = ORIENTED_EDGE ( 'NONE', *, *, #1307, .T. ) ;
#879 = AXIS2_PLACEMENT_3D ( 'NONE', #1776, #400, #1011 ) ;
#880 = FACE_OUTER_BOUND ( 'NONE', #1877, .T. ) ;
#881 = AXIS2_PLACEMENT_3D ( 'NONE', #1756, #836, #1891 ) ;
#882 = CIRCLE ( 'NONE', #1399, 2.000000000000000444 ) ;
#883 = DIRECTION ( 'NONE',  ( 1.000000000000000000, 0.000000000000000000, 0.000000000000000000 ) ) ;
#884 = AXIS2_PLACEMENT_3D ( 'NONE', #1612, #1602, #403 ) ;
#885 = DIRECTION ( 'NONE',  ( -1.000000000000000000, 0.000000000000000000, -0.000000000000000000 ) ) ;
#886 = VERTEX_POINT ( 'NONE', #778 ) ;
#887 = EDGE_CURVE ( 'NONE', #1667, #263, #1059, .T. ) ;
#888 = ORIENTED_EDGE ( 'NONE', *, *, #1825, .T. ) ;
#889 = CARTESIAN_POINT ( 'NONE',  ( 15.50000000000000355, -15.50000000000000000, -5.299999999999999822 ) ) ;
#890 = ADVANCED_FACE ( 'NONE', ( #606 ), #951, .F. ) ;
#891 = EDGE_LOOP ( 'NONE', ( #1167, #866 ) ) ;
#892 = DIRECTION ( 'NONE',  ( -0.000000000000000000, -0.000000000000000000, -1.000000000000000000 ) ) ;
#893 = PLANE ( 'NONE',  #1302 ) ;
#894 = EDGE_LOOP ( 'NONE', ( #633, #474, #553, #424, #1855, #179 ) ) ;
#895 = DIRECTION ( 'NONE',  ( -0.7071067811865466846, -0.7071067811865483499, -0.000000000000000000 ) ) ;
#896 = DIRECTION ( 'NONE',  ( -1.000000000000000000, 0.000000000000000000, 0.000000000000000000 ) ) ;
#897 = VERTEX_POINT ( 'NONE', #747 ) ;
#898 = DIRECTION ( 'NONE',  ( 0.000000000000000000, -1.000000000000000000, 0.000000000000000000 ) ) ;
#899 = ADVANCED_FACE ( 'NONE', ( #615, #1682 ), #309, .T. ) ;
#900 = CARTESIAN_POINT ( 'NONE',  ( -16.68956148110650872, -12.74592238986123327, -5.000000000000000000 ) ) ;
#901 = DIRECTION ( 'NONE',  ( -1.000000000000000000, -5.329070518200751394E-15, 8.260587980841937547E-17 ) ) ;
#902 = ORIENTED_EDGE ( 'NONE', *, *, #1048, .T. ) ;
#903 = DIRECTION ( 'NONE',  ( 0.000000000000000000, 0.000000000000000000, 1.000000000000000000 ) ) ;
#904 = FACE_OUTER_BOUND ( 'NONE', #1933, .T. ) ;
#905 = TOROIDAL_SURFACE ( 'NONE', #874, 20.50000000000000355, 0.5000000000000000000 ) ;
#906 = EDGE_LOOP ( 'NONE', ( #1797, #964, #1010, #1732 ) ) ;
#907 = DIRECTION ( 'NONE',  ( -1.000000000000000000, 0.000000000000000000, 0.000000000000000000 ) ) ;
#908 = AXIS2_PLACEMENT_3D ( 'NONE', #1917, #1460, #1761 ) ;
#909 = VECTOR ( 'NONE', #190, 1000.000000000000000 ) ;
#910 = ADVANCED_FACE ( 'NONE', ( #158 ), #791, .T. ) ;
#911 = DIRECTION ( 'NONE',  ( 1.000000000000000000, 0.000000000000000000, 0.000000000000000000 ) ) ;
#912 = DIRECTION ( 'NONE',  ( 0.000000000000000000, 0.000000000000000000, 1.000000000000000000 ) ) ;
#913 = VECTOR ( 'NONE', #125, 1000.000000000000000 ) ;
#914 = AXIS2_PLACEMENT_3D ( 'NONE', #1054, #1688, #915 ) ;
#915 = DIRECTION ( 'NONE',  ( 0.000000000000000000, 0.000000000000000000, 1.000000000000000000 ) ) ;
#916 = ORIENTED_EDGE ( 'NONE', *, *, #1192, .F. ) ;
#917 = VECTOR ( 'NONE', #1822, 1000.000000000000000 ) ;
#918 = ORIENTED_EDGE ( 'NONE', *, *, #481, .T. ) ;
#919 = DIRECTION ( 'NONE',  ( 0.000000000000000000, 0.000000000000000000, 1.000000000000000000 ) ) ;
#920 = ORIENTED_EDGE ( 'NONE', *, *, #1668, .F. ) ;
#921 = CARTESIAN_POINT ( 'NONE',  ( 0.000000000000000000, 0.000000000000000000, 0.000000000000000000 ) ) ;
#922 = CARTESIAN_POINT ( 'NONE',  ( -12.74592238986122616, -16.68956148110652293, -10.00000000000000000 ) ) ;
#923 = EDGE_CURVE ( 'NONE', #832, #1585, #1715, .T. ) ;
#924 = CARTESIAN_POINT ( 'NONE',  ( -16.68956148110652293, 12.74592238986122972, -10.00000000000000000 ) ) ;
#925 = VERTEX_POINT ( 'NONE', #36 ) ;
#926 = EDGE_CURVE ( 'NONE', #1613, #1058, #1493, .T. ) ;
#927 = FACE_BOUND ( 'NONE', #1093, .T. ) ;
#928 = CYLINDRICAL_SURFACE ( 'NONE', #16, 1.500000000000001332 ) ;
#929 = ORIENTED_EDGE ( 'NONE', *, *, #678, .T. ) ;
#930 = DIRECTION ( 'NONE',  ( 0.000000000000000000, 0.000000000000000000, -1.000000000000000000 ) ) ;
#931 = DIRECTION ( 'NONE',  ( -0.000000000000000000, -0.000000000000000000, 1.000000000000000000 ) ) ;
#932 = CARTESIAN_POINT ( 'NONE',  ( 15.50000000000000355, -15.50000000000000000, 4.700000000000000178 ) ) ;
#933 = VERTEX_POINT ( 'NONE', #1423 ) ;
#934 = EDGE_CURVE ( 'NONE', #1089, #990, #241, .T. ) ;
#935 = CARTESIAN_POINT ( 'NONE',  ( 15.50000000000000000, 15.50000000000000000, -5.299999999999999822 ) ) ;
#936 = DIRECTION ( 'NONE',  ( 1.000000000000000000, 0.000000000000000000, 0.000000000000000000 ) ) ;
#937 = ORIENTED_EDGE ( 'NONE', *, *, #702, .F. ) ;
#938 = DIRECTION ( 'NONE',  ( 1.000000000000000000, 0.000000000000000000, 0.000000000000000000 ) ) ;
#939 = VECTOR ( 'NONE', #965, 1000.000000000000000 ) ;
#940 = FACE_OUTER_BOUND ( 'NONE', #1906, .T. ) ;
#941 = AXIS2_PLACEMENT_3D ( 'NONE', #1308, #1926, #541 ) ;
#942 = AXIS2_PLACEMENT_3D ( 'NONE', #627, #150, #1990 ) ;
#943 = DIRECTION ( 'NONE',  ( -1.000000000000000000, 0.000000000000000000, 0.000000000000000000 ) ) ;
#944 = ORIENTED_EDGE ( 'NONE', *, *, #1608, .F. ) ;
#945 = ORIENTED_EDGE ( 'NONE', *, *, #1746, .F. ) ;
#946 = CIRCLE ( 'NONE', #337, 2.999999999999999112 ) ;
#947 = LINE ( 'NONE', #1562, #453 ) ;
#948 = CARTESIAN_POINT ( 'NONE',  ( -1.500000000000000888, 3.708099243547831048, -60.79999999999999005 ) ) ;
#949 = CIRCLE ( 'NONE', #462, 2.000000000000000444 ) ;
#950 = ORIENTED_EDGE ( 'NONE', *, *, #180, .F. ) ;
#951 = CYLINDRICAL_SURFACE ( 'NONE', #1459, 2.999999999999999112 ) ;
#952 = EDGE_CURVE ( 'NONE', #415, #640, #68, .T. ) ;
#953 = DIRECTION ( 'NONE',  ( -1.000000000000000000, 0.000000000000000000, 8.260587980841937547E-17 ) ) ;
#954 = CARTESIAN_POINT ( 'NONE',  ( -17.50000000000000355, 0.000000000000000000, -36.29999999999999005 ) ) ;
#955 = ORIENTED_EDGE ( 'NONE', *, *, #491, .F. ) ;
#956 = LINE ( 'NONE', #1709, #939 ) ;
#957 = CARTESIAN_POINT ( 'NONE',  ( -1.197823672021454566, 3.819082152860827417, -61.72343762980544568 ) ) ;
#958 = ORIENTED_EDGE ( 'NONE', *, *, #1791, .T. ) ;
#959 = DIRECTION ( 'NONE',  ( -9.637352644315594010E-17, 1.000000000000000000, -0.000000000000000000 ) ) ;
#960 = EDGE_CURVE ( 'NONE', #1650, #1805, #808, .T. ) ;
#961 = EDGE_CURVE ( 'NONE', #320, #1609, #211, .T. ) ;
#962 = SURFACE_STYLE_FILL_AREA ( #1438 ) ;
#963 = CARTESIAN_POINT ( 'NONE',  ( -1.500000000000000888, 3.708099243547831048, -60.79999999999999005 ) ) ;
#964 = ORIENTED_EDGE ( 'NONE', *, *, #1687, .T. ) ;
#965 = DIRECTION ( 'NONE',  ( 0.7071067811865479058, -0.7071067811865471286, 0.000000000000000000 ) ) ;
#966 = CARTESIAN_POINT ( 'NONE',  ( -0.3925874315598073538, 3.981876312975287657, -62.25109183510816990 ) ) ;
#967 = ORIENTED_EDGE ( 'NONE', *, *, #887, .T. ) ;
#968 = DIRECTION ( 'NONE',  ( -1.000000000000000000, 0.000000000000000000, 8.260587980841937547E-17 ) ) ;
#969 = SURFACE_SIDE_STYLE ('',( #962 ) ) ;
#970 = EDGE_CURVE ( 'NONE', #1590, #546, #982, .T. ) ;
#971 = CIRCLE ( 'NONE', #1196, 2.000000000000000000 ) ;
#972 = DIRECTION ( 'NONE',  ( -1.000000000000000000, 0.000000000000000000, 0.000000000000000000 ) ) ;
#973 = ORIENTED_EDGE ( 'NONE', *, *, #1048, .F. ) ;
#974 = AXIS2_PLACEMENT_3D ( 'NONE', #1892, #1910, #1727 ) ;
#975 = ADVANCED_FACE ( 'NONE', ( #48 ), #1591, .T. ) ;
#976 = VECTOR ( 'NONE', #892, 1000.000000000000000 ) ;
#977 = DIRECTION ( 'NONE',  ( 0.000000000000000000, 0.000000000000000000, -1.000000000000000000 ) ) ;
#978 = CARTESIAN_POINT ( 'NONE',  ( 1.129306011088148098, 3.837936726786156161, -61.79203348282575092 ) ) ;
#979 = VECTOR ( 'NONE', #1548, 1000.000000000000000 ) ;
#980 = ORIENTED_EDGE ( 'NONE', *, *, #792, .T. ) ;
#981 = CIRCLE ( 'NONE', #914, 1.500000000000001332 ) ;
#982 = LINE ( 'NONE', #229, #1263 ) ;
#983 = DIRECTION ( 'NONE',  ( 0.000000000000000000, 0.000000000000000000, -1.000000000000000000 ) ) ;
#984 = CARTESIAN_POINT ( 'NONE',  ( 20.99999999999999289, 18.00000000000000000, 4.700000000000000178 ) ) ;
#985 = ORIENTED_EDGE ( 'NONE', *, *, #1155, .T. ) ;
#986 = EDGE_CURVE ( 'NONE', #1870, #265, #651, .T. ) ;
#987 = DIRECTION ( 'NONE',  ( -1.000000000000000000, 0.000000000000000000, 0.000000000000000000 ) ) ;
#988 = EDGE_CURVE ( 'NONE', #265, #1828, #991, .T. ) ;
#989 = CARTESIAN_POINT ( 'NONE',  ( -0.7582473223463680467, 3.931691898208125036, -62.10888105021389549 ) ) ;
#990 = VERTEX_POINT ( 'NONE', #1437 ) ;
#991 = LINE ( 'NONE', #1907, #909 ) ;
#992 = CARTESIAN_POINT ( 'NONE',  ( 1.500000000000002442, 3.708099243547830159, -49.79999999999999716 ) ) ;
#993 = ORIENTED_EDGE ( 'NONE', *, *, #29, .F. ) ;
#994 = FACE_OUTER_BOUND ( 'NONE', #1355, .T. ) ;
#995 = FACE_BOUND ( 'NONE', #1001, .T. ) ;
#996 = ORIENTED_EDGE ( 'NONE', *, *, #1598, .T. ) ;
#997 = DIRECTION ( 'NONE',  ( 9.637352644315592778E-17, -1.000000000000000000, 0.000000000000000000 ) ) ;
#998 = ORIENTED_EDGE ( 'NONE', *, *, #253, .T. ) ;
#999 = DIRECTION ( 'NONE',  ( 0.000000000000000000, 0.000000000000000000, -1.000000000000000000 ) ) ;
#1000 = CARTESIAN_POINT ( 'NONE',  ( -15.50000000000000000, 15.49999999999999645, -5.299999999999999822 ) ) ;
#1001 = EDGE_LOOP ( 'NONE', ( #1775, #365 ) ) ;
#1002 = CLOSED_SHELL ( 'NONE', ( #69, #397, #1911, #311, #1936, #175, #277, #552, #129, #1256, #359, #1494, #163, #1244, #713, #323, #838, #613, #630, #1454, #469, #1961, #1921, #1183, #421, #975, #1182, #1684, #899, #276, #373, #1516, #1480, #1495, #1434, #1129, #321, #115, #136, #1658, #1573, #1316, #542, #1483, #1031, #890, #1802, #1110, #1901, #691, #1824, #1330, #152, #507, #753, #1120, #1760, #1645, #1293, #1595, #740, #1193, #775, #910, #4, #1539 ) ) ;
#1003 = CARTESIAN_POINT ( 'NONE',  ( -18.00000000000001066, 21.00000000000000000, 4.700000000000000178 ) ) ;
#1004 = AXIS2_PLACEMENT_3D ( 'NONE', #1150, #850, #689 ) ;
#1005 = CARTESIAN_POINT ( 'NONE',  ( 17.99999999999999645, 21.00000000000000000, 4.700000000000000178 ) ) ;
#1006 = AXIS2_PLACEMENT_3D ( 'NONE', #921, #178, #317 ) ;
#1007 = ORIENTED_EDGE ( 'NONE', *, *, #1623, .T. ) ;
#1008 = CARTESIAN_POINT ( 'NONE',  ( 15.50000000000000533, 0.000000000000000000, -46.29999999999999716 ) ) ;
#1009 = AXIS2_PLACEMENT_3D ( 'NONE', #582, #1799, #859 ) ;
#1010 = ORIENTED_EDGE ( 'NONE', *, *, #1861, .F. ) ;
#1011 = DIRECTION ( 'NONE',  ( 1.000000000000000000, 0.000000000000000000, 0.000000000000000000 ) ) ;
#1012 = EDGE_CURVE ( 'NONE', #1287, #1026, #49, .T. ) ;
#1013 = AXIS2_PLACEMENT_3D ( 'NONE', #392, #865, #103 ) ;
#1014 = CARTESIAN_POINT ( 'NONE',  ( 1.422087614544012890, 3.738889005661802489, -49.31286122955891926 ) ) ;
#1015 = CARTESIAN_POINT ( 'NONE',  ( 17.99999999999999645, -21.00000000000000355, 0.000000000000000000 ) ) ;
#1016 = FACE_OUTER_BOUND ( 'NONE', #1156, .T. ) ;
#1017 = ORIENTED_EDGE ( 'NONE', *, *, #653, .F. ) ;
#1018 = DIRECTION ( 'NONE',  ( -1.000000000000000000, 0.000000000000000000, -0.000000000000000000 ) ) ;
#1019 = ORIENTED_EDGE ( 'NONE', *, *, #1699, .F. ) ;
#1020 = CARTESIAN_POINT ( 'NONE',  ( -12.74592238986123327, 16.68956148110651938, -10.00000000000000000 ) ) ;
#1021 = EDGE_CURVE ( 'NONE', #696, #384, #1428, .T. ) ;
#1022 = EDGE_CURVE ( 'NONE', #216, #415, #655, .T. ) ;
#1023 = LINE ( 'NONE', #254, #1788 ) ;
#1024 = CARTESIAN_POINT ( 'NONE',  ( -21.00000000000000355, 18.00000000000000000, 4.700000000000000178 ) ) ;
#1025 = VERTEX_POINT ( 'NONE', #76 ) ;
#1026 = VERTEX_POINT ( 'NONE', #686 ) ;
#1027 = DIRECTION ( 'NONE',  ( -9.637352644315594010E-17, 1.000000000000000000, -0.000000000000000000 ) ) ;
#1028 = ORIENTED_EDGE ( 'NONE', *, *, #653, .T. ) ;
#1029 = DIRECTION ( 'NONE',  ( -1.000000000000000000, 0.000000000000000000, 0.000000000000000000 ) ) ;
#1030 = CARTESIAN_POINT ( 'NONE',  ( 12.74592238986123327, -16.68956148110651228, -5.000000000000000000 ) ) ;
#1031 = ADVANCED_FACE ( 'NONE', ( #1303 ), #200, .F. ) ;
#1032 = DIRECTION ( 'NONE',  ( 1.000000000000000000, 0.000000000000000000, 0.000000000000000000 ) ) ;
#1033 = ORIENTED_EDGE ( 'NONE', *, *, #1772, .F. ) ;
#1034 = EDGE_CURVE ( 'NONE', #216, #516, #1260, .T. ) ;
#1035 = CIRCLE ( 'NONE', #1162, 1.749999999999999778 ) ;
#1036 = ORIENTED_EDGE ( 'NONE', *, *, #1726, .T. ) ;
#1037 = CARTESIAN_POINT ( 'NONE',  ( 20.99999999999999289, 18.00000000000000000, 0.000000000000000000 ) ) ;
#1038 = ORIENTED_EDGE ( 'NONE', *, *, #677, .T. ) ;
#1039 = VECTOR ( 'NONE', #1052, 1000.000000000000000 ) ;
#1040 = CARTESIAN_POINT ( 'NONE',  ( 1.500000000000001110, 1.000000000000000000, -60.79999999999999005 ) ) ;
#1041 = CIRCLE ( 'NONE', #1170, 3.000000000000002665 ) ;
#1042 = TOROIDAL_SURFACE ( 'NONE', #181, 20.50000000000000355, 0.5000000000000000000 ) ;
#1043 = DIRECTION ( 'NONE',  ( -1.000000000000000000, 0.000000000000000000, 0.000000000000000000 ) ) ;
#1044 = AXIS2_PLACEMENT_3D ( 'NONE', #538, #1624, #1174 ) ;
#1045 = DIRECTION ( 'NONE',  ( -0.000000000000000000, -0.000000000000000000, -1.000000000000000000 ) ) ;
#1046 = ORIENTED_EDGE ( 'NONE', *, *, #1432, .T. ) ;
#1047 = PRODUCT_RELATED_PRODUCT_CATEGORY ( 'part', '', ( #1778 ) ) ;
#1048 = EDGE_CURVE ( 'NONE', #886, #1025, #1717, .T. ) ;
#1049 = DIRECTION ( 'NONE',  ( 8.260587980841937547E-17, -0.000000000000000000, 1.000000000000000000 ) ) ;
#1050 = LINE ( 'NONE', #1435, #785 ) ;
#1051 = EDGE_LOOP ( 'NONE', ( #1484, #564, #1781, #1846 ) ) ;
#1052 = DIRECTION ( 'NONE',  ( -1.000000000000000000, -0.000000000000000000, -0.000000000000000000 ) ) ;
#1053 = CARTESIAN_POINT ( 'NONE',  ( -17.24999999999999289, -15.50000000000000355, 4.700000000000000178 ) ) ;
#1054 = CARTESIAN_POINT ( 'NONE',  ( -6.631129719367206731E-16, 1.000000000000000000, -60.79999999999999716 ) ) ;
#1055 = CARTESIAN_POINT ( 'NONE',  ( 21.00000000000000355, 0.000000000000000000, -9.999999999999996447 ) ) ;
#1056 = DIRECTION ( 'NONE',  ( -1.000000000000000000, 0.000000000000000000, 0.000000000000000000 ) ) ;
#1057 = ORIENTED_EDGE ( 'NONE', *, *, #837, .F. ) ;
#1058 = VERTEX_POINT ( 'NONE', #1119 ) ;
#1059 = LINE ( 'NONE', #1374, #619 ) ;
#1060 = DIRECTION ( 'NONE',  ( 0.000000000000000000, 0.000000000000000000, 1.000000000000000000 ) ) ;
#1061 = CARTESIAN_POINT ( 'NONE',  ( 13.75000000000000178, -15.50000000000000000, 4.700000000000000178 ) ) ;
#1062 = CARTESIAN_POINT ( 'NONE',  ( 0.000000000000000000, -17.50000000000000355, -36.29999999999999005 ) ) ;
#1063 = ORIENTED_EDGE ( 'NONE', *, *, #1390, .T. ) ;
#1064 = DIRECTION ( 'NONE',  ( -0.000000000000000000, -0.000000000000000000, -1.000000000000000000 ) ) ;
#1065 = DIRECTION ( 'NONE',  ( 0.000000000000000000, 0.000000000000000000, -1.000000000000000000 ) ) ;
#1066 = AXIS2_PLACEMENT_3D ( 'NONE', #1522, #492, #511 ) ;
#1067 = ORIENTED_EDGE ( 'NONE', *, *, #568, .T. ) ;
#1068 = DIRECTION ( 'NONE',  ( -1.000000000000000000, 0.000000000000000000, 0.000000000000000000 ) ) ;
#1069 = AXIS2_PLACEMENT_3D ( 'NONE', #327, #1060, #1716 ) ;
#1070 = VECTOR ( 'NONE', #1127, 1000.000000000000000 ) ;
#1071 = EDGE_CURVE ( 'NONE', #1463, #804, #1847, .T. ) ;
#1072 = EDGE_CURVE ( 'NONE', #1930, #1475, #1765, .T. ) ;
#1073 = CARTESIAN_POINT ( 'NONE',  ( 0.000000000000000000, 0.000000000000000000, -46.29999999999999716 ) ) ;
#1074 = VECTOR ( 'NONE', #959, 1000.000000000000000 ) ;
#1075 = CIRCLE ( 'NONE', #1367, 21.00000000000000355 ) ;
#1076 = DIRECTION ( 'NONE',  ( -0.000000000000000000, 1.000000000000000000, 0.000000000000000000 ) ) ;
#1077 = ORIENTED_EDGE ( 'NONE', *, *, #766, .T. ) ;
#1078 = VECTOR ( 'NONE', #1728, 1000.000000000000000 ) ;
#1079 = LINE ( 'NONE', #441, #429 ) ;
#1080 = LINE ( 'NONE', #1691, #979 ) ;
#1081 = ORIENTED_EDGE ( 'NONE', *, *, #506, .T. ) ;
#1082 = CARTESIAN_POINT ( 'NONE',  ( 0.000000000000000000, 0.000000000000000000, -64.29999999999999716 ) ) ;
#1083 = DIRECTION ( 'NONE',  ( 1.000000000000000000, 0.000000000000000000, 0.000000000000000000 ) ) ;
#1084 = EDGE_CURVE ( 'NONE', #925, #1199, #1881, .T. ) ;
#1085 = CARTESIAN_POINT ( 'NONE',  ( -17.50000000000000355, 0.000000000000000000, -36.29999999999999005 ) ) ;
#1086 = ORIENTED_EDGE ( 'NONE', *, *, #3, .F. ) ;
#1087 = DIRECTION ( 'NONE',  ( -1.224646799147353207E-16, 1.000000000000000000, 0.000000000000000000 ) ) ;
#1088 = DIRECTION ( 'NONE',  ( 1.000000000000000000, 0.000000000000000000, 0.000000000000000000 ) ) ;
#1089 = VERTEX_POINT ( 'NONE', #1008 ) ;
#1090 = CARTESIAN_POINT ( 'NONE',  ( 15.50000000000000000, 15.50000000000000000, 4.700000000000000178 ) ) ;
#1091 = CARTESIAN_POINT ( 'NONE',  ( -15.49999999999999467, -15.50000000000000355, 4.700000000000000178 ) ) ;
#1092 = DIRECTION ( 'NONE',  ( 0.000000000000000000, 0.000000000000000000, -1.000000000000000000 ) ) ;
#1093 = EDGE_LOOP ( 'NONE', ( #393, #955 ) ) ;
#1094 = VERTEX_POINT ( 'NONE', #1157 ) ;
#1095 = CARTESIAN_POINT ( 'NONE',  ( -18.00000000000000355, -21.00000000000000355, 0.000000000000000000 ) ) ;
#1096 = EDGE_CURVE ( 'NONE', #1575, #249, #1628, .T. ) ;
#1097 = DIRECTION ( 'NONE',  ( 0.000000000000000000, 0.000000000000000000, -1.000000000000000000 ) ) ;
#1098 = ORIENTED_EDGE ( 'NONE', *, *, #1121, .F. ) ;
#1099 = FACE_OUTER_BOUND ( 'NONE', #372, .T. ) ;
#1100 = AXIS2_PLACEMENT_3D ( 'NONE', #550, #1163, #1784 ) ;
#1101 = VECTOR ( 'NONE', #1269, 1000.000000000000000 ) ;
#1102 = FACE_OUTER_BOUND ( 'NONE', #788, .T. ) ;
#1103 = AXIS2_PLACEMENT_3D ( 'NONE', #557, #1630, #1029 ) ;
#1104 = CARTESIAN_POINT ( 'NONE',  ( -4.000000000000000000, 4.898587196589412829E-16, -46.29999999999999716 ) ) ;
#1105 = ORIENTED_EDGE ( 'NONE', *, *, #766, .F. ) ;
#1106 = CIRCLE ( 'NONE', #401, 1.750000000000001554 ) ;
#1107 = LINE ( 'NONE', #502, #682 ) ;
#1108 = CARTESIAN_POINT ( 'NONE',  ( 21.00000000000000355, 0.000000000000000000, -46.29999999999999716 ) ) ;
#1109 = EDGE_CURVE ( 'NONE', #1552, #267, #1817, .T. ) ;
#1110 = ADVANCED_FACE ( 'NONE', ( #1967 ), #1497, .F. ) ;
#1111 = AXIS2_PLACEMENT_3D ( 'NONE', #1295, #1914, #1043 ) ;
#1112 = VERTEX_POINT ( 'NONE', #1620 ) ;
#1113 = DIRECTION ( 'NONE',  ( 0.000000000000000000, 0.000000000000000000, -1.000000000000000000 ) ) ;
#1114 = CYLINDRICAL_SURFACE ( 'NONE', #974, 2.999999999999999112 ) ;
#1115 = DIRECTION ( 'NONE',  ( 0.000000000000000000, 0.000000000000000000, -1.000000000000000000 ) ) ;
#1116 = ORIENTED_EDGE ( 'NONE', *, *, #1835, .F. ) ;
#1117 = LINE ( 'NONE', #1108, #148 ) ;
#1118 = ORIENTED_EDGE ( 'NONE', *, *, #1469, .F. ) ;
#1119 = CARTESIAN_POINT ( 'NONE',  ( 12.74592238986123327, 16.68956148110651938, -10.00000000000000000 ) ) ;
#1120 = ADVANCED_FACE ( 'NONE', ( #266 ), #1505, .T. ) ;
#1121 = EDGE_CURVE ( 'NONE', #897, #415, #946, .T. ) ;
#1122 = LINE ( 'NONE', #639, #1751 ) ;
#1123 = ORIENTED_EDGE ( 'NONE', *, *, #1021, .F. ) ;
#1124 = CARTESIAN_POINT ( 'NONE',  ( 20.99999999999999645, -18.00000000000000711, 4.700000000000000178 ) ) ;
#1125 = CARTESIAN_POINT ( 'NONE',  ( 0.4847046352285545590, 3.971599249828389855, -62.22297948448809990 ) ) ;
#1126 = ORIENTED_EDGE ( 'NONE', *, *, #602, .T. ) ;
#1127 = DIRECTION ( 'NONE',  ( -0.000000000000000000, -0.000000000000000000, -1.000000000000000000 ) ) ;
#1128 =( NAMED_UNIT ( * ) PLANE_ANGLE_UNIT ( ) SI_UNIT ( $, .RADIAN. ) );
#1129 = ADVANCED_FACE ( 'NONE', ( #1774 ), #417, .F. ) ;
#1130 = CIRCLE ( 'NONE', #1325, 21.00000000000000355 ) ;
#1131 = EDGE_CURVE ( 'NONE', #1693, #216, #706, .T. ) ;
#1132 = DIRECTION ( 'NONE',  ( -0.000000000000000000, -0.000000000000000000, 1.000000000000000000 ) ) ;
#1133 = EDGE_LOOP ( 'NONE', ( #1081, #1542, #742 ) ) ;
#1134 = COLOUR_RGB ( '',0.7921568627450980005, 0.8196078431372548767, 0.9333333333333333481 ) ;
#1135 = CIRCLE ( 'NONE', #490, 0.5000000000000004441 ) ;
#1136 = DIRECTION ( 'NONE',  ( -1.182766006347823602E-16, 0.000000000000000000, -1.000000000000000000 ) ) ;
#1137 = CARTESIAN_POINT ( 'NONE',  ( -1.490089309899234715, 3.712151057692817613, -60.99825589048639074 ) ) ;
#1138 = AXIS2_PLACEMENT_3D ( 'NONE', #1920, #1579, #1733 ) ;
#1139 = EDGE_LOOP ( 'NONE', ( #185, #1512 ) ) ;
#1140 = VECTOR ( 'NONE', #1796, 1000.000000000000000 ) ;
#1141 = DIRECTION ( 'NONE',  ( -1.000000000000000000, 0.000000000000000000, 0.000000000000000000 ) ) ;
#1142 = DIRECTION ( 'NONE',  ( -1.000000000000000000, 0.000000000000000000, 0.000000000000000000 ) ) ;
#1143 = DIRECTION ( 'NONE',  ( 1.000000000000000000, 0.000000000000000000, 0.000000000000000000 ) ) ;
#1144 = ORIENTED_EDGE ( 'NONE', *, *, #1986, .T. ) ;
#1145 = EDGE_CURVE ( 'NONE', #97, #640, #1913, .T. ) ;
#1146 = LINE ( 'NONE', #900, #331 ) ;
#1147 = DIRECTION ( 'NONE',  ( -0.000000000000000000, -0.000000000000000000, 1.000000000000000000 ) ) ;
#1148 = ORIENTED_EDGE ( 'NONE', *, *, #986, .F. ) ;
#1149 = DIRECTION ( 'NONE',  ( -1.000000000000000000, 0.000000000000000000, 0.000000000000000000 ) ) ;
#1150 = CARTESIAN_POINT ( 'NONE',  ( 9.925112563700967759E-16, 1.000000000000000000, -49.79999999999999716 ) ) ;
#1151 = PLANE ( 'NONE',  #1044 ) ;
#1152 = ORIENTED_EDGE ( 'NONE', *, *, #191, .T. ) ;
#1153 = PLANE ( 'NONE',  #941 ) ;
#1154 = DIRECTION ( 'NONE',  ( -1.000000000000000000, -0.000000000000000000, -0.000000000000000000 ) ) ;
#1155 = EDGE_CURVE ( 'NONE', #1362, #1841, #1106, .T. ) ;
#1156 = EDGE_LOOP ( 'NONE', ( #1123, #626, #1152, #199 ) ) ;
#1157 = CARTESIAN_POINT ( 'NONE',  ( 15.50000000000000533, 0.000000000000000000, -36.29999999999999005 ) ) ;
#1158 = ORIENTED_EDGE ( 'NONE', *, *, #1874, .T. ) ;
#1159 = DIRECTION ( 'NONE',  ( -0.000000000000000000, -0.000000000000000000, 1.000000000000000000 ) ) ;
#1160 = CARTESIAN_POINT ( 'NONE',  ( -17.25000000000000000, 15.49999999999999645, 0.000000000000000000 ) ) ;
#1161 = ORIENTED_EDGE ( 'NONE', *, *, #851, .T. ) ;
#1162 = AXIS2_PLACEMENT_3D ( 'NONE', #1216, #472, #12 ) ;
#1163 = DIRECTION ( 'NONE',  ( -0.7071067811865479058, -0.7071067811865471286, 0.000000000000000000 ) ) ;
#1164 = AXIS2_PLACEMENT_3D ( 'NONE', #1073, #299, #608 ) ;
#1165 = PLANE ( 'NONE',  #1786 ) ;
#1166 = VECTOR ( 'NONE', #1500, 1000.000000000000000 ) ;
#1167 = ORIENTED_EDGE ( 'NONE', *, *, #934, .F. ) ;
#1168 = DIRECTION ( 'NONE',  ( -1.000000000000000000, 0.000000000000000000, 8.260587980841937547E-17 ) ) ;
#1169 = AXIS2_PLACEMENT_3D ( 'NONE', #1188, #1806, #1018 ) ;
#1170 = AXIS2_PLACEMENT_3D ( 'NONE', #1875, #1097, #798 ) ;
#1171 = ORIENTED_EDGE ( 'NONE', *, *, #1379, .F. ) ;
#1172 = LINE ( 'NONE', #1515, #976 ) ;
#1173 = AXIS2_PLACEMENT_3D ( 'NONE', #1902, #194, #39 ) ;
#1174 = DIRECTION ( 'NONE',  ( -1.000000000000000000, 0.000000000000000000, -0.000000000000000000 ) ) ;
#1175 = CARTESIAN_POINT ( 'NONE',  ( -17.50000000000000355, 0.000000000000000000, -36.29999999999999005 ) ) ;
#1176 = DIRECTION ( 'NONE',  ( 0.000000000000000000, 0.000000000000000000, 1.000000000000000000 ) ) ;
#1177 = VERTEX_POINT ( 'NONE', #1607 ) ;
#1178 = ORIENTED_EDGE ( 'NONE', *, *, #1912, .F. ) ;
#1179 = DIRECTION ( 'NONE',  ( 0.000000000000000000, 0.000000000000000000, 1.000000000000000000 ) ) ;
#1180 = ORIENTED_EDGE ( 'NONE', *, *, #56, .F. ) ;
#1181 = CARTESIAN_POINT ( 'NONE',  ( 19.50000000000000355, 2.449293598294707400E-16, -36.29999999999999005 ) ) ;
#1182 = ADVANCED_FACE ( 'NONE', ( #729, #237 ), #1476, .T. ) ;
#1183 = ADVANCED_FACE ( 'NONE', ( #876 ), #867, .F. ) ;
#1184 = CARTESIAN_POINT ( 'NONE',  ( 4.000000000000000000, 0.000000000000000000, -46.29999999999999716 ) ) ;
#1185 = DIRECTION ( 'NONE',  ( -1.000000000000000000, 0.000000000000000000, 0.000000000000000000 ) ) ;
#1186 = EDGE_CURVE ( 'NONE', #777, #693, #697, .T. ) ;
#1187 = ORIENTED_EDGE ( 'NONE', *, *, #1750, .F. ) ;
#1188 = CARTESIAN_POINT ( 'NONE',  ( 0.000000000000000000, -17.50000000000000355, -36.29999999999999005 ) ) ;
#1189 = ORIENTED_EDGE ( 'NONE', *, *, #1206, .T. ) ;
#1190 = CARTESIAN_POINT ( 'NONE',  ( 20.50000000000000355, 0.000000000000000000, -45.79999999999999005 ) ) ;
#1191 = CARTESIAN_POINT ( 'NONE',  ( -21.00000000000000355, -18.00000000000000711, 0.000000000000000000 ) ) ;
#1192 = EDGE_CURVE ( 'NONE', #1025, #886, #1202, .T. ) ;
#1193 = ADVANCED_FACE ( 'NONE', ( #408 ), #1342, .T. ) ;
#1194 = LINE ( 'NONE', #1697, #1979 ) ;
#1195 = ORIENTED_EDGE ( 'NONE', *, *, #56, .T. ) ;
#1196 = AXIS2_PLACEMENT_3D ( 'NONE', #703, #1983, #710 ) ;
#1197 = DIRECTION ( 'NONE',  ( -1.000000000000000000, 0.000000000000000000, 0.000000000000000000 ) ) ;
#1198 = CARTESIAN_POINT ( 'NONE',  ( -15.50000000000000000, 15.49999999999999645, -10.00000000000000000 ) ) ;
#1199 = VERTEX_POINT ( 'NONE', #1485 ) ;
#1200 = AXIS2_PLACEMENT_3D ( 'NONE', #1090, #1383, #1713 ) ;
#1201 = CARTESIAN_POINT ( 'NONE',  ( -18.00000000000000355, -21.00000000000000355, 4.700000000000000178 ) ) ;
#1202 = CIRCLE ( 'NONE', #144, 20.50000000000000355 ) ;
#1203 = VECTOR ( 'NONE', #1076, 1000.000000000000000 ) ;
#1204 = CARTESIAN_POINT ( 'NONE',  ( 20.99999999999999645, -18.00000000000000711, 0.000000000000000000 ) ) ;
#1205 = ORIENTED_EDGE ( 'NONE', *, *, #1084, .T. ) ;
#1206 = EDGE_CURVE ( 'NONE', #354, #933, #1648, .T. ) ;
#1207 = DIRECTION ( 'NONE',  ( 0.000000000000000000, 0.000000000000000000, -1.000000000000000000 ) ) ;
#1208 = DIRECTION ( 'NONE',  ( 0.000000000000000000, 0.000000000000000000, -1.000000000000000000 ) ) ;
#1209 = ORIENTED_EDGE ( 'NONE', *, *, #837, .T. ) ;
#1210 = ORIENTED_EDGE ( 'NONE', *, *, #1951, .F. ) ;
#1211 = LINE ( 'NONE', #445, #14 ) ;
#1212 = DIRECTION ( 'NONE',  ( 1.000000000000000000, 0.000000000000000000, 0.000000000000000000 ) ) ;
#1213 = CARTESIAN_POINT ( 'NONE',  ( 13.74999999999999822, 15.50000000000000000, 0.000000000000000000 ) ) ;
#1214 = CARTESIAN_POINT ( 'NONE',  ( 0.000000000000000000, 0.000000000000000000, 0.000000000000000000 ) ) ;
#1215 = ORIENTED_EDGE ( 'NONE', *, *, #1344, .T. ) ;
#1216 = CARTESIAN_POINT ( 'NONE',  ( -15.49999999999999467, -15.50000000000000355, 0.000000000000000000 ) ) ;
#1217 = CARTESIAN_POINT ( 'NONE',  ( -21.00000000000000355, 18.00000000000000000, 0.000000000000000000 ) ) ;
#1218 = EDGE_CURVE ( 'NONE', #440, #320, #558, .T. ) ;
#1219 = ORIENTED_EDGE ( 'NONE', *, *, #591, .T. ) ;
#1220 = CARTESIAN_POINT ( 'NONE',  ( 17.99999999999999645, 21.00000000000000000, 4.700000000000000178 ) ) ;
#1221 = CARTESIAN_POINT ( 'NONE',  ( 9.925112563700967759E-16, 1.000000000000000000, -49.79999999999999716 ) ) ;
#1222 = LINE ( 'NONE', #1809, #1466 ) ;
#1223 = LINE ( 'NONE', #432, #213 ) ;
#1224 = ORIENTED_EDGE ( 'NONE', *, *, #1318, .T. ) ;
#1225 = CARTESIAN_POINT ( 'NONE',  ( 0.000000000000000000, 0.000000000000000000, 0.000000000000000000 ) ) ;
#1226 = CARTESIAN_POINT ( 'NONE',  ( -2.000000000000000444, -17.50000000000000355, -36.29999999999999005 ) ) ;
#1227 = EDGE_LOOP ( 'NONE', ( #1674, #288, #937, #1331, #698 ) ) ;
#1228 = CIRCLE ( 'NONE', #1777, 0.5000000000000000000 ) ;
#1229 = VERTEX_POINT ( 'NONE', #1217 ) ;
#1230 = CARTESIAN_POINT ( 'NONE',  ( 17.50000000000000355, 0.000000000000000000, -36.29999999999999005 ) ) ;
#1231 = AXIS2_PLACEMENT_3D ( 'NONE', #1091, #1685, #911 ) ;
#1232 = AXIS2_PLACEMENT_3D ( 'NONE', #1453, #79, #1323 ) ;
#1233 = LINE ( 'NONE', #1252, #11 ) ;
#1234 = AXIS2_PLACEMENT_3D ( 'NONE', #1403, #1701, #1523 ) ;
#1235 = AXIS2_PLACEMENT_3D ( 'NONE', #843, #112, #885 ) ;
#1236 = DIRECTION ( 'NONE',  ( 0.000000000000000000, 0.000000000000000000, 1.000000000000000000 ) ) ;
#1237 = ORIENTED_EDGE ( 'NONE', *, *, #192, .T. ) ;
#1238 = FACE_OUTER_BOUND ( 'NONE', #1766, .T. ) ;
#1239 = CARTESIAN_POINT ( 'NONE',  ( -16.68956148110652293, 12.74592238986122972, -5.000000000000000000 ) ) ;
#1240 = ORIENTED_EDGE ( 'NONE', *, *, #264, .T. ) ;
#1241 = DIRECTION ( 'NONE',  ( -1.000000000000000000, 0.000000000000000000, 0.000000000000000000 ) ) ;
#1242 = EDGE_CURVE ( 'NONE', #97, #640, #304, .T. ) ;
#1243 = CARTESIAN_POINT ( 'NONE',  ( 15.50000000000000355, -15.50000000000000000, 4.700000000000000178 ) ) ;
#1244 = ADVANCED_FACE ( 'NONE', ( #904 ), #442, .F. ) ;
#1245 = CARTESIAN_POINT ( 'NONE',  ( -0.7547356963862827950, 3.929018682189583611, -48.50006873975675603 ) ) ;
#1246 = ORIENTED_EDGE ( 'NONE', *, *, #202, .T. ) ;
#1247 = FACE_OUTER_BOUND ( 'NONE', #1654, .T. ) ;
#1248 = CARTESIAN_POINT ( 'NONE',  ( 0.000000000000000000, 0.000000000000000000, 0.000000000000000000 ) ) ;
#1249 = EDGE_CURVE ( 'NONE', #1965, #1411, #525, .T. ) ;
#1250 = ORIENTED_EDGE ( 'NONE', *, *, #191, .F. ) ;
#1251 = CARTESIAN_POINT ( 'NONE',  ( 15.50000000000000355, -15.50000000000000000, 0.000000000000000000 ) ) ;
#1252 = CARTESIAN_POINT ( 'NONE',  ( 9.925112563700967759E-16, 1.000000000000000000, -48.29999999999999716 ) ) ;
#1253 = EDGE_CURVE ( 'NONE', #1609, #1585, #1977, .T. ) ;
#1254 = ORIENTED_EDGE ( 'NONE', *, *, #1874, .F. ) ;
#1255 = EDGE_LOOP ( 'NONE', ( #1798, #1126 ) ) ;
#1256 = ADVANCED_FACE ( 'NONE', ( #294, #1389 ), #1678, .T. ) ;
#1257 = DIRECTION ( 'NONE',  ( -0.7071067811865466846, -0.7071067811865483499, -0.000000000000000000 ) ) ;
#1258 = CARTESIAN_POINT ( 'NONE',  ( 0.1974721755343109841, 3.996296775210560703, -62.29020476451766797 ) ) ;
#1259 = ORIENTED_EDGE ( 'NONE', *, *, #80, .F. ) ;
#1260 = LINE ( 'NONE', #355, #1074 ) ;
#1261 = AXIS2_PLACEMENT_3D ( 'NONE', #1225, #581, #1826 ) ;
#1262 = DIRECTION ( 'NONE',  ( -1.000000000000000000, 0.000000000000000000, 0.000000000000000000 ) ) ;
#1263 = VECTOR ( 'NONE', #676, 1000.000000000000000 ) ;
#1264 = AXIS2_PLACEMENT_3D ( 'NONE', #1857, #473, #450 ) ;
#1265 = DIRECTION ( 'NONE',  ( -1.000000000000000000, 0.000000000000000000, 0.000000000000000000 ) ) ;
#1266 = ORIENTED_EDGE ( 'NONE', *, *, #1696, .T. ) ;
#1267 = VECTOR ( 'NONE', #1723, 1000.000000000000000 ) ;
#1268 = EDGE_CURVE ( 'NONE', #1700, #1930, #817, .T. ) ;
#1269 = DIRECTION ( 'NONE',  ( -0.000000000000000000, -0.000000000000000000, -1.000000000000000000 ) ) ;
#1270 = CARTESIAN_POINT ( 'NONE',  ( 0.000000000000000000, 17.50000000000000355, -36.29999999999999005 ) ) ;
#1271 = CIRCLE ( 'NONE', #183, 21.00000000000000355 ) ;
#1272 = ORIENTED_EDGE ( 'NONE', *, *, #422, .F. ) ;
#1273 = DIRECTION ( 'NONE',  ( 1.000000000000000000, 0.000000000000000000, 0.000000000000000000 ) ) ;
#1274 = FACE_OUTER_BOUND ( 'NONE', #614, .T. ) ;
#1275 = CARTESIAN_POINT ( 'NONE',  ( -1.499999999999999778, 3.708099243547831048, -49.79999999999999716 ) ) ;
#1276 = ORIENTED_EDGE ( 'NONE', *, *, #970, .T. ) ;
#1277 = ORIENTED_EDGE ( 'NONE', *, *, #1268, .T. ) ;
#1278 = PRODUCT_DEFINITION_SHAPE ( 'NONE', 'NONE',  #1850 ) ;
#1279 = LINE ( 'NONE', #1896, #842 ) ;
#1280 = DIRECTION ( 'NONE',  ( 0.000000000000000000, 0.000000000000000000, 1.000000000000000000 ) ) ;
#1281 = EDGE_LOOP ( 'NONE', ( #196, #225 ) ) ;
#1282 = DIRECTION ( 'NONE',  ( 0.000000000000000000, 0.000000000000000000, -1.000000000000000000 ) ) ;
#1283 = EDGE_CURVE ( 'NONE', #384, #1058, #146, .T. ) ;
#1284 = EDGE_CURVE ( 'NONE', #1422, #546, #1365, .T. ) ;
#1285 = DIRECTION ( 'NONE',  ( 1.000000000000000000, 0.000000000000000000, 0.000000000000000000 ) ) ;
#1286 = CARTESIAN_POINT ( 'NONE',  ( -1.500000000000000888, 3.708099243547831048, -64.29999999999999716 ) ) ;
#1287 = VERTEX_POINT ( 'NONE', #1226 ) ;
#1288 = DIRECTION ( 'NONE',  ( -1.000000000000000000, 0.000000000000000000, -0.000000000000000000 ) ) ;
#1289 = DIRECTION ( 'NONE',  ( -0.7071067811865471286, 0.7071067811865479058, 0.000000000000000000 ) ) ;
#1290 = EDGE_LOOP ( 'NONE', ( #1209, #1564, #1621, #860, #1336 ) ) ;
#1291 = CARTESIAN_POINT ( 'NONE',  ( -1.500000000000000444, 1.000000000000000000, -60.79999999999999005 ) ) ;
#1292 = CARTESIAN_POINT ( 'NONE',  ( -12.74592238986122439, -16.68956148110651583, 0.000000000000000000 ) ) ;
#1293 = ADVANCED_FACE ( 'NONE', ( #1372 ), #174, .F. ) ;
#1294 = AXIS2_PLACEMENT_3D ( 'NONE', #57, #815, #642 ) ;
#1295 = CARTESIAN_POINT ( 'NONE',  ( 0.000000000000000000, 0.000000000000000000, -63.79999999999999716 ) ) ;
#1296 = EDGE_LOOP ( 'NONE', ( #93, #1388, #84, #888 ) ) ;
#1297 = CIRCLE ( 'NONE', #1425, 21.00000000000000355 ) ;
#1298 = CYLINDRICAL_SURFACE ( 'NONE', #908, 21.00000000000000355 ) ;
#1299 = FACE_BOUND ( 'NONE', #891, .T. ) ;
#1300 = AXIS2_PLACEMENT_3D ( 'NONE', #496, #1113, #566 ) ;
#1301 = VERTEX_POINT ( 'NONE', #604 ) ;
#1302 = AXIS2_PLACEMENT_3D ( 'NONE', #1214, #771, #1386 ) ;
#1303 = FACE_OUTER_BOUND ( 'NONE', #316, .T. ) ;
#1304 = DIRECTION ( 'NONE',  ( 0.000000000000000000, 0.000000000000000000, -1.000000000000000000 ) ) ;
#1305 = CARTESIAN_POINT ( 'NONE',  ( -15.50000000000000000, 15.49999999999999645, 4.700000000000000178 ) ) ;
#1306 = EDGE_LOOP ( 'NONE', ( #1116, #1629 ) ) ;
#1307 = EDGE_CURVE ( 'NONE', #88, #216, #767, .T. ) ;
#1308 = CARTESIAN_POINT ( 'NONE',  ( -21.00000000000000355, 18.00000000000000000, 4.700000000000000178 ) ) ;
#1309 = CARTESIAN_POINT ( 'NONE',  ( -16.68956148110651583, -12.74592238986123682, -10.00000000000000000 ) ) ;
#1310 = VERTEX_POINT ( 'NONE', #2 ) ;
#1311 = DIRECTION ( 'NONE',  ( 1.000000000000000000, 0.000000000000000000, 0.000000000000000000 ) ) ;
#1312 = EDGE_LOOP ( 'NONE', ( #1340, #480, #60, #1644, #549 ) ) ;
#1313 = DIRECTION ( 'NONE',  ( -1.000000000000000000, -0.000000000000000000, 9.856383386231862525E-17 ) ) ;
#1314 = CARTESIAN_POINT ( 'NONE',  ( 0.9231695803889660157, 3.894608918670833475, -48.60194696811910831 ) ) ;
#1315 = ORIENTED_EDGE ( 'NONE', *, *, #1417, .T. ) ;
#1316 = ADVANCED_FACE ( 'NONE', ( #1381 ), #1845, .T. ) ;
#1317 = CYLINDRICAL_SURFACE ( 'NONE', #235, 1.999999999999998224 ) ;
#1318 = EDGE_CURVE ( 'NONE', #313, #1693, #1080, .T. ) ;
#1319 = DIRECTION ( 'NONE',  ( 0.000000000000000000, 1.000000000000000000, 0.000000000000000000 ) ) ;
#1320 = ORIENTED_EDGE ( 'NONE', *, *, #1242, .T. ) ;
#1321 = DIRECTION ( 'NONE',  ( -0.000000000000000000, -0.000000000000000000, -1.000000000000000000 ) ) ;
#1322 = ORIENTED_EDGE ( 'NONE', *, *, #677, .F. ) ;
#1323 = DIRECTION ( 'NONE',  ( -1.000000000000000000, 0.000000000000000000, 0.000000000000000000 ) ) ;
#1324 = DIRECTION ( 'NONE',  ( -1.000000000000000000, 0.000000000000000000, 0.000000000000000000 ) ) ;
#1325 = AXIS2_PLACEMENT_3D ( 'NONE', #1349, #1207, #1380 ) ;
#1326 = CARTESIAN_POINT ( 'NONE',  ( -12.74592238986123327, 16.68956148110651938, -5.000000000000000000 ) ) ;
#1327 = CIRCLE ( 'NONE', #455, 21.00000000000000355 ) ;
#1328 = FACE_OUTER_BOUND ( 'NONE', #1227, .T. ) ;
#1329 = AXIS2_PLACEMENT_3D ( 'NONE', #1352, #1313, #289 ) ;
#1330 = ADVANCED_FACE ( 'NONE', ( #315 ), #928, .F. ) ;
#1331 = ORIENTED_EDGE ( 'NONE', *, *, #1206, .F. ) ;
#1332 = CARTESIAN_POINT ( 'NONE',  ( 0.000000000000000000, 0.000000000000000000, 0.000000000000000000 ) ) ;
#1333 = AXIS2_PLACEMENT_3D ( 'NONE', #1827, #758, #896 ) ;
#1334 = EDGE_CURVE ( 'NONE', #1058, #738, #622, .T. ) ;
#1335 = VECTOR ( 'NONE', #1236, 1000.000000000000000 ) ;
#1336 = ORIENTED_EDGE ( 'NONE', *, *, #70, .T. ) ;
#1337 = CYLINDRICAL_SURFACE ( 'NONE', #271, 2.999999999999999112 ) ;
#1338 = CARTESIAN_POINT ( 'NONE',  ( 0.3911660342243725719, 3.982018120374981152, -48.34852009518789373 ) ) ;
#1339 = CARTESIAN_POINT ( 'NONE',  ( 15.50000000000000000, 15.50000000000000000, -10.00000000000000000 ) ) ;
#1340 = ORIENTED_EDGE ( 'NONE', *, *, #666, .T. ) ;
#1341 = ORIENTED_EDGE ( 'NONE', *, *, #1218, .F. ) ;
#1342 = PLANE ( 'NONE',  #1169 ) ;
#1343 = EDGE_LOOP ( 'NONE', ( #99, #407, #460, #573 ) ) ;
#1344 = EDGE_CURVE ( 'NONE', #777, #376, #436, .T. ) ;
#1345 = DIRECTION ( 'NONE',  ( 0.000000000000000000, 0.000000000000000000, 1.000000000000000000 ) ) ;
#1346 = EDGE_CURVE ( 'NONE', #1552, #1444, #1050, .T. ) ;
#1347 = FACE_OUTER_BOUND ( 'NONE', #113, .T. ) ;
#1348 = CARTESIAN_POINT ( 'NONE',  ( 20.99999999999999645, -18.00000000000000711, 4.700000000000000178 ) ) ;
#1349 = CARTESIAN_POINT ( 'NONE',  ( 0.000000000000000000, 0.000000000000000000, 0.000000000000000000 ) ) ;
#1350 = DIRECTION ( 'NONE',  ( -1.000000000000000000, 0.000000000000000000, 0.000000000000000000 ) ) ;
#1351 = ORIENTED_EDGE ( 'NONE', *, *, #887, .F. ) ;
#1352 = CARTESIAN_POINT ( 'NONE',  ( -1.500000000000000444, 1.000000000000000000, -60.79999999999999005 ) ) ;
#1353 = CARTESIAN_POINT ( 'NONE',  ( 0.000000000000000000, 0.000000000000000000, 0.000000000000000000 ) ) ;
#1354 = DIRECTION ( 'NONE',  ( 0.000000000000000000, 0.000000000000000000, 1.000000000000000000 ) ) ;
#1355 = EDGE_LOOP ( 'NONE', ( #1807, #25, #1118, #274 ) ) ;
#1356 = CIRCLE ( 'NONE', #1066, 2.000000000000000444 ) ;
#1357 = CIRCLE ( 'NONE', #269, 2.000000000000000444 ) ;
#1358 = ORIENTED_EDGE ( 'NONE', *, *, #1307, .F. ) ;
#1359 = DIRECTION ( 'NONE',  ( -0.000000000000000000, -0.000000000000000000, 1.000000000000000000 ) ) ;
#1360 =( GEOMETRIC_REPRESENTATION_CONTEXT ( 3 ) GLOBAL_UNCERTAINTY_ASSIGNED_CONTEXT ( ( #732 ) ) GLOBAL_UNIT_ASSIGNED_CONTEXT ( ( #1582, #1128, #387 ) ) REPRESENTATION_CONTEXT ( 'NONE', 'WORKASPACE' ) );
#1361 = EDGE_LOOP ( 'NONE', ( #1749, #993, #64, #522 ) ) ;
#1362 = VERTEX_POINT ( 'NONE', #654 ) ;
#1363 = AXIS2_PLACEMENT_3D ( 'NONE', #1600, #222, #1725 ) ;
#1364 = DIRECTION ( 'NONE',  ( -0.000000000000000000, 1.000000000000000000, 0.000000000000000000 ) ) ;
#1365 = CIRCLE ( 'NONE', #1333, 21.00000000000000355 ) ;
#1366 = CARTESIAN_POINT ( 'NONE',  ( 0.000000000000000000, 0.000000000000000000, -45.79999999999999005 ) ) ;
#1367 = AXIS2_PLACEMENT_3D ( 'NONE', #755, #1840, #901 ) ;
#1368 = CARTESIAN_POINT ( 'NONE',  ( 1.500000000000002442, 1.000000000000000000, -49.79999999999999716 ) ) ;
#1369 = ORIENTED_EDGE ( 'NONE', *, *, #764, .F. ) ;
#1370 = EDGE_CURVE ( 'NONE', #1737, #386, #1041, .T. ) ;
#1371 = ORIENTED_EDGE ( 'NONE', *, *, #1096, .F. ) ;
#1372 = FACE_OUTER_BOUND ( 'NONE', #813, .T. ) ;
#1373 = VERTEX_POINT ( 'NONE', #1597 ) ;
#1374 = CARTESIAN_POINT ( 'NONE',  ( 2.000000000000000444, 17.50000000000000355, -36.29999999999999005 ) ) ;
#1375 = B_SPLINE_CURVE_WITH_KNOTS ( 'NONE', 3,
 ( #992, #560, #1768, #839, #1014, #231, #709, #1314, #1456, #692, #1338, #1593, #243, #1942 ),
 .UNSPECIFIED., .F., .F.,
 ( 4, 2, 2, 2, 2, 2, 4 ),
 ( 0.000000000000000000, 0.0002959152902203689519, 0.0005918305804407379038, 0.001183661160881475808, 0.001775491741322213169, 0.002071407031542577947, 0.002367322321762942508 ),
 .UNSPECIFIED. ) ;
#1376 = DIRECTION ( 'NONE',  ( -0.000000000000000000, -0.000000000000000000, -1.000000000000000000 ) ) ;
#1377 = CARTESIAN_POINT ( 'NONE',  ( -16.68956148110652293, 12.74592238986122972, 0.000000000000000000 ) ) ;
#1378 = EDGE_LOOP ( 'NONE', ( #1790, #390, #1171 ) ) ;
#1379 = EDGE_CURVE ( 'NONE', #738, #832, #497, .T. ) ;
#1380 = DIRECTION ( 'NONE',  ( -1.000000000000000000, 0.000000000000000000, 0.000000000000000000 ) ) ;
#1381 = FACE_OUTER_BOUND ( 'NONE', #1296, .T. ) ;
#1382 = ORIENTED_EDGE ( 'NONE', *, *, #1131, .T. ) ;
#1383 = DIRECTION ( 'NONE',  ( 0.000000000000000000, 0.000000000000000000, 1.000000000000000000 ) ) ;
#1384 = CARTESIAN_POINT ( 'NONE',  ( 0.000000000000000000, 0.000000000000000000, -9.999999999999994671 ) ) ;
#1385 = LINE ( 'NONE', #8, #1754 ) ;
#1386 = DIRECTION ( 'NONE',  ( -1.000000000000000000, 0.000000000000000000, -0.000000000000000000 ) ) ;
#1387 = ORIENTED_EDGE ( 'NONE', *, *, #1687, .F. ) ;
#1388 = ORIENTED_EDGE ( 'NONE', *, *, #986, .T. ) ;
#1389 = FACE_OUTER_BOUND ( 'NONE', #329, .T. ) ;
#1390 = EDGE_CURVE ( 'NONE', #1467, #336, #1498, .T. ) ;
#1391 = AXIS2_PLACEMENT_3D ( 'NONE', #736, #285, #1197 ) ;
#1392 = EDGE_LOOP ( 'NONE', ( #448, #1158, #488, #330 ) ) ;
#1393 = DIRECTION ( 'NONE',  ( 0.000000000000000000, 0.000000000000000000, 1.000000000000000000 ) ) ;
#1394 = VECTOR ( 'NONE', #1083, 1000.000000000000000 ) ;
#1395 = EDGE_CURVE ( 'NONE', #1373, #384, #85, .T. ) ;
#1396 = CIRCLE ( 'NONE', #879, 1.749999999999999778 ) ;
#1397 = FACE_OUTER_BOUND ( 'NONE', #26, .T. ) ;
#1398 = AXIS2_PLACEMENT_3D ( 'NONE', #1198, #1179, #1311 ) ;
#1399 = AXIS2_PLACEMENT_3D ( 'NONE', #1893, #783, #1706 ) ;
#1400 = LINE ( 'NONE', #1286, #690 ) ;
#1401 = ORIENTED_EDGE ( 'NONE', *, *, #1586, .T. ) ;
#1402 = LINE ( 'NONE', #23, #1550 ) ;
#1403 = CARTESIAN_POINT ( 'NONE',  ( 0.000000000000000000, 0.000000000000000000, -64.29999999999999716 ) ) ;
#1404 = ORIENTED_EDGE ( 'NONE', *, *, #287, .F. ) ;
#1405 = CARTESIAN_POINT ( 'NONE',  ( 17.50000000000000355, 0.000000000000000000, -36.29999999999999005 ) ) ;
#1406 = EDGE_CURVE ( 'NONE', #546, #88, #1117, .T. ) ;
#1407 = EDGE_CURVE ( 'NONE', #818, #1667, #949, .T. ) ;
#1408 = DIRECTION ( 'NONE',  ( -0.7071067811865471286, 0.7071067811865479058, -0.000000000000000000 ) ) ;
#1409 = CARTESIAN_POINT ( 'NONE',  ( -1.299777407569388643, 3.783363444602634296, -49.04497692518512508 ) ) ;
#1410 = ORIENTED_EDGE ( 'NONE', *, *, #591, .F. ) ;
#1411 = VERTEX_POINT ( 'NONE', #1865 ) ;
#1412 = DIRECTION ( 'NONE',  ( 0.000000000000000000, 0.000000000000000000, -1.000000000000000000 ) ) ;
#1413 = CARTESIAN_POINT ( 'NONE',  ( 17.99999999999999645, -21.00000000000000355, 4.700000000000000178 ) ) ;
#1414 = EDGE_LOOP ( 'NONE', ( #730, #944, #1486, #796 ) ) ;
#1415 = DIRECTION ( 'NONE',  ( 1.000000000000000000, 0.000000000000000000, 0.000000000000000000 ) ) ;
#1416 = CARTESIAN_POINT ( 'NONE',  ( 12.74592238986122972, 16.68956148110651228, 0.000000000000000000 ) ) ;
#1417 = EDGE_CURVE ( 'NONE', #1613, #696, #1739, .T. ) ;
#1418 = CARTESIAN_POINT ( 'NONE',  ( -12.49999999999999467, -15.50000000000000355, -10.00000000000000000 ) ) ;
#1419 = VERTEX_POINT ( 'NONE', #198 ) ;
#1420 = CARTESIAN_POINT ( 'NONE',  ( 0.000000000000000000, 0.000000000000000000, -45.79999999999999005 ) ) ;
#1421 = CARTESIAN_POINT ( 'NONE',  ( -0.1985545554739490959, 3.996253239192050000, -62.29009009587907286 ) ) ;
#1422 = VERTEX_POINT ( 'NONE', #188 ) ;
#1423 = CARTESIAN_POINT ( 'NONE',  ( -21.00000000000000355, -18.00000000000000711, 4.700000000000000178 ) ) ;
#1424 = AXIS2_PLACEMENT_3D ( 'NONE', #1664, #293, #903 ) ;
#1425 = AXIS2_PLACEMENT_3D ( 'NONE', #246, #1596, #1661 ) ;
#1426 = LINE ( 'NONE', #1744, #489 ) ;
#1427 = CIRCLE ( 'NONE', #556, 3.500000000000000000 ) ;
#1428 = CIRCLE ( 'NONE', #881, 2.999999999999999112 ) ;
#1429 = CARTESIAN_POINT ( 'NONE',  ( -0.4860088174973326014, 3.971437836564502000, -48.37746972621399522 ) ) ;
#1430 = ORIENTED_EDGE ( 'NONE', *, *, #1096, .T. ) ;
#1431 = VECTOR ( 'NONE', #1147, 1000.000000000000000 ) ;
#1432 = EDGE_CURVE ( 'NONE', #1538, #1703, #756, .T. ) ;
#1433 = CARTESIAN_POINT ( 'NONE',  ( 20.99999999999999289, 2.023844055306274286E-15, 0.000000000000000000 ) ) ;
#1434 = ADVANCED_FACE ( 'NONE', ( #512 ), #1710, .F. ) ;
#1435 = CARTESIAN_POINT ( 'NONE',  ( 17.25000000000000355, -15.50000000000000000, -5.299999999999999822 ) ) ;
#1436 = ORIENTED_EDGE ( 'NONE', *, *, #1253, .F. ) ;
#1437 = CARTESIAN_POINT ( 'NONE',  ( 19.50000000000000355, 2.449293598294707400E-16, -46.29999999999999716 ) ) ;
#1438 = FILL_AREA_STYLE ('',( #1468 ) ) ;
#1439 = DIRECTION ( 'NONE',  ( 0.000000000000000000, 0.000000000000000000, -1.000000000000000000 ) ) ;
#1440 = ORIENTED_EDGE ( 'NONE', *, *, #528, .F. ) ;
#1441 = DIRECTION ( 'NONE',  ( -0.000000000000000000, -0.000000000000000000, 1.000000000000000000 ) ) ;
#1442 = CARTESIAN_POINT ( 'NONE',  ( 1.459366800717196710, 3.725141062023465732, -61.19792853447828662 ) ) ;
#1443 = EDGE_CURVE ( 'NONE', #1819, #1310, #628, .T. ) ;
#1444 = VERTEX_POINT ( 'NONE', #483 ) ;
#1445 = DIRECTION ( 'NONE',  ( 0.000000000000000000, 0.000000000000000000, 1.000000000000000000 ) ) ;
#1446 = FACE_OUTER_BOUND ( 'NONE', #1764, .T. ) ;
#1447 = FACE_OUTER_BOUND ( 'NONE', #1343, .T. ) ;
#1448 = ORIENTED_EDGE ( 'NONE', *, *, #570, .T. ) ;
#1449 = DIRECTION ( 'NONE',  ( 0.000000000000000000, 0.000000000000000000, 1.000000000000000000 ) ) ;
#1450 = CARTESIAN_POINT ( 'NONE',  ( -0.9239534632871729825, 3.894416520768507972, -61.99742582362139132 ) ) ;
#1451 = ORIENTED_EDGE ( 'NONE', *, *, #1696, .F. ) ;
#1452 = CARTESIAN_POINT ( 'NONE',  ( 0.000000000000000000, 0.000000000000000000, -63.79999999999999716 ) ) ;
#1453 = CARTESIAN_POINT ( 'NONE',  ( 15.50000000000000000, 15.50000000000000000, 0.000000000000000000 ) ) ;
#1454 = ADVANCED_FACE ( 'NONE', ( #375 ), #1482, .T. ) ;
#1455 = CIRCLE ( 'NONE', #1424, 1.500000000000001332 ) ;
#1456 = CARTESIAN_POINT ( 'NONE',  ( 0.7572595209765962121, 3.931891639686504902, -48.49052408207035825 ) ) ;
#1457 = ORIENTED_EDGE ( 'NONE', *, *, #960, .F. ) ;
#1458 = CIRCLE ( 'NONE', #1069, 1.750000000000001554 ) ;
#1459 = AXIS2_PLACEMENT_3D ( 'NONE', #1553, #1393, #938 ) ;
#1460 = DIRECTION ( 'NONE',  ( 0.000000000000000000, 0.000000000000000000, 1.000000000000000000 ) ) ;
#1461 = LINE ( 'NONE', #1005, #18 ) ;
#1462 = AXIS2_PLACEMENT_3D ( 'NONE', #1958, #258, #997 ) ;
#1463 = VERTEX_POINT ( 'NONE', #247 ) ;
#1464 = VECTOR ( 'NONE', #360, 1000.000000000000000 ) ;
#1465 = DIRECTION ( 'NONE',  ( -1.000000000000000000, 0.000000000000000000, -0.000000000000000000 ) ) ;
#1466 = VECTOR ( 'NONE', #751, 1000.000000000000000 ) ;
#1467 = VERTEX_POINT ( 'NONE', #563 ) ;
#1468 = FILL_AREA_STYLE_COLOUR ( '', #1134 ) ;
#1469 = EDGE_CURVE ( 'NONE', #380, #777, #1461, .T. ) ;
#1470 = EDGE_CURVE ( 'NONE', #1310, #15, #726, .T. ) ;
#1471 = DIRECTION ( 'NONE',  ( 0.000000000000000000, 0.000000000000000000, 1.000000000000000000 ) ) ;
#1472 = ORIENTED_EDGE ( 'NONE', *, *, #1346, .T. ) ;
#1473 = CARTESIAN_POINT ( 'NONE',  ( 13.75000000000000178, -15.50000000000000000, 0.000000000000000000 ) ) ;
#1474 = DIRECTION ( 'NONE',  ( -0.7071067811865471286, 0.7071067811865479058, -0.000000000000000000 ) ) ;
#1475 = VERTEX_POINT ( 'NONE', #87 ) ;
#1476 = PLANE ( 'NONE',  #752 ) ;
#1477 = ORIENTED_EDGE ( 'NONE', *, *, #1838, .F. ) ;
#1478 = CARTESIAN_POINT ( 'NONE',  ( 16.68956148110651938, -12.74592238986123149, -10.00000000000000000 ) ) ;
#1479 = DIRECTION ( 'NONE',  ( 0.000000000000000000, 0.000000000000000000, 1.000000000000000000 ) ) ;
#1480 = ADVANCED_FACE ( 'NONE', ( #534 ), #262, .F. ) ;
#1481 = DIRECTION ( 'NONE',  ( 0.000000000000000000, 0.000000000000000000, 1.000000000000000000 ) ) ;
#1482 = CYLINDRICAL_SURFACE ( 'NONE', #1013, 21.00000000000000355 ) ;
#1483 = ADVANCED_FACE ( 'NONE', ( #1016 ), #382, .F. ) ;
#1484 = ORIENTED_EDGE ( 'NONE', *, *, #1379, .T. ) ;
#1485 = CARTESIAN_POINT ( 'NONE',  ( 2.000000000000000444, -17.50000000000000355, -46.29999999999999716 ) ) ;
#1486 = ORIENTED_EDGE ( 'NONE', *, *, #240, .T. ) ;
#1487 = CARTESIAN_POINT ( 'NONE',  ( -21.00000000000000355, 2.571758278209442056E-15, -46.29999999999999716 ) ) ;
#1488 = DIRECTION ( 'NONE',  ( -1.000000000000000000, 0.000000000000000000, 8.260587980841937547E-17 ) ) ;
#1489 = CIRCLE ( 'NONE', #1873, 21.00000000000000355 ) ;
#1490 = VECTOR ( 'NONE', #1376, 1000.000000000000000 ) ;
#1491 = FACE_OUTER_BOUND ( 'NONE', #132, .T. ) ;
#1492 = VERTEX_POINT ( 'NONE', #1927 ) ;
#1493 = CIRCLE ( 'NONE', #847, 21.00000000000000355 ) ;
#1494 = ADVANCED_FACE ( 'NONE', ( #1946 ), #1804, .T. ) ;
#1495 = ADVANCED_FACE ( 'NONE', ( #1935 ), #96, .F. ) ;
#1496 = ORIENTED_EDGE ( 'NONE', *, *, #1912, .T. ) ;
#1497 = CYLINDRICAL_SURFACE ( 'NONE', #1398, 3.000000000000000888 ) ;
#1498 = CIRCLE ( 'NONE', #527, 1.749999999999999778 ) ;
#1499 = ORIENTED_EDGE ( 'NONE', *, *, #568, .F. ) ;
#1500 = DIRECTION ( 'NONE',  ( -0.000000000000000000, -0.000000000000000000, -1.000000000000000000 ) ) ;
#1501 = AXIS2_PLACEMENT_3D ( 'NONE', #822, #1439, #63 ) ;
#1502 = CARTESIAN_POINT ( 'NONE',  ( 17.25000000000000355, -15.50000000000000000, 0.000000000000000000 ) ) ;
#1503 = ORIENTED_EDGE ( 'NONE', *, *, #1851, .F. ) ;
#1504 = CARTESIAN_POINT ( 'NONE',  ( 1.500000000000002442, 3.708099243547830159, -49.79999999999999716 ) ) ;
#1505 = PLANE ( 'NONE',  #1009 ) ;
#1506 = EDGE_CURVE ( 'NONE', #719, #1575, #1626, .T. ) ;
#1507 = ORIENTED_EDGE ( 'NONE', *, *, #1334, .F. ) ;
#1508 = FACE_OUTER_BOUND ( 'NONE', #1866, .T. ) ;
#1509 =( NAMED_UNIT ( * ) PLANE_ANGLE_UNIT ( ) SI_UNIT ( $, .RADIAN. ) );
#1510 = DIRECTION ( 'NONE',  ( -0.000000000000000000, 1.000000000000000000, 0.000000000000000000 ) ) ;
#1511 = VERTEX_POINT ( 'NONE', #234 ) ;
#1512 = ORIENTED_EDGE ( 'NONE', *, *, #443, .F. ) ;
#1513 = DIRECTION ( 'NONE',  ( -0.000000000000000000, -0.000000000000000000, 1.000000000000000000 ) ) ;
#1514 = ORIENTED_EDGE ( 'NONE', *, *, #1633, .T. ) ;
#1515 = CARTESIAN_POINT ( 'NONE',  ( 19.50000000000000355, 2.449293598294705921E-16, -36.29999999999999005 ) ) ;
#1516 = ADVANCED_FACE ( 'NONE', ( #1328 ), #414, .F. ) ;
#1517 = DIRECTION ( 'NONE',  ( -0.000000000000000000, 1.000000000000000000, 0.000000000000000000 ) ) ;
#1518 = CARTESIAN_POINT ( 'NONE',  ( 16.68956148110651938, 12.74592238986123327, -10.00000000000000000 ) ) ;
#1519 = ORIENTED_EDGE ( 'NONE', *, *, #70, .F. ) ;
#1520 = AXIS2_PLACEMENT_3D ( 'NONE', #205, #1547, #1136 ) ;
#1521 = AXIS2_PLACEMENT_3D ( 'NONE', #86, #1795, #1212 ) ;
#1522 = CARTESIAN_POINT ( 'NONE',  ( 0.000000000000000000, 17.50000000000000355, -46.29999999999999716 ) ) ;
#1523 = DIRECTION ( 'NONE',  ( 1.000000000000000000, 0.000000000000000000, 0.000000000000000000 ) ) ;
#1524 = AXIS2_PLACEMENT_3D ( 'NONE', #829, #1445, #1273 ) ;
#1525 = ORIENTED_EDGE ( 'NONE', *, *, #754, .T. ) ;
#1526 = AXIS2_PLACEMENT_3D ( 'NONE', #889, #89, #425 ) ;
#1527 = CARTESIAN_POINT ( 'NONE',  ( -1.499999999999999778, 1.000000000000000000, -49.79999999999999716 ) ) ;
#1528 = AXIS2_PLACEMENT_3D ( 'NONE', #711, #871, #1032 ) ;
#1529 = LINE ( 'NONE', #1860, #1394 ) ;
#1530 = APPLICATION_PROTOCOL_DEFINITION ( 'draft international standard', 'automotive_design', 1998, #463 ) ;
#1531 = CARTESIAN_POINT ( 'NONE',  ( 0.000000000000000000, 0.000000000000000000, -46.29999999999999716 ) ) ;
#1532 = CARTESIAN_POINT ( 'NONE',  ( 0.000000000000000000, 0.000000000000000000, -9.999999999999994671 ) ) ;
#1533 = DIRECTION ( 'NONE',  ( -0.000000000000000000, -0.000000000000000000, -1.000000000000000000 ) ) ;
#1534 = ORIENTED_EDGE ( 'NONE', *, *, #1633, .F. ) ;
#1535 = LINE ( 'NONE', #485, #1943 ) ;
#1536 = DIRECTION ( 'NONE',  ( 0.000000000000000000, 0.000000000000000000, 1.000000000000000000 ) ) ;
#1537 = FACE_OUTER_BOUND ( 'NONE', #1657, .T. ) ;
#1538 = VERTEX_POINT ( 'NONE', #1309 ) ;
#1539 = ADVANCED_FACE ( 'NONE', ( #1491 ), #551, .T. ) ;
#1540 = CARTESIAN_POINT ( 'NONE',  ( 13.74999999999999822, 15.50000000000000000, 4.700000000000000178 ) ) ;
#1541 = DIRECTION ( 'NONE',  ( 0.000000000000000000, 0.000000000000000000, -1.000000000000000000 ) ) ;
#1542 = ORIENTED_EDGE ( 'NONE', *, *, #411, .F. ) ;
#1543 = CARTESIAN_POINT ( 'NONE',  ( -2.000000000000000444, 17.50000000000000355, -36.29999999999999005 ) ) ;
#1544 = CARTESIAN_POINT ( 'NONE',  ( 0.000000000000000000, 0.000000000000000000, -9.999999999999994671 ) ) ;
#1545 = DIRECTION ( 'NONE',  ( 1.000000000000000000, 0.000000000000000000, 0.000000000000000000 ) ) ;
#1546 = ORIENTED_EDGE ( 'NONE', *, *, #1951, .T. ) ;
#1547 = DIRECTION ( 'NONE',  ( 1.000000000000000000, 0.000000000000000000, -1.182766006347823602E-16 ) ) ;
#1548 = DIRECTION ( 'NONE',  ( 0.7071067811865479058, 0.7071067811865471286, 0.000000000000000000 ) ) ;
#1549 = EDGE_CURVE ( 'NONE', #1373, #707, #1955, .T. ) ;
#1550 = VECTOR ( 'NONE', #1257, 1000.000000000000000 ) ;
#1551 = EDGE_CURVE ( 'NONE', #696, #216, #1683, .T. ) ;
#1552 = VERTEX_POINT ( 'NONE', #1502 ) ;
#1553 = CARTESIAN_POINT ( 'NONE',  ( 15.50000000000000355, -15.50000000000000000, -10.00000000000000000 ) ) ;
#1554 = AXIS2_PLACEMENT_3D ( 'NONE', #37, #646, #340 ) ;
#1555 = VECTOR ( 'NONE', #721, 1000.000000000000000 ) ;
#1556 = CARTESIAN_POINT ( 'NONE',  ( 17.99999999999999645, 21.00000000000000000, 0.000000000000000000 ) ) ;
#1557 = VECTOR ( 'NONE', #1027, 1000.000000000000000 ) ;
#1558 = AXIS2_PLACEMENT_3D ( 'NONE', #1771, #1319, #543 ) ;
#1559 = CARTESIAN_POINT ( 'NONE',  ( -1.129820540579074883, 3.837783534646922678, -48.80856012755550921 ) ) ;
#1560 = ORIENTED_EDGE ( 'NONE', *, *, #1813, .T. ) ;
#1561 = EDGE_LOOP ( 'NONE', ( #1387, #1702, #1276, #5 ) ) ;
#1562 = CARTESIAN_POINT ( 'NONE',  ( -18.00000000000001066, 21.00000000000000000, 4.700000000000000178 ) ) ;
#1563 = CARTESIAN_POINT ( 'NONE',  ( 0.09711534435797956888, 4.000042869560547665, -62.30011431889528239 ) ) ;
#1564 = ORIENTED_EDGE ( 'NONE', *, *, #616, .T. ) ;
#1565 = DIRECTION ( 'NONE',  ( 0.000000000000000000, 0.000000000000000000, -1.000000000000000000 ) ) ;
#1566 = DIRECTION ( 'NONE',  ( 1.000000000000000000, 0.000000000000000000, 0.000000000000000000 ) ) ;
#1567 = CARTESIAN_POINT ( 'NONE',  ( 0.000000000000000000, 17.50000000000000355, -46.29999999999999716 ) ) ;
#1568 = ORIENTED_EDGE ( 'NONE', *, *, #702, .T. ) ;
#1569 = CARTESIAN_POINT ( 'NONE',  ( 0.000000000000000000, 0.000000000000000000, 0.000000000000000000 ) ) ;
#1570 = DIRECTION ( 'NONE',  ( -1.000000000000000000, 0.000000000000000000, 0.000000000000000000 ) ) ;
#1571 = ORIENTED_EDGE ( 'NONE', *, *, #506, .F. ) ;
#1572 = DIRECTION ( 'NONE',  ( 9.856383386231862525E-17, 0.000000000000000000, 1.000000000000000000 ) ) ;
#1573 = ADVANCED_FACE ( 'NONE', ( #122, #1299, #1918, #995, #695, #857 ), #1165, .F. ) ;
#1574 = FACE_OUTER_BOUND ( 'NONE', #1133, .T. ) ;
#1575 = VERTEX_POINT ( 'NONE', #609 ) ;
#1576 = LINE ( 'NONE', #65, #1641 ) ;
#1577 = DIRECTION ( 'NONE',  ( 0.000000000000000000, 0.000000000000000000, 1.000000000000000000 ) ) ;
#1578 = ORIENTED_EDGE ( 'NONE', *, *, #1072, .F. ) ;
#1579 = DIRECTION ( 'NONE',  ( 0.000000000000000000, 0.000000000000000000, -1.000000000000000000 ) ) ;
#1580 = VECTOR ( 'NONE', #593, 1000.000000000000000 ) ;
#1581 = AXIS2_PLACEMENT_3D ( 'NONE', #356, #983, #830 ) ;
#1582 =( LENGTH_UNIT ( ) NAMED_UNIT ( * ) SI_UNIT ( .MILLI., .METRE. ) );
#1583 = AXIS2_PLACEMENT_3D ( 'NONE', #1452, #210, #1149 ) ;
#1584 = LINE ( 'NONE', #984, #1078 ) ;
#1585 = VERTEX_POINT ( 'NONE', #924 ) ;
#1586 = EDGE_CURVE ( 'NONE', #1928, #15, #1992, .T. ) ;
#1587 = AXIS2_PLACEMENT_3D ( 'NONE', #1339, #1176, #256 ) ;
#1588 = DIRECTION ( 'NONE',  ( -1.000000000000000000, 0.000000000000000000, 0.000000000000000000 ) ) ;
#1589 = CARTESIAN_POINT ( 'NONE',  ( 1.190824521956175053, 3.819058221478680792, -61.71729556557403384 ) ) ;
#1590 = VERTEX_POINT ( 'NONE', #579 ) ;
#1591 = CYLINDRICAL_SURFACE ( 'NONE', #1524, 21.00000000000000355 ) ;
#1592 = DIRECTION ( 'NONE',  ( -0.000000000000000000, -0.000000000000000000, -1.000000000000000000 ) ) ;
#1593 = CARTESIAN_POINT ( 'NONE',  ( 0.1969708272956876283, 3.996333528438284155, -48.30969557687074456 ) ) ;
#1594 = ORIENTED_EDGE ( 'NONE', *, *, #1407, .F. ) ;
#1595 = ADVANCED_FACE ( 'NONE', ( #283 ), #1823, .T. ) ;
#1596 = DIRECTION ( 'NONE',  ( 8.260587980841937547E-17, -0.000000000000000000, 1.000000000000000000 ) ) ;
#1597 = CARTESIAN_POINT ( 'NONE',  ( 0.000000000000000000, 21.00000000000000000, 0.000000000000000000 ) ) ;
#1598 = EDGE_CURVE ( 'NONE', #1870, #1800, #1194, .T. ) ;
#1599 = ORIENTED_EDGE ( 'NONE', *, *, #1249, .T. ) ;
#1600 = CARTESIAN_POINT ( 'NONE',  ( 17.50000000000000355, 0.000000000000000000, -46.29999999999999716 ) ) ;
#1601 = DIRECTION ( 'NONE',  ( -0.000000000000000000, -0.000000000000000000, 1.000000000000000000 ) ) ;
#1602 = DIRECTION ( 'NONE',  ( -0.000000000000000000, -0.000000000000000000, 1.000000000000000000 ) ) ;
#1603 = ORIENTED_EDGE ( 'NONE', *, *, #1192, .T. ) ;
#1604 = PLANE ( 'NONE',  #809 ) ;
#1605 = CARTESIAN_POINT ( 'NONE',  ( 1.500000000000000666, 3.708099243547831048, -64.29999999999999716 ) ) ;
#1606 = ORIENTED_EDGE ( 'NONE', *, *, #616, .F. ) ;
#1607 = CARTESIAN_POINT ( 'NONE',  ( -21.00000000000000355, 2.571758278209442056E-15, -9.999999999999992895 ) ) ;
#1608 = EDGE_CURVE ( 'NONE', #636, #1650, #981, .T. ) ;
#1609 = VERTEX_POINT ( 'NONE', #1377 ) ;
#1610 = CARTESIAN_POINT ( 'NONE',  ( -15.49999999999999467, -15.50000000000000355, 0.000000000000000000 ) ) ;
#1611 = AXIS2_PLACEMENT_3D ( 'NONE', #374, #841, #391 ) ;
#1612 = CARTESIAN_POINT ( 'NONE',  ( 0.000000000000000000, 0.000000000000000000, -36.29999999999999005 ) ) ;
#1613 = VERTEX_POINT ( 'NONE', #1518 ) ;
#1614 = AXIS2_PLACEMENT_3D ( 'NONE', #438, #1345, #861 ) ;
#1615 = LINE ( 'NONE', #1326, #1970 ) ;
#1616 = CARTESIAN_POINT ( 'NONE',  ( -18.00000000000000355, -21.00000000000000355, 4.700000000000000178 ) ) ;
#1617 = VECTOR ( 'NONE', #105, 1000.000000000000000 ) ;
#1618 = ORIENTED_EDGE ( 'NONE', *, *, #923, .T. ) ;
#1619 = AXIS2_PLACEMENT_3D ( 'NONE', #834, #503, #220 ) ;
#1620 = CARTESIAN_POINT ( 'NONE',  ( 17.25000000000000000, 15.50000000000000000, 4.700000000000000178 ) ) ;
#1621 = ORIENTED_EDGE ( 'NONE', *, *, #528, .T. ) ;
#1622 = LINE ( 'NONE', #260, #524 ) ;
#1623 = EDGE_CURVE ( 'NONE', #1444, #1968, #339, .T. ) ;
#1624 = DIRECTION ( 'NONE',  ( 0.000000000000000000, 0.000000000000000000, -1.000000000000000000 ) ) ;
#1625 = CYLINDRICAL_SURFACE ( 'NONE', #77, 1.500000000000001332 ) ;
#1626 = LINE ( 'NONE', #1616, #1140 ) ;
#1627 = ORIENTED_EDGE ( 'NONE', *, *, #1762, .T. ) ;
#1628 = LINE ( 'NONE', #717, #913 ) ;
#1629 = ORIENTED_EDGE ( 'NONE', *, *, #754, .F. ) ;
#1630 = DIRECTION ( 'NONE',  ( -0.000000000000000000, -0.000000000000000000, -1.000000000000000000 ) ) ;
#1631 = LINE ( 'NONE', #224, #435 ) ;
#1632 = EDGE_CURVE ( 'NONE', #249, #1693, #734, .T. ) ;
#1633 = EDGE_CURVE ( 'NONE', #1800, #1828, #592, .T. ) ;
#1634 = DIRECTION ( 'NONE',  ( -0.000000000000000000, 0.000000000000000000, -1.000000000000000000 ) ) ;
#1635 = ORIENTED_EDGE ( 'NONE', *, *, #960, .T. ) ;
#1636 = ORIENTED_EDGE ( 'NONE', *, *, #1793, .F. ) ;
#1637 = DIRECTION ( 'NONE',  ( 0.000000000000000000, 0.000000000000000000, -1.000000000000000000 ) ) ;
#1638 = ORIENTED_EDGE ( 'NONE', *, *, #1925, .F. ) ;
#1639 = FACE_OUTER_BOUND ( 'NONE', #1890, .T. ) ;
#1640 = SHAPE_DEFINITION_REPRESENTATION ( #1278, #1734 ) ;
#1641 = VECTOR ( 'NONE', #673, 1000.000000000000000 ) ;
#1642 = VECTOR ( 'NONE', #931, 1000.000000000000000 ) ;
#1643 = DIRECTION ( 'NONE',  ( -0.7071067811865479058, 0.7071067811865471286, 0.000000000000000000 ) ) ;
#1644 = ORIENTED_EDGE ( 'NONE', *, *, #1344, .F. ) ;
#1645 = ADVANCED_FACE ( 'NONE', ( #599 ), #819, .T. ) ;
#1646 = AXIS2_PLACEMENT_3D ( 'NONE', #1405, #760, #769 ) ;
#1647 = EDGE_LOOP ( 'NONE', ( #1919, #1959, #1144, #1980 ) ) ;
#1648 = LINE ( 'NONE', #280, #1617 ) ;
#1649 = VECTOR ( 'NONE', #133, 1000.000000000000000 ) ;
#1650 = VERTEX_POINT ( 'NONE', #589 ) ;
#1651 = CARTESIAN_POINT ( 'NONE',  ( -12.49999999999999289, -15.50000000000000355, 0.000000000000000000 ) ) ;
#1652 = LINE ( 'NONE', #1030, #917 ) ;
#1653 = FACE_BOUND ( 'NONE', #501, .T. ) ;
#1654 = EDGE_LOOP ( 'NONE', ( #663, #1178, #1401, #727 ) ) ;
#1655 = DIRECTION ( 'NONE',  ( -1.000000000000000000, 0.000000000000000000, 0.000000000000000000 ) ) ;
#1656 = CARTESIAN_POINT ( 'NONE',  ( 15.50000000000000355, -15.50000000000000000, -5.299999999999999822 ) ) ;
#1657 = EDGE_LOOP ( 'NONE', ( #1952, #35, #47, #596, #31, #162 ) ) ;
#1658 = ADVANCED_FACE ( 'NONE', ( #1984 ), #1811, .T. ) ;
#1659 = ORIENTED_EDGE ( 'NONE', *, *, #715, .T. ) ;
#1660 = LINE ( 'NONE', #1931, #1166 ) ;
#1661 = DIRECTION ( 'NONE',  ( -1.000000000000000000, 1.776356839400250465E-15, 8.260587980841937547E-17 ) ) ;
#1662 = DIRECTION ( 'NONE',  ( 0.000000000000000000, 0.000000000000000000, 1.000000000000000000 ) ) ;
#1663 = ORIENTED_EDGE ( 'NONE', *, *, #42, .F. ) ;
#1664 = CARTESIAN_POINT ( 'NONE',  ( 9.925112563700967759E-16, 1.000000000000000000, -49.79999999999999716 ) ) ;
#1665 = CARTESIAN_POINT ( 'NONE',  ( 15.50000000000000000, 15.50000000000000000, 0.000000000000000000 ) ) ;
#1666 = ORIENTED_EDGE ( 'NONE', *, *, #1889, .T. ) ;
#1667 = VERTEX_POINT ( 'NONE', #741 ) ;
#1668 = EDGE_CURVE ( 'NONE', #1585, #1177, #1075, .T. ) ;
#1669 = CARTESIAN_POINT ( 'NONE',  ( -15.49999999999999467, -15.50000000000000355, 0.000000000000000000 ) ) ;
#1670 = EDGE_CURVE ( 'NONE', #1650, #1819, #1223, .T. ) ;
#1671 = LINE ( 'NONE', #617, #1490 ) ;
#1672 = DIRECTION ( 'NONE',  ( -0.000000000000000000, -0.000000000000000000, 1.000000000000000000 ) ) ;
#1673 = DIRECTION ( 'NONE',  ( 0.000000000000000000, 0.000000000000000000, -1.000000000000000000 ) ) ;
#1674 = ORIENTED_EDGE ( 'NONE', *, *, #127, .T. ) ;
#1675 = AXIS2_PLACEMENT_3D ( 'NONE', #362, #977, #1588 ) ;
#1676 = CIRCLE ( 'NONE', #1843, 0.5000000000000004441 ) ;
#1677 = CARTESIAN_POINT ( 'NONE',  ( 12.74592238986123505, -16.68956148110651583, -10.00000000000000000 ) ) ;
#1678 = CYLINDRICAL_SURFACE ( 'NONE', #1234, 4.000000000000000000 ) ;
#1679 = CIRCLE ( 'NONE', #1814, 21.00000000000000355 ) ;
#1680 = B_SPLINE_CURVE_WITH_KNOTS ( 'NONE', 3,
 ( #1748, #810, #21, #794, #1429, #170, #1245, #632, #1883, #1559, #54, #1409, #1862, #184, #662, #1275 ),
 .UNSPECIFIED., .F., .F.,
 ( 4, 2, 2, 2, 2, 2, 2, 4 ),
 ( 0.002367322321762942508, 0.002662801474185738215, 0.002958280626608533921, 0.003253759779031330061, 0.003549238931454125768, 0.003844718083876921474, 0.004140197236299717615, 0.004731155541145289946 ),
 .UNSPECIFIED. ) ;
#1681 = ORIENTED_EDGE ( 'NONE', *, *, #1813, .F. ) ;
#1682 = FACE_BOUND ( 'NONE', #444, .T. ) ;
#1683 = CIRCLE ( 'NONE', #657, 21.00000000000000355 ) ;
#1684 = ADVANCED_FACE ( 'NONE', ( #1537, #1653 ), #893, .T. ) ;
#1685 = DIRECTION ( 'NONE',  ( 0.000000000000000000, 0.000000000000000000, 1.000000000000000000 ) ) ;
#1686 = AXIS2_PLACEMENT_3D ( 'NONE', #1305, #700, #1803 ) ;
#1687 = EDGE_CURVE ( 'NONE', #1511, #1422, #1832, .T. ) ;
#1688 = DIRECTION ( 'NONE',  ( 0.000000000000000000, 1.000000000000000000, 0.000000000000000000 ) ) ;
#1689 = VERTEX_POINT ( 'NONE', #130 ) ;
#1690 = FACE_OUTER_BOUND ( 'NONE', #305, .T. ) ;
#1691 = CARTESIAN_POINT ( 'NONE',  ( 17.99999999999999645, -21.00000000000000355, 0.000000000000000000 ) ) ;
#1692 = ORIENTED_EDGE ( 'NONE', *, *, #467, .F. ) ;
#1693 = VERTEX_POINT ( 'NONE', #1204 ) ;
#1694 = CARTESIAN_POINT ( 'NONE',  ( -15.50000000000000000, 15.49999999999999645, -10.00000000000000000 ) ) ;
#1695 = FACE_OUTER_BOUND ( 'NONE', #1949, .T. ) ;
#1696 = EDGE_CURVE ( 'NONE', #386, #1609, #1916, .T. ) ;
#1697 = CARTESIAN_POINT ( 'NONE',  ( -4.000000000000000000, 4.898587196589412829E-16, -64.29999999999999716 ) ) ;
#1698 = EDGE_LOOP ( 'NONE', ( #209, #1534 ) ) ;
#1699 = EDGE_CURVE ( 'NONE', #1026, #1287, #114, .T. ) ;
#1700 = VERTEX_POINT ( 'NONE', #803 ) ;
#1701 = DIRECTION ( 'NONE',  ( -0.000000000000000000, -0.000000000000000000, 1.000000000000000000 ) ) ;
#1702 = ORIENTED_EDGE ( 'NONE', *, *, #1838, .T. ) ;
#1703 = VERTEX_POINT ( 'NONE', #500 ) ;
#1704 = DIRECTION ( 'NONE',  ( -0.000000000000000000, -0.000000000000000000, 1.000000000000000000 ) ) ;
#1705 = CARTESIAN_POINT ( 'NONE',  ( 17.50000000000000355, 0.000000000000000000, -36.29999999999999005 ) ) ;
#1706 = DIRECTION ( 'NONE',  ( -1.000000000000000000, 0.000000000000000000, 0.000000000000000000 ) ) ;
#1707 = ORIENTED_EDGE ( 'NONE', *, *, #1406, .F. ) ;
#1708 = EDGE_CURVE ( 'NONE', #1689, #667, #1680, .T. ) ;
#1709 = CARTESIAN_POINT ( 'NONE',  ( -21.00000000000000355, -18.00000000000000711, 4.700000000000000178 ) ) ;
#1710 = PLANE ( 'NONE',  #1882 ) ;
#1711 = CIRCLE ( 'NONE', #1675, 1.999999999999998224 ) ;
#1712 = EDGE_LOOP ( 'NONE', ( #985, #1067, #1525, #1369 ) ) ;
#1713 = DIRECTION ( 'NONE',  ( 1.000000000000000000, 0.000000000000000000, 0.000000000000000000 ) ) ;
#1714 = CIRCLE ( 'NONE', #300, 3.000000000000000888 ) ;
#1715 = CIRCLE ( 'NONE', #1879, 3.000000000000002665 ) ;
#1716 = DIRECTION ( 'NONE',  ( 1.000000000000000000, 0.000000000000000000, 0.000000000000000000 ) ) ;
#1717 = CIRCLE ( 'NONE', #111, 20.50000000000000355 ) ;
#1718 = AXIS2_PLACEMENT_3D ( 'NONE', #1024, #273, #1634 ) ;
#1719 = FACE_OUTER_BOUND ( 'NONE', #1755, .T. ) ;
#1720 = ORIENTED_EDGE ( 'NONE', *, *, #59, .F. ) ;
#1721 = CIRCLE ( 'NONE', #659, 2.000000000000000444 ) ;
#1722 = DIRECTION ( 'NONE',  ( -0.000000000000000000, 1.000000000000000000, 0.000000000000000000 ) ) ;
#1723 = DIRECTION ( 'NONE',  ( 0.000000000000000000, 0.000000000000000000, 1.000000000000000000 ) ) ;
#1724 = EDGE_LOOP ( 'NONE', ( #398, #641, #773, #1578 ) ) ;
#1725 = DIRECTION ( 'NONE',  ( -1.000000000000000000, 0.000000000000000000, 0.000000000000000000 ) ) ;
#1726 = EDGE_CURVE ( 'NONE', #1841, #1362, #1849, .T. ) ;
#1727 = DIRECTION ( 'NONE',  ( 1.000000000000000000, 0.000000000000000000, 0.000000000000000000 ) ) ;
#1728 = DIRECTION ( 'NONE',  ( -9.637352644315594010E-17, 1.000000000000000000, -0.000000000000000000 ) ) ;
#1729 = ORIENTED_EDGE ( 'NONE', *, *, #824, .T. ) ;
#1730 = FACE_OUTER_BOUND ( 'NONE', #1051, .T. ) ;
#1731 = DIRECTION ( 'NONE',  ( 0.000000000000000000, 0.000000000000000000, -1.000000000000000000 ) ) ;
#1732 = ORIENTED_EDGE ( 'NONE', *, *, #970, .F. ) ;
#1733 = DIRECTION ( 'NONE',  ( -1.000000000000000000, 0.000000000000000000, -0.000000000000000000 ) ) ;
#1734 = ADVANCED_BREP_SHAPE_REPRESENTATION ( 'GearBox Nema17', ( #607, #499 ), #1853 ) ;
#1735 = DIRECTION ( 'NONE',  ( -0.000000000000000000, 1.000000000000000000, 0.000000000000000000 ) ) ;
#1736 = DIRECTION ( 'NONE',  ( 1.000000000000000000, 0.000000000000000000, 0.000000000000000000 ) ) ;
#1737 = VERTEX_POINT ( 'NONE', #371 ) ;
#1738 = CARTESIAN_POINT ( 'NONE',  ( -17.25000000000000000, 15.49999999999999645, 4.700000000000000178 ) ) ;
#1739 = LINE ( 'NONE', #643, #1267 ) ;
#1740 = ORIENTED_EDGE ( 'NONE', *, *, #1586, .F. ) ;
#1741 = CARTESIAN_POINT ( 'NONE',  ( 16.68956148110651583, -12.74592238986122972, -5.000000000000000000 ) ) ;
#1742 = AXIS2_PLACEMENT_3D ( 'NONE', #1966, #1064, #1655 ) ;
#1743 = AXIS2_PLACEMENT_3D ( 'NONE', #508, #999, #378 ) ;
#1744 = CARTESIAN_POINT ( 'NONE',  ( -12.74592238986122439, -16.68956148110651583, -5.000000000000000000 ) ) ;
#1745 = AXIS2_PLACEMENT_3D ( 'NONE', #523, #514, #1141 ) ;
#1746 = EDGE_CURVE ( 'NONE', #267, #1968, #1122, .T. ) ;
#1747 = VECTOR ( 'NONE', #595, 1000.000000000000000 ) ;
#1748 = CARTESIAN_POINT ( 'NONE',  ( -1.165561415876760217E-13, 4.000000000000462741, -48.29999999999876792 ) ) ;
#1749 = ORIENTED_EDGE ( 'NONE', *, *, #80, .T. ) ;
#1750 = EDGE_CURVE ( 'NONE', #1199, #925, #882, .T. ) ;
#1751 = VECTOR ( 'NONE', #1132, 1000.000000000000000 ) ;
#1752 = FACE_OUTER_BOUND ( 'NONE', #1392, .T. ) ;
#1753 = CARTESIAN_POINT ( 'NONE',  ( -1.451448827333114977, 3.727429131216206226, -61.19111104717438820 ) ) ;
#1754 = VECTOR ( 'NONE', #578, 1000.000000000000000 ) ;
#1755 = EDGE_LOOP ( 'NONE', ( #295, #539 ) ) ;
#1756 = CARTESIAN_POINT ( 'NONE',  ( 15.50000000000000000, 15.50000000000000000, 0.000000000000000000 ) ) ;
#1757 = PLANE ( 'NONE',  #1581 ) ;
#1758 = LINE ( 'NONE', #379, #1885 ) ;
#1759 = ORIENTED_EDGE ( 'NONE', *, *, #1284, .T. ) ;
#1760 = ADVANCED_FACE ( 'NONE', ( #30 ), #1042, .T. ) ;
#1761 = DIRECTION ( 'NONE',  ( 1.000000000000000000, 0.000000000000000000, 0.000000000000000000 ) ) ;
#1762 = EDGE_CURVE ( 'NONE', #667, #1819, #1400, .T. ) ;
#1763 = DIRECTION ( 'NONE',  ( 0.7071067811865471286, 0.7071067811865479058, -0.000000000000000000 ) ) ;
#1764 = EDGE_LOOP ( 'NONE', ( #1046, #1957, #583, #308 ) ) ;
#1765 = LINE ( 'NONE', #385, #1978 ) ;
#1766 = EDGE_LOOP ( 'NONE', ( #1351, #1594, #759, #1976 ) ) ;
#1767 = SURFACE_STYLE_USAGE ( .BOTH. , #969 ) ;
#1768 = CARTESIAN_POINT ( 'NONE',  ( 1.490074831266012811, 3.712157039306379858, -49.60159926109838580 ) ) ;
#1769 = EDGE_LOOP ( 'NONE', ( #958, #1277 ) ) ;
#1770 = FACE_OUTER_BOUND ( 'NONE', #1724, .T. ) ;
#1771 = CARTESIAN_POINT ( 'NONE',  ( -18.00000000000000355, -21.00000000000000355, 4.700000000000000178 ) ) ;
#1772 = EDGE_CURVE ( 'NONE', #1703, #644, #509, .T. ) ;
#1773 = ORIENTED_EDGE ( 'NONE', *, *, #1506, .T. ) ;
#1774 = FACE_OUTER_BOUND ( 'NONE', #799, .T. ) ;
#1775 = ORIENTED_EDGE ( 'NONE', *, *, #253, .F. ) ;
#1776 = CARTESIAN_POINT ( 'NONE',  ( -15.50000000000000000, 15.49999999999999645, 4.700000000000000178 ) ) ;
#1777 = AXIS2_PLACEMENT_3D ( 'NONE', #1815, #1087, #765 ) ;
#1778 = PRODUCT ( 'GearBox Nema17', 'GearBox Nema17', '', ( #587 ) ) ;
#1779 = CIRCLE ( 'NONE', #1231, 1.749999999999999778 ) ;
#1780 = LINE ( 'NONE', #83, #20 ) ;
#1781 = ORIENTED_EDGE ( 'NONE', *, *, #1370, .F. ) ;
#1782 = AXIS2_PLACEMENT_3D ( 'NONE', #1230, #1848, #466 ) ;
#1783 = VECTOR ( 'NONE', #1929, 1000.000000000000000 ) ;
#1784 = DIRECTION ( 'NONE',  ( 0.7071067811865471286, -0.7071067811865479058, 0.000000000000000000 ) ) ;
#1785 = CARTESIAN_POINT ( 'NONE',  ( 0.000000000000000000, 0.000000000000000000, -46.29999999999999716 ) ) ;
#1786 = AXIS2_PLACEMENT_3D ( 'NONE', #1785, #1354, #319 ) ;
#1787 = EDGE_LOOP ( 'NONE', ( #1603, #902 ) ) ;
#1788 = VECTOR ( 'NONE', #92, 1000.000000000000000 ) ;
#1789 = DIRECTION ( 'NONE',  ( 0.000000000000000000, 0.000000000000000000, -1.000000000000000000 ) ) ;
#1790 = ORIENTED_EDGE ( 'NONE', *, *, #3, .T. ) ;
#1791 = EDGE_CURVE ( 'NONE', #1930, #1700, #1818, .T. ) ;
#1792 = DIRECTION ( 'NONE',  ( 0.000000000000000000, 0.000000000000000000, 1.000000000000000000 ) ) ;
#1793 = EDGE_CURVE ( 'NONE', #1492, #263, #1721, .T. ) ;
#1794 = DIRECTION ( 'NONE',  ( 1.000000000000000000, 0.000000000000000000, 0.000000000000000000 ) ) ;
#1795 = DIRECTION ( 'NONE',  ( -0.000000000000000000, -0.000000000000000000, 1.000000000000000000 ) ) ;
#1796 = DIRECTION ( 'NONE',  ( 1.000000000000000000, 0.000000000000000000, 0.000000000000000000 ) ) ;
#1797 = ORIENTED_EDGE ( 'NONE', *, *, #287, .T. ) ;
#1798 = ORIENTED_EDGE ( 'NONE', *, *, #298, .T. ) ;
#1799 = DIRECTION ( 'NONE',  ( 0.000000000000000000, 1.000000000000000000, 0.000000000000000000 ) ) ;
#1800 = VERTEX_POINT ( 'NONE', #1104 ) ;
#1801 = CARTESIAN_POINT ( 'NONE',  ( -15.49999999999999467, -15.50000000000000355, -10.00000000000000000 ) ) ;
#1802 = ADVANCED_FACE ( 'NONE', ( #1719 ), #203, .F. ) ;
#1803 = DIRECTION ( 'NONE',  ( 1.000000000000000000, 0.000000000000000000, 0.000000000000000000 ) ) ;
#1804 = CYLINDRICAL_SURFACE ( 'NONE', #1528, 21.00000000000000355 ) ;
#1805 = VERTEX_POINT ( 'NONE', #648 ) ;
#1806 = DIRECTION ( 'NONE',  ( 0.000000000000000000, 0.000000000000000000, -1.000000000000000000 ) ) ;
#1807 = ORIENTED_EDGE ( 'NONE', *, *, #515, .T. ) ;
#1808 = CARTESIAN_POINT ( 'NONE',  ( -21.00000000000000355, -18.00000000000000711, 4.700000000000000178 ) ) ;
#1809 = CARTESIAN_POINT ( 'NONE',  ( -15.50000000000000711, 2.449293598294705428E-16, -36.29999999999999005 ) ) ;
#1810 = STYLED_ITEM ( 'NONE', ( #230 ), #607 ) ;
#1811 = CYLINDRICAL_SURFACE ( 'NONE', #1948, 21.00000000000000355 ) ;
#1812 = ORIENTED_EDGE ( 'NONE', *, *, #1012, .F. ) ;
#1813 = EDGE_CURVE ( 'NONE', #249, #380, #1584, .T. ) ;
#1814 = AXIS2_PLACEMENT_3D ( 'NONE', #1867, #296, #907 ) ;
#1815 = CARTESIAN_POINT ( 'NONE',  ( 3.500000000000000000, 4.286263797015736595E-16, -63.79999999999999716 ) ) ;
#1816 = CARTESIAN_POINT ( 'NONE',  ( 15.50000000000000355, -15.50000000000000000, 0.000000000000000000 ) ) ;
#1817 = CIRCLE ( 'NONE', #50, 1.749999999999999778 ) ;
#1818 = CIRCLE ( 'NONE', #279, 1.999999999999998224 ) ;
#1819 = VERTEX_POINT ( 'NONE', #963 ) ;
#1820 = CARTESIAN_POINT ( 'NONE',  ( -18.00000000000001066, 21.00000000000000000, 0.000000000000000000 ) ) ;
#1821 = PRODUCT_DEFINITION_FORMATION_WITH_SPECIFIED_SOURCE ( 'ANY', '', #1778, .NOT_KNOWN. ) ;
#1822 = DIRECTION ( 'NONE',  ( 0.000000000000000000, 0.000000000000000000, 1.000000000000000000 ) ) ;
#1823 = PLANE ( 'NONE',  #852 ) ;
#1824 = ADVANCED_FACE ( 'NONE', ( #1574 ), #215, .F. ) ;
#1825 = EDGE_CURVE ( 'NONE', #1828, #1800, #594, .T. ) ;
#1826 = DIRECTION ( 'NONE',  ( -1.000000000000000000, 0.000000000000000000, 0.000000000000000000 ) ) ;
#1827 = CARTESIAN_POINT ( 'NONE',  ( 0.000000000000000000, 0.000000000000000000, -36.29999999999999005 ) ) ;
#1828 = VERTEX_POINT ( 'NONE', #1184 ) ;
#1829 = DIRECTION ( 'NONE',  ( -0.000000000000000000, -0.000000000000000000, 1.000000000000000000 ) ) ;
#1830 = CARTESIAN_POINT ( 'NONE',  ( 0.000000000000000000, 17.50000000000000355, -36.29999999999999005 ) ) ;
#1831 =( NAMED_UNIT ( * ) SI_UNIT ( $, .STERADIAN. ) SOLID_ANGLE_UNIT ( ) );
#1832 = LINE ( 'NONE', #9, #1335 ) ;
#1833 = FACE_BOUND ( 'NONE', #1139, .T. ) ;
#1834 = CARTESIAN_POINT ( 'NONE',  ( 21.00000000000000355, 0.000000000000000000, -46.29999999999999716 ) ) ;
#1835 = EDGE_CURVE ( 'NONE', #535, #123, #853, .T. ) ;
#1836 = ORIENTED_EDGE ( 'NONE', *, *, #411, .T. ) ;
#1837 = CARTESIAN_POINT ( 'NONE',  ( 0.000000000000000000, 0.000000000000000000, -63.79999999999999716 ) ) ;
#1838 = EDGE_CURVE ( 'NONE', #1511, #1590, #1982, .T. ) ;
#1839 = DIRECTION ( 'NONE',  ( 1.224646799147353207E-16, 1.000000000000000000, -0.000000000000000000 ) ) ;
#1840 = DIRECTION ( 'NONE',  ( 8.260587980841937547E-17, -0.000000000000000000, 1.000000000000000000 ) ) ;
#1841 = VERTEX_POINT ( 'NONE', #1160 ) ;
#1842 = AXIS2_PLACEMENT_3D ( 'NONE', #1366, #1481, #95 ) ;
#1843 = AXIS2_PLACEMENT_3D ( 'NONE', #1852, #1839, #19 ) ;
#1844 = CARTESIAN_POINT ( 'NONE',  ( -2.000000000000000444, 17.50000000000000355, -36.29999999999999005 ) ) ;
#1845 = CYLINDRICAL_SURFACE ( 'NONE', #368, 4.000000000000000000 ) ;
#1846 = ORIENTED_EDGE ( 'NONE', *, *, #264, .F. ) ;
#1847 = CIRCLE ( 'NONE', #177, 3.500000000000000000 ) ;
#1848 = DIRECTION ( 'NONE',  ( 0.000000000000000000, 0.000000000000000000, -1.000000000000000000 ) ) ;
#1849 = CIRCLE ( 'NONE', #370, 1.750000000000001554 ) ;
#1850 = PRODUCT_DEFINITION ( 'UNKNOWN', '', #1821, #428 ) ;
#1851 = EDGE_CURVE ( 'NONE', #832, #386, #1780, .T. ) ;
#1852 = CARTESIAN_POINT ( 'NONE',  ( -20.50000000000000355, 2.510525938252074481E-15, -45.79999999999999005 ) ) ;
#1853 =( GEOMETRIC_REPRESENTATION_CONTEXT ( 3 ) GLOBAL_UNCERTAINTY_ASSIGNED_CONTEXT ( ( #388 ) ) GLOBAL_UNIT_ASSIGNED_CONTEXT ( ( #431, #1509, #1831 ) ) REPRESENTATION_CONTEXT ( 'NONE', 'WORKASPACE' ) );
#1854 = DIRECTION ( 'NONE',  ( -1.000000000000000000, 0.000000000000000000, 0.000000000000000000 ) ) ;
#1855 = ORIENTED_EDGE ( 'NONE', *, *, #358, .T. ) ;
#1856 = ORIENTED_EDGE ( 'NONE', *, *, #443, .T. ) ;
#1857 = CARTESIAN_POINT ( 'NONE',  ( 15.50000000000000355, -15.50000000000000000, -10.00000000000000000 ) ) ;
#1858 = EDGE_LOOP ( 'NONE', ( #1448, #872, #458, #1903 ) ) ;
#1859 = DIRECTION ( 'NONE',  ( -1.000000000000000000, 0.000000000000000000, 0.000000000000000000 ) ) ;
#1860 = CARTESIAN_POINT ( 'NONE',  ( -18.00000000000000355, -21.00000000000000355, 0.000000000000000000 ) ) ;
#1861 = EDGE_CURVE ( 'NONE', #546, #1422, #464, .T. ) ;
#1862 = CARTESIAN_POINT ( 'NONE',  ( -1.346759806338134968, 3.766674969916574689, -49.13235597872344584 ) ) ;
#1863 = ORIENTED_EDGE ( 'NONE', *, *, #1022, .F. ) ;
#1864 = DIRECTION ( 'NONE',  ( 1.000000000000000000, 0.000000000000000000, 0.000000000000000000 ) ) ;
#1865 = CARTESIAN_POINT ( 'NONE',  ( 17.25000000000000000, 15.50000000000000000, 0.000000000000000000 ) ) ;
#1866 = EDGE_LOOP ( 'NONE', ( #157, #1812, #1246, #1205 ) ) ;
#1867 = CARTESIAN_POINT ( 'NONE',  ( 0.000000000000000000, 0.000000000000000000, 0.000000000000000000 ) ) ;
#1868 = CYLINDRICAL_SURFACE ( 'NONE', #430, 2.000000000000000000 ) ;
#1869 = DIRECTION ( 'NONE',  ( 0.000000000000000000, 0.000000000000000000, -1.000000000000000000 ) ) ;
#1870 = VERTEX_POINT ( 'NONE', #261 ) ;
#1871 = EDGE_LOOP ( 'NONE', ( #1663, #1148, #784, #795 ) ) ;
#1872 = DIRECTION ( 'NONE',  ( -1.000000000000000000, 0.000000000000000000, 0.000000000000000000 ) ) ;
#1873 = AXIS2_PLACEMENT_3D ( 'NONE', #1532, #1049, #1987 ) ;
#1874 = EDGE_CURVE ( 'NONE', #1965, #55, #1023, .T. ) ;
#1875 = CARTESIAN_POINT ( 'NONE',  ( -15.50000000000000000, 15.49999999999999645, 0.000000000000000000 ) ) ;
#1876 = AXIS2_PLACEMENT_3D ( 'NONE', #1610, #1304, #1142 ) ;
#1877 = EDGE_LOOP ( 'NONE', ( #404, #1240, #1195, #728, #221 ) ) ;
#1878 = DIRECTION ( 'NONE',  ( -0.000000000000000000, -0.000000000000000000, -1.000000000000000000 ) ) ;
#1879 = AXIS2_PLACEMENT_3D ( 'NONE', #1694, #17, #377 ) ;
#1880 = AXIS2_PLACEMENT_3D ( 'NONE', #1665, #1541, #156 ) ;
#1881 = CIRCLE ( 'NONE', #1300, 2.000000000000000444 ) ;
#1882 = AXIS2_PLACEMENT_3D ( 'NONE', #1413, #1289, #1905 ) ;
#1883 = CARTESIAN_POINT ( 'NONE',  ( -0.9924213838754104566, 3.875587272859204013, -48.67104151032293657 ) ) ;
#1884 = ORIENTED_EDGE ( 'NONE', *, *, #1443, .T. ) ;
#1885 = VECTOR ( 'NONE', #420, 1000.000000000000000 ) ;
#1886 = CARTESIAN_POINT ( 'NONE',  ( 17.50000000000000355, 0.000000000000000000, -46.29999999999999716 ) ) ;
#1887 = CARTESIAN_POINT ( 'NONE',  ( -1.422202088501804962, 3.738844866037345227, -61.28679061572311326 ) ) ;
#1888 = EDGE_CURVE ( 'NONE', #320, #1301, #1758, .T. ) ;
#1889 = EDGE_CURVE ( 'NONE', #15, #1689, #1375, .T. ) ;
#1890 = EDGE_LOOP ( 'NONE', ( #828, #1457, #712, #504 ) ) ;
#1891 = DIRECTION ( 'NONE',  ( -1.000000000000000000, 0.000000000000000000, 0.000000000000000000 ) ) ;
#1892 = CARTESIAN_POINT ( 'NONE',  ( -15.49999999999999467, -15.50000000000000355, -10.00000000000000000 ) ) ;
#1893 = CARTESIAN_POINT ( 'NONE',  ( 0.000000000000000000, -17.50000000000000355, -46.29999999999999716 ) ) ;
#1894 = ORIENTED_EDGE ( 'NONE', *, *, #678, .F. ) ;
#1895 = ORIENTED_EDGE ( 'NONE', *, *, #94, .T. ) ;
#1896 = CARTESIAN_POINT ( 'NONE',  ( -13.74999999999999467, -15.50000000000000355, -5.299999999999999822 ) ) ;
#1897 = CARTESIAN_POINT ( 'NONE',  ( -15.49999999999999467, -15.50000000000000355, -10.00000000000000000 ) ) ;
#1898 = ORIENTED_EDGE ( 'NONE', *, *, #38, .T. ) ;
#1899 = DIRECTION ( 'NONE',  ( -1.000000000000000000, 0.000000000000000000, 0.000000000000000000 ) ) ;
#1900 = CARTESIAN_POINT ( 'NONE',  ( -17.25000000000000000, 15.49999999999999645, -5.299999999999999822 ) ) ;
#1901 = ADVANCED_FACE ( 'NONE', ( #1923 ), #1151, .F. ) ;
#1902 = CARTESIAN_POINT ( 'NONE',  ( 15.50000000000000355, -15.50000000000000000, -10.00000000000000000 ) ) ;
#1903 = ORIENTED_EDGE ( 'NONE', *, *, #118, .F. ) ;
#1904 = PLANE ( 'NONE',  #1520 ) ;
#1905 = DIRECTION ( 'NONE',  ( -0.7071067811865479058, -0.7071067811865471286, 0.000000000000000000 ) ) ;
#1906 = EDGE_LOOP ( 'NONE', ( #484, #1410, #1729, #849 ) ) ;
#1907 = CARTESIAN_POINT ( 'NONE',  ( 4.000000000000000000, 0.000000000000000000, -64.29999999999999716 ) ) ;
#1908 = VECTOR ( 'NONE', #322, 1000.000000000000000 ) ;
#1909 = AXIS2_PLACEMENT_3D ( 'NONE', #660, #349, #91 ) ;
#1910 = DIRECTION ( 'NONE',  ( 0.000000000000000000, 0.000000000000000000, 1.000000000000000000 ) ) ;
#1911 = ADVANCED_FACE ( 'NONE', ( #389 ), #101, .F. ) ;
#1912 = EDGE_CURVE ( 'NONE', #1928, #636, #1631, .T. ) ;
#1913 = CIRCLE ( 'NONE', #82, 21.00000000000000355 ) ;
#1914 = DIRECTION ( 'NONE',  ( 0.000000000000000000, 0.000000000000000000, -1.000000000000000000 ) ) ;
#1915 = EDGE_LOOP ( 'NONE', ( #1019, #744, #167, #605 ) ) ;
#1916 = CIRCLE ( 'NONE', #245, 3.000000000000002665 ) ;
#1917 = CARTESIAN_POINT ( 'NONE',  ( 0.000000000000000000, 0.000000000000000000, -46.29999999999999716 ) ) ;
#1918 = FACE_BOUND ( 'NONE', #705, .T. ) ;
#1919 = ORIENTED_EDGE ( 'NONE', *, *, #715, .F. ) ;
#1920 = CARTESIAN_POINT ( 'NONE',  ( 15.50000000000000000, 15.50000000000000000, -10.00000000000000000 ) ) ;
#1921 = ADVANCED_FACE ( 'NONE', ( #1954 ), #831, .F. ) ;
#1922 = CARTESIAN_POINT ( 'NONE',  ( -13.75000000000000000, 15.49999999999999645, 4.700000000000000178 ) ) ;
#1923 = FACE_OUTER_BOUND ( 'NONE', #1378, .T. ) ;
#1924 = ORIENTED_EDGE ( 'NONE', *, *, #335, .T. ) ;
#1925 = EDGE_CURVE ( 'NONE', #88, #1613, #1271, .T. ) ;
#1926 = DIRECTION ( 'NONE',  ( 0.7071067811865483499, -0.7071067811865466846, 0.000000000000000000 ) ) ;
#1927 = CARTESIAN_POINT ( 'NONE',  ( -2.000000000000000444, 17.50000000000000355, -46.29999999999999716 ) ) ;
#1928 = VERTEX_POINT ( 'NONE', #109 ) ;
#1929 = DIRECTION ( 'NONE',  ( -0.000000000000000000, -0.000000000000000000, -1.000000000000000000 ) ) ;
#1930 = VERTEX_POINT ( 'NONE', #724 ) ;
#1931 = CARTESIAN_POINT ( 'NONE',  ( 17.99999999999999645, -21.00000000000000355, 4.700000000000000178 ) ) ;
#1932 = CARTESIAN_POINT ( 'NONE',  ( 0.000000000000000000, -17.50000000000000355, -36.29999999999999005 ) ) ;
#1933 = EDGE_LOOP ( 'NONE', ( #768, #232, #1856, #281 ) ) ;
#1934 = DIRECTION ( 'NONE',  ( -0.000000000000000000, -0.000000000000000000, -1.000000000000000000 ) ) ;
#1935 = FACE_OUTER_BOUND ( 'NONE', #90, .T. ) ;
#1936 = ADVANCED_FACE ( 'NONE', ( #1447 ), #789, .T. ) ;
#1937 = ORIENTED_EDGE ( 'NONE', *, *, #1318, .F. ) ;
#1938 = CARTESIAN_POINT ( 'NONE',  ( -15.50000000000000000, 15.49999999999999645, 0.000000000000000000 ) ) ;
#1939 = EDGE_LOOP ( 'NONE', ( #1985, #1666, #807, #1627, #1884 ) ) ;
#1940 = CYLINDRICAL_SURFACE ( 'NONE', #1614, 21.00000000000000355 ) ;
#1941 = CIRCLE ( 'NONE', #1842, 21.00000000000000355 ) ;
#1942 = CARTESIAN_POINT ( 'NONE',  ( -1.165561415876760217E-13, 4.000000000000462741, -48.29999999999876792 ) ) ;
#1943 = VECTOR ( 'NONE', #1981, 1000.000000000000000 ) ;
#1944 = AXIS2_PLACEMENT_3D ( 'NONE', #1248, #1065, #1056 ) ;
#1945 = PLANE ( 'NONE',  #1100 ) ;
#1946 = FACE_OUTER_BOUND ( 'NONE', #610, .T. ) ;
#1947 = ORIENTED_EDGE ( 'NONE', *, *, #180, .T. ) ;
#1948 = AXIS2_PLACEMENT_3D ( 'NONE', #470, #1662, #142 ) ;
#1949 = EDGE_LOOP ( 'NONE', ( #1254, #1599, #325, #757 ) ) ;
#1950 = CARTESIAN_POINT ( 'NONE',  ( 17.99999999999999645, 21.00000000000000000, 4.700000000000000178 ) ) ;
#1951 = EDGE_CURVE ( 'NONE', #1301, #166, #679, .T. ) ;
#1952 = ORIENTED_EDGE ( 'NONE', *, *, #1551, .F. ) ;
#1953 = CARTESIAN_POINT ( 'NONE',  ( -15.50000000000000711, 2.449293598294706414E-16, -46.29999999999999716 ) ) ;
#1954 = FACE_OUTER_BOUND ( 'NONE', #656, .T. ) ;
#1955 = LINE ( 'NONE', #406, #402 ) ;
#1956 = ORIENTED_EDGE ( 'NONE', *, *, #827, .T. ) ;
#1957 = ORIENTED_EDGE ( 'NONE', *, *, #1772, .T. ) ;
#1958 = CARTESIAN_POINT ( 'NONE',  ( 20.99999999999999289, 18.00000000000000000, 4.700000000000000178 ) ) ;
#1959 = ORIENTED_EDGE ( 'NONE', *, *, #298, .F. ) ;
#1960 = LINE ( 'NONE', #1820, #1039 ) ;
#1961 = ADVANCED_FACE ( 'NONE', ( #1347 ), #270, .F. ) ;
#1962 = EDGE_CURVE ( 'NONE', #1700, #680, #1222, .T. ) ;
#1963 = DIRECTION ( 'NONE',  ( -0.000000000000000000, -0.000000000000000000, -1.000000000000000000 ) ) ;
#1964 = DIRECTION ( 'NONE',  ( 0.000000000000000000, 0.000000000000000000, 1.000000000000000000 ) ) ;
#1965 = VERTEX_POINT ( 'NONE', #1213 ) ;
#1966 = CARTESIAN_POINT ( 'NONE',  ( 0.000000000000000000, 17.50000000000000355, -36.29999999999999005 ) ) ;
#1967 = FACE_OUTER_BOUND ( 'NONE', #1993, .T. ) ;
#1968 = VERTEX_POINT ( 'NONE', #1061 ) ;
#1969 = PLANE ( 'NONE',  #1329 ) ;
#1970 = VECTOR ( 'NONE', #1449, 1000.000000000000000 ) ;
#1971 = DIRECTION ( 'NONE',  ( 1.000000000000000000, 0.000000000000000000, 0.000000000000000000 ) ) ;
#1972 = EDGE_CURVE ( 'NONE', #97, #897, #1652, .T. ) ;
#1973 = EDGE_CURVE ( 'NONE', #1026, #1199, #160, .T. ) ;
#1974 = CARTESIAN_POINT ( 'NONE',  ( 0.000000000000000000, 0.000000000000000000, -63.79999999999999716 ) ) ;
#1975 = VECTOR ( 'NONE', #708, 1000.000000000000000 ) ;
#1976 = ORIENTED_EDGE ( 'NONE', *, *, #1793, .T. ) ;
#1977 = LINE ( 'NONE', #1239, #1747 ) ;
#1978 = VECTOR ( 'NONE', #1878, 1000.000000000000000 ) ;
#1979 = VECTOR ( 'NONE', #457, 1000.000000000000000 ) ;
#1980 = ORIENTED_EDGE ( 'NONE', *, *, #934, .T. ) ;
#1981 = DIRECTION ( 'NONE',  ( 1.000000000000000000, 0.000000000000000000, 0.000000000000000000 ) ) ;
#1982 = CIRCLE ( 'NONE', #529, 21.00000000000000355 ) ;
#1983 = DIRECTION ( 'NONE',  ( 0.000000000000000000, 0.000000000000000000, -1.000000000000000000 ) ) ;
#1984 = FACE_OUTER_BOUND ( 'NONE', #1561, .T. ) ;
#1985 = ORIENTED_EDGE ( 'NONE', *, *, #1470, .T. ) ;
#1986 = EDGE_CURVE ( 'NONE', #1094, #1089, #1385, .T. ) ;
#1987 = DIRECTION ( 'NONE',  ( -1.000000000000000000, 1.421085471520200372E-14, 8.260587980841937547E-17 ) ) ;
#1988 = DIRECTION ( 'NONE',  ( -1.000000000000000000, 0.000000000000000000, 0.000000000000000000 ) ) ;
#1989 = ORIENTED_EDGE ( 'NONE', *, *, #1155, .F. ) ;
#1990 = DIRECTION ( 'NONE',  ( 1.000000000000000000, 0.000000000000000000, 0.000000000000000000 ) ) ;
#1991 = DIRECTION ( 'NONE',  ( 0.000000000000000000, 0.000000000000000000, -1.000000000000000000 ) ) ;
#1992 = LINE ( 'NONE', #1368, #1203 ) ;
#1993 = EDGE_LOOP ( 'NONE', ( #1503, #1618, #1436, #1451 ) ) ;
ENDSEC;
END-ISO-10303-21;
