ISO-10303-21;
HEADER;
FILE_DESCRIPTION (( 'STEP AP214' ),
    '1' );
FILE_NAME ('GripperBaseTop.step',
    '2026-08-28T16:11:32',
    ( '' ),
    ( '' ),
    'SwSTEP 2.0',
    'SolidWorks 2024',
    '' );
FILE_SCHEMA (( 'AUTOMOTIVE_DESIGN' ));
ENDSEC;

DATA;
#1 = DIRECTION ( 'NONE',  ( 0.000000000000000000, 0.000000000000000000, 1.000000000000000000 ) ) ;
#2 = DIRECTION ( 'NONE',  ( 0.000000000000000000, 1.000000000000000000, -0.000000000000000000 ) ) ;
#3 = LINE ( 'NONE', #461, #40 ) ;
#4 = EDGE_CURVE ( 'NONE', #544, #979, #153, .T. ) ;
#5 = ORIENTED_EDGE ( 'NONE', *, *, #1561, .T. ) ;
#6 = EDGE_LOOP ( 'NONE', ( #1005, #1775, #864, #28 ) ) ;
#7 = FACE_OUTER_BOUND ( 'NONE', #1551, .T. ) ;
#8 = ORIENTED_EDGE ( 'NONE', *, *, #1430, .F. ) ;
#9 = DIRECTION ( 'NONE',  ( -0.000000000000000000, 1.000000000000000000, -0.000000000000000000 ) ) ;
#10 = DIRECTION ( 'NONE',  ( 0.000000000000000000, 0.000000000000000000, -1.000000000000000000 ) ) ;
#11 = EDGE_CURVE ( 'NONE', #1602, #1618, #148, .T. ) ;
#12 = AXIS2_PLACEMENT_3D ( 'NONE', #117, #419, #264 ) ;
#13 = PRODUCT ( 'GripperBaseTop', 'GripperBaseTop', '', ( #1520 ) ) ;
#14 = EDGE_CURVE ( 'NONE', #1669, #576, #1702, .T. ) ;
#15 = EDGE_LOOP ( 'NONE', ( #676, #332, #1331, #929 ) ) ;
#16 = ORIENTED_EDGE ( 'NONE', *, *, #1039, .F. ) ;
#17 = DIRECTION ( 'NONE',  ( 0.000000000000000000, 0.000000000000000000, 1.000000000000000000 ) ) ;
#18 = ORIENTED_EDGE ( 'NONE', *, *, #932, .F. ) ;
#19 = CARTESIAN_POINT ( 'NONE',  ( -40.00000000000000000, 0.000000000000000000, 79.99999999999998579 ) ) ;
#20 = CARTESIAN_POINT ( 'NONE',  ( 2.143131898507868643E-15, 0.000000000000000000, -17.50000000000000355 ) ) ;
#21 = VERTEX_POINT ( 'NONE', #1318 ) ;
#22 = CIRCLE ( 'NONE', #1076, 2.600000000000004974 ) ;
#23 = ADVANCED_FACE ( 'NONE', ( #722 ), #319, .T. ) ;
#24 = ORIENTED_EDGE ( 'NONE', *, *, #815, .F. ) ;
#25 = PLANE ( 'NONE',  #1758 ) ;
#26 = VECTOR ( 'NONE', #1090, 1000.000000000000000 ) ;
#27 = AXIS2_PLACEMENT_3D ( 'NONE', #1102, #814, #1374 ) ;
#28 = ORIENTED_EDGE ( 'NONE', *, *, #1729, .F. ) ;
#29 = DIRECTION ( 'NONE',  ( 0.000000000000000000, 0.000000000000000000, 1.000000000000000000 ) ) ;
#30 = CARTESIAN_POINT ( 'NONE',  ( 40.00000000000004263, 0.000000000000000000, 80.00000000000000000 ) ) ;
#31 = EDGE_LOOP ( 'NONE', ( #1835, #981 ) ) ;
#32 = ORIENTED_EDGE ( 'NONE', *, *, #733, .T. ) ;
#33 = DIRECTION ( 'NONE',  ( 5.782411586589356160E-17, 0.000000000000000000, 1.000000000000000000 ) ) ;
#34 = EDGE_CURVE ( 'NONE', #843, #1444, #621, .T. ) ;
#35 = ORIENTED_EDGE ( 'NONE', *, *, #1296, .F. ) ;
#36 = CARTESIAN_POINT ( 'NONE',  ( -30.00000000000000000, 0.000000000000000000, 8.400000000000003908 ) ) ;
#37 = CARTESIAN_POINT ( 'NONE',  ( 40.00000000000001421, 0.000000000000000000, -48.40000000000000568 ) ) ;
#38 = DIRECTION ( 'NONE',  ( 1.156482317317871232E-16, -0.000000000000000000, -1.000000000000000000 ) ) ;
#39 = CIRCLE ( 'NONE', #1573, 1.599999999999997202 ) ;
#40 = VECTOR ( 'NONE', #1193, 1000.000000000000000 ) ;
#41 = ORIENTED_EDGE ( 'NONE', *, *, #1831, .F. ) ;
#42 = CARTESIAN_POINT ( 'NONE',  ( -29.99999999999998934, 10.00000000000000000, 130.0000000000000000 ) ) ;
#43 = CARTESIAN_POINT ( 'NONE',  ( 40.00000000000001421, 0.000000000000000000, -48.40000000000000568 ) ) ;
#44 = AXIS2_PLACEMENT_3D ( 'NONE', #1538, #257, #1387 ) ;
#45 = DIRECTION ( 'NONE',  ( 0.000000000000000000, 1.000000000000000000, 0.000000000000000000 ) ) ;
#46 = CARTESIAN_POINT ( 'NONE',  ( 23.57000000000001094, 10.00000000000000000, 83.82999999999998408 ) ) ;
#47 = EDGE_CURVE ( 'NONE', #1498, #979, #1734, .T. ) ;
#48 = CYLINDRICAL_SURFACE ( 'NONE', #394, 2.599999999999991207 ) ;
#49 = CARTESIAN_POINT ( 'NONE',  ( 30.00000000000000000, 10.00000000000000000, -9.999999999999998224 ) ) ;
#50 = AXIS2_PLACEMENT_3D ( 'NONE', #1332, #1191, #52 ) ;
#51 = ORIENTED_EDGE ( 'NONE', *, *, #1021, .F. ) ;
#52 = DIRECTION ( 'NONE',  ( 0.000000000000000000, 0.000000000000000000, 1.000000000000000000 ) ) ;
#53 = DIRECTION ( 'NONE',  ( 0.000000000000000000, 0.000000000000000000, 1.000000000000000000 ) ) ;
#54 = AXIS2_PLACEMENT_3D ( 'NONE', #1234, #1049, #656 ) ;
#55 = PLANE ( 'NONE',  #1112 ) ;
#56 = LINE ( 'NONE', #1469, #775 ) ;
#57 = VECTOR ( 'NONE', #1649, 1000.000000000000000 ) ;
#58 = EDGE_CURVE ( 'NONE', #1442, #1255, #1518, .T. ) ;
#59 = ORIENTED_EDGE ( 'NONE', *, *, #1084, .F. ) ;
#60 = DIRECTION ( 'NONE',  ( 0.000000000000000000, 1.000000000000000000, 0.000000000000000000 ) ) ;
#61 = CARTESIAN_POINT ( 'NONE',  ( 40.00000000000002132, 0.000000000000000000, 70.00000000000000000 ) ) ;
#62 = DIRECTION ( 'NONE',  ( 0.000000000000000000, 0.000000000000000000, 1.000000000000000000 ) ) ;
#63 = CARTESIAN_POINT ( 'NONE',  ( 0.000000000000000000, 0.000000000000000000, 0.000000000000000000 ) ) ;
#64 = DIRECTION ( 'NONE',  ( -0.000000000000000000, 1.000000000000000000, -0.000000000000000000 ) ) ;
#65 = ORIENTED_EDGE ( 'NONE', *, *, #877, .F. ) ;
#66 = DIRECTION ( 'NONE',  ( 0.000000000000000000, 0.000000000000000000, 1.000000000000000000 ) ) ;
#67 = CYLINDRICAL_SURFACE ( 'NONE', #1287, 3.200000000000022382 ) ;
#68 = EDGE_CURVE ( 'NONE', #1184, #219, #1588, .T. ) ;
#69 = ORIENTED_EDGE ( 'NONE', *, *, #1774, .T. ) ;
#70 = AXIS2_PLACEMENT_3D ( 'NONE', #72, #45, #1779 ) ;
#71 = DIRECTION ( 'NONE',  ( 0.000000000000000000, 0.000000000000000000, 1.000000000000000000 ) ) ;
#72 = CARTESIAN_POINT ( 'NONE',  ( 23.57000000000001094, 0.000000000000000000, 86.42999999999999261 ) ) ;
#73 = AXIS2_PLACEMENT_3D ( 'NONE', #205, #188, #1212 ) ;
#74 = CARTESIAN_POINT ( 'NONE',  ( -23.56999999999998963, 0.000000000000000000, 133.5699999999999932 ) ) ;
#75 = LINE ( 'NONE', #646, #1849 ) ;
#76 = VERTEX_POINT ( 'NONE', #437 ) ;
#77 = ORIENTED_EDGE ( 'NONE', *, *, #873, .F. ) ;
#78 = DIRECTION ( 'NONE',  ( 0.000000000000000000, 1.000000000000000000, 0.000000000000000000 ) ) ;
#79 = MANIFOLD_SOLID_BREP ( 'Fillet1', #266 ) ;
#80 = EDGE_LOOP ( 'NONE', ( #1568, #414 ) ) ;
#81 = EDGE_CURVE ( 'NONE', #1405, #1226, #1046, .T. ) ;
#82 = AXIS2_PLACEMENT_3D ( 'NONE', #1267, #871, #554 ) ;
#83 = CARTESIAN_POINT ( 'NONE',  ( 40.00000000000001421, 10.00000000000000000, -49.99999999999999289 ) ) ;
#84 = DIRECTION ( 'NONE',  ( -1.000000000000000000, -0.000000000000000000, -0.000000000000000000 ) ) ;
#85 = VECTOR ( 'NONE', #142, 1000.000000000000000 ) ;
#86 = CYLINDRICAL_SURFACE ( 'NONE', #241, 2.599999999999991207 ) ;
#87 = DIRECTION ( 'NONE',  ( 0.000000000000000000, 0.000000000000000000, 1.000000000000000000 ) ) ;
#88 = VERTEX_POINT ( 'NONE', #170 ) ;
#89 = CARTESIAN_POINT ( 'NONE',  ( -39.99999999999998579, 0.000000000000000000, -50.00000000000000000 ) ) ;
#90 = VECTOR ( 'NONE', #454, 1000.000000000000000 ) ;
#91 = CARTESIAN_POINT ( 'NONE',  ( -30.00000000000000000, 10.00000000000000000, -11.59999999999999609 ) ) ;
#92 = AXIS2_PLACEMENT_3D ( 'NONE', #63, #1213, #216 ) ;
#93 = ORIENTED_EDGE ( 'NONE', *, *, #81, .T. ) ;
#94 = FACE_BOUND ( 'NONE', #1597, .T. ) ;
#95 = EDGE_CURVE ( 'NONE', #1255, #1442, #177, .T. ) ;
#96 = CARTESIAN_POINT ( 'NONE',  ( 40.00000000000002842, 0.000000000000000000, 90.00000000000000000 ) ) ;
#97 = EDGE_CURVE ( 'NONE', #1444, #810, #342, .T. ) ;
#98 = DIRECTION ( 'NONE',  ( 0.000000000000000000, 1.000000000000000000, 0.000000000000000000 ) ) ;
#99 = DIRECTION ( 'NONE',  ( 0.000000000000000000, 0.000000000000000000, 1.000000000000000000 ) ) ;
#100 = ORIENTED_EDGE ( 'NONE', *, *, #222, .T. ) ;
#101 = FACE_BOUND ( 'NONE', #324, .T. ) ;
#102 = ORIENTED_EDGE ( 'NONE', *, *, #1188, .T. ) ;
#103 = DIRECTION ( 'NONE',  ( 0.000000000000000000, 0.000000000000000000, 1.000000000000000000 ) ) ;
#104 = CIRCLE ( 'NONE', #1691, 3.200000000000022382 ) ;
#105 = ORIENTED_EDGE ( 'NONE', *, *, #143, .T. ) ;
#106 = AXIS2_PLACEMENT_3D ( 'NONE', #1383, #816, #1525 ) ;
#107 = CARTESIAN_POINT ( 'NONE',  ( -23.56999999999998963, 10.00000000000000000, 133.5699999999999932 ) ) ;
#108 = CARTESIAN_POINT ( 'NONE',  ( -30.00000000000000000, 0.000000000000000000, 10.00000000000000178 ) ) ;
#109 = EDGE_CURVE ( 'NONE', #468, #674, #1580, .T. ) ;
#110 = ORIENTED_EDGE ( 'NONE', *, *, #1006, .T. ) ;
#111 = CARTESIAN_POINT ( 'NONE',  ( 0.000000000000000000, 0.000000000000000000, 0.000000000000000000 ) ) ;
#112 = CARTESIAN_POINT ( 'NONE',  ( -39.99999999999999289, 10.00000000000000000, 69.99999999999998579 ) ) ;
#113 = ORIENTED_EDGE ( 'NONE', *, *, #47, .T. ) ;
#114 = DIRECTION ( 'NONE',  ( -0.000000000000000000, 1.000000000000000000, -0.000000000000000000 ) ) ;
#115 = ORIENTED_EDGE ( 'NONE', *, *, #817, .F. ) ;
#116 = AXIS2_PLACEMENT_3D ( 'NONE', #273, #1436, #133 ) ;
#117 = CARTESIAN_POINT ( 'NONE',  ( 40.00000000000001421, 0.000000000000000000, 50.00000000000000000 ) ) ;
#118 = AXIS2_PLACEMENT_3D ( 'NONE', #440, #1549, #1576 ) ;
#119 = AXIS2_PLACEMENT_3D ( 'NONE', #1081, #1631, #376 ) ;
#120 = ADVANCED_FACE ( 'NONE', ( #477 ), #203, .F. ) ;
#121 = ORIENTED_EDGE ( 'NONE', *, *, #782, .F. ) ;
#122 = VECTOR ( 'NONE', #1468, 1000.000000000000000 ) ;
#123 = FACE_BOUND ( 'NONE', #1497, .T. ) ;
#124 = ORIENTED_EDGE ( 'NONE', *, *, #304, .T. ) ;
#125 = CARTESIAN_POINT ( 'NONE',  ( -30.00000000000000000, 0.000000000000000000, 10.00000000000000178 ) ) ;
#126 = ORIENTED_EDGE ( 'NONE', *, *, #1570, .F. ) ;
#127 = CARTESIAN_POINT ( 'NONE',  ( 40.00000000000001421, 0.000000000000000000, 50.00000000000000000 ) ) ;
#128 = EDGE_CURVE ( 'NONE', #134, #474, #1607, .T. ) ;
#129 = ORIENTED_EDGE ( 'NONE', *, *, #679, .T. ) ;
#130 = EDGE_CURVE ( 'NONE', #688, #559, #497, .T. ) ;
#131 = DIRECTION ( 'NONE',  ( 0.000000000000000000, 1.000000000000000000, 0.000000000000000000 ) ) ;
#132 = ORIENTED_EDGE ( 'NONE', *, *, #516, .F. ) ;
#133 = DIRECTION ( 'NONE',  ( 0.000000000000000000, 0.000000000000000000, 1.000000000000000000 ) ) ;
#134 = VERTEX_POINT ( 'NONE', #1333 ) ;
#135 = CYLINDRICAL_SURFACE ( 'NONE', #1837, 2.600000000000004974 ) ;
#136 = CIRCLE ( 'NONE', #1217, 2.599999999999991207 ) ;
#137 = CYLINDRICAL_SURFACE ( 'NONE', #361, 1.599999999999997202 ) ;
#138 = VECTOR ( 'NONE', #507, 1000.000000000000000 ) ;
#139 = ORIENTED_EDGE ( 'NONE', *, *, #629, .T. ) ;
#140 = FACE_OUTER_BOUND ( 'NONE', #1830, .T. ) ;
#141 = EDGE_LOOP ( 'NONE', ( #5, #869 ) ) ;
#142 = DIRECTION ( 'NONE',  ( 1.000000000000000000, 0.000000000000000000, 9.251858538542965911E-16 ) ) ;
#143 = EDGE_CURVE ( 'NONE', #1411, #1524, #505, .T. ) ;
#144 = ORIENTED_EDGE ( 'NONE', *, *, #173, .F. ) ;
#145 = CARTESIAN_POINT ( 'NONE',  ( -19.99999999999998579, 10.00000000000000000, 130.0000000000000000 ) ) ;
#146 = CYLINDRICAL_SURFACE ( 'NONE', #1167, 1.599999999999997202 ) ;
#147 = ORIENTED_EDGE ( 'NONE', *, *, #605, .F. ) ;
#148 = CIRCLE ( 'NONE', #1459, 10.00000000000000178 ) ;
#149 = ORIENTED_EDGE ( 'NONE', *, *, #1485, .F. ) ;
#150 = VECTOR ( 'NONE', #1505, 1000.000000000000000 ) ;
#151 = CARTESIAN_POINT ( 'NONE',  ( -50.00000000000000711, 0.000000000000000000, -49.99999999999999289 ) ) ;
#152 = ADVANCED_FACE ( 'NONE', ( #352 ), #643, .T. ) ;
#153 = LINE ( 'NONE', #1582, #1401 ) ;
#154 = CARTESIAN_POINT ( 'NONE',  ( -23.56999999999998963, 0.000000000000000000, 136.1699999999999875 ) ) ;
#155 = DIRECTION ( 'NONE',  ( 0.000000000000000000, 1.000000000000000000, 0.000000000000000000 ) ) ;
#156 = EDGE_CURVE ( 'NONE', #1537, #1750, #295, .T. ) ;
#157 = ORIENTED_EDGE ( 'NONE', *, *, #109, .T. ) ;
#158 = ORIENTED_EDGE ( 'NONE', *, *, #1452, .F. ) ;
#159 = DIRECTION ( 'NONE',  ( 9.251858538542967883E-16, 0.000000000000000000, 1.000000000000000000 ) ) ;
#160 = DIRECTION ( 'NONE',  ( 0.000000000000000000, 0.000000000000000000, 1.000000000000000000 ) ) ;
#161 = CARTESIAN_POINT ( 'NONE',  ( -40.00000000000000711, 0.000000000000000000, -49.99999999999999289 ) ) ;
#162 = CYLINDRICAL_SURFACE ( 'NONE', #859, 9.999999999999994671 ) ;
#163 = DIRECTION ( 'NONE',  ( -0.000000000000000000, 1.000000000000000000, -0.000000000000000000 ) ) ;
#164 = EDGE_CURVE ( 'NONE', #622, #719, #1643, .T. ) ;
#165 = AXIS2_PLACEMENT_3D ( 'NONE', #220, #789, #1754 ) ;
#166 = ORIENTED_EDGE ( 'NONE', *, *, #1831, .T. ) ;
#167 = VECTOR ( 'NONE', #320, 1000.000000000000000 ) ;
#168 = ORIENTED_EDGE ( 'NONE', *, *, #1177, .F. ) ;
#169 = CARTESIAN_POINT ( 'NONE',  ( -39.99999999999999289, 10.00000000000000000, 69.99999999999998579 ) ) ;
#170 = CARTESIAN_POINT ( 'NONE',  ( 30.00000000000002842, 0.000000000000000000, 90.00000000000000000 ) ) ;
#171 = CARTESIAN_POINT ( 'NONE',  ( 1.347111479062088523E-14, 0.000000000000000000, 110.0000000000000000 ) ) ;
#172 = CYLINDRICAL_SURFACE ( 'NONE', #1824, 20.00000000000000355 ) ;
#173 = EDGE_CURVE ( 'NONE', #1425, #1367, #934, .T. ) ;
#174 = EDGE_LOOP ( 'NONE', ( #1174, #1355, #513, #603 ) ) ;
#175 = ORIENTED_EDGE ( 'NONE', *, *, #1042, .F. ) ;
#176 = DIRECTION ( 'NONE',  ( -0.000000000000000000, 1.000000000000000000, -0.000000000000000000 ) ) ;
#177 = CIRCLE ( 'NONE', #537, 1.599999999999997202 ) ;
#178 = CARTESIAN_POINT ( 'NONE',  ( -30.00000000000000000, 10.00000000000000000, -9.999999999999998224 ) ) ;
#179 = DIRECTION ( 'NONE',  ( -0.000000000000000000, 1.000000000000000000, -0.000000000000000000 ) ) ;
#180 = DIRECTION ( 'NONE',  ( -0.000000000000000000, 1.000000000000000000, -0.000000000000000000 ) ) ;
#181 = CIRCLE ( 'NONE', #592, 1.599999999999997202 ) ;
#182 = CARTESIAN_POINT ( 'NONE',  ( 30.00000000000002842, 10.00000000000000000, 80.00000000000000000 ) ) ;
#183 = ORIENTED_EDGE ( 'NONE', *, *, #584, .T. ) ;
#184 = ORIENTED_EDGE ( 'NONE', *, *, #1120, .F. ) ;
#185 = FACE_OUTER_BOUND ( 'NONE', #992, .T. ) ;
#186 = ADVANCED_FACE ( 'NONE', ( #795 ), #1362, .T. ) ;
#187 = DIRECTION ( 'NONE',  ( 1.000000000000000000, 0.000000000000000000, 9.251858538542965911E-16 ) ) ;
#188 = DIRECTION ( 'NONE',  ( 0.000000000000000000, 1.000000000000000000, 0.000000000000000000 ) ) ;
#189 = CARTESIAN_POINT ( 'NONE',  ( -39.99999999999998579, 0.000000000000000000, 50.00000000000000000 ) ) ;
#190 = DIRECTION ( 'NONE',  ( -0.000000000000000000, 1.000000000000000000, -0.000000000000000000 ) ) ;
#191 = CARTESIAN_POINT ( 'NONE',  ( -23.56999999999998963, 10.00000000000000000, 86.42999999999999261 ) ) ;
#192 = CIRCLE ( 'NONE', #408, 20.00000000000000355 ) ;
#193 = CIRCLE ( 'NONE', #73, 2.600000000000004974 ) ;
#194 = ORIENTED_EDGE ( 'NONE', *, *, #1800, .T. ) ;
#195 = LINE ( 'NONE', #754, #620 ) ;
#196 = DIRECTION ( 'NONE',  ( -1.000000000000000000, 0.000000000000000000, -4.625929269271483942E-16 ) ) ;
#197 = EDGE_CURVE ( 'NONE', #219, #964, #1371, .T. ) ;
#198 = CARTESIAN_POINT ( 'NONE',  ( 40.00000000000002132, 0.000000000000000000, 73.19999999999998863 ) ) ;
#199 = CARTESIAN_POINT ( 'NONE',  ( 1.347111479062088523E-14, 0.000000000000000000, 110.0000000000000000 ) ) ;
#200 = DIRECTION ( 'NONE',  ( 0.000000000000000000, 0.000000000000000000, 1.000000000000000000 ) ) ;
#201 = EDGE_LOOP ( 'NONE', ( #984, #1647, #24, #1078 ) ) ;
#202 = CYLINDRICAL_SURFACE ( 'NONE', #50, 2.599999999999991207 ) ;
#203 = CYLINDRICAL_SURFACE ( 'NONE', #567, 3.199999999999994404 ) ;
#204 = PRESENTATION_LAYER_ASSIGNMENT (  '', '', ( #423 ) ) ;
#205 = CARTESIAN_POINT ( 'NONE',  ( -23.56999999999998963, 0.000000000000000000, 86.42999999999999261 ) ) ;
#206 = CIRCLE ( 'NONE', #896, 10.00000000000000178 ) ;
#207 = EDGE_CURVE ( 'NONE', #1562, #772, #1552, .T. ) ;
#208 = LINE ( 'NONE', #1133, #1433 ) ;
#209 = ORIENTED_EDGE ( 'NONE', *, *, #1550, .F. ) ;
#210 = DIRECTION ( 'NONE',  ( 0.000000000000000000, 0.000000000000000000, 1.000000000000000000 ) ) ;
#211 = AXIS2_PLACEMENT_3D ( 'NONE', #1710, #550, #1126 ) ;
#212 = DIRECTION ( 'NONE',  ( -0.000000000000000000, 1.000000000000000000, -0.000000000000000000 ) ) ;
#213 = EDGE_CURVE ( 'NONE', #699, #442, #1820, .T. ) ;
#214 = EDGE_LOOP ( 'NONE', ( #571, #1543, #435, #1409 ) ) ;
#215 = CARTESIAN_POINT ( 'NONE',  ( 30.00000000000000000, 0.000000000000000000, 10.00000000000000178 ) ) ;
#216 = DIRECTION ( 'NONE',  ( 0.000000000000000000, -0.000000000000000000, 1.000000000000000000 ) ) ;
#217 = LINE ( 'NONE', #1214, #958 ) ;
#218 = ORIENTED_EDGE ( 'NONE', *, *, #1463, .T. ) ;
#219 = VERTEX_POINT ( 'NONE', #1806 ) ;
#220 = CARTESIAN_POINT ( 'NONE',  ( -19.99999999999998579, 0.000000000000000000, 130.0000000000000000 ) ) ;
#221 = FACE_OUTER_BOUND ( 'NONE', #6, .T. ) ;
#222 = EDGE_CURVE ( 'NONE', #831, #951, #1762, .T. ) ;
#223 = ORIENTED_EDGE ( 'NONE', *, *, #630, .T. ) ;
#224 = AXIS2_PLACEMENT_3D ( 'NONE', #127, #952, #1237 ) ;
#225 = AXIS2_PLACEMENT_3D ( 'NONE', #145, #730, #1735 ) ;
#226 = DIRECTION ( 'NONE',  ( -0.000000000000000000, 1.000000000000000000, -0.000000000000000000 ) ) ;
#227 = CARTESIAN_POINT ( 'NONE',  ( -39.99999999999999289, 10.00000000000000000, 90.00000000000000000 ) ) ;
#228 = CARTESIAN_POINT ( 'NONE',  ( -49.99999999999999289, 10.00000000000000000, 70.00000000000000000 ) ) ;
#229 = DIRECTION ( 'NONE',  ( -0.000000000000000000, 1.000000000000000000, -0.000000000000000000 ) ) ;
#230 = ORIENTED_EDGE ( 'NONE', *, *, #1066, .T. ) ;
#231 = CARTESIAN_POINT ( 'NONE',  ( -39.99999999999999289, 0.000000000000000000, 90.00000000000000000 ) ) ;
#232 = ADVANCED_FACE ( 'NONE', ( #560 ), #1265, .F. ) ;
#233 = ORIENTED_EDGE ( 'NONE', *, *, #516, .T. ) ;
#234 = SURFACE_STYLE_FILL_AREA ( #1350 ) ;
#235 = DIRECTION ( 'NONE',  ( -0.000000000000000000, 1.000000000000000000, -0.000000000000000000 ) ) ;
#236 = FACE_BOUND ( 'NONE', #1585, .T. ) ;
#237 = EDGE_LOOP ( 'NONE', ( #847, #1306, #821, #579 ) ) ;
#238 = DIRECTION ( 'NONE',  ( -0.000000000000000000, 1.000000000000000000, -0.000000000000000000 ) ) ;
#239 = CARTESIAN_POINT ( 'NONE',  ( -50.00000000000000711, 10.00000000000000000, -60.00000000000000000 ) ) ;
#240 = PRODUCT_DEFINITION_CONTEXT ( 'detailed design', #413, 'design' ) ;
#241 = AXIS2_PLACEMENT_3D ( 'NONE', #74, #654, #1203 ) ;
#242 = EDGE_LOOP ( 'NONE', ( #895, #51 ) ) ;
#243 = CARTESIAN_POINT ( 'NONE',  ( 20.00000000000002487, 10.00000000000000000, 130.0000000000000000 ) ) ;
#244 = EDGE_LOOP ( 'NONE', ( #158, #298, #1515, #1044, #494, #35, #233, #1381, #1843, #16, #1693, #990, #1190, #1846 ) ) ;
#245 = EDGE_CURVE ( 'NONE', #719, #959, #1427, .T. ) ;
#246 = DIRECTION ( 'NONE',  ( 0.000000000000000000, 0.000000000000000000, 1.000000000000000000 ) ) ;
#247 = EDGE_LOOP ( 'NONE', ( #1420, #32 ) ) ;
#248 = ORIENTED_EDGE ( 'NONE', *, *, #1787, .T. ) ;
#249 = CARTESIAN_POINT ( 'NONE',  ( 40.00000000000001421, 10.00000000000000000, -49.99999999999999289 ) ) ;
#250 = FACE_OUTER_BOUND ( 'NONE', #418, .T. ) ;
#251 = ORIENTED_EDGE ( 'NONE', *, *, #128, .F. ) ;
#252 = FACE_BOUND ( 'NONE', #80, .T. ) ;
#253 = ORIENTED_EDGE ( 'NONE', *, *, #1061, .F. ) ;
#254 = LINE ( 'NONE', #664, #1246 ) ;
#255 = EDGE_CURVE ( 'NONE', #1367, #1226, #771, .T. ) ;
#256 = ORIENTED_EDGE ( 'NONE', *, *, #1231, .F. ) ;
#257 = DIRECTION ( 'NONE',  ( -0.000000000000000000, 1.000000000000000000, -0.000000000000000000 ) ) ;
#258 = CARTESIAN_POINT ( 'NONE',  ( 23.57000000000001094, 0.000000000000000000, 133.5699999999999932 ) ) ;
#259 = ORIENTED_EDGE ( 'NONE', *, *, #1397, .F. ) ;
#260 = DIRECTION ( 'NONE',  ( 0.000000000000000000, 0.000000000000000000, 1.000000000000000000 ) ) ;
#261 = CARTESIAN_POINT ( 'NONE',  ( 0.000000000000000000, 10.00000000000000000, 17.50000000000000355 ) ) ;
#262 = ORIENTED_EDGE ( 'NONE', *, *, #562, .F. ) ;
#263 = VECTOR ( 'NONE', #1045, 1000.000000000000000 ) ;
#264 = DIRECTION ( 'NONE',  ( 0.000000000000000000, 0.000000000000000000, 1.000000000000000000 ) ) ;
#265 = AXIS2_PLACEMENT_3D ( 'NONE', #111, #1089, #1119 ) ;
#266 = CLOSED_SHELL ( 'NONE', ( #545, #463, #692, #894, #1753, #532, #1581, #1284, #1244, #619, #652, #1536, #755, #1687, #483, #1359, #1719, #1384, #713, #1742, #277, #542, #1813, #752, #975, #886, #1032, #725, #1206, #1348, #443, #522, #575, #1325, #1051, #232, #120, #1632, #598, #1766, #793, #616, #331, #1610, #186, #734, #1591, #1153, #1164, #152, #23, #341 ) ) ;
#267 = EDGE_CURVE ( 'NONE', #384, #1577, #1794, .T. ) ;
#268 = VECTOR ( 'NONE', #1496, 1000.000000000000000 ) ;
#269 = EDGE_LOOP ( 'NONE', ( #484, #380, #1792, #406 ) ) ;
#270 = CIRCLE ( 'NONE', #841, 2.599999999999991207 ) ;
#271 = DIRECTION ( 'NONE',  ( 0.000000000000000000, 0.000000000000000000, 1.000000000000000000 ) ) ;
#272 = ORIENTED_EDGE ( 'NONE', *, *, #1120, .T. ) ;
#273 = CARTESIAN_POINT ( 'NONE',  ( -39.99999999999998579, 10.00000000000000000, -50.00000000000000000 ) ) ;
#274 = VERTEX_POINT ( 'NONE', #824 ) ;
#275 = DIRECTION ( 'NONE',  ( 0.000000000000000000, 1.000000000000000000, 0.000000000000000000 ) ) ;
#276 = CARTESIAN_POINT ( 'NONE',  ( 1.347111479062088523E-14, 10.00000000000000000, 130.0000000000000000 ) ) ;
#277 = ADVANCED_FACE ( 'NONE', ( #101, #252, #1121, #1130, #94, #525, #386, #427, #1553, #1273, #1402, #973, #833, #123, #673, #991, #694 ), #805, .T. ) ;
#278 = ORIENTED_EDGE ( 'NONE', *, *, #863, .F. ) ;
#279 = CARTESIAN_POINT ( 'NONE',  ( 40.00000000000002842, 10.00000000000000000, 90.00000000000000000 ) ) ;
#280 = ORIENTED_EDGE ( 'NONE', *, *, #1339, .F. ) ;
#281 = LINE ( 'NONE', #1421, #85 ) ;
#282 = VERTEX_POINT ( 'NONE', #1840 ) ;
#283 = CARTESIAN_POINT ( 'NONE',  ( -39.99999999999998579, 0.000000000000000000, -51.60000000000000142 ) ) ;
#284 = AXIS2_PLACEMENT_3D ( 'NONE', #49, #1764, #200 ) ;
#285 = AXIS2_PLACEMENT_3D ( 'NONE', #1751, #1319, #469 ) ;
#286 = CIRCLE ( 'NONE', #763, 1.599999999999997202 ) ;
#287 = ORIENTED_EDGE ( 'NONE', *, *, #1221, .F. ) ;
#288 = EDGE_CURVE ( 'NONE', #1506, #1818, #1678, .T. ) ;
#289 = ORIENTED_EDGE ( 'NONE', *, *, #207, .T. ) ;
#290 = CARTESIAN_POINT ( 'NONE',  ( -40.00000000000000711, 0.000000000000000000, -60.00000000000000000 ) ) ;
#291 = EDGE_CURVE ( 'NONE', #1147, #362, #1313, .T. ) ;
#292 = ORIENTED_EDGE ( 'NONE', *, *, #1510, .F. ) ;
#293 = DIRECTION ( 'NONE',  ( 0.000000000000000000, 0.000000000000000000, 1.000000000000000000 ) ) ;
#294 = CARTESIAN_POINT ( 'NONE',  ( 20.00000000000002842, 0.000000000000000000, 140.0000000000000000 ) ) ;
#295 = CIRCLE ( 'NONE', #920, 17.50000000000000355 ) ;
#296 = ORIENTED_EDGE ( 'NONE', *, *, #95, .T. ) ;
#297 = AXIS2_PLACEMENT_3D ( 'NONE', #1654, #1364, #354 ) ;
#298 = ORIENTED_EDGE ( 'NONE', *, *, #313, .T. ) ;
#299 = VECTOR ( 'NONE', #403, 1000.000000000000000 ) ;
#300 = DIRECTION ( 'NONE',  ( 0.000000000000000000, -1.000000000000000000, 0.000000000000000000 ) ) ;
#301 = FACE_OUTER_BOUND ( 'NONE', #269, .T. ) ;
#302 = EDGE_CURVE ( 'NONE', #1511, #528, #508, .T. ) ;
#303 = ORIENTED_EDGE ( 'NONE', *, *, #356, .T. ) ;
#304 = EDGE_CURVE ( 'NONE', #845, #1524, #450, .T. ) ;
#305 = DIRECTION ( 'NONE',  ( 0.000000000000000000, 1.000000000000000000, 0.000000000000000000 ) ) ;
#306 = FACE_OUTER_BOUND ( 'NONE', #1805, .T. ) ;
#307 = EDGE_LOOP ( 'NONE', ( #976, #1501, #967, #1235 ) ) ;
#308 = ORIENTED_EDGE ( 'NONE', *, *, #680, .T. ) ;
#309 = CARTESIAN_POINT ( 'NONE',  ( 40.00000000000002132, 0.000000000000000000, 73.19999999999998863 ) ) ;
#310 = ORIENTED_EDGE ( 'NONE', *, *, #1231, .T. ) ;
#311 = DIRECTION ( 'NONE',  ( -0.000000000000000000, 1.000000000000000000, -0.000000000000000000 ) ) ;
#312 = DIRECTION ( 'NONE',  ( 0.000000000000000000, -1.000000000000000000, 0.000000000000000000 ) ) ;
#313 = EDGE_CURVE ( 'NONE', #1215, #1175, #206, .T. ) ;
#314 = UNCERTAINTY_MEASURE_WITH_UNIT (LENGTH_MEASURE( 1.000000000000000082E-05 ), #1222, 'distance_accuracy_value', 'NONE');
#315 = CIRCLE ( 'NONE', #106, 1.599999999999997202 ) ;
#316 = EDGE_LOOP ( 'NONE', ( #1507, #1393 ) ) ;
#317 = ORIENTED_EDGE ( 'NONE', *, *, #1842, .F. ) ;
#318 = DIRECTION ( 'NONE',  ( -0.000000000000000000, 1.000000000000000000, -0.000000000000000000 ) ) ;
#319 = CYLINDRICAL_SURFACE ( 'NONE', #1171, 10.00000000000000178 ) ;
#320 = DIRECTION ( 'NONE',  ( 1.000000000000000000, -0.000000000000000000, -9.251858538542967883E-16 ) ) ;
#321 = DIRECTION ( 'NONE',  ( -0.000000000000000000, 1.000000000000000000, -0.000000000000000000 ) ) ;
#322 = EDGE_CURVE ( 'NONE', #1453, #699, #1713, .T. ) ;
#323 = ORIENTED_EDGE ( 'NONE', *, *, #164, .T. ) ;
#324 = EDGE_LOOP ( 'NONE', ( #1341, #1349 ) ) ;
#325 = CARTESIAN_POINT ( 'NONE',  ( 23.57000000000001094, 0.000000000000000000, 83.82999999999998408 ) ) ;
#326 = AXIS2_PLACEMENT_3D ( 'NONE', #936, #1233, #635 ) ;
#327 = ORIENTED_EDGE ( 'NONE', *, *, #34, .F. ) ;
#328 = DIRECTION ( 'NONE',  ( -1.000000000000000000, 0.000000000000000000, 1.982541115402065110E-16 ) ) ;
#329 = CARTESIAN_POINT ( 'NONE',  ( -30.00000000000000000, 0.000000000000000000, 10.00000000000000178 ) ) ;
#330 = CARTESIAN_POINT ( 'NONE',  ( 30.00000000000002487, 10.00000000000000000, 130.0000000000000000 ) ) ;
#331 = ADVANCED_FACE ( 'NONE', ( #140 ), #434, .F. ) ;
#332 = ORIENTED_EDGE ( 'NONE', *, *, #955, .F. ) ;
#333 = FACE_OUTER_BOUND ( 'NONE', #214, .T. ) ;
#334 = CARTESIAN_POINT ( 'NONE',  ( 23.57000000000001094, 10.00000000000000000, 89.03000000000000114 ) ) ;
#335 = DIRECTION ( 'NONE',  ( 0.000000000000000000, 0.000000000000000000, 1.000000000000000000 ) ) ;
#336 = CARTESIAN_POINT ( 'NONE',  ( -23.56999999999998963, 0.000000000000000000, 133.5699999999999932 ) ) ;
#337 = CARTESIAN_POINT ( 'NONE',  ( 40.00000000000002132, 10.00000000000000000, 66.79999999999999716 ) ) ;
#338 = CIRCLE ( 'NONE', #1388, 1.599999999999997202 ) ;
#339 = VECTOR ( 'NONE', #1240, 1000.000000000000000 ) ;
#340 = ORIENTED_EDGE ( 'NONE', *, *, #213, .T. ) ;
#341 = ADVANCED_FACE ( 'NONE', ( #1146 ), #853, .F. ) ;
#342 = LINE ( 'NONE', #1473, #389 ) ;
#343 = EDGE_CURVE ( 'NONE', #390, #559, #1673, .T. ) ;
#344 = CARTESIAN_POINT ( 'NONE',  ( 50.00000000000004263, 10.00000000000000000, 70.00000000000000000 ) ) ;
#345 = FACE_BOUND ( 'NONE', #1434, .T. ) ;
#346 = CARTESIAN_POINT ( 'NONE',  ( 30.00000000000002487, 0.000000000000000000, 130.0000000000000000 ) ) ;
#347 = CARTESIAN_POINT ( 'NONE',  ( 23.57000000000001094, 0.000000000000000000, 136.1699999999999875 ) ) ;
#348 = VECTOR ( 'NONE', #318, 1000.000000000000000 ) ;
#349 = EDGE_LOOP ( 'NONE', ( #834, #433, #783, #874 ) ) ;
#350 = CARTESIAN_POINT ( 'NONE',  ( -50.00000000000000711, 10.00000000000000000, -60.00000000000000000 ) ) ;
#351 = AXIS2_PLACEMENT_3D ( 'NONE', #1690, #986, #1560 ) ;
#352 = FACE_OUTER_BOUND ( 'NONE', #1558, .T. ) ;
#353 = CARTESIAN_POINT ( 'NONE',  ( -39.99999999999998579, 0.000000000000000000, 50.00000000000000000 ) ) ;
#354 = DIRECTION ( 'NONE',  ( 0.000000000000000000, 0.000000000000000000, 1.000000000000000000 ) ) ;
#355 = AXIS2_PLACEMENT_3D ( 'NONE', #108, #212, #1509 ) ;
#356 = EDGE_CURVE ( 'NONE', #1554, #1453, #1640, .T. ) ;
#357 = DIRECTION ( 'NONE',  ( 0.000000000000000000, 1.000000000000000000, 0.000000000000000000 ) ) ;
#358 = ORIENTED_EDGE ( 'NONE', *, *, #1221, .T. ) ;
#359 = ORIENTED_EDGE ( 'NONE', *, *, #867, .F. ) ;
#360 = DIRECTION ( 'NONE',  ( -0.000000000000000000, 1.000000000000000000, -0.000000000000000000 ) ) ;
#361 = AXIS2_PLACEMENT_3D ( 'NONE', #708, #1845, #1311 ) ;
#362 = VERTEX_POINT ( 'NONE', #1056 ) ;
#363 = CARTESIAN_POINT ( 'NONE',  ( 20.00000000000002842, 10.00000000000000000, 140.0000000000000000 ) ) ;
#364 = ADVANCED_BREP_SHAPE_REPRESENTATION ( 'GripperBaseTop', ( #79, #265 ), #686 ) ;
#365 = LINE ( 'NONE', #1363, #339 ) ;
#366 = FACE_OUTER_BOUND ( 'NONE', #1797, .T. ) ;
#367 = CARTESIAN_POINT ( 'NONE',  ( 30.00000000000000000, 0.000000000000000000, -9.999999999999998224 ) ) ;
#368 = VERTEX_POINT ( 'NONE', #787 ) ;
#369 = VERTEX_POINT ( 'NONE', #1353 ) ;
#370 = DIRECTION ( 'NONE',  ( 0.000000000000000000, 0.000000000000000000, 1.000000000000000000 ) ) ;
#371 = EDGE_CURVE ( 'NONE', #88, #1118, #75, .T. ) ;
#372 = CARTESIAN_POINT ( 'NONE',  ( -40.00000000000000711, 10.00000000000000000, 73.19999999999998863 ) ) ;
#373 = EDGE_LOOP ( 'NONE', ( #77, #551 ) ) ;
#374 = VECTOR ( 'NONE', #1269, 1000.000000000000000 ) ;
#375 = AXIS2_PLACEMENT_3D ( 'NONE', #417, #1158, #17 ) ;
#376 = DIRECTION ( 'NONE',  ( 0.000000000000000000, 0.000000000000000000, -1.000000000000000000 ) ) ;
#377 = DIRECTION ( 'NONE',  ( -0.000000000000000000, 1.000000000000000000, -0.000000000000000000 ) ) ;
#378 = FACE_BOUND ( 'NONE', #1448, .T. ) ;
#379 = LINE ( 'NONE', #949, #268 ) ;
#380 = ORIENTED_EDGE ( 'NONE', *, *, #829, .F. ) ;
#381 = CARTESIAN_POINT ( 'NONE',  ( -40.00000000000000711, 10.00000000000000000, 66.79999999999999716 ) ) ;
#382 = CYLINDRICAL_SURFACE ( 'NONE', #355, 1.599999999999997202 ) ;
#383 = EDGE_CURVE ( 'NONE', #674, #468, #1229, .T. ) ;
#384 = VERTEX_POINT ( 'NONE', #1781 ) ;
#385 = AXIS2_PLACEMENT_3D ( 'NONE', #1308, #1749, #597 ) ;
#386 = FACE_BOUND ( 'NONE', #594, .T. ) ;
#387 = CARTESIAN_POINT ( 'NONE',  ( 23.57000000000001094, 10.00000000000000000, 86.42999999999999261 ) ) ;
#388 = FACE_BOUND ( 'NONE', #1545, .T. ) ;
#389 = VECTOR ( 'NONE', #196, 1000.000000000000000 ) ;
#390 = VERTEX_POINT ( 'NONE', #1345 ) ;
#391 = EDGE_LOOP ( 'NONE', ( #1565, #1309, #69, #1466 ) ) ;
#392 = LINE ( 'NONE', #960, #1663 ) ;
#393 = VECTOR ( 'NONE', #1324, 1000.000000000000000 ) ;
#394 = AXIS2_PLACEMENT_3D ( 'NONE', #617, #64, #1478 ) ;
#395 = ORIENTED_EDGE ( 'NONE', *, *, #422, .T. ) ;
#396 = EDGE_CURVE ( 'NONE', #1435, #845, #379, .T. ) ;
#397 = CARTESIAN_POINT ( 'NONE',  ( 30.00000000000000000, 10.00000000000000000, -9.999999999999998224 ) ) ;
#398 = VERTEX_POINT ( 'NONE', #1616 ) ;
#399 = CARTESIAN_POINT ( 'NONE',  ( 40.00000000000002132, 0.000000000000000000, 66.79999999999999716 ) ) ;
#400 = VERTEX_POINT ( 'NONE', #346 ) ;
#401 = DIRECTION ( 'NONE',  ( 0.000000000000000000, 1.000000000000000000, 0.000000000000000000 ) ) ;
#402 = CYLINDRICAL_SURFACE ( 'NONE', #923, 3.199999999999994404 ) ;
#403 = DIRECTION ( 'NONE',  ( -0.000000000000000000, 1.000000000000000000, -0.000000000000000000 ) ) ;
#404 = EDGE_LOOP ( 'NONE', ( #1141, #1828 ) ) ;
#405 = DIRECTION ( 'NONE',  ( -0.000000000000000000, 1.000000000000000000, -0.000000000000000000 ) ) ;
#406 = ORIENTED_EDGE ( 'NONE', *, *, #14, .T. ) ;
#407 = DIRECTION ( 'NONE',  ( 0.000000000000000000, 0.000000000000000000, 1.000000000000000000 ) ) ;
#408 = AXIS2_PLACEMENT_3D ( 'NONE', #1253, #968, #1125 ) ;
#409 = EDGE_CURVE ( 'NONE', #1642, #390, #217, .T. ) ;
#410 = ORIENTED_EDGE ( 'NONE', *, *, #267, .T. ) ;
#411 = VECTOR ( 'NONE', #311, 1000.000000000000000 ) ;
#412 = DIRECTION ( 'NONE',  ( 0.000000000000000000, 0.000000000000000000, 1.000000000000000000 ) ) ;
#413 = APPLICATION_CONTEXT ( 'automotive_design' ) ;
#414 = ORIENTED_EDGE ( 'NONE', *, *, #291, .F. ) ;
#415 = CARTESIAN_POINT ( 'NONE',  ( -9.999999999999991118, 0.000000000000000000, 66.79999999999998295 ) ) ;
#416 = ORIENTED_EDGE ( 'NONE', *, *, #81, .F. ) ;
#417 = CARTESIAN_POINT ( 'NONE',  ( 23.57000000000001094, 0.000000000000000000, 86.42999999999999261 ) ) ;
#418 = EDGE_LOOP ( 'NONE', ( #144, #933, #93, #1651 ) ) ;
#419 = DIRECTION ( 'NONE',  ( 0.000000000000000000, 1.000000000000000000, 0.000000000000000000 ) ) ;
#420 = DIRECTION ( 'NONE',  ( 0.000000000000000000, 0.000000000000000000, 1.000000000000000000 ) ) ;
#421 = CIRCLE ( 'NONE', #566, 17.50000000000000355 ) ;
#422 = EDGE_CURVE ( 'NONE', #1184, #1178, #718, .T. ) ;
#423 = STYLED_ITEM ( 'NONE', ( #1502 ), #79 ) ;
#424 = AXIS2_PLACEMENT_3D ( 'NONE', #963, #663, #1563 ) ;
#425 = ORIENTED_EDGE ( 'NONE', *, *, #1296, .T. ) ;
#426 = AXIS2_PLACEMENT_3D ( 'NONE', #750, #180, #1458 ) ;
#427 = FACE_BOUND ( 'NONE', #917, .T. ) ;
#428 = DIRECTION ( 'NONE',  ( 0.000000000000000000, 0.000000000000000000, 1.000000000000000000 ) ) ;
#429 = EDGE_LOOP ( 'NONE', ( #1289, #602, #465, #569 ) ) ;
#430 = DIRECTION ( 'NONE',  ( -0.000000000000000000, 1.000000000000000000, -0.000000000000000000 ) ) ;
#431 = EDGE_CURVE ( 'NONE', #1175, #1155, #1790, .T. ) ;
#432 = EDGE_CURVE ( 'NONE', #1438, #489, #743, .T. ) ;
#433 = ORIENTED_EDGE ( 'NONE', *, *, #996, .T. ) ;
#434 = CYLINDRICAL_SURFACE ( 'NONE', #1340, 1.599999999999997202 ) ;
#435 = ORIENTED_EDGE ( 'NONE', *, *, #1500, .T. ) ;
#436 = CARTESIAN_POINT ( 'NONE',  ( -9.999999999999991118, 0.000000000000000000, 69.99999999999998579 ) ) ;
#437 = CARTESIAN_POINT ( 'NONE',  ( 40.00000000000001421, 10.00000000000000000, -60.00000000000000000 ) ) ;
#438 = DIRECTION ( 'NONE',  ( 0.000000000000000000, 0.000000000000000000, 1.000000000000000000 ) ) ;
#439 = VECTOR ( 'NONE', #9, 1000.000000000000000 ) ;
#440 = CARTESIAN_POINT ( 'NONE',  ( -39.99999999999998579, 0.000000000000000000, -50.00000000000000000 ) ) ;
#441 = VECTOR ( 'NONE', #84, 1000.000000000000000 ) ;
#442 = VERTEX_POINT ( 'NONE', #1085 ) ;
#443 = ADVANCED_FACE ( 'NONE', ( #517 ), #48, .F. ) ;
#444 = ORIENTED_EDGE ( 'NONE', *, *, #1396, .T. ) ;
#445 = DIRECTION ( 'NONE',  ( 0.000000000000000000, 1.000000000000000000, 0.000000000000000000 ) ) ;
#446 = EDGE_LOOP ( 'NONE', ( #410, #139 ) ) ;
#447 = CARTESIAN_POINT ( 'NONE',  ( 10.00000000000000888, 0.000000000000000000, 69.99999999999998579 ) ) ;
#448 = CARTESIAN_POINT ( 'NONE',  ( -29.99999999999999289, 10.00000000000000000, 90.00000000000000000 ) ) ;
#449 = ORIENTED_EDGE ( 'NONE', *, *, #255, .F. ) ;
#450 = CIRCLE ( 'NONE', #1676, 2.600000000000004974 ) ;
#451 = ORIENTED_EDGE ( 'NONE', *, *, #1451, .T. ) ;
#452 = LINE ( 'NONE', #1715, #1417 ) ;
#453 = EDGE_CURVE ( 'NONE', #666, #803, #1765, .T. ) ;
#454 = DIRECTION ( 'NONE',  ( -0.000000000000000000, 1.000000000000000000, -0.000000000000000000 ) ) ;
#455 = CARTESIAN_POINT ( 'NONE',  ( 50.00000000000001421, 10.00000000000000000, -49.99999999999999289 ) ) ;
#456 = DIRECTION ( 'NONE',  ( -0.000000000000000000, 1.000000000000000000, -0.000000000000000000 ) ) ;
#457 = ORIENTED_EDGE ( 'NONE', *, *, #1784, .T. ) ;
#458 = ORIENTED_EDGE ( 'NONE', *, *, #1729, .T. ) ;
#459 = PLANE ( 'NONE',  #1075 ) ;
#460 = DIRECTION ( 'NONE',  ( 0.000000000000000000, 1.000000000000000000, 0.000000000000000000 ) ) ;
#461 = CARTESIAN_POINT ( 'NONE',  ( -29.99999999999998934, 10.00000000000000000, 140.0000000000000000 ) ) ;
#462 = CARTESIAN_POINT ( 'NONE',  ( 40.00000000000002842, 10.00000000000000000, 90.00000000000000000 ) ) ;
#463 = ADVANCED_FACE ( 'NONE', ( #1646 ), #916, .F. ) ;
#464 = CIRCLE ( 'NONE', #639, 1.599999999999997202 ) ;
#465 = ORIENTED_EDGE ( 'NONE', *, *, #130, .T. ) ;
#466 = ORIENTED_EDGE ( 'NONE', *, *, #396, .T. ) ;
#467 = DIRECTION ( 'NONE',  ( 0.000000000000000000, 0.000000000000000000, 1.000000000000000000 ) ) ;
#468 = VERTEX_POINT ( 'NONE', #480 ) ;
#469 = DIRECTION ( 'NONE',  ( 0.000000000000000000, 0.000000000000000000, 1.000000000000000000 ) ) ;
#470 = CARTESIAN_POINT ( 'NONE',  ( -49.99999999999999289, 10.00000000000000000, 70.00000000000000000 ) ) ;
#471 = CARTESIAN_POINT ( 'NONE',  ( -40.00000000000000711, 0.000000000000000000, 73.19999999999998863 ) ) ;
#472 = EDGE_CURVE ( 'NONE', #1435, #1411, #1143, .T. ) ;
#473 = CIRCLE ( 'NONE', #116, 1.599999999999997202 ) ;
#474 = VERTEX_POINT ( 'NONE', #1365 ) ;
#475 = LINE ( 'NONE', #1776, #1108 ) ;
#476 = CIRCLE ( 'NONE', #540, 10.00000000000000888 ) ;
#477 = FACE_OUTER_BOUND ( 'NONE', #1088, .T. ) ;
#478 = DIRECTION ( 'NONE',  ( -1.000000000000000000, 0.000000000000000000, -0.000000000000000000 ) ) ;
#479 = DIRECTION ( 'NONE',  ( 0.000000000000000000, 1.000000000000000000, 0.000000000000000000 ) ) ;
#480 = CARTESIAN_POINT ( 'NONE',  ( 23.57000000000001094, 10.00000000000000000, 136.1699999999999875 ) ) ;
#481 = DIRECTION ( 'NONE',  ( -0.000000000000000000, 1.000000000000000000, -0.000000000000000000 ) ) ;
#482 = EDGE_CURVE ( 'NONE', #810, #503, #1801, .T. ) ;
#483 = ADVANCED_FACE ( 'NONE', ( #1336 ), #55, .F. ) ;
#484 = ORIENTED_EDGE ( 'NONE', *, *, #905, .F. ) ;
#485 = CARTESIAN_POINT ( 'NONE',  ( 0.000000000000000000, 0.000000000000000000, 0.000000000000000000 ) ) ;
#486 = DIRECTION ( 'NONE',  ( 0.000000000000000000, -1.000000000000000000, 0.000000000000000000 ) ) ;
#487 = FACE_BOUND ( 'NONE', #247, .T. ) ;
#488 = DIRECTION ( 'NONE',  ( -5.782411586589356160E-17, 0.000000000000000000, -1.000000000000000000 ) ) ;
#489 = VERTEX_POINT ( 'NONE', #1486 ) ;
#490 = EDGE_LOOP ( 'NONE', ( #662, #248 ) ) ;
#491 = DIRECTION ( 'NONE',  ( -0.000000000000000000, 1.000000000000000000, -0.000000000000000000 ) ) ;
#492 = AXIS2_PLACEMENT_3D ( 'NONE', #1074, #481, #1639 ) ;
#493 = VECTOR ( 'NONE', #377, 1000.000000000000000 ) ;
#494 = ORIENTED_EDGE ( 'NONE', *, *, #1430, .T. ) ;
#495 = LINE ( 'NONE', #1176, #1634 ) ;
#496 = EDGE_CURVE ( 'NONE', #1444, #951, #208, .T. ) ;
#497 = LINE ( 'NONE', #43, #1283 ) ;
#498 = CARTESIAN_POINT ( 'NONE',  ( -23.56999999999998963, 0.000000000000000000, 83.82999999999998408 ) ) ;
#499 = DIRECTION ( 'NONE',  ( 0.000000000000000000, 0.000000000000000000, 1.000000000000000000 ) ) ;
#500 = ORIENTED_EDGE ( 'NONE', *, *, #1197, .T. ) ;
#501 = DIRECTION ( 'NONE',  ( -1.000000000000000000, 0.000000000000000000, -4.625929269271483942E-16 ) ) ;
#502 = AXIS2_PLACEMENT_3D ( 'NONE', #436, #1587, #1412 ) ;
#503 = VERTEX_POINT ( 'NONE', #645 ) ;
#504 =( NAMED_UNIT ( * ) SI_UNIT ( $, .STERADIAN. ) SOLID_ANGLE_UNIT ( ) );
#505 = LINE ( 'NONE', #946, #1140 ) ;
#506 = EDGE_CURVE ( 'NONE', #1416, #282, #1460, .T. ) ;
#507 = DIRECTION ( 'NONE',  ( 9.912705577010326782E-17, 0.000000000000000000, 1.000000000000000000 ) ) ;
#508 = CIRCLE ( 'NONE', #424, 17.50000000000000355 ) ;
#509 = CARTESIAN_POINT ( 'NONE',  ( 50.00000000000001421, 10.00000000000000000, -49.99999999999999289 ) ) ;
#510 = EDGE_LOOP ( 'NONE', ( #41, #129, #939, #588 ) ) ;
#511 = DIRECTION ( 'NONE',  ( -1.982541115402065110E-16, -0.000000000000000000, -1.000000000000000000 ) ) ;
#512 = CIRCLE ( 'NONE', #1796, 1.599999999999997202 ) ;
#513 = ORIENTED_EDGE ( 'NONE', *, *, #1134, .T. ) ;
#514 = DIRECTION ( 'NONE',  ( 0.000000000000000000, -1.000000000000000000, 0.000000000000000000 ) ) ;
#515 = DIRECTION ( 'NONE',  ( -1.982541115402065110E-16, -0.000000000000000000, -1.000000000000000000 ) ) ;
#516 = EDGE_CURVE ( 'NONE', #400, #622, #476, .T. ) ;
#517 = FACE_OUTER_BOUND ( 'NONE', #1826, .T. ) ;
#518 = ORIENTED_EDGE ( 'NONE', *, *, #1485, .T. ) ;
#519 = ORIENTED_EDGE ( 'NONE', *, *, #1288, .T. ) ;
#520 = DIRECTION ( 'NONE',  ( 1.000000000000000000, 0.000000000000000000, 0.000000000000000000 ) ) ;
#521 = DIRECTION ( 'NONE',  ( 0.000000000000000000, 0.000000000000000000, 1.000000000000000000 ) ) ;
#522 = ADVANCED_FACE ( 'NONE', ( #797 ), #86, .F. ) ;
#523 = ORIENTED_EDGE ( 'NONE', *, *, #68, .T. ) ;
#524 = AXIS2_PLACEMENT_3D ( 'NONE', #931, #1793, #761 ) ;
#525 = FACE_BOUND ( 'NONE', #1675, .T. ) ;
#526 = CARTESIAN_POINT ( 'NONE',  ( 40.00000000000001421, 0.000000000000000000, 48.40000000000000568 ) ) ;
#527 = VECTOR ( 'NONE', #360, 1000.000000000000000 ) ;
#528 = VERTEX_POINT ( 'NONE', #1083 ) ;
#529 = ORIENTED_EDGE ( 'NONE', *, *, #396, .F. ) ;
#530 = DIRECTION ( 'NONE',  ( 0.000000000000000000, 1.000000000000000000, 0.000000000000000000 ) ) ;
#531 = DIRECTION ( 'NONE',  ( 0.000000000000000000, 0.000000000000000000, 1.000000000000000000 ) ) ;
#532 = ADVANCED_FACE ( 'NONE', ( #366 ), #1770, .F. ) ;
#533 = EDGE_LOOP ( 'NONE', ( #1135, #1274 ) ) ;
#534 = DIRECTION ( 'NONE',  ( 0.000000000000000000, 1.000000000000000000, 0.000000000000000000 ) ) ;
#535 = ORIENTED_EDGE ( 'NONE', *, *, #1006, .F. ) ;
#536 = CARTESIAN_POINT ( 'NONE',  ( 30.00000000000000000, 0.000000000000000000, -11.59999999999999609 ) ) ;
#537 = AXIS2_PLACEMENT_3D ( 'NONE', #906, #1778, #1622 ) ;
#538 = ORIENTED_EDGE ( 'NONE', *, *, #371, .T. ) ;
#539 = FACE_OUTER_BOUND ( 'NONE', #811, .T. ) ;
#540 = AXIS2_PLACEMENT_3D ( 'NONE', #1055, #1477, #1645 ) ;
#541 = VECTOR ( 'NONE', #1346, 1000.000000000000000 ) ;
#542 = ADVANCED_FACE ( 'NONE', ( #487, #1625, #1092, #1808, #345, #1484, #236, #948, #808, #786, #378, #1514, #1667, #1377, #927, #388, #1069 ), #778, .F. ) ;
#543 = EDGE_CURVE ( 'NONE', #368, #1791, #1014, .T. ) ;
#544 = VERTEX_POINT ( 'NONE', #372 ) ;
#545 = ADVANCED_FACE ( 'NONE', ( #221 ), #382, .F. ) ;
#546 = DIRECTION ( 'NONE',  ( 0.000000000000000000, 0.000000000000000000, 1.000000000000000000 ) ) ;
#547 = DIRECTION ( 'NONE',  ( -0.000000000000000000, 1.000000000000000000, -0.000000000000000000 ) ) ;
#548 = ORIENTED_EDGE ( 'NONE', *, *, #1452, .T. ) ;
#549 = CARTESIAN_POINT ( 'NONE',  ( -29.99999999999999289, 0.000000000000000000, 80.00000000000000000 ) ) ;
#550 = DIRECTION ( 'NONE',  ( 0.000000000000000000, 1.000000000000000000, 0.000000000000000000 ) ) ;
#551 = ORIENTED_EDGE ( 'NONE', *, *, #1677, .F. ) ;
#552 = DIRECTION ( 'NONE',  ( 0.000000000000000000, 0.000000000000000000, 1.000000000000000000 ) ) ;
#553 = EDGE_LOOP ( 'NONE', ( #259, #105, #642, #529 ) ) ;
#554 = DIRECTION ( 'NONE',  ( 0.000000000000000000, 0.000000000000000000, 1.000000000000000000 ) ) ;
#555 = EDGE_CURVE ( 'NONE', #1105, #274, #1369, .T. ) ;
#556 = CIRCLE ( 'NONE', #1811, 1.599999999999997202 ) ;
#557 = ORIENTED_EDGE ( 'NONE', *, *, #371, .F. ) ;
#558 = CARTESIAN_POINT ( 'NONE',  ( -29.99999999999998934, 0.000000000000000000, 140.0000000000000000 ) ) ;
#559 = VERTEX_POINT ( 'NONE', #820 ) ;
#560 = FACE_OUTER_BOUND ( 'NONE', #1748, .T. ) ;
#561 = CYLINDRICAL_SURFACE ( 'NONE', #715, 17.50000000000000355 ) ;
#562 = EDGE_CURVE ( 'NONE', #76, #1554, #790, .T. ) ;
#563 = DIRECTION ( 'NONE',  ( -0.000000000000000000, 1.000000000000000000, -0.000000000000000000 ) ) ;
#564 = ORIENTED_EDGE ( 'NONE', *, *, #851, .F. ) ;
#565 = CARTESIAN_POINT ( 'NONE',  ( 40.00000000000001421, 0.000000000000000000, 48.40000000000000568 ) ) ;
#566 = AXIS2_PLACEMENT_3D ( 'NONE', #485, #1053, #1316 ) ;
#567 = AXIS2_PLACEMENT_3D ( 'NONE', #61, #776, #784 ) ;
#568 = CIRCLE ( 'NONE', #1609, 3.200000000000022382 ) ;
#569 = ORIENTED_EDGE ( 'NONE', *, *, #700, .T. ) ;
#570 = DIRECTION ( 'NONE',  ( 0.000000000000000000, 0.000000000000000000, 1.000000000000000000 ) ) ;
#571 = ORIENTED_EDGE ( 'NONE', *, *, #679, .F. ) ;
#572 = DIRECTION ( 'NONE',  ( 1.000000000000000000, 0.000000000000000000, -9.251858538542967883E-16 ) ) ;
#573 = CARTESIAN_POINT ( 'NONE',  ( 40.00000000000001421, 10.00000000000000000, 50.00000000000000000 ) ) ;
#574 = DIRECTION ( 'NONE',  ( 0.000000000000000000, 1.000000000000000000, 0.000000000000000000 ) ) ;
#575 = ADVANCED_FACE ( 'NONE', ( #1517 ), #402, .F. ) ;
#576 = VERTEX_POINT ( 'NONE', #91 ) ;
#577 = EDGE_LOOP ( 'NONE', ( #861, #799 ) ) ;
#578 = DIRECTION ( 'NONE',  ( 1.000000000000000000, 0.000000000000000000, -9.251858538542967883E-16 ) ) ;
#579 = ORIENTED_EDGE ( 'NONE', *, *, #1674, .F. ) ;
#580 = CYLINDRICAL_SURFACE ( 'NONE', #1298, 9.999999999999994671 ) ;
#581 = VECTOR ( 'NONE', #520, 1000.000000000000000 ) ;
#582 = CYLINDRICAL_SURFACE ( 'NONE', #1399, 1.599999999999997202 ) ;
#583 = CIRCLE ( 'NONE', #1219, 1.599999999999997202 ) ;
#584 = EDGE_CURVE ( 'NONE', #979, #1818, #568, .T. ) ;
#585 = EDGE_LOOP ( 'NONE', ( #1072, #1122 ) ) ;
#586 = ORIENTED_EDGE ( 'NONE', *, *, #1441, .T. ) ;
#587 = DIRECTION ( 'NONE',  ( -0.000000000000000000, 1.000000000000000000, -0.000000000000000000 ) ) ;
#588 = ORIENTED_EDGE ( 'NONE', *, *, #1500, .F. ) ;
#589 = LINE ( 'NONE', #1022, #411 ) ;
#590 = DIRECTION ( 'NONE',  ( 0.000000000000000000, 0.000000000000000000, 1.000000000000000000 ) ) ;
#591 = AXIS2_PLACEMENT_3D ( 'NONE', #773, #60, #1201 ) ;
#592 = AXIS2_PLACEMENT_3D ( 'NONE', #1187, #1038, #335 ) ;
#593 = MECHANICAL_DESIGN_GEOMETRIC_PRESENTATION_REPRESENTATION (  '', ( #423 ), #1489 ) ;
#594 = EDGE_LOOP ( 'NONE', ( #1658, #838 ) ) ;
#595 = ORIENTED_EDGE ( 'NONE', *, *, #506, .T. ) ;
#596 = CIRCLE ( 'NONE', #211, 9.999999999999994671 ) ;
#597 = DIRECTION ( 'NONE',  ( -1.156482317317871232E-16, 0.000000000000000000, 1.000000000000000000 ) ) ;
#598 = ADVANCED_FACE ( 'NONE', ( #1358 ), #67, .F. ) ;
#599 = ORIENTED_EDGE ( 'NONE', *, *, #431, .T. ) ;
#600 = DIRECTION ( 'NONE',  ( 0.000000000000000000, 1.000000000000000000, 0.000000000000000000 ) ) ;
#601 = LINE ( 'NONE', #758, #122 ) ;
#602 = ORIENTED_EDGE ( 'NONE', *, *, #1197, .F. ) ;
#603 = ORIENTED_EDGE ( 'NONE', *, *, #1098, .T. ) ;
#604 = DIRECTION ( 'NONE',  ( 0.000000000000000000, 0.000000000000000000, -1.000000000000000000 ) ) ;
#605 = EDGE_CURVE ( 'NONE', #794, #398, #1107, .T. ) ;
#606 = CARTESIAN_POINT ( 'NONE',  ( -23.56999999999998963, 0.000000000000000000, 86.42999999999999261 ) ) ;
#607 = CARTESIAN_POINT ( 'NONE',  ( 23.57000000000001094, 10.00000000000000000, 130.9699999999999989 ) ) ;
#608 = CIRCLE ( 'NONE', #1270, 9.999999999999994671 ) ;
#609 = LINE ( 'NONE', #628, #701 ) ;
#610 = CIRCLE ( 'NONE', #792, 2.600000000000004974 ) ;
#611 = ORIENTED_EDGE ( 'NONE', *, *, #1463, .F. ) ;
#612 = DIRECTION ( 'NONE',  ( -9.912705577010328015E-17, 0.000000000000000000, -1.000000000000000000 ) ) ;
#613 = DIRECTION ( 'NONE',  ( 0.000000000000000000, 1.000000000000000000, 0.000000000000000000 ) ) ;
#614 = DIRECTION ( 'NONE',  ( 0.000000000000000000, 0.000000000000000000, 1.000000000000000000 ) ) ;
#615 = CYLINDRICAL_SURFACE ( 'NONE', #426, 1.599999999999997202 ) ;
#616 = ADVANCED_FACE ( 'NONE', ( #250 ), #146, .F. ) ;
#617 = CARTESIAN_POINT ( 'NONE',  ( 23.57000000000001094, 0.000000000000000000, 133.5699999999999932 ) ) ;
#618 = CARTESIAN_POINT ( 'NONE',  ( 40.00000000000001421, 0.000000000000000000, 51.60000000000000142 ) ) ;
#619 = ADVANCED_FACE ( 'NONE', ( #1718 ), #1539, .F. ) ;
#620 = VECTOR ( 'NONE', #1210, 1000.000000000000000 ) ;
#621 = CIRCLE ( 'NONE', #1198, 3.199999999999994404 ) ;
#622 = VERTEX_POINT ( 'NONE', #294 ) ;
#623 = LINE ( 'NONE', #747, #1730 ) ;
#624 = CARTESIAN_POINT ( 'NONE',  ( 30.00000000000000000, 0.000000000000000000, 11.59999999999999964 ) ) ;
#625 = DIRECTION ( 'NONE',  ( -0.000000000000000000, 1.000000000000000000, -0.000000000000000000 ) ) ;
#626 = DIRECTION ( 'NONE',  ( 0.000000000000000000, 0.000000000000000000, 1.000000000000000000 ) ) ;
#627 = EDGE_LOOP ( 'NONE', ( #1115, #564, #168, #1025 ) ) ;
#628 = CARTESIAN_POINT ( 'NONE',  ( -39.99999999999998579, 0.000000000000000000, -48.40000000000000568 ) ) ;
#629 = EDGE_CURVE ( 'NONE', #1577, #384, #270, .T. ) ;
#630 = EDGE_CURVE ( 'NONE', #1739, #1322, #596, .T. ) ;
#631 = ORIENTED_EDGE ( 'NONE', *, *, #14, .F. ) ;
#632 = CARTESIAN_POINT ( 'NONE',  ( 40.00000000000004263, 10.00000000000000000, 80.00000000000000000 ) ) ;
#633 =( NAMED_UNIT ( * ) SI_UNIT ( $, .STERADIAN. ) SOLID_ANGLE_UNIT ( ) );
#634 = CARTESIAN_POINT ( 'NONE',  ( 50.00000000000004263, 10.00000000000000000, 70.00000000000000000 ) ) ;
#635 = DIRECTION ( 'NONE',  ( 0.000000000000000000, 0.000000000000000000, 1.000000000000000000 ) ) ;
#636 = CARTESIAN_POINT ( 'NONE',  ( -40.00000000000000711, 10.00000000000000000, -49.99999999999999289 ) ) ;
#637 = EDGE_LOOP ( 'NONE', ( #913, #1782, #194, #1360 ) ) ;
#638 = LINE ( 'NONE', #347, #1114 ) ;
#639 = AXIS2_PLACEMENT_3D ( 'NONE', #707, #1575, #1743 ) ;
#640 = EDGE_CURVE ( 'NONE', #1750, #1537, #1641, .T. ) ;
#641 = CIRCLE ( 'NONE', #1159, 3.199999999999994404 ) ;
#642 = ORIENTED_EDGE ( 'NONE', *, *, #842, .T. ) ;
#643 = CYLINDRICAL_SURFACE ( 'NONE', #119, 9.999999999999994671 ) ;
#644 = CARTESIAN_POINT ( 'NONE',  ( -30.00000000000000000, 0.000000000000000000, -11.59999999999999609 ) ) ;
#645 = CARTESIAN_POINT ( 'NONE',  ( 10.00000000000000888, 10.00000000000000000, 66.79999999999998295 ) ) ;
#646 = CARTESIAN_POINT ( 'NONE',  ( 30.00000000000002842, 10.00000000000000000, 90.00000000000000000 ) ) ;
#647 = ORIENTED_EDGE ( 'NONE', *, *, #1784, .F. ) ;
#648 = LINE ( 'NONE', #1617, #527 ) ;
#649 = CIRCLE ( 'NONE', #1699, 1.599999999999997202 ) ;
#650 = VERTEX_POINT ( 'NONE', #276 ) ;
#651 = FILL_AREA_STYLE_COLOUR ( '', #1077 ) ;
#652 = ADVANCED_FACE ( 'NONE', ( #849 ), #137, .F. ) ;
#653 = CARTESIAN_POINT ( 'NONE',  ( 10.00000000000001066, 10.00000000000000000, 73.20000000000001705 ) ) ;
#654 = DIRECTION ( 'NONE',  ( -0.000000000000000000, 1.000000000000000000, -0.000000000000000000 ) ) ;
#655 = AXIS2_PLACEMENT_3D ( 'NONE', #928, #1204, #1626 ) ;
#656 = DIRECTION ( 'NONE',  ( 0.000000000000000000, 0.000000000000000000, 1.000000000000000000 ) ) ;
#657 = ORIENTED_EDGE ( 'NONE', *, *, #1531, .T. ) ;
#658 = ORIENTED_EDGE ( 'NONE', *, *, #1317, .F. ) ;
#659 = DIRECTION ( 'NONE',  ( 0.000000000000000000, 0.000000000000000000, 1.000000000000000000 ) ) ;
#660 = VECTOR ( 'NONE', #501, 1000.000000000000000 ) ;
#661 = CARTESIAN_POINT ( 'NONE',  ( -9.999999999999991118, 10.00000000000000000, 69.99999999999998579 ) ) ;
#662 = ORIENTED_EDGE ( 'NONE', *, *, #128, .T. ) ;
#663 = DIRECTION ( 'NONE',  ( 0.000000000000000000, 1.000000000000000000, 0.000000000000000000 ) ) ;
#664 = CARTESIAN_POINT ( 'NONE',  ( 40.00000000000004263, 10.00000000000000000, 80.00000000000000000 ) ) ;
#665 = EDGE_CURVE ( 'NONE', #1425, #1405, #512, .T. ) ;
#666 = VERTEX_POINT ( 'NONE', #1048 ) ;
#667 = DIRECTION ( 'NONE',  ( 0.000000000000000000, 0.000000000000000000, 1.000000000000000000 ) ) ;
#668 = DIRECTION ( 'NONE',  ( -0.000000000000000000, 1.000000000000000000, -0.000000000000000000 ) ) ;
#669 = VERTEX_POINT ( 'NONE', #46 ) ;
#670 = CIRCLE ( 'NONE', #1245, 20.00000000000000355 ) ;
#671 =( NAMED_UNIT ( * ) PLANE_ANGLE_UNIT ( ) SI_UNIT ( $, .RADIAN. ) );
#672 = AXIS2_PLACEMENT_3D ( 'NONE', #1259, #547, #1546 ) ;
#673 = FACE_BOUND ( 'NONE', #373, .T. ) ;
#674 = VERTEX_POINT ( 'NONE', #607 ) ;
#675 = CARTESIAN_POINT ( 'NONE',  ( 50.00000000000001421, 10.00000000000000000, -60.00000000000000000 ) ) ;
#676 = ORIENTED_EDGE ( 'NONE', *, *, #1339, .T. ) ;
#677 = VERTEX_POINT ( 'NONE', #1599 ) ;
#678 = CARTESIAN_POINT ( 'NONE',  ( -29.99999999999998934, 0.000000000000000000, 130.0000000000000000 ) ) ;
#679 = EDGE_CURVE ( 'NONE', #528, #1750, #1320, .T. ) ;
#680 = EDGE_CURVE ( 'NONE', #1618, #1554, #1023, .T. ) ;
#681 = EDGE_LOOP ( 'NONE', ( #1228, #1533, #1714, #65 ) ) ;
#682 = APPLICATION_PROTOCOL_DEFINITION ( 'draft international standard', 'automotive_design', 1998, #413 ) ;
#683 = DIRECTION ( 'NONE',  ( 1.000000000000000000, 0.000000000000000000, 9.251858538542965911E-16 ) ) ;
#684 = ORIENTED_EDGE ( 'NONE', *, *, #562, .T. ) ;
#685 = CYLINDRICAL_SURFACE ( 'NONE', #672, 1.599999999999997202 ) ;
#686 =( GEOMETRIC_REPRESENTATION_CONTEXT ( 3 ) GLOBAL_UNCERTAINTY_ASSIGNED_CONTEXT ( ( #802 ) ) GLOBAL_UNIT_ASSIGNED_CONTEXT ( ( #1603, #671, #504 ) ) REPRESENTATION_CONTEXT ( 'NONE', 'WORKASPACE' ) );
#687 = AXIS2_PLACEMENT_3D ( 'NONE', #1482, #1652, #71 ) ;
#688 = VERTEX_POINT ( 'NONE', #37 ) ;
#689 = DIRECTION ( 'NONE',  ( 0.000000000000000000, 1.000000000000000000, 0.000000000000000000 ) ) ;
#690 = VECTOR ( 'NONE', #1380, 1000.000000000000000 ) ;
#691 = AXIS2_PLACEMENT_3D ( 'NONE', #901, #312, #10 ) ;
#692 = ADVANCED_FACE ( 'NONE', ( #1736 ), #615, .F. ) ;
#693 = EDGE_LOOP ( 'NONE', ( #1238, #658, #1386, #1681 ) ) ;
#694 = FACE_OUTER_BOUND ( 'NONE', #1697, .T. ) ;
#695 = ORIENTED_EDGE ( 'NONE', *, *, #872, .T. ) ;
#696 = DIRECTION ( 'NONE',  ( 0.000000000000000000, 1.000000000000000000, 0.000000000000000000 ) ) ;
#697 = ORIENTED_EDGE ( 'NONE', *, *, #996, .F. ) ;
#698 = CARTESIAN_POINT ( 'NONE',  ( -29.99999999999999289, 0.000000000000000000, 90.00000000000000000 ) ) ;
#699 = VERTEX_POINT ( 'NONE', #470 ) ;
#700 = EDGE_CURVE ( 'NONE', #559, #390, #181, .T. ) ;
#701 = VECTOR ( 'NONE', #1321, 1000.000000000000000 ) ;
#702 = CARTESIAN_POINT ( 'NONE',  ( 23.57000000000001094, 0.000000000000000000, 133.5699999999999932 ) ) ;
#703 = VERTEX_POINT ( 'NONE', #448 ) ;
#704 = CARTESIAN_POINT ( 'NONE',  ( -30.00000000000000000, 0.000000000000000000, -8.400000000000000355 ) ) ;
#705 = AXIS2_PLACEMENT_3D ( 'NONE', #169, #300, #1834 ) ;
#706 = ORIENTED_EDGE ( 'NONE', *, *, #1144, .T. ) ;
#707 = CARTESIAN_POINT ( 'NONE',  ( 40.00000000000001421, 0.000000000000000000, 50.00000000000000000 ) ) ;
#708 = CARTESIAN_POINT ( 'NONE',  ( 40.00000000000001421, 0.000000000000000000, -50.00000000000000000 ) ) ;
#709 = EDGE_LOOP ( 'NONE', ( #854, #1160, #1096, #256 ) ) ;
#710 = CARTESIAN_POINT ( 'NONE',  ( -50.00000000000000711, 10.00000000000000000, -60.00000000000000000 ) ) ;
#711 = ORIENTED_EDGE ( 'NONE', *, *, #143, .F. ) ;
#712 = CARTESIAN_POINT ( 'NONE',  ( 30.00000000000002487, 10.00000000000000000, 130.0000000000000000 ) ) ;
#713 = ADVANCED_FACE ( 'NONE', ( #1606 ), #908, .F. ) ;
#714 = EDGE_LOOP ( 'NONE', ( #1708, #595 ) ) ;
#715 = AXIS2_PLACEMENT_3D ( 'NONE', #1139, #1706, #428 ) ;
#716 = DIRECTION ( 'NONE',  ( -0.000000000000000000, 1.000000000000000000, -0.000000000000000000 ) ) ;
#717 = AXIS2_PLACEMENT_3D ( 'NONE', #112, #1832, #1816 ) ;
#718 = CIRCLE ( 'NONE', #840, 2.599999999999991207 ) ;
#719 = VERTEX_POINT ( 'NONE', #892 ) ;
#720 = VERTEX_POINT ( 'NONE', #30 ) ;
#721 = LINE ( 'NONE', #712, #823 ) ;
#722 = FACE_OUTER_BOUND ( 'NONE', #1720, .T. ) ;
#723 = CARTESIAN_POINT ( 'NONE',  ( 30.00000000000000000, 10.00000000000000000, -11.59999999999999609 ) ) ;
#724 = DIRECTION ( 'NONE',  ( 1.000000000000000000, 0.000000000000000000, -0.000000000000000000 ) ) ;
#725 = ADVANCED_FACE ( 'NONE', ( #306 ), #172, .F. ) ;
#726 = ORIENTED_EDGE ( 'NONE', *, *, #914, .F. ) ;
#727 = EDGE_LOOP ( 'NONE', ( #631, #1220 ) ) ;
#728 = CARTESIAN_POINT ( 'NONE',  ( -30.00000000000000000, 10.00000000000000000, -8.400000000000000355 ) ) ;
#729 = DIRECTION ( 'NONE',  ( 0.000000000000000000, 0.000000000000000000, 1.000000000000000000 ) ) ;
#730 = DIRECTION ( 'NONE',  ( 0.000000000000000000, 1.000000000000000000, 0.000000000000000000 ) ) ;
#731 = DIRECTION ( 'NONE',  ( 0.000000000000000000, 0.000000000000000000, 1.000000000000000000 ) ) ;
#732 = CIRCLE ( 'NONE', #1128, 2.600000000000004974 ) ;
#733 = EDGE_CURVE ( 'NONE', #1137, #1712, #1557, .T. ) ;
#734 = ADVANCED_FACE ( 'NONE', ( #740 ), #1012, .T. ) ;
#735 = ORIENTED_EDGE ( 'NONE', *, *, #1305, .F. ) ;
#736 = ORIENTED_EDGE ( 'NONE', *, *, #97, .T. ) ;
#737 = DIRECTION ( 'NONE',  ( 0.000000000000000000, -1.000000000000000000, 0.000000000000000000 ) ) ;
#738 = CARTESIAN_POINT ( 'NONE',  ( -9.999999999999991118, 0.000000000000000000, 73.20000000000001705 ) ) ;
#739 = DIRECTION ( 'NONE',  ( 0.000000000000000000, 0.000000000000000000, 1.000000000000000000 ) ) ;
#740 = FACE_OUTER_BOUND ( 'NONE', #1491, .T. ) ;
#741 = AXIS2_PLACEMENT_3D ( 'NONE', #1694, #1382, #271 ) ;
#742 = ORIENTED_EDGE ( 'NONE', *, *, #955, .T. ) ;
#743 = CIRCLE ( 'NONE', #866, 1.599999999999997202 ) ;
#744 = EDGE_CURVE ( 'NONE', #1791, #669, #601, .T. ) ;
#745 = ORIENTED_EDGE ( 'NONE', *, *, #1134, .F. ) ;
#746 = AXIS2_PLACEMENT_3D ( 'NONE', #462, #1170, #1027 ) ;
#747 = CARTESIAN_POINT ( 'NONE',  ( -39.99999999999998579, 0.000000000000000000, 51.60000000000000142 ) ) ;
#748 = ORIENTED_EDGE ( 'NONE', *, *, #914, .T. ) ;
#749 = FACE_OUTER_BOUND ( 'NONE', #1756, .T. ) ;
#750 = CARTESIAN_POINT ( 'NONE',  ( 30.00000000000000000, 0.000000000000000000, 10.00000000000000178 ) ) ;
#751 = DIRECTION ( 'NONE',  ( 0.000000000000000000, 1.000000000000000000, 0.000000000000000000 ) ) ;
#752 = ADVANCED_FACE ( 'NONE', ( #884 ), #582, .F. ) ;
#753 = ORIENTED_EDGE ( 'NONE', *, *, #1677, .T. ) ;
#754 = CARTESIAN_POINT ( 'NONE',  ( -39.99999999999998579, 0.000000000000000000, 48.40000000000000568 ) ) ;
#755 = ADVANCED_FACE ( 'NONE', ( #1744 ), #1761, .F. ) ;
#756 = DIRECTION ( 'NONE',  ( -0.000000000000000000, -1.000000000000000000, -0.000000000000000000 ) ) ;
#757 = CARTESIAN_POINT ( 'NONE',  ( -40.00000000000000711, 10.00000000000000000, 70.00000000000000000 ) ) ;
#758 = CARTESIAN_POINT ( 'NONE',  ( 23.57000000000001094, 0.000000000000000000, 83.82999999999998408 ) ) ;
#759 = CARTESIAN_POINT ( 'NONE',  ( 30.00000000000000000, 0.000000000000000000, -9.999999999999998224 ) ) ;
#760 = VECTOR ( 'NONE', #1406, 1000.000000000000000 ) ;
#761 = DIRECTION ( 'NONE',  ( 0.000000000000000000, 0.000000000000000000, 1.000000000000000000 ) ) ;
#762 = AXIS2_PLACEMENT_3D ( 'NONE', #606, #1047, #614 ) ;
#763 = AXIS2_PLACEMENT_3D ( 'NONE', #1423, #1161, #1725 ) ;
#764 = ORIENTED_EDGE ( 'NONE', *, *, #1800, .F. ) ;
#765 = FACE_OUTER_BOUND ( 'NONE', #921, .T. ) ;
#766 = CARTESIAN_POINT ( 'NONE',  ( 0.000000000000000000, 10.00000000000000000, 0.000000000000000000 ) ) ;
#767 = FACE_OUTER_BOUND ( 'NONE', #391, .T. ) ;
#768 = EDGE_CURVE ( 'NONE', #503, #1456, #1737, .T. ) ;
#769 = DIRECTION ( 'NONE',  ( 0.000000000000000000, 1.000000000000000000, 0.000000000000000000 ) ) ;
#770 = CARTESIAN_POINT ( 'NONE',  ( -30.00000000000000000, 0.000000000000000000, -9.999999999999998224 ) ) ;
#771 = CIRCLE ( 'NONE', #1013, 1.599999999999997202 ) ;
#772 = VERTEX_POINT ( 'NONE', #1304 ) ;
#773 = CARTESIAN_POINT ( 'NONE',  ( -39.99999999999998579, 0.000000000000000000, -50.00000000000000000 ) ) ;
#774 = AXIS2_PLACEMENT_3D ( 'NONE', #1352, #1117, #941 ) ;
#775 = VECTOR ( 'NONE', #511, 1000.000000000000000 ) ;
#776 = DIRECTION ( 'NONE',  ( -0.000000000000000000, 1.000000000000000000, -0.000000000000000000 ) ) ;
#777 = CYLINDRICAL_SURFACE ( 'NONE', #762, 2.600000000000004974 ) ;
#778 = PLANE ( 'NONE',  #92 ) ;
#779 = DIRECTION ( 'NONE',  ( -0.000000000000000000, 1.000000000000000000, -0.000000000000000000 ) ) ;
#780 = ORIENTED_EDGE ( 'NONE', *, *, #4, .T. ) ;
#781 = LINE ( 'NONE', #1488, #541 ) ;
#782 = EDGE_CURVE ( 'NONE', #1118, #1739, #1015, .T. ) ;
#783 = ORIENTED_EDGE ( 'NONE', *, *, #1534, .T. ) ;
#784 = DIRECTION ( 'NONE',  ( 0.000000000000000000, 0.000000000000000000, 1.000000000000000000 ) ) ;
#785 = DIRECTION ( 'NONE',  ( 0.000000000000000000, 0.000000000000000000, -1.000000000000000000 ) ) ;
#786 = FACE_BOUND ( 'NONE', #533, .T. ) ;
#787 = CARTESIAN_POINT ( 'NONE',  ( 23.57000000000001094, 0.000000000000000000, 89.03000000000000114 ) ) ;
#788 = ORIENTED_EDGE ( 'NONE', *, *, #109, .F. ) ;
#789 = DIRECTION ( 'NONE',  ( -0.000000000000000000, -1.000000000000000000, -0.000000000000000000 ) ) ;
#790 = LINE ( 'NONE', #239, #1373 ) ;
#791 = EDGE_CURVE ( 'NONE', #666, #677, #1149, .T. ) ;
#792 = AXIS2_PLACEMENT_3D ( 'NONE', #387, #1082, #246 ) ;
#793 = ADVANCED_FACE ( 'NONE', ( #301 ), #1596, .F. ) ;
#794 = VERTEX_POINT ( 'NONE', #1019 ) ;
#795 = FACE_OUTER_BOUND ( 'NONE', #1679, .T. ) ;
#796 = DIRECTION ( 'NONE',  ( -0.000000000000000000, 1.000000000000000000, -0.000000000000000000 ) ) ;
#797 = FACE_OUTER_BOUND ( 'NONE', #174, .T. ) ;
#798 = CARTESIAN_POINT ( 'NONE',  ( -29.99999999999999289, 10.00000000000000000, 80.00000000000000000 ) ) ;
#799 = ORIENTED_EDGE ( 'NONE', *, *, #343, .F. ) ;
#800 = ORIENTED_EDGE ( 'NONE', *, *, #245, .T. ) ;
#801 = CARTESIAN_POINT ( 'NONE',  ( 30.00000000000000000, 10.00000000000000000, 10.00000000000000178 ) ) ;
#802 = UNCERTAINTY_MEASURE_WITH_UNIT (LENGTH_MEASURE( 1.000000000000000082E-05 ), #1603, 'distance_accuracy_value', 'NONE');
#803 = VERTEX_POINT ( 'NONE', #1495 ) ;
#804 = EDGE_CURVE ( 'NONE', #1438, #1147, #1370, .T. ) ;
#805 = PLANE ( 'NONE',  #27 ) ;
#806 = VECTOR ( 'NONE', #226, 1000.000000000000000 ) ;
#807 = LINE ( 'NONE', #1513, #1569 ) ;
#808 = FACE_BOUND ( 'NONE', #585, .T. ) ;
#809 = VECTOR ( 'NONE', #1529, 1000.000000000000000 ) ;
#810 = VERTEX_POINT ( 'NONE', #1542 ) ;
#811 = EDGE_LOOP ( 'NONE', ( #1612, #251, #1315, #813 ) ) ;
#812 = CYLINDRICAL_SURFACE ( 'NONE', #44, 3.200000000000022382 ) ;
#813 = ORIENTED_EDGE ( 'NONE', *, *, #1662, .T. ) ;
#814 = DIRECTION ( 'NONE',  ( 0.000000000000000000, 1.000000000000000000, 0.000000000000000000 ) ) ;
#815 = EDGE_CURVE ( 'NONE', #1131, #699, #830, .T. ) ;
#816 = DIRECTION ( 'NONE',  ( 0.000000000000000000, 1.000000000000000000, 0.000000000000000000 ) ) ;
#817 = EDGE_CURVE ( 'NONE', #951, #503, #1527, .T. ) ;
#818 = ORIENTED_EDGE ( 'NONE', *, *, #47, .F. ) ;
#819 = DIRECTION ( 'NONE',  ( -0.000000000000000000, -1.000000000000000000, -0.000000000000000000 ) ) ;
#820 = CARTESIAN_POINT ( 'NONE',  ( 40.00000000000001421, 10.00000000000000000, -48.40000000000000568 ) ) ;
#821 = ORIENTED_EDGE ( 'NONE', *, *, #1207, .T. ) ;
#822 = VECTOR ( 'NONE', #38, 1000.000000000000000 ) ;
#823 = VECTOR ( 'NONE', #880, 1000.000000000000000 ) ;
#824 = CARTESIAN_POINT ( 'NONE',  ( -19.99999999999998579, 0.000000000000000000, 140.0000000000000000 ) ) ;
#825 = ORIENTED_EDGE ( 'NONE', *, *, #496, .T. ) ;
#826 = LINE ( 'NONE', #1807, #441 ) ;
#827 = ORIENTED_EDGE ( 'NONE', *, *, #197, .T. ) ;
#828 = CARTESIAN_POINT ( 'NONE',  ( 30.00000000000002842, 10.00000000000000000, 90.00000000000000000 ) ) ;
#829 = EDGE_CURVE ( 'NONE', #282, #1416, #1707, .T. ) ;
#830 = LINE ( 'NONE', #228, #1461 ) ;
#831 = VERTEX_POINT ( 'NONE', #1479 ) ;
#832 = VECTOR ( 'NONE', #904, 1000.000000000000000 ) ;
#833 = FACE_BOUND ( 'NONE', #577, .T. ) ;
#834 = ORIENTED_EDGE ( 'NONE', *, *, #322, .F. ) ;
#835 = AXIS2_PLACEMENT_3D ( 'NONE', #770, #1059, #66 ) ;
#836 = CARTESIAN_POINT ( 'NONE',  ( -50.00000000000000711, 10.00000000000000000, -49.99999999999999289 ) ) ;
#837 = AXIS2_PLACEMENT_3D ( 'NONE', #1455, #176, #467 ) ;
#838 = ORIENTED_EDGE ( 'NONE', *, *, #197, .F. ) ;
#839 = DIRECTION ( 'NONE',  ( 0.000000000000000000, 0.000000000000000000, 1.000000000000000000 ) ) ;
#840 = AXIS2_PLACEMENT_3D ( 'NONE', #336, #909, #499 ) ;
#841 = AXIS2_PLACEMENT_3D ( 'NONE', #258, #1395, #978 ) ;
#842 = EDGE_CURVE ( 'NONE', #1524, #845, #22, .T. ) ;
#843 = VERTEX_POINT ( 'NONE', #1218 ) ;
#844 = DIRECTION ( 'NONE',  ( 0.000000000000000000, 0.000000000000000000, 1.000000000000000000 ) ) ;
#845 = VERTEX_POINT ( 'NONE', #1773 ) ;
#846 = CYLINDRICAL_SURFACE ( 'NONE', #375, 2.600000000000004974 ) ;
#847 = ORIENTED_EDGE ( 'NONE', *, *, #506, .F. ) ;
#848 = CARTESIAN_POINT ( 'NONE',  ( 50.00000000000001421, 0.000000000000000000, -49.99999999999999289 ) ) ;
#849 = FACE_OUTER_BOUND ( 'NONE', #1236, .T. ) ;
#850 = ORIENTED_EDGE ( 'NONE', *, *, #555, .F. ) ;
#851 = EDGE_CURVE ( 'NONE', #1024, #1456, #1337, .T. ) ;
#852 = AXIS2_PLACEMENT_3D ( 'NONE', #89, #238, #659 ) ;
#853 = CYLINDRICAL_SURFACE ( 'NONE', #1705, 9.999999999999994671 ) ;
#854 = ORIENTED_EDGE ( 'NONE', *, *, #432, .F. ) ;
#855 = DIRECTION ( 'NONE',  ( -0.000000000000000000, 1.000000000000000000, -0.000000000000000000 ) ) ;
#856 = AXIS2_PLACEMENT_3D ( 'NONE', #171, #430, #739 ) ;
#857 = ORIENTED_EDGE ( 'NONE', *, *, #97, .F. ) ;
#858 = CARTESIAN_POINT ( 'NONE',  ( -23.56999999999998963, 0.000000000000000000, 130.9699999999999989 ) ) ;
#859 = AXIS2_PLACEMENT_3D ( 'NONE', #1414, #1589, #985 ) ;
#860 = VERTEX_POINT ( 'NONE', #618 ) ;
#861 = ORIENTED_EDGE ( 'NONE', *, *, #700, .F. ) ;
#862 = FACE_OUTER_BOUND ( 'NONE', #307, .T. ) ;
#863 = EDGE_CURVE ( 'NONE', #384, #468, #638, .T. ) ;
#864 = ORIENTED_EDGE ( 'NONE', *, *, #1474, .T. ) ;
#865 = DIRECTION ( 'NONE',  ( 0.000000000000000000, 1.000000000000000000, -0.000000000000000000 ) ) ;
#866 = AXIS2_PLACEMENT_3D ( 'NONE', #759, #1070, #1329 ) ;
#867 = EDGE_CURVE ( 'NONE', #76, #1215, #781, .T. ) ;
#868 = VECTOR ( 'NONE', #1295, 1000.000000000000000 ) ;
#869 = ORIENTED_EDGE ( 'NONE', *, *, #432, .T. ) ;
#870 = ORIENTED_EDGE ( 'NONE', *, *, #409, .T. ) ;
#871 = DIRECTION ( 'NONE',  ( 0.000000000000000000, 1.000000000000000000, 0.000000000000000000 ) ) ;
#872 = EDGE_CURVE ( 'NONE', #1571, #1175, #56, .T. ) ;
#873 = EDGE_CURVE ( 'NONE', #369, #1547, #1490, .T. ) ;
#874 = ORIENTED_EDGE ( 'NONE', *, *, #815, .T. ) ;
#875 = DIRECTION ( 'NONE',  ( 0.000000000000000000, 0.000000000000000000, 1.000000000000000000 ) ) ;
#876 = CARTESIAN_POINT ( 'NONE',  ( 1.347111479062088523E-14, 0.000000000000000000, 110.0000000000000000 ) ) ;
#877 = EDGE_CURVE ( 'NONE', #134, #1034, #609, .T. ) ;
#878 = ORIENTED_EDGE ( 'NONE', *, *, #4, .F. ) ;
#879 = EDGE_LOOP ( 'NONE', ( #1385, #209, #458, #289 ) ) ;
#880 = DIRECTION ( 'NONE',  ( 0.000000000000000000, -1.000000000000000000, 0.000000000000000000 ) ) ;
#881 = CARTESIAN_POINT ( 'NONE',  ( -23.56999999999998963, 0.000000000000000000, 130.9699999999999989 ) ) ;
#882 = CYLINDRICAL_SURFACE ( 'NONE', #856, 20.00000000000000355 ) ;
#883 = AXIS2_PLACEMENT_3D ( 'NONE', #1499, #940, #1196 ) ;
#884 = FACE_OUTER_BOUND ( 'NONE', #693, .T. ) ;
#885 = VECTOR ( 'NONE', #915, 1000.000000000000000 ) ;
#886 = ADVANCED_FACE ( 'NONE', ( #1783 ), #1628, .F. ) ;
#887 = ORIENTED_EDGE ( 'NONE', *, *, #1396, .F. ) ;
#888 = ORIENTED_EDGE ( 'NONE', *, *, #1317, .T. ) ;
#889 = DIRECTION ( 'NONE',  ( -1.000000000000000000, 0.000000000000000000, -4.625929269271483942E-16 ) ) ;
#890 = DIRECTION ( 'NONE',  ( 0.000000000000000000, 0.000000000000000000, 1.000000000000000000 ) ) ;
#891 = DIRECTION ( 'NONE',  ( -1.000000000000000000, 0.000000000000000000, 4.625929269271482956E-16 ) ) ;
#892 = CARTESIAN_POINT ( 'NONE',  ( 20.00000000000002842, 10.00000000000000000, 140.0000000000000000 ) ) ;
#893 = AXIS2_PLACEMENT_3D ( 'NONE', #1786, #1343, #1211 ) ;
#894 = ADVANCED_FACE ( 'NONE', ( #1189 ), #1227, .F. ) ;
#895 = ORIENTED_EDGE ( 'NONE', *, *, #1662, .F. ) ;
#896 = AXIS2_PLACEMENT_3D ( 'NONE', #1257, #1825, #546 ) ;
#897 = EDGE_LOOP ( 'NONE', ( #711, #1124, #466, #124 ) ) ;
#898 = LINE ( 'NONE', #1465, #1789 ) ;
#899 = ORIENTED_EDGE ( 'NONE', *, *, #1305, .T. ) ;
#900 = LINE ( 'NONE', #907, #885 ) ;
#901 = CARTESIAN_POINT ( 'NONE',  ( -40.00000000000000711, 10.00000000000000000, -49.99999999999999289 ) ) ;
#902 = CARTESIAN_POINT ( 'NONE',  ( -23.56999999999998963, 10.00000000000000000, 136.1699999999999875 ) ) ;
#903 = ORIENTED_EDGE ( 'NONE', *, *, #629, .F. ) ;
#904 = DIRECTION ( 'NONE',  ( -0.000000000000000000, 1.000000000000000000, -0.000000000000000000 ) ) ;
#905 = EDGE_CURVE ( 'NONE', #1416, #576, #648, .T. ) ;
#906 = CARTESIAN_POINT ( 'NONE',  ( 40.00000000000001421, 10.00000000000000000, 50.00000000000000000 ) ) ;
#907 = CARTESIAN_POINT ( 'NONE',  ( 30.00000000000002842, 0.000000000000000000, 80.00000000000000000 ) ) ;
#908 = PLANE ( 'NONE',  #1080 ) ;
#909 = DIRECTION ( 'NONE',  ( 0.000000000000000000, 1.000000000000000000, 0.000000000000000000 ) ) ;
#910 = ORIENTED_EDGE ( 'NONE', *, *, #222, .F. ) ;
#911 = DIRECTION ( 'NONE',  ( -0.000000000000000000, 1.000000000000000000, -0.000000000000000000 ) ) ;
#912 = CIRCLE ( 'NONE', #1327, 9.999999999999994671 ) ;
#913 = ORIENTED_EDGE ( 'NONE', *, *, #1208, .F. ) ;
#914 = EDGE_CURVE ( 'NONE', #1127, #1307, #1777, .T. ) ;
#915 = DIRECTION ( 'NONE',  ( 1.156482317317871232E-16, -0.000000000000000000, -1.000000000000000000 ) ) ;
#916 = CYLINDRICAL_SURFACE ( 'NONE', #1821, 1.599999999999997202 ) ;
#917 = EDGE_LOOP ( 'NONE', ( #788, #1017 ) ) ;
#918 = DIRECTION ( 'NONE',  ( 0.000000000000000000, 0.000000000000000000, 1.000000000000000000 ) ) ;
#919 = AXIS2_PLACEMENT_3D ( 'NONE', #1437, #1447, #160 ) ;
#920 = AXIS2_PLACEMENT_3D ( 'NONE', #766, #613, #1493 ) ;
#921 = EDGE_LOOP ( 'NONE', ( #1627, #954, #857, #825 ) ) ;
#922 = CARTESIAN_POINT ( 'NONE',  ( 40.00000000000002132, 0.000000000000000000, 66.79999999999999716 ) ) ;
#923 = AXIS2_PLACEMENT_3D ( 'NONE', #969, #961, #99 ) ;
#924 = AXIS2_PLACEMENT_3D ( 'NONE', #1330, #751, #370 ) ;
#925 = SURFACE_SIDE_STYLE ('',( #234 ) ) ;
#926 = CARTESIAN_POINT ( 'NONE',  ( -29.99999999999998934, 10.00000000000000000, 140.0000000000000000 ) ) ;
#927 = FACE_BOUND ( 'NONE', #1016, .T. ) ;
#928 = CARTESIAN_POINT ( 'NONE',  ( 23.57000000000001094, 10.00000000000000000, 133.5699999999999932 ) ) ;
#929 = ORIENTED_EDGE ( 'NONE', *, *, #605, .T. ) ;
#930 = ORIENTED_EDGE ( 'NONE', *, *, #943, .T. ) ;
#931 = CARTESIAN_POINT ( 'NONE',  ( -39.99999999999998579, 0.000000000000000000, 50.00000000000000000 ) ) ;
#932 = EDGE_CURVE ( 'NONE', #1571, #720, #1621, .T. ) ;
#933 = ORIENTED_EDGE ( 'NONE', *, *, #1335, .F. ) ;
#934 = LINE ( 'NONE', #1230, #806 ) ;
#935 = LINE ( 'NONE', #1680, #138 ) ;
#936 = CARTESIAN_POINT ( 'NONE',  ( 23.57000000000001094, 0.000000000000000000, 133.5699999999999932 ) ) ;
#937 = CARTESIAN_POINT ( 'NONE',  ( 10.00000000000000888, 0.000000000000000000, 66.79999999999998295 ) ) ;
#938 = EDGE_LOOP ( 'NONE', ( #1182, #1104, #1462, #323 ) ) ;
#939 = ORIENTED_EDGE ( 'NONE', *, *, #640, .T. ) ;
#940 = DIRECTION ( 'NONE',  ( -0.000000000000000000, -1.000000000000000000, -0.000000000000000000 ) ) ;
#941 = DIRECTION ( 'NONE',  ( 0.000000000000000000, 0.000000000000000000, 1.000000000000000000 ) ) ;
#942 = VECTOR ( 'NONE', #1812, 1000.000000000000000 ) ;
#943 = EDGE_CURVE ( 'NONE', #959, #1118, #1086, .T. ) ;
#944 = AXIS2_PLACEMENT_3D ( 'NONE', #1598, #1334, #891 ) ;
#945 = ORIENTED_EDGE ( 'NONE', *, *, #1208, .T. ) ;
#946 = CARTESIAN_POINT ( 'NONE',  ( -23.56999999999998963, 0.000000000000000000, 83.82999999999998408 ) ) ;
#947 = LINE ( 'NONE', #1827, #493 ) ;
#948 = FACE_BOUND ( 'NONE', #446, .T. ) ;
#949 = CARTESIAN_POINT ( 'NONE',  ( -23.56999999999998963, 0.000000000000000000, 89.03000000000000114 ) ) ;
#950 = ORIENTED_EDGE ( 'NONE', *, *, #422, .F. ) ;
#951 = VERTEX_POINT ( 'NONE', #337 ) ;
#952 = DIRECTION ( 'NONE',  ( -0.000000000000000000, 1.000000000000000000, -0.000000000000000000 ) ) ;
#953 = EDGE_CURVE ( 'NONE', #274, #1000, #971, .T. ) ;
#954 = ORIENTED_EDGE ( 'NONE', *, *, #482, .F. ) ;
#955 = EDGE_CURVE ( 'NONE', #1252, #544, #1357, .T. ) ;
#956 = CARTESIAN_POINT ( 'NONE',  ( -40.00000000000000711, 0.000000000000000000, 73.19999999999998863 ) ) ;
#957 = DIRECTION ( 'NONE',  ( -0.000000000000000000, -1.000000000000000000, -0.000000000000000000 ) ) ;
#958 = VECTOR ( 'NONE', #229, 1000.000000000000000 ) ;
#959 = VERTEX_POINT ( 'NONE', #330 ) ;
#960 = CARTESIAN_POINT ( 'NONE',  ( -40.00000000000000000, 10.00000000000000000, 79.99999999999998579 ) ) ;
#961 = DIRECTION ( 'NONE',  ( -0.000000000000000000, 1.000000000000000000, -0.000000000000000000 ) ) ;
#962 = ORIENTED_EDGE ( 'NONE', *, *, #1144, .F. ) ;
#963 = CARTESIAN_POINT ( 'NONE',  ( 0.000000000000000000, 0.000000000000000000, 0.000000000000000000 ) ) ;
#964 = VERTEX_POINT ( 'NONE', #902 ) ;
#965 = EDGE_CURVE ( 'NONE', #362, #1147, #1655, .T. ) ;
#966 = CARTESIAN_POINT ( 'NONE',  ( 23.57000000000001094, 10.00000000000000000, 86.42999999999999261 ) ) ;
#967 = ORIENTED_EDGE ( 'NONE', *, *, #1522, .T. ) ;
#968 = DIRECTION ( 'NONE',  ( 0.000000000000000000, 1.000000000000000000, 0.000000000000000000 ) ) ;
#969 = CARTESIAN_POINT ( 'NONE',  ( -40.00000000000000711, 0.000000000000000000, 70.00000000000000000 ) ) ;
#970 = ORIENTED_EDGE ( 'NONE', *, *, #1418, .F. ) ;
#971 = CIRCLE ( 'NONE', #165, 10.00000000000000888 ) ;
#972 = AXIS2_PLACEMENT_3D ( 'NONE', #1788, #1653, #103 ) ;
#973 = FACE_BOUND ( 'NONE', #242, .T. ) ;
#974 = LINE ( 'NONE', #1535, #1838 ) ;
#975 = ADVANCED_FACE ( 'NONE', ( #1394 ), #1682, .F. ) ;
#976 = ORIENTED_EDGE ( 'NONE', *, *, #1408, .F. ) ;
#977 = CARTESIAN_POINT ( 'NONE',  ( -49.99999999999999289, 0.000000000000000000, 70.00000000000000000 ) ) ;
#978 = DIRECTION ( 'NONE',  ( 0.000000000000000000, 0.000000000000000000, 1.000000000000000000 ) ) ;
#979 = VERTEX_POINT ( 'NONE', #1516 ) ;
#980 = DIRECTION ( 'NONE',  ( -0.000000000000000000, 1.000000000000000000, -0.000000000000000000 ) ) ;
#981 = ORIENTED_EDGE ( 'NONE', *, *, #665, .T. ) ;
#982 = LINE ( 'NONE', #1008, #1747 ) ;
#983 = AXIS2_PLACEMENT_3D ( 'NONE', #702, #1544, #552 ) ;
#984 = ORIENTED_EDGE ( 'NONE', *, *, #1066, .F. ) ;
#985 = DIRECTION ( 'NONE',  ( 0.000000000000000000, 0.000000000000000000, -1.000000000000000000 ) ) ;
#986 = DIRECTION ( 'NONE',  ( 0.000000000000000000, 1.000000000000000000, 0.000000000000000000 ) ) ;
#987 = AXIS2_PLACEMENT_3D ( 'NONE', #199, #769, #1636 ) ;
#988 = VECTOR ( 'NONE', #456, 1000.000000000000000 ) ;
#989 = EDGE_CURVE ( 'NONE', #1480, #860, #1099, .T. ) ;
#990 = ORIENTED_EDGE ( 'NONE', *, *, #1009, .T. ) ;
#991 = FACE_BOUND ( 'NONE', #1657, .T. ) ;
#992 = EDGE_LOOP ( 'NONE', ( #950, #523, #827, #745 ) ) ;
#993 = CYLINDRICAL_SURFACE ( 'NONE', #1659, 1.599999999999997202 ) ;
#994 = ORIENTED_EDGE ( 'NONE', *, *, #1084, .T. ) ;
#995 = LINE ( 'NONE', #283, #1356 ) ;
#996 = EDGE_CURVE ( 'NONE', #1453, #1602, #1379, .T. ) ;
#997 = ORIENTED_EDGE ( 'NONE', *, *, #680, .F. ) ;
#998 = AXIS2_PLACEMENT_3D ( 'NONE', #249, #689, #839 ) ;
#999 = DIRECTION ( 'NONE',  ( -0.000000000000000000, 1.000000000000000000, -0.000000000000000000 ) ) ;
#1000 = VERTEX_POINT ( 'NONE', #678 ) ;
#1001 = LINE ( 'NONE', #704, #1755 ) ;
#1002 = VECTOR ( 'NONE', #486, 1000.000000000000000 ) ;
#1003 = CARTESIAN_POINT ( 'NONE',  ( -23.56999999999998963, 10.00000000000000000, 133.5699999999999932 ) ) ;
#1004 = CARTESIAN_POINT ( 'NONE',  ( -39.99999999999999289, 10.00000000000000000, 90.00000000000000000 ) ) ;
#1005 = ORIENTED_EDGE ( 'NONE', *, *, #733, .F. ) ;
#1006 = EDGE_CURVE ( 'NONE', #1155, #76, #1746, .T. ) ;
#1007 = EDGE_LOOP ( 'NONE', ( #262, #1100, #548, #308 ) ) ;
#1008 = CARTESIAN_POINT ( 'NONE',  ( 40.00000000000002132, 10.00000000000000000, 73.19999999999998863 ) ) ;
#1009 = EDGE_CURVE ( 'NONE', #1200, #1131, #608, .T. ) ;
#1010 = EDGE_LOOP ( 'NONE', ( #1209, #1258, #1839, #1728 ) ) ;
#1011 = DIRECTION ( 'NONE',  ( -0.000000000000000000, 1.000000000000000000, -0.000000000000000000 ) ) ;
#1012 = CYLINDRICAL_SURFACE ( 'NONE', #691, 10.00000000000000178 ) ;
#1013 = AXIS2_PLACEMENT_3D ( 'NONE', #1410, #131, #260 ) ;
#1014 = CIRCLE ( 'NONE', #774, 2.600000000000004974 ) ;
#1015 = CIRCLE ( 'NONE', #746, 9.999999999999994671 ) ;
#1016 = EDGE_LOOP ( 'NONE', ( #888, #748 ) ) ;
#1017 = ORIENTED_EDGE ( 'NONE', *, *, #383, .F. ) ;
#1018 = DIRECTION ( 'NONE',  ( -1.000000000000000000, -0.000000000000000000, 4.625929269271482956E-16 ) ) ;
#1019 = CARTESIAN_POINT ( 'NONE',  ( -40.00000000000000711, 0.000000000000000000, 66.79999999999999716 ) ) ;
#1020 = DIRECTION ( 'NONE',  ( 0.000000000000000000, 1.000000000000000000, 0.000000000000000000 ) ) ;
#1021 = EDGE_CURVE ( 'NONE', #21, #1034, #1567, .T. ) ;
#1022 = CARTESIAN_POINT ( 'NONE',  ( 30.00000000000000000, 0.000000000000000000, -8.400000000000000355 ) ) ;
#1023 = LINE ( 'NONE', #1328, #868 ) ;
#1024 = VERTEX_POINT ( 'NONE', #1106 ) ;
#1025 = ORIENTED_EDGE ( 'NONE', *, *, #482, .T. ) ;
#1026 = CARTESIAN_POINT ( 'NONE',  ( -30.00000000000000000, 0.000000000000000000, 11.59999999999999964 ) ) ;
#1027 = DIRECTION ( 'NONE',  ( 0.000000000000000000, 0.000000000000000000, 1.000000000000000000 ) ) ;
#1028 = VECTOR ( 'NONE', #1040, 1000.000000000000000 ) ;
#1029 = EDGE_LOOP ( 'NONE', ( #1400, #1413 ) ) ;
#1030 = DIRECTION ( 'NONE',  ( 0.000000000000000000, 1.000000000000000000, 0.000000000000000000 ) ) ;
#1031 = CARTESIAN_POINT ( 'NONE',  ( 30.00000000000000000, 0.000000000000000000, 10.00000000000000178 ) ) ;
#1032 = ADVANCED_FACE ( 'NONE', ( #539 ), #1528, .F. ) ;
#1033 = VERTEX_POINT ( 'NONE', #698 ) ;
#1034 = VERTEX_POINT ( 'NONE', #1508 ) ;
#1035 = CARTESIAN_POINT ( 'NONE',  ( -9.999999999999991118, 10.00000000000000000, 66.79999999999998295 ) ) ;
#1036 = DIRECTION ( 'NONE',  ( 0.000000000000000000, -1.000000000000000000, 0.000000000000000000 ) ) ;
#1037 = PLANE ( 'NONE',  #1446 ) ;
#1038 = DIRECTION ( 'NONE',  ( 0.000000000000000000, 1.000000000000000000, 0.000000000000000000 ) ) ;
#1039 = EDGE_CURVE ( 'NONE', #1033, #1000, #1660, .T. ) ;
#1040 = DIRECTION ( 'NONE',  ( -0.000000000000000000, 1.000000000000000000, -0.000000000000000000 ) ) ;
#1041 = AXIS2_PLACEMENT_3D ( 'NONE', #573, #1020, #1150 ) ;
#1042 = EDGE_CURVE ( 'NONE', #1033, #1200, #1809, .T. ) ;
#1043 = VECTOR ( 'NONE', #190, 1000.000000000000000 ) ;
#1044 = ORIENTED_EDGE ( 'NONE', *, *, #932, .T. ) ;
#1045 = DIRECTION ( 'NONE',  ( -0.000000000000000000, 1.000000000000000000, -0.000000000000000000 ) ) ;
#1046 = LINE ( 'NONE', #624, #393 ) ;
#1047 = DIRECTION ( 'NONE',  ( -0.000000000000000000, 1.000000000000000000, -0.000000000000000000 ) ) ;
#1048 = CARTESIAN_POINT ( 'NONE',  ( 1.592040838891559450E-14, 0.000000000000000000, 89.99999999999998579 ) ) ;
#1049 = DIRECTION ( 'NONE',  ( 0.000000000000000000, 1.000000000000000000, 0.000000000000000000 ) ) ;
#1050 = CARTESIAN_POINT ( 'NONE',  ( 10.00000000000000888, 0.000000000000000000, 73.20000000000001705 ) ) ;
#1051 = ADVANCED_FACE ( 'NONE', ( #1670 ), #812, .F. ) ;
#1052 = ORIENTED_EDGE ( 'NONE', *, *, #1418, .T. ) ;
#1053 = DIRECTION ( 'NONE',  ( 0.000000000000000000, 1.000000000000000000, 0.000000000000000000 ) ) ;
#1054 = DIRECTION ( 'NONE',  ( 1.982541115402065110E-16, 0.000000000000000000, 1.000000000000000000 ) ) ;
#1055 = CARTESIAN_POINT ( 'NONE',  ( 20.00000000000002487, 0.000000000000000000, 130.0000000000000000 ) ) ;
#1056 = CARTESIAN_POINT ( 'NONE',  ( 30.00000000000000000, 10.00000000000000000, -8.400000000000000355 ) ) ;
#1057 = ORIENTED_EDGE ( 'NONE', *, *, #630, .F. ) ;
#1058 = AXIS2_PLACEMENT_3D ( 'NONE', #1136, #1368, #1819 ) ;
#1059 = DIRECTION ( 'NONE',  ( 0.000000000000000000, 1.000000000000000000, 0.000000000000000000 ) ) ;
#1060 = VECTOR ( 'NONE', #515, 1000.000000000000000 ) ;
#1061 = EDGE_CURVE ( 'NONE', #1226, #1367, #39, .T. ) ;
#1062 = ORIENTED_EDGE ( 'NONE', *, *, #1561, .F. ) ;
#1063 = DIRECTION ( 'NONE',  ( -0.000000000000000000, 1.000000000000000000, -0.000000000000000000 ) ) ;
#1064 = EDGE_CURVE ( 'NONE', #274, #622, #1243, .T. ) ;
#1065 = DIRECTION ( 'NONE',  ( -0.000000000000000000, 1.000000000000000000, -0.000000000000000000 ) ) ;
#1066 = EDGE_CURVE ( 'NONE', #442, #1200, #392, .T. ) ;
#1067 = APPLICATION_CONTEXT ( 'automotive_design' ) ;
#1068 = CARTESIAN_POINT ( 'NONE',  ( -23.56999999999998963, 0.000000000000000000, 133.5699999999999932 ) ) ;
#1069 = FACE_OUTER_BOUND ( 'NONE', #244, .T. ) ;
#1070 = DIRECTION ( 'NONE',  ( 0.000000000000000000, 1.000000000000000000, 0.000000000000000000 ) ) ;
#1071 = ORIENTED_EDGE ( 'NONE', *, *, #343, .T. ) ;
#1072 = ORIENTED_EDGE ( 'NONE', *, *, #543, .T. ) ;
#1073 = AXIS2_PLACEMENT_3D ( 'NONE', #309, #159, #578 ) ;
#1074 = CARTESIAN_POINT ( 'NONE',  ( -30.00000000000000000, 0.000000000000000000, -9.999999999999998224 ) ) ;
#1075 = AXIS2_PLACEMENT_3D ( 'NONE', #350, #1183, #612 ) ;
#1076 = AXIS2_PLACEMENT_3D ( 'NONE', #191, #78, #210 ) ;
#1077 = COLOUR_RGB ( '',0.7921568627450980005, 0.8196078431372548767, 0.9333333333333333481 ) ;
#1078 = ORIENTED_EDGE ( 'NONE', *, *, #1009, .F. ) ;
#1079 = AXIS2_PLACEMENT_3D ( 'NONE', #397, #1138, #1703 ) ;
#1080 = AXIS2_PLACEMENT_3D ( 'NONE', #1615, #1450, #724 ) ;
#1081 = CARTESIAN_POINT ( 'NONE',  ( 20.00000000000002487, 10.00000000000000000, 130.0000000000000000 ) ) ;
#1082 = DIRECTION ( 'NONE',  ( 0.000000000000000000, 1.000000000000000000, 0.000000000000000000 ) ) ;
#1083 = CARTESIAN_POINT ( 'NONE',  ( 2.143131898507868643E-15, 0.000000000000000000, -17.50000000000000355 ) ) ;
#1084 = EDGE_CURVE ( 'NONE', #1818, #398, #1097, .T. ) ;
#1085 = CARTESIAN_POINT ( 'NONE',  ( -40.00000000000000000, 10.00000000000000000, 79.99999999999998579 ) ) ;
#1086 = LINE ( 'NONE', #182, #822 ) ;
#1087 = CARTESIAN_POINT ( 'NONE',  ( -19.99999999999998579, 10.00000000000000000, 140.0000000000000000 ) ) ;
#1088 = EDGE_LOOP ( 'NONE', ( #100, #1165, #327, #451 ) ) ;
#1089 = DIRECTION ( 'NONE',  ( 0.000000000000000000, 0.000000000000000000, 1.000000000000000000 ) ) ;
#1090 = DIRECTION ( 'NONE',  ( -0.000000000000000000, 1.000000000000000000, -0.000000000000000000 ) ) ;
#1091 = DIRECTION ( 'NONE',  ( 0.000000000000000000, 1.000000000000000000, 0.000000000000000000 ) ) ;
#1092 = FACE_BOUND ( 'NONE', #31, .T. ) ;
#1093 = DIRECTION ( 'NONE',  ( -0.000000000000000000, 1.000000000000000000, -0.000000000000000000 ) ) ;
#1094 = DIRECTION ( 'NONE',  ( 0.000000000000000000, 1.000000000000000000, 0.000000000000000000 ) ) ;
#1095 = ORIENTED_EDGE ( 'NONE', *, *, #965, .T. ) ;
#1096 = ORIENTED_EDGE ( 'NONE', *, *, #291, .T. ) ;
#1097 = LINE ( 'NONE', #381, #942 ) ;
#1098 = EDGE_CURVE ( 'NONE', #964, #219, #136, .T. ) ;
#1099 = CIRCLE ( 'NONE', #12, 1.599999999999997202 ) ;
#1100 = ORIENTED_EDGE ( 'NONE', *, *, #867, .T. ) ;
#1101 = CIRCLE ( 'NONE', #1156, 20.00000000000000355 ) ;
#1102 = CARTESIAN_POINT ( 'NONE',  ( 0.000000000000000000, 10.00000000000000000, 0.000000000000000000 ) ) ;
#1103 = CARTESIAN_POINT ( 'NONE',  ( 30.00000000000000000, 0.000000000000000000, 8.400000000000003908 ) ) ;
#1104 = ORIENTED_EDGE ( 'NONE', *, *, #555, .T. ) ;
#1105 = VERTEX_POINT ( 'NONE', #1116 ) ;
#1106 = CARTESIAN_POINT ( 'NONE',  ( 10.00000000000000888, 0.000000000000000000, 73.20000000000001705 ) ) ;
#1107 = LINE ( 'NONE', #1671, #809 ) ;
#1108 = VECTOR ( 'NONE', #737, 1000.000000000000000 ) ;
#1109 = ORIENTED_EDGE ( 'NONE', *, *, #173, .T. ) ;
#1110 = AXIS2_PLACEMENT_3D ( 'NONE', #178, #460, #729 ) ;
#1111 = DIRECTION ( 'NONE',  ( -9.251858538542965911E-16, 0.000000000000000000, 1.000000000000000000 ) ) ;
#1112 = AXIS2_PLACEMENT_3D ( 'NONE', #798, #1771, #488 ) ;
#1113 = CARTESIAN_POINT ( 'NONE',  ( -23.56999999999998963, 10.00000000000000000, 83.82999999999998408 ) ) ;
#1114 = VECTOR ( 'NONE', #491, 1000.000000000000000 ) ;
#1115 = ORIENTED_EDGE ( 'NONE', *, *, #768, .T. ) ;
#1116 = CARTESIAN_POINT ( 'NONE',  ( -19.99999999999998579, 10.00000000000000000, 140.0000000000000000 ) ) ;
#1117 = DIRECTION ( 'NONE',  ( 0.000000000000000000, 1.000000000000000000, 0.000000000000000000 ) ) ;
#1118 = VERTEX_POINT ( 'NONE', #828 ) ;
#1119 = DIRECTION ( 'NONE',  ( 1.000000000000000000, 0.000000000000000000, 0.000000000000000000 ) ) ;
#1120 = EDGE_CURVE ( 'NONE', #677, #650, #192, .T. ) ;
#1121 = FACE_BOUND ( 'NONE', #1833, .T. ) ;
#1122 = ORIENTED_EDGE ( 'NONE', *, *, #1408, .T. ) ;
#1123 = DIRECTION ( 'NONE',  ( 2.081668171172169697E-15, 0.000000000000000000, 1.000000000000000000 ) ) ;
#1124 = ORIENTED_EDGE ( 'NONE', *, *, #472, .F. ) ;
#1125 = DIRECTION ( 'NONE',  ( 0.000000000000000000, 0.000000000000000000, 1.000000000000000000 ) ) ;
#1126 = DIRECTION ( 'NONE',  ( 0.000000000000000000, 0.000000000000000000, 1.000000000000000000 ) ) ;
#1127 = VERTEX_POINT ( 'NONE', #1689 ) ;
#1128 = AXIS2_PLACEMENT_3D ( 'NONE', #966, #1091, #407 ) ;
#1129 = CIRCLE ( 'NONE', #1541, 2.599999999999991207 ) ;
#1130 = FACE_BOUND ( 'NONE', #727, .T. ) ;
#1131 = VERTEX_POINT ( 'NONE', #977 ) ;
#1132 = CARTESIAN_POINT ( 'NONE',  ( -30.00000000000000000, 10.00000000000000000, 11.59999999999999964 ) ) ;
#1133 = CARTESIAN_POINT ( 'NONE',  ( 40.00000000000002132, 0.000000000000000000, 66.79999999999999716 ) ) ;
#1134 = EDGE_CURVE ( 'NONE', #1178, #964, #1548, .T. ) ;
#1135 = ORIENTED_EDGE ( 'NONE', *, *, #472, .T. ) ;
#1136 = CARTESIAN_POINT ( 'NONE',  ( -39.99999999999998579, 10.00000000000000000, -50.00000000000000000 ) ) ;
#1137 = VERTEX_POINT ( 'NONE', #1179 ) ;
#1138 = DIRECTION ( 'NONE',  ( 0.000000000000000000, 1.000000000000000000, 0.000000000000000000 ) ) ;
#1139 = CARTESIAN_POINT ( 'NONE',  ( 0.000000000000000000, 0.000000000000000000, 0.000000000000000000 ) ) ;
#1140 = VECTOR ( 'NONE', #1512, 1000.000000000000000 ) ;
#1141 = ORIENTED_EDGE ( 'NONE', *, *, #1472, .F. ) ;
#1142 = DIRECTION ( 'NONE',  ( -0.000000000000000000, 1.000000000000000000, -0.000000000000000000 ) ) ;
#1143 = CIRCLE ( 'NONE', #54, 2.600000000000004974 ) ;
#1144 = EDGE_CURVE ( 'NONE', #650, #677, #670, .T. ) ;
#1145 = EDGE_LOOP ( 'NONE', ( #970, #230, #175, #647 ) ) ;
#1146 = FACE_OUTER_BOUND ( 'NONE', #1181, .T. ) ;
#1147 = VERTEX_POINT ( 'NONE', #723 ) ;
#1148 = CARTESIAN_POINT ( 'NONE',  ( -29.99999999999998934, 10.00000000000000000, 130.0000000000000000 ) ) ;
#1149 = LINE ( 'NONE', #1428, #1172 ) ;
#1150 = DIRECTION ( 'NONE',  ( 0.000000000000000000, 0.000000000000000000, 1.000000000000000000 ) ) ;
#1151 = CARTESIAN_POINT ( 'NONE',  ( 1.347111479062088523E-14, 10.00000000000000000, 110.0000000000000000 ) ) ;
#1152 = DIRECTION ( 'NONE',  ( -0.000000000000000000, 1.000000000000000000, -0.000000000000000000 ) ) ;
#1153 = ADVANCED_FACE ( 'NONE', ( #1717 ), #580, .F. ) ;
#1154 = EDGE_CURVE ( 'NONE', #860, #1480, #464, .T. ) ;
#1155 = VERTEX_POINT ( 'NONE', #455 ) ;
#1156 = AXIS2_PLACEMENT_3D ( 'NONE', #1294, #275, #29 ) ;
#1157 = ORIENTED_EDGE ( 'NONE', *, *, #665, .F. ) ;
#1158 = DIRECTION ( 'NONE',  ( -0.000000000000000000, 1.000000000000000000, -0.000000000000000000 ) ) ;
#1159 = AXIS2_PLACEMENT_3D ( 'NONE', #757, #179, #62 ) ;
#1160 = ORIENTED_EDGE ( 'NONE', *, *, #804, .T. ) ;
#1161 = DIRECTION ( 'NONE',  ( 0.000000000000000000, 1.000000000000000000, 0.000000000000000000 ) ) ;
#1162 = CARTESIAN_POINT ( 'NONE',  ( -39.99999999999998579, 0.000000000000000000, 50.00000000000000000 ) ) ;
#1163 = EDGE_LOOP ( 'NONE', ( #1248, #1216, #425, #538 ) ) ;
#1164 = ADVANCED_FACE ( 'NONE', ( #1169 ), #162, .T. ) ;
#1165 = ORIENTED_EDGE ( 'NONE', *, *, #496, .F. ) ;
#1166 = CARTESIAN_POINT ( 'NONE',  ( -40.00000000000000711, 10.00000000000000000, -60.00000000000000000 ) ) ;
#1167 = AXIS2_PLACEMENT_3D ( 'NONE', #1407, #1152, #420 ) ;
#1168 = CARTESIAN_POINT ( 'NONE',  ( 40.00000000000004263, 10.00000000000000000, 70.00000000000000000 ) ) ;
#1169 = FACE_OUTER_BOUND ( 'NONE', #1741, .T. ) ;
#1170 = DIRECTION ( 'NONE',  ( -0.000000000000000000, -1.000000000000000000, -0.000000000000000000 ) ) ;
#1171 = AXIS2_PLACEMENT_3D ( 'NONE', #1168, #1036, #604 ) ;
#1172 = VECTOR ( 'NONE', #1292, 1000.000000000000000 ) ;
#1173 = PRODUCT_DEFINITION_SHAPE ( 'NONE', 'NONE',  #1711 ) ;
#1174 = ORIENTED_EDGE ( 'NONE', *, *, #68, .F. ) ;
#1175 = VERTEX_POINT ( 'NONE', #848 ) ;
#1176 = CARTESIAN_POINT ( 'NONE',  ( 40.00000000000001421, 0.000000000000000000, 51.60000000000000142 ) ) ;
#1177 = EDGE_CURVE ( 'NONE', #810, #1024, #104, .T. ) ;
#1178 = VERTEX_POINT ( 'NONE', #154 ) ;
#1179 = CARTESIAN_POINT ( 'NONE',  ( -30.00000000000000000, 0.000000000000000000, 8.400000000000003908 ) ) ;
#1180 = DIRECTION ( 'NONE',  ( -0.000000000000000000, 1.000000000000000000, -0.000000000000000000 ) ) ;
#1181 = EDGE_LOOP ( 'NONE', ( #121, #557, #8, #586 ) ) ;
#1182 = ORIENTED_EDGE ( 'NONE', *, *, #1264, .F. ) ;
#1183 = DIRECTION ( 'NONE',  ( 1.000000000000000000, 0.000000000000000000, -9.912705577010328015E-17 ) ) ;
#1184 = VERTEX_POINT ( 'NONE', #858 ) ;
#1185 = DIRECTION ( 'NONE',  ( 0.000000000000000000, 1.000000000000000000, 0.000000000000000000 ) ) ;
#1186 = CIRCLE ( 'NONE', #1721, 1.599999999999997202 ) ;
#1187 = CARTESIAN_POINT ( 'NONE',  ( 40.00000000000001421, 10.00000000000000000, -50.00000000000000000 ) ) ;
#1188 = EDGE_CURVE ( 'NONE', #803, #666, #1101, .T. ) ;
#1189 = FACE_OUTER_BOUND ( 'NONE', #237, .T. ) ;
#1190 = ORIENTED_EDGE ( 'NONE', *, *, #1534, .F. ) ;
#1191 = DIRECTION ( 'NONE',  ( -0.000000000000000000, 1.000000000000000000, -0.000000000000000000 ) ) ;
#1192 = DIRECTION ( 'NONE',  ( 0.000000000000000000, 0.000000000000000000, -1.000000000000000000 ) ) ;
#1193 = DIRECTION ( 'NONE',  ( 1.000000000000000000, 0.000000000000000000, 0.000000000000000000 ) ) ;
#1194 = DIRECTION ( 'NONE',  ( 0.000000000000000000, 0.000000000000000000, 1.000000000000000000 ) ) ;
#1195 = DIRECTION ( 'NONE',  ( 0.000000000000000000, 0.000000000000000000, 1.000000000000000000 ) ) ;
#1196 = DIRECTION ( 'NONE',  ( 0.000000000000000000, 0.000000000000000000, 1.000000000000000000 ) ) ;
#1197 = EDGE_CURVE ( 'NONE', #688, #1642, #286, .T. ) ;
#1198 = AXIS2_PLACEMENT_3D ( 'NONE', #1604, #2, #1302 ) ;
#1199 = VECTOR ( 'NONE', #980, 1000.000000000000000 ) ;
#1200 = VERTEX_POINT ( 'NONE', #19 ) ;
#1201 = DIRECTION ( 'NONE',  ( 0.000000000000000000, 0.000000000000000000, 1.000000000000000000 ) ) ;
#1202 = FACE_OUTER_BOUND ( 'NONE', #938, .T. ) ;
#1203 = DIRECTION ( 'NONE',  ( 0.000000000000000000, 0.000000000000000000, 1.000000000000000000 ) ) ;
#1204 = DIRECTION ( 'NONE',  ( 0.000000000000000000, 1.000000000000000000, 0.000000000000000000 ) ) ;
#1205 = CARTESIAN_POINT ( 'NONE',  ( 40.00000000000002132, 10.00000000000000000, 66.79999999999999716 ) ) ;
#1206 = ADVANCED_FACE ( 'NONE', ( #1566 ), #135, .F. ) ;
#1207 = EDGE_CURVE ( 'NONE', #576, #1669, #338, .T. ) ;
#1208 = EDGE_CURVE ( 'NONE', #1480, #1255, #1449, .T. ) ;
#1209 = ORIENTED_EDGE ( 'NONE', *, *, #1611, .T. ) ;
#1210 = DIRECTION ( 'NONE',  ( -0.000000000000000000, 1.000000000000000000, -0.000000000000000000 ) ) ;
#1211 = DIRECTION ( 'NONE',  ( 0.000000000000000000, 0.000000000000000000, 1.000000000000000000 ) ) ;
#1212 = DIRECTION ( 'NONE',  ( 0.000000000000000000, 0.000000000000000000, 1.000000000000000000 ) ) ;
#1213 = DIRECTION ( 'NONE',  ( 0.000000000000000000, 1.000000000000000000, 0.000000000000000000 ) ) ;
#1214 = CARTESIAN_POINT ( 'NONE',  ( 40.00000000000001421, 0.000000000000000000, -51.60000000000000142 ) ) ;
#1215 = VERTEX_POINT ( 'NONE', #1439 ) ;
#1216 = ORIENTED_EDGE ( 'NONE', *, *, #1570, .T. ) ;
#1217 = AXIS2_PLACEMENT_3D ( 'NONE', #107, #530, #412 ) ;
#1218 = CARTESIAN_POINT ( 'NONE',  ( 40.00000000000002132, 0.000000000000000000, 73.19999999999998863 ) ) ;
#1219 = AXIS2_PLACEMENT_3D ( 'NONE', #353, #1030, #1344 ) ;
#1220 = ORIENTED_EDGE ( 'NONE', *, *, #1207, .F. ) ;
#1221 = EDGE_CURVE ( 'NONE', #1578, #1105, #1415, .T. ) ;
#1222 =( LENGTH_UNIT ( ) NAMED_UNIT ( * ) SI_UNIT ( .MILLI., .METRE. ) );
#1223 = DIRECTION ( 'NONE',  ( 0.000000000000000000, 0.000000000000000000, 1.000000000000000000 ) ) ;
#1224 = DIRECTION ( 'NONE',  ( 0.000000000000000000, 0.000000000000000000, 1.000000000000000000 ) ) ;
#1225 = ORIENTED_EDGE ( 'NONE', *, *, #1814, .T. ) ;
#1226 = VERTEX_POINT ( 'NONE', #1303 ) ;
#1227 = CYLINDRICAL_SURFACE ( 'NONE', #492, 1.599999999999997202 ) ;
#1228 = ORIENTED_EDGE ( 'NONE', *, *, #1787, .F. ) ;
#1229 = CIRCLE ( 'NONE', #655, 2.599999999999991207 ) ;
#1230 = CARTESIAN_POINT ( 'NONE',  ( 30.00000000000000000, 0.000000000000000000, 8.400000000000003908 ) ) ;
#1231 = EDGE_CURVE ( 'NONE', #489, #362, #589, .T. ) ;
#1232 = CARTESIAN_POINT ( 'NONE',  ( 40.00000000000001421, 10.00000000000000000, 51.60000000000000142 ) ) ;
#1233 = DIRECTION ( 'NONE',  ( -0.000000000000000000, 1.000000000000000000, -0.000000000000000000 ) ) ;
#1234 = CARTESIAN_POINT ( 'NONE',  ( -23.56999999999998963, 0.000000000000000000, 86.42999999999999261 ) ) ;
#1235 = ORIENTED_EDGE ( 'NONE', *, *, #1774, .F. ) ;
#1236 = EDGE_LOOP ( 'NONE', ( #149, #870, #1071, #1638 ) ) ;
#1237 = DIRECTION ( 'NONE',  ( 0.000000000000000000, 0.000000000000000000, 1.000000000000000000 ) ) ;
#1238 = ORIENTED_EDGE ( 'NONE', *, *, #1814, .F. ) ;
#1239 = CARTESIAN_POINT ( 'NONE',  ( -23.56999999999998963, 10.00000000000000000, 86.42999999999999261 ) ) ;
#1240 = DIRECTION ( 'NONE',  ( -0.000000000000000000, 1.000000000000000000, -0.000000000000000000 ) ) ;
#1241 = ORIENTED_EDGE ( 'NONE', *, *, #322, .T. ) ;
#1242 = EDGE_LOOP ( 'NONE', ( #1637, #1767, #272, #292 ) ) ;
#1243 = LINE ( 'NONE', #558, #581 ) ;
#1244 = ADVANCED_FACE ( 'NONE', ( #1709 ), #882, .F. ) ;
#1245 = AXIS2_PLACEMENT_3D ( 'NONE', #1151, #600, #293 ) ;
#1246 = VECTOR ( 'NONE', #796, 1000.000000000000000 ) ;
#1247 = CARTESIAN_POINT ( 'NONE',  ( 30.00000000000000000, 0.000000000000000000, -11.59999999999999609 ) ) ;
#1248 = ORIENTED_EDGE ( 'NONE', *, *, #943, .F. ) ;
#1249 = SHAPE_DEFINITION_REPRESENTATION ( #1173, #364 ) ;
#1250 = DIRECTION ( 'NONE',  ( 0.000000000000000000, 1.000000000000000000, 0.000000000000000000 ) ) ;
#1251 = CARTESIAN_POINT ( 'NONE',  ( -9.999999999999991118, 0.000000000000000000, 66.79999999999998295 ) ) ;
#1252 = VERTEX_POINT ( 'NONE', #1310 ) ;
#1253 = CARTESIAN_POINT ( 'NONE',  ( 1.347111479062088523E-14, 10.00000000000000000, 110.0000000000000000 ) ) ;
#1254 = EDGE_CURVE ( 'NONE', #474, #21, #995, .T. ) ;
#1255 = VERTEX_POINT ( 'NONE', #1286 ) ;
#1256 = VECTOR ( 'NONE', #1716, 1000.000000000000000 ) ;
#1257 = CARTESIAN_POINT ( 'NONE',  ( 40.00000000000001421, 0.000000000000000000, -49.99999999999999289 ) ) ;
#1258 = ORIENTED_EDGE ( 'NONE', *, *, #1650, .T. ) ;
#1259 = CARTESIAN_POINT ( 'NONE',  ( 40.00000000000001421, 0.000000000000000000, 50.00000000000000000 ) ) ;
#1260 = AXIS2_PLACEMENT_3D ( 'NONE', #329, #155, #1590 ) ;
#1261 = ORIENTED_EDGE ( 'NONE', *, *, #1039, .T. ) ;
#1262 = DIRECTION ( 'NONE',  ( 0.000000000000000000, -1.000000000000000000, 0.000000000000000000 ) ) ;
#1263 = ORIENTED_EDGE ( 'NONE', *, *, #1531, .F. ) ;
#1264 = EDGE_CURVE ( 'NONE', #1105, #719, #3, .T. ) ;
#1265 = PLANE ( 'NONE',  #1429 ) ;
#1266 = ORIENTED_EDGE ( 'NONE', *, *, #953, .F. ) ;
#1267 = CARTESIAN_POINT ( 'NONE',  ( -40.00000000000000711, 0.000000000000000000, 70.00000000000000000 ) ) ;
#1268 = ORIENTED_EDGE ( 'NONE', *, *, #1822, .F. ) ;
#1269 = DIRECTION ( 'NONE',  ( 0.000000000000000000, -1.000000000000000000, 0.000000000000000000 ) ) ;
#1270 = AXIS2_PLACEMENT_3D ( 'NONE', #1829, #819, #1698 ) ;
#1271 = ORIENTED_EDGE ( 'NONE', *, *, #288, .F. ) ;
#1272 = VECTOR ( 'NONE', #625, 1000.000000000000000 ) ;
#1273 = FACE_BOUND ( 'NONE', #316, .T. ) ;
#1274 = ORIENTED_EDGE ( 'NONE', *, *, #1397, .T. ) ;
#1275 = DIRECTION ( 'NONE',  ( 0.000000000000000000, 1.000000000000000000, 0.000000000000000000 ) ) ;
#1276 = EDGE_CURVE ( 'NONE', #1137, #772, #1760, .T. ) ;
#1277 = ORIENTED_EDGE ( 'NONE', *, *, #863, .T. ) ;
#1278 = CARTESIAN_POINT ( 'NONE',  ( -23.56999999999998963, 0.000000000000000000, 86.42999999999999261 ) ) ;
#1279 = EDGE_LOOP ( 'NONE', ( #1157, #1109, #1586, #416 ) ) ;
#1280 = CIRCLE ( 'NONE', #82, 3.199999999999994404 ) ;
#1281 = CARTESIAN_POINT ( 'NONE',  ( 30.00000000000000000, 0.000000000000000000, -9.999999999999998224 ) ) ;
#1282 = FACE_OUTER_BOUND ( 'NONE', #879, .T. ) ;
#1283 = VECTOR ( 'NONE', #1065, 1000.000000000000000 ) ;
#1284 = ADVANCED_FACE ( 'NONE', ( #1633 ), #777, .F. ) ;
#1285 = ORIENTED_EDGE ( 'NONE', *, *, #791, .F. ) ;
#1286 = CARTESIAN_POINT ( 'NONE',  ( 40.00000000000001421, 10.00000000000000000, 48.40000000000000568 ) ) ;
#1287 = AXIS2_PLACEMENT_3D ( 'NONE', #1661, #668, #531 ) ;
#1288 = EDGE_CURVE ( 'NONE', #1178, #1184, #1129, .T. ) ;
#1289 = ORIENTED_EDGE ( 'NONE', *, *, #409, .F. ) ;
#1290 = ORIENTED_EDGE ( 'NONE', *, *, #156, .F. ) ;
#1291 = CARTESIAN_POINT ( 'NONE',  ( 40.00000000000001421, 0.000000000000000000, -51.60000000000000142 ) ) ;
#1292 = DIRECTION ( 'NONE',  ( -0.000000000000000000, 1.000000000000000000, -0.000000000000000000 ) ) ;
#1293 = ORIENTED_EDGE ( 'NONE', *, *, #989, .F. ) ;
#1294 = CARTESIAN_POINT ( 'NONE',  ( 1.347111479062088523E-14, 0.000000000000000000, 110.0000000000000000 ) ) ;
#1295 = DIRECTION ( 'NONE',  ( -0.000000000000000000, 1.000000000000000000, -0.000000000000000000 ) ) ;
#1296 = EDGE_CURVE ( 'NONE', #400, #88, #900, .T. ) ;
#1297 = ORIENTED_EDGE ( 'NONE', *, *, #1264, .T. ) ;
#1298 = AXIS2_PLACEMENT_3D ( 'NONE', #1004, #574, #438 ) ;
#1299 = ORIENTED_EDGE ( 'NONE', *, *, #584, .F. ) ;
#1300 = CARTESIAN_POINT ( 'NONE',  ( -39.99999999999998579, 10.00000000000000000, 50.00000000000000000 ) ) ;
#1301 = CIRCLE ( 'NONE', #1780, 9.999999999999994671 ) ;
#1302 = DIRECTION ( 'NONE',  ( 0.000000000000000000, 0.000000000000000000, -1.000000000000000000 ) ) ;
#1303 = CARTESIAN_POINT ( 'NONE',  ( 30.00000000000000000, 10.00000000000000000, 11.59999999999999964 ) ) ;
#1304 = CARTESIAN_POINT ( 'NONE',  ( -30.00000000000000000, 10.00000000000000000, 8.400000000000003908 ) ) ;
#1305 = EDGE_CURVE ( 'NONE', #1024, #843, #1475, .T. ) ;
#1306 = ORIENTED_EDGE ( 'NONE', *, *, #905, .T. ) ;
#1307 = VERTEX_POINT ( 'NONE', #1614 ) ;
#1308 = CARTESIAN_POINT ( 'NONE',  ( 30.00000000000002842, 10.00000000000000000, 80.00000000000000000 ) ) ;
#1309 = ORIENTED_EDGE ( 'NONE', *, *, #543, .F. ) ;
#1310 = CARTESIAN_POINT ( 'NONE',  ( -40.00000000000000711, 0.000000000000000000, 73.19999999999998863 ) ) ;
#1311 = DIRECTION ( 'NONE',  ( 0.000000000000000000, 0.000000000000000000, 1.000000000000000000 ) ) ;
#1312 = AXIS2_PLACEMENT_3D ( 'NONE', #83, #514, #1192 ) ;
#1313 = CIRCLE ( 'NONE', #1079, 1.599999999999997202 ) ;
#1314 = VERTEX_POINT ( 'NONE', #334 ) ;
#1315 = ORIENTED_EDGE ( 'NONE', *, *, #877, .T. ) ;
#1316 = DIRECTION ( 'NONE',  ( 0.000000000000000000, 0.000000000000000000, 1.000000000000000000 ) ) ;
#1317 = EDGE_CURVE ( 'NONE', #1307, #1127, #583, .T. ) ;
#1318 = CARTESIAN_POINT ( 'NONE',  ( -39.99999999999998579, 10.00000000000000000, -51.60000000000000142 ) ) ;
#1319 = DIRECTION ( 'NONE',  ( -0.000000000000000000, 1.000000000000000000, -0.000000000000000000 ) ) ;
#1320 = LINE ( 'NONE', #20, #988 ) ;
#1321 = DIRECTION ( 'NONE',  ( -0.000000000000000000, 1.000000000000000000, -0.000000000000000000 ) ) ;
#1322 = VERTEX_POINT ( 'NONE', #634 ) ;
#1323 = FACE_OUTER_BOUND ( 'NONE', #1163, .T. ) ;
#1324 = DIRECTION ( 'NONE',  ( -0.000000000000000000, 1.000000000000000000, -0.000000000000000000 ) ) ;
#1325 = ADVANCED_FACE ( 'NONE', ( #749 ), #1494, .F. ) ;
#1326 = CARTESIAN_POINT ( 'NONE',  ( 30.00000000000000000, 0.000000000000000000, 11.59999999999999964 ) ) ;
#1327 = AXIS2_PLACEMENT_3D ( 'NONE', #96, #1403, #1666 ) ;
#1328 = CARTESIAN_POINT ( 'NONE',  ( -40.00000000000000711, 10.00000000000000000, -60.00000000000000000 ) ) ;
#1329 = DIRECTION ( 'NONE',  ( 0.000000000000000000, 0.000000000000000000, 1.000000000000000000 ) ) ;
#1330 = CARTESIAN_POINT ( 'NONE',  ( -39.99999999999998579, 10.00000000000000000, 50.00000000000000000 ) ) ;
#1331 = ORIENTED_EDGE ( 'NONE', *, *, #1650, .F. ) ;
#1332 = CARTESIAN_POINT ( 'NONE',  ( -23.56999999999998963, 0.000000000000000000, 133.5699999999999932 ) ) ;
#1333 = CARTESIAN_POINT ( 'NONE',  ( -39.99999999999998579, 0.000000000000000000, -48.40000000000000568 ) ) ;
#1334 = DIRECTION ( 'NONE',  ( -4.625929269271482956E-16, 0.000000000000000000, -1.000000000000000000 ) ) ;
#1335 = EDGE_CURVE ( 'NONE', #1405, #1425, #556, .T. ) ;
#1336 = FACE_OUTER_BOUND ( 'NONE', #1530, .T. ) ;
#1337 = LINE ( 'NONE', #1050, #57 ) ;
#1338 = AXIS2_PLACEMENT_3D ( 'NONE', #1685, #405, #1523 ) ;
#1339 = EDGE_CURVE ( 'NONE', #398, #544, #641, .T. ) ;
#1340 = AXIS2_PLACEMENT_3D ( 'NONE', #1281, #999, #570 ) ;
#1341 = ORIENTED_EDGE ( 'NONE', *, *, #207, .F. ) ;
#1342 = LINE ( 'NONE', #1026, #832 ) ;
#1343 = DIRECTION ( 'NONE',  ( 0.000000000000000000, 1.000000000000000000, 0.000000000000000000 ) ) ;
#1344 = DIRECTION ( 'NONE',  ( 0.000000000000000000, 0.000000000000000000, 1.000000000000000000 ) ) ;
#1345 = CARTESIAN_POINT ( 'NONE',  ( 40.00000000000001421, 10.00000000000000000, -51.60000000000000142 ) ) ;
#1346 = DIRECTION ( 'NONE',  ( 0.000000000000000000, -1.000000000000000000, 0.000000000000000000 ) ) ;
#1347 = DIRECTION ( 'NONE',  ( -0.000000000000000000, 1.000000000000000000, -0.000000000000000000 ) ) ;
#1348 = ADVANCED_FACE ( 'NONE', ( #767 ), #1623, .F. ) ;
#1349 = ORIENTED_EDGE ( 'NONE', *, *, #1474, .F. ) ;
#1350 = FILL_AREA_STYLE ('',( #651 ) ) ;
#1351 = FACE_OUTER_BOUND ( 'NONE', #1366, .T. ) ;
#1352 = CARTESIAN_POINT ( 'NONE',  ( 23.57000000000001094, 0.000000000000000000, 86.42999999999999261 ) ) ;
#1353 = CARTESIAN_POINT ( 'NONE',  ( -39.99999999999998579, 10.00000000000000000, 51.60000000000000142 ) ) ;
#1354 = EDGE_LOOP ( 'NONE', ( #183, #1271, #1738, #113 ) ) ;
#1355 = ORIENTED_EDGE ( 'NONE', *, *, #1288, .F. ) ;
#1356 = VECTOR ( 'NONE', #716, 1000.000000000000000 ) ;
#1357 = LINE ( 'NONE', #471, #1028 ) ;
#1358 = FACE_OUTER_BOUND ( 'NONE', #627, .T. ) ;
#1359 = ADVANCED_FACE ( 'NONE', ( #1202 ), #1037, .F. ) ;
#1360 = ORIENTED_EDGE ( 'NONE', *, *, #58, .T. ) ;
#1361 = APPLICATION_PROTOCOL_DEFINITION ( 'draft international standard', 'automotive_design', 1998, #1067 ) ;
#1362 = CYLINDRICAL_SURFACE ( 'NONE', #1312, 10.00000000000000178 ) ;
#1363 = CARTESIAN_POINT ( 'NONE',  ( 40.00000000000002132, 0.000000000000000000, 73.19999999999998863 ) ) ;
#1364 = DIRECTION ( 'NONE',  ( 0.000000000000000000, 1.000000000000000000, 0.000000000000000000 ) ) ;
#1365 = CARTESIAN_POINT ( 'NONE',  ( -39.99999999999998579, 0.000000000000000000, -51.60000000000000142 ) ) ;
#1366 = EDGE_LOOP ( 'NONE', ( #695, #599, #611, #444 ) ) ;
#1367 = VERTEX_POINT ( 'NONE', #1605 ) ;
#1368 = DIRECTION ( 'NONE',  ( 0.000000000000000000, 1.000000000000000000, 0.000000000000000000 ) ) ;
#1369 = LINE ( 'NONE', #1087, #690 ) ;
#1370 = LINE ( 'NONE', #1247, #299 ) ;
#1371 = CIRCLE ( 'NONE', #1847, 2.599999999999991207 ) ;
#1372 = ORIENTED_EDGE ( 'NONE', *, *, #1441, .F. ) ;
#1373 = VECTOR ( 'NONE', #1683, 1000.000000000000000 ) ;
#1374 = DIRECTION ( 'NONE',  ( 0.000000000000000000, -0.000000000000000000, 1.000000000000000000 ) ) ;
#1375 = PRODUCT_RELATED_PRODUCT_CATEGORY ( 'part', '', ( #13 ) ) ;
#1376 = CARTESIAN_POINT ( 'NONE',  ( -9.999999999999991118, 0.000000000000000000, 73.20000000000001705 ) ) ;
#1377 = FACE_BOUND ( 'NONE', #1029, .T. ) ;
#1378 = EDGE_LOOP ( 'NONE', ( #500, #518 ) ) ;
#1379 = LINE ( 'NONE', #1836, #374 ) ;
#1380 = DIRECTION ( 'NONE',  ( 0.000000000000000000, -1.000000000000000000, 0.000000000000000000 ) ) ;
#1381 = ORIENTED_EDGE ( 'NONE', *, *, #1064, .F. ) ;
#1382 = DIRECTION ( 'NONE',  ( 0.000000000000000000, 1.000000000000000000, 0.000000000000000000 ) ) ;
#1383 = CARTESIAN_POINT ( 'NONE',  ( -30.00000000000000000, 10.00000000000000000, 10.00000000000000178 ) ) ;
#1384 = ADVANCED_FACE ( 'NONE', ( #1351 ), #1769, .F. ) ;
#1385 = ORIENTED_EDGE ( 'NONE', *, *, #1276, .F. ) ;
#1386 = ORIENTED_EDGE ( 'NONE', *, *, #1822, .T. ) ;
#1387 = DIRECTION ( 'NONE',  ( 0.000000000000000000, 0.000000000000000000, 1.000000000000000000 ) ) ;
#1388 = AXIS2_PLACEMENT_3D ( 'NONE', #1583, #305, #875 ) ;
#1389 = AXIS2_PLACEMENT_3D ( 'NONE', #1572, #445, #1695 ) ;
#1390 = ORIENTED_EDGE ( 'NONE', *, *, #1733, .T. ) ;
#1391 = DIRECTION ( 'NONE',  ( 0.000000000000000000, 0.000000000000000000, 1.000000000000000000 ) ) ;
#1392 = FACE_OUTER_BOUND ( 'NONE', #1519, .T. ) ;
#1393 = ORIENTED_EDGE ( 'NONE', *, *, #842, .F. ) ;
#1394 = FACE_OUTER_BOUND ( 'NONE', #637, .T. ) ;
#1395 = DIRECTION ( 'NONE',  ( 0.000000000000000000, 1.000000000000000000, 0.000000000000000000 ) ) ;
#1396 = EDGE_CURVE ( 'NONE', #1322, #1571, #1467, .T. ) ;
#1397 = EDGE_CURVE ( 'NONE', #1411, #1435, #193, .T. ) ;
#1398 = CIRCLE ( 'NONE', #591, 1.599999999999997202 ) ;
#1399 = AXIS2_PLACEMENT_3D ( 'NONE', #189, #1180, #1194 ) ;
#1400 = ORIENTED_EDGE ( 'NONE', *, *, #1154, .T. ) ;
#1401 = VECTOR ( 'NONE', #187, 1000.000000000000000 ) ;
#1402 = FACE_BOUND ( 'NONE', #1810, .T. ) ;
#1403 = DIRECTION ( 'NONE',  ( 0.000000000000000000, 1.000000000000000000, 0.000000000000000000 ) ) ;
#1404 = AXIS2_PLACEMENT_3D ( 'NONE', #1440, #163, #731 ) ;
#1405 = VERTEX_POINT ( 'NONE', #1326 ) ;
#1406 = DIRECTION ( 'NONE',  ( 5.782411586589356160E-17, 0.000000000000000000, 1.000000000000000000 ) ) ;
#1407 = CARTESIAN_POINT ( 'NONE',  ( 30.00000000000000000, 0.000000000000000000, 10.00000000000000178 ) ) ;
#1408 = EDGE_CURVE ( 'NONE', #1791, #368, #1593, .T. ) ;
#1409 = ORIENTED_EDGE ( 'NONE', *, *, #156, .T. ) ;
#1410 = CARTESIAN_POINT ( 'NONE',  ( 30.00000000000000000, 10.00000000000000000, 10.00000000000000178 ) ) ;
#1411 = VERTEX_POINT ( 'NONE', #498 ) ;
#1412 = DIRECTION ( 'NONE',  ( 0.000000000000000000, 0.000000000000000000, 1.000000000000000000 ) ) ;
#1413 = ORIENTED_EDGE ( 'NONE', *, *, #989, .T. ) ;
#1414 = CARTESIAN_POINT ( 'NONE',  ( -19.99999999999998579, 10.00000000000000000, 130.0000000000000000 ) ) ;
#1415 = CIRCLE ( 'NONE', #225, 10.00000000000000888 ) ;
#1416 = VERTEX_POINT ( 'NONE', #644 ) ;
#1417 = VECTOR ( 'NONE', #1018, 1000.000000000000000 ) ;
#1418 = EDGE_CURVE ( 'NONE', #442, #703, #1301, .T. ) ;
#1419 = DIRECTION ( 'NONE',  ( 0.000000000000000000, 1.000000000000000000, 0.000000000000000000 ) ) ;
#1420 = ORIENTED_EDGE ( 'NONE', *, *, #1550, .T. ) ;
#1421 = CARTESIAN_POINT ( 'NONE',  ( -40.00000000000000711, 0.000000000000000000, 73.19999999999998863 ) ) ;
#1422 = ORIENTED_EDGE ( 'NONE', *, *, #1733, .F. ) ;
#1423 = CARTESIAN_POINT ( 'NONE',  ( 40.00000000000001421, 0.000000000000000000, -50.00000000000000000 ) ) ;
#1424 = ORIENTED_EDGE ( 'NONE', *, *, #95, .F. ) ;
#1425 = VERTEX_POINT ( 'NONE', #1103 ) ;
#1426 = FACE_OUTER_BOUND ( 'NONE', #201, .T. ) ;
#1427 = CIRCLE ( 'NONE', #1672, 10.00000000000000888 ) ;
#1428 = CARTESIAN_POINT ( 'NONE',  ( 1.592040838891559450E-14, 0.000000000000000000, 90.00000000000000000 ) ) ;
#1429 = AXIS2_PLACEMENT_3D ( 'NONE', #956, #1111, #683 ) ;
#1430 = EDGE_CURVE ( 'NONE', #720, #88, #912, .T. ) ;
#1431 = ORIENTED_EDGE ( 'NONE', *, *, #1600, .F. ) ;
#1432 = CARTESIAN_POINT ( 'NONE',  ( -23.56999999999998963, 0.000000000000000000, 136.1699999999999875 ) ) ;
#1433 = VECTOR ( 'NONE', #563, 1000.000000000000000 ) ;
#1434 = EDGE_LOOP ( 'NONE', ( #899, #1664, #736, #1745 ) ) ;
#1435 = VERTEX_POINT ( 'NONE', #1686 ) ;
#1436 = DIRECTION ( 'NONE',  ( 0.000000000000000000, 1.000000000000000000, 0.000000000000000000 ) ) ;
#1437 = CARTESIAN_POINT ( 'NONE',  ( -30.00000000000000000, 0.000000000000000000, -9.999999999999998224 ) ) ;
#1438 = VERTEX_POINT ( 'NONE', #536 ) ;
#1439 = CARTESIAN_POINT ( 'NONE',  ( 40.00000000000001421, 0.000000000000000000, -60.00000000000000000 ) ) ;
#1440 = CARTESIAN_POINT ( 'NONE',  ( 10.00000000000000888, 10.00000000000000000, 69.99999999999998579 ) ) ;
#1441 = EDGE_CURVE ( 'NONE', #720, #1739, #254, .T. ) ;
#1442 = VERTEX_POINT ( 'NONE', #1232 ) ;
#1443 = AXIS2_PLACEMENT_3D ( 'NONE', #1608, #911, #918 ) ;
#1444 = VERTEX_POINT ( 'NONE', #399 ) ;
#1445 = PLANE ( 'NONE',  #1073 ) ;
#1446 = AXIS2_PLACEMENT_3D ( 'NONE', #926, #785, #478 ) ;
#1447 = DIRECTION ( 'NONE',  ( -0.000000000000000000, 1.000000000000000000, -0.000000000000000000 ) ) ;
#1448 = EDGE_LOOP ( 'NONE', ( #102, #1772 ) ) ;
#1449 = LINE ( 'NONE', #565, #1504 ) ;
#1450 = DIRECTION ( 'NONE',  ( 0.000000000000000000, 0.000000000000000000, 1.000000000000000000 ) ) ;
#1451 = EDGE_CURVE ( 'NONE', #843, #831, #365, .T. ) ;
#1452 = EDGE_CURVE ( 'NONE', #1215, #1618, #826, .T. ) ;
#1453 = VERTEX_POINT ( 'NONE', #836 ) ;
#1454 = ORIENTED_EDGE ( 'NONE', *, *, #1611, .F. ) ;
#1455 = CARTESIAN_POINT ( 'NONE',  ( 0.000000000000000000, 0.000000000000000000, 0.000000000000000000 ) ) ;
#1456 = VERTEX_POINT ( 'NONE', #653 ) ;
#1457 = DIRECTION ( 'NONE',  ( 0.000000000000000000, 1.000000000000000000, 0.000000000000000000 ) ) ;
#1458 = DIRECTION ( 'NONE',  ( 0.000000000000000000, 0.000000000000000000, 1.000000000000000000 ) ) ;
#1459 = AXIS2_PLACEMENT_3D ( 'NONE', #161, #756, #890 ) ;
#1460 = CIRCLE ( 'NONE', #297, 1.599999999999997202 ) ;
#1461 = VECTOR ( 'NONE', #1093, 1000.000000000000000 ) ;
#1462 = ORIENTED_EDGE ( 'NONE', *, *, #1064, .T. ) ;
#1463 = EDGE_CURVE ( 'NONE', #1322, #1155, #1799, .T. ) ;
#1464 = ORIENTED_EDGE ( 'NONE', *, *, #288, .T. ) ;
#1465 = CARTESIAN_POINT ( 'NONE',  ( -29.99999999999999289, 10.00000000000000000, 80.00000000000000000 ) ) ;
#1466 = ORIENTED_EDGE ( 'NONE', *, *, #1472, .T. ) ;
#1467 = LINE ( 'NONE', #344, #1002 ) ;
#1468 = DIRECTION ( 'NONE',  ( -0.000000000000000000, 1.000000000000000000, -0.000000000000000000 ) ) ;
#1469 = CARTESIAN_POINT ( 'NONE',  ( 50.00000000000001421, 0.000000000000000000, -60.00000000000000000 ) ) ;
#1470 = ORIENTED_EDGE ( 'NONE', *, *, #431, .F. ) ;
#1471 = LINE ( 'NONE', #1613, #263 ) ;
#1472 = EDGE_CURVE ( 'NONE', #1314, #669, #732, .T. ) ;
#1473 = CARTESIAN_POINT ( 'NONE',  ( 40.00000000000002132, 0.000000000000000000, 66.79999999999999716 ) ) ;
#1474 = EDGE_CURVE ( 'NONE', #772, #1562, #315, .T. ) ;
#1475 = LINE ( 'NONE', #198, #167 ) ;
#1476 = CIRCLE ( 'NONE', #972, 1.599999999999997202 ) ;
#1477 = DIRECTION ( 'NONE',  ( -0.000000000000000000, -1.000000000000000000, -0.000000000000000000 ) ) ;
#1478 = DIRECTION ( 'NONE',  ( 0.000000000000000000, 0.000000000000000000, 1.000000000000000000 ) ) ;
#1479 = CARTESIAN_POINT ( 'NONE',  ( 40.00000000000002132, 10.00000000000000000, 73.19999999999998863 ) ) ;
#1480 = VERTEX_POINT ( 'NONE', #526 ) ;
#1481 = FACE_OUTER_BOUND ( 'NONE', #349, .T. ) ;
#1482 = CARTESIAN_POINT ( 'NONE',  ( 23.57000000000001094, 10.00000000000000000, 133.5699999999999932 ) ) ;
#1483 = CARTESIAN_POINT ( 'NONE',  ( 50.00000000000001421, 10.00000000000000000, -60.00000000000000000 ) ) ;
#1484 = FACE_BOUND ( 'NONE', #1010, .T. ) ;
#1485 = EDGE_CURVE ( 'NONE', #1642, #688, #1476, .T. ) ;
#1486 = CARTESIAN_POINT ( 'NONE',  ( 30.00000000000000000, 0.000000000000000000, -8.400000000000000355 ) ) ;
#1487 = ORIENTED_EDGE ( 'NONE', *, *, #245, .F. ) ;
#1488 = CARTESIAN_POINT ( 'NONE',  ( 40.00000000000001421, 10.00000000000000000, -60.00000000000000000 ) ) ;
#1489 =( GEOMETRIC_REPRESENTATION_CONTEXT ( 3 ) GLOBAL_UNCERTAINTY_ASSIGNED_CONTEXT ( ( #314 ) ) GLOBAL_UNIT_ASSIGNED_CONTEXT ( ( #1222, #1759, #633 ) ) REPRESENTATION_CONTEXT ( 'NONE', 'WORKASPACE' ) );
#1490 = CIRCLE ( 'NONE', #924, 1.599999999999997202 ) ;
#1491 = EDGE_LOOP ( 'NONE', ( #1785, #997, #1724, #697 ) ) ;
#1492 = LINE ( 'NONE', #42, #348 ) ;
#1493 = DIRECTION ( 'NONE',  ( 0.000000000000000000, 0.000000000000000000, 1.000000000000000000 ) ) ;
#1494 = PLANE ( 'NONE',  #944 ) ;
#1495 = CARTESIAN_POINT ( 'NONE',  ( 1.347111479062088523E-14, 0.000000000000000000, 130.0000000000000000 ) ) ;
#1496 = DIRECTION ( 'NONE',  ( -0.000000000000000000, 1.000000000000000000, -0.000000000000000000 ) ) ;
#1497 = EDGE_LOOP ( 'NONE', ( #1722, #1424 ) ) ;
#1498 = VERTEX_POINT ( 'NONE', #1376 ) ;
#1499 = CARTESIAN_POINT ( 'NONE',  ( 40.00000000000004263, 0.000000000000000000, 70.00000000000000000 ) ) ;
#1500 = EDGE_CURVE ( 'NONE', #1511, #1537, #947, .T. ) ;
#1501 = ORIENTED_EDGE ( 'NONE', *, *, #744, .T. ) ;
#1502 = PRESENTATION_STYLE_ASSIGNMENT (( #1798 ) ) ;
#1503 = DIRECTION ( 'NONE',  ( 0.000000000000000000, 0.000000000000000000, 1.000000000000000000 ) ) ;
#1504 = VECTOR ( 'NONE', #1142, 1000.000000000000000 ) ;
#1505 = DIRECTION ( 'NONE',  ( -0.000000000000000000, 1.000000000000000000, -0.000000000000000000 ) ) ;
#1506 = VERTEX_POINT ( 'NONE', #1251 ) ;
#1507 = ORIENTED_EDGE ( 'NONE', *, *, #304, .F. ) ;
#1508 = CARTESIAN_POINT ( 'NONE',  ( -39.99999999999998579, 10.00000000000000000, -48.40000000000000568 ) ) ;
#1509 = DIRECTION ( 'NONE',  ( 0.000000000000000000, 0.000000000000000000, 1.000000000000000000 ) ) ;
#1510 = EDGE_CURVE ( 'NONE', #803, #650, #807, .T. ) ;
#1511 = VERTEX_POINT ( 'NONE', #1817 ) ;
#1512 = DIRECTION ( 'NONE',  ( -0.000000000000000000, 1.000000000000000000, -0.000000000000000000 ) ) ;
#1513 = CARTESIAN_POINT ( 'NONE',  ( 1.347111479062088523E-14, 0.000000000000000000, 130.0000000000000000 ) ) ;
#1514 = FACE_BOUND ( 'NONE', #490, .T. ) ;
#1515 = ORIENTED_EDGE ( 'NONE', *, *, #872, .F. ) ;
#1516 = CARTESIAN_POINT ( 'NONE',  ( -9.999999999999992895, 10.00000000000000000, 73.20000000000001705 ) ) ;
#1517 = FACE_OUTER_BOUND ( 'NONE', #15, .T. ) ;
#1518 = CIRCLE ( 'NONE', #1041, 1.599999999999997202 ) ;
#1519 = EDGE_LOOP ( 'NONE', ( #1293, #945, #296, #764 ) ) ;
#1520 = PRODUCT_CONTEXT ( 'NONE', #1067, 'mechanical' ) ;
#1521 = AXIS2_PLACEMENT_3D ( 'NONE', #636, #357, #1224 ) ;
#1522 = EDGE_CURVE ( 'NONE', #669, #1314, #610, .T. ) ;
#1523 = DIRECTION ( 'NONE',  ( 0.000000000000000000, 0.000000000000000000, 1.000000000000000000 ) ) ;
#1524 = VERTEX_POINT ( 'NONE', #1113 ) ;
#1525 = DIRECTION ( 'NONE',  ( 0.000000000000000000, 0.000000000000000000, 1.000000000000000000 ) ) ;
#1526 = ORIENTED_EDGE ( 'NONE', *, *, #302, .T. ) ;
#1527 = LINE ( 'NONE', #1205, #660 ) ;
#1528 = CYLINDRICAL_SURFACE ( 'NONE', #852, 1.599999999999997202 ) ;
#1529 = DIRECTION ( 'NONE',  ( -0.000000000000000000, 1.000000000000000000, -0.000000000000000000 ) ) ;
#1530 = EDGE_LOOP ( 'NONE', ( #317, #457, #1261, #1390 ) ) ;
#1531 = EDGE_CURVE ( 'NONE', #1577, #674, #974, .T. ) ;
#1532 = DIRECTION ( 'NONE',  ( 0.000000000000000000, 1.000000000000000000, 0.000000000000000000 ) ) ;
#1533 = ORIENTED_EDGE ( 'NONE', *, *, #1254, .T. ) ;
#1534 = EDGE_CURVE ( 'NONE', #1602, #1131, #935, .T. ) ;
#1535 = CARTESIAN_POINT ( 'NONE',  ( 23.57000000000001094, 0.000000000000000000, 130.9699999999999989 ) ) ;
#1536 = ADVANCED_FACE ( 'NONE', ( #1392 ), #685, .F. ) ;
#1537 = VERTEX_POINT ( 'NONE', #261 ) ;
#1538 = CARTESIAN_POINT ( 'NONE',  ( -9.999999999999991118, 0.000000000000000000, 69.99999999999998579 ) ) ;
#1539 = CYLINDRICAL_SURFACE ( 'NONE', #118, 1.599999999999997202 ) ;
#1540 = AXIS2_PLACEMENT_3D ( 'NONE', #231, #98, #1804 ) ;
#1541 = AXIS2_PLACEMENT_3D ( 'NONE', #1068, #1185, #1223 ) ;
#1542 = CARTESIAN_POINT ( 'NONE',  ( 10.00000000000000888, 0.000000000000000000, 66.79999999999998295 ) ) ;
#1543 = ORIENTED_EDGE ( 'NONE', *, *, #302, .F. ) ;
#1544 = DIRECTION ( 'NONE',  ( 0.000000000000000000, 1.000000000000000000, 0.000000000000000000 ) ) ;
#1545 = EDGE_LOOP ( 'NONE', ( #1526, #166 ) ) ;
#1546 = DIRECTION ( 'NONE',  ( 0.000000000000000000, 0.000000000000000000, 1.000000000000000000 ) ) ;
#1547 = VERTEX_POINT ( 'NONE', #1644 ) ;
#1548 = LINE ( 'NONE', #1432, #439 ) ;
#1549 = DIRECTION ( 'NONE',  ( -0.000000000000000000, 1.000000000000000000, -0.000000000000000000 ) ) ;
#1550 = EDGE_CURVE ( 'NONE', #1712, #1137, #1186, .T. ) ;
#1551 = EDGE_LOOP ( 'NONE', ( #1731, #1701, #735, #1684 ) ) ;
#1552 = CIRCLE ( 'NONE', #741, 1.599999999999997202 ) ;
#1553 = FACE_BOUND ( 'NONE', #404, .T. ) ;
#1554 = VERTEX_POINT ( 'NONE', #1166 ) ;
#1555 = AXIS2_PLACEMENT_3D ( 'NONE', #1763, #1094, #626 ) ;
#1556 = DIRECTION ( 'NONE',  ( 0.000000000000000000, 0.000000000000000000, 1.000000000000000000 ) ) ;
#1557 = CIRCLE ( 'NONE', #1260, 1.599999999999997202 ) ;
#1558 = EDGE_LOOP ( 'NONE', ( #1487, #1815, #132, #126 ) ) ;
#1559 = DIRECTION ( 'NONE',  ( 0.000000000000000000, 0.000000000000000000, -1.000000000000000000 ) ) ;
#1560 = DIRECTION ( 'NONE',  ( 0.000000000000000000, 0.000000000000000000, 1.000000000000000000 ) ) ;
#1561 = EDGE_CURVE ( 'NONE', #489, #1438, #1624, .T. ) ;
#1562 = VERTEX_POINT ( 'NONE', #1132 ) ;
#1563 = DIRECTION ( 'NONE',  ( 0.000000000000000000, 0.000000000000000000, 1.000000000000000000 ) ) ;
#1564 = CYLINDRICAL_SURFACE ( 'NONE', #705, 10.00000000000000178 ) ;
#1565 = ORIENTED_EDGE ( 'NONE', *, *, #744, .F. ) ;
#1566 = FACE_OUTER_BOUND ( 'NONE', #897, .T. ) ;
#1567 = CIRCLE ( 'NONE', #1058, 1.599999999999997202 ) ;
#1568 = ORIENTED_EDGE ( 'NONE', *, *, #965, .F. ) ;
#1569 = VECTOR ( 'NONE', #235, 1000.000000000000000 ) ;
#1570 = EDGE_CURVE ( 'NONE', #959, #400, #721, .T. ) ;
#1571 = VERTEX_POINT ( 'NONE', #1732 ) ;
#1572 = CARTESIAN_POINT ( 'NONE',  ( 30.00000000000000000, 0.000000000000000000, -9.999999999999998224 ) ) ;
#1573 = AXIS2_PLACEMENT_3D ( 'NONE', #801, #401, #667 ) ;
#1574 = ORIENTED_EDGE ( 'NONE', *, *, #1188, .F. ) ;
#1575 = DIRECTION ( 'NONE',  ( 0.000000000000000000, 1.000000000000000000, 0.000000000000000000 ) ) ;
#1576 = DIRECTION ( 'NONE',  ( 0.000000000000000000, 0.000000000000000000, 1.000000000000000000 ) ) ;
#1577 = VERTEX_POINT ( 'NONE', #1723 ) ;
#1578 = VERTEX_POINT ( 'NONE', #1148 ) ;
#1579 = CARTESIAN_POINT ( 'NONE',  ( -30.00000000000000000, 0.000000000000000000, 10.00000000000000178 ) ) ;
#1580 = CIRCLE ( 'NONE', #687, 2.599999999999991207 ) ;
#1581 = ADVANCED_FACE ( 'NONE', ( #862 ), #846, .F. ) ;
#1582 = CARTESIAN_POINT ( 'NONE',  ( -40.00000000000000711, 10.00000000000000000, 73.19999999999998863 ) ) ;
#1583 = CARTESIAN_POINT ( 'NONE',  ( -30.00000000000000000, 10.00000000000000000, -9.999999999999998224 ) ) ;
#1584 = DIRECTION ( 'NONE',  ( 0.000000000000000000, 0.000000000000000000, 1.000000000000000000 ) ) ;
#1585 = EDGE_LOOP ( 'NONE', ( #519, #395 ) ) ;
#1586 = ORIENTED_EDGE ( 'NONE', *, *, #255, .T. ) ;
#1587 = DIRECTION ( 'NONE',  ( 0.000000000000000000, 1.000000000000000000, 0.000000000000000000 ) ) ;
#1588 = LINE ( 'NONE', #881, #1256 ) ;
#1589 = DIRECTION ( 'NONE',  ( 0.000000000000000000, -1.000000000000000000, 0.000000000000000000 ) ) ;
#1590 = DIRECTION ( 'NONE',  ( 0.000000000000000000, 0.000000000000000000, 1.000000000000000000 ) ) ;
#1591 = ADVANCED_FACE ( 'NONE', ( #1426 ), #1564, .T. ) ;
#1592 = ORIENTED_EDGE ( 'NONE', *, *, #1842, .T. ) ;
#1593 = CIRCLE ( 'NONE', #70, 2.600000000000004974 ) ;
#1594 = ORIENTED_EDGE ( 'NONE', *, *, #383, .T. ) ;
#1595 = CARTESIAN_POINT ( 'NONE',  ( 2.143131898507868643E-15, 10.00000000000000000, -17.50000000000000355 ) ) ;
#1596 = CYLINDRICAL_SURFACE ( 'NONE', #919, 1.599999999999997202 ) ;
#1597 = EDGE_LOOP ( 'NONE', ( #910, #1431, #1648, #115 ) ) ;
#1598 = CARTESIAN_POINT ( 'NONE',  ( -40.00000000000000711, 0.000000000000000000, 66.79999999999999716 ) ) ;
#1599 = CARTESIAN_POINT ( 'NONE',  ( 1.592040838891559450E-14, 10.00000000000000000, 89.99999999999998579 ) ) ;
#1600 = EDGE_CURVE ( 'NONE', #1456, #831, #982, .T. ) ;
#1601 = ORIENTED_EDGE ( 'NONE', *, *, #804, .F. ) ;
#1602 = VERTEX_POINT ( 'NONE', #151 ) ;
#1603 =( LENGTH_UNIT ( ) NAMED_UNIT ( * ) SI_UNIT ( .MILLI., .METRE. ) );
#1604 = CARTESIAN_POINT ( 'NONE',  ( 40.00000000000002132, 0.000000000000000000, 70.00000000000000000 ) ) ;
#1605 = CARTESIAN_POINT ( 'NONE',  ( 30.00000000000000000, 10.00000000000000000, 8.400000000000003908 ) ) ;
#1606 = FACE_OUTER_BOUND ( 'NONE', #1007, .T. ) ;
#1607 = CIRCLE ( 'NONE', #893, 1.599999999999997202 ) ;
#1608 = CARTESIAN_POINT ( 'NONE',  ( 40.00000000000001421, 0.000000000000000000, -50.00000000000000000 ) ) ;
#1609 = AXIS2_PLACEMENT_3D ( 'NONE', #661, #1347, #521 ) ;
#1610 = ADVANCED_FACE ( 'NONE', ( #1282 ), #993, .F. ) ;
#1611 = EDGE_CURVE ( 'NONE', #1506, #794, #452, .T. ) ;
#1612 = ORIENTED_EDGE ( 'NONE', *, *, #1254, .F. ) ;
#1613 = CARTESIAN_POINT ( 'NONE',  ( 23.57000000000001094, 0.000000000000000000, 89.03000000000000114 ) ) ;
#1614 = CARTESIAN_POINT ( 'NONE',  ( -39.99999999999998579, 0.000000000000000000, 51.60000000000000142 ) ) ;
#1615 = CARTESIAN_POINT ( 'NONE',  ( -50.00000000000000711, 10.00000000000000000, -60.00000000000000000 ) ) ;
#1616 = CARTESIAN_POINT ( 'NONE',  ( -40.00000000000000711, 10.00000000000000000, 66.79999999999999716 ) ) ;
#1617 = CARTESIAN_POINT ( 'NONE',  ( -30.00000000000000000, 0.000000000000000000, -11.59999999999999609 ) ) ;
#1618 = VERTEX_POINT ( 'NONE', #290 ) ;
#1619 = PLANE ( 'NONE',  #385 ) ;
#1620 = EDGE_CURVE ( 'NONE', #1498, #1506, #1727, .T. ) ;
#1621 = CIRCLE ( 'NONE', #883, 9.999999999999994671 ) ;
#1622 = DIRECTION ( 'NONE',  ( 0.000000000000000000, 0.000000000000000000, 1.000000000000000000 ) ) ;
#1623 = CYLINDRICAL_SURFACE ( 'NONE', #285, 2.600000000000004974 ) ;
#1624 = CIRCLE ( 'NONE', #1389, 1.599999999999997202 ) ;
#1625 = FACE_BOUND ( 'NONE', #141, .T. ) ;
#1626 = DIRECTION ( 'NONE',  ( 0.000000000000000000, 0.000000000000000000, 1.000000000000000000 ) ) ;
#1627 = ORIENTED_EDGE ( 'NONE', *, *, #817, .T. ) ;
#1628 = CYLINDRICAL_SURFACE ( 'NONE', #1443, 1.599999999999997202 ) ;
#1629 = ORIENTED_EDGE ( 'NONE', *, *, #782, .T. ) ;
#1630 = CARTESIAN_POINT ( 'NONE',  ( -30.00000000000000000, 0.000000000000000000, 11.59999999999999964 ) ) ;
#1631 = DIRECTION ( 'NONE',  ( 0.000000000000000000, -1.000000000000000000, 0.000000000000000000 ) ) ;
#1632 = ADVANCED_FACE ( 'NONE', ( #7 ), #1445, .F. ) ;
#1633 = FACE_OUTER_BOUND ( 'NONE', #553, .T. ) ;
#1634 = VECTOR ( 'NONE', #1063, 1000.000000000000000 ) ;
#1635 = AXIS2_PLACEMENT_3D ( 'NONE', #1162, #1726, #1584 ) ;
#1636 = DIRECTION ( 'NONE',  ( 0.000000000000000000, 0.000000000000000000, 1.000000000000000000 ) ) ;
#1637 = ORIENTED_EDGE ( 'NONE', *, *, #453, .F. ) ;
#1638 = ORIENTED_EDGE ( 'NONE', *, *, #130, .F. ) ;
#1639 = DIRECTION ( 'NONE',  ( 0.000000000000000000, 0.000000000000000000, 1.000000000000000000 ) ) ;
#1640 = CIRCLE ( 'NONE', #1521, 10.00000000000000178 ) ;
#1641 = CIRCLE ( 'NONE', #351, 17.50000000000000355 ) ;
#1642 = VERTEX_POINT ( 'NONE', #1291 ) ;
#1643 = LINE ( 'NONE', #363, #26 ) ;
#1644 = CARTESIAN_POINT ( 'NONE',  ( -39.99999999999998579, 10.00000000000000000, 48.40000000000000568 ) ) ;
#1645 = DIRECTION ( 'NONE',  ( -1.734723475976805517E-15, 0.000000000000000000, 1.000000000000000000 ) ) ;
#1646 = FACE_OUTER_BOUND ( 'NONE', #709, .T. ) ;
#1647 = ORIENTED_EDGE ( 'NONE', *, *, #213, .F. ) ;
#1648 = ORIENTED_EDGE ( 'NONE', *, *, #768, .F. ) ;
#1649 = DIRECTION ( 'NONE',  ( -0.000000000000000000, 1.000000000000000000, -0.000000000000000000 ) ) ;
#1650 = EDGE_CURVE ( 'NONE', #794, #1252, #1280, .T. ) ;
#1651 = ORIENTED_EDGE ( 'NONE', *, *, #1061, .T. ) ;
#1652 = DIRECTION ( 'NONE',  ( 0.000000000000000000, 1.000000000000000000, 0.000000000000000000 ) ) ;
#1653 = DIRECTION ( 'NONE',  ( 0.000000000000000000, 1.000000000000000000, 0.000000000000000000 ) ) ;
#1654 = CARTESIAN_POINT ( 'NONE',  ( -30.00000000000000000, 0.000000000000000000, -9.999999999999998224 ) ) ;
#1655 = CIRCLE ( 'NONE', #284, 1.599999999999997202 ) ;
#1656 = DIRECTION ( 'NONE',  ( -0.000000000000000000, 1.000000000000000000, -0.000000000000000000 ) ) ;
#1657 = EDGE_LOOP ( 'NONE', ( #1290, #1668 ) ) ;
#1658 = ORIENTED_EDGE ( 'NONE', *, *, #1098, .F. ) ;
#1659 = AXIS2_PLACEMENT_3D ( 'NONE', #1579, #587, #1556 ) ;
#1660 = LINE ( 'NONE', #549, #760 ) ;
#1661 = CARTESIAN_POINT ( 'NONE',  ( 10.00000000000000888, 0.000000000000000000, 69.99999999999998579 ) ) ;
#1662 = EDGE_CURVE ( 'NONE', #1034, #21, #473, .T. ) ;
#1663 = VECTOR ( 'NONE', #1262, 1000.000000000000000 ) ;
#1664 = ORIENTED_EDGE ( 'NONE', *, *, #34, .T. ) ;
#1665 = DIRECTION ( 'NONE',  ( 0.000000000000000000, 0.000000000000000000, 1.000000000000000000 ) ) ;
#1666 = DIRECTION ( 'NONE',  ( 0.000000000000000000, 0.000000000000000000, 1.000000000000000000 ) ) ;
#1667 = FACE_BOUND ( 'NONE', #1378, .T. ) ;
#1668 = ORIENTED_EDGE ( 'NONE', *, *, #640, .F. ) ;
#1669 = VERTEX_POINT ( 'NONE', #728 ) ;
#1670 = FACE_OUTER_BOUND ( 'NONE', #1354, .T. ) ;
#1671 = CARTESIAN_POINT ( 'NONE',  ( -40.00000000000000711, 0.000000000000000000, 66.79999999999999716 ) ) ;
#1672 = AXIS2_PLACEMENT_3D ( 'NONE', #243, #1250, #844 ) ;
#1673 = CIRCLE ( 'NONE', #1555, 1.599999999999997202 ) ;
#1674 = EDGE_CURVE ( 'NONE', #282, #1669, #1001, .T. ) ;
#1675 = EDGE_LOOP ( 'NONE', ( #280, #59, #1299, #878 ) ) ;
#1676 = AXIS2_PLACEMENT_3D ( 'NONE', #1239, #1532, #1665 ) ;
#1677 = EDGE_CURVE ( 'NONE', #1547, #369, #649, .T. ) ;
#1678 = LINE ( 'NONE', #415, #1199 ) ;
#1679 = EDGE_LOOP ( 'NONE', ( #535, #1470, #1802, #359 ) ) ;
#1680 = CARTESIAN_POINT ( 'NONE',  ( -50.00000000000000711, 0.000000000000000000, -60.00000000000000000 ) ) ;
#1681 = ORIENTED_EDGE ( 'NONE', *, *, #873, .T. ) ;
#1682 = CYLINDRICAL_SURFACE ( 'NONE', #224, 1.599999999999997202 ) ;
#1683 = DIRECTION ( 'NONE',  ( -1.000000000000000000, -0.000000000000000000, -0.000000000000000000 ) ) ;
#1684 = ORIENTED_EDGE ( 'NONE', *, *, #851, .T. ) ;
#1685 = CARTESIAN_POINT ( 'NONE',  ( 40.00000000000002132, 10.00000000000000000, 70.00000000000000000 ) ) ;
#1686 = CARTESIAN_POINT ( 'NONE',  ( -23.56999999999998963, 0.000000000000000000, 89.03000000000000114 ) ) ;
#1687 = ADVANCED_FACE ( 'NONE', ( #1841 ), #561, .F. ) ;
#1688 = EDGE_LOOP ( 'NONE', ( #726, #1225, #753, #1268 ) ) ;
#1689 = CARTESIAN_POINT ( 'NONE',  ( -39.99999999999998579, 0.000000000000000000, 48.40000000000000568 ) ) ;
#1690 = CARTESIAN_POINT ( 'NONE',  ( 0.000000000000000000, 10.00000000000000000, 0.000000000000000000 ) ) ;
#1691 = AXIS2_PLACEMENT_3D ( 'NONE', #447, #865, #1559 ) ;
#1692 = AXIS2_PLACEMENT_3D ( 'NONE', #1483, #328, #1054 ) ;
#1693 = ORIENTED_EDGE ( 'NONE', *, *, #1042, .T. ) ;
#1694 = CARTESIAN_POINT ( 'NONE',  ( -30.00000000000000000, 10.00000000000000000, 10.00000000000000178 ) ) ;
#1695 = DIRECTION ( 'NONE',  ( 0.000000000000000000, 0.000000000000000000, 1.000000000000000000 ) ) ;
#1696 = EDGE_CURVE ( 'NONE', #1252, #1498, #281, .T. ) ;
#1697 = EDGE_LOOP ( 'NONE', ( #218, #110, #684, #303, #1241, #340, #1052, #1592, #358, #1297, #800, #930, #1629, #223 ) ) ;
#1698 = DIRECTION ( 'NONE',  ( -6.938893903907232322E-16, 0.000000000000000000, 1.000000000000000000 ) ) ;
#1699 = AXIS2_PLACEMENT_3D ( 'NONE', #1300, #1275, #1 ) ;
#1700 = PRODUCT_DEFINITION_FORMATION_WITH_SPECIFIED_SOURCE ( 'ANY', '', #13, .NOT_KNOWN. ) ;
#1701 = ORIENTED_EDGE ( 'NONE', *, *, #1451, .F. ) ;
#1702 = CIRCLE ( 'NONE', #1110, 1.599999999999997202 ) ;
#1703 = DIRECTION ( 'NONE',  ( 0.000000000000000000, 0.000000000000000000, 1.000000000000000000 ) ) ;
#1704 = ORIENTED_EDGE ( 'NONE', *, *, #1696, .F. ) ;
#1705 = AXIS2_PLACEMENT_3D ( 'NONE', #279, #1419, #87 ) ;
#1706 = DIRECTION ( 'NONE',  ( -0.000000000000000000, 1.000000000000000000, -0.000000000000000000 ) ) ;
#1707 = CIRCLE ( 'NONE', #835, 1.599999999999997202 ) ;
#1708 = ORIENTED_EDGE ( 'NONE', *, *, #829, .T. ) ;
#1709 = FACE_OUTER_BOUND ( 'NONE', #1242, .T. ) ;
#1710 = CARTESIAN_POINT ( 'NONE',  ( 40.00000000000004263, 10.00000000000000000, 70.00000000000000000 ) ) ;
#1711 = PRODUCT_DEFINITION ( 'UNKNOWN', '', #1700, #240 ) ;
#1712 = VERTEX_POINT ( 'NONE', #1630 ) ;
#1713 = LINE ( 'NONE', #710, #1795 ) ;
#1714 = ORIENTED_EDGE ( 'NONE', *, *, #1021, .T. ) ;
#1715 = CARTESIAN_POINT ( 'NONE',  ( -40.00000000000000711, 0.000000000000000000, 66.79999999999999716 ) ) ;
#1716 = DIRECTION ( 'NONE',  ( -0.000000000000000000, 1.000000000000000000, -0.000000000000000000 ) ) ;
#1717 = FACE_OUTER_BOUND ( 'NONE', #1145, .T. ) ;
#1718 = FACE_OUTER_BOUND ( 'NONE', #681, .T. ) ;
#1719 = ADVANCED_FACE ( 'NONE', ( #1323 ), #1619, .F. ) ;
#1720 = EDGE_LOOP ( 'NONE', ( #887, #1057, #1372, #18 ) ) ;
#1721 = AXIS2_PLACEMENT_3D ( 'NONE', #125, #696, #1503 ) ;
#1722 = ORIENTED_EDGE ( 'NONE', *, *, #58, .F. ) ;
#1723 = CARTESIAN_POINT ( 'NONE',  ( 23.57000000000001094, 0.000000000000000000, 130.9699999999999989 ) ) ;
#1724 = ORIENTED_EDGE ( 'NONE', *, *, #11, .F. ) ;
#1725 = DIRECTION ( 'NONE',  ( 0.000000000000000000, 0.000000000000000000, 1.000000000000000000 ) ) ;
#1726 = DIRECTION ( 'NONE',  ( -0.000000000000000000, 1.000000000000000000, -0.000000000000000000 ) ) ;
#1727 = CIRCLE ( 'NONE', #502, 3.200000000000022382 ) ;
#1728 = ORIENTED_EDGE ( 'NONE', *, *, #1620, .T. ) ;
#1729 = EDGE_CURVE ( 'NONE', #1712, #1562, #1342, .T. ) ;
#1730 = VECTOR ( 'NONE', #1768, 1000.000000000000000 ) ;
#1731 = ORIENTED_EDGE ( 'NONE', *, *, #1600, .T. ) ;
#1732 = CARTESIAN_POINT ( 'NONE',  ( 50.00000000000004263, 0.000000000000000000, 70.00000000000000000 ) ) ;
#1733 = EDGE_CURVE ( 'NONE', #1000, #1578, #1492, .T. ) ;
#1734 = LINE ( 'NONE', #738, #90 ) ;
#1735 = DIRECTION ( 'NONE',  ( 0.000000000000000000, 0.000000000000000000, 1.000000000000000000 ) ) ;
#1736 = FACE_OUTER_BOUND ( 'NONE', #1279, .T. ) ;
#1737 = CIRCLE ( 'NONE', #1404, 3.200000000000022382 ) ;
#1738 = ORIENTED_EDGE ( 'NONE', *, *, #1620, .F. ) ;
#1739 = VERTEX_POINT ( 'NONE', #632 ) ;
#1740 = CYLINDRICAL_SURFACE ( 'NONE', #837, 17.50000000000000355 ) ;
#1741 = EDGE_LOOP ( 'NONE', ( #287, #1422, #1266, #850 ) ) ;
#1742 = ADVANCED_FACE ( 'NONE', ( #1481 ), #459, .F. ) ;
#1743 = DIRECTION ( 'NONE',  ( 0.000000000000000000, 0.000000000000000000, 1.000000000000000000 ) ) ;
#1744 = FACE_OUTER_BOUND ( 'NONE', #1688, .T. ) ;
#1745 = ORIENTED_EDGE ( 'NONE', *, *, #1177, .T. ) ;
#1746 = CIRCLE ( 'NONE', #998, 10.00000000000000178 ) ;
#1747 = VECTOR ( 'NONE', #572, 1000.000000000000000 ) ;
#1748 = EDGE_LOOP ( 'NONE', ( #780, #818, #1704, #742 ) ) ;
#1749 = DIRECTION ( 'NONE',  ( -1.000000000000000000, 0.000000000000000000, -1.156482317317871232E-16 ) ) ;
#1750 = VERTEX_POINT ( 'NONE', #1595 ) ;
#1751 = CARTESIAN_POINT ( 'NONE',  ( 23.57000000000001094, 0.000000000000000000, 86.42999999999999261 ) ) ;
#1752 = DIRECTION ( 'NONE',  ( 0.000000000000000000, 0.000000000000000000, 1.000000000000000000 ) ) ;
#1753 = ADVANCED_FACE ( 'NONE', ( #185 ), #202, .F. ) ;
#1754 = DIRECTION ( 'NONE',  ( 0.000000000000000000, 0.000000000000000000, 1.000000000000000000 ) ) ;
#1755 = VECTOR ( 'NONE', #855, 1000.000000000000000 ) ;
#1756 = EDGE_LOOP ( 'NONE', ( #994, #147, #1454, #1464 ) ) ;
#1757 = DIRECTION ( 'NONE',  ( 4.625929269271483942E-16, 0.000000000000000000, -1.000000000000000000 ) ) ;
#1758 = AXIS2_PLACEMENT_3D ( 'NONE', #922, #1757, #889 ) ;
#1759 =( NAMED_UNIT ( * ) PLANE_ANGLE_UNIT ( ) SI_UNIT ( $, .RADIAN. ) );
#1760 = LINE ( 'NONE', #36, #1272 ) ;
#1761 = CYLINDRICAL_SURFACE ( 'NONE', #1635, 1.599999999999997202 ) ;
#1762 = CIRCLE ( 'NONE', #1338, 3.199999999999994404 ) ;
#1763 = CARTESIAN_POINT ( 'NONE',  ( 40.00000000000001421, 10.00000000000000000, -50.00000000000000000 ) ) ;
#1764 = DIRECTION ( 'NONE',  ( 0.000000000000000000, 1.000000000000000000, 0.000000000000000000 ) ) ;
#1765 = CIRCLE ( 'NONE', #987, 20.00000000000000355 ) ;
#1766 = ADVANCED_FACE ( 'NONE', ( #765 ), #25, .F. ) ;
#1767 = ORIENTED_EDGE ( 'NONE', *, *, #791, .T. ) ;
#1768 = DIRECTION ( 'NONE',  ( -0.000000000000000000, 1.000000000000000000, -0.000000000000000000 ) ) ;
#1769 = PLANE ( 'NONE',  #1692 ) ;
#1770 = CYLINDRICAL_SURFACE ( 'NONE', #326, 2.599999999999991207 ) ;
#1771 = DIRECTION ( 'NONE',  ( 1.000000000000000000, 0.000000000000000000, -5.782411586589356160E-17 ) ) ;
#1772 = ORIENTED_EDGE ( 'NONE', *, *, #453, .T. ) ;
#1773 = CARTESIAN_POINT ( 'NONE',  ( -23.56999999999998963, 10.00000000000000000, 89.03000000000000114 ) ) ;
#1774 = EDGE_CURVE ( 'NONE', #368, #1314, #1471, .T. ) ;
#1775 = ORIENTED_EDGE ( 'NONE', *, *, #1276, .T. ) ;
#1776 = CARTESIAN_POINT ( 'NONE',  ( -29.99999999999999289, 0.000000000000000000, 90.00000000000000000 ) ) ;
#1777 = CIRCLE ( 'NONE', #524, 1.599999999999997202 ) ;
#1778 = DIRECTION ( 'NONE',  ( 0.000000000000000000, 1.000000000000000000, 0.000000000000000000 ) ) ;
#1779 = DIRECTION ( 'NONE',  ( 0.000000000000000000, 0.000000000000000000, 1.000000000000000000 ) ) ;
#1780 = AXIS2_PLACEMENT_3D ( 'NONE', #227, #957, #1123 ) ;
#1781 = CARTESIAN_POINT ( 'NONE',  ( 23.57000000000001094, 0.000000000000000000, 136.1699999999999875 ) ) ;
#1782 = ORIENTED_EDGE ( 'NONE', *, *, #1154, .F. ) ;
#1783 = FACE_OUTER_BOUND ( 'NONE', #429, .T. ) ;
#1784 = EDGE_CURVE ( 'NONE', #703, #1033, #475, .T. ) ;
#1785 = ORIENTED_EDGE ( 'NONE', *, *, #356, .F. ) ;
#1786 = CARTESIAN_POINT ( 'NONE',  ( -39.99999999999998579, 0.000000000000000000, -50.00000000000000000 ) ) ;
#1787 = EDGE_CURVE ( 'NONE', #474, #134, #1398, .T. ) ;
#1788 = CARTESIAN_POINT ( 'NONE',  ( 40.00000000000001421, 0.000000000000000000, -50.00000000000000000 ) ) ;
#1789 = VECTOR ( 'NONE', #33, 1000.000000000000000 ) ;
#1790 = LINE ( 'NONE', #509, #1043 ) ;
#1791 = VERTEX_POINT ( 'NONE', #325 ) ;
#1792 = ORIENTED_EDGE ( 'NONE', *, *, #1674, .T. ) ;
#1793 = DIRECTION ( 'NONE',  ( 0.000000000000000000, 1.000000000000000000, 0.000000000000000000 ) ) ;
#1794 = CIRCLE ( 'NONE', #983, 2.599999999999991207 ) ;
#1795 = VECTOR ( 'NONE', #1848, 1000.000000000000000 ) ;
#1796 = AXIS2_PLACEMENT_3D ( 'NONE', #1031, #479, #1752 ) ;
#1797 = EDGE_LOOP ( 'NONE', ( #903, #657, #1594, #278 ) ) ;
#1798 = SURFACE_STYLE_USAGE ( .BOTH. , #925 ) ;
#1799 = LINE ( 'NONE', #675, #1060 ) ;
#1800 = EDGE_CURVE ( 'NONE', #860, #1442, #495, .T. ) ;
#1801 = LINE ( 'NONE', #937, #150 ) ;
#1802 = ORIENTED_EDGE ( 'NONE', *, *, #313, .F. ) ;
#1803 = ORIENTED_EDGE ( 'NONE', *, *, #267, .F. ) ;
#1804 = DIRECTION ( 'NONE',  ( 0.000000000000000000, 0.000000000000000000, 1.000000000000000000 ) ) ;
#1805 = EDGE_LOOP ( 'NONE', ( #1285, #1574, #1823, #706 ) ) ;
#1806 = CARTESIAN_POINT ( 'NONE',  ( -23.56999999999998963, 10.00000000000000000, 130.9699999999999989 ) ) ;
#1807 = CARTESIAN_POINT ( 'NONE',  ( -50.00000000000000711, 0.000000000000000000, -60.00000000000000000 ) ) ;
#1808 = FACE_BOUND ( 'NONE', #714, .T. ) ;
#1809 = CIRCLE ( 'NONE', #1540, 9.999999999999994671 ) ;
#1810 = EDGE_LOOP ( 'NONE', ( #962, #184 ) ) ;
#1811 = AXIS2_PLACEMENT_3D ( 'NONE', #215, #1457, #53 ) ;
#1812 = DIRECTION ( 'NONE',  ( -1.000000000000000000, 0.000000000000000000, 4.625929269271482956E-16 ) ) ;
#1813 = ADVANCED_FACE ( 'NONE', ( #333 ), #1740, .F. ) ;
#1814 = EDGE_CURVE ( 'NONE', #1127, #1547, #195, .T. ) ;
#1815 = ORIENTED_EDGE ( 'NONE', *, *, #164, .F. ) ;
#1816 = DIRECTION ( 'NONE',  ( 0.000000000000000000, 0.000000000000000000, 1.000000000000000000 ) ) ;
#1817 = CARTESIAN_POINT ( 'NONE',  ( 0.000000000000000000, 0.000000000000000000, 17.50000000000000355 ) ) ;
#1818 = VERTEX_POINT ( 'NONE', #1035 ) ;
#1819 = DIRECTION ( 'NONE',  ( 0.000000000000000000, 0.000000000000000000, 1.000000000000000000 ) ) ;
#1820 = CIRCLE ( 'NONE', #717, 9.999999999999994671 ) ;
#1821 = AXIS2_PLACEMENT_3D ( 'NONE', #367, #779, #1195 ) ;
#1822 = EDGE_CURVE ( 'NONE', #1307, #369, #623, .T. ) ;
#1823 = ORIENTED_EDGE ( 'NONE', *, *, #1510, .T. ) ;
#1824 = AXIS2_PLACEMENT_3D ( 'NONE', #876, #321, #590 ) ;
#1825 = DIRECTION ( 'NONE',  ( -0.000000000000000000, -1.000000000000000000, -0.000000000000000000 ) ) ;
#1826 = EDGE_LOOP ( 'NONE', ( #1263, #1803, #1277, #157 ) ) ;
#1827 = CARTESIAN_POINT ( 'NONE',  ( 0.000000000000000000, 0.000000000000000000, 17.50000000000000355 ) ) ;
#1828 = ORIENTED_EDGE ( 'NONE', *, *, #1522, .F. ) ;
#1829 = CARTESIAN_POINT ( 'NONE',  ( -39.99999999999999289, 0.000000000000000000, 69.99999999999998579 ) ) ;
#1830 = EDGE_LOOP ( 'NONE', ( #1601, #1062, #310, #1095 ) ) ;
#1831 = EDGE_CURVE ( 'NONE', #528, #1511, #421, .T. ) ;
#1832 = DIRECTION ( 'NONE',  ( 0.000000000000000000, 1.000000000000000000, 0.000000000000000000 ) ) ;
#1833 = EDGE_LOOP ( 'NONE', ( #253, #449 ) ) ;
#1834 = DIRECTION ( 'NONE',  ( 0.000000000000000000, 0.000000000000000000, -1.000000000000000000 ) ) ;
#1835 = ORIENTED_EDGE ( 'NONE', *, *, #1335, .T. ) ;
#1836 = CARTESIAN_POINT ( 'NONE',  ( -50.00000000000000711, 10.00000000000000000, -49.99999999999999289 ) ) ;
#1837 = AXIS2_PLACEMENT_3D ( 'NONE', #1278, #1011, #1844 ) ;
#1838 = VECTOR ( 'NONE', #114, 1000.000000000000000 ) ;
#1839 = ORIENTED_EDGE ( 'NONE', *, *, #1696, .T. ) ;
#1840 = CARTESIAN_POINT ( 'NONE',  ( -30.00000000000000000, 0.000000000000000000, -8.400000000000000355 ) ) ;
#1841 = FACE_OUTER_BOUND ( 'NONE', #510, .T. ) ;
#1842 = EDGE_CURVE ( 'NONE', #703, #1578, #898, .T. ) ;
#1843 = ORIENTED_EDGE ( 'NONE', *, *, #953, .T. ) ;
#1844 = DIRECTION ( 'NONE',  ( 0.000000000000000000, 0.000000000000000000, 1.000000000000000000 ) ) ;
#1845 = DIRECTION ( 'NONE',  ( -0.000000000000000000, 1.000000000000000000, -0.000000000000000000 ) ) ;
#1846 = ORIENTED_EDGE ( 'NONE', *, *, #11, .T. ) ;
#1847 = AXIS2_PLACEMENT_3D ( 'NONE', #1003, #534, #1391 ) ;
#1848 = DIRECTION ( 'NONE',  ( 9.912705577010326782E-17, 0.000000000000000000, 1.000000000000000000 ) ) ;
#1849 = VECTOR ( 'NONE', #1656, 1000.000000000000000 ) ;
ENDSEC;
END-ISO-10303-21;
