ISO-10303-21;
HEADER;
FILE_DESCRIPTION (( 'STEP AP214' ),
    '1' );
FILE_NAME ('ArmBaseConnecter 2 V2.step',
    '2026-08-28T16:07:32',
    ( '' ),
    ( '' ),
    'SwSTEP 2.0',
    'SolidWorks 2024',
    '' );
FILE_SCHEMA (( 'AUTOMOTIVE_DESIGN' ));
ENDSEC;

DATA;
#1 = ORIENTED_EDGE ( 'NONE', *, *, #2750, .F. ) ;
#2 = DIRECTION ( 'NONE',  ( 1.000000000000000000, -0.000000000000000000, -0.000000000000000000 ) ) ;
#3 = CARTESIAN_POINT ( 'NONE',  ( -67.99999999999995737, 21.99999999999986144, 3.267949192431121919 ) ) ;
#4 = VECTOR ( 'NONE', #1684, 1000.000000000000000 ) ;
#5 = CLOSED_SHELL ( 'NONE', ( #1551, #2890, #1383, #2604, #2005, #1101, #168, #1569, #1962, #2292, #809, #548, #1310, #1925, #442, #1908, #1525, #1536, #482, #1232, #2049, #1217, #2535, #420, #1001, #1212, #760, #1056, #1247, #2252, #1612, #1685, #1172, #1002, #309, #2083, #2385, #2790, #1017, #973, #1043, #472, #1298, #1156, #1022, #419, #364, #1488, #2365, #1289, #1621, #2735, #2817, #2845, #2925, #1125, #302, #2762, #1724, #7, #787, #1144, #2490, #2102, #2721, #2229, #2923, #1595, #1793, #2471, #1075, #1316, #2940, #275, #2439, #2175, #294, #719, #1840, #2131, #1248, #1460, #796, #2566, #1800, #933, #1550, #124, #926, #1913, #2120, #1982, #1039, #2831, #2092, #1328 ) ) ;
#6 = ORIENTED_EDGE ( 'NONE', *, *, #1870, .F. ) ;
#7 = ADVANCED_FACE ( 'NONE', ( #996 ), #2191, .T. ) ;
#8 = EDGE_CURVE ( 'NONE', #1277, #56, #84, .T. ) ;
#9 = CARTESIAN_POINT ( 'NONE',  ( 67.99999999999995737, 27.99999999999986500, -3.267949192431120586 ) ) ;
#10 = AXIS2_PLACEMENT_3D ( 'NONE', #2873, #272, #1901 ) ;
#11 = LINE ( 'NONE', #2612, #2225 ) ;
#12 = CARTESIAN_POINT ( 'NONE',  ( 67.99999999999995737, 24.99999999999986144, -8.464101615137755275 ) ) ;
#13 = LINE ( 'NONE', #2829, #1173 ) ;
#14 = ORIENTED_EDGE ( 'NONE', *, *, #2398, .F. ) ;
#15 = CARTESIAN_POINT ( 'NONE',  ( -67.99999999999995737, 21.99999999999986144, 6.732050807568874973 ) ) ;
#16 = CARTESIAN_POINT ( 'NONE',  ( -67.99999999999997158, -24.99999999999995381, 6.700000000000001066 ) ) ;
#17 = ORIENTED_EDGE ( 'NONE', *, *, #197, .F. ) ;
#18 = DIRECTION ( 'NONE',  ( 0.000000000000000000, 0.000000000000000000, 1.000000000000000000 ) ) ;
#19 = DIRECTION ( 'NONE',  ( 0.000000000000000000, 0.000000000000000000, 1.000000000000000000 ) ) ;
#20 = VERTEX_POINT ( 'NONE', #2922 ) ;
#21 = DIRECTION ( 'NONE',  ( -1.000000000000000000, 0.000000000000000000, 0.000000000000000000 ) ) ;
#22 = EDGE_CURVE ( 'NONE', #1038, #928, #802, .T. ) ;
#23 = DIRECTION ( 'NONE',  ( -0.000000000000000000, -1.000000000000000000, -0.000000000000000000 ) ) ;
#24 = CARTESIAN_POINT ( 'NONE',  ( 0.000000000000000000, 24.99999999999999645, 10.00000000000000000 ) ) ;
#25 = DIRECTION ( 'NONE',  ( 1.000000000000000000, -0.000000000000000000, -0.000000000000000000 ) ) ;
#26 = ORIENTED_EDGE ( 'NONE', *, *, #2565, .T. ) ;
#27 = DIRECTION ( 'NONE',  ( 0.000000000000000000, 0.000000000000000000, -1.000000000000000000 ) ) ;
#28 = CARTESIAN_POINT ( 'NONE',  ( 65.00000000000000000, 30.00000000000000000, -10.00000000000000000 ) ) ;
#29 = VERTEX_POINT ( 'NONE', #1604 ) ;
#30 = EDGE_CURVE ( 'NONE', #488, #2117, #854, .T. ) ;
#31 = VERTEX_POINT ( 'NONE', #1588 ) ;
#32 = DIRECTION ( 'NONE',  ( 0.000000000000000000, 0.000000000000000000, -1.000000000000000000 ) ) ;
#33 = DIRECTION ( 'NONE',  ( -1.000000000000000000, -0.000000000000000000, -0.000000000000000000 ) ) ;
#34 = VERTEX_POINT ( 'NONE', #1106 ) ;
#35 = CIRCLE ( 'NONE', #3049, 1.700000000000000178 ) ;
#36 = CARTESIAN_POINT ( 'NONE',  ( 74.99999999999998579, 24.99999999999995381, 5.000000000000000000 ) ) ;
#37 = AXIS2_PLACEMENT_3D ( 'NONE', #2672, #2218, #762 ) ;
#38 = LINE ( 'NONE', #960, #3018 ) ;
#39 = DIRECTION ( 'NONE',  ( 1.000000000000000000, -0.000000000000000000, -0.000000000000000000 ) ) ;
#40 = ORIENTED_EDGE ( 'NONE', *, *, #2654, .T. ) ;
#41 = DIRECTION ( 'NONE',  ( -1.000000000000000000, 0.000000000000000000, 0.000000000000000000 ) ) ;
#42 = EDGE_CURVE ( 'NONE', #1622, #1052, #1552, .T. ) ;
#43 = ORIENTED_EDGE ( 'NONE', *, *, #1943, .F. ) ;
#44 = LINE ( 'NONE', #1220, #2620 ) ;
#45 = DIRECTION ( 'NONE',  ( 0.000000000000000000, -1.000000000000000000, 0.000000000000000000 ) ) ;
#46 = EDGE_CURVE ( 'NONE', #1730, #2219, #2655, .T. ) ;
#47 = AXIS2_PLACEMENT_3D ( 'NONE', #2953, #865, #130 ) ;
#48 = VERTEX_POINT ( 'NONE', #1797 ) ;
#49 = AXIS2_PLACEMENT_3D ( 'NONE', #476, #248, #1205 ) ;
#50 = DIRECTION ( 'NONE',  ( 0.000000000000000000, 0.000000000000000000, -1.000000000000000000 ) ) ;
#51 = VECTOR ( 'NONE', #321, 1000.000000000000000 ) ;
#52 = DIRECTION ( 'NONE',  ( 0.000000000000000000, 0.8660254037844384856, -0.5000000000000002220 ) ) ;
#53 = VECTOR ( 'NONE', #495, 1000.000000000000000 ) ;
#54 = PLANE ( 'NONE',  #3050 ) ;
#55 = VECTOR ( 'NONE', #828, 1000.000000000000000 ) ;
#56 = VERTEX_POINT ( 'NONE', #1053 ) ;
#57 = DIRECTION ( 'NONE',  ( 1.000000000000000000, 1.334402673828313093E-16, -0.000000000000000000 ) ) ;
#58 = VECTOR ( 'NONE', #661, 1000.000000000000000 ) ;
#59 = EDGE_CURVE ( 'NONE', #48, #340, #149, .T. ) ;
#60 = EDGE_CURVE ( 'NONE', #556, #64, #3007, .T. ) ;
#61 = ORIENTED_EDGE ( 'NONE', *, *, #234, .F. ) ;
#62 = CARTESIAN_POINT ( 'NONE',  ( -65.00000000000002842, 0.000000000000000000, 10.00000000000000000 ) ) ;
#63 = CARTESIAN_POINT ( 'NONE',  ( 67.99999999999994316, -24.99999999999995381, -5.000000000000000000 ) ) ;
#64 = VERTEX_POINT ( 'NONE', #1537 ) ;
#65 = DIRECTION ( 'NONE',  ( -1.000000000000000000, 0.000000000000000000, 0.000000000000000000 ) ) ;
#66 = EDGE_CURVE ( 'NONE', #2656, #1606, #132, .T. ) ;
#67 = DIRECTION ( 'NONE',  ( -1.000000000000000000, 0.000000000000000000, 0.000000000000000000 ) ) ;
#68 = LINE ( 'NONE', #530, #2999 ) ;
#69 = ORIENTED_EDGE ( 'NONE', *, *, #1410, .T. ) ;
#70 = DIRECTION ( 'NONE',  ( 0.000000000000000000, -1.000000000000000000, -0.000000000000000000 ) ) ;
#71 = CARTESIAN_POINT ( 'NONE',  ( -67.99999999999997158, 24.99999999999995381, 6.700000000000001066 ) ) ;
#72 = ORIENTED_EDGE ( 'NONE', *, *, #42, .T. ) ;
#73 = LINE ( 'NONE', #1911, #2136 ) ;
#74 = FACE_OUTER_BOUND ( 'NONE', #1825, .T. ) ;
#75 = EDGE_CURVE ( 'NONE', #334, #955, #2722, .T. ) ;
#76 = ORIENTED_EDGE ( 'NONE', *, *, #1532, .T. ) ;
#77 = CARTESIAN_POINT ( 'NONE',  ( -75.00000000000001421, -24.99999999999999645, -10.00000000000000000 ) ) ;
#78 = CARTESIAN_POINT ( 'NONE',  ( 74.99999999999998579, 24.99999999999995381, 3.299999999999999822 ) ) ;
#79 = VECTOR ( 'NONE', #1315, 1000.000000000000000 ) ;
#80 = ORIENTED_EDGE ( 'NONE', *, *, #2020, .F. ) ;
#81 = PLANE ( 'NONE',  #1620 ) ;
#82 = EDGE_CURVE ( 'NONE', #498, #2210, #2956, .T. ) ;
#83 = AXIS2_PLACEMENT_3D ( 'NONE', #888, #362, #3024 ) ;
#84 = LINE ( 'NONE', #558, #99 ) ;
#85 = CARTESIAN_POINT ( 'NONE',  ( 64.99999999999995737, 27.99999999999986500, -6.732050807568878525 ) ) ;
#86 = ORIENTED_EDGE ( 'NONE', *, *, #136, .T. ) ;
#87 = ORIENTED_EDGE ( 'NONE', *, *, #2652, .F. ) ;
#88 = DIRECTION ( 'NONE',  ( 1.000000000000000000, -0.000000000000000000, -0.000000000000000000 ) ) ;
#89 = CARTESIAN_POINT ( 'NONE',  ( -67.99999999999995737, -24.99999999999986500, -1.535898384862242505 ) ) ;
#90 = ORIENTED_EDGE ( 'NONE', *, *, #2269, .T. ) ;
#91 = DIRECTION ( 'NONE',  ( 0.000000000000000000, -0.4999999999999995004, -0.8660254037844390407 ) ) ;
#92 = AXIS2_PLACEMENT_3D ( 'NONE', #728, #1133, #1871 ) ;
#93 = FACE_OUTER_BOUND ( 'NONE', #2301, .T. ) ;
#94 = EDGE_CURVE ( 'NONE', #2037, #1432, #2491, .T. ) ;
#95 = VECTOR ( 'NONE', #2486, 1000.000000000000000 ) ;
#96 = EDGE_CURVE ( 'NONE', #2037, #2308, #2937, .T. ) ;
#97 = VERTEX_POINT ( 'NONE', #2298 ) ;
#98 = DIRECTION ( 'NONE',  ( -1.000000000000000000, -0.000000000000000000, -0.000000000000000000 ) ) ;
#99 = VECTOR ( 'NONE', #2217, 1000.000000000000000 ) ;
#100 = VECTOR ( 'NONE', #45, 1000.000000000000000 ) ;
#101 = ORIENTED_EDGE ( 'NONE', *, *, #943, .F. ) ;
#102 = PLANE ( 'NONE',  #1808 ) ;
#103 = PRODUCT ( 'ArmBaseConnecter 2 V2', 'ArmBaseConnecter 2 V2', '', ( #2772 ) ) ;
#104 = ORIENTED_EDGE ( 'NONE', *, *, #30, .T. ) ;
#105 = AXIS2_PLACEMENT_3D ( 'NONE', #2606, #3017, #2381 ) ;
#106 = ORIENTED_EDGE ( 'NONE', *, *, #1456, .T. ) ;
#107 = FACE_OUTER_BOUND ( 'NONE', #1128, .T. ) ;
#108 = AXIS2_PLACEMENT_3D ( 'NONE', #777, #984, #1493 ) ;
#109 = CARTESIAN_POINT ( 'NONE',  ( -75.00000000000001421, -30.00000000000000000, 10.00000000000000000 ) ) ;
#110 = ORIENTED_EDGE ( 'NONE', *, *, #2951, .T. ) ;
#111 = CARTESIAN_POINT ( 'NONE',  ( -75.00000000000001421, -24.99999999999995381, 5.000000000000000000 ) ) ;
#112 = FACE_OUTER_BOUND ( 'NONE', #1878, .T. ) ;
#113 = ORIENTED_EDGE ( 'NONE', *, *, #1480, .F. ) ;
#114 = CARTESIAN_POINT ( 'NONE',  ( -65.00000000000002842, 29.99999999999998224, -10.00000000000000000 ) ) ;
#115 = ORIENTED_EDGE ( 'NONE', *, *, #160, .T. ) ;
#116 = EDGE_CURVE ( 'NONE', #1686, #1468, #1090, .T. ) ;
#117 = DIRECTION ( 'NONE',  ( 0.000000000000000000, 0.000000000000000000, 1.000000000000000000 ) ) ;
#118 = DIRECTION ( 'NONE',  ( 0.000000000000000000, -0.4999999999999997224, 0.8660254037844388186 ) ) ;
#119 = ORIENTED_EDGE ( 'NONE', *, *, #344, .F. ) ;
#120 = PLANE ( 'NONE',  #2711 ) ;
#121 = ORIENTED_EDGE ( 'NONE', *, *, #2103, .T. ) ;
#122 = CARTESIAN_POINT ( 'NONE',  ( -67.99999999999995737, 0.000000000000000000, 0.000000000000000000 ) ) ;
#123 = DIRECTION ( 'NONE',  ( 0.000000000000000000, 0.000000000000000000, -1.000000000000000000 ) ) ;
#124 = ADVANCED_FACE ( 'NONE', ( #2476 ), #1341, .T. ) ;
#125 = EDGE_LOOP ( 'NONE', ( #651, #1026, #2064, #2746 ) ) ;
#126 = CARTESIAN_POINT ( 'NONE',  ( 74.99999999999998579, 24.99999999999995381, 5.000000000000000000 ) ) ;
#127 = CYLINDRICAL_SURFACE ( 'NONE', #2028, 1.700000000000000178 ) ;
#128 = LINE ( 'NONE', #178, #2560 ) ;
#129 = EDGE_LOOP ( 'NONE', ( #1303, #1954 ) ) ;
#130 = DIRECTION ( 'NONE',  ( 0.000000000000000000, -0.000000000000000000, 1.000000000000000000 ) ) ;
#131 = VERTEX_POINT ( 'NONE', #361 ) ;
#132 = LINE ( 'NONE', #1568, #2025 ) ;
#133 = DIRECTION ( 'NONE',  ( 0.000000000000000000, 0.000000000000000000, 1.000000000000000000 ) ) ;
#134 = CIRCLE ( 'NONE', #2109, 1.700000000000000178 ) ;
#135 = AXIS2_PLACEMENT_3D ( 'NONE', #1500, #758, #517 ) ;
#136 = EDGE_CURVE ( 'NONE', #161, #1192, #2284, .T. ) ;
#137 = EDGE_CURVE ( 'NONE', #2117, #682, #2702, .T. ) ;
#138 = VERTEX_POINT ( 'NONE', #2749 ) ;
#139 = DIRECTION ( 'NONE',  ( 0.000000000000000000, -0.4999999999999995004, 0.8660254037844390407 ) ) ;
#140 = DIRECTION ( 'NONE',  ( 0.000000000000000000, 0.8660254037844388186, 0.4999999999999996669 ) ) ;
#141 = ORIENTED_EDGE ( 'NONE', *, *, #2342, .F. ) ;
#142 = LINE ( 'NONE', #417, #2568 ) ;
#143 = FACE_BOUND ( 'NONE', #1503, .T. ) ;
#144 = CARTESIAN_POINT ( 'NONE',  ( 74.99999999999998579, 24.99999999999995381, 5.000000000000000000 ) ) ;
#145 = ORIENTED_EDGE ( 'NONE', *, *, #1869, .F. ) ;
#146 = DIRECTION ( 'NONE',  ( 0.000000000000000000, 0.000000000000000000, 1.000000000000000000 ) ) ;
#147 = ORIENTED_EDGE ( 'NONE', *, *, #735, .T. ) ;
#148 = VECTOR ( 'NONE', #1338, 1000.000000000000227 ) ;
#149 = LINE ( 'NONE', #2249, #205 ) ;
#150 = AXIS2_PLACEMENT_3D ( 'NONE', #1102, #2045, #2985 ) ;
#151 = FACE_OUTER_BOUND ( 'NONE', #2579, .T. ) ;
#152 = ORIENTED_EDGE ( 'NONE', *, *, #1693, .T. ) ;
#153 = VECTOR ( 'NONE', #640, 1000.000000000000227 ) ;
#154 = ORIENTED_EDGE ( 'NONE', *, *, #137, .F. ) ;
#155 = DIRECTION ( 'NONE',  ( 0.000000000000000000, 0.000000000000000000, 1.000000000000000000 ) ) ;
#156 = DIRECTION ( 'NONE',  ( -1.000000000000000000, -0.000000000000000000, -0.000000000000000000 ) ) ;
#157 = PRESENTATION_LAYER_ASSIGNMENT (  '', '', ( #590 ) ) ;
#158 = VECTOR ( 'NONE', #2387, 1000.000000000000000 ) ;
#159 = EDGE_CURVE ( 'NONE', #2904, #1450, #2905, .T. ) ;
#160 = EDGE_CURVE ( 'NONE', #1474, #97, #2035, .T. ) ;
#161 = VERTEX_POINT ( 'NONE', #185 ) ;
#162 = CARTESIAN_POINT ( 'NONE',  ( -67.99999999999995737, -24.99999999999986144, 8.464101615137755275 ) ) ;
#163 =( NAMED_UNIT ( * ) PLANE_ANGLE_UNIT ( ) SI_UNIT ( $, .RADIAN. ) );
#164 = FACE_OUTER_BOUND ( 'NONE', #2916, .T. ) ;
#165 = ORIENTED_EDGE ( 'NONE', *, *, #2774, .T. ) ;
#166 = LINE ( 'NONE', #1104, #2608 ) ;
#167 = ORIENTED_EDGE ( 'NONE', *, *, #869, .T. ) ;
#168 = ADVANCED_FACE ( 'NONE', ( #1829 ), #2537, .F. ) ;
#169 = CARTESIAN_POINT ( 'NONE',  ( -67.99999999999995737, -27.99999999999986500, 3.267949192431120586 ) ) ;
#170 = DIRECTION ( 'NONE',  ( -1.000000000000000000, 0.000000000000000000, 0.000000000000000000 ) ) ;
#171 = ORIENTED_EDGE ( 'NONE', *, *, #3026, .F. ) ;
#172 = ORIENTED_EDGE ( 'NONE', *, *, #1054, .T. ) ;
#173 = DIRECTION ( 'NONE',  ( 1.000000000000000000, 0.000000000000000000, -0.000000000000000000 ) ) ;
#174 = CARTESIAN_POINT ( 'NONE',  ( -75.00000000000001421, -24.99999999999999645, 5.000000000000000000 ) ) ;
#175 = VERTEX_POINT ( 'NONE', #1414 ) ;
#176 = CARTESIAN_POINT ( 'NONE',  ( -65.00000000000002842, 24.99999999999999645, -10.00000000000000000 ) ) ;
#177 = CARTESIAN_POINT ( 'NONE',  ( 67.99999999999995737, -24.99999999999986500, 1.535898384862242505 ) ) ;
#178 = CARTESIAN_POINT ( 'NONE',  ( 74.99999999999998579, 24.99999999999995381, 6.700000000000000178 ) ) ;
#179 = ORIENTED_EDGE ( 'NONE', *, *, #1255, .F. ) ;
#180 = EDGE_CURVE ( 'NONE', #2114, #2440, #773, .T. ) ;
#181 = DIRECTION ( 'NONE',  ( 0.000000000000000000, 0.000000000000000000, -1.000000000000000000 ) ) ;
#182 = EDGE_LOOP ( 'NONE', ( #1023, #2203 ) ) ;
#183 = DIRECTION ( 'NONE',  ( -1.000000000000000000, 0.000000000000000000, 0.000000000000000000 ) ) ;
#184 = EDGE_CURVE ( 'NONE', #2239, #1450, #455, .T. ) ;
#185 = CARTESIAN_POINT ( 'NONE',  ( -75.00000000000001421, -30.00000000000000000, -4.999999999999999112 ) ) ;
#186 = LINE ( 'NONE', #2492, #2545 ) ;
#187 = AXIS2_PLACEMENT_3D ( 'NONE', #1542, #2423, #1988 ) ;
#188 = VERTEX_POINT ( 'NONE', #1678 ) ;
#189 = LINE ( 'NONE', #1127, #428 ) ;
#190 = VECTOR ( 'NONE', #2231, 1000.000000000000000 ) ;
#191 = ORIENTED_EDGE ( 'NONE', *, *, #2774, .F. ) ;
#192 = CARTESIAN_POINT ( 'NONE',  ( 67.99999999999995737, 27.99999999999986500, 6.732050807568878525 ) ) ;
#193 = CARTESIAN_POINT ( 'NONE',  ( 12.50000000000000000, 1.530808498934191521E-15, 10.00000000000000000 ) ) ;
#194 = ORIENTED_EDGE ( 'NONE', *, *, #1666, .T. ) ;
#195 = CARTESIAN_POINT ( 'NONE',  ( -67.99999999999995737, 24.99999999999986500, -1.535898384862242505 ) ) ;
#196 = EDGE_CURVE ( 'NONE', #2303, #2396, #1137, .T. ) ;
#197 = EDGE_CURVE ( 'NONE', #1739, #1087, #1874, .T. ) ;
#198 = CARTESIAN_POINT ( 'NONE',  ( 0.000000000000000000, -24.99999999999999645, 10.00000000000000000 ) ) ;
#199 = CARTESIAN_POINT ( 'NONE',  ( -67.99999999999995737, -27.99999999999986500, -3.267949192431120586 ) ) ;
#200 = LINE ( 'NONE', #1814, #2501 ) ;
#201 = VECTOR ( 'NONE', #756, 1000.000000000000000 ) ;
#202 = ORIENTED_EDGE ( 'NONE', *, *, #1854, .T. ) ;
#203 = CARTESIAN_POINT ( 'NONE',  ( 64.99999999999995737, -24.99999999999986500, -1.535898384862242505 ) ) ;
#204 = CARTESIAN_POINT ( 'NONE',  ( 67.99999999999995737, 0.000000000000000000, 0.000000000000000000 ) ) ;
#205 = VECTOR ( 'NONE', #624, 1000.000000000000000 ) ;
#206 = EDGE_CURVE ( 'NONE', #131, #231, #2328, .T. ) ;
#207 = ORIENTED_EDGE ( 'NONE', *, *, #2384, .T. ) ;
#208 = LINE ( 'NONE', #1437, #1291 ) ;
#209 = AXIS2_PLACEMENT_3D ( 'NONE', #1672, #280, #1221 ) ;
#210 = FACE_OUTER_BOUND ( 'NONE', #1738, .T. ) ;
#211 = AXIS2_PLACEMENT_3D ( 'NONE', #1597, #369, #1544 ) ;
#212 = ORIENTED_EDGE ( 'NONE', *, *, #1949, .T. ) ;
#213 = DIRECTION ( 'NONE',  ( 1.000000000000000000, -0.000000000000000000, -0.000000000000000000 ) ) ;
#214 = CARTESIAN_POINT ( 'NONE',  ( 74.99999999999998579, 30.00000000000000000, 5.000000000000000000 ) ) ;
#215 = DIRECTION ( 'NONE',  ( -1.000000000000000000, -0.000000000000000000, 0.000000000000000000 ) ) ;
#216 = EDGE_CURVE ( 'NONE', #1293, #2771, #686, .T. ) ;
#217 = CARTESIAN_POINT ( 'NONE',  ( 64.99999999999995737, -27.99999999999986500, 3.267949192431120586 ) ) ;
#218 = ORIENTED_EDGE ( 'NONE', *, *, #2000, .T. ) ;
#219 = EDGE_LOOP ( 'NONE', ( #2943, #212, #1670, #2016 ) ) ;
#220 = DIRECTION ( 'NONE',  ( 0.000000000000000000, 0.000000000000000000, 1.000000000000000000 ) ) ;
#221 = CYLINDRICAL_SURFACE ( 'NONE', #526, 5.000000000000000000 ) ;
#222 = EDGE_LOOP ( 'NONE', ( #2972, #2013, #1896, #392 ) ) ;
#223 = DIRECTION ( 'NONE',  ( 0.000000000000000000, 0.000000000000000000, 1.000000000000000000 ) ) ;
#224 = SURFACE_STYLE_FILL_AREA ( #633 ) ;
#225 = EDGE_CURVE ( 'NONE', #2647, #1206, #1372, .T. ) ;
#226 = VERTEX_POINT ( 'NONE', #2082 ) ;
#227 = LINE ( 'NONE', #2580, #2171 ) ;
#228 = DIRECTION ( 'NONE',  ( 1.334402673828313093E-16, -1.000000000000000000, 0.000000000000000000 ) ) ;
#229 = CARTESIAN_POINT ( 'NONE',  ( -67.99999999999997158, -24.99999999999995381, 5.000000000000000000 ) ) ;
#230 = LINE ( 'NONE', #1679, #2307 ) ;
#231 = VERTEX_POINT ( 'NONE', #2339 ) ;
#232 = CARTESIAN_POINT ( 'NONE',  ( 0.000000000000000000, 0.000000000000000000, 10.00000000000000000 ) ) ;
#233 = DIRECTION ( 'NONE',  ( 0.000000000000000000, -0.4999999999999997224, -0.8660254037844388186 ) ) ;
#234 = EDGE_CURVE ( 'NONE', #1524, #1622, #2372, .T. ) ;
#235 = ORIENTED_EDGE ( 'NONE', *, *, #1693, .F. ) ;
#236 = CARTESIAN_POINT ( 'NONE',  ( 67.99999999999995737, -21.99999999999986144, -6.732050807568874973 ) ) ;
#237 = CARTESIAN_POINT ( 'NONE',  ( 67.99999999999995737, -27.99999999999986500, 3.267949192431120586 ) ) ;
#238 = VECTOR ( 'NONE', #39, 1000.000000000000000 ) ;
#239 = EDGE_LOOP ( 'NONE', ( #817, #2123, #2674, #1748 ) ) ;
#240 = CARTESIAN_POINT ( 'NONE',  ( 64.99999999999995737, -27.99999999999986500, 6.732050807568878525 ) ) ;
#241 = DIRECTION ( 'NONE',  ( -1.000000000000000000, 0.000000000000000000, 0.000000000000000000 ) ) ;
#242 = VECTOR ( 'NONE', #2719, 1000.000000000000000 ) ;
#243 = DIRECTION ( 'NONE',  ( -0.000000000000000000, -1.000000000000000000, -0.000000000000000000 ) ) ;
#244 = DIRECTION ( 'NONE',  ( -1.000000000000000000, 0.000000000000000000, 0.000000000000000000 ) ) ;
#245 = ORIENTED_EDGE ( 'NONE', *, *, #2932, .T. ) ;
#246 = VERTEX_POINT ( 'NONE', #2569 ) ;
#247 = DIRECTION ( 'NONE',  ( 0.000000000000000000, 0.8660254037844389297, 0.4999999999999994449 ) ) ;
#248 = DIRECTION ( 'NONE',  ( 1.000000000000000000, -0.000000000000000000, -0.000000000000000000 ) ) ;
#249 = AXIS2_PLACEMENT_3D ( 'NONE', #2326, #2067, #2338 ) ;
#250 = ORIENTED_EDGE ( 'NONE', *, *, #2652, .T. ) ;
#251 = DIRECTION ( 'NONE',  ( 0.000000000000000000, 0.8660254037844384856, -0.5000000000000002220 ) ) ;
#252 = CARTESIAN_POINT ( 'NONE',  ( -67.99999999999995737, -27.99999999999986500, 3.267949192431120586 ) ) ;
#253 = EDGE_CURVE ( 'NONE', #2149, #2137, #1138, .T. ) ;
#254 = CIRCLE ( 'NONE', #1974, 5.000000000000000000 ) ;
#255 = ORIENTED_EDGE ( 'NONE', *, *, #3045, .T. ) ;
#256 = CARTESIAN_POINT ( 'NONE',  ( -67.99999999999995737, -27.99999999999986500, 6.732050807568878525 ) ) ;
#257 = VECTOR ( 'NONE', #454, 1000.000000000000227 ) ;
#258 = DIRECTION ( 'NONE',  ( 0.000000000000000000, -0.000000000000000000, 1.000000000000000000 ) ) ;
#259 = VECTOR ( 'NONE', #1250, 1000.000000000000000 ) ;
#260 = LINE ( 'NONE', #1183, #2857 ) ;
#261 = DIRECTION ( 'NONE',  ( 1.000000000000000000, -0.000000000000000000, -0.000000000000000000 ) ) ;
#262 = EDGE_CURVE ( 'NONE', #1735, #1531, #260, .T. ) ;
#263 = ORIENTED_EDGE ( 'NONE', *, *, #1065, .F. ) ;
#264 = DIRECTION ( 'NONE',  ( 0.000000000000000000, 0.000000000000000000, 1.000000000000000000 ) ) ;
#265 = DIRECTION ( 'NONE',  ( 0.000000000000000000, -0.8660254037844384856, -0.5000000000000002220 ) ) ;
#266 = ORIENTED_EDGE ( 'NONE', *, *, #1943, .T. ) ;
#267 = DIRECTION ( 'NONE',  ( 0.000000000000000000, 0.8660254037844388186, 0.4999999999999996669 ) ) ;
#268 = DIRECTION ( 'NONE',  ( -0.000000000000000000, -0.000000000000000000, 1.000000000000000000 ) ) ;
#269 = EDGE_LOOP ( 'NONE', ( #1021, #1983, #1499, #452 ) ) ;
#270 = DIRECTION ( 'NONE',  ( -0.000000000000000000, -0.000000000000000000, 1.000000000000000000 ) ) ;
#271 = EDGE_CURVE ( 'NONE', #20, #1411, #2311, .T. ) ;
#272 = DIRECTION ( 'NONE',  ( 1.000000000000000000, -0.000000000000000000, 0.000000000000000000 ) ) ;
#273 = CARTESIAN_POINT ( 'NONE',  ( 67.99999999999994316, -24.99999999999995381, -6.700000000000001066 ) ) ;
#274 = LINE ( 'NONE', #2615, #238 ) ;
#275 = ADVANCED_FACE ( 'NONE', ( #2613 ), #3023, .F. ) ;
#276 = ORIENTED_EDGE ( 'NONE', *, *, #826, .T. ) ;
#277 = DIRECTION ( 'NONE',  ( 0.000000000000000000, 0.000000000000000000, 1.000000000000000000 ) ) ;
#278 = ORIENTED_EDGE ( 'NONE', *, *, #1752, .T. ) ;
#279 = DIRECTION ( 'NONE',  ( 0.000000000000000000, 0.4999999999999997224, -0.8660254037844388186 ) ) ;
#280 = DIRECTION ( 'NONE',  ( -1.000000000000000000, 0.000000000000000000, 0.000000000000000000 ) ) ;
#281 = VERTEX_POINT ( 'NONE', #2582 ) ;
#282 = CIRCLE ( 'NONE', #1508, 1.700000000000000178 ) ;
#283 = CARTESIAN_POINT ( 'NONE',  ( 65.00000000000000000, -20.00000000000000000, -10.00000000000000000 ) ) ;
#284 = AXIS2_PLACEMENT_3D ( 'NONE', #2976, #505, #1664 ) ;
#285 = CARTESIAN_POINT ( 'NONE',  ( -75.00000000000001421, -30.00000000000000000, 10.00000000000000000 ) ) ;
#286 = DIRECTION ( 'NONE',  ( 0.000000000000000000, 0.000000000000000000, 1.000000000000000000 ) ) ;
#287 = EDGE_CURVE ( 'NONE', #881, #610, #2356, .T. ) ;
#288 = EDGE_CURVE ( 'NONE', #1168, #2553, #440, .T. ) ;
#289 = EDGE_LOOP ( 'NONE', ( #2822, #6, #1, #1313 ) ) ;
#290 = DIRECTION ( 'NONE',  ( 1.000000000000000000, 0.000000000000000000, 0.000000000000000000 ) ) ;
#291 = EDGE_LOOP ( 'NONE', ( #512, #3028, #3011, #2636 ) ) ;
#292 = LINE ( 'NONE', #752, #546 ) ;
#293 = DIRECTION ( 'NONE',  ( 1.000000000000000000, -0.000000000000000000, -0.000000000000000000 ) ) ;
#294 = ADVANCED_FACE ( 'NONE', ( #730 ), #715, .F. ) ;
#295 = ORIENTED_EDGE ( 'NONE', *, *, #886, .F. ) ;
#296 = CARTESIAN_POINT ( 'NONE',  ( -67.99999999999995737, 27.99999999999986500, -6.732050807568878525 ) ) ;
#297 = AXIS2_PLACEMENT_3D ( 'NONE', #1783, #658, #2266 ) ;
#298 = LINE ( 'NONE', #485, #2658 ) ;
#299 = CIRCLE ( 'NONE', #1826, 1.700000000000000178 ) ;
#300 = CARTESIAN_POINT ( 'NONE',  ( -67.99999999999995737, -27.99999999999986500, -6.732050807568878525 ) ) ;
#301 = VECTOR ( 'NONE', #251, 1000.000000000000227 ) ;
#302 = ADVANCED_FACE ( 'NONE', ( #2597 ), #1844, .T. ) ;
#303 = VERTEX_POINT ( 'NONE', #2782 ) ;
#304 = CARTESIAN_POINT ( 'NONE',  ( -67.99999999999995737, 24.99999999999986500, -1.535898384862242505 ) ) ;
#305 = AXIS2_PLACEMENT_3D ( 'NONE', #1027, #2153, #32 ) ;
#306 = ORIENTED_EDGE ( 'NONE', *, *, #951, .T. ) ;
#307 = DIRECTION ( 'NONE',  ( 0.000000000000000000, 0.000000000000000000, 1.000000000000000000 ) ) ;
#308 = LINE ( 'NONE', #1251, #1321 ) ;
#309 = ADVANCED_FACE ( 'NONE', ( #671 ), #1618, .T. ) ;
#310 = ORIENTED_EDGE ( 'NONE', *, *, #3014, .T. ) ;
#311 = DIRECTION ( 'NONE',  ( 0.000000000000000000, 0.8660254037844389297, -0.4999999999999993894 ) ) ;
#312 = VERTEX_POINT ( 'NONE', #829 ) ;
#313 = CARTESIAN_POINT ( 'NONE',  ( 74.99999999999998579, -24.99999999999995381, 6.700000000000000178 ) ) ;
#314 = ORIENTED_EDGE ( 'NONE', *, *, #180, .F. ) ;
#315 = DIRECTION ( 'NONE',  ( 0.000000000000000000, 0.8660254037844384856, 0.5000000000000001110 ) ) ;
#316 = ORIENTED_EDGE ( 'NONE', *, *, #2951, .F. ) ;
#317 = DIRECTION ( 'NONE',  ( 0.000000000000000000, 0.8660254037844388186, 0.4999999999999997224 ) ) ;
#318 = CARTESIAN_POINT ( 'NONE',  ( -64.99999999999995737, 24.99999999999986144, 8.464101615137755275 ) ) ;
#319 = EDGE_CURVE ( 'NONE', #2461, #1332, #782, .T. ) ;
#320 = ORIENTED_EDGE ( 'NONE', *, *, #927, .T. ) ;
#321 = DIRECTION ( 'NONE',  ( -1.000000000000000000, -0.000000000000000000, -0.000000000000000000 ) ) ;
#322 = CARTESIAN_POINT ( 'NONE',  ( 67.99999999999995737, -21.99999999999986144, 6.732050807568874973 ) ) ;
#323 = AXIS2_PLACEMENT_3D ( 'NONE', #2877, #290, #1737 ) ;
#324 = ORIENTED_EDGE ( 'NONE', *, *, #907, .F. ) ;
#325 = DIRECTION ( 'NONE',  ( -1.000000000000000000, -0.000000000000000000, -0.000000000000000000 ) ) ;
#326 = AXIS2_PLACEMENT_3D ( 'NONE', #2507, #1589, #592 ) ;
#327 = VERTEX_POINT ( 'NONE', #1790 ) ;
#328 = CARTESIAN_POINT ( 'NONE',  ( 64.99999999999995737, 27.99999999999986500, 6.732050807568878525 ) ) ;
#329 = ORIENTED_EDGE ( 'NONE', *, *, #2882, .F. ) ;
#330 = EDGE_LOOP ( 'NONE', ( #2366, #1609, #1483, #749 ) ) ;
#331 = DIRECTION ( 'NONE',  ( -0.000000000000000000, 1.000000000000000000, 0.000000000000000000 ) ) ;
#332 = DIRECTION ( 'NONE',  ( 0.000000000000000000, -0.8660254037844384856, -0.5000000000000001110 ) ) ;
#333 = APPLICATION_CONTEXT ( 'automotive_design' ) ;
#334 = VERTEX_POINT ( 'NONE', #2485 ) ;
#335 = EDGE_CURVE ( 'NONE', #610, #161, #2129, .T. ) ;
#336 = CARTESIAN_POINT ( 'NONE',  ( 74.99999999999998579, -30.00000000000000000, 10.00000000000000000 ) ) ;
#337 = VECTOR ( 'NONE', #1933, 1000.000000000000000 ) ;
#338 = DIRECTION ( 'NONE',  ( 0.000000000000000000, -0.000000000000000000, -1.000000000000000000 ) ) ;
#339 = VECTOR ( 'NONE', #1018, 1000.000000000000000 ) ;
#340 = VERTEX_POINT ( 'NONE', #2212 ) ;
#341 = FACE_BOUND ( 'NONE', #1964, .T. ) ;
#342 = VECTOR ( 'NONE', #411, 1000.000000000000000 ) ;
#343 = VECTOR ( 'NONE', #418, 1000.000000000000000 ) ;
#344 = EDGE_CURVE ( 'NONE', #2529, #610, #798, .T. ) ;
#345 = ORIENTED_EDGE ( 'NONE', *, *, #867, .T. ) ;
#346 = LINE ( 'NONE', #2178, #2738 ) ;
#347 = VECTOR ( 'NONE', #52, 1000.000000000000227 ) ;
#348 = DIRECTION ( 'NONE',  ( 0.000000000000000000, 0.000000000000000000, -1.000000000000000000 ) ) ;
#349 = ORIENTED_EDGE ( 'NONE', *, *, #1762, .F. ) ;
#350 = CARTESIAN_POINT ( 'NONE',  ( 74.99999999999998579, 24.99999999999995381, -3.299999999999999822 ) ) ;
#351 = AXIS2_PLACEMENT_3D ( 'NONE', #1771, #331, #1077 ) ;
#352 = DIRECTION ( 'NONE',  ( 0.000000000000000000, -0.8660254037844384856, -0.5000000000000003331 ) ) ;
#353 = ORIENTED_EDGE ( 'NONE', *, *, #1637, .F. ) ;
#354 = DIRECTION ( 'NONE',  ( 1.000000000000000000, -0.000000000000000000, -0.000000000000000000 ) ) ;
#355 = CARTESIAN_POINT ( 'NONE',  ( 67.99999999999995737, 27.99999999999986500, 6.732050807568878525 ) ) ;
#356 = FACE_OUTER_BOUND ( 'NONE', #219, .T. ) ;
#357 = EDGE_LOOP ( 'NONE', ( #822, #1397, #2993, #2876 ) ) ;
#358 = PLANE ( 'NONE',  #47 ) ;
#359 = ORIENTED_EDGE ( 'NONE', *, *, #533, .T. ) ;
#360 = PRODUCT_DEFINITION ( 'UNKNOWN', '', #789, #1958 ) ;
#361 = CARTESIAN_POINT ( 'NONE',  ( -64.99999999999995737, 21.99999999999986144, -3.267949192431121919 ) ) ;
#362 = DIRECTION ( 'NONE',  ( -0.000000000000000000, 0.4999999999999997224, 0.8660254037844388186 ) ) ;
#363 = VERTEX_POINT ( 'NONE', #2026 ) ;
#364 = ADVANCED_FACE ( 'NONE', ( #1497 ), #2679, .T. ) ;
#365 = ORIENTED_EDGE ( 'NONE', *, *, #645, .T. ) ;
#366 = CARTESIAN_POINT ( 'NONE',  ( 74.99999999999998579, 24.99999999999999289, -10.00000000000000000 ) ) ;
#367 = DIRECTION ( 'NONE',  ( 0.000000000000000000, 0.8660254037844384856, 0.5000000000000002220 ) ) ;
#368 = VERTEX_POINT ( 'NONE', #2949 ) ;
#369 = DIRECTION ( 'NONE',  ( 0.000000000000000000, 0.5000000000000003331, -0.8660254037844384856 ) ) ;
#370 = CARTESIAN_POINT ( 'NONE',  ( -75.00000000000001421, -24.99999999999999645, -4.999999999999999112 ) ) ;
#371 = CARTESIAN_POINT ( 'NONE',  ( 67.99999999999995737, -24.99999999999986144, -8.464101615137755275 ) ) ;
#372 = ORIENTED_EDGE ( 'NONE', *, *, #1393, .T. ) ;
#373 = CARTESIAN_POINT ( 'NONE',  ( 0.000000000000000000, 0.000000000000000000, 10.00000000000000000 ) ) ;
#374 = EDGE_LOOP ( 'NONE', ( #1407, #154, #2169, #2718 ) ) ;
#375 = CARTESIAN_POINT ( 'NONE',  ( -64.99999999999995737, -27.99999999999986500, -6.732050807568878525 ) ) ;
#376 = EDGE_CURVE ( 'NONE', #31, #1535, #2437, .T. ) ;
#377 = CARTESIAN_POINT ( 'NONE',  ( 64.99999999999998579, 20.00000000000000000, -10.00000000000000000 ) ) ;
#378 = VECTOR ( 'NONE', #332, 1000.000000000000227 ) ;
#379 = EDGE_CURVE ( 'NONE', #1990, #1188, #1776, .T. ) ;
#380 = EDGE_LOOP ( 'NONE', ( #402, #1885, #904, #218 ) ) ;
#381 = ORIENTED_EDGE ( 'NONE', *, *, #262, .F. ) ;
#382 = DIRECTION ( 'NONE',  ( 0.000000000000000000, 0.000000000000000000, 1.000000000000000000 ) ) ;
#383 = FACE_BOUND ( 'NONE', #1644, .T. ) ;
#384 = VERTEX_POINT ( 'NONE', #273 ) ;
#385 = CARTESIAN_POINT ( 'NONE',  ( -64.99999999999995737, -27.99999999999986500, -3.267949192431120586 ) ) ;
#386 = LINE ( 'NONE', #3002, #2859 ) ;
#387 = EDGE_CURVE ( 'NONE', #793, #850, #1032, .T. ) ;
#388 = DIRECTION ( 'NONE',  ( -1.000000000000000000, -0.000000000000000000, -0.000000000000000000 ) ) ;
#389 = ORIENTED_EDGE ( 'NONE', *, *, #2547, .T. ) ;
#390 = AXIS2_PLACEMENT_3D ( 'NONE', #959, #2548, #1380 ) ;
#391 = CARTESIAN_POINT ( 'NONE',  ( 67.99999999999995737, 24.99999999999986500, 1.535898384862242505 ) ) ;
#392 = ORIENTED_EDGE ( 'NONE', *, *, #1403, .T. ) ;
#393 = AXIS2_PLACEMENT_3D ( 'NONE', #2856, #799, #2386 ) ;
#394 = DIRECTION ( 'NONE',  ( -1.000000000000000000, -0.000000000000000000, -0.000000000000000000 ) ) ;
#395 = AXIS2_PLACEMENT_3D ( 'NONE', #144, #2059, #2453 ) ;
#396 = FACE_OUTER_BOUND ( 'NONE', #804, .T. ) ;
#397 = VECTOR ( 'NONE', #1857, 1000.000000000000227 ) ;
#398 = ORIENTED_EDGE ( 'NONE', *, *, #1949, .F. ) ;
#399 = DIRECTION ( 'NONE',  ( 0.000000000000000000, 0.000000000000000000, 1.000000000000000000 ) ) ;
#400 = LINE ( 'NONE', #2727, #569 ) ;
#401 = VECTOR ( 'NONE', #1318, 1000.000000000000227 ) ;
#402 = ORIENTED_EDGE ( 'NONE', *, *, #2237, .T. ) ;
#403 = LINE ( 'NONE', #2259, #2519 ) ;
#404 = DIRECTION ( 'NONE',  ( -0.000000000000000000, 1.000000000000000000, 0.000000000000000000 ) ) ;
#405 = CARTESIAN_POINT ( 'NONE',  ( -64.99999999999995737, 21.99999999999986144, 3.267949192431121919 ) ) ;
#406 = EDGE_CURVE ( 'NONE', #31, #599, #1253, .T. ) ;
#407 = EDGE_LOOP ( 'NONE', ( #2062, #464, #104, #1555 ) ) ;
#408 = CARTESIAN_POINT ( 'NONE',  ( -67.99999999999995737, -27.99999999999986500, 3.267949192431120586 ) ) ;
#409 = VERTEX_POINT ( 'NONE', #2917 ) ;
#410 = DIRECTION ( 'NONE',  ( -1.000000000000000000, -0.000000000000000000, -0.000000000000000000 ) ) ;
#411 = DIRECTION ( 'NONE',  ( 1.000000000000000000, -0.000000000000000000, -0.000000000000000000 ) ) ;
#412 = CARTESIAN_POINT ( 'NONE',  ( 67.99999999999995737, -27.99999999999986500, -3.267949192431120586 ) ) ;
#413 = ORIENTED_EDGE ( 'NONE', *, *, #1472, .F. ) ;
#414 = VERTEX_POINT ( 'NONE', #1511 ) ;
#415 = CARTESIAN_POINT ( 'NONE',  ( -67.99999999999995737, -24.99999999999995381, -6.700000000000000178 ) ) ;
#416 = ORIENTED_EDGE ( 'NONE', *, *, #2431, .T. ) ;
#417 = CARTESIAN_POINT ( 'NONE',  ( 74.99999999999998579, -30.00000000000000000, 10.00000000000000000 ) ) ;
#418 = DIRECTION ( 'NONE',  ( -1.000000000000000000, -0.000000000000000000, -0.000000000000000000 ) ) ;
#419 = ADVANCED_FACE ( 'NONE', ( #812 ), #2931, .F. ) ;
#420 = ADVANCED_FACE ( 'NONE', ( #1759, #1731, #143, #2666, #1744 ), #2452, .F. ) ;
#421 = ORIENTED_EDGE ( 'NONE', *, *, #1652, .F. ) ;
#422 = CARTESIAN_POINT ( 'NONE',  ( 67.99999999999995737, 0.000000000000000000, 0.000000000000000000 ) ) ;
#423 = CARTESIAN_POINT ( 'NONE',  ( 65.00000000000000000, 30.00000000000000000, -4.999999999999999112 ) ) ;
#424 = CARTESIAN_POINT ( 'NONE',  ( -75.00000000000001421, -24.99999999999995381, -5.000000000000000000 ) ) ;
#425 = CARTESIAN_POINT ( 'NONE',  ( 64.99999999999995737, 21.99999999999986144, -3.267949192431121919 ) ) ;
#426 = EDGE_CURVE ( 'NONE', #409, #1628, #496, .T. ) ;
#427 = ORIENTED_EDGE ( 'NONE', *, *, #2970, .T. ) ;
#428 = VECTOR ( 'NONE', #2071, 1000.000000000000227 ) ;
#429 = ORIENTED_EDGE ( 'NONE', *, *, #1653, .T. ) ;
#430 =( NAMED_UNIT ( * ) SI_UNIT ( $, .STERADIAN. ) SOLID_ANGLE_UNIT ( ) );
#431 = LINE ( 'NONE', #1346, #674 ) ;
#432 = AXIS2_PLACEMENT_3D ( 'NONE', #2069, #3008, #2267 ) ;
#433 = ORIENTED_EDGE ( 'NONE', *, *, #60, .T. ) ;
#434 = CARTESIAN_POINT ( 'NONE',  ( -67.99999999999995737, -21.99999999999986144, -6.732050807568874973 ) ) ;
#435 = EDGE_CURVE ( 'NONE', #2087, #1168, #2695, .T. ) ;
#436 = ORIENTED_EDGE ( 'NONE', *, *, #1989, .F. ) ;
#437 = CARTESIAN_POINT ( 'NONE',  ( -75.00000000000001421, 24.99999999999995381, -5.000000000000000000 ) ) ;
#438 = APPLICATION_CONTEXT ( 'automotive_design' ) ;
#439 = LINE ( 'NONE', #1769, #841 ) ;
#440 = LINE ( 'NONE', #24, #691 ) ;
#441 = DIRECTION ( 'NONE',  ( 0.000000000000000000, 0.8660254037844384856, 0.5000000000000002220 ) ) ;
#442 = ADVANCED_FACE ( 'NONE', ( #2244 ), #127, .F. ) ;
#443 = VECTOR ( 'NONE', #690, 1000.000000000000000 ) ;
#444 = ORIENTED_EDGE ( 'NONE', *, *, #8, .T. ) ;
#445 = DIRECTION ( 'NONE',  ( -0.000000000000000000, -0.000000000000000000, -1.000000000000000000 ) ) ;
#446 = VECTOR ( 'NONE', #554, 1000.000000000000000 ) ;
#447 = ORIENTED_EDGE ( 'NONE', *, *, #1446, .F. ) ;
#448 = CARTESIAN_POINT ( 'NONE',  ( 67.99999999999995737, 24.99999999999995381, 5.000000000000000000 ) ) ;
#449 = CIRCLE ( 'NONE', #2179, 1.700000000000000178 ) ;
#450 = FACE_BOUND ( 'NONE', #2093, .T. ) ;
#451 = AXIS2_PLACEMENT_3D ( 'NONE', #162, #1789, #580 ) ;
#452 = ORIENTED_EDGE ( 'NONE', *, *, #2341, .F. ) ;
#453 = DIRECTION ( 'NONE',  ( 0.000000000000000000, -0.5000000000000003331, -0.8660254037844384856 ) ) ;
#454 = DIRECTION ( 'NONE',  ( 0.000000000000000000, -0.8660254037844384856, -0.5000000000000002220 ) ) ;
#455 = LINE ( 'NONE', #948, #887 ) ;
#456 = CARTESIAN_POINT ( 'NONE',  ( -65.00000000000000000, -30.00000000000000000, -10.00000000000000000 ) ) ;
#457 = EDGE_CURVE ( 'NONE', #2447, #881, #2418, .T. ) ;
#458 = EDGE_CURVE ( 'NONE', #1206, #2554, #386, .T. ) ;
#459 = ORIENTED_EDGE ( 'NONE', *, *, #604, .T. ) ;
#460 = ORIENTED_EDGE ( 'NONE', *, *, #2000, .F. ) ;
#461 = CARTESIAN_POINT ( 'NONE',  ( 12.50000000000000000, 1.530808498934191521E-15, 10.00000000000000000 ) ) ;
#462 = DIRECTION ( 'NONE',  ( 0.000000000000000000, 0.8660254037844389297, -0.4999999999999994449 ) ) ;
#463 = MANIFOLD_SOLID_BREP ( 'Cut-Extrude5', #5 ) ;
#464 = ORIENTED_EDGE ( 'NONE', *, *, #513, .F. ) ;
#465 = CARTESIAN_POINT ( 'NONE',  ( -65.00000000000000000, -24.99999999999999645, 10.00000000000000000 ) ) ;
#466 = DIRECTION ( 'NONE',  ( 0.000000000000000000, 2.775557561562891351E-15, 1.000000000000000000 ) ) ;
#467 = ORIENTED_EDGE ( 'NONE', *, *, #561, .T. ) ;
#468 = DIRECTION ( 'NONE',  ( 0.000000000000000000, -0.8660254037844384856, 0.5000000000000002220 ) ) ;
#469 = CARTESIAN_POINT ( 'NONE',  ( -67.99999999999995737, -21.99999999999986144, -6.732050807568874973 ) ) ;
#470 = CARTESIAN_POINT ( 'NONE',  ( -75.00000000000001421, -30.00000000000000000, 5.000000000000000000 ) ) ;
#471 = DIRECTION ( 'NONE',  ( 0.000000000000000000, 0.000000000000000000, 1.000000000000000000 ) ) ;
#472 = ADVANCED_FACE ( 'NONE', ( #2517 ), #1821, .F. ) ;
#473 = EDGE_CURVE ( 'NONE', #712, #188, #2788, .T. ) ;
#474 = ORIENTED_EDGE ( 'NONE', *, *, #2691, .T. ) ;
#475 = DIRECTION ( 'NONE',  ( 0.000000000000000000, 0.4999999999999995004, -0.8660254037844390407 ) ) ;
#476 = CARTESIAN_POINT ( 'NONE',  ( 67.99999999999994316, -24.99999999999995381, -5.000000000000000000 ) ) ;
#477 = AXIS2_PLACEMENT_3D ( 'NONE', #2962, #1787, #2513 ) ;
#478 = EDGE_LOOP ( 'NONE', ( #1388, #1203 ) ) ;
#479 = FACE_OUTER_BOUND ( 'NONE', #1059, .T. ) ;
#480 = CARTESIAN_POINT ( 'NONE',  ( -75.00000000000001421, -24.99999999999999645, -10.00000000000000000 ) ) ;
#481 = VECTOR ( 'NONE', #3039, 1000.000000000000000 ) ;
#482 = ADVANCED_FACE ( 'NONE', ( #210, #2761, #450 ), #2106, .F. ) ;
#483 = ORIENTED_EDGE ( 'NONE', *, *, #1752, .F. ) ;
#484 = LINE ( 'NONE', #2594, #537 ) ;
#485 = CARTESIAN_POINT ( 'NONE',  ( 74.99999999999998579, -30.00000000000000000, -10.00000000000000000 ) ) ;
#486 = CARTESIAN_POINT ( 'NONE',  ( -67.99999999999995737, 21.99999999999986144, -6.732050807568874973 ) ) ;
#487 = DIRECTION ( 'NONE',  ( 0.000000000000000000, 0.000000000000000000, 1.000000000000000000 ) ) ;
#488 = VERTEX_POINT ( 'NONE', #3033 ) ;
#489 = VECTOR ( 'NONE', #620, 1000.000000000000000 ) ;
#490 = CARTESIAN_POINT ( 'NONE',  ( -64.99999999999995737, -21.99999999999986144, 6.732050807568874973 ) ) ;
#491 = LINE ( 'NONE', #28, #2274 ) ;
#492 = VECTOR ( 'NONE', #2950, 1000.000000000000000 ) ;
#493 = VERTEX_POINT ( 'NONE', #2058 ) ;
#494 = CARTESIAN_POINT ( 'NONE',  ( -64.99999999999995737, -21.99999999999986144, -3.267949192431121919 ) ) ;
#495 = DIRECTION ( 'NONE',  ( 0.000000000000000000, 0.000000000000000000, 1.000000000000000000 ) ) ;
#496 = CIRCLE ( 'NONE', #2220, 1.700000000000000178 ) ;
#497 = CIRCLE ( 'NONE', #837, 5.000000000000000000 ) ;
#498 = VERTEX_POINT ( 'NONE', #2531 ) ;
#499 = CARTESIAN_POINT ( 'NONE',  ( -67.99999999999995737, 27.99999999999986500, 3.267949192431120586 ) ) ;
#500 = AXIS2_PLACEMENT_3D ( 'NONE', #448, #924, #18 ) ;
#501 = EDGE_CURVE ( 'NONE', #56, #2909, #1598, .T. ) ;
#502 = LINE ( 'NONE', #2411, #1093 ) ;
#503 = AXIS2_PLACEMENT_3D ( 'NONE', #1384, #228, #1370 ) ;
#504 = DIRECTION ( 'NONE',  ( -1.000000000000000000, 0.000000000000000000, 0.000000000000000000 ) ) ;
#505 = DIRECTION ( 'NONE',  ( 0.000000000000000000, 0.4999999999999997224, -0.8660254037844388186 ) ) ;
#506 = EDGE_LOOP ( 'NONE', ( #553, #2526, #121, #2919 ) ) ;
#507 = PLANE ( 'NONE',  #918 ) ;
#508 = CARTESIAN_POINT ( 'NONE',  ( 67.99999999999995737, 21.99999999999986144, 3.267949192431121919 ) ) ;
#509 = ORIENTED_EDGE ( 'NONE', *, *, #225, .T. ) ;
#510 = LINE ( 'NONE', #2448, #597 ) ;
#511 = CARTESIAN_POINT ( 'NONE',  ( -64.99999999999995737, -27.99999999999986500, 3.267949192431120586 ) ) ;
#512 = ORIENTED_EDGE ( 'NONE', *, *, #1473, .T. ) ;
#513 = EDGE_CURVE ( 'NONE', #488, #2878, #1560, .T. ) ;
#514 = EDGE_CURVE ( 'NONE', #1047, #2456, #1806, .T. ) ;
#515 = LINE ( 'NONE', #1717, #337 ) ;
#516 = DIRECTION ( 'NONE',  ( -0.000000000000000000, 1.000000000000000000, 0.000000000000000000 ) ) ;
#517 = DIRECTION ( 'NONE',  ( 0.000000000000000000, 0.000000000000000000, 1.000000000000000000 ) ) ;
#518 = ORIENTED_EDGE ( 'NONE', *, *, #2692, .F. ) ;
#519 = EDGE_CURVE ( 'NONE', #2978, #642, #2079, .T. ) ;
#520 = VERTEX_POINT ( 'NONE', #910 ) ;
#521 = DIRECTION ( 'NONE',  ( -1.000000000000000000, 0.000000000000000000, 0.000000000000000000 ) ) ;
#522 = VERTEX_POINT ( 'NONE', #1130 ) ;
#523 = CARTESIAN_POINT ( 'NONE',  ( -67.99999999999995737, 0.000000000000000000, 0.000000000000000000 ) ) ;
#524 = CARTESIAN_POINT ( 'NONE',  ( -64.99999999999995737, -21.99999999999986144, 6.732050807568874973 ) ) ;
#525 = VERTEX_POINT ( 'NONE', #897 ) ;
#526 = AXIS2_PLACEMENT_3D ( 'NONE', #937, #750, #2359 ) ;
#527 = DIRECTION ( 'NONE',  ( 0.000000000000000000, 0.000000000000000000, 1.000000000000000000 ) ) ;
#528 = EDGE_CURVE ( 'NONE', #2443, #2609, #2984, .T. ) ;
#529 = CARTESIAN_POINT ( 'NONE',  ( 12.50000000000000000, 1.530808498934191521E-15, -10.00000000000000000 ) ) ;
#530 = CARTESIAN_POINT ( 'NONE',  ( 67.99999999999995737, 21.99999999999986144, -3.267949192431121919 ) ) ;
#531 = ORIENTED_EDGE ( 'NONE', *, *, #867, .F. ) ;
#532 = CARTESIAN_POINT ( 'NONE',  ( -67.99999999999995737, 24.99999999999986500, -1.535898384862242505 ) ) ;
#533 = EDGE_CURVE ( 'NONE', #34, #1044, #1851, .T. ) ;
#534 = EDGE_LOOP ( 'NONE', ( #612, #2511, #1835, #1149 ) ) ;
#535 = PLANE ( 'NONE',  #1643 ) ;
#536 = LINE ( 'NONE', #2482, #2963 ) ;
#537 = VECTOR ( 'NONE', #684, 1000.000000000000227 ) ;
#538 = EDGE_LOOP ( 'NONE', ( #2525, #570, #1804, #2197, #87, #675 ) ) ;
#539 = AXIS2_PLACEMENT_3D ( 'NONE', #2834, #720, #2602 ) ;
#540 = LINE ( 'NONE', #2187, #2321 ) ;
#541 = VECTOR ( 'NONE', #394, 1000.000000000000000 ) ;
#542 = ORIENTED_EDGE ( 'NONE', *, *, #253, .T. ) ;
#543 = VECTOR ( 'NONE', #942, 1000.000000000000227 ) ;
#544 = VECTOR ( 'NONE', #2759, 1000.000000000000227 ) ;
#545 = LINE ( 'NONE', #1037, #1859 ) ;
#546 = VECTOR ( 'NONE', #2675, 1000.000000000000000 ) ;
#547 = VERTEX_POINT ( 'NONE', #680 ) ;
#548 = ADVANCED_FACE ( 'NONE', ( #666, #2851, #2607 ), #1700, .F. ) ;
#549 = DIRECTION ( 'NONE',  ( 0.000000000000000000, -0.5000000000000003331, -0.8660254037844384856 ) ) ;
#550 = EDGE_LOOP ( 'NONE', ( #1375, #983, #167, #2644 ) ) ;
#551 = PLANE ( 'NONE',  #305 ) ;
#552 = LINE ( 'NONE', #318, #2401 ) ;
#553 = ORIENTED_EDGE ( 'NONE', *, *, #387, .F. ) ;
#554 = DIRECTION ( 'NONE',  ( -1.000000000000000000, -0.000000000000000000, -0.000000000000000000 ) ) ;
#555 = DIRECTION ( 'NONE',  ( 1.000000000000000000, -0.000000000000000000, -0.000000000000000000 ) ) ;
#556 = VERTEX_POINT ( 'NONE', #237 ) ;
#557 = FACE_OUTER_BOUND ( 'NONE', #1510, .T. ) ;
#558 = CARTESIAN_POINT ( 'NONE',  ( 64.99999999999998579, 20.00000000000000000, -10.00000000000000000 ) ) ;
#559 = CARTESIAN_POINT ( 'NONE',  ( -65.00000000000000000, -30.00000000000000000, -4.999999999999999112 ) ) ;
#560 = ORIENTED_EDGE ( 'NONE', *, *, #3027, .F. ) ;
#561 = EDGE_CURVE ( 'NONE', #2053, #1521, #2868, .T. ) ;
#562 = ORIENTED_EDGE ( 'NONE', *, *, #2342, .T. ) ;
#563 = CYLINDRICAL_SURFACE ( 'NONE', #2813, 4.999999999999999112 ) ;
#564 = DIRECTION ( 'NONE',  ( 1.000000000000000000, -0.000000000000000000, -0.000000000000000000 ) ) ;
#565 = ORIENTED_EDGE ( 'NONE', *, *, #225, .F. ) ;
#566 = CARTESIAN_POINT ( 'NONE',  ( -67.99999999999995737, -21.99999999999986144, 6.732050807568874973 ) ) ;
#567 = DIRECTION ( 'NONE',  ( -0.000000000000000000, 0.4999999999999995004, 0.8660254037844390407 ) ) ;
#568 = EDGE_CURVE ( 'NONE', #2553, #56, #1912, .T. ) ;
#569 = VECTOR ( 'NONE', #156, 1000.000000000000000 ) ;
#570 = ORIENTED_EDGE ( 'NONE', *, *, #42, .F. ) ;
#571 = LINE ( 'NONE', #313, #190 ) ;
#572 = VERTEX_POINT ( 'NONE', #1452 ) ;
#573 = AXIS2_PLACEMENT_3D ( 'NONE', #2783, #1402, #2389 ) ;
#574 = EDGE_LOOP ( 'NONE', ( #908, #2764, #1910, #2100 ) ) ;
#575 = PLANE ( 'NONE',  #1417 ) ;
#576 = ORIENTED_EDGE ( 'NONE', *, *, #3027, .T. ) ;
#577 = LINE ( 'NONE', #350, #2765 ) ;
#578 = DIRECTION ( 'NONE',  ( 0.000000000000000000, -0.8660254037844384856, -0.5000000000000001110 ) ) ;
#579 = VERTEX_POINT ( 'NONE', #724 ) ;
#580 = DIRECTION ( 'NONE',  ( 0.000000000000000000, 0.8660254037844384856, -0.5000000000000002220 ) ) ;
#581 = CARTESIAN_POINT ( 'NONE',  ( 74.99999999999998579, -30.00000000000000000, 10.00000000000000000 ) ) ;
#582 = CIRCLE ( 'NONE', #2317, 12.50000000000000000 ) ;
#583 = CARTESIAN_POINT ( 'NONE',  ( -64.99999999999995737, -21.99999999999986144, 3.267949192431121919 ) ) ;
#584 = VECTOR ( 'NONE', #1669, 1000.000000000000000 ) ;
#585 = ORIENTED_EDGE ( 'NONE', *, *, #379, .F. ) ;
#586 = FACE_OUTER_BOUND ( 'NONE', #239, .T. ) ;
#587 = EDGE_LOOP ( 'NONE', ( #1070, #2990, #447, #359, #1040, #152 ) ) ;
#588 = EDGE_CURVE ( 'NONE', #1796, #979, #2119, .T. ) ;
#589 = VECTOR ( 'NONE', #243, 1000.000000000000000 ) ;
#590 = STYLED_ITEM ( 'NONE', ( #2559 ), #463 ) ;
#591 = CARTESIAN_POINT ( 'NONE',  ( 67.99999999999995737, 24.99999999999995381, -5.000000000000000000 ) ) ;
#592 = DIRECTION ( 'NONE',  ( 2.775557561562890957E-15, 1.000000000000000000, 0.000000000000000000 ) ) ;
#593 = AXIS2_PLACEMENT_3D ( 'NONE', #1147, #1645, #2577 ) ;
#594 = DIRECTION ( 'NONE',  ( 0.000000000000000000, -0.8660254037844384856, 0.5000000000000002220 ) ) ;
#595 = VERTEX_POINT ( 'NONE', #2395 ) ;
#596 = DIRECTION ( 'NONE',  ( 0.000000000000000000, -0.8660254037844389297, -0.4999999999999994449 ) ) ;
#597 = VECTOR ( 'NONE', #88, 1000.000000000000000 ) ;
#598 = CARTESIAN_POINT ( 'NONE',  ( 65.00000000000000000, 27.99999999999986500, 6.732050807568877637 ) ) ;
#599 = VERTEX_POINT ( 'NONE', #524 ) ;
#600 = CARTESIAN_POINT ( 'NONE',  ( 74.99999999999998579, -24.99999999999995381, -6.700000000000001066 ) ) ;
#601 = CARTESIAN_POINT ( 'NONE',  ( -75.00000000000001421, 24.99999999999999645, -4.999999999999999112 ) ) ;
#602 = DIRECTION ( 'NONE',  ( 0.000000000000000000, 0.000000000000000000, 1.000000000000000000 ) ) ;
#603 = EDGE_CURVE ( 'NONE', #2137, #1628, #2623, .T. ) ;
#604 = EDGE_CURVE ( 'NONE', #2647, #131, #2635, .T. ) ;
#605 = ORIENTED_EDGE ( 'NONE', *, *, #344, .T. ) ;
#606 = PLANE ( 'NONE',  #1178 ) ;
#607 = ORIENTED_EDGE ( 'NONE', *, *, #2872, .F. ) ;
#608 = CARTESIAN_POINT ( 'NONE',  ( 67.99999999999995737, 21.99999999999986144, 6.732050807568874973 ) ) ;
#609 = DIRECTION ( 'NONE',  ( 1.000000000000000000, 0.000000000000000000, 0.000000000000000000 ) ) ;
#610 = VERTEX_POINT ( 'NONE', #480 ) ;
#611 = EDGE_CURVE ( 'NONE', #1566, #522, #1425, .T. ) ;
#612 = ORIENTED_EDGE ( 'NONE', *, *, #1421, .F. ) ;
#613 = CARTESIAN_POINT ( 'NONE',  ( 0.000000000000000000, -24.99999999999999645, 10.00000000000000000 ) ) ;
#614 = CARTESIAN_POINT ( 'NONE',  ( -64.99999999999995737, 27.99999999999986500, 6.732050807568878525 ) ) ;
#615 = ORIENTED_EDGE ( 'NONE', *, *, #1702, .F. ) ;
#616 = DIRECTION ( 'NONE',  ( 0.000000000000000000, -1.000000000000000000, 0.000000000000000000 ) ) ;
#617 = DIRECTION ( 'NONE',  ( -1.000000000000000000, -0.000000000000000000, -0.000000000000000000 ) ) ;
#618 = FACE_OUTER_BOUND ( 'NONE', #2489, .T. ) ;
#619 = ORIENTED_EDGE ( 'NONE', *, *, #1507, .T. ) ;
#620 = DIRECTION ( 'NONE',  ( 1.000000000000000000, 0.000000000000000000, 0.000000000000000000 ) ) ;
#621 = EDGE_LOOP ( 'NONE', ( #2038, #2052, #1823, #2894, #1667, #2572 ) ) ;
#622 = EDGE_CURVE ( 'NONE', #1628, #409, #1140, .T. ) ;
#623 = VECTOR ( 'NONE', #1893, 1000.000000000000000 ) ;
#624 = DIRECTION ( 'NONE',  ( -1.000000000000000000, -0.000000000000000000, -0.000000000000000000 ) ) ;
#625 = CARTESIAN_POINT ( 'NONE',  ( 0.000000000000000000, 0.000000000000000000, -10.00000000000000000 ) ) ;
#626 = AXIS2_PLACEMENT_3D ( 'NONE', #1359, #2477, #2299 ) ;
#627 = ORIENTED_EDGE ( 'NONE', *, *, #1854, .F. ) ;
#628 = LINE ( 'NONE', #1330, #746 ) ;
#629 = DIRECTION ( 'NONE',  ( 0.000000000000000000, 0.000000000000000000, 1.000000000000000000 ) ) ;
#630 = EDGE_CURVE ( 'NONE', #1087, #1751, #695, .T. ) ;
#631 = ORIENTED_EDGE ( 'NONE', *, *, #2162, .F. ) ;
#632 = CARTESIAN_POINT ( 'NONE',  ( -75.00000000000001421, -30.00000000000000000, 10.00000000000000000 ) ) ;
#633 = FILL_AREA_STYLE ('',( #1115 ) ) ;
#634 = PLANE ( 'NONE',  #2653 ) ;
#635 = ORIENTED_EDGE ( 'NONE', *, *, #946, .T. ) ;
#636 = VECTOR ( 'NONE', #2504, 1000.000000000000000 ) ;
#637 = DIRECTION ( 'NONE',  ( 0.000000000000000000, 0.000000000000000000, -1.000000000000000000 ) ) ;
#638 = ORIENTED_EDGE ( 'NONE', *, *, #406, .F. ) ;
#639 = VECTOR ( 'NONE', #3037, 1000.000000000000227 ) ;
#640 = DIRECTION ( 'NONE',  ( 0.000000000000000000, -0.8660254037844384856, 0.5000000000000001110 ) ) ;
#641 = DIRECTION ( 'NONE',  ( 0.000000000000000000, 0.5000000000000003331, -0.8660254037844385966 ) ) ;
#642 = VERTEX_POINT ( 'NONE', #2590 ) ;
#643 = VECTOR ( 'NONE', #1646, 1000.000000000000000 ) ;
#644 = EDGE_CURVE ( 'NONE', #1192, #2114, #1209, .T. ) ;
#645 = EDGE_CURVE ( 'NONE', #2087, #2056, #254, .T. ) ;
#646 = EDGE_LOOP ( 'NONE', ( #1496, #2767, #2642, #875 ) ) ;
#647 = LINE ( 'NONE', #1754, #1096 ) ;
#648 = CARTESIAN_POINT ( 'NONE',  ( -75.00000000000001421, 30.00000000000000000, 10.00000000000000000 ) ) ;
#649 = VECTOR ( 'NONE', #2842, 1000.000000000000000 ) ;
#650 =( GEOMETRIC_REPRESENTATION_CONTEXT ( 3 ) GLOBAL_UNCERTAINTY_ASSIGNED_CONTEXT ( ( #3025 ) ) GLOBAL_UNIT_ASSIGNED_CONTEXT ( ( #3042, #2344, #430 ) ) REPRESENTATION_CONTEXT ( 'NONE', 'WORKASPACE' ) );
#651 = ORIENTED_EDGE ( 'NONE', *, *, #1134, .T. ) ;
#652 = DIRECTION ( 'NONE',  ( 0.000000000000000000, -1.000000000000000000, 0.000000000000000000 ) ) ;
#653 = DIRECTION ( 'NONE',  ( 0.000000000000000000, 0.8660254037844384856, -0.5000000000000002220 ) ) ;
#654 = ORIENTED_EDGE ( 'NONE', *, *, #2869, .T. ) ;
#655 = DIRECTION ( 'NONE',  ( 0.000000000000000000, 0.000000000000000000, -1.000000000000000000 ) ) ;
#656 = ORIENTED_EDGE ( 'NONE', *, *, #1834, .T. ) ;
#657 = LINE ( 'NONE', #1603, #639 ) ;
#658 = DIRECTION ( 'NONE',  ( 1.000000000000000000, -0.000000000000000000, -0.000000000000000000 ) ) ;
#659 = PLANE ( 'NONE',  #1222 ) ;
#660 = EDGE_LOOP ( 'NONE', ( #2347, #1865, #2323, #860, #2242, #1592 ) ) ;
#661 = DIRECTION ( 'NONE',  ( -1.000000000000000000, 0.000000000000000000, -0.000000000000000000 ) ) ;
#662 = DIRECTION ( 'NONE',  ( 0.000000000000000000, -0.4999999999999997224, 0.8660254037844388186 ) ) ;
#663 = EDGE_CURVE ( 'NONE', #1010, #923, #2578, .T. ) ;
#664 = ORIENTED_EDGE ( 'NONE', *, *, #2160, .T. ) ;
#665 = DIRECTION ( 'NONE',  ( 0.000000000000000000, -0.8660254037844388186, 0.4999999999999996669 ) ) ;
#666 = FACE_OUTER_BOUND ( 'NONE', #587, .T. ) ;
#667 = EDGE_LOOP ( 'NONE', ( #1360, #1944, #2897, #1259 ) ) ;
#668 = FACE_OUTER_BOUND ( 'NONE', #2287, .T. ) ;
#669 = EDGE_CURVE ( 'NONE', #2571, #751, #740, .T. ) ;
#670 = DIRECTION ( 'NONE',  ( -1.000000000000000000, 1.387778780781446070E-15, -0.000000000000000000 ) ) ;
#671 = FACE_OUTER_BOUND ( 'NONE', #1215, .T. ) ;
#672 = CARTESIAN_POINT ( 'NONE',  ( -67.99999999999995737, -24.99999999999986500, 1.535898384862242505 ) ) ;
#673 = ORIENTED_EDGE ( 'NONE', *, *, #1371, .F. ) ;
#674 = VECTOR ( 'NONE', #2289, 1000.000000000000000 ) ;
#675 = ORIENTED_EDGE ( 'NONE', *, *, #2968, .F. ) ;
#676 = CARTESIAN_POINT ( 'NONE',  ( -67.99999999999995737, -21.99999999999986144, -3.267949192431121919 ) ) ;
#677 = AXIS2_PLACEMENT_3D ( 'NONE', #1798, #641, #1830 ) ;
#678 = ORIENTED_EDGE ( 'NONE', *, *, #1381, .F. ) ;
#679 = LINE ( 'NONE', #723, #1688 ) ;
#680 = CARTESIAN_POINT ( 'NONE',  ( 64.99999999999995737, 24.99999999999986144, 8.464101615137755275 ) ) ;
#681 = VECTOR ( 'NONE', #1601, 1000.000000000000000 ) ;
#682 = VERTEX_POINT ( 'NONE', #985 ) ;
#683 = EDGE_CURVE ( 'NONE', #2164, #384, #299, .T. ) ;
#684 = DIRECTION ( 'NONE',  ( 0.000000000000000000, 0.8660254037844384856, -0.5000000000000001110 ) ) ;
#685 = PLANE ( 'NONE',  #503 ) ;
#686 = LINE ( 'NONE', #2795, #1921 ) ;
#687 = LINE ( 'NONE', #456, #2163 ) ;
#688 = VERTEX_POINT ( 'NONE', #1466 ) ;
#689 = CARTESIAN_POINT ( 'NONE',  ( 64.99999999999995737, 27.99999999999986500, -3.267949192431120586 ) ) ;
#690 = DIRECTION ( 'NONE',  ( 1.000000000000000000, -0.000000000000000000, -0.000000000000000000 ) ) ;
#691 = VECTOR ( 'NONE', #2828, 1000.000000000000000 ) ;
#692 = ORIENTED_EDGE ( 'NONE', *, *, #2306, .F. ) ;
#693 = PLANE ( 'NONE',  #593 ) ;
#694 = AXIS2_PLACEMENT_3D ( 'NONE', #2544, #404, #1100 ) ;
#695 = LINE ( 'NONE', #511, #1586 ) ;
#696 = VECTOR ( 'NONE', #2073, 1000.000000000000000 ) ;
#697 = ORIENTED_EDGE ( 'NONE', *, *, #2713, .T. ) ;
#698 = VECTOR ( 'NONE', #739, 1000.000000000000000 ) ;
#699 = CARTESIAN_POINT ( 'NONE',  ( -64.99999999999995737, -24.99999999999986500, 1.535898384862242505 ) ) ;
#700 = EDGE_CURVE ( 'NONE', #2286, #175, #1778, .T. ) ;
#701 = EDGE_CURVE ( 'NONE', #955, #2070, #449, .T. ) ;
#702 = FACE_OUTER_BOUND ( 'NONE', #646, .T. ) ;
#703 = DIRECTION ( 'NONE',  ( 0.000000000000000000, 0.000000000000000000, -1.000000000000000000 ) ) ;
#704 = DIRECTION ( 'NONE',  ( -1.000000000000000000, -0.000000000000000000, -0.000000000000000000 ) ) ;
#705 = ORIENTED_EDGE ( 'NONE', *, *, #1571, .T. ) ;
#706 = PLANE ( 'NONE',  #1067 ) ;
#707 = CARTESIAN_POINT ( 'NONE',  ( -64.99999999999995737, -21.99999999999986144, 3.267949192431121919 ) ) ;
#708 = EDGE_CURVE ( 'NONE', #2239, #1168, #497, .T. ) ;
#709 = EDGE_LOOP ( 'NONE', ( #1309, #800, #755, #320, #1922, #2981 ) ) ;
#710 = DIRECTION ( 'NONE',  ( 0.000000000000000000, -0.000000000000000000, -1.000000000000000000 ) ) ;
#711 = DIRECTION ( 'NONE',  ( 0.000000000000000000, 0.000000000000000000, 1.000000000000000000 ) ) ;
#712 = VERTEX_POINT ( 'NONE', #2349 ) ;
#713 = CARTESIAN_POINT ( 'NONE',  ( -67.99999999999995737, -21.99999999999986144, 6.732050807568874973 ) ) ;
#714 = CARTESIAN_POINT ( 'NONE',  ( 74.99999999999998579, 24.99999999999995381, 6.700000000000000178 ) ) ;
#715 = PLANE ( 'NONE',  #2322 ) ;
#716 = DIRECTION ( 'NONE',  ( -0.000000000000000000, -0.000000000000000000, -1.000000000000000000 ) ) ;
#717 = ORIENTED_EDGE ( 'NONE', *, *, #568, .T. ) ;
#718 = DIRECTION ( 'NONE',  ( 0.000000000000000000, 0.000000000000000000, -1.000000000000000000 ) ) ;
#719 = ADVANCED_FACE ( 'NONE', ( #2209 ), #1942, .F. ) ;
#720 = DIRECTION ( 'NONE',  ( 1.000000000000000000, -0.000000000000000000, -0.000000000000000000 ) ) ;
#721 = VECTOR ( 'NONE', #1608, 1000.000000000000000 ) ;
#722 = ORIENTED_EDGE ( 'NONE', *, *, #886, .T. ) ;
#723 = CARTESIAN_POINT ( 'NONE',  ( 67.99999999999995737, 27.99999999999986500, -3.267949192431120586 ) ) ;
#724 = CARTESIAN_POINT ( 'NONE',  ( 74.99999999999998579, 24.99999999999995381, -6.700000000000001066 ) ) ;
#725 = EDGE_CURVE ( 'NONE', #1531, #923, #1772, .T. ) ;
#726 = AXIS2_PLACEMENT_3D ( 'NONE', #747, #801, #2628 ) ;
#727 = ORIENTED_EDGE ( 'NONE', *, *, #770, .T. ) ;
#728 = CARTESIAN_POINT ( 'NONE',  ( -75.00000000000001421, 24.99999999999999645, -4.999999999999999112 ) ) ;
#729 = DIRECTION ( 'NONE',  ( 0.000000000000000000, 1.000000000000000000, 0.000000000000000000 ) ) ;
#730 = FACE_OUTER_BOUND ( 'NONE', #2221, .T. ) ;
#731 = CARTESIAN_POINT ( 'NONE',  ( 64.99999999999995737, -24.99999999999986144, -8.464101615137755275 ) ) ;
#732 = ORIENTED_EDGE ( 'NONE', *, *, #611, .T. ) ;
#733 = FACE_OUTER_BOUND ( 'NONE', #1453, .T. ) ;
#734 = FACE_OUTER_BOUND ( 'NONE', #2671, .T. ) ;
#735 = EDGE_CURVE ( 'NONE', #1647, #246, #536, .T. ) ;
#736 = AXIS2_PLACEMENT_3D ( 'NONE', #2245, #863, #1352 ) ;
#737 = EDGE_CURVE ( 'NONE', #881, #2571, #2880, .T. ) ;
#738 = ORIENTED_EDGE ( 'NONE', *, *, #708, .F. ) ;
#739 = DIRECTION ( 'NONE',  ( 0.000000000000000000, -0.8660254037844388186, -0.4999999999999996669 ) ) ;
#740 = LINE ( 'NONE', #1689, #100 ) ;
#741 = ORIENTED_EDGE ( 'NONE', *, *, #701, .T. ) ;
#742 = DIRECTION ( 'NONE',  ( 0.000000000000000000, 0.8660254037844389297, 0.4999999999999993894 ) ) ;
#743 = VECTOR ( 'NONE', #2558, 1000.000000000000000 ) ;
#744 = EDGE_CURVE ( 'NONE', #1993, #1228, #778, .T. ) ;
#745 = DIRECTION ( 'NONE',  ( 1.000000000000000000, -0.000000000000000000, -0.000000000000000000 ) ) ;
#746 = VECTOR ( 'NONE', #2755, 1000.000000000000000 ) ;
#747 = CARTESIAN_POINT ( 'NONE',  ( 67.99999999999995737, 24.99999999999986144, 8.464101615137755275 ) ) ;
#748 = ORIENTED_EDGE ( 'NONE', *, *, #2417, .F. ) ;
#749 = ORIENTED_EDGE ( 'NONE', *, *, #951, .F. ) ;
#750 = DIRECTION ( 'NONE',  ( 1.000000000000000000, -0.000000000000000000, 0.000000000000000000 ) ) ;
#751 = VERTEX_POINT ( 'NONE', #1506 ) ;
#752 = CARTESIAN_POINT ( 'NONE',  ( 65.00000000000000000, -30.00000000000000000, -10.00000000000000000 ) ) ;
#753 = DIRECTION ( 'NONE',  ( -1.000000000000000000, -0.000000000000000000, -0.000000000000000000 ) ) ;
#754 = EDGE_CURVE ( 'NONE', #1751, #928, #1302, .T. ) ;
#755 = ORIENTED_EDGE ( 'NONE', *, *, #66, .T. ) ;
#756 = DIRECTION ( 'NONE',  ( -1.000000000000000000, -0.000000000000000000, -0.000000000000000000 ) ) ;
#757 = LINE ( 'NONE', #1005, #649 ) ;
#758 = DIRECTION ( 'NONE',  ( 1.000000000000000000, -0.000000000000000000, -0.000000000000000000 ) ) ;
#759 = ORIENTED_EDGE ( 'NONE', *, *, #2986, .T. ) ;
#760 = ADVANCED_FACE ( 'NONE', ( #2256 ), #2709, .F. ) ;
#761 = ORIENTED_EDGE ( 'NONE', *, *, #2987, .F. ) ;
#762 = DIRECTION ( 'NONE',  ( 0.000000000000000000, 0.000000000000000000, 1.000000000000000000 ) ) ;
#763 = ORIENTED_EDGE ( 'NONE', *, *, #60, .F. ) ;
#764 = LINE ( 'NONE', #1235, #2034 ) ;
#765 = DIRECTION ( 'NONE',  ( -1.000000000000000000, 0.000000000000000000, -0.000000000000000000 ) ) ;
#766 = ORIENTED_EDGE ( 'NONE', *, *, #473, .T. ) ;
#767 = VECTOR ( 'NONE', #1817, 1000.000000000000227 ) ;
#768 = CARTESIAN_POINT ( 'NONE',  ( 74.99999999999998579, -24.99999999999995381, -5.000000000000000000 ) ) ;
#769 = AXIS2_PLACEMENT_3D ( 'NONE', #625, #1073, #1091 ) ;
#770 = EDGE_CURVE ( 'NONE', #547, #2878, #2915, .T. ) ;
#771 = CARTESIAN_POINT ( 'NONE',  ( -12.50000000000000000, 0.000000000000000000, 10.00000000000000000 ) ) ;
#772 = CARTESIAN_POINT ( 'NONE',  ( -67.99999999999995737, 24.99999999999986500, 1.535898384862242505 ) ) ;
#773 = LINE ( 'NONE', #470, #1728 ) ;
#774 = PLANE ( 'NONE',  #1665 ) ;
#775 = ORIENTED_EDGE ( 'NONE', *, *, #2700, .F. ) ;
#776 = ORIENTED_EDGE ( 'NONE', *, *, #898, .F. ) ;
#777 = CARTESIAN_POINT ( 'NONE',  ( 67.99999999999995737, -24.99999999999986500, -1.535898384862242505 ) ) ;
#778 = LINE ( 'NONE', #808, #79 ) ;
#779 = CIRCLE ( 'NONE', #2510, 5.000000000000000888 ) ;
#780 = ORIENTED_EDGE ( 'NONE', *, *, #735, .F. ) ;
#781 = AXIS2_PLACEMENT_3D ( 'NONE', #2731, #1513, #1049 ) ;
#782 = LINE ( 'NONE', #1960, #51 ) ;
#783 = LINE ( 'NONE', #283, #2021 ) ;
#784 = ORIENTED_EDGE ( 'NONE', *, *, #287, .F. ) ;
#785 = DIRECTION ( 'NONE',  ( -1.000000000000000000, 0.000000000000000000, -0.000000000000000000 ) ) ;
#786 = ORIENTED_EDGE ( 'NONE', *, *, #1818, .T. ) ;
#787 = ADVANCED_FACE ( 'NONE', ( #1727 ), #2435, .F. ) ;
#788 = EDGE_CURVE ( 'NONE', #2396, #688, #134, .T. ) ;
#789 = PRODUCT_DEFINITION_FORMATION_WITH_SPECIFIED_SOURCE ( 'ANY', '', #103, .NOT_KNOWN. ) ;
#790 = VERTEX_POINT ( 'NONE', #2223 ) ;
#791 = DIRECTION ( 'NONE',  ( 0.000000000000000000, -0.8660254037844388186, -0.4999999999999997224 ) ) ;
#792 = ORIENTED_EDGE ( 'NONE', *, *, #2216, .T. ) ;
#793 = VERTEX_POINT ( 'NONE', #2646 ) ;
#794 = FACE_BOUND ( 'NONE', #1691, .T. ) ;
#795 = DIRECTION ( 'NONE',  ( -0.000000000000000000, 0.8660254037844389297, 0.4999999999999993894 ) ) ;
#796 = ADVANCED_FACE ( 'NONE', ( #1478 ), #1523, .T. ) ;
#797 = VERTEX_POINT ( 'NONE', #598 ) ;
#798 = LINE ( 'NONE', #77, #446 ) ;
#799 = DIRECTION ( 'NONE',  ( 0.000000000000000000, 0.4999999999999997224, 0.8660254037844388186 ) ) ;
#800 = ORIENTED_EDGE ( 'NONE', *, *, #1652, .T. ) ;
#801 = DIRECTION ( 'NONE',  ( 0.000000000000000000, 0.5000000000000003331, -0.8660254037844385966 ) ) ;
#802 = LINE ( 'NONE', #1749, #1527 ) ;
#803 = FACE_BOUND ( 'NONE', #1379, .T. ) ;
#804 = EDGE_LOOP ( 'NONE', ( #2429, #2621, #1746, #2743 ) ) ;
#805 = EDGE_CURVE ( 'NONE', #2863, #2037, #308, .T. ) ;
#806 = ORIENTED_EDGE ( 'NONE', *, *, #30, .F. ) ;
#807 = CARTESIAN_POINT ( 'NONE',  ( 64.99999999999995737, 27.99999999999986500, 3.267949192431120586 ) ) ;
#808 = CARTESIAN_POINT ( 'NONE',  ( 65.00000000000000000, -30.00000000000000000, -10.00000000000000000 ) ) ;
#809 = ADVANCED_FACE ( 'NONE', ( #74 ), #1494, .F. ) ;
#810 = ORIENTED_EDGE ( 'NONE', *, *, #2033, .F. ) ;
#811 = LINE ( 'NONE', #192, #401 ) ;
#812 = FACE_OUTER_BOUND ( 'NONE', #291, .T. ) ;
#813 = CARTESIAN_POINT ( 'NONE',  ( 74.99999999999998579, -24.99999999999999645, 10.00000000000000000 ) ) ;
#814 = AXIS2_PLACEMENT_3D ( 'NONE', #109, #2945, #1956 ) ;
#815 = EDGE_LOOP ( 'NONE', ( #1464, #542 ) ) ;
#816 = PLANE ( 'NONE',  #1025 ) ;
#817 = ORIENTED_EDGE ( 'NONE', *, *, #159, .F. ) ;
#818 = AXIS2_PLACEMENT_3D ( 'NONE', #1487, #2669, #2400 ) ;
#819 = CARTESIAN_POINT ( 'NONE',  ( 67.99999999999995737, -24.99999999999986144, -8.464101615137755275 ) ) ;
#820 = FACE_OUTER_BOUND ( 'NONE', #574, .T. ) ;
#821 = CARTESIAN_POINT ( 'NONE',  ( 74.99999999999998579, -30.00000000000000000, -4.999999999999999112 ) ) ;
#822 = ORIENTED_EDGE ( 'NONE', *, *, #319, .F. ) ;
#823 = PLANE ( 'NONE',  #2971 ) ;
#824 = CARTESIAN_POINT ( 'NONE',  ( 67.99999999999995737, 24.99999999999995381, 5.000000000000000000 ) ) ;
#825 = EDGE_CURVE ( 'NONE', #2236, #312, #2690, .T. ) ;
#826 = EDGE_CURVE ( 'NONE', #525, #2505, #552, .T. ) ;
#827 = ORIENTED_EDGE ( 'NONE', *, *, #457, .F. ) ;
#828 = DIRECTION ( 'NONE',  ( 1.000000000000000000, -0.000000000000000000, -0.000000000000000000 ) ) ;
#829 = CARTESIAN_POINT ( 'NONE',  ( 65.00000000000000000, 30.00000000000000000, 4.999999999999999112 ) ) ;
#830 = DIRECTION ( 'NONE',  ( -1.000000000000000000, -0.000000000000000000, -0.000000000000000000 ) ) ;
#831 = VECTOR ( 'NONE', #348, 1000.000000000000000 ) ;
#832 = ORIENTED_EDGE ( 'NONE', *, *, #519, .T. ) ;
#833 = LINE ( 'NONE', #851, #489 ) ;
#834 = EDGE_LOOP ( 'NONE', ( #474, #413, #2454, #1256 ) ) ;
#835 = VECTOR ( 'NONE', #1977, 1000.000000000000000 ) ;
#836 = EDGE_CURVE ( 'NONE', #2878, #682, #2463, .T. ) ;
#837 = AXIS2_PLACEMENT_3D ( 'NONE', #2184, #971, #466 ) ;
#838 = CARTESIAN_POINT ( 'NONE',  ( -65.00000000000000000, -30.00000000000000000, -4.999999999999999112 ) ) ;
#839 = PLANE ( 'NONE',  #432 ) ;
#840 = EDGE_LOOP ( 'NONE', ( #43, #2720 ) ) ;
#841 = VECTOR ( 'NONE', #594, 1000.000000000000227 ) ;
#842 = VERTEX_POINT ( 'NONE', #1061 ) ;
#843 = CARTESIAN_POINT ( 'NONE',  ( -67.99999999999995737, 27.99999999999986500, -6.732050807568878525 ) ) ;
#844 = DIRECTION ( 'NONE',  ( 0.000000000000000000, 0.000000000000000000, 1.000000000000000000 ) ) ;
#845 = ORIENTED_EDGE ( 'NONE', *, *, #1887, .T. ) ;
#846 = EDGE_CURVE ( 'NONE', #1332, #1927, #282, .T. ) ;
#847 = CARTESIAN_POINT ( 'NONE',  ( -75.00000000000001421, -24.99999999999995381, -3.299999999999999822 ) ) ;
#848 = DIRECTION ( 'NONE',  ( 0.000000000000000000, 0.000000000000000000, -1.000000000000000000 ) ) ;
#849 = CYLINDRICAL_SURFACE ( 'NONE', #781, 5.000000000000000000 ) ;
#850 = VERTEX_POINT ( 'NONE', #877 ) ;
#851 = CARTESIAN_POINT ( 'NONE',  ( 0.000000000000000000, -20.00000000000000000, 10.00000000000000000 ) ) ;
#852 = ORIENTED_EDGE ( 'NONE', *, *, #1736, .T. ) ;
#853 = EDGE_CURVE ( 'NONE', #2681, #1993, #400, .T. ) ;
#854 = LINE ( 'NONE', #608, #1187 ) ;
#855 = DIRECTION ( 'NONE',  ( 0.000000000000000000, 0.000000000000000000, 1.000000000000000000 ) ) ;
#856 = ORIENTED_EDGE ( 'NONE', *, *, #1347, .T. ) ;
#857 = EDGE_LOOP ( 'NONE', ( #2147, #2425, #345, #562 ) ) ;
#858 = DIRECTION ( 'NONE',  ( 0.000000000000000000, -0.8660254037844388186, -0.4999999999999996669 ) ) ;
#859 = CARTESIAN_POINT ( 'NONE',  ( -67.99999999999995737, 27.99999999999986500, -6.732050807568878525 ) ) ;
#860 = ORIENTED_EDGE ( 'NONE', *, *, #206, .T. ) ;
#861 = DIRECTION ( 'NONE',  ( 0.000000000000000000, -0.000000000000000000, -1.000000000000000000 ) ) ;
#862 = DIRECTION ( 'NONE',  ( -0.000000000000000000, -0.000000000000000000, 1.000000000000000000 ) ) ;
#863 = DIRECTION ( 'NONE',  ( 1.000000000000000000, 0.000000000000000000, 0.000000000000000000 ) ) ;
#864 = EDGE_LOOP ( 'NONE', ( #353, #1966, #429, #1177 ) ) ;
#865 = DIRECTION ( 'NONE',  ( -0.000000000000000000, 1.000000000000000000, 0.000000000000000000 ) ) ;
#866 = ORIENTED_EDGE ( 'NONE', *, *, #3034, .F. ) ;
#867 = EDGE_CURVE ( 'NONE', #2668, #2226, #1078, .T. ) ;
#868 = CIRCLE ( 'NONE', #1904, 5.000000000000000000 ) ;
#869 = EDGE_CURVE ( 'NONE', #2947, #2473, #1855, .T. ) ;
#870 = CARTESIAN_POINT ( 'NONE',  ( 67.99999999999995737, 21.99999999999986144, 3.267949192431121919 ) ) ;
#871 = FACE_OUTER_BOUND ( 'NONE', #2166, .T. ) ;
#872 = AXIS2_PLACEMENT_3D ( 'NONE', #1965, #2640, #2651 ) ;
#873 = ORIENTED_EDGE ( 'NONE', *, *, #528, .F. ) ;
#874 = ORIENTED_EDGE ( 'NONE', *, *, #1197, .T. ) ;
#875 = ORIENTED_EDGE ( 'NONE', *, *, #501, .F. ) ;
#876 = LINE ( 'NONE', #807, #2424 ) ;
#877 = CARTESIAN_POINT ( 'NONE',  ( 64.99999999999995737, -24.99999999999986500, -1.535898384862242505 ) ) ;
#878 = EDGE_LOOP ( 'NONE', ( #1223, #2907, #2684, #2427 ) ) ;
#879 = DIRECTION ( 'NONE',  ( 0.000000000000000000, -0.000000000000000000, 1.000000000000000000 ) ) ;
#880 =( NAMED_UNIT ( * ) SI_UNIT ( $, .STERADIAN. ) SOLID_ANGLE_UNIT ( ) );
#881 = VERTEX_POINT ( 'NONE', #2019 ) ;
#882 = FACE_OUTER_BOUND ( 'NONE', #1773, .T. ) ;
#883 = ORIENTED_EDGE ( 'NONE', *, *, #1015, .T. ) ;
#884 = CARTESIAN_POINT ( 'NONE',  ( -65.00000000000000000, -20.00000000000000000, -10.00000000000000000 ) ) ;
#885 = CARTESIAN_POINT ( 'NONE',  ( 67.99999999999995737, -24.99999999999986144, -8.464101615137755275 ) ) ;
#886 = EDGE_CURVE ( 'NONE', #327, #2447, #906, .T. ) ;
#887 = VECTOR ( 'NONE', #1902, 1000.000000000000000 ) ;
#888 = CARTESIAN_POINT ( 'NONE',  ( 67.99999999999995737, 21.99999999999986144, 3.267949192431121919 ) ) ;
#889 = VECTOR ( 'NONE', #2320, 1000.000000000000000 ) ;
#890 = ORIENTED_EDGE ( 'NONE', *, *, #2496, .T. ) ;
#891 = SHAPE_DEFINITION_REPRESENTATION ( #2155, #1186 ) ;
#892 = CARTESIAN_POINT ( 'NONE',  ( 64.99999999999995737, 21.99999999999986144, -3.267949192431121919 ) ) ;
#893 = VECTOR ( 'NONE', #1820, 1000.000000000000227 ) ;
#894 = VECTOR ( 'NONE', #399, 1000.000000000000000 ) ;
#895 = VERTEX_POINT ( 'NONE', #859 ) ;
#896 = CARTESIAN_POINT ( 'NONE',  ( 64.99999999999995737, -27.99999999999986500, 3.267949192431120586 ) ) ;
#897 = CARTESIAN_POINT ( 'NONE',  ( -65.00000000000002842, 24.99999999999986144, 8.464101615137764156 ) ) ;
#898 = EDGE_CURVE ( 'NONE', #2210, #131, #1376, .T. ) ;
#899 = EDGE_LOOP ( 'NONE', ( #398, #786, #2625, #2688 ) ) ;
#900 = DIRECTION ( 'NONE',  ( 0.000000000000000000, -0.8660254037844389297, -0.4999999999999994449 ) ) ;
#901 = DIRECTION ( 'NONE',  ( 1.000000000000000000, -0.000000000000000000, 0.000000000000000000 ) ) ;
#902 = DIRECTION ( 'NONE',  ( 0.000000000000000000, -1.000000000000000000, -0.000000000000000000 ) ) ;
#903 = CARTESIAN_POINT ( 'NONE',  ( 65.00000000000000000, -30.00000000000000000, -4.999999999999999112 ) ) ;
#904 = ORIENTED_EDGE ( 'NONE', *, *, #2932, .F. ) ;
#905 = DIRECTION ( 'NONE',  ( 0.000000000000000000, -0.8660254037844384856, -0.5000000000000002220 ) ) ;
#906 = LINE ( 'NONE', #648, #1563 ) ;
#907 = EDGE_CURVE ( 'NONE', #1047, #2443, #2004, .T. ) ;
#908 = ORIENTED_EDGE ( 'NONE', *, *, #978, .F. ) ;
#909 = CARTESIAN_POINT ( 'NONE',  ( -67.99999999999995737, -24.99999999999986500, -1.535898384862242505 ) ) ;
#910 = CARTESIAN_POINT ( 'NONE',  ( 65.00000000000000000, -24.99999999999999645, 10.00000000000000000 ) ) ;
#911 = EDGE_CURVE ( 'NONE', #1307, #97, #1847, .T. ) ;
#912 = VERTEX_POINT ( 'NONE', #2495 ) ;
#913 = CARTESIAN_POINT ( 'NONE',  ( -67.99999999999995737, 24.99999999999986144, 8.464101615137755275 ) ) ;
#914 = LINE ( 'NONE', #2768, #1233 ) ;
#915 = DIRECTION ( 'NONE',  ( 1.000000000000000000, -0.000000000000000000, -0.000000000000000000 ) ) ;
#916 = LINE ( 'NONE', #1858, #1124 ) ;
#917 = ORIENTED_EDGE ( 'NONE', *, *, #2280, .T. ) ;
#918 = AXIS2_PLACEMENT_3D ( 'NONE', #1448, #549, #1490 ) ;
#919 = ORIENTED_EDGE ( 'NONE', *, *, #216, .T. ) ;
#920 = PLANE ( 'NONE',  #2352 ) ;
#921 = CARTESIAN_POINT ( 'NONE',  ( 65.00000000000000000, -24.99999999999999645, -10.00000000000000000 ) ) ;
#922 = AXIS2_PLACEMENT_3D ( 'NONE', #1734, #325, #286 ) ;
#923 = VERTEX_POINT ( 'NONE', #614 ) ;
#924 = DIRECTION ( 'NONE',  ( -1.000000000000000000, 0.000000000000000000, -0.000000000000000000 ) ) ;
#925 = DIRECTION ( 'NONE',  ( 0.000000000000000000, 2.775557561562891745E-15, -1.000000000000000000 ) ) ;
#926 = ADVANCED_FACE ( 'NONE', ( #1624, #383 ), #1331, .T. ) ;
#927 = EDGE_CURVE ( 'NONE', #1606, #2732, #1097, .T. ) ;
#928 = VERTEX_POINT ( 'NONE', #2040 ) ;
#929 = CYLINDRICAL_SURFACE ( 'NONE', #92, 4.999999999999999112 ) ;
#930 = FACE_BOUND ( 'NONE', #1447, .T. ) ;
#931 = DIRECTION ( 'NONE',  ( 0.000000000000000000, -0.8660254037844384856, 0.5000000000000002220 ) ) ;
#932 = DIRECTION ( 'NONE',  ( 0.000000000000000000, 0.000000000000000000, -1.000000000000000000 ) ) ;
#933 = ADVANCED_FACE ( 'NONE', ( #1803 ), #2741, .T. ) ;
#934 = AXIS2_PLACEMENT_3D ( 'NONE', #2840, #21, #2337 ) ;
#935 = VECTOR ( 'NONE', #410, 1000.000000000000000 ) ;
#936 = ORIENTED_EDGE ( 'NONE', *, *, #725, .F. ) ;
#937 = CARTESIAN_POINT ( 'NONE',  ( 0.000000000000000000, -24.99999999999999645, 5.000000000000000000 ) ) ;
#938 = LINE ( 'NONE', #1406, #831 ) ;
#939 = AXIS2_PLACEMENT_3D ( 'NONE', #424, #1152, #2096 ) ;
#940 = EDGE_LOOP ( 'NONE', ( #90, #86, #2838, #2912 ) ) ;
#941 = DIRECTION ( 'NONE',  ( 0.000000000000000000, -1.000000000000000000, 0.000000000000000000 ) ) ;
#942 = DIRECTION ( 'NONE',  ( 0.000000000000000000, -0.8660254037844384856, -0.5000000000000001110 ) ) ;
#943 = EDGE_CURVE ( 'NONE', #1535, #2107, #431, .T. ) ;
#944 = ORIENTED_EDGE ( 'NONE', *, *, #2148, .F. ) ;
#945 = DIRECTION ( 'NONE',  ( 0.000000000000000000, -0.8660254037844384856, -0.5000000000000001110 ) ) ;
#946 = EDGE_CURVE ( 'NONE', #2440, #2960, #868, .T. ) ;
#947 = CARTESIAN_POINT ( 'NONE',  ( -67.99999999999995737, 0.000000000000000000, 0.000000000000000000 ) ) ;
#948 = CARTESIAN_POINT ( 'NONE',  ( 74.99999999999998579, 30.00000000000000000, 10.00000000000000000 ) ) ;
#949 = CARTESIAN_POINT ( 'NONE',  ( 67.99999999999995737, 21.99999999999986144, -6.732050807568874973 ) ) ;
#950 = ORIENTED_EDGE ( 'NONE', *, *, #2450, .F. ) ;
#951 = EDGE_CURVE ( 'NONE', #2070, #955, #35, .T. ) ;
#952 = ORIENTED_EDGE ( 'NONE', *, *, #1818, .F. ) ;
#953 = LINE ( 'NONE', #2618, #623 ) ;
#954 = CARTESIAN_POINT ( 'NONE',  ( -64.99999999999995737, 27.99999999999986500, -3.267949192431120586 ) ) ;
#955 = VERTEX_POINT ( 'NONE', #415 ) ;
#956 = CARTESIAN_POINT ( 'NONE',  ( 74.99999999999998579, 24.99999999999995381, -5.000000000000000000 ) ) ;
#957 = CARTESIAN_POINT ( 'NONE',  ( -65.00000000000000000, -30.00000000000000000, -10.00000000000000000 ) ) ;
#958 = ORIENTED_EDGE ( 'NONE', *, *, #1934, .T. ) ;
#959 = CARTESIAN_POINT ( 'NONE',  ( -75.00000000000001421, -24.99999999999995381, -5.000000000000000000 ) ) ;
#960 = CARTESIAN_POINT ( 'NONE',  ( 67.99999999999995737, 27.99999999999986500, -6.732050807568878525 ) ) ;
#961 = DIRECTION ( 'NONE',  ( 0.000000000000000000, 0.000000000000000000, 1.000000000000000000 ) ) ;
#962 = CARTESIAN_POINT ( 'NONE',  ( -64.99999999999995737, -24.99999999999986144, 8.464101615137755275 ) ) ;
#963 = EDGE_CURVE ( 'NONE', #1411, #1862, #1362, .T. ) ;
#964 = EDGE_CURVE ( 'NONE', #1432, #989, #189, .T. ) ;
#965 = ORIENTED_EDGE ( 'NONE', *, *, #2333, .F. ) ;
#966 = DIRECTION ( 'NONE',  ( 0.000000000000000000, -1.000000000000000000, 0.000000000000000000 ) ) ;
#967 = DIRECTION ( 'NONE',  ( 1.387778780781445873E-15, 1.000000000000000000, -0.000000000000000000 ) ) ;
#968 = VECTOR ( 'NONE', #123, 1000.000000000000000 ) ;
#969 = EDGE_LOOP ( 'NONE', ( #741, #306 ) ) ;
#970 = LINE ( 'NONE', #62, #259 ) ;
#971 = DIRECTION ( 'NONE',  ( 1.000000000000000000, -0.000000000000000000, -0.000000000000000000 ) ) ;
#972 = VECTOR ( 'NONE', #2329, 1000.000000000000227 ) ;
#973 = ADVANCED_FACE ( 'NONE', ( #3013, #2541 ), #2316, .T. ) ;
#974 = EDGE_LOOP ( 'NONE', ( #1696, #40 ) ) ;
#975 = DIRECTION ( 'NONE',  ( 1.000000000000000000, -0.000000000000000000, -0.000000000000000000 ) ) ;
#976 = CARTESIAN_POINT ( 'NONE',  ( 67.99999999999995737, 24.99999999999995381, 3.299999999999999378 ) ) ;
#977 = DIRECTION ( 'NONE',  ( -1.000000000000000000, -0.000000000000000000, -0.000000000000000000 ) ) ;
#978 = EDGE_CURVE ( 'NONE', #2461, #2265, #1416, .T. ) ;
#979 = VERTEX_POINT ( 'NONE', #15 ) ;
#980 = AXIS2_PLACEMENT_3D ( 'NONE', #1675, #213, #2078 ) ;
#981 = PLANE ( 'NONE',  #1167 ) ;
#982 = AXIS2_PLACEMENT_3D ( 'NONE', #1704, #975, #1469 ) ;
#983 = ORIENTED_EDGE ( 'NONE', *, *, #2550, .T. ) ;
#984 = DIRECTION ( 'NONE',  ( 0.000000000000000000, 0.5000000000000003331, -0.8660254037844384856 ) ) ;
#985 = CARTESIAN_POINT ( 'NONE',  ( 64.99999999999995737, 21.99999999999986144, 3.267949192431121919 ) ) ;
#986 = VECTOR ( 'NONE', #2050, 1000.000000000000000 ) ;
#987 = VECTOR ( 'NONE', #268, 1000.000000000000000 ) ;
#988 = EDGE_CURVE ( 'NONE', #1566, #1087, #1655, .T. ) ;
#989 = VERTEX_POINT ( 'NONE', #3059 ) ;
#990 = CARTESIAN_POINT ( 'NONE',  ( 67.99999999999995737, -27.99999999999986500, -6.732050807568878525 ) ) ;
#991 = AXIS2_PLACEMENT_3D ( 'NONE', #947, #2172, #1705 ) ;
#992 = LINE ( 'NONE', #714, #158 ) ;
#993 = VECTOR ( 'NONE', #905, 1000.000000000000227 ) ;
#994 = CARTESIAN_POINT ( 'NONE',  ( -67.99999999999995737, -24.99999999999986500, 1.535898384862242505 ) ) ;
#995 = VERTEX_POINT ( 'NONE', #689 ) ;
#996 = FACE_OUTER_BOUND ( 'NONE', #864, .T. ) ;
#997 = DIRECTION ( 'NONE',  ( 0.000000000000000000, 0.5000000000000003331, 0.8660254037844385966 ) ) ;
#998 = ORIENTED_EDGE ( 'NONE', *, *, #2472, .T. ) ;
#999 = FACE_BOUND ( 'NONE', #478, .T. ) ;
#1000 = DIRECTION ( 'NONE',  ( 0.000000000000000000, -0.8660254037844389297, 0.4999999999999994449 ) ) ;
#1001 = ADVANCED_FACE ( 'NONE', ( #733 ), #706, .F. ) ;
#1002 = ADVANCED_FACE ( 'NONE', ( #1405 ), #221, .T. ) ;
#1003 = ORIENTED_EDGE ( 'NONE', *, *, #2872, .T. ) ;
#1004 = CYLINDRICAL_SURFACE ( 'NONE', #982, 1.700000000000000178 ) ;
#1005 = CARTESIAN_POINT ( 'NONE',  ( -65.00000000000002842, 19.99999999999998224, -10.00000000000000000 ) ) ;
#1006 = FACE_BOUND ( 'NONE', #815, .T. ) ;
#1007 = EDGE_LOOP ( 'NONE', ( #656, #1514 ) ) ;
#1008 = FACE_BOUND ( 'NONE', #1007, .T. ) ;
#1009 = ORIENTED_EDGE ( 'NONE', *, *, #513, .T. ) ;
#1010 = VERTEX_POINT ( 'NONE', #2800 ) ;
#1011 = CARTESIAN_POINT ( 'NONE',  ( 64.99999999999995737, 21.99999999999986144, 6.732050807568874973 ) ) ;
#1012 = DIRECTION ( 'NONE',  ( 0.000000000000000000, 0.000000000000000000, -1.000000000000000000 ) ) ;
#1013 = VECTOR ( 'NONE', #315, 1000.000000000000227 ) ;
#1014 = ORIENTED_EDGE ( 'NONE', *, *, #604, .F. ) ;
#1015 = EDGE_CURVE ( 'NONE', #1474, #1815, #2134, .T. ) ;
#1016 = DIRECTION ( 'NONE',  ( 0.000000000000000000, -0.5000000000000003331, -0.8660254037844385966 ) ) ;
#1017 = ADVANCED_FACE ( 'NONE', ( #2165 ), #1697, .T. ) ;
#1018 = DIRECTION ( 'NONE',  ( -1.000000000000000000, -0.000000000000000000, -0.000000000000000000 ) ) ;
#1019 = VERTEX_POINT ( 'NONE', #1668 ) ;
#1020 = CARTESIAN_POINT ( 'NONE',  ( -67.99999999999995737, -21.99999999999986144, 3.267949192431121919 ) ) ;
#1021 = ORIENTED_EDGE ( 'NONE', *, *, #2853, .T. ) ;
#1022 = ADVANCED_FACE ( 'NONE', ( #1204 ), #981, .F. ) ;
#1023 = ORIENTED_EDGE ( 'NONE', *, *, #2603, .T. ) ;
#1024 = LINE ( 'NONE', #2235, #2641 ) ;
#1025 = AXIS2_PLACEMENT_3D ( 'NONE', #2533, #2047, #2733 ) ;
#1026 = ORIENTED_EDGE ( 'NONE', *, *, #116, .F. ) ;
#1027 = CARTESIAN_POINT ( 'NONE',  ( 67.99999999999995737, 0.000000000000000000, 0.000000000000000000 ) ) ;
#1028 = DIRECTION ( 'NONE',  ( 1.000000000000000000, -0.000000000000000000, -0.000000000000000000 ) ) ;
#1029 = AXIS2_PLACEMENT_3D ( 'NONE', #990, #567, #2397 ) ;
#1030 = EDGE_LOOP ( 'NONE', ( #2263, #678, #917, #2041 ) ) ;
#1031 = AXIS2_PLACEMENT_3D ( 'NONE', #2843, #1165, #931 ) ;
#1032 = LINE ( 'NONE', #1081, #1822 ) ;
#1033 = LINE ( 'NONE', #2213, #1520 ) ;
#1034 =( GEOMETRIC_REPRESENTATION_CONTEXT ( 3 ) GLOBAL_UNCERTAINTY_ASSIGNED_CONTEXT ( ( #2099 ) ) GLOBAL_UNIT_ASSIGNED_CONTEXT ( ( #1578, #163, #880 ) ) REPRESENTATION_CONTEXT ( 'NONE', 'WORKASPACE' ) );
#1035 = EDGE_LOOP ( 'NONE', ( #1657, #1899, #2520, #565, #2600, #531 ) ) ;
#1036 = CIRCLE ( 'NONE', #2183, 1.700000000000000178 ) ;
#1037 = CARTESIAN_POINT ( 'NONE',  ( -67.99999999999995737, -27.99999999999986500, -6.732050807568878525 ) ) ;
#1038 = VERTEX_POINT ( 'NONE', #1683 ) ;
#1039 = ADVANCED_FACE ( 'NONE', ( #2819 ), #1923, .T. ) ;
#1040 = ORIENTED_EDGE ( 'NONE', *, *, #2830, .F. ) ;
#1041 = CARTESIAN_POINT ( 'NONE',  ( 74.99999999999998579, 24.99999999999999289, 10.00000000000000000 ) ) ;
#1042 = ORIENTED_EDGE ( 'NONE', *, *, #1870, .T. ) ;
#1043 = ADVANCED_FACE ( 'NONE', ( #3043 ), #1880, .F. ) ;
#1044 = VERTEX_POINT ( 'NONE', #1189 ) ;
#1045 = CARTESIAN_POINT ( 'NONE',  ( 67.99999999999995737, 27.99999999999986500, -6.732050807568878525 ) ) ;
#1046 = DIRECTION ( 'NONE',  ( 0.000000000000000000, 0.4999999999999995004, 0.8660254037844390407 ) ) ;
#1047 = VERTEX_POINT ( 'NONE', #461 ) ;
#1048 = DIRECTION ( 'NONE',  ( -1.000000000000000000, 0.000000000000000000, 0.000000000000000000 ) ) ;
#1049 = DIRECTION ( 'NONE',  ( 0.000000000000000000, 0.000000000000000000, 1.000000000000000000 ) ) ;
#1050 = ORIENTED_EDGE ( 'NONE', *, *, #663, .F. ) ;
#1051 = FACE_OUTER_BOUND ( 'NONE', #2934, .T. ) ;
#1052 = VERTEX_POINT ( 'NONE', #2632 ) ;
#1053 = CARTESIAN_POINT ( 'NONE',  ( 64.99999999999998579, 20.00000000000000000, 10.00000000000000000 ) ) ;
#1054 = EDGE_CURVE ( 'NONE', #1849, #48, #953, .T. ) ;
#1055 = CARTESIAN_POINT ( 'NONE',  ( 64.99999999999998579, 24.99999999999999645, -10.00000000000000000 ) ) ;
#1056 = ADVANCED_FACE ( 'NONE', ( #2833, #2345 ), #920, .F. ) ;
#1057 = ORIENTED_EDGE ( 'NONE', *, *, #2478, .T. ) ;
#1058 = CARTESIAN_POINT ( 'NONE',  ( 65.00000000000000000, -30.00000000000000000, -10.00000000000000000 ) ) ;
#1059 = EDGE_LOOP ( 'NONE', ( #316, #1146, #2498, #1799 ) ) ;
#1060 = PLANE ( 'NONE',  #351 ) ;
#1061 = CARTESIAN_POINT ( 'NONE',  ( 65.00000000000000000, 24.99999999999986144, -8.464101615137755275 ) ) ;
#1062 = EDGE_LOOP ( 'NONE', ( #17, #775, #278, #1159 ) ) ;
#1063 = FACE_OUTER_BOUND ( 'NONE', #1079, .T. ) ;
#1064 = CARTESIAN_POINT ( 'NONE',  ( 74.99999999999998579, -24.99999999999995381, 5.000000000000000000 ) ) ;
#1065 = EDGE_CURVE ( 'NONE', #599, #2107, #1863, .T. ) ;
#1066 = DIRECTION ( 'NONE',  ( 0.000000000000000000, 0.000000000000000000, -1.000000000000000000 ) ) ;
#1067 = AXIS2_PLACEMENT_3D ( 'NONE', #2332, #2586, #1170 ) ;
#1068 = ORIENTED_EDGE ( 'NONE', *, *, #2806, .F. ) ;
#1069 = DIRECTION ( 'NONE',  ( -0.000000000000000000, -0.000000000000000000, -1.000000000000000000 ) ) ;
#1070 = ORIENTED_EDGE ( 'NONE', *, *, #644, .F. ) ;
#1071 = VECTOR ( 'NONE', #1619, 1000.000000000000000 ) ;
#1072 = DIRECTION ( 'NONE',  ( -1.000000000000000000, -0.000000000000000000, -0.000000000000000000 ) ) ;
#1073 = DIRECTION ( 'NONE',  ( 0.000000000000000000, 0.000000000000000000, -1.000000000000000000 ) ) ;
#1074 = ORIENTED_EDGE ( 'NONE', *, *, #1371, .T. ) ;
#1075 = ADVANCED_FACE ( 'NONE', ( #2377 ), #507, .F. ) ;
#1076 = EDGE_LOOP ( 'NONE', ( #1423, #2996, #1712, #2846 ) ) ;
#1077 = DIRECTION ( 'NONE',  ( 0.000000000000000000, -0.000000000000000000, 1.000000000000000000 ) ) ;
#1078 = LINE ( 'NONE', #3030, #767 ) ;
#1079 = EDGE_LOOP ( 'NONE', ( #856, #627, #763, #1812 ) ) ;
#1080 = CARTESIAN_POINT ( 'NONE',  ( 74.99999999999998579, 24.99999999999995381, -3.299999999999999822 ) ) ;
#1081 = CARTESIAN_POINT ( 'NONE',  ( 64.99999999999995737, -21.99999999999986144, -3.267949192431121919 ) ) ;
#1082 = DIRECTION ( 'NONE',  ( -1.000000000000000000, 0.000000000000000000, -0.000000000000000000 ) ) ;
#1083 = EDGE_CURVE ( 'NONE', #1052, #2875, #2430, .T. ) ;
#1084 = CIRCLE ( 'NONE', #736, 5.000000000000000000 ) ;
#1085 = EDGE_LOOP ( 'NONE', ( #1489, #2409, #1252, #1504 ) ) ;
#1086 = LINE ( 'NONE', #2474, #242 ) ;
#1087 = VERTEX_POINT ( 'NONE', #1768 ) ;
#1088 = MECHANICAL_DESIGN_GEOMETRIC_PRESENTATION_REPRESENTATION (  '', ( #590 ), #1034 ) ;
#1089 = AXIS2_PLACEMENT_3D ( 'NONE', #2118, #941, #710 ) ;
#1090 = LINE ( 'NONE', #2523, #342 ) ;
#1091 = DIRECTION ( 'NONE',  ( -1.000000000000000000, 0.000000000000000000, -0.000000000000000000 ) ) ;
#1092 = ORIENTED_EDGE ( 'NONE', *, *, #1673, .F. ) ;
#1093 = VECTOR ( 'NONE', #1413, 1000.000000000000000 ) ;
#1094 = ORIENTED_EDGE ( 'NONE', *, *, #1708, .F. ) ;
#1095 = DIRECTION ( 'NONE',  ( 1.000000000000000000, -0.000000000000000000, 0.000000000000000000 ) ) ;
#1096 = VECTOR ( 'NONE', #1280, 1000.000000000000000 ) ;
#1097 = LINE ( 'NONE', #676, #2593 ) ;
#1098 = ORIENTED_EDGE ( 'NONE', *, *, #2261, .T. ) ;
#1099 = DIRECTION ( 'NONE',  ( 0.000000000000000000, 0.000000000000000000, 1.000000000000000000 ) ) ;
#1100 = DIRECTION ( 'NONE',  ( 0.000000000000000000, -0.000000000000000000, 1.000000000000000000 ) ) ;
#1101 = ADVANCED_FACE ( 'NONE', ( #820 ), #2204, .F. ) ;
#1102 = CARTESIAN_POINT ( 'NONE',  ( 67.99999999999995737, -27.99999999999986500, -3.267949192431120586 ) ) ;
#1103 = EDGE_LOOP ( 'NONE', ( #1239, #2849, #705, #845 ) ) ;
#1104 = CARTESIAN_POINT ( 'NONE',  ( 74.99999999999998579, 24.99999999999995381, -3.299999999999999822 ) ) ;
#1105 = ORIENTED_EDGE ( 'NONE', *, *, #2638, .F. ) ;
#1106 = CARTESIAN_POINT ( 'NONE',  ( -65.00000000000000000, -20.00000000000000000, -10.00000000000000000 ) ) ;
#1107 = CARTESIAN_POINT ( 'NONE',  ( 0.000000000000000000, 0.000000000000000000, -10.00000000000000000 ) ) ;
#1108 = VERTEX_POINT ( 'NONE', #85 ) ;
#1109 = EDGE_LOOP ( 'NONE', ( #2631, #2406, #732, #2818 ) ) ;
#1110 = ORIENTED_EDGE ( 'NONE', *, *, #1934, .F. ) ;
#1111 = DIRECTION ( 'NONE',  ( 0.000000000000000000, 0.000000000000000000, 1.000000000000000000 ) ) ;
#1112 = DIRECTION ( 'NONE',  ( -1.000000000000000000, -0.000000000000000000, -0.000000000000000000 ) ) ;
#1113 = VERTEX_POINT ( 'NONE', #1055 ) ;
#1114 = DIRECTION ( 'NONE',  ( 1.000000000000000000, -0.000000000000000000, -0.000000000000000000 ) ) ;
#1115 = FILL_AREA_STYLE_COLOUR ( '', #2760 ) ;
#1116 = DIRECTION ( 'NONE',  ( 0.000000000000000000, -0.8660254037844388186, -0.4999999999999996669 ) ) ;
#1117 = EDGE_CURVE ( 'NONE', #751, #1277, #346, .T. ) ;
#1118 = VERTEX_POINT ( 'NONE', #71 ) ;
#1119 = CARTESIAN_POINT ( 'NONE',  ( 67.99999999999995737, -27.99999999999986500, 3.267949192431120586 ) ) ;
#1120 = EDGE_LOOP ( 'NONE', ( #1227, #2540, #2380, #1501, #1638, #106 ) ) ;
#1121 = CARTESIAN_POINT ( 'NONE',  ( -64.99999999999995737, -21.99999999999986144, -3.267949192431121919 ) ) ;
#1122 = DIRECTION ( 'NONE',  ( 1.000000000000000000, -0.000000000000000000, -0.000000000000000000 ) ) ;
#1123 = DIRECTION ( 'NONE',  ( -1.000000000000000000, -0.000000000000000000, -0.000000000000000000 ) ) ;
#1124 = VECTOR ( 'NONE', #2796, 1000.000000000000000 ) ;
#1125 = ADVANCED_FACE ( 'NONE', ( #1296 ), #102, .T. ) ;
#1126 = ORIENTED_EDGE ( 'NONE', *, *, #2750, .T. ) ;
#1127 = CARTESIAN_POINT ( 'NONE',  ( 64.99999999999995737, -24.99999999999986144, -8.464101615137755275 ) ) ;
#1128 = EDGE_LOOP ( 'NONE', ( #2739, #1585, #2670, #2104 ) ) ;
#1129 = DIRECTION ( 'NONE',  ( 0.000000000000000000, 0.000000000000000000, -1.000000000000000000 ) ) ;
#1130 = CARTESIAN_POINT ( 'NONE',  ( -67.99999999999995737, -27.99999999999986500, 6.732050807568878525 ) ) ;
#1131 = VERTEX_POINT ( 'NONE', #2908 ) ;
#1132 = CIRCLE ( 'NONE', #390, 1.700000000000000178 ) ;
#1133 = DIRECTION ( 'NONE',  ( 1.000000000000000000, 0.000000000000000000, 0.000000000000000000 ) ) ;
#1134 = EDGE_CURVE ( 'NONE', #2893, #1468, #1024, .T. ) ;
#1135 = VECTOR ( 'NONE', #1116, 1000.000000000000000 ) ;
#1136 = DIRECTION ( 'NONE',  ( 1.000000000000000000, -0.000000000000000000, 0.000000000000000000 ) ) ;
#1137 = LINE ( 'NONE', #2814, #2705 ) ;
#1138 = CIRCLE ( 'NONE', #2370, 1.700000000000000178 ) ;
#1139 = FACE_OUTER_BOUND ( 'NONE', #878, .T. ) ;
#1140 = CIRCLE ( 'NONE', #209, 1.700000000000000178 ) ;
#1141 = EDGE_LOOP ( 'NONE', ( #276, #1558, #2156, #1042 ) ) ;
#1142 = DIRECTION ( 'NONE',  ( -1.000000000000000000, -0.000000000000000000, 0.000000000000000000 ) ) ;
#1143 = VECTOR ( 'NONE', #3032, 1000.000000000000000 ) ;
#1144 = ADVANCED_FACE ( 'NONE', ( #1519 ), #1969, .F. ) ;
#1145 = VECTOR ( 'NONE', #2927, 1000.000000000000000 ) ;
#1146 = ORIENTED_EDGE ( 'NONE', *, *, #2405, .F. ) ;
#1147 = CARTESIAN_POINT ( 'NONE',  ( -67.99999999999995737, 21.99999999999986144, 6.732050807568874973 ) ) ;
#1148 = CARTESIAN_POINT ( 'NONE',  ( 67.99999999999995737, 21.99999999999986144, 6.732050807568874973 ) ) ;
#1149 = ORIENTED_EDGE ( 'NONE', *, *, #406, .T. ) ;
#1150 = CARTESIAN_POINT ( 'NONE',  ( 67.99999999999995737, 24.99999999999986144, 8.464101615137755275 ) ) ;
#1151 = DIRECTION ( 'NONE',  ( 0.000000000000000000, -0.8660254037844389297, -0.4999999999999993894 ) ) ;
#1152 = DIRECTION ( 'NONE',  ( 1.000000000000000000, -0.000000000000000000, -0.000000000000000000 ) ) ;
#1153 = LINE ( 'NONE', #2598, #2113 ) ;
#1154 = ORIENTED_EDGE ( 'NONE', *, *, #288, .F. ) ;
#1155 = EDGE_CURVE ( 'NONE', #2732, #1686, #2657, .T. ) ;
#1156 = ADVANCED_FACE ( 'NONE', ( #2643 ), #774, .F. ) ;
#1157 = ORIENTED_EDGE ( 'NONE', *, *, #2306, .T. ) ;
#1158 = CARTESIAN_POINT ( 'NONE',  ( -67.99999999999995737, -27.99999999999986500, 3.267949192431120586 ) ) ;
#1159 = ORIENTED_EDGE ( 'NONE', *, *, #988, .T. ) ;
#1160 = DIRECTION ( 'NONE',  ( -1.000000000000000000, -0.000000000000000000, -0.000000000000000000 ) ) ;
#1161 = EDGE_CURVE ( 'NONE', #1564, #334, #2060, .T. ) ;
#1162 = EDGE_LOOP ( 'NONE', ( #2393, #1674, #560, #2707, #1262, #1763 ) ) ;
#1163 = PLANE ( 'NONE',  #1629 ) ;
#1164 = LINE ( 'NONE', #2238, #1929 ) ;
#1165 = DIRECTION ( 'NONE',  ( -0.000000000000000000, 0.5000000000000003331, 0.8660254037844385966 ) ) ;
#1166 = DIRECTION ( 'NONE',  ( -1.000000000000000000, -0.000000000000000000, 0.000000000000000000 ) ) ;
#1167 = AXIS2_PLACEMENT_3D ( 'NONE', #1419, #966, #2150 ) ;
#1168 = VERTEX_POINT ( 'NONE', #1041 ) ;
#1169 = DIRECTION ( 'NONE',  ( 1.000000000000000000, 0.000000000000000000, 0.000000000000000000 ) ) ;
#1170 = DIRECTION ( 'NONE',  ( 0.000000000000000000, -0.000000000000000000, -1.000000000000000000 ) ) ;
#1171 = LINE ( 'NONE', #2116, #443 ) ;
#1172 = ADVANCED_FACE ( 'NONE', ( #1984 ), #1231, .T. ) ;
#1173 = VECTOR ( 'NONE', #25, 1000.000000000000000 ) ;
#1174 = ORIENTED_EDGE ( 'NONE', *, *, #2528, .F. ) ;
#1175 = LINE ( 'NONE', #236, #743 ) ;
#1176 = DIRECTION ( 'NONE',  ( -1.387778780781446070E-15, -1.000000000000000000, 0.000000000000000000 ) ) ;
#1177 = ORIENTED_EDGE ( 'NONE', *, *, #1926, .T. ) ;
#1178 = AXIS2_PLACEMENT_3D ( 'NONE', #422, #1534, #181 ) ;
#1179 = LINE ( 'NONE', #1150, #1676 ) ;
#1180 = EDGE_CURVE ( 'NONE', #1206, #231, #1475, .T. ) ;
#1181 = CIRCLE ( 'NONE', #980, 5.000000000000000000 ) ;
#1182 = LINE ( 'NONE', #2371, #893 ) ;
#1183 = CARTESIAN_POINT ( 'NONE',  ( -67.99999999999995737, 27.99999999999986500, 3.267949192431120586 ) ) ;
#1184 = FACE_OUTER_BOUND ( 'NONE', #3000, .T. ) ;
#1185 = AXIS2_PLACEMENT_3D ( 'NONE', #36, #2648, #527 ) ;
#1186 = ADVANCED_BREP_SHAPE_REPRESENTATION ( 'ArmBaseConnecter 2 V2', ( #463, #1931 ), #650 ) ;
#1187 = VECTOR ( 'NONE', #2991, 1000.000000000000000 ) ;
#1188 = VERTEX_POINT ( 'NONE', #2924 ) ;
#1189 = CARTESIAN_POINT ( 'NONE',  ( -65.00000000000000000, -20.00000000000000000, 10.00000000000000000 ) ) ;
#1190 = PLANE ( 'NONE',  #1872 ) ;
#1191 = VECTOR ( 'NONE', #2506, 1000.000000000000000 ) ;
#1192 = VERTEX_POINT ( 'NONE', #559 ) ;
#1193 = CARTESIAN_POINT ( 'NONE',  ( -67.99999999999995737, 24.99999999999986144, -8.464101615137755275 ) ) ;
#1194 = VECTOR ( 'NONE', #2043, 1000.000000000000000 ) ;
#1195 = DIRECTION ( 'NONE',  ( 1.000000000000000000, -0.000000000000000000, -0.000000000000000000 ) ) ;
#1196 = EDGE_LOOP ( 'NONE', ( #1283, #1092, #179, #766 ) ) ;
#1197 = EDGE_CURVE ( 'NONE', #797, #547, #2192, .T. ) ;
#1198 = CARTESIAN_POINT ( 'NONE',  ( 74.99999999999998579, 24.99999999999995381, -6.700000000000000178 ) ) ;
#1199 = CARTESIAN_POINT ( 'NONE',  ( -75.00000000000001421, -30.00000000000000000, 5.000000000000000000 ) ) ;
#1200 = DIRECTION ( 'NONE',  ( 0.000000000000000000, 1.000000000000000000, -0.000000000000000000 ) ) ;
#1201 = CARTESIAN_POINT ( 'NONE',  ( 67.99999999999995737, -27.99999999999986500, -3.267949192431120586 ) ) ;
#1202 = ORIENTED_EDGE ( 'NONE', *, *, #2778, .T. ) ;
#1203 = ORIENTED_EDGE ( 'NONE', *, *, #788, .F. ) ;
#1204 = FACE_OUTER_BOUND ( 'NONE', #834, .T. ) ;
#1205 = DIRECTION ( 'NONE',  ( 0.000000000000000000, 0.000000000000000000, 1.000000000000000000 ) ) ;
#1206 = VERTEX_POINT ( 'NONE', #304 ) ;
#1207 = ORIENTED_EDGE ( 'NONE', *, *, #1265, .F. ) ;
#1208 = DIRECTION ( 'NONE',  ( 0.000000000000000000, 0.000000000000000000, -1.000000000000000000 ) ) ;
#1209 = LINE ( 'NONE', #2382, #987 ) ;
#1210 = ORIENTED_EDGE ( 'NONE', *, *, #805, .F. ) ;
#1211 = CARTESIAN_POINT ( 'NONE',  ( 65.00000000000000000, -20.00000000000000000, 10.00000000000000000 ) ) ;
#1212 = ADVANCED_FACE ( 'NONE', ( #1008, #1951, #803, #1750, #2685 ), #575, .F. ) ;
#1213 = FACE_OUTER_BOUND ( 'NONE', #1554, .T. ) ;
#1214 = LINE ( 'NONE', #217, #2889 ) ;
#1215 = EDGE_LOOP ( 'NONE', ( #2808, #2487, #1971, #692 ) ) ;
#1216 = CARTESIAN_POINT ( 'NONE',  ( 74.99999999999998579, -24.99999999999995381, 5.000000000000000000 ) ) ;
#1217 = ADVANCED_FACE ( 'NONE', ( #151 ), #659, .F. ) ;
#1218 = AXIS2_PLACEMENT_3D ( 'NONE', #204, #1142, #277 ) ;
#1219 = ORIENTED_EDGE ( 'NONE', *, *, #1271, .T. ) ;
#1220 = CARTESIAN_POINT ( 'NONE',  ( -64.99999999999995737, 27.99999999999986500, -6.732050807568878525 ) ) ;
#1221 = DIRECTION ( 'NONE',  ( 0.000000000000000000, 0.000000000000000000, -1.000000000000000000 ) ) ;
#1222 = AXIS2_PLACEMENT_3D ( 'NONE', #1845, #2015, #1327 ) ;
#1223 = ORIENTED_EDGE ( 'NONE', *, *, #3014, .F. ) ;
#1224 = DIRECTION ( 'NONE',  ( 1.000000000000000000, -0.000000000000000000, -0.000000000000000000 ) ) ;
#1225 = CARTESIAN_POINT ( 'NONE',  ( -64.99999999999995737, 27.99999999999986500, 6.732050807568878525 ) ) ;
#1226 = PLANE ( 'NONE',  #726 ) ;
#1227 = ORIENTED_EDGE ( 'NONE', *, *, #2789, .T. ) ;
#1229 = EDGE_CURVE ( 'NONE', #1192, #2529, #1957, .T. ) ;
#1228 = VERTEX_POINT ( 'NONE', #2723 ) ;
#1230 = AXIS2_PLACEMENT_3D ( 'NONE', #195, #453, #2094 ) ;
#1231 = CYLINDRICAL_SURFACE ( 'NONE', #37, 5.000000000000000000 ) ;
#1232 = ADVANCED_FACE ( 'NONE', ( #396 ), #2538, .F. ) ;
#1233 = VECTOR ( 'NONE', #183, 1000.000000000000000 ) ;
#1234 = ORIENTED_EDGE ( 'NONE', *, *, #2141, .T. ) ;
#1235 = CARTESIAN_POINT ( 'NONE',  ( -65.00000000000000000, 0.000000000000000000, 10.00000000000000000 ) ) ;
#1236 = DIRECTION ( 'NONE',  ( 0.000000000000000000, 0.000000000000000000, -1.000000000000000000 ) ) ;
#1237 = VECTOR ( 'NONE', #1444, 1000.000000000000000 ) ;
#1238 = VECTOR ( 'NONE', #1028, 1000.000000000000000 ) ;
#1239 = ORIENTED_EDGE ( 'NONE', *, *, #2986, .F. ) ;
#1240 = CARTESIAN_POINT ( 'NONE',  ( -67.99999999999995737, 24.99999999999986144, 8.464101615137755275 ) ) ;
#1241 = AXIS2_PLACEMENT_3D ( 'NONE', #126, #354, #1129 ) ;
#1242 = DIRECTION ( 'NONE',  ( 0.000000000000000000, 0.000000000000000000, 1.000000000000000000 ) ) ;
#1243 = VECTOR ( 'NONE', #2208, 1000.000000000000000 ) ;
#1244 = FACE_OUTER_BOUND ( 'NONE', #2376, .T. ) ;
#1245 = EDGE_LOOP ( 'NONE', ( #3016, #101, #1948, #2023 ) ) ;
#1246 = CARTESIAN_POINT ( 'NONE',  ( -67.99999999999995737, -24.99999999999986500, -1.535898384862242505 ) ) ;
#1247 = ADVANCED_FACE ( 'NONE', ( #1373, #2084 ), #1553, .T. ) ;
#1248 = ADVANCED_FACE ( 'NONE', ( #871 ), #1342, .F. ) ;
#1249 = ORIENTED_EDGE ( 'NONE', *, *, #1288, .T. ) ;
#1250 = DIRECTION ( 'NONE',  ( 0.000000000000000000, 1.000000000000000000, 0.000000000000000000 ) ) ;
#1251 = CARTESIAN_POINT ( 'NONE',  ( 67.99999999999995737, -27.99999999999986500, -6.732050807568878525 ) ) ;
#1252 = ORIENTED_EDGE ( 'NONE', *, *, #1917, .T. ) ;
#1253 = LINE ( 'NONE', #1991, #835 ) ;
#1254 = DIRECTION ( 'NONE',  ( 0.000000000000000000, 0.000000000000000000, 1.000000000000000000 ) ) ;
#1255 = EDGE_CURVE ( 'NONE', #712, #556, #200, .T. ) ;
#1256 = ORIENTED_EDGE ( 'NONE', *, *, #963, .T. ) ;
#1257 = PLANE ( 'NONE',  #872 ) ;
#1258 = ORIENTED_EDGE ( 'NONE', *, *, #1446, .T. ) ;
#1259 = ORIENTED_EDGE ( 'NONE', *, *, #75, .F. ) ;
#1260 = CARTESIAN_POINT ( 'NONE',  ( 74.99999999999998579, -24.99999999999995381, 5.000000000000000000 ) ) ;
#1261 = ORIENTED_EDGE ( 'NONE', *, *, #2432, .T. ) ;
#1262 = ORIENTED_EDGE ( 'NONE', *, *, #911, .F. ) ;
#1263 = DIRECTION ( 'NONE',  ( 1.000000000000000000, 0.000000000000000000, -0.000000000000000000 ) ) ;
#1264 = CARTESIAN_POINT ( 'NONE',  ( -64.99999999999995737, -27.99999999999986500, 6.732050807568878525 ) ) ;
#1265 = EDGE_CURVE ( 'NONE', #1521, #1735, #186, .T. ) ;
#1266 = AXIS2_PLACEMENT_3D ( 'NONE', #1281, #1046, #1000 ) ;
#1267 = ORIENTED_EDGE ( 'NONE', *, *, #964, .T. ) ;
#1268 = DIRECTION ( 'NONE',  ( 0.000000000000000000, 0.000000000000000000, 1.000000000000000000 ) ) ;
#1269 = VECTOR ( 'NONE', #441, 1000.000000000000227 ) ;
#1270 = CYLINDRICAL_SURFACE ( 'NONE', #1185, 1.700000000000000178 ) ;
#1271 = EDGE_CURVE ( 'NONE', #2553, #312, #2841, .T. ) ;
#1272 = ORIENTED_EDGE ( 'NONE', *, *, #1571, .F. ) ;
#1273 = CARTESIAN_POINT ( 'NONE',  ( -64.99999999999995737, -27.99999999999986500, -3.267949192431120586 ) ) ;
#1274 = EDGE_CURVE ( 'NONE', #1317, #1293, #2524, .T. ) ;
#1275 = ORIENTED_EDGE ( 'NONE', *, *, #588, .T. ) ;
#1276 = DIRECTION ( 'NONE',  ( 0.000000000000000000, -0.8660254037844389297, 0.4999999999999993894 ) ) ;
#1277 = VERTEX_POINT ( 'NONE', #377 ) ;
#1278 = VECTOR ( 'NONE', #2143, 1000.000000000000000 ) ;
#1279 = ORIENTED_EDGE ( 'NONE', *, *, #2280, .F. ) ;
#1280 = DIRECTION ( 'NONE',  ( 0.000000000000000000, 0.000000000000000000, -1.000000000000000000 ) ) ;
#1281 = CARTESIAN_POINT ( 'NONE',  ( -67.99999999999995737, 27.99999999999986500, 6.732050807568878525 ) ) ;
#1282 = AXIS2_PLACEMENT_3D ( 'NONE', #2293, #388, #602 ) ;
#1283 = ORIENTED_EDGE ( 'NONE', *, *, #2313, .T. ) ;
#1284 = VECTOR ( 'NONE', #915, 1000.000000000000000 ) ;
#1285 = DIRECTION ( 'NONE',  ( 0.000000000000000000, 0.000000000000000000, 1.000000000000000000 ) ) ;
#1286 = PLANE ( 'NONE',  #1382 ) ;
#1287 = VECTOR ( 'NONE', #862, 1000.000000000000000 ) ;
#1288 = EDGE_CURVE ( 'NONE', #2456, #2609, #2009, .T. ) ;
#1289 = ADVANCED_FACE ( 'NONE', ( #2051 ), #2751, .T. ) ;
#1290 = ORIENTED_EDGE ( 'NONE', *, *, #184, .F. ) ;
#1291 = VECTOR ( 'NONE', #267, 1000.000000000000000 ) ;
#1292 = LINE ( 'NONE', #1981, #1512 ) ;
#1293 = VERTEX_POINT ( 'NONE', #1605 ) ;
#1294 = AXIS2_PLACEMENT_3D ( 'NONE', #2272, #2481, #155 ) ;
#1295 = VERTEX_POINT ( 'NONE', #903 ) ;
#1296 = FACE_OUTER_BOUND ( 'NONE', #857, .T. ) ;
#1297 = ORIENTED_EDGE ( 'NONE', *, *, #1833, .F. ) ;
#1298 = ADVANCED_FACE ( 'NONE', ( #1538 ), #839, .F. ) ;
#1299 = CARTESIAN_POINT ( 'NONE',  ( -67.99999999999995737, 21.99999999999986144, 3.267949192431121919 ) ) ;
#1300 = ORIENTED_EDGE ( 'NONE', *, *, #2911, .F. ) ;
#1301 = CARTESIAN_POINT ( 'NONE',  ( 67.99999999999995737, 27.99999999999986500, 6.732050807568878525 ) ) ;
#1302 = LINE ( 'NONE', #1264, #2888 ) ;
#1303 = ORIENTED_EDGE ( 'NONE', *, *, #46, .T. ) ;
#1304 = LINE ( 'NONE', #847, #1194 ) ;
#1305 = DIRECTION ( 'NONE',  ( 0.000000000000000000, 0.000000000000000000, -1.000000000000000000 ) ) ;
#1306 = DIRECTION ( 'NONE',  ( -1.000000000000000000, 0.000000000000000000, 0.000000000000000000 ) ) ;
#1307 = VERTEX_POINT ( 'NONE', #425 ) ;
#1308 = CYLINDRICAL_SURFACE ( 'NONE', #2599, 12.50000000000000000 ) ;
#1309 = ORIENTED_EDGE ( 'NONE', *, *, #1480, .T. ) ;
#1310 = ADVANCED_FACE ( 'NONE', ( #1139 ), #2312, .F. ) ;
#1311 = CARTESIAN_POINT ( 'NONE',  ( 67.99999999999995737, 24.99999999999986500, -1.535898384862242505 ) ) ;
#1312 = CARTESIAN_POINT ( 'NONE',  ( 74.99999999999998579, 24.99999999999995381, 5.000000000000000000 ) ) ;
#1313 = ORIENTED_EDGE ( 'NONE', *, *, #725, .T. ) ;
#1314 = FACE_OUTER_BOUND ( 'NONE', #1404, .T. ) ;
#1315 = DIRECTION ( 'NONE',  ( 0.000000000000000000, 1.000000000000000000, 0.000000000000000000 ) ) ;
#1316 = ADVANCED_FACE ( 'NONE', ( #1784 ), #2036, .F. ) ;
#1317 = VERTEX_POINT ( 'NONE', #1201 ) ;
#1318 = DIRECTION ( 'NONE',  ( 0.000000000000000000, -0.8660254037844389297, 0.4999999999999993894 ) ) ;
#1319 = DIRECTION ( 'NONE',  ( 0.000000000000000000, -0.8660254037844388186, 0.4999999999999996669 ) ) ;
#1320 = CARTESIAN_POINT ( 'NONE',  ( 64.99999999999995737, 24.99999999999986500, 1.535898384862242505 ) ) ;
#1321 = VECTOR ( 'NONE', #2195, 1000.000000000000227 ) ;
#1322 = EDGE_LOOP ( 'NONE', ( #1841, #2965, #2271, #1300 ) ) ;
#1323 = DIRECTION ( 'NONE',  ( -1.000000000000000000, 0.000000000000000000, 0.000000000000000000 ) ) ;
#1324 = ORIENTED_EDGE ( 'NONE', *, *, #1356, .T. ) ;
#1325 = VECTOR ( 'NONE', #1276, 1000.000000000000227 ) ;
#1326 = DIRECTION ( 'NONE',  ( 0.000000000000000000, 0.000000000000000000, 1.000000000000000000 ) ) ;
#1327 = DIRECTION ( 'NONE',  ( 0.000000000000000000, -0.000000000000000000, -1.000000000000000000 ) ) ;
#1328 = ADVANCED_FACE ( 'NONE', ( #1184 ), #1430, .F. ) ;
#1329 = ORIENTED_EDGE ( 'NONE', *, *, #426, .F. ) ;
#1330 = CARTESIAN_POINT ( 'NONE',  ( 74.99999999999998579, 24.99999999999995381, -6.700000000000000178 ) ) ;
#1331 = PLANE ( 'NONE',  #1369 ) ;
#1332 = VERTEX_POINT ( 'NONE', #1891 ) ;
#1333 = CARTESIAN_POINT ( 'NONE',  ( -65.00000000000002842, 24.99999999999999645, -4.999999999999999112 ) ) ;
#1334 = CIRCLE ( 'NONE', #1916, 1.700000000000000178 ) ;
#1335 = CARTESIAN_POINT ( 'NONE',  ( -67.99999999999995737, 21.99999999999986144, 3.267949192431121919 ) ) ;
#1336 = AXIS2_PLACEMENT_3D ( 'NONE', #2933, #1864, #1546 ) ;
#1337 = ORIENTED_EDGE ( 'NONE', *, *, #2677, .F. ) ;
#1338 = DIRECTION ( 'NONE',  ( 0.000000000000000000, 0.8660254037844384856, 0.5000000000000001110 ) ) ;
#1339 = ORIENTED_EDGE ( 'NONE', *, *, #1895, .F. ) ;
#1340 = AXIS2_PLACEMENT_3D ( 'NONE', #1443, #2158, #67 ) ;
#1341 = PLANE ( 'NONE',  #1479 ) ;
#1342 = PLANE ( 'NONE',  #677 ) ;
#1343 = VECTOR ( 'NONE', #382, 1000.000000000000000 ) ;
#1344 = ORIENTED_EDGE ( 'NONE', *, *, #458, .T. ) ;
#1345 = LINE ( 'NONE', #613, #2717 ) ;
#1346 = CARTESIAN_POINT ( 'NONE',  ( -67.99999999999995737, -21.99999999999986144, 3.267949192431121919 ) ) ;
#1347 = EDGE_CURVE ( 'NONE', #2693, #1801, #1214, .T. ) ;
#1348 = EDGE_CURVE ( 'NONE', #642, #2978, #1567, .T. ) ;
#1349 = ORIENTED_EDGE ( 'NONE', *, *, #708, .T. ) ;
#1350 = CARTESIAN_POINT ( 'NONE',  ( 74.99999999999998579, 24.99999999999999645, -10.00000000000000000 ) ) ;
#1351 = CARTESIAN_POINT ( 'NONE',  ( 65.00000000000000000, 30.00000000000000000, -10.00000000000000000 ) ) ;
#1352 = DIRECTION ( 'NONE',  ( 0.000000000000000000, 6.938893903907228378E-16, 1.000000000000000000 ) ) ;
#1353 = ORIENTED_EDGE ( 'NONE', *, *, #744, .T. ) ;
#1354 = LINE ( 'NONE', #2295, #148 ) ;
#1355 = ORIENTED_EDGE ( 'NONE', *, *, #2390, .F. ) ;
#1356 = EDGE_CURVE ( 'NONE', #2554, #2152, #1153, .T. ) ;
#1357 = DIRECTION ( 'NONE',  ( 1.000000000000000000, -0.000000000000000000, 0.000000000000000000 ) ) ;
#1358 = DIRECTION ( 'NONE',  ( -1.000000000000000000, -0.000000000000000000, -0.000000000000000000 ) ) ;
#1359 = CARTESIAN_POINT ( 'NONE',  ( -65.00000000000000000, -24.99999999999999645, -4.999999999999999112 ) ) ;
#1360 = ORIENTED_EDGE ( 'NONE', *, *, #1161, .F. ) ;
#1361 = EDGE_LOOP ( 'NONE', ( #2792, #145, #2534, #2678, #191, #2754 ) ) ;
#1362 = LINE ( 'NONE', #2302, #721 ) ;
#1363 = ORIENTED_EDGE ( 'NONE', *, *, #136, .F. ) ;
#1364 = DIRECTION ( 'NONE',  ( -0.000000000000000000, -0.000000000000000000, -1.000000000000000000 ) ) ;
#1365 = DIRECTION ( 'NONE',  ( -1.000000000000000000, -1.334402673828313093E-16, 0.000000000000000000 ) ) ;
#1366 = VERTEX_POINT ( 'NONE', #2570 ) ;
#1367 = EDGE_CURVE ( 'NONE', #2137, #2149, #2742, .T. ) ;
#1368 = FACE_BOUND ( 'NONE', #182, .T. ) ;
#1369 = AXIS2_PLACEMENT_3D ( 'NONE', #2785, #2273, #1836 ) ;
#1370 = DIRECTION ( 'NONE',  ( 1.000000000000000000, 1.334402673828313093E-16, 0.000000000000000000 ) ) ;
#1371 = EDGE_CURVE ( 'NONE', #1521, #2391, #274, .T. ) ;
#1372 = LINE ( 'NONE', #2111, #2076 ) ;
#1373 = FACE_BOUND ( 'NONE', #2902, .T. ) ;
#1374 = AXIS2_PLACEMENT_3D ( 'NONE', #2251, #2770, #133 ) ;
#1375 = ORIENTED_EDGE ( 'NONE', *, *, #683, .F. ) ;
#1376 = LINE ( 'NONE', #1391, #2686 ) ;
#1377 = ORIENTED_EDGE ( 'NONE', *, *, #519, .F. ) ;
#1378 = LINE ( 'NONE', #1866, #301 ) ;
#1379 = EDGE_LOOP ( 'NONE', ( #664, #1725 ) ) ;
#1380 = DIRECTION ( 'NONE',  ( 0.000000000000000000, 0.000000000000000000, 1.000000000000000000 ) ) ;
#1381 = EDGE_CURVE ( 'NONE', #138, #850, #230, .T. ) ;
#1382 = AXIS2_PLACEMENT_3D ( 'NONE', #3044, #2469, #338 ) ;
#1383 = ADVANCED_FACE ( 'NONE', ( #2159 ), #2097, .F. ) ;
#1384 = CARTESIAN_POINT ( 'NONE',  ( 64.99999999999998579, 20.00000000000000000, -10.00000000000000000 ) ) ;
#1385 = DIRECTION ( 'NONE',  ( -1.000000000000000000, -0.000000000000000000, -0.000000000000000000 ) ) ;
#1386 = AXIS2_PLACEMENT_3D ( 'NONE', #1545, #504, #1268 ) ;
#1387 = DIRECTION ( 'NONE',  ( -1.000000000000000000, -0.000000000000000000, -0.000000000000000000 ) ) ;
#1388 = ORIENTED_EDGE ( 'NONE', *, *, #2630, .F. ) ;
#1389 = VECTOR ( 'NONE', #1365, 1000.000000000000000 ) ;
#1390 = VERTEX_POINT ( 'NONE', #672 ) ;
#1391 = CARTESIAN_POINT ( 'NONE',  ( -64.99999999999995737, 21.99999999999986144, -6.732050807568874973 ) ) ;
#1392 = VECTOR ( 'NONE', #1242, 1000.000000000000000 ) ;
#1393 = EDGE_CURVE ( 'NONE', #2001, #2391, #1635, .T. ) ;
#1394 = ORIENTED_EDGE ( 'NONE', *, *, #2405, .T. ) ;
#1395 = FACE_OUTER_BOUND ( 'NONE', #2253, .T. ) ;
#1396 = SURFACE_STYLE_USAGE ( .BOTH. , #2091 ) ;
#1397 = ORIENTED_EDGE ( 'NONE', *, *, #1736, .F. ) ;
#1398 = CARTESIAN_POINT ( 'NONE',  ( 67.99999999999995737, -27.99999999999986500, 6.732050807568878525 ) ) ;
#1399 = CARTESIAN_POINT ( 'NONE',  ( -75.00000000000001421, 24.99999999999995381, 3.299999999999999378 ) ) ;
#1400 = DIRECTION ( 'NONE',  ( 0.000000000000000000, 0.000000000000000000, -1.000000000000000000 ) ) ;
#1401 = EDGE_CURVE ( 'NONE', #303, #547, #2146, .T. ) ;
#1402 = DIRECTION ( 'NONE',  ( -1.000000000000000000, -0.000000000000000000, -0.000000000000000000 ) ) ;
#1403 = EDGE_CURVE ( 'NONE', #979, #2505, #13, .T. ) ;
#1404 = EDGE_LOOP ( 'NONE', ( #2300, #2483, #3051, #2207 ) ) ;
#1405 = FACE_OUTER_BOUND ( 'NONE', #2926, .T. ) ;
#1406 = CARTESIAN_POINT ( 'NONE',  ( 67.99999999999995737, -27.99999999999986500, -3.267949192431120586 ) ) ;
#1407 = ORIENTED_EDGE ( 'NONE', *, *, #1491, .F. ) ;
#1408 = PLANE ( 'NONE',  #1089 ) ;
#1409 = DIRECTION ( 'NONE',  ( 0.000000000000000000, 0.000000000000000000, -1.000000000000000000 ) ) ;
#1410 = EDGE_CURVE ( 'NONE', #2391, #1010, #2130, .T. ) ;
#1411 = VERTEX_POINT ( 'NONE', #949 ) ;
#1412 = FACE_OUTER_BOUND ( 'NONE', #2982, .T. ) ;
#1413 = DIRECTION ( 'NONE',  ( -1.000000000000000000, -0.000000000000000000, -0.000000000000000000 ) ) ;
#1414 = CARTESIAN_POINT ( 'NONE',  ( -75.00000000000001421, 24.99999999999995381, 6.700000000000001066 ) ) ;
#1415 = CARTESIAN_POINT ( 'NONE',  ( 74.99999999999998579, 24.99999999999995381, 5.000000000000000000 ) ) ;
#1416 = CIRCLE ( 'NONE', #2161, 1.700000000000000178 ) ;
#1417 = AXIS2_PLACEMENT_3D ( 'NONE', #2459, #609, #2737 ) ;
#1418 = EDGE_LOOP ( 'NONE', ( #2248, #936, #381, #1234 ) ) ;
#1419 = CARTESIAN_POINT ( 'NONE',  ( 67.99999999999995737, 21.99999999999986144, -6.732050807568874973 ) ) ;
#1420 = LINE ( 'NONE', #508, #4 ) ;
#1421 = EDGE_CURVE ( 'NONE', #928, #599, #2357, .T. ) ;
#1422 = EDGE_CURVE ( 'NONE', #384, #2473, #1903, .T. ) ;
#1423 = ORIENTED_EDGE ( 'NONE', *, *, #2022, .F. ) ;
#1424 = CARTESIAN_POINT ( 'NONE',  ( -67.99999999999995737, 27.99999999999986500, 6.732050807568878525 ) ) ;
#1425 = LINE ( 'NONE', #252, #643 ) ;
#1426 = ORIENTED_EDGE ( 'NONE', *, *, #622, .F. ) ;
#1427 = FACE_OUTER_BOUND ( 'NONE', #1614, .T. ) ;
#1428 = CARTESIAN_POINT ( 'NONE',  ( 67.99999999999995737, 21.99999999999986144, -6.732050807568874973 ) ) ;
#1429 = DIRECTION ( 'NONE',  ( 0.000000000000000000, -0.8660254037844384856, 0.5000000000000002220 ) ) ;
#1430 = CYLINDRICAL_SURFACE ( 'NONE', #2941, 12.50000000000000000 ) ;
#1431 = AXIS2_PLACEMENT_3D ( 'NONE', #355, #91, #2898 ) ;
#1432 = VERTEX_POINT ( 'NONE', #731 ) ;
#1433 = DIRECTION ( 'NONE',  ( 0.000000000000000000, 0.000000000000000000, -1.000000000000000000 ) ) ;
#1434 = DIRECTION ( 'NONE',  ( 0.000000000000000000, 0.8660254037844388186, -0.4999999999999997224 ) ) ;
#1435 = AXIS2_PLACEMENT_3D ( 'NONE', #1351, #2730, #2500 ) ;
#1436 = EDGE_LOOP ( 'NONE', ( #2006, #3019, #1290, #1349, #2331, #365, #1057, #76 ) ) ;
#1437 = CARTESIAN_POINT ( 'NONE',  ( 67.99999999999995737, 21.99999999999986144, -3.267949192431121919 ) ) ;
#1438 = AXIS2_PLACEMENT_3D ( 'NONE', #1918, #516, #258 ) ;
#1439 = CARTESIAN_POINT ( 'NONE',  ( -67.99999999999995737, -24.99999999999995381, -5.000000000000000000 ) ) ;
#1440 = EDGE_CURVE ( 'NONE', #2732, #2893, #916, .T. ) ;
#1441 = EDGE_LOOP ( 'NONE', ( #1868, #1743, #518, #1576 ) ) ;
#1442 = DIRECTION ( 'NONE',  ( 0.000000000000000000, -0.4999999999999995004, 0.8660254037844390407 ) ) ;
#1443 = CARTESIAN_POINT ( 'NONE',  ( 0.000000000000000000, 0.000000000000000000, 10.00000000000000000 ) ) ;
#1444 = DIRECTION ( 'NONE',  ( 0.000000000000000000, 0.000000000000000000, -1.000000000000000000 ) ) ;
#1445 = CARTESIAN_POINT ( 'NONE',  ( 0.000000000000000000, 0.000000000000000000, 10.00000000000000000 ) ) ;
#1446 = EDGE_CURVE ( 'NONE', #34, #2529, #687, .T. ) ;
#1447 = EDGE_LOOP ( 'NONE', ( #1459, #1267, #759, #1625, #255, #919 ) ) ;
#1448 = CARTESIAN_POINT ( 'NONE',  ( 67.99999999999995737, -24.99999999999986500, 1.535898384862242505 ) ) ;
#1449 = CARTESIAN_POINT ( 'NONE',  ( -67.99999999999995737, -21.99999999999986144, -6.732050807568874973 ) ) ;
#1450 = VERTEX_POINT ( 'NONE', #1651 ) ;
#1451 = CARTESIAN_POINT ( 'NONE',  ( 64.99999999999995737, -21.99999999999986144, 3.267949192431121919 ) ) ;
#1452 = CARTESIAN_POINT ( 'NONE',  ( 74.99999999999998579, 24.99999999999995381, 6.700000000000001066 ) ) ;
#1453 = EDGE_LOOP ( 'NONE', ( #1094, #2946, #295, #998 ) ) ;
#1454 = CARTESIAN_POINT ( 'NONE',  ( 64.99999999999995737, 21.99999999999986144, -6.732050807568874973 ) ) ;
#1455 = EDGE_CURVE ( 'NONE', #2505, #2001, #2584, .T. ) ;
#1456 = EDGE_CURVE ( 'NONE', #1993, #1295, #2206, .T. ) ;
#1457 = LINE ( 'NONE', #1225, #2327 ) ;
#1458 = CARTESIAN_POINT ( 'NONE',  ( -75.00000000000001421, 24.99999999999995381, -6.700000000000001066 ) ) ;
#1459 = ORIENTED_EDGE ( 'NONE', *, *, #1848, .T. ) ;
#1460 = ADVANCED_FACE ( 'NONE', ( #2874, #1006 ), #1257, .T. ) ;
#1461 = ORIENTED_EDGE ( 'NONE', *, *, #66, .F. ) ;
#1462 = DIRECTION ( 'NONE',  ( 0.000000000000000000, -0.8660254037844384856, -0.5000000000000002220 ) ) ;
#1463 = VECTOR ( 'NONE', #1640, 1000.000000000000227 ) ;
#1464 = ORIENTED_EDGE ( 'NONE', *, *, #1367, .T. ) ;
#1465 = CARTESIAN_POINT ( 'NONE',  ( -67.99999999999995737, 21.99999999999986144, -3.267949192431121919 ) ) ;
#1466 = CARTESIAN_POINT ( 'NONE',  ( 67.99999999999995737, 24.99999999999995381, 6.700000000000000178 ) ) ;
#1467 = CIRCLE ( 'NONE', #135, 5.000000000000000000 ) ;
#1468 = VERTEX_POINT ( 'NONE', #1273 ) ;
#1469 = DIRECTION ( 'NONE',  ( 0.000000000000000000, 0.000000000000000000, -1.000000000000000000 ) ) ;
#1470 = CARTESIAN_POINT ( 'NONE',  ( -64.99999999999995737, 24.99999999999986500, 1.535898384862242505 ) ) ;
#1471 = CARTESIAN_POINT ( 'NONE',  ( 67.99999999999995737, 24.99999999999986500, -1.535898384862242505 ) ) ;
#1472 = EDGE_CURVE ( 'NONE', #1366, #1307, #68, .T. ) ;
#1473 = EDGE_CURVE ( 'NONE', #842, #1862, #1515, .T. ) ;
#1474 = VERTEX_POINT ( 'NONE', #1471 ) ;
#1475 = LINE ( 'NONE', #532, #1760 ) ;
#1476 = ORIENTED_EDGE ( 'NONE', *, *, #2211, .T. ) ;
#1477 = CARTESIAN_POINT ( 'NONE',  ( -67.99999999999997158, 24.99999999999995381, 5.000000000000000000 ) ) ;
#1478 = FACE_OUTER_BOUND ( 'NONE', #2420, .T. ) ;
#1479 = AXIS2_PLACEMENT_3D ( 'NONE', #169, #2068, #2769 ) ;
#1480 = EDGE_CURVE ( 'NONE', #1524, #595, #545, .T. ) ;
#1481 = VECTOR ( 'NONE', #1176, 1000.000000000000000 ) ;
#1482 = VECTOR ( 'NONE', #1136, 1000.000000000000000 ) ;
#1483 = ORIENTED_EDGE ( 'NONE', *, *, #75, .T. ) ;
#1484 = DIRECTION ( 'NONE',  ( 1.000000000000000000, 0.000000000000000000, 0.000000000000000000 ) ) ;
#1485 = CIRCLE ( 'NONE', #2330, 1.700000000000000178 ) ;
#1486 = ORIENTED_EDGE ( 'NONE', *, *, #2478, .F. ) ;
#1487 = CARTESIAN_POINT ( 'NONE',  ( 65.00000000000000000, -24.99999999999999645, -4.999999999999999112 ) ) ;
#1488 = ADVANCED_FACE ( 'NONE', ( #2455 ), #1226, .T. ) ;
#1489 = ORIENTED_EDGE ( 'NONE', *, *, #533, .F. ) ;
#1490 = DIRECTION ( 'NONE',  ( 0.000000000000000000, 0.8660254037844384856, -0.5000000000000003331 ) ) ;
#1491 = EDGE_CURVE ( 'NONE', #682, #1990, #2920, .T. ) ;
#1492 = ORIENTED_EDGE ( 'NONE', *, *, #335, .F. ) ;
#1493 = DIRECTION ( 'NONE',  ( 0.000000000000000000, 0.8660254037844384856, 0.5000000000000003331 ) ) ;
#1494 = CYLINDRICAL_SURFACE ( 'NONE', #1952, 1.700000000000000178 ) ;
#1495 = EDGE_CURVE ( 'NONE', #1815, #995, #2201, .T. ) ;
#1496 = ORIENTED_EDGE ( 'NONE', *, *, #8, .F. ) ;
#1497 = FACE_OUTER_BOUND ( 'NONE', #2724, .T. ) ;
#1498 = DIRECTION ( 'NONE',  ( 1.000000000000000000, -0.000000000000000000, -0.000000000000000000 ) ) ;
#1499 = ORIENTED_EDGE ( 'NONE', *, *, #788, .T. ) ;
#1500 = CARTESIAN_POINT ( 'NONE',  ( 74.99999999999998579, -24.99999999999999645, -4.999999999999999112 ) ) ;
#1501 = ORIENTED_EDGE ( 'NONE', *, *, #1917, .F. ) ;
#1502 = CARTESIAN_POINT ( 'NONE',  ( -67.99999999999995737, 27.99999999999986500, 3.267949192431120586 ) ) ;
#1503 = EDGE_LOOP ( 'NONE', ( #2816, #1174 ) ) ;
#1504 = ORIENTED_EDGE ( 'NONE', *, *, #1627, .F. ) ;
#1505 = FACE_OUTER_BOUND ( 'NONE', #3010, .T. ) ;
#1506 = CARTESIAN_POINT ( 'NONE',  ( -65.00000000000002842, 19.99999999999998224, -10.00000000000000000 ) ) ;
#1507 = EDGE_CURVE ( 'NONE', #979, #2053, #1292, .T. ) ;
#1508 = AXIS2_PLACEMENT_3D ( 'NONE', #2003, #2088, #1557 ) ;
#1509 = EDGE_CURVE ( 'NONE', #1647, #1990, #2682, .T. ) ;
#1510 = EDGE_LOOP ( 'NONE', ( #1810, #2832, #2861, #2480, #2779, #1355 ) ) ;
#1511 = CARTESIAN_POINT ( 'NONE',  ( 65.00000000000000000, -24.99999999999986144, 8.464101615137762380 ) ) ;
#1512 = VECTOR ( 'NONE', #1747, 1000.000000000000000 ) ;
#1513 = DIRECTION ( 'NONE',  ( -1.000000000000000000, 0.000000000000000000, 0.000000000000000000 ) ) ;
#1514 = ORIENTED_EDGE ( 'NONE', *, *, #1161, .T. ) ;
#1515 = LINE ( 'NONE', #1947, #2791 ) ;
#1516 = ORIENTED_EDGE ( 'NONE', *, *, #2583, .F. ) ;
#1517 = EDGE_CURVE ( 'NONE', #2265, #1927, #571, .T. ) ;
#1518 = ORIENTED_EDGE ( 'NONE', *, *, #514, .T. ) ;
#1519 = FACE_OUTER_BOUND ( 'NONE', #1418, .T. ) ;
#1520 = VECTOR ( 'NONE', #2680, 1000.000000000000000 ) ;
#1521 = VERTEX_POINT ( 'NONE', #772 ) ;
#1522 = FACE_OUTER_BOUND ( 'NONE', #1322, .T. ) ;
#1523 = PLANE ( 'NONE',  #187 ) ;
#1524 = VERTEX_POINT ( 'NONE', #300 ) ;
#1525 = ADVANCED_FACE ( 'NONE', ( #341, #557, #2215 ), #81, .F. ) ;
#1526 = LINE ( 'NONE', #2948, #544 ) ;
#1527 = VECTOR ( 'NONE', #1122, 1000.000000000000000 ) ;
#1528 = CARTESIAN_POINT ( 'NONE',  ( 64.99999999999995737, 24.99999999999986500, 1.535898384862242505 ) ) ;
#1529 = CARTESIAN_POINT ( 'NONE',  ( 67.99999999999995737, 24.99999999999986144, -8.464101615137755275 ) ) ;
#1530 = VECTOR ( 'NONE', #1611, 1000.000000000000000 ) ;
#1531 = VERTEX_POINT ( 'NONE', #1695 ) ;
#1532 = EDGE_CURVE ( 'NONE', #1131, #2681, #1467, .T. ) ;
#1533 = CIRCLE ( 'NONE', #500, 1.700000000000000178 ) ;
#1534 = DIRECTION ( 'NONE',  ( -1.000000000000000000, 0.000000000000000000, -0.000000000000000000 ) ) ;
#1535 = VERTEX_POINT ( 'NONE', #1020 ) ;
#1536 = ADVANCED_FACE ( 'NONE', ( #1244 ), #2903, .F. ) ;
#1537 = CARTESIAN_POINT ( 'NONE',  ( 67.99999999999995737, -27.99999999999986500, 6.732050807568878525 ) ) ;
#1538 = FACE_OUTER_BOUND ( 'NONE', #1788, .T. ) ;
#1539 = CARTESIAN_POINT ( 'NONE',  ( -65.00000000000002842, 29.99999999999998224, 4.999999999999999112 ) ) ;
#1540 = EDGE_LOOP ( 'NONE', ( #1210, #1998, #1279, #2190, #1272, #1831 ) ) ;
#1541 = DIRECTION ( 'NONE',  ( 0.000000000000000000, 0.000000000000000000, -1.000000000000000000 ) ) ;
#1542 = CARTESIAN_POINT ( 'NONE',  ( -67.99999999999995737, -27.99999999999986500, 6.732050807568878525 ) ) ;
#1543 = VERTEX_POINT ( 'NONE', #1458 ) ;
#1544 = DIRECTION ( 'NONE',  ( 0.000000000000000000, 0.8660254037844384856, 0.5000000000000003331 ) ) ;
#1545 = CARTESIAN_POINT ( 'NONE',  ( -75.00000000000001421, -24.99999999999999645, -4.999999999999999112 ) ) ;
#1546 = DIRECTION ( 'NONE',  ( 0.000000000000000000, 2.081668171172168513E-15, -1.000000000000000000 ) ) ;
#1547 = ORIENTED_EDGE ( 'NONE', *, *, #1422, .T. ) ;
#1548 = FACE_OUTER_BOUND ( 'NONE', #1654, .T. ) ;
#1549 = EDGE_LOOP ( 'NONE', ( #1682, #2414, #1261, #2017, #883, #1860 ) ) ;
#1550 = ADVANCED_FACE ( 'NONE', ( #2173 ), #54, .T. ) ;
#1551 = ADVANCED_FACE ( 'NONE', ( #1051 ), #1308, .F. ) ;
#1552 = LINE ( 'NONE', #375, #1582 ) ;
#1553 = PLANE ( 'NONE',  #769 ) ;
#1554 = EDGE_LOOP ( 'NONE', ( #1794, #314, #235, #3046 ) ) ;
#1555 = ORIENTED_EDGE ( 'NONE', *, *, #137, .T. ) ;
#1556 = CARTESIAN_POINT ( 'NONE',  ( -67.99999999999997158, 24.99999999999995381, -6.700000000000001066 ) ) ;
#1557 = DIRECTION ( 'NONE',  ( 0.000000000000000000, 0.000000000000000000, 1.000000000000000000 ) ) ;
#1558 = ORIENTED_EDGE ( 'NONE', *, *, #1403, .F. ) ;
#1559 = PLANE ( 'NONE',  #2375 ) ;
#1560 = LINE ( 'NONE', #1148, #343 ) ;
#1561 = PLANE ( 'NONE',  #150 ) ;
#1562 = VECTOR ( 'NONE', #1433, 1000.000000000000000 ) ;
#1563 = VECTOR ( 'NONE', #445, 1000.000000000000000 ) ;
#1564 = VERTEX_POINT ( 'NONE', #1795 ) ;
#1565 = CARTESIAN_POINT ( 'NONE',  ( -75.00000000000001421, -24.99999999999995381, 6.700000000000001066 ) ) ;
#1566 = VERTEX_POINT ( 'NONE', #408 ) ;
#1567 = CIRCLE ( 'NONE', #573, 1.700000000000000178 ) ;
#1568 = CARTESIAN_POINT ( 'NONE',  ( -67.99999999999995737, -21.99999999999986144, -6.732050807568874973 ) ) ;
#1569 = ADVANCED_FACE ( 'NONE', ( #882 ), #1781, .F. ) ;
#1570 = DIRECTION ( 'NONE',  ( 0.000000000000000000, -0.8660254037844384856, 0.5000000000000002220 ) ) ;
#1571 = EDGE_CURVE ( 'NONE', #2308, #912, #2747, .T. ) ;
#1572 = ORIENTED_EDGE ( 'NONE', *, *, #1229, .F. ) ;
#1573 = CARTESIAN_POINT ( 'NONE',  ( 67.99999999999995737, 24.99999999999995381, -5.000000000000000000 ) ) ;
#1574 = DIRECTION ( 'NONE',  ( 0.000000000000000000, -0.8660254037844388186, -0.4999999999999997224 ) ) ;
#1575 = VECTOR ( 'NONE', #2610, 1000.000000000000000 ) ;
#1576 = ORIENTED_EDGE ( 'NONE', *, *, #1472, .T. ) ;
#1577 = CARTESIAN_POINT ( 'NONE',  ( 67.99999999999995737, -27.99999999999986500, 3.267949192431120586 ) ) ;
#1578 =( LENGTH_UNIT ( ) NAMED_UNIT ( * ) SI_UNIT ( .MILLI., .METRE. ) );
#1579 = EDGE_CURVE ( 'NONE', #226, #1940, #1086, .T. ) ;
#1580 = AXIS2_PLACEMENT_3D ( 'NONE', #1881, #1656, #265 ) ;
#1581 = CARTESIAN_POINT ( 'NONE',  ( -67.99999999999995737, 21.99999999999986144, 3.267949192431121919 ) ) ;
#1582 = VECTOR ( 'NONE', #2234, 1000.000000000000227 ) ;
#1583 = ORIENTED_EDGE ( 'NONE', *, *, #501, .T. ) ;
#1584 = DIRECTION ( 'NONE',  ( -1.000000000000000000, -0.000000000000000000, -0.000000000000000000 ) ) ;
#1585 = ORIENTED_EDGE ( 'NONE', *, *, #59, .F. ) ;
#1586 = VECTOR ( 'NONE', #711, 1000.000000000000000 ) ;
#1587 = VECTOR ( 'NONE', #241, 1000.000000000000000 ) ;
#1588 = CARTESIAN_POINT ( 'NONE',  ( -67.99999999999995737, -21.99999999999986144, 6.732050807568874973 ) ) ;
#1589 = DIRECTION ( 'NONE',  ( -1.000000000000000000, 1.387778780781446070E-15, -0.000000000000000000 ) ) ;
#1590 = EDGE_LOOP ( 'NONE', ( #250, #1980, #2029, #958 ) ) ;
#1591 = AXIS2_PLACEMENT_3D ( 'NONE', #1477, #1263, #1208 ) ;
#1592 = ORIENTED_EDGE ( 'NONE', *, *, #1637, .T. ) ;
#1593 = CARTESIAN_POINT ( 'NONE',  ( 67.99999999999995737, -21.99999999999986144, 3.267949192431121919 ) ) ;
#1594 = DIRECTION ( 'NONE',  ( -1.000000000000000000, -0.000000000000000000, -0.000000000000000000 ) ) ;
#1595 = ADVANCED_FACE ( 'NONE', ( #2031, #1368 ), #606, .T. ) ;
#1596 = ORIENTED_EDGE ( 'NONE', *, *, #184, .T. ) ;
#1597 = CARTESIAN_POINT ( 'NONE',  ( -67.99999999999995737, 24.99999999999986500, 1.535898384862242505 ) ) ;
#1598 = LINE ( 'NONE', #2074, #1389 ) ;
#1599 = EDGE_CURVE ( 'NONE', #246, #2929, #2935, .T. ) ;
#1600 = ORIENTED_EDGE ( 'NONE', *, *, #683, .T. ) ;
#1601 = DIRECTION ( 'NONE',  ( 0.000000000000000000, 0.000000000000000000, 1.000000000000000000 ) ) ;
#1602 = EDGE_LOOP ( 'NONE', ( #2825, #1014, #509, #3003 ) ) ;
#1603 = CARTESIAN_POINT ( 'NONE',  ( 64.99999999999995737, -24.99999999999986144, 8.464101615137755275 ) ) ;
#1604 = CARTESIAN_POINT ( 'NONE',  ( -65.00000000000002842, 29.99999999999998224, -4.999999999999999112 ) ) ;
#1605 = CARTESIAN_POINT ( 'NONE',  ( 64.99999999999995737, -27.99999999999986500, -3.267949192431120586 ) ) ;
#1606 = VERTEX_POINT ( 'NONE', #2264 ) ;
#1607 = ORIENTED_EDGE ( 'NONE', *, *, #96, .T. ) ;
#1608 = DIRECTION ( 'NONE',  ( -1.000000000000000000, -0.000000000000000000, -0.000000000000000000 ) ) ;
#1609 = ORIENTED_EDGE ( 'NONE', *, *, #1834, .F. ) ;
#1610 = DIRECTION ( 'NONE',  ( -1.000000000000000000, 0.000000000000000000, 0.000000000000000000 ) ) ;
#1611 = DIRECTION ( 'NONE',  ( -0.000000000000000000, -0.000000000000000000, -1.000000000000000000 ) ) ;
#1612 = ADVANCED_FACE ( 'NONE', ( #3004 ), #358, .F. ) ;
#1613 = EDGE_CURVE ( 'NONE', #493, #340, #2521, .T. ) ;
#1614 = EDGE_LOOP ( 'NONE', ( #965, #2539, #1344, #1324 ) ) ;
#1615 = DIRECTION ( 'NONE',  ( 1.000000000000000000, -0.000000000000000000, -0.000000000000000000 ) ) ;
#1616 = AXIS2_PLACEMENT_3D ( 'NONE', #2773, #662, #1574 ) ;
#1617 = LINE ( 'NONE', #2549, #2664 ) ;
#1618 = CYLINDRICAL_SURFACE ( 'NONE', #1386, 5.000000000000000000 ) ;
#1619 = DIRECTION ( 'NONE',  ( 0.000000000000000000, 0.8660254037844388186, -0.4999999999999996669 ) ) ;
#1620 = AXIS2_PLACEMENT_3D ( 'NONE', #114, #785, #1720 ) ;
#1621 = ADVANCED_FACE ( 'NONE', ( #1548 ), #816, .T. ) ;
#1622 = VERTEX_POINT ( 'NONE', #2973 ) ;
#1623 = ORIENTED_EDGE ( 'NONE', *, *, #1255, .T. ) ;
#1624 = FACE_OUTER_BOUND ( 'NONE', #1540, .T. ) ;
#1625 = ORIENTED_EDGE ( 'NONE', *, *, #387, .T. ) ;
#1626 = DIRECTION ( 'NONE',  ( 0.000000000000000000, 0.000000000000000000, 1.000000000000000000 ) ) ;
#1627 = EDGE_CURVE ( 'NONE', #1044, #1861, #833, .T. ) ;
#1628 = VERTEX_POINT ( 'NONE', #1565 ) ;
#1629 = AXIS2_PLACEMENT_3D ( 'NONE', #1398, #1442, #900 ) ;
#1630 = PLANE ( 'NONE',  #1230 ) ;
#1631 = CIRCLE ( 'NONE', #1336, 5.000000000000000000 ) ;
#1632 = CARTESIAN_POINT ( 'NONE',  ( 67.99999999999995737, -24.99999999999986500, -1.535898384862242505 ) ) ;
#1633 = CARTESIAN_POINT ( 'NONE',  ( -67.99999999999995737, -27.99999999999986500, -6.732050807568878525 ) ) ;
#1634 = VECTOR ( 'NONE', #1326, 1000.000000000000000 ) ;
#1635 = LINE ( 'NONE', #2815, #1071 ) ;
#1636 = VECTOR ( 'NONE', #564, 1000.000000000000000 ) ;
#1637 = EDGE_CURVE ( 'NONE', #2152, #281, #1994, .T. ) ;
#1638 = ORIENTED_EDGE ( 'NONE', *, *, #744, .F. ) ;
#1639 = CARTESIAN_POINT ( 'NONE',  ( -75.00000000000001421, -30.00000000000000000, 5.000000000000000000 ) ) ;
#1640 = DIRECTION ( 'NONE',  ( 0.000000000000000000, 0.8660254037844384856, -0.5000000000000002220 ) ) ;
#1641 = CARTESIAN_POINT ( 'NONE',  ( -65.00000000000000000, -30.00000000000000000, 4.999999999999999112 ) ) ;
#1642 = CIRCLE ( 'NONE', #105, 1.700000000000000178 ) ;
#1643 = AXIS2_PLACEMENT_3D ( 'NONE', #1465, #279, #317 ) ;
#1644 = EDGE_LOOP ( 'NONE', ( #2193, #1600 ) ) ;
#1645 = DIRECTION ( 'NONE',  ( 0.000000000000000000, -1.000000000000000000, -0.000000000000000000 ) ) ;
#1646 = DIRECTION ( 'NONE',  ( 0.000000000000000000, 0.000000000000000000, 1.000000000000000000 ) ) ;
#1647 = VERTEX_POINT ( 'NONE', #391 ) ;
#1648 = CARTESIAN_POINT ( 'NONE',  ( -65.00000000000000000, -27.99999999999986500, 6.732050807568877637 ) ) ;
#1649 = LINE ( 'NONE', #1632, #257 ) ;
#1650 = DIRECTION ( 'NONE',  ( 0.000000000000000000, 0.000000000000000000, 1.000000000000000000 ) ) ;
#1651 = CARTESIAN_POINT ( 'NONE',  ( 74.99999999999998579, 30.00000000000000000, -4.999999999999999112 ) ) ;
#1652 = EDGE_CURVE ( 'NONE', #595, #2656, #1354, .T. ) ;
#1653 = EDGE_CURVE ( 'NONE', #2554, #895, #2989, .T. ) ;
#1654 = EDGE_LOOP ( 'NONE', ( #585, #2557, #147, #1394 ) ) ;
#1655 = LINE ( 'NONE', #1158, #2995 ) ;
#1656 = DIRECTION ( 'NONE',  ( 0.000000000000000000, -0.5000000000000003331, 0.8660254037844385966 ) ) ;
#1657 = ORIENTED_EDGE ( 'NONE', *, *, #2457, .F. ) ;
#1658 = LINE ( 'NONE', #1424, #2865 ) ;
#1659 = CARTESIAN_POINT ( 'NONE',  ( -67.99999999999995737, 21.99999999999986144, -3.267949192431121919 ) ) ;
#1660 = ORIENTED_EDGE ( 'NONE', *, *, #2121, .F. ) ;
#1661 = CARTESIAN_POINT ( 'NONE',  ( -67.99999999999995737, -27.99999999999986500, -3.267949192431120586 ) ) ;
#1662 = PLANE ( 'NONE',  #1438 ) ;
#1663 = DIRECTION ( 'NONE',  ( 0.000000000000000000, 0.000000000000000000, -1.000000000000000000 ) ) ;
#1664 = DIRECTION ( 'NONE',  ( 0.000000000000000000, 0.8660254037844388186, 0.4999999999999997224 ) ) ;
#1665 = AXIS2_PLACEMENT_3D ( 'NONE', #2404, #118, #791 ) ;
#1666 = EDGE_CURVE ( 'NONE', #642, #363, #166, .T. ) ;
#1667 = ORIENTED_EDGE ( 'NONE', *, *, #197, .T. ) ;
#1668 = CARTESIAN_POINT ( 'NONE',  ( -67.99999999999997158, 24.99999999999995381, 3.299999999999999378 ) ) ;
#1669 = DIRECTION ( 'NONE',  ( 0.000000000000000000, -0.8660254037844388186, 0.4999999999999996669 ) ) ;
#1670 = ORIENTED_EDGE ( 'NONE', *, *, #2160, .F. ) ;
#1671 = CARTESIAN_POINT ( 'NONE',  ( 64.99999999999995737, 21.99999999999986144, -6.732050807568874973 ) ) ;
#1672 = CARTESIAN_POINT ( 'NONE',  ( -75.00000000000001421, -24.99999999999995381, 5.000000000000000000 ) ) ;
#1673 = EDGE_CURVE ( 'NONE', #556, #2693, #2698, .T. ) ;
#1674 = ORIENTED_EDGE ( 'NONE', *, *, #2250, .F. ) ;
#1675 = CARTESIAN_POINT ( 'NONE',  ( -65.00000000000000000, -24.99999999999999645, 5.000000000000000000 ) ) ;
#1676 = VECTOR ( 'NONE', #945, 1000.000000000000227 ) ;
#1677 = DIRECTION ( 'NONE',  ( -0.000000000000000000, -0.8660254037844389297, 0.4999999999999993894 ) ) ;
#1678 = CARTESIAN_POINT ( 'NONE',  ( 64.99999999999995737, -24.99999999999986500, 1.535898384862242505 ) ) ;
#1679 = CARTESIAN_POINT ( 'NONE',  ( 67.99999999999995737, -24.99999999999986500, -1.535898384862242505 ) ) ;
#1680 = CIRCLE ( 'NONE', #49, 1.700000000000000178 ) ;
#1681 = VECTOR ( 'NONE', #2145, 1000.000000000000000 ) ;
#1682 = ORIENTED_EDGE ( 'NONE', *, *, #2369, .T. ) ;
#1683 = CARTESIAN_POINT ( 'NONE',  ( -67.99999999999995737, -24.99999999999986144, 8.464101615137755275 ) ) ;
#1684 = DIRECTION ( 'NONE',  ( 0.000000000000000000, 0.8660254037844388186, -0.4999999999999996669 ) ) ;
#1685 = ADVANCED_FACE ( 'NONE', ( #586 ), #929, .T. ) ;
#1686 = VERTEX_POINT ( 'NONE', #1661 ) ;
#1687 = DIRECTION ( 'NONE',  ( 1.000000000000000000, -0.000000000000000000, -0.000000000000000000 ) ) ;
#1688 = VECTOR ( 'NONE', #2803, 1000.000000000000000 ) ;
#1689 = CARTESIAN_POINT ( 'NONE',  ( -65.00000000000002842, 29.99999999999998224, -10.00000000000000000 ) ) ;
#1690 = CIRCLE ( 'NONE', #1591, 1.700000000000000178 ) ;
#1691 = EDGE_LOOP ( 'NONE', ( #2974, #832 ) ) ;
#1692 = LINE ( 'NONE', #1240, #2852 ) ;
#1693 = EDGE_CURVE ( 'NONE', #2734, #2114, #1181, .T. ) ;
#1694 = LINE ( 'NONE', #1428, #1392 ) ;
#1695 = CARTESIAN_POINT ( 'NONE',  ( -67.99999999999995737, 27.99999999999986500, 6.732050807568878525 ) ) ;
#1696 = ORIENTED_EDGE ( 'NONE', *, *, #2673, .T. ) ;
#1697 = CYLINDRICAL_SURFACE ( 'NONE', #2885, 5.000000000000000000 ) ;
#1698 = ORIENTED_EDGE ( 'NONE', *, *, #1288, .F. ) ;
#1699 = DIRECTION ( 'NONE',  ( 1.000000000000000000, 0.000000000000000000, 0.000000000000000000 ) ) ;
#1700 = PLANE ( 'NONE',  #2564 ) ;
#1701 = ORIENTED_EDGE ( 'NONE', *, *, #1491, .T. ) ;
#1702 = EDGE_CURVE ( 'NONE', #1038, #31, #484, .T. ) ;
#1703 = EDGE_CURVE ( 'NONE', #303, #488, #1179, .T. ) ;
#1704 = CARTESIAN_POINT ( 'NONE',  ( -75.00000000000001421, -24.99999999999995381, -5.000000000000000000 ) ) ;
#1705 = DIRECTION ( 'NONE',  ( 0.000000000000000000, 0.000000000000000000, 1.000000000000000000 ) ) ;
#1706 = DIRECTION ( 'NONE',  ( -1.000000000000000000, -0.000000000000000000, -0.000000000000000000 ) ) ;
#1707 = ORIENTED_EDGE ( 'NONE', *, *, #2350, .F. ) ;
#1708 = EDGE_CURVE ( 'NONE', #29, #2318, #1886, .T. ) ;
#1709 = ORIENTED_EDGE ( 'NONE', *, *, #836, .T. ) ;
#1710 = DIRECTION ( 'NONE',  ( 0.000000000000000000, 0.000000000000000000, 1.000000000000000000 ) ) ;
#1711 = AXIS2_PLACEMENT_3D ( 'NONE', #1502, #2704, #1710 ) ;
#1712 = ORIENTED_EDGE ( 'NONE', *, *, #2066, .F. ) ;
#1713 = DIRECTION ( 'NONE',  ( -0.000000000000000000, -0.8660254037844389297, -0.4999999999999993894 ) ) ;
#1714 = DIRECTION ( 'NONE',  ( 0.000000000000000000, 0.000000000000000000, 1.000000000000000000 ) ) ;
#1715 = VECTOR ( 'NONE', #1123, 1000.000000000000000 ) ;
#1716 = ORIENTED_EDGE ( 'NONE', *, *, #514, .F. ) ;
#1717 = CARTESIAN_POINT ( 'NONE',  ( 67.99999999999995737, -27.99999999999986500, 6.732050807568878525 ) ) ;
#1718 = EDGE_CURVE ( 'NONE', #522, #1751, #3052, .T. ) ;
#1719 = ORIENTED_EDGE ( 'NONE', *, *, #1495, .T. ) ;
#1720 = DIRECTION ( 'NONE',  ( -0.000000000000000000, 0.000000000000000000, 1.000000000000000000 ) ) ;
#1721 = ORIENTED_EDGE ( 'NONE', *, *, #2663, .T. ) ;
#1722 = DIRECTION ( 'NONE',  ( 0.000000000000000000, -0.8660254037844384856, -0.5000000000000002220 ) ) ;
#1723 = ORIENTED_EDGE ( 'NONE', *, *, #1833, .T. ) ;
#1724 = ADVANCED_FACE ( 'NONE', ( #1427 ), #1630, .T. ) ;
#1725 = ORIENTED_EDGE ( 'NONE', *, *, #700, .T. ) ;
#1726 = CARTESIAN_POINT ( 'NONE',  ( -67.99999999999995737, -21.99999999999986144, 3.267949192431121919 ) ) ;
#1727 = FACE_OUTER_BOUND ( 'NONE', #289, .T. ) ;
#1728 = VECTOR ( 'NONE', #2551, 1000.000000000000000 ) ;
#1729 = VECTOR ( 'NONE', #1357, 1000.000000000000000 ) ;
#1730 = VERTEX_POINT ( 'NONE', #2809 ) ;
#1731 = FACE_BOUND ( 'NONE', #1837, .T. ) ;
#1732 = CARTESIAN_POINT ( 'NONE',  ( -75.00000000000001421, 24.99999999999999289, 10.00000000000000000 ) ) ;
#1733 = ORIENTED_EDGE ( 'NONE', *, *, #262, .T. ) ;
#1734 = CARTESIAN_POINT ( 'NONE',  ( 74.99999999999998579, 24.99999999999995381, -5.000000000000000000 ) ) ;
#1735 = VERTEX_POINT ( 'NONE', #499 ) ;
#1736 = EDGE_CURVE ( 'NONE', #2265, #2461, #2649, .T. ) ;
#1737 = DIRECTION ( 'NONE',  ( 0.000000000000000000, 0.000000000000000000, 1.000000000000000000 ) ) ;
#1738 = EDGE_LOOP ( 'NONE', ( #2697, #2617, #631, #444, #2283, #1219 ) ) ;
#1739 = VERTEX_POINT ( 'NONE', #699 ) ;
#1740 = DIRECTION ( 'NONE',  ( 0.000000000000000000, 0.000000000000000000, -1.000000000000000000 ) ) ;
#1741 = CARTESIAN_POINT ( 'NONE',  ( -67.99999999999995737, 27.99999999999986500, 6.732050807568878525 ) ) ;
#1742 = ORIENTED_EDGE ( 'NONE', *, *, #754, .F. ) ;
#1743 = ORIENTED_EDGE ( 'NONE', *, *, #160, .F. ) ;
#1744 = FACE_OUTER_BOUND ( 'NONE', #1436, .T. ) ;
#1745 = PLANE ( 'NONE',  #1029 ) ;
#1746 = ORIENTED_EDGE ( 'NONE', *, *, #2341, .T. ) ;
#1747 = DIRECTION ( 'NONE',  ( 0.000000000000000000, 0.000000000000000000, -1.000000000000000000 ) ) ;
#1748 = ORIENTED_EDGE ( 'NONE', *, *, #2211, .F. ) ;
#1749 = CARTESIAN_POINT ( 'NONE',  ( -67.99999999999995737, -24.99999999999986144, 8.464101615137755275 ) ) ;
#1750 = FACE_BOUND ( 'NONE', #2954, .T. ) ;
#1751 = VERTEX_POINT ( 'NONE', #1648 ) ;
#1752 = EDGE_CURVE ( 'NONE', #1390, #1566, #227, .T. ) ;
#1753 = ORIENTED_EDGE ( 'NONE', *, *, #1410, .F. ) ;
#1754 = CARTESIAN_POINT ( 'NONE',  ( 64.99999999999995737, 27.99999999999986500, -3.267949192431120586 ) ) ;
#1755 = DIRECTION ( 'NONE',  ( 1.000000000000000000, -0.000000000000000000, -0.000000000000000000 ) ) ;
#1756 = VECTOR ( 'NONE', #2662, 1000.000000000000000 ) ;
#1757 = ORIENTED_EDGE ( 'NONE', *, *, #826, .F. ) ;
#1758 = PLANE ( 'NONE',  #1877 ) ;
#1759 = FACE_BOUND ( 'NONE', #840, .T. ) ;
#1760 = VECTOR ( 'NONE', #2416, 1000.000000000000000 ) ;
#1761 = LINE ( 'NONE', #583, #1135 ) ;
#1762 = EDGE_CURVE ( 'NONE', #363, #1543, #2124, .T. ) ;
#1763 = ORIENTED_EDGE ( 'NONE', *, *, #2691, .F. ) ;
#1764 = CARTESIAN_POINT ( 'NONE',  ( 67.99999999999995737, 27.99999999999986500, 3.267949192431120586 ) ) ;
#1765 = ORIENTED_EDGE ( 'NONE', *, *, #376, .T. ) ;
#1766 = AXIS2_PLACEMENT_3D ( 'NONE', #1811, #2012, #146 ) ;
#1767 = DIRECTION ( 'NONE',  ( 0.000000000000000000, 0.8660254037844384856, 0.5000000000000001110 ) ) ;
#1768 = CARTESIAN_POINT ( 'NONE',  ( -64.99999999999995737, -27.99999999999986500, 3.267949192431120586 ) ) ;
#1769 = CARTESIAN_POINT ( 'NONE',  ( 64.99999999999995737, -24.99999999999986500, 1.535898384862242505 ) ) ;
#1770 = ORIENTED_EDGE ( 'NONE', *, *, #1348, .F. ) ;
#1771 = CARTESIAN_POINT ( 'NONE',  ( 67.99999999999995737, -21.99999999999986144, 6.732050807568874973 ) ) ;
#1772 = LINE ( 'NONE', #1741, #1238 ) ;
#1773 = EDGE_LOOP ( 'NONE', ( #2351, #310, #1779, #2246 ) ) ;
#1774 = PLANE ( 'NONE',  #451 ) ;
#1775 = AXIS2_PLACEMENT_3D ( 'NONE', #1938, #70, #1950 ) ;
#1776 = LINE ( 'NONE', #1528, #2176 ) ;
#1777 = LINE ( 'NONE', #2518, #95 ) ;
#1778 = CIRCLE ( 'NONE', #2710, 1.700000000000000178 ) ;
#1779 = ORIENTED_EDGE ( 'NONE', *, *, #426, .T. ) ;
#1780 = VECTOR ( 'NONE', #616, 1000.000000000000000 ) ;
#1781 = CYLINDRICAL_SURFACE ( 'NONE', #1766, 1.700000000000000178 ) ;
#1782 = ORIENTED_EDGE ( 'NONE', *, *, #825, .T. ) ;
#1783 = CARTESIAN_POINT ( 'NONE',  ( 74.99999999999998579, 24.99999999999999645, -4.999999999999999112 ) ) ;
#1784 = FACE_OUTER_BOUND ( 'NONE', #2089, .T. ) ;
#1785 = ORIENTED_EDGE ( 'NONE', *, *, #3053, .F. ) ;
#1786 = LINE ( 'NONE', #2726, #894 ) ;
#1787 = DIRECTION ( 'NONE',  ( 0.000000000000000000, 0.000000000000000000, -1.000000000000000000 ) ) ;
#1788 = EDGE_LOOP ( 'NONE', ( #1721, #2458, #2758, #115 ) ) ;
#1789 = DIRECTION ( 'NONE',  ( 0.000000000000000000, -0.5000000000000003331, -0.8660254037844385966 ) ) ;
#1790 = CARTESIAN_POINT ( 'NONE',  ( -75.00000000000001421, 30.00000000000000000, 5.000000000000000000 ) ) ;
#1791 = LINE ( 'NONE', #2801, #492 ) ;
#1792 = EDGE_CURVE ( 'NONE', #2668, #498, #3021, .T. ) ;
#1793 = ADVANCED_FACE ( 'NONE', ( #668 ), #1163, .F. ) ;
#1794 = ORIENTED_EDGE ( 'NONE', *, *, #946, .F. ) ;
#1795 = CARTESIAN_POINT ( 'NONE',  ( -75.00000000000001421, -24.99999999999995381, -3.299999999999999378 ) ) ;
#1796 = VERTEX_POINT ( 'NONE', #913 ) ;
#1797 = CARTESIAN_POINT ( 'NONE',  ( 67.99999999999995737, -21.99999999999986144, 3.267949192431121919 ) ) ;
#1798 = CARTESIAN_POINT ( 'NONE',  ( -67.99999999999995737, -24.99999999999986144, -8.464101615137755275 ) ) ;
#1799 = ORIENTED_EDGE ( 'NONE', *, *, #1888, .T. ) ;
#1800 = ADVANCED_FACE ( 'NONE', ( #1412 ), #2353, .T. ) ;
#1801 = VERTEX_POINT ( 'NONE', #240 ) ;
#1802 = LINE ( 'NONE', #2288, #2470 ) ;
#1803 = FACE_OUTER_BOUND ( 'NONE', #1245, .T. ) ;
#1804 = ORIENTED_EDGE ( 'NONE', *, *, #2575, .F. ) ;
#1805 = LINE ( 'NONE', #2007, #1780 ) ;
#1806 = LINE ( 'NONE', #193, #1530 ) ;
#1807 = DIRECTION ( 'NONE',  ( 0.000000000000000000, 0.000000000000000000, 1.000000000000000000 ) ) ;
#1808 = AXIS2_PLACEMENT_3D ( 'NONE', #2444, #997, #1939 ) ;
#1809 = AXIS2_PLACEMENT_3D ( 'NONE', #2374, #1166, #1876 ) ;
#1810 = ORIENTED_EDGE ( 'NONE', *, *, #669, .F. ) ;
#1811 = CARTESIAN_POINT ( 'NONE',  ( 74.99999999999998579, -24.99999999999995381, 5.000000000000000000 ) ) ;
#1812 = ORIENTED_EDGE ( 'NONE', *, *, #1673, .T. ) ;
#1813 = DIRECTION ( 'NONE',  ( 0.000000000000000000, 0.000000000000000000, 1.000000000000000000 ) ) ;
#1814 = CARTESIAN_POINT ( 'NONE',  ( 67.99999999999995737, -24.99999999999986500, 1.535898384862242505 ) ) ;
#1815 = VERTEX_POINT ( 'NONE', #9 ) ;
#1816 = CARTESIAN_POINT ( 'NONE',  ( -75.00000000000001421, -24.99999999999999645, 10.00000000000000000 ) ) ;
#1817 = DIRECTION ( 'NONE',  ( 0.000000000000000000, -0.8660254037844384856, 0.5000000000000001110 ) ) ;
#1818 = EDGE_CURVE ( 'NONE', #1019, #1118, #1334, .T. ) ;
#1819 = ORIENTED_EDGE ( 'NONE', *, *, #1401, .T. ) ;
#1820 = DIRECTION ( 'NONE',  ( -0.000000000000000000, -0.8660254037844389297, -0.4999999999999993894 ) ) ;
#1821 = PLANE ( 'NONE',  #694 ) ;
#1822 = VECTOR ( 'NONE', #1319, 1000.000000000000000 ) ;
#1823 = ORIENTED_EDGE ( 'NONE', *, *, #1065, .T. ) ;
#1824 = CARTESIAN_POINT ( 'NONE',  ( 67.99999999999995737, -21.99999999999986144, -6.732050807568874973 ) ) ;
#1825 = EDGE_LOOP ( 'NONE', ( #2775, #1660, #1547, #266 ) ) ;
#1826 = AXIS2_PLACEMENT_3D ( 'NONE', #63, #1195, #19 ) ;
#1827 = DIRECTION ( 'NONE',  ( 1.000000000000000000, -0.000000000000000000, -0.000000000000000000 ) ) ;
#1828 = CIRCLE ( 'NONE', #2422, 1.700000000000000178 ) ;
#1829 = FACE_OUTER_BOUND ( 'NONE', #667, .T. ) ;
#1830 = DIRECTION ( 'NONE',  ( 0.000000000000000000, 0.8660254037844384856, 0.5000000000000002220 ) ) ;
#1831 = ORIENTED_EDGE ( 'NONE', *, *, #96, .F. ) ;
#1832 = VECTOR ( 'NONE', #858, 1000.000000000000000 ) ;
#1833 = EDGE_CURVE ( 'NONE', #2978, #1543, #2780, .T. ) ;
#1834 = EDGE_CURVE ( 'NONE', #334, #1564, #1132, .T. ) ;
#1835 = ORIENTED_EDGE ( 'NONE', *, *, #1702, .T. ) ;
#1836 = DIRECTION ( 'NONE',  ( 0.000000000000000000, 0.000000000000000000, 1.000000000000000000 ) ) ;
#1837 = EDGE_LOOP ( 'NONE', ( #852, #2046 ) ) ;
#1838 = FACE_OUTER_BOUND ( 'NONE', #222, .T. ) ;
#1839 = DIRECTION ( 'NONE',  ( -0.000000000000000000, -0.000000000000000000, -1.000000000000000000 ) ) ;
#1840 = ADVANCED_FACE ( 'NONE', ( #2324 ), #1915, .F. ) ;
#1841 = ORIENTED_EDGE ( 'NONE', *, *, #2654, .F. ) ;
#1842 = DIRECTION ( 'NONE',  ( 0.000000000000000000, -1.000000000000000000, -0.000000000000000000 ) ) ;
#1843 = LINE ( 'NONE', #2297, #347 ) ;
#1844 = PLANE ( 'NONE',  #2413 ) ;
#1845 = CARTESIAN_POINT ( 'NONE',  ( -75.00000000000001421, 30.00000000000000000, 10.00000000000000000 ) ) ;
#1846 = ORIENTED_EDGE ( 'NONE', *, *, #1265, .T. ) ;
#1847 = LINE ( 'NONE', #892, #2497 ) ;
#1848 = EDGE_CURVE ( 'NONE', #2771, #1432, #2438, .T. ) ;
#1849 = VERTEX_POINT ( 'NONE', #322 ) ;
#1850 = CARTESIAN_POINT ( 'NONE',  ( 74.99999999999998579, 24.99999999999995381, -5.000000000000000000 ) ) ;
#1851 = LINE ( 'NONE', #2777, #1287 ) ;
#1852 = ORIENTED_EDGE ( 'NONE', *, *, #2233, .T. ) ;
#1853 = DIRECTION ( 'NONE',  ( 0.000000000000000000, 0.000000000000000000, -1.000000000000000000 ) ) ;
#1854 = EDGE_CURVE ( 'NONE', #64, #1801, #515, .T. ) ;
#1855 = CIRCLE ( 'NONE', #2839, 1.700000000000000178 ) ;
#1856 = LINE ( 'NONE', #884, #935 ) ;
#1857 = DIRECTION ( 'NONE',  ( 0.000000000000000000, -0.8660254037844384856, 0.5000000000000001110 ) ) ;
#1858 = CARTESIAN_POINT ( 'NONE',  ( -67.99999999999995737, -24.99999999999986500, -1.535898384862242505 ) ) ;
#1859 = VECTOR ( 'NONE', #2887, 1000.000000000000227 ) ;
#1860 = ORIENTED_EDGE ( 'NONE', *, *, #2677, .T. ) ;
#1861 = VERTEX_POINT ( 'NONE', #1211 ) ;
#1862 = VERTEX_POINT ( 'NONE', #1454 ) ;
#1863 = LINE ( 'NONE', #490, #1562 ) ;
#1864 = DIRECTION ( 'NONE',  ( -1.000000000000000000, -0.000000000000000000, -0.000000000000000000 ) ) ;
#1865 = ORIENTED_EDGE ( 'NONE', *, *, #82, .T. ) ;
#1866 = CARTESIAN_POINT ( 'NONE',  ( 64.99999999999995737, 24.99999999999986500, -1.535898384862242505 ) ) ;
#1867 = CARTESIAN_POINT ( 'NONE',  ( 64.99999999999995737, -9.020562075079394367E-14, 10.00000000000000000 ) ) ;
#1868 = ORIENTED_EDGE ( 'NONE', *, *, #911, .T. ) ;
#1869 = EDGE_CURVE ( 'NONE', #1801, #414, #1945, .T. ) ;
#1870 = EDGE_CURVE ( 'NONE', #1796, #525, #1692, .T. ) ;
#1871 = DIRECTION ( 'NONE',  ( 0.000000000000000000, 0.000000000000000000, -1.000000000000000000 ) ) ;
#1872 = AXIS2_PLACEMENT_3D ( 'NONE', #1449, #2135, #2151 ) ;
#1873 = CARTESIAN_POINT ( 'NONE',  ( 67.99999999999995737, 24.99999999999995381, -6.700000000000001066 ) ) ;
#1874 = LINE ( 'NONE', #3038, #2757 ) ;
#1875 = AXIS2_PLACEMENT_3D ( 'NONE', #591, #2736, #1813 ) ;
#1876 = DIRECTION ( 'NONE',  ( 0.000000000000000000, 0.000000000000000000, -1.000000000000000000 ) ) ;
#1877 = AXIS2_PLACEMENT_3D ( 'NONE', #1577, #652, #861 ) ;
#1878 = EDGE_LOOP ( 'NONE', ( #761, #1906, #2180, #171 ) ) ;
#1879 = LINE ( 'NONE', #1639, #58 ) ;
#1880 = PLANE ( 'NONE',  #2257 ) ;
#1881 = CARTESIAN_POINT ( 'NONE',  ( 67.99999999999995737, -24.99999999999986144, -8.464101615137755275 ) ) ;
#1882 = EDGE_LOOP ( 'NONE', ( #2835, #2952, #14, #1986, #1353, #792, #1258, #605, #784, #2343, #2294, #2268 ) ) ;
#1883 = CARTESIAN_POINT ( 'NONE',  ( -12.50000000000000000, 0.000000000000000000, -10.00000000000000000 ) ) ;
#1884 = DIRECTION ( 'NONE',  ( 1.000000000000000000, -0.000000000000000000, -0.000000000000000000 ) ) ;
#1885 = ORIENTED_EDGE ( 'NONE', *, *, #2883, .F. ) ;
#1886 = LINE ( 'NONE', #1900, #1278 ) ;
#1887 = EDGE_CURVE ( 'NONE', #912, #793, #1033, .T. ) ;
#1888 = EDGE_CURVE ( 'NONE', #2929, #797, #2918, .T. ) ;
#1889 = CARTESIAN_POINT ( 'NONE',  ( -75.00000000000001421, 30.00000000000000000, -4.999999999999999112 ) ) ;
#1890 = CARTESIAN_POINT ( 'NONE',  ( -75.00000000000001421, -30.00000000000000000, -10.00000000000000000 ) ) ;
#1891 = CARTESIAN_POINT ( 'NONE',  ( 67.99999999999995737, -24.99999999999995381, 3.299999999999999378 ) ) ;
#1892 = ORIENTED_EDGE ( 'NONE', *, *, #335, .T. ) ;
#1893 = DIRECTION ( 'NONE',  ( 0.000000000000000000, 0.000000000000000000, -1.000000000000000000 ) ) ;
#1894 = CARTESIAN_POINT ( 'NONE',  ( 67.99999999999995737, -21.99999999999986144, -3.267949192431121919 ) ) ;
#1895 = EDGE_CURVE ( 'NONE', #2609, #2456, #582, .T. ) ;
#1896 = ORIENTED_EDGE ( 'NONE', *, *, #1507, .F. ) ;
#1897 = LINE ( 'NONE', #2823, #696 ) ;
#1898 = DIRECTION ( 'NONE',  ( -1.000000000000000000, 0.000000000000000000, 0.000000000000000000 ) ) ;
#1899 = ORIENTED_EDGE ( 'NONE', *, *, #1653, .F. ) ;
#1900 = CARTESIAN_POINT ( 'NONE',  ( -65.00000000000002842, 29.99999999999998224, -10.00000000000000000 ) ) ;
#1901 = DIRECTION ( 'NONE',  ( 0.000000000000000000, 0.000000000000000000, -1.000000000000000000 ) ) ;
#1902 = DIRECTION ( 'NONE',  ( -0.000000000000000000, -0.000000000000000000, -1.000000000000000000 ) ) ;
#1903 = LINE ( 'NONE', #2844, #481 ) ;
#1904 = AXIS2_PLACEMENT_3D ( 'NONE', #174, #1112, #2055 ) ;
#1905 = VECTOR ( 'NONE', #2412, 1000.000000000000000 ) ;
#1906 = ORIENTED_EDGE ( 'NONE', *, *, #2673, .F. ) ;
#1907 = DIRECTION ( 'NONE',  ( 0.000000000000000000, -0.4999999999999997224, -0.8660254037844388186 ) ) ;
#1908 = ADVANCED_FACE ( 'NONE', ( #2626 ), #1270, .F. ) ;
#1909 = FACE_OUTER_BOUND ( 'NONE', #2200, .T. ) ;
#1910 = ORIENTED_EDGE ( 'NONE', *, *, #2603, .F. ) ;
#1911 = CARTESIAN_POINT ( 'NONE',  ( -67.99999999999995737, -27.99999999999986500, 6.732050807568878525 ) ) ;
#1912 = LINE ( 'NONE', #1867, #1481 ) ;
#1913 = ADVANCED_FACE ( 'NONE', ( #93 ), #1745, .T. ) ;
#1914 = ORIENTED_EDGE ( 'NONE', *, *, #2789, .F. ) ;
#1915 = PLANE ( 'NONE',  #393 ) ;
#1916 = AXIS2_PLACEMENT_3D ( 'NONE', #2793, #2826, #2368 ) ;
#1917 = EDGE_CURVE ( 'NONE', #1228, #1861, #783, .T. ) ;
#1918 = CARTESIAN_POINT ( 'NONE',  ( 67.99999999999995737, 21.99999999999986144, 6.732050807568874973 ) ) ;
#1919 = DIRECTION ( 'NONE',  ( 0.000000000000000000, -0.8660254037844384856, 0.5000000000000001110 ) ) ;
#1920 = ORIENTED_EDGE ( 'NONE', *, *, #528, .T. ) ;
#1921 = VECTOR ( 'NONE', #703, 1000.000000000000000 ) ;
#1922 = ORIENTED_EDGE ( 'NONE', *, *, #1155, .T. ) ;
#1923 = PLANE ( 'NONE',  #2445 ) ;
#1924 = AXIS2_PLACEMENT_3D ( 'NONE', #601, #3048, #925 ) ;
#1925 = ADVANCED_FACE ( 'NONE', ( #2157 ), #1004, .F. ) ;
#1926 = EDGE_CURVE ( 'NONE', #895, #281, #2410, .T. ) ;
#1927 = VERTEX_POINT ( 'NONE', #2170 ) ;
#1928 = FACE_OUTER_BOUND ( 'NONE', #1035, .T. ) ;
#1929 = VECTOR ( 'NONE', #2781, 1000.000000000000000 ) ;
#1930 = CARTESIAN_POINT ( 'NONE',  ( -67.99999999999995737, 24.99999999999986144, 8.464101615137755275 ) ) ;
#1931 = AXIS2_PLACEMENT_3D ( 'NONE', #3029, #220, #1169 ) ;
#1932 = ORIENTED_EDGE ( 'NONE', *, *, #1895, .T. ) ;
#1933 = DIRECTION ( 'NONE',  ( -1.000000000000000000, -0.000000000000000000, -0.000000000000000000 ) ) ;
#1934 = EDGE_CURVE ( 'NONE', #1606, #2214, #540, .T. ) ;
#1935 = CYLINDRICAL_SURFACE ( 'NONE', #10, 5.000000000000000000 ) ;
#1936 = DIRECTION ( 'NONE',  ( 0.000000000000000000, 0.5000000000000003331, 0.8660254037844384856 ) ) ;
#1937 = EDGE_LOOP ( 'NONE', ( #576, #866, #1337, #1719 ) ) ;
#1938 = CARTESIAN_POINT ( 'NONE',  ( -67.99999999999995737, 27.99999999999986500, -3.267949192431120586 ) ) ;
#1939 = DIRECTION ( 'NONE',  ( 0.000000000000000000, -0.8660254037844384856, 0.5000000000000002220 ) ) ;
#1940 = VERTEX_POINT ( 'NONE', #1732 ) ;
#1941 = CARTESIAN_POINT ( 'NONE',  ( 65.00000000000000000, -27.99999999999986500, -6.732050807568877637 ) ) ;
#1942 = PLANE ( 'NONE',  #2224 ) ;
#1943 = EDGE_CURVE ( 'NONE', #2473, #2947, #2957, .T. ) ;
#1944 = ORIENTED_EDGE ( 'NONE', *, *, #2624, .T. ) ;
#1945 = LINE ( 'NONE', #2871, #2122 ) ;
#1946 = CARTESIAN_POINT ( 'NONE',  ( -67.99999999999995737, 21.99999999999986144, -6.732050807568874973 ) ) ;
#1947 = CARTESIAN_POINT ( 'NONE',  ( 64.99999999999995737, 24.99999999999986144, -8.464101615137755275 ) ) ;
#1948 = ORIENTED_EDGE ( 'NONE', *, *, #2882, .T. ) ;
#1949 = EDGE_CURVE ( 'NONE', #1019, #2286, #2199, .T. ) ;
#1950 = DIRECTION ( 'NONE',  ( 0.000000000000000000, 0.000000000000000000, -1.000000000000000000 ) ) ;
#1951 = FACE_BOUND ( 'NONE', #2230, .T. ) ;
#1952 = AXIS2_PLACEMENT_3D ( 'NONE', #2928, #1755, #1012 ) ;
#1953 = VECTOR ( 'NONE', #932, 1000.000000000000000 ) ;
#1954 = ORIENTED_EDGE ( 'NONE', *, *, #3026, .T. ) ;
#1955 = CARTESIAN_POINT ( 'NONE',  ( 74.99999999999998579, 24.99999999999995381, 5.000000000000000000 ) ) ;
#1956 = DIRECTION ( 'NONE',  ( 0.000000000000000000, -0.000000000000000000, 1.000000000000000000 ) ) ;
#1957 = CIRCLE ( 'NONE', #626, 5.000000000000000000 ) ;
#1958 = PRODUCT_DEFINITION_CONTEXT ( 'detailed design', #438, 'design' ) ;
#1959 = ORIENTED_EDGE ( 'NONE', *, *, #94, .T. ) ;
#1960 = CARTESIAN_POINT ( 'NONE',  ( 74.99999999999998579, -24.99999999999995381, 3.299999999999999822 ) ) ;
#1961 = FACE_OUTER_BOUND ( 'NONE', #550, .T. ) ;
#1962 = ADVANCED_FACE ( 'NONE', ( #1961 ), #2900, .F. ) ;
#1963 = EDGE_CURVE ( 'NONE', #20, #842, #2502, .T. ) ;
#1964 = EDGE_LOOP ( 'NONE', ( #1757, #748, #1050, #1753, #2866, #2725 ) ) ;
#1965 = CARTESIAN_POINT ( 'NONE',  ( -67.99999999999995737, 0.000000000000000000, 0.000000000000000000 ) ) ;
#1966 = ORIENTED_EDGE ( 'NONE', *, *, #1356, .F. ) ;
#1967 = ORIENTED_EDGE ( 'NONE', *, *, #2250, .T. ) ;
#1968 = VECTOR ( 'NONE', #1827, 1000.000000000000000 ) ;
#1969 = PLANE ( 'NONE',  #1711 ) ;
#1970 = VECTOR ( 'NONE', #1358, 1000.000000000000000 ) ;
#1971 = ORIENTED_EDGE ( 'NONE', *, *, #1532, .F. ) ;
#1972 = LINE ( 'NONE', #1451, #2661 ) ;
#1973 = CARTESIAN_POINT ( 'NONE',  ( -65.00000000000002842, 24.99999999999999645, -10.00000000000000000 ) ) ;
#1974 = AXIS2_PLACEMENT_3D ( 'NONE', #2824, #2154, #2168 ) ;
#1975 = CIRCLE ( 'NONE', #1241, 1.700000000000000178 ) ;
#1976 = ORIENTED_EDGE ( 'NONE', *, *, #907, .T. ) ;
#1977 = DIRECTION ( 'NONE',  ( 1.000000000000000000, -0.000000000000000000, -0.000000000000000000 ) ) ;
#1978 = CARTESIAN_POINT ( 'NONE',  ( 67.99999999999995737, 27.99999999999986500, 6.732050807568878525 ) ) ;
#1979 = AXIS2_PLACEMENT_3D ( 'NONE', #1955, #1687, #1740 ) ;
#1980 = ORIENTED_EDGE ( 'NONE', *, *, #1440, .F. ) ;
#1981 = CARTESIAN_POINT ( 'NONE',  ( -67.99999999999995737, 21.99999999999986144, 6.732050807568874973 ) ) ;
#1982 = ADVANCED_FACE ( 'NONE', ( #1992 ), #1286, .T. ) ;
#1983 = ORIENTED_EDGE ( 'NONE', *, *, #196, .T. ) ;
#1984 = FACE_OUTER_BOUND ( 'NONE', #2854, .T. ) ;
#1985 = ORIENTED_EDGE ( 'NONE', *, *, #943, .T. ) ;
#1986 = ORIENTED_EDGE ( 'NONE', *, *, #853, .T. ) ;
#1987 = DIRECTION ( 'NONE',  ( 1.000000000000000000, -0.000000000000000000, 0.000000000000000000 ) ) ;
#1988 = DIRECTION ( 'NONE',  ( 0.000000000000000000, 0.8660254037844389297, 0.4999999999999994449 ) ) ;
#1989 = EDGE_CURVE ( 'NONE', #1543, #363, #2753, .T. ) ;
#1990 = VERTEX_POINT ( 'NONE', #1320 ) ;
#1991 = CARTESIAN_POINT ( 'NONE',  ( -67.99999999999995737, -21.99999999999986144, 6.732050807568874973 ) ) ;
#1992 = FACE_OUTER_BOUND ( 'NONE', #1103, .T. ) ;
#1993 = VERTEX_POINT ( 'NONE', #921 ) ;
#1994 = LINE ( 'NONE', #2309, #636 ) ;
#1995 = ORIENTED_EDGE ( 'NONE', *, *, #1963, .F. ) ;
#1996 = CARTESIAN_POINT ( 'NONE',  ( -75.00000000000001421, -24.99999999999995381, -6.700000000000000178 ) ) ;
#1997 = CARTESIAN_POINT ( 'NONE',  ( -64.99999999999995737, -24.99999999999986144, -8.464101615137755275 ) ) ;
#1998 = ORIENTED_EDGE ( 'NONE', *, *, #2185, .F. ) ;
#1999 = DIRECTION ( 'NONE',  ( 0.000000000000000000, 0.000000000000000000, -1.000000000000000000 ) ) ;
#2000 = EDGE_CURVE ( 'NONE', #368, #414, #1777, .T. ) ;
#2001 = VERTEX_POINT ( 'NONE', #405 ) ;
#2002 = LINE ( 'NONE', #2054, #2086 ) ;
#2003 = CARTESIAN_POINT ( 'NONE',  ( 67.99999999999995737, -24.99999999999995381, 5.000000000000000000 ) ) ;
#2004 = CIRCLE ( 'NONE', #477, 12.50000000000000000 ) ;
#2005 = ADVANCED_FACE ( 'NONE', ( #356 ), #2969, .F. ) ;
#2006 = ORIENTED_EDGE ( 'NONE', *, *, #2398, .T. ) ;
#2007 = CARTESIAN_POINT ( 'NONE',  ( 65.00000000000000000, 0.000000000000000000, 10.00000000000000000 ) ) ;
#2008 = DIRECTION ( 'NONE',  ( -1.000000000000000000, -0.000000000000000000, -0.000000000000000000 ) ) ;
#2009 = CIRCLE ( 'NONE', #2595, 12.50000000000000000 ) ;
#2010 = CARTESIAN_POINT ( 'NONE',  ( -75.00000000000001421, 24.99999999999995381, -5.000000000000000000 ) ) ;
#2011 = EDGE_LOOP ( 'NONE', ( #389, #245, #172, #2786, #1623, #433 ) ) ;
#2012 = DIRECTION ( 'NONE',  ( -1.000000000000000000, -0.000000000000000000, -0.000000000000000000 ) ) ;
#2013 = ORIENTED_EDGE ( 'NONE', *, *, #2233, .F. ) ;
#2014 = CARTESIAN_POINT ( 'NONE',  ( -64.99999999999995737, 24.99999999999986144, -8.464101615137755275 ) ) ;
#2015 = DIRECTION ( 'NONE',  ( 0.000000000000000000, -1.000000000000000000, 0.000000000000000000 ) ) ;
#2016 = ORIENTED_EDGE ( 'NONE', *, *, #2065, .F. ) ;
#2017 = ORIENTED_EDGE ( 'NONE', *, *, #2692, .T. ) ;
#2018 = FACE_BOUND ( 'NONE', #2181, .T. ) ;
#2019 = CARTESIAN_POINT ( 'NONE',  ( -75.00000000000001421, 24.99999999999999289, -10.00000000000000000 ) ) ;
#2020 = EDGE_CURVE ( 'NONE', #2863, #2771, #1791, .T. ) ;
#2021 = VECTOR ( 'NONE', #270, 1000.000000000000000 ) ;
#2022 = EDGE_CURVE ( 'NONE', #2318, #226, #1084, .T. ) ;
#2023 = ORIENTED_EDGE ( 'NONE', *, *, #2700, .T. ) ;
#2024 = CARTESIAN_POINT ( 'NONE',  ( -65.00000000000000000, -24.99999999999999645, -10.00000000000000000 ) ) ;
#2025 = VECTOR ( 'NONE', #117, 1000.000000000000000 ) ;
#2026 = CARTESIAN_POINT ( 'NONE',  ( -75.00000000000001421, 24.99999999999995381, -3.299999999999999822 ) ) ;
#2027 = CYLINDRICAL_SURFACE ( 'NONE', #1282, 1.700000000000000178 ) ;
#2028 = AXIS2_PLACEMENT_3D ( 'NONE', #1064, #2008, #2715 ) ;
#2029 = ORIENTED_EDGE ( 'NONE', *, *, #927, .F. ) ;
#2030 = CIRCLE ( 'NONE', #1340, 12.50000000000000000 ) ;
#2031 = FACE_OUTER_BOUND ( 'NONE', #2011, .T. ) ;
#2032 = ORIENTED_EDGE ( 'NONE', *, *, #1703, .F. ) ;
#2033 = EDGE_CURVE ( 'NONE', #790, #520, #2126, .T. ) ;
#2034 = VECTOR ( 'NONE', #2167, 1000.000000000000000 ) ;
#2035 = LINE ( 'NONE', #1311, #1970 ) ;
#2036 = PLANE ( 'NONE',  #284 ) ;
#2037 = VERTEX_POINT ( 'NONE', #371 ) ;
#2038 = ORIENTED_EDGE ( 'NONE', *, *, #754, .T. ) ;
#2039 = CARTESIAN_POINT ( 'NONE',  ( 64.99999999999995737, -21.99999999999986144, -6.732050807568874973 ) ) ;
#2040 = CARTESIAN_POINT ( 'NONE',  ( -64.99999999999995737, -24.99999999999986144, 8.464101615137755275 ) ) ;
#2041 = ORIENTED_EDGE ( 'NONE', *, *, #1274, .T. ) ;
#2042 = EDGE_CURVE ( 'NONE', #2107, #1739, #1761, .T. ) ;
#2043 = DIRECTION ( 'NONE',  ( 1.000000000000000000, -0.000000000000000000, -0.000000000000000000 ) ) ;
#2044 = CARTESIAN_POINT ( 'NONE',  ( -12.50000000000000000, 0.000000000000000000, 10.00000000000000000 ) ) ;
#2045 = DIRECTION ( 'NONE',  ( -0.000000000000000000, 1.000000000000000000, 0.000000000000000000 ) ) ;
#2046 = ORIENTED_EDGE ( 'NONE', *, *, #978, .T. ) ;
#2047 = DIRECTION ( 'NONE',  ( 0.000000000000000000, -0.5000000000000003331, 0.8660254037844384856 ) ) ;
#2048 = ORIENTED_EDGE ( 'NONE', *, *, #287, .T. ) ;
#2049 = ADVANCED_FACE ( 'NONE', ( #112 ), #2027, .F. ) ;
#2050 = DIRECTION ( 'NONE',  ( 1.000000000000000000, -0.000000000000000000, 0.000000000000000000 ) ) ;
#2051 = FACE_OUTER_BOUND ( 'NONE', #374, .T. ) ;
#2052 = ORIENTED_EDGE ( 'NONE', *, *, #1421, .T. ) ;
#2053 = VERTEX_POINT ( 'NONE', #1335 ) ;
#2054 = CARTESIAN_POINT ( 'NONE',  ( 67.99999999999995737, -24.99999999999986144, 8.464101615137755275 ) ) ;
#2055 = DIRECTION ( 'NONE',  ( 0.000000000000000000, 0.000000000000000000, -1.000000000000000000 ) ) ;
#2056 = VERTEX_POINT ( 'NONE', #2696 ) ;
#2057 = CARTESIAN_POINT ( 'NONE',  ( 67.99999999999995737, -24.99999999999995381, 5.000000000000000000 ) ) ;
#2058 = CARTESIAN_POINT ( 'NONE',  ( 64.99999999999995737, -21.99999999999986144, 6.732050807568874973 ) ) ;
#2059 = DIRECTION ( 'NONE',  ( -1.000000000000000000, -0.000000000000000000, -0.000000000000000000 ) ) ;
#2060 = CIRCLE ( 'NONE', #323, 1.700000000000000178 ) ;
#2061 = VECTOR ( 'NONE', #704, 1000.000000000000000 ) ;
#2062 = ORIENTED_EDGE ( 'NONE', *, *, #836, .F. ) ;
#2063 = DIRECTION ( 'NONE',  ( -1.000000000000000000, -0.000000000000000000, -0.000000000000000000 ) ) ;
#2064 = ORIENTED_EDGE ( 'NONE', *, *, #1155, .F. ) ;
#2065 = EDGE_CURVE ( 'NONE', #1118, #175, #128, .T. ) ;
#2066 = EDGE_CURVE ( 'NONE', #1940, #327, #1631, .T. ) ;
#2067 = DIRECTION ( 'NONE',  ( 0.000000000000000000, -0.5000000000000003331, 0.8660254037844385966 ) ) ;
#2068 = DIRECTION ( 'NONE',  ( 0.000000000000000000, 1.000000000000000000, -0.000000000000000000 ) ) ;
#2069 = CARTESIAN_POINT ( 'NONE',  ( 67.99999999999995737, 24.99999999999986500, -1.535898384862242505 ) ) ;
#2070 = VERTEX_POINT ( 'NONE', #2716 ) ;
#2071 = DIRECTION ( 'NONE',  ( 0.000000000000000000, 0.8660254037844384856, 0.5000000000000001110 ) ) ;
#2072 = EDGE_LOOP ( 'NONE', ( #1967, #1995, #3040, #2748 ) ) ;
#2073 = DIRECTION ( 'NONE',  ( 0.000000000000000000, 0.000000000000000000, -1.000000000000000000 ) ) ;
#2074 = CARTESIAN_POINT ( 'NONE',  ( -2.668805347656625298E-15, 19.99999999999999289, 10.00000000000000000 ) ) ;
#2075 = VECTOR ( 'NONE', #2278, 1000.000000000000000 ) ;
#2076 = VECTOR ( 'NONE', #2128, 1000.000000000000000 ) ;
#2077 = ORIENTED_EDGE ( 'NONE', *, *, #1083, .T. ) ;
#2078 = DIRECTION ( 'NONE',  ( 0.000000000000000000, 0.000000000000000000, 1.000000000000000000 ) ) ;
#2079 = CIRCLE ( 'NONE', #2810, 1.700000000000000178 ) ;
#2080 = LINE ( 'NONE', #821, #1729 ) ;
#2081 = VECTOR ( 'NONE', #2787, 1000.000000000000000 ) ;
#2082 = CARTESIAN_POINT ( 'NONE',  ( -65.00000000000002842, 24.99999999999999645, 10.00000000000000000 ) ) ;
#2083 = ADVANCED_FACE ( 'NONE', ( #164 ), #849, .T. ) ;
#2084 = FACE_OUTER_BOUND ( 'NONE', #1882, .T. ) ;
#2085 = ORIENTED_EDGE ( 'NONE', *, *, #2830, .T. ) ;
#2086 = VECTOR ( 'NONE', #2255, 1000.000000000000227 ) ;
#2087 = VERTEX_POINT ( 'NONE', #813 ) ;
#2088 = DIRECTION ( 'NONE',  ( 1.000000000000000000, -0.000000000000000000, 0.000000000000000000 ) ) ;
#2089 = EDGE_LOOP ( 'NONE', ( #165, #2098, #2451, #2362 ) ) ;
#2090 = DIRECTION ( 'NONE',  ( 0.000000000000000000, 0.000000000000000000, 1.000000000000000000 ) ) ;
#2091 = SURFACE_SIDE_STYLE ('',( #224 ) ) ;
#2092 = ADVANCED_FACE ( 'NONE', ( #618 ), #1561, .T. ) ;
#2093 = EDGE_LOOP ( 'NONE', ( #874, #727, #1709, #1701, #2281, #110 ) ) ;
#2094 = DIRECTION ( 'NONE',  ( 0.000000000000000000, 0.8660254037844384856, -0.5000000000000003331 ) ) ;
#2095 = CARTESIAN_POINT ( 'NONE',  ( 74.99999999999998579, -24.99999999999995381, 6.700000000000001066 ) ) ;
#2096 = DIRECTION ( 'NONE',  ( 0.000000000000000000, 0.000000000000000000, -1.000000000000000000 ) ) ;
#2097 = CYLINDRICAL_SURFACE ( 'NONE', #2402, 1.700000000000000178 ) ;
#2098 = ORIENTED_EDGE ( 'NONE', *, *, #473, .F. ) ;
#2099 = UNCERTAINTY_MEASURE_WITH_UNIT (LENGTH_MEASURE( 1.000000000000000082E-05 ), #1578, 'distance_accuracy_value', 'NONE');
#2100 = ORIENTED_EDGE ( 'NONE', *, *, #1517, .F. ) ;
#2101 = CARTESIAN_POINT ( 'NONE',  ( 0.000000000000000000, 24.99999999999999645, 5.000000000000000000 ) ) ;
#2102 = ADVANCED_FACE ( 'NONE', ( #2745 ), #634, .F. ) ;
#2103 = EDGE_CURVE ( 'NONE', #912, #138, #2378, .T. ) ;
#2104 = ORIENTED_EDGE ( 'NONE', *, *, #2883, .T. ) ;
#2105 = CARTESIAN_POINT ( 'NONE',  ( -67.99999999999995737, 21.99999999999986144, -3.267949192431121919 ) ) ;
#2106 = PLANE ( 'NONE',  #1435 ) ;
#2107 = VERTEX_POINT ( 'NONE', #707 ) ;
#2108 = DIRECTION ( 'NONE',  ( -1.000000000000000000, -0.000000000000000000, -0.000000000000000000 ) ) ;
#2109 = AXIS2_PLACEMENT_3D ( 'NONE', #824, #765, #1714 ) ;
#2110 = FACE_OUTER_BOUND ( 'NONE', #1120, .T. ) ;
#2111 = CARTESIAN_POINT ( 'NONE',  ( -67.99999999999995737, 21.99999999999986144, -3.267949192431121919 ) ) ;
#2112 = CARTESIAN_POINT ( 'NONE',  ( 67.99999999999995737, 24.99999999999986144, 8.464101615137755275 ) ) ;
#2113 = VECTOR ( 'NONE', #261, 1000.000000000000000 ) ;
#2114 = VERTEX_POINT ( 'NONE', #1641 ) ;
#2115 = DIRECTION ( 'NONE',  ( 1.000000000000000000, -0.000000000000000000, -0.000000000000000000 ) ) ;
#2116 = CARTESIAN_POINT ( 'NONE',  ( -67.99999999999995737, 27.99999999999986500, 3.267949192431120586 ) ) ;
#2117 = VERTEX_POINT ( 'NONE', #2820 ) ;
#2118 = CARTESIAN_POINT ( 'NONE',  ( 67.99999999999995737, 27.99999999999986500, 3.267949192431120586 ) ) ;
#2119 = LINE ( 'NONE', #1930, #543 ) ;
#2120 = ADVANCED_FACE ( 'NONE', ( #734 ), #2587, .T. ) ;
#2121 = EDGE_CURVE ( 'NONE', #384, #2164, #1680, .T. ) ;
#2122 = VECTOR ( 'NONE', #742, 1000.000000000000227 ) ;
#2123 = ORIENTED_EDGE ( 'NONE', *, *, #2591, .F. ) ;
#2124 = CIRCLE ( 'NONE', #2899, 1.700000000000000178 ) ;
#2125 = CARTESIAN_POINT ( 'NONE',  ( -67.99999999999995737, 24.99999999999986144, -8.464101615137755275 ) ) ;
#2126 = CIRCLE ( 'NONE', #2901, 5.000000000000000000 ) ;
#2127 = FACE_BOUND ( 'NONE', #969, .T. ) ;
#2128 = DIRECTION ( 'NONE',  ( 0.000000000000000000, 0.8660254037844388186, 0.4999999999999996669 ) ) ;
#2129 = CIRCLE ( 'NONE', #2906, 4.999999999999999112 ) ;
#2130 = LINE ( 'NONE', #2552, #1269 ) ;
#2131 = ADVANCED_FACE ( 'NONE', ( #2346 ), #1190, .F. ) ;
#2132 = AXIS2_PLACEMENT_3D ( 'NONE', #1333, #2276, #1099 ) ;
#2133 = ORIENTED_EDGE ( 'NONE', *, *, #611, .F. ) ;
#2134 = LINE ( 'NONE', #2392, #1463 ) ;
#2135 = DIRECTION ( 'NONE',  ( 0.000000000000000000, 1.000000000000000000, -0.000000000000000000 ) ) ;
#2136 = VECTOR ( 'NONE', #2622, 1000.000000000000227 ) ;
#2137 = VERTEX_POINT ( 'NONE', #16 ) ;
#2138 = ORIENTED_EDGE ( 'NONE', *, *, #2509, .T. ) ;
#2139 = LINE ( 'NONE', #2335, #2910 ) ;
#2140 = CARTESIAN_POINT ( 'NONE',  ( -64.99999999999995737, 27.99999999999986500, 3.267949192431120586 ) ) ;
#2141 = EDGE_CURVE ( 'NONE', #1735, #1010, #1171, .T. ) ;
#2142 = ORIENTED_EDGE ( 'NONE', *, *, #2269, .F. ) ;
#2143 = DIRECTION ( 'NONE',  ( -0.000000000000000000, -0.000000000000000000, 1.000000000000000000 ) ) ;
#2144 = LINE ( 'NONE', #285, #2279 ) ;
#2145 = DIRECTION ( 'NONE',  ( 0.000000000000000000, 0.8660254037844388186, 0.4999999999999996669 ) ) ;
#2146 = LINE ( 'NONE', #2112, #2061 ) ;
#2147 = ORIENTED_EDGE ( 'NONE', *, *, #82, .F. ) ;
#2148 = EDGE_CURVE ( 'NONE', #2117, #1647, #1420, .T. ) ;
#2149 = VERTEX_POINT ( 'NONE', #2360 ) ;
#2150 = DIRECTION ( 'NONE',  ( 0.000000000000000000, -0.000000000000000000, -1.000000000000000000 ) ) ;
#2151 = DIRECTION ( 'NONE',  ( 0.000000000000000000, 0.000000000000000000, 1.000000000000000000 ) ) ;
#2152 = VERTEX_POINT ( 'NONE', #954 ) ;
#2153 = DIRECTION ( 'NONE',  ( -1.000000000000000000, 0.000000000000000000, -0.000000000000000000 ) ) ;
#2154 = DIRECTION ( 'NONE',  ( 1.000000000000000000, -0.000000000000000000, -0.000000000000000000 ) ) ;
#2155 = PRODUCT_DEFINITION_SHAPE ( 'NONE', 'NONE',  #360 ) ;
#2156 = ORIENTED_EDGE ( 'NONE', *, *, #588, .F. ) ;
#2157 = FACE_OUTER_BOUND ( 'NONE', #330, .T. ) ;
#2158 = DIRECTION ( 'NONE',  ( 0.000000000000000000, 0.000000000000000000, -1.000000000000000000 ) ) ;
#2159 = FACE_OUTER_BOUND ( 'NONE', #269, .T. ) ;
#2160 = EDGE_CURVE ( 'NONE', #175, #2286, #2174, .T. ) ;
#2161 = AXIS2_PLACEMENT_3D ( 'NONE', #1216, #521, #27 ) ;
#2162 = EDGE_CURVE ( 'NONE', #1277, #1113, #491, .T. ) ;
#2163 = VECTOR ( 'NONE', #2340, 1000.000000000000000 ) ;
#2164 = VERTEX_POINT ( 'NONE', #3060 ) ;
#2165 = FACE_OUTER_BOUND ( 'NONE', #1076, .T. ) ;
#2166 = EDGE_LOOP ( 'NONE', ( #2077, #2959, #421, #26 ) ) ;
#2167 = DIRECTION ( 'NONE',  ( 0.000000000000000000, 1.000000000000000000, 0.000000000000000000 ) ) ;
#2168 = DIRECTION ( 'NONE',  ( 0.000000000000000000, 0.000000000000000000, 1.000000000000000000 ) ) ;
#2169 = ORIENTED_EDGE ( 'NONE', *, *, #2148, .T. ) ;
#2170 = CARTESIAN_POINT ( 'NONE',  ( 67.99999999999995737, -24.99999999999995381, 6.700000000000000178 ) ) ;
#2171 = VECTOR ( 'NONE', #468, 1000.000000000000227 ) ;
#2172 = DIRECTION ( 'NONE',  ( 1.000000000000000000, 0.000000000000000000, -0.000000000000000000 ) ) ;
#2173 = FACE_OUTER_BOUND ( 'NONE', #1062, .T. ) ;
#2174 = CIRCLE ( 'NONE', #539, 1.700000000000000178 ) ;
#2175 = ADVANCED_FACE ( 'NONE', ( #1909 ), #2848, .F. ) ;
#2176 = VECTOR ( 'NONE', #2388, 1000.000000000000227 ) ;
#2177 = EDGE_LOOP ( 'NONE', ( #3057, #2712, #2493, #1009 ) ) ;
#2178 = CARTESIAN_POINT ( 'NONE',  ( 64.99999999999998579, 20.00000000000000000, -10.00000000000000000 ) ) ;
#2179 = AXIS2_PLACEMENT_3D ( 'NONE', #1439, #33, #1236 ) ;
#2180 = ORIENTED_EDGE ( 'NONE', *, *, #2911, .T. ) ;
#2181 = EDGE_LOOP ( 'NONE', ( #1068, #952 ) ) ;
#2182 = CARTESIAN_POINT ( 'NONE',  ( 67.99999999999995737, -27.99999999999986500, -6.732050807568878525 ) ) ;
#2183 = AXIS2_PLACEMENT_3D ( 'NONE', #2057, #3001, #1626 ) ;
#2184 = CARTESIAN_POINT ( 'NONE',  ( 74.99999999999998579, 24.99999999999999645, 5.000000000000000000 ) ) ;
#2185 = EDGE_CURVE ( 'NONE', #1317, #2863, #938, .T. ) ;
#2186 = ORIENTED_EDGE ( 'NONE', *, *, #2350, .T. ) ;
#2187 = CARTESIAN_POINT ( 'NONE',  ( -67.99999999999995737, -21.99999999999986144, -3.267949192431121919 ) ) ;
#2188 = FACE_OUTER_BOUND ( 'NONE', #709, .T. ) ;
#2189 = CARTESIAN_POINT ( 'NONE',  ( 64.99999999999995737, 21.99999999999986144, 3.267949192431121919 ) ) ;
#2190 = ORIENTED_EDGE ( 'NONE', *, *, #2103, .F. ) ;
#2191 = PLANE ( 'NONE',  #1775 ) ;
#2192 = LINE ( 'NONE', #328, #1325 ) ;
#2193 = ORIENTED_EDGE ( 'NONE', *, *, #2121, .T. ) ;
#2194 = DIRECTION ( 'NONE',  ( 1.000000000000000000, 0.000000000000000000, -0.000000000000000000 ) ) ;
#2195 = DIRECTION ( 'NONE',  ( 0.000000000000000000, 0.8660254037844389297, -0.4999999999999993894 ) ) ;
#2196 = EDGE_CURVE ( 'NONE', #2236, #1113, #779, .T. ) ;
#2197 = ORIENTED_EDGE ( 'NONE', *, *, #1134, .F. ) ;
#2198 = CARTESIAN_POINT ( 'NONE',  ( 67.99999999999995737, 24.99999999999986144, -8.464101615137755275 ) ) ;
#2199 = LINE ( 'NONE', #78, #339 ) ;
#2200 = EDGE_LOOP ( 'NONE', ( #72, #2629, #113, #2683 ) ) ;
#2201 = LINE ( 'NONE', #2441, #2446 ) ;
#2202 = ORIENTED_EDGE ( 'NONE', *, *, #457, .T. ) ;
#2203 = ORIENTED_EDGE ( 'NONE', *, *, #846, .T. ) ;
#2204 = CYLINDRICAL_SURFACE ( 'NONE', #2939, 1.700000000000000178 ) ;
#2205 = VECTOR ( 'NONE', #1462, 1000.000000000000227 ) ;
#2206 = CIRCLE ( 'NONE', #818, 4.999999999999999112 ) ;
#2207 = ORIENTED_EDGE ( 'NONE', *, *, #1792, .T. ) ;
#2208 = DIRECTION ( 'NONE',  ( -1.000000000000000000, -0.000000000000000000, -0.000000000000000000 ) ) ;
#2209 = FACE_OUTER_BOUND ( 'NONE', #125, .T. ) ;
#2210 = VERTEX_POINT ( 'NONE', #2479 ) ;
#2211 = EDGE_CURVE ( 'NONE', #1450, #2236, #914, .T. ) ;
#2212 = CARTESIAN_POINT ( 'NONE',  ( 64.99999999999995737, -21.99999999999986144, 3.267949192431121919 ) ) ;
#2213 = CARTESIAN_POINT ( 'NONE',  ( 67.99999999999995737, -21.99999999999986144, -3.267949192431121919 ) ) ;
#2214 = VERTEX_POINT ( 'NONE', #1121 ) ;
#2215 = FACE_BOUND ( 'NONE', #660, .T. ) ;
#2216 = EDGE_CURVE ( 'NONE', #1228, #34, #1856, .T. ) ;
#2217 = DIRECTION ( 'NONE',  ( -0.000000000000000000, -0.000000000000000000, 1.000000000000000000 ) ) ;
#2218 = DIRECTION ( 'NONE',  ( -1.000000000000000000, 0.000000000000000000, 0.000000000000000000 ) ) ;
#2219 = VERTEX_POINT ( 'NONE', #1873 ) ;
#2220 = AXIS2_PLACEMENT_3D ( 'NONE', #111, #1048, #1305 ) ;
#2221 = EDGE_LOOP ( 'NONE', ( #2784, #61, #1105, #2605 ) ) ;
#2222 = LINE ( 'NONE', #1045, #1145 ) ;
#2223 = CARTESIAN_POINT ( 'NONE',  ( 65.00000000000000000, -30.00000000000000000, 4.999999999999999112 ) ) ;
#2224 = AXIS2_PLACEMENT_3D ( 'NONE', #89, #2676, #352 ) ;
#2225 = VECTOR ( 'NONE', #2581, 1000.000000000000000 ) ;
#2226 = VERTEX_POINT ( 'NONE', #3006 ) ;
#2227 = DIRECTION ( 'NONE',  ( -1.000000000000000000, 0.000000000000000000, 0.000000000000000000 ) ) ;
#2228 = CARTESIAN_POINT ( 'NONE',  ( 65.00000000000000000, -24.99999999999999645, 5.000000000000000000 ) ) ;
#2229 = ADVANCED_FACE ( 'NONE', ( #2812 ), #2567, .F. ) ;
#2230 = EDGE_LOOP ( 'NONE', ( #1426, #1329 ) ) ;
#2231 = DIRECTION ( 'NONE',  ( -1.000000000000000000, -0.000000000000000000, -0.000000000000000000 ) ) ;
#2232 = ORIENTED_EDGE ( 'NONE', *, *, #216, .F. ) ;
#2233 = EDGE_CURVE ( 'NONE', #2053, #2001, #2536, .T. ) ;
#2234 = DIRECTION ( 'NONE',  ( -0.000000000000000000, 0.8660254037844389297, -0.4999999999999993894 ) ) ;
#2235 = CARTESIAN_POINT ( 'NONE',  ( -64.99999999999995737, -24.99999999999986500, -1.535898384862242505 ) ) ;
#2236 = VERTEX_POINT ( 'NONE', #423 ) ;
#2237 = EDGE_CURVE ( 'NONE', #414, #493, #657, .T. ) ;
#2238 = CARTESIAN_POINT ( 'NONE',  ( -75.00000000000001421, -30.00000000000000000, 10.00000000000000000 ) ) ;
#2239 = VERTEX_POINT ( 'NONE', #214 ) ;
#2240 = FACE_OUTER_BOUND ( 'NONE', #2881, .T. ) ;
#2241 = CARTESIAN_POINT ( 'NONE',  ( 64.99999999999995737, 21.99999999999986144, 6.732050807568874973 ) ) ;
#2242 = ORIENTED_EDGE ( 'NONE', *, *, #2333, .T. ) ;
#2243 = FACE_OUTER_BOUND ( 'NONE', #534, .T. ) ;
#2244 = FACE_OUTER_BOUND ( 'NONE', #357, .T. ) ;
#2245 = CARTESIAN_POINT ( 'NONE',  ( -65.00000000000002842, 24.99999999999999645, 5.000000000000000000 ) ) ;
#2246 = ORIENTED_EDGE ( 'NONE', *, *, #603, .F. ) ;
#2247 = CARTESIAN_POINT ( 'NONE',  ( 64.99999999999995737, -21.99999999999986144, 6.732050807568874973 ) ) ;
#2248 = ORIENTED_EDGE ( 'NONE', *, *, #663, .T. ) ;
#2249 = CARTESIAN_POINT ( 'NONE',  ( 67.99999999999995737, -21.99999999999986144, 3.267949192431121919 ) ) ;
#2250 = EDGE_CURVE ( 'NONE', #1108, #842, #1617, .T. ) ;
#2251 = CARTESIAN_POINT ( 'NONE',  ( 74.99999999999998579, -24.99999999999995381, 5.000000000000000000 ) ) ;
#2252 = ADVANCED_FACE ( 'NONE', ( #702 ), #685, .F. ) ;
#2253 = EDGE_LOOP ( 'NONE', ( #1377, #1723, #2466, #2290 ) ) ;
#2254 = EDGE_LOOP ( 'NONE', ( #1486, #2585, #1914, #1157 ) ) ;
#2255 = DIRECTION ( 'NONE',  ( 0.000000000000000000, 0.8660254037844384856, -0.5000000000000001110 ) ) ;
#2256 = FACE_OUTER_BOUND ( 'NONE', #2254, .T. ) ;
#2257 = AXIS2_PLACEMENT_3D ( 'NONE', #2864, #475, #247 ) ;
#2258 = EDGE_LOOP ( 'NONE', ( #372, #673, #2275, #1852 ) ) ;
#2259 = CARTESIAN_POINT ( 'NONE',  ( -75.00000000000001421, 30.00000000000000000, 5.000000000000000000 ) ) ;
#2260 = DIRECTION ( 'NONE',  ( 0.000000000000000000, 0.8660254037844384856, -0.5000000000000002220 ) ) ;
#2261 = EDGE_CURVE ( 'NONE', #2960, #2734, #2310, .T. ) ;
#2262 = DIRECTION ( 'NONE',  ( 0.000000000000000000, 0.000000000000000000, -1.000000000000000000 ) ) ;
#2263 = ORIENTED_EDGE ( 'NONE', *, *, #3045, .F. ) ;
#2264 = CARTESIAN_POINT ( 'NONE',  ( -67.99999999999995737, -21.99999999999986144, -3.267949192431121919 ) ) ;
#2265 = VERTEX_POINT ( 'NONE', #2095 ) ;
#2266 = DIRECTION ( 'NONE',  ( 0.000000000000000000, 2.081668171172168513E-15, 1.000000000000000000 ) ) ;
#2267 = DIRECTION ( 'NONE',  ( 0.000000000000000000, -0.8660254037844384856, 0.5000000000000003331 ) ) ;
#2268 = ORIENTED_EDGE ( 'NONE', *, *, #1117, .T. ) ;
#2269 = EDGE_CURVE ( 'NONE', #2440, #161, #1164, .T. ) ;
#2270 = VECTOR ( 'NONE', #1615, 1000.000000000000000 ) ;
#2271 = ORIENTED_EDGE ( 'NONE', *, *, #46, .F. ) ;
#2272 = CARTESIAN_POINT ( 'NONE',  ( 74.99999999999998579, 24.99999999999995381, -5.000000000000000000 ) ) ;
#2273 = DIRECTION ( 'NONE',  ( -1.000000000000000000, 0.000000000000000000, 0.000000000000000000 ) ) ;
#2274 = VECTOR ( 'NONE', #967, 1000.000000000000000 ) ;
#2275 = ORIENTED_EDGE ( 'NONE', *, *, #561, .F. ) ;
#2276 = DIRECTION ( 'NONE',  ( 1.000000000000000000, 0.000000000000000000, 0.000000000000000000 ) ) ;
#2277 = CARTESIAN_POINT ( 'NONE',  ( -67.99999999999997158, 24.99999999999995381, -5.000000000000000000 ) ) ;
#2278 = DIRECTION ( 'NONE',  ( -1.000000000000000000, -0.000000000000000000, -0.000000000000000000 ) ) ;
#2279 = VECTOR ( 'NONE', #23, 1000.000000000000000 ) ;
#2280 = EDGE_CURVE ( 'NONE', #138, #1317, #1649, .T. ) ;
#2281 = ORIENTED_EDGE ( 'NONE', *, *, #379, .T. ) ;
#2282 = CARTESIAN_POINT ( 'NONE',  ( -67.99999999999995737, 27.99999999999986500, -3.267949192431120586 ) ) ;
#2283 = ORIENTED_EDGE ( 'NONE', *, *, #568, .F. ) ;
#2284 = LINE ( 'NONE', #838, #986 ) ;
#2285 = DIRECTION ( 'NONE',  ( 0.000000000000000000, 0.000000000000000000, -1.000000000000000000 ) ) ;
#2286 = VERTEX_POINT ( 'NONE', #1399 ) ;
#2287 = EDGE_LOOP ( 'NONE', ( #2436, #460, #2891, #202 ) ) ;
#2288 = CARTESIAN_POINT ( 'NONE',  ( 74.99999999999998579, -24.99999999999995381, 3.299999999999999822 ) ) ;
#2289 = DIRECTION ( 'NONE',  ( 1.000000000000000000, -0.000000000000000000, -0.000000000000000000 ) ) ;
#2290 = ORIENTED_EDGE ( 'NONE', *, *, #1666, .F. ) ;
#2291 = LINE ( 'NONE', #2983, #55 ) ;
#2292 = ADVANCED_FACE ( 'NONE', ( #2110, #3054, #930 ), #120, .F. ) ;
#2293 = CARTESIAN_POINT ( 'NONE',  ( 74.99999999999998579, 24.99999999999995381, -5.000000000000000000 ) ) ;
#2294 = ORIENTED_EDGE ( 'NONE', *, *, #669, .T. ) ;
#2295 = CARTESIAN_POINT ( 'NONE',  ( -67.99999999999995737, -24.99999999999986144, -8.464101615137755275 ) ) ;
#2296 = ORIENTED_EDGE ( 'NONE', *, *, #737, .F. ) ;
#2297 = CARTESIAN_POINT ( 'NONE',  ( -64.99999999999995737, 24.99999999999986500, -1.535898384862242505 ) ) ;
#2298 = CARTESIAN_POINT ( 'NONE',  ( 64.99999999999995737, 24.99999999999986500, -1.535898384862242505 ) ) ;
#2299 = DIRECTION ( 'NONE',  ( 0.000000000000000000, 0.000000000000000000, 1.000000000000000000 ) ) ;
#2300 = ORIENTED_EDGE ( 'NONE', *, *, #2797, .F. ) ;
#2301 = EDGE_LOOP ( 'NONE', ( #2403, #80, #2562, #1959 ) ) ;
#2302 = CARTESIAN_POINT ( 'NONE',  ( 67.99999999999995737, 21.99999999999986144, -6.732050807568874973 ) ) ;
#2303 = VERTEX_POINT ( 'NONE', #2942 ) ;
#2304 = CARTESIAN_POINT ( 'NONE',  ( -64.99999999999995737, 21.99999999999986144, 6.732050807568874973 ) ) ;
#2305 = DIRECTION ( 'NONE',  ( 0.000000000000000000, 0.000000000000000000, -1.000000000000000000 ) ) ;
#2306 = EDGE_CURVE ( 'NONE', #1295, #1131, #2080, .T. ) ;
#2307 = VECTOR ( 'NONE', #1387, 1000.000000000000000 ) ;
#2308 = VERTEX_POINT ( 'NONE', #3022 ) ;
#2309 = CARTESIAN_POINT ( 'NONE',  ( -64.99999999999995737, 27.99999999999986500, -3.267949192431120586 ) ) ;
#2310 = LINE ( 'NONE', #198, #1482 ) ;
#2311 = LINE ( 'NONE', #12, #397 ) ;
#2312 = CYLINDRICAL_SURFACE ( 'NONE', #1374, 1.700000000000000178 ) ;
#2313 = EDGE_CURVE ( 'NONE', #188, #2693, #439, .T. ) ;
#2314 = ORIENTED_EDGE ( 'NONE', *, *, #1579, .T. ) ;
#2315 = LINE ( 'NONE', #203, #993 ) ;
#2316 = PLANE ( 'NONE',  #1218 ) ;
#2317 = AXIS2_PLACEMENT_3D ( 'NONE', #2426, #50, #65 ) ;
#2318 = VERTEX_POINT ( 'NONE', #1539 ) ;
#2319 = LINE ( 'NONE', #1671, #1143 ) ;
#2320 = DIRECTION ( 'NONE',  ( -1.000000000000000000, -0.000000000000000000, -0.000000000000000000 ) ) ;
#2321 = VECTOR ( 'NONE', #2884, 1000.000000000000000 ) ;
#2322 = AXIS2_PLACEMENT_3D ( 'NONE', #199, #902, #1663 ) ;
#2323 = ORIENTED_EDGE ( 'NONE', *, *, #898, .T. ) ;
#2324 = FACE_OUTER_BOUND ( 'NONE', #1590, .T. ) ;
#2325 = VECTOR ( 'NONE', #2364, 1000.000000000000000 ) ;
#2326 = CARTESIAN_POINT ( 'NONE',  ( -67.99999999999995737, 24.99999999999986144, 8.464101615137755275 ) ) ;
#2327 = VECTOR ( 'NONE', #1677, 1000.000000000000227 ) ;
#2328 = LINE ( 'NONE', #3055, #1681 ) ;
#2329 = DIRECTION ( 'NONE',  ( 0.000000000000000000, 0.8660254037844384856, -0.5000000000000001110 ) ) ;
#2330 = AXIS2_PLACEMENT_3D ( 'NONE', #1573, #173, #1111 ) ;
#2331 = ORIENTED_EDGE ( 'NONE', *, *, #435, .F. ) ;
#2332 = CARTESIAN_POINT ( 'NONE',  ( -75.00000000000001421, 30.00000000000000000, 10.00000000000000000 ) ) ;
#2333 = EDGE_CURVE ( 'NONE', #231, #2152, #1843, .T. ) ;
#2334 = EDGE_LOOP ( 'NONE', ( #2802, #1110, #1461, #416 ) ) ;
#2335 = CARTESIAN_POINT ( 'NONE',  ( -75.00000000000001421, -24.99999999999995381, -3.299999999999999822 ) ) ;
#2336 = ORIENTED_EDGE ( 'NONE', *, *, #1274, .F. ) ;
#2337 = DIRECTION ( 'NONE',  ( 0.000000000000000000, 0.000000000000000000, -1.000000000000000000 ) ) ;
#2338 = DIRECTION ( 'NONE',  ( 0.000000000000000000, -0.8660254037844384856, -0.5000000000000002220 ) ) ;
#2339 = CARTESIAN_POINT ( 'NONE',  ( -64.99999999999995737, 24.99999999999986500, -1.535898384862242505 ) ) ;
#2340 = DIRECTION ( 'NONE',  ( -0.000000000000000000, -1.000000000000000000, -0.000000000000000000 ) ) ;
#2341 = EDGE_CURVE ( 'NONE', #572, #688, #992, .T. ) ;
#2342 = EDGE_CURVE ( 'NONE', #2226, #2210, #2627, .T. ) ;
#2343 = ORIENTED_EDGE ( 'NONE', *, *, #737, .T. ) ;
#2344 =( NAMED_UNIT ( * ) PLANE_ANGLE_UNIT ( ) SI_UNIT ( $, .RADIAN. ) );
#2345 = FACE_OUTER_BOUND ( 'NONE', #2592, .T. ) ;
#2346 = FACE_OUTER_BOUND ( 'NONE', #2334, .T. ) ;
#2347 = ORIENTED_EDGE ( 'NONE', *, *, #2797, .T. ) ;
#2348 = LINE ( 'NONE', #2589, #2081 ) ;
#2349 = CARTESIAN_POINT ( 'NONE',  ( 67.99999999999995737, -24.99999999999986500, 1.535898384862242505 ) ) ;
#2350 = EDGE_CURVE ( 'NONE', #1940, #2960, #2144, .T. ) ;
#2351 = ORIENTED_EDGE ( 'NONE', *, *, #253, .F. ) ;
#2352 = AXIS2_PLACEMENT_3D ( 'NONE', #232, #718, #2601 ) ;
#2353 = PLANE ( 'NONE',  #2556 ) ;
#2354 = AXIS2_PLACEMENT_3D ( 'NONE', #1312, #2992, #855 ) ;
#2355 = LINE ( 'NONE', #2639, #1587 ) ;
#2356 = LINE ( 'NONE', #1890, #589 ) ;
#2357 = LINE ( 'NONE', #962, #972 ) ;
#2358 = ORIENTED_EDGE ( 'NONE', *, *, #2141, .F. ) ;
#2359 = DIRECTION ( 'NONE',  ( 0.000000000000000000, 0.000000000000000000, -1.000000000000000000 ) ) ;
#2360 = CARTESIAN_POINT ( 'NONE',  ( -67.99999999999997158, -24.99999999999995381, 3.299999999999999378 ) ) ;
#2361 = PRODUCT_RELATED_PRODUCT_CATEGORY ( 'part', '', ( #103 ) ) ;
#2362 = ORIENTED_EDGE ( 'NONE', *, *, #59, .T. ) ;
#2363 = DIRECTION ( 'NONE',  ( -0.000000000000000000, -0.8660254037844389297, 0.4999999999999993894 ) ) ;
#2364 = DIRECTION ( 'NONE',  ( 0.000000000000000000, 0.8660254037844388186, -0.4999999999999996669 ) ) ;
#2365 = ADVANCED_FACE ( 'NONE', ( #2596 ), #1662, .T. ) ;
#2366 = ORIENTED_EDGE ( 'NONE', *, *, #2624, .F. ) ;
#2367 = AXIS2_PLACEMENT_3D ( 'NONE', #2010, #1306, #1807 ) ;
#2368 = DIRECTION ( 'NONE',  ( 0.000000000000000000, 0.000000000000000000, -1.000000000000000000 ) ) ;
#2369 = EDGE_CURVE ( 'NONE', #2699, #20, #38, .T. ) ;
#2370 = AXIS2_PLACEMENT_3D ( 'NONE', #229, #215, #1400 ) ;
#2371 = CARTESIAN_POINT ( 'NONE',  ( -67.99999999999995737, 27.99999999999986500, -6.732050807568878525 ) ) ;
#2372 = LINE ( 'NONE', #1633, #1284 ) ;
#2373 = VECTOR ( 'NONE', #1884, 1000.000000000000000 ) ;
#2374 = CARTESIAN_POINT ( 'NONE',  ( -67.99999999999997158, -24.99999999999995381, 5.000000000000000000 ) ) ;
#2375 = AXIS2_PLACEMENT_3D ( 'NONE', #632, #2516, #879 ) ;
#2376 = EDGE_LOOP ( 'NONE', ( #1297, #1770, #194, #2433 ) ) ;
#2377 = FACE_OUTER_BOUND ( 'NONE', #1196, .T. ) ;
#2378 = LINE ( 'NONE', #1894, #584 ) ;
#2379 = AXIS2_PLACEMENT_3D ( 'NONE', #843, #139, #596 ) ;
#2380 = ORIENTED_EDGE ( 'NONE', *, *, #2496, .F. ) ;
#2381 = DIRECTION ( 'NONE',  ( 0.000000000000000000, 0.000000000000000000, 1.000000000000000000 ) ) ;
#2382 = CARTESIAN_POINT ( 'NONE',  ( -65.00000000000000000, -30.00000000000000000, -10.00000000000000000 ) ) ;
#2383 = ORIENTED_EDGE ( 'NONE', *, *, #1718, .F. ) ;
#2384 = EDGE_CURVE ( 'NONE', #2226, #2647, #11, .T. ) ;
#2385 = ADVANCED_FACE ( 'NONE', ( #1213 ), #1935, .T. ) ;
#2386 = DIRECTION ( 'NONE',  ( 0.000000000000000000, -0.8660254037844388186, 0.4999999999999997224 ) ) ;
#2387 = DIRECTION ( 'NONE',  ( -1.000000000000000000, -0.000000000000000000, -0.000000000000000000 ) ) ;
#2388 = DIRECTION ( 'NONE',  ( 0.000000000000000000, 0.8660254037844384856, 0.5000000000000002220 ) ) ;
#2389 = DIRECTION ( 'NONE',  ( 0.000000000000000000, 0.000000000000000000, -1.000000000000000000 ) ) ;
#2390 = EDGE_CURVE ( 'NONE', #751, #2909, #757, .T. ) ;
#2391 = VERTEX_POINT ( 'NONE', #1470 ) ;
#2392 = CARTESIAN_POINT ( 'NONE',  ( 67.99999999999995737, 24.99999999999986500, -1.535898384862242505 ) ) ;
#2393 = ORIENTED_EDGE ( 'NONE', *, *, #1473, .F. ) ;
#2394 = FACE_OUTER_BOUND ( 'NONE', #1602, .T. ) ;
#2395 = CARTESIAN_POINT ( 'NONE',  ( -67.99999999999995737, -24.99999999999986144, -8.464101615137755275 ) ) ;
#2396 = VERTEX_POINT ( 'NONE', #976 ) ;
#2397 = DIRECTION ( 'NONE',  ( 0.000000000000000000, -0.8660254037844389297, 0.4999999999999994449 ) ) ;
#2398 = EDGE_CURVE ( 'NONE', #2681, #2904, #298, .T. ) ;
#2399 = PLANE ( 'NONE',  #991 ) ;
#2400 = DIRECTION ( 'NONE',  ( 0.000000000000000000, 0.000000000000000000, -1.000000000000000000 ) ) ;
#2401 = VECTOR ( 'NONE', #578, 1000.000000000000227 ) ;
#2402 = AXIS2_PLACEMENT_3D ( 'NONE', #1415, #977, #487 ) ;
#2403 = ORIENTED_EDGE ( 'NONE', *, *, #1848, .F. ) ;
#2404 = CARTESIAN_POINT ( 'NONE',  ( 67.99999999999995737, 21.99999999999986144, -3.267949192431121919 ) ) ;
#2405 = EDGE_CURVE ( 'NONE', #246, #1188, #502, .T. ) ;
#2406 = ORIENTED_EDGE ( 'NONE', *, *, #988, .F. ) ;
#2407 = DIRECTION ( 'NONE',  ( 0.000000000000000000, -0.8660254037844388186, -0.4999999999999996669 ) ) ;
#2408 = CARTESIAN_POINT ( 'NONE',  ( -75.00000000000001421, 24.99999999999995381, 5.000000000000000000 ) ) ;
#2409 = ORIENTED_EDGE ( 'NONE', *, *, #2216, .F. ) ;
#2410 = LINE ( 'NONE', #296, #2855 ) ;
#2411 = CARTESIAN_POINT ( 'NONE',  ( 67.99999999999995737, 27.99999999999986500, 3.267949192431120586 ) ) ;
#2412 = DIRECTION ( 'NONE',  ( -1.000000000000000000, -0.000000000000000000, -0.000000000000000000 ) ) ;
#2413 = AXIS2_PLACEMENT_3D ( 'NONE', #486, #1200, #961 ) ;
#2414 = ORIENTED_EDGE ( 'NONE', *, *, #271, .T. ) ;
#2415 = EDGE_CURVE ( 'NONE', #2443, #1047, #2030, .T. ) ;
#2416 = DIRECTION ( 'NONE',  ( 1.000000000000000000, -0.000000000000000000, -0.000000000000000000 ) ) ;
#2417 = EDGE_CURVE ( 'NONE', #923, #525, #1457, .T. ) ;
#2418 = CIRCLE ( 'NONE', #1924, 4.999999999999999112 ) ;
#2419 = VECTOR ( 'NONE', #665, 1000.000000000000000 ) ;
#2420 = EDGE_LOOP ( 'NONE', ( #1742, #2383, #1003, #2546 ) ) ;
#2421 = PLANE ( 'NONE',  #108 ) ;
#2422 = AXIS2_PLACEMENT_3D ( 'NONE', #1850, #1610, #223 ) ;
#2423 = DIRECTION ( 'NONE',  ( 0.000000000000000000, 0.4999999999999995004, -0.8660254037844390407 ) ) ;
#2424 = VECTOR ( 'NONE', #2944, 1000.000000000000000 ) ;
#2425 = ORIENTED_EDGE ( 'NONE', *, *, #1792, .F. ) ;
#2426 = CARTESIAN_POINT ( 'NONE',  ( 0.000000000000000000, 0.000000000000000000, -10.00000000000000000 ) ) ;
#2427 = ORIENTED_EDGE ( 'NONE', *, *, #622, .T. ) ;
#2428 = CARTESIAN_POINT ( 'NONE',  ( 67.99999999999995737, 24.99999999999986500, 1.535898384862242505 ) ) ;
#2429 = ORIENTED_EDGE ( 'NONE', *, *, #196, .F. ) ;
#2430 = LINE ( 'NONE', #1997, #1013 ) ;
#2431 = EDGE_CURVE ( 'NONE', #2656, #2875, #2858, .T. ) ;
#2432 = EDGE_CURVE ( 'NONE', #1411, #1366, #1694, .T. ) ;
#2433 = ORIENTED_EDGE ( 'NONE', *, *, #1762, .T. ) ;
#2434 = CARTESIAN_POINT ( 'NONE',  ( 67.99999999999995737, -21.99999999999986144, 6.732050807568874973 ) ) ;
#2435 = PLANE ( 'NONE',  #1266 ) ;
#2436 = ORIENTED_EDGE ( 'NONE', *, *, #1869, .T. ) ;
#2437 = LINE ( 'NONE', #566, #1237 ) ;
#2438 = LINE ( 'NONE', #2637, #2752 ) ;
#2439 = ADVANCED_FACE ( 'NONE', ( #2188, #2127 ), #2399, .T. ) ;
#2440 = VERTEX_POINT ( 'NONE', #1199 ) ;
#2441 = CARTESIAN_POINT ( 'NONE',  ( 67.99999999999995737, 27.99999999999986500, -3.267949192431120586 ) ) ;
#2442 = ORIENTED_EDGE ( 'NONE', *, *, #288, .T. ) ;
#2443 = VERTEX_POINT ( 'NONE', #771 ) ;
#2444 = CARTESIAN_POINT ( 'NONE',  ( -67.99999999999995737, 24.99999999999986144, -8.464101615137755275 ) ) ;
#2445 = AXIS2_PLACEMENT_3D ( 'NONE', #2847, #1907, #2573 ) ;
#2446 = VECTOR ( 'NONE', #1706, 1000.000000000000000 ) ;
#2447 = VERTEX_POINT ( 'NONE', #1889 ) ;
#2448 = CARTESIAN_POINT ( 'NONE',  ( -75.00000000000001421, 30.00000000000000000, 5.000000000000000000 ) ) ;
#2449 = CARTESIAN_POINT ( 'NONE',  ( 64.99999999999995737, 24.99999999999986144, 8.464101615137755275 ) ) ;
#2450 = EDGE_CURVE ( 'NONE', #29, #2447, #2355, .T. ) ;
#2451 = ORIENTED_EDGE ( 'NONE', *, *, #2994, .F. ) ;
#2452 = PLANE ( 'NONE',  #2561 ) ;
#2453 = DIRECTION ( 'NONE',  ( 0.000000000000000000, 0.000000000000000000, 1.000000000000000000 ) ) ;
#2454 = ORIENTED_EDGE ( 'NONE', *, *, #2432, .F. ) ;
#2455 = FACE_OUTER_BOUND ( 'NONE', #2177, .T. ) ;
#2456 = VERTEX_POINT ( 'NONE', #529 ) ;
#2457 = EDGE_CURVE ( 'NONE', #895, #2668, #1182, .T. ) ;
#2458 = ORIENTED_EDGE ( 'NONE', *, *, #1495, .F. ) ;
#2459 = CARTESIAN_POINT ( 'NONE',  ( -75.00000000000001421, -30.00000000000000000, 10.00000000000000000 ) ) ;
#2460 = VECTOR ( 'NONE', #1072, 1000.000000000000000 ) ;
#2461 = VERTEX_POINT ( 'NONE', #2530 ) ;
#2462 = CARTESIAN_POINT ( 'NONE',  ( -65.00000000000002842, 19.99999999999998224, 10.00000000000000000 ) ) ;
#2463 = LINE ( 'NONE', #2241, #968 ) ;
#2464 = VECTOR ( 'NONE', #753, 1000.000000000000000 ) ;
#2465 = VECTOR ( 'NONE', #2467, 1000.000000000000000 ) ;
#2466 = ORIENTED_EDGE ( 'NONE', *, *, #1989, .T. ) ;
#2467 = DIRECTION ( 'NONE',  ( 0.000000000000000000, 0.000000000000000000, -1.000000000000000000 ) ) ;
#2468 = DIRECTION ( 'NONE',  ( 0.000000000000000000, 1.000000000000000000, 0.000000000000000000 ) ) ;
#2469 = DIRECTION ( 'NONE',  ( 0.000000000000000000, -1.000000000000000000, 0.000000000000000000 ) ) ;
#2470 = VECTOR ( 'NONE', #2740, 1000.000000000000000 ) ;
#2471 = ADVANCED_FACE ( 'NONE', ( #1063 ), #1758, .F. ) ;
#2472 = EDGE_CURVE ( 'NONE', #327, #2318, #403, .T. ) ;
#2473 = VERTEX_POINT ( 'NONE', #600 ) ;
#2474 = CARTESIAN_POINT ( 'NONE',  ( 0.000000000000000000, 24.99999999999999645, 10.00000000000000000 ) ) ;
#2475 = ORIENTED_EDGE ( 'NONE', *, *, #2066, .T. ) ;
#2476 = FACE_OUTER_BOUND ( 'NONE', #1109, .T. ) ;
#2477 = DIRECTION ( 'NONE',  ( 1.000000000000000000, -0.000000000000000000, -0.000000000000000000 ) ) ;
#2478 = EDGE_CURVE ( 'NONE', #2056, #1131, #142, .T. ) ;
#2479 = CARTESIAN_POINT ( 'NONE',  ( -64.99999999999995737, 21.99999999999986144, -6.732050807568874973 ) ) ;
#2480 = ORIENTED_EDGE ( 'NONE', *, *, #2022, .T. ) ;
#2481 = DIRECTION ( 'NONE',  ( -1.000000000000000000, -0.000000000000000000, -0.000000000000000000 ) ) ;
#2482 = CARTESIAN_POINT ( 'NONE',  ( 67.99999999999995737, 24.99999999999986500, 1.535898384862242505 ) ) ;
#2483 = ORIENTED_EDGE ( 'NONE', *, *, #1926, .F. ) ;
#2484 = PLANE ( 'NONE',  #211 ) ;
#2485 = CARTESIAN_POINT ( 'NONE',  ( -75.00000000000001421, -24.99999999999995381, -6.700000000000001066 ) ) ;
#2486 = DIRECTION ( 'NONE',  ( -1.000000000000000000, -0.000000000000000000, -0.000000000000000000 ) ) ;
#2487 = ORIENTED_EDGE ( 'NONE', *, *, #853, .F. ) ;
#2488 = DIRECTION ( 'NONE',  ( 0.000000000000000000, -0.8660254037844384856, 0.5000000000000003331 ) ) ;
#2489 = EDGE_LOOP ( 'NONE', ( #2232, #2336, #2522, #2659 ) ) ;
#2490 = ADVANCED_FACE ( 'NONE', ( #2930 ), #2484, .F. ) ;
#2491 = LINE ( 'NONE', #885, #541 ) ;
#2492 = CARTESIAN_POINT ( 'NONE',  ( -67.99999999999995737, 24.99999999999986500, 1.535898384862242505 ) ) ;
#2493 = ORIENTED_EDGE ( 'NONE', *, *, #1703, .T. ) ;
#2494 = LINE ( 'NONE', #2039, #1343 ) ;
#2495 = CARTESIAN_POINT ( 'NONE',  ( 67.99999999999995737, -21.99999999999986144, -3.267949192431121919 ) ) ;
#2496 = EDGE_CURVE ( 'NONE', #1861, #520, #1805, .T. ) ;
#2497 = VECTOR ( 'NONE', #140, 1000.000000000000000 ) ;
#2498 = ORIENTED_EDGE ( 'NONE', *, *, #1599, .T. ) ;
#2499 = CARTESIAN_POINT ( 'NONE',  ( -67.99999999999995737, 27.99999999999986500, -3.267949192431120586 ) ) ;
#2500 = DIRECTION ( 'NONE',  ( 1.387778780781446070E-15, 1.000000000000000000, 0.000000000000000000 ) ) ;
#2501 = VECTOR ( 'NONE', #1570, 1000.000000000000227 ) ;
#2502 = LINE ( 'NONE', #1529, #2075 ) ;
#2503 = ORIENTED_EDGE ( 'NONE', *, *, #1197, .F. ) ;
#2504 = DIRECTION ( 'NONE',  ( 0.000000000000000000, 0.000000000000000000, -1.000000000000000000 ) ) ;
#2505 = VERTEX_POINT ( 'NONE', #2304 ) ;
#2506 = DIRECTION ( 'NONE',  ( 1.000000000000000000, -0.000000000000000000, -0.000000000000000000 ) ) ;
#2507 = CARTESIAN_POINT ( 'NONE',  ( 64.99999999999998579, 24.99999999999999645, 5.000000000000000000 ) ) ;
#2508 = VECTOR ( 'NONE', #2063, 1000.000000000000000 ) ;
#2509 = EDGE_CURVE ( 'NONE', #2929, #303, #811, .T. ) ;
#2510 = AXIS2_PLACEMENT_3D ( 'NONE', #2794, #670, #2706 ) ;
#2511 = ORIENTED_EDGE ( 'NONE', *, *, #22, .F. ) ;
#2512 = CYLINDRICAL_SURFACE ( 'NONE', #1294, 1.700000000000000178 ) ;
#2513 = DIRECTION ( 'NONE',  ( -1.000000000000000000, 0.000000000000000000, 0.000000000000000000 ) ) ;
#2514 = AXIS2_PLACEMENT_3D ( 'NONE', #2574, #2619, #462 ) ;
#2515 = VERTEX_POINT ( 'NONE', #1080 ) ;
#2516 = DIRECTION ( 'NONE',  ( 0.000000000000000000, 1.000000000000000000, 0.000000000000000000 ) ) ;
#2517 = FACE_OUTER_BOUND ( 'NONE', #1937, .T. ) ;
#2518 = CARTESIAN_POINT ( 'NONE',  ( 67.99999999999995737, -24.99999999999986144, 8.464101615137755275 ) ) ;
#2519 = VECTOR ( 'NONE', #2714, 1000.000000000000000 ) ;
#2520 = ORIENTED_EDGE ( 'NONE', *, *, #458, .F. ) ;
#2521 = LINE ( 'NONE', #2247, #2955 ) ;
#2522 = ORIENTED_EDGE ( 'NONE', *, *, #2185, .T. ) ;
#2523 = CARTESIAN_POINT ( 'NONE',  ( -67.99999999999995737, -27.99999999999986500, -3.267949192431120586 ) ) ;
#2524 = LINE ( 'NONE', #412, #1715 ) ;
#2525 = ORIENTED_EDGE ( 'NONE', *, *, #1083, .F. ) ;
#2526 = ORIENTED_EDGE ( 'NONE', *, *, #1887, .F. ) ;
#2527 = DIRECTION ( 'NONE',  ( 0.000000000000000000, 0.000000000000000000, -1.000000000000000000 ) ) ;
#2528 = EDGE_CURVE ( 'NONE', #2303, #572, #1975, .T. ) ;
#2529 = VERTEX_POINT ( 'NONE', #2024 ) ;
#2530 = CARTESIAN_POINT ( 'NONE',  ( 74.99999999999998579, -24.99999999999995381, 3.299999999999999378 ) ) ;
#2531 = CARTESIAN_POINT ( 'NONE',  ( -64.99999999999995737, 24.99999999999986144, -8.464101615137755275 ) ) ;
#2532 = ORIENTED_EDGE ( 'NONE', *, *, #2970, .F. ) ;
#2533 = CARTESIAN_POINT ( 'NONE',  ( 67.99999999999995737, 24.99999999999986500, 1.535898384862242505 ) ) ;
#2534 = ORIENTED_EDGE ( 'NONE', *, *, #1347, .F. ) ;
#2535 = ADVANCED_FACE ( 'NONE', ( #2966 ), #1559, .F. ) ;
#2536 = LINE ( 'NONE', #1299, #1968 ) ;
#2537 = CYLINDRICAL_SURFACE ( 'NONE', #939, 1.700000000000000178 ) ;
#2538 = CYLINDRICAL_SURFACE ( 'NONE', #2354, 1.700000000000000178 ) ;
#2539 = ORIENTED_EDGE ( 'NONE', *, *, #1180, .F. ) ;
#2540 = ORIENTED_EDGE ( 'NONE', *, *, #2033, .T. ) ;
#2541 = FACE_BOUND ( 'NONE', #129, .T. ) ;
#2542 = ORIENTED_EDGE ( 'NONE', *, *, #2778, .F. ) ;
#2543 = CYLINDRICAL_SURFACE ( 'NONE', #2763, 1.700000000000000178 ) ;
#2544 = CARTESIAN_POINT ( 'NONE',  ( 67.99999999999995737, 27.99999999999986500, -3.267949192431120586 ) ) ;
#2545 = VECTOR ( 'NONE', #2958, 1000.000000000000227 ) ;
#2546 = ORIENTED_EDGE ( 'NONE', *, *, #22, .T. ) ;
#2547 = EDGE_CURVE ( 'NONE', #64, #368, #1526, .T. ) ;
#2548 = DIRECTION ( 'NONE',  ( 1.000000000000000000, 0.000000000000000000, 0.000000000000000000 ) ) ;
#2549 = CARTESIAN_POINT ( 'NONE',  ( 64.99999999999995737, 27.99999999999986500, -6.732050807568878525 ) ) ;
#2550 = EDGE_CURVE ( 'NONE', #2164, #2947, #1304, .T. ) ;
#2551 = DIRECTION ( 'NONE',  ( -1.000000000000000000, 0.000000000000000000, -0.000000000000000000 ) ) ;
#2552 = CARTESIAN_POINT ( 'NONE',  ( -64.99999999999995737, 24.99999999999986500, 1.535898384862242505 ) ) ;
#2553 = VERTEX_POINT ( 'NONE', #2694 ) ;
#2554 = VERTEX_POINT ( 'NONE', #2499 ) ;
#2555 = DIRECTION ( 'NONE',  ( 0.000000000000000000, -0.8660254037844388186, 0.4999999999999996669 ) ) ;
#2556 = AXIS2_PLACEMENT_3D ( 'NONE', #713, #1842, #1853 ) ;
#2557 = ORIENTED_EDGE ( 'NONE', *, *, #1509, .F. ) ;
#2558 = DIRECTION ( 'NONE',  ( -1.000000000000000000, -0.000000000000000000, -0.000000000000000000 ) ) ;
#2559 = PRESENTATION_STYLE_ASSIGNMENT (( #1396 ) ) ;
#2560 = VECTOR ( 'NONE', #830, 1000.000000000000000 ) ;
#2561 = AXIS2_PLACEMENT_3D ( 'NONE', #336, #2227, #1285 ) ;
#2562 = ORIENTED_EDGE ( 'NONE', *, *, #805, .T. ) ;
#2563 = DIRECTION ( 'NONE',  ( -1.000000000000000000, 0.000000000000000000, 0.000000000000000000 ) ) ;
#2564 = AXIS2_PLACEMENT_3D ( 'NONE', #957, #1898, #2837 ) ;
#2565 = EDGE_CURVE ( 'NONE', #595, #1052, #2291, .T. ) ;
#2566 = ADVANCED_FACE ( 'NONE', ( #2243 ), #1774, .T. ) ;
#2567 = PLANE ( 'NONE',  #249 ) ;
#2568 = VECTOR ( 'NONE', #1364, 1000.000000000000000 ) ;
#2569 = CARTESIAN_POINT ( 'NONE',  ( 67.99999999999995737, 27.99999999999986500, 3.267949192431120586 ) ) ;
#2570 = CARTESIAN_POINT ( 'NONE',  ( 67.99999999999995737, 21.99999999999986144, -3.267949192431121919 ) ) ;
#2571 = VERTEX_POINT ( 'NONE', #176 ) ;
#2572 = ORIENTED_EDGE ( 'NONE', *, *, #630, .T. ) ;
#2573 = DIRECTION ( 'NONE',  ( 0.000000000000000000, 0.8660254037844388186, -0.4999999999999997224 ) ) ;
#2574 = CARTESIAN_POINT ( 'NONE',  ( -67.99999999999995737, -27.99999999999986500, -6.732050807568878525 ) ) ;
#2575 = EDGE_CURVE ( 'NONE', #1468, #1622, #2729, .T. ) ;
#2576 = ORIENTED_EDGE ( 'NONE', *, *, #376, .F. ) ;
#2577 = DIRECTION ( 'NONE',  ( 0.000000000000000000, 0.000000000000000000, -1.000000000000000000 ) ) ;
#2578 = LINE ( 'NONE', #2140, #53 ) ;
#2579 = EDGE_LOOP ( 'NONE', ( #1596, #1476, #1782, #1202 ) ) ;
#2580 = CARTESIAN_POINT ( 'NONE',  ( -67.99999999999995737, -24.99999999999986500, 1.535898384862242505 ) ) ;
#2581 = DIRECTION ( 'NONE',  ( 0.000000000000000000, 0.000000000000000000, 1.000000000000000000 ) ) ;
#2582 = CARTESIAN_POINT ( 'NONE',  ( -65.00000000000002842, 27.99999999999986500, -6.732050807568877637 ) ) ;
#2583 = EDGE_CURVE ( 'NONE', #2571, #29, #2964, .T. ) ;
#2584 = LINE ( 'NONE', #3056, #1953 ) ;
#2585 = ORIENTED_EDGE ( 'NONE', *, *, #3053, .T. ) ;
#2586 = DIRECTION ( 'NONE',  ( 0.000000000000000000, -1.000000000000000000, 0.000000000000000000 ) ) ;
#2587 = PLANE ( 'NONE',  #1580 ) ;
#2588 = ORIENTED_EDGE ( 'NONE', *, *, #2415, .T. ) ;
#2589 = CARTESIAN_POINT ( 'NONE',  ( -67.99999999999995737, -24.99999999999986500, 1.535898384862242505 ) ) ;
#2590 = CARTESIAN_POINT ( 'NONE',  ( -67.99999999999997158, 24.99999999999995381, -3.299999999999999378 ) ) ;
#2591 = EDGE_CURVE ( 'NONE', #1113, #2904, #2744, .T. ) ;
#2592 = EDGE_LOOP ( 'NONE', ( #2821, #2442, #717, #1583, #654, #2314, #2186, #1098, #2085, #3031, #890, #427 ) ) ;
#2593 = VECTOR ( 'NONE', #2555, 1000.000000000000000 ) ;
#2594 = CARTESIAN_POINT ( 'NONE',  ( -67.99999999999995737, -24.99999999999986144, 8.464101615137755275 ) ) ;
#2595 = AXIS2_PLACEMENT_3D ( 'NONE', #1107, #2285, #170 ) ;
#2596 = FACE_OUTER_BOUND ( 'NONE', #407, .T. ) ;
#2597 = FACE_OUTER_BOUND ( 'NONE', #3041, .T. ) ;
#2598 = CARTESIAN_POINT ( 'NONE',  ( -67.99999999999995737, 27.99999999999986500, -3.267949192431120586 ) ) ;
#2599 = AXIS2_PLACEMENT_3D ( 'NONE', #373, #1069, #1323 ) ;
#2600 = ORIENTED_EDGE ( 'NONE', *, *, #2384, .F. ) ;
#2601 = DIRECTION ( 'NONE',  ( -1.000000000000000000, 0.000000000000000000, -0.000000000000000000 ) ) ;
#2602 = DIRECTION ( 'NONE',  ( 0.000000000000000000, 0.000000000000000000, -1.000000000000000000 ) ) ;
#2603 = EDGE_CURVE ( 'NONE', #1927, #1332, #1036, .T. ) ;
#2604 = ADVANCED_FACE ( 'NONE', ( #1395 ), #2543, .F. ) ;
#2605 = ORIENTED_EDGE ( 'NONE', *, *, #116, .T. ) ;
#2606 = CARTESIAN_POINT ( 'NONE',  ( 74.99999999999998579, 24.99999999999995381, -5.000000000000000000 ) ) ;
#2607 = FACE_BOUND ( 'NONE', #621, .T. ) ;
#2608 = VECTOR ( 'NONE', #1584, 1000.000000000000000 ) ;
#2609 = VERTEX_POINT ( 'NONE', #1883 ) ;
#2610 = DIRECTION ( 'NONE',  ( 1.000000000000000000, -0.000000000000000000, -0.000000000000000000 ) ) ;
#2611 = VECTOR ( 'NONE', #2468, 1000.000000000000000 ) ;
#2612 = CARTESIAN_POINT ( 'NONE',  ( -67.99999999999995737, 21.99999999999986144, -6.732050807568874973 ) ) ;
#2613 = FACE_OUTER_BOUND ( 'NONE', #380, .T. ) ;
#2614 = VECTOR ( 'NONE', #1839, 1000.000000000000000 ) ;
#2615 = CARTESIAN_POINT ( 'NONE',  ( -67.99999999999995737, 24.99999999999986500, 1.535898384862242505 ) ) ;
#2616 = VECTOR ( 'NONE', #1114, 1000.000000000000000 ) ;
#2617 = ORIENTED_EDGE ( 'NONE', *, *, #2196, .T. ) ;
#2618 = CARTESIAN_POINT ( 'NONE',  ( 67.99999999999995737, -21.99999999999986144, 6.732050807568874973 ) ) ;
#2619 = DIRECTION ( 'NONE',  ( 0.000000000000000000, -0.4999999999999995004, -0.8660254037844390407 ) ) ;
#2620 = VECTOR ( 'NONE', #1713, 1000.000000000000227 ) ;
#2621 = ORIENTED_EDGE ( 'NONE', *, *, #2528, .T. ) ;
#2622 = DIRECTION ( 'NONE',  ( -0.000000000000000000, 0.8660254037844389297, 0.4999999999999993894 ) ) ;
#2623 = LINE ( 'NONE', #2804, #2464 ) ;
#2624 = EDGE_CURVE ( 'NONE', #1564, #2070, #2139, .T. ) ;
#2625 = ORIENTED_EDGE ( 'NONE', *, *, #2065, .T. ) ;
#2626 = FACE_OUTER_BOUND ( 'NONE', #899, .T. ) ;
#2627 = LINE ( 'NONE', #1946, #2811 ) ;
#2628 = DIRECTION ( 'NONE',  ( 0.000000000000000000, 0.8660254037844384856, 0.5000000000000002220 ) ) ;
#2629 = ORIENTED_EDGE ( 'NONE', *, *, #2565, .F. ) ;
#2630 = EDGE_CURVE ( 'NONE', #688, #2396, #1533, .T. ) ;
#2631 = ORIENTED_EDGE ( 'NONE', *, *, #630, .F. ) ;
#2632 = CARTESIAN_POINT ( 'NONE',  ( -65.00000000000000000, -24.99999999999986144, -8.464101615137755275 ) ) ;
#2633 = ORIENTED_EDGE ( 'NONE', *, *, #2415, .F. ) ;
#2634 = FACE_OUTER_BOUND ( 'NONE', #1030, .T. ) ;
#2635 = LINE ( 'NONE', #1659, #2373 ) ;
#2636 = ORIENTED_EDGE ( 'NONE', *, *, #1963, .T. ) ;
#2637 = CARTESIAN_POINT ( 'NONE',  ( 64.99999999999995737, -27.99999999999986500, -6.732050807568878525 ) ) ;
#2638 = EDGE_CURVE ( 'NONE', #1686, #1524, #1897, .T. ) ;
#2639 = CARTESIAN_POINT ( 'NONE',  ( -75.00000000000001421, 30.00000000000000000, -4.999999999999999112 ) ) ;
#2640 = DIRECTION ( 'NONE',  ( 1.000000000000000000, -0.000000000000000000, 0.000000000000000000 ) ) ;
#2641 = VECTOR ( 'NONE', #1722, 1000.000000000000227 ) ;
#2642 = ORIENTED_EDGE ( 'NONE', *, *, #2390, .T. ) ;
#2643 = FACE_OUTER_BOUND ( 'NONE', #1441, .T. ) ;
#2644 = ORIENTED_EDGE ( 'NONE', *, *, #1422, .F. ) ;
#2645 = FACE_OUTER_BOUND ( 'NONE', #2728, .T. ) ;
#2646 = CARTESIAN_POINT ( 'NONE',  ( 64.99999999999995737, -21.99999999999986144, -3.267949192431121919 ) ) ;
#2647 = VERTEX_POINT ( 'NONE', #2105 ) ;
#2648 = DIRECTION ( 'NONE',  ( -1.000000000000000000, -0.000000000000000000, -0.000000000000000000 ) ) ;
#2649 = CIRCLE ( 'NONE', #934, 1.700000000000000178 ) ;
#2650 = ORIENTED_EDGE ( 'NONE', *, *, #645, .F. ) ;
#2651 = DIRECTION ( 'NONE',  ( 0.000000000000000000, 0.000000000000000000, -1.000000000000000000 ) ) ;
#2652 = EDGE_CURVE ( 'NONE', #2214, #2893, #2776, .T. ) ;
#2653 = AXIS2_PLACEMENT_3D ( 'NONE', #1581, #233, #1434 ) ;
#2654 = EDGE_CURVE ( 'NONE', #579, #2515, #1642, .T. ) ;
#2655 = CIRCLE ( 'NONE', #1875, 1.700000000000000178 ) ;
#2656 = VERTEX_POINT ( 'NONE', #434 ) ;
#2657 = LINE ( 'NONE', #1246, #2205 ) ;
#2658 = VECTOR ( 'NONE', #729, 1000.000000000000000 ) ;
#2659 = ORIENTED_EDGE ( 'NONE', *, *, #2020, .T. ) ;
#2660 = LINE ( 'NONE', #2434, #1243 ) ;
#2661 = VECTOR ( 'NONE', #2407, 1000.000000000000000 ) ;
#2662 = DIRECTION ( 'NONE',  ( -0.000000000000000000, -0.000000000000000000, 1.000000000000000000 ) ) ;
#2663 = EDGE_CURVE ( 'NONE', #97, #995, #1378, .T. ) ;
#2664 = VECTOR ( 'NONE', #1151, 1000.000000000000227 ) ;
#2665 = ORIENTED_EDGE ( 'NONE', *, *, #94, .F. ) ;
#2666 = FACE_BOUND ( 'NONE', #974, .T. ) ;
#2667 = CARTESIAN_POINT ( 'NONE',  ( -75.00000000000001421, -24.99999999999995381, -5.000000000000000000 ) ) ;
#2668 = VERTEX_POINT ( 'NONE', #1193 ) ;
#2669 = DIRECTION ( 'NONE',  ( -1.000000000000000000, 0.000000000000000000, -0.000000000000000000 ) ) ;
#2670 = ORIENTED_EDGE ( 'NONE', *, *, #1054, .F. ) ;
#2671 = EDGE_LOOP ( 'NONE', ( #3005, #2665, #1607, #697 ) ) ;
#2672 = CARTESIAN_POINT ( 'NONE',  ( 0.000000000000000000, 24.99999999999999645, 5.000000000000000000 ) ) ;
#2673 = EDGE_CURVE ( 'NONE', #2515, #579, #1828, .T. ) ;
#2674 = ORIENTED_EDGE ( 'NONE', *, *, #2196, .F. ) ;
#2675 = DIRECTION ( 'NONE',  ( -0.000000000000000000, -0.000000000000000000, 1.000000000000000000 ) ) ;
#2676 = DIRECTION ( 'NONE',  ( 0.000000000000000000, -0.5000000000000003331, 0.8660254037844384856 ) ) ;
#2677 = EDGE_CURVE ( 'NONE', #1815, #2699, #679, .T. ) ;
#2678 = ORIENTED_EDGE ( 'NONE', *, *, #2313, .F. ) ;
#2679 = PLANE ( 'NONE',  #1431 ) ;
#2680 = DIRECTION ( 'NONE',  ( -1.000000000000000000, -0.000000000000000000, -0.000000000000000000 ) ) ;
#2681 = VERTEX_POINT ( 'NONE', #2836 ) ;
#2682 = LINE ( 'NONE', #2428, #1905 ) ;
#2683 = ORIENTED_EDGE ( 'NONE', *, *, #234, .T. ) ;
#2684 = ORIENTED_EDGE ( 'NONE', *, *, #603, .T. ) ;
#2685 = FACE_OUTER_BOUND ( 'NONE', #3035, .T. ) ;
#2686 = VECTOR ( 'NONE', #629, 1000.000000000000000 ) ;
#2687 = VECTOR ( 'NONE', #2860, 1000.000000000000000 ) ;
#2688 = ORIENTED_EDGE ( 'NONE', *, *, #700, .F. ) ;
#2689 = LINE ( 'NONE', #1593, #1832 ) ;
#2690 = LINE ( 'NONE', #2896, #1756 ) ;
#2691 = EDGE_CURVE ( 'NONE', #1862, #1307, #2319, .T. ) ;
#2692 = EDGE_CURVE ( 'NONE', #1366, #1474, #208, .T. ) ;
#2693 = VERTEX_POINT ( 'NONE', #896 ) ;
#2694 = CARTESIAN_POINT ( 'NONE',  ( 65.00000000000000000, 24.99999999999999645, 10.00000000000000000 ) ) ;
#2695 = LINE ( 'NONE', #581, #2611 ) ;
#2696 = CARTESIAN_POINT ( 'NONE',  ( 74.99999999999998579, -30.00000000000000000, 5.000000000000000000 ) ) ;
#2697 = ORIENTED_EDGE ( 'NONE', *, *, #825, .F. ) ;
#2698 = LINE ( 'NONE', #1119, #2508 ) ;
#2699 = VERTEX_POINT ( 'NONE', #3047 ) ;
#2700 = EDGE_CURVE ( 'NONE', #1390, #1739, #2348, .T. ) ;
#2701 = VECTOR ( 'NONE', #2766, 1000.000000000000000 ) ;
#2702 = LINE ( 'NONE', #870, #2460 ) ;
#2703 = AXIS2_PLACEMENT_3D ( 'NONE', #768, #1484, #1254 ) ;
#2704 = DIRECTION ( 'NONE',  ( 0.000000000000000000, 1.000000000000000000, -0.000000000000000000 ) ) ;
#2705 = VECTOR ( 'NONE', #1385, 1000.000000000000000 ) ;
#2706 = DIRECTION ( 'NONE',  ( 2.775557561562890957E-15, 1.000000000000000000, 0.000000000000000000 ) ) ;
#2707 = ORIENTED_EDGE ( 'NONE', *, *, #2663, .F. ) ;
#2708 = CARTESIAN_POINT ( 'NONE',  ( 74.99999999999998579, -24.99999999999995381, -3.299999999999999378 ) ) ;
#2709 = PLANE ( 'NONE',  #814 ) ;
#2710 = AXIS2_PLACEMENT_3D ( 'NONE', #2408, #293, #1409 ) ;
#2711 = AXIS2_PLACEMENT_3D ( 'NONE', #1058, #901, #1999 ) ;
#2712 = ORIENTED_EDGE ( 'NONE', *, *, #1401, .F. ) ;
#2713 = EDGE_CURVE ( 'NONE', #2308, #989, #1175, .T. ) ;
#2714 = DIRECTION ( 'NONE',  ( 1.000000000000000000, -0.000000000000000000, -0.000000000000000000 ) ) ;
#2715 = DIRECTION ( 'NONE',  ( 0.000000000000000000, 0.000000000000000000, 1.000000000000000000 ) ) ;
#2716 = CARTESIAN_POINT ( 'NONE',  ( -67.99999999999995737, -24.99999999999995381, -3.299999999999999378 ) ) ;
#2717 = VECTOR ( 'NONE', #1095, 1000.000000000000000 ) ;
#2718 = ORIENTED_EDGE ( 'NONE', *, *, #1509, .T. ) ;
#2719 = DIRECTION ( 'NONE',  ( -1.000000000000000000, 0.000000000000000000, 0.000000000000000000 ) ) ;
#2720 = ORIENTED_EDGE ( 'NONE', *, *, #869, .F. ) ;
#2721 = ADVANCED_FACE ( 'NONE', ( #1838 ), #693, .F. ) ;
#2722 = LINE ( 'NONE', #1996, #1191 ) ;
#2723 = CARTESIAN_POINT ( 'NONE',  ( 65.00000000000000000, -20.00000000000000000, -10.00000000000000000 ) ) ;
#2724 = EDGE_LOOP ( 'NONE', ( #2503, #2870, #2138, #1819 ) ) ;
#2725 = ORIENTED_EDGE ( 'NONE', *, *, #1455, .F. ) ;
#2726 = CARTESIAN_POINT ( 'NONE',  ( -64.99999999999995737, -21.99999999999986144, -6.732050807568874973 ) ) ;
#2727 = CARTESIAN_POINT ( 'NONE',  ( 65.00000000000000000, -24.99999999999999645, -10.00000000000000000 ) ) ;
#2728 = EDGE_LOOP ( 'NONE', ( #1516, #2296, #827, #950 ) ) ;
#2729 = LINE ( 'NONE', #385, #2465 ) ;
#2730 = DIRECTION ( 'NONE',  ( 1.000000000000000000, -1.387778780781446070E-15, 0.000000000000000000 ) ) ;
#2731 = CARTESIAN_POINT ( 'NONE',  ( -75.00000000000001421, -24.99999999999999645, -4.999999999999999112 ) ) ;
#2732 = VERTEX_POINT ( 'NONE', #909 ) ;
#2733 = DIRECTION ( 'NONE',  ( 0.000000000000000000, -0.8660254037844384856, -0.5000000000000003331 ) ) ;
#2734 = VERTEX_POINT ( 'NONE', #465 ) ;
#2735 = ADVANCED_FACE ( 'NONE', ( #479 ), #1408, .T. ) ;
#2736 = DIRECTION ( 'NONE',  ( 1.000000000000000000, 0.000000000000000000, -0.000000000000000000 ) ) ;
#2737 = DIRECTION ( 'NONE',  ( 0.000000000000000000, 0.000000000000000000, -1.000000000000000000 ) ) ;
#2738 = VECTOR ( 'NONE', #57, 1000.000000000000000 ) ;
#2739 = ORIENTED_EDGE ( 'NONE', *, *, #1613, .T. ) ;
#2740 = DIRECTION ( 'NONE',  ( -1.000000000000000000, -0.000000000000000000, -0.000000000000000000 ) ) ;
#2741 = PLANE ( 'NONE',  #1616 ) ;
#2742 = CIRCLE ( 'NONE', #1809, 1.700000000000000178 ) ;
#2743 = ORIENTED_EDGE ( 'NONE', *, *, #2630, .T. ) ;
#2744 = LINE ( 'NONE', #1350, #2616 ) ;
#2745 = FACE_OUTER_BOUND ( 'NONE', #2258, .T. ) ;
#2746 = ORIENTED_EDGE ( 'NONE', *, *, #1440, .T. ) ;
#2747 = LINE ( 'NONE', #1824, #681 ) ;
#2748 = ORIENTED_EDGE ( 'NONE', *, *, #3034, .T. ) ;
#2749 = CARTESIAN_POINT ( 'NONE',  ( 67.99999999999995737, -24.99999999999986500, -1.535898384862242505 ) ) ;
#2750 = EDGE_CURVE ( 'NONE', #1531, #1796, #1658, .T. ) ;
#2751 = PLANE ( 'NONE',  #83 ) ;
#2752 = VECTOR ( 'NONE', #311, 1000.000000000000227 ) ;
#2753 = CIRCLE ( 'NONE', #2367, 1.700000000000000178 ) ;
#2754 = ORIENTED_EDGE ( 'NONE', *, *, #1613, .F. ) ;
#2755 = DIRECTION ( 'NONE',  ( -1.000000000000000000, -0.000000000000000000, -0.000000000000000000 ) ) ;
#2756 = CARTESIAN_POINT ( 'NONE',  ( -67.99999999999995737, -24.99999999999995381, -5.000000000000000000 ) ) ;
#2757 = VECTOR ( 'NONE', #1429, 1000.000000000000227 ) ;
#2758 = ORIENTED_EDGE ( 'NONE', *, *, #1015, .F. ) ;
#2759 = DIRECTION ( 'NONE',  ( 0.000000000000000000, 0.8660254037844389297, 0.4999999999999993894 ) ) ;
#2760 = COLOUR_RGB ( '',0.7921568627450980005, 0.8196078431372548767, 0.9333333333333333481 ) ;
#2761 = FACE_BOUND ( 'NONE', #1162, .T. ) ;
#2762 = ADVANCED_FACE ( 'NONE', ( #2394 ), #535, .T. ) ;
#2763 = AXIS2_PLACEMENT_3D ( 'NONE', #956, #1160, #2090 ) ;
#2764 = ORIENTED_EDGE ( 'NONE', *, *, #319, .T. ) ;
#2765 = VECTOR ( 'NONE', #2997, 1000.000000000000000 ) ;
#2766 = DIRECTION ( 'NONE',  ( 0.000000000000000000, 0.000000000000000000, 1.000000000000000000 ) ) ;
#2767 = ORIENTED_EDGE ( 'NONE', *, *, #1117, .F. ) ;
#2768 = CARTESIAN_POINT ( 'NONE',  ( 65.00000000000000000, 30.00000000000000000, -4.999999999999999112 ) ) ;
#2769 = DIRECTION ( 'NONE',  ( 0.000000000000000000, 0.000000000000000000, 1.000000000000000000 ) ) ;
#2770 = DIRECTION ( 'NONE',  ( -1.000000000000000000, -0.000000000000000000, -0.000000000000000000 ) ) ;
#2771 = VERTEX_POINT ( 'NONE', #1941 ) ;
#2772 = PRODUCT_CONTEXT ( 'NONE', #333, 'mechanical' ) ;
#2773 = CARTESIAN_POINT ( 'NONE',  ( -67.99999999999995737, -21.99999999999986144, 3.267949192431121919 ) ) ;
#2774 = EDGE_CURVE ( 'NONE', #340, #188, #1972, .T. ) ;
#2775 = ORIENTED_EDGE ( 'NONE', *, *, #2550, .F. ) ;
#2776 = LINE ( 'NONE', #494, #2419 ) ;
#2777 = CARTESIAN_POINT ( 'NONE',  ( -65.00000000000000000, -20.00000000000000000, -10.00000000000000000 ) ) ;
#2778 = EDGE_CURVE ( 'NONE', #312, #2239, #510, .T. ) ;
#2779 = ORIENTED_EDGE ( 'NONE', *, *, #2869, .F. ) ;
#2780 = LINE ( 'NONE', #1198, #3061 ) ;
#2781 = DIRECTION ( 'NONE',  ( -0.000000000000000000, -0.000000000000000000, -1.000000000000000000 ) ) ;
#2782 = CARTESIAN_POINT ( 'NONE',  ( 67.99999999999995737, 24.99999999999986144, 8.464101615137755275 ) ) ;
#2783 = CARTESIAN_POINT ( 'NONE',  ( -67.99999999999997158, 24.99999999999995381, -5.000000000000000000 ) ) ;
#2784 = ORIENTED_EDGE ( 'NONE', *, *, #2575, .T. ) ;
#2785 = CARTESIAN_POINT ( 'NONE',  ( 67.99999999999995737, 0.000000000000000000, 0.000000000000000000 ) ) ;
#2786 = ORIENTED_EDGE ( 'NONE', *, *, #2994, .T. ) ;
#2787 = DIRECTION ( 'NONE',  ( 1.000000000000000000, -0.000000000000000000, -0.000000000000000000 ) ) ;
#2788 = LINE ( 'NONE', #177, #889 ) ;
#2789 = EDGE_CURVE ( 'NONE', #1295, #790, #292, .T. ) ;
#2790 = ADVANCED_FACE ( 'NONE', ( #2645 ), #563, .T. ) ;
#2791 = VECTOR ( 'NONE', #1919, 1000.000000000000227 ) ;
#2792 = ORIENTED_EDGE ( 'NONE', *, *, #2237, .F. ) ;
#2793 = CARTESIAN_POINT ( 'NONE',  ( -67.99999999999997158, 24.99999999999995381, 5.000000000000000000 ) ) ;
#2794 = CARTESIAN_POINT ( 'NONE',  ( 65.00000000000000000, 24.99999999999999645, -4.999999999999999112 ) ) ;
#2795 = CARTESIAN_POINT ( 'NONE',  ( 64.99999999999995737, -27.99999999999986500, -3.267949192431120586 ) ) ;
#2796 = DIRECTION ( 'NONE',  ( 1.000000000000000000, -0.000000000000000000, -0.000000000000000000 ) ) ;
#2797 = EDGE_CURVE ( 'NONE', #281, #498, #44, .T. ) ;
#2798 = EDGE_LOOP ( 'NONE', ( #2588, #1976 ) ) ;
#2799 = ORIENTED_EDGE ( 'NONE', *, *, #1271, .F. ) ;
#2800 = CARTESIAN_POINT ( 'NONE',  ( -64.99999999999995737, 27.99999999999986500, 3.267949192431120586 ) ) ;
#2801 = CARTESIAN_POINT ( 'NONE',  ( 67.99999999999995737, -27.99999999999986500, -6.732050807568878525 ) ) ;
#2802 = ORIENTED_EDGE ( 'NONE', *, *, #2968, .T. ) ;
#2803 = DIRECTION ( 'NONE',  ( 0.000000000000000000, 0.000000000000000000, -1.000000000000000000 ) ) ;
#2804 = CARTESIAN_POINT ( 'NONE',  ( 74.99999999999998579, -24.99999999999995381, 6.700000000000000178 ) ) ;
#2805 = AXIS2_PLACEMENT_3D ( 'NONE', #2667, #1498, #2262 ) ;
#2806 = EDGE_CURVE ( 'NONE', #1118, #1019, #1690, .T. ) ;
#2807 = AXIS2_PLACEMENT_3D ( 'NONE', #2198, #1016, #2260 ) ;
#2808 = ORIENTED_EDGE ( 'NONE', *, *, #1456, .F. ) ;
#2809 = CARTESIAN_POINT ( 'NONE',  ( 67.99999999999995737, 24.99999999999995381, -3.299999999999999822 ) ) ;
#2810 = AXIS2_PLACEMENT_3D ( 'NONE', #2277, #617, #2305 ) ;
#2811 = VECTOR ( 'NONE', #2827, 1000.000000000000000 ) ;
#2812 = FACE_OUTER_BOUND ( 'NONE', #1141, .T. ) ;
#2813 = AXIS2_PLACEMENT_3D ( 'NONE', #2879, #1699, #2913 ) ;
#2814 = CARTESIAN_POINT ( 'NONE',  ( 74.99999999999998579, 24.99999999999995381, 3.299999999999999822 ) ) ;
#2815 = CARTESIAN_POINT ( 'NONE',  ( -64.99999999999995737, 21.99999999999986144, 3.267949192431121919 ) ) ;
#2816 = ORIENTED_EDGE ( 'NONE', *, *, #2853, .F. ) ;
#2817 = ADVANCED_FACE ( 'NONE', ( #999, #1505 ), #551, .T. ) ;
#2818 = ORIENTED_EDGE ( 'NONE', *, *, #1718, .T. ) ;
#2819 = FACE_OUTER_BOUND ( 'NONE', #506, .T. ) ;
#2820 = CARTESIAN_POINT ( 'NONE',  ( 67.99999999999995737, 21.99999999999986144, 3.267949192431121919 ) ) ;
#2821 = ORIENTED_EDGE ( 'NONE', *, *, #435, .T. ) ;
#2822 = ORIENTED_EDGE ( 'NONE', *, *, #2417, .T. ) ;
#2823 = CARTESIAN_POINT ( 'NONE',  ( -67.99999999999995737, -27.99999999999986500, -3.267949192431120586 ) ) ;
#2824 = CARTESIAN_POINT ( 'NONE',  ( 74.99999999999998579, -24.99999999999999645, 5.000000000000000000 ) ) ;
#2825 = ORIENTED_EDGE ( 'NONE', *, *, #206, .F. ) ;
#2826 = DIRECTION ( 'NONE',  ( 1.000000000000000000, 0.000000000000000000, -0.000000000000000000 ) ) ;
#2827 = DIRECTION ( 'NONE',  ( 1.000000000000000000, -0.000000000000000000, -0.000000000000000000 ) ) ;
#2828 = DIRECTION ( 'NONE',  ( -1.000000000000000000, 0.000000000000000000, 0.000000000000000000 ) ) ;
#2829 = CARTESIAN_POINT ( 'NONE',  ( -67.99999999999995737, 21.99999999999986144, 6.732050807568874973 ) ) ;
#2830 = EDGE_CURVE ( 'NONE', #2734, #1044, #764, .T. ) ;
#2831 = ADVANCED_FACE ( 'NONE', ( #2634 ), #2421, .T. ) ;
#2832 = ORIENTED_EDGE ( 'NONE', *, *, #2583, .T. ) ;
#2833 = FACE_BOUND ( 'NONE', #2798, .T. ) ;
#2834 = CARTESIAN_POINT ( 'NONE',  ( -75.00000000000001421, 24.99999999999995381, 5.000000000000000000 ) ) ;
#2835 = ORIENTED_EDGE ( 'NONE', *, *, #2162, .T. ) ;
#2836 = CARTESIAN_POINT ( 'NONE',  ( 74.99999999999998579, -24.99999999999999645, -10.00000000000000000 ) ) ;
#2837 = DIRECTION ( 'NONE',  ( 0.000000000000000000, 0.000000000000000000, 1.000000000000000000 ) ) ;
#2838 = ORIENTED_EDGE ( 'NONE', *, *, #644, .T. ) ;
#2839 = AXIS2_PLACEMENT_3D ( 'NONE', #2980, #2998, #844 ) ;
#2840 = CARTESIAN_POINT ( 'NONE',  ( 74.99999999999998579, -24.99999999999995381, 5.000000000000000000 ) ) ;
#2841 = CIRCLE ( 'NONE', #326, 5.000000000000000888 ) ;
#2842 = DIRECTION ( 'NONE',  ( -0.000000000000000000, -0.000000000000000000, 1.000000000000000000 ) ) ;
#2843 = CARTESIAN_POINT ( 'NONE',  ( 67.99999999999995737, -24.99999999999986144, 8.464101615137755275 ) ) ;
#2844 = CARTESIAN_POINT ( 'NONE',  ( -75.00000000000001421, -24.99999999999995381, -6.700000000000000178 ) ) ;
#2845 = ADVANCED_FACE ( 'NONE', ( #1928, #794 ), #2867, .T. ) ;
#2846 = ORIENTED_EDGE ( 'NONE', *, *, #1579, .F. ) ;
#2847 = CARTESIAN_POINT ( 'NONE',  ( 67.99999999999995737, -21.99999999999986144, -3.267949192431121919 ) ) ;
#2848 = PLANE ( 'NONE',  #2514 ) ;
#2849 = ORIENTED_EDGE ( 'NONE', *, *, #2713, .F. ) ;
#2850 = LINE ( 'NONE', #1726, #698 ) ;
#2851 = FACE_BOUND ( 'NONE', #538, .T. ) ;
#2852 = VECTOR ( 'NONE', #555, 1000.000000000000000 ) ;
#2853 = EDGE_CURVE ( 'NONE', #572, #2303, #3020, .T. ) ;
#2854 = EDGE_LOOP ( 'NONE', ( #738, #2542, #2799, #1154 ) ) ;
#2855 = VECTOR ( 'NONE', #1224, 1000.000000000000000 ) ;
#2856 = CARTESIAN_POINT ( 'NONE',  ( -67.99999999999995737, -21.99999999999986144, -3.267949192431121919 ) ) ;
#2857 = VECTOR ( 'NONE', #1650, 1000.000000000000000 ) ;
#2858 = LINE ( 'NONE', #469, #2862 ) ;
#2859 = VECTOR ( 'NONE', #653, 1000.000000000000227 ) ;
#2860 = DIRECTION ( 'NONE',  ( 0.000000000000000000, 0.8660254037844388186, -0.4999999999999996669 ) ) ;
#2861 = ORIENTED_EDGE ( 'NONE', *, *, #1708, .T. ) ;
#2862 = VECTOR ( 'NONE', #745, 1000.000000000000000 ) ;
#2863 = VERTEX_POINT ( 'NONE', #2182 ) ;
#2864 = CARTESIAN_POINT ( 'NONE',  ( 67.99999999999995737, 27.99999999999986500, -6.732050807568878525 ) ) ;
#2865 = VECTOR ( 'NONE', #2363, 1000.000000000000227 ) ;
#2866 = ORIENTED_EDGE ( 'NONE', *, *, #1393, .F. ) ;
#2867 = PLANE ( 'NONE',  #2914 ) ;
#2868 = LINE ( 'NONE', #3, #2325 ) ;
#2869 = EDGE_CURVE ( 'NONE', #2909, #226, #970, .T. ) ;
#2870 = ORIENTED_EDGE ( 'NONE', *, *, #1888, .F. ) ;
#2871 = CARTESIAN_POINT ( 'NONE',  ( 64.99999999999995737, -27.99999999999986500, 6.732050807568878525 ) ) ;
#2872 = EDGE_CURVE ( 'NONE', #522, #1038, #73, .T. ) ;
#2873 = CARTESIAN_POINT ( 'NONE',  ( 0.000000000000000000, -24.99999999999999645, 5.000000000000000000 ) ) ;
#2874 = FACE_OUTER_BOUND ( 'NONE', #2936, .T. ) ;
#2875 = VERTEX_POINT ( 'NONE', #2895 ) ;
#2876 = ORIENTED_EDGE ( 'NONE', *, *, #846, .F. ) ;
#2877 = CARTESIAN_POINT ( 'NONE',  ( -75.00000000000001421, -24.99999999999995381, -5.000000000000000000 ) ) ;
#2878 = VERTEX_POINT ( 'NONE', #1011 ) ;
#2879 = CARTESIAN_POINT ( 'NONE',  ( -75.00000000000001421, 24.99999999999999645, -4.999999999999999112 ) ) ;
#2880 = LINE ( 'NONE', #1973, #1636 ) ;
#2881 = EDGE_LOOP ( 'NONE', ( #1126, #1275, #619, #467, #1846, #1733 ) ) ;
#2882 = EDGE_CURVE ( 'NONE', #1535, #1390, #2850, .T. ) ;
#2883 = EDGE_CURVE ( 'NONE', #1849, #493, #2660, .T. ) ;
#2884 = DIRECTION ( 'NONE',  ( 1.000000000000000000, -0.000000000000000000, -0.000000000000000000 ) ) ;
#2885 = AXIS2_PLACEMENT_3D ( 'NONE', #2101, #41, #264 ) ;
#2886 = DIRECTION ( 'NONE',  ( 0.000000000000000000, -0.8660254037844389297, -0.4999999999999993894 ) ) ;
#2887 = DIRECTION ( 'NONE',  ( -0.000000000000000000, 0.8660254037844389297, -0.4999999999999993894 ) ) ;
#2888 = VECTOR ( 'NONE', #795, 1000.000000000000227 ) ;
#2889 = VECTOR ( 'NONE', #471, 1000.000000000000000 ) ;
#2890 = ADVANCED_FACE ( 'NONE', ( #1522 ), #2512, .F. ) ;
#2891 = ORIENTED_EDGE ( 'NONE', *, *, #2547, .F. ) ;
#2892 = DIRECTION ( 'NONE',  ( -1.000000000000000000, -0.000000000000000000, -0.000000000000000000 ) ) ;
#2893 = VERTEX_POINT ( 'NONE', #2961 ) ;
#2894 = ORIENTED_EDGE ( 'NONE', *, *, #2042, .T. ) ;
#2895 = CARTESIAN_POINT ( 'NONE',  ( -64.99999999999995737, -21.99999999999986144, -6.732050807568874973 ) ) ;
#2896 = CARTESIAN_POINT ( 'NONE',  ( 65.00000000000000000, 30.00000000000000000, -10.00000000000000000 ) ) ;
#2897 = ORIENTED_EDGE ( 'NONE', *, *, #701, .F. ) ;
#2898 = DIRECTION ( 'NONE',  ( 0.000000000000000000, 0.8660254037844389297, -0.4999999999999994449 ) ) ;
#2899 = AXIS2_PLACEMENT_3D ( 'NONE', #437, #2563, #3036 ) ;
#2900 = CYLINDRICAL_SURFACE ( 'NONE', #2805, 1.700000000000000178 ) ;
#2901 = AXIS2_PLACEMENT_3D ( 'NONE', #2228, #1082, #1066 ) ;
#2902 = EDGE_LOOP ( 'NONE', ( #1339, #1698 ) ) ;
#2903 = CYLINDRICAL_SURFACE ( 'NONE', #922, 1.700000000000000178 ) ;
#2904 = VERTEX_POINT ( 'NONE', #366 ) ;
#2905 = CIRCLE ( 'NONE', #297, 5.000000000000000000 ) ;
#2906 = AXIS2_PLACEMENT_3D ( 'NONE', #370, #2967, #848 ) ;
#2907 = ORIENTED_EDGE ( 'NONE', *, *, #1367, .F. ) ;
#2908 = CARTESIAN_POINT ( 'NONE',  ( 74.99999999999998579, -30.00000000000000000, -4.999999999999999112 ) ) ;
#2909 = VERTEX_POINT ( 'NONE', #2462 ) ;
#2910 = VECTOR ( 'NONE', #2, 1000.000000000000000 ) ;
#2911 = EDGE_CURVE ( 'NONE', #2515, #1730, #577, .T. ) ;
#2912 = ORIENTED_EDGE ( 'NONE', *, *, #180, .T. ) ;
#2913 = DIRECTION ( 'NONE',  ( 0.000000000000000000, 0.000000000000000000, -1.000000000000000000 ) ) ;
#2914 = AXIS2_PLACEMENT_3D ( 'NONE', #523, #2194, #307 ) ;
#2915 = LINE ( 'NONE', #2449, #378 ) ;
#2916 = EDGE_LOOP ( 'NONE', ( #1492, #119, #1572, #1363 ) ) ;
#2917 = CARTESIAN_POINT ( 'NONE',  ( -75.00000000000001421, -24.99999999999995381, 3.299999999999999378 ) ) ;
#2918 = LINE ( 'NONE', #1978, #201 ) ;
#2919 = ORIENTED_EDGE ( 'NONE', *, *, #1381, .T. ) ;
#2920 = LINE ( 'NONE', #2189, #2687 ) ;
#2921 = EDGE_LOOP ( 'NONE', ( #69, #2358, #1207, #1074 ) ) ;
#2922 = CARTESIAN_POINT ( 'NONE',  ( 67.99999999999995737, 24.99999999999986144, -8.464101615137755275 ) ) ;
#2923 = ADVANCED_FACE ( 'NONE', ( #2018, #2240 ), #823, .T. ) ;
#2924 = CARTESIAN_POINT ( 'NONE',  ( 64.99999999999995737, 27.99999999999986500, 3.267949192431120586 ) ) ;
#2925 = ADVANCED_FACE ( 'NONE', ( #1314 ), #2979, .T. ) ;
#2926 = EDGE_LOOP ( 'NONE', ( #810, #1785, #2650, #2532 ) ) ;
#2927 = DIRECTION ( 'NONE',  ( -1.000000000000000000, -0.000000000000000000, -0.000000000000000000 ) ) ;
#2928 = CARTESIAN_POINT ( 'NONE',  ( -75.00000000000001421, -24.99999999999995381, -5.000000000000000000 ) ) ;
#2929 = VERTEX_POINT ( 'NONE', #1301 ) ;
#2930 = FACE_OUTER_BOUND ( 'NONE', #2921, .T. ) ;
#2931 = PLANE ( 'NONE',  #2807 ) ;
#2932 = EDGE_CURVE ( 'NONE', #368, #1849, #2002, .T. ) ;
#2933 = CARTESIAN_POINT ( 'NONE',  ( -75.00000000000001421, 24.99999999999999645, 5.000000000000000000 ) ) ;
#2934 = EDGE_LOOP ( 'NONE', ( #324, #1518, #1249, #873 ) ) ;
#2935 = LINE ( 'NONE', #1764, #2701 ) ;
#2936 = EDGE_LOOP ( 'NONE', ( #607, #2133, #483, #329, #2576, #615 ) ) ;
#2937 = LINE ( 'NONE', #819, #3015 ) ;
#2938 = DIRECTION ( 'NONE',  ( 0.000000000000000000, 0.000000000000000000, 1.000000000000000000 ) ) ;
#2939 = AXIS2_PLACEMENT_3D ( 'NONE', #1260, #2892, #2938 ) ;
#2940 = ADVANCED_FACE ( 'NONE', ( #107 ), #1060, .F. ) ;
#2941 = AXIS2_PLACEMENT_3D ( 'NONE', #1445, #716, #244 ) ;
#2942 = CARTESIAN_POINT ( 'NONE',  ( 74.99999999999998579, 24.99999999999995381, 3.299999999999999378 ) ) ;
#2943 = ORIENTED_EDGE ( 'NONE', *, *, #2806, .T. ) ;
#2944 = DIRECTION ( 'NONE',  ( 0.000000000000000000, 0.000000000000000000, 1.000000000000000000 ) ) ;
#2945 = DIRECTION ( 'NONE',  ( 0.000000000000000000, 1.000000000000000000, 0.000000000000000000 ) ) ;
#2946 = ORIENTED_EDGE ( 'NONE', *, *, #2450, .T. ) ;
#2947 = VERTEX_POINT ( 'NONE', #2708 ) ;
#2948 = CARTESIAN_POINT ( 'NONE',  ( 67.99999999999995737, -27.99999999999986500, 6.732050807568878525 ) ) ;
#2949 = CARTESIAN_POINT ( 'NONE',  ( 67.99999999999995737, -24.99999999999986144, 8.464101615137755275 ) ) ;
#2950 = DIRECTION ( 'NONE',  ( -1.000000000000000000, -0.000000000000000000, -0.000000000000000000 ) ) ;
#2951 = EDGE_CURVE ( 'NONE', #1188, #797, #876, .T. ) ;
#2952 = ORIENTED_EDGE ( 'NONE', *, *, #2591, .T. ) ;
#2953 = CARTESIAN_POINT ( 'NONE',  ( -65.00000000000000000, -20.00000000000000000, -10.00000000000000000 ) ) ;
#2954 = EDGE_LOOP ( 'NONE', ( #349, #436 ) ) ;
#2955 = VECTOR ( 'NONE', #655, 1000.000000000000000 ) ;
#2956 = LINE ( 'NONE', #2014, #153 ) ;
#2957 = CIRCLE ( 'NONE', #2703, 1.700000000000000178 ) ;
#2958 = DIRECTION ( 'NONE',  ( 0.000000000000000000, 0.8660254037844384856, 0.5000000000000002220 ) ) ;
#2959 = ORIENTED_EDGE ( 'NONE', *, *, #2431, .F. ) ;
#2960 = VERTEX_POINT ( 'NONE', #1816 ) ;
#2961 = CARTESIAN_POINT ( 'NONE',  ( -64.99999999999995737, -24.99999999999986500, -1.535898384862242505 ) ) ;
#2962 = CARTESIAN_POINT ( 'NONE',  ( 0.000000000000000000, 0.000000000000000000, 10.00000000000000000 ) ) ;
#2963 = VECTOR ( 'NONE', #367, 1000.000000000000227 ) ;
#2964 = CIRCLE ( 'NONE', #2132, 5.000000000000000000 ) ;
#2965 = ORIENTED_EDGE ( 'NONE', *, *, #2987, .T. ) ;
#2966 = FACE_OUTER_BOUND ( 'NONE', #940, .T. ) ;
#2967 = DIRECTION ( 'NONE',  ( -1.000000000000000000, -0.000000000000000000, -0.000000000000000000 ) ) ;
#2968 = EDGE_CURVE ( 'NONE', #2875, #2214, #1786, .T. ) ;
#2969 = CYLINDRICAL_SURFACE ( 'NONE', #395, 1.700000000000000178 ) ;
#2970 = EDGE_CURVE ( 'NONE', #520, #2087, #1345, .T. ) ;
#2971 = AXIS2_PLACEMENT_3D ( 'NONE', #122, #1987, #1541 ) ;
#2972 = ORIENTED_EDGE ( 'NONE', *, *, #1455, .T. ) ;
#2973 = CARTESIAN_POINT ( 'NONE',  ( -64.99999999999995737, -27.99999999999986500, -6.732050807568878525 ) ) ;
#2974 = ORIENTED_EDGE ( 'NONE', *, *, #1348, .T. ) ;
#2975 = CARTESIAN_POINT ( 'NONE',  ( 67.99999999999995737, -27.99999999999986500, 3.267949192431120586 ) ) ;
#2976 = CARTESIAN_POINT ( 'NONE',  ( 67.99999999999995737, -21.99999999999986144, 3.267949192431121919 ) ) ;
#2977 = ORIENTED_EDGE ( 'NONE', *, *, #1599, .F. ) ;
#2978 = VERTEX_POINT ( 'NONE', #1556 ) ;
#2979 = PLANE ( 'NONE',  #2379 ) ;
#2980 = CARTESIAN_POINT ( 'NONE',  ( 74.99999999999998579, -24.99999999999995381, -5.000000000000000000 ) ) ;
#2981 = ORIENTED_EDGE ( 'NONE', *, *, #2638, .T. ) ;
#2982 = EDGE_LOOP ( 'NONE', ( #263, #638, #1765, #1985 ) ) ;
#2983 = CARTESIAN_POINT ( 'NONE',  ( -67.99999999999995737, -24.99999999999986144, -8.464101615137755275 ) ) ;
#2984 = LINE ( 'NONE', #2044, #2614 ) ;
#2985 = DIRECTION ( 'NONE',  ( 0.000000000000000000, -0.000000000000000000, 1.000000000000000000 ) ) ;
#2986 = EDGE_CURVE ( 'NONE', #989, #793, #2494, .T. ) ;
#2987 = EDGE_CURVE ( 'NONE', #579, #2219, #628, .T. ) ;
#2988 = ORIENTED_EDGE ( 'NONE', *, *, #2509, .F. ) ;
#2989 = LINE ( 'NONE', #2282, #3009 ) ;
#2990 = ORIENTED_EDGE ( 'NONE', *, *, #1229, .T. ) ;
#2991 = DIRECTION ( 'NONE',  ( 0.000000000000000000, 0.000000000000000000, -1.000000000000000000 ) ) ;
#2992 = DIRECTION ( 'NONE',  ( -1.000000000000000000, -0.000000000000000000, -0.000000000000000000 ) ) ;
#2993 = ORIENTED_EDGE ( 'NONE', *, *, #1517, .T. ) ;
#2994 = EDGE_CURVE ( 'NONE', #48, #712, #2689, .T. ) ;
#2995 = VECTOR ( 'NONE', #2115, 1000.000000000000000 ) ;
#2996 = ORIENTED_EDGE ( 'NONE', *, *, #2472, .F. ) ;
#2997 = DIRECTION ( 'NONE',  ( -1.000000000000000000, -0.000000000000000000, -0.000000000000000000 ) ) ;
#2998 = DIRECTION ( 'NONE',  ( 1.000000000000000000, 0.000000000000000000, 0.000000000000000000 ) ) ;
#2999 = VECTOR ( 'NONE', #98, 1000.000000000000000 ) ;
#3000 = EDGE_LOOP ( 'NONE', ( #1716, #2633, #1920, #1932 ) ) ;
#3001 = DIRECTION ( 'NONE',  ( 1.000000000000000000, -0.000000000000000000, 0.000000000000000000 ) ) ;
#3002 = CARTESIAN_POINT ( 'NONE',  ( -67.99999999999995737, 24.99999999999986500, -1.535898384862242505 ) ) ;
#3003 = ORIENTED_EDGE ( 'NONE', *, *, #1180, .T. ) ;
#3004 = FACE_OUTER_BOUND ( 'NONE', #1085, .T. ) ;
#3005 = ORIENTED_EDGE ( 'NONE', *, *, #964, .F. ) ;
#3006 = CARTESIAN_POINT ( 'NONE',  ( -67.99999999999995737, 21.99999999999986144, -6.732050807568874973 ) ) ;
#3007 = LINE ( 'NONE', #2975, #1634 ) ;
#3008 = DIRECTION ( 'NONE',  ( -0.000000000000000000, 0.5000000000000003331, 0.8660254037844384856 ) ) ;
#3009 = VECTOR ( 'NONE', #637, 1000.000000000000000 ) ;
#3010 = EDGE_LOOP ( 'NONE', ( #2988, #2977, #780, #944, #806, #2032 ) ) ;
#3011 = ORIENTED_EDGE ( 'NONE', *, *, #271, .F. ) ;
#3012 = APPLICATION_PROTOCOL_DEFINITION ( 'draft international standard', 'automotive_design', 1998, #438 ) ;
#3013 = FACE_OUTER_BOUND ( 'NONE', #1549, .T. ) ;
#3014 = EDGE_CURVE ( 'NONE', #2149, #409, #1802, .T. ) ;
#3015 = VECTOR ( 'NONE', #1767, 1000.000000000000227 ) ;
#3016 = ORIENTED_EDGE ( 'NONE', *, *, #2042, .F. ) ;
#3017 = DIRECTION ( 'NONE',  ( -1.000000000000000000, 0.000000000000000000, 0.000000000000000000 ) ) ;
#3018 = VECTOR ( 'NONE', #2886, 1000.000000000000227 ) ;
#3019 = ORIENTED_EDGE ( 'NONE', *, *, #159, .T. ) ;
#3020 = CIRCLE ( 'NONE', #1979, 1.700000000000000178 ) ;
#3021 = LINE ( 'NONE', #2125, #1575 ) ;
#3022 = CARTESIAN_POINT ( 'NONE',  ( 67.99999999999995737, -21.99999999999986144, -6.732050807568874973 ) ) ;
#3023 = PLANE ( 'NONE',  #1031 ) ;
#3024 = DIRECTION ( 'NONE',  ( 0.000000000000000000, -0.8660254037844388186, 0.4999999999999997224 ) ) ;
#3025 = UNCERTAINTY_MEASURE_WITH_UNIT (LENGTH_MEASURE( 1.000000000000000082E-05 ), #3042, 'distance_accuracy_value', 'NONE');
#3026 = EDGE_CURVE ( 'NONE', #2219, #1730, #1485, .T. ) ;
#3027 = EDGE_CURVE ( 'NONE', #995, #1108, #647, .T. ) ;
#3028 = ORIENTED_EDGE ( 'NONE', *, *, #963, .F. ) ;
#3029 = CARTESIAN_POINT ( 'NONE',  ( 0.000000000000000000, 0.000000000000000000, 0.000000000000000000 ) ) ;
#3030 = CARTESIAN_POINT ( 'NONE',  ( -67.99999999999995737, 24.99999999999986144, -8.464101615137755275 ) ) ;
#3031 = ORIENTED_EDGE ( 'NONE', *, *, #1627, .T. ) ;
#3032 = DIRECTION ( 'NONE',  ( 0.000000000000000000, 0.000000000000000000, 1.000000000000000000 ) ) ;
#3033 = CARTESIAN_POINT ( 'NONE',  ( 67.99999999999995737, 21.99999999999986144, 6.732050807568874973 ) ) ;
#3034 = EDGE_CURVE ( 'NONE', #2699, #1108, #2222, .T. ) ;
#3035 = EDGE_LOOP ( 'NONE', ( #2048, #1892, #2142, #635, #1707, #2475, #722, #2202 ) ) ;
#3036 = DIRECTION ( 'NONE',  ( 0.000000000000000000, 0.000000000000000000, 1.000000000000000000 ) ) ;
#3037 = DIRECTION ( 'NONE',  ( 0.000000000000000000, 0.8660254037844384856, -0.5000000000000001110 ) ) ;
#3038 = CARTESIAN_POINT ( 'NONE',  ( -64.99999999999995737, -24.99999999999986500, 1.535898384862242505 ) ) ;
#3039 = DIRECTION ( 'NONE',  ( 1.000000000000000000, -0.000000000000000000, -0.000000000000000000 ) ) ;
#3040 = ORIENTED_EDGE ( 'NONE', *, *, #2369, .F. ) ;
#3041 = EDGE_LOOP ( 'NONE', ( #776, #141, #207, #459 ) ) ;
#3042 =( LENGTH_UNIT ( ) NAMED_UNIT ( * ) SI_UNIT ( .MILLI., .METRE. ) );
#3043 = FACE_OUTER_BOUND ( 'NONE', #2072, .T. ) ;
#3044 = CARTESIAN_POINT ( 'NONE',  ( 67.99999999999995737, -21.99999999999986144, -6.732050807568874973 ) ) ;
#3045 = EDGE_CURVE ( 'NONE', #850, #1293, #2315, .T. ) ;
#3046 = ORIENTED_EDGE ( 'NONE', *, *, #2261, .F. ) ;
#3047 = CARTESIAN_POINT ( 'NONE',  ( 67.99999999999995737, 27.99999999999986500, -6.732050807568878525 ) ) ;
#3048 = DIRECTION ( 'NONE',  ( -1.000000000000000000, -0.000000000000000000, -0.000000000000000000 ) ) ;
#3049 = AXIS2_PLACEMENT_3D ( 'NONE', #2756, #1594, #2527 ) ;
#3050 = AXIS2_PLACEMENT_3D ( 'NONE', #994, #1936, #2488 ) ;
#3051 = ORIENTED_EDGE ( 'NONE', *, *, #2457, .T. ) ;
#3052 = LINE ( 'NONE', #256, #2270 ) ;
#3053 = EDGE_CURVE ( 'NONE', #2056, #790, #1879, .T. ) ;
#3054 = FACE_BOUND ( 'NONE', #1361, .T. ) ;
#3055 = CARTESIAN_POINT ( 'NONE',  ( -64.99999999999995737, 21.99999999999986144, -3.267949192431121919 ) ) ;
#3056 = CARTESIAN_POINT ( 'NONE',  ( -64.99999999999995737, 21.99999999999986144, 6.732050807568874973 ) ) ;
#3057 = ORIENTED_EDGE ( 'NONE', *, *, #770, .F. ) ;
#3058 = APPLICATION_PROTOCOL_DEFINITION ( 'draft international standard', 'automotive_design', 1998, #333 ) ;
#3059 = CARTESIAN_POINT ( 'NONE',  ( 64.99999999999995737, -21.99999999999986144, -6.732050807568874973 ) ) ;
#3060 = CARTESIAN_POINT ( 'NONE',  ( 67.99999999999994316, -24.99999999999995381, -3.299999999999999378 ) ) ;
#3061 = VECTOR ( 'NONE', #2108, 1000.000000000000000 ) ;
ENDSEC;
END-ISO-10303-21;
