ISO-10303-21;
HEADER;
FILE_DESCRIPTION (( 'STEP AP214' ),
    '1' );
FILE_NAME ('ArmBaseConnecter 2L V2.step',
    '2026-08-28T16:07:49',
    ( '' ),
    ( '' ),
    'SwSTEP 2.0',
    'SolidWorks 2024',
    '' );
FILE_SCHEMA (( 'AUTOMOTIVE_DESIGN' ));
ENDSEC;

DATA;
#1 = DIRECTION ( 'NONE',  ( 1.000000000000000000, -0.000000000000000000, -0.000000000000000000 ) ) ;
#2 = ORIENTED_EDGE ( 'NONE', *, *, #2382, .F. ) ;
#3 = EDGE_CURVE ( 'NONE', #366, #2122, #1409, .T. ) ;
#4 = LINE ( 'NONE', #3032, #1822 ) ;
#5 = EDGE_LOOP ( 'NONE', ( #2150, #2685, #673, #1474 ) ) ;
#6 = EDGE_CURVE ( 'NONE', #2181, #2681, #2354, .T. ) ;
#7 = CARTESIAN_POINT ( 'NONE',  ( 52.99999999999999289, 22.50000000000000355, -3.556624327025939003 ) ) ;
#8 = CARTESIAN_POINT ( 'NONE',  ( 49.99999999999998579, 30.00000000000000000, -10.00000000000000000 ) ) ;
#9 = CARTESIAN_POINT ( 'NONE',  ( -52.99999999999999289, -24.99999999999997158, 6.699999999999999289 ) ) ;
#10 = ORIENTED_EDGE ( 'NONE', *, *, #1484, .F. ) ;
#11 = FILL_AREA_STYLE ('',( #2144 ) ) ;
#12 = DIRECTION ( 'NONE',  ( 1.000000000000000000, -0.000000000000000000, -0.000000000000000000 ) ) ;
#13 = EDGE_CURVE ( 'NONE', #2551, #1499, #2641, .T. ) ;
#14 = ORIENTED_EDGE ( 'NONE', *, *, #2648, .T. ) ;
#15 = VERTEX_POINT ( 'NONE', #320 ) ;
#16 = FACE_OUTER_BOUND ( 'NONE', #402, .T. ) ;
#17 = ORIENTED_EDGE ( 'NONE', *, *, #2605, .F. ) ;
#18 = LINE ( 'NONE', #749, #2461 ) ;
#19 = CARTESIAN_POINT ( 'NONE',  ( 49.99999999999998579, -22.50000000000000355, -3.556624327025939003 ) ) ;
#20 = FACE_OUTER_BOUND ( 'NONE', #607, .T. ) ;
#21 = ORIENTED_EDGE ( 'NONE', *, *, #417, .T. ) ;
#22 = DIRECTION ( 'NONE',  ( 0.000000000000000000, 0.000000000000000000, 1.000000000000000000 ) ) ;
#23 = EDGE_CURVE ( 'NONE', #135, #2899, #2063, .T. ) ;
#24 = CARTESIAN_POINT ( 'NONE',  ( 52.99999999999999289, 0.000000000000000000, 0.000000000000000000 ) ) ;
#25 = ORIENTED_EDGE ( 'NONE', *, *, #90, .T. ) ;
#26 = LINE ( 'NONE', #2180, #80 ) ;
#27 = VERTEX_POINT ( 'NONE', #1922 ) ;
#28 = CARTESIAN_POINT ( 'NONE',  ( -49.99999999999999289, -30.00000000000000000, -4.999999999999999112 ) ) ;
#29 = EDGE_LOOP ( 'NONE', ( #2812, #1897, #600, #1354 ) ) ;
#30 = DIRECTION ( 'NONE',  ( -1.000000000000000000, 0.000000000000000000, 0.000000000000000000 ) ) ;
#31 = DIRECTION ( 'NONE',  ( 1.000000000000000000, -0.000000000000000000, -0.000000000000000000 ) ) ;
#32 = VECTOR ( 'NONE', #1247, 1000.000000000000000 ) ;
#33 = VECTOR ( 'NONE', #2988, 1000.000000000000000 ) ;
#34 = DIRECTION ( 'NONE',  ( -1.000000000000000000, -0.000000000000000000, -0.000000000000000000 ) ) ;
#35 = AXIS2_PLACEMENT_3D ( 'NONE', #2468, #1052, #870 ) ;
#36 = AXIS2_PLACEMENT_3D ( 'NONE', #1754, #2950, #2701 ) ;
#37 = EDGE_LOOP ( 'NONE', ( #433, #1246, #2423, #457 ) ) ;
#38 = DIRECTION ( 'NONE',  ( 0.000000000000000000, -0.4999999999999996114, -0.8660254037844388186 ) ) ;
#39 = AXIS2_PLACEMENT_3D ( 'NONE', #306, #746, #508 ) ;
#40 = LINE ( 'NONE', #989, #1382 ) ;
#41 = VERTEX_POINT ( 'NONE', #1216 ) ;
#42 = VECTOR ( 'NONE', #697, 1000.000000000000000 ) ;
#43 = ADVANCED_FACE ( 'NONE', ( #20 ), #2832, .F. ) ;
#44 = PRODUCT_DEFINITION_FORMATION_WITH_SPECIFIED_SOURCE ( 'ANY', '', #2457, .NOT_KNOWN. ) ;
#45 = VERTEX_POINT ( 'NONE', #224 ) ;
#46 = DIRECTION ( 'NONE',  ( 0.000000000000000000, 0.000000000000000000, 1.000000000000000000 ) ) ;
#47 = EDGE_LOOP ( 'NONE', ( #1935, #1695, #109, #1868 ) ) ;
#48 = CARTESIAN_POINT ( 'NONE',  ( 60.00000000000000000, -30.00000000000000000, 10.00000000000000000 ) ) ;
#49 = DIRECTION ( 'NONE',  ( 0.000000000000000000, 0.4999999999999996114, -0.8660254037844388186 ) ) ;
#50 = ORIENTED_EDGE ( 'NONE', *, *, #1745, .T. ) ;
#51 = FACE_OUTER_BOUND ( 'NONE', #37, .T. ) ;
#52 = DIRECTION ( 'NONE',  ( -1.000000000000000000, -0.000000000000000000, -0.000000000000000000 ) ) ;
#53 = ADVANCED_FACE ( 'NONE', ( #2154, #1662 ), #3055, .T. ) ;
#54 = CARTESIAN_POINT ( 'NONE',  ( -60.00000000000000000, -24.99999999999999645, -4.999999999999999112 ) ) ;
#55 = EDGE_LOOP ( 'NONE', ( #1890, #1576, #210, #1280 ) ) ;
#56 = ORIENTED_EDGE ( 'NONE', *, *, #513, .F. ) ;
#57 = CARTESIAN_POINT ( 'NONE',  ( 60.00000000000000000, -24.99999999999999645, 5.000000000000000000 ) ) ;
#58 = ADVANCED_FACE ( 'NONE', ( #2875 ), #1883, .F. ) ;
#59 = ORIENTED_EDGE ( 'NONE', *, *, #2850, .T. ) ;
#60 = FACE_BOUND ( 'NONE', #1928, .T. ) ;
#61 = DIRECTION ( 'NONE',  ( 0.000000000000000000, -0.8660254037844388186, -0.4999999999999996114 ) ) ;
#62 = EDGE_CURVE ( 'NONE', #2300, #45, #1650, .T. ) ;
#63 = ORIENTED_EDGE ( 'NONE', *, *, #426, .F. ) ;
#64 = CARTESIAN_POINT ( 'NONE',  ( 49.99999999999998579, 22.50000000000000355, 6.443375672974059221 ) ) ;
#65 = DIRECTION ( 'NONE',  ( 1.000000000000000000, 0.000000000000000000, 0.000000000000000000 ) ) ;
#66 = DIRECTION ( 'NONE',  ( -1.000000000000000000, -0.000000000000000000, -0.000000000000000000 ) ) ;
#67 = VERTEX_POINT ( 'NONE', #953 ) ;
#68 = VERTEX_POINT ( 'NONE', #966 ) ;
#69 = DIRECTION ( 'NONE',  ( -0.000000000000000000, -0.000000000000000000, 1.000000000000000000 ) ) ;
#70 = ORIENTED_EDGE ( 'NONE', *, *, #1738, .T. ) ;
#71 = FACE_OUTER_BOUND ( 'NONE', #1771, .T. ) ;
#72 = PLANE ( 'NONE',  #2913 ) ;
#73 = ADVANCED_FACE ( 'NONE', ( #2370 ), #511, .F. ) ;
#74 = VECTOR ( 'NONE', #1306, 1000.000000000000000 ) ;
#75 = EDGE_LOOP ( 'NONE', ( #1847, #1558, #2373, #1506 ) ) ;
#76 = CIRCLE ( 'NONE', #1867, 5.000000000000000000 ) ;
#77 = PLANE ( 'NONE',  #79 ) ;
#78 = LINE ( 'NONE', #1693, #2715 ) ;
#79 = AXIS2_PLACEMENT_3D ( 'NONE', #764, #1010, #740 ) ;
#80 = VECTOR ( 'NONE', #2207, 1000.000000000000000 ) ;
#81 = LINE ( 'NONE', #579, #2365 ) ;
#82 = ORIENTED_EDGE ( 'NONE', *, *, #194, .T. ) ;
#83 = AXIS2_PLACEMENT_3D ( 'NONE', #2367, #2813, #1932 ) ;
#84 = DIRECTION ( 'NONE',  ( 1.000000000000000000, -0.000000000000000000, -0.000000000000000000 ) ) ;
#85 = CIRCLE ( 'NONE', #1628, 5.000000000000000000 ) ;
#86 = VERTEX_POINT ( 'NONE', #2214 ) ;
#87 = DIRECTION ( 'NONE',  ( -0.000000000000000000, 0.8660254037844385966, 0.4999999999999999445 ) ) ;
#88 = CIRCLE ( 'NONE', #337, 1.700000000000000178 ) ;
#89 = LINE ( 'NONE', #985, #2462 ) ;
#90 = EDGE_CURVE ( 'NONE', #1680, #2478, #89, .T. ) ;
#91 = ORIENTED_EDGE ( 'NONE', *, *, #1442, .T. ) ;
#92 = PLANE ( 'NONE',  #1079 ) ;
#93 = CARTESIAN_POINT ( 'NONE',  ( 49.99999999999998579, 22.50000000000000355, 6.443375672974059221 ) ) ;
#94 = EDGE_CURVE ( 'NONE', #2141, #2595, #2321, .T. ) ;
#95 = VERTEX_POINT ( 'NONE', #9 ) ;
#96 = CARTESIAN_POINT ( 'NONE',  ( -60.00000000000000000, 24.99999999999999645, 5.000000000000000000 ) ) ;
#97 = LINE ( 'NONE', #2674, #2331 ) ;
#98 = DIRECTION ( 'NONE',  ( 0.000000000000000000, 0.000000000000000000, -1.000000000000000000 ) ) ;
#99 = ADVANCED_FACE ( 'NONE', ( #1037 ), #1896, .T. ) ;
#100 = ORIENTED_EDGE ( 'NONE', *, *, #1025, .T. ) ;
#101 = ADVANCED_FACE ( 'NONE', ( #1975 ), #737, .T. ) ;
#102 = DIRECTION ( 'NONE',  ( 0.000000000000000000, 0.000000000000000000, 1.000000000000000000 ) ) ;
#103 = EDGE_LOOP ( 'NONE', ( #1592, #56, #1726, #1655 ) ) ;
#104 = CARTESIAN_POINT ( 'NONE',  ( 52.99999999999999289, 25.00000000000001066, -2.113248654051870012 ) ) ;
#105 = CARTESIAN_POINT ( 'NONE',  ( 52.99999999999999289, -27.50000000000001066, -3.556624327025931898 ) ) ;
#106 = ORIENTED_EDGE ( 'NONE', *, *, #2629, .T. ) ;
#107 = DIRECTION ( 'NONE',  ( -1.000000000000000000, 0.000000000000000000, 0.000000000000000000 ) ) ;
#108 = CARTESIAN_POINT ( 'NONE',  ( -60.00000000000000711, 24.99999999999997158, -6.699999999999999289 ) ) ;
#109 = ORIENTED_EDGE ( 'NONE', *, *, #325, .T. ) ;
#110 = CARTESIAN_POINT ( 'NONE',  ( 52.99999999999999289, 24.99999999999997158, 6.699999999999999289 ) ) ;
#111 = LINE ( 'NONE', #2948, #1675 ) ;
#112 = CARTESIAN_POINT ( 'NONE',  ( -52.99999999999999289, 25.00000000000000711, -7.886751345948129099 ) ) ;
#113 = ORIENTED_EDGE ( 'NONE', *, *, #455, .F. ) ;
#114 = CARTESIAN_POINT ( 'NONE',  ( -49.99999999999998579, 27.50000000000001066, -3.556624327025931898 ) ) ;
#115 = EDGE_CURVE ( 'NONE', #795, #468, #483, .T. ) ;
#116 = CARTESIAN_POINT ( 'NONE',  ( -52.99999999999999289, 22.50000000000000355, 3.556624327025939003 ) ) ;
#117 = ORIENTED_EDGE ( 'NONE', *, *, #534, .F. ) ;
#118 = CARTESIAN_POINT ( 'NONE',  ( -50.00000000000000711, 19.99999999999998224, -10.00000000000000000 ) ) ;
#119 = DIRECTION ( 'NONE',  ( -1.000000000000000000, -0.000000000000000000, 0.000000000000000000 ) ) ;
#120 = ORIENTED_EDGE ( 'NONE', *, *, #2399, .T. ) ;
#121 = FACE_OUTER_BOUND ( 'NONE', #1199, .T. ) ;
#122 = DIRECTION ( 'NONE',  ( -0.000000000000000000, -0.000000000000000000, -1.000000000000000000 ) ) ;
#123 = ORIENTED_EDGE ( 'NONE', *, *, #372, .T. ) ;
#124 = CARTESIAN_POINT ( 'NONE',  ( -50.00000000000000711, 24.99999999999999645, 10.00000000000000000 ) ) ;
#125 = DIRECTION ( 'NONE',  ( 0.000000000000000000, 0.000000000000000000, -1.000000000000000000 ) ) ;
#126 = VECTOR ( 'NONE', #248, 1000.000000000000000 ) ;
#127 = DIRECTION ( 'NONE',  ( 0.000000000000000000, 1.000000000000000000, -0.000000000000000000 ) ) ;
#128 = ADVANCED_FACE ( 'NONE', ( #1744 ), #2941, .T. ) ;
#129 = VECTOR ( 'NONE', #2526, 1000.000000000000000 ) ;
#130 = VERTEX_POINT ( 'NONE', #1105 ) ;
#131 = LINE ( 'NONE', #168, #821 ) ;
#132 = AXIS2_PLACEMENT_3D ( 'NONE', #1309, #2523, #396 ) ;
#133 = CIRCLE ( 'NONE', #527, 5.000000000000000888 ) ;
#134 = LINE ( 'NONE', #1809, #33 ) ;
#135 = VERTEX_POINT ( 'NONE', #1050 ) ;
#136 = ADVANCED_FACE ( 'NONE', ( #2713 ), #1319, .F. ) ;
#137 = CIRCLE ( 'NONE', #2270, 1.700000000000000178 ) ;
#138 = FACE_OUTER_BOUND ( 'NONE', #2776, .T. ) ;
#139 = CIRCLE ( 'NONE', #1870, 1.700000000000000178 ) ;
#140 = LINE ( 'NONE', #2212, #1385 ) ;
#141 = AXIS2_PLACEMENT_3D ( 'NONE', #205, #1118, #888 ) ;
#142 = CARTESIAN_POINT ( 'NONE',  ( 52.99999999999999289, 25.00000000000000711, 7.886751345948129099 ) ) ;
#143 = ORIENTED_EDGE ( 'NONE', *, *, #2640, .F. ) ;
#144 = VECTOR ( 'NONE', #1704, 1000.000000000000000 ) ;
#145 = FACE_OUTER_BOUND ( 'NONE', #1479, .T. ) ;
#146 = LINE ( 'NONE', #1731, #3001 ) ;
#147 = AXIS2_PLACEMENT_3D ( 'NONE', #280, #2173, #2651 ) ;
#148 = ORIENTED_EDGE ( 'NONE', *, *, #2850, .F. ) ;
#149 = LINE ( 'NONE', #1590, #2612 ) ;
#150 = DIRECTION ( 'NONE',  ( 1.000000000000000000, -0.000000000000000000, -0.000000000000000000 ) ) ;
#151 = CARTESIAN_POINT ( 'NONE',  ( -49.99999999999998579, -22.50000000000000355, -3.556624327025939003 ) ) ;
#152 = EDGE_LOOP ( 'NONE', ( #2539, #1750 ) ) ;
#153 = LINE ( 'NONE', #1099, #2858 ) ;
#154 = ADVANCED_FACE ( 'NONE', ( #588, #2513 ), #2991, .T. ) ;
#155 = CARTESIAN_POINT ( 'NONE',  ( 52.99999999999999289, -27.50000000000001066, 6.443375672974062773 ) ) ;
#156 = ORIENTED_EDGE ( 'NONE', *, *, #199, .F. ) ;
#157 = LINE ( 'NONE', #1136, #934 ) ;
#158 = DIRECTION ( 'NONE',  ( 0.000000000000000000, 0.8660254037844385966, -0.4999999999999998890 ) ) ;
#159 = VERTEX_POINT ( 'NONE', #1585 ) ;
#160 = PLANE ( 'NONE',  #2323 ) ;
#161 = LINE ( 'NONE', #1108, #2108 ) ;
#162 = EDGE_CURVE ( 'NONE', #668, #911, #2298, .T. ) ;
#163 = EDGE_LOOP ( 'NONE', ( #642, #1141 ) ) ;
#164 = LINE ( 'NONE', #2750, #1021 ) ;
#165 = DIRECTION ( 'NONE',  ( 0.000000000000000000, -0.4999999999999998335, 0.8660254037844387076 ) ) ;
#166 = FACE_OUTER_BOUND ( 'NONE', #1447, .T. ) ;
#167 = VERTEX_POINT ( 'NONE', #805 ) ;
#168 = CARTESIAN_POINT ( 'NONE',  ( -52.99999999999999289, 25.00000000000001066, -2.113248654051870012 ) ) ;
#169 = CARTESIAN_POINT ( 'NONE',  ( 10.00000000000000000, 0.000000000000000000, -10.00000000000000000 ) ) ;
#170 = EDGE_LOOP ( 'NONE', ( #950, #363, #2404, #1927, #2035, #1790 ) ) ;
#171 = DIRECTION ( 'NONE',  ( 1.000000000000000000, -0.000000000000000000, -0.000000000000000000 ) ) ;
#172 = DIRECTION ( 'NONE',  ( 0.000000000000000000, -0.4999999999999998335, 0.8660254037844387076 ) ) ;
#173 = VERTEX_POINT ( 'NONE', #142 ) ;
#174 = ORIENTED_EDGE ( 'NONE', *, *, #1808, .F. ) ;
#175 = LINE ( 'NONE', #2337, #389 ) ;
#176 = EDGE_LOOP ( 'NONE', ( #975, #1569, #1902, #230 ) ) ;
#177 = ADVANCED_FACE ( 'NONE', ( #2926 ), #2694, .T. ) ;
#178 = DIRECTION ( 'NONE',  ( 1.000000000000000000, 0.000000000000000000, 0.000000000000000000 ) ) ;
#179 = CARTESIAN_POINT ( 'NONE',  ( 52.99999999999999289, 22.50000000000000355, -3.556624327025939003 ) ) ;
#180 = ORIENTED_EDGE ( 'NONE', *, *, #2432, .F. ) ;
#181 = CARTESIAN_POINT ( 'NONE',  ( -60.00000000000000000, -30.00000000000000000, 10.00000000000000000 ) ) ;
#182 = CIRCLE ( 'NONE', #571, 1.700000000000000178 ) ;
#183 = DIRECTION ( 'NONE',  ( 0.000000000000000000, 0.000000000000000000, -1.000000000000000000 ) ) ;
#184 = ORIENTED_EDGE ( 'NONE', *, *, #1340, .F. ) ;
#185 = VECTOR ( 'NONE', #2069, 1000.000000000000114 ) ;
#186 = CARTESIAN_POINT ( 'NONE',  ( -50.00000000000000000, 29.99999999999998579, 4.999999999999999112 ) ) ;
#187 = AXIS2_PLACEMENT_3D ( 'NONE', #1530, #84, #563 ) ;
#188 = VECTOR ( 'NONE', #1124, 1000.000000000000000 ) ;
#189 = EDGE_LOOP ( 'NONE', ( #1509, #180, #834, #2837 ) ) ;
#190 = AXIS2_PLACEMENT_3D ( 'NONE', #1679, #2534, #1988 ) ;
#191 = DIRECTION ( 'NONE',  ( -1.000000000000000000, -0.000000000000000000, -0.000000000000000000 ) ) ;
#192 = CARTESIAN_POINT ( 'NONE',  ( 60.00000000000000000, 24.99999999999997158, -3.299999999999998934 ) ) ;
#193 = VECTOR ( 'NONE', #2319, 1000.000000000000000 ) ;
#194 = EDGE_CURVE ( 'NONE', #880, #1946, #2962, .T. ) ;
#195 = CIRCLE ( 'NONE', #1918, 1.700000000000000178 ) ;
#196 = ORIENTED_EDGE ( 'NONE', *, *, #2679, .T. ) ;
#197 = CARTESIAN_POINT ( 'NONE',  ( -52.99999999999999289, 25.00000000000000711, 7.886751345948129099 ) ) ;
#198 = CARTESIAN_POINT ( 'NONE',  ( -60.00000000000000711, -24.99999999999997158, -6.699999999999999289 ) ) ;
#199 = EDGE_CURVE ( 'NONE', #95, #167, #1764, .T. ) ;
#200 = ORIENTED_EDGE ( 'NONE', *, *, #2308, .F. ) ;
#201 = SURFACE_STYLE_USAGE ( .BOTH. , #2330 ) ;
#202 = ADVANCED_FACE ( 'NONE', ( #341 ), #1285, .F. ) ;
#203 = LINE ( 'NONE', #2790, #2508 ) ;
#204 = EDGE_LOOP ( 'NONE', ( #1589, #2196, #494, #1188 ) ) ;
#205 = CARTESIAN_POINT ( 'NONE',  ( 52.99999999999999289, 27.50000000000001066, -6.443375672974062773 ) ) ;
#206 = EDGE_CURVE ( 'NONE', #1371, #1019, #1303, .T. ) ;
#207 = EDGE_LOOP ( 'NONE', ( #334, #3019, #2834, #245, #1561, #1453 ) ) ;
#208 = DIRECTION ( 'NONE',  ( -0.000000000000000000, -0.000000000000000000, 1.000000000000000000 ) ) ;
#209 = DIRECTION ( 'NONE',  ( -1.000000000000000000, -0.000000000000000000, -0.000000000000000000 ) ) ;
#210 = ORIENTED_EDGE ( 'NONE', *, *, #1102, .T. ) ;
#211 = CARTESIAN_POINT ( 'NONE',  ( 60.00000000000000000, -24.99999999999999645, -10.00000000000000000 ) ) ;
#212 = FACE_OUTER_BOUND ( 'NONE', #423, .T. ) ;
#213 = VERTEX_POINT ( 'NONE', #1065 ) ;
#214 = CARTESIAN_POINT ( 'NONE',  ( 52.99999999999999289, -27.50000000000001066, -3.556624327025931898 ) ) ;
#215 = ORIENTED_EDGE ( 'NONE', *, *, #816, .T. ) ;
#216 = EDGE_CURVE ( 'NONE', #2490, #1639, #133, .T. ) ;
#217 = DIRECTION ( 'NONE',  ( -1.000000000000000000, -0.000000000000000000, -0.000000000000000000 ) ) ;
#218 = ORIENTED_EDGE ( 'NONE', *, *, #1855, .F. ) ;
#219 = DIRECTION ( 'NONE',  ( 0.000000000000000000, 0.000000000000000000, -1.000000000000000000 ) ) ;
#220 = DIRECTION ( 'NONE',  ( 0.000000000000000000, 0.000000000000000000, -1.000000000000000000 ) ) ;
#221 = ORIENTED_EDGE ( 'NONE', *, *, #1240, .F. ) ;
#222 = DIRECTION ( 'NONE',  ( -1.000000000000000000, -0.000000000000000000, -0.000000000000000000 ) ) ;
#223 = CARTESIAN_POINT ( 'NONE',  ( 49.99999999999998579, -27.50000000000001066, -3.556624327025931898 ) ) ;
#224 = CARTESIAN_POINT ( 'NONE',  ( 49.99999999999998579, 25.00000000000001066, -2.113248654051870012 ) ) ;
#225 = FACE_OUTER_BOUND ( 'NONE', #2162, .T. ) ;
#226 = ORIENTED_EDGE ( 'NONE', *, *, #90, .F. ) ;
#227 = DIRECTION ( 'NONE',  ( 0.000000000000000000, 1.000000000000000000, -0.000000000000000000 ) ) ;
#228 = ADVANCED_FACE ( 'NONE', ( #868 ), #2730, .F. ) ;
#229 = CARTESIAN_POINT ( 'NONE',  ( 52.99999999999999289, 27.50000000000001066, 3.556624327025931898 ) ) ;
#230 = ORIENTED_EDGE ( 'NONE', *, *, #1939, .T. ) ;
#231 = DIRECTION ( 'NONE',  ( 0.000000000000000000, 0.000000000000000000, -1.000000000000000000 ) ) ;
#232 = VECTOR ( 'NONE', #2253, 1000.000000000000000 ) ;
#233 = EDGE_CURVE ( 'NONE', #1347, #1384, #2496, .T. ) ;
#234 = ORIENTED_EDGE ( 'NONE', *, *, #1724, .F. ) ;
#235 = AXIS2_PLACEMENT_3D ( 'NONE', #1350, #628, #3038 ) ;
#236 = CYLINDRICAL_SURFACE ( 'NONE', #778, 1.700000000000000178 ) ;
#237 = VECTOR ( 'NONE', #781, 1000.000000000000000 ) ;
#238 = VECTOR ( 'NONE', #849, 1000.000000000000114 ) ;
#239 = ORIENTED_EDGE ( 'NONE', *, *, #2648, .F. ) ;
#240 = DIRECTION ( 'NONE',  ( 0.000000000000000000, 0.8660254037844389297, 0.4999999999999996114 ) ) ;
#241 = DIRECTION ( 'NONE',  ( 0.000000000000000000, 0.8660254037844387076, 0.4999999999999998335 ) ) ;
#242 = EDGE_CURVE ( 'NONE', #86, #3027, #2025, .T. ) ;
#243 = CARTESIAN_POINT ( 'NONE',  ( -52.99999999999999289, 27.50000000000001066, -3.556624327025931898 ) ) ;
#244 = VECTOR ( 'NONE', #758, 1000.000000000000000 ) ;
#245 = ORIENTED_EDGE ( 'NONE', *, *, #2399, .F. ) ;
#246 = CARTESIAN_POINT ( 'NONE',  ( 52.99999999999999289, -22.50000000000000355, 3.556624327025939003 ) ) ;
#247 = AXIS2_PLACEMENT_3D ( 'NONE', #499, #309, #996 ) ;
#248 = DIRECTION ( 'NONE',  ( 0.000000000000000000, 0.000000000000000000, -1.000000000000000000 ) ) ;
#249 = ORIENTED_EDGE ( 'NONE', *, *, #939, .T. ) ;
#250 = VERTEX_POINT ( 'NONE', #1796 ) ;
#251 = CARTESIAN_POINT ( 'NONE',  ( 49.99999999999998579, -30.00000000000000000, -10.00000000000000000 ) ) ;
#252 = VERTEX_POINT ( 'NONE', #2147 ) ;
#253 = CARTESIAN_POINT ( 'NONE',  ( -52.99999999999999289, -27.50000000000001066, -6.443375672974062773 ) ) ;
#254 = LINE ( 'NONE', #2684, #935 ) ;
#255 = EDGE_CURVE ( 'NONE', #2994, #369, #26, .T. ) ;
#256 = CARTESIAN_POINT ( 'NONE',  ( -52.99999999999999289, 25.00000000000000711, 7.886751345948129099 ) ) ;
#257 = ORIENTED_EDGE ( 'NONE', *, *, #751, .T. ) ;
#258 = DIRECTION ( 'NONE',  ( 0.000000000000000000, 0.000000000000000000, 1.000000000000000000 ) ) ;
#259 = LINE ( 'NONE', #1220, #1473 ) ;
#260 = EDGE_LOOP ( 'NONE', ( #780, #444, #2714, #2239 ) ) ;
#261 = ORIENTED_EDGE ( 'NONE', *, *, #94, .T. ) ;
#262 = CYLINDRICAL_SURFACE ( 'NONE', #1436, 10.00000000000000000 ) ;
#263 = ORIENTED_EDGE ( 'NONE', *, *, #2507, .T. ) ;
#264 = CYLINDRICAL_SURFACE ( 'NONE', #2614, 5.000000000000000000 ) ;
#265 = FACE_OUTER_BOUND ( 'NONE', #1013, .T. ) ;
#266 = ADVANCED_BREP_SHAPE_REPRESENTATION ( 'ArmBaseConnecter 2L V2', ( #1404, #147 ), #2333 ) ;
#267 = CARTESIAN_POINT ( 'NONE',  ( -52.99999999999999289, -25.00000000000000711, -7.886751345948129099 ) ) ;
#268 = ADVANCED_FACE ( 'NONE', ( #2726 ), #583, .T. ) ;
#269 = VERTEX_POINT ( 'NONE', #2280 ) ;
#270 = FACE_OUTER_BOUND ( 'NONE', #3007, .T. ) ;
#271 = CARTESIAN_POINT ( 'NONE',  ( -49.99999999999998579, 25.00000000000001066, -2.113248654051870012 ) ) ;
#272 = VERTEX_POINT ( 'NONE', #2690 ) ;
#273 = ORIENTED_EDGE ( 'NONE', *, *, #2304, .F. ) ;
#274 = VECTOR ( 'NONE', #667, 1000.000000000000000 ) ;
#275 = DIRECTION ( 'NONE',  ( -1.000000000000000000, -0.000000000000000000, -0.000000000000000000 ) ) ;
#276 = AXIS2_PLACEMENT_3D ( 'NONE', #2981, #1784, #857 ) ;
#277 = ORIENTED_EDGE ( 'NONE', *, *, #1638, .F. ) ;
#278 = CARTESIAN_POINT ( 'NONE',  ( -49.99999999999998579, 27.50000000000001066, 3.556624327025931898 ) ) ;
#279 = EDGE_CURVE ( 'NONE', #2155, #2799, #929, .T. ) ;
#280 = CARTESIAN_POINT ( 'NONE',  ( 0.000000000000000000, 0.000000000000000000, 0.000000000000000000 ) ) ;
#281 = MECHANICAL_DESIGN_GEOMETRIC_PRESENTATION_REPRESENTATION (  '', ( #328 ), #2706 ) ;
#282 = AXIS2_PLACEMENT_3D ( 'NONE', #1560, #2923, #2477 ) ;
#283 = CIRCLE ( 'NONE', #1433, 1.700000000000000178 ) ;
#284 = VECTOR ( 'NONE', #1626, 1000.000000000000000 ) ;
#285 = ORIENTED_EDGE ( 'NONE', *, *, #2047, .T. ) ;
#286 = DIRECTION ( 'NONE',  ( 0.000000000000000000, 0.8660254037844385966, 0.4999999999999998890 ) ) ;
#287 = CARTESIAN_POINT ( 'NONE',  ( -50.00000000000000711, 25.00000000000000711, 7.886751345948133540 ) ) ;
#288 = VECTOR ( 'NONE', #2647, 1000.000000000000000 ) ;
#289 = LINE ( 'NONE', #2401, #437 ) ;
#290 = AXIS2_PLACEMENT_3D ( 'NONE', #2120, #1, #946 ) ;
#291 = EDGE_CURVE ( 'NONE', #2796, #1236, #2586, .T. ) ;
#292 = ORIENTED_EDGE ( 'NONE', *, *, #2441, .T. ) ;
#293 = EDGE_CURVE ( 'NONE', #1535, #2649, #1378, .T. ) ;
#294 = CARTESIAN_POINT ( 'NONE',  ( -52.99999999999999289, -27.50000000000001066, 3.556624327025931898 ) ) ;
#295 = ORIENTED_EDGE ( 'NONE', *, *, #1877, .T. ) ;
#296 = DIRECTION ( 'NONE',  ( 1.000000000000000000, -0.000000000000000000, 0.000000000000000000 ) ) ;
#297 = DIRECTION ( 'NONE',  ( 0.000000000000000000, 0.000000000000000000, -1.000000000000000000 ) ) ;
#298 = PRODUCT_RELATED_PRODUCT_CATEGORY ( 'part', '', ( #2457 ) ) ;
#299 = VERTEX_POINT ( 'NONE', #2037 ) ;
#300 = DIRECTION ( 'NONE',  ( 0.000000000000000000, -0.8660254037844387076, 0.4999999999999998335 ) ) ;
#301 = CARTESIAN_POINT ( 'NONE',  ( -60.00000000000000000, 30.00000000000000000, -4.999999999999999112 ) ) ;
#302 = DIRECTION ( 'NONE',  ( -1.000000000000000000, 0.000000000000000000, 0.000000000000000000 ) ) ;
#303 = VERTEX_POINT ( 'NONE', #1757 ) ;
#304 = ORIENTED_EDGE ( 'NONE', *, *, #2362, .T. ) ;
#305 = EDGE_CURVE ( 'NONE', #1196, #1041, #134, .T. ) ;
#306 = CARTESIAN_POINT ( 'NONE',  ( -52.99999999999999289, 22.50000000000000355, 3.556624327025939003 ) ) ;
#307 = ORIENTED_EDGE ( 'NONE', *, *, #1333, .T. ) ;
#308 = LINE ( 'NONE', #48, #732 ) ;
#309 = DIRECTION ( 'NONE',  ( 0.000000000000000000, 0.000000000000000000, -1.000000000000000000 ) ) ;
#310 = ORIENTED_EDGE ( 'NONE', *, *, #800, .F. ) ;
#311 = PLANE ( 'NONE',  #2458 ) ;
#312 = LINE ( 'NONE', #2903, #1032 ) ;
#313 = DIRECTION ( 'NONE',  ( 0.000000000000000000, 0.000000000000000000, 1.000000000000000000 ) ) ;
#314 = VERTEX_POINT ( 'NONE', #1579 ) ;
#315 = EDGE_CURVE ( 'NONE', #399, #2914, #2509, .T. ) ;
#316 = LINE ( 'NONE', #2974, #1712 ) ;
#317 = VERTEX_POINT ( 'NONE', #2257 ) ;
#318 = DIRECTION ( 'NONE',  ( 0.000000000000000000, 0.8660254037844388186, 0.4999999999999996114 ) ) ;
#319 = EDGE_CURVE ( 'NONE', #2510, #68, #801, .T. ) ;
#320 = CARTESIAN_POINT ( 'NONE',  ( -60.00000000000000711, -24.99999999999997158, 6.699999999999999289 ) ) ;
#321 = EDGE_LOOP ( 'NONE', ( #3039, #1265, #226, #2281, #1230, #2791, #2466, #2881, #1458, #1522, #1970, #958 ) ) ;
#322 = CYLINDRICAL_SURFACE ( 'NONE', #1330, 1.700000000000000178 ) ;
#323 = CARTESIAN_POINT ( 'NONE',  ( -50.00000000000000000, 24.99999999999999645, -10.00000000000000000 ) ) ;
#324 = CARTESIAN_POINT ( 'NONE',  ( 49.99999999999998579, -25.00000000000000711, -7.886751345948129099 ) ) ;
#325 = EDGE_CURVE ( 'NONE', #641, #1614, #1226, .T. ) ;
#326 = AXIS2_PLACEMENT_3D ( 'NONE', #1807, #2953, #581 ) ;
#327 = EDGE_LOOP ( 'NONE', ( #2577, #1300, #2471, #1470 ) ) ;
#328 = STYLED_ITEM ( 'NONE', ( #2084 ), #1404 ) ;
#329 = LINE ( 'NONE', #968, #2159 ) ;
#330 = EDGE_CURVE ( 'NONE', #2635, #2845, #1085, .T. ) ;
#331 = CARTESIAN_POINT ( 'NONE',  ( 60.00000000000000000, -30.00000000000000000, -4.999999999999999112 ) ) ;
#332 = AXIS2_PLACEMENT_3D ( 'NONE', #1677, #2669, #1960 ) ;
#333 = CARTESIAN_POINT ( 'NONE',  ( -60.00000000000000711, -24.99999999999997158, 4.999999999999999112 ) ) ;
#334 = ORIENTED_EDGE ( 'NONE', *, *, #762, .F. ) ;
#335 = VECTOR ( 'NONE', #1533, 1000.000000000000114 ) ;
#336 = LINE ( 'NONE', #116, #238 ) ;
#337 = AXIS2_PLACEMENT_3D ( 'NONE', #1421, #2093, #1603 ) ;
#338 = ORIENTED_EDGE ( 'NONE', *, *, #1925, .F. ) ;
#339 = EDGE_CURVE ( 'NONE', #785, #484, #1739, .T. ) ;
#340 = CARTESIAN_POINT ( 'NONE',  ( 49.99999999999998579, 25.00000000000000711, 7.886751345948129099 ) ) ;
#341 = FACE_OUTER_BOUND ( 'NONE', #1448, .T. ) ;
#342 = ORIENTED_EDGE ( 'NONE', *, *, #954, .T. ) ;
#343 = DIRECTION ( 'NONE',  ( 1.000000000000000000, 0.000000000000000000, -0.000000000000000000 ) ) ;
#344 = LINE ( 'NONE', #2449, #1813 ) ;
#345 = ORIENTED_EDGE ( 'NONE', *, *, #1532, .T. ) ;
#346 = EDGE_CURVE ( 'NONE', #707, #880, #316, .T. ) ;
#347 = FACE_OUTER_BOUND ( 'NONE', #1255, .T. ) ;
#348 = FACE_OUTER_BOUND ( 'NONE', #1224, .T. ) ;
#349 = CARTESIAN_POINT ( 'NONE',  ( -52.99999999999999289, -24.99999999999997158, 4.999999999999999112 ) ) ;
#350 = ORIENTED_EDGE ( 'NONE', *, *, #1840, .T. ) ;
#351 = DIRECTION ( 'NONE',  ( 1.000000000000000000, -0.000000000000000000, -0.000000000000000000 ) ) ;
#352 = DIRECTION ( 'NONE',  ( 0.000000000000000000, 0.000000000000000000, 1.000000000000000000 ) ) ;
#353 = ORIENTED_EDGE ( 'NONE', *, *, #1738, .F. ) ;
#354 = DIRECTION ( 'NONE',  ( 0.000000000000000000, -0.8660254037844383745, -0.5000000000000003331 ) ) ;
#355 = CARTESIAN_POINT ( 'NONE',  ( 60.00000000000000000, -24.99999999999997158, 4.999999999999999112 ) ) ;
#356 = ORIENTED_EDGE ( 'NONE', *, *, #445, .T. ) ;
#357 = CARTESIAN_POINT ( 'NONE',  ( -60.00000000000000000, -24.99999999999999645, -10.00000000000000000 ) ) ;
#358 = EDGE_LOOP ( 'NONE', ( #307, #1904 ) ) ;
#359 = CARTESIAN_POINT ( 'NONE',  ( -52.99999999999999289, 22.50000000000000355, 6.443375672974059221 ) ) ;
#360 = DIRECTION ( 'NONE',  ( 0.000000000000000000, 1.000000000000000000, 0.000000000000000000 ) ) ;
#361 = EDGE_CURVE ( 'NONE', #1454, #303, #2111, .T. ) ;
#362 = FACE_BOUND ( 'NONE', #829, .T. ) ;
#363 = ORIENTED_EDGE ( 'NONE', *, *, #2426, .F. ) ;
#364 = DIRECTION ( 'NONE',  ( 0.000000000000000000, -0.8660254037844387076, -0.4999999999999998335 ) ) ;
#365 = DIRECTION ( 'NONE',  ( 1.000000000000000000, -0.000000000000000000, -0.000000000000000000 ) ) ;
#366 = VERTEX_POINT ( 'NONE', #2459 ) ;
#367 = LINE ( 'NONE', #2977, #2213 ) ;
#368 = CARTESIAN_POINT ( 'NONE',  ( -52.99999999999999289, -22.50000000000000355, -3.556624327025939003 ) ) ;
#369 = VERTEX_POINT ( 'NONE', #1508 ) ;
#370 = DIRECTION ( 'NONE',  ( 0.000000000000000000, 0.000000000000000000, 1.000000000000000000 ) ) ;
#371 = DIRECTION ( 'NONE',  ( -1.000000000000000000, -0.000000000000000000, -0.000000000000000000 ) ) ;
#372 = EDGE_CURVE ( 'NONE', #1371, #1634, #336, .T. ) ;
#373 = ORIENTED_EDGE ( 'NONE', *, *, #472, .F. ) ;
#374 = CARTESIAN_POINT ( 'NONE',  ( 49.99999999999998579, -25.00000000000001066, -2.113248654051870012 ) ) ;
#375 = DIRECTION ( 'NONE',  ( 0.000000000000000000, -0.000000000000000000, 1.000000000000000000 ) ) ;
#376 = VECTOR ( 'NONE', #1949, 1000.000000000000000 ) ;
#377 = CARTESIAN_POINT ( 'NONE',  ( -49.99999999999999289, -30.00000000000000000, 4.999999999999999112 ) ) ;
#378 = VECTOR ( 'NONE', #2094, 1000.000000000000000 ) ;
#379 = ORIENTED_EDGE ( 'NONE', *, *, #1109, .F. ) ;
#380 = LINE ( 'NONE', #114, #2562 ) ;
#381 = VECTOR ( 'NONE', #860, 1000.000000000000000 ) ;
#382 = VECTOR ( 'NONE', #352, 1000.000000000000000 ) ;
#383 = DIRECTION ( 'NONE',  ( -0.000000000000000000, -0.8660254037844385966, -0.4999999999999999445 ) ) ;
#384 = ORIENTED_EDGE ( 'NONE', *, *, #941, .F. ) ;
#385 = VECTOR ( 'NONE', #605, 1000.000000000000000 ) ;
#386 = VECTOR ( 'NONE', #1557, 1000.000000000000114 ) ;
#387 = ADVANCED_FACE ( 'NONE', ( #2956 ), #1282, .F. ) ;
#388 = LINE ( 'NONE', #2244, #1274 ) ;
#389 = VECTOR ( 'NONE', #208, 1000.000000000000000 ) ;
#390 = DIRECTION ( 'NONE',  ( -6.938893903907227392E-16, -1.000000000000000000, 0.000000000000000000 ) ) ;
#391 = ORIENTED_EDGE ( 'NONE', *, *, #115, .T. ) ;
#392 = ORIENTED_EDGE ( 'NONE', *, *, #1539, .T. ) ;
#393 = CIRCLE ( 'NONE', #643, 10.00000000000000000 ) ;
#394 = CARTESIAN_POINT ( 'NONE',  ( 0.000000000000000000, 24.99999999999999645, 10.00000000000000000 ) ) ;
#395 = VERTEX_POINT ( 'NONE', #1047 ) ;
#396 = DIRECTION ( 'NONE',  ( 0.000000000000000000, 0.000000000000000000, -1.000000000000000000 ) ) ;
#397 = LINE ( 'NONE', #1591, #2070 ) ;
#398 = CARTESIAN_POINT ( 'NONE',  ( 52.99999999999999289, -27.50000000000001066, -6.443375672974062773 ) ) ;
#399 = VERTEX_POINT ( 'NONE', #2000 ) ;
#400 = DIRECTION ( 'NONE',  ( 1.000000000000000000, -0.000000000000000000, -0.000000000000000000 ) ) ;
#401 = CARTESIAN_POINT ( 'NONE',  ( -50.00000000000002132, 3.469446951953615451E-14, 10.00000000000000000 ) ) ;
#402 = EDGE_LOOP ( 'NONE', ( #1872, #257, #184, #3035 ) ) ;
#403 = CARTESIAN_POINT ( 'NONE',  ( 49.99999999999998579, -25.00000000000000711, -7.886751345948129099 ) ) ;
#404 = CARTESIAN_POINT ( 'NONE',  ( -52.99999999999999289, 22.50000000000000355, 3.556624327025939003 ) ) ;
#405 = EDGE_CURVE ( 'NONE', #159, #2490, #832, .T. ) ;
#406 = VERTEX_POINT ( 'NONE', #2741 ) ;
#407 = ORIENTED_EDGE ( 'NONE', *, *, #13, .T. ) ;
#408 = FACE_OUTER_BOUND ( 'NONE', #790, .T. ) ;
#409 = CARTESIAN_POINT ( 'NONE',  ( -52.99999999999999289, 24.99999999999997158, -4.999999999999999112 ) ) ;
#410 = ORIENTED_EDGE ( 'NONE', *, *, #831, .F. ) ;
#411 = FACE_BOUND ( 'NONE', #1566, .T. ) ;
#412 = CARTESIAN_POINT ( 'NONE',  ( -49.99999999999998579, -25.00000000000000711, -7.886751345948129099 ) ) ;
#413 = ORIENTED_EDGE ( 'NONE', *, *, #648, .T. ) ;
#414 = CARTESIAN_POINT ( 'NONE',  ( 52.99999999999999289, -22.50000000000000355, 6.443375672974059221 ) ) ;
#415 = DIRECTION ( 'NONE',  ( -0.000000000000000000, -0.000000000000000000, -1.000000000000000000 ) ) ;
#416 = ORIENTED_EDGE ( 'NONE', *, *, #2284, .T. ) ;
#417 = EDGE_CURVE ( 'NONE', #2681, #2546, #616, .T. ) ;
#418 = LINE ( 'NONE', #1369, #3056 ) ;
#419 = ORIENTED_EDGE ( 'NONE', *, *, #507, .F. ) ;
#420 = CARTESIAN_POINT ( 'NONE',  ( -60.00000000000000000, 24.99999999999999289, 10.00000000000000000 ) ) ;
#421 = DIRECTION ( 'NONE',  ( 0.000000000000000000, 0.8660254037844387076, 0.4999999999999998335 ) ) ;
#422 = EDGE_CURVE ( 'NONE', #3027, #1639, #1337, .T. ) ;
#423 = EDGE_LOOP ( 'NONE', ( #682, #2076, #2250, #1581 ) ) ;
#424 = CARTESIAN_POINT ( 'NONE',  ( 60.00000000000000000, 24.99999999999997158, 6.699999999999999289 ) ) ;
#425 = LINE ( 'NONE', #1649, #2525 ) ;
#426 = EDGE_CURVE ( 'NONE', #1410, #45, #1594, .T. ) ;
#427 = CARTESIAN_POINT ( 'NONE',  ( 52.99999999999999289, 22.50000000000000355, 6.443375672974059221 ) ) ;
#428 = EDGE_CURVE ( 'NONE', #911, #1721, #203, .T. ) ;
#429 = ORIENTED_EDGE ( 'NONE', *, *, #2833, .T. ) ;
#430 = CARTESIAN_POINT ( 'NONE',  ( -49.99999999999998579, 25.00000000000000711, 7.886751345948129099 ) ) ;
#431 = VECTOR ( 'NONE', #848, 1000.000000000000000 ) ;
#432 = DIRECTION ( 'NONE',  ( 0.000000000000000000, -0.8660254037844387076, 0.4999999999999998335 ) ) ;
#433 = ORIENTED_EDGE ( 'NONE', *, *, #2939, .F. ) ;
#434 = VECTOR ( 'NONE', #1722, 1000.000000000000000 ) ;
#435 = DIRECTION ( 'NONE',  ( -0.000000000000000000, 1.000000000000000000, 0.000000000000000000 ) ) ;
#436 = VECTOR ( 'NONE', #34, 1000.000000000000000 ) ;
#437 = VECTOR ( 'NONE', #1654, 1000.000000000000000 ) ;
#438 = DIRECTION ( 'NONE',  ( -1.000000000000000000, -0.000000000000000000, -0.000000000000000000 ) ) ;
#439 = AXIS2_PLACEMENT_3D ( 'NONE', #2808, #2349, #219 ) ;
#440 = VECTOR ( 'NONE', #2307, 1000.000000000000000 ) ;
#441 = VERTEX_POINT ( 'NONE', #214 ) ;
#442 = CARTESIAN_POINT ( 'NONE',  ( 52.99999999999999289, 22.50000000000000355, -3.556624327025939003 ) ) ;
#443 = DIRECTION ( 'NONE',  ( 0.000000000000000000, 0.000000000000000000, -1.000000000000000000 ) ) ;
#444 = ORIENTED_EDGE ( 'NONE', *, *, #666, .F. ) ;
#445 = EDGE_CURVE ( 'NONE', #2799, #2155, #3045, .T. ) ;
#446 = ORIENTED_EDGE ( 'NONE', *, *, #2677, .F. ) ;
#447 = PLANE ( 'NONE',  #1178 ) ;
#448 = FACE_OUTER_BOUND ( 'NONE', #1379, .T. ) ;
#449 = VERTEX_POINT ( 'NONE', #1158 ) ;
#450 = DIRECTION ( 'NONE',  ( -1.000000000000000000, 0.000000000000000000, -0.000000000000000000 ) ) ;
#451 = LINE ( 'NONE', #644, #2519 ) ;
#452 = LINE ( 'NONE', #2302, #2655 ) ;
#453 = ORIENTED_EDGE ( 'NONE', *, *, #1025, .F. ) ;
#454 = CARTESIAN_POINT ( 'NONE',  ( -49.99999999999998579, 25.00000000000001066, 2.113248654051870012 ) ) ;
#455 = EDGE_CURVE ( 'NONE', #1946, #2171, #2294, .T. ) ;
#456 = PLANE ( 'NONE',  #1478 ) ;
#457 = ORIENTED_EDGE ( 'NONE', *, *, #319, .T. ) ;
#458 = CARTESIAN_POINT ( 'NONE',  ( -60.00000000000000000, -30.00000000000000000, -4.999999999999999112 ) ) ;
#459 = VERTEX_POINT ( 'NONE', #2314 ) ;
#460 = CARTESIAN_POINT ( 'NONE',  ( -49.99999999999999289, -24.99999999999999645, -4.999999999999999112 ) ) ;
#461 = EDGE_CURVE ( 'NONE', #593, #2522, #827, .T. ) ;
#462 = CARTESIAN_POINT ( 'NONE',  ( -52.99999999999999289, 27.50000000000001066, -6.443375672974062773 ) ) ;
#463 = ORIENTED_EDGE ( 'NONE', *, *, #1127, .T. ) ;
#464 = LINE ( 'NONE', #1629, #1184 ) ;
#465 = ORIENTED_EDGE ( 'NONE', *, *, #2489, .T. ) ;
#466 = PLANE ( 'NONE',  #1181 ) ;
#467 = DIRECTION ( 'NONE',  ( 0.000000000000000000, 0.000000000000000000, 1.000000000000000000 ) ) ;
#468 = VERTEX_POINT ( 'NONE', #1641 ) ;
#469 = DIRECTION ( 'NONE',  ( 0.000000000000000000, 0.000000000000000000, 1.000000000000000000 ) ) ;
#470 = CARTESIAN_POINT ( 'NONE',  ( -52.99999999999999289, -25.00000000000001066, -2.113248654051870012 ) ) ;
#471 = DIRECTION ( 'NONE',  ( 0.000000000000000000, -0.5000000000000004441, 0.8660254037844384856 ) ) ;
#472 = EDGE_CURVE ( 'NONE', #2478, #459, #678, .T. ) ;
#473 = ORIENTED_EDGE ( 'NONE', *, *, #840, .F. ) ;
#474 = CYLINDRICAL_SURFACE ( 'NONE', #730, 4.999999999999999112 ) ;
#475 = DIRECTION ( 'NONE',  ( 0.000000000000000000, 0.8660254037844389297, -0.4999999999999996114 ) ) ;
#476 = ORIENTED_EDGE ( 'NONE', *, *, #1401, .T. ) ;
#477 = VECTOR ( 'NONE', #1612, 1000.000000000000114 ) ;
#478 = ORIENTED_EDGE ( 'NONE', *, *, #1686, .T. ) ;
#479 = EDGE_CURVE ( 'NONE', #269, #250, #700, .T. ) ;
#480 = VECTOR ( 'NONE', #2428, 1000.000000000000000 ) ;
#481 = DIRECTION ( 'NONE',  ( 0.000000000000000000, 0.000000000000000000, 1.000000000000000000 ) ) ;
#482 = VECTOR ( 'NONE', #2092, 1000.000000000000114 ) ;
#483 = CIRCLE ( 'NONE', #634, 1.700000000000000178 ) ;
#484 = VERTEX_POINT ( 'NONE', #1871 ) ;
#485 = VECTOR ( 'NONE', #657, 1000.000000000000000 ) ;
#486 = DIRECTION ( 'NONE',  ( 0.000000000000000000, 0.000000000000000000, 1.000000000000000000 ) ) ;
#487 = DIRECTION ( 'NONE',  ( 1.000000000000000000, 0.000000000000000000, 0.000000000000000000 ) ) ;
#488 = CARTESIAN_POINT ( 'NONE',  ( 52.99999999999999289, 25.00000000000001066, -2.113248654051870012 ) ) ;
#489 = VECTOR ( 'NONE', #2940, 1000.000000000000000 ) ;
#490 = EDGE_LOOP ( 'NONE', ( #2820, #2788, #723, #70 ) ) ;
#491 = FACE_OUTER_BOUND ( 'NONE', #2935, .T. ) ;
#492 = FACE_BOUND ( 'NONE', #1989, .T. ) ;
#493 = VERTEX_POINT ( 'NONE', #1133 ) ;
#494 = ORIENTED_EDGE ( 'NONE', *, *, #2303, .T. ) ;
#495 = DIRECTION ( 'NONE',  ( 1.000000000000000000, -0.000000000000000000, -0.000000000000000000 ) ) ;
#496 = EDGE_CURVE ( 'NONE', #1347, #2884, #2530, .T. ) ;
#497 = ORIENTED_EDGE ( 'NONE', *, *, #716, .F. ) ;
#498 = DIRECTION ( 'NONE',  ( 0.000000000000000000, 0.8660254037844385966, -0.4999999999999999445 ) ) ;
#499 = CARTESIAN_POINT ( 'NONE',  ( 0.000000000000000000, 0.000000000000000000, -10.00000000000000000 ) ) ;
#500 = CARTESIAN_POINT ( 'NONE',  ( -60.00000000000000711, -24.99999999999997158, -4.999999999999999112 ) ) ;
#501 = APPLICATION_CONTEXT ( 'automotive_design' ) ;
#502 = VERTEX_POINT ( 'NONE', #910 ) ;
#503 = LINE ( 'NONE', #2888, #434 ) ;
#504 = DIRECTION ( 'NONE',  ( -1.000000000000000000, -0.000000000000000000, -0.000000000000000000 ) ) ;
#505 = ORIENTED_EDGE ( 'NONE', *, *, #840, .T. ) ;
#506 = ORIENTED_EDGE ( 'NONE', *, *, #892, .F. ) ;
#507 = EDGE_CURVE ( 'NONE', #459, #1818, #2591, .T. ) ;
#508 = DIRECTION ( 'NONE',  ( 0.000000000000000000, 0.8660254037844387076, -0.4999999999999998335 ) ) ;
#509 = ORIENTED_EDGE ( 'NONE', *, *, #2209, .T. ) ;
#510 = CARTESIAN_POINT ( 'NONE',  ( -60.00000000000000000, -30.00000000000000000, 10.00000000000000000 ) ) ;
#511 = PLANE ( 'NONE',  #1022 ) ;
#512 = EDGE_LOOP ( 'NONE', ( #100, #2289, #1296, #1893 ) ) ;
#513 = EDGE_CURVE ( 'NONE', #1911, #41, #2836, .T. ) ;
#514 = DIRECTION ( 'NONE',  ( 0.000000000000000000, 0.4999999999999998335, 0.8660254037844387076 ) ) ;
#515 = DIRECTION ( 'NONE',  ( 0.000000000000000000, 0.000000000000000000, -1.000000000000000000 ) ) ;
#516 = FACE_OUTER_BOUND ( 'NONE', #207, .T. ) ;
#517 = ADVANCED_FACE ( 'NONE', ( #2822 ), #1383, .T. ) ;
#518 = ORIENTED_EDGE ( 'NONE', *, *, #233, .F. ) ;
#519 = VECTOR ( 'NONE', #383, 1000.000000000000114 ) ;
#520 = PLANE ( 'NONE',  #2617 ) ;
#521 = EDGE_CURVE ( 'NONE', #931, #441, #1843, .T. ) ;
#522 = VECTOR ( 'NONE', #555, 1000.000000000000000 ) ;
#523 = ORIENTED_EDGE ( 'NONE', *, *, #1741, .T. ) ;
#524 = DIRECTION ( 'NONE',  ( -1.000000000000000000, -0.000000000000000000, -0.000000000000000000 ) ) ;
#525 = PRODUCT_CONTEXT ( 'NONE', #501, 'mechanical' ) ;
#526 = CIRCLE ( 'NONE', #1570, 5.000000000000000000 ) ;
#527 = AXIS2_PLACEMENT_3D ( 'NONE', #2005, #1089, #1781 ) ;
#528 = CIRCLE ( 'NONE', #83, 1.700000000000000178 ) ;
#529 = VECTOR ( 'NONE', #415, 1000.000000000000000 ) ;
#530 = ORIENTED_EDGE ( 'NONE', *, *, #695, .F. ) ;
#531 = DIRECTION ( 'NONE',  ( 0.000000000000000000, 0.5000000000000004441, -0.8660254037844384856 ) ) ;
#532 = CARTESIAN_POINT ( 'NONE',  ( 0.000000000000000000, 0.000000000000000000, -10.00000000000000000 ) ) ;
#533 = VECTOR ( 'NONE', #2297, 1000.000000000000000 ) ;
#534 = EDGE_CURVE ( 'NONE', #493, #67, #2332, .T. ) ;
#535 = DIRECTION ( 'NONE',  ( -1.000000000000000000, -0.000000000000000000, -0.000000000000000000 ) ) ;
#536 = ORIENTED_EDGE ( 'NONE', *, *, #615, .T. ) ;
#537 = AXIS2_PLACEMENT_3D ( 'NONE', #532, #1248, #65 ) ;
#538 = EDGE_LOOP ( 'NONE', ( #249, #1810, #2435, #2665, #753, #350 ) ) ;
#539 = DIRECTION ( 'NONE',  ( 1.000000000000000000, 0.000000000000000000, 0.000000000000000000 ) ) ;
#540 = ORIENTED_EDGE ( 'NONE', *, *, #2119, .F. ) ;
#541 = PLANE ( 'NONE',  #577 ) ;
#542 = FACE_OUTER_BOUND ( 'NONE', #103, .T. ) ;
#543 = EDGE_CURVE ( 'NONE', #159, #2637, #681, .T. ) ;
#544 = EDGE_LOOP ( 'NONE', ( #773, #518, #2205, #2829 ) ) ;
#545 = DIRECTION ( 'NONE',  ( 0.000000000000000000, 0.8660254037844388186, -0.4999999999999996114 ) ) ;
#546 = CARTESIAN_POINT ( 'NONE',  ( 49.99999999999998579, 22.50000000000000355, -6.443375672974059221 ) ) ;
#547 = DIRECTION ( 'NONE',  ( 0.000000000000000000, -0.8660254037844385966, 0.4999999999999999445 ) ) ;
#548 = ORIENTED_EDGE ( 'NONE', *, *, #339, .T. ) ;
#549 = ADVANCED_FACE ( 'NONE', ( #448 ), #2345, .T. ) ;
#550 = VERTEX_POINT ( 'NONE', #1828 ) ;
#551 = DIRECTION ( 'NONE',  ( 0.000000000000000000, 0.8660254037844383745, 0.5000000000000003331 ) ) ;
#552 = EDGE_CURVE ( 'NONE', #2779, #2312, #2358, .T. ) ;
#553 = ORIENTED_EDGE ( 'NONE', *, *, #2538, .T. ) ;
#554 = FACE_OUTER_BOUND ( 'NONE', #1460, .T. ) ;
#555 = DIRECTION ( 'NONE',  ( 0.000000000000000000, 0.000000000000000000, -1.000000000000000000 ) ) ;
#556 = FACE_OUTER_BOUND ( 'NONE', #176, .T. ) ;
#557 = ORIENTED_EDGE ( 'NONE', *, *, #291, .F. ) ;
#558 = CARTESIAN_POINT ( 'NONE',  ( 52.99999999999999289, 0.000000000000000000, 0.000000000000000000 ) ) ;
#559 = DIRECTION ( 'NONE',  ( -0.000000000000000000, 1.000000000000000000, 0.000000000000000000 ) ) ;
#560 = ADVANCED_FACE ( 'NONE', ( #944 ), #1886, .T. ) ;
#561 = CARTESIAN_POINT ( 'NONE',  ( 60.00000000000000000, 30.00000000000000000, 5.000000000000000000 ) ) ;
#562 = ORIENTED_EDGE ( 'NONE', *, *, #2590, .F. ) ;
#563 = DIRECTION ( 'NONE',  ( 0.000000000000000000, 0.000000000000000000, 1.000000000000000000 ) ) ;
#564 = ORIENTED_EDGE ( 'NONE', *, *, #954, .F. ) ;
#565 = DIRECTION ( 'NONE',  ( -1.000000000000000000, 0.000000000000000000, 0.000000000000000000 ) ) ;
#566 = DIRECTION ( 'NONE',  ( 0.000000000000000000, -0.000000000000000000, 1.000000000000000000 ) ) ;
#567 = EDGE_CURVE ( 'NONE', #1746, #1003, #2879, .T. ) ;
#568 = ORIENTED_EDGE ( 'NONE', *, *, #2590, .T. ) ;
#569 = DIRECTION ( 'NONE',  ( 1.000000000000000000, -0.000000000000000000, -0.000000000000000000 ) ) ;
#570 = CARTESIAN_POINT ( 'NONE',  ( -52.99999999999999289, -27.50000000000001066, -3.556624327025931898 ) ) ;
#571 = AXIS2_PLACEMENT_3D ( 'NONE', #409, #209, #1418 ) ;
#572 = ORIENTED_EDGE ( 'NONE', *, *, #2174, .F. ) ;
#573 = VECTOR ( 'NONE', #665, 1000.000000000000114 ) ;
#574 = DIRECTION ( 'NONE',  ( -0.000000000000000000, -0.000000000000000000, -1.000000000000000000 ) ) ;
#575 = AXIS2_PLACEMENT_3D ( 'NONE', #2386, #2613, #710 ) ;
#576 = CARTESIAN_POINT ( 'NONE',  ( -60.00000000000000711, 24.99999999999997158, 4.999999999999999112 ) ) ;
#577 = AXIS2_PLACEMENT_3D ( 'NONE', #1699, #2628, #1201 ) ;
#578 = AXIS2_PLACEMENT_3D ( 'NONE', #2866, #742, #2161 ) ;
#579 = CARTESIAN_POINT ( 'NONE',  ( 60.00000000000000000, -24.99999999999997158, 3.299999999999998934 ) ) ;
#580 = ORIENTED_EDGE ( 'NONE', *, *, #1346, .T. ) ;
#581 = DIRECTION ( 'NONE',  ( 0.000000000000000000, 0.000000000000000000, 1.000000000000000000 ) ) ;
#582 = AXIS2_PLACEMENT_3D ( 'NONE', #1160, #435, #2055 ) ;
#583 = PLANE ( 'NONE',  #1519 ) ;
#584 = VECTOR ( 'NONE', #2049, 1000.000000000000000 ) ;
#585 = ORIENTED_EDGE ( 'NONE', *, *, #1984, .F. ) ;
#586 = CARTESIAN_POINT ( 'NONE',  ( 52.99999999999999289, 25.00000000000001066, 2.113248654051870012 ) ) ;
#587 = DIRECTION ( 'NONE',  ( 0.000000000000000000, 2.775557561562891745E-15, -1.000000000000000000 ) ) ;
#588 = FACE_OUTER_BOUND ( 'NONE', #2285, .T. ) ;
#589 = ORIENTED_EDGE ( 'NONE', *, *, #1984, .T. ) ;
#590 = DIRECTION ( 'NONE',  ( 0.000000000000000000, -0.8660254037844383745, 0.5000000000000003331 ) ) ;
#591 = FACE_OUTER_BOUND ( 'NONE', #2758, .T. ) ;
#592 = EDGE_CURVE ( 'NONE', #502, #1347, #1682, .T. ) ;
#593 = VERTEX_POINT ( 'NONE', #1250 ) ;
#594 = LINE ( 'NONE', #2932, #2416 ) ;
#595 = FACE_OUTER_BOUND ( 'NONE', #2627, .T. ) ;
#596 = CARTESIAN_POINT ( 'NONE',  ( -50.00000000000000000, 24.99999999999999645, -4.999999999999999112 ) ) ;
#597 = ORIENTED_EDGE ( 'NONE', *, *, #216, .F. ) ;
#598 = CARTESIAN_POINT ( 'NONE',  ( 52.99999999999999289, -25.00000000000000711, 7.886751345948129099 ) ) ;
#599 = DIRECTION ( 'NONE',  ( 1.000000000000000000, -0.000000000000000000, -0.000000000000000000 ) ) ;
#600 = ORIENTED_EDGE ( 'NONE', *, *, #2415, .T. ) ;
#601 = LINE ( 'NONE', #2960, #2419 ) ;
#602 = CARTESIAN_POINT ( 'NONE',  ( 60.00000000000000000, 24.99999999999997158, 4.999999999999999112 ) ) ;
#603 = EDGE_CURVE ( 'NONE', #931, #1598, #2633, .T. ) ;
#604 = EDGE_LOOP ( 'NONE', ( #2411, #1798, #2754, #904 ) ) ;
#605 = DIRECTION ( 'NONE',  ( 0.000000000000000000, 0.000000000000000000, 1.000000000000000000 ) ) ;
#606 = LINE ( 'NONE', #2945, #74 ) ;
#607 = EDGE_LOOP ( 'NONE', ( #841, #1365, #174, #2668 ) ) ;
#608 = ORIENTED_EDGE ( 'NONE', *, *, #695, .T. ) ;
#609 = PLANE ( 'NONE',  #2110 ) ;
#610 = PLANE ( 'NONE',  #1630 ) ;
#611 = LINE ( 'NONE', #1789, #386 ) ;
#612 = EDGE_CURVE ( 'NONE', #2588, #1940, #1456, .T. ) ;
#613 = EDGE_LOOP ( 'NONE', ( #113, #2983, #1283, #1055, #1222, #10 ) ) ;
#614 = LINE ( 'NONE', #1352, #2702 ) ;
#615 = EDGE_CURVE ( 'NONE', #2309, #252, #756, .T. ) ;
#616 = LINE ( 'NONE', #1315, #519 ) ;
#617 = ORIENTED_EDGE ( 'NONE', *, *, #3041, .T. ) ;
#618 = DIRECTION ( 'NONE',  ( 0.000000000000000000, 0.4999999999999996114, -0.8660254037844388186 ) ) ;
#619 = CARTESIAN_POINT ( 'NONE',  ( -52.99999999999999289, -22.50000000000000355, 3.556624327025939003 ) ) ;
#620 = VERTEX_POINT ( 'NONE', #1482 ) ;
#621 = ORIENTED_EDGE ( 'NONE', *, *, #1631, .F. ) ;
#622 = LINE ( 'NONE', #2966, #1518 ) ;
#623 = CARTESIAN_POINT ( 'NONE',  ( -50.00000000000000000, 29.99999999999998579, -4.999999999999999112 ) ) ;
#624 = ORIENTED_EDGE ( 'NONE', *, *, #2266, .F. ) ;
#625 = DIRECTION ( 'NONE',  ( -0.000000000000000000, -0.8660254037844385966, 0.4999999999999999445 ) ) ;
#626 = DIRECTION ( 'NONE',  ( 0.000000000000000000, 0.000000000000000000, 1.000000000000000000 ) ) ;
#627 = AXIS2_PLACEMENT_3D ( 'NONE', #1367, #1353, #2085 ) ;
#628 = DIRECTION ( 'NONE',  ( 0.000000000000000000, -0.5000000000000004441, -0.8660254037844384856 ) ) ;
#629 = VECTOR ( 'NONE', #1748, 1000.000000000000000 ) ;
#630 = EDGE_LOOP ( 'NONE', ( #2863, #2102, #920, #2946 ) ) ;
#631 = LINE ( 'NONE', #2255, #1016 ) ;
#632 = EDGE_CURVE ( 'NONE', #1835, #2309, #289, .T. ) ;
#633 = AXIS2_PLACEMENT_3D ( 'NONE', #988, #1465, #286 ) ;
#634 = AXIS2_PLACEMENT_3D ( 'NONE', #355, #2744, #1761 ) ;
#635 = CARTESIAN_POINT ( 'NONE',  ( -60.00000000000000000, -30.00000000000000000, 5.000000000000000000 ) ) ;
#636 = EDGE_LOOP ( 'NONE', ( #2536, #1134, #767, #1439 ) ) ;
#637 = VECTOR ( 'NONE', #2841, 1000.000000000000000 ) ;
#638 = DIRECTION ( 'NONE',  ( 0.000000000000000000, 0.8660254037844387076, 0.4999999999999998335 ) ) ;
#639 = AXIS2_PLACEMENT_3D ( 'NONE', #1658, #2882, #46 ) ;
#640 = CARTESIAN_POINT ( 'NONE',  ( 52.99999999999999289, 0.000000000000000000, 0.000000000000000000 ) ) ;
#641 = VERTEX_POINT ( 'NONE', #1428 ) ;
#642 = ORIENTED_EDGE ( 'NONE', *, *, #461, .F. ) ;
#643 = AXIS2_PLACEMENT_3D ( 'NONE', #1481, #2644, #2919 ) ;
#644 = CARTESIAN_POINT ( 'NONE',  ( -49.99999999999998579, 25.00000000000000711, -7.886751345948129099 ) ) ;
#645 = ORIENTED_EDGE ( 'NONE', *, *, #3041, .F. ) ;
#646 = LINE ( 'NONE', #2290, #2954 ) ;
#647 = LINE ( 'NONE', #2487, #1387 ) ;
#648 = EDGE_CURVE ( 'NONE', #2649, #1535, #1625, .T. ) ;
#649 = ORIENTED_EDGE ( 'NONE', *, *, #315, .F. ) ;
#650 = CARTESIAN_POINT ( 'NONE',  ( -52.99999999999999289, -25.00000000000001066, -2.113248654051870012 ) ) ;
#651 = CARTESIAN_POINT ( 'NONE',  ( 60.00000000000000000, 24.99999999999999645, -4.999999999999999112 ) ) ;
#652 = ORIENTED_EDGE ( 'NONE', *, *, #1452, .T. ) ;
#653 = EDGE_CURVE ( 'NONE', #2852, #2348, #1694, .T. ) ;
#654 = CARTESIAN_POINT ( 'NONE',  ( 49.99999999999998579, 27.50000000000001066, 6.443375672974060997 ) ) ;
#655 = ORIENTED_EDGE ( 'NONE', *, *, #2963, .T. ) ;
#656 = EDGE_CURVE ( 'NONE', #1413, #213, #2178, .T. ) ;
#657 = DIRECTION ( 'NONE',  ( -1.000000000000000000, -0.000000000000000000, -0.000000000000000000 ) ) ;
#658 = PLANE ( 'NONE',  #1175 ) ;
#659 = EDGE_CURVE ( 'NONE', #67, #550, #2619, .T. ) ;
#660 = EDGE_LOOP ( 'NONE', ( #1357, #1082, #2042, #568 ) ) ;
#661 = FACE_OUTER_BOUND ( 'NONE', #29, .T. ) ;
#662 = LINE ( 'NONE', #2341, #1774 ) ;
#663 = LINE ( 'NONE', #2753, #2855 ) ;
#664 = ORIENTED_EDGE ( 'NONE', *, *, #2623, .F. ) ;
#665 = DIRECTION ( 'NONE',  ( 0.000000000000000000, -0.8660254037844387076, -0.4999999999999998335 ) ) ;
#666 = EDGE_CURVE ( 'NONE', #27, #2485, #1926, .T. ) ;
#667 = DIRECTION ( 'NONE',  ( -1.000000000000000000, 0.000000000000000000, 0.000000000000000000 ) ) ;
#668 = VERTEX_POINT ( 'NONE', #1012 ) ;
#669 = CARTESIAN_POINT ( 'NONE',  ( -60.00000000000000000, -30.00000000000000000, 5.000000000000000000 ) ) ;
#670 = ORIENTED_EDGE ( 'NONE', *, *, #428, .F. ) ;
#671 = CARTESIAN_POINT ( 'NONE',  ( 52.99999999999999289, -22.50000000000000355, -3.556624327025939003 ) ) ;
#672 = ADVANCED_FACE ( 'NONE', ( #492, #516 ), #766, .T. ) ;
#673 = ORIENTED_EDGE ( 'NONE', *, *, #2735, .F. ) ;
#674 = DIRECTION ( 'NONE',  ( 1.000000000000000000, -0.000000000000000000, -0.000000000000000000 ) ) ;
#675 = FACE_OUTER_BOUND ( 'NONE', #1564, .T. ) ;
#676 = DIRECTION ( 'NONE',  ( 0.000000000000000000, 0.000000000000000000, 1.000000000000000000 ) ) ;
#677 = ORIENTED_EDGE ( 'NONE', *, *, #1090, .F. ) ;
#678 = CIRCLE ( 'NONE', #2256, 5.000000000000000000 ) ;
#679 = PLANE ( 'NONE',  #927 ) ;
#680 = AXIS2_PLACEMENT_3D ( 'NONE', #1551, #1093, #1345 ) ;
#681 = LINE ( 'NONE', #2576, #529 ) ;
#682 = ORIENTED_EDGE ( 'NONE', *, *, #346, .T. ) ;
#683 = VECTOR ( 'NONE', #1772, 1000.000000000000000 ) ;
#684 = CARTESIAN_POINT ( 'NONE',  ( 52.99999999999999289, 22.50000000000000355, 6.443375672974059221 ) ) ;
#685 = AXIS2_PLACEMENT_3D ( 'NONE', #2600, #2109, #1637 ) ;
#686 = VECTOR ( 'NONE', #2746, 1000.000000000000000 ) ;
#687 = ORIENTED_EDGE ( 'NONE', *, *, #603, .F. ) ;
#688 = AXIS2_PLACEMENT_3D ( 'NONE', #2934, #1982, #1996 ) ;
#689 = ADVANCED_FACE ( 'NONE', ( #1194 ), #2133, .F. ) ;
#690 = DIRECTION ( 'NONE',  ( 1.000000000000000000, 0.000000000000000000, 0.000000000000000000 ) ) ;
#691 = FACE_OUTER_BOUND ( 'NONE', #2838, .T. ) ;
#692 = VECTOR ( 'NONE', #69, 1000.000000000000000 ) ;
#693 = AXIS2_PLACEMENT_3D ( 'NONE', #2970, #3014, #375 ) ;
#694 = ORIENTED_EDGE ( 'NONE', *, *, #777, .T. ) ;
#695 = EDGE_CURVE ( 'NONE', #2155, #2649, #2848, .T. ) ;
#696 = LINE ( 'NONE', #1363, #2210 ) ;
#697 = DIRECTION ( 'NONE',  ( -1.000000000000000000, -0.000000000000000000, -0.000000000000000000 ) ) ;
#698 = ORIENTED_EDGE ( 'NONE', *, *, #1249, .T. ) ;
#699 = EDGE_LOOP ( 'NONE', ( #1157, #748 ) ) ;
#700 = LINE ( 'NONE', #169, #779 ) ;
#701 = ORIENTED_EDGE ( 'NONE', *, *, #1912, .F. ) ;
#702 = CARTESIAN_POINT ( 'NONE',  ( -52.99999999999999289, -24.99999999999997158, -4.999999999999999112 ) ) ;
#703 = VERTEX_POINT ( 'NONE', #2389 ) ;
#704 = FACE_OUTER_BOUND ( 'NONE', #1106, .T. ) ;
#705 = CARTESIAN_POINT ( 'NONE',  ( -49.99999999999999289, -24.99999999999999645, 5.000000000000000000 ) ) ;
#706 = EDGE_CURVE ( 'NONE', #1806, #2908, #259, .T. ) ;
#707 = VERTEX_POINT ( 'NONE', #1910 ) ;
#708 = CARTESIAN_POINT ( 'NONE',  ( 0.000000000000000000, 0.000000000000000000, 10.00000000000000000 ) ) ;
#709 = DIRECTION ( 'NONE',  ( 0.000000000000000000, -0.8660254037844385966, -0.4999999999999998890 ) ) ;
#710 = DIRECTION ( 'NONE',  ( 0.000000000000000000, 0.000000000000000000, 1.000000000000000000 ) ) ;
#711 = ORIENTED_EDGE ( 'NONE', *, *, #2296, .F. ) ;
#712 = DIRECTION ( 'NONE',  ( 0.000000000000000000, -0.000000000000000000, -1.000000000000000000 ) ) ;
#713 = EDGE_CURVE ( 'NONE', #1746, #317, #2959, .T. ) ;
#714 = DIRECTION ( 'NONE',  ( 1.000000000000000000, -0.000000000000000000, -0.000000000000000000 ) ) ;
#715 = ORIENTED_EDGE ( 'NONE', *, *, #1524, .F. ) ;
#716 = EDGE_CURVE ( 'NONE', #1634, #2654, #40, .T. ) ;
#717 = ORIENTED_EDGE ( 'NONE', *, *, #1295, .F. ) ;
#718 = CARTESIAN_POINT ( 'NONE',  ( -52.99999999999999289, 27.50000000000001066, -3.556624327025931898 ) ) ;
#719 = EDGE_LOOP ( 'NONE', ( #2583, #711, #2377, #50 ) ) ;
#720 = CARTESIAN_POINT ( 'NONE',  ( -52.99999999999999289, -25.00000000000001066, 2.113248654051870012 ) ) ;
#721 = CARTESIAN_POINT ( 'NONE',  ( -49.99999999999998579, -27.50000000000001066, -6.443375672974062773 ) ) ;
#722 = DIRECTION ( 'NONE',  ( 0.000000000000000000, 0.000000000000000000, -1.000000000000000000 ) ) ;
#723 = ORIENTED_EDGE ( 'NONE', *, *, #2692, .F. ) ;
#724 = DIRECTION ( 'NONE',  ( 1.000000000000000000, -0.000000000000000000, 0.000000000000000000 ) ) ;
#725 = CARTESIAN_POINT ( 'NONE',  ( -60.00000000000000711, -24.99999999999997158, -4.999999999999999112 ) ) ;
#726 = EDGE_LOOP ( 'NONE', ( #2383, #407, #2601, #2420 ) ) ;
#727 = EDGE_CURVE ( 'NONE', #1779, #2517, #1715, .T. ) ;
#728 = AXIS2_PLACEMENT_3D ( 'NONE', #1297, #830, #1544 ) ;
#729 = ORIENTED_EDGE ( 'NONE', *, *, #969, .T. ) ;
#730 = AXIS2_PLACEMENT_3D ( 'NONE', #956, #2616, #2388 ) ;
#731 = CARTESIAN_POINT ( 'NONE',  ( 49.99999999999998579, -22.50000000000000355, 3.556624327025939003 ) ) ;
#732 = VECTOR ( 'NONE', #1256, 1000.000000000000000 ) ;
#733 = EDGE_LOOP ( 'NONE', ( #1543, #2727, #1698, #273 ) ) ;
#734 = AXIS2_PLACEMENT_3D ( 'NONE', #1242, #2625, #2183 ) ;
#735 = CYLINDRICAL_SURFACE ( 'NONE', #2662, 1.700000000000000178 ) ;
#736 = DIRECTION ( 'NONE',  ( 0.000000000000000000, 0.8660254037844387076, -0.4999999999999998335 ) ) ;
#737 = PLANE ( 'NONE',  #190 ) ;
#738 = AXIS2_PLACEMENT_3D ( 'NONE', #1616, #1393, #2815 ) ;
#739 = ORIENTED_EDGE ( 'NONE', *, *, #1102, .F. ) ;
#740 = DIRECTION ( 'NONE',  ( 0.000000000000000000, 0.8660254037844383745, 0.5000000000000003331 ) ) ;
#741 = EDGE_CURVE ( 'NONE', #1041, #971, #2409, .T. ) ;
#742 = DIRECTION ( 'NONE',  ( -1.000000000000000000, -0.000000000000000000, -0.000000000000000000 ) ) ;
#743 = ORIENTED_EDGE ( 'NONE', *, *, #2097, .F. ) ;
#744 = EDGE_CURVE ( 'NONE', #1384, #1642, #2277, .T. ) ;
#745 = ORIENTED_EDGE ( 'NONE', *, *, #2833, .F. ) ;
#746 = DIRECTION ( 'NONE',  ( 0.000000000000000000, -0.4999999999999998335, -0.8660254037844387076 ) ) ;
#747 = ADVANCED_FACE ( 'NONE', ( #2738, #2034, #362 ), #812, .F. ) ;
#748 = ORIENTED_EDGE ( 'NONE', *, *, #852, .F. ) ;
#749 = CARTESIAN_POINT ( 'NONE',  ( 52.99999999999999289, 22.50000000000000355, 3.556624327025939003 ) ) ;
#750 = DIRECTION ( 'NONE',  ( 0.000000000000000000, 0.000000000000000000, -1.000000000000000000 ) ) ;
#751 = EDGE_CURVE ( 'NONE', #468, #1779, #81, .T. ) ;
#752 = DIRECTION ( 'NONE',  ( 0.000000000000000000, 0.000000000000000000, -1.000000000000000000 ) ) ;
#753 = ORIENTED_EDGE ( 'NONE', *, *, #2260, .F. ) ;
#754 = CARTESIAN_POINT ( 'NONE',  ( -52.99999999999999289, -22.50000000000000355, -3.556624327025939003 ) ) ;
#755 = CARTESIAN_POINT ( 'NONE',  ( 60.00000000000000000, 24.99999999999997158, -6.699999999999999289 ) ) ;
#756 = LINE ( 'NONE', #2417, #769 ) ;
#757 = ORIENTED_EDGE ( 'NONE', *, *, #1156, .F. ) ;
#758 = DIRECTION ( 'NONE',  ( 1.000000000000000000, -0.000000000000000000, -0.000000000000000000 ) ) ;
#759 = VERTEX_POINT ( 'NONE', #561 ) ;
#760 = FACE_OUTER_BOUND ( 'NONE', #3046, .T. ) ;
#761 = DIRECTION ( 'NONE',  ( 0.000000000000000000, -1.000000000000000000, -0.000000000000000000 ) ) ;
#762 = EDGE_CURVE ( 'NONE', #27, #173, #611, .T. ) ;
#763 = ORIENTED_EDGE ( 'NONE', *, *, #422, .T. ) ;
#764 = CARTESIAN_POINT ( 'NONE',  ( -52.99999999999999289, -25.00000000000000711, -7.886751345948129099 ) ) ;
#765 = CARTESIAN_POINT ( 'NONE',  ( 49.99999999999998579, -24.99999999999999645, -10.00000000000000000 ) ) ;
#766 = PLANE ( 'NONE',  #2663 ) ;
#767 = ORIENTED_EDGE ( 'NONE', *, *, #6, .T. ) ;
#768 = EDGE_LOOP ( 'NONE', ( #2771, #1161, #2572, #2199 ) ) ;
#769 = VECTOR ( 'NONE', #1000, 1000.000000000000000 ) ;
#770 = FACE_OUTER_BOUND ( 'NONE', #490, .T. ) ;
#771 = EDGE_CURVE ( 'NONE', #2485, #1997, #2971, .T. ) ;
#772 = AXIS2_PLACEMENT_3D ( 'NONE', #3033, #2078, #220 ) ;
#773 = ORIENTED_EDGE ( 'NONE', *, *, #2021, .T. ) ;
#774 = DIRECTION ( 'NONE',  ( -1.000000000000000000, -0.000000000000000000, -0.000000000000000000 ) ) ;
#775 = CARTESIAN_POINT ( 'NONE',  ( 49.99999999999998579, 22.50000000000000355, 3.556624327025939003 ) ) ;
#776 = AXIS2_PLACEMENT_3D ( 'NONE', #2947, #2969, #2984 ) ;
#777 = EDGE_CURVE ( 'NONE', #167, #1391, #1968, .T. ) ;
#778 = AXIS2_PLACEMENT_3D ( 'NONE', #2783, #191, #2596 ) ;
#779 = VECTOR ( 'NONE', #1606, 1000.000000000000000 ) ;
#780 = ORIENTED_EDGE ( 'NONE', *, *, #771, .F. ) ;
#781 = DIRECTION ( 'NONE',  ( 0.000000000000000000, 0.000000000000000000, -1.000000000000000000 ) ) ;
#782 = CARTESIAN_POINT ( 'NONE',  ( -52.99999999999999289, 27.50000000000001066, -6.443375672974062773 ) ) ;
#783 = VECTOR ( 'NONE', #1359, 1000.000000000000000 ) ;
#784 = CARTESIAN_POINT ( 'NONE',  ( 49.99999999999998579, -27.50000000000001066, -3.556624327025931898 ) ) ;
#785 = VERTEX_POINT ( 'NONE', #377 ) ;
#786 = VECTOR ( 'NONE', #2737, 1000.000000000000114 ) ;
#787 = EDGE_CURVE ( 'NONE', #2258, #1491, #2474, .T. ) ;
#788 = EDGE_LOOP ( 'NONE', ( #1502, #356 ) ) ;
#789 = DIRECTION ( 'NONE',  ( 0.000000000000000000, -0.8660254037844385966, 0.4999999999999998890 ) ) ;
#790 = EDGE_LOOP ( 'NONE', ( #645, #2427, #120, #14 ) ) ;
#791 = DIRECTION ( 'NONE',  ( -0.000000000000000000, -0.000000000000000000, 1.000000000000000000 ) ) ;
#792 = ADVANCED_FACE ( 'NONE', ( #1494 ), #1081, .T. ) ;
#793 = LINE ( 'NONE', #2500, #2511 ) ;
#794 = CARTESIAN_POINT ( 'NONE',  ( -50.00000000000000711, 19.99999999999998224, 10.00000000000000000 ) ) ;
#795 = VERTEX_POINT ( 'NONE', #1097 ) ;
#796 = CARTESIAN_POINT ( 'NONE',  ( 52.99999999999999289, -25.00000000000000711, 7.886751345948129099 ) ) ;
#797 = DIRECTION ( 'NONE',  ( 0.000000000000000000, -0.8660254037844389297, 0.4999999999999996114 ) ) ;
#798 = CARTESIAN_POINT ( 'NONE',  ( -52.99999999999999289, -22.50000000000000355, 3.556624327025939003 ) ) ;
#799 = ORIENTED_EDGE ( 'NONE', *, *, #513, .T. ) ;
#800 = EDGE_CURVE ( 'NONE', #2546, #493, #2675, .T. ) ;
#801 = LINE ( 'NONE', #865, #2905 ) ;
#802 = VERTEX_POINT ( 'NONE', #784 ) ;
#803 = DIRECTION ( 'NONE',  ( -0.000000000000000000, 0.4999999999999999445, 0.8660254037844387076 ) ) ;
#804 = DIRECTION ( 'NONE',  ( -1.000000000000000000, -0.000000000000000000, -0.000000000000000000 ) ) ;
#805 = CARTESIAN_POINT ( 'NONE',  ( -52.99999999999999289, -24.99999999999997158, 3.299999999999998490 ) ) ;
#806 = ORIENTED_EDGE ( 'NONE', *, *, #1855, .T. ) ;
#807 = CARTESIAN_POINT ( 'NONE',  ( -60.00000000000000000, -30.00000000000000000, 10.00000000000000000 ) ) ;
#808 = CARTESIAN_POINT ( 'NONE',  ( 52.99999999999999289, 25.00000000000001066, -2.113248654051870012 ) ) ;
#809 = ORIENTED_EDGE ( 'NONE', *, *, #744, .T. ) ;
#810 = DIRECTION ( 'NONE',  ( 0.000000000000000000, 2.081668171172168513E-15, -1.000000000000000000 ) ) ;
#811 = FACE_OUTER_BOUND ( 'NONE', #2952, .T. ) ;
#812 = PLANE ( 'NONE',  #36 ) ;
#813 = EDGE_LOOP ( 'NONE', ( #446, #2246, #1687, #1669 ) ) ;
#814 = CARTESIAN_POINT ( 'NONE',  ( -49.99999999999998579, 22.50000000000000355, -6.443375672974059221 ) ) ;
#815 = ORIENTED_EDGE ( 'NONE', *, *, #2728, .T. ) ;
#816 = EDGE_CURVE ( 'NONE', #167, #95, #2949, .T. ) ;
#817 = CARTESIAN_POINT ( 'NONE',  ( -52.99999999999999289, 25.00000000000001066, 2.113248654051870012 ) ) ;
#818 = DIRECTION ( 'NONE',  ( 0.000000000000000000, -0.8660254037844387076, -0.4999999999999998335 ) ) ;
#819 = ORIENTED_EDGE ( 'NONE', *, *, #2670, .T. ) ;
#820 = FACE_OUTER_BOUND ( 'NONE', #1876, .T. ) ;
#821 = VECTOR ( 'NONE', #1559, 1000.000000000000000 ) ;
#822 = ORIENTED_EDGE ( 'NONE', *, *, #2718, .F. ) ;
#823 = AXIS2_PLACEMENT_3D ( 'NONE', #2413, #38, #545 ) ;
#824 = PLANE ( 'NONE',  #3050 ) ;
#825 = DIRECTION ( 'NONE',  ( 1.000000000000000000, -0.000000000000000000, -0.000000000000000000 ) ) ;
#826 = AXIS2_PLACEMENT_3D ( 'NONE', #510, #2650, #1730 ) ;
#827 = CIRCLE ( 'NONE', #2570, 1.700000000000000178 ) ;
#828 = DIRECTION ( 'NONE',  ( -1.000000000000000000, 0.000000000000000000, 0.000000000000000000 ) ) ;
#829 = EDGE_LOOP ( 'NONE', ( #1862, #1269, #392, #429, #886, #936 ) ) ;
#830 = DIRECTION ( 'NONE',  ( -1.000000000000000000, 0.000000000000000000, 0.000000000000000000 ) ) ;
#831 = EDGE_CURVE ( 'NONE', #1123, #2745, #139, .T. ) ;
#832 = LINE ( 'NONE', #1778, #1273 ) ;
#833 = VECTOR ( 'NONE', #2385, 1000.000000000000114 ) ;
#834 = ORIENTED_EDGE ( 'NONE', *, *, #2142, .F. ) ;
#835 = CARTESIAN_POINT ( 'NONE',  ( -49.99999999999998579, -27.50000000000001066, -6.443375672974062773 ) ) ;
#836 = DIRECTION ( 'NONE',  ( 0.000000000000000000, -0.4999999999999999445, -0.8660254037844387076 ) ) ;
#837 = VERTEX_POINT ( 'NONE', #2018 ) ;
#838 = CARTESIAN_POINT ( 'NONE',  ( 52.99999999999999289, 22.50000000000000355, 3.556624327025939003 ) ) ;
#839 = CARTESIAN_POINT ( 'NONE',  ( -49.99999999999998579, 22.50000000000000355, 3.556624327025939003 ) ) ;
#840 = EDGE_CURVE ( 'NONE', #1068, #3015, #846, .T. ) ;
#841 = ORIENTED_EDGE ( 'NONE', *, *, #23, .F. ) ;
#842 = ORIENTED_EDGE ( 'NONE', *, *, #445, .F. ) ;
#843 = CARTESIAN_POINT ( 'NONE',  ( 60.00000000000000000, 30.00000000000000000, 10.00000000000000000 ) ) ;
#844 = EDGE_CURVE ( 'NONE', #795, #2517, #1029, .T. ) ;
#845 = CARTESIAN_POINT ( 'NONE',  ( 52.99999999999999289, 27.50000000000001066, 3.556624327025931898 ) ) ;
#846 = LINE ( 'NONE', #1262, #1613 ) ;
#847 = VERTEX_POINT ( 'NONE', #798 ) ;
#848 = DIRECTION ( 'NONE',  ( -1.000000000000000000, -0.000000000000000000, -0.000000000000000000 ) ) ;
#849 = DIRECTION ( 'NONE',  ( 0.000000000000000000, 0.8660254037844387076, -0.4999999999999998335 ) ) ;
#850 = ORIENTED_EDGE ( 'NONE', *, *, #1437, .T. ) ;
#851 = EDGE_CURVE ( 'NONE', #759, #873, #1067, .T. ) ;
#852 = EDGE_CURVE ( 'NONE', #1391, #15, #2455, .T. ) ;
#853 = CARTESIAN_POINT ( 'NONE',  ( 49.99999999999999289, -19.99999999999999645, -10.00000000000000000 ) ) ;
#854 = DIRECTION ( 'NONE',  ( -1.000000000000000000, -1.040834085586084257E-16, 0.000000000000000000 ) ) ;
#855 = ORIENTED_EDGE ( 'NONE', *, *, #831, .T. ) ;
#856 = CARTESIAN_POINT ( 'NONE',  ( 52.99999999999999289, 27.50000000000001066, -3.556624327025931898 ) ) ;
#857 = DIRECTION ( 'NONE',  ( 0.000000000000000000, 0.000000000000000000, 1.000000000000000000 ) ) ;
#858 = EDGE_LOOP ( 'NONE', ( #2661, #553, #2394, #2989 ) ) ;
#859 = EDGE_CURVE ( 'NONE', #1911, #847, #1839, .T. ) ;
#860 = DIRECTION ( 'NONE',  ( 0.000000000000000000, 0.000000000000000000, -1.000000000000000000 ) ) ;
#861 = FACE_OUTER_BOUND ( 'NONE', #327, .T. ) ;
#862 = PLANE ( 'NONE',  #235 ) ;
#863 = VERTEX_POINT ( 'NONE', #458 ) ;
#864 = LINE ( 'NONE', #1777, #1375 ) ;
#865 = CARTESIAN_POINT ( 'NONE',  ( -52.99999999999999289, -25.00000000000000711, 7.886751345948129099 ) ) ;
#866 = ORIENTED_EDGE ( 'NONE', *, *, #1030, .T. ) ;
#867 = CARTESIAN_POINT ( 'NONE',  ( 52.99999999999999289, -25.00000000000000711, -7.886751345948129099 ) ) ;
#868 = FACE_OUTER_BOUND ( 'NONE', #47, .T. ) ;
#869 = ORIENTED_EDGE ( 'NONE', *, *, #216, .T. ) ;
#870 = DIRECTION ( 'NONE',  ( 0.000000000000000000, -0.8660254037844383745, 0.5000000000000003331 ) ) ;
#871 = CARTESIAN_POINT ( 'NONE',  ( 52.99999999999999289, -22.50000000000000355, -6.443375672974059221 ) ) ;
#872 = EDGE_CURVE ( 'NONE', #173, #1997, #663, .T. ) ;
#873 = VERTEX_POINT ( 'NONE', #907 ) ;
#874 = PLANE ( 'NONE',  #776 ) ;
#875 = DIRECTION ( 'NONE',  ( 1.000000000000000000, -0.000000000000000000, -0.000000000000000000 ) ) ;
#876 = VECTOR ( 'NONE', #2717, 1000.000000000000000 ) ;
#877 = EDGE_CURVE ( 'NONE', #1614, #641, #1424, .T. ) ;
#878 = DIRECTION ( 'NONE',  ( 0.000000000000000000, 0.000000000000000000, 1.000000000000000000 ) ) ;
#879 = AXIS2_PLACEMENT_3D ( 'NONE', #2357, #1885, #712 ) ;
#880 = VERTEX_POINT ( 'NONE', #2342 ) ;
#881 = DIRECTION ( 'NONE',  ( -0.000000000000000000, -1.000000000000000000, -0.000000000000000000 ) ) ;
#882 = VECTOR ( 'NONE', #905, 1000.000000000000000 ) ;
#883 = AXIS2_PLACEMENT_3D ( 'NONE', #2230, #836, #158 ) ;
#884 = ADVANCED_FACE ( 'NONE', ( #225 ), #862, .F. ) ;
#885 = DIRECTION ( 'NONE',  ( 0.000000000000000000, 0.8660254037844383745, -0.5000000000000003331 ) ) ;
#886 = ORIENTED_EDGE ( 'NONE', *, *, #2002, .T. ) ;
#887 = VECTOR ( 'NONE', #217, 1000.000000000000000 ) ;
#888 = DIRECTION ( 'NONE',  ( 0.000000000000000000, 0.8660254037844385966, 0.4999999999999998890 ) ) ;
#889 = ADVANCED_FACE ( 'NONE', ( #2310 ), #2555, .T. ) ;
#890 = VECTOR ( 'NONE', #1583, 1000.000000000000000 ) ;
#891 = CARTESIAN_POINT ( 'NONE',  ( 52.99999999999999289, 22.50000000000000355, 3.556624327025939003 ) ) ;
#892 = EDGE_CURVE ( 'NONE', #2299, #785, #2327, .T. ) ;
#893 = EDGE_LOOP ( 'NONE', ( #2876, #416, #2482, #548 ) ) ;
#894 = CARTESIAN_POINT ( 'NONE',  ( 49.99999999999998579, 30.00000000000000000, -10.00000000000000000 ) ) ;
#895 = CARTESIAN_POINT ( 'NONE',  ( -52.99999999999999289, 27.50000000000001066, 6.443375672974062773 ) ) ;
#896 = ORIENTED_EDGE ( 'NONE', *, *, #1556, .T. ) ;
#897 = SURFACE_STYLE_FILL_AREA ( #11 ) ;
#898 = CARTESIAN_POINT ( 'NONE',  ( -52.99999999999999289, -22.50000000000000355, -3.556624327025939003 ) ) ;
#899 = VERTEX_POINT ( 'NONE', #398 ) ;
#900 = ADVANCED_FACE ( 'NONE', ( #166 ), #1113, .F. ) ;
#901 = PLANE ( 'NONE',  #141 ) ;
#902 = ORIENTED_EDGE ( 'NONE', *, *, #496, .T. ) ;
#903 = FACE_OUTER_BOUND ( 'NONE', #55, .T. ) ;
#904 = ORIENTED_EDGE ( 'NONE', *, *, #2653, .F. ) ;
#905 = DIRECTION ( 'NONE',  ( 1.000000000000000000, -0.000000000000000000, -0.000000000000000000 ) ) ;
#906 = CARTESIAN_POINT ( 'NONE',  ( -49.99999999999998579, 25.00000000000001066, -2.113248654051870012 ) ) ;
#907 = CARTESIAN_POINT ( 'NONE',  ( 60.00000000000000000, 24.99999999999999289, 10.00000000000000000 ) ) ;
#908 = ORIENTED_EDGE ( 'NONE', *, *, #2058, .F. ) ;
#909 =( LENGTH_UNIT ( ) NAMED_UNIT ( * ) SI_UNIT ( .MILLI., .METRE. ) );
#910 = CARTESIAN_POINT ( 'NONE',  ( -52.99999999999999289, -22.50000000000000355, -6.443375672974059221 ) ) ;
#911 = VERTEX_POINT ( 'NONE', #1823 ) ;
#912 = CARTESIAN_POINT ( 'NONE',  ( 52.99999999999999289, 25.00000000000001066, 2.113248654051870012 ) ) ;
#913 = EDGE_CURVE ( 'NONE', #2588, #967, #2775, .T. ) ;
#914 = DIRECTION ( 'NONE',  ( 0.000000000000000000, 0.000000000000000000, -1.000000000000000000 ) ) ;
#915 = FACE_OUTER_BOUND ( 'NONE', #719, .T. ) ;
#916 = ORIENTED_EDGE ( 'NONE', *, *, #1930, .T. ) ;
#917 = DIRECTION ( 'NONE',  ( -1.000000000000000000, -0.000000000000000000, -0.000000000000000000 ) ) ;
#918 = DIRECTION ( 'NONE',  ( 1.000000000000000000, -0.000000000000000000, -0.000000000000000000 ) ) ;
#919 = DIRECTION ( 'NONE',  ( -1.000000000000000000, 0.000000000000000000, 0.000000000000000000 ) ) ;
#920 = ORIENTED_EDGE ( 'NONE', *, *, #844, .T. ) ;
#921 = AXIS2_PLACEMENT_3D ( 'NONE', #3002, #2778, #885 ) ;
#922 = CARTESIAN_POINT ( 'NONE',  ( -49.99999999999998579, -22.50000000000000355, 3.556624327025939003 ) ) ;
#923 = VECTOR ( 'NONE', #371, 1000.000000000000000 ) ;
#924 = CARTESIAN_POINT ( 'NONE',  ( 49.99999999999998579, -25.00000000000000711, 7.886751345948129099 ) ) ;
#925 = EDGE_LOOP ( 'NONE', ( #2398, #1595, #1457, #1727 ) ) ;
#926 = ADVANCED_FACE ( 'NONE', ( #2929 ), #2484, .T. ) ;
#927 = AXIS2_PLACEMENT_3D ( 'NONE', #2557, #227, #1206 ) ;
#928 = PLANE ( 'NONE',  #1521 ) ;
#929 = CIRCLE ( 'NONE', #187, 1.700000000000000178 ) ;
#930 = VECTOR ( 'NONE', #498, 1000.000000000000114 ) ;
#931 = VERTEX_POINT ( 'NONE', #1271 ) ;
#932 = VECTOR ( 'NONE', #475, 1000.000000000000000 ) ;
#933 = CARTESIAN_POINT ( 'NONE',  ( 52.99999999999998579, -24.99999999999997158, -6.699999999999999289 ) ) ;
#934 = VECTOR ( 'NONE', #2282, 1000.000000000000114 ) ;
#935 = VECTOR ( 'NONE', #31, 1000.000000000000000 ) ;
#936 = ORIENTED_EDGE ( 'NONE', *, *, #2936, .T. ) ;
#937 = DIRECTION ( 'NONE',  ( 0.000000000000000000, 0.000000000000000000, 1.000000000000000000 ) ) ;
#938 = PLANE ( 'NONE',  #738 ) ;
#939 = EDGE_CURVE ( 'NONE', #1801, #1776, #1991, .T. ) ;
#940 = VERTEX_POINT ( 'NONE', #2269 ) ;
#941 = EDGE_CURVE ( 'NONE', #1419, #1733, #606, .T. ) ;
#942 = ORIENTED_EDGE ( 'NONE', *, *, #2883, .T. ) ;
#943 = CARTESIAN_POINT ( 'NONE',  ( -52.99999999999999289, -27.50000000000001066, -6.443375672974062773 ) ) ;
#944 = FACE_OUTER_BOUND ( 'NONE', #604, .T. ) ;
#945 = ORIENTED_EDGE ( 'NONE', *, *, #615, .F. ) ;
#946 = DIRECTION ( 'NONE',  ( 0.000000000000000000, 0.000000000000000000, -1.000000000000000000 ) ) ;
#947 = ORIENTED_EDGE ( 'NONE', *, *, #727, .T. ) ;
#948 = CARTESIAN_POINT ( 'NONE',  ( 49.99999999999998579, 22.50000000000000355, -6.443375672974059221 ) ) ;
#949 = UNCERTAINTY_MEASURE_WITH_UNIT (LENGTH_MEASURE( 1.000000000000000082E-05 ), #909, 'distance_accuracy_value', 'NONE');
#950 = ORIENTED_EDGE ( 'NONE', *, *, #2760, .F. ) ;
#951 = LINE ( 'NONE', #454, #1819 ) ;
#952 = CARTESIAN_POINT ( 'NONE',  ( -49.99999999999999289, -19.99999999999999645, -10.00000000000000000 ) ) ;
#953 = CARTESIAN_POINT ( 'NONE',  ( -52.99999999999999289, 22.50000000000000355, -3.556624327025939003 ) ) ;
#954 = EDGE_CURVE ( 'NONE', #2228, #1806, #1767, .T. ) ;
#955 = ORIENTED_EDGE ( 'NONE', *, *, #1507, .F. ) ;
#956 = CARTESIAN_POINT ( 'NONE',  ( -60.00000000000000000, 24.99999999999999645, -4.999999999999999112 ) ) ;
#957 = CARTESIAN_POINT ( 'NONE',  ( 60.00000000000000000, 24.99999999999997158, -6.699999999999999289 ) ) ;
#958 = ORIENTED_EDGE ( 'NONE', *, *, #2819, .T. ) ;
#959 = PLANE ( 'NONE',  #2318 ) ;
#960 = ORIENTED_EDGE ( 'NONE', *, *, #1912, .T. ) ;
#961 = LINE ( 'NONE', #948, #982 ) ;
#962 = ORIENTED_EDGE ( 'NONE', *, *, #233, .T. ) ;
#963 = CARTESIAN_POINT ( 'NONE',  ( -52.99999999999999289, -22.50000000000000355, 6.443375672974059221 ) ) ;
#964 = ADVANCED_FACE ( 'NONE', ( #591 ), #1053, .F. ) ;
#965 = FACE_OUTER_BOUND ( 'NONE', #2999, .T. ) ;
#966 = CARTESIAN_POINT ( 'NONE',  ( -49.99999999999998579, -25.00000000000000711, 7.886751345948129099 ) ) ;
#967 = VERTEX_POINT ( 'NONE', #93 ) ;
#968 = CARTESIAN_POINT ( 'NONE',  ( 49.99999999999998579, -22.50000000000000355, 6.443375672974059221 ) ) ;
#969 = EDGE_CURVE ( 'NONE', #2300, #314, #2747, .T. ) ;
#970 = DIRECTION ( 'NONE',  ( 1.000000000000000000, -0.000000000000000000, -0.000000000000000000 ) ) ;
#971 = VERTEX_POINT ( 'NONE', #623 ) ;
#972 = EDGE_CURVE ( 'NONE', #1680, #2642, #1289, .T. ) ;
#973 = VECTOR ( 'NONE', #1517, 1000.000000000000000 ) ;
#974 = CARTESIAN_POINT ( 'NONE',  ( -60.00000000000000000, -30.00000000000000000, 10.00000000000000000 ) ) ;
#975 = ORIENTED_EDGE ( 'NONE', *, *, #1568, .T. ) ;
#976 = AXIS2_PLACEMENT_3D ( 'NONE', #1203, #1906, #2129 ) ;
#977 = EDGE_CURVE ( 'NONE', #2228, #2742, #1537, .T. ) ;
#978 = CARTESIAN_POINT ( 'NONE',  ( -52.99999999999999289, 25.00000000000000711, 7.886751345948129099 ) ) ;
#979 = AXIS2_PLACEMENT_3D ( 'NONE', #2062, #2352, #2324 ) ;
#980 = VECTOR ( 'NONE', #2053, 1000.000000000000000 ) ;
#981 = ORIENTED_EDGE ( 'NONE', *, *, #2803, .T. ) ;
#982 = VECTOR ( 'NONE', #481, 1000.000000000000000 ) ;
#983 = FACE_BOUND ( 'NONE', #1117, .T. ) ;
#984 = CARTESIAN_POINT ( 'NONE',  ( -52.99999999999999289, -22.50000000000000355, 6.443375672974059221 ) ) ;
#985 = CARTESIAN_POINT ( 'NONE',  ( 60.00000000000000000, -30.00000000000000000, -10.00000000000000000 ) ) ;
#986 = CIRCLE ( 'NONE', #290, 1.700000000000000178 ) ;
#987 = ORIENTED_EDGE ( 'NONE', *, *, #2071, .F. ) ;
#988 = CARTESIAN_POINT ( 'NONE',  ( -52.99999999999999289, -27.50000000000001066, 6.443375672974062773 ) ) ;
#989 = CARTESIAN_POINT ( 'NONE',  ( -52.99999999999999289, 25.00000000000001066, 2.113248654051870012 ) ) ;
#990 = ORIENTED_EDGE ( 'NONE', *, *, #771, .T. ) ;
#991 = ORIENTED_EDGE ( 'NONE', *, *, #1586, .T. ) ;
#992 = EDGE_CURVE ( 'NONE', #1419, #2691, #344, .T. ) ;
#993 = DIRECTION ( 'NONE',  ( 0.000000000000000000, -0.8660254037844383745, -0.5000000000000003331 ) ) ;
#994 = ORIENTED_EDGE ( 'NONE', *, *, #1219, .F. ) ;
#995 = CARTESIAN_POINT ( 'NONE',  ( 60.00000000000000000, -30.00000000000000000, 10.00000000000000000 ) ) ;
#996 = DIRECTION ( 'NONE',  ( -1.000000000000000000, 0.000000000000000000, -0.000000000000000000 ) ) ;
#997 = ORIENTED_EDGE ( 'NONE', *, *, #1934, .T. ) ;
#998 = LINE ( 'NONE', #1026, #1326 ) ;
#999 = DIRECTION ( 'NONE',  ( 0.000000000000000000, -0.000000000000000000, 1.000000000000000000 ) ) ;
#1000 = DIRECTION ( 'NONE',  ( 0.000000000000000000, 0.000000000000000000, 1.000000000000000000 ) ) ;
#1001 = EDGE_LOOP ( 'NONE', ( #1312, #453, #2460, #2167, #63, #2008 ) ) ;
#1002 = EDGE_CURVE ( 'NONE', #1818, #1528, #1469, .T. ) ;
#1003 = VERTEX_POINT ( 'NONE', #108 ) ;
#1004 = LINE ( 'NONE', #978, #1135 ) ;
#1005 = EDGE_CURVE ( 'NONE', #1209, #1138, #793, .T. ) ;
#1006 = VERTEX_POINT ( 'NONE', #1070 ) ;
#1007 = CARTESIAN_POINT ( 'NONE',  ( -49.99999999999998579, -22.50000000000000355, 3.556624327025939003 ) ) ;
#1008 = DIRECTION ( 'NONE',  ( 0.000000000000000000, 0.8660254037844388186, 0.4999999999999996114 ) ) ;
#1009 = ORIENTED_EDGE ( 'NONE', *, *, #1414, .F. ) ;
#1010 = DIRECTION ( 'NONE',  ( 0.000000000000000000, 0.5000000000000004441, -0.8660254037844384856 ) ) ;
#1011 = CARTESIAN_POINT ( 'NONE',  ( 49.99999999999998579, 19.99999999999999289, -10.00000000000000000 ) ) ;
#1012 = CARTESIAN_POINT ( 'NONE',  ( 49.99999999999999289, -19.99999999999999645, 10.00000000000000000 ) ) ;
#1013 = EDGE_LOOP ( 'NONE', ( #1048, #687, #1804, #1358 ) ) ;
#1014 = ORIENTED_EDGE ( 'NONE', *, *, #2640, .T. ) ;
#1015 = EDGE_CURVE ( 'NONE', #1334, #1919, #1961, .T. ) ;
#1016 = VECTOR ( 'NONE', #2036, 1000.000000000000000 ) ;
#1017 = CARTESIAN_POINT ( 'NONE',  ( 49.99999999999998579, 27.50000000000001066, 3.556624327025931898 ) ) ;
#1018 = AXIS2_PLACEMENT_3D ( 'NONE', #1795, #1302, #1104 ) ;
#1019 = VERTEX_POINT ( 'NONE', #839 ) ;
#1020 = DIRECTION ( 'NONE',  ( 0.000000000000000000, 0.000000000000000000, -1.000000000000000000 ) ) ;
#1021 = VECTOR ( 'NONE', #1787, 1000.000000000000000 ) ;
#1022 = AXIS2_PLACEMENT_3D ( 'NONE', #256, #471, #1191 ) ;
#1023 = AXIS2_PLACEMENT_3D ( 'NONE', #1142, #2081, #3013 ) ;
#1024 = ORIENTED_EDGE ( 'NONE', *, *, #2392, .F. ) ;
#1025 = EDGE_CURVE ( 'NONE', #213, #369, #146, .T. ) ;
#1026 = CARTESIAN_POINT ( 'NONE',  ( -52.99999999999999289, -22.50000000000000355, -6.443375672974059221 ) ) ;
#1027 = LINE ( 'NONE', #331, #2774 ) ;
#1028 = VECTOR ( 'NONE', #1891, 1000.000000000000114 ) ;
#1029 = LINE ( 'NONE', #1775, #1999 ) ;
#1030 = EDGE_CURVE ( 'NONE', #2742, #2908, #2288, .T. ) ;
#1031 = ORIENTED_EDGE ( 'NONE', *, *, #2311, .T. ) ;
#1032 = VECTOR ( 'NONE', #2453, 1000.000000000000000 ) ;
#1033 = CARTESIAN_POINT ( 'NONE',  ( -52.99999999999999289, -27.50000000000001066, 3.556624327025931898 ) ) ;
#1034 = ORIENTED_EDGE ( 'NONE', *, *, #992, .T. ) ;
#1035 = PLANE ( 'NONE',  #1126 ) ;
#1036 = PLANE ( 'NONE',  #2216 ) ;
#1037 = FACE_OUTER_BOUND ( 'NONE', #260, .T. ) ;
#1038 = ORIENTED_EDGE ( 'NONE', *, *, #1899, .T. ) ;
#1039 = DIRECTION ( 'NONE',  ( 1.000000000000000000, 0.000000000000000000, 0.000000000000000000 ) ) ;
#1040 = LINE ( 'NONE', #2581, #477 ) ;
#1041 = VERTEX_POINT ( 'NONE', #323 ) ;
#1042 = FACE_BOUND ( 'NONE', #1368, .T. ) ;
#1043 = DIRECTION ( 'NONE',  ( 1.000000000000000000, -0.000000000000000000, -0.000000000000000000 ) ) ;
#1044 = EDGE_CURVE ( 'NONE', #1733, #2300, #1040, .T. ) ;
#1045 = DIRECTION ( 'NONE',  ( 0.000000000000000000, -0.8660254037844387076, 0.4999999999999998335 ) ) ;
#1046 = EDGE_LOOP ( 'NONE', ( #2615, #715, #572, #2242 ) ) ;
#1047 = CARTESIAN_POINT ( 'NONE',  ( -49.99999999999999289, -19.99999999999999645, 10.00000000000000000 ) ) ;
#1048 = ORIENTED_EDGE ( 'NONE', *, *, #2002, .F. ) ;
#1049 = LINE ( 'NONE', #1987, #1873 ) ;
#1050 = CARTESIAN_POINT ( 'NONE',  ( -60.00000000000000711, -24.99999999999997158, -3.299999999999998490 ) ) ;
#1051 = ORIENTED_EDGE ( 'NONE', *, *, #2842, .T. ) ;
#1052 = DIRECTION ( 'NONE',  ( 0.000000000000000000, 0.5000000000000004441, 0.8660254037844384856 ) ) ;
#1053 = PLANE ( 'NONE',  #1952 ) ;
#1054 = EDGE_CURVE ( 'NONE', #45, #1983, #452, .T. ) ;
#1055 = ORIENTED_EDGE ( 'NONE', *, *, #1405, .F. ) ;
#1056 = CARTESIAN_POINT ( 'NONE',  ( -60.00000000000000000, -30.00000000000000000, 10.00000000000000000 ) ) ;
#1057 = CARTESIAN_POINT ( 'NONE',  ( 0.000000000000000000, 0.000000000000000000, -10.00000000000000000 ) ) ;
#1058 = CARTESIAN_POINT ( 'NONE',  ( 60.00000000000000000, 24.99999999999997158, -4.999999999999999112 ) ) ;
#1059 = ORIENTED_EDGE ( 'NONE', *, *, #1638, .T. ) ;
#1060 = FACE_OUTER_BOUND ( 'NONE', #2968, .T. ) ;
#1061 = DIRECTION ( 'NONE',  ( -1.000000000000000000, -0.000000000000000000, -0.000000000000000000 ) ) ;
#1062 = ORIENTED_EDGE ( 'NONE', *, *, #2165, .F. ) ;
#1063 = ADVANCED_FACE ( 'NONE', ( #915 ), #1140, .F. ) ;
#1064 = LINE ( 'NONE', #2024, #2817 ) ;
#1065 = CARTESIAN_POINT ( 'NONE',  ( 49.99999999999998579, 27.50000000000001066, -6.443375672974062773 ) ) ;
#1066 = EDGE_CURVE ( 'NONE', #2695, #785, #2412, .T. ) ;
#1067 = CIRCLE ( 'NONE', #2608, 5.000000000000000000 ) ;
#1068 = VERTEX_POINT ( 'NONE', #2338 ) ;
#1069 = CARTESIAN_POINT ( 'NONE',  ( -60.00000000000000000, -24.99999999999999645, 10.00000000000000000 ) ) ;
#1070 = CARTESIAN_POINT ( 'NONE',  ( -52.99999999999999289, -25.00000000000001066, 2.113248654051870012 ) ) ;
#1071 = VECTOR ( 'NONE', #2697, 1000.000000000000000 ) ;
#1072 = PRODUCT_DEFINITION_SHAPE ( 'NONE', 'NONE',  #2860 ) ;
#1073 = ORIENTED_EDGE ( 'NONE', *, *, #1848, .T. ) ;
#1074 = VECTOR ( 'NONE', #1523, 1000.000000000000000 ) ;
#1075 = CARTESIAN_POINT ( 'NONE',  ( -49.99999999999998579, 22.50000000000000355, 6.443375672974059221 ) ) ;
#1076 = CLOSED_SHELL ( 'NONE', ( #136, #1762, #228, #1696, #1845, #2168, #43, #387, #2527, #747, #2982, #1850, #58, #689, #1186, #900, #1582, #1078, #2870, #1945, #2066, #2920, #1880, #1887, #2079, #1969, #1147, #1254, #3049, #1166, #2594, #2075, #1200, #2705, #560, #889, #1827, #1314, #926, #154, #2532, #1174, #2770, #2721, #1298, #884, #99, #1520, #2544, #2087, #101, #1361, #672, #1957, #549, #1978, #2618, #2481, #1486, #1212, #964, #1552, #2328, #2237, #2893, #73, #53, #1463, #2851, #2930, #2195, #2907, #2780, #1063, #2249, #202, #1971, #3026, #1476, #1372, #1512, #2032, #1497, #517, #3031, #128, #1753, #792, #1120, #2364, #1653, #2128, #268, #3034, #177, #2182 ) ) ;
#1077 = CARTESIAN_POINT ( 'NONE',  ( -49.99999999999999289, 0.000000000000000000, 10.00000000000000000 ) ) ;
#1078 = ADVANCED_FACE ( 'NONE', ( #691 ), #1816, .F. ) ;
#1079 = AXIS2_PLACEMENT_3D ( 'NONE', #807, #1039, #2027 ) ;
#1080 = VECTOR ( 'NONE', #2203, 1000.000000000000114 ) ;
#1081 = PLANE ( 'NONE',  #2520 ) ;
#1082 = ORIENTED_EDGE ( 'NONE', *, *, #2567, .F. ) ;
#1083 = CARTESIAN_POINT ( 'NONE',  ( 49.99999999999998579, 24.99999999999999645, 10.00000000000000000 ) ) ;
#1084 = VECTOR ( 'NONE', #354, 1000.000000000000114 ) ;
#1085 = LINE ( 'NONE', #814, #2007 ) ;
#1086 = CIRCLE ( 'NONE', #2868, 1.700000000000000178 ) ;
#1087 = ORIENTED_EDGE ( 'NONE', *, *, #872, .F. ) ;
#1088 = FACE_OUTER_BOUND ( 'NONE', #5, .T. ) ;
#1089 = DIRECTION ( 'NONE',  ( 1.000000000000000000, -6.938893903907227392E-16, -0.000000000000000000 ) ) ;
#1090 = EDGE_CURVE ( 'NONE', #317, #1746, #182, .T. ) ;
#1091 = ORIENTED_EDGE ( 'NONE', *, *, #877, .F. ) ;
#1092 = DIRECTION ( 'NONE',  ( 0.000000000000000000, -1.000000000000000000, -0.000000000000000000 ) ) ;
#1093 = DIRECTION ( 'NONE',  ( -1.000000000000000000, -0.000000000000000000, -0.000000000000000000 ) ) ;
#1094 = ORIENTED_EDGE ( 'NONE', *, *, #2097, .T. ) ;
#1095 = CARTESIAN_POINT ( 'NONE',  ( 52.99999999999999289, -27.50000000000001066, -3.556624327025931898 ) ) ;
#1096 = LINE ( 'NONE', #1293, #2220 ) ;
#1097 = CARTESIAN_POINT ( 'NONE',  ( 60.00000000000000000, -24.99999999999997158, 6.699999999999999289 ) ) ;
#1098 = ORIENTED_EDGE ( 'NONE', *, *, #656, .F. ) ;
#1099 = CARTESIAN_POINT ( 'NONE',  ( 49.99999999999998579, -27.50000000000001066, -6.443375672974062773 ) ) ;
#1100 = DIRECTION ( 'NONE',  ( 0.000000000000000000, 0.8660254037844385966, 0.4999999999999999445 ) ) ;
#1101 = EDGE_LOOP ( 'NONE', ( #1553, #1549, #295, #505 ) ) ;
#1102 = EDGE_CURVE ( 'NONE', #2554, #620, #2350, .T. ) ;
#1103 = DIRECTION ( 'NONE',  ( 1.000000000000000000, -0.000000000000000000, -0.000000000000000000 ) ) ;
#1104 = DIRECTION ( 'NONE',  ( 0.000000000000000000, 0.000000000000000000, 1.000000000000000000 ) ) ;
#1105 = CARTESIAN_POINT ( 'NONE',  ( -52.99999999999999289, -24.99999999999997158, -6.699999999999999289 ) ) ;
#1106 = EDGE_LOOP ( 'NONE', ( #822, #410, #1644, #1684 ) ) ;
#1107 = CARTESIAN_POINT ( 'NONE',  ( 49.99999999999999289, -25.00000000000000711, 7.886751345948135317 ) ) ;
#1108 = CARTESIAN_POINT ( 'NONE',  ( -49.99999999999998579, 22.50000000000000355, -3.556624327025939003 ) ) ;
#1109 = EDGE_CURVE ( 'NONE', #2845, #2852, #161, .T. ) ;
#1110 = ORIENTED_EDGE ( 'NONE', *, *, #2158, .T. ) ;
#1111 = FACE_OUTER_BOUND ( 'NONE', #1114, .T. ) ;
#1112 = CARTESIAN_POINT ( 'NONE',  ( -52.99999999999999289, 27.50000000000001066, 3.556624327025931898 ) ) ;
#1113 = CYLINDRICAL_SURFACE ( 'NONE', #1865, 1.700000000000000178 ) ;
#1114 = EDGE_LOOP ( 'NONE', ( #1434, #1153, #1951, #869, #2046, #2315 ) ) ;
#1115 = PLANE ( 'NONE',  #2951 ) ;
#1116 = CARTESIAN_POINT ( 'NONE',  ( 49.99999999999998579, 30.00000000000000000, -4.999999999999999112 ) ) ;
#1117 = EDGE_LOOP ( 'NONE', ( #391, #463 ) ) ;
#1118 = DIRECTION ( 'NONE',  ( 0.000000000000000000, 0.4999999999999999445, -0.8660254037844387076 ) ) ;
#1119 = CARTESIAN_POINT ( 'NONE',  ( 50.00000000000000711, -3.469446951953614189E-14, 10.00000000000000000 ) ) ;
#1120 = ADVANCED_FACE ( 'NONE', ( #1360, #1834 ), #658, .T. ) ;
#1121 = ORIENTED_EDGE ( 'NONE', *, *, #242, .T. ) ;
#1122 = LINE ( 'NONE', #671, #485 ) ;
#1123 = VERTEX_POINT ( 'NONE', #192 ) ;
#1124 = DIRECTION ( 'NONE',  ( -1.000000000000000000, -0.000000000000000000, -0.000000000000000000 ) ) ;
#1125 = CARTESIAN_POINT ( 'NONE',  ( 49.99999999999998579, -27.50000000000001066, -6.443375672974062773 ) ) ;
#1126 = AXIS2_PLACEMENT_3D ( 'NONE', #1307, #2259, #2020 ) ;
#1127 = EDGE_CURVE ( 'NONE', #468, #795, #1908, .T. ) ;
#1128 = COLOUR_RGB ( '',0.7921568627450980005, 0.8196078431372548767, 0.9333333333333333481 ) ;
#1129 = EDGE_LOOP ( 'NONE', ( #1683, #994, #2676, #991 ) ) ;
#1130 = DIRECTION ( 'NONE',  ( -1.000000000000000000, 0.000000000000000000, -0.000000000000000000 ) ) ;
#1131 = CIRCLE ( 'NONE', #1714, 5.000000000000000888 ) ;
#1132 = AXIS2_PLACEMENT_3D ( 'NONE', #500, #2397, #752 ) ;
#1133 = CARTESIAN_POINT ( 'NONE',  ( -52.99999999999999289, 22.50000000000000355, -6.443375672974059221 ) ) ;
#1134 = ORIENTED_EDGE ( 'NONE', *, *, #2900, .F. ) ;
#1135 = VECTOR ( 'NONE', #993, 1000.000000000000114 ) ;
#1136 = CARTESIAN_POINT ( 'NONE',  ( 49.99999999999998579, 25.00000000000000711, -7.886751345948129099 ) ) ;
#1137 = VECTOR ( 'NONE', #2722, 1000.000000000000000 ) ;
#1138 = VERTEX_POINT ( 'NONE', #3022 ) ;
#1139 = LINE ( 'NONE', #2123, #1959 ) ;
#1140 = PLANE ( 'NONE',  #1510 ) ;
#1141 = ORIENTED_EDGE ( 'NONE', *, *, #2711, .F. ) ;
#1142 = CARTESIAN_POINT ( 'NONE',  ( 60.00000000000000000, 24.99999999999997158, -4.999999999999999112 ) ) ;
#1143 = CARTESIAN_POINT ( 'NONE',  ( 52.99999999999999289, -27.50000000000001066, 3.556624327025931898 ) ) ;
#1144 = DIRECTION ( 'NONE',  ( -1.000000000000000000, -0.000000000000000000, -0.000000000000000000 ) ) ;
#1145 = ORIENTED_EDGE ( 'NONE', *, *, #1484, .T. ) ;
#1146 = DIRECTION ( 'NONE',  ( 1.000000000000000000, -0.000000000000000000, -0.000000000000000000 ) ) ;
#1147 = ADVANCED_FACE ( 'NONE', ( #1165 ), #959, .F. ) ;
#1148 = DIRECTION ( 'NONE',  ( 0.000000000000000000, 0.8660254037844383745, -0.5000000000000003331 ) ) ;
#1149 = ORIENTED_EDGE ( 'NONE', *, *, #1272, .F. ) ;
#1150 = CARTESIAN_POINT ( 'NONE',  ( 0.000000000000000000, -24.99999999999999645, 10.00000000000000000 ) ) ;
#1151 = CARTESIAN_POINT ( 'NONE',  ( -60.00000000000000711, 24.99999999999997158, 6.699999999999999289 ) ) ;
#1152 = DIRECTION ( 'NONE',  ( -1.000000000000000000, 0.000000000000000000, 0.000000000000000000 ) ) ;
#1153 = ORIENTED_EDGE ( 'NONE', *, *, #741, .T. ) ;
#1154 = CARTESIAN_POINT ( 'NONE',  ( -52.99999999999999289, 25.00000000000001066, -2.113248654051870012 ) ) ;
#1155 = FACE_BOUND ( 'NONE', #3043, .T. ) ;
#1156 = EDGE_CURVE ( 'NONE', #2637, #1196, #2369, .T. ) ;
#1157 = ORIENTED_EDGE ( 'NONE', *, *, #1805, .F. ) ;
#1158 = CARTESIAN_POINT ( 'NONE',  ( -50.00000000000000000, 27.50000000000001066, -6.443375672974062773 ) ) ;
#1159 = ORIENTED_EDGE ( 'NONE', *, *, #2803, .F. ) ;
#1160 = CARTESIAN_POINT ( 'NONE',  ( 52.99999999999999289, 22.50000000000000355, 6.443375672974059221 ) ) ;
#1161 = ORIENTED_EDGE ( 'NONE', *, *, #2752, .F. ) ;
#1162 = PRODUCT_DEFINITION_CONTEXT ( 'detailed design', #2243, 'design' ) ;
#1163 = EDGE_CURVE ( 'NONE', #2745, #1123, #2204, .T. ) ;
#1164 = LINE ( 'NONE', #2103, #2272 ) ;
#1165 = FACE_OUTER_BOUND ( 'NONE', #858, .T. ) ;
#1166 = ADVANCED_FACE ( 'NONE', ( #2040 ), #1584, .F. ) ;
#1167 = ORIENTED_EDGE ( 'NONE', *, *, #1892, .T. ) ;
#1168 = CARTESIAN_POINT ( 'NONE',  ( -52.99999999999999289, 24.99999999999997158, -6.699999999999999289 ) ) ;
#1169 = PLANE ( 'NONE',  #1338 ) ;
#1170 = CARTESIAN_POINT ( 'NONE',  ( -10.00000000000000000, 1.224646799147353256E-15, -10.00000000000000000 ) ) ;
#1171 = EDGE_LOOP ( 'NONE', ( #597, #2023, #2105, #1210 ) ) ;
#1172 = VECTOR ( 'NONE', #1176, 1000.000000000000000 ) ;
#1173 = DIRECTION ( 'NONE',  ( 1.000000000000000000, 0.000000000000000000, -0.000000000000000000 ) ) ;
#1174 = ADVANCED_FACE ( 'NONE', ( #138 ), #1035, .F. ) ;
#1175 = AXIS2_PLACEMENT_3D ( 'NONE', #1600, #1152, #2549 ) ;
#1176 = DIRECTION ( 'NONE',  ( -1.000000000000000000, -0.000000000000000000, -0.000000000000000000 ) ) ;
#1177 = ORIENTED_EDGE ( 'NONE', *, *, #2101, .T. ) ;
#1178 = AXIS2_PLACEMENT_3D ( 'NONE', #2113, #2835, #1842 ) ;
#1179 = DIRECTION ( 'NONE',  ( 0.000000000000000000, 0.000000000000000000, 1.000000000000000000 ) ) ;
#1180 = VECTOR ( 'NONE', #1462, 1000.000000000000000 ) ;
#1181 = AXIS2_PLACEMENT_3D ( 'NONE', #1599, #2563, #1632 ) ;
#1182 = EDGE_LOOP ( 'NONE', ( #809, #2329, #2931, #962 ) ) ;
#1183 = DIRECTION ( 'NONE',  ( 0.000000000000000000, -0.8660254037844387076, 0.4999999999999998335 ) ) ;
#1184 = VECTOR ( 'NONE', #2578, 1000.000000000000000 ) ;
#1185 = DIRECTION ( 'NONE',  ( 1.000000000000000000, 1.040834085586084257E-16, 0.000000000000000000 ) ) ;
#1186 = ADVANCED_FACE ( 'NONE', ( #2987 ), #2491, .F. ) ;
#1187 = AXIS2_PLACEMENT_3D ( 'NONE', #2843, #2831, #709 ) ;
#1188 = ORIENTED_EDGE ( 'NONE', *, *, #2550, .F. ) ;
#1189 = CARTESIAN_POINT ( 'NONE',  ( 52.99999999999999289, -25.00000000000000711, 7.886751345948129099 ) ) ;
#1190 = CARTESIAN_POINT ( 'NONE',  ( -49.99999999999998579, -27.50000000000001066, 6.443375672974062773 ) ) ;
#1191 = DIRECTION ( 'NONE',  ( 0.000000000000000000, -0.8660254037844383745, -0.5000000000000003331 ) ) ;
#1192 = ORIENTED_EDGE ( 'NONE', *, *, #2392, .T. ) ;
#1193 = DIRECTION ( 'NONE',  ( 0.000000000000000000, -0.8660254037844383745, -0.5000000000000003331 ) ) ;
#1194 = FACE_OUTER_BOUND ( 'NONE', #204, .T. ) ;
#1195 = EDGE_LOOP ( 'NONE', ( #1879, #2443, #3003, #2606 ) ) ;
#1196 = VERTEX_POINT ( 'NONE', #2506 ) ;
#1197 = EDGE_CURVE ( 'NONE', #837, #1334, #631, .T. ) ;
#1198 = DIRECTION ( 'NONE',  ( 6.938893903907227392E-16, 1.000000000000000000, 0.000000000000000000 ) ) ;
#1199 = EDGE_LOOP ( 'NONE', ( #2278, #2184, #221, #1263, #117, #310 ) ) ;
#1200 = ADVANCED_FACE ( 'NONE', ( #1756 ), #1335, .T. ) ;
#1201 = DIRECTION ( 'NONE',  ( 0.000000000000000000, 0.000000000000000000, 1.000000000000000000 ) ) ;
#1202 = CARTESIAN_POINT ( 'NONE',  ( 52.99999999999999289, -22.50000000000000355, 3.556624327025939003 ) ) ;
#1203 = CARTESIAN_POINT ( 'NONE',  ( -60.00000000000000711, 24.99999999999997158, 4.999999999999999112 ) ) ;
#1204 = ORIENTED_EDGE ( 'NONE', *, *, #2752, .T. ) ;
#1205 = EDGE_CURVE ( 'NONE', #1691, #2624, #614, .T. ) ;
#1206 = DIRECTION ( 'NONE',  ( 0.000000000000000000, 0.000000000000000000, 1.000000000000000000 ) ) ;
#1207 = CARTESIAN_POINT ( 'NONE',  ( -52.99999999999999289, -22.50000000000000355, -6.443375672974059221 ) ) ;
#1208 = EDGE_CURVE ( 'NONE', #847, #1006, #864, .T. ) ;
#1209 = VERTEX_POINT ( 'NONE', #2755 ) ;
#1210 = ORIENTED_EDGE ( 'NONE', *, *, #2152, .F. ) ;
#1211 = CARTESIAN_POINT ( 'NONE',  ( 49.99999999999998579, -22.50000000000000355, 3.556624327025939003 ) ) ;
#1212 = ADVANCED_FACE ( 'NONE', ( #2704 ), #2476, .T. ) ;
#1213 = ORIENTED_EDGE ( 'NONE', *, *, #1808, .T. ) ;
#1214 = PLANE ( 'NONE',  #826 ) ;
#1215 = PLANE ( 'NONE',  #247 ) ;
#1216 = CARTESIAN_POINT ( 'NONE',  ( -49.99999999999998579, -22.50000000000000355, 6.443375672974059221 ) ) ;
#1217 = ORIENTED_EDGE ( 'NONE', *, *, #648, .F. ) ;
#1218 = PLANE ( 'NONE',  #2564 ) ;
#1219 = EDGE_CURVE ( 'NONE', #441, #802, #2725, .T. ) ;
#1220 = CARTESIAN_POINT ( 'NONE',  ( -52.99999999999999289, -27.50000000000001066, -6.443375672974062773 ) ) ;
#1221 = VECTOR ( 'NONE', #1045, 1000.000000000000114 ) ;
#1222 = ORIENTED_EDGE ( 'NONE', *, *, #2209, .F. ) ;
#1223 = VECTOR ( 'NONE', #2320, 1000.000000000000000 ) ;
#1224 = EDGE_LOOP ( 'NONE', ( #1145, #2137, #1765, #2334 ) ) ;
#1225 = VECTOR ( 'NONE', #625, 1000.000000000000114 ) ;
#1226 = CIRCLE ( 'NONE', #2955, 1.700000000000000178 ) ;
#1227 = LINE ( 'NONE', #294, #244 ) ;
#1228 = CIRCLE ( 'NONE', #979, 1.700000000000000178 ) ;
#1229 = VECTOR ( 'NONE', #504, 1000.000000000000000 ) ;
#1230 = ORIENTED_EDGE ( 'NONE', *, *, #2260, .T. ) ;
#1231 = VECTOR ( 'NONE', #565, 1000.000000000000000 ) ;
#1232 = CARTESIAN_POINT ( 'NONE',  ( 0.000000000000000000, -24.99999999999999645, 5.000000000000000000 ) ) ;
#1233 = DIRECTION ( 'NONE',  ( -1.000000000000000000, -0.000000000000000000, -0.000000000000000000 ) ) ;
#1234 = AXIS2_PLACEMENT_3D ( 'NONE', #8, #2787, #443 ) ;
#1235 = EDGE_CURVE ( 'NONE', #2799, #1535, #1313, .T. ) ;
#1236 = VERTEX_POINT ( 'NONE', #598 ) ;
#1237 = PLANE ( 'NONE',  #2006 ) ;
#1238 = LINE ( 'NONE', #2700, #1829 ) ;
#1239 = DIRECTION ( 'NONE',  ( 0.000000000000000000, 0.000000000000000000, 1.000000000000000000 ) ) ;
#1240 = EDGE_CURVE ( 'NONE', #550, #2181, #131, .T. ) ;
#1241 = EDGE_LOOP ( 'NONE', ( #585, #2826 ) ) ;
#1242 = CARTESIAN_POINT ( 'NONE',  ( -52.99999999999999289, 0.000000000000000000, 0.000000000000000000 ) ) ;
#1243 = VERTEX_POINT ( 'NONE', #1083 ) ;
#1244 = LINE ( 'NONE', #278, #2061 ) ;
#1245 = CARTESIAN_POINT ( 'NONE',  ( 52.99999999999999289, -25.00000000000001066, -2.113248654051870012 ) ) ;
#1246 = ORIENTED_EDGE ( 'NONE', *, *, #2629, .F. ) ;
#1247 = DIRECTION ( 'NONE',  ( 1.000000000000000000, -0.000000000000000000, -0.000000000000000000 ) ) ;
#1248 = DIRECTION ( 'NONE',  ( 0.000000000000000000, 0.000000000000000000, 1.000000000000000000 ) ) ;
#1249 = EDGE_CURVE ( 'NONE', #2348, #449, #380, .T. ) ;
#1250 = CARTESIAN_POINT ( 'NONE',  ( 60.00000000000000000, 24.99999999999997158, 6.699999999999999289 ) ) ;
#1251 = ORIENTED_EDGE ( 'NONE', *, *, #2415, .F. ) ;
#1252 = VERTEX_POINT ( 'NONE', #414 ) ;
#1253 = PLANE ( 'NONE',  #734 ) ;
#1254 = ADVANCED_FACE ( 'NONE', ( #2279, #1060 ), #1115, .F. ) ;
#1255 = EDGE_LOOP ( 'NONE', ( #806, #1062, #1610, #2703 ) ) ;
#1256 = DIRECTION ( 'NONE',  ( 0.000000000000000000, 1.000000000000000000, 0.000000000000000000 ) ) ;
#1257 = CARTESIAN_POINT ( 'NONE',  ( -52.99999999999999289, 22.50000000000000355, 6.443375672974059221 ) ) ;
#1258 = EDGE_CURVE ( 'NONE', #2734, #3015, #153, .T. ) ;
#1259 = ORIENTED_EDGE ( 'NONE', *, *, #2582, .T. ) ;
#1260 = DIRECTION ( 'NONE',  ( -1.000000000000000000, 0.000000000000000000, -0.000000000000000000 ) ) ;
#1261 = DIRECTION ( 'NONE',  ( -0.000000000000000000, -0.000000000000000000, 1.000000000000000000 ) ) ;
#1262 = CARTESIAN_POINT ( 'NONE',  ( 52.99999999999999289, -25.00000000000000711, -7.886751345948129099 ) ) ;
#1263 = ORIENTED_EDGE ( 'NONE', *, *, #659, .F. ) ;
#1264 = DIRECTION ( 'NONE',  ( 1.000000000000000000, 0.000000000000000000, -0.000000000000000000 ) ) ;
#1265 = ORIENTED_EDGE ( 'NONE', *, *, #1272, .T. ) ;
#1266 = PLANE ( 'NONE',  #2712 ) ;
#1267 = DIRECTION ( 'NONE',  ( 1.000000000000000000, -0.000000000000000000, 0.000000000000000000 ) ) ;
#1268 = AXIS2_PLACEMENT_3D ( 'NONE', #708, #469, #178 ) ;
#1269 = ORIENTED_EDGE ( 'NONE', *, *, #2492, .T. ) ;
#1270 = DIRECTION ( 'NONE',  ( 0.000000000000000000, 0.000000000000000000, 1.000000000000000000 ) ) ;
#1271 = CARTESIAN_POINT ( 'NONE',  ( 52.99999999999999289, -25.00000000000001066, -2.113248654051870012 ) ) ;
#1272 = EDGE_CURVE ( 'NONE', #1528, #2478, #2313, .T. ) ;
#1273 = VECTOR ( 'NONE', #365, 1000.000000000000000 ) ;
#1274 = VECTOR ( 'NONE', #1547, 1000.000000000000114 ) ;
#1275 = EDGE_LOOP ( 'NONE', ( #1204, #819 ) ) ;
#1276 = CARTESIAN_POINT ( 'NONE',  ( -49.99999999999998579, 27.50000000000001066, 3.556624327025931898 ) ) ;
#1277 = DIRECTION ( 'NONE',  ( 1.000000000000000000, -0.000000000000000000, 0.000000000000000000 ) ) ;
#1278 = AXIS2_PLACEMENT_3D ( 'NONE', #179, #165, #1773 ) ;
#1279 = DIRECTION ( 'NONE',  ( 0.000000000000000000, 0.000000000000000000, 1.000000000000000000 ) ) ;
#1280 = ORIENTED_EDGE ( 'NONE', *, *, #2058, .T. ) ;
#1281 = VECTOR ( 'NONE', #360, 1000.000000000000000 ) ;
#1282 = CYLINDRICAL_SURFACE ( 'NONE', #1861, 1.700000000000000178 ) ;
#1283 = ORIENTED_EDGE ( 'NONE', *, *, #346, .F. ) ;
#1284 = CARTESIAN_POINT ( 'NONE',  ( -52.99999999999999289, -25.00000000000000711, 7.886751345948129099 ) ) ;
#1285 = PLANE ( 'NONE',  #883 ) ;
#1286 = EDGE_CURVE ( 'NONE', #2117, #1986, #3000, .T. ) ;
#1287 = ORIENTED_EDGE ( 'NONE', *, *, #361, .T. ) ;
#1288 = FACE_BOUND ( 'NONE', #1708, .T. ) ;
#1289 = LINE ( 'NONE', #2469, #1071 ) ;
#1290 = EDGE_CURVE ( 'NONE', #2884, #2228, #2777, .T. ) ;
#1291 = EDGE_LOOP ( 'NONE', ( #1953, #473, #2927, #91 ) ) ;
#1292 = LINE ( 'NONE', #2251, #1225 ) ;
#1293 = CARTESIAN_POINT ( 'NONE',  ( 49.99999999999998579, 19.99999999999999289, -10.00000000000000000 ) ) ;
#1294 = DIRECTION ( 'NONE',  ( -1.000000000000000000, -0.000000000000000000, 0.000000000000000000 ) ) ;
#1295 = EDGE_CURVE ( 'NONE', #449, #406, #2543, .T. ) ;
#1296 = ORIENTED_EDGE ( 'NONE', *, *, #1657, .F. ) ;
#1297 = CARTESIAN_POINT ( 'NONE',  ( 0.000000000000000000, 24.99999999999999645, 5.000000000000000000 ) ) ;
#1298 = ADVANCED_FACE ( 'NONE', ( #3016 ), #2602, .F. ) ;
#1299 = DIRECTION ( 'NONE',  ( 0.000000000000000000, 0.000000000000000000, 1.000000000000000000 ) ) ;
#1300 = ORIENTED_EDGE ( 'NONE', *, *, #62, .F. ) ;
#1301 = CARTESIAN_POINT ( 'NONE',  ( -49.99999999999998579, -27.50000000000001066, 3.556624327025931898 ) ) ;
#1302 = DIRECTION ( 'NONE',  ( -1.000000000000000000, 0.000000000000000000, 0.000000000000000000 ) ) ;
#1303 = LINE ( 'NONE', #404, #2265 ) ;
#1304 = ORIENTED_EDGE ( 'NONE', *, *, #1745, .F. ) ;
#1305 = DIRECTION ( 'NONE',  ( -1.000000000000000000, 6.938893903907227392E-16, -0.000000000000000000 ) ) ;
#1306 = DIRECTION ( 'NONE',  ( 0.000000000000000000, 0.000000000000000000, 1.000000000000000000 ) ) ;
#1307 = CARTESIAN_POINT ( 'NONE',  ( 52.99999999999999289, 27.50000000000001066, -3.556624327025931898 ) ) ;
#1308 = ORIENTED_EDGE ( 'NONE', *, *, #1002, .F. ) ;
#1309 = CARTESIAN_POINT ( 'NONE',  ( -60.00000000000000000, -24.99999999999999645, 5.000000000000000000 ) ) ;
#1310 = CARTESIAN_POINT ( 'NONE',  ( -60.00000000000000711, 24.99999999999997158, -3.299999999999998934 ) ) ;
#1311 = CARTESIAN_POINT ( 'NONE',  ( -52.99999999999999289, 27.50000000000001066, 3.556624327025931898 ) ) ;
#1312 = ORIENTED_EDGE ( 'NONE', *, *, #2489, .F. ) ;
#1313 = LINE ( 'NONE', #2740, #2156 ) ;
#1314 = ADVANCED_FACE ( 'NONE', ( #1640 ), #474, .T. ) ;
#1315 = CARTESIAN_POINT ( 'NONE',  ( -52.99999999999999289, 27.50000000000001066, -6.443375672974062773 ) ) ;
#1316 = VERTEX_POINT ( 'NONE', #922 ) ;
#1317 = CARTESIAN_POINT ( 'NONE',  ( -49.99999999999998579, -25.00000000000000711, 7.886751345948129099 ) ) ;
#1318 = CARTESIAN_POINT ( 'NONE',  ( -60.00000000000000000, 24.99999999999999645, -4.999999999999999112 ) ) ;
#1319 = CYLINDRICAL_SURFACE ( 'NONE', #2516, 10.00000000000000000 ) ;
#1320 = AXIS2_PLACEMENT_3D ( 'NONE', #1938, #2190, #2890 ) ;
#1321 = ORIENTED_EDGE ( 'NONE', *, *, #1706, .T. ) ;
#1322 = FACE_BOUND ( 'NONE', #2528, .T. ) ;
#1323 = DIRECTION ( 'NONE',  ( -1.000000000000000000, -0.000000000000000000, -0.000000000000000000 ) ) ;
#1324 = VECTOR ( 'NONE', #2967, 1000.000000000000000 ) ;
#1325 = ORIENTED_EDGE ( 'NONE', *, *, #1432, .F. ) ;
#1326 = VECTOR ( 'NONE', #2918, 1000.000000000000000 ) ;
#1327 = DIRECTION ( 'NONE',  ( 0.000000000000000000, -0.8660254037844383745, -0.5000000000000003331 ) ) ;
#1328 = VECTOR ( 'NONE', #2937, 1000.000000000000000 ) ;
#1329 = LINE ( 'NONE', #895, #786 ) ;
#1330 = AXIS2_PLACEMENT_3D ( 'NONE', #1783, #1747, #1270 ) ;
#1331 = AXIS2_PLACEMENT_3D ( 'NONE', #54, #302, #1239 ) ;
#1332 = DIRECTION ( 'NONE',  ( 1.000000000000000000, -6.938893903907227392E-16, -0.000000000000000000 ) ) ;
#1333 = EDGE_CURVE ( 'NONE', #2785, #299, #2658, .T. ) ;
#1334 = VERTEX_POINT ( 'NONE', #2846 ) ;
#1335 = CYLINDRICAL_SURFACE ( 'NONE', #728, 5.000000000000000000 ) ;
#1336 = AXIS2_PLACEMENT_3D ( 'NONE', #702, #1858, #1386 ) ;
#1337 = LINE ( 'NONE', #401, #2164 ) ;
#1338 = AXIS2_PLACEMENT_3D ( 'NONE', #2140, #2325, #241 ) ;
#1339 = ORIENTED_EDGE ( 'NONE', *, *, #543, .F. ) ;
#1340 = EDGE_CURVE ( 'NONE', #2517, #1779, #1514, .T. ) ;
#1341 = DIRECTION ( 'NONE',  ( -1.000000000000000000, -0.000000000000000000, -0.000000000000000000 ) ) ;
#1342 = DIRECTION ( 'NONE',  ( -0.000000000000000000, 1.000000000000000000, 0.000000000000000000 ) ) ;
#1343 = ORIENTED_EDGE ( 'NONE', *, *, #659, .T. ) ;
#1344 = CARTESIAN_POINT ( 'NONE',  ( 52.99999999999999289, 25.00000000000000711, -7.886751345948129099 ) ) ;
#1345 = DIRECTION ( 'NONE',  ( 0.000000000000000000, 0.000000000000000000, -1.000000000000000000 ) ) ;
#1346 = EDGE_CURVE ( 'NONE', #2299, #1334, #526, .T. ) ;
#1347 = VERTEX_POINT ( 'NONE', #2789 ) ;
#1348 = DIRECTION ( 'NONE',  ( -1.000000000000000000, -0.000000000000000000, -0.000000000000000000 ) ) ;
#1349 = LINE ( 'NONE', #1112, #584 ) ;
#1350 = CARTESIAN_POINT ( 'NONE',  ( 52.99999999999999289, 25.00000000000000711, -7.886751345948129099 ) ) ;
#1351 = ORIENTED_EDGE ( 'NONE', *, *, #816, .F. ) ;
#1352 = CARTESIAN_POINT ( 'NONE',  ( -52.99999999999999289, 25.00000000000000711, 7.886751345948129099 ) ) ;
#1353 = DIRECTION ( 'NONE',  ( 1.000000000000000000, -0.000000000000000000, -0.000000000000000000 ) ) ;
#1354 = ORIENTED_EDGE ( 'NONE', *, *, #2222, .T. ) ;
#1355 = LINE ( 'NONE', #1596, #887 ) ;
#1356 = CARTESIAN_POINT ( 'NONE',  ( -52.99999999999999289, -24.99999999999997158, 4.999999999999999112 ) ) ;
#1357 = ORIENTED_EDGE ( 'NONE', *, *, #330, .F. ) ;
#1358 = ORIENTED_EDGE ( 'NONE', *, *, #1219, .T. ) ;
#1359 = DIRECTION ( 'NONE',  ( 0.000000000000000000, 0.000000000000000000, 1.000000000000000000 ) ) ;
#1360 = FACE_OUTER_BOUND ( 'NONE', #2366, .T. ) ;
#1361 = ADVANCED_FACE ( 'NONE', ( #491 ), #447, .T. ) ;
#1362 = ORIENTED_EDGE ( 'NONE', *, *, #1205, .F. ) ;
#1363 = CARTESIAN_POINT ( 'NONE',  ( 60.00000000000000000, 24.99999999999997158, 6.699999999999999289 ) ) ;
#1364 = PLANE ( 'NONE',  #1278 ) ;
#1365 = ORIENTED_EDGE ( 'NONE', *, *, #2847, .T. ) ;
#1366 = CARTESIAN_POINT ( 'NONE',  ( -49.99999999999998579, 27.50000000000001066, -6.443375672974062773 ) ) ;
#1367 = CARTESIAN_POINT ( 'NONE',  ( 52.99999999999998579, -24.99999999999997158, -4.999999999999999112 ) ) ;
#1368 = EDGE_LOOP ( 'NONE', ( #1923, #2091, #1931, #2689, #2749, #698 ) ) ;
#1369 = CARTESIAN_POINT ( 'NONE',  ( -52.99999999999999289, 22.50000000000000355, -6.443375672974059221 ) ) ;
#1370 = FACE_OUTER_BOUND ( 'NONE', #1737, .T. ) ;
#1371 = VERTEX_POINT ( 'NONE', #1652 ) ;
#1372 = ADVANCED_FACE ( 'NONE', ( #3058 ), #679, .F. ) ;
#1373 = LINE ( 'NONE', #3024, #2114 ) ;
#1374 = FACE_BOUND ( 'NONE', #1001, .T. ) ;
#1375 = VECTOR ( 'NONE', #364, 1000.000000000000114 ) ;
#1376 = DIRECTION ( 'NONE',  ( -1.000000000000000000, 0.000000000000000000, -0.000000000000000000 ) ) ;
#1377 = VECTOR ( 'NONE', #1966, 1000.000000000000000 ) ;
#1378 = CIRCLE ( 'NONE', #282, 1.700000000000000178 ) ;
#1379 = EDGE_LOOP ( 'NONE', ( #717, #2, #21, #2146 ) ) ;
#1380 = LINE ( 'NONE', #943, #2059 ) ;
#1381 = AXIS2_PLACEMENT_3D ( 'NONE', #1500, #343, #370 ) ;
#1382 = VECTOR ( 'NONE', #1725, 1000.000000000000000 ) ;
#1383 = PLANE ( 'NONE',  #921 ) ;
#1384 = VERTEX_POINT ( 'NONE', #1605 ) ;
#1385 = VECTOR ( 'NONE', #87, 1000.000000000000114 ) ;
#1386 = DIRECTION ( 'NONE',  ( 0.000000000000000000, 0.000000000000000000, -1.000000000000000000 ) ) ;
#1387 = VECTOR ( 'NONE', #150, 1000.000000000000000 ) ;
#1388 = CARTESIAN_POINT ( 'NONE',  ( 52.99999999999999289, -22.50000000000000355, -6.443375672974059221 ) ) ;
#1389 = DIRECTION ( 'NONE',  ( -0.000000000000000000, 0.5000000000000004441, 0.8660254037844384856 ) ) ;
#1390 = EDGE_CURVE ( 'NONE', #2234, #2609, #1445, .T. ) ;
#1391 = VERTEX_POINT ( 'NONE', #1623 ) ;
#1392 = LINE ( 'NONE', #2584, #482 ) ;
#1393 = DIRECTION ( 'NONE',  ( 0.000000000000000000, -1.000000000000000000, -0.000000000000000000 ) ) ;
#1394 = ORIENTED_EDGE ( 'NONE', *, *, #2677, .T. ) ;
#1395 = EDGE_LOOP ( 'NONE', ( #955, #2361, #2065, #1038 ) ) ;
#1396 =( NAMED_UNIT ( * ) PLANE_ANGLE_UNIT ( ) SI_UNIT ( $, .RADIAN. ) );
#1397 = EDGE_CURVE ( 'NONE', #2624, #1587, #1666, .T. ) ;
#1398 = DIRECTION ( 'NONE',  ( 0.000000000000000000, 2.081668171172168513E-15, 1.000000000000000000 ) ) ;
#1399 = EDGE_LOOP ( 'NONE', ( #1942, #2351, #2099, #799 ) ) ;
#1400 = CARTESIAN_POINT ( 'NONE',  ( 60.00000000000000000, 24.99999999999999289, -10.00000000000000000 ) ) ;
#1401 = EDGE_CURVE ( 'NONE', #1806, #366, #1380, .T. ) ;
#1402 = CARTESIAN_POINT ( 'NONE',  ( 49.99999999999998579, 30.00000000000000000, -10.00000000000000000 ) ) ;
#1403 = DIRECTION ( 'NONE',  ( 0.000000000000000000, 0.8660254037844389297, -0.4999999999999996114 ) ) ;
#1404 = MANIFOLD_SOLID_BREP ( 'Cut-Extrude5', #1076 ) ;
#1405 = EDGE_CURVE ( 'NONE', #2938, #707, #2589, .T. ) ;
#1406 = ORIENTED_EDGE ( 'NONE', *, *, #521, .F. ) ;
#1407 = DIRECTION ( 'NONE',  ( -1.000000000000000000, -0.000000000000000000, -0.000000000000000000 ) ) ;
#1408 = CARTESIAN_POINT ( 'NONE',  ( -52.99999999999999289, -27.50000000000001066, 6.443375672974062773 ) ) ;
#1409 = LINE ( 'NONE', #267, #1671 ) ;
#1410 = VERTEX_POINT ( 'NONE', #2132 ) ;
#1411 = CARTESIAN_POINT ( 'NONE',  ( 49.99999999999998579, -25.00000000000001066, 2.113248654051870012 ) ) ;
#1412 = DIRECTION ( 'NONE',  ( 0.000000000000000000, -0.4999999999999999445, 0.8660254037844387076 ) ) ;
#1413 = VERTEX_POINT ( 'NONE', #1681 ) ;
#1414 = EDGE_CURVE ( 'NONE', #502, #1450, #998, .T. ) ;
#1415 = CARTESIAN_POINT ( 'NONE',  ( 0.000000000000000000, -24.99999999999999645, 5.000000000000000000 ) ) ;
#1416 = VERTEX_POINT ( 'NONE', #2686 ) ;
#1417 = FACE_OUTER_BOUND ( 'NONE', #2060, .T. ) ;
#1418 = DIRECTION ( 'NONE',  ( 0.000000000000000000, 0.000000000000000000, -1.000000000000000000 ) ) ;
#1419 = VERTEX_POINT ( 'NONE', #2632 ) ;
#1420 = DIRECTION ( 'NONE',  ( 0.000000000000000000, 0.000000000000000000, 1.000000000000000000 ) ) ;
#1421 = CARTESIAN_POINT ( 'NONE',  ( -60.00000000000000711, 24.99999999999997158, -4.999999999999999112 ) ) ;
#1422 = DIRECTION ( 'NONE',  ( 0.000000000000000000, 1.000000000000000000, 0.000000000000000000 ) ) ;
#1423 = ORIENTED_EDGE ( 'NONE', *, *, #1397, .F. ) ;
#1424 = CIRCLE ( 'NONE', #2261, 1.700000000000000178 ) ;
#1425 = CARTESIAN_POINT ( 'NONE',  ( 52.99999999999999289, -24.99999999999997158, 4.999999999999999112 ) ) ;
#1426 = EDGE_CURVE ( 'NONE', #2899, #135, #1430, .T. ) ;
#1427 = VECTOR ( 'NONE', #2472, 1000.000000000000000 ) ;
#1428 = CARTESIAN_POINT ( 'NONE',  ( 52.99999999999999289, 24.99999999999997158, 3.299999999999998490 ) ) ;
#1429 = ORIENTED_EDGE ( 'NONE', *, *, #2942, .T. ) ;
#1430 = CIRCLE ( 'NONE', #1954, 1.700000000000000178 ) ;
#1431 = AXIS2_PLACEMENT_3D ( 'NONE', #1356, #2283, #2465 ) ;
#1432 = EDGE_CURVE ( 'NONE', #847, #1316, #2176, .T. ) ;
#1433 = AXIS2_PLACEMENT_3D ( 'NONE', #1977, #107, #1799 ) ;
#1434 = ORIENTED_EDGE ( 'NONE', *, *, #2998, .F. ) ;
#1435 = PLANE ( 'NONE',  #39 ) ;
#1436 = AXIS2_PLACEMENT_3D ( 'NONE', #2136, #2871, #539 ) ;
#1437 = EDGE_CURVE ( 'NONE', #1236, #1252, #1924, .T. ) ;
#1438 = AXIS2_PLACEMENT_3D ( 'NONE', #1057, #2016, #2773 ) ;
#1439 = ORIENTED_EDGE ( 'NONE', *, *, #2382, .T. ) ;
#1440 = FACE_OUTER_BOUND ( 'NONE', #2646, .T. ) ;
#1441 = CARTESIAN_POINT ( 'NONE',  ( -60.00000000000000000, 30.00000000000000000, 10.00000000000000000 ) ) ;
#1442 = EDGE_CURVE ( 'NONE', #2554, #1676, #2673, .T. ) ;
#1443 = DIRECTION ( 'NONE',  ( 1.000000000000000000, -0.000000000000000000, -0.000000000000000000 ) ) ;
#1444 = ORIENTED_EDGE ( 'NONE', *, *, #859, .F. ) ;
#1445 = LINE ( 'NONE', #246, #573 ) ;
#1446 = DIRECTION ( 'NONE',  ( 1.000000000000000000, -0.000000000000000000, -0.000000000000000000 ) ) ;
#1447 = EDGE_LOOP ( 'NONE', ( #2346, #523, #2292, #1159 ) ) ;
#1448 = EDGE_LOOP ( 'NONE', ( #1830, #2387, #2014, #1832 ) ) ;
#1449 = DIRECTION ( 'NONE',  ( 0.000000000000000000, 0.000000000000000000, 1.000000000000000000 ) ) ;
#1450 = VERTEX_POINT ( 'NONE', #2439 ) ;
#1451 = FACE_OUTER_BOUND ( 'NONE', #2631, .T. ) ;
#1452 = EDGE_CURVE ( 'NONE', #41, #1316, #503, .T. ) ;
#1453 = ORIENTED_EDGE ( 'NONE', *, *, #2158, .F. ) ;
#1454 = VERTEX_POINT ( 'NONE', #2643 ) ;
#1455 = DIRECTION ( 'NONE',  ( 0.000000000000000000, 0.000000000000000000, -1.000000000000000000 ) ) ;
#1456 = LINE ( 'NONE', #2145, #126 ) ;
#1457 = ORIENTED_EDGE ( 'NONE', *, *, #1240, .T. ) ;
#1458 = ORIENTED_EDGE ( 'NONE', *, *, #2446, .F. ) ;
#1459 = LINE ( 'NONE', #2405, #1826 ) ;
#1460 = EDGE_LOOP ( 'NONE', ( #2849, #2856, #1488, #1729 ) ) ;
#1461 = LINE ( 'NONE', #1920, #2375 ) ;
#1462 = DIRECTION ( 'NONE',  ( 0.000000000000000000, 0.000000000000000000, -1.000000000000000000 ) ) ;
#1463 = ADVANCED_FACE ( 'NONE', ( #270, #2877 ), #311, .T. ) ;
#1464 = ORIENTED_EDGE ( 'NONE', *, *, #428, .T. ) ;
#1465 = DIRECTION ( 'NONE',  ( 0.000000000000000000, 0.4999999999999999445, -0.8660254037844387076 ) ) ;
#1466 = FACE_OUTER_BOUND ( 'NONE', #660, .T. ) ;
#1467 = CARTESIAN_POINT ( 'NONE',  ( 52.99999999999999289, 27.50000000000001066, -6.443375672974062773 ) ) ;
#1468 = VECTOR ( 'NONE', #2376, 1000.000000000000000 ) ;
#1469 = CIRCLE ( 'NONE', #680, 4.999999999999999112 ) ;
#1470 = ORIENTED_EDGE ( 'NONE', *, *, #1797, .T. ) ;
#1471 = AXIS2_PLACEMENT_3D ( 'NONE', #1690, #1267, #722 ) ;
#1472 = CARTESIAN_POINT ( 'NONE',  ( 52.99999999999999289, -25.00000000000001066, 2.113248654051870012 ) ) ;
#1473 = VECTOR ( 'NONE', #970, 1000.000000000000000 ) ;
#1474 = ORIENTED_EDGE ( 'NONE', *, *, #716, .T. ) ;
#1475 = DIRECTION ( 'NONE',  ( 0.000000000000000000, 0.000000000000000000, 1.000000000000000000 ) ) ;
#1476 = ADVANCED_FACE ( 'NONE', ( #2452 ), #1218, .F. ) ;
#1477 = CARTESIAN_POINT ( 'NONE',  ( -60.00000000000000711, -24.99999999999997158, -4.999999999999999112 ) ) ;
#1478 = AXIS2_PLACEMENT_3D ( 'NONE', #1143, #2082, #1864 ) ;
#1479 = EDGE_LOOP ( 'NONE', ( #2708, #815, #2763, #1059, #2986, #2267, #2867, #2438 ) ) ;
#1480 = LINE ( 'NONE', #64, #237 ) ;
#1481 = CARTESIAN_POINT ( 'NONE',  ( 0.000000000000000000, 0.000000000000000000, 10.00000000000000000 ) ) ;
#1482 = CARTESIAN_POINT ( 'NONE',  ( 52.99999999999999289, -22.50000000000000355, -3.556624327025939003 ) ) ;
#1483 = ORIENTED_EDGE ( 'NONE', *, *, #1290, .T. ) ;
#1484 = EDGE_CURVE ( 'NONE', #2171, #2273, #329, .T. ) ;
#1485 = ORIENTED_EDGE ( 'NONE', *, *, #255, .T. ) ;
#1486 = ADVANCED_FACE ( 'NONE', ( #2864 ), #1692, .T. ) ;
#1487 = CARTESIAN_POINT ( 'NONE',  ( 60.00000000000000000, 24.99999999999997158, 3.299999999999998934 ) ) ;
#1488 = ORIENTED_EDGE ( 'NONE', *, *, #1673, .T. ) ;
#1489 = CARTESIAN_POINT ( 'NONE',  ( 52.99999999999999289, -27.50000000000001066, -6.443375672974062773 ) ) ;
#1490 = LINE ( 'NONE', #2671, #2667 ) ;
#1491 = VERTEX_POINT ( 'NONE', #1276 ) ;
#1492 = FACE_OUTER_BOUND ( 'NONE', #2724, .T. ) ;
#1493 = CARTESIAN_POINT ( 'NONE',  ( -49.99999999999998579, 25.00000000000001066, 2.113248654051870012 ) ) ;
#1494 = FACE_OUTER_BOUND ( 'NONE', #2095, .T. ) ;
#1495 = ORIENTED_EDGE ( 'NONE', *, *, #2679, .F. ) ;
#1496 = ORIENTED_EDGE ( 'NONE', *, *, #1892, .F. ) ;
#1497 = ADVANCED_FACE ( 'NONE', ( #51 ), #2656, .T. ) ;
#1498 = LINE ( 'NONE', #2729, #2865 ) ;
#1499 = VERTEX_POINT ( 'NONE', #2902 ) ;
#1500 = CARTESIAN_POINT ( 'NONE',  ( -52.99999999999999289, 0.000000000000000000, 0.000000000000000000 ) ) ;
#1501 = CARTESIAN_POINT ( 'NONE',  ( 52.99999999999999289, -27.50000000000001066, 3.556624327025931898 ) ) ;
#1502 = ORIENTED_EDGE ( 'NONE', *, *, #279, .T. ) ;
#1503 = DIRECTION ( 'NONE',  ( 0.000000000000000000, 0.000000000000000000, -1.000000000000000000 ) ) ;
#1504 = CARTESIAN_POINT ( 'NONE',  ( 52.99999999999999289, -25.00000000000001066, 2.113248654051870012 ) ) ;
#1505 = DIRECTION ( 'NONE',  ( 1.000000000000000000, -0.000000000000000000, -0.000000000000000000 ) ) ;
#1506 = ORIENTED_EDGE ( 'NONE', *, *, #2432, .T. ) ;
#1507 = EDGE_CURVE ( 'NONE', #967, #1857, #1480, .T. ) ;
#1508 = CARTESIAN_POINT ( 'NONE',  ( 49.99999999999998579, 25.00000000000000711, -7.886751345948129988 ) ) ;
#1509 = ORIENTED_EDGE ( 'NONE', *, *, #851, .F. ) ;
#1510 = AXIS2_PLACEMENT_3D ( 'NONE', #2057, #1389, #2828 ) ;
#1511 = LINE ( 'NONE', #586, #489 ) ;
#1512 = ADVANCED_FACE ( 'NONE', ( #1492 ), #77, .F. ) ;
#1513 = DIRECTION ( 'NONE',  ( 0.000000000000000000, 0.8660254037844385966, 0.4999999999999999445 ) ) ;
#1514 = CIRCLE ( 'NONE', #2904, 1.700000000000000178 ) ;
#1515 = ORIENTED_EDGE ( 'NONE', *, *, #361, .F. ) ;
#1516 = DIRECTION ( 'NONE',  ( 0.000000000000000000, 0.000000000000000000, -1.000000000000000000 ) ) ;
#1517 = DIRECTION ( 'NONE',  ( -1.000000000000000000, -0.000000000000000000, -0.000000000000000000 ) ) ;
#1518 = VECTOR ( 'NONE', #569, 1000.000000000000000 ) ;
#1519 = AXIS2_PLACEMENT_3D ( 'NONE', #1985, #1972, #1545 ) ;
#1520 = ADVANCED_FACE ( 'NONE', ( #2400 ), #1237, .T. ) ;
#1521 = AXIS2_PLACEMENT_3D ( 'NONE', #3044, #1846, #638 ) ;
#1522 = ORIENTED_EDGE ( 'NONE', *, *, #305, .T. ) ;
#1523 = DIRECTION ( 'NONE',  ( 1.000000000000000000, -0.000000000000000000, -0.000000000000000000 ) ) ;
#1524 = EDGE_CURVE ( 'NONE', #3051, #1587, #2200, .T. ) ;
#1525 = DIRECTION ( 'NONE',  ( 0.000000000000000000, -0.8660254037844388186, 0.4999999999999996114 ) ) ;
#1526 = VECTOR ( 'NONE', #52, 1000.000000000000000 ) ;
#1527 = CARTESIAN_POINT ( 'NONE',  ( 60.00000000000000000, -24.99999999999997158, 3.299999999999998934 ) ) ;
#1528 = VERTEX_POINT ( 'NONE', #2502 ) ;
#1529 = DIRECTION ( 'NONE',  ( 0.000000000000000000, 0.000000000000000000, -1.000000000000000000 ) ) ;
#1530 = CARTESIAN_POINT ( 'NONE',  ( 52.99999999999998579, -24.99999999999997158, -4.999999999999999112 ) ) ;
#1531 = ORIENTED_EDGE ( 'NONE', *, *, #3017, .F. ) ;
#1532 = EDGE_CURVE ( 'NONE', #620, #931, #149, .T. ) ;
#1533 = DIRECTION ( 'NONE',  ( 0.000000000000000000, 0.8660254037844383745, -0.5000000000000003331 ) ) ;
#1534 = DIRECTION ( 'NONE',  ( 0.000000000000000000, 0.000000000000000000, 1.000000000000000000 ) ) ;
#1535 = VERTEX_POINT ( 'NONE', #1994 ) ;
#1536 = CARTESIAN_POINT ( 'NONE',  ( 49.99999999999998579, 25.00000000000000711, 7.886751345948129099 ) ) ;
#1537 = LINE ( 'NONE', #570, #2003 ) ;
#1538 = ORIENTED_EDGE ( 'NONE', *, *, #1208, .F. ) ;
#1539 = EDGE_CURVE ( 'NONE', #1676, #2872, #164, .T. ) ;
#1540 = LINE ( 'NONE', #1095, #381 ) ;
#1541 = PLANE ( 'NONE',  #693 ) ;
#1542 = CARTESIAN_POINT ( 'NONE',  ( -52.99999999999999289, -27.50000000000001066, 3.556624327025931898 ) ) ;
#1543 = ORIENTED_EDGE ( 'NONE', *, *, #1163, .F. ) ;
#1544 = DIRECTION ( 'NONE',  ( 0.000000000000000000, 0.000000000000000000, 1.000000000000000000 ) ) ;
#1545 = DIRECTION ( 'NONE',  ( 0.000000000000000000, 0.8660254037844387076, -0.4999999999999998335 ) ) ;
#1546 = ORIENTED_EDGE ( 'NONE', *, *, #713, .F. ) ;
#1547 = DIRECTION ( 'NONE',  ( 0.000000000000000000, 0.8660254037844387076, -0.4999999999999998335 ) ) ;
#1548 = DIRECTION ( 'NONE',  ( 0.000000000000000000, 0.000000000000000000, 1.000000000000000000 ) ) ;
#1549 = ORIENTED_EDGE ( 'NONE', *, *, #1586, .F. ) ;
#1550 = LINE ( 'NONE', #856, #686 ) ;
#1551 = CARTESIAN_POINT ( 'NONE',  ( 49.99999999999998579, 24.99999999999999645, -4.999999999999999112 ) ) ;
#1552 = ADVANCED_FACE ( 'NONE', ( #347 ), #824, .F. ) ;
#1553 = ORIENTED_EDGE ( 'NONE', *, *, #1258, .F. ) ;
#1554 = DIRECTION ( 'NONE',  ( 0.000000000000000000, -0.5000000000000004441, 0.8660254037844384856 ) ) ;
#1555 = DIRECTION ( 'NONE',  ( 0.000000000000000000, 0.8660254037844383745, 0.5000000000000003331 ) ) ;
#1556 = EDGE_CURVE ( 'NONE', #3061, #2624, #1292, .T. ) ;
#1557 = DIRECTION ( 'NONE',  ( 0.000000000000000000, -0.8660254037844385966, 0.4999999999999999445 ) ) ;
#1558 = ORIENTED_EDGE ( 'NONE', *, *, #507, .T. ) ;
#1559 = DIRECTION ( 'NONE',  ( 0.000000000000000000, 0.8660254037844389297, -0.4999999999999996114 ) ) ;
#1560 = CARTESIAN_POINT ( 'NONE',  ( 60.00000000000000711, -24.99999999999997158, -4.999999999999999112 ) ) ;
#1561 = ORIENTED_EDGE ( 'NONE', *, *, #612, .F. ) ;
#1562 = LINE ( 'NONE', #1742, #2961 ) ;
#1563 = DIRECTION ( 'NONE',  ( -0.000000000000000000, -0.000000000000000000, 1.000000000000000000 ) ) ;
#1564 = EDGE_LOOP ( 'NONE', ( #196, #2561, #701, #2043 ) ) ;
#1565 = VECTOR ( 'NONE', #1446, 1000.000000000000000 ) ;
#1566 = EDGE_LOOP ( 'NONE', ( #1423, #2179, #218, #2295, #234, #1495 ) ) ;
#1567 = FACE_BOUND ( 'NONE', #1241, .T. ) ;
#1568 = EDGE_CURVE ( 'NONE', #1642, #2742, #646, .T. ) ;
#1569 = ORIENTED_EDGE ( 'NONE', *, *, #977, .F. ) ;
#1570 = AXIS2_PLACEMENT_3D ( 'NONE', #460, #1146, #2800 ) ;
#1571 = CARTESIAN_POINT ( 'NONE',  ( -52.99999999999999289, 27.50000000000001066, 3.556624327025931898 ) ) ;
#1572 = AXIS2_PLACEMENT_3D ( 'NONE', #2022, #1264, #2241 ) ;
#1573 = DIRECTION ( 'NONE',  ( 0.000000000000000000, -0.8660254037844387076, 0.4999999999999998335 ) ) ;
#1574 = AXIS2_PLACEMENT_3D ( 'NONE', #2537, #690, #914 ) ;
#1575 = CARTESIAN_POINT ( 'NONE',  ( -49.99999999999999289, -30.00000000000000000, -10.00000000000000000 ) ) ;
#1576 = ORIENTED_EDGE ( 'NONE', *, *, #1442, .F. ) ;
#1577 = DIRECTION ( 'NONE',  ( 0.000000000000000000, 0.000000000000000000, -1.000000000000000000 ) ) ;
#1578 = VECTOR ( 'NONE', #1198, 1000.000000000000000 ) ;
#1579 = CARTESIAN_POINT ( 'NONE',  ( 52.99999999999999289, 27.50000000000001066, -3.556624327025931898 ) ) ;
#1580 = VECTOR ( 'NONE', #736, 1000.000000000000114 ) ;
#1581 = ORIENTED_EDGE ( 'NONE', *, *, #1964, .T. ) ;
#1582 = ADVANCED_FACE ( 'NONE', ( #411, #1111, #1042 ), #874, .F. ) ;
#1583 = DIRECTION ( 'NONE',  ( -0.000000000000000000, -1.000000000000000000, -0.000000000000000000 ) ) ;
#1584 = PLANE ( 'NONE',  #1665 ) ;
#1585 = CARTESIAN_POINT ( 'NONE',  ( -60.00000000000000000, 30.00000000000000000, 5.000000000000000000 ) ) ;
#1586 = EDGE_CURVE ( 'NONE', #899, #2734, #1751, .T. ) ;
#1587 = VERTEX_POINT ( 'NONE', #1075 ) ;
#1588 = DIRECTION ( 'NONE',  ( 0.000000000000000000, -0.8660254037844383745, 0.5000000000000003331 ) ) ;
#1589 = ORIENTED_EDGE ( 'NONE', *, *, #2847, .F. ) ;
#1590 = CARTESIAN_POINT ( 'NONE',  ( 52.99999999999999289, -22.50000000000000355, -3.556624327025939003 ) ) ;
#1591 = CARTESIAN_POINT ( 'NONE',  ( 49.99999999999998579, -22.50000000000000355, -3.556624327025939003 ) ) ;
#1592 = ORIENTED_EDGE ( 'NONE', *, *, #1452, .F. ) ;
#1593 = DIRECTION ( 'NONE',  ( 0.000000000000000000, -0.8660254037844389297, -0.4999999999999996114 ) ) ;
#1594 = LINE ( 'NONE', #2558, #2271 ) ;
#1595 = ORIENTED_EDGE ( 'NONE', *, *, #1686, .F. ) ;
#1596 = CARTESIAN_POINT ( 'NONE',  ( 52.99999999999999289, -27.50000000000001066, 6.443375672974062773 ) ) ;
#1597 = EDGE_CURVE ( 'NONE', #1252, #2234, #594, .T. ) ;
#1598 = VERTEX_POINT ( 'NONE', #374 ) ;
#1599 = CARTESIAN_POINT ( 'NONE',  ( -52.99999999999999289, 0.000000000000000000, 0.000000000000000000 ) ) ;
#1600 = CARTESIAN_POINT ( 'NONE',  ( 52.99999999999999289, 0.000000000000000000, 0.000000000000000000 ) ) ;
#1601 = EDGE_LOOP ( 'NONE', ( #2765, #947 ) ) ;
#1602 = CYLINDRICAL_SURFACE ( 'NONE', #1023, 1.700000000000000178 ) ;
#1603 = DIRECTION ( 'NONE',  ( 0.000000000000000000, 0.000000000000000000, 1.000000000000000000 ) ) ;
#1604 = ORIENTED_EDGE ( 'NONE', *, *, #567, .T. ) ;
#1605 = CARTESIAN_POINT ( 'NONE',  ( -49.99999999999998579, -22.50000000000000355, -3.556624327025939003 ) ) ;
#1606 = DIRECTION ( 'NONE',  ( -0.000000000000000000, -0.000000000000000000, 1.000000000000000000 ) ) ;
#1607 = ORIENTED_EDGE ( 'NONE', *, *, #405, .T. ) ;
#1608 = EDGE_CURVE ( 'NONE', #441, #899, #1540, .T. ) ;
#1609 = FACE_OUTER_BOUND ( 'NONE', #1395, .T. ) ;
#1610 = ORIENTED_EDGE ( 'NONE', *, *, #2842, .F. ) ;
#1611 = CARTESIAN_POINT ( 'NONE',  ( -60.00000000000000000, 30.00000000000000000, 10.00000000000000000 ) ) ;
#1612 = DIRECTION ( 'NONE',  ( 0.000000000000000000, 0.8660254037844387076, 0.4999999999999998335 ) ) ;
#1613 = VECTOR ( 'NONE', #2488, 1000.000000000000000 ) ;
#1614 = VERTEX_POINT ( 'NONE', #110 ) ;
#1615 = LINE ( 'NONE', #424, #188 ) ;
#1616 = CARTESIAN_POINT ( 'NONE',  ( -52.99999999999999289, 22.50000000000000355, 6.443375672974059221 ) ) ;
#1617 = EDGE_CURVE ( 'NONE', #484, #863, #2995, .T. ) ;
#1618 = CARTESIAN_POINT ( 'NONE',  ( 52.99999999999999289, 24.99999999999997158, 4.999999999999999112 ) ) ;
#1619 = PRESENTATION_LAYER_ASSIGNMENT (  '', '', ( #328 ) ) ;
#1620 = AXIS2_PLACEMENT_3D ( 'NONE', #602, #2041, #1548 ) ;
#1621 = EDGE_CURVE ( 'NONE', #759, #459, #2048, .T. ) ;
#1622 = ORIENTED_EDGE ( 'NONE', *, *, #2605, .T. ) ;
#1623 = CARTESIAN_POINT ( 'NONE',  ( -60.00000000000000711, -24.99999999999997158, 3.299999999999998490 ) ) ;
#1624 = VECTOR ( 'NONE', #2232, 1000.000000000000000 ) ;
#1625 = CIRCLE ( 'NONE', #1320, 1.700000000000000178 ) ;
#1626 = DIRECTION ( 'NONE',  ( 0.000000000000000000, -0.8660254037844389297, -0.4999999999999996114 ) ) ;
#1627 = EDGE_LOOP ( 'NONE', ( #2494, #2891, #1339, #1607 ) ) ;
#1628 = AXIS2_PLACEMENT_3D ( 'NONE', #57, #495, #1449 ) ;
#1629 = CARTESIAN_POINT ( 'NONE',  ( -52.99999999999999289, 22.50000000000000355, -3.556624327025939003 ) ) ;
#1630 = AXIS2_PLACEMENT_3D ( 'NONE', #1837, #2473, #1525 ) ;
#1631 = EDGE_CURVE ( 'NONE', #1243, #86, #2486, .T. ) ;
#1632 = DIRECTION ( 'NONE',  ( 0.000000000000000000, 0.000000000000000000, -1.000000000000000000 ) ) ;
#1633 = DIRECTION ( 'NONE',  ( -1.000000000000000000, -0.000000000000000000, -0.000000000000000000 ) ) ;
#1634 = VERTEX_POINT ( 'NONE', #1802 ) ;
#1635 = DIRECTION ( 'NONE',  ( 0.000000000000000000, -0.8660254037844385966, -0.4999999999999999445 ) ) ;
#1636 = DIRECTION ( 'NONE',  ( 0.000000000000000000, -1.000000000000000000, 0.000000000000000000 ) ) ;
#1637 = DIRECTION ( 'NONE',  ( 0.000000000000000000, 0.000000000000000000, 1.000000000000000000 ) ) ;
#1638 = EDGE_CURVE ( 'NONE', #484, #1986, #2514, .T. ) ;
#1639 = VERTEX_POINT ( 'NONE', #124 ) ;
#1640 = FACE_OUTER_BOUND ( 'NONE', #1758, .T. ) ;
#1641 = CARTESIAN_POINT ( 'NONE',  ( 60.00000000000000000, -24.99999999999997158, 3.299999999999998490 ) ) ;
#1642 = VERTEX_POINT ( 'NONE', #2223 ) ;
#1643 = CARTESIAN_POINT ( 'NONE',  ( 52.99999999999999289, -22.50000000000000355, -6.443375672974059221 ) ) ;
#1644 = ORIENTED_EDGE ( 'NONE', *, *, #2304, .T. ) ;
#1645 = PLANE ( 'NONE',  #2909 ) ;
#1646 = EDGE_LOOP ( 'NONE', ( #1651, #1531, #1073, #2026 ) ) ;
#1647 = CARTESIAN_POINT ( 'NONE',  ( 49.99999999999998579, -30.00000000000000000, 4.999999999999999112 ) ) ;
#1648 = EDGE_CURVE ( 'NONE', #2117, #159, #76, .T. ) ;
#1649 = CARTESIAN_POINT ( 'NONE',  ( 49.99999999999998579, 27.50000000000001066, 3.556624327025931898 ) ) ;
#1650 = LINE ( 'NONE', #488, #436 ) ;
#1651 = ORIENTED_EDGE ( 'NONE', *, *, #2942, .F. ) ;
#1652 = CARTESIAN_POINT ( 'NONE',  ( -52.99999999999999289, 22.50000000000000355, 3.556624327025939003 ) ) ;
#1653 = ADVANCED_FACE ( 'NONE', ( #2015 ), #609, .T. ) ;
#1654 = DIRECTION ( 'NONE',  ( 0.000000000000000000, -0.8660254037844389297, 0.4999999999999996114 ) ) ;
#1655 = ORIENTED_EDGE ( 'NONE', *, *, #1432, .T. ) ;
#1656 = ORIENTED_EDGE ( 'NONE', *, *, #293, .F. ) ;
#1657 = EDGE_CURVE ( 'NONE', #1413, #2994, #2274, .T. ) ;
#1658 = CARTESIAN_POINT ( 'NONE',  ( 60.00000000000000000, -24.99999999999997158, 4.999999999999999112 ) ) ;
#1659 = ORIENTED_EDGE ( 'NONE', *, *, #1631, .T. ) ;
#1660 = CARTESIAN_POINT ( 'NONE',  ( 52.99999999999999289, -24.99999999999997158, 3.299999999999998490 ) ) ;
#1661 = LINE ( 'NONE', #2611, #1963 ) ;
#1662 = FACE_OUTER_BOUND ( 'NONE', #1976, .T. ) ;
#1663 = EDGE_CURVE ( 'NONE', #1499, #250, #1667, .T. ) ;
#1664 = ORIENTED_EDGE ( 'NONE', *, *, #2567, .T. ) ;
#1665 = AXIS2_PLACEMENT_3D ( 'NONE', #1743, #1992, #1185 ) ;
#1666 = LINE ( 'NONE', #430, #3004 ) ;
#1667 = CIRCLE ( 'NONE', #1268, 10.00000000000000000 ) ;
#1668 = CARTESIAN_POINT ( 'NONE',  ( -60.00000000000000711, -24.99999999999997158, -6.699999999999999289 ) ) ;
#1669 = ORIENTED_EDGE ( 'NONE', *, *, #242, .F. ) ;
#1670 = VECTOR ( 'NONE', #3036, 1000.000000000000000 ) ;
#1671 = VECTOR ( 'NONE', #1443, 1000.000000000000000 ) ;
#1672 = ORIENTED_EDGE ( 'NONE', *, *, #2692, .T. ) ;
#1673 = EDGE_CURVE ( 'NONE', #593, #1614, #696, .T. ) ;
#1674 = FACE_BOUND ( 'NONE', #2892, .T. ) ;
#1675 = VECTOR ( 'NONE', #875, 1000.000000000000000 ) ;
#1676 = VERTEX_POINT ( 'NONE', #2106 ) ;
#1677 = CARTESIAN_POINT ( 'NONE',  ( 49.99999999999998579, -24.99999999999999645, -4.999999999999999112 ) ) ;
#1678 =( LENGTH_UNIT ( ) NAMED_UNIT ( * ) SI_UNIT ( .MILLI., .METRE. ) );
#1679 = CARTESIAN_POINT ( 'NONE',  ( 52.99999999999999289, 25.00000000000001066, 2.113248654051870012 ) ) ;
#1680 = VERTEX_POINT ( 'NONE', #211 ) ;
#1681 = CARTESIAN_POINT ( 'NONE',  ( 52.99999999999999289, 27.50000000000001066, -6.443375672974062773 ) ) ;
#1682 = LINE ( 'NONE', #1207, #1468 ) ;
#1683 = ORIENTED_EDGE ( 'NONE', *, *, #2936, .F. ) ;
#1684 = ORIENTED_EDGE ( 'NONE', *, *, #2825, .F. ) ;
#1685 = CARTESIAN_POINT ( 'NONE',  ( 49.99999999999998579, -22.50000000000000355, 6.443375672974059221 ) ) ;
#1686 = EDGE_CURVE ( 'NONE', #550, #2852, #2552, .T. ) ;
#1687 = ORIENTED_EDGE ( 'NONE', *, *, #2402, .T. ) ;
#1688 = CARTESIAN_POINT ( 'NONE',  ( -52.99999999999999289, 22.50000000000000355, 6.443375672974059221 ) ) ;
#1689 = LINE ( 'NONE', #775, #1580 ) ;
#1690 = CARTESIAN_POINT ( 'NONE',  ( -52.99999999999999289, 0.000000000000000000, 0.000000000000000000 ) ) ;
#1691 = VERTEX_POINT ( 'NONE', #197 ) ;
#1692 = PLANE ( 'NONE',  #823 ) ;
#1693 = CARTESIAN_POINT ( 'NONE',  ( 52.99999999999999289, 27.50000000000001066, -3.556624327025931898 ) ) ;
#1694 = LINE ( 'NONE', #271, #932 ) ;
#1695 = ORIENTED_EDGE ( 'NONE', *, *, #2192, .T. ) ;
#1696 = ADVANCED_FACE ( 'NONE', ( #2797 ), #3053, .F. ) ;
#1697 = LINE ( 'NONE', #251, #1578 ) ;
#1698 = ORIENTED_EDGE ( 'NONE', *, *, #1333, .F. ) ;
#1699 = CARTESIAN_POINT ( 'NONE',  ( -49.99999999999999289, -30.00000000000000000, -10.00000000000000000 ) ) ;
#1700 = FACE_BOUND ( 'NONE', #1275, .T. ) ;
#1701 = EDGE_LOOP ( 'NONE', ( #82, #1304, #557, #2444 ) ) ;
#1702 = EDGE_CURVE ( 'NONE', #1454, #2141, #1615, .T. ) ;
#1703 = CARTESIAN_POINT ( 'NONE',  ( 52.99999999999999289, 25.00000000000000711, 7.886751345948129099 ) ) ;
#1704 = DIRECTION ( 'NONE',  ( 0.000000000000000000, 0.000000000000000000, 1.000000000000000000 ) ) ;
#1705 = DIRECTION ( 'NONE',  ( -1.000000000000000000, 0.000000000000000000, -0.000000000000000000 ) ) ;
#1706 = EDGE_CURVE ( 'NONE', #1138, #1680, #2568, .T. ) ;
#1707 = VECTOR ( 'NONE', #432, 1000.000000000000114 ) ;
#1708 = EDGE_LOOP ( 'NONE', ( #2001, #1786 ) ) ;
#1709 = AXIS2_PLACEMENT_3D ( 'NONE', #333, #2225, #98 ) ;
#1710 = ORIENTED_EDGE ( 'NONE', *, *, #372, .F. ) ;
#1711 = VECTOR ( 'NONE', #881, 1000.000000000000000 ) ;
#1712 = VECTOR ( 'NONE', #1299, 1000.000000000000000 ) ;
#1713 = DIRECTION ( 'NONE',  ( 0.000000000000000000, 0.8660254037844388186, -0.4999999999999996114 ) ) ;
#1714 = AXIS2_PLACEMENT_3D ( 'NONE', #2268, #1305, #2518 ) ;
#1715 = CIRCLE ( 'NONE', #688, 1.700000000000000178 ) ;
#1716 = ORIENTED_EDGE ( 'NONE', *, *, #2626, .T. ) ;
#1717 = AXIS2_PLACEMENT_3D ( 'NONE', #891, #2548, #1183 ) ;
#1718 = CARTESIAN_POINT ( 'NONE',  ( 49.99999999999998579, 19.99999999999999289, -10.00000000000000000 ) ) ;
#1719 = CYLINDRICAL_SURFACE ( 'NONE', #2622, 1.700000000000000178 ) ;
#1720 = AXIS2_PLACEMENT_3D ( 'NONE', #2639, #2886, #61 ) ;
#1721 = VERTEX_POINT ( 'NONE', #1894 ) ;
#1722 = DIRECTION ( 'NONE',  ( 0.000000000000000000, 0.000000000000000000, -1.000000000000000000 ) ) ;
#1723 = FACE_OUTER_BOUND ( 'NONE', #1646, .T. ) ;
#1724 = EDGE_CURVE ( 'NONE', #1019, #2654, #1392, .T. ) ;
#1725 = DIRECTION ( 'NONE',  ( 1.000000000000000000, -0.000000000000000000, -0.000000000000000000 ) ) ;
#1726 = ORIENTED_EDGE ( 'NONE', *, *, #859, .T. ) ;
#1727 = ORIENTED_EDGE ( 'NONE', *, *, #2900, .T. ) ;
#1728 = LINE ( 'NONE', #2680, #3010 ) ;
#1729 = ORIENTED_EDGE ( 'NONE', *, *, #877, .T. ) ;
#1730 = DIRECTION ( 'NONE',  ( 0.000000000000000000, -0.000000000000000000, 1.000000000000000000 ) ) ;
#1731 = CARTESIAN_POINT ( 'NONE',  ( 49.99999999999998579, 27.50000000000001066, -6.443375672974062773 ) ) ;
#1732 = EDGE_CURVE ( 'NONE', #2654, #1491, #951, .T. ) ;
#1733 = VERTEX_POINT ( 'NONE', #7 ) ;
#1734 = DIRECTION ( 'NONE',  ( 0.000000000000000000, 0.8660254037844383745, -0.5000000000000003331 ) ) ;
#1735 = CARTESIAN_POINT ( 'NONE',  ( -49.99999999999998579, 22.50000000000000355, -6.443375672974059221 ) ) ;
#1736 = CARTESIAN_POINT ( 'NONE',  ( 60.00000000000000000, 24.99999999999999645, 5.000000000000000000 ) ) ;
#1737 = EDGE_LOOP ( 'NONE', ( #373, #1149, #1308, #419 ) ) ;
#1738 = EDGE_CURVE ( 'NONE', #2609, #2938, #1373, .T. ) ;
#1739 = LINE ( 'NONE', #635, #1328 ) ;
#1740 = ORIENTED_EDGE ( 'NONE', *, *, #567, .F. ) ;
#1741 = EDGE_CURVE ( 'NONE', #303, #1454, #1228, .T. ) ;
#1742 = CARTESIAN_POINT ( 'NONE',  ( -52.99999999999999289, 27.50000000000001066, -6.443375672974062773 ) ) ;
#1743 = CARTESIAN_POINT ( 'NONE',  ( 49.99999999999998579, 19.99999999999999289, -10.00000000000000000 ) ) ;
#1744 = FACE_OUTER_BOUND ( 'NONE', #2068, .T. ) ;
#1745 = EDGE_CURVE ( 'NONE', #1236, #1946, #1881, .T. ) ;
#1746 = VERTEX_POINT ( 'NONE', #1168 ) ;
#1747 = DIRECTION ( 'NONE',  ( -1.000000000000000000, -0.000000000000000000, -0.000000000000000000 ) ) ;
#1748 = DIRECTION ( 'NONE',  ( 0.000000000000000000, 0.8660254037844389297, -0.4999999999999996114 ) ) ;
#1749 = SHAPE_DEFINITION_REPRESENTATION ( #1072, #266 ) ;
#1750 = ORIENTED_EDGE ( 'NONE', *, *, #713, .T. ) ;
#1751 = LINE ( 'NONE', #1980, #683 ) ;
#1752 = CYLINDRICAL_SURFACE ( 'NONE', #2422, 5.000000000000000000 ) ;
#1753 = ADVANCED_FACE ( 'NONE', ( #661 ), #2830, .T. ) ;
#1754 = CARTESIAN_POINT ( 'NONE',  ( 49.99999999999998579, -30.00000000000000000, -10.00000000000000000 ) ) ;
#1755 = ORIENTED_EDGE ( 'NONE', *, *, #741, .F. ) ;
#1756 = FACE_OUTER_BOUND ( 'NONE', #189, .T. ) ;
#1757 = CARTESIAN_POINT ( 'NONE',  ( -52.99999999999999289, 24.99999999999997158, 3.299999999999998490 ) ) ;
#1758 = EDGE_LOOP ( 'NONE', ( #1755, #2221, #757, #200 ) ) ;
#1759 = AXIS2_PLACEMENT_3D ( 'NONE', #1791, #2973, #1529 ) ;
#1760 = FACE_OUTER_BOUND ( 'NONE', #1101, .T. ) ;
#1761 = DIRECTION ( 'NONE',  ( 0.000000000000000000, 0.000000000000000000, -1.000000000000000000 ) ) ;
#1762 = ADVANCED_FACE ( 'NONE', ( #2340 ), #1602, .F. ) ;
#1763 = VECTOR ( 'NONE', #1734, 1000.000000000000114 ) ;
#1764 = CIRCLE ( 'NONE', #1431, 1.700000000000000178 ) ;
#1765 = ORIENTED_EDGE ( 'NONE', *, *, #1597, .F. ) ;
#1766 = LINE ( 'NONE', #2483, #385 ) ;
#1767 = LINE ( 'NONE', #1800, #876 ) ;
#1768 = AXIS2_PLACEMENT_3D ( 'NONE', #1852, #1407, #937 ) ;
#1769 = VECTOR ( 'NONE', #2723, 1000.000000000000000 ) ;
#1770 = VECTOR ( 'NONE', #1811, 1000.000000000000114 ) ;
#1771 = EDGE_LOOP ( 'NONE', ( #277, #1782, #2134, #2739 ) ) ;
#1772 = DIRECTION ( 'NONE',  ( -1.000000000000000000, -0.000000000000000000, -0.000000000000000000 ) ) ;
#1773 = DIRECTION ( 'NONE',  ( 0.000000000000000000, -0.8660254037844387076, -0.4999999999999998335 ) ) ;
#1774 = VECTOR ( 'NONE', #918, 1000.000000000000000 ) ;
#1775 = CARTESIAN_POINT ( 'NONE',  ( 60.00000000000000000, -24.99999999999997158, 6.699999999999999289 ) ) ;
#1776 = VERTEX_POINT ( 'NONE', #1647 ) ;
#1777 = CARTESIAN_POINT ( 'NONE',  ( -52.99999999999999289, -22.50000000000000355, 3.556624327025939003 ) ) ;
#1778 = CARTESIAN_POINT ( 'NONE',  ( -60.00000000000000000, 30.00000000000000000, 5.000000000000000000 ) ) ;
#1779 = VERTEX_POINT ( 'NONE', #1660 ) ;
#1780 = DIRECTION ( 'NONE',  ( -0.000000000000000000, 0.8660254037844385966, -0.4999999999999999445 ) ) ;
#1781 = DIRECTION ( 'NONE',  ( 0.000000000000000000, -1.000000000000000000, 0.000000000000000000 ) ) ;
#1782 = ORIENTED_EDGE ( 'NONE', *, *, #339, .F. ) ;
#1783 = CARTESIAN_POINT ( 'NONE',  ( 60.00000000000000000, 24.99999999999997158, 4.999999999999999112 ) ) ;
#1784 = DIRECTION ( 'NONE',  ( -1.000000000000000000, 0.000000000000000000, 0.000000000000000000 ) ) ;
#1785 = EDGE_CURVE ( 'NONE', #1818, #703, #2598, .T. ) ;
#1786 = ORIENTED_EDGE ( 'NONE', *, *, #23, .T. ) ;
#1787 = DIRECTION ( 'NONE',  ( 0.000000000000000000, 0.000000000000000000, 1.000000000000000000 ) ) ;
#1788 = CARTESIAN_POINT ( 'NONE',  ( -60.00000000000000000, -24.99999999999999645, -4.999999999999999112 ) ) ;
#1789 = CARTESIAN_POINT ( 'NONE',  ( 52.99999999999999289, 27.50000000000001066, 6.443375672974062773 ) ) ;
#1790 = ORIENTED_EDGE ( 'NONE', *, *, #2021, .F. ) ;
#1791 = CARTESIAN_POINT ( 'NONE',  ( -52.99999999999999289, 27.50000000000001066, -3.556624327025931898 ) ) ;
#1792 = CARTESIAN_POINT ( 'NONE',  ( 60.00000000000000000, -24.99999999999997158, 4.999999999999999112 ) ) ;
#1793 = ORIENTED_EDGE ( 'NONE', *, *, #2793, .T. ) ;
#1794 = DIRECTION ( 'NONE',  ( -1.000000000000000000, -0.000000000000000000, -0.000000000000000000 ) ) ;
#1795 = CARTESIAN_POINT ( 'NONE',  ( 60.00000000000000000, 24.99999999999997158, -4.999999999999999112 ) ) ;
#1796 = CARTESIAN_POINT ( 'NONE',  ( 10.00000000000000000, 0.000000000000000000, 10.00000000000000000 ) ) ;
#1797 = EDGE_CURVE ( 'NONE', #1733, #1410, #2786, .T. ) ;
#1798 = ORIENTED_EDGE ( 'NONE', *, *, #972, .F. ) ;
#1799 = DIRECTION ( 'NONE',  ( 0.000000000000000000, 0.000000000000000000, 1.000000000000000000 ) ) ;
#1800 = CARTESIAN_POINT ( 'NONE',  ( -52.99999999999999289, -27.50000000000001066, -3.556624327025931898 ) ) ;
#1801 = VERTEX_POINT ( 'NONE', #1863 ) ;
#1802 = CARTESIAN_POINT ( 'NONE',  ( -52.99999999999999289, 25.00000000000001066, 2.113248654051870012 ) ) ;
#1803 = DIRECTION ( 'NONE',  ( -1.000000000000000000, -0.000000000000000000, -0.000000000000000000 ) ) ;
#1804 = ORIENTED_EDGE ( 'NONE', *, *, #521, .T. ) ;
#1805 = EDGE_CURVE ( 'NONE', #15, #1391, #528, .T. ) ;
#1806 = VERTEX_POINT ( 'NONE', #253 ) ;
#1807 = CARTESIAN_POINT ( 'NONE',  ( 60.00000000000000000, -24.99999999999997158, 4.999999999999999112 ) ) ;
#1808 = EDGE_CURVE ( 'NONE', #130, #2038, #137, .T. ) ;
#1809 = CARTESIAN_POINT ( 'NONE',  ( -50.00000000000000000, 24.99999999999999645, -10.00000000000000000 ) ) ;
#1810 = ORIENTED_EDGE ( 'NONE', *, *, #1925, .T. ) ;
#1811 = DIRECTION ( 'NONE',  ( 0.000000000000000000, 0.8660254037844383745, 0.5000000000000003331 ) ) ;
#1812 = CARTESIAN_POINT ( 'NONE',  ( 0.000000000000000000, 0.000000000000000000, -10.00000000000000000 ) ) ;
#1813 = VECTOR ( 'NONE', #1323, 1000.000000000000000 ) ;
#1814 = VERTEX_POINT ( 'NONE', #1718 ) ;
#1815 = LINE ( 'NONE', #1402, #193 ) ;
#1816 = CYLINDRICAL_SURFACE ( 'NONE', #3047, 1.700000000000000178 ) ;
#1817 = VECTOR ( 'NONE', #400, 1000.000000000000000 ) ;
#1818 = VERTEX_POINT ( 'NONE', #1905 ) ;
#1819 = VECTOR ( 'NONE', #240, 1000.000000000000000 ) ;
#1820 = CARTESIAN_POINT ( 'NONE',  ( 49.99999999999998579, 0.000000000000000000, 10.00000000000000000 ) ) ;
#1821 = CARTESIAN_POINT ( 'NONE',  ( 52.99999999999999289, -27.50000000000001066, 6.443375672974062773 ) ) ;
#1822 = VECTOR ( 'NONE', #2766, 1000.000000000000000 ) ;
#1823 = CARTESIAN_POINT ( 'NONE',  ( 49.99999999999999289, -24.99999999999999645, 10.00000000000000000 ) ) ;
#1824 = ORIENTED_EDGE ( 'NONE', *, *, #552, .T. ) ;
#1825 = CARTESIAN_POINT ( 'NONE',  ( 0.000000000000000000, 0.000000000000000000, 10.00000000000000000 ) ) ;
#1826 = VECTOR ( 'NONE', #275, 1000.000000000000000 ) ;
#1827 = ADVANCED_FACE ( 'NONE', ( #71 ), #264, .T. ) ;
#1828 = CARTESIAN_POINT ( 'NONE',  ( -52.99999999999999289, 25.00000000000001066, -2.113248654051870012 ) ) ;
#1829 = VECTOR ( 'NONE', #1043, 1000.000000000000000 ) ;
#1830 = ORIENTED_EDGE ( 'NONE', *, *, #2426, .T. ) ;
#1831 = FACE_OUTER_BOUND ( 'NONE', #2531, .T. ) ;
#1832 = ORIENTED_EDGE ( 'NONE', *, *, #706, .T. ) ;
#1833 = CARTESIAN_POINT ( 'NONE',  ( 52.99999999999999289, 27.50000000000001066, 3.556624327025931898 ) ) ;
#1834 = FACE_BOUND ( 'NONE', #788, .T. ) ;
#1835 = VERTEX_POINT ( 'NONE', #2396 ) ;
#1836 = CARTESIAN_POINT ( 'NONE',  ( 60.00000000000000000, -24.99999999999999645, -4.999999999999999112 ) ) ;
#1837 = CARTESIAN_POINT ( 'NONE',  ( 52.99999999999999289, 25.00000000000001066, -2.113248654051870012 ) ) ;
#1838 = ORIENTED_EDGE ( 'NONE', *, *, #1805, .T. ) ;
#1839 = LINE ( 'NONE', #2587, #378 ) ;
#1840 = EDGE_CURVE ( 'NONE', #2642, #1801, #3052, .T. ) ;
#1841 = ORIENTED_EDGE ( 'NONE', *, *, #977, .T. ) ;
#1842 = DIRECTION ( 'NONE',  ( 0.000000000000000000, -0.000000000000000000, -1.000000000000000000 ) ) ;
#1843 = LINE ( 'NONE', #1856, #284 ) ;
#1844 = ORIENTED_EDGE ( 'NONE', *, *, #279, .F. ) ;
#1845 = ADVANCED_FACE ( 'NONE', ( #760 ), #735, .F. ) ;
#1846 = DIRECTION ( 'NONE',  ( 0.000000000000000000, 0.4999999999999998335, -0.8660254037844387076 ) ) ;
#1847 = ORIENTED_EDGE ( 'NONE', *, *, #1621, .T. ) ;
#1848 = EDGE_CURVE ( 'NONE', #2380, #668, #1461, .T. ) ;
#1849 = PLANE ( 'NONE',  #2166 ) ;
#1850 = ADVANCED_FACE ( 'NONE', ( #1440, #2885, #2424 ), #541, .F. ) ;
#1851 = ORIENTED_EDGE ( 'NONE', *, *, #2793, .F. ) ;
#1852 = CARTESIAN_POINT ( 'NONE',  ( 60.00000000000000000, 24.99999999999997158, -4.999999999999999112 ) ) ;
#1853 = DIRECTION ( 'NONE',  ( 0.000000000000000000, 0.000000000000000000, 1.000000000000000000 ) ) ;
#1854 = ORIENTED_EDGE ( 'NONE', *, *, #2355, .T. ) ;
#1855 = EDGE_CURVE ( 'NONE', #1491, #3061, #1244, .T. ) ;
#1856 = CARTESIAN_POINT ( 'NONE',  ( 52.99999999999999289, -25.00000000000001066, -2.113248654051870012 ) ) ;
#1857 = VERTEX_POINT ( 'NONE', #2138 ) ;
#1858 = DIRECTION ( 'NONE',  ( -1.000000000000000000, -0.000000000000000000, -0.000000000000000000 ) ) ;
#1859 = LINE ( 'NONE', #1833, #783 ) ;
#1860 = EDGE_CURVE ( 'NONE', #1721, #873, #308, .T. ) ;
#1861 = AXIS2_PLACEMENT_3D ( 'NONE', #1792, #1061, #102 ) ;
#1862 = ORIENTED_EDGE ( 'NONE', *, *, #1258, .T. ) ;
#1863 = CARTESIAN_POINT ( 'NONE',  ( 49.99999999999998579, -30.00000000000000000, -4.999999999999999112 ) ) ;
#1864 = DIRECTION ( 'NONE',  ( 0.000000000000000000, -0.000000000000000000, -1.000000000000000000 ) ) ;
#1865 = AXIS2_PLACEMENT_3D ( 'NONE', #2050, #2997, #878 ) ;
#1866 = DIRECTION ( 'NONE',  ( 0.000000000000000000, 0.000000000000000000, 1.000000000000000000 ) ) ;
#1867 = AXIS2_PLACEMENT_3D ( 'NONE', #96, #1348, #810 ) ;
#1868 = ORIENTED_EDGE ( 'NONE', *, *, #1673, .F. ) ;
#1869 = VECTOR ( 'NONE', #917, 1000.000000000000000 ) ;
#1870 = AXIS2_PLACEMENT_3D ( 'NONE', #1058, #828, #313 ) ;
#1871 = CARTESIAN_POINT ( 'NONE',  ( -60.00000000000000000, -30.00000000000000000, 5.000000000000000000 ) ) ;
#1872 = ORIENTED_EDGE ( 'NONE', *, *, #1127, .F. ) ;
#1873 = VECTOR ( 'NONE', #1955, 1000.000000000000000 ) ;
#1874 = CYLINDRICAL_SURFACE ( 'NONE', #1915, 1.700000000000000178 ) ;
#1875 = VECTOR ( 'NONE', #1261, 1000.000000000000000 ) ;
#1876 = EDGE_LOOP ( 'NONE', ( #987, #2456, #2080, #1664 ) ) ;
#1877 = EDGE_CURVE ( 'NONE', #899, #1068, #2185, .T. ) ;
#1878 = LINE ( 'NONE', #2169, #1028 ) ;
#1879 = ORIENTED_EDGE ( 'NONE', *, *, #2728, .F. ) ;
#1880 = ADVANCED_FACE ( 'NONE', ( #2638 ), #1214, .F. ) ;
#1881 = LINE ( 'NONE', #1189, #637 ) ;
#1882 = LINE ( 'NONE', #1190, #833 ) ;
#1883 = CYLINDRICAL_SURFACE ( 'NONE', #575, 1.700000000000000178 ) ;
#1884 = ORIENTED_EDGE ( 'NONE', *, *, #2222, .F. ) ;
#1885 = DIRECTION ( 'NONE',  ( 0.000000000000000000, -1.000000000000000000, 0.000000000000000000 ) ) ;
#1886 = CYLINDRICAL_SURFACE ( 'NONE', #1331, 5.000000000000000000 ) ;
#1887 = ADVANCED_FACE ( 'NONE', ( #2384, #983, #2172, #60, #1451 ), #2151, .F. ) ;
#1888 = EDGE_LOOP ( 'NONE', ( #2086, #215 ) ) ;
#1889 = PLANE ( 'NONE',  #2910 ) ;
#1890 = ORIENTED_EDGE ( 'NONE', *, *, #1539, .F. ) ;
#1891 = DIRECTION ( 'NONE',  ( 0.000000000000000000, -0.8660254037844383745, -0.5000000000000003331 ) ) ;
#1892 = EDGE_CURVE ( 'NONE', #1316, #1835, #2436, .T. ) ;
#1893 = ORIENTED_EDGE ( 'NONE', *, *, #656, .T. ) ;
#1894 = CARTESIAN_POINT ( 'NONE',  ( 60.00000000000000000, -24.99999999999999645, 10.00000000000000000 ) ) ;
#1895 = DIRECTION ( 'NONE',  ( -0.000000000000000000, -0.000000000000000000, 1.000000000000000000 ) ) ;
#1896 = PLANE ( 'NONE',  #3008 ) ;
#1897 = ORIENTED_EDGE ( 'NONE', *, *, #2816, .F. ) ;
#1898 = CARTESIAN_POINT ( 'NONE',  ( 52.99999999999999289, 24.99999999999997158, -4.999999999999999112 ) ) ;
#1899 = EDGE_CURVE ( 'NONE', #1940, #1857, #18, .T. ) ;
#1900 = DIRECTION ( 'NONE',  ( 0.000000000000000000, 0.000000000000000000, -1.000000000000000000 ) ) ;
#1901 = ORIENTED_EDGE ( 'NONE', *, *, #2939, .T. ) ;
#1902 = ORIENTED_EDGE ( 'NONE', *, *, #1290, .F. ) ;
#1903 = LINE ( 'NONE', #731, #2769 ) ;
#1904 = ORIENTED_EDGE ( 'NONE', *, *, #2825, .T. ) ;
#1905 = CARTESIAN_POINT ( 'NONE',  ( 49.99999999999998579, 30.00000000000000000, -4.999999999999999112 ) ) ;
#1906 = DIRECTION ( 'NONE',  ( 1.000000000000000000, -0.000000000000000000, -0.000000000000000000 ) ) ;
#1907 = ORIENTED_EDGE ( 'NONE', *, *, #1934, .F. ) ;
#1908 = CIRCLE ( 'NONE', #772, 1.700000000000000178 ) ;
#1909 = CARTESIAN_POINT ( 'NONE',  ( -52.99999999999999289, -22.50000000000000355, 3.556624327025939003 ) ) ;
#1910 = CARTESIAN_POINT ( 'NONE',  ( 49.99999999999998579, -27.50000000000001066, 3.556624327025931898 ) ) ;
#1911 = VERTEX_POINT ( 'NONE', #963 ) ;
#1912 = EDGE_CURVE ( 'NONE', #3051, #1371, #2857, .T. ) ;
#1913 = AXIS2_PLACEMENT_3D ( 'NONE', #720, #2569, #2306 ) ;
#1914 = AXIS2_PLACEMENT_3D ( 'NONE', #640, #119, #1534 ) ;
#1915 = AXIS2_PLACEMENT_3D ( 'NONE', #3020, #171, #2547 ) ;
#1916 = ORIENTED_EDGE ( 'NONE', *, *, #666, .T. ) ;
#1917 = CYLINDRICAL_SURFACE ( 'NONE', #639, 1.700000000000000178 ) ;
#1918 = AXIS2_PLACEMENT_3D ( 'NONE', #2033, #2236, #626 ) ;
#1919 = VERTEX_POINT ( 'NONE', #357 ) ;
#1920 = CARTESIAN_POINT ( 'NONE',  ( 49.99999999999999289, -19.99999999999999645, -10.00000000000000000 ) ) ;
#1921 = APPLICATION_PROTOCOL_DEFINITION ( 'draft international standard', 'automotive_design', 1998, #501 ) ;
#1922 = CARTESIAN_POINT ( 'NONE',  ( 52.99999999999999289, 27.50000000000001066, 6.443375672974062773 ) ) ;
#1923 = ORIENTED_EDGE ( 'NONE', *, *, #1295, .T. ) ;
#1924 = LINE ( 'NONE', #796, #1763 ) ;
#1925 = EDGE_CURVE ( 'NONE', #1776, #911, #1131, .T. ) ;
#1926 = LINE ( 'NONE', #2660, #2418 ) ;
#1927 = ORIENTED_EDGE ( 'NONE', *, *, #1568, .F. ) ;
#1928 = EDGE_LOOP ( 'NONE', ( #855, #2505 ) ) ;
#1929 = LINE ( 'NONE', #2839, #2118 ) ;
#1930 = EDGE_CURVE ( 'NONE', #873, #1243, #2498, .T. ) ;
#1931 = ORIENTED_EDGE ( 'NONE', *, *, #330, .T. ) ;
#1932 = DIRECTION ( 'NONE',  ( 0.000000000000000000, 0.000000000000000000, -1.000000000000000000 ) ) ;
#1933 = FACE_OUTER_BOUND ( 'NONE', #2542, .T. ) ;
#1934 = EDGE_CURVE ( 'NONE', #2994, #1419, #2247, .T. ) ;
#1935 = ORIENTED_EDGE ( 'NONE', *, *, #461, .T. ) ;
#1936 = CARTESIAN_POINT ( 'NONE',  ( 52.99999999999999289, -22.50000000000000355, -6.443375672974059221 ) ) ;
#1937 = CARTESIAN_POINT ( 'NONE',  ( -49.99999999999999289, -19.99999999999999645, -10.00000000000000000 ) ) ;
#1938 = CARTESIAN_POINT ( 'NONE',  ( 60.00000000000000711, -24.99999999999997158, -4.999999999999999112 ) ) ;
#1939 = EDGE_CURVE ( 'NONE', #2884, #1642, #622, .T. ) ;
#1940 = VERTEX_POINT ( 'NONE', #838 ) ;
#1941 = FACE_OUTER_BOUND ( 'NONE', #768, .T. ) ;
#1942 = ORIENTED_EDGE ( 'NONE', *, *, #2362, .F. ) ;
#1943 = CARTESIAN_POINT ( 'NONE',  ( 60.00000000000000000, 24.99999999999997158, 4.999999999999999112 ) ) ;
#1944 = DIRECTION ( 'NONE',  ( -6.938893903907227392E-16, -1.000000000000000000, 0.000000000000000000 ) ) ;
#1945 = ADVANCED_FACE ( 'NONE', ( #554 ), #322, .F. ) ;
#1946 = VERTEX_POINT ( 'NONE', #1107 ) ;
#1947 = DIRECTION ( 'NONE',  ( 0.000000000000000000, 0.8660254037844383745, 0.5000000000000003331 ) ) ;
#1948 = DIRECTION ( 'NONE',  ( 0.000000000000000000, 0.000000000000000000, -1.000000000000000000 ) ) ;
#1949 = DIRECTION ( 'NONE',  ( -1.000000000000000000, -0.000000000000000000, -0.000000000000000000 ) ) ;
#1950 = AXIS2_PLACEMENT_3D ( 'NONE', #596, #1332, #2238 ) ;
#1951 = ORIENTED_EDGE ( 'NONE', *, *, #2130, .T. ) ;
#1952 = AXIS2_PLACEMENT_3D ( 'NONE', #2233, #2916, #2218 ) ;
#1953 = ORIENTED_EDGE ( 'NONE', *, *, #2492, .F. ) ;
#1954 = AXIS2_PLACEMENT_3D ( 'NONE', #2157, #2188, #22 ) ;
#1955 = DIRECTION ( 'NONE',  ( 1.000000000000000000, -0.000000000000000000, -0.000000000000000000 ) ) ;
#1956 = AXIS2_PLACEMENT_3D ( 'NONE', #1836, #674, #1420 ) ;
#1957 = ADVANCED_FACE ( 'NONE', ( #121, #2716 ), #2944, .T. ) ;
#1958 = EDGE_LOOP ( 'NONE', ( #664, #2515 ) ) ;
#1959 = VECTOR ( 'NONE', #438, 1000.000000000000000 ) ;
#1960 = DIRECTION ( 'NONE',  ( 0.000000000000000000, 1.000000000000000000, 0.000000000000000000 ) ) ;
#1961 = LINE ( 'NONE', #2010, #923 ) ;
#1962 =( NAMED_UNIT ( * ) PLANE_ANGLE_UNIT ( ) SI_UNIT ( $, .RADIAN. ) );
#1963 = VECTOR ( 'NONE', #487, 1000.000000000000000 ) ;
#1964 = EDGE_CURVE ( 'NONE', #2992, #707, #2448, .T. ) ;
#1965 = EDGE_LOOP ( 'NONE', ( #1024, #1087, #1110, #2574 ) ) ;
#1966 = DIRECTION ( 'NONE',  ( 0.000000000000000000, -0.8660254037844389297, 0.4999999999999996114 ) ) ;
#1967 = CARTESIAN_POINT ( 'NONE',  ( 52.99999999999999289, -25.00000000000001066, 2.113248654051870012 ) ) ;
#1968 = LINE ( 'NONE', #1527, #1769 ) ;
#1969 = ADVANCED_FACE ( 'NONE', ( #1288, #2287, #1322, #1567, #145 ), #92, .F. ) ;
#1970 = ORIENTED_EDGE ( 'NONE', *, *, #2998, .T. ) ;
#1971 = ADVANCED_FACE ( 'NONE', ( #2732 ), #160, .F. ) ;
#1972 = DIRECTION ( 'NONE',  ( 0.000000000000000000, -0.4999999999999998335, -0.8660254037844387076 ) ) ;
#1973 = ORIENTED_EDGE ( 'NONE', *, *, #1860, .T. ) ;
#1974 = LINE ( 'NONE', #1317, #335 ) ;
#1975 = FACE_OUTER_BOUND ( 'NONE', #2964, .T. ) ;
#1976 = EDGE_LOOP ( 'NONE', ( #1793, #2254, #960, #123, #2535, #1051 ) ) ;
#1977 = CARTESIAN_POINT ( 'NONE',  ( -60.00000000000000711, 24.99999999999997158, -4.999999999999999112 ) ) ;
#1978 = ADVANCED_FACE ( 'NONE', ( #820 ), #2993, .T. ) ;
#1979 = ORIENTED_EDGE ( 'NONE', *, *, #1005, .T. ) ;
#1980 = CARTESIAN_POINT ( 'NONE',  ( 52.99999999999999289, -27.50000000000001066, -6.443375672974062773 ) ) ;
#1981 = LINE ( 'NONE', #2933, #144 ) ;
#1982 = DIRECTION ( 'NONE',  ( 1.000000000000000000, -0.000000000000000000, 0.000000000000000000 ) ) ;
#1983 = VERTEX_POINT ( 'NONE', #2980 ) ;
#1984 = EDGE_CURVE ( 'NONE', #2794, #1003, #283, .T. ) ;
#1985 = CARTESIAN_POINT ( 'NONE',  ( 52.99999999999999289, -22.50000000000000355, -3.556624327025939003 ) ) ;
#1986 = VERTEX_POINT ( 'NONE', #1069 ) ;
#1987 = CARTESIAN_POINT ( 'NONE',  ( -60.00000000000000711, -24.99999999999997158, -6.699999999999999289 ) ) ;
#1988 = DIRECTION ( 'NONE',  ( 0.000000000000000000, -0.8660254037844388186, -0.4999999999999996114 ) ) ;
#1989 = EDGE_LOOP ( 'NONE', ( #1091, #2390 ) ) ;
#1990 = CARTESIAN_POINT ( 'NONE',  ( 49.99999999999998579, -25.00000000000001066, -2.113248654051870012 ) ) ;
#1991 = LINE ( 'NONE', #2733, #1324 ) ;
#1992 = DIRECTION ( 'NONE',  ( 1.040834085586084257E-16, -1.000000000000000000, 0.000000000000000000 ) ) ;
#1993 = ORIENTED_EDGE ( 'NONE', *, *, #293, .T. ) ;
#1994 = CARTESIAN_POINT ( 'NONE',  ( 60.00000000000000711, -24.99999999999997158, -3.299999999999998490 ) ) ;
#1995 = CARTESIAN_POINT ( 'NONE',  ( -52.99999999999999289, 25.00000000000001066, 2.113248654051870012 ) ) ;
#1996 = DIRECTION ( 'NONE',  ( 0.000000000000000000, 0.000000000000000000, 1.000000000000000000 ) ) ;
#1997 = VERTEX_POINT ( 'NONE', #1536 ) ;
#1998 = DIRECTION ( 'NONE',  ( 0.000000000000000000, 0.8660254037844385966, -0.4999999999999999445 ) ) ;
#1999 = VECTOR ( 'NONE', #2921, 1000.000000000000000 ) ;
#2000 = CARTESIAN_POINT ( 'NONE',  ( -52.99999999999999289, -27.50000000000001066, 3.556624327025931898 ) ) ;
#2001 = ORIENTED_EDGE ( 'NONE', *, *, #1426, .T. ) ;
#2002 = EDGE_CURVE ( 'NONE', #1598, #802, #2009, .T. ) ;
#2003 = VECTOR ( 'NONE', #2248, 1000.000000000000000 ) ;
#2004 = LINE ( 'NONE', #835, #2326 ) ;
#2005 = CARTESIAN_POINT ( 'NONE',  ( -50.00000000000000000, 24.99999999999999645, 5.000000000000000000 ) ) ;
#2006 = AXIS2_PLACEMENT_3D ( 'NONE', #1703, #531, #1947 ) ;
#2007 = VECTOR ( 'NONE', #2707, 1000.000000000000000 ) ;
#2008 = ORIENTED_EDGE ( 'NONE', *, *, #2201, .F. ) ;
#2009 = LINE ( 'NONE', #1990, #2011 ) ;
#2010 = CARTESIAN_POINT ( 'NONE',  ( -60.00000000000000000, -24.99999999999999645, -10.00000000000000000 ) ) ;
#2011 = VECTOR ( 'NONE', #2682, 1000.000000000000000 ) ;
#2012 = VECTOR ( 'NONE', #535, 1000.000000000000000 ) ;
#2013 = VECTOR ( 'NONE', #2479, 1000.000000000000114 ) ;
#2014 = ORIENTED_EDGE ( 'NONE', *, *, #1401, .F. ) ;
#2015 = FACE_OUTER_BOUND ( 'NONE', #1291, .T. ) ;
#2016 = DIRECTION ( 'NONE',  ( 0.000000000000000000, 0.000000000000000000, 1.000000000000000000 ) ) ;
#2017 = CIRCLE ( 'NONE', #1438, 10.00000000000000000 ) ;
#2018 = CARTESIAN_POINT ( 'NONE',  ( -49.99999999999999289, -19.99999999999999645, -10.00000000000000000 ) ) ;
#2019 = ORIENTED_EDGE ( 'NONE', *, *, #1724, .T. ) ;
#2020 = DIRECTION ( 'NONE',  ( 0.000000000000000000, -0.000000000000000000, 1.000000000000000000 ) ) ;
#2021 = EDGE_CURVE ( 'NONE', #1450, #1384, #1766, .T. ) ;
#2022 = CARTESIAN_POINT ( 'NONE',  ( -52.99999999999999289, 24.99999999999997158, 4.999999999999999112 ) ) ;
#2023 = ORIENTED_EDGE ( 'NONE', *, *, #405, .F. ) ;
#2024 = CARTESIAN_POINT ( 'NONE',  ( -52.99999999999999289, -25.00000000000001066, 2.113248654051870012 ) ) ;
#2025 = LINE ( 'NONE', #2978, #2565 ) ;
#2026 = ORIENTED_EDGE ( 'NONE', *, *, #2963, .F. ) ;
#2027 = DIRECTION ( 'NONE',  ( 0.000000000000000000, 0.000000000000000000, -1.000000000000000000 ) ) ;
#2028 = DIRECTION ( 'NONE',  ( 0.000000000000000000, -0.8660254037844385966, -0.4999999999999999445 ) ) ;
#2029 = EDGE_CURVE ( 'NONE', #314, #1983, #1550, .T. ) ;
#2030 = ORIENTED_EDGE ( 'NONE', *, *, #1608, .F. ) ;
#2031 = DIRECTION ( 'NONE',  ( 0.000000000000000000, 0.000000000000000000, 1.000000000000000000 ) ) ;
#2032 = ADVANCED_FACE ( 'NONE', ( #1417, #2580 ), #466, .T. ) ;
#2033 = CARTESIAN_POINT ( 'NONE',  ( 52.99999999999999289, 24.99999999999997158, -4.999999999999999112 ) ) ;
#2034 = FACE_BOUND ( 'NONE', #613, .T. ) ;
#2035 = ORIENTED_EDGE ( 'NONE', *, *, #744, .F. ) ;
#2036 = DIRECTION ( 'NONE',  ( -0.000000000000000000, -1.000000000000000000, -0.000000000000000000 ) ) ;
#2037 = CARTESIAN_POINT ( 'NONE',  ( 52.99999999999999289, 24.99999999999997158, -6.699999999999999289 ) ) ;
#2038 = VERTEX_POINT ( 'NONE', #2827 ) ;
#2039 = CARTESIAN_POINT ( 'NONE',  ( -52.99999999999999289, -25.00000000000000711, 7.886751345948129099 ) ) ;
#2040 = FACE_OUTER_BOUND ( 'NONE', #813, .T. ) ;
#2041 = DIRECTION ( 'NONE',  ( -1.000000000000000000, -0.000000000000000000, -0.000000000000000000 ) ) ;
#2042 = ORIENTED_EDGE ( 'NONE', *, *, #534, .T. ) ;
#2043 = ORIENTED_EDGE ( 'NONE', *, *, #1524, .T. ) ;
#2044 = CARTESIAN_POINT ( 'NONE',  ( -52.99999999999999289, -27.50000000000001066, -3.556624327025931898 ) ) ;
#2045 = APPLICATION_PROTOCOL_DEFINITION ( 'draft international standard', 'automotive_design', 1998, #2243 ) ;
#2046 = ORIENTED_EDGE ( 'NONE', *, *, #422, .F. ) ;
#2047 = EDGE_CURVE ( 'NONE', #272, #2312, #4, .T. ) ;
#2048 = LINE ( 'NONE', #843, #2762 ) ;
#2049 = DIRECTION ( 'NONE',  ( 0.000000000000000000, 0.000000000000000000, 1.000000000000000000 ) ) ;
#2050 = CARTESIAN_POINT ( 'NONE',  ( 60.00000000000000000, 24.99999999999997158, 4.999999999999999112 ) ) ;
#2051 = ORIENTED_EDGE ( 'NONE', *, *, #2470, .F. ) ;
#2052 = DIRECTION ( 'NONE',  ( 0.000000000000000000, 0.000000000000000000, -1.000000000000000000 ) ) ;
#2053 = DIRECTION ( 'NONE',  ( 1.000000000000000000, -0.000000000000000000, -0.000000000000000000 ) ) ;
#2054 = ORIENTED_EDGE ( 'NONE', *, *, #1597, .T. ) ;
#2055 = DIRECTION ( 'NONE',  ( 0.000000000000000000, -0.000000000000000000, 1.000000000000000000 ) ) ;
#2056 = DIRECTION ( 'NONE',  ( 0.000000000000000000, -1.000000000000000000, 0.000000000000000000 ) ) ;
#2057 = CARTESIAN_POINT ( 'NONE',  ( 52.99999999999999289, -25.00000000000000711, 7.886751345948129099 ) ) ;
#2058 = EDGE_CURVE ( 'NONE', #620, #2872, #1122, .T. ) ;
#2059 = VECTOR ( 'NONE', #3040, 1000.000000000000114 ) ;
#2060 = EDGE_LOOP ( 'NONE', ( #2924, #649, #1251, #1538, #1444, #2131 ) ) ;
#2061 = VECTOR ( 'NONE', #486, 1000.000000000000000 ) ;
#2062 = CARTESIAN_POINT ( 'NONE',  ( -52.99999999999999289, 24.99999999999997158, 4.999999999999999112 ) ) ;
#2063 = CIRCLE ( 'NONE', #685, 1.700000000000000178 ) ;
#2064 = LINE ( 'NONE', #1995, #1137 ) ;
#2065 = ORIENTED_EDGE ( 'NONE', *, *, #612, .T. ) ;
#2066 = ADVANCED_FACE ( 'NONE', ( #704 ), #236, .F. ) ;
#2067 = VECTOR ( 'NONE', #2792, 1000.000000000000114 ) ;
#2068 = EDGE_LOOP ( 'NONE', ( #1496, #1325, #3029, #2187 ) ) ;
#2069 = DIRECTION ( 'NONE',  ( -0.000000000000000000, -0.8660254037844385966, -0.4999999999999999445 ) ) ;
#2070 = VECTOR ( 'NONE', #1573, 1000.000000000000114 ) ;
#2071 = EDGE_CURVE ( 'NONE', #406, #2635, #451, .T. ) ;
#2072 = CARTESIAN_POINT ( 'NONE',  ( -52.99999999999999289, -22.50000000000000355, 6.443375672974059221 ) ) ;
#2073 = ORIENTED_EDGE ( 'NONE', *, *, #1054, .T. ) ;
#2074 = CARTESIAN_POINT ( 'NONE',  ( 60.00000000000000000, 24.99999999999997158, 3.299999999999998490 ) ) ;
#2075 = ADVANCED_FACE ( 'NONE', ( #1370 ), #2795, .T. ) ;
#2076 = ORIENTED_EDGE ( 'NONE', *, *, #2499, .F. ) ;
#2077 = DIRECTION ( 'NONE',  ( 0.000000000000000000, -0.000000000000000000, -1.000000000000000000 ) ) ;
#2078 = DIRECTION ( 'NONE',  ( -1.000000000000000000, 0.000000000000000000, 0.000000000000000000 ) ) ;
#2079 = ADVANCED_FACE ( 'NONE', ( #3009 ), #1645, .F. ) ;
#2080 = ORIENTED_EDGE ( 'NONE', *, *, #800, .T. ) ;
#2081 = DIRECTION ( 'NONE',  ( -1.000000000000000000, -0.000000000000000000, -0.000000000000000000 ) ) ;
#2082 = DIRECTION ( 'NONE',  ( 0.000000000000000000, -1.000000000000000000, 0.000000000000000000 ) ) ;
#2083 = ORIENTED_EDGE ( 'NONE', *, *, #315, .T. ) ;
#2084 = PRESENTATION_STYLE_ASSIGNMENT (( #201 ) ) ;
#2085 = DIRECTION ( 'NONE',  ( 0.000000000000000000, 0.000000000000000000, 1.000000000000000000 ) ) ;
#2086 = ORIENTED_EDGE ( 'NONE', *, *, #199, .T. ) ;
#2087 = ADVANCED_FACE ( 'NONE', ( #408 ), #2363, .T. ) ;
#2088 = CARTESIAN_POINT ( 'NONE',  ( 52.99999999999999289, -24.99999999999997158, 6.699999999999999289 ) ) ;
#2089 = ORIENTED_EDGE ( 'NONE', *, *, #992, .F. ) ;
#2090 = DIRECTION ( 'NONE',  ( 0.000000000000000000, -1.000000000000000000, 0.000000000000000000 ) ) ;
#2091 = ORIENTED_EDGE ( 'NONE', *, *, #2071, .T. ) ;
#2092 = DIRECTION ( 'NONE',  ( 0.000000000000000000, 0.8660254037844387076, -0.4999999999999998335 ) ) ;
#2093 = DIRECTION ( 'NONE',  ( -1.000000000000000000, 0.000000000000000000, 0.000000000000000000 ) ) ;
#2094 = DIRECTION ( 'NONE',  ( 0.000000000000000000, 0.000000000000000000, -1.000000000000000000 ) ) ;
#2095 = EDGE_LOOP ( 'NONE', ( #945, #1884, #2083, #106 ) ) ;
#2096 =( NAMED_UNIT ( * ) SI_UNIT ( $, .STERADIAN. ) SOLID_ANGLE_UNIT ( ) );
#2097 = EDGE_CURVE ( 'NONE', #95, #15, #1139, .T. ) ;
#2098 = DIRECTION ( 'NONE',  ( 6.938893903907227392E-16, 1.000000000000000000, 0.000000000000000000 ) ) ;
#2099 = ORIENTED_EDGE ( 'NONE', *, *, #2395, .T. ) ;
#2100 = LINE ( 'NONE', #2759, #890 ) ;
#2101 = EDGE_CURVE ( 'NONE', #2779, #27, #1859, .T. ) ;
#2102 = ORIENTED_EDGE ( 'NONE', *, *, #115, .F. ) ;
#2103 = CARTESIAN_POINT ( 'NONE',  ( 0.000000000000000000, 24.99999999999999645, 10.00000000000000000 ) ) ;
#2104 = VECTOR ( 'NONE', #1148, 1000.000000000000114 ) ;
#2105 = ORIENTED_EDGE ( 'NONE', *, *, #1648, .F. ) ;
#2106 = CARTESIAN_POINT ( 'NONE',  ( 49.99999999999998579, -22.50000000000000355, -6.443375672974059221 ) ) ;
#2107 = DIRECTION ( 'NONE',  ( 0.000000000000000000, 0.000000000000000000, -1.000000000000000000 ) ) ;
#2108 = VECTOR ( 'NONE', #421, 1000.000000000000114 ) ;
#2109 = DIRECTION ( 'NONE',  ( 1.000000000000000000, 0.000000000000000000, 0.000000000000000000 ) ) ;
#2110 = AXIS2_PLACEMENT_3D ( 'NONE', #2736, #1554, #1327 ) ;
#2111 = CIRCLE ( 'NONE', #1572, 1.700000000000000178 ) ;
#2112 = ORIENTED_EDGE ( 'NONE', *, *, #1860, .F. ) ;
#2113 = CARTESIAN_POINT ( 'NONE',  ( 52.99999999999999289, 27.50000000000001066, 3.556624327025931898 ) ) ;
#2114 = VECTOR ( 'NONE', #222, 1000.000000000000000 ) ;
#2115 = VECTOR ( 'NONE', #547, 1000.000000000000114 ) ;
#2116 = DIRECTION ( 'NONE',  ( 0.000000000000000000, -0.8660254037844385966, -0.4999999999999998890 ) ) ;
#2117 = VERTEX_POINT ( 'NONE', #420 ) ;
#2118 = VECTOR ( 'NONE', #2607, 1000.000000000000000 ) ;
#2119 = EDGE_CURVE ( 'NONE', #1814, #1528, #1815, .T. ) ;
#2120 = CARTESIAN_POINT ( 'NONE',  ( 60.00000000000000000, 24.99999999999997158, 4.999999999999999112 ) ) ;
#2121 = VECTOR ( 'NONE', #1555, 1000.000000000000114 ) ;
#2122 = VERTEX_POINT ( 'NONE', #3021 ) ;
#2123 = CARTESIAN_POINT ( 'NONE',  ( 60.00000000000000000, -24.99999999999997158, 6.699999999999999289 ) ) ;
#2124 = UNCERTAINTY_MEASURE_WITH_UNIT (LENGTH_MEASURE( 1.000000000000000082E-05 ), #1678, 'distance_accuracy_value', 'NONE');
#2125 = ORIENTED_EDGE ( 'NONE', *, *, #472, .T. ) ;
#2126 = DIRECTION ( 'NONE',  ( -1.000000000000000000, -0.000000000000000000, -0.000000000000000000 ) ) ;
#2127 = LINE ( 'NONE', #952, #2621 ) ;
#2128 = ADVANCED_FACE ( 'NONE', ( #903 ), #1849, .T. ) ;
#2129 = DIRECTION ( 'NONE',  ( 0.000000000000000000, 0.000000000000000000, -1.000000000000000000 ) ) ;
#2130 = EDGE_CURVE ( 'NONE', #971, #2490, #175, .T. ) ;
#2131 = ORIENTED_EDGE ( 'NONE', *, *, #2395, .F. ) ;
#2132 = CARTESIAN_POINT ( 'NONE',  ( 49.99999999999998579, 22.50000000000000355, -3.556624327025939003 ) ) ;
#2133 = CYLINDRICAL_SURFACE ( 'NONE', #2652, 1.700000000000000178 ) ;
#2134 = ORIENTED_EDGE ( 'NONE', *, *, #1066, .F. ) ;
#2135 = EDGE_LOOP ( 'NONE', ( #1546, #1604, #942, #143 ) ) ;
#2136 = CARTESIAN_POINT ( 'NONE',  ( 0.000000000000000000, 0.000000000000000000, -10.00000000000000000 ) ) ;
#2137 = ORIENTED_EDGE ( 'NONE', *, *, #2853, .F. ) ;
#2138 = CARTESIAN_POINT ( 'NONE',  ( 49.99999999999998579, 22.50000000000000355, 3.556624327025939003 ) ) ;
#2139 = DIRECTION ( 'NONE',  ( 0.000000000000000000, 1.000000000000000000, 0.000000000000000000 ) ) ;
#2140 = CARTESIAN_POINT ( 'NONE',  ( 52.99999999999999289, -22.50000000000000355, 3.556624327025939003 ) ) ;
#2141 = VERTEX_POINT ( 'NONE', #1151 ) ;
#2142 = EDGE_CURVE ( 'NONE', #1243, #703, #2573, .T. ) ;
#2143 = EDGE_LOOP ( 'NONE', ( #1901, #304, #652, #1167, #2911, #536 ) ) ;
#2144 = FILL_AREA_STYLE_COLOUR ( '', #1128 ) ;
#2145 = CARTESIAN_POINT ( 'NONE',  ( 52.99999999999999289, 22.50000000000000355, 6.443375672974059221 ) ) ;
#2146 = ORIENTED_EDGE ( 'NONE', *, *, #2976, .T. ) ;
#2147 = CARTESIAN_POINT ( 'NONE',  ( -49.99999999999999289, -27.50000000000001066, 6.443375672974060997 ) ) ;
#2148 = ORIENTED_EDGE ( 'NONE', *, *, #206, .T. ) ;
#2149 = LINE ( 'NONE', #28, #288 ) ;
#2150 = ORIENTED_EDGE ( 'NONE', *, *, #1732, .T. ) ;
#2151 = PLANE ( 'NONE',  #3006 ) ;
#2152 = EDGE_CURVE ( 'NONE', #1639, #2117, #1164, .T. ) ;
#2153 = DIRECTION ( 'NONE',  ( 1.000000000000000000, -0.000000000000000000, -0.000000000000000000 ) ) ;
#2154 = FACE_BOUND ( 'NONE', #2979, .T. ) ;
#2155 = VERTEX_POINT ( 'NONE', #933 ) ;
#2156 = VECTOR ( 'NONE', #351, 1000.000000000000000 ) ;
#2157 = CARTESIAN_POINT ( 'NONE',  ( -60.00000000000000711, -24.99999999999997158, -4.999999999999999112 ) ) ;
#2158 = EDGE_CURVE ( 'NONE', #173, #2588, #1878, .T. ) ;
#2159 = VECTOR ( 'NONE', #1455, 1000.000000000000000 ) ;
#2160 = AXIS2_PLACEMENT_3D ( 'NONE', #105, #1342, #566 ) ;
#2161 = DIRECTION ( 'NONE',  ( 0.000000000000000000, 0.000000000000000000, -1.000000000000000000 ) ) ;
#2162 = EDGE_LOOP ( 'NONE', ( #465, #2089, #1907, #1485 ) ) ;
#2163 = VECTOR ( 'NONE', #2696, 1000.000000000000000 ) ;
#2164 = VECTOR ( 'NONE', #2098, 1000.000000000000000 ) ;
#2165 = EDGE_CURVE ( 'NONE', #940, #3061, #1929, .T. ) ;
#2166 = AXIS2_PLACEMENT_3D ( 'NONE', #1388, #2090, #2301 ) ;
#2167 = ORIENTED_EDGE ( 'NONE', *, *, #1054, .F. ) ;
#2168 = ADVANCED_FACE ( 'NONE', ( #16 ), #1917, .F. ) ;
#2169 = CARTESIAN_POINT ( 'NONE',  ( 52.99999999999999289, 25.00000000000000711, 7.886751345948129099 ) ) ;
#2170 = AXIS2_PLACEMENT_3D ( 'NONE', #1441, #1636, #2585 ) ;
#2171 = VERTEX_POINT ( 'NONE', #1685 ) ;
#2172 = FACE_BOUND ( 'NONE', #163, .T. ) ;
#2173 = DIRECTION ( 'NONE',  ( 0.000000000000000000, 0.000000000000000000, 1.000000000000000000 ) ) ;
#2174 = EDGE_CURVE ( 'NONE', #1691, #3051, #1004, .T. ) ;
#2175 = EDGE_LOOP ( 'NONE', ( #866, #2391, #564, #1841 ) ) ;
#2176 = LINE ( 'NONE', #1909, #32 ) ;
#2177 = LINE ( 'NONE', #2440, #1526 ) ;
#2178 = LINE ( 'NONE', #1467, #2012 ) ;
#2179 = ORIENTED_EDGE ( 'NONE', *, *, #1556, .F. ) ;
#2180 = CARTESIAN_POINT ( 'NONE',  ( 52.99999999999999289, 25.00000000000000711, -7.886751345948129099 ) ) ;
#2181 = VERTEX_POINT ( 'NONE', #718 ) ;
#2182 = ADVANCED_FACE ( 'NONE', ( #1941 ), #262, .F. ) ;
#2183 = DIRECTION ( 'NONE',  ( 0.000000000000000000, 0.000000000000000000, 1.000000000000000000 ) ) ;
#2184 = ORIENTED_EDGE ( 'NONE', *, *, #6, .F. ) ;
#2185 = LINE ( 'NONE', #1489, #930 ) ;
#2186 = CARTESIAN_POINT ( 'NONE',  ( -49.99999999999999289, -19.99999999999999645, -10.00000000000000000 ) ) ;
#2187 = ORIENTED_EDGE ( 'NONE', *, *, #2816, .T. ) ;
#2188 = DIRECTION ( 'NONE',  ( 1.000000000000000000, 0.000000000000000000, 0.000000000000000000 ) ) ;
#2189 = PLANE ( 'NONE',  #2575 ) ;
#2190 = DIRECTION ( 'NONE',  ( 1.000000000000000000, 0.000000000000000000, 0.000000000000000000 ) ) ;
#2191 = ORIENTED_EDGE ( 'NONE', *, *, #2538, .F. ) ;
#2192 = EDGE_CURVE ( 'NONE', #2522, #641, #2393, .T. ) ;
#2193 = ORIENTED_EDGE ( 'NONE', *, *, #969, .F. ) ;
#2194 = CARTESIAN_POINT ( 'NONE',  ( -52.99999999999999289, -27.50000000000001066, -3.556624327025931898 ) ) ;
#2195 = ADVANCED_FACE ( 'NONE', ( #770 ), #520, .F. ) ;
#2196 = ORIENTED_EDGE ( 'NONE', *, *, #1426, .F. ) ;
#2197 = DIRECTION ( 'NONE',  ( 0.000000000000000000, 0.000000000000000000, -1.000000000000000000 ) ) ;
#2198 = CARTESIAN_POINT ( 'NONE',  ( -49.99999999999998579, 27.50000000000001066, 6.443375672974062773 ) ) ;
#2199 = ORIENTED_EDGE ( 'NONE', *, *, #2623, .T. ) ;
#2200 = LINE ( 'NONE', #359, #1074 ) ;
#2201 = EDGE_CURVE ( 'NONE', #2691, #1410, #961, .T. ) ;
#2202 = LINE ( 'NONE', #1967, #2379 ) ;
#2203 = DIRECTION ( 'NONE',  ( 0.000000000000000000, -0.8660254037844383745, 0.5000000000000003331 ) ) ;
#2204 = CIRCLE ( 'NONE', #1018, 1.700000000000000178 ) ;
#2205 = ORIENTED_EDGE ( 'NONE', *, *, #592, .F. ) ;
#2206 = VECTOR ( 'NONE', #1635, 1000.000000000000114 ) ;
#2207 = DIRECTION ( 'NONE',  ( -1.000000000000000000, -0.000000000000000000, -0.000000000000000000 ) ) ;
#2208 = ORIENTED_EDGE ( 'NONE', *, *, #1235, .F. ) ;
#2209 = EDGE_CURVE ( 'NONE', #2273, #2938, #1903, .T. ) ;
#2210 = VECTOR ( 'NONE', #2126, 1000.000000000000000 ) ;
#2211 = VECTOR ( 'NONE', #390, 1000.000000000000000 ) ;
#2212 = CARTESIAN_POINT ( 'NONE',  ( -52.99999999999999289, -27.50000000000001066, 6.443375672974062773 ) ) ;
#2213 = VECTOR ( 'NONE', #2262, 1000.000000000000000 ) ;
#2214 = CARTESIAN_POINT ( 'NONE',  ( 49.99999999999998579, 19.99999999999999289, 10.00000000000000000 ) ) ;
#2215 = ORIENTED_EDGE ( 'NONE', *, *, #552, .F. ) ;
#2216 = AXIS2_PLACEMENT_3D ( 'NONE', #2925, #803, #789 ) ;
#2217 = CARTESIAN_POINT ( 'NONE',  ( 52.99999999999999289, -27.50000000000001066, 3.556624327025931898 ) ) ;
#2218 = DIRECTION ( 'NONE',  ( 0.000000000000000000, -0.8660254037844385966, 0.4999999999999998890 ) ) ;
#2219 =( NAMED_UNIT ( * ) SI_UNIT ( $, .STERADIAN. ) SOLID_ANGLE_UNIT ( ) );
#2220 = VECTOR ( 'NONE', #2524, 1000.000000000000000 ) ;
#2221 = ORIENTED_EDGE ( 'NONE', *, *, #305, .F. ) ;
#2222 = EDGE_CURVE ( 'NONE', #399, #2309, #1227, .T. ) ;
#2223 = CARTESIAN_POINT ( 'NONE',  ( -49.99999999999998579, -25.00000000000001066, -2.113248654051870012 ) ) ;
#2224 = LINE ( 'NONE', #1011, #1875 ) ;
#2225 = DIRECTION ( 'NONE',  ( -1.000000000000000000, 0.000000000000000000, 0.000000000000000000 ) ) ;
#2226 = ORIENTED_EDGE ( 'NONE', *, *, #603, .T. ) ;
#2227 = CARTESIAN_POINT ( 'NONE',  ( 52.99999999999999289, 24.99999999999997158, 4.999999999999999112 ) ) ;
#2228 = VERTEX_POINT ( 'NONE', #2194 ) ;
#2229 = LINE ( 'NONE', #118, #692 ) ;
#2230 = CARTESIAN_POINT ( 'NONE',  ( -52.99999999999999289, -27.50000000000001066, -6.443375672974062773 ) ) ;
#2231 = ORIENTED_EDGE ( 'NONE', *, *, #2748, .F. ) ;
#2232 = DIRECTION ( 'NONE',  ( 0.000000000000000000, 0.000000000000000000, -1.000000000000000000 ) ) ;
#2233 = CARTESIAN_POINT ( 'NONE',  ( -52.99999999999999289, 27.50000000000001066, 6.443375672974062773 ) ) ;
#2234 = VERTEX_POINT ( 'NONE', #2434 ) ;
#2235 = DIRECTION ( 'NONE',  ( 0.000000000000000000, 0.000000000000000000, -1.000000000000000000 ) ) ;
#2236 = DIRECTION ( 'NONE',  ( 1.000000000000000000, 0.000000000000000000, -0.000000000000000000 ) ) ;
#2237 = ADVANCED_FACE ( 'NONE', ( #2666 ), #1435, .F. ) ;
#2238 = DIRECTION ( 'NONE',  ( 0.000000000000000000, -1.000000000000000000, 0.000000000000000000 ) ) ;
#2239 = ORIENTED_EDGE ( 'NONE', *, *, #872, .T. ) ;
#2240 = CARTESIAN_POINT ( 'NONE',  ( 52.99999999999999289, -27.50000000000001066, -3.556624327025931898 ) ) ;
#2241 = DIRECTION ( 'NONE',  ( 0.000000000000000000, 0.000000000000000000, -1.000000000000000000 ) ) ;
#2242 = ORIENTED_EDGE ( 'NONE', *, *, #1205, .T. ) ;
#2243 = APPLICATION_CONTEXT ( 'automotive_design' ) ;
#2244 = CARTESIAN_POINT ( 'NONE',  ( 52.99999999999999289, 22.50000000000000355, 3.556624327025939003 ) ) ;
#2245 = DIRECTION ( 'NONE',  ( 1.000000000000000000, -0.000000000000000000, -0.000000000000000000 ) ) ;
#2246 = ORIENTED_EDGE ( 'NONE', *, *, #2819, .F. ) ;
#2247 = LINE ( 'NONE', #1344, #2861 ) ;
#2248 = DIRECTION ( 'NONE',  ( 1.000000000000000000, -0.000000000000000000, -0.000000000000000000 ) ) ;
#2249 = ADVANCED_FACE ( 'NONE', ( #2854, #1674 ), #1253, .T. ) ;
#2250 = ORIENTED_EDGE ( 'NONE', *, *, #2626, .F. ) ;
#2251 = CARTESIAN_POINT ( 'NONE',  ( -49.99999999999998579, 27.50000000000001066, 6.443375672974062773 ) ) ;
#2252 = CARTESIAN_POINT ( 'NONE',  ( -49.99999999999998579, -27.50000000000001066, -3.556624327025931898 ) ) ;
#2253 = DIRECTION ( 'NONE',  ( 1.000000000000000000, -0.000000000000000000, -0.000000000000000000 ) ) ;
#2254 = ORIENTED_EDGE ( 'NONE', *, *, #2174, .T. ) ;
#2255 = CARTESIAN_POINT ( 'NONE',  ( -49.99999999999999289, -30.00000000000000000, -10.00000000000000000 ) ) ;
#2256 = AXIS2_PLACEMENT_3D ( 'NONE', #651, #714, #1398 ) ;
#2257 = CARTESIAN_POINT ( 'NONE',  ( -52.99999999999999289, 24.99999999999997158, -3.299999999999998490 ) ) ;
#2258 = VERTEX_POINT ( 'NONE', #2381 ) ;
#2259 = DIRECTION ( 'NONE',  ( -0.000000000000000000, 1.000000000000000000, 0.000000000000000000 ) ) ;
#2260 = EDGE_CURVE ( 'NONE', #2642, #2380, #1697, .T. ) ;
#2261 = AXIS2_PLACEMENT_3D ( 'NONE', #1618, #1376, #676 ) ;
#2262 = DIRECTION ( 'NONE',  ( 1.000000000000000000, -0.000000000000000000, -0.000000000000000000 ) ) ;
#2263 = DIRECTION ( 'NONE',  ( 1.000000000000000000, -0.000000000000000000, -0.000000000000000000 ) ) ;
#2264 = AXIS2_PLACEMENT_3D ( 'NONE', #1898, #1173, #258 ) ;
#2265 = VECTOR ( 'NONE', #2245, 1000.000000000000000 ) ;
#2266 = EDGE_CURVE ( 'NONE', #1721, #1209, #85, .T. ) ;
#2267 = ORIENTED_EDGE ( 'NONE', *, *, #1648, .T. ) ;
#2268 = CARTESIAN_POINT ( 'NONE',  ( 49.99999999999998579, -24.99999999999999645, 5.000000000000000000 ) ) ;
#2269 = CARTESIAN_POINT ( 'NONE',  ( -52.99999999999999289, 27.50000000000001066, 6.443375672974062773 ) ) ;
#2270 = AXIS2_PLACEMENT_3D ( 'NONE', #2915, #524, #2197 ) ;
#2271 = VECTOR ( 'NONE', #3042, 1000.000000000000114 ) ;
#2272 = VECTOR ( 'NONE', #3048, 1000.000000000000000 ) ;
#2273 = VERTEX_POINT ( 'NONE', #1211 ) ;
#2274 = LINE ( 'NONE', #2610, #2206 ) ;
#2275 = CARTESIAN_POINT ( 'NONE',  ( 52.99999999999998579, -24.99999999999997158, -3.299999999999998490 ) ) ;
#2276 = VECTOR ( 'NONE', #2107, 1000.000000000000000 ) ;
#2277 = LINE ( 'NONE', #151, #1221 ) ;
#2278 = ORIENTED_EDGE ( 'NONE', *, *, #417, .F. ) ;
#2279 = FACE_BOUND ( 'NONE', #1958, .T. ) ;
#2280 = CARTESIAN_POINT ( 'NONE',  ( 10.00000000000000000, 0.000000000000000000, -10.00000000000000000 ) ) ;
#2281 = ORIENTED_EDGE ( 'NONE', *, *, #972, .T. ) ;
#2282 = DIRECTION ( 'NONE',  ( 0.000000000000000000, -0.8660254037844383745, 0.5000000000000003331 ) ) ;
#2283 = DIRECTION ( 'NONE',  ( -1.000000000000000000, -0.000000000000000000, 0.000000000000000000 ) ) ;
#2284 = EDGE_CURVE ( 'NONE', #863, #2299, #2149, .T. ) ;
#2285 = EDGE_LOOP ( 'NONE', ( #2359, #997, #2556, #2566, #729, #1622 ) ) ;
#2286 = ORIENTED_EDGE ( 'NONE', *, *, #592, .T. ) ;
#2287 = FACE_BOUND ( 'NONE', #699, .T. ) ;
#2288 = LINE ( 'NONE', #2683, #522 ) ;
#2289 = ORIENTED_EDGE ( 'NONE', *, *, #255, .F. ) ;
#2290 = CARTESIAN_POINT ( 'NONE',  ( -49.99999999999998579, -25.00000000000001066, -2.113248654051870012 ) ) ;
#2291 = CARTESIAN_POINT ( 'NONE',  ( 52.99999999999999289, 24.99999999999997158, -3.299999999999998934 ) ) ;
#2292 = ORIENTED_EDGE ( 'NONE', *, *, #1702, .T. ) ;
#2293 = DIRECTION ( 'NONE',  ( 1.000000000000000000, -0.000000000000000000, -0.000000000000000000 ) ) ;
#2294 = LINE ( 'NONE', #924, #2104 ) ;
#2295 = ORIENTED_EDGE ( 'NONE', *, *, #1732, .F. ) ;
#2296 = EDGE_CURVE ( 'NONE', #1252, #2171, #1459, .T. ) ;
#2297 = DIRECTION ( 'NONE',  ( 1.000000000000000000, -0.000000000000000000, 0.000000000000000000 ) ) ;
#2298 = LINE ( 'NONE', #1119, #2211 ) ;
#2299 = VERTEX_POINT ( 'NONE', #2710 ) ;
#2300 = VERTEX_POINT ( 'NONE', #104 ) ;
#2301 = DIRECTION ( 'NONE',  ( 0.000000000000000000, -0.000000000000000000, -1.000000000000000000 ) ) ;
#2302 = CARTESIAN_POINT ( 'NONE',  ( 49.99999999999998579, 25.00000000000001066, -2.113248654051870012 ) ) ;
#2303 = EDGE_CURVE ( 'NONE', #2899, #130, #1049, .T. ) ;
#2304 = EDGE_CURVE ( 'NONE', #1123, #2785, #601, .T. ) ;
#2305 = ORIENTED_EDGE ( 'NONE', *, *, #2760, .T. ) ;
#2306 = DIRECTION ( 'NONE',  ( 0.000000000000000000, -0.8660254037844388186, 0.4999999999999996114 ) ) ;
#2307 = DIRECTION ( 'NONE',  ( -1.000000000000000000, -0.000000000000000000, -0.000000000000000000 ) ) ;
#2308 = EDGE_CURVE ( 'NONE', #971, #2637, #2743, .T. ) ;
#2309 = VERTEX_POINT ( 'NONE', #1301 ) ;
#2310 = FACE_OUTER_BOUND ( 'NONE', #1195, .T. ) ;
#2311 = EDGE_CURVE ( 'NONE', #2475, #2779, #1511, .T. ) ;
#2312 = VERTEX_POINT ( 'NONE', #1017 ) ;
#2313 = LINE ( 'NONE', #2529, #1817 ) ;
#2314 = CARTESIAN_POINT ( 'NONE',  ( 60.00000000000000000, 30.00000000000000000, -4.999999999999999112 ) ) ;
#2315 = ORIENTED_EDGE ( 'NONE', *, *, #2402, .F. ) ;
#2316 = CARTESIAN_POINT ( 'NONE',  ( -10.00000000000000000, 1.224646799147353256E-15, -10.00000000000000000 ) ) ;
#2317 = ORIENTED_EDGE ( 'NONE', *, *, #1197, .F. ) ;
#2318 = AXIS2_PLACEMENT_3D ( 'NONE', #974, #2139, #2408 ) ;
#2319 = DIRECTION ( 'NONE',  ( -0.000000000000000000, 1.000000000000000000, -0.000000000000000000 ) ) ;
#2320 = DIRECTION ( 'NONE',  ( 0.000000000000000000, 0.000000000000000000, 1.000000000000000000 ) ) ;
#2321 = CIRCLE ( 'NONE', #976, 1.700000000000000178 ) ;
#2322 = ORIENTED_EDGE ( 'NONE', *, *, #1621, .F. ) ;
#2323 = AXIS2_PLACEMENT_3D ( 'NONE', #2044, #1092, #1516 ) ;
#2324 = DIRECTION ( 'NONE',  ( 0.000000000000000000, 0.000000000000000000, -1.000000000000000000 ) ) ;
#2325 = DIRECTION ( 'NONE',  ( 0.000000000000000000, 0.4999999999999998335, -0.8660254037844387076 ) ) ;
#2326 = VECTOR ( 'NONE', #1780, 1000.000000000000114 ) ;
#2327 = LINE ( 'NONE', #1575, #129 ) ;
#2328 = ADVANCED_FACE ( 'NONE', ( #1088 ), #1266, .F. ) ;
#2329 = ORIENTED_EDGE ( 'NONE', *, *, #1939, .F. ) ;
#2330 = SURFACE_SIDE_STYLE ('',( #897 ) ) ;
#2331 = VECTOR ( 'NONE', #1948, 1000.000000000000000 ) ;
#2332 = LINE ( 'NONE', #3060, #2805 ) ;
#2333 =( GEOMETRIC_REPRESENTATION_CONTEXT ( 3 ) GLOBAL_UNCERTAINTY_ASSIGNED_CONTEXT ( ( #2124 ) ) GLOBAL_UNIT_ASSIGNED_CONTEXT ( ( #1678, #1962, #2219 ) ) REPRESENTATION_CONTEXT ( 'NONE', 'WORKASPACE' ) );
#2334 = ORIENTED_EDGE ( 'NONE', *, *, #2296, .T. ) ;
#2335 = FACE_OUTER_BOUND ( 'NONE', #512, .T. ) ;
#2336 = EDGE_LOOP ( 'NONE', ( #1351, #694, #2497, #743 ) ) ;
#2337 = CARTESIAN_POINT ( 'NONE',  ( -50.00000000000000000, 29.99999999999998579, -10.00000000000000000 ) ) ;
#2338 = CARTESIAN_POINT ( 'NONE',  ( 52.99999999999999289, -25.00000000000000711, -7.886751345948129099 ) ) ;
#2339 = ORIENTED_EDGE ( 'NONE', *, *, #2201, .T. ) ;
#2340 = FACE_OUTER_BOUND ( 'NONE', #733, .T. ) ;
#2341 = CARTESIAN_POINT ( 'NONE',  ( -52.99999999999999289, 27.50000000000001066, -3.556624327025931898 ) ) ;
#2342 = CARTESIAN_POINT ( 'NONE',  ( 49.99999999999998579, -27.50000000000001066, 6.443375672974062773 ) ) ;
#2343 = ORIENTED_EDGE ( 'NONE', *, *, #2029, .T. ) ;
#2344 = EDGE_CURVE ( 'NONE', #2914, #2510, #140, .T. ) ;
#2345 = PLANE ( 'NONE',  #2709 ) ;
#2346 = ORIENTED_EDGE ( 'NONE', *, *, #2355, .F. ) ;
#2347 = DIRECTION ( 'NONE',  ( 0.000000000000000000, 0.000000000000000000, -1.000000000000000000 ) ) ;
#2348 = VERTEX_POINT ( 'NONE', #2912 ) ;
#2349 = DIRECTION ( 'NONE',  ( -1.000000000000000000, -0.000000000000000000, -0.000000000000000000 ) ) ;
#2350 = LINE ( 'NONE', #871, #1223 ) ;
#2351 = ORIENTED_EDGE ( 'NONE', *, *, #319, .F. ) ;
#2352 = DIRECTION ( 'NONE',  ( 1.000000000000000000, 0.000000000000000000, -0.000000000000000000 ) ) ;
#2353 = LINE ( 'NONE', #223, #2276 ) ;
#2354 = LINE ( 'NONE', #243, #1180 ) ;
#2355 = EDGE_CURVE ( 'NONE', #303, #2595, #1498, .T. ) ;
#2356 = EDGE_LOOP ( 'NONE', ( #1217, #1656 ) ) ;
#2357 = CARTESIAN_POINT ( 'NONE',  ( 52.99999999999999289, 22.50000000000000355, -6.443375672974059221 ) ) ;
#2358 = LINE ( 'NONE', #229, #1172 ) ;
#2359 = ORIENTED_EDGE ( 'NONE', *, *, #1657, .T. ) ;
#2360 = DIRECTION ( 'NONE',  ( 1.000000000000000000, -0.000000000000000000, 0.000000000000000000 ) ) ;
#2361 = ORIENTED_EDGE ( 'NONE', *, *, #913, .F. ) ;
#2362 = EDGE_CURVE ( 'NONE', #68, #41, #1974, .T. ) ;
#2363 = PLANE ( 'NONE',  #1717 ) ;
#2364 = ADVANCED_FACE ( 'NONE', ( #1760 ), #1036, .T. ) ;
#2365 = VECTOR ( 'NONE', #2688, 1000.000000000000000 ) ;
#2366 = EDGE_LOOP ( 'NONE', ( #2840, #2030, #1406, #2802, #739, #2051 ) ) ;
#2367 = CARTESIAN_POINT ( 'NONE',  ( -60.00000000000000711, -24.99999999999997158, 4.999999999999999112 ) ) ;
#2368 = PLANE ( 'NONE',  #1187 ) ;
#2369 = CIRCLE ( 'NONE', #2901, 4.999999999999999112 ) ;
#2370 = FACE_OUTER_BOUND ( 'NONE', #1046, .T. ) ;
#2371 = VECTOR ( 'NONE', #1593, 1000.000000000000000 ) ;
#2372 = VECTOR ( 'NONE', #1513, 1000.000000000000114 ) ;
#2373 = ORIENTED_EDGE ( 'NONE', *, *, #1785, .T. ) ;
#2374 = DIRECTION ( 'NONE',  ( 0.000000000000000000, 0.000000000000000000, 1.000000000000000000 ) ) ;
#2375 = VECTOR ( 'NONE', #791, 1000.000000000000000 ) ;
#2376 = DIRECTION ( 'NONE',  ( 0.000000000000000000, 0.000000000000000000, 1.000000000000000000 ) ) ;
#2377 = ORIENTED_EDGE ( 'NONE', *, *, #1437, .F. ) ;
#2378 = VECTOR ( 'NONE', #2636, 1000.000000000000000 ) ;
#2379 = VECTOR ( 'NONE', #797, 1000.000000000000000 ) ;
#2380 = VERTEX_POINT ( 'NONE', #853 ) ;
#2381 = CARTESIAN_POINT ( 'NONE',  ( -52.99999999999999289, 27.50000000000001066, 3.556624327025931898 ) ) ;
#2382 = EDGE_CURVE ( 'NONE', #2681, #449, #1562, .T. ) ;
#2383 = ORIENTED_EDGE ( 'NONE', *, *, #2670, .F. ) ;
#2384 = FACE_BOUND ( 'NONE', #2356, .T. ) ;
#2385 = DIRECTION ( 'NONE',  ( -0.000000000000000000, 0.8660254037844385966, 0.4999999999999999445 ) ) ;
#2386 = CARTESIAN_POINT ( 'NONE',  ( 60.00000000000000000, -24.99999999999997158, 4.999999999999999112 ) ) ;
#2387 = ORIENTED_EDGE ( 'NONE', *, *, #3, .F. ) ;
#2388 = DIRECTION ( 'NONE',  ( 0.000000000000000000, 0.000000000000000000, -1.000000000000000000 ) ) ;
#2389 = CARTESIAN_POINT ( 'NONE',  ( 49.99999999999998579, 30.00000000000000000, 4.999999999999999112 ) ) ;
#2390 = ORIENTED_EDGE ( 'NONE', *, *, #325, .F. ) ;
#2391 = ORIENTED_EDGE ( 'NONE', *, *, #706, .F. ) ;
#2392 = EDGE_CURVE ( 'NONE', #1997, #967, #2693, .T. ) ;
#2393 = LINE ( 'NONE', #1487, #2378 ) ;
#2394 = ORIENTED_EDGE ( 'NONE', *, *, #939, .F. ) ;
#2395 = EDGE_CURVE ( 'NONE', #2510, #1911, #2512, .T. ) ;
#2396 = CARTESIAN_POINT ( 'NONE',  ( -49.99999999999998579, -25.00000000000001066, 2.113248654051870012 ) ) ;
#2397 = DIRECTION ( 'NONE',  ( 1.000000000000000000, -0.000000000000000000, -0.000000000000000000 ) ) ;
#2398 = ORIENTED_EDGE ( 'NONE', *, *, #653, .F. ) ;
#2399 = EDGE_CURVE ( 'NONE', #1940, #2475, #388, .T. ) ;
#2400 = FACE_OUTER_BOUND ( 'NONE', #1965, .T. ) ;
#2401 = CARTESIAN_POINT ( 'NONE',  ( -49.99999999999998579, -25.00000000000001066, 2.113248654051870012 ) ) ;
#2402 = EDGE_CURVE ( 'NONE', #1416, #3027, #2229, .T. ) ;
#2403 = ORIENTED_EDGE ( 'NONE', *, *, #2266, .T. ) ;
#2404 = ORIENTED_EDGE ( 'NONE', *, *, #1030, .F. ) ;
#2405 = CARTESIAN_POINT ( 'NONE',  ( 52.99999999999999289, -22.50000000000000355, 6.443375672974059221 ) ) ;
#2406 = ORIENTED_EDGE ( 'NONE', *, *, #1286, .T. ) ;
#2407 = DIRECTION ( 'NONE',  ( -1.000000000000000000, -0.000000000000000000, -0.000000000000000000 ) ) ;
#2408 = DIRECTION ( 'NONE',  ( 0.000000000000000000, -0.000000000000000000, 1.000000000000000000 ) ) ;
#2409 = CIRCLE ( 'NONE', #1950, 5.000000000000000888 ) ;
#2410 = DIRECTION ( 'NONE',  ( -0.000000000000000000, -0.000000000000000000, 1.000000000000000000 ) ) ;
#2411 = ORIENTED_EDGE ( 'NONE', *, *, #1840, .F. ) ;
#2412 = CIRCLE ( 'NONE', #2807, 5.000000000000000000 ) ;
#2413 = CARTESIAN_POINT ( 'NONE',  ( -52.99999999999999289, 25.00000000000001066, -2.113248654051870012 ) ) ;
#2414 = DIRECTION ( 'NONE',  ( 0.000000000000000000, 1.000000000000000000, -0.000000000000000000 ) ) ;
#2415 = EDGE_CURVE ( 'NONE', #1006, #399, #1064, .T. ) ;
#2416 = VECTOR ( 'NONE', #2235, 1000.000000000000000 ) ;
#2417 = CARTESIAN_POINT ( 'NONE',  ( -49.99999999999998579, -27.50000000000001066, 3.556624327025931898 ) ) ;
#2418 = VECTOR ( 'NONE', #66, 1000.000000000000000 ) ;
#2419 = VECTOR ( 'NONE', #1794, 1000.000000000000000 ) ;
#2420 = ORIENTED_EDGE ( 'NONE', *, *, #479, .F. ) ;
#2421 = DIRECTION ( 'NONE',  ( 0.000000000000000000, -0.8660254037844387076, -0.4999999999999998335 ) ) ;
#2422 = AXIS2_PLACEMENT_3D ( 'NONE', #1415, #2360, #231 ) ;
#2423 = ORIENTED_EDGE ( 'NONE', *, *, #2344, .T. ) ;
#2424 = FACE_BOUND ( 'NONE', #2143, .T. ) ;
#2425 = LINE ( 'NONE', #2186, #3059 ) ;
#2426 = EDGE_CURVE ( 'NONE', #2908, #2122, #2004, .T. ) ;
#2427 = ORIENTED_EDGE ( 'NONE', *, *, #1899, .F. ) ;
#2428 = DIRECTION ( 'NONE',  ( -1.000000000000000000, -0.000000000000000000, -0.000000000000000000 ) ) ;
#2429 = CARTESIAN_POINT ( 'NONE',  ( -52.99999999999999289, 22.50000000000000355, -6.443375672974059221 ) ) ;
#2430 = DIRECTION ( 'NONE',  ( 0.000000000000000000, 0.8660254037844387076, 0.4999999999999998335 ) ) ;
#2431 = ORIENTED_EDGE ( 'NONE', *, *, #2165, .T. ) ;
#2432 = EDGE_CURVE ( 'NONE', #703, #759, #367, .T. ) ;
#2433 = ORIENTED_EDGE ( 'NONE', *, *, #2047, .F. ) ;
#2434 = CARTESIAN_POINT ( 'NONE',  ( 52.99999999999999289, -22.50000000000000355, 3.556624327025939003 ) ) ;
#2435 = ORIENTED_EDGE ( 'NONE', *, *, #162, .F. ) ;
#2436 = LINE ( 'NONE', #1007, #2958 ) ;
#2437 = FACE_OUTER_BOUND ( 'NONE', #321, .T. ) ;
#2438 = ORIENTED_EDGE ( 'NONE', *, *, #1156, .T. ) ;
#2439 = CARTESIAN_POINT ( 'NONE',  ( -49.99999999999998579, -22.50000000000000355, -6.443375672974059221 ) ) ;
#2440 = CARTESIAN_POINT ( 'NONE',  ( 60.00000000000000000, 24.99999999999997158, -3.299999999999998934 ) ) ;
#2441 = EDGE_CURVE ( 'NONE', #366, #502, #1728, .T. ) ;
#2442 = DIRECTION ( 'NONE',  ( 0.000000000000000000, 0.000000000000000000, -1.000000000000000000 ) ) ;
#2443 = ORIENTED_EDGE ( 'NONE', *, *, #1015, .F. ) ;
#2444 = ORIENTED_EDGE ( 'NONE', *, *, #2499, .T. ) ;
#2445 = CARTESIAN_POINT ( 'NONE',  ( -60.00000000000000000, 30.00000000000000000, -4.999999999999999112 ) ) ;
#2446 = EDGE_CURVE ( 'NONE', #1196, #1919, #2100, .T. ) ;
#2447 = EDGE_LOOP ( 'NONE', ( #745, #908, #345, #2226 ) ) ;
#2448 = LINE ( 'NONE', #2217, #2163 ) ;
#2449 = CARTESIAN_POINT ( 'NONE',  ( 52.99999999999999289, 22.50000000000000355, -6.443375672974059221 ) ) ;
#2450 = CARTESIAN_POINT ( 'NONE',  ( 52.99999999999999289, 25.00000000000000711, -7.886751345948129099 ) ) ;
#2451 = ORIENTED_EDGE ( 'NONE', *, *, #1785, .F. ) ;
#2452 = FACE_OUTER_BOUND ( 'NONE', #1182, .T. ) ;
#2453 = DIRECTION ( 'NONE',  ( -1.000000000000000000, -0.000000000000000000, -0.000000000000000000 ) ) ;
#2454 = DIRECTION ( 'NONE',  ( 0.000000000000000000, 2.775557561562891351E-15, 1.000000000000000000 ) ) ;
#2455 = CIRCLE ( 'NONE', #1709, 1.700000000000000178 ) ;
#2456 = ORIENTED_EDGE ( 'NONE', *, *, #2976, .F. ) ;
#2457 = PRODUCT ( 'ArmBaseConnecter 2L V2', 'ArmBaseConnecter 2L V2', '', ( #525 ) ) ;
#2458 = AXIS2_PLACEMENT_3D ( 'NONE', #558, #1260, #1503 ) ;
#2459 = CARTESIAN_POINT ( 'NONE',  ( -52.99999999999999289, -25.00000000000000711, -7.886751345948129099 ) ) ;
#2460 = ORIENTED_EDGE ( 'NONE', *, *, #2582, .F. ) ;
#2461 = VECTOR ( 'NONE', #774, 1000.000000000000000 ) ;
#2462 = VECTOR ( 'NONE', #1422, 1000.000000000000000 ) ;
#2463 = DIRECTION ( 'NONE',  ( 1.000000000000000000, -0.000000000000000000, -0.000000000000000000 ) ) ;
#2464 = VECTOR ( 'NONE', #450, 1000.000000000000000 ) ;
#2465 = DIRECTION ( 'NONE',  ( 0.000000000000000000, 0.000000000000000000, -1.000000000000000000 ) ) ;
#2466 = ORIENTED_EDGE ( 'NONE', *, *, #1197, .T. ) ;
#2467 = AXIS2_PLACEMENT_3D ( 'NONE', #984, #761, #297 ) ;
#2468 = CARTESIAN_POINT ( 'NONE',  ( -52.99999999999999289, 25.00000000000000711, -7.886751345948129099 ) ) ;
#2469 = CARTESIAN_POINT ( 'NONE',  ( 49.99999999999998579, -24.99999999999999645, -10.00000000000000000 ) ) ;
#2470 = EDGE_CURVE ( 'NONE', #1068, #2554, #3030, .T. ) ;
#2471 = ORIENTED_EDGE ( 'NONE', *, *, #1044, .F. ) ;
#2472 = DIRECTION ( 'NONE',  ( 0.000000000000000000, -1.000000000000000000, 0.000000000000000000 ) ) ;
#2473 = DIRECTION ( 'NONE',  ( -0.000000000000000000, 0.4999999999999996114, 0.8660254037844388186 ) ) ;
#2474 = LINE ( 'NONE', #1311, #232 ) ;
#2475 = VERTEX_POINT ( 'NONE', #912 ) ;
#2476 = PLANE ( 'NONE',  #1759 ) ;
#2477 = DIRECTION ( 'NONE',  ( 0.000000000000000000, 0.000000000000000000, 1.000000000000000000 ) ) ;
#2478 = VERTEX_POINT ( 'NONE', #1400 ) ;
#2479 = DIRECTION ( 'NONE',  ( 0.000000000000000000, 0.8660254037844383745, -0.5000000000000003331 ) ) ;
#2480 = CARTESIAN_POINT ( 'NONE',  ( 49.99999999999998579, -27.50000000000001066, 6.443375672974062773 ) ) ;
#2481 = ADVANCED_FACE ( 'NONE', ( #1831 ), #928, .T. ) ;
#2482 = ORIENTED_EDGE ( 'NONE', *, *, #892, .T. ) ;
#2483 = CARTESIAN_POINT ( 'NONE',  ( -49.99999999999998579, -22.50000000000000355, -6.443375672974059221 ) ) ;
#2484 = CYLINDRICAL_SURFACE ( 'NONE', #276, 5.000000000000000000 ) ;
#2485 = VERTEX_POINT ( 'NONE', #654 ) ;
#2486 = LINE ( 'NONE', #1820, #1427 ) ;
#2487 = CARTESIAN_POINT ( 'NONE',  ( -52.99999999999999289, -25.00000000000001066, 2.113248654051870012 ) ) ;
#2488 = DIRECTION ( 'NONE',  ( -1.000000000000000000, -0.000000000000000000, -0.000000000000000000 ) ) ;
#2489 = EDGE_CURVE ( 'NONE', #369, #2691, #157, .T. ) ;
#2490 = VERTEX_POINT ( 'NONE', #186 ) ;
#2491 = CYLINDRICAL_SURFACE ( 'NONE', #326, 1.700000000000000178 ) ;
#2492 = EDGE_CURVE ( 'NONE', #3015, #1676, #2533, .T. ) ;
#2493 = DIRECTION ( 'NONE',  ( 0.000000000000000000, 0.000000000000000000, 1.000000000000000000 ) ) ;
#2494 = ORIENTED_EDGE ( 'NONE', *, *, #2130, .F. ) ;
#2495 = DIRECTION ( 'NONE',  ( 0.000000000000000000, -0.8660254037844389297, 0.4999999999999996114 ) ) ;
#2496 = LINE ( 'NONE', #368, #2764 ) ;
#2497 = ORIENTED_EDGE ( 'NONE', *, *, #852, .T. ) ;
#2498 = LINE ( 'NONE', #394, #2768 ) ;
#2499 = EDGE_CURVE ( 'NONE', #2796, #880, #1355, .T. ) ;
#2500 = CARTESIAN_POINT ( 'NONE',  ( 60.00000000000000000, -30.00000000000000000, 10.00000000000000000 ) ) ;
#2501 = ORIENTED_EDGE ( 'NONE', *, *, #1702, .F. ) ;
#2502 = CARTESIAN_POINT ( 'NONE',  ( 49.99999999999998579, 24.99999999999999645, -10.00000000000000000 ) ) ;
#2503 = DIRECTION ( 'NONE',  ( 0.000000000000000000, 0.000000000000000000, -1.000000000000000000 ) ) ;
#2504 = CARTESIAN_POINT ( 'NONE',  ( 49.99999999999998579, 27.50000000000001066, 6.443375672974062773 ) ) ;
#2505 = ORIENTED_EDGE ( 'NONE', *, *, #1163, .T. ) ;
#2506 = CARTESIAN_POINT ( 'NONE',  ( -60.00000000000000000, 24.99999999999999289, -10.00000000000000000 ) ) ;
#2507 = EDGE_CURVE ( 'NONE', #1986, #2695, #2824, .T. ) ;
#2508 = VECTOR ( 'NONE', #2545, 1000.000000000000000 ) ;
#2509 = LINE ( 'NONE', #1033, #382 ) ;
#2510 = VERTEX_POINT ( 'NONE', #2039 ) ;
#2511 = VECTOR ( 'NONE', #122, 1000.000000000000000 ) ;
#2512 = LINE ( 'NONE', #1284, #2013 ) ;
#2513 = FACE_BOUND ( 'NONE', #358, .T. ) ;
#2514 = CIRCLE ( 'NONE', #132, 5.000000000000000000 ) ;
#2515 = ORIENTED_EDGE ( 'NONE', *, *, #1663, .F. ) ;
#2516 = AXIS2_PLACEMENT_3D ( 'NONE', #1812, #1563, #2761 ) ;
#2517 = VERTEX_POINT ( 'NONE', #2088 ) ;
#2518 = DIRECTION ( 'NONE',  ( 0.000000000000000000, 1.000000000000000000, 0.000000000000000000 ) ) ;
#2519 = VECTOR ( 'NONE', #1588, 1000.000000000000114 ) ;
#2520 = AXIS2_PLACEMENT_3D ( 'NONE', #1542, #127, #1279 ) ;
#2521 = VECTOR ( 'NONE', #2347, 1000.000000000000000 ) ;
#2522 = VERTEX_POINT ( 'NONE', #2074 ) ;
#2523 = DIRECTION ( 'NONE',  ( -1.000000000000000000, -0.000000000000000000, -0.000000000000000000 ) ) ;
#2524 = DIRECTION ( 'NONE',  ( 1.000000000000000000, 1.040834085586084257E-16, -0.000000000000000000 ) ) ;
#2525 = VECTOR ( 'NONE', #1853, 1000.000000000000000 ) ;
#2526 = DIRECTION ( 'NONE',  ( -0.000000000000000000, -0.000000000000000000, 1.000000000000000000 ) ) ;
#2527 = ADVANCED_FACE ( 'NONE', ( #2804 ), #1874, .F. ) ;
#2528 = EDGE_LOOP ( 'NONE', ( #261, #981 ) ) ;
#2529 = CARTESIAN_POINT ( 'NONE',  ( 60.00000000000000000, 24.99999999999999645, -10.00000000000000000 ) ) ;
#2530 = LINE ( 'NONE', #898, #1707 ) ;
#2531 = EDGE_LOOP ( 'NONE', ( #379, #562, #1343, #478 ) ) ;
#2532 = ADVANCED_FACE ( 'NONE', ( #2335 ), #901, .F. ) ;
#2533 = LINE ( 'NONE', #403, #2067 ) ;
#2534 = DIRECTION ( 'NONE',  ( 0.000000000000000000, -0.4999999999999996114, 0.8660254037844388186 ) ) ;
#2535 = ORIENTED_EDGE ( 'NONE', *, *, #2735, .T. ) ;
#2536 = ORIENTED_EDGE ( 'NONE', *, *, #1249, .F. ) ;
#2537 = CARTESIAN_POINT ( 'NONE',  ( -60.00000000000000000, 24.99999999999999645, -4.999999999999999112 ) ) ;
#2538 = EDGE_CURVE ( 'NONE', #1209, #1776, #2781, .T. ) ;
#2539 = ORIENTED_EDGE ( 'NONE', *, *, #1090, .T. ) ;
#2540 = DIRECTION ( 'NONE',  ( 0.000000000000000000, -0.8660254037844389297, -0.4999999999999996114 ) ) ;
#2541 = CARTESIAN_POINT ( 'NONE',  ( 60.00000000000000000, 24.99999999999997158, -6.699999999999999289 ) ) ;
#2542 = EDGE_LOOP ( 'NONE', ( #2208, #1844, #608, #413 ) ) ;
#2543 = LINE ( 'NONE', #1366, #185 ) ;
#2544 = ADVANCED_FACE ( 'NONE', ( #1609 ), #2560, .T. ) ;
#2545 = DIRECTION ( 'NONE',  ( 1.000000000000000000, -0.000000000000000000, 0.000000000000000000 ) ) ;
#2546 = VERTEX_POINT ( 'NONE', #3005 ) ;
#2547 = DIRECTION ( 'NONE',  ( 0.000000000000000000, 0.000000000000000000, -1.000000000000000000 ) ) ;
#2548 = DIRECTION ( 'NONE',  ( -0.000000000000000000, 0.4999999999999998335, 0.8660254037844387076 ) ) ;
#2549 = DIRECTION ( 'NONE',  ( 0.000000000000000000, 0.000000000000000000, 1.000000000000000000 ) ) ;
#2550 = EDGE_CURVE ( 'NONE', #2038, #130, #2664, .T. ) ;
#2551 = VERTEX_POINT ( 'NONE', #2316 ) ;
#2552 = LINE ( 'NONE', #1154, #882 ) ;
#2553 = PLANE ( 'NONE',  #2170 ) ;
#2554 = VERTEX_POINT ( 'NONE', #1643 ) ;
#2555 = CYLINDRICAL_SURFACE ( 'NONE', #2756, 5.000000000000000000 ) ;
#2556 = ORIENTED_EDGE ( 'NONE', *, *, #941, .T. ) ;
#2557 = CARTESIAN_POINT ( 'NONE',  ( -52.99999999999999289, -22.50000000000000355, -6.443375672974059221 ) ) ;
#2558 = CARTESIAN_POINT ( 'NONE',  ( 49.99999999999998579, 22.50000000000000355, -3.556624327025939003 ) ) ;
#2559 = ORIENTED_EDGE ( 'NONE', *, *, #1390, .F. ) ;
#2560 = PLANE ( 'NONE',  #582 ) ;
#2561 = ORIENTED_EDGE ( 'NONE', *, *, #206, .F. ) ;
#2562 = VECTOR ( 'NONE', #2052, 1000.000000000000000 ) ;
#2563 = DIRECTION ( 'NONE',  ( 1.000000000000000000, -0.000000000000000000, 0.000000000000000000 ) ) ;
#2564 = AXIS2_PLACEMENT_3D ( 'NONE', #754, #514, #300 ) ;
#2565 = VECTOR ( 'NONE', #854, 1000.000000000000000 ) ;
#2566 = ORIENTED_EDGE ( 'NONE', *, *, #1044, .T. ) ;
#2567 = EDGE_CURVE ( 'NONE', #493, #2635, #418, .T. ) ;
#2568 = CIRCLE ( 'NONE', #1956, 5.000000000000000000 ) ;
#2569 = DIRECTION ( 'NONE',  ( 0.000000000000000000, 0.4999999999999996114, 0.8660254037844388186 ) ) ;
#2570 = AXIS2_PLACEMENT_3D ( 'NONE', #3028, #3018, #183 ) ;
#2571 = FACE_OUTER_BOUND ( 'NONE', #75, .T. ) ;
#2572 = ORIENTED_EDGE ( 'NONE', *, *, #479, .T. ) ;
#2573 = CIRCLE ( 'NONE', #439, 5.000000000000000000 ) ;
#2574 = ORIENTED_EDGE ( 'NONE', *, *, #913, .T. ) ;
#2575 = AXIS2_PLACEMENT_3D ( 'NONE', #2429, #2414, #1179 ) ;
#2576 = CARTESIAN_POINT ( 'NONE',  ( -60.00000000000000000, 30.00000000000000000, 10.00000000000000000 ) ) ;
#2577 = ORIENTED_EDGE ( 'NONE', *, *, #426, .T. ) ;
#2578 = DIRECTION ( 'NONE',  ( 1.000000000000000000, -0.000000000000000000, -0.000000000000000000 ) ) ;
#2579 = ORIENTED_EDGE ( 'NONE', *, *, #62, .T. ) ;
#2580 = FACE_BOUND ( 'NONE', #1888, .T. ) ;
#2581 = CARTESIAN_POINT ( 'NONE',  ( 52.99999999999999289, 22.50000000000000355, -3.556624327025939003 ) ) ;
#2582 = EDGE_CURVE ( 'NONE', #1983, #213, #2593, .T. ) ;
#2583 = ORIENTED_EDGE ( 'NONE', *, *, #455, .T. ) ;
#2584 = CARTESIAN_POINT ( 'NONE',  ( -49.99999999999998579, 22.50000000000000355, 3.556624327025939003 ) ) ;
#2585 = DIRECTION ( 'NONE',  ( 0.000000000000000000, -0.000000000000000000, -1.000000000000000000 ) ) ;
#2586 = LINE ( 'NONE', #155, #2659 ) ;
#2587 = CARTESIAN_POINT ( 'NONE',  ( -52.99999999999999289, -22.50000000000000355, 6.443375672974059221 ) ) ;
#2588 = VERTEX_POINT ( 'NONE', #684 ) ;
#2589 = LINE ( 'NONE', #1411, #1377 ) ;
#2590 = EDGE_CURVE ( 'NONE', #67, #2845, #464, .T. ) ;
#2591 = LINE ( 'NONE', #1116, #274 ) ;
#2592 = ORIENTED_EDGE ( 'NONE', *, *, #2853, .T. ) ;
#2593 = LINE ( 'NONE', #2990, #2521 ) ;
#2594 = ADVANCED_FACE ( 'NONE', ( #1723 ), #1889, .F. ) ;
#2595 = VERTEX_POINT ( 'NONE', #2889 ) ;
#2596 = DIRECTION ( 'NONE',  ( 0.000000000000000000, 0.000000000000000000, 1.000000000000000000 ) ) ;
#2597 = EDGE_LOOP ( 'NONE', ( #842, #2957, #1993, #530 ) ) ;
#2598 = LINE ( 'NONE', #894, #1670 ) ;
#2599 = LINE ( 'NONE', #1202, #42 ) ;
#2600 = CARTESIAN_POINT ( 'NONE',  ( -60.00000000000000711, -24.99999999999997158, -4.999999999999999112 ) ) ;
#2601 = ORIENTED_EDGE ( 'NONE', *, *, #1663, .T. ) ;
#2602 = PLANE ( 'NONE',  #879 ) ;
#2603 = CARTESIAN_POINT ( 'NONE',  ( 52.99999999999999289, -25.00000000000001066, -2.113248654051870012 ) ) ;
#2604 = EDGE_LOOP ( 'NONE', ( #2451, #2672, #540, #1394, #621, #2620 ) ) ;
#2605 = EDGE_CURVE ( 'NONE', #314, #1413, #78, .T. ) ;
#2606 = ORIENTED_EDGE ( 'NONE', *, *, #2284, .F. ) ;
#2607 = DIRECTION ( 'NONE',  ( 1.000000000000000000, -0.000000000000000000, -0.000000000000000000 ) ) ;
#2608 = AXIS2_PLACEMENT_3D ( 'NONE', #1736, #1505, #2454 ) ;
#2609 = VERTEX_POINT ( 'NONE', #1504 ) ;
#2610 = CARTESIAN_POINT ( 'NONE',  ( 52.99999999999999289, 27.50000000000001066, -6.443375672974062773 ) ) ;
#2611 = CARTESIAN_POINT ( 'NONE',  ( 0.000000000000000000, -19.99999999999999645, 10.00000000000000000 ) ) ;
#2612 = VECTOR ( 'NONE', #2772, 1000.000000000000114 ) ;
#2613 = DIRECTION ( 'NONE',  ( -1.000000000000000000, -0.000000000000000000, -0.000000000000000000 ) ) ;
#2614 = AXIS2_PLACEMENT_3D ( 'NONE', #1232, #296, #1020 ) ;
#2615 = ORIENTED_EDGE ( 'NONE', *, *, #1397, .T. ) ;
#2616 = DIRECTION ( 'NONE',  ( 1.000000000000000000, 0.000000000000000000, 0.000000000000000000 ) ) ;
#2617 = AXIS2_PLACEMENT_3D ( 'NONE', #1472, #2894, #1713 ) ;
#2618 = ADVANCED_FACE ( 'NONE', ( #1466 ), #2189, .T. ) ;
#2619 = LINE ( 'NONE', #2645, #2898 ) ;
#2620 = ORIENTED_EDGE ( 'NONE', *, *, #2142, .T. ) ;
#2621 = VECTOR ( 'NONE', #1895, 1000.000000000000000 ) ;
#2622 = AXIS2_PLACEMENT_3D ( 'NONE', #1477, #2153, #750 ) ;
#2623 = EDGE_CURVE ( 'NONE', #250, #1499, #393, .T. ) ;
#2624 = VERTEX_POINT ( 'NONE', #287 ) ;
#2625 = DIRECTION ( 'NONE',  ( 1.000000000000000000, 0.000000000000000000, -0.000000000000000000 ) ) ;
#2626 = EDGE_CURVE ( 'NONE', #2992, #2796, #1981, .T. ) ;
#2627 = EDGE_LOOP ( 'NONE', ( #2073, #2917, #2193, #2579 ) ) ;
#2628 = DIRECTION ( 'NONE',  ( -1.000000000000000000, 0.000000000000000000, 0.000000000000000000 ) ) ;
#2629 = EDGE_CURVE ( 'NONE', #2914, #252, #1238, .T. ) ;
#2630 = DIRECTION ( 'NONE',  ( 0.000000000000000000, -0.4999999999999999445, -0.8660254037844387076 ) ) ;
#2631 = EDGE_LOOP ( 'NONE', ( #25, #2125, #2322, #2887, #2112, #2403, #1979, #1321 ) ) ;
#2632 = CARTESIAN_POINT ( 'NONE',  ( 52.99999999999999289, 22.50000000000000355, -6.443375672974059221 ) ) ;
#2633 = LINE ( 'NONE', #2603, #1229 ) ;
#2634 = ORIENTED_EDGE ( 'NONE', *, *, #1797, .F. ) ;
#2635 = VERTEX_POINT ( 'NONE', #1735 ) ;
#2636 = DIRECTION ( 'NONE',  ( -1.000000000000000000, -0.000000000000000000, -0.000000000000000000 ) ) ;
#2637 = VERTEX_POINT ( 'NONE', #301 ) ;
#2638 = FACE_OUTER_BOUND ( 'NONE', #893, .T. ) ;
#2639 = CARTESIAN_POINT ( 'NONE',  ( -52.99999999999999289, -25.00000000000001066, -2.113248654051870012 ) ) ;
#2640 = EDGE_CURVE ( 'NONE', #317, #2794, #2177, .T. ) ;
#2641 = LINE ( 'NONE', #1170, #2811 ) ;
#2642 = VERTEX_POINT ( 'NONE', #765 ) ;
#2643 = CARTESIAN_POINT ( 'NONE',  ( -52.99999999999999289, 24.99999999999997158, 6.699999999999999289 ) ) ;
#2644 = DIRECTION ( 'NONE',  ( 0.000000000000000000, 0.000000000000000000, 1.000000000000000000 ) ) ;
#2645 = CARTESIAN_POINT ( 'NONE',  ( -52.99999999999999289, 22.50000000000000355, -3.556624327025939003 ) ) ;
#2646 = EDGE_LOOP ( 'NONE', ( #506, #580, #2317, #1429, #2231, #2975 ) ) ;
#2647 = DIRECTION ( 'NONE',  ( 1.000000000000000000, -0.000000000000000000, 0.000000000000000000 ) ) ;
#2648 = EDGE_CURVE ( 'NONE', #2475, #272, #312, .T. ) ;
#2649 = VERTEX_POINT ( 'NONE', #2657 ) ;
#2650 = DIRECTION ( 'NONE',  ( 0.000000000000000000, 1.000000000000000000, 0.000000000000000000 ) ) ;
#2651 = DIRECTION ( 'NONE',  ( 1.000000000000000000, 0.000000000000000000, 0.000000000000000000 ) ) ;
#2652 = AXIS2_PLACEMENT_3D ( 'NONE', #725, #12, #1900 ) ;
#2653 = EDGE_CURVE ( 'NONE', #1801, #1138, #1027, .T. ) ;
#2654 = VERTEX_POINT ( 'NONE', #1493 ) ;
#2655 = VECTOR ( 'NONE', #1403, 1000.000000000000000 ) ;
#2656 = PLANE ( 'NONE',  #633 ) ;
#2657 = CARTESIAN_POINT ( 'NONE',  ( 60.00000000000000711, -24.99999999999997158, -6.699999999999999289 ) ) ;
#2658 = CIRCLE ( 'NONE', #2264, 1.700000000000000178 ) ;
#2659 = VECTOR ( 'NONE', #1100, 1000.000000000000114 ) ;
#2660 = CARTESIAN_POINT ( 'NONE',  ( 52.99999999999999289, 27.50000000000001066, 6.443375672974062773 ) ) ;
#2661 = ORIENTED_EDGE ( 'NONE', *, *, #1005, .F. ) ;
#2662 = AXIS2_PLACEMENT_3D ( 'NONE', #1943, #2407, #1475 ) ;
#2663 = AXIS2_PLACEMENT_3D ( 'NONE', #24, #1705, #2906 ) ;
#2664 = CIRCLE ( 'NONE', #1336, 1.700000000000000178 ) ;
#2665 = ORIENTED_EDGE ( 'NONE', *, *, #1848, .F. ) ;
#2666 = FACE_OUTER_BOUND ( 'NONE', #2869, .T. ) ;
#2667 = VECTOR ( 'NONE', #1944, 1000.000000000000000 ) ;
#2668 = ORIENTED_EDGE ( 'NONE', *, *, #2303, .F. ) ;
#2669 = DIRECTION ( 'NONE',  ( -1.000000000000000000, 6.938893903907227392E-16, -0.000000000000000000 ) ) ;
#2670 = EDGE_CURVE ( 'NONE', #2551, #269, #2821, .T. ) ;
#2671 = CARTESIAN_POINT ( 'NONE',  ( -50.00000000000000000, 29.99999999999998579, -10.00000000000000000 ) ) ;
#2672 = ORIENTED_EDGE ( 'NONE', *, *, #1002, .T. ) ;
#2673 = LINE ( 'NONE', #1936, #480 ) ;
#2674 = CARTESIAN_POINT ( 'NONE',  ( -49.99999999999998579, 22.50000000000000355, 6.443375672974059221 ) ) ;
#2675 = LINE ( 'NONE', #112, #1080 ) ;
#2676 = ORIENTED_EDGE ( 'NONE', *, *, #1608, .T. ) ;
#2677 = EDGE_CURVE ( 'NONE', #1814, #86, #2224, .T. ) ;
#2678 = EDGE_LOOP ( 'NONE', ( #2339, #2634, #384, #1034 ) ) ;
#2679 = EDGE_CURVE ( 'NONE', #1587, #1019, #97, .T. ) ;
#2680 = CARTESIAN_POINT ( 'NONE',  ( -52.99999999999999289, -25.00000000000000711, -7.886751345948129099 ) ) ;
#2681 = VERTEX_POINT ( 'NONE', #782 ) ;
#2682 = DIRECTION ( 'NONE',  ( 0.000000000000000000, -0.8660254037844389297, -0.4999999999999996114 ) ) ;
#2683 = CARTESIAN_POINT ( 'NONE',  ( -49.99999999999998579, -27.50000000000001066, -3.556624327025931898 ) ) ;
#2684 = CARTESIAN_POINT ( 'NONE',  ( -52.99999999999999289, 25.00000000000000711, -7.886751345948129099 ) ) ;
#2685 = ORIENTED_EDGE ( 'NONE', *, *, #787, .F. ) ;
#2686 = CARTESIAN_POINT ( 'NONE',  ( -50.00000000000000711, 19.99999999999998224, -10.00000000000000000 ) ) ;
#2687 = CARTESIAN_POINT ( 'NONE',  ( -49.99999999999999289, -24.99999999999999645, 10.00000000000000000 ) ) ;
#2688 = DIRECTION ( 'NONE',  ( -1.000000000000000000, -0.000000000000000000, -0.000000000000000000 ) ) ;
#2689 = ORIENTED_EDGE ( 'NONE', *, *, #1109, .T. ) ;
#2690 = CARTESIAN_POINT ( 'NONE',  ( 49.99999999999998579, 25.00000000000001066, 2.113248654051870012 ) ) ;
#2691 = VERTEX_POINT ( 'NONE', #546 ) ;
#2692 = EDGE_CURVE ( 'NONE', #2609, #2992, #2202, .T. ) ;
#2693 = LINE ( 'NONE', #340, #1084 ) ;
#2694 = PLANE ( 'NONE',  #2160 ) ;
#2695 = VERTEX_POINT ( 'NONE', #2687 ) ;
#2696 = DIRECTION ( 'NONE',  ( -1.000000000000000000, -0.000000000000000000, -0.000000000000000000 ) ) ;
#2697 = DIRECTION ( 'NONE',  ( -1.000000000000000000, -0.000000000000000000, -0.000000000000000000 ) ) ;
#2698 = ORIENTED_EDGE ( 'NONE', *, *, #777, .F. ) ;
#2699 = DIRECTION ( 'NONE',  ( -0.000000000000000000, -0.000000000000000000, -1.000000000000000000 ) ) ;
#2700 = CARTESIAN_POINT ( 'NONE',  ( -52.99999999999999289, -27.50000000000001066, 6.443375672974062773 ) ) ;
#2701 = DIRECTION ( 'NONE',  ( 6.938893903907227392E-16, 1.000000000000000000, 0.000000000000000000 ) ) ;
#2702 = VECTOR ( 'NONE', #2293, 1000.000000000000000 ) ;
#2703 = ORIENTED_EDGE ( 'NONE', *, *, #787, .T. ) ;
#2704 = FACE_OUTER_BOUND ( 'NONE', #636, .T. ) ;
#2705 = ADVANCED_FACE ( 'NONE', ( #811 ), #1752, .T. ) ;
#2706 =( GEOMETRIC_REPRESENTATION_CONTEXT ( 3 ) GLOBAL_UNCERTAINTY_ASSIGNED_CONTEXT ( ( #949 ) ) GLOBAL_UNIT_ASSIGNED_CONTEXT ( ( #909, #1396, #2096 ) ) REPRESENTATION_CONTEXT ( 'NONE', 'WORKASPACE' ) );
#2707 = DIRECTION ( 'NONE',  ( 0.000000000000000000, 0.000000000000000000, 1.000000000000000000 ) ) ;
#2708 = ORIENTED_EDGE ( 'NONE', *, *, #2446, .T. ) ;
#2709 = AXIS2_PLACEMENT_3D ( 'NONE', #462, #1412, #2116 ) ;
#2710 = CARTESIAN_POINT ( 'NONE',  ( -49.99999999999999289, -30.00000000000000000, -4.999999999999999112 ) ) ;
#2711 = EDGE_CURVE ( 'NONE', #2522, #593, #986, .T. ) ;
#2712 = AXIS2_PLACEMENT_3D ( 'NONE', #817, #618, #318 ) ;
#2713 = FACE_OUTER_BOUND ( 'NONE', #726, .T. ) ;
#2714 = ORIENTED_EDGE ( 'NONE', *, *, #762, .T. ) ;
#2715 = VECTOR ( 'NONE', #515, 1000.000000000000000 ) ;
#2716 = FACE_BOUND ( 'NONE', #152, .T. ) ;
#2717 = DIRECTION ( 'NONE',  ( 0.000000000000000000, 0.000000000000000000, -1.000000000000000000 ) ) ;
#2718 = EDGE_CURVE ( 'NONE', #2745, #299, #2878, .T. ) ;
#2719 = ORIENTED_EDGE ( 'NONE', *, *, #2748, .T. ) ;
#2720 = DIRECTION ( 'NONE',  ( 0.000000000000000000, 1.000000000000000000, -0.000000000000000000 ) ) ;
#2721 = ADVANCED_FACE ( 'NONE', ( #861 ), #1364, .F. ) ;
#2722 = DIRECTION ( 'NONE',  ( 0.000000000000000000, 0.8660254037844389297, 0.4999999999999996114 ) ) ;
#2723 = DIRECTION ( 'NONE',  ( -1.000000000000000000, -0.000000000000000000, -0.000000000000000000 ) ) ;
#2724 = EDGE_LOOP ( 'NONE', ( #2305, #1009, #3057, #2943 ) ) ;
#2725 = LINE ( 'NONE', #2240, #431 ) ;
#2726 = FACE_OUTER_BOUND ( 'NONE', #2447, .T. ) ;
#2727 = ORIENTED_EDGE ( 'NONE', *, *, #2718, .T. ) ;
#2728 = EDGE_CURVE ( 'NONE', #1919, #863, #2965, .T. ) ;
#2729 = CARTESIAN_POINT ( 'NONE',  ( 60.00000000000000000, 24.99999999999997158, 3.299999999999998934 ) ) ;
#2730 = CYLINDRICAL_SURFACE ( 'NONE', #1620, 1.700000000000000178 ) ;
#2731 = ORIENTED_EDGE ( 'NONE', *, *, #1741, .F. ) ;
#2732 = FACE_OUTER_BOUND ( 'NONE', #2175, .T. ) ;
#2733 = CARTESIAN_POINT ( 'NONE',  ( 49.99999999999998579, -30.00000000000000000, -10.00000000000000000 ) ) ;
#2734 = VERTEX_POINT ( 'NONE', #1125 ) ;
#2735 = EDGE_CURVE ( 'NONE', #1634, #2258, #2064, .T. ) ;
#2736 = CARTESIAN_POINT ( 'NONE',  ( 52.99999999999999289, -25.00000000000000711, -7.886751345948129099 ) ) ;
#2737 = DIRECTION ( 'NONE',  ( -0.000000000000000000, -0.8660254037844385966, 0.4999999999999999445 ) ) ;
#2738 = FACE_OUTER_BOUND ( 'NONE', #538, .T. ) ;
#2739 = ORIENTED_EDGE ( 'NONE', *, *, #2507, .F. ) ;
#2740 = CARTESIAN_POINT ( 'NONE',  ( -60.00000000000000711, -24.99999999999997158, -3.299999999999998934 ) ) ;
#2741 = CARTESIAN_POINT ( 'NONE',  ( -49.99999999999998579, 25.00000000000000711, -7.886751345948129099 ) ) ;
#2742 = VERTEX_POINT ( 'NONE', #2252 ) ;
#2743 = LINE ( 'NONE', #2445, #1231 ) ;
#2744 = DIRECTION ( 'NONE',  ( -1.000000000000000000, 0.000000000000000000, 0.000000000000000000 ) ) ;
#2745 = VERTEX_POINT ( 'NONE', #2541 ) ;
#2746 = DIRECTION ( 'NONE',  ( -1.000000000000000000, -0.000000000000000000, -0.000000000000000000 ) ) ;
#2747 = LINE ( 'NONE', #808, #629 ) ;
#2748 = EDGE_CURVE ( 'NONE', #2695, #395, #2751, .T. ) ;
#2749 = ORIENTED_EDGE ( 'NONE', *, *, #653, .T. ) ;
#2750 = CARTESIAN_POINT ( 'NONE',  ( 49.99999999999998579, -22.50000000000000355, -6.443375672974059221 ) ) ;
#2751 = LINE ( 'NONE', #1077, #1281 ) ;
#2752 = EDGE_CURVE ( 'NONE', #269, #2551, #2017, .T. ) ;
#2753 = CARTESIAN_POINT ( 'NONE',  ( 52.99999999999999289, 25.00000000000000711, 7.886751345948129099 ) ) ;
#2754 = ORIENTED_EDGE ( 'NONE', *, *, #1706, .F. ) ;
#2755 = CARTESIAN_POINT ( 'NONE',  ( 60.00000000000000000, -30.00000000000000000, 5.000000000000000000 ) ) ;
#2756 = AXIS2_PLACEMENT_3D ( 'NONE', #2818, #919, #1866 ) ;
#2757 = DIRECTION ( 'NONE',  ( -1.000000000000000000, 0.000000000000000000, -0.000000000000000000 ) ) ;
#2758 = EDGE_LOOP ( 'NONE', ( #896, #1362, #1851, #2431 ) ) ;
#2759 = CARTESIAN_POINT ( 'NONE',  ( -60.00000000000000000, -30.00000000000000000, -10.00000000000000000 ) ) ;
#2760 = EDGE_CURVE ( 'NONE', #2122, #1450, #2985, .T. ) ;
#2761 = DIRECTION ( 'NONE',  ( 1.000000000000000000, 0.000000000000000000, 0.000000000000000000 ) ) ;
#2762 = VECTOR ( 'NONE', #574, 1000.000000000000000 ) ;
#2763 = ORIENTED_EDGE ( 'NONE', *, *, #1617, .F. ) ;
#2764 = VECTOR ( 'NONE', #2263, 1000.000000000000000 ) ;
#2765 = ORIENTED_EDGE ( 'NONE', *, *, #1340, .T. ) ;
#2766 = DIRECTION ( 'NONE',  ( 0.000000000000000000, 0.8660254037844389297, 0.4999999999999996114 ) ) ;
#2767 = CARTESIAN_POINT ( 'NONE',  ( 60.00000000000000000, 24.99999999999997158, -4.999999999999999112 ) ) ;
#2768 = VECTOR ( 'NONE', #2928, 1000.000000000000000 ) ;
#2769 = VECTOR ( 'NONE', #2421, 1000.000000000000114 ) ;
#2770 = ADVANCED_FACE ( 'NONE', ( #595 ), #610, .F. ) ;
#2771 = ORIENTED_EDGE ( 'NONE', *, *, #13, .F. ) ;
#2772 = DIRECTION ( 'NONE',  ( 0.000000000000000000, -0.8660254037844387076, 0.4999999999999998335 ) ) ;
#2773 = DIRECTION ( 'NONE',  ( 1.000000000000000000, 0.000000000000000000, 0.000000000000000000 ) ) ;
#2774 = VECTOR ( 'NONE', #1277, 1000.000000000000000 ) ;
#2775 = LINE ( 'NONE', #427, #973 ) ;
#2776 = EDGE_LOOP ( 'NONE', ( #1259, #1098, #17, #2343 ) ) ;
#2777 = LINE ( 'NONE', #650, #2371 ) ;
#2778 = DIRECTION ( 'NONE',  ( 0.000000000000000000, -0.5000000000000004441, -0.8660254037844384856 ) ) ;
#2779 = VERTEX_POINT ( 'NONE', #845 ) ;
#2780 = ADVANCED_FACE ( 'NONE', ( #348 ), #1541, .F. ) ;
#2781 = LINE ( 'NONE', #669, #2464 ) ;
#2782 = ORIENTED_EDGE ( 'NONE', *, *, #1507, .T. ) ;
#2783 = CARTESIAN_POINT ( 'NONE',  ( 60.00000000000000000, 24.99999999999997158, -4.999999999999999112 ) ) ;
#2784 = DIRECTION ( 'NONE',  ( 0.000000000000000000, 0.000000000000000000, 1.000000000000000000 ) ) ;
#2785 = VERTEX_POINT ( 'NONE', #2291 ) ;
#2786 = LINE ( 'NONE', #442, #1869 ) ;
#2787 = DIRECTION ( 'NONE',  ( 1.000000000000000000, 0.000000000000000000, 0.000000000000000000 ) ) ;
#2788 = ORIENTED_EDGE ( 'NONE', *, *, #1964, .F. ) ;
#2789 = CARTESIAN_POINT ( 'NONE',  ( -52.99999999999999289, -22.50000000000000355, -3.556624327025939003 ) ) ;
#2790 = CARTESIAN_POINT ( 'NONE',  ( 0.000000000000000000, -24.99999999999999645, 10.00000000000000000 ) ) ;
#2791 = ORIENTED_EDGE ( 'NONE', *, *, #3017, .T. ) ;
#2792 = DIRECTION ( 'NONE',  ( 0.000000000000000000, 0.8660254037844383745, 0.5000000000000003331 ) ) ;
#2793 = EDGE_CURVE ( 'NONE', #940, #1691, #1329, .T. ) ;
#2794 = VERTEX_POINT ( 'NONE', #1310 ) ;
#2795 = CYLINDRICAL_SURFACE ( 'NONE', #1574, 4.999999999999999112 ) ;
#2796 = VERTEX_POINT ( 'NONE', #1821 ) ;
#2797 = FACE_OUTER_BOUND ( 'NONE', #2135, .T. ) ;
#2798 = FACE_OUTER_BOUND ( 'NONE', #2604, .T. ) ;
#2799 = VERTEX_POINT ( 'NONE', #2275 ) ;
#2800 = DIRECTION ( 'NONE',  ( 0.000000000000000000, 0.000000000000000000, 1.000000000000000000 ) ) ;
#2801 = DIRECTION ( 'NONE',  ( 0.000000000000000000, 0.000000000000000000, 1.000000000000000000 ) ) ;
#2802 = ORIENTED_EDGE ( 'NONE', *, *, #1532, .F. ) ;
#2803 = EDGE_CURVE ( 'NONE', #2595, #2141, #1086, .T. ) ;
#2804 = FACE_OUTER_BOUND ( 'NONE', #2597, .T. ) ;
#2805 = VECTOR ( 'NONE', #2801, 1000.000000000000000 ) ;
#2806 = EDGE_LOOP ( 'NONE', ( #476, #292, #2286, #902, #1483, #342 ) ) ;
#2807 = AXIS2_PLACEMENT_3D ( 'NONE', #705, #2809, #467 ) ;
#2808 = CARTESIAN_POINT ( 'NONE',  ( 49.99999999999998579, 24.99999999999999645, 5.000000000000000000 ) ) ;
#2809 = DIRECTION ( 'NONE',  ( 1.000000000000000000, -0.000000000000000000, -0.000000000000000000 ) ) ;
#2810 = VECTOR ( 'NONE', #2699, 1000.000000000000000 ) ;
#2811 = VECTOR ( 'NONE', #2410, 1000.000000000000000 ) ;
#2812 = ORIENTED_EDGE ( 'NONE', *, *, #632, .F. ) ;
#2813 = DIRECTION ( 'NONE',  ( -1.000000000000000000, 0.000000000000000000, 0.000000000000000000 ) ) ;
#2814 = AXIS2_PLACEMENT_3D ( 'NONE', #349, #1294, #2442 ) ;
#2815 = DIRECTION ( 'NONE',  ( 0.000000000000000000, 0.000000000000000000, -1.000000000000000000 ) ) ;
#2816 = EDGE_CURVE ( 'NONE', #1006, #1835, #647, .T. ) ;
#2817 = VECTOR ( 'NONE', #2495, 1000.000000000000000 ) ;
#2818 = CARTESIAN_POINT ( 'NONE',  ( -60.00000000000000000, -24.99999999999999645, -4.999999999999999112 ) ) ;
#2819 = EDGE_CURVE ( 'NONE', #1416, #1814, #1096, .T. ) ;
#2820 = ORIENTED_EDGE ( 'NONE', *, *, #1405, .T. ) ;
#2821 = CIRCLE ( 'NONE', #537, 10.00000000000000000 ) ;
#2822 = FACE_OUTER_BOUND ( 'NONE', #1399, .T. ) ;
#2823 = ORIENTED_EDGE ( 'NONE', *, *, #291, .T. ) ;
#2824 = LINE ( 'NONE', #1150, #533 ) ;
#2825 = EDGE_CURVE ( 'NONE', #299, #2785, #195, .T. ) ;
#2826 = ORIENTED_EDGE ( 'NONE', *, *, #2883, .F. ) ;
#2827 = CARTESIAN_POINT ( 'NONE',  ( -52.99999999999999289, -24.99999999999997158, -3.299999999999998490 ) ) ;
#2828 = DIRECTION ( 'NONE',  ( 0.000000000000000000, -0.8660254037844383745, 0.5000000000000003331 ) ) ;
#2829 = ORIENTED_EDGE ( 'NONE', *, *, #1414, .T. ) ;
#2830 = PLANE ( 'NONE',  #1913 ) ;
#2831 = DIRECTION ( 'NONE',  ( 0.000000000000000000, -0.4999999999999999445, 0.8660254037844387076 ) ) ;
#2832 = CYLINDRICAL_SURFACE ( 'NONE', #1132, 1.700000000000000178 ) ;
#2833 = EDGE_CURVE ( 'NONE', #2872, #1598, #397, .T. ) ;
#2834 = ORIENTED_EDGE ( 'NONE', *, *, #2311, .F. ) ;
#2835 = DIRECTION ( 'NONE',  ( 0.000000000000000000, -1.000000000000000000, 0.000000000000000000 ) ) ;
#2836 = LINE ( 'NONE', #2072, #980 ) ;
#2837 = ORIENTED_EDGE ( 'NONE', *, *, #1930, .F. ) ;
#2838 = EDGE_LOOP ( 'NONE', ( #1740, #677, #1014, #589 ) ) ;
#2839 = CARTESIAN_POINT ( 'NONE',  ( -52.99999999999999289, 27.50000000000001066, 6.443375672974062773 ) ) ;
#2840 = ORIENTED_EDGE ( 'NONE', *, *, #1877, .F. ) ;
#2841 = DIRECTION ( 'NONE',  ( -1.000000000000000000, -0.000000000000000000, -0.000000000000000000 ) ) ;
#2842 = EDGE_CURVE ( 'NONE', #2258, #940, #1349, .T. ) ;
#2843 = CARTESIAN_POINT ( 'NONE',  ( 52.99999999999999289, -27.50000000000001066, 6.443375672974062773 ) ) ;
#2844 = DIRECTION ( 'NONE',  ( 0.000000000000000000, 0.8660254037844385966, -0.4999999999999998890 ) ) ;
#2845 = VERTEX_POINT ( 'NONE', #2996 ) ;
#2846 = CARTESIAN_POINT ( 'NONE',  ( -49.99999999999999289, -24.99999999999999645, -10.00000000000000000 ) ) ;
#2847 = EDGE_CURVE ( 'NONE', #135, #2038, #111, .T. ) ;
#2848 = LINE ( 'NONE', #1668, #1565 ) ;
#2849 = ORIENTED_EDGE ( 'NONE', *, *, #2192, .F. ) ;
#2850 = EDGE_CURVE ( 'NONE', #2312, #2485, #425, .T. ) ;
#2851 = ADVANCED_FACE ( 'NONE', ( #3037 ), #2368, .F. ) ;
#2852 = VERTEX_POINT ( 'NONE', #906 ) ;
#2853 = EDGE_CURVE ( 'NONE', #2234, #2273, #2599, .T. ) ;
#2854 = FACE_OUTER_BOUND ( 'NONE', #2806, .T. ) ;
#2855 = VECTOR ( 'NONE', #1144, 1000.000000000000000 ) ;
#2856 = ORIENTED_EDGE ( 'NONE', *, *, #2711, .T. ) ;
#2857 = LINE ( 'NONE', #1688, #1624 ) ;
#2858 = VECTOR ( 'NONE', #1998, 1000.000000000000114 ) ;
#2859 = CARTESIAN_POINT ( 'NONE',  ( 52.99999999999999289, 27.50000000000001066, 6.443375672974062773 ) ) ;
#2860 = PRODUCT_DEFINITION ( 'UNKNOWN', '', #44, #1162 ) ;
#2861 = VECTOR ( 'NONE', #590, 1000.000000000000114 ) ;
#2862 = AXIS2_PLACEMENT_3D ( 'NONE', #619, #172, #818 ) ;
#2863 = ORIENTED_EDGE ( 'NONE', *, *, #751, .F. ) ;
#2864 = FACE_OUTER_BOUND ( 'NONE', #925, .T. ) ;
#2865 = VECTOR ( 'NONE', #1341, 1000.000000000000000 ) ;
#2866 = CARTESIAN_POINT ( 'NONE',  ( -52.99999999999999289, 24.99999999999997158, -4.999999999999999112 ) ) ;
#2867 = ORIENTED_EDGE ( 'NONE', *, *, #543, .T. ) ;
#2868 = AXIS2_PLACEMENT_3D ( 'NONE', #576, #825, #125 ) ;
#2869 = EDGE_LOOP ( 'NONE', ( #2019, #497, #1710, #2148 ) ) ;
#2870 = ADVANCED_FACE ( 'NONE', ( #2798, #1374, #1155 ), #3025, .F. ) ;
#2871 = DIRECTION ( 'NONE',  ( -0.000000000000000000, -0.000000000000000000, 1.000000000000000000 ) ) ;
#2872 = VERTEX_POINT ( 'NONE', #19 ) ;
#2873 = DIRECTION ( 'NONE',  ( 0.000000000000000000, 0.000000000000000000, 1.000000000000000000 ) ) ;
#2874 = PLANE ( 'NONE',  #1720 ) ;
#2875 = FACE_OUTER_BOUND ( 'NONE', #2972, .T. ) ;
#2876 = ORIENTED_EDGE ( 'NONE', *, *, #1617, .T. ) ;
#2877 = FACE_BOUND ( 'NONE', #1601, .T. ) ;
#2878 = LINE ( 'NONE', #755, #440 ) ;
#2879 = LINE ( 'NONE', #957, #376 ) ;
#2880 = ORIENTED_EDGE ( 'NONE', *, *, #162, .T. ) ;
#2881 = ORIENTED_EDGE ( 'NONE', *, *, #1015, .T. ) ;
#2882 = DIRECTION ( 'NONE',  ( -1.000000000000000000, -0.000000000000000000, -0.000000000000000000 ) ) ;
#2883 = EDGE_CURVE ( 'NONE', #1003, #2794, #88, .T. ) ;
#2884 = VERTEX_POINT ( 'NONE', #470 ) ;
#2885 = FACE_BOUND ( 'NONE', #170, .T. ) ;
#2886 = DIRECTION ( 'NONE',  ( 0.000000000000000000, -0.4999999999999996114, 0.8660254037844388186 ) ) ;
#2887 = ORIENTED_EDGE ( 'NONE', *, *, #851, .T. ) ;
#2888 = CARTESIAN_POINT ( 'NONE',  ( -49.99999999999998579, -22.50000000000000355, 6.443375672974059221 ) ) ;
#2889 = CARTESIAN_POINT ( 'NONE',  ( -60.00000000000000711, 24.99999999999997158, 3.299999999999998490 ) ) ;
#2890 = DIRECTION ( 'NONE',  ( 0.000000000000000000, 0.000000000000000000, 1.000000000000000000 ) ) ;
#2891 = ORIENTED_EDGE ( 'NONE', *, *, #2308, .T. ) ;
#2892 = EDGE_LOOP ( 'NONE', ( #1213, #2922 ) ) ;
#2893 = ADVANCED_FACE ( 'NONE', ( #675 ), #938, .F. ) ;
#2894 = DIRECTION ( 'NONE',  ( 0.000000000000000000, -0.4999999999999996114, -0.8660254037844388186 ) ) ;
#2895 = ORIENTED_EDGE ( 'NONE', *, *, #1390, .T. ) ;
#2896 = DIRECTION ( 'NONE',  ( 0.000000000000000000, -0.8660254037844387076, -0.4999999999999998335 ) ) ;
#2897 = PLANE ( 'NONE',  #2467 ) ;
#2898 = VECTOR ( 'NONE', #2430, 1000.000000000000114 ) ;
#2899 = VERTEX_POINT ( 'NONE', #198 ) ;
#2900 = EDGE_CURVE ( 'NONE', #2181, #2348, #662, .T. ) ;
#2901 = AXIS2_PLACEMENT_3D ( 'NONE', #1318, #804, #587 ) ;
#2902 = CARTESIAN_POINT ( 'NONE',  ( -10.00000000000000000, 1.224646799147353256E-15, 10.00000000000000000 ) ) ;
#2903 = CARTESIAN_POINT ( 'NONE',  ( 52.99999999999999289, 25.00000000000001066, 2.113248654051870012 ) ) ;
#2904 = AXIS2_PLACEMENT_3D ( 'NONE', #1425, #724, #2374 ) ;
#2905 = VECTOR ( 'NONE', #599, 1000.000000000000000 ) ;
#2906 = DIRECTION ( 'NONE',  ( 0.000000000000000000, 0.000000000000000000, -1.000000000000000000 ) ) ;
#2907 = ADVANCED_FACE ( 'NONE', ( #965 ), #1169, .F. ) ;
#2908 = VERTEX_POINT ( 'NONE', #721 ) ;
#2909 = AXIS2_PLACEMENT_3D ( 'NONE', #1611, #2056, #2077 ) ;
#2910 = AXIS2_PLACEMENT_3D ( 'NONE', #1937, #559, #999 ) ;
#2911 = ORIENTED_EDGE ( 'NONE', *, *, #632, .T. ) ;
#2912 = CARTESIAN_POINT ( 'NONE',  ( -49.99999999999998579, 27.50000000000001066, -3.556624327025931898 ) ) ;
#2913 = AXIS2_PLACEMENT_3D ( 'NONE', #1245, #49, #1008 ) ;
#2914 = VERTEX_POINT ( 'NONE', #1408 ) ;
#2915 = CARTESIAN_POINT ( 'NONE',  ( -52.99999999999999289, -24.99999999999997158, -4.999999999999999112 ) ) ;
#2916 = DIRECTION ( 'NONE',  ( 0.000000000000000000, 0.4999999999999999445, 0.8660254037844387076 ) ) ;
#2917 = ORIENTED_EDGE ( 'NONE', *, *, #2029, .F. ) ;
#2918 = DIRECTION ( 'NONE',  ( 1.000000000000000000, -0.000000000000000000, -0.000000000000000000 ) ) ;
#2919 = DIRECTION ( 'NONE',  ( 1.000000000000000000, 0.000000000000000000, 0.000000000000000000 ) ) ;
#2920 = ADVANCED_FACE ( 'NONE', ( #2571 ), #2553, .F. ) ;
#2921 = DIRECTION ( 'NONE',  ( -1.000000000000000000, -0.000000000000000000, -0.000000000000000000 ) ) ;
#2922 = ORIENTED_EDGE ( 'NONE', *, *, #2550, .T. ) ;
#2923 = DIRECTION ( 'NONE',  ( 1.000000000000000000, 0.000000000000000000, 0.000000000000000000 ) ) ;
#2924 = ORIENTED_EDGE ( 'NONE', *, *, #2344, .F. ) ;
#2925 = CARTESIAN_POINT ( 'NONE',  ( 52.99999999999999289, -27.50000000000001066, -6.443375672974062773 ) ) ;
#2926 = FACE_OUTER_BOUND ( 'NONE', #1129, .T. ) ;
#2927 = ORIENTED_EDGE ( 'NONE', *, *, #2470, .T. ) ;
#2928 = DIRECTION ( 'NONE',  ( -1.000000000000000000, 0.000000000000000000, 0.000000000000000000 ) ) ;
#2929 = FACE_OUTER_BOUND ( 'NONE', #1171, .T. ) ;
#2930 = ADVANCED_FACE ( 'NONE', ( #212 ), #456, .F. ) ;
#2931 = ORIENTED_EDGE ( 'NONE', *, *, #496, .F. ) ;
#2932 = CARTESIAN_POINT ( 'NONE',  ( 52.99999999999999289, -22.50000000000000355, 6.443375672974059221 ) ) ;
#2933 = CARTESIAN_POINT ( 'NONE',  ( 52.99999999999999289, -27.50000000000001066, 3.556624327025931898 ) ) ;
#2934 = CARTESIAN_POINT ( 'NONE',  ( 52.99999999999999289, -24.99999999999997158, 4.999999999999999112 ) ) ;
#2935 = EDGE_LOOP ( 'NONE', ( #148, #2215, #1177, #1916 ) ) ;
#2936 = EDGE_CURVE ( 'NONE', #802, #2734, #2353, .T. ) ;
#2937 = DIRECTION ( 'NONE',  ( -1.000000000000000000, 0.000000000000000000, -0.000000000000000000 ) ) ;
#2938 = VERTEX_POINT ( 'NONE', #3054 ) ;
#2939 = EDGE_CURVE ( 'NONE', #252, #68, #1882, .T. ) ;
#2940 = DIRECTION ( 'NONE',  ( 0.000000000000000000, 0.8660254037844389297, 0.4999999999999996114 ) ) ;
#2941 = PLANE ( 'NONE',  #2862 ) ;
#2942 = EDGE_CURVE ( 'NONE', #837, #395, #2127, .T. ) ;
#2943 = ORIENTED_EDGE ( 'NONE', *, *, #3, .T. ) ;
#2944 = PLANE ( 'NONE',  #1381 ) ;
#2945 = CARTESIAN_POINT ( 'NONE',  ( 52.99999999999999289, 22.50000000000000355, -6.443375672974059221 ) ) ;
#2946 = ORIENTED_EDGE ( 'NONE', *, *, #727, .F. ) ;
#2947 = CARTESIAN_POINT ( 'NONE',  ( -50.00000000000000000, 29.99999999999998579, -10.00000000000000000 ) ) ;
#2948 = CARTESIAN_POINT ( 'NONE',  ( -60.00000000000000711, -24.99999999999997158, -3.299999999999998934 ) ) ;
#2949 = CIRCLE ( 'NONE', #2814, 1.700000000000000178 ) ;
#2950 = DIRECTION ( 'NONE',  ( 1.000000000000000000, -6.938893903907227392E-16, 0.000000000000000000 ) ) ;
#2951 = AXIS2_PLACEMENT_3D ( 'NONE', #1825, #1577, #1130 ) ;
#2952 = EDGE_LOOP ( 'NONE', ( #338, #2191, #624, #670 ) ) ;
#2953 = DIRECTION ( 'NONE',  ( -1.000000000000000000, -0.000000000000000000, -0.000000000000000000 ) ) ;
#2954 = VECTOR ( 'NONE', #2540, 1000.000000000000000 ) ;
#2955 = AXIS2_PLACEMENT_3D ( 'NONE', #2227, #2757, #2493 ) ;
#2956 = FACE_OUTER_BOUND ( 'NONE', #2336, .T. ) ;
#2957 = ORIENTED_EDGE ( 'NONE', *, *, #1235, .T. ) ;
#2958 = VECTOR ( 'NONE', #2896, 1000.000000000000114 ) ;
#2959 = CIRCLE ( 'NONE', #578, 1.700000000000000178 ) ;
#2960 = CARTESIAN_POINT ( 'NONE',  ( 60.00000000000000000, 24.99999999999997158, -3.299999999999998934 ) ) ;
#2961 = VECTOR ( 'NONE', #2463, 1000.000000000000000 ) ;
#2962 = LINE ( 'NONE', #2480, #2372 ) ;
#2963 = EDGE_CURVE ( 'NONE', #395, #668, #1661, .T. ) ;
#2964 = EDGE_LOOP ( 'NONE', ( #2433, #239, #1031, #1824 ) ) ;
#2965 = CIRCLE ( 'NONE', #3011, 4.999999999999999112 ) ;
#2966 = CARTESIAN_POINT ( 'NONE',  ( -52.99999999999999289, -25.00000000000001066, -2.113248654051870012 ) ) ;
#2967 = DIRECTION ( 'NONE',  ( -0.000000000000000000, -0.000000000000000000, 1.000000000000000000 ) ) ;
#2968 = EDGE_LOOP ( 'NONE', ( #1973, #916, #1659, #1121, #763, #3023, #2406, #263, #2719, #655, #2880, #1464 ) ) ;
#2969 = DIRECTION ( 'NONE',  ( -1.000000000000000000, 6.938893903907227392E-16, 0.000000000000000000 ) ) ;
#2970 = CARTESIAN_POINT ( 'NONE',  ( 52.99999999999999289, -22.50000000000000355, 6.443375672974059221 ) ) ;
#2971 = LINE ( 'NONE', #2504, #2115 ) ;
#2972 = EDGE_LOOP ( 'NONE', ( #2698, #156, #1094, #1838 ) ) ;
#2973 = DIRECTION ( 'NONE',  ( 0.000000000000000000, -1.000000000000000000, -0.000000000000000000 ) ) ;
#2974 = CARTESIAN_POINT ( 'NONE',  ( 49.99999999999998579, -27.50000000000001066, 3.556624327025931898 ) ) ;
#2975 = ORIENTED_EDGE ( 'NONE', *, *, #1066, .T. ) ;
#2976 = EDGE_CURVE ( 'NONE', #2546, #406, #254, .T. ) ;
#2977 = CARTESIAN_POINT ( 'NONE',  ( -60.00000000000000000, 30.00000000000000000, 5.000000000000000000 ) ) ;
#2978 = CARTESIAN_POINT ( 'NONE',  ( -2.081668171172167330E-15, 19.99999999999998934, 10.00000000000000000 ) ) ;
#2979 = EDGE_LOOP ( 'NONE', ( #1515, #2731 ) ) ;
#2980 = CARTESIAN_POINT ( 'NONE',  ( 49.99999999999998579, 27.50000000000001066, -3.556624327025931898 ) ) ;
#2981 = CARTESIAN_POINT ( 'NONE',  ( 0.000000000000000000, 24.99999999999999645, 5.000000000000000000 ) ) ;
#2982 = ADVANCED_FACE ( 'NONE', ( #1933 ), #1719, .F. ) ;
#2983 = ORIENTED_EDGE ( 'NONE', *, *, #194, .F. ) ;
#2984 = DIRECTION ( 'NONE',  ( -6.938893903907227392E-16, -1.000000000000000000, 0.000000000000000000 ) ) ;
#2985 = LINE ( 'NONE', #412, #2121 ) ;
#2986 = ORIENTED_EDGE ( 'NONE', *, *, #1286, .F. ) ;
#2987 = FACE_OUTER_BOUND ( 'NONE', #630, .T. ) ;
#2988 = DIRECTION ( 'NONE',  ( 1.000000000000000000, -0.000000000000000000, -0.000000000000000000 ) ) ;
#2989 = ORIENTED_EDGE ( 'NONE', *, *, #2653, .T. ) ;
#2990 = CARTESIAN_POINT ( 'NONE',  ( 49.99999999999998579, 27.50000000000001066, -3.556624327025931898 ) ) ;
#2991 = PLANE ( 'NONE',  #1914 ) ;
#2992 = VERTEX_POINT ( 'NONE', #1501 ) ;
#2993 = PLANE ( 'NONE',  #35 ) ;
#2994 = VERTEX_POINT ( 'NONE', #2450 ) ;
#2995 = LINE ( 'NONE', #1056, #2810 ) ;
#2996 = CARTESIAN_POINT ( 'NONE',  ( -49.99999999999998579, 22.50000000000000355, -3.556624327025939003 ) ) ;
#2997 = DIRECTION ( 'NONE',  ( -1.000000000000000000, -0.000000000000000000, -0.000000000000000000 ) ) ;
#2998 = EDGE_CURVE ( 'NONE', #1041, #1416, #1490, .T. ) ;
#2999 = EDGE_LOOP ( 'NONE', ( #509, #353, #2559, #2592 ) ) ;
#3000 = LINE ( 'NONE', #181, #1711 ) ;
#3001 = VECTOR ( 'NONE', #2028, 1000.000000000000114 ) ;
#3002 = CARTESIAN_POINT ( 'NONE',  ( -52.99999999999999289, -25.00000000000000711, 7.886751345948129099 ) ) ;
#3003 = ORIENTED_EDGE ( 'NONE', *, *, #1346, .F. ) ;
#3004 = VECTOR ( 'NONE', #1193, 1000.000000000000114 ) ;
#3005 = CARTESIAN_POINT ( 'NONE',  ( -52.99999999999999289, 25.00000000000000711, -7.886751345948129099 ) ) ;
#3006 = AXIS2_PLACEMENT_3D ( 'NONE', #995, #30, #2873 ) ;
#3007 = EDGE_LOOP ( 'NONE', ( #2823, #850, #2054, #2895, #1672, #1716 ) ) ;
#3008 = AXIS2_PLACEMENT_3D ( 'NONE', #2859, #2630, #2844 ) ;
#3009 = FACE_OUTER_BOUND ( 'NONE', #1627, .T. ) ;
#3010 = VECTOR ( 'NONE', #551, 1000.000000000000114 ) ;
#3011 = AXIS2_PLACEMENT_3D ( 'NONE', #1788, #1803, #2503 ) ;
#3012 = ORIENTED_EDGE ( 'NONE', *, *, #94, .F. ) ;
#3013 = DIRECTION ( 'NONE',  ( 0.000000000000000000, 0.000000000000000000, 1.000000000000000000 ) ) ;
#3014 = DIRECTION ( 'NONE',  ( -0.000000000000000000, 1.000000000000000000, 0.000000000000000000 ) ) ;
#3015 = VERTEX_POINT ( 'NONE', #324 ) ;
#3016 = FACE_OUTER_BOUND ( 'NONE', #2678, .T. ) ;
#3017 = EDGE_CURVE ( 'NONE', #2380, #837, #2425, .T. ) ;
#3018 = DIRECTION ( 'NONE',  ( 1.000000000000000000, -0.000000000000000000, -0.000000000000000000 ) ) ;
#3019 = ORIENTED_EDGE ( 'NONE', *, *, #2101, .F. ) ;
#3020 = CARTESIAN_POINT ( 'NONE',  ( -60.00000000000000711, -24.99999999999997158, -4.999999999999999112 ) ) ;
#3021 = CARTESIAN_POINT ( 'NONE',  ( -49.99999999999999289, -25.00000000000000711, -7.886751345948129988 ) ) ;
#3022 = CARTESIAN_POINT ( 'NONE',  ( 60.00000000000000000, -30.00000000000000000, -4.999999999999999112 ) ) ;
#3023 = ORIENTED_EDGE ( 'NONE', *, *, #2152, .T. ) ;
#3024 = CARTESIAN_POINT ( 'NONE',  ( 52.99999999999999289, -25.00000000000001066, 2.113248654051870012 ) ) ;
#3025 = PLANE ( 'NONE',  #1234 ) ;
#3026 = ADVANCED_FACE ( 'NONE', ( #556 ), #2874, .F. ) ;
#3027 = VERTEX_POINT ( 'NONE', #794 ) ;
#3028 = CARTESIAN_POINT ( 'NONE',  ( 60.00000000000000000, 24.99999999999997158, 4.999999999999999112 ) ) ;
#3029 = ORIENTED_EDGE ( 'NONE', *, *, #1208, .T. ) ;
#3030 = LINE ( 'NONE', #867, #1770 ) ;
#3031 = ADVANCED_FACE ( 'NONE', ( #542 ), #2897, .T. ) ;
#3032 = CARTESIAN_POINT ( 'NONE',  ( 49.99999999999998579, 25.00000000000001066, 2.113248654051870012 ) ) ;
#3033 = CARTESIAN_POINT ( 'NONE',  ( 60.00000000000000000, -24.99999999999997158, 4.999999999999999112 ) ) ;
#3034 = ADVANCED_FACE ( 'NONE', ( #265 ), #72, .T. ) ;
#3035 = ORIENTED_EDGE ( 'NONE', *, *, #844, .F. ) ;
#3036 = DIRECTION ( 'NONE',  ( -0.000000000000000000, -0.000000000000000000, 1.000000000000000000 ) ) ;
#3037 = FACE_OUTER_BOUND ( 'NONE', #1701, .T. ) ;
#3038 = DIRECTION ( 'NONE',  ( 0.000000000000000000, 0.8660254037844383745, -0.5000000000000003331 ) ) ;
#3039 = ORIENTED_EDGE ( 'NONE', *, *, #2119, .T. ) ;
#3040 = DIRECTION ( 'NONE',  ( -0.000000000000000000, 0.8660254037844385966, -0.4999999999999999445 ) ) ;
#3041 = EDGE_CURVE ( 'NONE', #1857, #272, #1689, .T. ) ;
#3042 = DIRECTION ( 'NONE',  ( 0.000000000000000000, 0.8660254037844387076, 0.4999999999999998335 ) ) ;
#3043 = EDGE_LOOP ( 'NONE', ( #990, #1192, #2782, #617, #285, #59 ) ) ;
#3044 = CARTESIAN_POINT ( 'NONE',  ( -52.99999999999999289, 22.50000000000000355, -3.556624327025939003 ) ) ;
#3045 = CIRCLE ( 'NONE', #627, 1.700000000000000178 ) ;
#3046 = EDGE_LOOP ( 'NONE', ( #1287, #1854, #3012, #2501 ) ) ;
#3047 = AXIS2_PLACEMENT_3D ( 'NONE', #2767, #1633, #2784 ) ;
#3048 = DIRECTION ( 'NONE',  ( -1.000000000000000000, 0.000000000000000000, 0.000000000000000000 ) ) ;
#3049 = ADVANCED_FACE ( 'NONE', ( #1700, #2437 ), #1215, .T. ) ;
#3050 = AXIS2_PLACEMENT_3D ( 'NONE', #1571, #2720, #2031 ) ;
#3051 = VERTEX_POINT ( 'NONE', #1257 ) ;
#3052 = CIRCLE ( 'NONE', #332, 5.000000000000000888 ) ;
#3053 = CYLINDRICAL_SURFACE ( 'NONE', #1768, 1.700000000000000178 ) ;
#3054 = CARTESIAN_POINT ( 'NONE',  ( 49.99999999999998579, -25.00000000000001066, 2.113248654051870012 ) ) ;
#3055 = PLANE ( 'NONE',  #1471 ) ;
#3056 = VECTOR ( 'NONE', #1103, 1000.000000000000000 ) ;
#3057 = ORIENTED_EDGE ( 'NONE', *, *, #2441, .F. ) ;
#3058 = FACE_OUTER_BOUND ( 'NONE', #544, .T. ) ;
#3059 = VECTOR ( 'NONE', #1233, 1000.000000000000000 ) ;
#3060 = CARTESIAN_POINT ( 'NONE',  ( -52.99999999999999289, 22.50000000000000355, -6.443375672974059221 ) ) ;
#3061 = VERTEX_POINT ( 'NONE', #2198 ) ;
ENDSEC;
END-ISO-10303-21;
