ISO-10303-21;
HEADER;
FILE_DESCRIPTION (( 'STEP AP214' ),
    '1' );
FILE_NAME ('ButtomLid.step',
    '2026-08-28T16:09:00',
    ( '' ),
    ( '' ),
    'SwSTEP 2.0',
    'SolidWorks 2024',
    '' );
FILE_SCHEMA (( 'AUTOMOTIVE_DESIGN' ));
ENDSEC;

DATA;
#1 = PRODUCT_CONTEXT ( 'NONE', #1302, 'mechanical' ) ;
#2 = EDGE_LOOP ( 'NONE', ( #203, #161, #440, #418 ) ) ;
#3 = CARTESIAN_POINT ( 'NONE',  ( 31.81980515339502702, 0.000000000000000000, 33.51980515339425182 ) ) ;
#4 = EDGE_LOOP ( 'NONE', ( #428, #51, #445, #549 ) ) ;
#5 = ORIENTED_EDGE ( 'NONE', *, *, #694, .F. ) ;
#6 = DIRECTION ( 'NONE',  ( 0.7071067811865495711, 0.000000000000000000, 0.7071067811865453523 ) ) ;
#7 = EDGE_CURVE ( 'NONE', #1314, #863, #386, .T. ) ;
#8 = AXIS2_PLACEMENT_3D ( 'NONE', #950, #513, #742 ) ;
#9 = CARTESIAN_POINT ( 'NONE',  ( -31.81980515339480320, 0.000000000000000000, -33.51980515339447209 ) ) ;
#10 = ORIENTED_EDGE ( 'NONE', *, *, #444, .F. ) ;
#11 = DIRECTION ( 'NONE',  ( -0.000000000000000000, 1.000000000000000000, -0.000000000000000000 ) ) ;
#12 = ORIENTED_EDGE ( 'NONE', *, *, #573, .T. ) ;
#13 = ORIENTED_EDGE ( 'NONE', *, *, #244, .F. ) ;
#14 = DIRECTION ( 'NONE',  ( 0.000000000000000000, 0.000000000000000000, 1.000000000000000000 ) ) ;
#15 = CARTESIAN_POINT ( 'NONE',  ( 45.00000000000000000, 7.000000000000000000, -2.500000000000002220 ) ) ;
#16 = ORIENTED_EDGE ( 'NONE', *, *, #274, .F. ) ;
#17 = EDGE_CURVE ( 'NONE', #108, #965, #1157, .T. ) ;
#18 = ORIENTED_EDGE ( 'NONE', *, *, #597, .T. ) ;
#19 = VECTOR ( 'NONE', #1287, 1000.000000000000000 ) ;
#20 = CARTESIAN_POINT ( 'NONE',  ( 45.00000000000000000, 12.00000000000000000, 0.000000000000000000 ) ) ;
#21 = CARTESIAN_POINT ( 'NONE',  ( 4.408728476930470856E-15, 0.000000000000000000, 36.00000000000000000 ) ) ;
#22 = CARTESIAN_POINT ( 'NONE',  ( -1.571166602479409884E-13, 7.000000000000000000, -45.00000000000000000 ) ) ;
#23 = ORIENTED_EDGE ( 'NONE', *, *, #1319, .F. ) ;
#24 = EDGE_CURVE ( 'NONE', #676, #369, #949, .T. ) ;
#25 = VERTEX_POINT ( 'NONE', #838 ) ;
#26 = CARTESIAN_POINT ( 'NONE',  ( -1.571166602479409884E-13, 0.000000000000000000, -45.00000000000000000 ) ) ;
#27 = CIRCLE ( 'NONE', #121, 1.700000000000000178 ) ;
#28 = DIRECTION ( 'NONE',  ( 0.000000000000000000, 0.000000000000000000, -1.000000000000000000 ) ) ;
#29 = AXIS2_PLACEMENT_3D ( 'NONE', #624, #745, #754 ) ;
#30 = AXIS2_PLACEMENT_3D ( 'NONE', #1264, #503, #737 ) ;
#31 = CARTESIAN_POINT ( 'NONE',  ( -31.81980515339435911, 7.000000000000000000, 33.51980515339491262 ) ) ;
#32 = DIRECTION ( 'NONE',  ( -0.7071067811865531239, 0.000000000000000000, -0.7071067811865420216 ) ) ;
#33 = AXIS2_PLACEMENT_3D ( 'NONE', #1403, #756, #872 ) ;
#34 = EDGE_LOOP ( 'NONE', ( #320, #708 ) ) ;
#35 = DIRECTION ( 'NONE',  ( -0.000000000000000000, 1.000000000000000000, -0.000000000000000000 ) ) ;
#36 = ADVANCED_FACE ( 'NONE', ( #870, #192 ), #551, .T. ) ;
#37 = CARTESIAN_POINT ( 'NONE',  ( -45.00000000000000000, 7.000000000000000000, 0.000000000000000000 ) ) ;
#38 = CARTESIAN_POINT ( 'NONE',  ( 45.00000000000000000, 7.000000000000000000, 0.000000000000000000 ) ) ;
#39 = ORIENTED_EDGE ( 'NONE', *, *, #819, .F. ) ;
#40 = DIRECTION ( 'NONE',  ( 0.000000000000000000, -0.000000000000000000, 1.000000000000000000 ) ) ;
#41 = ADVANCED_FACE ( 'NONE', ( #1174, #103 ), #414, .T. ) ;
#42 = CARTESIAN_POINT ( 'NONE',  ( 0.000000000000000000, 12.00000000000000000, -36.00000000000000000 ) ) ;
#43 = VERTEX_POINT ( 'NONE', #528 ) ;
#44 = VERTEX_POINT ( 'NONE', #876 ) ;
#45 = DIRECTION ( 'NONE',  ( -0.000000000000000000, 1.000000000000000000, -0.000000000000000000 ) ) ;
#46 = CARTESIAN_POINT ( 'NONE',  ( 4.713499807438230156E-13, 12.00000000000000000, 47.50000000000000000 ) ) ;
#47 = MECHANICAL_DESIGN_GEOMETRIC_PRESENTATION_REPRESENTATION (  '', ( #1290 ), #588 ) ;
#48 = EDGE_CURVE ( 'NONE', #778, #1214, #975, .T. ) ;
#49 = CARTESIAN_POINT ( 'NONE',  ( -1.571166602479409884E-13, 0.000000000000000000, -45.00000000000000000 ) ) ;
#50 = CIRCLE ( 'NONE', #938, 2.500000000000003553 ) ;
#51 = ORIENTED_EDGE ( 'NONE', *, *, #733, .F. ) ;
#52 = CIRCLE ( 'NONE', #475, 2.500000000000000888 ) ;
#53 = VECTOR ( 'NONE', #89, 1000.000000000000000 ) ;
#54 = DIRECTION ( 'NONE',  ( 0.000000000000000000, 0.000000000000000000, 1.000000000000000000 ) ) ;
#55 = FACE_OUTER_BOUND ( 'NONE', #565, .T. ) ;
#56 = CARTESIAN_POINT ( 'NONE',  ( 0.000000000000000000, 12.00000000000000000, -55.00000000000000000 ) ) ;
#57 = ORIENTED_EDGE ( 'NONE', *, *, #792, .T. ) ;
#58 = DIRECTION ( 'NONE',  ( -0.000000000000000000, -1.000000000000000000, -0.000000000000000000 ) ) ;
#59 = EDGE_CURVE ( 'NONE', #1385, #601, #1030, .T. ) ;
#60 = CARTESIAN_POINT ( 'NONE',  ( 4.713499807438230156E-13, 7.000000000000000000, 45.00000000000000000 ) ) ;
#61 = DIRECTION ( 'NONE',  ( -0.000000000000000000, -1.000000000000000000, -0.000000000000000000 ) ) ;
#62 = CARTESIAN_POINT ( 'NONE',  ( -31.81980515339480320, 7.000000000000000000, -31.81980515339446924 ) ) ;
#63 = AXIS2_PLACEMENT_3D ( 'NONE', #1162, #954, #284 ) ;
#64 = ORIENTED_EDGE ( 'NONE', *, *, #1242, .F. ) ;
#65 = DIRECTION ( 'NONE',  ( 0.000000000000000000, 1.000000000000000000, 0.000000000000000000 ) ) ;
#66 = ADVANCED_FACE ( 'NONE', ( #1288 ), #1093, .F. ) ;
#67 = CYLINDRICAL_SURFACE ( 'NONE', #1412, 2.500000000000002220 ) ;
#68 = DIRECTION ( 'NONE',  ( -0.000000000000000000, 1.000000000000000000, -0.000000000000000000 ) ) ;
#69 = ORIENTED_EDGE ( 'NONE', *, *, #758, .F. ) ;
#70 = CARTESIAN_POINT ( 'NONE',  ( -45.00000000000000000, 0.000000000000000000, -1.699999999999999512 ) ) ;
#71 = EDGE_LOOP ( 'NONE', ( #1331, #1211 ) ) ;
#72 = DIRECTION ( 'NONE',  ( 0.000000000000000000, 0.000000000000000000, -1.000000000000000000 ) ) ;
#73 = EDGE_CURVE ( 'NONE', #44, #369, #52, .T. ) ;
#74 = DIRECTION ( 'NONE',  ( -0.000000000000000000, -1.000000000000000000, -0.000000000000000000 ) ) ;
#75 = ADVANCED_FACE ( 'NONE', ( #1422, #1183 ), #201, .T. ) ;
#76 = CARTESIAN_POINT ( 'NONE',  ( 45.00000000000000000, 7.000000000000000000, -1.699999999999999512 ) ) ;
#77 = EDGE_LOOP ( 'NONE', ( #1419, #236, #134, #90 ) ) ;
#78 = DIRECTION ( 'NONE',  ( 0.000000000000000000, 0.000000000000000000, 1.000000000000000000 ) ) ;
#79 = DIRECTION ( 'NONE',  ( 0.000000000000000000, 1.000000000000000000, 0.000000000000000000 ) ) ;
#80 = CARTESIAN_POINT ( 'NONE',  ( -31.81980515339480320, 7.000000000000000000, -31.81980515339446924 ) ) ;
#81 = ORIENTED_EDGE ( 'NONE', *, *, #274, .T. ) ;
#82 = DIRECTION ( 'NONE',  ( 0.000000000000000000, 0.000000000000000000, 1.000000000000000000 ) ) ;
#83 = DIRECTION ( 'NONE',  ( 0.000000000000000000, 0.000000000000000000, 1.000000000000000000 ) ) ;
#84 = EDGE_CURVE ( 'NONE', #773, #251, #1195, .T. ) ;
#85 = DIRECTION ( 'NONE',  ( 0.000000000000000000, 0.000000000000000000, 1.000000000000000000 ) ) ;
#86 = DIRECTION ( 'NONE',  ( 0.000000000000000000, 0.000000000000000000, 1.000000000000000000 ) ) ;
#87 = DIRECTION ( 'NONE',  ( 1.000000000000000000, 0.000000000000000000, -2.775557561562888984E-15 ) ) ;
#88 = ORIENTED_EDGE ( 'NONE', *, *, #988, .F. ) ;
#89 = DIRECTION ( 'NONE',  ( -0.000000000000000000, 1.000000000000000000, -0.000000000000000000 ) ) ;
#90 = ORIENTED_EDGE ( 'NONE', *, *, #533, .F. ) ;
#91 = EDGE_CURVE ( 'NONE', #1111, #1313, #720, .T. ) ;
#92 = CARTESIAN_POINT ( 'NONE',  ( -1.571166602479409884E-13, 7.000000000000000000, -45.00000000000000000 ) ) ;
#93 = APPLICATION_PROTOCOL_DEFINITION ( 'draft international standard', 'automotive_design', 1998, #1302 ) ;
#94 = CARTESIAN_POINT ( 'NONE',  ( 31.81980515339502702, 7.000000000000000000, 31.81980515339424898 ) ) ;
#95 = AXIS2_PLACEMENT_3D ( 'NONE', #1234, #1349, #582 ) ;
#96 = CIRCLE ( 'NONE', #719, 2.500000000000002220 ) ;
#97 = AXIS2_PLACEMENT_3D ( 'NONE', #523, #610, #54 ) ;
#98 = EDGE_LOOP ( 'NONE', ( #667, #1353 ) ) ;
#99 = VECTOR ( 'NONE', #316, 1000.000000000000000 ) ;
#100 = ORIENTED_EDGE ( 'NONE', *, *, #17, .F. ) ;
#101 = AXIS2_PLACEMENT_3D ( 'NONE', #691, #252, #1124 ) ;
#102 = CARTESIAN_POINT ( 'NONE',  ( 45.00000000000000000, 0.000000000000000000, 0.000000000000000000 ) ) ;
#103 = FACE_BOUND ( 'NONE', #442, .T. ) ;
#104 = VERTEX_POINT ( 'NONE', #206 ) ;
#105 = CYLINDRICAL_SURFACE ( 'NONE', #799, 2.500000000000002220 ) ;
#106 = EDGE_CURVE ( 'NONE', #1335, #214, #1136, .T. ) ;
#107 = EDGE_LOOP ( 'NONE', ( #231, #826, #887, #1011 ) ) ;
#108 = VERTEX_POINT ( 'NONE', #655 ) ;
#109 = CARTESIAN_POINT ( 'NONE',  ( 31.81980515339458293, 12.00000000000000000, -34.31980515339469662 ) ) ;
#110 = PRODUCT_DEFINITION_CONTEXT ( 'detailed design', #1370, 'design' ) ;
#111 = ORIENTED_EDGE ( 'NONE', *, *, #131, .F. ) ;
#112 = CARTESIAN_POINT ( 'NONE',  ( 0.000000000000000000, 0.000000000000000000, -36.00000000000000000 ) ) ;
#113 = EDGE_CURVE ( 'NONE', #1001, #278, #1318, .T. ) ;
#114 = ORIENTED_EDGE ( 'NONE', *, *, #24, .T. ) ;
#115 = ORIENTED_EDGE ( 'NONE', *, *, #7, .T. ) ;
#116 = DIRECTION ( 'NONE',  ( 0.000000000000000000, 0.000000000000000000, 1.000000000000000000 ) ) ;
#117 = CARTESIAN_POINT ( 'NONE',  ( -1.571166602479409884E-13, 7.000000000000000000, -45.00000000000000000 ) ) ;
#118 = ORIENTED_EDGE ( 'NONE', *, *, #881, .T. ) ;
#119 = FACE_OUTER_BOUND ( 'NONE', #526, .T. ) ;
#120 = ORIENTED_EDGE ( 'NONE', *, *, #694, .T. ) ;
#121 = AXIS2_PLACEMENT_3D ( 'NONE', #516, #297, #82 ) ;
#122 = EDGE_LOOP ( 'NONE', ( #847, #219, #348, #681 ) ) ;
#123 = CARTESIAN_POINT ( 'NONE',  ( 4.713499807438230156E-13, 7.000000000000000000, 45.00000000000000000 ) ) ;
#124 = CIRCLE ( 'NONE', #939, 2.500000000000002220 ) ;
#125 = ADVANCED_FACE ( 'NONE', ( #213 ), #835, .F. ) ;
#126 = AXIS2_PLACEMENT_3D ( 'NONE', #751, #1408, #1386 ) ;
#127 = CARTESIAN_POINT ( 'NONE',  ( -45.00000000000000000, 7.000000000000000000, 0.000000000000000000 ) ) ;
#128 = ORIENTED_EDGE ( 'NONE', *, *, #113, .T. ) ;
#129 = ORIENTED_EDGE ( 'NONE', *, *, #382, .F. ) ;
#130 = CARTESIAN_POINT ( 'NONE',  ( 4.713499807438230156E-13, 0.000000000000000000, 46.69999999999999574 ) ) ;
#131 = EDGE_CURVE ( 'NONE', #727, #601, #630, .T. ) ;
#132 = PLANE ( 'NONE',  #1156 ) ;
#133 = EDGE_LOOP ( 'NONE', ( #461, #1076 ) ) ;
#134 = ORIENTED_EDGE ( 'NONE', *, *, #347, .F. ) ;
#135 = AXIS2_PLACEMENT_3D ( 'NONE', #964, #527, #1073 ) ;
#136 = CARTESIAN_POINT ( 'NONE',  ( -31.81980515339480320, 7.000000000000000000, -33.51980515339447209 ) ) ;
#137 = CARTESIAN_POINT ( 'NONE',  ( 31.81980515339502702, 12.00000000000000000, 31.81980515339424898 ) ) ;
#138 = CARTESIAN_POINT ( 'NONE',  ( 0.000000000000000000, 12.00000000000000000, 0.000000000000000000 ) ) ;
#139 = DIRECTION ( 'NONE',  ( -0.000000000000000000, 1.000000000000000000, -0.000000000000000000 ) ) ;
#140 = EDGE_LOOP ( 'NONE', ( #923, #608 ) ) ;
#141 = SURFACE_SIDE_STYLE ('',( #697 ) ) ;
#142 = AXIS2_PLACEMENT_3D ( 'NONE', #211, #1105, #116 ) ;
#143 = DIRECTION ( 'NONE',  ( -1.000000000000000000, 0.000000000000000000, 1.110223024625155594E-14 ) ) ;
#144 = CIRCLE ( 'NONE', #959, 1.700000000000000178 ) ;
#145 = AXIS2_PLACEMENT_3D ( 'NONE', #952, #960, #1165 ) ;
#146 = PRESENTATION_STYLE_ASSIGNMENT (( #591 ) ) ;
#147 = CARTESIAN_POINT ( 'NONE',  ( 45.00000000000000000, 7.000000000000000000, 0.000000000000000000 ) ) ;
#148 = CIRCLE ( 'NONE', #546, 1.699999999999999512 ) ;
#149 = ORIENTED_EDGE ( 'NONE', *, *, #204, .T. ) ;
#150 = EDGE_CURVE ( 'NONE', #888, #1404, #423, .T. ) ;
#151 = FACE_BOUND ( 'NONE', #449, .T. ) ;
#152 =( NAMED_UNIT ( * ) SI_UNIT ( $, .STERADIAN. ) SOLID_ANGLE_UNIT ( ) );
#153 = CARTESIAN_POINT ( 'NONE',  ( -31.81980515339435911, 0.000000000000000000, 33.51980515339491262 ) ) ;
#154 = ORIENTED_EDGE ( 'NONE', *, *, #675, .F. ) ;
#155 = EDGE_LOOP ( 'NONE', ( #576, #23, #114, #190 ) ) ;
#156 = EDGE_CURVE ( 'NONE', #1335, #287, #1063, .T. ) ;
#157 = CARTESIAN_POINT ( 'NONE',  ( -31.81980515339435911, 12.00000000000000000, 34.31980515339491689 ) ) ;
#158 =( GEOMETRIC_REPRESENTATION_CONTEXT ( 3 ) GLOBAL_UNCERTAINTY_ASSIGNED_CONTEXT ( ( #327 ) ) GLOBAL_UNIT_ASSIGNED_CONTEXT ( ( #1400, #178, #421 ) ) REPRESENTATION_CONTEXT ( 'NONE', 'WORKASPACE' ) );
#159 = DIRECTION ( 'NONE',  ( -0.000000000000000000, 1.000000000000000000, 0.000000000000000000 ) ) ;
#160 = CARTESIAN_POINT ( 'NONE',  ( -1.571166602479409884E-13, 12.00000000000000000, -45.00000000000000000 ) ) ;
#161 = ORIENTED_EDGE ( 'NONE', *, *, #328, .F. ) ;
#162 = FACE_BOUND ( 'NONE', #71, .T. ) ;
#163 = FACE_BOUND ( 'NONE', #993, .T. ) ;
#164 = VECTOR ( 'NONE', #670, 1000.000000000000000 ) ;
#165 = FACE_OUTER_BOUND ( 'NONE', #77, .T. ) ;
#166 = EDGE_CURVE ( 'NONE', #1168, #886, #357, .T. ) ;
#167 = AXIS2_PLACEMENT_3D ( 'NONE', #1059, #205, #644 ) ;
#168 = AXIS2_PLACEMENT_3D ( 'NONE', #1277, #296, #1071 ) ;
#169 = ORIENTED_EDGE ( 'NONE', *, *, #1096, .F. ) ;
#170 = VECTOR ( 'NONE', #823, 1000.000000000000000 ) ;
#171 = AXIS2_PLACEMENT_3D ( 'NONE', #715, #1140, #1252 ) ;
#172 = CARTESIAN_POINT ( 'NONE',  ( -1.571166602479409884E-13, 7.000000000000000000, -43.29999999999999716 ) ) ;
#173 = CARTESIAN_POINT ( 'NONE',  ( -45.00000000000000000, 0.000000000000000000, -1.699999999999999512 ) ) ;
#174 = CARTESIAN_POINT ( 'NONE',  ( -31.81980515339480320, 0.000000000000000000, -33.51980515339447209 ) ) ;
#175 = ADVANCED_FACE ( 'NONE', ( #280 ), #67, .F. ) ;
#176 = ORIENTED_EDGE ( 'NONE', *, *, #491, .F. ) ;
#177 = CARTESIAN_POINT ( 'NONE',  ( 31.81980515339502702, 7.000000000000000000, 31.81980515339424898 ) ) ;
#178 =( NAMED_UNIT ( * ) PLANE_ANGLE_UNIT ( ) SI_UNIT ( $, .RADIAN. ) );
#179 = CARTESIAN_POINT ( 'NONE',  ( -31.81980515339435911, 0.000000000000000000, 31.81980515339491333 ) ) ;
#180 = DIRECTION ( 'NONE',  ( 0.000000000000000000, 1.000000000000000000, 0.000000000000000000 ) ) ;
#181 = ORIENTED_EDGE ( 'NONE', *, *, #73, .F. ) ;
#182 = CIRCLE ( 'NONE', #671, 2.500000000000000888 ) ;
#183 = DIRECTION ( 'NONE',  ( 0.7071067811865439090, 0.000000000000000000, -0.7071067811865512365 ) ) ;
#184 = ORIENTED_EDGE ( 'NONE', *, *, #225, .T. ) ;
#185 = ADVANCED_FACE ( 'NONE', ( #1390, #402 ), #290, .T. ) ;
#186 = DIRECTION ( 'NONE',  ( -0.000000000000000000, -1.000000000000000000, -0.000000000000000000 ) ) ;
#187 = EDGE_CURVE ( 'NONE', #1168, #322, #1053, .T. ) ;
#188 = CARTESIAN_POINT ( 'NONE',  ( -31.81980515339480320, 7.000000000000000000, -31.81980515339446924 ) ) ;
#189 = DIRECTION ( 'NONE',  ( 0.000000000000000000, 0.000000000000000000, 1.000000000000000000 ) ) ;
#190 = ORIENTED_EDGE ( 'NONE', *, *, #1161, .T. ) ;
#191 = CARTESIAN_POINT ( 'NONE',  ( 45.00000000000000000, 7.000000000000000000, 2.500000000000002220 ) ) ;
#192 = FACE_BOUND ( 'NONE', #1089, .T. ) ;
#193 = VECTOR ( 'NONE', #1180, 1000.000000000000000 ) ;
#194 = CYLINDRICAL_SURFACE ( 'NONE', #334, 2.500000000000002220 ) ;
#195 = AXIS2_PLACEMENT_3D ( 'NONE', #1397, #74, #946 ) ;
#196 = ADVANCED_BREP_SHAPE_REPRESENTATION ( 'ButtomLid', ( #833, #1378 ), #158 ) ;
#197 = EDGE_CURVE ( 'NONE', #1293, #436, #703, .T. ) ;
#198 = VERTEX_POINT ( 'NONE', #172 ) ;
#199 = CARTESIAN_POINT ( 'NONE',  ( 31.81980515339502702, 12.00000000000000000, 29.31980515339424542 ) ) ;
#200 = DIRECTION ( 'NONE',  ( 0.000000000000000000, 0.000000000000000000, 1.000000000000000000 ) ) ;
#201 = PLANE ( 'NONE',  #310 ) ;
#202 = CARTESIAN_POINT ( 'NONE',  ( -31.81980515339435911, 0.000000000000000000, 30.11980515339491404 ) ) ;
#203 = ORIENTED_EDGE ( 'NONE', *, *, #354, .F. ) ;
#204 = EDGE_CURVE ( 'NONE', #972, #696, #1203, .T. ) ;
#205 = DIRECTION ( 'NONE',  ( -0.000000000000000000, -1.000000000000000000, -0.000000000000000000 ) ) ;
#206 = CARTESIAN_POINT ( 'NONE',  ( 31.81980515339458293, 12.00000000000000000, -29.31980515339468951 ) ) ;
#207 = CIRCLE ( 'NONE', #1260, 2.500000000000002220 ) ;
#208 = DIRECTION ( 'NONE',  ( 0.000000000000000000, 1.000000000000000000, 0.000000000000000000 ) ) ;
#209 = EDGE_LOOP ( 'NONE', ( #466, #1238, #683, #176 ) ) ;
#210 = VERTEX_POINT ( 'NONE', #856 ) ;
#211 = CARTESIAN_POINT ( 'NONE',  ( 45.00000000000000000, 0.000000000000000000, 0.000000000000000000 ) ) ;
#212 = ADVANCED_FACE ( 'NONE', ( #515 ), #617, .F. ) ;
#213 = FACE_OUTER_BOUND ( 'NONE', #901, .T. ) ;
#214 = VERTEX_POINT ( 'NONE', #1375 ) ;
#215 = CARTESIAN_POINT ( 'NONE',  ( -31.81980515339435911, 0.000000000000000000, 30.11980515339491404 ) ) ;
#216 = CIRCLE ( 'NONE', #547, 1.699999999999997513 ) ;
#217 = CIRCLE ( 'NONE', #541, 2.500000000000000888 ) ;
#218 = VECTOR ( 'NONE', #45, 1000.000000000000000 ) ;
#219 = ORIENTED_EDGE ( 'NONE', *, *, #1110, .T. ) ;
#220 = AXIS2_PLACEMENT_3D ( 'NONE', #765, #459, #346 ) ;
#221 = ORIENTED_EDGE ( 'NONE', *, *, #647, .T. ) ;
#222 = CARTESIAN_POINT ( 'NONE',  ( 45.00000000000000000, 0.000000000000000000, -1.699999999999999512 ) ) ;
#223 = ORIENTED_EDGE ( 'NONE', *, *, #447, .F. ) ;
#224 = CARTESIAN_POINT ( 'NONE',  ( 31.81980515339502702, 7.000000000000000000, 29.31980515339424542 ) ) ;
#225 = EDGE_CURVE ( 'NONE', #1314, #645, #821, .T. ) ;
#226 = ORIENTED_EDGE ( 'NONE', *, *, #862, .F. ) ;
#227 = VERTEX_POINT ( 'NONE', #394 ) ;
#228 = ORIENTED_EDGE ( 'NONE', *, *, #434, .T. ) ;
#229 = CARTESIAN_POINT ( 'NONE',  ( -45.00000000000000000, 0.000000000000000000, 1.699999999999999512 ) ) ;
#230 = FACE_OUTER_BOUND ( 'NONE', #556, .T. ) ;
#231 = ORIENTED_EDGE ( 'NONE', *, *, #1208, .F. ) ;
#232 = CARTESIAN_POINT ( 'NONE',  ( -31.81980515339435911, 7.000000000000000000, 29.31980515339491333 ) ) ;
#233 = AXIS2_PLACEMENT_3D ( 'NONE', #374, #1055, #391 ) ;
#234 = ORIENTED_EDGE ( 'NONE', *, *, #802, .F. ) ;
#235 = EDGE_CURVE ( 'NONE', #627, #676, #869, .T. ) ;
#236 = ORIENTED_EDGE ( 'NONE', *, *, #84, .T. ) ;
#237 = CARTESIAN_POINT ( 'NONE',  ( 31.81980515339458293, 7.000000000000000000, -31.81980515339469306 ) ) ;
#238 = FACE_OUTER_BOUND ( 'NONE', #918, .T. ) ;
#239 = VERTEX_POINT ( 'NONE', #21 ) ;
#240 = CIRCLE ( 'NONE', #937, 2.500000000000000888 ) ;
#241 = EDGE_LOOP ( 'NONE', ( #1190, #1345 ) ) ;
#242 = CIRCLE ( 'NONE', #422, 2.500000000000002220 ) ;
#243 = VECTOR ( 'NONE', #468, 1000.000000000000000 ) ;
#244 = EDGE_CURVE ( 'NONE', #778, #689, #542, .T. ) ;
#245 = EDGE_LOOP ( 'NONE', ( #88, #18, #1022, #1193 ) ) ;
#246 = DIRECTION ( 'NONE',  ( -0.000000000000000000, 1.000000000000000000, -0.000000000000000000 ) ) ;
#247 = AXIS2_PLACEMENT_3D ( 'NONE', #1407, #307, #1416 ) ;
#248 = AXIS2_PLACEMENT_3D ( 'NONE', #1235, #259, #593 ) ;
#249 = CARTESIAN_POINT ( 'NONE',  ( 4.408728476930470856E-15, 12.00000000000000000, 36.00000000000000000 ) ) ;
#250 = EDGE_LOOP ( 'NONE', ( #335, #39, #298, #12 ) ) ;
#251 = VERTEX_POINT ( 'NONE', #1245 ) ;
#252 = DIRECTION ( 'NONE',  ( -0.000000000000000000, 1.000000000000000000, 0.000000000000000000 ) ) ;
#253 = DIRECTION ( 'NONE',  ( -0.7071067811865531239, 0.000000000000000000, -0.7071067811865420216 ) ) ;
#254 = LINE ( 'NONE', #1146, #1268 ) ;
#255 = DIRECTION ( 'NONE',  ( 0.000000000000000000, 1.000000000000000000, 0.000000000000000000 ) ) ;
#256 = EDGE_LOOP ( 'NONE', ( #1181, #777, #662, #1427 ) ) ;
#257 = CIRCLE ( 'NONE', #1425, 2.500000000000002220 ) ;
#258 = FILL_AREA_STYLE ('',( #1239 ) ) ;
#259 = DIRECTION ( 'NONE',  ( -0.000000000000000000, -1.000000000000000000, -0.000000000000000000 ) ) ;
#260 = DIRECTION ( 'NONE',  ( 0.000000000000000000, 0.000000000000000000, 1.000000000000000000 ) ) ;
#261 = ORIENTED_EDGE ( 'NONE', *, *, #555, .T. ) ;
#262 = AXIS2_PLACEMENT_3D ( 'NONE', #20, #467, #924 ) ;
#263 = DIRECTION ( 'NONE',  ( 0.000000000000000000, 0.000000000000000000, 1.000000000000000000 ) ) ;
#264 = VECTOR ( 'NONE', #1188, 1000.000000000000000 ) ;
#265 = CYLINDRICAL_SURFACE ( 'NONE', #615, 1.700000000000000178 ) ;
#266 = LINE ( 'NONE', #1377, #762 ) ;
#267 = CIRCLE ( 'NONE', #1052, 1.700000000000000178 ) ;
#268 = ORIENTED_EDGE ( 'NONE', *, *, #598, .F. ) ;
#269 = EDGE_CURVE ( 'NONE', #1420, #1313, #376, .T. ) ;
#270 = DIRECTION ( 'NONE',  ( 0.7071067811865433539, 0.000000000000000000, -0.7071067811865516806 ) ) ;
#271 = CARTESIAN_POINT ( 'NONE',  ( 31.81980515339458293, 7.000000000000000000, -34.31980515339469662 ) ) ;
#272 = DIRECTION ( 'NONE',  ( -0.000000000000000000, -1.000000000000000000, -0.000000000000000000 ) ) ;
#273 = ORIENTED_EDGE ( 'NONE', *, *, #758, .T. ) ;
#274 = EDGE_CURVE ( 'NONE', #1293, #875, #698, .T. ) ;
#275 = FACE_BOUND ( 'NONE', #1321, .T. ) ;
#276 = FACE_BOUND ( 'NONE', #435, .T. ) ;
#277 = CYLINDRICAL_SURFACE ( 'NONE', #1426, 1.700000000000000178 ) ;
#278 = VERTEX_POINT ( 'NONE', #710 ) ;
#279 = PRODUCT_DEFINITION_SHAPE ( 'NONE', 'NONE',  #1356 ) ;
#280 = FACE_OUTER_BOUND ( 'NONE', #107, .T. ) ;
#281 = EDGE_CURVE ( 'NONE', #1254, #1041, #590, .T. ) ;
#282 = DIRECTION ( 'NONE',  ( 0.000000000000000000, -0.000000000000000000, 1.000000000000000000 ) ) ;
#283 = AXIS2_PLACEMENT_3D ( 'NONE', #138, #361, #584 ) ;
#284 = DIRECTION ( 'NONE',  ( 0.000000000000000000, 0.000000000000000000, 1.000000000000000000 ) ) ;
#285 = CIRCLE ( 'NONE', #1411, 1.699999999999999512 ) ;
#286 = AXIS2_PLACEMENT_3D ( 'NONE', #60, #388, #508 ) ;
#287 = VERTEX_POINT ( 'NONE', #1131 ) ;
#288 = VECTOR ( 'NONE', #902, 1000.000000000000000 ) ;
#289 = DIRECTION ( 'NONE',  ( 0.000000000000000000, 1.000000000000000000, 0.000000000000000000 ) ) ;
#290 = PLANE ( 'NONE',  #145 ) ;
#291 = CARTESIAN_POINT ( 'NONE',  ( -45.00000000000000000, 7.000000000000000000, 0.000000000000000000 ) ) ;
#292 = CARTESIAN_POINT ( 'NONE',  ( -45.00000000000000000, 12.00000000000000000, 0.000000000000000000 ) ) ;
#293 = EDGE_CURVE ( 'NONE', #689, #778, #1178, .T. ) ;
#294 = EDGE_LOOP ( 'NONE', ( #878, #226, #668, #936 ) ) ;
#295 = CARTESIAN_POINT ( 'NONE',  ( -45.00000000000000000, 0.000000000000000000, 0.000000000000000000 ) ) ;
#296 = DIRECTION ( 'NONE',  ( 0.000000000000000000, 1.000000000000000000, 0.000000000000000000 ) ) ;
#297 = DIRECTION ( 'NONE',  ( -0.000000000000000000, -1.000000000000000000, -0.000000000000000000 ) ) ;
#298 = ORIENTED_EDGE ( 'NONE', *, *, #491, .T. ) ;
#299 = FACE_OUTER_BOUND ( 'NONE', #493, .T. ) ;
#300 = VERTEX_POINT ( 'NONE', #829 ) ;
#301 = CARTESIAN_POINT ( 'NONE',  ( 31.81980515339458293, 7.000000000000000000, -31.81980515339469306 ) ) ;
#302 = EDGE_CURVE ( 'NONE', #569, #239, #1050, .T. ) ;
#303 = DIRECTION ( 'NONE',  ( 0.000000000000000000, 1.000000000000000000, 0.000000000000000000 ) ) ;
#304 = DIRECTION ( 'NONE',  ( 0.000000000000000000, 1.000000000000000000, 0.000000000000000000 ) ) ;
#305 = CARTESIAN_POINT ( 'NONE',  ( 0.000000000000000000, 0.000000000000000000, -55.00000000000000000 ) ) ;
#306 = COLOUR_RGB ( '',0.7921568627450980005, 0.8196078431372548767, 0.9333333333333333481 ) ;
#307 = DIRECTION ( 'NONE',  ( -0.000000000000000000, 1.000000000000000000, 0.000000000000000000 ) ) ;
#308 = VECTOR ( 'NONE', #68, 1000.000000000000000 ) ;
#309 = CARTESIAN_POINT ( 'NONE',  ( -31.81980515339435911, 7.000000000000000000, 30.11980515339491404 ) ) ;
#310 = AXIS2_PLACEMENT_3D ( 'NONE', #641, #1298, #321 ) ;
#311 = ADVANCED_FACE ( 'NONE', ( #162, #1139, #1339, #692, #151, #1125, #275, #920, #1258, #599 ), #1350, .T. ) ;
#312 = AXIS2_PLACEMENT_3D ( 'NONE', #441, #1086, #659 ) ;
#313 = ORIENTED_EDGE ( 'NONE', *, *, #844, .F. ) ;
#314 = FACE_OUTER_BOUND ( 'NONE', #1374, .T. ) ;
#315 = CARTESIAN_POINT ( 'NONE',  ( -1.569084702920859310E-13, 0.000000000000000000, -46.69999999999999574 ) ) ;
#316 = DIRECTION ( 'NONE',  ( 0.000000000000000000, 1.000000000000000000, -0.000000000000000000 ) ) ;
#317 = VERTEX_POINT ( 'NONE', #488 ) ;
#318 = EDGE_CURVE ( 'NONE', #1118, #1324, #124, .T. ) ;
#319 = CARTESIAN_POINT ( 'NONE',  ( 45.00000000000000000, 0.000000000000000000, -1.699999999999999512 ) ) ;
#320 = ORIENTED_EDGE ( 'NONE', *, *, #974, .T. ) ;
#321 = DIRECTION ( 'NONE',  ( 0.000000000000000000, 0.000000000000000000, -1.000000000000000000 ) ) ;
#322 = VERTEX_POINT ( 'NONE', #1145 ) ;
#323 = CYLINDRICAL_SURFACE ( 'NONE', #220, 36.00000000000000000 ) ;
#324 = VERTEX_POINT ( 'NONE', #912 ) ;
#325 = ORIENTED_EDGE ( 'NONE', *, *, #1300, .F. ) ;
#326 = DIRECTION ( 'NONE',  ( 0.000000000000000000, 1.000000000000000000, 0.000000000000000000 ) ) ;
#327 = UNCERTAINTY_MEASURE_WITH_UNIT (LENGTH_MEASURE( 1.000000000000000082E-05 ), #1400, 'distance_accuracy_value', 'NONE');
#328 = EDGE_CURVE ( 'NONE', #278, #1001, #1179, .T. ) ;
#329 = EDGE_LOOP ( 'NONE', ( #753, #1334 ) ) ;
#330 = CARTESIAN_POINT ( 'NONE',  ( 4.715581706996780477E-13, 0.000000000000000000, 43.29999999999999716 ) ) ;
#331 = AXIS2_PLACEMENT_3D ( 'NONE', #188, #1271, #729 ) ;
#332 = ORIENTED_EDGE ( 'NONE', *, *, #1038, .F. ) ;
#333 = ORIENTED_EDGE ( 'NONE', *, *, #1359, .T. ) ;
#334 = AXIS2_PLACEMENT_3D ( 'NONE', #80, #1189, #1276 ) ;
#335 = ORIENTED_EDGE ( 'NONE', *, *, #187, .F. ) ;
#336 = DIRECTION ( 'NONE',  ( 0.000000000000000000, 0.000000000000000000, 1.000000000000000000 ) ) ;
#337 = CARTESIAN_POINT ( 'NONE',  ( -45.00000000000000000, 12.00000000000000000, 2.500000000000002220 ) ) ;
#338 = EDGE_LOOP ( 'NONE', ( #1102, #882 ) ) ;
#339 = DIRECTION ( 'NONE',  ( 0.000000000000000000, 0.000000000000000000, 1.000000000000000000 ) ) ;
#340 = EDGE_CURVE ( 'NONE', #645, #1314, #1295, .T. ) ;
#341 = ORIENTED_EDGE ( 'NONE', *, *, #382, .T. ) ;
#342 = ORIENTED_EDGE ( 'NONE', *, *, #903, .F. ) ;
#343 = DIRECTION ( 'NONE',  ( -0.000000000000000000, 1.000000000000000000, -0.000000000000000000 ) ) ;
#344 = CARTESIAN_POINT ( 'NONE',  ( -31.81980515339480320, 7.000000000000000000, -34.31980515339446924 ) ) ;
#345 = EDGE_LOOP ( 'NONE', ( #1248, #120 ) ) ;
#346 = DIRECTION ( 'NONE',  ( 0.000000000000000000, 0.000000000000000000, -1.000000000000000000 ) ) ;
#347 = EDGE_CURVE ( 'NONE', #198, #251, #896, .T. ) ;
#348 = ORIENTED_EDGE ( 'NONE', *, *, #302, .F. ) ;
#349 = ORIENTED_EDGE ( 'NONE', *, *, #1205, .F. ) ;
#350 = CARTESIAN_POINT ( 'NONE',  ( 31.81980515339458293, 0.000000000000000000, -31.81980515339469306 ) ) ;
#351 = CYLINDRICAL_SURFACE ( 'NONE', #1029, 1.699999999999999512 ) ;
#352 = ORIENTED_EDGE ( 'NONE', *, *, #995, .F. ) ;
#353 = AXIS2_PLACEMENT_3D ( 'NONE', #1045, #498, #942 ) ;
#354 = EDGE_CURVE ( 'NONE', #1001, #696, #1034, .T. ) ;
#355 = ORIENTED_EDGE ( 'NONE', *, *, #533, .T. ) ;
#356 = CIRCLE ( 'NONE', #1387, 2.500000000000002220 ) ;
#357 = CIRCLE ( 'NONE', #331, 2.500000000000000888 ) ;
#358 = DIRECTION ( 'NONE',  ( 0.000000000000000000, 1.000000000000000000, 0.000000000000000000 ) ) ;
#359 = AXIS2_PLACEMENT_3D ( 'NONE', #1081, #839, #1175 ) ;
#360 = DIRECTION ( 'NONE',  ( 0.000000000000000000, 0.000000000000000000, -1.000000000000000000 ) ) ;
#361 = DIRECTION ( 'NONE',  ( 0.000000000000000000, 1.000000000000000000, 0.000000000000000000 ) ) ;
#362 = CARTESIAN_POINT ( 'NONE',  ( -45.00000000000000000, 7.000000000000000000, 0.000000000000000000 ) ) ;
#363 = ORIENTED_EDGE ( 'NONE', *, *, #482, .F. ) ;
#364 = FACE_OUTER_BOUND ( 'NONE', #1430, .T. ) ;
#365 = CARTESIAN_POINT ( 'NONE',  ( -1.571166602479409884E-13, 12.00000000000000000, -45.00000000000000000 ) ) ;
#366 = EDGE_CURVE ( 'NONE', #43, #1261, #427, .T. ) ;
#367 = CARTESIAN_POINT ( 'NONE',  ( 4.713499807438230156E-13, 12.00000000000000000, 45.00000000000000000 ) ) ;
#368 = DIRECTION ( 'NONE',  ( 0.000000000000000000, 0.000000000000000000, 1.000000000000000000 ) ) ;
#369 = VERTEX_POINT ( 'NONE', #157 ) ;
#370 = AXIS2_PLACEMENT_3D ( 'NONE', #1079, #404, #83 ) ;
#371 = CARTESIAN_POINT ( 'NONE',  ( 45.00000000000000000, 7.000000000000000000, 2.500000000000002220 ) ) ;
#372 = CARTESIAN_POINT ( 'NONE',  ( -45.00000000000000000, 7.000000000000000000, -1.699999999999999512 ) ) ;
#373 = EDGE_CURVE ( 'NONE', #793, #800, #604, .T. ) ;
#374 = CARTESIAN_POINT ( 'NONE',  ( -1.571166602479409884E-13, 0.000000000000000000, -45.00000000000000000 ) ) ;
#375 = ORIENTED_EDGE ( 'NONE', *, *, #1194, .T. ) ;
#376 = LINE ( 'NONE', #371, #218 ) ;
#377 = CARTESIAN_POINT ( 'NONE',  ( 31.81980515339502702, 7.000000000000000000, 31.81980515339424898 ) ) ;
#378 = FACE_OUTER_BOUND ( 'NONE', #766, .T. ) ;
#379 = AXIS2_PLACEMENT_3D ( 'NONE', #925, #1251, #270 ) ;
#380 = EDGE_LOOP ( 'NONE', ( #100, #481, #910, #620 ) ) ;
#381 = CARTESIAN_POINT ( 'NONE',  ( 4.716561424436098156E-13, 7.000000000000000000, 42.49999999999999289 ) ) ;
#382 = EDGE_CURVE ( 'NONE', #518, #784, #940, .T. ) ;
#383 = DIRECTION ( 'NONE',  ( 0.000000000000000000, 1.000000000000000000, 0.000000000000000000 ) ) ;
#384 = DIRECTION ( 'NONE',  ( -0.000000000000000000, -1.000000000000000000, -0.000000000000000000 ) ) ;
#385 = CARTESIAN_POINT ( 'NONE',  ( 31.81980515339458293, 0.000000000000000000, -30.11980515339469378 ) ) ;
#386 = LINE ( 'NONE', #381, #1228 ) ;
#387 = EDGE_CURVE ( 'NONE', #287, #700, #660, .T. ) ;
#388 = DIRECTION ( 'NONE',  ( 0.000000000000000000, 1.000000000000000000, 0.000000000000000000 ) ) ;
#389 = AXIS2_PLACEMENT_3D ( 'NONE', #640, #532, #1297 ) ;
#390 = DIRECTION ( 'NONE',  ( 0.7071067811865495711, 0.000000000000000000, 0.7071067811865453523 ) ) ;
#391 = DIRECTION ( 'NONE',  ( 0.000000000000000000, 0.000000000000000000, 1.000000000000000000 ) ) ;
#392 = DIRECTION ( 'NONE',  ( -0.000000000000000000, 1.000000000000000000, -0.000000000000000000 ) ) ;
#393 = DIRECTION ( 'NONE',  ( 0.000000000000000000, 1.000000000000000000, 0.000000000000000000 ) ) ;
#394 = CARTESIAN_POINT ( 'NONE',  ( -31.81980515339480320, 7.000000000000000000, -30.11980515339446995 ) ) ;
#395 = DIRECTION ( 'NONE',  ( 0.000000000000000000, 0.000000000000000000, 1.000000000000000000 ) ) ;
#396 = DIRECTION ( 'NONE',  ( 0.000000000000000000, 0.000000000000000000, 1.000000000000000000 ) ) ;
#397 = AXIS2_PLACEMENT_3D ( 'NONE', #127, #900, #1133 ) ;
#398 = VECTOR ( 'NONE', #392, 1000.000000000000000 ) ;
#399 = ORIENTED_EDGE ( 'NONE', *, *, #862, .T. ) ;
#400 = CIRCLE ( 'NONE', #684, 55.00000000000000000 ) ;
#401 = DIRECTION ( 'NONE',  ( -0.000000000000000000, -1.000000000000000000, -0.000000000000000000 ) ) ;
#402 = FACE_BOUND ( 'NONE', #955, .T. ) ;
#403 = CYLINDRICAL_SURFACE ( 'NONE', #167, 55.00000000000000000 ) ;
#404 = DIRECTION ( 'NONE',  ( -0.000000000000000000, 1.000000000000000000, -0.000000000000000000 ) ) ;
#405 = EDGE_CURVE ( 'NONE', #518, #1118, #1062, .T. ) ;
#406 = ORIENTED_EDGE ( 'NONE', *, *, #1161, .F. ) ;
#407 = CARTESIAN_POINT ( 'NONE',  ( 31.81980515339502702, 7.000000000000000000, 34.31980515339424898 ) ) ;
#408 = CARTESIAN_POINT ( 'NONE',  ( 31.81980515339458293, 0.000000000000000000, -30.11980515339469378 ) ) ;
#409 = DIRECTION ( 'NONE',  ( -0.000000000000000000, -1.000000000000000000, -0.000000000000000000 ) ) ;
#410 = ORIENTED_EDGE ( 'NONE', *, *, #573, .F. ) ;
#411 = AXIS2_PLACEMENT_3D ( 'NONE', #62, #732, #183 ) ;
#412 = LINE ( 'NONE', #1394, #19 ) ;
#413 = EDGE_CURVE ( 'NONE', #685, #104, #1117, .T. ) ;
#414 = PLANE ( 'NONE',  #634 ) ;
#415 = DIRECTION ( 'NONE',  ( 0.000000000000000000, 1.000000000000000000, -0.000000000000000000 ) ) ;
#416 = ORIENTED_EDGE ( 'NONE', *, *, #1120, .F. ) ;
#417 = CARTESIAN_POINT ( 'NONE',  ( -31.81980515339480320, 12.00000000000000000, -31.81980515339446924 ) ) ;
#418 = ORIENTED_EDGE ( 'NONE', *, *, #933, .F. ) ;
#419 = AXIS2_PLACEMENT_3D ( 'NONE', #377, #606, #1241 ) ;
#420 = DIRECTION ( 'NONE',  ( -0.7071067811865531239, 0.000000000000000000, -0.7071067811865420216 ) ) ;
#421 =( NAMED_UNIT ( * ) SI_UNIT ( $, .STERADIAN. ) SOLID_ANGLE_UNIT ( ) );
#422 = AXIS2_PLACEMENT_3D ( 'NONE', #147, #595, #1320 ) ;
#423 = CIRCLE ( 'NONE', #168, 1.699999999999999512 ) ;
#424 = LINE ( 'NONE', #1299, #99 ) ;
#425 = AXIS2_PLACEMENT_3D ( 'NONE', #1075, #65, #1184 ) ;
#426 = EDGE_CURVE ( 'NONE', #554, #677, #570, .T. ) ;
#427 = CIRCLE ( 'NONE', #379, 1.699999999999999956 ) ;
#428 = ORIENTED_EDGE ( 'NONE', *, *, #741, .F. ) ;
#429 = CARTESIAN_POINT ( 'NONE',  ( -31.81980515339480320, 0.000000000000000000, -30.11980515339446995 ) ) ;
#430 = ORIENTED_EDGE ( 'NONE', *, *, #629, .F. ) ;
#431 = CARTESIAN_POINT ( 'NONE',  ( -45.00000000000000000, 7.000000000000000000, 2.500000000000002220 ) ) ;
#432 = EDGE_LOOP ( 'NONE', ( #1104, #115, #637, #352 ) ) ;
#433 = CARTESIAN_POINT ( 'NONE',  ( 4.713499807438230156E-13, 0.000000000000000000, 45.00000000000000000 ) ) ;
#434 = EDGE_CURVE ( 'NONE', #1116, #894, #1051, .T. ) ;
#435 = EDGE_LOOP ( 'NONE', ( #884, #807 ) ) ;
#436 = VERTEX_POINT ( 'NONE', #202 ) ;
#437 = CYLINDRICAL_SURFACE ( 'NONE', #494, 2.500000000000002220 ) ;
#438 = DIRECTION ( 'NONE',  ( 0.000000000000000000, 1.000000000000000000, 0.000000000000000000 ) ) ;
#439 = APPLICATION_PROTOCOL_DEFINITION ( 'draft international standard', 'automotive_design', 1998, #1370 ) ;
#440 = ORIENTED_EDGE ( 'NONE', *, *, #629, .T. ) ;
#441 = CARTESIAN_POINT ( 'NONE',  ( -31.81980515339480320, 12.00000000000000000, -31.81980515339446924 ) ) ;
#442 = EDGE_LOOP ( 'NONE', ( #981, #375 ) ) ;
#443 = ORIENTED_EDGE ( 'NONE', *, *, #387, .T. ) ;
#444 = EDGE_CURVE ( 'NONE', #1261, #43, #1230, .T. ) ;
#445 = ORIENTED_EDGE ( 'NONE', *, *, #1096, .T. ) ;
#446 = CARTESIAN_POINT ( 'NONE',  ( 31.81980515339458293, 0.000000000000000000, -31.81980515339469306 ) ) ;
#447 = EDGE_CURVE ( 'NONE', #944, #863, #750, .T. ) ;
#448 = DIRECTION ( 'NONE',  ( -0.000000000000000000, -1.000000000000000000, -0.000000000000000000 ) ) ;
#449 = EDGE_LOOP ( 'NONE', ( #223, #757 ) ) ;
#450 = DIRECTION ( 'NONE',  ( 0.000000000000000000, 1.000000000000000000, 0.000000000000000000 ) ) ;
#451 = CIRCLE ( 'NONE', #1247, 1.699999999999999512 ) ;
#452 = ORIENTED_EDGE ( 'NONE', *, *, #7, .F. ) ;
#453 = AXIS2_PLACEMENT_3D ( 'NONE', #301, #1164, #1289 ) ;
#454 = EDGE_LOOP ( 'NONE', ( #851, #273, #759, #651 ) ) ;
#455 = FACE_OUTER_BOUND ( 'NONE', #4, .T. ) ;
#456 = EDGE_CURVE ( 'NONE', #664, #977, #1158, .T. ) ;
#457 = DIRECTION ( 'NONE',  ( -0.000000000000000000, -1.000000000000000000, -0.000000000000000000 ) ) ;
#458 = ORIENTED_EDGE ( 'NONE', *, *, #1144, .F. ) ;
#459 = DIRECTION ( 'NONE',  ( -0.000000000000000000, -1.000000000000000000, -0.000000000000000000 ) ) ;
#460 = ORIENTED_EDGE ( 'NONE', *, *, #969, .T. ) ;
#461 = ORIENTED_EDGE ( 'NONE', *, *, #281, .F. ) ;
#462 = DIRECTION ( 'NONE',  ( -1.000000000000000000, 0.000000000000000000, 1.047444401652940007E-14 ) ) ;
#463 = FACE_BOUND ( 'NONE', #989, .T. ) ;
#464 = ORIENTED_EDGE ( 'NONE', *, *, #1032, .T. ) ;
#465 = EDGE_CURVE ( 'NONE', #1041, #1254, #775, .T. ) ;
#466 = ORIENTED_EDGE ( 'NONE', *, *, #166, .F. ) ;
#467 = DIRECTION ( 'NONE',  ( 0.000000000000000000, 1.000000000000000000, 0.000000000000000000 ) ) ;
#468 = DIRECTION ( 'NONE',  ( -0.000000000000000000, 1.000000000000000000, -0.000000000000000000 ) ) ;
#469 = DIRECTION ( 'NONE',  ( -0.000000000000000000, 1.000000000000000000, -0.000000000000000000 ) ) ;
#470 = ORIENTED_EDGE ( 'NONE', *, *, #1281, .T. ) ;
#471 = CIRCLE ( 'NONE', #419, 1.700000000000000178 ) ;
#472 = EDGE_LOOP ( 'NONE', ( #410, #1094 ) ) ;
#473 = ADVANCED_FACE ( 'NONE', ( #1169 ), #1283, .F. ) ;
#474 = AXIS2_PLACEMENT_3D ( 'NONE', #1343, #457, #1020 ) ;
#475 = AXIS2_PLACEMENT_3D ( 'NONE', #992, #749, #420 ) ;
#476 = DIRECTION ( 'NONE',  ( 0.000000000000000000, 1.000000000000000000, 0.000000000000000000 ) ) ;
#477 = CIRCLE ( 'NONE', #917, 1.699999999999999512 ) ;
#478 = CARTESIAN_POINT ( 'NONE',  ( 0.000000000000000000, 0.000000000000000000, 0.000000000000000000 ) ) ;
#479 = DIRECTION ( 'NONE',  ( 0.000000000000000000, 1.000000000000000000, 0.000000000000000000 ) ) ;
#480 = FACE_OUTER_BOUND ( 'NONE', #454, .T. ) ;
#481 = ORIENTED_EDGE ( 'NONE', *, *, #890, .T. ) ;
#482 = EDGE_CURVE ( 'NONE', #1404, #888, #148, .T. ) ;
#483 = CARTESIAN_POINT ( 'NONE',  ( -1.571166602479409884E-13, 7.000000000000000000, -42.49999999999999289 ) ) ;
#484 = CARTESIAN_POINT ( 'NONE',  ( 31.81980515339502702, 0.000000000000000000, 30.11980515339424969 ) ) ;
#485 = DIRECTION ( 'NONE',  ( 0.000000000000000000, 0.000000000000000000, 1.000000000000000000 ) ) ;
#486 = CARTESIAN_POINT ( 'NONE',  ( 45.00000000000000000, 7.000000000000000000, 0.000000000000000000 ) ) ;
#487 = VERTEX_POINT ( 'NONE', #971 ) ;
#488 = CARTESIAN_POINT ( 'NONE',  ( 45.00000000000000000, 7.000000000000000000, 1.699999999999999512 ) ) ;
#489 = LINE ( 'NONE', #271, #801 ) ;
#490 = DIRECTION ( 'NONE',  ( -0.000000000000000000, -1.000000000000000000, -0.000000000000000000 ) ) ;
#491 = EDGE_CURVE ( 'NONE', #886, #210, #728, .T. ) ;
#492 = ORIENTED_EDGE ( 'NONE', *, *, #598, .T. ) ;
#493 = EDGE_LOOP ( 'NONE', ( #575, #650, #999, #430 ) ) ;
#494 = AXIS2_PLACEMENT_3D ( 'NONE', #883, #786, #14 ) ;
#495 = AXIS2_PLACEMENT_3D ( 'NONE', #362, #139, #1352 ) ;
#496 = DIRECTION ( 'NONE',  ( -0.000000000000000000, 1.000000000000000000, -0.000000000000000000 ) ) ;
#497 = AXIS2_PLACEMENT_3D ( 'NONE', #539, #984, #763 ) ;
#498 = DIRECTION ( 'NONE',  ( -0.000000000000000000, -1.000000000000000000, -0.000000000000000000 ) ) ;
#499 = DIRECTION ( 'NONE',  ( 0.000000000000000000, 1.000000000000000000, 0.000000000000000000 ) ) ;
#500 = VECTOR ( 'NONE', #496, 1000.000000000000000 ) ;
#501 = ADVANCED_FACE ( 'NONE', ( #976 ), #194, .F. ) ;
#502 = ORIENTED_EDGE ( 'NONE', *, *, #405, .F. ) ;
#503 = DIRECTION ( 'NONE',  ( -0.000000000000000000, 1.000000000000000000, 0.000000000000000000 ) ) ;
#504 = CARTESIAN_POINT ( 'NONE',  ( -31.81980515339480320, 7.000000000000000000, -31.81980515339446924 ) ) ;
#505 = DIRECTION ( 'NONE',  ( 0.000000000000000000, 1.000000000000000000, 0.000000000000000000 ) ) ;
#506 = DIRECTION ( 'NONE',  ( 0.7071067811865495711, 0.000000000000000000, 0.7071067811865453523 ) ) ;
#507 = CARTESIAN_POINT ( 'NONE',  ( -31.81980515339480320, 7.000000000000000000, -29.31980515339446924 ) ) ;
#508 = DIRECTION ( 'NONE',  ( -1.000000000000000000, 0.000000000000000000, 1.110223024625155594E-14 ) ) ;
#509 = CIRCLE ( 'NONE', #787, 1.699999999999999512 ) ;
#510 = CARTESIAN_POINT ( 'NONE',  ( 31.81980515339458293, 7.000000000000000000, -29.31980515339468951 ) ) ;
#511 = DIRECTION ( 'NONE',  ( 0.000000000000000000, 0.000000000000000000, 1.000000000000000000 ) ) ;
#512 = ORIENTED_EDGE ( 'NONE', *, *, #1216, .F. ) ;
#513 = DIRECTION ( 'NONE',  ( 0.000000000000000000, 1.000000000000000000, 0.000000000000000000 ) ) ;
#514 = EDGE_CURVE ( 'NONE', #800, #300, #267, .T. ) ;
#515 = FACE_OUTER_BOUND ( 'NONE', #536, .T. ) ;
#516 = CARTESIAN_POINT ( 'NONE',  ( 31.81980515339458293, 7.000000000000000000, -31.81980515339469306 ) ) ;
#517 = VECTOR ( 'NONE', #246, 1000.000000000000000 ) ;
#518 = VERTEX_POINT ( 'NONE', #529 ) ;
#519 = FACE_OUTER_BOUND ( 'NONE', #1142, .T. ) ;
#520 = VERTEX_POINT ( 'NONE', #309 ) ;
#521 = VECTOR ( 'NONE', #636, 1000.000000000000000 ) ;
#522 = DIRECTION ( 'NONE',  ( 0.000000000000000000, 0.000000000000000000, 1.000000000000000000 ) ) ;
#523 = CARTESIAN_POINT ( 'NONE',  ( 4.713499807438230156E-13, 7.000000000000000000, 45.00000000000000000 ) ) ;
#524 = ADVANCED_FACE ( 'NONE', ( #956 ), #848, .F. ) ;
#525 = LINE ( 'NONE', #173, #308 ) ;
#526 = EDGE_LOOP ( 'NONE', ( #1107, #184 ) ) ;
#527 = DIRECTION ( 'NONE',  ( -0.000000000000000000, 1.000000000000000000, 0.000000000000000000 ) ) ;
#528 = CARTESIAN_POINT ( 'NONE',  ( -31.81980515339480320, 0.000000000000000000, -30.11980515339446995 ) ) ;
#529 = CARTESIAN_POINT ( 'NONE',  ( -1.568104985481541379E-13, 7.000000000000000000, -47.50000000000000000 ) ) ;
#530 = ORIENTED_EDGE ( 'NONE', *, *, #1144, .T. ) ;
#531 = CARTESIAN_POINT ( 'NONE',  ( 31.81980515339502702, 7.000000000000000000, 34.31980515339424898 ) ) ;
#532 = DIRECTION ( 'NONE',  ( 0.000000000000000000, 1.000000000000000000, -0.000000000000000000 ) ) ;
#533 = EDGE_CURVE ( 'NONE', #25, #198, #424, .T. ) ;
#534 = DIRECTION ( 'NONE',  ( 0.000000000000000000, 1.000000000000000000, 0.000000000000000000 ) ) ;
#535 = CARTESIAN_POINT ( 'NONE',  ( 45.00000000000000000, 0.000000000000000000, 0.000000000000000000 ) ) ;
#536 = EDGE_LOOP ( 'NONE', ( #452, #1015, #1196, #1082 ) ) ;
#537 = CARTESIAN_POINT ( 'NONE',  ( 31.81980515339502702, 7.000000000000000000, 31.81980515339424898 ) ) ;
#538 = CIRCLE ( 'NONE', #353, 1.700000000000000178 ) ;
#539 = CARTESIAN_POINT ( 'NONE',  ( 31.81980515339502702, 0.000000000000000000, 31.81980515339424898 ) ) ;
#540 = SHAPE_DEFINITION_REPRESENTATION ( #279, #196 ) ;
#541 = AXIS2_PLACEMENT_3D ( 'NONE', #680, #1026, #32 ) ;
#542 = CIRCLE ( 'NONE', #568, 2.500000000000002220 ) ;
#543 = ORIENTED_EDGE ( 'NONE', *, *, #741, .T. ) ;
#544 = DIRECTION ( 'NONE',  ( 0.000000000000000000, 0.000000000000000000, 1.000000000000000000 ) ) ;
#545 = EDGE_CURVE ( 'NONE', #317, #1057, #477, .T. ) ;
#546 = AXIS2_PLACEMENT_3D ( 'NONE', #295, #289, #72 ) ;
#547 = AXIS2_PLACEMENT_3D ( 'NONE', #350, #1003, #794 ) ;
#548 = ORIENTED_EDGE ( 'NONE', *, *, #302, .T. ) ;
#549 = ORIENTED_EDGE ( 'NONE', *, *, #1194, .F. ) ;
#550 = LINE ( 'NONE', #429, #653 ) ;
#551 = PLANE ( 'NONE',  #842 ) ;
#552 = ORIENTED_EDGE ( 'NONE', *, *, #17, .T. ) ;
#553 = FACE_OUTER_BOUND ( 'NONE', #122, .T. ) ;
#554 = VERTEX_POINT ( 'NONE', #407 ) ;
#555 = EDGE_CURVE ( 'NONE', #436, #520, #1197, .T. ) ;
#556 = EDGE_LOOP ( 'NONE', ( #658, #234, #355, #458 ) ) ;
#557 = DIRECTION ( 'NONE',  ( 0.000000000000000000, 1.000000000000000000, 0.000000000000000000 ) ) ;
#558 = EDGE_LOOP ( 'NONE', ( #228, #460 ) ) ;
#559 = CARTESIAN_POINT ( 'NONE',  ( 4.715581706996780477E-13, 0.000000000000000000, 43.29999999999999716 ) ) ;
#560 = EDGE_LOOP ( 'NONE', ( #502, #416, #118, #1413 ) ) ;
#561 = ADVANCED_FACE ( 'NONE', ( #987 ), #895, .F. ) ;
#562 = ORIENTED_EDGE ( 'NONE', *, *, #514, .T. ) ;
#563 = DIRECTION ( 'NONE',  ( -0.000000000000000000, 1.000000000000000000, -0.000000000000000000 ) ) ;
#564 = CARTESIAN_POINT ( 'NONE',  ( 0.000000000000000000, 12.00000000000000000, 0.000000000000000000 ) ) ;
#565 = EDGE_LOOP ( 'NONE', ( #854, #268 ) ) ;
#566 = FACE_BOUND ( 'NONE', #776, .T. ) ;
#567 = CIRCLE ( 'NONE', #746, 1.699999999999999512 ) ;
#568 = AXIS2_PLACEMENT_3D ( 'NONE', #705, #1024, #28 ) ;
#569 = VERTEX_POINT ( 'NONE', #112 ) ;
#570 = CIRCLE ( 'NONE', #1369, 2.500000000000000888 ) ;
#571 = ORIENTED_EDGE ( 'NONE', *, *, #961, .F. ) ;
#572 = LINE ( 'NONE', #229, #164 ) ;
#573 = EDGE_CURVE ( 'NONE', #210, #322, #1092, .T. ) ;
#574 = DIRECTION ( 'NONE',  ( 0.000000000000000000, 1.000000000000000000, -0.000000000000000000 ) ) ;
#575 = ORIENTED_EDGE ( 'NONE', *, *, #113, .F. ) ;
#576 = ORIENTED_EDGE ( 'NONE', *, *, #647, .F. ) ;
#577 = DIRECTION ( 'NONE',  ( 0.7071067811865447972, 0.000000000000000000, -0.7071067811865503483 ) ) ;
#578 = CARTESIAN_POINT ( 'NONE',  ( 31.81980515339502702, 7.000000000000000000, 31.81980515339424898 ) ) ;
#579 = ORIENTED_EDGE ( 'NONE', *, *, #1291, .F. ) ;
#580 = ADVANCED_FACE ( 'NONE', ( #553 ), #323, .F. ) ;
#581 = ORIENTED_EDGE ( 'NONE', *, *, #456, .T. ) ;
#582 = DIRECTION ( 'NONE',  ( 0.000000000000000000, 0.000000000000000000, -1.000000000000000000 ) ) ;
#583 = DIRECTION ( 'NONE',  ( 0.000000000000000000, 1.000000000000000000, 0.000000000000000000 ) ) ;
#584 = DIRECTION ( 'NONE',  ( 0.000000000000000000, 0.000000000000000000, 1.000000000000000000 ) ) ;
#585 = DIRECTION ( 'NONE',  ( -0.7071067811865389130, 0.000000000000000000, 0.7071067811865561215 ) ) ;
#586 = ORIENTED_EDGE ( 'NONE', *, *, #1013, .F. ) ;
#587 = ADVANCED_FACE ( 'NONE', ( #1215 ), #790, .F. ) ;
#588 =( GEOMETRIC_REPRESENTATION_CONTEXT ( 3 ) GLOBAL_UNCERTAINTY_ASSIGNED_CONTEXT ( ( #679 ) ) GLOBAL_UNIT_ASSIGNED_CONTEXT ( ( #1362, #1342, #152 ) ) REPRESENTATION_CONTEXT ( 'NONE', 'WORKASPACE' ) );
#589 = AXIS2_PLACEMENT_3D ( 'NONE', #947, #968, #189 ) ;
#590 = CIRCLE ( 'NONE', #1388, 2.500000000000000888 ) ;
#591 = SURFACE_STYLE_USAGE ( .BOTH. , #141 ) ;
#592 = AXIS2_PLACEMENT_3D ( 'NONE', #1415, #557, #462 ) ;
#593 = DIRECTION ( 'NONE',  ( 0.000000000000000000, 0.000000000000000000, 1.000000000000000000 ) ) ;
#594 = CARTESIAN_POINT ( 'NONE',  ( -31.81980515339480320, 0.000000000000000000, -31.81980515339446924 ) ) ;
#595 = DIRECTION ( 'NONE',  ( 0.000000000000000000, 1.000000000000000000, 0.000000000000000000 ) ) ;
#596 = ORIENTED_EDGE ( 'NONE', *, *, #926, .T. ) ;
#597 = EDGE_CURVE ( 'NONE', #625, #300, #1424, .T. ) ;
#598 = EDGE_CURVE ( 'NONE', #601, #1385, #400, .T. ) ;
#599 = FACE_BOUND ( 'NONE', #734, .T. ) ;
#600 = DIRECTION ( 'NONE',  ( 0.000000000000000000, 1.000000000000000000, -0.000000000000000000 ) ) ;
#601 = VERTEX_POINT ( 'NONE', #885 ) ;
#602 = ORIENTED_EDGE ( 'NONE', *, *, #1004, .T. ) ;
#603 = PRODUCT_DEFINITION_FORMATION_WITH_SPECIFIED_SOURCE ( 'ANY', '', #1256, .NOT_KNOWN. ) ;
#604 = LINE ( 'NONE', #1044, #500 ) ;
#605 = ADVANCED_FACE ( 'NONE', ( #1000 ), #105, .F. ) ;
#606 = DIRECTION ( 'NONE',  ( -0.000000000000000000, -1.000000000000000000, -0.000000000000000000 ) ) ;
#607 = DIRECTION ( 'NONE',  ( 0.000000000000000000, 1.000000000000000000, 0.000000000000000000 ) ) ;
#608 = ORIENTED_EDGE ( 'NONE', *, *, #1329, .F. ) ;
#609 = AXIS2_PLACEMENT_3D ( 'NONE', #635, #534, #860 ) ;
#610 = DIRECTION ( 'NONE',  ( -0.000000000000000000, 1.000000000000000000, -0.000000000000000000 ) ) ;
#611 = AXIS2_PLACEMENT_3D ( 'NONE', #94, #994, #544 ) ;
#612 = FACE_BOUND ( 'NONE', #338, .T. ) ;
#613 = EDGE_CURVE ( 'NONE', #677, #1041, #1312, .T. ) ;
#614 = CYLINDRICAL_SURFACE ( 'NONE', #233, 1.700000000000000178 ) ;
#615 = AXIS2_PLACEMENT_3D ( 'NONE', #594, #927, #1025 ) ;
#616 = DIRECTION ( 'NONE',  ( 0.000000000000000000, 1.000000000000000000, 0.000000000000000000 ) ) ;
#617 = CYLINDRICAL_SURFACE ( 'NONE', #97, 2.500000000000002220 ) ;
#618 = CARTESIAN_POINT ( 'NONE',  ( 45.00000000000000000, 0.000000000000000000, 1.699999999999999512 ) ) ;
#619 = DIRECTION ( 'NONE',  ( 0.000000000000000000, 0.000000000000000000, -1.000000000000000000 ) ) ;
#620 = ORIENTED_EDGE ( 'NONE', *, *, #1381, .F. ) ;
#621 = DIRECTION ( 'NONE',  ( -0.000000000000000000, 1.000000000000000000, -0.000000000000000000 ) ) ;
#622 = ADVANCED_FACE ( 'NONE', ( #774 ), #1008, .F. ) ;
#623 = CARTESIAN_POINT ( 'NONE',  ( 6.735557395310442615E-15, 12.00000000000000000, 55.00000000000000000 ) ) ;
#624 = CARTESIAN_POINT ( 'NONE',  ( 0.000000000000000000, 12.00000000000000000, 0.000000000000000000 ) ) ;
#625 = VERTEX_POINT ( 'NONE', #559 ) ;
#626 = CARTESIAN_POINT ( 'NONE',  ( -31.81980515339435911, 7.000000000000000000, 31.81980515339491333 ) ) ;
#627 = VERTEX_POINT ( 'NONE', #232 ) ;
#628 = DIRECTION ( 'NONE',  ( 0.000000000000000000, 0.000000000000000000, 1.000000000000000000 ) ) ;
#629 = EDGE_CURVE ( 'NONE', #278, #972, #674, .T. ) ;
#630 = LINE ( 'NONE', #623, #1341 ) ;
#631 = DIRECTION ( 'NONE',  ( -0.000000000000000000, 1.000000000000000000, -0.000000000000000000 ) ) ;
#632 = AXIS2_PLACEMENT_3D ( 'NONE', #1337, #358, #577 ) ;
#633 = DIRECTION ( 'NONE',  ( -0.000000000000000000, 1.000000000000000000, -0.000000000000000000 ) ) ;
#634 = AXIS2_PLACEMENT_3D ( 'NONE', #755, #79, #1074 ) ;
#635 = CARTESIAN_POINT ( 'NONE',  ( 0.000000000000000000, 0.000000000000000000, 0.000000000000000000 ) ) ;
#636 = DIRECTION ( 'NONE',  ( 0.000000000000000000, 1.000000000000000000, -0.000000000000000000 ) ) ;
#637 = ORIENTED_EDGE ( 'NONE', *, *, #909, .T. ) ;
#638 = ADVANCED_FACE ( 'NONE', ( #119, #566 ), #991, .T. ) ;
#639 = FACE_OUTER_BOUND ( 'NONE', #155, .T. ) ;
#640 = CARTESIAN_POINT ( 'NONE',  ( -31.81980515339480320, 7.000000000000000000, -31.81980515339446924 ) ) ;
#641 = CARTESIAN_POINT ( 'NONE',  ( -45.00000000000000000, 7.000000000000000000, 0.000000000000000000 ) ) ;
#642 = CARTESIAN_POINT ( 'NONE',  ( 45.00000000000000000, 0.000000000000000000, 0.000000000000000000 ) ) ;
#643 = ORIENTED_EDGE ( 'NONE', *, *, #613, .T. ) ;
#644 = DIRECTION ( 'NONE',  ( 0.000000000000000000, 0.000000000000000000, -1.000000000000000000 ) ) ;
#645 = VERTEX_POINT ( 'NONE', #998 ) ;
#646 = AXIS2_PLACEMENT_3D ( 'NONE', #1182, #1065, #200 ) ;
#647 = EDGE_CURVE ( 'NONE', #627, #44, #663, .T. ) ;
#648 = CARTESIAN_POINT ( 'NONE',  ( 31.81980515339458293, 0.000000000000000000, -31.81980515339469306 ) ) ;
#649 = DIRECTION ( 'NONE',  ( 0.000000000000000000, 0.000000000000000000, 1.000000000000000000 ) ) ;
#650 = ORIENTED_EDGE ( 'NONE', *, *, #354, .T. ) ;
#651 = ORIENTED_EDGE ( 'NONE', *, *, #48, .F. ) ;
#652 = FACE_OUTER_BOUND ( 'NONE', #1428, .T. ) ;
#653 = VECTOR ( 'NONE', #779, 1000.000000000000000 ) ;
#654 = PRODUCT_RELATED_PRODUCT_CATEGORY ( 'part', '', ( #1256 ) ) ;
#655 = CARTESIAN_POINT ( 'NONE',  ( 31.81980515339458293, 7.000000000000000000, -34.31980515339469662 ) ) ;
#656 = AXIS2_PLACEMENT_3D ( 'NONE', #417, #1296, #857 ) ;
#657 = AXIS2_PLACEMENT_3D ( 'NONE', #827, #616, #506 ) ;
#658 = ORIENTED_EDGE ( 'NONE', *, *, #84, .F. ) ;
#659 = DIRECTION ( 'NONE',  ( 0.7071067811865447972, 0.000000000000000000, -0.7071067811865503483 ) ) ;
#660 = CIRCLE ( 'NONE', #453, 1.700000000000000178 ) ;
#661 = ORIENTED_EDGE ( 'NONE', *, *, #1381, .T. ) ;
#662 = ORIENTED_EDGE ( 'NONE', *, *, #675, .T. ) ;
#663 = LINE ( 'NONE', #686, #53 ) ;
#664 = VERTEX_POINT ( 'NONE', #319 ) ;
#665 = DIRECTION ( 'NONE',  ( 0.000000000000000000, 0.000000000000000000, 1.000000000000000000 ) ) ;
#666 = ADVANCED_FACE ( 'NONE', ( #1099 ), #1310, .F. ) ;
#667 = ORIENTED_EDGE ( 'NONE', *, *, #366, .T. ) ;
#668 = ORIENTED_EDGE ( 'NONE', *, *, #373, .T. ) ;
#669 = ORIENTED_EDGE ( 'NONE', *, *, #1120, .T. ) ;
#670 = DIRECTION ( 'NONE',  ( -0.000000000000000000, 1.000000000000000000, -0.000000000000000000 ) ) ;
#671 = AXIS2_PLACEMENT_3D ( 'NONE', #626, #1358, #837 ) ;
#672 = CARTESIAN_POINT ( 'NONE',  ( 45.00000000000000000, 7.000000000000000000, 0.000000000000000000 ) ) ;
#673 = ORIENTED_EDGE ( 'NONE', *, *, #156, .F. ) ;
#674 = LINE ( 'NONE', #3, #1204 ) ;
#675 = EDGE_CURVE ( 'NONE', #43, #227, #550, .T. ) ;
#676 = VERTEX_POINT ( 'NONE', #1421 ) ;
#677 = VERTEX_POINT ( 'NONE', #1317 ) ;
#678 = CARTESIAN_POINT ( 'NONE',  ( 31.81980515339502702, 7.000000000000000000, 30.11980515339424969 ) ) ;
#679 = UNCERTAINTY_MEASURE_WITH_UNIT (LENGTH_MEASURE( 1.000000000000000082E-05 ), #1362, 'distance_accuracy_value', 'NONE');
#680 = CARTESIAN_POINT ( 'NONE',  ( -31.81980515339435911, 12.00000000000000000, 31.81980515339491333 ) ) ;
#681 = ORIENTED_EDGE ( 'NONE', *, *, #1359, .F. ) ;
#682 = CIRCLE ( 'NONE', #820, 1.699999999999999512 ) ;
#683 = ORIENTED_EDGE ( 'NONE', *, *, #1047, .T. ) ;
#684 = AXIS2_PLACEMENT_3D ( 'NONE', #1322, #450, #1095 ) ;
#685 = VERTEX_POINT ( 'NONE', #109 ) ;
#686 = CARTESIAN_POINT ( 'NONE',  ( -31.81980515339435911, 7.000000000000000000, 29.31980515339491333 ) ) ;
#687 = EDGE_CURVE ( 'NONE', #965, #108, #702, .T. ) ;
#688 = DIRECTION ( 'NONE',  ( -0.000000000000000000, 1.000000000000000000, -0.000000000000000000 ) ) ;
#689 = VERTEX_POINT ( 'NONE', #889 ) ;
#690 = ORIENTED_EDGE ( 'NONE', *, *, #48, .T. ) ;
#691 = CARTESIAN_POINT ( 'NONE',  ( 31.81980515339458293, 7.000000000000000000, -31.81980515339469306 ) ) ;
#692 = FACE_BOUND ( 'NONE', #990, .T. ) ;
#693 = CARTESIAN_POINT ( 'NONE',  ( -45.00000000000000000, 0.000000000000000000, 1.699999999999999512 ) ) ;
#694 = EDGE_CURVE ( 'NONE', #727, #1365, #1155, .T. ) ;
#695 = DIRECTION ( 'NONE',  ( -0.000000000000000000, -1.000000000000000000, -0.000000000000000000 ) ) ;
#696 = VERTEX_POINT ( 'NONE', #678 ) ;
#697 = SURFACE_STYLE_FILL_AREA ( #258 ) ;
#698 = LINE ( 'NONE', #931, #243 ) ;
#699 = LINE ( 'NONE', #15, #841 ) ;
#700 = VERTEX_POINT ( 'NONE', #768 ) ;
#701 = ADVANCED_FACE ( 'NONE', ( #1431 ), #437, .F. ) ;
#702 = CIRCLE ( 'NONE', #769, 2.500000000000003553 ) ;
#703 = CIRCLE ( 'NONE', #1070, 1.699999999999997513 ) ;
#704 = VECTOR ( 'NONE', #782, 1000.000000000000000 ) ;
#705 = CARTESIAN_POINT ( 'NONE',  ( -45.00000000000000000, 7.000000000000000000, 0.000000000000000000 ) ) ;
#706 = DIRECTION ( 'NONE',  ( -1.000000000000000000, 0.000000000000000000, 1.224510688924805351E-14 ) ) ;
#707 = CYLINDRICAL_SURFACE ( 'NONE', #1307, 2.500000000000002220 ) ;
#708 = ORIENTED_EDGE ( 'NONE', *, *, #945, .T. ) ;
#709 = EDGE_CURVE ( 'NONE', #214, #1335, #216, .T. ) ;
#710 = CARTESIAN_POINT ( 'NONE',  ( 31.81980515339502702, 0.000000000000000000, 33.51980515339425182 ) ) ;
#711 = DIRECTION ( 'NONE',  ( 0.000000000000000000, 1.000000000000000000, -0.000000000000000000 ) ) ;
#712 = FACE_OUTER_BOUND ( 'NONE', #897, .T. ) ;
#713 = EDGE_LOOP ( 'NONE', ( #111, #349, #1330, #717 ) ) ;
#714 = CARTESIAN_POINT ( 'NONE',  ( 0.000000000000000000, 12.00000000000000000, 0.000000000000000000 ) ) ;
#715 = CARTESIAN_POINT ( 'NONE',  ( -31.81980515339435911, 0.000000000000000000, 31.81980515339491333 ) ) ;
#716 = DIRECTION ( 'NONE',  ( 1.000000000000000000, 0.000000000000000000, -4.081702296416017574E-15 ) ) ;
#717 = ORIENTED_EDGE ( 'NONE', *, *, #59, .T. ) ;
#718 = CIRCLE ( 'NONE', #632, 2.500000000000000888 ) ;
#719 = AXIS2_PLACEMENT_3D ( 'NONE', #117, #255, #1221 ) ;
#720 = CIRCLE ( 'NONE', #893, 2.500000000000002220 ) ;
#721 = CARTESIAN_POINT ( 'NONE',  ( 45.00000000000000000, 7.000000000000000000, 0.000000000000000000 ) ) ;
#722 = AXIS2_PLACEMENT_3D ( 'NONE', #535, #1380, #861 ) ;
#723 = DIRECTION ( 'NONE',  ( 0.000000000000000000, 0.000000000000000000, 1.000000000000000000 ) ) ;
#724 = DIRECTION ( 'NONE',  ( 1.000000000000000000, 0.000000000000000000, -2.775557561562888984E-15 ) ) ;
#725 = EDGE_CURVE ( 'NONE', #888, #1116, #572, .T. ) ;
#726 = AXIS2_PLACEMENT_3D ( 'NONE', #816, #384, #811 ) ;
#727 = VERTEX_POINT ( 'NONE', #906 ) ;
#728 = LINE ( 'NONE', #507, #1344 ) ;
#729 = DIRECTION ( 'NONE',  ( 0.7071067811865447972, 0.000000000000000000, -0.7071067811865503483 ) ) ;
#730 = DIRECTION ( 'NONE',  ( 0.000000000000000000, 1.000000000000000000, 0.000000000000000000 ) ) ;
#731 = ORIENTED_EDGE ( 'NONE', *, *, #1004, .F. ) ;
#732 = DIRECTION ( 'NONE',  ( 0.000000000000000000, 1.000000000000000000, 0.000000000000000000 ) ) ;
#733 = EDGE_CURVE ( 'NONE', #977, #664, #1315, .T. ) ;
#734 = EDGE_LOOP ( 'NONE', ( #512, #313 ) ) ;
#735 = DIRECTION ( 'NONE',  ( -0.7071067811865392461, 0.000000000000000000, 0.7071067811865557884 ) ) ;
#736 = AXIS2_PLACEMENT_3D ( 'NONE', #1280, #633, #78 ) ;
#737 = DIRECTION ( 'NONE',  ( 0.000000000000000000, 0.000000000000000000, 1.000000000000000000 ) ) ;
#738 = CARTESIAN_POINT ( 'NONE',  ( 31.81980515339502702, 7.000000000000000000, 33.51980515339425182 ) ) ;
#739 = CYLINDRICAL_SURFACE ( 'NONE', #370, 1.700000000000000178 ) ;
#740 = DIRECTION ( 'NONE',  ( 1.000000000000000000, 0.000000000000000000, -3.491481338843133355E-15 ) ) ;
#741 = EDGE_CURVE ( 'NONE', #664, #1057, #1201, .T. ) ;
#742 = DIRECTION ( 'NONE',  ( 0.7071067811865433539, 0.000000000000000000, -0.7071067811865516806 ) ) ;
#743 = EDGE_CURVE ( 'NONE', #300, #800, #1134, .T. ) ;
#744 = EDGE_LOOP ( 'NONE', ( #1135, #1393 ) ) ;
#745 = DIRECTION ( 'NONE',  ( -0.000000000000000000, -1.000000000000000000, -0.000000000000000000 ) ) ;
#746 = AXIS2_PLACEMENT_3D ( 'NONE', #672, #448, #914 ) ;
#747 = FACE_OUTER_BOUND ( 'NONE', #209, .T. ) ;
#748 = AXIS2_PLACEMENT_3D ( 'NONE', #714, #1039, #40 ) ;
#749 = DIRECTION ( 'NONE',  ( 0.000000000000000000, 1.000000000000000000, 0.000000000000000000 ) ) ;
#750 = CIRCLE ( 'NONE', #359, 2.500000000000002220 ) ;
#751 = CARTESIAN_POINT ( 'NONE',  ( -31.81980515339435911, 0.000000000000000000, 31.81980515339491333 ) ) ;
#752 = ADVANCED_FACE ( 'NONE', ( #455 ), #1325, .F. ) ;
#753 = ORIENTED_EDGE ( 'NONE', *, *, #1319, .T. ) ;
#754 = DIRECTION ( 'NONE',  ( 0.000000000000000000, 0.000000000000000000, -1.000000000000000000 ) ) ;
#755 = CARTESIAN_POINT ( 'NONE',  ( 45.00000000000000000, 7.000000000000000000, 0.000000000000000000 ) ) ;
#756 = DIRECTION ( 'NONE',  ( 0.000000000000000000, 1.000000000000000000, 0.000000000000000000 ) ) ;
#757 = ORIENTED_EDGE ( 'NONE', *, *, #909, .F. ) ;
#758 = EDGE_CURVE ( 'NONE', #689, #1122, #1220, .T. ) ;
#759 = ORIENTED_EDGE ( 'NONE', *, *, #1329, .T. ) ;
#760 = DIRECTION ( 'NONE',  ( -0.7071067811865392461, 0.000000000000000000, 0.7071067811865557884 ) ) ;
#761 = ORIENTED_EDGE ( 'NONE', *, *, #969, .F. ) ;
#762 = VECTOR ( 'NONE', #817, 1000.000000000000000 ) ;
#763 = DIRECTION ( 'NONE',  ( -0.7071067811865393571, 0.000000000000000000, 0.7071067811865556774 ) ) ;
#764 = EDGE_LOOP ( 'NONE', ( #5, #858, #492, #579 ) ) ;
#765 = CARTESIAN_POINT ( 'NONE',  ( 0.000000000000000000, 12.00000000000000000, 0.000000000000000000 ) ) ;
#766 = EDGE_LOOP ( 'NONE', ( #813, #1028, #81, #1217 ) ) ;
#767 = ORIENTED_EDGE ( 'NONE', *, *, #426, .F. ) ;
#768 = CARTESIAN_POINT ( 'NONE',  ( 31.81980515339458293, 7.000000000000000000, -33.51980515339469235 ) ) ;
#769 = AXIS2_PLACEMENT_3D ( 'NONE', #237, #1112, #6 ) ;
#770 = EDGE_CURVE ( 'NONE', #677, #554, #240, .T. ) ;
#771 = VECTOR ( 'NONE', #1405, 1000.000000000000000 ) ;
#772 = AXIS2_PLACEMENT_3D ( 'NONE', #843, #815, #253 ) ;
#773 = VERTEX_POINT ( 'NONE', #979 ) ;
#774 = FACE_OUTER_BOUND ( 'NONE', #245, .T. ) ;
#775 = CIRCLE ( 'NONE', #33, 2.500000000000000888 ) ;
#776 = EDGE_LOOP ( 'NONE', ( #562, #1210 ) ) ;
#777 = ORIENTED_EDGE ( 'NONE', *, *, #366, .F. ) ;
#778 = VERTEX_POINT ( 'NONE', #1090 ) ;
#779 = DIRECTION ( 'NONE',  ( 0.000000000000000000, 1.000000000000000000, -0.000000000000000000 ) ) ;
#780 = DIRECTION ( 'NONE',  ( 0.000000000000000000, 1.000000000000000000, 0.000000000000000000 ) ) ;
#781 = ORIENTED_EDGE ( 'NONE', *, *, #328, .T. ) ;
#782 = DIRECTION ( 'NONE',  ( -0.000000000000000000, 1.000000000000000000, -0.000000000000000000 ) ) ;
#783 = ADVANCED_FACE ( 'NONE', ( #652 ), #1354, .F. ) ;
#784 = VERTEX_POINT ( 'NONE', #483 ) ;
#785 = ORIENTED_EDGE ( 'NONE', *, *, #1013, .T. ) ;
#786 = DIRECTION ( 'NONE',  ( -0.000000000000000000, 1.000000000000000000, -0.000000000000000000 ) ) ;
#787 = AXIS2_PLACEMENT_3D ( 'NONE', #49, #499, #716 ) ;
#788 = DIRECTION ( 'NONE',  ( -0.000000000000000000, 1.000000000000000000, -0.000000000000000000 ) ) ;
#789 = ORIENTED_EDGE ( 'NONE', *, *, #269, .T. ) ;
#790 = CYLINDRICAL_SURFACE ( 'NONE', #611, 2.500000000000002220 ) ;
#791 = ORIENTED_EDGE ( 'NONE', *, *, #244, .T. ) ;
#792 = EDGE_CURVE ( 'NONE', #1313, #1111, #957, .T. ) ;
#793 = VERTEX_POINT ( 'NONE', #130 ) ;
#794 = DIRECTION ( 'NONE',  ( 0.7071067811865484609, 0.000000000000000000, 0.7071067811865464625 ) ) ;
#795 = FACE_OUTER_BOUND ( 'NONE', #898, .T. ) ;
#796 = PRESENTATION_LAYER_ASSIGNMENT (  '', '', ( #1290 ) ) ;
#797 = ORIENTED_EDGE ( 'NONE', *, *, #1069, .T. ) ;
#798 = VECTOR ( 'NONE', #788, 1000.000000000000000 ) ;
#799 = AXIS2_PLACEMENT_3D ( 'NONE', #1418, #1101, #339 ) ;
#800 = VERTEX_POINT ( 'NONE', #1023 ) ;
#801 = VECTOR ( 'NONE', #159, 1000.000000000000000 ) ;
#802 = EDGE_CURVE ( 'NONE', #25, #773, #451, .T. ) ;
#803 = FACE_OUTER_BOUND ( 'NONE', #764, .T. ) ;
#804 = DIRECTION ( 'NONE',  ( -0.7071067811865393571, 0.000000000000000000, 0.7071067811865556774 ) ) ;
#805 = FACE_OUTER_BOUND ( 'NONE', #256, .T. ) ;
#806 = DIRECTION ( 'NONE',  ( 0.000000000000000000, 1.000000000000000000, 0.000000000000000000 ) ) ;
#807 = ORIENTED_EDGE ( 'NONE', *, *, #903, .T. ) ;
#808 = CYLINDRICAL_SURFACE ( 'NONE', #1346, 2.500000000000002220 ) ;
#809 = DIRECTION ( 'NONE',  ( 1.000000000000000000, 0.000000000000000000, -2.775557561562888984E-15 ) ) ;
#810 = ADVANCED_FACE ( 'NONE', ( #364, #919 ), #1119, .T. ) ;
#811 = DIRECTION ( 'NONE',  ( 0.000000000000000000, 0.000000000000000000, 1.000000000000000000 ) ) ;
#812 = DIRECTION ( 'NONE',  ( 0.000000000000000000, 0.000000000000000000, 1.000000000000000000 ) ) ;
#813 = ORIENTED_EDGE ( 'NONE', *, *, #555, .F. ) ;
#814 = AXIS2_PLACEMENT_3D ( 'NONE', #928, #948, #1259 ) ;
#815 = DIRECTION ( 'NONE',  ( 0.000000000000000000, 1.000000000000000000, 0.000000000000000000 ) ) ;
#816 = CARTESIAN_POINT ( 'NONE',  ( -31.81980515339435911, 7.000000000000000000, 31.81980515339491333 ) ) ;
#817 = DIRECTION ( 'NONE',  ( -0.000000000000000000, 1.000000000000000000, 0.000000000000000000 ) ) ;
#818 = VERTEX_POINT ( 'NONE', #136 ) ;
#819 = EDGE_CURVE ( 'NONE', #886, #1168, #718, .T. ) ;
#820 = AXIS2_PLACEMENT_3D ( 'NONE', #1285, #730, #836 ) ;
#821 = CIRCLE ( 'NONE', #286, 2.500000000000002220 ) ;
#822 = AXIS2_PLACEMENT_3D ( 'NONE', #1367, #393, #87 ) ;
#823 = DIRECTION ( 'NONE',  ( -0.000000000000000000, 1.000000000000000000, -0.000000000000000000 ) ) ;
#824 = CARTESIAN_POINT ( 'NONE',  ( 4.713499807438230156E-13, 0.000000000000000000, 45.00000000000000000 ) ) ;
#825 = FACE_OUTER_BOUND ( 'NONE', #744, .T. ) ;
#826 = ORIENTED_EDGE ( 'NONE', *, *, #1103, .T. ) ;
#827 = CARTESIAN_POINT ( 'NONE',  ( 31.81980515339458293, 7.000000000000000000, -31.81980515339469306 ) ) ;
#828 = ADVANCED_FACE ( 'NONE', ( #803 ), #1017, .T. ) ;
#829 = CARTESIAN_POINT ( 'NONE',  ( 4.715581706996780477E-13, 7.000000000000000000, 43.29999999999999716 ) ) ;
#830 = FACE_BOUND ( 'NONE', #1279, .T. ) ;
#831 = DIRECTION ( 'NONE',  ( 0.000000000000000000, 0.000000000000000000, 1.000000000000000000 ) ) ;
#832 = DIRECTION ( 'NONE',  ( -0.000000000000000000, 1.000000000000000000, -0.000000000000000000 ) ) ;
#833 = MANIFOLD_SOLID_BREP ( 'CirPattern1', #982 ) ;
#834 = ADVANCED_FACE ( 'NONE', ( #921 ), #808, .F. ) ;
#835 = CYLINDRICAL_SURFACE ( 'NONE', #30, 2.500000000000002220 ) ;
#836 = DIRECTION ( 'NONE',  ( -1.000000000000000000, 0.000000000000000000, 1.224510688924805351E-14 ) ) ;
#837 = DIRECTION ( 'NONE',  ( -0.7071067811865531239, 0.000000000000000000, -0.7071067811865420216 ) ) ;
#838 = CARTESIAN_POINT ( 'NONE',  ( -1.571166602479409884E-13, 0.000000000000000000, -43.29999999999999716 ) ) ;
#839 = DIRECTION ( 'NONE',  ( 0.000000000000000000, 1.000000000000000000, 0.000000000000000000 ) ) ;
#840 = AXIS2_PLACEMENT_3D ( 'NONE', #446, #874, #336 ) ;
#841 = VECTOR ( 'NONE', #688, 1000.000000000000000 ) ;
#842 = AXIS2_PLACEMENT_3D ( 'NONE', #92, #970, #740 ) ;
#843 = CARTESIAN_POINT ( 'NONE',  ( -31.81980515339435911, 7.000000000000000000, 31.81980515339491333 ) ) ;
#844 = EDGE_CURVE ( 'NONE', #487, #324, #1199, .T. ) ;
#845 = LINE ( 'NONE', #1272, #193 ) ;
#846 = CARTESIAN_POINT ( 'NONE',  ( 45.00000000000000000, 7.000000000000000000, -2.500000000000002220 ) ) ;
#847 = ORIENTED_EDGE ( 'NONE', *, *, #1216, .T. ) ;
#848 = CYLINDRICAL_SURFACE ( 'NONE', #126, 1.700000000000000178 ) ;
#849 = DIRECTION ( 'NONE',  ( -0.000000000000000000, -1.000000000000000000, -0.000000000000000000 ) ) ;
#850 = LINE ( 'NONE', #618, #798 ) ;
#851 = ORIENTED_EDGE ( 'NONE', *, *, #293, .F. ) ;
#852 = FACE_OUTER_BOUND ( 'NONE', #2, .T. ) ;
#853 = ADVANCED_FACE ( 'NONE', ( #805 ), #265, .F. ) ;
#854 = ORIENTED_EDGE ( 'NONE', *, *, #59, .F. ) ;
#855 = CARTESIAN_POINT ( 'NONE',  ( -45.00000000000000000, 7.000000000000000000, 0.000000000000000000 ) ) ;
#856 = CARTESIAN_POINT ( 'NONE',  ( -31.81980515339480320, 12.00000000000000000, -29.31980515339446924 ) ) ;
#857 = DIRECTION ( 'NONE',  ( 0.7071067811865447972, 0.000000000000000000, -0.7071067811865503483 ) ) ;
#858 = ORIENTED_EDGE ( 'NONE', *, *, #131, .T. ) ;
#859 = CYLINDRICAL_SURFACE ( 'NONE', #389, 2.500000000000002220 ) ;
#860 = DIRECTION ( 'NONE',  ( 0.000000000000000000, 0.000000000000000000, 1.000000000000000000 ) ) ;
#861 = DIRECTION ( 'NONE',  ( 0.000000000000000000, 0.000000000000000000, 1.000000000000000000 ) ) ;
#862 = EDGE_CURVE ( 'NONE', #793, #625, #1232, .T. ) ;
#863 = VERTEX_POINT ( 'NONE', #1035 ) ;
#864 = CIRCLE ( 'NONE', #1049, 2.500000000000002220 ) ;
#865 = LINE ( 'NONE', #531, #771 ) ;
#866 = AXIS2_PLACEMENT_3D ( 'NONE', #1229, #892, #260 ) ;
#867 = AXIS2_PLACEMENT_3D ( 'NONE', #648, #438, #1085 ) ;
#868 = CYLINDRICAL_SURFACE ( 'NONE', #646, 1.700000000000000178 ) ;
#869 = CIRCLE ( 'NONE', #772, 2.500000000000000888 ) ;
#870 = FACE_OUTER_BOUND ( 'NONE', #1399, .T. ) ;
#871 = AXIS2_PLACEMENT_3D ( 'NONE', #433, #1207, #665 ) ;
#872 = DIRECTION ( 'NONE',  ( -0.7071067811865392461, 0.000000000000000000, 0.7071067811865557884 ) ) ;
#873 = ORIENTED_EDGE ( 'NONE', *, *, #318, .T. ) ;
#874 = DIRECTION ( 'NONE',  ( -0.000000000000000000, 1.000000000000000000, 0.000000000000000000 ) ) ;
#875 = VERTEX_POINT ( 'NONE', #31 ) ;
#876 = CARTESIAN_POINT ( 'NONE',  ( -31.81980515339435911, 12.00000000000000000, 29.31980515339491333 ) ) ;
#877 = CARTESIAN_POINT ( 'NONE',  ( 0.000000000000000000, 0.000000000000000000, 0.000000000000000000 ) ) ;
#878 = ORIENTED_EDGE ( 'NONE', *, *, #597, .F. ) ;
#879 = DIRECTION ( 'NONE',  ( 0.000000000000000000, 0.000000000000000000, 1.000000000000000000 ) ) ;
#880 = EDGE_LOOP ( 'NONE', ( #1327, #767, #602, #1209 ) ) ;
#881 = EDGE_CURVE ( 'NONE', #784, #1324, #254, .T. ) ;
#882 = ORIENTED_EDGE ( 'NONE', *, *, #709, .T. ) ;
#883 = CARTESIAN_POINT ( 'NONE',  ( 31.81980515339502702, 7.000000000000000000, 31.81980515339424898 ) ) ;
#884 = ORIENTED_EDGE ( 'NONE', *, *, #197, .T. ) ;
#885 = CARTESIAN_POINT ( 'NONE',  ( 6.735557395310442615E-15, 0.000000000000000000, 55.00000000000000000 ) ) ;
#886 = VERTEX_POINT ( 'NONE', #1351 ) ;
#887 = ORIENTED_EDGE ( 'NONE', *, *, #91, .T. ) ;
#888 = VERTEX_POINT ( 'NONE', #693 ) ;
#889 = CARTESIAN_POINT ( 'NONE',  ( -45.00000000000000000, 7.000000000000000000, -2.500000000000002220 ) ) ;
#890 = EDGE_CURVE ( 'NONE', #108, #685, #489, .T. ) ;
#891 = AXIS2_PLACEMENT_3D ( 'NONE', #123, #1332, #1012 ) ;
#892 = DIRECTION ( 'NONE',  ( 0.000000000000000000, 1.000000000000000000, 0.000000000000000000 ) ) ;
#893 = AXIS2_PLACEMENT_3D ( 'NONE', #1304, #1080, #85 ) ;
#894 = VERTEX_POINT ( 'NONE', #372 ) ;
#895 = CYLINDRICAL_SURFACE ( 'NONE', #962, 1.699999999999999512 ) ;
#896 = CIRCLE ( 'NONE', #248, 1.700000000000000178 ) ;
#897 = EDGE_LOOP ( 'NONE', ( #1308, #64, #789, #57 ) ) ;
#898 = EDGE_LOOP ( 'NONE', ( #69, #13, #690, #464 ) ) ;
#899 = DIRECTION ( 'NONE',  ( 0.000000000000000000, 0.000000000000000000, 1.000000000000000000 ) ) ;
#900 = DIRECTION ( 'NONE',  ( -0.000000000000000000, 1.000000000000000000, -0.000000000000000000 ) ) ;
#901 = EDGE_LOOP ( 'NONE', ( #996, #1037, #661, #1043 ) ) ;
#902 = DIRECTION ( 'NONE',  ( -0.000000000000000000, 1.000000000000000000, -0.000000000000000000 ) ) ;
#903 = EDGE_CURVE ( 'NONE', #436, #1293, #1410, .T. ) ;
#904 = ORIENTED_EDGE ( 'NONE', *, *, #426, .T. ) ;
#905 = EDGE_LOOP ( 'NONE', ( #1021, #997 ) ) ;
#906 = CARTESIAN_POINT ( 'NONE',  ( 6.735557395310442615E-15, 12.00000000000000000, 55.00000000000000000 ) ) ;
#907 = CYLINDRICAL_SURFACE ( 'NONE', #1364, 2.500000000000002220 ) ;
#908 = EDGE_LOOP ( 'NONE', ( #399, #1255 ) ) ;
#909 = EDGE_CURVE ( 'NONE', #863, #944, #864, .T. ) ;
#910 = ORIENTED_EDGE ( 'NONE', *, *, #413, .T. ) ;
#911 = DIRECTION ( 'NONE',  ( 1.000000000000000000, 0.000000000000000000, -4.081702296416017574E-15 ) ) ;
#912 = CARTESIAN_POINT ( 'NONE',  ( 0.000000000000000000, 12.00000000000000000, -36.00000000000000000 ) ) ;
#913 = FACE_BOUND ( 'NONE', #1163, .T. ) ;
#914 = DIRECTION ( 'NONE',  ( 0.000000000000000000, 0.000000000000000000, 1.000000000000000000 ) ) ;
#915 = ORIENTED_EDGE ( 'NONE', *, *, #73, .T. ) ;
#916 = CIRCLE ( 'NONE', #474, 1.700000000000000178 ) ;
#917 = AXIS2_PLACEMENT_3D ( 'NONE', #966, #401, #1396 ) ;
#918 = EDGE_LOOP ( 'NONE', ( #904, #1311 ) ) ;
#919 = FACE_BOUND ( 'NONE', #1100, .T. ) ;
#920 = FACE_BOUND ( 'NONE', #241, .T. ) ;
#921 = FACE_OUTER_BOUND ( 'NONE', #432, .T. ) ;
#922 = CARTESIAN_POINT ( 'NONE',  ( -45.00000000000000000, 12.00000000000000000, -2.500000000000002220 ) ) ;
#923 = ORIENTED_EDGE ( 'NONE', *, *, #1032, .F. ) ;
#924 = DIRECTION ( 'NONE',  ( 0.000000000000000000, 0.000000000000000000, 1.000000000000000000 ) ) ;
#925 = CARTESIAN_POINT ( 'NONE',  ( -31.81980515339480320, 0.000000000000000000, -31.81980515339446924 ) ) ;
#926 = EDGE_CURVE ( 'NONE', #875, #520, #985, .T. ) ;
#927 = DIRECTION ( 'NONE',  ( 0.000000000000000000, 1.000000000000000000, -0.000000000000000000 ) ) ;
#928 = CARTESIAN_POINT ( 'NONE',  ( 4.713499807438230156E-13, 0.000000000000000000, 45.00000000000000000 ) ) ;
#929 = ORIENTED_EDGE ( 'NONE', *, *, #235, .F. ) ;
#930 = AXIS2_PLACEMENT_3D ( 'NONE', #292, #1363, #619 ) ;
#931 = CARTESIAN_POINT ( 'NONE',  ( -31.81980515339435911, 0.000000000000000000, 33.51980515339491262 ) ) ;
#932 = DIRECTION ( 'NONE',  ( -1.000000000000000000, 0.000000000000000000, 1.110223024625155594E-14 ) ) ;
#933 = EDGE_CURVE ( 'NONE', #696, #972, #471, .T. ) ;
#934 = CARTESIAN_POINT ( 'NONE',  ( 0.000000000000000000, 12.00000000000000000, -55.00000000000000000 ) ) ;
#935 = ORIENTED_EDGE ( 'NONE', *, *, #881, .F. ) ;
#936 = ORIENTED_EDGE ( 'NONE', *, *, #743, .F. ) ;
#937 = AXIS2_PLACEMENT_3D ( 'NONE', #537, #326, #760 ) ;
#938 = AXIS2_PLACEMENT_3D ( 'NONE', #1187, #180, #390 ) ;
#939 = AXIS2_PLACEMENT_3D ( 'NONE', #365, #583, #809 ) ;
#940 = CIRCLE ( 'NONE', #822, 2.500000000000002220 ) ;
#941 = DIRECTION ( 'NONE',  ( 0.000000000000000000, 1.000000000000000000, 0.000000000000000000 ) ) ;
#942 = DIRECTION ( 'NONE',  ( 0.000000000000000000, 0.000000000000000000, 1.000000000000000000 ) ) ;
#943 = CARTESIAN_POINT ( 'NONE',  ( 4.716561424436098156E-13, 7.000000000000000000, 42.49999999999999289 ) ) ;
#944 = VERTEX_POINT ( 'NONE', #46 ) ;
#945 = EDGE_CURVE ( 'NONE', #818, #227, #538, .T. ) ;
#946 = DIRECTION ( 'NONE',  ( 0.000000000000000000, 0.000000000000000000, 1.000000000000000000 ) ) ;
#947 = CARTESIAN_POINT ( 'NONE',  ( 0.000000000000000000, 0.000000000000000000, 0.000000000000000000 ) ) ;
#948 = DIRECTION ( 'NONE',  ( -0.000000000000000000, 1.000000000000000000, -0.000000000000000000 ) ) ;
#949 = LINE ( 'NONE', #1379, #398 ) ;
#950 = CARTESIAN_POINT ( 'NONE',  ( -31.81980515339480320, 0.000000000000000000, -31.81980515339446924 ) ) ;
#951 = ADVANCED_FACE ( 'NONE', ( #913, #1372, #830, #276, #1152, #163, #612, #1054, #55, #1278 ), #1392, .F. ) ;
#952 = CARTESIAN_POINT ( 'NONE',  ( -31.81980515339435911, 7.000000000000000000, 31.81980515339491333 ) ) ;
#953 = DIRECTION ( 'NONE',  ( 0.000000000000000000, 0.000000000000000000, 1.000000000000000000 ) ) ;
#954 = DIRECTION ( 'NONE',  ( 0.000000000000000000, 1.000000000000000000, -0.000000000000000000 ) ) ;
#955 = EDGE_LOOP ( 'NONE', ( #596, #797 ) ) ;
#956 = FACE_OUTER_BOUND ( 'NONE', #1109, .T. ) ;
#957 = CIRCLE ( 'NONE', #262, 2.500000000000002220 ) ;
#958 = ADVANCED_FACE ( 'NONE', ( #639 ), #1160, .F. ) ;
#959 = AXIS2_PLACEMENT_3D ( 'NONE', #1083, #1064, #723 ) ;
#960 = DIRECTION ( 'NONE',  ( 0.000000000000000000, 1.000000000000000000, 0.000000000000000000 ) ) ;
#961 = EDGE_CURVE ( 'NONE', #700, #287, #27, .T. ) ;
#962 = AXIS2_PLACEMENT_3D ( 'NONE', #1328, #11, #879 ) ;
#963 = FACE_OUTER_BOUND ( 'NONE', #713, .T. ) ;
#964 = CARTESIAN_POINT ( 'NONE',  ( 31.81980515339458293, 0.000000000000000000, -31.81980515339469306 ) ) ;
#965 = VERTEX_POINT ( 'NONE', #510 ) ;
#966 = CARTESIAN_POINT ( 'NONE',  ( 45.00000000000000000, 7.000000000000000000, 0.000000000000000000 ) ) ;
#967 = CARTESIAN_POINT ( 'NONE',  ( -31.81980515339480320, 7.000000000000000000, -34.31980515339446924 ) ) ;
#968 = DIRECTION ( 'NONE',  ( 0.000000000000000000, 1.000000000000000000, 0.000000000000000000 ) ) ;
#969 = EDGE_CURVE ( 'NONE', #894, #1116, #285, .T. ) ;
#970 = DIRECTION ( 'NONE',  ( 0.000000000000000000, 1.000000000000000000, 0.000000000000000000 ) ) ;
#971 = CARTESIAN_POINT ( 'NONE',  ( 4.408728476930470856E-15, 12.00000000000000000, 36.00000000000000000 ) ) ;
#972 = VERTEX_POINT ( 'NONE', #738 ) ;
#973 = CARTESIAN_POINT ( 'NONE',  ( -31.81980515339435911, 7.000000000000000000, 31.81980515339491333 ) ) ;
#974 = EDGE_CURVE ( 'NONE', #227, #818, #1091, .T. ) ;
#975 = LINE ( 'NONE', #431, #1294 ) ;
#976 = FACE_OUTER_BOUND ( 'NONE', #250, .T. ) ;
#977 = VERTEX_POINT ( 'NONE', #1172 ) ;
#978 = AXIS2_PLACEMENT_3D ( 'NONE', #1033, #35, #1130 ) ;
#979 = CARTESIAN_POINT ( 'NONE',  ( -1.569084702920859310E-13, 0.000000000000000000, -46.69999999999999574 ) ) ;
#980 = VECTOR ( 'NONE', #695, 1000.000000000000000 ) ;
#981 = ORIENTED_EDGE ( 'NONE', *, *, #545, .T. ) ;
#982 = CLOSED_SHELL ( 'NONE', ( #66, #701, #834, #783, #1170, #1391, #1176, #175, #580, #828, #473, #1336, #1274, #561, #524, #622, #1401, #1409, #666, #1429, #1257, #1366, #1186, #853, #1236, #752, #311, #951, #1084, #1056, #41, #1250, #36, #605, #1348, #501, #75, #1129, #185, #958, #638, #212, #1137, #587, #810, #125 ) ) ;
#983 = AXIS2_PLACEMENT_3D ( 'NONE', #1018, #1361, #804 ) ;
#984 = DIRECTION ( 'NONE',  ( 0.000000000000000000, 1.000000000000000000, 0.000000000000000000 ) ) ;
#985 = CIRCLE ( 'NONE', #726, 1.700000000000000178 ) ;
#986 = ORIENTED_EDGE ( 'NONE', *, *, #725, .T. ) ;
#987 = FACE_OUTER_BOUND ( 'NONE', #1010, .T. ) ;
#988 = EDGE_CURVE ( 'NONE', #625, #793, #682, .T. ) ;
#989 = EDGE_LOOP ( 'NONE', ( #149, #1267 ) ) ;
#990 = EDGE_LOOP ( 'NONE', ( #406, #181 ) ) ;
#991 = PLANE ( 'NONE',  #592 ) ;
#992 = CARTESIAN_POINT ( 'NONE',  ( -31.81980515339435911, 12.00000000000000000, 31.81980515339491333 ) ) ;
#993 = EDGE_LOOP ( 'NONE', ( #781, #128 ) ) ;
#994 = DIRECTION ( 'NONE',  ( -0.000000000000000000, 1.000000000000000000, -0.000000000000000000 ) ) ;
#995 = EDGE_CURVE ( 'NONE', #645, #944, #845, .T. ) ;
#996 = ORIENTED_EDGE ( 'NONE', *, *, #890, .F. ) ;
#997 = ORIENTED_EDGE ( 'NONE', *, *, #1208, .T. ) ;
#998 = CARTESIAN_POINT ( 'NONE',  ( 4.713499807438230156E-13, 7.000000000000000000, 47.50000000000000000 ) ) ;
#999 = ORIENTED_EDGE ( 'NONE', *, *, #204, .F. ) ;
#1000 = FACE_OUTER_BOUND ( 'NONE', #560, .T. ) ;
#1001 = VERTEX_POINT ( 'NONE', #1072 ) ;
#1002 = ORIENTED_EDGE ( 'NONE', *, *, #709, .F. ) ;
#1003 = DIRECTION ( 'NONE',  ( 0.000000000000000000, 1.000000000000000000, 0.000000000000000000 ) ) ;
#1004 = EDGE_CURVE ( 'NONE', #554, #1254, #865, .T. ) ;
#1005 = CARTESIAN_POINT ( 'NONE',  ( -45.00000000000000000, 7.000000000000000000, 1.699999999999999512 ) ) ;
#1006 = AXIS2_PLACEMENT_3D ( 'NONE', #37, #1355, #360 ) ;
#1007 = ORIENTED_EDGE ( 'NONE', *, *, #770, .F. ) ;
#1008 = CYLINDRICAL_SURFACE ( 'NONE', #871, 1.700000000000000178 ) ;
#1009 = AXIS2_PLACEMENT_3D ( 'NONE', #642, #621, #649 ) ;
#1010 = EDGE_LOOP ( 'NONE', ( #363, #1223, #1066, #1222 ) ) ;
#1011 = ORIENTED_EDGE ( 'NONE', *, *, #269, .F. ) ;
#1012 = DIRECTION ( 'NONE',  ( 0.000000000000000000, 0.000000000000000000, 1.000000000000000000 ) ) ;
#1013 = EDGE_CURVE ( 'NONE', #239, #569, #1340, .T. ) ;
#1014 = CARTESIAN_POINT ( 'NONE',  ( -45.00000000000000000, 0.000000000000000000, 0.000000000000000000 ) ) ;
#1015 = ORIENTED_EDGE ( 'NONE', *, *, #340, .F. ) ;
#1016 = EDGE_LOOP ( 'NONE', ( #548, #785 ) ) ;
#1017 = CYLINDRICAL_SURFACE ( 'NONE', #95, 55.00000000000000000 ) ;
#1018 = CARTESIAN_POINT ( 'NONE',  ( 31.81980515339502702, 0.000000000000000000, 31.81980515339424898 ) ) ;
#1019 = AXIS2_PLACEMENT_3D ( 'NONE', #564, #780, #1213 ) ;
#1020 = DIRECTION ( 'NONE',  ( 0.000000000000000000, 0.000000000000000000, 1.000000000000000000 ) ) ;
#1021 = ORIENTED_EDGE ( 'NONE', *, *, #1242, .T. ) ;
#1022 = ORIENTED_EDGE ( 'NONE', *, *, #514, .F. ) ;
#1023 = CARTESIAN_POINT ( 'NONE',  ( 4.713499807438230156E-13, 7.000000000000000000, 46.69999999999999574 ) ) ;
#1024 = DIRECTION ( 'NONE',  ( 0.000000000000000000, 1.000000000000000000, 0.000000000000000000 ) ) ;
#1025 = DIRECTION ( 'NONE',  ( 0.000000000000000000, 0.000000000000000000, 1.000000000000000000 ) ) ;
#1026 = DIRECTION ( 'NONE',  ( 0.000000000000000000, 1.000000000000000000, 0.000000000000000000 ) ) ;
#1027 = AXIS2_PLACEMENT_3D ( 'NONE', #973, #631, #1078 ) ;
#1028 = ORIENTED_EDGE ( 'NONE', *, *, #197, .F. ) ;
#1029 = AXIS2_PLACEMENT_3D ( 'NONE', #1014, #469, #812 ) ;
#1030 = CIRCLE ( 'NONE', #609, 55.00000000000000000 ) ;
#1031 = VECTOR ( 'NONE', #1306, 1000.000000000000000 ) ;
#1032 = EDGE_CURVE ( 'NONE', #1214, #1122, #356, .T. ) ;
#1033 = CARTESIAN_POINT ( 'NONE',  ( -31.81980515339435911, 7.000000000000000000, 31.81980515339491333 ) ) ;
#1034 = LINE ( 'NONE', #484, #170 ) ;
#1035 = CARTESIAN_POINT ( 'NONE',  ( 4.716561424436098156E-13, 12.00000000000000000, 42.49999999999999289 ) ) ;
#1036 = CARTESIAN_POINT ( 'NONE',  ( -1.568104985481541379E-13, 12.00000000000000000, -47.50000000000000000 ) ) ;
#1037 = ORIENTED_EDGE ( 'NONE', *, *, #687, .F. ) ;
#1038 = EDGE_CURVE ( 'NONE', #104, #685, #50, .T. ) ;
#1039 = DIRECTION ( 'NONE',  ( 0.000000000000000000, 1.000000000000000000, 0.000000000000000000 ) ) ;
#1040 = FACE_OUTER_BOUND ( 'NONE', #294, .T. ) ;
#1041 = VERTEX_POINT ( 'NONE', #199 ) ;
#1042 = VECTOR ( 'NONE', #272, 1000.000000000000000 ) ;
#1043 = ORIENTED_EDGE ( 'NONE', *, *, #1038, .T. ) ;
#1044 = CARTESIAN_POINT ( 'NONE',  ( 4.713499807438230156E-13, 0.000000000000000000, 46.69999999999999574 ) ) ;
#1045 = CARTESIAN_POINT ( 'NONE',  ( -31.81980515339480320, 7.000000000000000000, -31.81980515339446924 ) ) ;
#1046 = CARTESIAN_POINT ( 'NONE',  ( 31.81980515339502702, 12.00000000000000000, 34.31980515339424898 ) ) ;
#1047 = EDGE_CURVE ( 'NONE', #322, #210, #1202, .T. ) ;
#1048 = ORIENTED_EDGE ( 'NONE', *, *, #802, .T. ) ;
#1049 = AXIS2_PLACEMENT_3D ( 'NONE', #367, #1357, #932 ) ;
#1050 = CIRCLE ( 'NONE', #1368, 36.00000000000000000 ) ;
#1051 = CIRCLE ( 'NONE', #1389, 1.699999999999999512 ) ;
#1052 = AXIS2_PLACEMENT_3D ( 'NONE', #1269, #58, #522 ) ;
#1053 = LINE ( 'NONE', #967, #1249 ) ;
#1054 = FACE_BOUND ( 'NONE', #1301, .T. ) ;
#1055 = DIRECTION ( 'NONE',  ( 0.000000000000000000, 1.000000000000000000, -0.000000000000000000 ) ) ;
#1056 = ADVANCED_FACE ( 'NONE', ( #314 ), #1265, .F. ) ;
#1057 = VERTEX_POINT ( 'NONE', #76 ) ;
#1058 = DIRECTION ( 'NONE',  ( -0.7071067811865526798, 0.000000000000000000, -0.7071067811865423547 ) ) ;
#1059 = CARTESIAN_POINT ( 'NONE',  ( 0.000000000000000000, 12.00000000000000000, 0.000000000000000000 ) ) ;
#1060 = PLANE ( 'NONE',  #411 ) ;
#1061 = ORIENTED_EDGE ( 'NONE', *, *, #545, .F. ) ;
#1062 = LINE ( 'NONE', #1067, #521 ) ;
#1063 = LINE ( 'NONE', #408, #1115 ) ;
#1064 = DIRECTION ( 'NONE',  ( -0.000000000000000000, -1.000000000000000000, -0.000000000000000000 ) ) ;
#1065 = DIRECTION ( 'NONE',  ( -0.000000000000000000, 1.000000000000000000, -0.000000000000000000 ) ) ;
#1066 = ORIENTED_EDGE ( 'NONE', *, *, #434, .F. ) ;
#1067 = CARTESIAN_POINT ( 'NONE',  ( -1.568104985481541379E-13, 7.000000000000000000, -47.50000000000000000 ) ) ;
#1068 = AXIS2_PLACEMENT_3D ( 'NONE', #1303, #1212, #899 ) ;
#1069 = EDGE_CURVE ( 'NONE', #520, #875, #144, .T. ) ;
#1070 = AXIS2_PLACEMENT_3D ( 'NONE', #179, #303, #1058 ) ;
#1071 = DIRECTION ( 'NONE',  ( 0.000000000000000000, 0.000000000000000000, -1.000000000000000000 ) ) ;
#1072 = CARTESIAN_POINT ( 'NONE',  ( 31.81980515339502702, 0.000000000000000000, 30.11980515339424969 ) ) ;
#1073 = DIRECTION ( 'NONE',  ( 0.000000000000000000, 0.000000000000000000, 1.000000000000000000 ) ) ;
#1074 = DIRECTION ( 'NONE',  ( 0.000000000000000000, -0.000000000000000000, 1.000000000000000000 ) ) ;
#1075 = CARTESIAN_POINT ( 'NONE',  ( 31.81980515339458293, 12.00000000000000000, -31.81980515339469306 ) ) ;
#1076 = ORIENTED_EDGE ( 'NONE', *, *, #465, .F. ) ;
#1077 = EDGE_CURVE ( 'NONE', #1404, #894, #525, .T. ) ;
#1078 = DIRECTION ( 'NONE',  ( 0.000000000000000000, 0.000000000000000000, 1.000000000000000000 ) ) ;
#1079 = CARTESIAN_POINT ( 'NONE',  ( 31.81980515339502702, 0.000000000000000000, 31.81980515339424898 ) ) ;
#1080 = DIRECTION ( 'NONE',  ( 0.000000000000000000, 1.000000000000000000, 0.000000000000000000 ) ) ;
#1081 = CARTESIAN_POINT ( 'NONE',  ( 4.713499807438230156E-13, 12.00000000000000000, 45.00000000000000000 ) ) ;
#1082 = ORIENTED_EDGE ( 'NONE', *, *, #447, .T. ) ;
#1083 = CARTESIAN_POINT ( 'NONE',  ( -31.81980515339435911, 7.000000000000000000, 31.81980515339491333 ) ) ;
#1084 = ADVANCED_FACE ( 'NONE', ( #963 ), #403, .T. ) ;
#1085 = DIRECTION ( 'NONE',  ( 0.7071067811865484609, 0.000000000000000000, 0.7071067811865464625 ) ) ;
#1086 = DIRECTION ( 'NONE',  ( 0.000000000000000000, 1.000000000000000000, 0.000000000000000000 ) ) ;
#1087 = ORIENTED_EDGE ( 'NONE', *, *, #293, .T. ) ;
#1088 = AXIS2_PLACEMENT_3D ( 'NONE', #102, #343, #1225 ) ;
#1089 = EDGE_LOOP ( 'NONE', ( #1200, #530 ) ) ;
#1090 = CARTESIAN_POINT ( 'NONE',  ( -45.00000000000000000, 7.000000000000000000, 2.500000000000002220 ) ) ;
#1091 = CIRCLE ( 'NONE', #1113, 1.700000000000000178 ) ;
#1092 = CIRCLE ( 'NONE', #312, 2.500000000000000888 ) ;
#1093 = CYLINDRICAL_SURFACE ( 'NONE', #247, 2.500000000000002220 ) ;
#1094 = ORIENTED_EDGE ( 'NONE', *, *, #1047, .F. ) ;
#1095 = DIRECTION ( 'NONE',  ( 0.000000000000000000, 0.000000000000000000, 1.000000000000000000 ) ) ;
#1096 = EDGE_CURVE ( 'NONE', #977, #317, #850, .T. ) ;
#1097 = ORIENTED_EDGE ( 'NONE', *, *, #1300, .T. ) ;
#1098 = ORIENTED_EDGE ( 'NONE', *, *, #961, .T. ) ;
#1099 = FACE_OUTER_BOUND ( 'NONE', #1198, .T. ) ;
#1100 = EDGE_LOOP ( 'NONE', ( #443, #1098 ) ) ;
#1101 = DIRECTION ( 'NONE',  ( 0.000000000000000000, 1.000000000000000000, -0.000000000000000000 ) ) ;
#1102 = ORIENTED_EDGE ( 'NONE', *, *, #106, .T. ) ;
#1103 = EDGE_CURVE ( 'NONE', #1286, #1111, #699, .T. ) ;
#1104 = ORIENTED_EDGE ( 'NONE', *, *, #225, .F. ) ;
#1105 = DIRECTION ( 'NONE',  ( 0.000000000000000000, 1.000000000000000000, 0.000000000000000000 ) ) ;
#1106 = FACE_OUTER_BOUND ( 'NONE', #1244, .T. ) ;
#1107 = ORIENTED_EDGE ( 'NONE', *, *, #340, .T. ) ;
#1108 = DIRECTION ( 'NONE',  ( -0.000000000000000000, 1.000000000000000000, -0.000000000000000000 ) ) ;
#1109 = EDGE_LOOP ( 'NONE', ( #342, #261, #1149, #16 ) ) ;
#1110 = EDGE_CURVE ( 'NONE', #487, #239, #1243, .T. ) ;
#1111 = VERTEX_POINT ( 'NONE', #1326 ) ;
#1112 = DIRECTION ( 'NONE',  ( 0.000000000000000000, 1.000000000000000000, 0.000000000000000000 ) ) ;
#1113 = AXIS2_PLACEMENT_3D ( 'NONE', #504, #409, #395 ) ;
#1114 = CYLINDRICAL_SURFACE ( 'NONE', #397, 2.500000000000002220 ) ;
#1115 = VECTOR ( 'NONE', #1171, 1000.000000000000000 ) ;
#1116 = VERTEX_POINT ( 'NONE', #1005 ) ;
#1117 = CIRCLE ( 'NONE', #425, 2.500000000000003553 ) ;
#1118 = VERTEX_POINT ( 'NONE', #1036 ) ;
#1119 = PLANE ( 'NONE',  #101 ) ;
#1120 = EDGE_CURVE ( 'NONE', #784, #518, #96, .T. ) ;
#1121 = CYLINDRICAL_SURFACE ( 'NONE', #495, 2.500000000000002220 ) ;
#1122 = VERTEX_POINT ( 'NONE', #922 ) ;
#1123 = ORIENTED_EDGE ( 'NONE', *, *, #465, .T. ) ;
#1124 = DIRECTION ( 'NONE',  ( 0.7071067811865487940, 0.000000000000000000, 0.7071067811865463515 ) ) ;
#1125 = FACE_BOUND ( 'NONE', #133, .T. ) ;
#1126 = DIRECTION ( 'NONE',  ( -0.000000000000000000, 1.000000000000000000, -0.000000000000000000 ) ) ;
#1127 = DIRECTION ( 'NONE',  ( 0.000000000000000000, 1.000000000000000000, -0.000000000000000000 ) ) ;
#1128 = ORIENTED_EDGE ( 'NONE', *, *, #106, .F. ) ;
#1129 = ADVANCED_FACE ( 'NONE', ( #795 ), #1121, .F. ) ;
#1130 = DIRECTION ( 'NONE',  ( 0.000000000000000000, 0.000000000000000000, 1.000000000000000000 ) ) ;
#1131 = CARTESIAN_POINT ( 'NONE',  ( 31.81980515339458293, 7.000000000000000000, -30.11980515339469378 ) ) ;
#1132 = CARTESIAN_POINT ( 'NONE',  ( 4.713499807438230156E-13, 7.000000000000000000, 45.00000000000000000 ) ) ;
#1133 = DIRECTION ( 'NONE',  ( 0.000000000000000000, 0.000000000000000000, 1.000000000000000000 ) ) ;
#1134 = CIRCLE ( 'NONE', #891, 1.700000000000000178 ) ;
#1135 = ORIENTED_EDGE ( 'NONE', *, *, #819, .T. ) ;
#1136 = CIRCLE ( 'NONE', #867, 1.699999999999997513 ) ;
#1137 = ADVANCED_FACE ( 'NONE', ( #238, #463 ), #132, .T. ) ;
#1138 = AXIS2_PLACEMENT_3D ( 'NONE', #1150, #1240, #143 ) ;
#1139 = FACE_BOUND ( 'NONE', #472, .T. ) ;
#1140 = DIRECTION ( 'NONE',  ( 0.000000000000000000, 1.000000000000000000, 0.000000000000000000 ) ) ;
#1141 = CARTESIAN_POINT ( 'NONE',  ( -31.81980515339480320, 0.000000000000000000, -31.81980515339446924 ) ) ;
#1142 = EDGE_LOOP ( 'NONE', ( #1002, #1097, #1233, #673 ) ) ;
#1143 = EDGE_LOOP ( 'NONE', ( #10, #1219, #1154, #154 ) ) ;
#1144 = EDGE_CURVE ( 'NONE', #251, #198, #916, .T. ) ;
#1145 = CARTESIAN_POINT ( 'NONE',  ( -31.81980515339480320, 12.00000000000000000, -34.31980515339446924 ) ) ;
#1146 = CARTESIAN_POINT ( 'NONE',  ( -1.571166602479409884E-13, 7.000000000000000000, -42.49999999999999289 ) ) ;
#1147 = LINE ( 'NONE', #56, #1042 ) ;
#1148 = VECTOR ( 'NONE', #490, 1000.000000000000000 ) ;
#1149 = ORIENTED_EDGE ( 'NONE', *, *, #926, .F. ) ;
#1150 = CARTESIAN_POINT ( 'NONE',  ( 4.713499807438230156E-13, 7.000000000000000000, 45.00000000000000000 ) ) ;
#1151 = EDGE_CURVE ( 'NONE', #1261, #818, #1237, .T. ) ;
#1152 = FACE_BOUND ( 'NONE', #908, .T. ) ;
#1153 = CARTESIAN_POINT ( 'NONE',  ( 45.00000000000000000, 12.00000000000000000, 2.500000000000002220 ) ) ;
#1154 = ORIENTED_EDGE ( 'NONE', *, *, #974, .F. ) ;
#1155 = CIRCLE ( 'NONE', #1068, 55.00000000000000000 ) ;
#1156 = AXIS2_PLACEMENT_3D ( 'NONE', #578, #806, #585 ) ;
#1157 = CIRCLE ( 'NONE', #657, 2.500000000000003553 ) ;
#1158 = CIRCLE ( 'NONE', #722, 1.699999999999999512 ) ;
#1159 = DIRECTION ( 'NONE',  ( -0.000000000000000000, 1.000000000000000000, -0.000000000000000000 ) ) ;
#1160 = CYLINDRICAL_SURFACE ( 'NONE', #1027, 2.500000000000002220 ) ;
#1161 = EDGE_CURVE ( 'NONE', #369, #44, #217, .T. ) ;
#1162 = CARTESIAN_POINT ( 'NONE',  ( -1.571166602479409884E-13, 0.000000000000000000, -45.00000000000000000 ) ) ;
#1163 = EDGE_LOOP ( 'NONE', ( #1048, #470 ) ) ;
#1164 = DIRECTION ( 'NONE',  ( -0.000000000000000000, -1.000000000000000000, -0.000000000000000000 ) ) ;
#1165 = DIRECTION ( 'NONE',  ( -0.7071067811865536790, 0.000000000000000000, -0.7071067811865414665 ) ) ;
#1166 = DIRECTION ( 'NONE',  ( 0.000000000000000000, 0.000000000000000000, -1.000000000000000000 ) ) ;
#1167 = FACE_OUTER_BOUND ( 'NONE', #1143, .T. ) ;
#1168 = VERTEX_POINT ( 'NONE', #344 ) ;
#1169 = FACE_OUTER_BOUND ( 'NONE', #1309, .T. ) ;
#1170 = ADVANCED_FACE ( 'NONE', ( #480 ), #1114, .F. ) ;
#1171 = DIRECTION ( 'NONE',  ( -0.000000000000000000, 1.000000000000000000, 0.000000000000000000 ) ) ;
#1172 = CARTESIAN_POINT ( 'NONE',  ( 45.00000000000000000, 0.000000000000000000, 1.699999999999999512 ) ) ;
#1173 = CYLINDRICAL_SURFACE ( 'NONE', #135, 1.700000000000000178 ) ;
#1174 = FACE_OUTER_BOUND ( 'NONE', #905, .T. ) ;
#1175 = DIRECTION ( 'NONE',  ( -1.000000000000000000, 0.000000000000000000, 1.110223024625155594E-14 ) ) ;
#1176 = ADVANCED_FACE ( 'NONE', ( #1333 ), #907, .F. ) ;
#1177 = ORIENTED_EDGE ( 'NONE', *, *, #150, .F. ) ;
#1178 = CIRCLE ( 'NONE', #1006, 2.500000000000002220 ) ;
#1179 = CIRCLE ( 'NONE', #983, 1.699999999999999956 ) ;
#1180 = DIRECTION ( 'NONE',  ( -0.000000000000000000, 1.000000000000000000, -0.000000000000000000 ) ) ;
#1181 = ORIENTED_EDGE ( 'NONE', *, *, #1151, .F. ) ;
#1182 = CARTESIAN_POINT ( 'NONE',  ( -31.81980515339435911, 0.000000000000000000, 31.81980515339491333 ) ) ;
#1183 = FACE_BOUND ( 'NONE', #558, .T. ) ;
#1184 = DIRECTION ( 'NONE',  ( 0.7071067811865495711, 0.000000000000000000, 0.7071067811865453523 ) ) ;
#1185 = EDGE_LOOP ( 'NONE', ( #791, #1087 ) ) ;
#1186 = ADVANCED_FACE ( 'NONE', ( #1106 ), #351, .F. ) ;
#1187 = CARTESIAN_POINT ( 'NONE',  ( 31.81980515339458293, 12.00000000000000000, -31.81980515339469306 ) ) ;
#1188 = DIRECTION ( 'NONE',  ( 0.000000000000000000, 1.000000000000000000, -0.000000000000000000 ) ) ;
#1189 = DIRECTION ( 'NONE',  ( 0.000000000000000000, 1.000000000000000000, -0.000000000000000000 ) ) ;
#1190 = ORIENTED_EDGE ( 'NONE', *, *, #792, .F. ) ;
#1191 = ORIENTED_EDGE ( 'NONE', *, *, #413, .F. ) ;
#1192 = CARTESIAN_POINT ( 'NONE',  ( -45.00000000000000000, 7.000000000000000000, -2.500000000000002220 ) ) ;
#1193 = ORIENTED_EDGE ( 'NONE', *, *, #373, .F. ) ;
#1194 = EDGE_CURVE ( 'NONE', #1057, #317, #567, .T. ) ;
#1195 = LINE ( 'NONE', #315, #264 ) ;
#1196 = ORIENTED_EDGE ( 'NONE', *, *, #995, .T. ) ;
#1197 = LINE ( 'NONE', #215, #288 ) ;
#1198 = EDGE_LOOP ( 'NONE', ( #325, #1128, #1275, #571 ) ) ;
#1199 = CIRCLE ( 'NONE', #283, 36.00000000000000000 ) ;
#1200 = ORIENTED_EDGE ( 'NONE', *, *, #347, .T. ) ;
#1201 = LINE ( 'NONE', #222, #1226 ) ;
#1202 = CIRCLE ( 'NONE', #656, 2.500000000000000888 ) ;
#1203 = CIRCLE ( 'NONE', #195, 1.700000000000000178 ) ;
#1204 = VECTOR ( 'NONE', #1108, 1000.000000000000000 ) ;
#1205 = EDGE_CURVE ( 'NONE', #1365, #727, #1292, .T. ) ;
#1206 = ORIENTED_EDGE ( 'NONE', *, *, #482, .T. ) ;
#1207 = DIRECTION ( 'NONE',  ( -0.000000000000000000, 1.000000000000000000, -0.000000000000000000 ) ) ;
#1208 = EDGE_CURVE ( 'NONE', #1286, #1420, #242, .T. ) ;
#1209 = ORIENTED_EDGE ( 'NONE', *, *, #281, .T. ) ;
#1210 = ORIENTED_EDGE ( 'NONE', *, *, #743, .T. ) ;
#1211 = ORIENTED_EDGE ( 'NONE', *, *, #318, .F. ) ;
#1212 = DIRECTION ( 'NONE',  ( 0.000000000000000000, 1.000000000000000000, 0.000000000000000000 ) ) ;
#1213 = DIRECTION ( 'NONE',  ( 0.000000000000000000, 0.000000000000000000, 1.000000000000000000 ) ) ;
#1214 = VERTEX_POINT ( 'NONE', #337 ) ;
#1215 = FACE_OUTER_BOUND ( 'NONE', #880, .T. ) ;
#1216 = EDGE_CURVE ( 'NONE', #324, #487, #1227, .T. ) ;
#1217 = ORIENTED_EDGE ( 'NONE', *, *, #1069, .F. ) ;
#1218 = CIRCLE ( 'NONE', #930, 2.500000000000002220 ) ;
#1219 = ORIENTED_EDGE ( 'NONE', *, *, #1151, .T. ) ;
#1220 = LINE ( 'NONE', #1192, #517 ) ;
#1221 = DIRECTION ( 'NONE',  ( 1.000000000000000000, 0.000000000000000000, -2.775557561562888984E-15 ) ) ;
#1222 = ORIENTED_EDGE ( 'NONE', *, *, #725, .F. ) ;
#1223 = ORIENTED_EDGE ( 'NONE', *, *, #1077, .T. ) ;
#1224 = ORIENTED_EDGE ( 'NONE', *, *, #456, .F. ) ;
#1225 = DIRECTION ( 'NONE',  ( 0.000000000000000000, 0.000000000000000000, 1.000000000000000000 ) ) ;
#1226 = VECTOR ( 'NONE', #563, 1000.000000000000000 ) ;
#1227 = CIRCLE ( 'NONE', #1019, 36.00000000000000000 ) ;
#1228 = VECTOR ( 'NONE', #832, 1000.000000000000000 ) ;
#1229 = CARTESIAN_POINT ( 'NONE',  ( 0.000000000000000000, 12.00000000000000000, 0.000000000000000000 ) ) ;
#1230 = CIRCLE ( 'NONE', #8, 1.699999999999999956 ) ;
#1231 = ORIENTED_EDGE ( 'NONE', *, *, #844, .T. ) ;
#1232 = CIRCLE ( 'NONE', #1414, 1.699999999999999512 ) ;
#1233 = ORIENTED_EDGE ( 'NONE', *, *, #387, .F. ) ;
#1234 = CARTESIAN_POINT ( 'NONE',  ( 0.000000000000000000, 12.00000000000000000, 0.000000000000000000 ) ) ;
#1235 = CARTESIAN_POINT ( 'NONE',  ( -1.571166602479409884E-13, 7.000000000000000000, -45.00000000000000000 ) ) ;
#1236 = ADVANCED_FACE ( 'NONE', ( #230 ), #1253, .F. ) ;
#1237 = LINE ( 'NONE', #9, #1270 ) ;
#1238 = ORIENTED_EDGE ( 'NONE', *, *, #187, .T. ) ;
#1239 = FILL_AREA_STYLE_COLOUR ( '', #306 ) ;
#1240 = DIRECTION ( 'NONE',  ( 0.000000000000000000, 1.000000000000000000, 0.000000000000000000 ) ) ;
#1241 = DIRECTION ( 'NONE',  ( 0.000000000000000000, 0.000000000000000000, 1.000000000000000000 ) ) ;
#1242 = EDGE_CURVE ( 'NONE', #1420, #1286, #257, .T. ) ;
#1243 = LINE ( 'NONE', #249, #980 ) ;
#1244 = EDGE_LOOP ( 'NONE', ( #1417, #1177, #986, #761 ) ) ;
#1245 = CARTESIAN_POINT ( 'NONE',  ( -1.569084702920859310E-13, 7.000000000000000000, -46.69999999999999574 ) ) ;
#1246 = LINE ( 'NONE', #42, #1148 ) ;
#1247 = AXIS2_PLACEMENT_3D ( 'NONE', #26, #476, #911 ) ;
#1248 = ORIENTED_EDGE ( 'NONE', *, *, #1205, .T. ) ;
#1249 = VECTOR ( 'NONE', #1284, 1000.000000000000000 ) ;
#1250 = ADVANCED_FACE ( 'NONE', ( #712 ), #707, .F. ) ;
#1251 = DIRECTION ( 'NONE',  ( 0.000000000000000000, 1.000000000000000000, 0.000000000000000000 ) ) ;
#1252 = DIRECTION ( 'NONE',  ( -0.7071067811865526798, 0.000000000000000000, -0.7071067811865423547 ) ) ;
#1253 = CYLINDRICAL_SURFACE ( 'NONE', #63, 1.700000000000000178 ) ;
#1254 = VERTEX_POINT ( 'NONE', #1046 ) ;
#1255 = ORIENTED_EDGE ( 'NONE', *, *, #988, .T. ) ;
#1256 = PRODUCT ( 'ButtomLid', 'ButtomLid', '', ( #1 ) ) ;
#1257 = ADVANCED_FACE ( 'NONE', ( #1040 ), #1273, .F. ) ;
#1258 = FACE_OUTER_BOUND ( 'NONE', #345, .T. ) ;
#1259 = DIRECTION ( 'NONE',  ( 0.000000000000000000, 0.000000000000000000, 1.000000000000000000 ) ) ;
#1260 = AXIS2_PLACEMENT_3D ( 'NONE', #160, #607, #724 ) ;
#1261 = VERTEX_POINT ( 'NONE', #174 ) ;
#1262 = DIRECTION ( 'NONE',  ( 1.000000000000000000, 0.000000000000000000, 0.000000000000000000 ) ) ;
#1263 = EDGE_CURVE ( 'NONE', #1324, #1118, #207, .T. ) ;
#1264 = CARTESIAN_POINT ( 'NONE',  ( 31.81980515339458293, 7.000000000000000000, -31.81980515339469306 ) ) ;
#1265 = CYLINDRICAL_SURFACE ( 'NONE', #29, 36.00000000000000000 ) ;
#1266 = FACE_BOUND ( 'NONE', #34, .T. ) ;
#1267 = ORIENTED_EDGE ( 'NONE', *, *, #933, .T. ) ;
#1268 = VECTOR ( 'NONE', #711, 1000.000000000000000 ) ;
#1269 = CARTESIAN_POINT ( 'NONE',  ( 4.713499807438230156E-13, 7.000000000000000000, 45.00000000000000000 ) ) ;
#1270 = VECTOR ( 'NONE', #1127, 1000.000000000000000 ) ;
#1271 = DIRECTION ( 'NONE',  ( 0.000000000000000000, 1.000000000000000000, 0.000000000000000000 ) ) ;
#1272 = CARTESIAN_POINT ( 'NONE',  ( 4.713499807438230156E-13, 7.000000000000000000, 47.50000000000000000 ) ) ;
#1273 = CYLINDRICAL_SURFACE ( 'NONE', #814, 1.700000000000000178 ) ;
#1274 = ADVANCED_FACE ( 'NONE', ( #1167 ), #277, .F. ) ;
#1275 = ORIENTED_EDGE ( 'NONE', *, *, #156, .T. ) ;
#1276 = DIRECTION ( 'NONE',  ( 0.000000000000000000, 0.000000000000000000, 1.000000000000000000 ) ) ;
#1277 = CARTESIAN_POINT ( 'NONE',  ( -45.00000000000000000, 0.000000000000000000, 0.000000000000000000 ) ) ;
#1278 = FACE_BOUND ( 'NONE', #1016, .T. ) ;
#1279 = EDGE_LOOP ( 'NONE', ( #1323, #1206 ) ) ;
#1280 = CARTESIAN_POINT ( 'NONE',  ( 31.81980515339502702, 0.000000000000000000, 31.81980515339424898 ) ) ;
#1281 = EDGE_CURVE ( 'NONE', #773, #25, #509, .T. ) ;
#1282 = ORIENTED_EDGE ( 'NONE', *, *, #733, .T. ) ;
#1283 = CYLINDRICAL_SURFACE ( 'NONE', #1009, 1.699999999999999512 ) ;
#1284 = DIRECTION ( 'NONE',  ( 0.000000000000000000, 1.000000000000000000, -0.000000000000000000 ) ) ;
#1285 = CARTESIAN_POINT ( 'NONE',  ( 4.713499807438230156E-13, 0.000000000000000000, 45.00000000000000000 ) ) ;
#1286 = VERTEX_POINT ( 'NONE', #846 ) ;
#1287 = DIRECTION ( 'NONE',  ( -0.000000000000000000, 1.000000000000000000, 0.000000000000000000 ) ) ;
#1288 = FACE_OUTER_BOUND ( 'NONE', #380, .T. ) ;
#1289 = DIRECTION ( 'NONE',  ( 0.000000000000000000, 0.000000000000000000, 1.000000000000000000 ) ) ;
#1290 = STYLED_ITEM ( 'NONE', ( #146 ), #833 ) ;
#1291 = EDGE_CURVE ( 'NONE', #1365, #1385, #1147, .T. ) ;
#1292 = CIRCLE ( 'NONE', #866, 55.00000000000000000 ) ;
#1293 = VERTEX_POINT ( 'NONE', #153 ) ;
#1294 = VECTOR ( 'NONE', #1402, 1000.000000000000000 ) ;
#1295 = CIRCLE ( 'NONE', #1138, 2.500000000000002220 ) ;
#1296 = DIRECTION ( 'NONE',  ( 0.000000000000000000, 1.000000000000000000, 0.000000000000000000 ) ) ;
#1297 = DIRECTION ( 'NONE',  ( 0.000000000000000000, 0.000000000000000000, 1.000000000000000000 ) ) ;
#1298 = DIRECTION ( 'NONE',  ( 0.000000000000000000, 1.000000000000000000, 0.000000000000000000 ) ) ;
#1299 = CARTESIAN_POINT ( 'NONE',  ( -1.571166602479409884E-13, 0.000000000000000000, -43.29999999999999716 ) ) ;
#1300 = EDGE_CURVE ( 'NONE', #214, #700, #266, .T. ) ;
#1301 = EDGE_LOOP ( 'NONE', ( #1282, #581 ) ) ;
#1302 = APPLICATION_CONTEXT ( 'automotive_design' ) ;
#1303 = CARTESIAN_POINT ( 'NONE',  ( 0.000000000000000000, 12.00000000000000000, 0.000000000000000000 ) ) ;
#1304 = CARTESIAN_POINT ( 'NONE',  ( 45.00000000000000000, 12.00000000000000000, 0.000000000000000000 ) ) ;
#1305 = EDGE_LOOP ( 'NONE', ( #129, #1347, #873, #935 ) ) ;
#1306 = DIRECTION ( 'NONE',  ( -0.000000000000000000, 1.000000000000000000, -0.000000000000000000 ) ) ;
#1307 = AXIS2_PLACEMENT_3D ( 'NONE', #486, #1384, #511 ) ;
#1308 = ORIENTED_EDGE ( 'NONE', *, *, #1103, .F. ) ;
#1309 = EDGE_LOOP ( 'NONE', ( #1224, #543, #1061, #169 ) ) ;
#1310 = CYLINDRICAL_SURFACE ( 'NONE', #840, 1.700000000000000178 ) ;
#1311 = ORIENTED_EDGE ( 'NONE', *, *, #770, .T. ) ;
#1312 = LINE ( 'NONE', #224, #704 ) ;
#1313 = VERTEX_POINT ( 'NONE', #1153 ) ;
#1314 = VERTEX_POINT ( 'NONE', #943 ) ;
#1315 = CIRCLE ( 'NONE', #142, 1.699999999999999512 ) ;
#1316 = EDGE_LOOP ( 'NONE', ( #1007, #643, #1123, #731 ) ) ;
#1317 = CARTESIAN_POINT ( 'NONE',  ( 31.81980515339502702, 7.000000000000000000, 29.31980515339424542 ) ) ;
#1318 = CIRCLE ( 'NONE', #497, 1.699999999999999956 ) ;
#1319 = EDGE_CURVE ( 'NONE', #676, #627, #182, .T. ) ;
#1320 = DIRECTION ( 'NONE',  ( 0.000000000000000000, 0.000000000000000000, 1.000000000000000000 ) ) ;
#1321 = EDGE_LOOP ( 'NONE', ( #332, #1191 ) ) ;
#1322 = CARTESIAN_POINT ( 'NONE',  ( 0.000000000000000000, 0.000000000000000000, 0.000000000000000000 ) ) ;
#1323 = ORIENTED_EDGE ( 'NONE', *, *, #150, .T. ) ;
#1324 = VERTEX_POINT ( 'NONE', #1373 ) ;
#1325 = CYLINDRICAL_SURFACE ( 'NONE', #1088, 1.699999999999999512 ) ;
#1326 = CARTESIAN_POINT ( 'NONE',  ( 45.00000000000000000, 12.00000000000000000, -2.500000000000002220 ) ) ;
#1327 = ORIENTED_EDGE ( 'NONE', *, *, #613, .F. ) ;
#1328 = CARTESIAN_POINT ( 'NONE',  ( -45.00000000000000000, 0.000000000000000000, 0.000000000000000000 ) ) ;
#1329 = EDGE_CURVE ( 'NONE', #1122, #1214, #1218, .T. ) ;
#1330 = ORIENTED_EDGE ( 'NONE', *, *, #1291, .T. ) ;
#1331 = ORIENTED_EDGE ( 'NONE', *, *, #1263, .F. ) ;
#1332 = DIRECTION ( 'NONE',  ( -0.000000000000000000, -1.000000000000000000, -0.000000000000000000 ) ) ;
#1333 = FACE_OUTER_BOUND ( 'NONE', #1305, .T. ) ;
#1334 = ORIENTED_EDGE ( 'NONE', *, *, #235, .T. ) ;
#1335 = VERTEX_POINT ( 'NONE', #385 ) ;
#1336 = ADVANCED_FACE ( 'NONE', ( #165 ), #614, .F. ) ;
#1337 = CARTESIAN_POINT ( 'NONE',  ( -31.81980515339480320, 7.000000000000000000, -31.81980515339446924 ) ) ;
#1338 = AXIS2_PLACEMENT_3D ( 'NONE', #1383, #1398, #282 ) ;
#1339 = FACE_BOUND ( 'NONE', #140, .T. ) ;
#1340 = CIRCLE ( 'NONE', #589, 36.00000000000000000 ) ;
#1341 = VECTOR ( 'NONE', #849, 1000.000000000000000 ) ;
#1342 =( NAMED_UNIT ( * ) PLANE_ANGLE_UNIT ( ) SI_UNIT ( $, .RADIAN. ) );
#1343 = CARTESIAN_POINT ( 'NONE',  ( -1.571166602479409884E-13, 7.000000000000000000, -45.00000000000000000 ) ) ;
#1344 = VECTOR ( 'NONE', #415, 1000.000000000000000 ) ;
#1345 = ORIENTED_EDGE ( 'NONE', *, *, #91, .F. ) ;
#1346 = AXIS2_PLACEMENT_3D ( 'NONE', #1132, #1126, #485 ) ;
#1347 = ORIENTED_EDGE ( 'NONE', *, *, #405, .T. ) ;
#1348 = ADVANCED_FACE ( 'NONE', ( #825, #1266 ), #1060, .T. ) ;
#1349 = DIRECTION ( 'NONE',  ( -0.000000000000000000, -1.000000000000000000, -0.000000000000000000 ) ) ;
#1350 = PLANE ( 'NONE',  #748 ) ;
#1351 = CARTESIAN_POINT ( 'NONE',  ( -31.81980515339480320, 7.000000000000000000, -29.31980515339446924 ) ) ;
#1352 = DIRECTION ( 'NONE',  ( 0.000000000000000000, 0.000000000000000000, 1.000000000000000000 ) ) ;
#1353 = ORIENTED_EDGE ( 'NONE', *, *, #444, .T. ) ;
#1354 = CYLINDRICAL_SURFACE ( 'NONE', #978, 2.500000000000002220 ) ;
#1355 = DIRECTION ( 'NONE',  ( 0.000000000000000000, 1.000000000000000000, 0.000000000000000000 ) ) ;
#1356 = PRODUCT_DEFINITION ( 'UNKNOWN', '', #603, #110 ) ;
#1357 = DIRECTION ( 'NONE',  ( 0.000000000000000000, 1.000000000000000000, 0.000000000000000000 ) ) ;
#1358 = DIRECTION ( 'NONE',  ( 0.000000000000000000, 1.000000000000000000, 0.000000000000000000 ) ) ;
#1359 = EDGE_CURVE ( 'NONE', #324, #569, #1246, .T. ) ;
#1360 = ORIENTED_EDGE ( 'NONE', *, *, #687, .T. ) ;
#1361 = DIRECTION ( 'NONE',  ( 0.000000000000000000, 1.000000000000000000, 0.000000000000000000 ) ) ;
#1362 =( LENGTH_UNIT ( ) NAMED_UNIT ( * ) SI_UNIT ( .MILLI., .METRE. ) );
#1363 = DIRECTION ( 'NONE',  ( 0.000000000000000000, 1.000000000000000000, 0.000000000000000000 ) ) ;
#1364 = AXIS2_PLACEMENT_3D ( 'NONE', #22, #574, #368 ) ;
#1365 = VERTEX_POINT ( 'NONE', #934 ) ;
#1366 = ADVANCED_FACE ( 'NONE', ( #378 ), #868, .F. ) ;
#1367 = CARTESIAN_POINT ( 'NONE',  ( -1.571166602479409884E-13, 7.000000000000000000, -45.00000000000000000 ) ) ;
#1368 = AXIS2_PLACEMENT_3D ( 'NONE', #478, #383, #263 ) ;
#1369 = AXIS2_PLACEMENT_3D ( 'NONE', #177, #208, #735 ) ;
#1370 = APPLICATION_CONTEXT ( 'automotive_design' ) ;
#1371 = DIRECTION ( 'NONE',  ( -0.7071067811865392461, 0.000000000000000000, 0.7071067811865557884 ) ) ;
#1372 = FACE_BOUND ( 'NONE', #98, .T. ) ;
#1373 = CARTESIAN_POINT ( 'NONE',  ( -1.571166602479409884E-13, 12.00000000000000000, -42.49999999999999289 ) ) ;
#1374 = EDGE_LOOP ( 'NONE', ( #1395, #1231, #333, #586 ) ) ;
#1375 = CARTESIAN_POINT ( 'NONE',  ( 31.81980515339458293, 0.000000000000000000, -33.51980515339469235 ) ) ;
#1376 = CARTESIAN_POINT ( 'NONE',  ( -45.00000000000000000, 12.00000000000000000, 0.000000000000000000 ) ) ;
#1377 = CARTESIAN_POINT ( 'NONE',  ( 31.81980515339458293, 0.000000000000000000, -33.51980515339469235 ) ) ;
#1378 = AXIS2_PLACEMENT_3D ( 'NONE', #877, #86, #1262 ) ;
#1379 = CARTESIAN_POINT ( 'NONE',  ( -31.81980515339435911, 7.000000000000000000, 34.31980515339491689 ) ) ;
#1380 = DIRECTION ( 'NONE',  ( 0.000000000000000000, 1.000000000000000000, 0.000000000000000000 ) ) ;
#1381 = EDGE_CURVE ( 'NONE', #965, #104, #412, .T. ) ;
#1382 = DIRECTION ( 'NONE',  ( 0.000000000000000000, 0.000000000000000000, 1.000000000000000000 ) ) ;
#1383 = CARTESIAN_POINT ( 'NONE',  ( 0.000000000000000000, 0.000000000000000000, 0.000000000000000000 ) ) ;
#1384 = DIRECTION ( 'NONE',  ( -0.000000000000000000, 1.000000000000000000, -0.000000000000000000 ) ) ;
#1385 = VERTEX_POINT ( 'NONE', #305 ) ;
#1386 = DIRECTION ( 'NONE',  ( 0.000000000000000000, 0.000000000000000000, 1.000000000000000000 ) ) ;
#1387 = AXIS2_PLACEMENT_3D ( 'NONE', #1376, #304, #1166 ) ;
#1388 = AXIS2_PLACEMENT_3D ( 'NONE', #137, #941, #1371 ) ;
#1389 = AXIS2_PLACEMENT_3D ( 'NONE', #855, #186, #628 ) ;
#1390 = FACE_OUTER_BOUND ( 'NONE', #329, .T. ) ;
#1391 = ADVANCED_FACE ( 'NONE', ( #747 ), #859, .F. ) ;
#1392 = PLANE ( 'NONE',  #1338 ) ;
#1393 = ORIENTED_EDGE ( 'NONE', *, *, #166, .T. ) ;
#1394 = CARTESIAN_POINT ( 'NONE',  ( 31.81980515339458293, 7.000000000000000000, -29.31980515339468951 ) ) ;
#1395 = ORIENTED_EDGE ( 'NONE', *, *, #1110, .F. ) ;
#1396 = DIRECTION ( 'NONE',  ( 0.000000000000000000, 0.000000000000000000, 1.000000000000000000 ) ) ;
#1397 = CARTESIAN_POINT ( 'NONE',  ( 31.81980515339502702, 7.000000000000000000, 31.81980515339424898 ) ) ;
#1398 = DIRECTION ( 'NONE',  ( 0.000000000000000000, 1.000000000000000000, 0.000000000000000000 ) ) ;
#1399 = EDGE_LOOP ( 'NONE', ( #669, #341 ) ) ;
#1400 =( LENGTH_UNIT ( ) NAMED_UNIT ( * ) SI_UNIT ( .MILLI., .METRE. ) );
#1401 = ADVANCED_FACE ( 'NONE', ( #299 ), #739, .F. ) ;
#1402 = DIRECTION ( 'NONE',  ( -0.000000000000000000, 1.000000000000000000, -0.000000000000000000 ) ) ;
#1403 = CARTESIAN_POINT ( 'NONE',  ( 31.81980515339502702, 12.00000000000000000, 31.81980515339424898 ) ) ;
#1404 = VERTEX_POINT ( 'NONE', #70 ) ;
#1405 = DIRECTION ( 'NONE',  ( -0.000000000000000000, 1.000000000000000000, -0.000000000000000000 ) ) ;
#1406 = CYLINDRICAL_SURFACE ( 'NONE', #736, 1.700000000000000178 ) ;
#1407 = CARTESIAN_POINT ( 'NONE',  ( 31.81980515339458293, 7.000000000000000000, -31.81980515339469306 ) ) ;
#1408 = DIRECTION ( 'NONE',  ( -0.000000000000000000, 1.000000000000000000, -0.000000000000000000 ) ) ;
#1409 = ADVANCED_FACE ( 'NONE', ( #519 ), #1173, .F. ) ;
#1410 = CIRCLE ( 'NONE', #171, 1.699999999999997513 ) ;
#1411 = AXIS2_PLACEMENT_3D ( 'NONE', #291, #61, #953 ) ;
#1412 = AXIS2_PLACEMENT_3D ( 'NONE', #721, #1159, #1382 ) ;
#1413 = ORIENTED_EDGE ( 'NONE', *, *, #1263, .T. ) ;
#1414 = AXIS2_PLACEMENT_3D ( 'NONE', #824, #479, #706 ) ;
#1415 = CARTESIAN_POINT ( 'NONE',  ( 4.713499807438230156E-13, 7.000000000000000000, 45.00000000000000000 ) ) ;
#1416 = DIRECTION ( 'NONE',  ( 0.000000000000000000, 0.000000000000000000, 1.000000000000000000 ) ) ;
#1417 = ORIENTED_EDGE ( 'NONE', *, *, #1077, .F. ) ;
#1418 = CARTESIAN_POINT ( 'NONE',  ( -1.571166602479409884E-13, 7.000000000000000000, -45.00000000000000000 ) ) ;
#1419 = ORIENTED_EDGE ( 'NONE', *, *, #1281, .F. ) ;
#1420 = VERTEX_POINT ( 'NONE', #191 ) ;
#1421 = CARTESIAN_POINT ( 'NONE',  ( -31.81980515339435911, 7.000000000000000000, 34.31980515339491689 ) ) ;
#1422 = FACE_OUTER_BOUND ( 'NONE', #1185, .T. ) ;
#1423 = ORIENTED_EDGE ( 'NONE', *, *, #24, .F. ) ;
#1424 = LINE ( 'NONE', #330, #1031 ) ;
#1425 = AXIS2_PLACEMENT_3D ( 'NONE', #38, #505, #831 ) ;
#1426 = AXIS2_PLACEMENT_3D ( 'NONE', #1141, #600, #396 ) ;
#1427 = ORIENTED_EDGE ( 'NONE', *, *, #945, .F. ) ;
#1428 = EDGE_LOOP ( 'NONE', ( #929, #221, #915, #1423 ) ) ;
#1429 = ADVANCED_FACE ( 'NONE', ( #852 ), #1406, .F. ) ;
#1430 = EDGE_LOOP ( 'NONE', ( #1360, #552 ) ) ;
#1431 = FACE_OUTER_BOUND ( 'NONE', #1316, .T. ) ;
ENDSEC;
END-ISO-10303-21;
