ISO-10303-21;
HEADER;
FILE_DESCRIPTION (( 'STEP AP214' ),
    '1' );
FILE_NAME ('Gear rack V2.step',
    '2026-08-28T16:09:38',
    ( '' ),
    ( '' ),
    'SwSTEP 2.0',
    'SolidWorks 2024',
    '' );
FILE_SCHEMA (( 'AUTOMOTIVE_DESIGN' ));
ENDSEC;

DATA;
#1 = ADVANCED_FACE ( 'NONE', ( #6539 ), #2606, .T. ) ;
#2 = CARTESIAN_POINT ( 'NONE',  ( -51.65383080586946818, 5.000000000000000000, 25.27079167095700996 ) ) ;
#3 = ORIENTED_EDGE ( 'NONE', *, *, #1532, .T. ) ;
#4 = ORIENTED_EDGE ( 'NONE', *, *, #8333, .T. ) ;
#5 = ADVANCED_FACE ( 'NONE', ( #1067 ), #7146, .T. ) ;
#6 = CYLINDRICAL_SURFACE ( 'NONE', #4037, 8.699999999995648992 ) ;
#7 = CARTESIAN_POINT ( 'NONE',  ( -145.9016104135632474, -5.000000000000000000, 25.27079167095700996 ) ) ;
#8 = DIRECTION ( 'NONE',  ( 0.000000000000000000, 0.000000000000000000, 1.000000000000000000 ) ) ;
#9 = CARTESIAN_POINT ( 'NONE',  ( -117.1128445173131780, -5.000000000000000000, 23.63822177457588225 ) ) ;
#10 = EDGE_CURVE ( 'NONE', #6236, #617, #3202, .T. ) ;
#11 = DIRECTION ( 'NONE',  ( 1.000000000000000000, 0.000000000000000000, -1.272130549049658700E-16 ) ) ;
#12 = ORIENTED_EDGE ( 'NONE', *, *, #5657, .F. ) ;
#13 = CIRCLE ( 'NONE', #967, 19.87399999999006539 ) ;
#14 = DIRECTION ( 'NONE',  ( -0.000000000000000000, -1.000000000000000000, -0.000000000000000000 ) ) ;
#15 = EDGE_LOOP ( 'NONE', ( #6650, #2410, #986, #9201 ) ) ;
#16 = LINE ( 'NONE', #9781, #2282 ) ;
#17 = CYLINDRICAL_SURFACE ( 'NONE', #1190, 1.599999999999990319 ) ;
#18 = DIRECTION ( 'NONE',  ( -0.000000000000000000, 1.000000000000000000, -0.000000000000000000 ) ) ;
#19 = AXIS2_PLACEMENT_3D ( 'NONE', #6688, #9778, #2160 ) ;
#20 = ORIENTED_EDGE ( 'NONE', *, *, #2508, .T. ) ;
#21 = ORIENTED_EDGE ( 'NONE', *, *, #6406, .F. ) ;
#22 = ADVANCED_FACE ( 'NONE', ( #7952 ), #8737, .T. ) ;
#23 = CARTESIAN_POINT ( 'NONE',  ( 5.409268972688766830, -5.000000000000000000, 23.63822177457588225 ) ) ;
#24 = PLANE ( 'NONE',  #1063 ) ;
#25 = AXIS2_PLACEMENT_3D ( 'NONE', #8237, #3594, #4389 ) ;
#26 = CARTESIAN_POINT ( 'NONE',  ( -20.98684185082622733, -5.000000000000000000, 20.24999999999999289 ) ) ;
#27 = CARTESIAN_POINT ( 'NONE',  ( 23.37949692356133014, -5.000000000000000000, 25.27079167095700640 ) ) ;
#28 = ORIENTED_EDGE ( 'NONE', *, *, #5397, .F. ) ;
#29 = DIRECTION ( 'NONE',  ( 0.000000000000000000, 0.000000000000000000, 1.000000000000000000 ) ) ;
#30 = DIRECTION ( 'NONE',  ( -0.000000000000000000, -1.000000000000000000, -0.000000000000000000 ) ) ;
#31 = EDGE_LOOP ( 'NONE', ( #573, #4487, #9476, #9031 ) ) ;
#32 = EDGE_CURVE ( 'NONE', #180, #4476, #4313, .T. ) ;
#33 = DIRECTION ( 'NONE',  ( 0.000000000000000000, 0.000000000000000000, 1.000000000000000000 ) ) ;
#34 = CARTESIAN_POINT ( 'NONE',  ( -73.26093775686756260, 5.000000000000000000, 20.24999999999999289 ) ) ;
#35 = DIRECTION ( 'NONE',  ( 0.000000000000000000, 0.000000000000000000, 1.000000000000000000 ) ) ;
#36 = ORIENTED_EDGE ( 'NONE', *, *, #9474, .T. ) ;
#37 = VERTEX_POINT ( 'NONE', #411 ) ;
#38 = ORIENTED_EDGE ( 'NONE', *, *, #6544, .F. ) ;
#39 = CARTESIAN_POINT ( 'NONE',  ( 32.28984287038874612, -5.000000000000000000, 23.63822177457588225 ) ) ;
#40 = ORIENTED_EDGE ( 'NONE', *, *, #4631, .T. ) ;
#41 = ADVANCED_FACE ( 'NONE', ( #5926 ), #7336, .T. ) ;
#42 = ORIENTED_EDGE ( 'NONE', *, *, #3978, .T. ) ;
#43 = DIRECTION ( 'NONE',  ( -0.000000000000000000, 1.000000000000000000, -0.000000000000000000 ) ) ;
#44 = AXIS2_PLACEMENT_3D ( 'NONE', #5617, #8529, #952 ) ;
#45 = CARTESIAN_POINT ( 'NONE',  ( -113.7942155215366427, -5.000000000000000000, 23.63822177457588225 ) ) ;
#46 = CARTESIAN_POINT ( 'NONE',  ( 86.96028757621188277, -5.000000000000000000, 20.24999999999999289 ) ) ;
#47 = ORIENTED_EDGE ( 'NONE', *, *, #2245, .T. ) ;
#48 = PRODUCT_DEFINITION_SHAPE ( 'NONE', 'NONE',  #6712 ) ;
#49 = EDGE_LOOP ( 'NONE', ( #7376, #8619, #6671, #3046 ) ) ;
#50 = EDGE_CURVE ( 'NONE', #5743, #3545, #653, .T. ) ;
#51 = LINE ( 'NONE', #7736, #5138 ) ;
#52 = DIRECTION ( 'NONE',  ( 0.000000000000000000, 0.000000000000000000, 1.000000000000000000 ) ) ;
#53 = LINE ( 'NONE', #7642, #5811 ) ;
#54 = CARTESIAN_POINT ( 'NONE',  ( 103.8550055468252964, -5.000000000000000000, 25.27079167095700996 ) ) ;
#55 = AXIS2_PLACEMENT_3D ( 'NONE', #3749, #7448, #619 ) ;
#56 = CIRCLE ( 'NONE', #1808, 8.699999999995645439 ) ;
#57 = CARTESIAN_POINT ( 'NONE',  ( 136.8417284095181117, -5.000000000000000000, 25.27079167095700996 ) ) ;
#58 = ADVANCED_FACE ( 'NONE', ( #1352 ), #2099, .T. ) ;
#59 = VERTEX_POINT ( 'NONE', #3642 ) ;
#61 = CARTESIAN_POINT ( 'NONE',  ( 44.98660387455942811, -5.000000000000000000, 20.24999999999999289 ) ) ;
#60 = AXIS2_PLACEMENT_3D ( 'NONE', #3680, #6788, #5878 ) ;
#62 = EDGE_LOOP ( 'NONE', ( #5870, #2757, #841, #4072 ) ) ;
#63 = ADVANCED_FACE ( 'NONE', ( #611 ), #8926, .T. ) ;
#64 = CIRCLE ( 'NONE', #2132, 19.87399999999006539 ) ;
#65 = LINE ( 'NONE', #3949, #694 ) ;
#66 = CYLINDRICAL_SURFACE ( 'NONE', #1355, 8.699999999995645439 ) ;
#67 = CYLINDRICAL_SURFACE ( 'NONE', #8824, 8.699999999995645439 ) ;
#68 = ORIENTED_EDGE ( 'NONE', *, *, #597, .T. ) ;
#69 = VERTEX_POINT ( 'NONE', #2798 ) ;
#70 = CARTESIAN_POINT ( 'NONE',  ( 170.0000000000000000, 5.000000000000000000, 60.00000000000000000 ) ) ;
#71 = CYLINDRICAL_SURFACE ( 'NONE', #2505, 19.87399999999006539 ) ;
#72 = AXIS2_PLACEMENT_3D ( 'NONE', #8314, #5822, #3524 ) ;
#73 = VECTOR ( 'NONE', #2175, 1000.000000000000000 ) ;
#74 = AXIS2_PLACEMENT_3D ( 'NONE', #8925, #1351, #7335 ) ;
#75 = EDGE_CURVE ( 'NONE', #8761, #2600, #6683, .T. ) ;
#76 = LINE ( 'NONE', #8401, #8608 ) ;
#77 = ADVANCED_FACE ( 'NONE', ( #2890 ), #6642, .T. ) ;
#78 = EDGE_CURVE ( 'NONE', #4330, #1087, #9627, .T. ) ;
#79 = DIRECTION ( 'NONE',  ( -0.000000000000000000, 1.000000000000000000, -0.000000000000000000 ) ) ;
#80 = VERTEX_POINT ( 'NONE', #5836 ) ;
#81 = CIRCLE ( 'NONE', #1346, 19.87399999999006539 ) ;
#82 = FACE_BOUND ( 'NONE', #9815, .T. ) ;
#83 = AXIS2_PLACEMENT_3D ( 'NONE', #6076, #5384, #9125 ) ;
#84 = LINE ( 'NONE', #779, #3466 ) ;
#85 = ORIENTED_EDGE ( 'NONE', *, *, #3607, .T. ) ;
#86 = CYLINDRICAL_SURFACE ( 'NONE', #3745, 8.699999999995645439 ) ;
#87 = CARTESIAN_POINT ( 'NONE',  ( -38.39599183538160077, -5.000000000000000000, 23.63822177457588225 ) ) ;
#88 = CARTESIAN_POINT ( 'NONE',  ( -150.0000000000000000, 5.000000000000000000, 20.24999999999999645 ) ) ;
#89 = VERTEX_POINT ( 'NONE', #556 ) ;
#90 = VECTOR ( 'NONE', #5728, 1000.000000000000000 ) ;
#91 = ORIENTED_EDGE ( 'NONE', *, *, #4589, .T. ) ;
#92 = AXIS2_PLACEMENT_3D ( 'NONE', #7000, #965, #3954 ) ;
#93 = EDGE_CURVE ( 'NONE', #4665, #2169, #8882, .T. ) ;
#94 = CARTESIAN_POINT ( 'NONE',  ( -21.42465897263597796, -5.000000000000000000, 20.24999999999999289 ) ) ;
#95 = VERTEX_POINT ( 'NONE', #7383 ) ;
#96 = LINE ( 'NONE', #6919, #5308 ) ;
#97 = VERTEX_POINT ( 'NONE', #9609 ) ;
#98 = ORIENTED_EDGE ( 'NONE', *, *, #5505, .F. ) ;
#99 = VECTOR ( 'NONE', #1107, 1000.000000000000000 ) ;
#100 = CIRCLE ( 'NONE', #4066, 8.699999999995645439 ) ;
#101 = DIRECTION ( 'NONE',  ( -0.000000000000000000, 1.000000000000000000, -0.000000000000000000 ) ) ;
#102 = AXIS2_PLACEMENT_3D ( 'NONE', #528, #5708, #1178 ) ;
#103 = DIRECTION ( 'NONE',  ( 0.000000000000000000, 0.000000000000000000, 1.000000000000000000 ) ) ;
#104 = ORIENTED_EDGE ( 'NONE', *, *, #8393, .F. ) ;
#105 = DIRECTION ( 'NONE',  ( -0.000000000000000000, 1.000000000000000000, -0.000000000000000000 ) ) ;
#106 = ORIENTED_EDGE ( 'NONE', *, *, #75, .F. ) ;
#107 = AXIS2_PLACEMENT_3D ( 'NONE', #4117, #7923, #8109 ) ;
#108 = VECTOR ( 'NONE', #6708, 1000.000000000000000 ) ;
#109 = CIRCLE ( 'NONE', #5482, 19.87399999999006539 ) ;
#110 = ORIENTED_EDGE ( 'NONE', *, *, #8823, .T. ) ;
#111 = CYLINDRICAL_SURFACE ( 'NONE', #7872, 8.699999999995645439 ) ;
#112 = CARTESIAN_POINT ( 'NONE',  ( -75.58067166451715480, -5.000000000000000000, 25.27079167095700640 ) ) ;
#113 = CARTESIAN_POINT ( 'NONE',  ( 96.82288265879101630, -5.000000000000000000, 20.24999999999999289 ) ) ;
#114 = CARTESIAN_POINT ( 'NONE',  ( -57.24554775692035946, -5.000000000000000000, 23.63822177457588225 ) ) ;
#115 = CIRCLE ( 'NONE', #9339, 8.699999999995645439 ) ;
#116 = AXIS2_PLACEMENT_3D ( 'NONE', #4753, #8548, #3056 ) ;
#117 = LINE ( 'NONE', #4537, #7280 ) ;
#118 = VERTEX_POINT ( 'NONE', #1136 ) ;
#119 = EDGE_CURVE ( 'NONE', #9374, #9719, #535, .T. ) ;
#120 = CARTESIAN_POINT ( 'NONE',  ( -32.28984287038875323, -5.000000000000000000, 23.63822177457588225 ) ) ;
#121 = ORIENTED_EDGE ( 'NONE', *, *, #9685, .F. ) ;
#122 = DIRECTION ( 'NONE',  ( 1.000000000000000000, 0.000000000000000000, -1.272130549049658700E-16 ) ) ;
#123 = ADVANCED_FACE ( 'NONE', ( #6375 ), #3477, .T. ) ;
#124 = CARTESIAN_POINT ( 'NONE',  ( 140.6747894192366175, -5.000000000000000000, 23.63822177457588225 ) ) ;
#125 = FACE_OUTER_BOUND ( 'NONE', #1012, .T. ) ;
#126 = ORIENTED_EDGE ( 'NONE', *, *, #5772, .T. ) ;
#127 = ORIENTED_EDGE ( 'NONE', *, *, #7248, .T. ) ;
#128 = CARTESIAN_POINT ( 'NONE',  ( -71.38271469807443736, -5.000000000000000000, 23.63822177457588225 ) ) ;
#129 = CARTESIAN_POINT ( 'NONE',  ( -2.575103051097219709, 5.000000000000000000, 20.24999999999999289 ) ) ;
#130 = CIRCLE ( 'NONE', #9675, 19.87399999999006539 ) ;
#131 = EDGE_CURVE ( 'NONE', #3671, #3229, #1453, .T. ) ;
#132 = DIRECTION ( 'NONE',  ( -0.000000000000000000, -1.000000000000000000, -0.000000000000000000 ) ) ;
#133 = CARTESIAN_POINT ( 'NONE',  ( -169.9999999999999716, 5.000000000000000000, 29.90000000000000213 ) ) ;
#134 = EDGE_LOOP ( 'NONE', ( #9305, #3843, #7879, #9139 ) ) ;
#135 = EDGE_CURVE ( 'NONE', #3972, #2933, #3516, .T. ) ;
#136 = AXIS2_PLACEMENT_3D ( 'NONE', #3251, #6859, #1807 ) ;
#137 = DIRECTION ( 'NONE',  ( -0.000000000000000000, -1.000000000000000000, -0.000000000000000000 ) ) ;
#138 = ORIENTED_EDGE ( 'NONE', *, *, #9038, .F. ) ;
#139 = CARTESIAN_POINT ( 'NONE',  ( 121.8252334976978517, -5.000000000000000000, 23.63822177457588225 ) ) ;
#140 = CARTESIAN_POINT ( 'NONE',  ( 150.0000000000000000, -5.000000000000000000, 20.24999999999995737 ) ) ;
#141 = CARTESIAN_POINT ( 'NONE',  ( 126.5376224780825396, -5.000000000000000000, 23.63822177457588225 ) ) ;
#142 = ADVANCED_FACE ( 'NONE', ( #5613 ), #7273, .F. ) ;
#143 = ADVANCED_FACE ( 'NONE', ( #5759 ), #6566, .F. ) ;
#144 = ORIENTED_EDGE ( 'NONE', *, *, #8552, .T. ) ;
#145 = CIRCLE ( 'NONE', #5692, 8.699999999995645439 ) ;
#146 = VERTEX_POINT ( 'NONE', #9419 ) ;
#147 = CIRCLE ( 'NONE', #9529, 8.699999999995648992 ) ;
#148 = DIRECTION ( 'NONE',  ( 0.000000000000000000, 0.000000000000000000, 1.000000000000000000 ) ) ;
#149 = EDGE_LOOP ( 'NONE', ( #6418, #8605, #8244, #512 ) ) ;
#150 = DIRECTION ( 'NONE',  ( -0.000000000000000000, 1.000000000000000000, -0.000000000000000000 ) ) ;
#151 = VERTEX_POINT ( 'NONE', #2042 ) ;
#152 = ORIENTED_EDGE ( 'NONE', *, *, #8405, .T. ) ;
#153 = CARTESIAN_POINT ( 'NONE',  ( -140.6747894192366175, 5.000000000000000000, 23.63822177457588225 ) ) ;
#154 = LINE ( 'NONE', #991, #4864 ) ;
#155 = EDGE_CURVE ( 'NONE', #883, #244, #8620, .T. ) ;
#156 = ORIENTED_EDGE ( 'NONE', *, *, #3646, .T. ) ;
#157 = CARTESIAN_POINT ( 'NONE',  ( -150.0000000000000000, 5.000000000000000000, 20.24999999999999645 ) ) ;
#158 = ORIENTED_EDGE ( 'NONE', *, *, #171, .F. ) ;
#159 = ORIENTED_EDGE ( 'NONE', *, *, #6225, .T. ) ;
#160 = DIRECTION ( 'NONE',  ( -0.000000000000000000, 1.000000000000000000, -0.000000000000000000 ) ) ;
#161 = EDGE_LOOP ( 'NONE', ( #5916, #6124, #8915, #7187 ) ) ;
#162 = CARTESIAN_POINT ( 'NONE',  ( 65.27656573308158272, 5.000000000000000000, 23.63822177457588225 ) ) ;
#163 = LINE ( 'NONE', #113, #5650 ) ;
#164 = DIRECTION ( 'NONE',  ( -0.000000000000000000, -1.000000000000000000, -0.000000000000000000 ) ) ;
#165 = ADVANCED_FACE ( 'NONE', ( #3521 ), #5668, .T. ) ;
#166 = CARTESIAN_POINT ( 'NONE',  ( -150.0000000000000000, -5.000000000000000000, 20.24999999999999645 ) ) ;
#167 = ORIENTED_EDGE ( 'NONE', *, *, #5765, .F. ) ;
#168 = DIRECTION ( 'NONE',  ( 1.000000000000000000, 0.000000000000000000, -1.272130549049658700E-16 ) ) ;
#169 = ORIENTED_EDGE ( 'NONE', *, *, #5853, .T. ) ;
#170 = DIRECTION ( 'NONE',  ( 0.000000000000000000, 0.000000000000000000, 1.000000000000000000 ) ) ;
#171 = EDGE_CURVE ( 'NONE', #371, #1863, #346, .T. ) ;
#172 = CARTESIAN_POINT ( 'NONE',  ( -42.22905284510009238, -5.000000000000000000, 25.27079167095700996 ) ) ;
#173 = CYLINDRICAL_SURFACE ( 'NONE', #8256, 8.699999999995648992 ) ;
#174 = VERTEX_POINT ( 'NONE', #2641 ) ;
#175 = LINE ( 'NONE', #7805, #4689 ) ;
#176 = DIRECTION ( 'NONE',  ( -0.000000000000000000, -1.000000000000000000, -0.000000000000000000 ) ) ;
#177 = CYLINDRICAL_SURFACE ( 'NONE', #5254, 8.699999999995645439 ) ;
#178 = VECTOR ( 'NONE', #5285, 1000.000000000000000 ) ;
#179 = DIRECTION ( 'NONE',  ( -1.272130549049658700E-16, 0.000000000000000000, -1.000000000000000000 ) ) ;
#180 = VERTEX_POINT ( 'NONE', #8810 ) ;
#181 = EDGE_CURVE ( 'NONE', #6210, #7480, #2779, .T. ) ;
#182 = CARTESIAN_POINT ( 'NONE',  ( -150.0000000000000000, -5.000000000000000000, 20.24999999999999645 ) ) ;
#183 = DIRECTION ( 'NONE',  ( -0.000000000000000000, 1.000000000000000000, -0.000000000000000000 ) ) ;
#184 = VERTEX_POINT ( 'NONE', #1986 ) ;
#185 = DIRECTION ( 'NONE',  ( -0.000000000000000000, 1.000000000000000000, -0.000000000000000000 ) ) ;
#186 = CARTESIAN_POINT ( 'NONE',  ( 170.0000000000000000, 5.000000000000000000, -49.99999999999999289 ) ) ;
#187 = DIRECTION ( 'NONE',  ( 0.000000000000000000, 0.000000000000000000, 1.000000000000000000 ) ) ;
#188 = EDGE_LOOP ( 'NONE', ( #1242, #7179, #9319, #6678 ) ) ;
#189 = VERTEX_POINT ( 'NONE', #4319 ) ;
#190 = EDGE_CURVE ( 'NONE', #7171, #5960, #5021, .T. ) ;
#191 = CARTESIAN_POINT ( 'NONE',  ( 68.11073165467313117, -5.000000000000000000, 20.24999999999999289 ) ) ;
#192 = ORIENTED_EDGE ( 'NONE', *, *, #7462, .T. ) ;
#193 = DIRECTION ( 'NONE',  ( -0.000000000000000000, 1.000000000000000000, -0.000000000000000000 ) ) ;
#194 = ORIENTED_EDGE ( 'NONE', *, *, #8970, .T. ) ;
#195 = EDGE_CURVE ( 'NONE', #9759, #4686, #7504, .T. ) ;
#196 = ORIENTED_EDGE ( 'NONE', *, *, #3530, .F. ) ;
#197 = CYLINDRICAL_SURFACE ( 'NONE', #2599, 19.87399999999006539 ) ;
#198 = CARTESIAN_POINT ( 'NONE',  ( 32.28984287038874612, 5.000000000000000000, 23.63822177457588225 ) ) ;
#199 = ORIENTED_EDGE ( 'NONE', *, *, #7312, .T. ) ;
#200 = VERTEX_POINT ( 'NONE', #345 ) ;
#201 = EDGE_CURVE ( 'NONE', #1879, #8308, #5268, .T. ) ;
#202 = VERTEX_POINT ( 'NONE', #4921 ) ;
#203 = FACE_OUTER_BOUND ( 'NONE', #6157, .T. ) ;
#204 = ORIENTED_EDGE ( 'NONE', *, *, #936, .F. ) ;
#205 = CARTESIAN_POINT ( 'NONE',  ( 68.11073165467313117, 5.000000000000000000, 20.24999999999996803 ) ) ;
#206 = CARTESIAN_POINT ( 'NONE',  ( 8.727897968465299527, -5.000000000000000000, 23.63822177457588225 ) ) ;
#207 = CARTESIAN_POINT ( 'NONE',  ( 141.3716694115406938, -5.000000000000000000, 43.50000000000000000 ) ) ;
#208 = CARTESIAN_POINT ( 'NONE',  ( -75.39822368615503478, -5.000000000000000000, 43.50000000000000000 ) ) ;
#209 = ORIENTED_EDGE ( 'NONE', *, *, #3565, .F. ) ;
#210 = EDGE_CURVE ( 'NONE', #7341, #2253, #145, .T. ) ;
#211 = DIRECTION ( 'NONE',  ( -0.000000000000000000, -1.000000000000000000, -0.000000000000000000 ) ) ;
#212 = ORIENTED_EDGE ( 'NONE', *, *, #8626, .F. ) ;
#213 = DIRECTION ( 'NONE',  ( -0.000000000000000000, -1.000000000000000000, -0.000000000000000000 ) ) ;
#214 = AXIS2_PLACEMENT_3D ( 'NONE', #4344, #3047, #7391 ) ;
#215 = CIRCLE ( 'NONE', #1651, 1.599999999999990319 ) ;
#216 = LINE ( 'NONE', #1658, #7725 ) ;
#217 = CARTESIAN_POINT ( 'NONE',  ( 200.0000000000000000, 5.000000000000000000, -39.89999999999999858 ) ) ;
#218 = ORIENTED_EDGE ( 'NONE', *, *, #5166, .T. ) ;
#219 = CARTESIAN_POINT ( 'NONE',  ( -150.0000000000000000, 5.000000000000000000, 20.24999999999999645 ) ) ;
#220 = DIRECTION ( 'NONE',  ( 0.000000000000000000, 0.000000000000000000, 1.000000000000000000 ) ) ;
#221 = CIRCLE ( 'NONE', #1329, 8.699999999995648992 ) ;
#222 = EDGE_CURVE ( 'NONE', #4698, #9583, #5239, .T. ) ;
#223 = AXIS2_PLACEMENT_3D ( 'NONE', #4263, #2679, #8900 ) ;
#224 = CARTESIAN_POINT ( 'NONE',  ( 108.5673945272099843, -5.000000000000000000, 25.27079167095700996 ) ) ;
#225 = FACE_OUTER_BOUND ( 'NONE', #6430, .T. ) ;
#226 = ORIENTED_EDGE ( 'NONE', *, *, #5883, .F. ) ;
#227 = CYLINDRICAL_SURFACE ( 'NONE', #7396, 1.599999999999962563 ) ;
#228 = DIRECTION ( 'NONE',  ( 0.000000000000000000, 0.000000000000000000, 1.000000000000000000 ) ) ;
#229 = EDGE_LOOP ( 'NONE', ( #6339, #7820, #5321, #5127 ) ) ;
#230 = CIRCLE ( 'NONE', #5785, 1.599999999999990319 ) ;
#231 = PLANE ( 'NONE',  #7406 ) ;
#232 = CYLINDRICAL_SURFACE ( 'NONE', #7103, 19.87399999999006539 ) ;
#233 = AXIS2_PLACEMENT_3D ( 'NONE', #9200, #7703, #8551 ) ;
#234 = FACE_OUTER_BOUND ( 'NONE', #6543, .T. ) ;
#235 = ORIENTED_EDGE ( 'NONE', *, *, #4415, .T. ) ;
#236 = EDGE_LOOP ( 'NONE', ( #5678, #7015, #5407, #3401 ) ) ;
#237 = EDGE_CURVE ( 'NONE', #9003, #3923, #4770, .T. ) ;
#238 = VECTOR ( 'NONE', #7767, 1000.000000000000000 ) ;
#239 = CARTESIAN_POINT ( 'NONE',  ( -46.94144182548478028, 5.000000000000000000, 25.27079167095700996 ) ) ;
#240 = VERTEX_POINT ( 'NONE', #4569 ) ;
#241 = AXIS2_PLACEMENT_3D ( 'NONE', #5585, #9433, #1108 ) ;
#242 = CYLINDRICAL_SURFACE ( 'NONE', #8493, 19.87399999999006539 ) ;
#243 = VERTEX_POINT ( 'NONE', #5265 ) ;
#244 = VERTEX_POINT ( 'NONE', #7572 ) ;
#245 = ADVANCED_FACE ( 'NONE', ( #2233 ), #9859, .T. ) ;
#246 = FACE_OUTER_BOUND ( 'NONE', #1109, .T. ) ;
#247 = DIRECTION ( 'NONE',  ( 0.000000000000000000, 0.000000000000000000, 1.000000000000000000 ) ) ;
#248 = AXIS2_PLACEMENT_3D ( 'NONE', #172, #275, #7802 ) ;
#249 = VERTEX_POINT ( 'NONE', #9810 ) ;
#250 = AXIS2_PLACEMENT_3D ( 'NONE', #9275, #9331, #7208 ) ;
#251 = VERTEX_POINT ( 'NONE', #6621 ) ;
#252 = EDGE_CURVE ( 'NONE', #3482, #2336, #4516, .T. ) ;
#253 = CIRCLE ( 'NONE', #8690, 19.87399999999006539 ) ;
#254 = ORIENTED_EDGE ( 'NONE', *, *, #8650, .F. ) ;
#255 = AXIS2_PLACEMENT_3D ( 'NONE', #3136, #7878, #5568 ) ;
#256 = AXIS2_PLACEMENT_3D ( 'NONE', #3119, #4606, #7709 ) ;
#257 = CARTESIAN_POINT ( 'NONE',  ( -19.54643591384283852, -5.000000000000000000, 23.63822177457588225 ) ) ;
#258 = ORIENTED_EDGE ( 'NONE', *, *, #804, .F. ) ;
#259 = CARTESIAN_POINT ( 'NONE',  ( -68.11073165467313117, -5.000000000000000000, 20.24999999999999289 ) ) ;
#260 = LINE ( 'NONE', #3091, #4863 ) ;
#261 = DIRECTION ( 'NONE',  ( -0.000000000000000000, 1.000000000000000000, -0.000000000000000000 ) ) ;
#262 = ADVANCED_FACE ( 'NONE', ( #3024 ), #4467, .T. ) ;
#263 = CIRCLE ( 'NONE', #1690, 8.699999999995648992 ) ;
#264 = ORIENTED_EDGE ( 'NONE', *, *, #9140, .T. ) ;
#265 = AXIS2_PLACEMENT_3D ( 'NONE', #783, #9156, #6864 ) ;
#266 = EDGE_CURVE ( 'NONE', #2573, #6270, #6377, .T. ) ;
#267 = CIRCLE ( 'NONE', #6627, 8.699999999995645439 ) ;
#268 = PRODUCT_RELATED_PRODUCT_CATEGORY ( 'part', '', ( #9842 ) ) ;
#269 = CARTESIAN_POINT ( 'NONE',  ( 0.000000000000000000, 5.000000000000000000, 43.50000000000000000 ) ) ;
#270 = VERTEX_POINT ( 'NONE', #3777 ) ;
#271 = DIRECTION ( 'NONE',  ( -0.000000000000000000, -1.000000000000000000, -0.000000000000000000 ) ) ;
#272 = AXIS2_PLACEMENT_3D ( 'NONE', #5253, #8202, #4409 ) ;
#273 = AXIS2_PLACEMENT_3D ( 'NONE', #4155, #5003, #6606 ) ;
#274 = DIRECTION ( 'NONE',  ( 0.000000000000000000, 0.000000000000000000, 1.000000000000000000 ) ) ;
#275 = DIRECTION ( 'NONE',  ( -0.000000000000000000, -1.000000000000000000, -0.000000000000000000 ) ) ;
#276 = CARTESIAN_POINT ( 'NONE',  ( -57.24554775692036657, -5.000000000000000000, 23.63822177457588225 ) ) ;
#277 = ORIENTED_EDGE ( 'NONE', *, *, #9257, .T. ) ;
#278 = CARTESIAN_POINT ( 'NONE',  ( 99.65704858038256475, -5.000000000000000000, 23.63822177457588225 ) ) ;
#279 = CARTESIAN_POINT ( 'NONE',  ( -131.7644434724091980, -5.000000000000000000, 25.27079167095700996 ) ) ;
#280 = EDGE_CURVE ( 'NONE', #3991, #7814, #9015, .T. ) ;
#281 = CIRCLE ( 'NONE', #5832, 8.699999999995648992 ) ;
#282 = DIRECTION ( 'NONE',  ( 0.000000000000000000, 0.000000000000000000, 1.000000000000000000 ) ) ;
#283 = CARTESIAN_POINT ( 'NONE',  ( 150.0000000000000000, 5.000000000000000000, -24.00000000000000355 ) ) ;
#284 = VERTEX_POINT ( 'NONE', #8267 ) ;
#285 = CYLINDRICAL_SURFACE ( 'NONE', #5795, 8.699999999995645439 ) ;
#286 = DIRECTION ( 'NONE',  ( -0.000000000000000000, 1.000000000000000000, -0.000000000000000000 ) ) ;
#287 = ORIENTED_EDGE ( 'NONE', *, *, #5957, .F. ) ;
#288 = DIRECTION ( 'NONE',  ( -0.000000000000000000, 1.000000000000000000, -0.000000000000000000 ) ) ;
#289 = CIRCLE ( 'NONE', #5841, 19.87399999999006539 ) ;
#290 = CARTESIAN_POINT ( 'NONE',  ( 65.79099774702353898, 5.000000000000000000, 25.27079167095700640 ) ) ;
#291 = CARTESIAN_POINT ( 'NONE',  ( 115.6724385803297679, -5.000000000000000000, 20.24999999999999289 ) ) ;
#292 = ORIENTED_EDGE ( 'NONE', *, *, #1096, .T. ) ;
#293 = VERTEX_POINT ( 'NONE', #2186 ) ;
#294 = DIRECTION ( 'NONE',  ( 0.000000000000000000, -1.000000000000000000, 0.000000000000000000 ) ) ;
#295 = VECTOR ( 'NONE', #2739, 1000.000000000000000 ) ;
#296 = ORIENTED_EDGE ( 'NONE', *, *, #846, .F. ) ;
#297 = CYLINDRICAL_SURFACE ( 'NONE', #7068, 8.699999999995645439 ) ;
#298 = VERTEX_POINT ( 'NONE', #3718 ) ;
#299 = ORIENTED_EDGE ( 'NONE', *, *, #4784, .F. ) ;
#300 = ADVANCED_FACE ( 'NONE', ( #1331 ), #9664, .T. ) ;
#301 = CARTESIAN_POINT ( 'NONE',  ( 90.23227061961317474, 5.000000000000000000, 23.63822177457588225 ) ) ;
#302 = DIRECTION ( 'NONE',  ( 0.000000000000000000, 0.000000000000000000, 1.000000000000000000 ) ) ;
#303 = CIRCLE ( 'NONE', #605, 19.87399999999006539 ) ;
#304 = EDGE_LOOP ( 'NONE', ( #9468, #6291, #3023, #8575, #7782, #2405, #8578, #4112, #9613, #5714, #7568, #4289, #3140, #4768, #2385, #9536 ) ) ;
#305 = ORIENTED_EDGE ( 'NONE', *, *, #4379, .F. ) ;
#306 = VERTEX_POINT ( 'NONE', #9753 ) ;
#307 = CARTESIAN_POINT ( 'NONE',  ( -140.6747894192366175, -5.000000000000000000, 23.63822177457588225 ) ) ;
#308 = ORIENTED_EDGE ( 'NONE', *, *, #5246, .T. ) ;
#309 = EDGE_CURVE ( 'NONE', #3186, #8460, #8217, .T. ) ;
#310 = DIRECTION ( 'NONE',  ( 0.000000000000000000, 0.000000000000000000, 1.000000000000000000 ) ) ;
#311 = DIRECTION ( 'NONE',  ( 0.000000000000000000, 0.000000000000000000, 1.000000000000000000 ) ) ;
#312 = CARTESIAN_POINT ( 'NONE',  ( 108.3849465488478643, -5.000000000000000000, 43.50000000000000000 ) ) ;
#313 = ORIENTED_EDGE ( 'NONE', *, *, #4891, .T. ) ;
#314 = EDGE_CURVE ( 'NONE', #2688, #9067, #644, .T. ) ;
#315 = CARTESIAN_POINT ( 'NONE',  ( -150.0000000000000000, -5.000000000000000000, 20.24999999999999645 ) ) ;
#316 = ORIENTED_EDGE ( 'NONE', *, *, #4050, .F. ) ;
#317 = CARTESIAN_POINT ( 'NONE',  ( 160.0000000000000000, 5.000000000000000000, 49.99999999999999289 ) ) ;
#318 = EDGE_CURVE ( 'NONE', #5118, #2589, #7471, .T. ) ;
#319 = CARTESIAN_POINT ( 'NONE',  ( -56.54866776461627609, -5.000000000000000000, 43.50000000000000000 ) ) ;
#320 = CARTESIAN_POINT ( 'NONE',  ( -169.9999999999999716, 5.000000000000000000, 39.89999999999999858 ) ) ;
#321 = DIRECTION ( 'NONE',  ( -1.000000000000000000, 0.000000000000000000, 0.000000000000000000 ) ) ;
#322 = VERTEX_POINT ( 'NONE', #1539 ) ;
#323 = DIRECTION ( 'NONE',  ( -0.000000000000000000, 1.000000000000000000, -0.000000000000000000 ) ) ;
#324 = CARTESIAN_POINT ( 'NONE',  ( 101.5352716391757042, 5.000000000000000000, 20.24999999999999289 ) ) ;
#325 = PLANE ( 'NONE',  #4623 ) ;
#326 = DIRECTION ( 'NONE',  ( 0.000000000000000000, 0.000000000000000000, 1.000000000000000000 ) ) ;
#327 = EDGE_CURVE ( 'NONE', #6223, #4073, #5097, .T. ) ;
#328 = ORIENTED_EDGE ( 'NONE', *, *, #4622, .T. ) ;
#329 = DIRECTION ( 'NONE',  ( 0.000000000000000000, 1.000000000000000000, -0.000000000000000000 ) ) ;
#330 = LINE ( 'NONE', #5554, #3798 ) ;
#331 = VERTEX_POINT ( 'NONE', #2875 ) ;
#332 = CYLINDRICAL_SURFACE ( 'NONE', #3904, 19.87399999999006539 ) ;
#333 = DIRECTION ( 'NONE',  ( 0.000000000000000000, 0.000000000000000000, 1.000000000000000000 ) ) ;
#334 = DIRECTION ( 'NONE',  ( 0.000000000000000000, 0.000000000000000000, 1.000000000000000000 ) ) ;
#335 = CARTESIAN_POINT ( 'NONE',  ( -101.5352716391757042, 5.000000000000000000, 20.24999999999999289 ) ) ;
#336 = DIRECTION ( 'NONE',  ( -0.000000000000000000, 1.000000000000000000, -0.000000000000000000 ) ) ;
#337 = EDGE_CURVE ( 'NONE', #8601, #5223, #9710, .T. ) ;
#338 = VERTEX_POINT ( 'NONE', #7419 ) ;
#339 = ORIENTED_EDGE ( 'NONE', *, *, #559, .T. ) ;
#340 = DIRECTION ( 'NONE',  ( -1.272130549049658700E-16, 0.000000000000000000, -1.000000000000000000 ) ) ;
#341 = DIRECTION ( 'NONE',  ( -0.000000000000000000, -1.000000000000000000, -0.000000000000000000 ) ) ;
#342 = ORIENTED_EDGE ( 'NONE', *, *, #3636, .F. ) ;
#343 = ORIENTED_EDGE ( 'NONE', *, *, #7984, .T. ) ;
#344 = EDGE_CURVE ( 'NONE', #3307, #4539, #6714, .T. ) ;
#345 = CARTESIAN_POINT ( 'NONE',  ( 105.8098434977506486, -5.000000000000000000, 20.24999999999999289 ) ) ;
#346 = CIRCLE ( 'NONE', #2577, 8.699999999995645439 ) ;
#347 = ORIENTED_EDGE ( 'NONE', *, *, #8284, .T. ) ;
#348 = DIRECTION ( 'NONE',  ( 0.000000000000000000, 0.000000000000000000, 1.000000000000000000 ) ) ;
#349 = VERTEX_POINT ( 'NONE', #5908 ) ;
#350 = DIRECTION ( 'NONE',  ( -1.272130549049658700E-16, 0.000000000000000000, -1.000000000000000000 ) ) ;
#351 = CARTESIAN_POINT ( 'NONE',  ( -150.0000000000000000, 5.000000000000000000, 20.24999999999999645 ) ) ;
#352 = CARTESIAN_POINT ( 'NONE',  ( -18.15267592923468243, 5.000000000000000000, 23.63822177457588225 ) ) ;
#353 = ORIENTED_EDGE ( 'NONE', *, *, #2563, .T. ) ;
#354 = EDGE_CURVE ( 'NONE', #4159, #6251, #1764, .T. ) ;
#355 = CIRCLE ( 'NONE', #5756, 19.87399999999006539 ) ;
#356 = ORIENTED_EDGE ( 'NONE', *, *, #5671, .T. ) ;
#357 = CARTESIAN_POINT ( 'NONE',  ( 89.35294264894697847, 5.000000000000000000, 25.27079167095700640 ) ) ;
#358 = CARTESIAN_POINT ( 'NONE',  ( -150.0000000000000000, 5.000000000000000000, 20.24999999999999645 ) ) ;
#359 = DIRECTION ( 'NONE',  ( 0.000000000000000000, 0.000000000000000000, 1.000000000000000000 ) ) ;
#360 = CARTESIAN_POINT ( 'NONE',  ( -94.43022758605592060, -5.000000000000000000, 25.27079167095700640 ) ) ;
#361 = VERTEX_POINT ( 'NONE', #5168 ) ;
#362 = EDGE_CURVE ( 'NONE', #9138, #89, #1388, .T. ) ;
#363 = LINE ( 'NONE', #8691, #8835 ) ;
#364 = AXIS2_PLACEMENT_3D ( 'NONE', #8803, #5661, #2725 ) ;
#365 = DIRECTION ( 'NONE',  ( -1.272130549049658700E-16, 0.000000000000000000, -1.000000000000000000 ) ) ;
#366 = EDGE_CURVE ( 'NONE', #7073, #8049, #76, .T. ) ;
#368 = DIRECTION ( 'NONE',  ( 0.000000000000000000, 0.000000000000000000, 1.000000000000000000 ) ) ;
#367 = VECTOR ( 'NONE', #2756, 1000.000000000000000 ) ;
#369 = VECTOR ( 'NONE', #792, 1000.000000000000000 ) ;
#370 = CARTESIAN_POINT ( 'NONE',  ( -129.3717883996740738, -5.000000000000000000, 20.24999999999999289 ) ) ;
#371 = VERTEX_POINT ( 'NONE', #8550 ) ;
#372 = DIRECTION ( 'NONE',  ( -0.000000000000000000, 1.000000000000000000, -0.000000000000000000 ) ) ;
#373 = DIRECTION ( 'NONE',  ( -0.000000000000000000, -1.000000000000000000, -0.000000000000000000 ) ) ;
#374 = VERTEX_POINT ( 'NONE', #3908 ) ;
#375 = CARTESIAN_POINT ( 'NONE',  ( 7.287492031481909827, 5.000000000000000000, 20.24999999999999289 ) ) ;
#376 = LINE ( 'NONE', #7110, #4850 ) ;
#377 = FACE_OUTER_BOUND ( 'NONE', #671, .T. ) ;
#378 = AXIS2_PLACEMENT_3D ( 'NONE', #7091, #271, #4978 ) ;
#379 = AXIS2_PLACEMENT_3D ( 'NONE', #7647, #5387, #959 ) ;
#380 = ADVANCED_FACE ( 'NONE', ( #969 ), #6902, .T. ) ;
#381 = EDGE_CURVE ( 'NONE', #6214, #905, #6212, .T. ) ;
#382 = CARTESIAN_POINT ( 'NONE',  ( -66.15589370374777900, -5.000000000000000000, 25.27079167095700640 ) ) ;
#383 = CARTESIAN_POINT ( 'NONE',  ( 28.97121387461221431, 5.000000000000000000, 23.63822177457588225 ) ) ;
#384 = ORIENTED_EDGE ( 'NONE', *, *, #9257, .F. ) ;
#385 = AXIS2_PLACEMENT_3D ( 'NONE', #2430, #1631, #7719 ) ;
#386 = ORIENTED_EDGE ( 'NONE', *, *, #5772, .F. ) ;
#387 = CYLINDRICAL_SURFACE ( 'NONE', #7242, 8.699999999995645439 ) ;
#388 = DIRECTION ( 'NONE',  ( -0.000000000000000000, -1.000000000000000000, -0.000000000000000000 ) ) ;
#389 = DIRECTION ( 'NONE',  ( -0.000000000000000000, 1.000000000000000000, -0.000000000000000000 ) ) ;
#390 = ORIENTED_EDGE ( 'NONE', *, *, #5362, .F. ) ;
#391 = ADVANCED_FACE ( 'NONE', ( #6155 ), #2522, .T. ) ;
#392 = VERTEX_POINT ( 'NONE', #3999 ) ;
#393 = VECTOR ( 'NONE', #4935, 1000.000000000000000 ) ;
#394 = CARTESIAN_POINT ( 'NONE',  ( 94.43022758605592060, 5.000000000000000000, 25.27079167095700996 ) ) ;
#395 = ORIENTED_EDGE ( 'NONE', *, *, #3402, .F. ) ;
#396 = DIRECTION ( 'NONE',  ( -0.000000000000000000, -1.000000000000000000, -0.000000000000000000 ) ) ;
#397 = ORIENTED_EDGE ( 'NONE', *, *, #531, .F. ) ;
#398 = AXIS2_PLACEMENT_3D ( 'NONE', #9736, #624, #5941 ) ;
#399 = CARTESIAN_POINT ( 'NONE',  ( 79.41373267423564641, -5.000000000000000000, 23.63822177457588225 ) ) ;
#400 = CARTESIAN_POINT ( 'NONE',  ( 66.15589370374777900, 5.000000000000000000, 25.27079167095700996 ) ) ;
#401 = VECTOR ( 'NONE', #4161, 1000.000000000000000 ) ;
#402 = CARTESIAN_POINT ( 'NONE',  ( 149.0000000000000000, 5.000000000000000000, -25.00000000000000355 ) ) ;
#403 = ORIENTED_EDGE ( 'NONE', *, *, #8434, .T. ) ;
#404 = CIRCLE ( 'NONE', #7096, 8.699999999995648992 ) ;
#405 = AXIS2_PLACEMENT_3D ( 'NONE', #5506, #6206, #3860 ) ;
#406 = EDGE_LOOP ( 'NONE', ( #4005, #7181 ) ) ;
#407 = LINE ( 'NONE', #1804, #9607 ) ;
#408 = DIRECTION ( 'NONE',  ( -0.000000000000000000, -1.000000000000000000, -0.000000000000000000 ) ) ;
#409 = CARTESIAN_POINT ( 'NONE',  ( -117.8097245096172401, 5.000000000000000000, 43.50000000000000000 ) ) ;
#410 = CARTESIAN_POINT ( 'NONE',  ( -0.6968799923040804867, -5.000000000000000000, 23.63822177457588225 ) ) ;
#411 = CARTESIAN_POINT ( 'NONE',  ( 0.6968799923040764899, -5.000000000000000000, 23.63822177457588225 ) ) ;
#412 = AXIS2_PLACEMENT_3D ( 'NONE', #5006, #2626, #8066 ) ;
#413 = CARTESIAN_POINT ( 'NONE',  ( 75.58067166451715480, -5.000000000000000000, 25.27079167095700996 ) ) ;
#414 = EDGE_CURVE ( 'NONE', #467, #9583, #7658, .T. ) ;
#415 = VECTOR ( 'NONE', #4806, 1000.000000000000000 ) ;
#416 = DIRECTION ( 'NONE',  ( 0.000000000000000000, 0.000000000000000000, 1.000000000000000000 ) ) ;
#417 = ADVANCED_FACE ( 'NONE', ( #4799 ), #177, .T. ) ;
#418 = CIRCLE ( 'NONE', #1697, 8.699999999995645439 ) ;
#419 = CARTESIAN_POINT ( 'NONE',  ( 28.45678186067025450, 5.000000000000000000, 25.27079167095700996 ) ) ;
#420 = CIRCLE ( 'NONE', #2332, 1.599999999999962563 ) ;
#421 = DIRECTION ( 'NONE',  ( 0.000000000000000000, 0.000000000000000000, 1.000000000000000000 ) ) ;
#422 = ORIENTED_EDGE ( 'NONE', *, *, #8095, .F. ) ;
#423 = DIRECTION ( 'NONE',  ( 0.000000000000000000, 0.000000000000000000, 1.000000000000000000 ) ) ;
#424 = DIRECTION ( 'NONE',  ( -0.000000000000000000, -1.000000000000000000, -0.000000000000000000 ) ) ;
#425 = ORIENTED_EDGE ( 'NONE', *, *, #5151, .T. ) ;
#426 = DIRECTION ( 'NONE',  ( -0.000000000000000000, 1.000000000000000000, -0.000000000000000000 ) ) ;
#427 = FACE_OUTER_BOUND ( 'NONE', #1579, .T. ) ;
#428 = ADVANCED_FACE ( 'NONE', ( #6304 ), #9349, .T. ) ;
#429 = CARTESIAN_POINT ( 'NONE',  ( 0.6968799923040764899, -5.000000000000000000, 23.63822177457588225 ) ) ;
#430 = VECTOR ( 'NONE', #7609, 1000.000000000000000 ) ;
#431 = DIRECTION ( 'NONE',  ( 0.000000000000000000, 0.000000000000000000, 1.000000000000000000 ) ) ;
#432 = EDGE_CURVE ( 'NONE', #240, #118, #13, .T. ) ;
#433 = DIRECTION ( 'NONE',  ( 0.000000000000000000, 1.000000000000000000, 0.000000000000000000 ) ) ;
#434 = ORIENTED_EDGE ( 'NONE', *, *, #5875, .F. ) ;
#435 =( GEOMETRIC_REPRESENTATION_CONTEXT ( 3 ) GLOBAL_UNCERTAINTY_ASSIGNED_CONTEXT ( ( #4646 ) ) GLOBAL_UNIT_ASSIGNED_CONTEXT ( ( #8883, #9629, #1301 ) ) REPRESENTATION_CONTEXT ( 'NONE', 'WORKASPACE' ) );
#436 = ORIENTED_EDGE ( 'NONE', *, *, #4567, .F. ) ;
#437 = ADVANCED_FACE ( 'NONE', ( #5396 ), #1573, .T. ) ;
#438 = CARTESIAN_POINT ( 'NONE',  ( -77.53550961544250697, -5.000000000000000000, 20.24999999999999289 ) ) ;
#439 = CARTESIAN_POINT ( 'NONE',  ( 16.71226999225129006, -5.000000000000000000, 20.24999999999999289 ) ) ;
#440 = EDGE_CURVE ( 'NONE', #5697, #1642, #3503, .T. ) ;
#441 = DIRECTION ( 'NONE',  ( -0.000000000000000000, 1.000000000000000000, -0.000000000000000000 ) ) ;
#442 = EDGE_LOOP ( 'NONE', ( #1432, #8368, #6318, #1174 ) ) ;
#443 = EDGE_LOOP ( 'NONE', ( #9401, #9416, #5416, #4930 ) ) ;
#444 = AXIS2_PLACEMENT_3D ( 'NONE', #3016, #2033, #672 ) ;
#445 = DIRECTION ( 'NONE',  ( 0.000000000000000000, 0.000000000000000000, 1.000000000000000000 ) ) ;
#446 = VERTEX_POINT ( 'NONE', #6353 ) ;
#447 = CARTESIAN_POINT ( 'NONE',  ( 85.00544962528653059, -5.000000000000000000, 25.27079167095700996 ) ) ;
#448 = ORIENTED_EDGE ( 'NONE', *, *, #7839, .F. ) ;
#449 = EDGE_CURVE ( 'NONE', #349, #7169, #5352, .T. ) ;
#450 = AXIS2_PLACEMENT_3D ( 'NONE', #5400, #137, #1673 ) ;
#451 = CARTESIAN_POINT ( 'NONE',  ( 75.58067166451715480, -5.000000000000000000, 25.27079167095700996 ) ) ;
#452 = DIRECTION ( 'NONE',  ( -1.272130549049658700E-16, 0.000000000000000000, -1.000000000000000000 ) ) ;
#453 = CYLINDRICAL_SURFACE ( 'NONE', #3302, 8.699999999995648992 ) ;
#454 = VERTEX_POINT ( 'NONE', #7808 ) ;
#455 = VECTOR ( 'NONE', #8990, 1000.000000000000000 ) ;
#456 = ORIENTED_EDGE ( 'NONE', *, *, #131, .T. ) ;
#457 = CARTESIAN_POINT ( 'NONE',  ( 66.67032571768973526, -5.000000000000000000, 23.63822177457588225 ) ) ;
#458 = EDGE_CURVE ( 'NONE', #9171, #2885, #4600, .T. ) ;
#459 = DIRECTION ( 'NONE',  ( 0.000000000000000000, 0.000000000000000000, 1.000000000000000000 ) ) ;
#460 = DIRECTION ( 'NONE',  ( -0.000000000000000000, -1.000000000000000000, -0.000000000000000000 ) ) ;
#461 = DIRECTION ( 'NONE',  ( -0.000000000000000000, -1.000000000000000000, -0.000000000000000000 ) ) ;
#462 = ORIENTED_EDGE ( 'NONE', *, *, #1058, .T. ) ;
#463 = CYLINDRICAL_SURFACE ( 'NONE', #5492, 8.699999999995645439 ) ;
#464 = DIRECTION ( 'NONE',  ( 0.000000000000000000, 0.000000000000000000, 1.000000000000000000 ) ) ;
#465 = EDGE_LOOP ( 'NONE', ( #714, #8448, #1619, #3223 ) ) ;
#466 = LINE ( 'NONE', #4293, #9726 ) ;
#467 = VERTEX_POINT ( 'NONE', #3852 ) ;
#468 = ADVANCED_FACE ( 'NONE', ( #9293 ), #7702, .T. ) ;
#469 = DIRECTION ( 'NONE',  ( -0.000000000000000000, -1.000000000000000000, -0.000000000000000000 ) ) ;
#470 = ORIENTED_EDGE ( 'NONE', *, *, #1574, .T. ) ;
#471 = CARTESIAN_POINT ( 'NONE',  ( 149.0000000000000000, 5.000000000000000000, -24.00000000000000355 ) ) ;
#472 = CARTESIAN_POINT ( 'NONE',  ( 103.8550055468252964, 5.000000000000000000, 25.27079167095700996 ) ) ;
#473 = ORIENTED_EDGE ( 'NONE', *, *, #1354, .F. ) ;
#474 = DIRECTION ( 'NONE',  ( -0.000000000000000000, -1.000000000000000000, -0.000000000000000000 ) ) ;
#475 = CARTESIAN_POINT ( 'NONE',  ( -41.71462083115812902, -5.000000000000000000, 23.63822177457588225 ) ) ;
#476 = FACE_OUTER_BOUND ( 'NONE', #7331, .T. ) ;
#477 = FACE_OUTER_BOUND ( 'NONE', #3963, .T. ) ;
#478 = EDGE_CURVE ( 'NONE', #2253, #648, #9092, .T. ) ;
#479 = LINE ( 'NONE', #2820, #2923 ) ;
#480 = ORIENTED_EDGE ( 'NONE', *, *, #2089, .F. ) ;
#481 = ORIENTED_EDGE ( 'NONE', *, *, #4694, .T. ) ;
#482 = DIRECTION ( 'NONE',  ( 0.000000000000000000, 0.000000000000000000, 1.000000000000000000 ) ) ;
#483 = LINE ( 'NONE', #5606, #1003 ) ;
#484 = CYLINDRICAL_SURFACE ( 'NONE', #1691, 8.699999999995648992 ) ;
#485 = EDGE_CURVE ( 'NONE', #9523, #4816, #9564, .T. ) ;
#486 = VERTEX_POINT ( 'NONE', #5497 ) ;
#487 = ORIENTED_EDGE ( 'NONE', *, *, #2966, .F. ) ;
#488 = EDGE_CURVE ( 'NONE', #6071, #7085, #2878, .T. ) ;
#489 = CARTESIAN_POINT ( 'NONE',  ( 149.0000000000000000, -5.000000000000000000, 19.24999999999995737 ) ) ;
#490 = DIRECTION ( 'NONE',  ( 0.000000000000000000, 0.000000000000000000, 1.000000000000000000 ) ) ;
#491 = ORIENTED_EDGE ( 'NONE', *, *, #2926, .F. ) ;
#492 = AXIS2_PLACEMENT_3D ( 'NONE', #5090, #616, #8335 ) ;
#493 = DIRECTION ( 'NONE',  ( -0.000000000000000000, 1.000000000000000000, -0.000000000000000000 ) ) ;
#494 = ORIENTED_EDGE ( 'NONE', *, *, #6829, .F. ) ;
#495 = FACE_OUTER_BOUND ( 'NONE', #660, .T. ) ;
#496 = CARTESIAN_POINT ( 'NONE',  ( 112.9148875508704322, -5.000000000000000000, 25.27079167095700640 ) ) ;
#497 = ORIENTED_EDGE ( 'NONE', *, *, #3060, .T. ) ;
#498 = EDGE_CURVE ( 'NONE', #523, #5327, #466, .T. ) ;
#499 = ORIENTED_EDGE ( 'NONE', *, *, #1829, .F. ) ;
#500 = CARTESIAN_POINT ( 'NONE',  ( -38.39599183538160077, 5.000000000000000000, 23.63822177457588225 ) ) ;
#501 = DIRECTION ( 'NONE',  ( -1.272130549049658700E-16, 0.000000000000000000, -1.000000000000000000 ) ) ;
#502 = CARTESIAN_POINT ( 'NONE',  ( -145.3871783996212912, 5.000000000000000000, 23.63822177457588225 ) ) ;
#503 = DIRECTION ( 'NONE',  ( -0.000000000000000000, 1.000000000000000000, -0.000000000000000000 ) ) ;
#504 = CARTESIAN_POINT ( 'NONE',  ( -56.36621978625415608, -5.000000000000000000, 25.27079167095700996 ) ) ;
#505 = DIRECTION ( 'NONE',  ( 0.000000000000000000, 0.000000000000000000, 1.000000000000000000 ) ) ;
#506 = DIRECTION ( 'NONE',  ( -1.272130549049658700E-16, 0.000000000000000000, -1.000000000000000000 ) ) ;
#507 = ORIENTED_EDGE ( 'NONE', *, *, #3737, .F. ) ;
#508 = ADVANCED_FACE ( 'NONE', ( #3354 ), #1214, .T. ) ;
#509 = CARTESIAN_POINT ( 'NONE',  ( 11.56206389005684443, 5.000000000000000000, 20.24999999999997513 ) ) ;
#510 = VERTEX_POINT ( 'NONE', #8741 ) ;
#511 = CARTESIAN_POINT ( 'NONE',  ( 63.39834267428844328, -5.000000000000000000, 20.24999999999999289 ) ) ;
#512 = ORIENTED_EDGE ( 'NONE', *, *, #2144, .T. ) ;
#513 = CIRCLE ( 'NONE', #4013, 8.699999999995645439 ) ;
#514 = DIRECTION ( 'NONE',  ( -0.000000000000000000, -1.000000000000000000, 0.000000000000000000 ) ) ;
#515 = CARTESIAN_POINT ( 'NONE',  ( 0.000000000000000000, -5.000000000000000000, 43.50000000000000000 ) ) ;
#516 = ORIENTED_EDGE ( 'NONE', *, *, #9824, .F. ) ;
#517 = DIRECTION ( 'NONE',  ( -0.000000000000000000, 1.000000000000000000, -0.000000000000000000 ) ) ;
#518 = CARTESIAN_POINT ( 'NONE',  ( 72.82312063505781907, -5.000000000000000000, 20.24999999999999289 ) ) ;
#519 = EDGE_CURVE ( 'NONE', #9100, #1385, #7496, .T. ) ;
#520 = AXIS2_PLACEMENT_3D ( 'NONE', #5462, #3225, #1634 ) ;
#521 = CARTESIAN_POINT ( 'NONE',  ( 150.0000000000000000, 5.000000000000000000, 19.24999999999995737 ) ) ;
#522 = DIRECTION ( 'NONE',  ( -0.000000000000000000, -1.000000000000000000, -0.000000000000000000 ) ) ;
#523 = VERTEX_POINT ( 'NONE', #4145 ) ;
#524 = FACE_BOUND ( 'NONE', #8712, .T. ) ;
#525 = VERTEX_POINT ( 'NONE', #9539 ) ;
#526 = VECTOR ( 'NONE', #2257, 1000.000000000000000 ) ;
#527 = DIRECTION ( 'NONE',  ( -0.000000000000000000, 1.000000000000000000, -0.000000000000000000 ) ) ;
#528 = CARTESIAN_POINT ( 'NONE',  ( 80.29306064490184269, -5.000000000000000000, 25.27079167095700996 ) ) ;
#529 = CIRCLE ( 'NONE', #6420, 8.699999999995648992 ) ;
#530 = DIRECTION ( 'NONE',  ( -0.000000000000000000, 1.000000000000000000, -0.000000000000000000 ) ) ;
#531 = EDGE_CURVE ( 'NONE', #9129, #2849, #970, .T. ) ;
#532 = ORIENTED_EDGE ( 'NONE', *, *, #1354, .T. ) ;
#533 = ORIENTED_EDGE ( 'NONE', *, *, #498, .T. ) ;
#534 = CIRCLE ( 'NONE', #6105, 8.699999999995648992 ) ;
#535 = LINE ( 'NONE', #2730, #5111 ) ;
#536 = CARTESIAN_POINT ( 'NONE',  ( -33.16917084105494240, -5.000000000000000000, 25.27079167095700640 ) ) ;
#537 = ADVANCED_FACE ( 'NONE', ( #8048 ), #325, .F. ) ;
#538 = ORIENTED_EDGE ( 'NONE', *, *, #5608, .T. ) ;
#539 = DIRECTION ( 'NONE',  ( -0.000000000000000000, 1.000000000000000000, -0.000000000000000000 ) ) ;
#540 = EDGE_LOOP ( 'NONE', ( #8800, #9412, #7629, #6331 ) ) ;
#541 = DIRECTION ( 'NONE',  ( 0.000000000000000000, 0.000000000000000000, 1.000000000000000000 ) ) ;
#542 = AXIS2_PLACEMENT_3D ( 'NONE', #8022, #1049, #6526 ) ;
#543 = ADVANCED_FACE ( 'NONE', ( #7296 ), #6500, .T. ) ;
#544 = AXIS2_PLACEMENT_3D ( 'NONE', #2063, #1916, #421 ) ;
#545 = VECTOR ( 'NONE', #5345, 1000.000000000000000 ) ;
#546 = DIRECTION ( 'NONE',  ( -0.000000000000000000, 1.000000000000000000, -0.000000000000000000 ) ) ;
#547 = ORIENTED_EDGE ( 'NONE', *, *, #7987, .F. ) ;
#548 = CIRCLE ( 'NONE', #704, 19.87399999999006539 ) ;
#549 = VERTEX_POINT ( 'NONE', #5591 ) ;
#550 = CIRCLE ( 'NONE', #2940, 8.699999999995645439 ) ;
#551 = CIRCLE ( 'NONE', #6289, 8.699999999995645439 ) ;
#552 = CARTESIAN_POINT ( 'NONE',  ( -76.09510367845912526, -5.000000000000000000, 23.63822177457588225 ) ) ;
#553 = FACE_OUTER_BOUND ( 'NONE', #707, .T. ) ;
#554 = CARTESIAN_POINT ( 'NONE',  ( 54.41138183532881101, -5.000000000000000000, 20.24999999999999289 ) ) ;
#555 = DIRECTION ( 'NONE',  ( -0.000000000000000000, 1.000000000000000000, -0.000000000000000000 ) ) ;
#556 = CARTESIAN_POINT ( 'NONE',  ( -150.0000000000000000, -5.000000000000000000, 19.24999999999999645 ) ) ;
#557 = EDGE_CURVE ( 'NONE', #3177, #9100, #6545, .T. ) ;
#558 = EDGE_CURVE ( 'NONE', #3301, #1745, #6447, .T. ) ;
#559 = EDGE_CURVE ( 'NONE', #4595, #5064, #6700, .T. ) ;
#560 = PLANE ( 'NONE',  #2808 ) ;
#561 = AXIS2_PLACEMENT_3D ( 'NONE', #3651, #2108, #8339 ) ;
#562 = ORIENTED_EDGE ( 'NONE', *, *, #5590, .F. ) ;
#563 = CIRCLE ( 'NONE', #1515, 1.599999999999962563 ) ;
#564 = DIRECTION ( 'NONE',  ( -0.000000000000000000, 1.000000000000000000, -0.000000000000000000 ) ) ;
#565 = ORIENTED_EDGE ( 'NONE', *, *, #6699, .T. ) ;
#566 = CARTESIAN_POINT ( 'NONE',  ( -69.98895471346628483, -5.000000000000000000, 23.63822177457588225 ) ) ;
#567 = CIRCLE ( 'NONE', #4538, 19.87399999999006539 ) ;
#568 = ORIENTED_EDGE ( 'NONE', *, *, #726, .T. ) ;
#569 = VECTOR ( 'NONE', #8118, 1000.000000000000000 ) ;
#570 = DIRECTION ( 'NONE',  ( -0.000000000000000000, 1.000000000000000000, -0.000000000000000000 ) ) ;
#571 = FACE_OUTER_BOUND ( 'NONE', #3799, .T. ) ;
#572 = AXIS2_PLACEMENT_3D ( 'NONE', #5066, #4916, #1131 ) ;
#573 = ORIENTED_EDGE ( 'NONE', *, *, #1336, .F. ) ;
#574 = EDGE_CURVE ( 'NONE', #5263, #6410, #2665, .T. ) ;
#575 = CARTESIAN_POINT ( 'NONE',  ( 47.12388980384689319, -5.000000000000000000, 43.50000000000000000 ) ) ;
#576 = CARTESIAN_POINT ( 'NONE',  ( -51.13939879192751192, -5.000000000000000000, 23.63822177457588225 ) ) ;
#577 = CIRCLE ( 'NONE', #6783, 19.87399999999006539 ) ;
#578 = VECTOR ( 'NONE', #5956, 1000.000000000000000 ) ;
#579 = AXIS2_PLACEMENT_3D ( 'NONE', #2917, #3710, #2078 ) ;
#580 = CYLINDRICAL_SURFACE ( 'NONE', #4716, 8.699999999995648992 ) ;
#581 = DIRECTION ( 'NONE',  ( -0.000000000000000000, -1.000000000000000000, -0.000000000000000000 ) ) ;
#582 = EDGE_LOOP ( 'NONE', ( #8785, #4297, #2544, #5610 ) ) ;
#583 = CARTESIAN_POINT ( 'NONE',  ( -42.41150082346220529, 5.000000000000000000, 43.50000000000000000 ) ) ;
#584 = EDGE_LOOP ( 'NONE', ( #3626, #9756, #8304, #9672 ) ) ;
#585 = VECTOR ( 'NONE', #7459, 1000.000000000000000 ) ;
#586 = EDGE_CURVE ( 'NONE', #7074, #7722, #1611, .T. ) ;
#587 = CARTESIAN_POINT ( 'NONE',  ( 112.4004555369284759, 5.000000000000000000, 23.63822177457588225 ) ) ;
#588 = AXIS2_PLACEMENT_3D ( 'NONE', #2664, #9491, #9538 ) ;
#589 = CARTESIAN_POINT ( 'NONE',  ( 108.2024985704857443, -5.000000000000000000, 25.27079167095700640 ) ) ;
#590 = DIRECTION ( 'NONE',  ( -0.000000000000000000, 1.000000000000000000, -0.000000000000000000 ) ) ;
#591 = VERTEX_POINT ( 'NONE', #1957 ) ;
#592 = ORIENTED_EDGE ( 'NONE', *, *, #2290, .F. ) ;
#593 = VECTOR ( 'NONE', #2299, 1000.000000000000000 ) ;
#594 = CARTESIAN_POINT ( 'NONE',  ( 53.97356471351906038, -5.000000000000000000, 20.24999999999999289 ) ) ;
#595 = DIRECTION ( 'NONE',  ( 0.000000000000000000, 1.000000000000000000, 0.000000000000000000 ) ) ;
#596 = ORIENTED_EDGE ( 'NONE', *, *, #7114, .T. ) ;
#597 = EDGE_CURVE ( 'NONE', #9138, #8556, #7909, .T. ) ;
#598 = DIRECTION ( 'NONE',  ( -0.000000000000000000, -1.000000000000000000, -0.000000000000000000 ) ) ;
#599 = ORIENTED_EDGE ( 'NONE', *, *, #2069, .T. ) ;
#600 = DIRECTION ( 'NONE',  ( -0.000000000000000000, 1.000000000000000000, 0.000000000000000000 ) ) ;
#601 = AXIS2_PLACEMENT_3D ( 'NONE', #7328, #9617, #5917 ) ;
#602 = FACE_OUTER_BOUND ( 'NONE', #3933, .T. ) ;
#603 = ORIENTED_EDGE ( 'NONE', *, *, #2727, .F. ) ;
#604 = ORIENTED_EDGE ( 'NONE', *, *, #3035, .T. ) ;
#605 = AXIS2_PLACEMENT_3D ( 'NONE', #583, #3661, #1474 ) ;
#606 = ADVANCED_FACE ( 'NONE', ( #5787 ), #7191, .T. ) ;
#607 = CARTESIAN_POINT ( 'NONE',  ( -150.0000000000000000, -5.000000000000000000, 20.24999999999999645 ) ) ;
#608 = DIRECTION ( 'NONE',  ( 0.000000000000000000, 0.000000000000000000, 1.000000000000000000 ) ) ;
#609 = CARTESIAN_POINT ( 'NONE',  ( 190.0000000000000000, 5.000000000000000000, 48.40000000000004121 ) ) ;
#610 = PLANE ( 'NONE',  #74 ) ;
#611 = FACE_OUTER_BOUND ( 'NONE', #7373, .T. ) ;
#612 = DIRECTION ( 'NONE',  ( -0.000000000000000000, -1.000000000000000000, -0.000000000000000000 ) ) ;
#613 = EDGE_CURVE ( 'NONE', #949, #6620, #9493, .T. ) ;
#614 = VECTOR ( 'NONE', #8147, 1000.000000000000000 ) ;
#615 = ORIENTED_EDGE ( 'NONE', *, *, #6093, .F. ) ;
#616 = DIRECTION ( 'NONE',  ( -0.000000000000000000, -1.000000000000000000, -0.000000000000000000 ) ) ;
#617 = VERTEX_POINT ( 'NONE', #509 ) ;
#618 = ADVANCED_FACE ( 'NONE', ( #5690 ), #8099, .T. ) ;
#619 = DIRECTION ( 'NONE',  ( 0.000000000000000000, 0.000000000000000000, 1.000000000000000000 ) ) ;
#620 = ORIENTED_EDGE ( 'NONE', *, *, #4091, .F. ) ;
#621 = CARTESIAN_POINT ( 'NONE',  ( -33.68360285499691287, -5.000000000000000000, 23.63822177457588225 ) ) ;
#622 = DIRECTION ( 'NONE',  ( 0.000000000000000000, 0.000000000000000000, 1.000000000000000000 ) ) ;
#623 = EDGE_LOOP ( 'NONE', ( #6579, #3000, #1928, #1116 ) ) ;
#624 = DIRECTION ( 'NONE',  ( -1.272130549049658700E-16, 0.000000000000000000, -1.000000000000000000 ) ) ;
#625 = CARTESIAN_POINT ( 'NONE',  ( -82.68571571763693839, -5.000000000000000000, 20.24999999999999289 ) ) ;
#626 = ADVANCED_FACE ( 'NONE', ( #6646 ), #5241, .T. ) ;
#627 = DIRECTION ( 'NONE',  ( 0.000000000000000000, 0.000000000000000000, 1.000000000000000000 ) ) ;
#628 = CARTESIAN_POINT ( 'NONE',  ( -138.7965663604434496, -5.000000000000000000, 20.24999999999999289 ) ) ;
#629 = ORIENTED_EDGE ( 'NONE', *, *, #5651, .T. ) ;
#630 = DIRECTION ( 'NONE',  ( 0.000000000000000000, 1.000000000000000000, -0.000000000000000000 ) ) ;
#631 = EDGE_LOOP ( 'NONE', ( #6027, #3387, #6805, #6173 ) ) ;
#632 = CARTESIAN_POINT ( 'NONE',  ( -47.12388980384689319, 5.000000000000000000, 43.50000000000000000 ) ) ;
#633 = FACE_OUTER_BOUND ( 'NONE', #8075, .T. ) ;
#634 = CARTESIAN_POINT ( 'NONE',  ( -23.74439288028557016, -5.000000000000000000, 25.27079167095700640 ) ) ;
#635 = ORIENTED_EDGE ( 'NONE', *, *, #4189, .T. ) ;
#636 = ORIENTED_EDGE ( 'NONE', *, *, #2966, .T. ) ;
#637 = ADVANCED_FACE ( 'NONE', ( #8985 ), #4341, .T. ) ;
#638 = DIRECTION ( 'NONE',  ( 1.000000000000000000, 0.000000000000000000, -1.272130549049658700E-16 ) ) ;
#639 = DIRECTION ( 'NONE',  ( 0.000000000000000000, 0.000000000000000000, 1.000000000000000000 ) ) ;
#640 = ORIENTED_EDGE ( 'NONE', *, *, #7638, .T. ) ;
#641 = CYLINDRICAL_SURFACE ( 'NONE', #72, 1.599999999999990319 ) ;
#642 = ORIENTED_EDGE ( 'NONE', *, *, #1555, .F. ) ;
#643 = LINE ( 'NONE', #747, #369 ) ;
#644 = CIRCLE ( 'NONE', #1119, 8.699999999995648992 ) ;
#645 = LINE ( 'NONE', #8276, #7133 ) ;
#646 = VERTEX_POINT ( 'NONE', #1457 ) ;
#647 = EDGE_CURVE ( 'NONE', #306, #6356, #2409, .T. ) ;
#648 = VERTEX_POINT ( 'NONE', #8287 ) ;
#649 = CARTESIAN_POINT ( 'NONE',  ( -150.0000000000000000, -5.000000000000000000, 20.24999999999999645 ) ) ;
#650 = DIRECTION ( 'NONE',  ( -0.000000000000000000, -1.000000000000000000, 0.000000000000000000 ) ) ;
#651 = DIRECTION ( 'NONE',  ( 0.000000000000000000, 0.000000000000000000, 1.000000000000000000 ) ) ;
#652 = CARTESIAN_POINT ( 'NONE',  ( 6.849674909672160084, -5.000000000000000000, 20.24999999999999289 ) ) ;
#653 = CIRCLE ( 'NONE', #8143, 19.87399999999006539 ) ;
#654 = CYLINDRICAL_SURFACE ( 'NONE', #1071, 8.699999999995648992 ) ;
#655 = ORIENTED_EDGE ( 'NONE', *, *, #5904, .T. ) ;
#656 = EDGE_CURVE ( 'NONE', #2556, #4809, #9041, .T. ) ;
#657 = LINE ( 'NONE', #7446, #178 ) ;
#658 = VERTEX_POINT ( 'NONE', #3647 ) ;
#659 = DIRECTION ( 'NONE',  ( 0.000000000000000000, 0.000000000000000000, 1.000000000000000000 ) ) ;
#660 = EDGE_LOOP ( 'NONE', ( #2052, #8369, #4718, #9220 ) ) ;
#661 = ADVANCED_FACE ( 'NONE', ( #4442 ), #7599, .T. ) ;
#662 = CARTESIAN_POINT ( 'NONE',  ( -43.10838081576628866, -5.000000000000000000, 23.63822177457588225 ) ) ;
#663 = LINE ( 'NONE', #3694, #9847 ) ;
#664 = ORIENTED_EDGE ( 'NONE', *, *, #9355, .T. ) ;
#665 = ORIENTED_EDGE ( 'NONE', *, *, #6904, .T. ) ;
#666 = CARTESIAN_POINT ( 'NONE',  ( -26.13704795302066941, 5.000000000000000000, 20.24999999999999289 ) ) ;
#667 = DIRECTION ( 'NONE',  ( 0.000000000000000000, 0.000000000000000000, 1.000000000000000000 ) ) ;
#668 = EDGE_CURVE ( 'NONE', #2431, #1561, #2402, .T. ) ;
#669 = FACE_OUTER_BOUND ( 'NONE', #3928, .T. ) ;
#670 = DIRECTION ( 'NONE',  ( 0.000000000000000000, 0.000000000000000000, 1.000000000000000000 ) ) ;
#671 = EDGE_LOOP ( 'NONE', ( #7168, #3560, #5406, #3653 ) ) ;
#672 = DIRECTION ( 'NONE',  ( 0.000000000000000000, 0.000000000000000000, 1.000000000000000000 ) ) ;
#673 = EDGE_LOOP ( 'NONE', ( #2074, #5231 ) ) ;
#674 = LINE ( 'NONE', #3709, #5008 ) ;
#675 = CARTESIAN_POINT ( 'NONE',  ( 103.4901095901010422, 5.000000000000000000, 25.27079167095700640 ) ) ;
#676 = DIRECTION ( 'NONE',  ( 0.000000000000000000, 0.000000000000000000, 1.000000000000000000 ) ) ;
#677 = EDGE_CURVE ( 'NONE', #2662, #4612, #5196, .T. ) ;
#678 = ADVANCED_FACE ( 'NONE', ( #9634 ), #1359, .T. ) ;
#679 = VECTOR ( 'NONE', #43, 1000.000000000000000 ) ;
#680 = ORIENTED_EDGE ( 'NONE', *, *, #2356, .T. ) ;
#681 = EDGE_CURVE ( 'NONE', #6101, #9508, #8190, .T. ) ;
#682 = VERTEX_POINT ( 'NONE', #8140 ) ;
#683 = CARTESIAN_POINT ( 'NONE',  ( -150.0000000000000000, 5.000000000000000000, 20.24999999999999645 ) ) ;
#684 = FACE_OUTER_BOUND ( 'NONE', #6565, .T. ) ;
#685 = VECTOR ( 'NONE', #9233, 1000.000000000000000 ) ;
#686 = ORIENTED_EDGE ( 'NONE', *, *, #4580, .F. ) ;
#687 = CIRCLE ( 'NONE', #3546, 8.699999999995645439 ) ;
#688 = DIRECTION ( 'NONE',  ( -0.000000000000000000, 1.000000000000000000, -0.000000000000000000 ) ) ;
#689 = ORIENTED_EDGE ( 'NONE', *, *, #4010, .F. ) ;
#690 = CARTESIAN_POINT ( 'NONE',  ( 101.5352716391757042, -5.000000000000000000, 20.24999999999999289 ) ) ;
#691 = FACE_OUTER_BOUND ( 'NONE', #31, .T. ) ;
#692 = EDGE_CURVE ( 'NONE', #9597, #1295, #3746, .T. ) ;
#693 = DIRECTION ( 'NONE',  ( 0.000000000000000000, 0.000000000000000000, 1.000000000000000000 ) ) ;
#694 = VECTOR ( 'NONE', #8392, 1000.000000000000000 ) ;
#695 = ORIENTED_EDGE ( 'NONE', *, *, #1532, .F. ) ;
#696 = EDGE_LOOP ( 'NONE', ( #9712, #6624, #1996, #3373 ) ) ;
#697 = CARTESIAN_POINT ( 'NONE',  ( 14.83404693345814529, 5.000000000000000000, 23.63822177457588225 ) ) ;
#699 = AXIS2_PLACEMENT_3D ( 'NONE', #3115, #179, #7912 ) ;
#698 = DIRECTION ( 'NONE',  ( -0.000000000000000000, -1.000000000000000000, -0.000000000000000000 ) ) ;
#700 = DIRECTION ( 'NONE',  ( -1.000000000000000000, 0.000000000000000000, 1.272130549049658700E-16 ) ) ;
#701 = DIRECTION ( 'NONE',  ( 0.000000000000000000, 0.000000000000000000, 1.000000000000000000 ) ) ;
#702 = CARTESIAN_POINT ( 'NONE',  ( -150.0000000000000000, 5.000000000000000000, 20.24999999999999645 ) ) ;
#703 = ORIENTED_EDGE ( 'NONE', *, *, #119, .T. ) ;
#704 = AXIS2_PLACEMENT_3D ( 'NONE', #5741, #5051, #4252 ) ;
#705 = AXIS2_PLACEMENT_3D ( 'NONE', #2661, #2460, #7235 ) ;
#706 = DIRECTION ( 'NONE',  ( -0.000000000000000000, -1.000000000000000000, -0.000000000000000000 ) ) ;
#707 = EDGE_LOOP ( 'NONE', ( #9806, #6961, #2141, #2022 ) ) ;
#708 = DIRECTION ( 'NONE',  ( -0.000000000000000000, 1.000000000000000000, -0.000000000000000000 ) ) ;
#709 = ORIENTED_EDGE ( 'NONE', *, *, #5226, .T. ) ;
#710 = EDGE_CURVE ( 'NONE', #6109, #9611, #9414, .T. ) ;
#711 = CARTESIAN_POINT ( 'NONE',  ( 131.2500114584672417, 5.000000000000000000, 23.63822177457588225 ) ) ;
#712 = CARTESIAN_POINT ( 'NONE',  ( 82.68571571763693839, -5.000000000000000000, 20.24999999999999289 ) ) ;
#713 = ORIENTED_EDGE ( 'NONE', *, *, #1605, .F. ) ;
#714 = ORIENTED_EDGE ( 'NONE', *, *, #2998, .F. ) ;
#715 = AXIS2_PLACEMENT_3D ( 'NONE', #7847, #4043, #2559 ) ;
#717 = CARTESIAN_POINT ( 'NONE',  ( 23.74439288028556660, -5.000000000000000000, 25.27079167095700996 ) ) ;
#716 = CIRCLE ( 'NONE', #2472, 8.699999999995645439 ) ;
#718 = CIRCLE ( 'NONE', #3735, 19.87399999999006539 ) ;
#719 = LINE ( 'NONE', #9096, #2965 ) ;
#720 = AXIS2_PLACEMENT_3D ( 'NONE', #2744, #5779, #7950 ) ;
#721 = DIRECTION ( 'NONE',  ( 0.000000000000000000, 0.000000000000000000, 1.000000000000000000 ) ) ;
#722 = AXIS2_PLACEMENT_3D ( 'NONE', #4473, #7337, #5838 ) ;
#723 = CIRCLE ( 'NONE', #9479, 19.87399999999006539 ) ;
#724 = DIRECTION ( 'NONE',  ( -0.000000000000000000, 1.000000000000000000, -0.000000000000000000 ) ) ;
#725 = ORIENTED_EDGE ( 'NONE', *, *, #6267, .F. ) ;
#726 = EDGE_CURVE ( 'NONE', #549, #1400, #657, .T. ) ;
#727 = DIRECTION ( 'NONE',  ( -0.000000000000000000, -1.000000000000000000, -0.000000000000000000 ) ) ;
#728 = LINE ( 'NONE', #2075, #8563 ) ;
#729 = ORIENTED_EDGE ( 'NONE', *, *, #8480, .T. ) ;
#730 = LINE ( 'NONE', #8157, #9473 ) ;
#731 = CARTESIAN_POINT ( 'NONE',  ( 113.2797835075946722, 5.000000000000000000, 25.27079167095700996 ) ) ;
#732 = DIRECTION ( 'NONE',  ( -0.000000000000000000, 1.000000000000000000, -0.000000000000000000 ) ) ;
#733 = AXIS2_PLACEMENT_3D ( 'NONE', #8709, #8797, #5748 ) ;
#734 = AXIS2_PLACEMENT_3D ( 'NONE', #2080, #6616, #6475 ) ;
#735 = ORIENTED_EDGE ( 'NONE', *, *, #9822, .F. ) ;
#736 = AXIS2_PLACEMENT_3D ( 'NONE', #1732, #8410, #3214 ) ;
#737 = ORIENTED_EDGE ( 'NONE', *, *, #7577, .T. ) ;
#738 = EDGE_CURVE ( 'NONE', #7870, #1742, #7024, .T. ) ;
#739 = DIRECTION ( 'NONE',  ( 0.000000000000000000, 0.000000000000000000, 1.000000000000000000 ) ) ;
#740 = CARTESIAN_POINT ( 'NONE',  ( -21.42465897263597796, 5.000000000000000000, 20.24999999999999289 ) ) ;
#741 = AXIS2_PLACEMENT_3D ( 'NONE', #2002, #6582, #6639 ) ;
#742 = EDGE_LOOP ( 'NONE', ( #4433, #3188, #5597, #4395 ) ) ;
#743 = AXIS2_PLACEMENT_3D ( 'NONE', #8411, #9359, #4715 ) ;
#744 = ADVANCED_FACE ( 'NONE', ( #1304 ), #5139, .F. ) ;
#745 = DIRECTION ( 'NONE',  ( -0.000000000000000000, -1.000000000000000000, -0.000000000000000000 ) ) ;
#746 = VERTEX_POINT ( 'NONE', #5991 ) ;
#747 = CARTESIAN_POINT ( 'NONE',  ( -115.6724385803297679, -5.000000000000000000, 20.24999999999999289 ) ) ;
#748 = LINE ( 'NONE', #4522, #7733 ) ;
#749 = ORIENTED_EDGE ( 'NONE', *, *, #1724, .T. ) ;
#750 = DIRECTION ( 'NONE',  ( -1.272130549049658700E-16, 0.000000000000000000, -1.000000000000000000 ) ) ;
#751 = ORIENTED_EDGE ( 'NONE', *, *, #8164, .F. ) ;
#752 = AXIS2_PLACEMENT_3D ( 'NONE', #6199, #5495, #2520 ) ;
#753 = EDGE_CURVE ( 'NONE', #5960, #7322, #9127, .T. ) ;
#754 = ORIENTED_EDGE ( 'NONE', *, *, #7033, .F. ) ;
#755 = CARTESIAN_POINT ( 'NONE',  ( 11.56206389005684798, -5.000000000000000000, 20.24999999999999289 ) ) ;
#756 = CIRCLE ( 'NONE', #6965, 19.87399999999006539 ) ;
#757 = DIRECTION ( 'NONE',  ( -0.000000000000000000, -1.000000000000000000, -0.000000000000000000 ) ) ;
#758 = LINE ( 'NONE', #7483, #892 ) ;
#759 = CARTESIAN_POINT ( 'NONE',  ( 9.424777960769379348, -5.000000000000000000, 43.50000000000000000 ) ) ;
#760 = CARTESIAN_POINT ( 'NONE',  ( 118.5066045019213163, -5.000000000000000000, 23.63822177457588225 ) ) ;
#761 = ORIENTED_EDGE ( 'NONE', *, *, #9614, .T. ) ;
#762 = EDGE_CURVE ( 'NONE', #6410, #4219, #5935, .T. ) ;
#763 = CARTESIAN_POINT ( 'NONE',  ( -159.9999999999999716, 5.000000000000000000, 29.89999999999999503 ) ) ;
#764 = EDGE_LOOP ( 'NONE', ( #8822, #7118, #1695, #8895 ) ) ;
#765 = CARTESIAN_POINT ( 'NONE',  ( 79.92816468817760267, 5.000000000000000000, 25.27079167095700640 ) ) ;
#766 = FACE_OUTER_BOUND ( 'NONE', #2587, .T. ) ;
#767 = DIRECTION ( 'NONE',  ( 0.000000000000000000, 0.000000000000000000, 1.000000000000000000 ) ) ;
#768 = ORIENTED_EDGE ( 'NONE', *, *, #9216, .F. ) ;
#769 = ORIENTED_EDGE ( 'NONE', *, *, #2252, .T. ) ;
#770 = CIRCLE ( 'NONE', #5220, 19.87399999999006539 ) ;
#771 = CARTESIAN_POINT ( 'NONE',  ( 200.0000000000000000, -5.000000000000000000, -60.00000000000000000 ) ) ;
#772 = FACE_OUTER_BOUND ( 'NONE', #914, .T. ) ;
#773 = EDGE_CURVE ( 'NONE', #6620, #2971, #7389, .T. ) ;
#774 = DIRECTION ( 'NONE',  ( -0.000000000000000000, 1.000000000000000000, -0.000000000000000000 ) ) ;
#775 = VECTOR ( 'NONE', #4997, 1000.000000000000000 ) ;
#776 = CARTESIAN_POINT ( 'NONE',  ( -42.41150082346220529, -5.000000000000000000, 43.50000000000000000 ) ) ;
#777 = ORIENTED_EDGE ( 'NONE', *, *, #8227, .F. ) ;
#778 = DIRECTION ( 'NONE',  ( 1.000000000000000000, 0.000000000000000000, -1.272130549049658700E-16 ) ) ;
#779 = CARTESIAN_POINT ( 'NONE',  ( -143.9467724626379095, -5.000000000000000000, 20.24999999999999289 ) ) ;
#780 = EDGE_LOOP ( 'NONE', ( #8377, #121, #7295, #8186 ) ) ;
#781 = CARTESIAN_POINT ( 'NONE',  ( 135.9624004388519154, -5.000000000000000000, 23.63822177457588225 ) ) ;
#782 = CARTESIAN_POINT ( 'NONE',  ( 200.0000000000000000, 5.000000000000000000, -60.00000000000000000 ) ) ;
#783 = CARTESIAN_POINT ( 'NONE',  ( -52.01872676259370820, -5.000000000000000000, 25.27079167095700640 ) ) ;
#784 = ORIENTED_EDGE ( 'NONE', *, *, #4558, .F. ) ;
#785 = ORIENTED_EDGE ( 'NONE', *, *, #1285, .T. ) ;
#786 = EDGE_CURVE ( 'NONE', #3872, #1385, #5484, .T. ) ;
#787 = ORIENTED_EDGE ( 'NONE', *, *, #2578, .F. ) ;
#788 = CARTESIAN_POINT ( 'NONE',  ( -56.54866776461627609, -5.000000000000000000, 43.50000000000000000 ) ) ;
#789 = EDGE_LOOP ( 'NONE', ( #3841, #1897, #7799, #5680 ) ) ;
#790 = EDGE_LOOP ( 'NONE', ( #1307, #1055, #6798, #5436 ) ) ;
#791 = EDGE_CURVE ( 'NONE', #8505, #4838, #5612, .T. ) ;
#792 = DIRECTION ( 'NONE',  ( -0.000000000000000000, 1.000000000000000000, -0.000000000000000000 ) ) ;
#793 = DIRECTION ( 'NONE',  ( -0.000000000000000000, 1.000000000000000000, -0.000000000000000000 ) ) ;
#794 = ORIENTED_EDGE ( 'NONE', *, *, #6392, .T. ) ;
#795 = LINE ( 'NONE', #1638, #3461 ) ;
#796 = ORIENTED_EDGE ( 'NONE', *, *, #966, .F. ) ;
#797 = EDGE_CURVE ( 'NONE', #5358, #4292, #9452, .T. ) ;
#798 = VERTEX_POINT ( 'NONE', #5536 ) ;
#799 = DIRECTION ( 'NONE',  ( -0.000000000000000000, -1.000000000000000000, -0.000000000000000000 ) ) ;
#800 = FACE_OUTER_BOUND ( 'NONE', #1553, .T. ) ;
#801 = DIRECTION ( 'NONE',  ( 1.000000000000000000, 0.000000000000000000, -1.272130549049658700E-16 ) ) ;
#802 = DIRECTION ( 'NONE',  ( -0.000000000000000000, -1.000000000000000000, -0.000000000000000000 ) ) ;
#803 = DIRECTION ( 'NONE',  ( -0.000000000000000000, 1.000000000000000000, -0.000000000000000000 ) ) ;
#804 = EDGE_CURVE ( 'NONE', #2420, #5399, #6081, .T. ) ;
#805 = ORIENTED_EDGE ( 'NONE', *, *, #7682, .T. ) ;
#806 = EDGE_CURVE ( 'NONE', #3691, #3671, #687, .T. ) ;
#807 = VECTOR ( 'NONE', #2924, 1000.000000000000000 ) ;
#808 = DIRECTION ( 'NONE',  ( 0.000000000000000000, 0.000000000000000000, 1.000000000000000000 ) ) ;
#809 = ORIENTED_EDGE ( 'NONE', *, *, #4743, .F. ) ;
#810 = DIRECTION ( 'NONE',  ( 0.000000000000000000, 0.000000000000000000, 1.000000000000000000 ) ) ;
#811 = CARTESIAN_POINT ( 'NONE',  ( 70.86828268413246690, -5.000000000000000000, 25.27079167095700996 ) ) ;
#812 = FACE_OUTER_BOUND ( 'NONE', #3756, .T. ) ;
#813 = VECTOR ( 'NONE', #2753, 1000.000000000000000 ) ;
#814 = ORIENTED_EDGE ( 'NONE', *, *, #5978, .T. ) ;
#815 = ORIENTED_EDGE ( 'NONE', *, *, #8650, .T. ) ;
#816 = CARTESIAN_POINT ( 'NONE',  ( -74.70134369385097273, 5.000000000000000000, 23.63822177457588225 ) ) ;
#817 = CARTESIAN_POINT ( 'NONE',  ( 59.12377081571349891, -5.000000000000000000, 20.24999999999999289 ) ) ;
#818 = EDGE_CURVE ( 'NONE', #5910, #8039, #8585, .T. ) ;
#819 = AXIS2_PLACEMENT_3D ( 'NONE', #1870, #9391, #9486 ) ;
#820 = DIRECTION ( 'NONE',  ( -0.000000000000000000, 1.000000000000000000, -0.000000000000000000 ) ) ;
#821 = FACE_OUTER_BOUND ( 'NONE', #2120, .T. ) ;
#822 = ORIENTED_EDGE ( 'NONE', *, *, #6011, .T. ) ;
#823 = DIRECTION ( 'NONE',  ( -0.000000000000000000, -1.000000000000000000, -0.000000000000000000 ) ) ;
#824 = CYLINDRICAL_SURFACE ( 'NONE', #136, 8.699999999995648992 ) ;
#825 = ORIENTED_EDGE ( 'NONE', *, *, #432, .T. ) ;
#826 = DIRECTION ( 'NONE',  ( 0.000000000000000000, 0.000000000000000000, 1.000000000000000000 ) ) ;
#827 = DIRECTION ( 'NONE',  ( -0.000000000000000000, 1.000000000000000000, -0.000000000000000000 ) ) ;
#828 = CARTESIAN_POINT ( 'NONE',  ( 120.3848275607144558, 5.000000000000000000, 20.24999999999999289 ) ) ;
#829 = ORIENTED_EDGE ( 'NONE', *, *, #4901, .F. ) ;
#830 = VERTEX_POINT ( 'NONE', #8481 ) ;
#831 = CARTESIAN_POINT ( 'NONE',  ( -4.894836958746808797, 5.000000000000000000, 25.27079167095700640 ) ) ;
#832 = EDGE_LOOP ( 'NONE', ( #2769, #2640, #4619, #1696 ) ) ;
#833 = LINE ( 'NONE', #39, #3556 ) ;
#834 = ORIENTED_EDGE ( 'NONE', *, *, #9206, .F. ) ;
#835 = ORIENTED_EDGE ( 'NONE', *, *, #381, .F. ) ;
#836 = EDGE_CURVE ( 'NONE', #8450, #8628, #7701, .T. ) ;
#837 = DIRECTION ( 'NONE',  ( -0.000000000000000000, 1.000000000000000000, -0.000000000000000000 ) ) ;
#838 = CIRCLE ( 'NONE', #44, 8.699999999995645439 ) ;
#839 = CARTESIAN_POINT ( 'NONE',  ( -22.86506490961937033, -5.000000000000000000, 23.63822177457588225 ) ) ;
#840 = PLANE ( 'NONE',  #5374 ) ;
#841 = ORIENTED_EDGE ( 'NONE', *, *, #6284, .T. ) ;
#842 = EDGE_CURVE ( 'NONE', #7969, #8689, #3076, .T. ) ;
#843 = CIRCLE ( 'NONE', #2750, 10.00000000000000178 ) ;
#844 = ORIENTED_EDGE ( 'NONE', *, *, #8566, .F. ) ;
#845 = DIRECTION ( 'NONE',  ( 0.000000000000000000, 0.000000000000000000, 1.000000000000000000 ) ) ;
#846 = EDGE_CURVE ( 'NONE', #3291, #6480, #7535, .T. ) ;
#847 = CYLINDRICAL_SURFACE ( 'NONE', #995, 8.699999999995648992 ) ;
#848 = CARTESIAN_POINT ( 'NONE',  ( 18.84955592153875870, -5.000000000000000000, 43.50000000000000000 ) ) ;
#849 = CARTESIAN_POINT ( 'NONE',  ( 200.0000000000000000, -5.000000000000000000, 60.00000000000000000 ) ) ;
#850 = VECTOR ( 'NONE', #5774, 1000.000000000000000 ) ;
#851 = VECTOR ( 'NONE', #5339, 1000.000000000000000 ) ;
#852 = DIRECTION ( 'NONE',  ( -0.000000000000000000, 1.000000000000000000, -0.000000000000000000 ) ) ;
#853 = ORIENTED_EDGE ( 'NONE', *, *, #9407, .T. ) ;
#855 = CARTESIAN_POINT ( 'NONE',  ( -127.0520544920244959, 5.000000000000000000, 25.27079167095700996 ) ) ;
#854 = VECTOR ( 'NONE', #1243, 1000.000000000000000 ) ;
#856 = ORIENTED_EDGE ( 'NONE', *, *, #6165, .T. ) ;
#857 = VECTOR ( 'NONE', #193, 1000.000000000000000 ) ;
#858 = DIRECTION ( 'NONE',  ( -0.000000000000000000, -1.000000000000000000, -0.000000000000000000 ) ) ;
#859 = EDGE_CURVE ( 'NONE', #4730, #4251, #8013, .T. ) ;
#860 = EDGE_CURVE ( 'NONE', #6564, #4125, #529, .T. ) ;
#861 = FACE_OUTER_BOUND ( 'NONE', #6945, .T. ) ;
#862 = LINE ( 'NONE', #5435, #6114 ) ;
#863 = ORIENTED_EDGE ( 'NONE', *, *, #2125, .F. ) ;
#864 = ORIENTED_EDGE ( 'NONE', *, *, #4466, .F. ) ;
#865 = DIRECTION ( 'NONE',  ( 0.000000000000000000, 0.000000000000000000, 1.000000000000000000 ) ) ;
#866 = DIRECTION ( 'NONE',  ( -0.000000000000000000, 1.000000000000000000, -0.000000000000000000 ) ) ;
#867 = VECTOR ( 'NONE', #724, 1000.000000000000000 ) ;
#868 = VECTOR ( 'NONE', #2797, 1000.000000000000000 ) ;
#869 = DIRECTION ( 'NONE',  ( -0.000000000000000000, -1.000000000000000000, -0.000000000000000000 ) ) ;
#870 = DIRECTION ( 'NONE',  ( -0.000000000000000000, 1.000000000000000000, -0.000000000000000000 ) ) ;
#871 = ADVANCED_FACE ( 'NONE', ( #7690 ), #9231, .T. ) ;
#872 = AXIS2_PLACEMENT_3D ( 'NONE', #2459, #5541, #7042 ) ;
#873 = VERTEX_POINT ( 'NONE', #9132 ) ;
#874 = AXIS2_PLACEMENT_3D ( 'NONE', #2717, #1224, #4257 ) ;
#875 = CARTESIAN_POINT ( 'NONE',  ( 14.31961491951618370, -5.000000000000000000, 25.27079167095700996 ) ) ;
#876 = AXIS2_PLACEMENT_3D ( 'NONE', #954, #2504, #1752 ) ;
#877 = EDGE_LOOP ( 'NONE', ( #1335, #6373, #3921, #3733 ) ) ;
#878 = DIRECTION ( 'NONE',  ( -1.272130549049658700E-16, 0.000000000000000000, -1.000000000000000000 ) ) ;
#879 = DIRECTION ( 'NONE',  ( 0.000000000000000000, 0.000000000000000000, 1.000000000000000000 ) ) ;
#880 = CARTESIAN_POINT ( 'NONE',  ( -77.53550961544250697, -5.000000000000000000, 20.24999999999999289 ) ) ;
#881 = ORIENTED_EDGE ( 'NONE', *, *, #10, .F. ) ;
#882 = CIRCLE ( 'NONE', #8992, 8.699999999995648992 ) ;
#883 = VERTEX_POINT ( 'NONE', #3947 ) ;
#884 = AXIS2_PLACEMENT_3D ( 'NONE', #1208, #6440, #3494 ) ;
#885 = VECTOR ( 'NONE', #4060, 1000.000000000000000 ) ;
#886 = DIRECTION ( 'NONE',  ( 0.000000000000000000, 0.000000000000000000, 1.000000000000000000 ) ) ;
#887 = ORIENTED_EDGE ( 'NONE', *, *, #3554, .T. ) ;
#888 = CARTESIAN_POINT ( 'NONE',  ( -150.0000000000000000, -5.000000000000000000, 20.24999999999999645 ) ) ;
#889 = EDGE_CURVE ( 'NONE', #4794, #4476, #6290, .T. ) ;
#890 = ORIENTED_EDGE ( 'NONE', *, *, #7525, .F. ) ;
#891 = EDGE_LOOP ( 'NONE', ( #1934, #395, #7061, #7902 ) ) ;
#892 = VECTOR ( 'NONE', #1405, 1000.000000000000000 ) ;
#893 = CYLINDRICAL_SURFACE ( 'NONE', #1801, 8.699999999995645439 ) ;
#894 = AXIS2_PLACEMENT_3D ( 'NONE', #731, #9747, #9007 ) ;
#895 = CARTESIAN_POINT ( 'NONE',  ( -72.82312063505781907, 5.000000000000000000, 20.24999999999999289 ) ) ;
#896 = EDGE_LOOP ( 'NONE', ( #1859, #3337, #1281, #7361 ) ) ;
#897 = DIRECTION ( 'NONE',  ( 1.000000000000000000, 0.000000000000000000, -1.272130549049658700E-16 ) ) ;
#898 = ORIENTED_EDGE ( 'NONE', *, *, #3800, .F. ) ;
#899 = AXIS2_PLACEMENT_3D ( 'NONE', #6408, #6555, #1885 ) ;
#900 = CIRCLE ( 'NONE', #1698, 19.87399999999006539 ) ;
#901 = EDGE_CURVE ( 'NONE', #3913, #1569, #1161, .T. ) ;
#902 = VECTOR ( 'NONE', #1312, 1000.000000000000000 ) ;
#903 = ORIENTED_EDGE ( 'NONE', *, *, #7177, .F. ) ;
#904 = DIRECTION ( 'NONE',  ( -0.000000000000000000, 1.000000000000000000, -0.000000000000000000 ) ) ;
#905 = VERTEX_POINT ( 'NONE', #7842 ) ;
#906 = FACE_OUTER_BOUND ( 'NONE', #7833, .T. ) ;
#907 = CARTESIAN_POINT ( 'NONE',  ( 4.712388980384689674, -5.000000000000000000, 43.50000000000000000 ) ) ;
#908 = CARTESIAN_POINT ( 'NONE',  ( -42.59394880182432530, -5.000000000000000000, 25.27079167095700640 ) ) ;
#909 = CIRCLE ( 'NONE', #116, 8.699999999995645439 ) ;
#910 = CARTESIAN_POINT ( 'NONE',  ( 99.14261656644060849, 5.000000000000000000, 25.27079167095700996 ) ) ;
#911 = ORIENTED_EDGE ( 'NONE', *, *, #5526, .F. ) ;
#912 = ADVANCED_FACE ( 'NONE', ( #3801 ), #5431, .T. ) ;
#913 = DIRECTION ( 'NONE',  ( -0.000000000000000000, -1.000000000000000000, -0.000000000000000000 ) ) ;
#914 = EDGE_LOOP ( 'NONE', ( #8714, #8921, #3820, #6363 ) ) ;
#915 = AXIS2_PLACEMENT_3D ( 'NONE', #3887, #5385, #3149 ) ;
#916 = DIRECTION ( 'NONE',  ( 0.000000000000000000, 0.000000000000000000, 1.000000000000000000 ) ) ;
#917 = DIRECTION ( 'NONE',  ( 0.000000000000000000, 0.000000000000000000, 1.000000000000000000 ) ) ;
#918 = DIRECTION ( 'NONE',  ( -1.272130549049658700E-16, 0.000000000000000000, -1.000000000000000000 ) ) ;
#919 = VERTEX_POINT ( 'NONE', #3990 ) ;
#920 = EDGE_CURVE ( 'NONE', #2971, #180, #8653, .T. ) ;
#921 = FACE_OUTER_BOUND ( 'NONE', #6635, .T. ) ;
#922 = CARTESIAN_POINT ( 'NONE',  ( -134.5219945018685337, 5.000000000000000000, 20.24999999999999289 ) ) ;
#923 = CIRCLE ( 'NONE', #5850, 8.699999999995648992 ) ;
#924 = EDGE_CURVE ( 'NONE', #4878, #1041, #6139, .T. ) ;
#925 = CARTESIAN_POINT ( 'NONE',  ( 75.58067166451715480, 5.000000000000000000, 25.27079167095700996 ) ) ;
#926 = FACE_OUTER_BOUND ( 'NONE', #3075, .T. ) ;
#927 = ORIENTED_EDGE ( 'NONE', *, *, #5990, .T. ) ;
#928 = AXIS2_PLACEMENT_3D ( 'NONE', #8352, #2270, #9850 ) ;
#929 = FACE_OUTER_BOUND ( 'NONE', #2948, .T. ) ;
#930 = CARTESIAN_POINT ( 'NONE',  ( -150.0000000000000000, 5.000000000000000000, 20.24999999999999645 ) ) ;
#931 = ORIENTED_EDGE ( 'NONE', *, *, #3480, .T. ) ;
#932 = DIRECTION ( 'NONE',  ( -0.000000000000000000, -1.000000000000000000, -0.000000000000000000 ) ) ;
#933 = CARTESIAN_POINT ( 'NONE',  ( -122.7045614683640622, -5.000000000000000000, 25.27079167095700640 ) ) ;
#934 = CARTESIAN_POINT ( 'NONE',  ( 107.6880665565437880, -5.000000000000000000, 23.63822177457588225 ) ) ;
#935 = ORIENTED_EDGE ( 'NONE', *, *, #3464, .F. ) ;
#936 = EDGE_CURVE ( 'NONE', #2394, #2242, #1606, .T. ) ;
#937 = ORIENTED_EDGE ( 'NONE', *, *, #7943, .T. ) ;
#938 = AXIS2_PLACEMENT_3D ( 'NONE', #4199, #424, #3359 ) ;
#939 = LINE ( 'NONE', #191, #7586 ) ;
#940 = ORIENTED_EDGE ( 'NONE', *, *, #6686, .T. ) ;
#941 = CARTESIAN_POINT ( 'NONE',  ( -150.0000000000000000, 5.000000000000000000, 20.24999999999999645 ) ) ;
#942 = EDGE_LOOP ( 'NONE', ( #7696, #6349, #5185, #5219 ) ) ;
#943 = VERTEX_POINT ( 'NONE', #2833 ) ;
#944 = DIRECTION ( 'NONE',  ( 0.000000000000000000, 0.000000000000000000, 1.000000000000000000 ) ) ;
#945 = CYLINDRICAL_SURFACE ( 'NONE', #4705, 19.87399999999006539 ) ;
#946 = ORIENTED_EDGE ( 'NONE', *, *, #5866, .T. ) ;
#947 = EDGE_CURVE ( 'NONE', #5229, #6180, #6578, .T. ) ;
#948 = ORIENTED_EDGE ( 'NONE', *, *, #692, .F. ) ;
#949 = VERTEX_POINT ( 'NONE', #3343 ) ;
#950 = DIRECTION ( 'NONE',  ( -0.000000000000000000, 1.000000000000000000, -0.000000000000000000 ) ) ;
#951 = ORIENTED_EDGE ( 'NONE', *, *, #7308, .F. ) ;
#952 = DIRECTION ( 'NONE',  ( 0.000000000000000000, 0.000000000000000000, 1.000000000000000000 ) ) ;
#953 = DIRECTION ( 'NONE',  ( 0.000000000000000000, 0.000000000000000000, 1.000000000000000000 ) ) ;
#954 = CARTESIAN_POINT ( 'NONE',  ( -98.96016858807848848, 5.000000000000000000, 43.50000000000000000 ) ) ;
#955 = ADVANCED_FACE ( 'NONE', ( #7420 ), #8912, .T. ) ;
#956 = PLANE ( 'NONE',  #5676 ) ;
#957 = ORIENTED_EDGE ( 'NONE', *, *, #8110, .T. ) ;
#958 = AXIS2_PLACEMENT_3D ( 'NONE', #6061, #1482, #7627 ) ;
#959 = DIRECTION ( 'NONE',  ( 0.000000000000000000, 0.000000000000000000, 1.000000000000000000 ) ) ;
#960 = ORIENTED_EDGE ( 'NONE', *, *, #9505, .F. ) ;
#961 = DIRECTION ( 'NONE',  ( -0.000000000000000000, -1.000000000000000000, -0.000000000000000000 ) ) ;
#962 = DIRECTION ( 'NONE',  ( -0.000000000000000000, 1.000000000000000000, -0.000000000000000000 ) ) ;
#963 = CARTESIAN_POINT ( 'NONE',  ( -13.95471896279195256, -5.000000000000000000, 25.27079167095700996 ) ) ;
#964 = EDGE_LOOP ( 'NONE', ( #8336, #2390, #4581, #3077 ) ) ;
#965 = DIRECTION ( 'NONE',  ( -0.000000000000000000, 1.000000000000000000, -0.000000000000000000 ) ) ;
#966 = EDGE_CURVE ( 'NONE', #9405, #2366, #56, .T. ) ;
#967 = AXIS2_PLACEMENT_3D ( 'NONE', #9198, #869, #1767 ) ;
#968 = CARTESIAN_POINT ( 'NONE',  ( -41.71462083115812902, -5.000000000000000000, 23.63822177457588225 ) ) ;
#969 = FACE_OUTER_BOUND ( 'NONE', #6189, .T. ) ;
#970 = CIRCLE ( 'NONE', #1132, 8.699999999995645439 ) ;
#971 = PLANE ( 'NONE',  #1499 ) ;
#972 = EDGE_LOOP ( 'NONE', ( #7206, #296, #4904, #8888 ) ) ;
#973 = CARTESIAN_POINT ( 'NONE',  ( -106.2476606195603921, 5.000000000000000000, 20.24999999999999289 ) ) ;
#974 = DIRECTION ( 'NONE',  ( -0.000000000000000000, 1.000000000000000000, -0.000000000000000000 ) ) ;
#975 = ORIENTED_EDGE ( 'NONE', *, *, #8584, .F. ) ;
#976 = DIRECTION ( 'NONE',  ( -0.000000000000000000, 1.000000000000000000, -0.000000000000000000 ) ) ;
#977 = CARTESIAN_POINT ( 'NONE',  ( -150.0000000000000000, 5.000000000000000000, 20.24999999999999645 ) ) ;
#978 = EDGE_CURVE ( 'NONE', #2638, #7341, #9562, .T. ) ;
#979 = CARTESIAN_POINT ( 'NONE',  ( -150.0000000000000000, 5.000000000000000000, 20.24999999999999645 ) ) ;
#980 = ORIENTED_EDGE ( 'NONE', *, *, #8543, .T. ) ;
#981 = AXIS2_PLACEMENT_3D ( 'NONE', #7170, #9465, #4168 ) ;
#982 = VERTEX_POINT ( 'NONE', #2731 ) ;
#983 = DIRECTION ( 'NONE',  ( 0.000000000000000000, 0.000000000000000000, 1.000000000000000000 ) ) ;
#984 = ORIENTED_EDGE ( 'NONE', *, *, #5020, .T. ) ;
#985 = CARTESIAN_POINT ( 'NONE',  ( -134.5219945018685337, -5.000000000000000000, 20.24999999999999289 ) ) ;
#986 = ORIENTED_EDGE ( 'NONE', *, *, #9553, .T. ) ;
#987 = ORIENTED_EDGE ( 'NONE', *, *, #8566, .T. ) ;
#988 = EDGE_CURVE ( 'NONE', #7814, #4595, #5452, .T. ) ;
#989 = CARTESIAN_POINT ( 'NONE',  ( -94.06533162933166636, -5.000000000000000000, 25.27079167095700996 ) ) ;
#990 = ADVANCED_FACE ( 'NONE', ( #1284 ), #5909, .T. ) ;
#991 = CARTESIAN_POINT ( 'NONE',  ( 190.0000000000000000, 5.000000000000000000, -60.00000000000000000 ) ) ;
#992 = ORIENTED_EDGE ( 'NONE', *, *, #4754, .F. ) ;
#993 = VERTEX_POINT ( 'NONE', #1332 ) ;
#994 = EDGE_LOOP ( 'NONE', ( #8100, #6051, #6970, #3028 ) ) ;
#995 = AXIS2_PLACEMENT_3D ( 'NONE', #2595, #8675, #3192 ) ;
#996 = DIRECTION ( 'NONE',  ( -0.000000000000000000, 1.000000000000000000, -0.000000000000000000 ) ) ;
#997 = EDGE_LOOP ( 'NONE', ( #4610, #9500, #9028, #8468 ) ) ;
#998 = EDGE_CURVE ( 'NONE', #4657, #5697, #8080, .T. ) ;
#999 = CYLINDRICAL_SURFACE ( 'NONE', #1471, 8.699999999995645439 ) ;
#1000 = CARTESIAN_POINT ( 'NONE',  ( -127.4169504487487359, 5.000000000000000000, 25.27079167095700640 ) ) ;
#1001 = DIRECTION ( 'NONE',  ( -1.272130549049658700E-16, 0.000000000000000000, -1.000000000000000000 ) ) ;
#1002 = ORIENTED_EDGE ( 'NONE', *, *, #8133, .T. ) ;
#1003 = VECTOR ( 'NONE', #1234, 1000.000000000000000 ) ;
#1004 = FACE_OUTER_BOUND ( 'NONE', #7028, .T. ) ;
#1005 = ORIENTED_EDGE ( 'NONE', *, *, #7172, .T. ) ;
#1006 = DIRECTION ( 'NONE',  ( -0.000000000000000000, -1.000000000000000000, -0.000000000000000000 ) ) ;
#1007 = CIRCLE ( 'NONE', #9283, 8.699999999995648992 ) ;
#1009 = VECTOR ( 'NONE', #5266, 1000.000000000000000 ) ;
#1008 = DIRECTION ( 'NONE',  ( -0.000000000000000000, 1.000000000000000000, -0.000000000000000000 ) ) ;
#1010 = CARTESIAN_POINT ( 'NONE',  ( 190.0000000000000000, 5.000000000000000000, 60.00000000000000000 ) ) ;
#1011 = CARTESIAN_POINT ( 'NONE',  ( 149.0000000000000000, -5.000000000000000000, -24.00000000000000355 ) ) ;
#1012 = EDGE_LOOP ( 'NONE', ( #5992, #1327, #7132, #8231 ) ) ;
#1013 = CARTESIAN_POINT ( 'NONE',  ( -4.712388980384689674, -5.000000000000000000, 43.50000000000000000 ) ) ;
#1014 = DIRECTION ( 'NONE',  ( -1.000000000000000000, 0.000000000000000000, 1.272130549049658700E-16 ) ) ;
#1015 = CIRCLE ( 'NONE', #2915, 19.87399999999006539 ) ;
#1016 = CIRCLE ( 'NONE', #6265, 1.000000000000000888 ) ;
#1017 = DIRECTION ( 'NONE',  ( -1.272130549049658700E-16, 0.000000000000000000, -1.000000000000000000 ) ) ;
#1018 = EDGE_CURVE ( 'NONE', #69, #1504, #5141, .T. ) ;
#1019 = LINE ( 'NONE', #4052, #4040 ) ;
#1020 = VERTEX_POINT ( 'NONE', #4094 ) ;
#1021 = DIRECTION ( 'NONE',  ( 0.000000000000000000, 0.000000000000000000, 1.000000000000000000 ) ) ;
#1022 = DIRECTION ( 'NONE',  ( 1.000000000000000000, 0.000000000000000000, -1.272130549049658700E-16 ) ) ;
#1023 = ORIENTED_EDGE ( 'NONE', *, *, #7182, .T. ) ;
#1024 = CIRCLE ( 'NONE', #2610, 19.87399999999006539 ) ;
#1025 = DIRECTION ( 'NONE',  ( -0.000000000000000000, -1.000000000000000000, -0.000000000000000000 ) ) ;
#1026 = CARTESIAN_POINT ( 'NONE',  ( -8.727897968465303080, 5.000000000000000000, 23.63822177457588225 ) ) ;
#1027 = LINE ( 'NONE', #3173, #4075 ) ;
#1028 = ORIENTED_EDGE ( 'NONE', *, *, #6473, .F. ) ;
#1029 = ORIENTED_EDGE ( 'NONE', *, *, #860, .T. ) ;
#1030 = CIRCLE ( 'NONE', #6603, 19.87399999999006539 ) ;
#1031 = CARTESIAN_POINT ( 'NONE',  ( -150.0000000000000000, 5.000000000000000000, 20.24999999999999645 ) ) ;
#1032 = EDGE_CURVE ( 'NONE', #9598, #3488, #2124, .T. ) ;
#1033 = ORIENTED_EDGE ( 'NONE', *, *, #4093, .T. ) ;
#1034 = CIRCLE ( 'NONE', #3886, 8.699999999995645439 ) ;
#1035 = DIRECTION ( 'NONE',  ( 0.000000000000000000, 1.000000000000000000, 0.000000000000000000 ) ) ;
#1036 = ORIENTED_EDGE ( 'NONE', *, *, #5946, .F. ) ;
#1037 = EDGE_LOOP ( 'NONE', ( #3779, #8191, #7796, #4494 ) ) ;
#1038 = DIRECTION ( 'NONE',  ( 0.000000000000000000, 0.000000000000000000, 1.000000000000000000 ) ) ;
#1039 = DIRECTION ( 'NONE',  ( 0.000000000000000000, -1.000000000000000000, 0.000000000000000000 ) ) ;
#1040 = ADVANCED_FACE ( 'NONE', ( #4320 ), #4371, .T. ) ;
#1041 = VERTEX_POINT ( 'NONE', #7140 ) ;
#1042 = VECTOR ( 'NONE', #4416, 1000.000000000000000 ) ;
#1043 = VERTEX_POINT ( 'NONE', #8811 ) ;
#1044 = ADVANCED_FACE ( 'NONE', ( #1004 ), #8956, .T. ) ;
#1045 = VECTOR ( 'NONE', #1601, 1000.000000000000000 ) ;
#1046 = VERTEX_POINT ( 'NONE', #6622 ) ;
#1047 = CIRCLE ( 'NONE', #7259, 19.87399999999006539 ) ;
#1048 = VECTOR ( 'NONE', #5306, 1000.000000000000000 ) ;
#1049 = DIRECTION ( 'NONE',  ( -0.000000000000000000, -1.000000000000000000, -0.000000000000000000 ) ) ;
#1050 = ORIENTED_EDGE ( 'NONE', *, *, #791, .F. ) ;
#1051 = CARTESIAN_POINT ( 'NONE',  ( 113.7942155215366284, -5.000000000000000000, 23.63822177457588225 ) ) ;
#1052 = CARTESIAN_POINT ( 'NONE',  ( -63.39834267428844328, -5.000000000000000000, 20.24999999999999289 ) ) ;
#1053 = DIRECTION ( 'NONE',  ( -0.000000000000000000, 1.000000000000000000, -0.000000000000000000 ) ) ;
#1054 = AXIS2_PLACEMENT_3D ( 'NONE', #2581, #7869, #983 ) ;
#1055 = ORIENTED_EDGE ( 'NONE', *, *, #327, .F. ) ;
#1056 = AXIS2_PLACEMENT_3D ( 'NONE', #3321, #5449, #187 ) ;
#1057 = AXIS2_PLACEMENT_3D ( 'NONE', #6911, #9250, #8603 ) ;
#1058 = EDGE_CURVE ( 'NONE', #2933, #3972, #215, .T. ) ;
#1059 = CARTESIAN_POINT ( 'NONE',  ( 122.7045614683640622, -5.000000000000000000, 25.27079167095700996 ) ) ;
#1060 = ORIENTED_EDGE ( 'NONE', *, *, #9218, .T. ) ;
#1061 = FACE_OUTER_BOUND ( 'NONE', #5566, .T. ) ;
#1062 = VECTOR ( 'NONE', #6493, 1000.000000000000000 ) ;
#1063 = AXIS2_PLACEMENT_3D ( 'NONE', #9142, #2316, #5350 ) ;
#1064 = PLANE ( 'NONE',  #2047 ) ;
#1065 = CARTESIAN_POINT ( 'NONE',  ( -121.8252334976978659, -5.000000000000000000, 23.63822177457588225 ) ) ;
#1066 = DIRECTION ( 'NONE',  ( 1.000000000000000000, 0.000000000000000000, -1.272130549049658700E-16 ) ) ;
#1067 = FACE_OUTER_BOUND ( 'NONE', #9751, .T. ) ;
#1068 = CARTESIAN_POINT ( 'NONE',  ( -150.0000000000000000, 5.000000000000000000, 20.24999999999999645 ) ) ;
#1069 = CARTESIAN_POINT ( 'NONE',  ( -96.82288265879101630, -5.000000000000000000, 20.24999999999999289 ) ) ;
#1070 = EDGE_CURVE ( 'NONE', #7881, #6236, #4975, .T. ) ;
#1071 = AXIS2_PLACEMENT_3D ( 'NONE', #2946, #1353, #5988 ) ;
#1072 = DIRECTION ( 'NONE',  ( -0.000000000000000000, 1.000000000000000000, -0.000000000000000000 ) ) ;
#1073 = CARTESIAN_POINT ( 'NONE',  ( 160.0000000000000000, 5.000000000000000000, 40.89999999999999858 ) ) ;
#1074 = ORIENTED_EDGE ( 'NONE', *, *, #6554, .F. ) ;
#1075 = DIRECTION ( 'NONE',  ( 0.000000000000000000, 0.000000000000000000, 1.000000000000000000 ) ) ;
#1076 = CARTESIAN_POINT ( 'NONE',  ( 68.54854877648287470, 5.000000000000000000, 20.24999999999999289 ) ) ;
#1077 = ORIENTED_EDGE ( 'NONE', *, *, #4018, .F. ) ;
#1078 = CARTESIAN_POINT ( 'NONE',  ( 190.0000000000000000, 5.000000000000000000, -49.99999999999999289 ) ) ;
#1079 = CIRCLE ( 'NONE', #2352, 19.87399999999006539 ) ;
#1080 = DIRECTION ( 'NONE',  ( -0.000000000000000000, -1.000000000000000000, -0.000000000000000000 ) ) ;
#1081 = FACE_OUTER_BOUND ( 'NONE', #3287, .T. ) ;
#1082 = EDGE_CURVE ( 'NONE', #3419, #4878, #9757, .T. ) ;
#1083 = CARTESIAN_POINT ( 'NONE',  ( -66.15589370374777900, 5.000000000000000000, 25.27079167095700640 ) ) ;
#1084 = CIRCLE ( 'NONE', #5535, 8.699999999995648992 ) ;
#1085 = LINE ( 'NONE', #6321, #857 ) ;
#1086 = ORIENTED_EDGE ( 'NONE', *, *, #8898, .T. ) ;
#1087 = VERTEX_POINT ( 'NONE', #1241 ) ;
#1088 = DIRECTION ( 'NONE',  ( 1.000000000000000000, 0.000000000000000000, -1.272130549049658700E-16 ) ) ;
#1089 = LINE ( 'NONE', #2726, #4545 ) ;
#1090 = AXIS2_PLACEMENT_3D ( 'NONE', #5540, #1008, #8354 ) ;
#1091 = ADVANCED_FACE ( 'NONE', ( #5580 ), #8629, .F. ) ;
#1092 = EDGE_LOOP ( 'NONE', ( #4474, #4596, #9208, #8126 ) ) ;
#1093 = ORIENTED_EDGE ( 'NONE', *, *, #5409, .F. ) ;
#1094 = CARTESIAN_POINT ( 'NONE',  ( -150.0000000000000000, -5.000000000000000000, 20.24999999999999645 ) ) ;
#1095 = ORIENTED_EDGE ( 'NONE', *, *, #7970, .F. ) ;
#1096 = EDGE_CURVE ( 'NONE', #3034, #4251, #8367, .T. ) ;
#1097 = DIRECTION ( 'NONE',  ( 0.000000000000000000, 0.000000000000000000, 1.000000000000000000 ) ) ;
#1098 = ORIENTED_EDGE ( 'NONE', *, *, #3924, .F. ) ;
#1099 = DIRECTION ( 'NONE',  ( 0.000000000000000000, 0.000000000000000000, 1.000000000000000000 ) ) ;
#1100 = LINE ( 'NONE', #4174, #2955 ) ;
#1101 = EDGE_CURVE ( 'NONE', #3488, #1302, #3823, .T. ) ;
#1102 = CARTESIAN_POINT ( 'NONE',  ( -60.56417675269688772, -5.000000000000000000, 23.63822177457588225 ) ) ;
#1103 = EDGE_LOOP ( 'NONE', ( #4922, #3900, #5815, #8963 ) ) ;
#1104 = ORIENTED_EDGE ( 'NONE', *, *, #5853, .F. ) ;
#1105 = DIRECTION ( 'NONE',  ( -0.000000000000000000, 1.000000000000000000, -0.000000000000000000 ) ) ;
#1106 = DIRECTION ( 'NONE',  ( 0.000000000000000000, 1.000000000000000000, -0.000000000000000000 ) ) ;
#1107 = DIRECTION ( 'NONE',  ( -0.000000000000000000, 1.000000000000000000, -0.000000000000000000 ) ) ;
#1108 = DIRECTION ( 'NONE',  ( 0.000000000000000000, 0.000000000000000000, 1.000000000000000000 ) ) ;
#1109 = EDGE_LOOP ( 'NONE', ( #7339, #6324, #931, #4441 ) ) ;
#1110 = ADVANCED_FACE ( 'NONE', ( #6171 ), #1483, .T. ) ;
#1111 = DIRECTION ( 'NONE',  ( 0.000000000000000000, 0.000000000000000000, 1.000000000000000000 ) ) ;
#1112 = EDGE_CURVE ( 'NONE', #5543, #8216, #5222, .T. ) ;
#1113 = DIRECTION ( 'NONE',  ( -1.000000000000000000, 0.000000000000000000, 1.272130549049658700E-16 ) ) ;
#1114 = CARTESIAN_POINT ( 'NONE',  ( -131.9468914507713180, -5.000000000000000000, 43.50000000000000000 ) ) ;
#1115 = CARTESIAN_POINT ( 'NONE',  ( 76.09510367845911105, -5.000000000000000000, 23.63822177457588225 ) ) ;
#1116 = ORIENTED_EDGE ( 'NONE', *, *, #5771, .T. ) ;
#1117 = CYLINDRICAL_SURFACE ( 'NONE', #1344, 8.699999999995645439 ) ;
#1118 = CARTESIAN_POINT ( 'NONE',  ( 150.0000000000000000, 5.000000000000000000, 20.24999999999995737 ) ) ;
#1119 = AXIS2_PLACEMENT_3D ( 'NONE', #6768, #8366, #2083 ) ;
#1120 = VERTEX_POINT ( 'NONE', #4517 ) ;
#1121 = EDGE_CURVE ( 'NONE', #4724, #5292, #96, .T. ) ;
#1122 = CARTESIAN_POINT ( 'NONE',  ( 84.82300164692441058, 5.000000000000000000, 43.50000000000000000 ) ) ;
#1123 = FACE_OUTER_BOUND ( 'NONE', #6837, .T. ) ;
#1124 = CYLINDRICAL_SURFACE ( 'NONE', #2497, 8.699999999995648992 ) ;
#1125 = AXIS2_PLACEMENT_3D ( 'NONE', #9109, #7516, #2280 ) ;
#1126 = CARTESIAN_POINT ( 'NONE',  ( 112.9148875508704322, -5.000000000000000000, 25.27079167095700640 ) ) ;
#1127 = CARTESIAN_POINT ( 'NONE',  ( -72.82312063505781907, -5.000000000000000000, 20.24999999999999289 ) ) ;
#1128 = EDGE_LOOP ( 'NONE', ( #3512, #5730, #4420, #7164 ) ) ;
#1129 = VERTEX_POINT ( 'NONE', #7573 ) ;
#1130 = CARTESIAN_POINT ( 'NONE',  ( 149.0000000000000000, 5.000000000000000000, 20.24999999999995737 ) ) ;
#1131 = DIRECTION ( 'NONE',  ( -1.000000000000000000, 0.000000000000000000, 1.272130549049658700E-16 ) ) ;
#1132 = AXIS2_PLACEMENT_3D ( 'NONE', #419, #3497, #9439 ) ;
#1133 = CARTESIAN_POINT ( 'NONE',  ( -150.0000000000000000, -5.000000000000000000, 20.24999999999999645 ) ) ;
#1134 = ORIENTED_EDGE ( 'NONE', *, *, #6302, .F. ) ;
#1135 = ORIENTED_EDGE ( 'NONE', *, *, #201, .T. ) ;
#1136 = CARTESIAN_POINT ( 'NONE',  ( -13.44028694884999275, -5.000000000000000000, 23.63822177457588225 ) ) ;
#1137 = EDGE_LOOP ( 'NONE', ( #1585, #565 ) ) ;
#1138 = EDGE_CURVE ( 'NONE', #4809, #2865, #5778, .T. ) ;
#1139 = CARTESIAN_POINT ( 'NONE',  ( 145.9016104135632474, -5.000000000000000000, 25.27079167095700640 ) ) ;
#1140 = VERTEX_POINT ( 'NONE', #2187 ) ;
#1141 = CARTESIAN_POINT ( 'NONE',  ( 84.12612165462033431, 5.000000000000000000, 23.63822177457588225 ) ) ;
#1142 = DIRECTION ( 'NONE',  ( 0.000000000000000000, 0.000000000000000000, 1.000000000000000000 ) ) ;
#1143 = EDGE_CURVE ( 'NONE', #2735, #6383, #833, .T. ) ;
#1144 = DIRECTION ( 'NONE',  ( 0.000000000000000000, 0.000000000000000000, 1.000000000000000000 ) ) ;
#1145 = VERTEX_POINT ( 'NONE', #5367 ) ;
#1146 = CIRCLE ( 'NONE', #9270, 1.000000000000000888 ) ;
#1147 = VERTEX_POINT ( 'NONE', #740 ) ;
#1148 = EDGE_CURVE ( 'NONE', #5693, #3217, #7472, .T. ) ;
#1149 = DIRECTION ( 'NONE',  ( 0.000000000000000000, 0.000000000000000000, 1.000000000000000000 ) ) ;
#1150 = CARTESIAN_POINT ( 'NONE',  ( -92.11049367840631419, -5.000000000000000000, 20.24999999999999289 ) ) ;
#1151 = CARTESIAN_POINT ( 'NONE',  ( -56.73111574297840320, -5.000000000000000000, 25.27079167095700640 ) ) ;
#1152 = DIRECTION ( 'NONE',  ( -0.000000000000000000, -1.000000000000000000, -0.000000000000000000 ) ) ;
#1153 = DIRECTION ( 'NONE',  ( 0.000000000000000000, 0.000000000000000000, 1.000000000000000000 ) ) ;
#1154 = DIRECTION ( 'NONE',  ( 0.000000000000000000, 0.000000000000000000, 1.000000000000000000 ) ) ;
#1155 = CARTESIAN_POINT ( 'NONE',  ( 61.07860876663885108, -5.000000000000000000, 25.27079167095700640 ) ) ;
#1156 = EDGE_CURVE ( 'NONE', #5274, #5378, #9860, .T. ) ;
#1157 = ADVANCED_FACE ( 'NONE', ( #8417 ), #9164, .T. ) ;
#1159 = CARTESIAN_POINT ( 'NONE',  ( 37.69911184307751739, -5.000000000000000000, 43.50000000000000000 ) ) ;
#1158 = CIRCLE ( 'NONE', #9776, 8.699999999995645439 ) ;
#1160 = EDGE_CURVE ( 'NONE', #2261, #6514, #3878, .T. ) ;
#1161 = CIRCLE ( 'NONE', #6256, 8.699999999995645439 ) ;
#1162 = DIRECTION ( 'NONE',  ( -0.000000000000000000, -1.000000000000000000, -0.000000000000000000 ) ) ;
#1163 = ORIENTED_EDGE ( 'NONE', *, *, #4754, .T. ) ;
#1164 = CARTESIAN_POINT ( 'NONE',  ( -150.0000000000000000, -5.000000000000000000, 20.24999999999999645 ) ) ;
#1165 = DIRECTION ( 'NONE',  ( 1.000000000000000000, 0.000000000000000000, -1.272130549049658700E-16 ) ) ;
#1166 = ORIENTED_EDGE ( 'NONE', *, *, #6772, .F. ) ;
#1167 = CARTESIAN_POINT ( 'NONE',  ( 146.0840583919253675, 5.000000000000000000, 43.50000000000000000 ) ) ;
#1168 = DIRECTION ( 'NONE',  ( 0.000000000000000000, 0.000000000000000000, 1.000000000000000000 ) ) ;
#1169 = FACE_OUTER_BOUND ( 'NONE', #5429, .T. ) ;
#1170 = AXIS2_PLACEMENT_3D ( 'NONE', #8178, #2202, #8132 ) ;
#1171 = ADVANCED_FACE ( 'NONE', ( #9016 ), #7628, .T. ) ;
#1172 = CARTESIAN_POINT ( 'NONE',  ( 160.0000000000000000, 5.000000000000000000, -39.89999999999999858 ) ) ;
#1173 = DIRECTION ( 'NONE',  ( -0.000000000000000000, -1.000000000000000000, -0.000000000000000000 ) ) ;
#1174 = ORIENTED_EDGE ( 'NONE', *, *, #2621, .T. ) ;
#1175 = CIRCLE ( 'NONE', #9302, 19.87399999999006539 ) ;
#1176 = ORIENTED_EDGE ( 'NONE', *, *, #6532, .F. ) ;
#1177 = LINE ( 'NONE', #1978, #1994 ) ;
#1178 = DIRECTION ( 'NONE',  ( 0.000000000000000000, 0.000000000000000000, 1.000000000000000000 ) ) ;
#1179 = LINE ( 'NONE', #3473, #6461 ) ;
#1180 = VERTEX_POINT ( 'NONE', #1588 ) ;
#1181 = CIRCLE ( 'NONE', #6752, 8.699999999995648992 ) ;
#1182 = ORIENTED_EDGE ( 'NONE', *, *, #4512, .F. ) ;
#1183 = CIRCLE ( 'NONE', #3232, 19.87399999999006539 ) ;
#1184 = AXIS2_PLACEMENT_3D ( 'NONE', #8977, #8881, #2056 ) ;
#1185 = ADVANCED_FACE ( 'NONE', ( #684 ), #4613, .T. ) ;
#1186 = DIRECTION ( 'NONE',  ( -0.000000000000000000, -1.000000000000000000, -0.000000000000000000 ) ) ;
#1187 = ORIENTED_EDGE ( 'NONE', *, *, #3297, .F. ) ;
#1188 = CARTESIAN_POINT ( 'NONE',  ( 117.8097245096172401, -5.000000000000000000, 43.50000000000000000 ) ) ;
#1189 = ORIENTED_EDGE ( 'NONE', *, *, #8270, .T. ) ;
#1190 = AXIS2_PLACEMENT_3D ( 'NONE', #7452, #1416, #3804 ) ;
#1191 = CIRCLE ( 'NONE', #3096, 10.00000000000000178 ) ;
#1192 = CARTESIAN_POINT ( 'NONE',  ( 57.24554775692035236, 5.000000000000000000, 23.63822177457588225 ) ) ;
#1193 = CARTESIAN_POINT ( 'NONE',  ( 136.8417284095181117, 5.000000000000000000, 25.27079167095700996 ) ) ;
#1194 = CIRCLE ( 'NONE', #9633, 19.87399999999006539 ) ;
#1195 = CYLINDRICAL_SURFACE ( 'NONE', #1395, 19.87399999999006539 ) ;
#1196 = ORIENTED_EDGE ( 'NONE', *, *, #1265, .F. ) ;
#1197 = ADVANCED_FACE ( 'NONE', ( #2384 ), #8218, .T. ) ;
#1198 = VECTOR ( 'NONE', #8924, 1000.000000000000000 ) ;
#1199 = CIRCLE ( 'NONE', #405, 8.699999999995648992 ) ;
#1200 = ORIENTED_EDGE ( 'NONE', *, *, #7136, .F. ) ;
#1201 = DIRECTION ( 'NONE',  ( 0.000000000000000000, 0.000000000000000000, 1.000000000000000000 ) ) ;
#1202 = CARTESIAN_POINT ( 'NONE',  ( -131.2500114584672417, -5.000000000000000000, 23.63822177457588225 ) ) ;
#1203 = LINE ( 'NONE', #9625, #8201 ) ;
#1204 = CARTESIAN_POINT ( 'NONE',  ( -39.83639777236498958, -5.000000000000000000, 20.24999999999999289 ) ) ;
#1205 = ORIENTED_EDGE ( 'NONE', *, *, #4081, .F. ) ;
#1206 = VECTOR ( 'NONE', #3128, 1000.000000000000000 ) ;
#1208 = CARTESIAN_POINT ( 'NONE',  ( -99.14261656644060849, -5.000000000000000000, 25.27079167095700640 ) ) ;
#1207 = CIRCLE ( 'NONE', #5024, 19.87399999999006539 ) ;
#1209 = AXIS2_PLACEMENT_3D ( 'NONE', #675, #8905, #5160 ) ;
#1210 = DIRECTION ( 'NONE',  ( -0.000000000000000000, 1.000000000000000000, -0.000000000000000000 ) ) ;
#1211 = VERTEX_POINT ( 'NONE', #2980 ) ;
#1212 = EDGE_CURVE ( 'NONE', #9427, #5563, #6016, .T. ) ;
#1213 = AXIS2_PLACEMENT_3D ( 'NONE', #9624, #5037, #4332 ) ;
#1214 = CYLINDRICAL_SURFACE ( 'NONE', #5421, 8.699999999995648992 ) ;
#1215 = VERTEX_POINT ( 'NONE', #6974 ) ;
#1216 = VECTOR ( 'NONE', #5405, 1000.000000000000000 ) ;
#1217 = CARTESIAN_POINT ( 'NONE',  ( 61.07860876663885108, 5.000000000000000000, 25.27079167095700640 ) ) ;
#1218 = EDGE_LOOP ( 'NONE', ( #4001, #6196, #5164, #7443 ) ) ;
#1219 = ADVANCED_FACE ( 'NONE', ( #7119 ), #297, .T. ) ;
#1220 = CARTESIAN_POINT ( 'NONE',  ( -19.03200389990087871, -5.000000000000000000, 25.27079167095700640 ) ) ;
#1221 = LINE ( 'NONE', #4253, #2209 ) ;
#1222 = ORIENTED_EDGE ( 'NONE', *, *, #7321, .F. ) ;
#1223 = DIRECTION ( 'NONE',  ( -1.000000000000000000, 0.000000000000000000, 1.272130549049658700E-16 ) ) ;
#1224 = DIRECTION ( 'NONE',  ( -0.000000000000000000, 1.000000000000000000, -0.000000000000000000 ) ) ;
#1225 = DIRECTION ( 'NONE',  ( 0.000000000000000000, 0.000000000000000000, 1.000000000000000000 ) ) ;
#1226 = CIRCLE ( 'NONE', #1552, 8.699999999995645439 ) ;
#1227 = EDGE_CURVE ( 'NONE', #510, #8148, #4981, .T. ) ;
#1228 = DIRECTION ( 'NONE',  ( -1.272130549049658700E-16, 0.000000000000000000, -1.000000000000000000 ) ) ;
#1229 = DIRECTION ( 'NONE',  ( -1.272130549049658700E-16, 0.000000000000000000, -1.000000000000000000 ) ) ;
#1230 = VERTEX_POINT ( 'NONE', #8459 ) ;
#1231 = VECTOR ( 'NONE', #6886, 1000.000000000000000 ) ;
#1232 = ORIENTED_EDGE ( 'NONE', *, *, #6392, .F. ) ;
#1233 = CARTESIAN_POINT ( 'NONE',  ( -47.82076979615097656, -5.000000000000000000, 23.63822177457588225 ) ) ;
#1234 = DIRECTION ( 'NONE',  ( 1.000000000000000000, 0.000000000000000000, -1.272130549049658700E-16 ) ) ;
#1235 = FACE_OUTER_BOUND ( 'NONE', #5355, .T. ) ;
#1236 = ADVANCED_FACE ( 'NONE', ( #2582 ), #242, .T. ) ;
#1237 = ORIENTED_EDGE ( 'NONE', *, *, #2236, .F. ) ;
#1238 = VERTEX_POINT ( 'NONE', #985 ) ;
#1239 = AXIS2_PLACEMENT_3D ( 'NONE', #8678, #1001, #4034 ) ;
#1240 = CARTESIAN_POINT ( 'NONE',  ( -94.24777960769378637, 5.000000000000000000, 43.50000000000000000 ) ) ;
#1241 = CARTESIAN_POINT ( 'NONE',  ( -77.53550961544250697, 5.000000000000000000, 20.24999999999999289 ) ) ;
#1242 = ORIENTED_EDGE ( 'NONE', *, *, #8875, .F. ) ;
#1243 = DIRECTION ( 'NONE',  ( -0.000000000000000000, 1.000000000000000000, -0.000000000000000000 ) ) ;
#1244 = VERTEX_POINT ( 'NONE', #1740 ) ;
#1245 = CIRCLE ( 'NONE', #4582, 8.699999999995645439 ) ;
#1246 = CARTESIAN_POINT ( 'NONE',  ( 136.6592804311559917, -5.000000000000000000, 43.50000000000000000 ) ) ;
#1247 = ADVANCED_FACE ( 'NONE', ( #9365 ), #7163, .T. ) ;
#1248 = CYLINDRICAL_SURFACE ( 'NONE', #6972, 8.699999999995645439 ) ;
#1249 = ORIENTED_EDGE ( 'NONE', *, *, #8833, .T. ) ;
#1250 = AXIS2_PLACEMENT_3D ( 'NONE', #515, #7453, #622 ) ;
#1251 = ORIENTED_EDGE ( 'NONE', *, *, #1271, .F. ) ;
#1252 = DIRECTION ( 'NONE',  ( -0.000000000000000000, -1.000000000000000000, -0.000000000000000000 ) ) ;
#1253 = EDGE_CURVE ( 'NONE', #1965, #2420, #8565, .T. ) ;
#1254 = DIRECTION ( 'NONE',  ( 0.000000000000000000, 0.000000000000000000, 1.000000000000000000 ) ) ;
#1255 = CARTESIAN_POINT ( 'NONE',  ( -88.83851063500503642, -5.000000000000000000, 23.63822177457588225 ) ) ;
#1256 = LINE ( 'NONE', #3492, #8353 ) ;
#1257 = CARTESIAN_POINT ( 'NONE',  ( 47.12388980384689319, 5.000000000000000000, 43.50000000000000000 ) ) ;
#1258 = DIRECTION ( 'NONE',  ( -1.000000000000000000, 0.000000000000000000, 1.272130549049658700E-16 ) ) ;
#1259 = FACE_OUTER_BOUND ( 'NONE', #8666, .T. ) ;
#1260 = ORIENTED_EDGE ( 'NONE', *, *, #9824, .T. ) ;
#1261 = DIRECTION ( 'NONE',  ( -0.000000000000000000, -1.000000000000000000, -0.000000000000000000 ) ) ;
#1262 = VERTEX_POINT ( 'NONE', #4661 ) ;
#1263 = CYLINDRICAL_SURFACE ( 'NONE', #544, 19.87399999999006539 ) ;
#1264 = ORIENTED_EDGE ( 'NONE', *, *, #7004, .T. ) ;
#1265 = EDGE_CURVE ( 'NONE', #7623, #4612, #5460, .T. ) ;
#1266 = DIRECTION ( 'NONE',  ( 0.000000000000000000, 0.000000000000000000, 1.000000000000000000 ) ) ;
#1267 = LINE ( 'NONE', #6550, #614 ) ;
#1268 = ORIENTED_EDGE ( 'NONE', *, *, #2006, .F. ) ;
#1269 = CARTESIAN_POINT ( 'NONE',  ( 25.69923083121092233, 5.000000000000000000, 20.24999999999997513 ) ) ;
#1270 = DIRECTION ( 'NONE',  ( 0.000000000000000000, 0.000000000000000000, 1.000000000000000000 ) ) ;
#1271 = EDGE_CURVE ( 'NONE', #6149, #4925, #3973, .T. ) ;
#1272 = CARTESIAN_POINT ( 'NONE',  ( 200.0000000000000000, 5.000000000000000000, -49.99999999999999289 ) ) ;
#1273 = CARTESIAN_POINT ( 'NONE',  ( 0.1824479783621157925, -5.000000000000000000, 25.27079167095700996 ) ) ;
#1274 = ORIENTED_EDGE ( 'NONE', *, *, #3520, .F. ) ;
#1275 = ADVANCED_FACE ( 'NONE', ( #5457 ), #3222, .T. ) ;
#1276 = DIRECTION ( 'NONE',  ( 1.000000000000000000, 0.000000000000000000, -1.272130549049658700E-16 ) ) ;
#1277 = ORIENTED_EDGE ( 'NONE', *, *, #5334, .F. ) ;
#1278 = DIRECTION ( 'NONE',  ( 0.000000000000000000, 0.000000000000000000, 1.000000000000000000 ) ) ;
#1279 = FACE_OUTER_BOUND ( 'NONE', #8573, .T. ) ;
#1280 = DIRECTION ( 'NONE',  ( -0.000000000000000000, 1.000000000000000000, -0.000000000000000000 ) ) ;
#1281 = ORIENTED_EDGE ( 'NONE', *, *, #1616, .F. ) ;
#1282 = EDGE_LOOP ( 'NONE', ( #3504, #5422, #5365, #9764 ) ) ;
#1283 = DIRECTION ( 'NONE',  ( 0.000000000000000000, 1.000000000000000000, -0.000000000000000000 ) ) ;
#1284 = FACE_OUTER_BOUND ( 'NONE', #1342, .T. ) ;
#1285 = EDGE_CURVE ( 'NONE', #331, #1120, #7541, .T. ) ;
#1286 = ORIENTED_EDGE ( 'NONE', *, *, #3910, .T. ) ;
#1287 = EDGE_CURVE ( 'NONE', #467, #9069, #1016, .T. ) ;
#1288 = FACE_OUTER_BOUND ( 'NONE', #6181, .T. ) ;
#1289 = ORIENTED_EDGE ( 'NONE', *, *, #842, .T. ) ;
#1290 = CARTESIAN_POINT ( 'NONE',  ( 103.8550055468252964, -5.000000000000000000, 25.27079167095700996 ) ) ;
#1291 = LINE ( 'NONE', #8172, #5055 ) ;
#1292 = ORIENTED_EDGE ( 'NONE', *, *, #4842, .T. ) ;
#1293 = AXIS2_PLACEMENT_3D ( 'NONE', #9579, #5781, #4897 ) ;
#1294 = EDGE_CURVE ( 'NONE', #7030, #4225, #1085, .T. ) ;
#1295 = VERTEX_POINT ( 'NONE', #4118 ) ;
#1296 = CARTESIAN_POINT ( 'NONE',  ( 65.79099774702353898, -5.000000000000000000, 25.27079167095700640 ) ) ;
#1297 = DIRECTION ( 'NONE',  ( -0.000000000000000000, 1.000000000000000000, -0.000000000000000000 ) ) ;
#1298 = CARTESIAN_POINT ( 'NONE',  ( -47.30633778220901320, -5.000000000000000000, 25.27079167095700640 ) ) ;
#1299 = DIRECTION ( 'NONE',  ( 0.000000000000000000, 0.000000000000000000, 1.000000000000000000 ) ) ;
#1300 = DIRECTION ( 'NONE',  ( -0.000000000000000000, 1.000000000000000000, -0.000000000000000000 ) ) ;
#1301 =( NAMED_UNIT ( * ) SI_UNIT ( $, .STERADIAN. ) SOLID_ANGLE_UNIT ( ) );
#1302 = VERTEX_POINT ( 'NONE', #2487 ) ;
#1303 = EDGE_CURVE ( 'NONE', #7274, #5705, #4769, .T. ) ;
#1304 = FACE_OUTER_BOUND ( 'NONE', #2647, .T. ) ;
#1305 = ORIENTED_EDGE ( 'NONE', *, *, #4425, .T. ) ;
#1306 = DIRECTION ( 'NONE',  ( -0.000000000000000000, 1.000000000000000000, -0.000000000000000000 ) ) ;
#1307 = ORIENTED_EDGE ( 'NONE', *, *, #8934, .F. ) ;
#1308 = CIRCLE ( 'NONE', #1793, 8.699999999995648992 ) ;
#1309 = CARTESIAN_POINT ( 'NONE',  ( 190.0000000000000000, -5.000000000000000000, -60.00000000000000000 ) ) ;
#1310 = LINE ( 'NONE', #9691, #775 ) ;
#1311 = ORIENTED_EDGE ( 'NONE', *, *, #9707, .T. ) ;
#1312 = DIRECTION ( 'NONE',  ( -0.000000000000000000, 1.000000000000000000, -0.000000000000000000 ) ) ;
#1313 = CARTESIAN_POINT ( 'NONE',  ( 28.97121387461221431, -5.000000000000000000, 23.63822177457588225 ) ) ;
#1314 = EDGE_CURVE ( 'NONE', #1786, #59, #534, .T. ) ;
#1315 = VECTOR ( 'NONE', #3782, 1000.000000000000000 ) ;
#1316 = CARTESIAN_POINT ( 'NONE',  ( 132.6437714430753942, 5.000000000000000000, 23.63822177457588225 ) ) ;
#1317 = LINE ( 'NONE', #4354, #8508 ) ;
#1318 = ORIENTED_EDGE ( 'NONE', *, *, #7678, .T. ) ;
#1319 = DIRECTION ( 'NONE',  ( -0.000000000000000000, 1.000000000000000000, -0.000000000000000000 ) ) ;
#1320 = ORIENTED_EDGE ( 'NONE', *, *, #797, .F. ) ;
#1321 = CIRCLE ( 'NONE', #378, 19.87399999999006539 ) ;
#1322 = DIRECTION ( 'NONE',  ( -0.000000000000000000, -1.000000000000000000, -0.000000000000000000 ) ) ;
#1323 = CARTESIAN_POINT ( 'NONE',  ( -141.1892214331785738, -5.000000000000000000, 25.27079167095700996 ) ) ;
#1324 = AXIS2_PLACEMENT_3D ( 'NONE', #3893, #211, #3152 ) ;
#1325 = FACE_OUTER_BOUND ( 'NONE', #5865, .T. ) ;
#1326 = ORIENTED_EDGE ( 'NONE', *, *, #3245, .T. ) ;
#1327 = ORIENTED_EDGE ( 'NONE', *, *, #4509, .F. ) ;
#1328 = EDGE_CURVE ( 'NONE', #2814, #151, #6428, .T. ) ;
#1329 = AXIS2_PLACEMENT_3D ( 'NONE', #5277, #8878, #8325 ) ;
#1330 = CIRCLE ( 'NONE', #2611, 19.87399999999006539 ) ;
#1331 = FACE_OUTER_BOUND ( 'NONE', #5019, .T. ) ;
#1332 = CARTESIAN_POINT ( 'NONE',  ( -69.98895471346628483, 5.000000000000000000, 23.63822177457588225 ) ) ;
#1333 = ORIENTED_EDGE ( 'NONE', *, *, #9318, .T. ) ;
#1334 = CARTESIAN_POINT ( 'NONE',  ( 129.8096055214838600, -5.000000000000000000, 20.24999999999999289 ) ) ;
#1335 = ORIENTED_EDGE ( 'NONE', *, *, #2588, .F. ) ;
#1336 = EDGE_CURVE ( 'NONE', #249, #322, #1815, .T. ) ;
#1337 = LINE ( 'NONE', #6831, #2435 ) ;
#1338 = AXIS2_PLACEMENT_3D ( 'NONE', #7937, #5763, #1097 ) ;
#1339 = VECTOR ( 'NONE', #5551, 1000.000000000000000 ) ;
#1340 = VECTOR ( 'NONE', #4438, 1000.000000000000000 ) ;
#1341 = DIRECTION ( 'NONE',  ( -0.000000000000000000, 1.000000000000000000, -0.000000000000000000 ) ) ;
#1342 = EDGE_LOOP ( 'NONE', ( #1176, #6172, #3948, #635 ) ) ;
#1343 = EDGE_CURVE ( 'NONE', #2401, #7737, #9765, .T. ) ;
#1344 = AXIS2_PLACEMENT_3D ( 'NONE', #1963, #4996, #9642 ) ;
#1345 = ORIENTED_EDGE ( 'NONE', *, *, #5671, .F. ) ;
#1346 = AXIS2_PLACEMENT_3D ( 'NONE', #1922, #1080, #333 ) ;
#1347 = VECTOR ( 'NONE', #2249, 1000.000000000000000 ) ;
#1348 = CYLINDRICAL_SURFACE ( 'NONE', #60, 8.699999999995648992 ) ;
#1349 = CARTESIAN_POINT ( 'NONE',  ( 94.06533162933166636, -5.000000000000000000, 25.27079167095700640 ) ) ;
#1350 = DIRECTION ( 'NONE',  ( -0.000000000000000000, -1.000000000000000000, -0.000000000000000000 ) ) ;
#1351 = DIRECTION ( 'NONE',  ( -1.272130549049658700E-16, 0.000000000000000000, -1.000000000000000000 ) ) ;
#1352 = FACE_OUTER_BOUND ( 'NONE', #4614, .T. ) ;
#1353 = DIRECTION ( 'NONE',  ( -0.000000000000000000, 1.000000000000000000, -0.000000000000000000 ) ) ;
#1354 = EDGE_CURVE ( 'NONE', #8425, #4733, #8019, .T. ) ;
#1355 = AXIS2_PLACEMENT_3D ( 'NONE', #4492, #2259, #5247 ) ;
#1356 = ORIENTED_EDGE ( 'NONE', *, *, #3259, .F. ) ;
#1357 = VECTOR ( 'NONE', #3204, 1000.000000000000000 ) ;
#1358 = CIRCLE ( 'NONE', #5814, 8.699999999995648992 ) ;
#1359 = CYLINDRICAL_SURFACE ( 'NONE', #2568, 19.87399999999006539 ) ;
#1360 = VERTEX_POINT ( 'NONE', #3558 ) ;
#1361 = CYLINDRICAL_SURFACE ( 'NONE', #4340, 8.699999999995648992 ) ;
#1362 = AXIS2_PLACEMENT_3D ( 'NONE', #4738, #6884, #7082 ) ;
#1363 = EDGE_LOOP ( 'NONE', ( #9255, #1251, #4471, #4609 ) ) ;
#1364 = AXIS2_PLACEMENT_3D ( 'NONE', #8014, #4270, #4163 ) ;
#1365 = CARTESIAN_POINT ( 'NONE',  ( 61.95793673730504025, -5.000000000000000000, 23.63822177457588225 ) ) ;
#1366 = FACE_OUTER_BOUND ( 'NONE', #6633, .T. ) ;
#1367 = VECTOR ( 'NONE', #9458, 1000.000000000000000 ) ;
#1368 = ORIENTED_EDGE ( 'NONE', *, *, #1836, .T. ) ;
#1369 = DIRECTION ( 'NONE',  ( -0.000000000000000000, 1.000000000000000000, -0.000000000000000000 ) ) ;
#1370 = CARTESIAN_POINT ( 'NONE',  ( 200.0000000000000000, -5.000000000000000000, -49.99999999999999289 ) ) ;
#1371 = EDGE_CURVE ( 'NONE', #1447, #6897, #3712, .T. ) ;
#1372 = AXIS2_PLACEMENT_3D ( 'NONE', #7261, #7351, #431 ) ;
#1373 = AXIS2_PLACEMENT_3D ( 'NONE', #8159, #8264, #3021 ) ;
#1374 = AXIS2_PLACEMENT_3D ( 'NONE', #9403, #9546, #4909 ) ;
#1375 = CARTESIAN_POINT ( 'NONE',  ( 131.7644434724091695, -5.000000000000000000, 25.27079167095700640 ) ) ;
#1376 = DIRECTION ( 'NONE',  ( 0.000000000000000000, 0.000000000000000000, 1.000000000000000000 ) ) ;
#1377 = ORIENTED_EDGE ( 'NONE', *, *, #846, .T. ) ;
#1378 = FACE_OUTER_BOUND ( 'NONE', #5981, .T. ) ;
#1379 = ORIENTED_EDGE ( 'NONE', *, *, #488, .F. ) ;
#1380 = DIRECTION ( 'NONE',  ( 0.000000000000000000, 0.000000000000000000, 1.000000000000000000 ) ) ;
#1381 = VECTOR ( 'NONE', #6746, 1000.000000000000000 ) ;
#1382 = EDGE_CURVE ( 'NONE', #322, #7475, #479, .T. ) ;
#1383 = DIRECTION ( 'NONE',  ( 0.000000000000000000, 0.000000000000000000, 1.000000000000000000 ) ) ;
#1384 = CARTESIAN_POINT ( 'NONE',  ( 190.0000000000000000, -5.000000000000000000, 48.40000000000004121 ) ) ;
#1385 = VERTEX_POINT ( 'NONE', #6512 ) ;
#1386 = ORIENTED_EDGE ( 'NONE', *, *, #7076, .T. ) ;
#1387 = AXIS2_PLACEMENT_3D ( 'NONE', #1560, #3094, #9185 ) ;
#1388 = LINE ( 'NONE', #4422, #807 ) ;
#1389 = DIRECTION ( 'NONE',  ( 0.000000000000000000, 1.000000000000000000, 0.000000000000000000 ) ) ;
#1390 = ORIENTED_EDGE ( 'NONE', *, *, #2451, .F. ) ;
#1391 = DIRECTION ( 'NONE',  ( -0.000000000000000000, 1.000000000000000000, -0.000000000000000000 ) ) ;
#1392 = ORIENTED_EDGE ( 'NONE', *, *, #5404, .F. ) ;
#1393 = EDGE_CURVE ( 'NONE', #6872, #4169, #1970, .T. ) ;
#1394 = CARTESIAN_POINT ( 'NONE',  ( -145.9016104135632474, 5.000000000000000000, 25.27079167095700996 ) ) ;
#1395 = AXIS2_PLACEMENT_3D ( 'NONE', #312, #1753, #4785 ) ;
#1396 = ORIENTED_EDGE ( 'NONE', *, *, #7698, .T. ) ;
#1397 = CARTESIAN_POINT ( 'NONE',  ( -24.25882489422753707, -5.000000000000000000, 23.63822177457588225 ) ) ;
#1398 = ORIENTED_EDGE ( 'NONE', *, *, #2219, .F. ) ;
#1399 = EDGE_CURVE ( 'NONE', #6439, #2688, #64, .T. ) ;
#1400 = VERTEX_POINT ( 'NONE', #2030 ) ;
#1401 = AXIS2_PLACEMENT_3D ( 'NONE', #3814, #4560, #5629 ) ;
#1402 = DIRECTION ( 'NONE',  ( 1.000000000000000000, 0.000000000000000000, -1.272130549049658700E-16 ) ) ;
#1403 = ADVANCED_FACE ( 'NONE', ( #8798 ), #6556, .T. ) ;
#1404 = CARTESIAN_POINT ( 'NONE',  ( 20.98684185082622733, -5.000000000000000000, 20.24999999999999289 ) ) ;
#1405 = DIRECTION ( 'NONE',  ( -0.000000000000000000, 1.000000000000000000, -0.000000000000000000 ) ) ;
#1406 = LINE ( 'NONE', #7440, #1340 ) ;
#1407 = CARTESIAN_POINT ( 'NONE',  ( -75.21577570779291477, 5.000000000000000000, 25.27079167095700996 ) ) ;
#1408 = AXIS2_PLACEMENT_3D ( 'NONE', #1964, #6600, #9643 ) ;
#1409 = ORIENTED_EDGE ( 'NONE', *, *, #1522, .T. ) ;
#1410 = CARTESIAN_POINT ( 'NONE',  ( -107.6880665565438022, -5.000000000000000000, 23.63822177457588225 ) ) ;
#1411 = EDGE_LOOP ( 'NONE', ( #686, #7408, #4356, #8679 ) ) ;
#1412 = CARTESIAN_POINT ( 'NONE',  ( -150.0000000000000000, 5.000000000000000000, 20.24999999999999645 ) ) ;
#1413 = EDGE_CURVE ( 'NONE', #8308, #5658, #1330, .T. ) ;
#1414 = VERTEX_POINT ( 'NONE', #1972 ) ;
#1415 = ADVANCED_FACE ( 'NONE', ( #5858 ), #8067, .T. ) ;
#1416 = DIRECTION ( 'NONE',  ( -0.000000000000000000, 1.000000000000000000, -0.000000000000000000 ) ) ;
#1417 = CARTESIAN_POINT ( 'NONE',  ( -71.38271469807443736, -5.000000000000000000, 23.63822177457588225 ) ) ;
#1418 = ADVANCED_FACE ( 'NONE', ( #9507 ), #3616, .T. ) ;
#1419 = VERTEX_POINT ( 'NONE', #8711 ) ;
#1420 = ORIENTED_EDGE ( 'NONE', *, *, #6035, .F. ) ;
#1421 = CARTESIAN_POINT ( 'NONE',  ( -150.0000000000000000, -5.000000000000000000, 20.24999999999999645 ) ) ;
#1422 = DIRECTION ( 'NONE',  ( -1.272130549049658700E-16, 0.000000000000000000, -1.000000000000000000 ) ) ;
#1423 = CARTESIAN_POINT ( 'NONE',  ( -159.9999999999999432, 5.000000000000000000, -39.89999999999999858 ) ) ;
#1424 = DIRECTION ( 'NONE',  ( 0.000000000000000000, 0.000000000000000000, 1.000000000000000000 ) ) ;
#1425 = ADVANCED_FACE ( 'NONE', ( #2073 ), #9550, .T. ) ;
#1426 = ORIENTED_EDGE ( 'NONE', *, *, #3233, .T. ) ;
#1427 = CYLINDRICAL_SURFACE ( 'NONE', #444, 19.87399999999006539 ) ;
#1428 = ORIENTED_EDGE ( 'NONE', *, *, #4599, .T. ) ;
#1429 = CARTESIAN_POINT ( 'NONE',  ( 160.0000000000000000, 5.000000000000000000, -60.00000000000000000 ) ) ;
#1430 = CARTESIAN_POINT ( 'NONE',  ( 20.98684185082622733, -5.000000000000000000, 20.24999999999999289 ) ) ;
#1431 = DIRECTION ( 'NONE',  ( 0.000000000000000000, 0.000000000000000000, 1.000000000000000000 ) ) ;
#1432 = ORIENTED_EDGE ( 'NONE', *, *, #5126, .F. ) ;
#1433 = ORIENTED_EDGE ( 'NONE', *, *, #6137, .T. ) ;
#1434 = DIRECTION ( 'NONE',  ( -0.000000000000000000, 1.000000000000000000, -0.000000000000000000 ) ) ;
#1435 = DIRECTION ( 'NONE',  ( -0.000000000000000000, 1.000000000000000000, -0.000000000000000000 ) ) ;
#1436 = ORIENTED_EDGE ( 'NONE', *, *, #2219, .T. ) ;
#1437 = CARTESIAN_POINT ( 'NONE',  ( -82.68571571763693839, -5.000000000000000000, 20.24999999999999289 ) ) ;
#1438 = ORIENTED_EDGE ( 'NONE', *, *, #7323, .F. ) ;
#1439 = DIRECTION ( 'NONE',  ( -0.000000000000000000, 1.000000000000000000, -0.000000000000000000 ) ) ;
#1440 = VECTOR ( 'NONE', #8165, 1000.000000000000000 ) ;
#1441 = CARTESIAN_POINT ( 'NONE',  ( -125.0972165410991437, -5.000000000000000000, 20.24999999999999289 ) ) ;
#1442 = ORIENTED_EDGE ( 'NONE', *, *, #3607, .F. ) ;
#1443 = FACE_OUTER_BOUND ( 'NONE', #1785, .T. ) ;
#1444 = ORIENTED_EDGE ( 'NONE', *, *, #1948, .F. ) ;
#1445 = EDGE_CURVE ( 'NONE', #7174, #6896, #9596, .T. ) ;
#1446 = VECTOR ( 'NONE', #4902, 1000.000000000000000 ) ;
#1447 = VERTEX_POINT ( 'NONE', #383 ) ;
#1448 = LINE ( 'NONE', #8922, #9763 ) ;
#1449 = DIRECTION ( 'NONE',  ( 0.000000000000000000, 0.000000000000000000, 1.000000000000000000 ) ) ;
#1450 = LINE ( 'NONE', #6728, #8051 ) ;
#1451 = CARTESIAN_POINT ( 'NONE',  ( 170.0000000000000000, 5.000000000000000000, 49.99999999999999289 ) ) ;
#1452 = EDGE_CURVE ( 'NONE', #9121, #5480, #3249, .T. ) ;
#1453 = CIRCLE ( 'NONE', #3364, 19.87399999999006539 ) ;
#1454 = DIRECTION ( 'NONE',  ( -0.000000000000000000, 1.000000000000000000, -0.000000000000000000 ) ) ;
#1455 = ORIENTED_EDGE ( 'NONE', *, *, #8875, .T. ) ;
#1456 = ADVANCED_FACE ( 'NONE', ( #1926 ), #5061, .T. ) ;
#1457 = CARTESIAN_POINT ( 'NONE',  ( -132.6437714430753942, 5.000000000000000000, 23.63822177457588225 ) ) ;
#1458 = ORIENTED_EDGE ( 'NONE', *, *, #1582, .T. ) ;
#1459 = CARTESIAN_POINT ( 'NONE',  ( -150.0000000000000000, 5.000000000000000000, 20.24999999999999645 ) ) ;
#1460 = ORIENTED_EDGE ( 'NONE', *, *, #9030, .T. ) ;
#1461 = CARTESIAN_POINT ( 'NONE',  ( 80.80749265884379895, -5.000000000000000000, 23.63822177457588225 ) ) ;
#1462 = LINE ( 'NONE', #712, #7718 ) ;
#1463 = ORIENTED_EDGE ( 'NONE', *, *, #7707, .T. ) ;
#1464 = ORIENTED_EDGE ( 'NONE', *, *, #7721, .T. ) ;
#1465 = EDGE_CURVE ( 'NONE', #7849, #2699, #1317, .T. ) ;
#1466 = CARTESIAN_POINT ( 'NONE',  ( -37.51666386471540449, 5.000000000000000000, 25.27079167095700996 ) ) ;
#1467 = CARTESIAN_POINT ( 'NONE',  ( -105.8098434977506486, -5.000000000000000000, 20.24999999999999289 ) ) ;
#1468 = EDGE_CURVE ( 'NONE', #9160, #6343, #7967, .T. ) ;
#1469 = ADVANCED_FACE ( 'NONE', ( #5703 ), #4954, .F. ) ;
#1470 = CARTESIAN_POINT ( 'NONE',  ( -49.69899285494412311, -5.000000000000000000, 20.24999999999999289 ) ) ;
#1471 = AXIS2_PLACEMENT_3D ( 'NONE', #7889, #4680, #3295 ) ;
#1472 = CARTESIAN_POINT ( 'NONE',  ( -150.0000000000000000, 5.000000000000000000, 19.24999999999999645 ) ) ;
#1473 = VERTEX_POINT ( 'NONE', #7659 ) ;
#1474 = DIRECTION ( 'NONE',  ( 0.000000000000000000, 0.000000000000000000, 1.000000000000000000 ) ) ;
#1475 = ORIENTED_EDGE ( 'NONE', *, *, #8333, .F. ) ;
#1476 = DIRECTION ( 'NONE',  ( 0.000000000000000000, 0.000000000000000000, 1.000000000000000000 ) ) ;
#1477 = LINE ( 'NONE', #9105, #7911 ) ;
#1478 = CARTESIAN_POINT ( 'NONE',  ( 190.0000000000000000, -5.000000000000000000, -51.59999999999996589 ) ) ;
#1479 = ORIENTED_EDGE ( 'NONE', *, *, #3960, .F. ) ;
#1480 = EDGE_CURVE ( 'NONE', #5989, #6718, #5255, .T. ) ;
#1481 = EDGE_LOOP ( 'NONE', ( #9818, #8009, #3, #6914 ) ) ;
#1482 = DIRECTION ( 'NONE',  ( -1.272130549049658700E-16, 0.000000000000000000, -1.000000000000000000 ) ) ;
#1483 = CYLINDRICAL_SURFACE ( 'NONE', #9456, 19.87399999999006539 ) ;
#1484 = CIRCLE ( 'NONE', #7864, 1.000000000000000888 ) ;
#1485 = ORIENTED_EDGE ( 'NONE', *, *, #6562, .T. ) ;
#1486 = VECTOR ( 'NONE', #9610, 1000.000000000000000 ) ;
#1487 = CARTESIAN_POINT ( 'NONE',  ( -117.8097245096172401, -5.000000000000000000, 43.50000000000000000 ) ) ;
#1488 = ORIENTED_EDGE ( 'NONE', *, *, #7965, .T. ) ;
#1489 = FACE_OUTER_BOUND ( 'NONE', #6993, .T. ) ;
#1490 = FACE_OUTER_BOUND ( 'NONE', #6735, .T. ) ;
#1491 = DIRECTION ( 'NONE',  ( 1.000000000000000000, 0.000000000000000000, -1.272130549049658700E-16 ) ) ;
#1492 = ADVANCED_FACE ( 'NONE', ( #821 ), #2864, .T. ) ;
#1493 = ORIENTED_EDGE ( 'NONE', *, *, #3163, .T. ) ;
#1494 = VECTOR ( 'NONE', #6825, 1000.000000000000000 ) ;
#1495 = VERTEX_POINT ( 'NONE', #9098 ) ;
#1496 = DIRECTION ( 'NONE',  ( 0.000000000000000000, 0.000000000000000000, 1.000000000000000000 ) ) ;
#1497 = AXIS2_PLACEMENT_3D ( 'NONE', #2734, #8082, #4228 ) ;
#1499 = AXIS2_PLACEMENT_3D ( 'NONE', #5442, #6156, #1769 ) ;
#1498 = CARTESIAN_POINT ( 'NONE',  ( 88.83851063500502221, 5.000000000000000000, 23.63822177457588225 ) ) ;
#1500 = DIRECTION ( 'NONE',  ( -0.000000000000000000, -1.000000000000000000, -0.000000000000000000 ) ) ;
#1501 = FACE_OUTER_BOUND ( 'NONE', #2310, .T. ) ;
#1502 = ADVANCED_FACE ( 'NONE', ( #3854 ), #5354, .T. ) ;
#1503 = CARTESIAN_POINT ( 'NONE',  ( -7.287492031481909827, -5.000000000000000000, 20.24999999999999289 ) ) ;
#1504 = VERTEX_POINT ( 'NONE', #1472 ) ;
#1505 = AXIS2_PLACEMENT_3D ( 'NONE', #4150, #2758, #6599 ) ;
#1506 = CIRCLE ( 'NONE', #8510, 19.87399999999006539 ) ;
#1507 = DIRECTION ( 'NONE',  ( 0.000000000000000000, 0.000000000000000000, 1.000000000000000000 ) ) ;
#1508 = VERTEX_POINT ( 'NONE', #8944 ) ;
#1509 = DIRECTION ( 'NONE',  ( 0.000000000000000000, 0.000000000000000000, 1.000000000000000000 ) ) ;
#1510 = CARTESIAN_POINT ( 'NONE',  ( -108.2024985704857443, -5.000000000000000000, 25.27079167095700996 ) ) ;
#1511 = DIRECTION ( 'NONE',  ( 0.000000000000000000, 0.000000000000000000, 1.000000000000000000 ) ) ;
#1512 = ORIENTED_EDGE ( 'NONE', *, *, #7996, .T. ) ;
#1513 = EDGE_LOOP ( 'NONE', ( #6369, #5537, #4709, #6592 ) ) ;
#1514 = VECTOR ( 'NONE', #8633, 1000.000000000000000 ) ;
#1516 = DIRECTION ( 'NONE',  ( 0.000000000000000000, -1.000000000000000000, 0.000000000000000000 ) ) ;
#1515 = AXIS2_PLACEMENT_3D ( 'NONE', #3079, #8422, #1592 ) ;
#1517 = ADVANCED_FACE ( 'NONE', ( #1575 ), #5209, .T. ) ;
#1518 = VECTOR ( 'NONE', #9006, 1000.000000000000000 ) ;
#1519 = DIRECTION ( 'NONE',  ( -0.000000000000000000, 1.000000000000000000, -0.000000000000000000 ) ) ;
#1520 = CIRCLE ( 'NONE', #2156, 19.87399999999006539 ) ;
#1521 = LINE ( 'NONE', #1470, #1541 ) ;
#1522 = EDGE_CURVE ( 'NONE', #8216, #6024, #3561, .T. ) ;
#1523 = CIRCLE ( 'NONE', #8062, 8.699999999995645439 ) ;
#1524 = AXIS2_PLACEMENT_3D ( 'NONE', #7664, #5447, #3964 ) ;
#1525 = DIRECTION ( 'NONE',  ( 0.000000000000000000, 0.000000000000000000, 1.000000000000000000 ) ) ;
#1526 = ORIENTED_EDGE ( 'NONE', *, *, #8491, .F. ) ;
#1527 = DIRECTION ( 'NONE',  ( -0.000000000000000000, -1.000000000000000000, -0.000000000000000000 ) ) ;
#1528 = LINE ( 'NONE', #4894, #9843 ) ;
#1529 = ORIENTED_EDGE ( 'NONE', *, *, #1755, .F. ) ;
#1530 = LINE ( 'NONE', #4562, #2639 ) ;
#1531 = DIRECTION ( 'NONE',  ( -0.000000000000000000, 1.000000000000000000, -0.000000000000000000 ) ) ;
#1532 = EDGE_CURVE ( 'NONE', #2401, #4483, #9055, .T. ) ;
#1533 = CYLINDRICAL_SURFACE ( 'NONE', #2165, 1.599999999999990319 ) ;
#1534 = AXIS2_PLACEMENT_3D ( 'NONE', #2029, #9453, #2720 ) ;
#1535 = CIRCLE ( 'NONE', #1373, 1.000000000000000888 ) ;
#1536 = ORIENTED_EDGE ( 'NONE', *, *, #7012, .F. ) ;
#1537 = VECTOR ( 'NONE', #1088, 1000.000000000000000 ) ;
#1538 = ORIENTED_EDGE ( 'NONE', *, *, #4971, .T. ) ;
#1539 = CARTESIAN_POINT ( 'NONE',  ( 170.0000000000000000, -5.000000000000000000, -48.40000000000001279 ) ) ;
#1540 = DIRECTION ( 'NONE',  ( -0.000000000000000000, -1.000000000000000000, -0.000000000000000000 ) ) ;
#1541 = VECTOR ( 'NONE', #4500, 1000.000000000000000 ) ;
#1542 = ORIENTED_EDGE ( 'NONE', *, *, #6011, .F. ) ;
#1543 = VECTOR ( 'NONE', #1519, 1000.000000000000000 ) ;
#1544 = ORIENTED_EDGE ( 'NONE', *, *, #2871, .F. ) ;
#1545 = EDGE_CURVE ( 'NONE', #3519, #5064, #2268, .T. ) ;
#1546 = FACE_OUTER_BOUND ( 'NONE', #5443, .T. ) ;
#1547 = EDGE_CURVE ( 'NONE', #6514, #4835, #7716, .T. ) ;
#1548 = DIRECTION ( 'NONE',  ( 0.000000000000000000, 0.000000000000000000, 1.000000000000000000 ) ) ;
#1549 = VERTEX_POINT ( 'NONE', #8402 ) ;
#1550 = CARTESIAN_POINT ( 'NONE',  ( 141.1892214331785738, 5.000000000000000000, 25.27079167095700640 ) ) ;
#1551 = ORIENTED_EDGE ( 'NONE', *, *, #4393, .T. ) ;
#1552 = AXIS2_PLACEMENT_3D ( 'NONE', #279, #3451, #6498 ) ;
#1553 = EDGE_LOOP ( 'NONE', ( #809, #2880, #3218, #6257 ) ) ;
#1554 = CARTESIAN_POINT ( 'NONE',  ( 44.54878675274967748, 5.000000000000000000, 20.24999999999997158 ) ) ;
#1555 = EDGE_CURVE ( 'NONE', #6135, #7774, #4501, .T. ) ;
#1556 = VECTOR ( 'NONE', #1053, 1000.000000000000000 ) ;
#1557 = DIRECTION ( 'NONE',  ( -0.000000000000000000, 1.000000000000000000, -0.000000000000000000 ) ) ;
#1558 = CARTESIAN_POINT ( 'NONE',  ( 118.5066045019213163, 5.000000000000000000, 23.63822177457588225 ) ) ;
#1559 = LINE ( 'NONE', #4586, #8677 ) ;
#1560 = CARTESIAN_POINT ( 'NONE',  ( -4.529941002022574104, -5.000000000000000000, 25.27079167095700996 ) ) ;
#1561 = VERTEX_POINT ( 'NONE', #7506 ) ;
#1562 = VECTOR ( 'NONE', #6877, 1000.000000000000000 ) ;
#1563 = DIRECTION ( 'NONE',  ( -0.000000000000000000, -1.000000000000000000, -0.000000000000000000 ) ) ;
#1564 = ORIENTED_EDGE ( 'NONE', *, *, #531, .T. ) ;
#1565 = CARTESIAN_POINT ( 'NONE',  ( 51.13939879192750482, 5.000000000000000000, 23.63822177457588225 ) ) ;
#1566 = LINE ( 'NONE', #4593, #5959 ) ;
#1567 = DIRECTION ( 'NONE',  ( -0.000000000000000000, 1.000000000000000000, -0.000000000000000000 ) ) ;
#1568 = ORIENTED_EDGE ( 'NONE', *, *, #4611, .F. ) ;
#1569 = VERTEX_POINT ( 'NONE', #7613 ) ;
#1570 = AXIS2_PLACEMENT_3D ( 'NONE', #319, #8588, #9431 ) ;
#1571 = DIRECTION ( 'NONE',  ( -0.000000000000000000, -1.000000000000000000, -0.000000000000000000 ) ) ;
#1572 = DIRECTION ( 'NONE',  ( -0.000000000000000000, 1.000000000000000000, -0.000000000000000000 ) ) ;
#1573 = CYLINDRICAL_SURFACE ( 'NONE', #9083, 19.87399999999006539 ) ;
#1574 = EDGE_CURVE ( 'NONE', #200, #8953, #3763, .T. ) ;
#1575 = FACE_OUTER_BOUND ( 'NONE', #1774, .T. ) ;
#1576 = VERTEX_POINT ( 'NONE', #9796 ) ;
#1577 = CARTESIAN_POINT ( 'NONE',  ( 66.67032571768973526, 5.000000000000000000, 23.63822177457588225 ) ) ;
#1578 = CARTESIAN_POINT ( 'NONE',  ( -137.3561604234600679, 5.000000000000000000, 23.63822177457588225 ) ) ;
#1579 = EDGE_LOOP ( 'NONE', ( #2038, #615, #8598, #3486 ) ) ;
#1580 = CARTESIAN_POINT ( 'NONE',  ( -90.23227061961318896, -5.000000000000000000, 23.63822177457588225 ) ) ;
#1581 = CARTESIAN_POINT ( 'NONE',  ( 2.137285929287469077, 5.000000000000000000, 20.24999999999997513 ) ) ;
#1582 = EDGE_CURVE ( 'NONE', #3551, #5711, #5468, .T. ) ;
#1583 = CARTESIAN_POINT ( 'NONE',  ( 190.0000000000000000, 5.000000000000000000, -60.00000000000000000 ) ) ;
#1584 = ORIENTED_EDGE ( 'NONE', *, *, #8792, .F. ) ;
#1585 = ORIENTED_EDGE ( 'NONE', *, *, #9685, .T. ) ;
#1586 = EDGE_CURVE ( 'NONE', #4794, #9103, #5625, .T. ) ;
#1587 = ORIENTED_EDGE ( 'NONE', *, *, #5174, .F. ) ;
#1588 = CARTESIAN_POINT ( 'NONE',  ( 22.86506490961936677, 5.000000000000000000, 23.63822177457588225 ) ) ;
#1589 = ORIENTED_EDGE ( 'NONE', *, *, #9014, .T. ) ;
#1590 = EDGE_LOOP ( 'NONE', ( #342, #1104, #3568, #1135 ) ) ;
#1591 = DIRECTION ( 'NONE',  ( -0.000000000000000000, 1.000000000000000000, -0.000000000000000000 ) ) ;
#1592 = DIRECTION ( 'NONE',  ( 0.000000000000000000, 0.000000000000000000, 1.000000000000000000 ) ) ;
#1593 = ORIENTED_EDGE ( 'NONE', *, *, #5397, .T. ) ;
#1594 = CARTESIAN_POINT ( 'NONE',  ( 44.54878675274967748, -5.000000000000000000, 20.24999999999999289 ) ) ;
#1595 = ORIENTED_EDGE ( 'NONE', *, *, #488, .T. ) ;
#1596 = EDGE_CURVE ( 'NONE', #1549, #8743, #7461, .T. ) ;
#1597 = EDGE_CURVE ( 'NONE', #202, #7831, #5786, .T. ) ;
#1598 = EDGE_LOOP ( 'NONE', ( #1889, #2128, #6037, #7779 ) ) ;
#1599 = DIRECTION ( 'NONE',  ( -0.000000000000000000, -1.000000000000000000, -0.000000000000000000 ) ) ;
#1600 = DIRECTION ( 'NONE',  ( 0.000000000000000000, 0.000000000000000000, 1.000000000000000000 ) ) ;
#1601 = DIRECTION ( 'NONE',  ( 1.000000000000000000, 0.000000000000000000, -1.272130549049658700E-16 ) ) ;
#1602 = FACE_OUTER_BOUND ( 'NONE', #6054, .T. ) ;
#1603 = DIRECTION ( 'NONE',  ( -0.000000000000000000, 1.000000000000000000, -0.000000000000000000 ) ) ;
#1604 = EDGE_LOOP ( 'NONE', ( #8120, #1529, #8221, #8207 ) ) ;
#1605 = EDGE_CURVE ( 'NONE', #7426, #1838, #2770, .T. ) ;
#1606 = LINE ( 'NONE', #6567, #4343 ) ;
#1607 = ORIENTED_EDGE ( 'NONE', *, *, #171, .T. ) ;
#1608 = CYLINDRICAL_SURFACE ( 'NONE', #3383, 1.599999999999962563 ) ;
#1609 = CARTESIAN_POINT ( 'NONE',  ( 77.97332673725225050, -5.000000000000000000, 20.24999999999999289 ) ) ;
#1610 = DIRECTION ( 'NONE',  ( 1.000000000000000000, 0.000000000000000000, -1.272130549049658700E-16 ) ) ;
#1611 = CIRCLE ( 'NONE', #1768, 19.87399999999006539 ) ;
#1612 = ORIENTED_EDGE ( 'NONE', *, *, #5353, .F. ) ;
#1613 = ORIENTED_EDGE ( 'NONE', *, *, #1303, .F. ) ;
#1614 = CARTESIAN_POINT ( 'NONE',  ( -124.6593994192894002, -5.000000000000000000, 20.24999999999999289 ) ) ;
#1615 = CARTESIAN_POINT ( 'NONE',  ( 136.6592804311559917, -5.000000000000000000, 43.50000000000000000 ) ) ;
#1616 = EDGE_CURVE ( 'NONE', #8388, #525, #3013, .T. ) ;
#1617 = CARTESIAN_POINT ( 'NONE',  ( -87.39810469802162629, -5.000000000000000000, 20.24999999999999289 ) ) ;
#1618 = DIRECTION ( 'NONE',  ( -0.000000000000000000, -1.000000000000000000, -0.000000000000000000 ) ) ;
#1619 = ORIENTED_EDGE ( 'NONE', *, *, #5439, .T. ) ;
#1620 = DIRECTION ( 'NONE',  ( 0.000000000000000000, 1.000000000000000000, -0.000000000000000000 ) ) ;
#1621 = ORIENTED_EDGE ( 'NONE', *, *, #2698, .F. ) ;
#1622 = DIRECTION ( 'NONE',  ( 0.000000000000000000, 0.000000000000000000, 1.000000000000000000 ) ) ;
#1623 = CARTESIAN_POINT ( 'NONE',  ( -65.79099774702353898, 5.000000000000000000, 25.27079167095700996 ) ) ;
#1624 = DIRECTION ( 'NONE',  ( 1.000000000000000000, 0.000000000000000000, -1.272130549049658700E-16 ) ) ;
#1625 = EDGE_CURVE ( 'NONE', #2858, #1781, #4556, .T. ) ;
#1626 = ORIENTED_EDGE ( 'NONE', *, *, #6152, .T. ) ;
#1627 = ORIENTED_EDGE ( 'NONE', *, *, #738, .T. ) ;
#1628 = VECTOR ( 'NONE', #3639, 1000.000000000000000 ) ;
#1629 = DIRECTION ( 'NONE',  ( -0.000000000000000000, 1.000000000000000000, -0.000000000000000000 ) ) ;
#1630 = VERTEX_POINT ( 'NONE', #8447 ) ;
#1631 = DIRECTION ( 'NONE',  ( -0.000000000000000000, -1.000000000000000000, -0.000000000000000000 ) ) ;
#1632 = ORIENTED_EDGE ( 'NONE', *, *, #656, .F. ) ;
#1633 = ORIENTED_EDGE ( 'NONE', *, *, #3035, .F. ) ;
#1634 = DIRECTION ( 'NONE',  ( -1.000000000000000000, 0.000000000000000000, 1.272130549049658700E-16 ) ) ;
#1635 = FACE_OUTER_BOUND ( 'NONE', #6424, .T. ) ;
#1636 = ADVANCED_FACE ( 'NONE', ( #2569 ), #4707, .T. ) ;
#1637 = ORIENTED_EDGE ( 'NONE', *, *, #2027, .T. ) ;
#1638 = CARTESIAN_POINT ( 'NONE',  ( -150.0000000000000000, -5.000000000000000000, 20.24999999999999645 ) ) ;
#1639 = EDGE_LOOP ( 'NONE', ( #226, #4772, #1689, #4272 ) ) ;
#1640 = CIRCLE ( 'NONE', #5611, 8.699999999995645439 ) ;
#1641 = AXIS2_PLACEMENT_3D ( 'NONE', #2043, #8166, #9384 ) ;
#1642 = VERTEX_POINT ( 'NONE', #9294 ) ;
#1643 = EDGE_CURVE ( 'NONE', #5369, #3774, #1175, .T. ) ;
#1644 = DIRECTION ( 'NONE',  ( 0.000000000000000000, 0.000000000000000000, 1.000000000000000000 ) ) ;
#1645 = VERTEX_POINT ( 'NONE', #4648 ) ;
#1646 = DIRECTION ( 'NONE',  ( 0.000000000000000000, 0.000000000000000000, 1.000000000000000000 ) ) ;
#1647 = CARTESIAN_POINT ( 'NONE',  ( 160.0000000000000000, 5.000000000000000000, 49.99999999999999289 ) ) ;
#1648 = DIRECTION ( 'NONE',  ( 0.000000000000000000, 0.000000000000000000, 1.000000000000000000 ) ) ;
#1649 = AXIS2_PLACEMENT_3D ( 'NONE', #8089, #1252, #9622 ) ;
#1650 = ADVANCED_FACE ( 'NONE', ( #3958 ), #1668, .T. ) ;
#1651 = AXIS2_PLACEMENT_3D ( 'NONE', #4038, #595, #2555 ) ;
#1652 = CARTESIAN_POINT ( 'NONE',  ( -150.0000000000000000, 5.000000000000000000, 20.24999999999999645 ) ) ;
#1653 = ORIENTED_EDGE ( 'NONE', *, *, #1905, .F. ) ;
#1655 = DIRECTION ( 'NONE',  ( 0.000000000000000000, 0.000000000000000000, 1.000000000000000000 ) ) ;
#1654 = CIRCLE ( 'NONE', #7223, 8.699999999995645439 ) ;
#1656 = ORIENTED_EDGE ( 'NONE', *, *, #4679, .F. ) ;
#1657 = DIRECTION ( 'NONE',  ( -0.000000000000000000, 1.000000000000000000, -0.000000000000000000 ) ) ;
#1658 = CARTESIAN_POINT ( 'NONE',  ( 2.137285929287469965, -5.000000000000000000, 20.24999999999999289 ) ) ;
#1659 = DIRECTION ( 'NONE',  ( -1.000000000000000000, 0.000000000000000000, 1.272130549049658700E-16 ) ) ;
#1660 = ORIENTED_EDGE ( 'NONE', *, *, #252, .F. ) ;
#1661 = ADVANCED_FACE ( 'NONE', ( #225 ), #8495, .T. ) ;
#1662 = LINE ( 'NONE', #23, #6288 ) ;
#1663 = CARTESIAN_POINT ( 'NONE',  ( -80.11061266653972268, -5.000000000000000000, 43.50000000000000000 ) ) ;
#1664 = CIRCLE ( 'NONE', #6278, 10.00000000000000178 ) ;
#1665 = AXIS2_PLACEMENT_3D ( 'NONE', #2968, #8257, #4410 ) ;
#1666 = CIRCLE ( 'NONE', #7231, 8.699999999995648992 ) ;
#1667 = CARTESIAN_POINT ( 'NONE',  ( 103.6725575684631764, 5.000000000000000000, 43.50000000000000000 ) ) ;
#1668 = PLANE ( 'NONE',  #6748 ) ;
#1669 = AXIS2_PLACEMENT_3D ( 'NONE', #5487, #8544, #917 ) ;
#1670 = ORIENTED_EDGE ( 'NONE', *, *, #4939, .T. ) ;
#1671 = CIRCLE ( 'NONE', #6121, 8.699999999995648992 ) ;
#1672 = CARTESIAN_POINT ( 'NONE',  ( -117.9921724879793601, -5.000000000000000000, 25.27079167095700640 ) ) ;
#1673 = DIRECTION ( 'NONE',  ( 0.000000000000000000, 0.000000000000000000, 1.000000000000000000 ) ) ;
#1674 = ORIENTED_EDGE ( 'NONE', *, *, #8792, .T. ) ;
#1675 = EDGE_CURVE ( 'NONE', #7322, #7426, #6274, .T. ) ;
#1676 = DIRECTION ( 'NONE',  ( 1.000000000000000000, 0.000000000000000000, -1.272130549049658700E-16 ) ) ;
#1677 = DIRECTION ( 'NONE',  ( 1.000000000000000000, 0.000000000000000000, -1.272130549049658700E-16 ) ) ;
#1678 = DIRECTION ( 'NONE',  ( 1.000000000000000000, 0.000000000000000000, -1.272130549049658700E-16 ) ) ;
#1679 = ORIENTED_EDGE ( 'NONE', *, *, #1070, .F. ) ;
#1680 = AXIS2_PLACEMENT_3D ( 'NONE', #6989, #2446, #2398 ) ;
#1681 = VERTEX_POINT ( 'NONE', #3208 ) ;
#1682 = AXIS2_PLACEMENT_3D ( 'NONE', #1812, #9345, #6351 ) ;
#1683 = CIRCLE ( 'NONE', #5971, 19.87399999999006539 ) ;
#1684 = DIRECTION ( 'NONE',  ( -1.272130549049658700E-16, 0.000000000000000000, -1.000000000000000000 ) ) ;
#1685 = VERTEX_POINT ( 'NONE', #7765 ) ;
#1686 = CARTESIAN_POINT ( 'NONE',  ( 19.03200389990087515, 5.000000000000000000, 25.27079167095700996 ) ) ;
#1687 = ORIENTED_EDGE ( 'NONE', *, *, #7943, .F. ) ;
#1688 = EDGE_CURVE ( 'NONE', #2873, #6328, #6354, .T. ) ;
#1689 = ORIENTED_EDGE ( 'NONE', *, *, #4074, .T. ) ;
#1690 = AXIS2_PLACEMENT_3D ( 'NONE', #6510, #9549, #8852 ) ;
#1691 = AXIS2_PLACEMENT_3D ( 'NONE', #1933, #1280, #8861 ) ;
#1692 = CARTESIAN_POINT ( 'NONE',  ( -150.0000000000000000, -5.000000000000000000, 20.24999999999999645 ) ) ;
#1693 = VECTOR ( 'NONE', #4461, 1000.000000000000000 ) ;
#1694 = DIRECTION ( 'NONE',  ( 0.000000000000000000, 0.000000000000000000, 1.000000000000000000 ) ) ;
#1695 = ORIENTED_EDGE ( 'NONE', *, *, #557, .T. ) ;
#1696 = ORIENTED_EDGE ( 'NONE', *, *, #210, .T. ) ;
#1697 = AXIS2_PLACEMENT_3D ( 'NONE', #9576, #9770, #52 ) ;
#1698 = AXIS2_PLACEMENT_3D ( 'NONE', #5057, #8108, #1828 ) ;
#1699 = ORIENTED_EDGE ( 'NONE', *, *, #2928, .F. ) ;
#1700 = ADVANCED_FACE ( 'NONE', ( #2469 ), #7809, .T. ) ;
#1701 = FACE_OUTER_BOUND ( 'NONE', #4885, .T. ) ;
#1702 = ORIENTED_EDGE ( 'NONE', *, *, #5033, .T. ) ;
#1703 = CARTESIAN_POINT ( 'NONE',  ( 159.0000000000000000, -5.000000000000000000, -39.89999999999999858 ) ) ;
#1704 = LINE ( 'NONE', #5383, #6460 ) ;
#1705 = CARTESIAN_POINT ( 'NONE',  ( -47.12388980384689319, -5.000000000000000000, 43.50000000000000000 ) ) ;
#1706 = VECTOR ( 'NONE', #6655, 1000.000000000000000 ) ;
#1707 = DIRECTION ( 'NONE',  ( -1.272130549049658700E-16, 0.000000000000000000, -1.000000000000000000 ) ) ;
#1708 = ADVANCED_FACE ( 'NONE', ( #7855 ), #4000, .T. ) ;
#1709 = ORIENTED_EDGE ( 'NONE', *, *, #6786, .F. ) ;
#1710 = CARTESIAN_POINT ( 'NONE',  ( 103.6725575684631764, -5.000000000000000000, 43.50000000000000000 ) ) ;
#1711 = ORIENTED_EDGE ( 'NONE', *, *, #6335, .T. ) ;
#1712 = AXIS2_PLACEMENT_3D ( 'NONE', #3644, #8240, #6684 ) ;
#1713 = EDGE_CURVE ( 'NONE', #3301, #2741, #7104, .T. ) ;
#1714 = DIRECTION ( 'NONE',  ( -0.000000000000000000, 1.000000000000000000, -0.000000000000000000 ) ) ;
#1715 = CARTESIAN_POINT ( 'NONE',  ( -150.0000000000000000, -5.000000000000000000, 20.24999999999999645 ) ) ;
#1716 = DIRECTION ( 'NONE',  ( -0.000000000000000000, 1.000000000000000000, -0.000000000000000000 ) ) ;
#1717 = VERTEX_POINT ( 'NONE', #1073 ) ;
#1718 = CARTESIAN_POINT ( 'NONE',  ( 120.3848275607144558, -5.000000000000000000, 20.24999999999999289 ) ) ;
#1719 = LINE ( 'NONE', #968, #6799 ) ;
#1720 = AXIS2_PLACEMENT_3D ( 'NONE', #5323, #5376, #4620 ) ;
#1721 = ADVANCED_FACE ( 'NONE', ( #926 ), #971, .F. ) ;
#1722 = DIRECTION ( 'NONE',  ( -0.000000000000000000, 1.000000000000000000, -0.000000000000000000 ) ) ;
#1723 = EDGE_CURVE ( 'NONE', #3357, #2261, #7075, .T. ) ;
#1724 = EDGE_CURVE ( 'NONE', #4159, #8968, #1019, .T. ) ;
#1725 = DIRECTION ( 'NONE',  ( 0.000000000000000000, -1.000000000000000000, -0.000000000000000000 ) ) ;
#1726 = ORIENTED_EDGE ( 'NONE', *, *, #9794, .T. ) ;
#1727 = AXIS2_PLACEMENT_3D ( 'NONE', #2572, #4906, #1821 ) ;
#1728 = CARTESIAN_POINT ( 'NONE',  ( 190.0000000000000000, -5.000000000000000000, -50.00000000000000000 ) ) ;
#1729 = DIRECTION ( 'NONE',  ( -0.000000000000000000, 1.000000000000000000, -0.000000000000000000 ) ) ;
#1730 = VERTEX_POINT ( 'NONE', #283 ) ;
#1731 = DIRECTION ( 'NONE',  ( 0.000000000000000000, 0.000000000000000000, 1.000000000000000000 ) ) ;
#1732 = CARTESIAN_POINT ( 'NONE',  ( 84.64055366856229057, -5.000000000000000000, 25.27079167095700640 ) ) ;
#1733 = DIRECTION ( 'NONE',  ( -0.000000000000000000, -1.000000000000000000, -0.000000000000000000 ) ) ;
#1734 = ORIENTED_EDGE ( 'NONE', *, *, #3895, .T. ) ;
#1735 = ORIENTED_EDGE ( 'NONE', *, *, #4012, .T. ) ;
#1736 = CIRCLE ( 'NONE', #938, 8.699999999995648992 ) ;
#1737 = ADVANCED_FACE ( 'NONE', ( #8643 ), #1817, .T. ) ;
#1738 = DIRECTION ( 'NONE',  ( -0.000000000000000000, -1.000000000000000000, -0.000000000000000000 ) ) ;
#1739 = ORIENTED_EDGE ( 'NONE', *, *, #3790, .T. ) ;
#1740 = CARTESIAN_POINT ( 'NONE',  ( -14.83404693345814884, 5.000000000000000000, 23.63822177457588225 ) ) ;
#1741 = ORIENTED_EDGE ( 'NONE', *, *, #9344, .F. ) ;
#1742 = VERTEX_POINT ( 'NONE', #6960 ) ;
#1743 = DIRECTION ( 'NONE',  ( -0.000000000000000000, 1.000000000000000000, -0.000000000000000000 ) ) ;
#1744 = DIRECTION ( 'NONE',  ( -1.272130549049658700E-16, 0.000000000000000000, -1.000000000000000000 ) ) ;
#1745 = VERTEX_POINT ( 'NONE', #133 ) ;
#1746 = ORIENTED_EDGE ( 'NONE', *, *, #4269, .T. ) ;
#1747 = ORIENTED_EDGE ( 'NONE', *, *, #818, .T. ) ;
#1748 = FACE_OUTER_BOUND ( 'NONE', #6467, .T. ) ;
#1749 = ORIENTED_EDGE ( 'NONE', *, *, #1287, .F. ) ;
#1750 = DIRECTION ( 'NONE',  ( -0.000000000000000000, 1.000000000000000000, -0.000000000000000000 ) ) ;
#1751 = DIRECTION ( 'NONE',  ( 0.000000000000000000, 0.000000000000000000, 1.000000000000000000 ) ) ;
#1752 = DIRECTION ( 'NONE',  ( 0.000000000000000000, 0.000000000000000000, 1.000000000000000000 ) ) ;
#1753 = DIRECTION ( 'NONE',  ( -0.000000000000000000, 1.000000000000000000, -0.000000000000000000 ) ) ;
#1754 = ORIENTED_EDGE ( 'NONE', *, *, #4510, .F. ) ;
#1755 = EDGE_CURVE ( 'NONE', #3307, #3629, #4196, .T. ) ;
#1756 = DIRECTION ( 'NONE',  ( 0.000000000000000000, 0.000000000000000000, 1.000000000000000000 ) ) ;
#1757 = VERTEX_POINT ( 'NONE', #7245 ) ;
#1758 = DIRECTION ( 'NONE',  ( 0.000000000000000000, 0.000000000000000000, 1.000000000000000000 ) ) ;
#1759 = DIRECTION ( 'NONE',  ( -0.000000000000000000, 1.000000000000000000, -0.000000000000000000 ) ) ;
#1760 = CARTESIAN_POINT ( 'NONE',  ( -27.57745389000406178, -5.000000000000000000, 23.63822177457588225 ) ) ;
#1761 = CARTESIAN_POINT ( 'NONE',  ( -109.0818265411519548, -5.000000000000000000, 23.63822177457588225 ) ) ;
#1762 = VERTEX_POINT ( 'NONE', #5638 ) ;
#1763 = CARTESIAN_POINT ( 'NONE',  ( -66.67032571768974947, -5.000000000000000000, 23.63822177457588225 ) ) ;
#1764 = CIRCLE ( 'NONE', #2395, 8.699999999995648992 ) ;
#1765 = DIRECTION ( 'NONE',  ( -0.000000000000000000, 1.000000000000000000, -0.000000000000000000 ) ) ;
#1766 = ADVANCED_FACE ( 'NONE', ( #5789 ), #1263, .T. ) ;
#1767 = DIRECTION ( 'NONE',  ( 0.000000000000000000, 0.000000000000000000, 1.000000000000000000 ) ) ;
#1768 = AXIS2_PLACEMENT_3D ( 'NONE', #1114, #5736, #8784 ) ;
#1769 = DIRECTION ( 'NONE',  ( -1.000000000000000000, 0.000000000000000000, -0.000000000000000000 ) ) ;
#1770 = ORIENTED_EDGE ( 'NONE', *, *, #8289, .F. ) ;
#1771 = EDGE_CURVE ( 'NONE', #5573, #8315, #6593, .T. ) ;
#1772 = CARTESIAN_POINT ( 'NONE',  ( 23.56194490192344659, -5.000000000000000000, 43.50000000000000000 ) ) ;
#1773 = PLANE ( 'NONE',  #3632 ) ;
#1774 = EDGE_LOOP ( 'NONE', ( #4301, #8319, #1305, #3127 ) ) ;
#1775 = CARTESIAN_POINT ( 'NONE',  ( -126.5376224780825396, -5.000000000000000000, 23.63822177457588225 ) ) ;
#1776 = DIRECTION ( 'NONE',  ( -0.000000000000000000, 1.000000000000000000, -0.000000000000000000 ) ) ;
#1777 = LINE ( 'NONE', #979, #7596 ) ;
#1778 = EDGE_CURVE ( 'NONE', #993, #9222, #7387, .T. ) ;
#1779 = ORIENTED_EDGE ( 'NONE', *, *, #5590, .T. ) ;
#1780 = AXIS2_PLACEMENT_3D ( 'NONE', #1257, #4187, #7236 ) ;
#1781 = VERTEX_POINT ( 'NONE', #4296 ) ;
#1782 = DIRECTION ( 'NONE',  ( 1.000000000000000000, 0.000000000000000000, -1.272130549049658700E-16 ) ) ;
#1783 = ORIENTED_EDGE ( 'NONE', *, *, #3126, .F. ) ;
#1784 = DIRECTION ( 'NONE',  ( -0.000000000000000000, -1.000000000000000000, -0.000000000000000000 ) ) ;
#1785 = EDGE_LOOP ( 'NONE', ( #5820, #7892, #2976, #3376 ) ) ;
#1786 = VERTEX_POINT ( 'NONE', #9540 ) ;
#1787 = LINE ( 'NONE', #3976, #3386 ) ;
#1788 = CARTESIAN_POINT ( 'NONE',  ( -102.9756775761591143, -5.000000000000000000, 23.63822177457588225 ) ) ;
#1789 = EDGE_CURVE ( 'NONE', #5267, #8820, #8189, .T. ) ;
#1790 = ORIENTED_EDGE ( 'NONE', *, *, #5913, .T. ) ;
#1791 = ORIENTED_EDGE ( 'NONE', *, *, #5353, .T. ) ;
#1792 = EDGE_LOOP ( 'NONE', ( #3806, #5534, #2671, #2285 ) ) ;
#1793 = AXIS2_PLACEMENT_3D ( 'NONE', #5028, #8024, #1900 ) ;
#1794 = LINE ( 'NONE', #4171, #4836 ) ;
#1795 = ORIENTED_EDGE ( 'NONE', *, *, #1452, .T. ) ;
#1796 = DIRECTION ( 'NONE',  ( 0.000000000000000000, 0.000000000000000000, 1.000000000000000000 ) ) ;
#1797 = CARTESIAN_POINT ( 'NONE',  ( 94.24777960769378637, -5.000000000000000000, 43.50000000000000000 ) ) ;
#1798 = EDGE_CURVE ( 'NONE', #8968, #5806, #1007, .T. ) ;
#1799 = LINE ( 'NONE', #2597, #4731 ) ;
#1800 = ORIENTED_EDGE ( 'NONE', *, *, #9407, .F. ) ;
#1801 = AXIS2_PLACEMENT_3D ( 'NONE', #989, #101, #7827 ) ;
#1802 = CARTESIAN_POINT ( 'NONE',  ( 149.0000000000000000, 5.000000000000000000, 19.24999999999995737 ) ) ;
#1803 = VERTEX_POINT ( 'NONE', #7193 ) ;
#1804 = CARTESIAN_POINT ( 'NONE',  ( -169.9999999999999716, 5.000000000000000000, 29.90000000000000213 ) ) ;
#1805 = CIRCLE ( 'NONE', #3727, 8.699999999995645439 ) ;
#1806 = EDGE_CURVE ( 'NONE', #5806, #3691, #5092, .T. ) ;
#1808 = AXIS2_PLACEMENT_3D ( 'NONE', #4837, #3300, #3522 ) ;
#1807 = DIRECTION ( 'NONE',  ( 0.000000000000000000, 0.000000000000000000, 1.000000000000000000 ) ) ;
#1809 = DIRECTION ( 'NONE',  ( 1.000000000000000000, 0.000000000000000000, -1.272130549049658700E-16 ) ) ;
#1810 = PLANE ( 'NONE',  #5322 ) ;
#1811 = VERTEX_POINT ( 'NONE', #370 ) ;
#1812 = CARTESIAN_POINT ( 'NONE',  ( 70.68583470577034689, -5.000000000000000000, 43.50000000000000000 ) ) ;
#1813 = DIRECTION ( 'NONE',  ( -0.000000000000000000, 1.000000000000000000, -0.000000000000000000 ) ) ;
#1814 = CIRCLE ( 'NONE', #2448, 19.87399999999006539 ) ;
#1815 = CIRCLE ( 'NONE', #6736, 1.599999999999990319 ) ;
#1816 = CARTESIAN_POINT ( 'NONE',  ( -37.88155982143963030, -5.000000000000000000, 25.27079167095700640 ) ) ;
#1817 = CYLINDRICAL_SURFACE ( 'NONE', #2295, 8.699999999995648992 ) ;
#1818 = ORIENTED_EDGE ( 'NONE', *, *, #7437, .T. ) ;
#1819 = EDGE_CURVE ( 'NONE', #7585, #905, #1875, .T. ) ;
#1820 = DIRECTION ( 'NONE',  ( -0.000000000000000000, 1.000000000000000000, -0.000000000000000000 ) ) ;
#1821 = DIRECTION ( 'NONE',  ( -1.000000000000000000, 0.000000000000000000, 1.272130549049658700E-16 ) ) ;
#1822 = VERTEX_POINT ( 'NONE', #7343 ) ;
#1823 = VECTOR ( 'NONE', #7325, 1000.000000000000000 ) ;
#1824 = CARTESIAN_POINT ( 'NONE',  ( -80.11061266653972268, -5.000000000000000000, 43.50000000000000000 ) ) ;
#1825 = DIRECTION ( 'NONE',  ( -0.000000000000000000, -1.000000000000000000, -0.000000000000000000 ) ) ;
#1826 = VECTOR ( 'NONE', #6502, 1000.000000000000000 ) ;
#1827 = AXIS2_PLACEMENT_3D ( 'NONE', #6239, #3253, #7094 ) ;
#1828 = DIRECTION ( 'NONE',  ( 0.000000000000000000, 0.000000000000000000, 1.000000000000000000 ) ) ;
#1829 = EDGE_CURVE ( 'NONE', #1742, #2060, #8050, .T. ) ;
#1830 = AXIS2_PLACEMENT_3D ( 'NONE', #7345, #3608, #7393 ) ;
#1831 = CARTESIAN_POINT ( 'NONE',  ( 119.9470104389047123, -5.000000000000000000, 20.24999999999999289 ) ) ;
#1832 = AXIS2_PLACEMENT_3D ( 'NONE', #7199, #5599, #2620 ) ;
#1833 = AXIS2_PLACEMENT_3D ( 'NONE', #54, #6132, #6938 ) ;
#1834 = DIRECTION ( 'NONE',  ( 1.000000000000000000, 0.000000000000000000, -1.272130549049658700E-16 ) ) ;
#1835 = ORIENTED_EDGE ( 'NONE', *, *, #4315, .F. ) ;
#1836 = EDGE_CURVE ( 'NONE', #4222, #4539, #5927, .T. ) ;
#1837 = AXIS2_PLACEMENT_3D ( 'NONE', #5054, #7397, #3611 ) ;
#1838 = VERTEX_POINT ( 'NONE', #5048 ) ;
#1839 = CARTESIAN_POINT ( 'NONE',  ( -150.0000000000000000, 5.000000000000000000, 20.24999999999999645 ) ) ;
#1840 = CARTESIAN_POINT ( 'NONE',  ( -61.26105674500096399, -5.000000000000000000, 43.50000000000000000 ) ) ;
#1841 = VECTOR ( 'NONE', #5144, 1000.000000000000000 ) ;
#1842 = AXIS2_PLACEMENT_3D ( 'NONE', #4618, #2748, #4668 ) ;
#1843 = ORIENTED_EDGE ( 'NONE', *, *, #4817, .F. ) ;
#1844 = AXIS2_PLACEMENT_3D ( 'NONE', #3816, #6861, #33 ) ;
#1845 = ORIENTED_EDGE ( 'NONE', *, *, #6072, .F. ) ;
#1846 = DIRECTION ( 'NONE',  ( -0.000000000000000000, -1.000000000000000000, -0.000000000000000000 ) ) ;
#1847 = EDGE_CURVE ( 'NONE', #1145, #1879, #7298, .T. ) ;
#1848 = AXIS2_PLACEMENT_3D ( 'NONE', #9678, #8182, #5188 ) ;
#1849 = VERTEX_POINT ( 'NONE', #3400 ) ;
#1850 = CIRCLE ( 'NONE', #8859, 1.599999999999962563 ) ;
#1851 = EDGE_CURVE ( 'NONE', #3824, #5910, #2907, .T. ) ;
#1852 = AXIS2_PLACEMENT_3D ( 'NONE', #9061, #2229, #5261 ) ;
#1853 = CARTESIAN_POINT ( 'NONE',  ( -103.6725575684631764, 5.000000000000000000, 43.50000000000000000 ) ) ;
#1854 = EDGE_LOOP ( 'NONE', ( #9442, #1222, #5023, #1368 ) ) ;
#1855 = FACE_OUTER_BOUND ( 'NONE', #7866, .T. ) ;
#1856 = DIRECTION ( 'NONE',  ( -0.000000000000000000, 1.000000000000000000, -0.000000000000000000 ) ) ;
#1857 = CARTESIAN_POINT ( 'NONE',  ( -141.1892214331785738, 5.000000000000000000, 25.27079167095700996 ) ) ;
#1858 = AXIS2_PLACEMENT_3D ( 'NONE', #3219, #7822, #148 ) ;
#1859 = ORIENTED_EDGE ( 'NONE', *, *, #9509, .T. ) ;
#1860 = VECTOR ( 'NONE', #6254, 1000.000000000000000 ) ;
#1861 = AXIS2_PLACEMENT_3D ( 'NONE', #3055, #8442, #6198 ) ;
#1862 = EDGE_CURVE ( 'NONE', #6835, #8230, #6597, .T. ) ;
#1863 = VERTEX_POINT ( 'NONE', #3499 ) ;
#1864 = DIRECTION ( 'NONE',  ( -0.000000000000000000, -1.000000000000000000, -0.000000000000000000 ) ) ;
#1865 = AXIS2_PLACEMENT_3D ( 'NONE', #2054, #2659, #7438 ) ;
#1866 = AXIS2_PLACEMENT_3D ( 'NONE', #3699, #9738, #7501 ) ;
#1867 = LINE ( 'NONE', #4790, #4262 ) ;
#1868 = CARTESIAN_POINT ( 'NONE',  ( -80.80749265884381316, -5.000000000000000000, 23.63822177457588225 ) ) ;
#1869 = LINE ( 'NONE', #1761, #6594 ) ;
#1870 = CARTESIAN_POINT ( 'NONE',  ( -65.97344572538565899, -5.000000000000000000, 43.50000000000000000 ) ) ;
#1871 = LINE ( 'NONE', #4898, #2483 ) ;
#1872 = CARTESIAN_POINT ( 'NONE',  ( -126.5376224780825396, 5.000000000000000000, 23.63822177457588225 ) ) ;
#1873 = AXIS2_PLACEMENT_3D ( 'NONE', #5335, #3043, #2400 ) ;
#1874 = DIRECTION ( 'NONE',  ( -0.000000000000000000, -1.000000000000000000, -0.000000000000000000 ) ) ;
#1875 = LINE ( 'NONE', #4944, #2466 ) ;
#1876 = VERTEX_POINT ( 'NONE', #6547 ) ;
#1877 = DIRECTION ( 'NONE',  ( -0.000000000000000000, -1.000000000000000000, -0.000000000000000000 ) ) ;
#1878 = DIRECTION ( 'NONE',  ( 0.000000000000000000, 0.000000000000000000, 1.000000000000000000 ) ) ;
#1879 = VERTEX_POINT ( 'NONE', #7995 ) ;
#1880 = DIRECTION ( 'NONE',  ( -1.272130549049658700E-16, 0.000000000000000000, -1.000000000000000000 ) ) ;
#1881 = AXIS2_PLACEMENT_3D ( 'NONE', #2839, #7477, #693 ) ;
#1882 = CARTESIAN_POINT ( 'NONE',  ( -94.94465959999787685, -5.000000000000000000, 23.63822177457588225 ) ) ;
#1883 = DIRECTION ( 'NONE',  ( -1.272130549049658700E-16, 0.000000000000000000, -1.000000000000000000 ) ) ;
#1884 = EDGE_CURVE ( 'NONE', #371, #1215, #9495, .T. ) ;
#1885 = DIRECTION ( 'NONE',  ( 0.000000000000000000, 0.000000000000000000, 1.000000000000000000 ) ) ;
#1886 = AXIS2_PLACEMENT_3D ( 'NONE', #9388, #4098, #2558 ) ;
#1887 = DIRECTION ( 'NONE',  ( 0.000000000000000000, 0.000000000000000000, 1.000000000000000000 ) ) ;
#1888 = ORIENTED_EDGE ( 'NONE', *, *, #5404, .T. ) ;
#1889 = ORIENTED_EDGE ( 'NONE', *, *, #2345, .F. ) ;
#1890 = CARTESIAN_POINT ( 'NONE',  ( -4.015508988080613406, 5.000000000000000000, 23.63822177457588225 ) ) ;
#1891 = CARTESIAN_POINT ( 'NONE',  ( -139.2343834822532358, -5.000000000000000000, 20.24999999999999289 ) ) ;
#1892 = VECTOR ( 'NONE', #1022, 1000.000000000000000 ) ;
#1893 = VERTEX_POINT ( 'NONE', #8742 ) ;
#1894 = ORIENTED_EDGE ( 'NONE', *, *, #4189, .F. ) ;
#1895 = ADVANCED_FACE ( 'NONE', ( #7153 ), #5845, .T. ) ;
#1896 = DIRECTION ( 'NONE',  ( 1.000000000000000000, -0.000000000000000000, 0.000000000000000000 ) ) ;
#1897 = ORIENTED_EDGE ( 'NONE', *, *, #762, .F. ) ;
#1898 = DIRECTION ( 'NONE',  ( -0.000000000000000000, 1.000000000000000000, -0.000000000000000000 ) ) ;
#1899 = ORIENTED_EDGE ( 'NONE', *, *, #6930, .F. ) ;
#1900 = DIRECTION ( 'NONE',  ( 0.000000000000000000, 0.000000000000000000, 1.000000000000000000 ) ) ;
#1901 = DIRECTION ( 'NONE',  ( -0.000000000000000000, -1.000000000000000000, -0.000000000000000000 ) ) ;
#1902 = PLANE ( 'NONE',  #1239 ) ;
#1903 = EDGE_CURVE ( 'NONE', #8722, #3621, #7957, .T. ) ;
#1904 = EDGE_LOOP ( 'NONE', ( #254, #8903, #4632, #596 ) ) ;
#1905 = EDGE_CURVE ( 'NONE', #6598, #3301, #7693, .T. ) ;
#1906 = ORIENTED_EDGE ( 'NONE', *, *, #4179, .T. ) ;
#1907 = DIRECTION ( 'NONE',  ( -0.000000000000000000, -1.000000000000000000, -0.000000000000000000 ) ) ;
#1908 = DIRECTION ( 'NONE',  ( -0.000000000000000000, 1.000000000000000000, -0.000000000000000000 ) ) ;
#1909 = CYLINDRICAL_SURFACE ( 'NONE', #3577, 8.699999999995648992 ) ;
#1910 = CARTESIAN_POINT ( 'NONE',  ( -55.85178777231219982, -5.000000000000000000, 23.63822177457588225 ) ) ;
#1911 = ORIENTED_EDGE ( 'NONE', *, *, #8941, .F. ) ;
#1912 = CARTESIAN_POINT ( 'NONE',  ( -112.9148875508704322, -5.000000000000000000, 25.27079167095700996 ) ) ;
#1913 = CARTESIAN_POINT ( 'NONE',  ( -79.92816468817760267, -5.000000000000000000, 25.27079167095700996 ) ) ;
#1914 = ADVANCED_FACE ( 'NONE', ( #6040 ), #8192, .T. ) ;
#1915 = CARTESIAN_POINT ( 'NONE',  ( -28.45678186067025806, -5.000000000000000000, 25.27079167095700640 ) ) ;
#1916 = DIRECTION ( 'NONE',  ( -0.000000000000000000, 1.000000000000000000, -0.000000000000000000 ) ) ;
#1917 = VERTEX_POINT ( 'NONE', #5341 ) ;
#1918 = FACE_OUTER_BOUND ( 'NONE', #2348, .T. ) ;
#1919 = CARTESIAN_POINT ( 'NONE',  ( -141.1892214331785738, -5.000000000000000000, 25.27079167095700996 ) ) ;
#1920 = ORIENTED_EDGE ( 'NONE', *, *, #4244, .F. ) ;
#1921 = CARTESIAN_POINT ( 'NONE',  ( -74.70134369385097273, -5.000000000000000000, 23.63822177457588225 ) ) ;
#1922 = CARTESIAN_POINT ( 'NONE',  ( 28.27433388230813804, 5.000000000000000000, 43.50000000000000000 ) ) ;
#1923 = CARTESIAN_POINT ( 'NONE',  ( -37.69911184307751739, -5.000000000000000000, 43.50000000000000000 ) ) ;
#1924 = ADVANCED_FACE ( 'NONE', ( #8245 ), #7492, .T. ) ;
#1925 = LINE ( 'NONE', #1172, #4391 ) ;
#1926 = FACE_OUTER_BOUND ( 'NONE', #4786, .T. ) ;
#1927 = ORIENTED_EDGE ( 'NONE', *, *, #3161, .F. ) ;
#1928 = ORIENTED_EDGE ( 'NONE', *, *, #1121, .T. ) ;
#1929 = CARTESIAN_POINT ( 'NONE',  ( -150.0000000000000000, -5.000000000000000000, 20.24999999999999645 ) ) ;
#1930 = EDGE_CURVE ( 'NONE', #1230, #95, #4176, .T. ) ;
#1931 = LINE ( 'NONE', #3020, #5653 ) ;
#1932 = VECTOR ( 'NONE', #4882, 1000.000000000000000 ) ;
#1933 = CARTESIAN_POINT ( 'NONE',  ( -113.2797835075946722, -5.000000000000000000, 25.27079167095700640 ) ) ;
#1934 = ORIENTED_EDGE ( 'NONE', *, *, #6064, .F. ) ;
#1935 = ORIENTED_EDGE ( 'NONE', *, *, #7374, .F. ) ;
#1936 = DIRECTION ( 'NONE',  ( 0.000000000000000000, 0.000000000000000000, -1.000000000000000000 ) ) ;
#1937 = ORIENTED_EDGE ( 'NONE', *, *, #7001, .F. ) ;
#1938 = DIRECTION ( 'NONE',  ( -0.000000000000000000, 1.000000000000000000, -0.000000000000000000 ) ) ;
#1939 = ORIENTED_EDGE ( 'NONE', *, *, #3052, .T. ) ;
#1940 = ADVANCED_FACE ( 'NONE', ( #5888 ), #1361, .T. ) ;
#1941 = LINE ( 'NONE', #8871, #4643 ) ;
#1942 = CARTESIAN_POINT ( 'NONE',  ( -119.9470104389047123, 5.000000000000000000, 20.24999999999999289 ) ) ;
#1943 = DIRECTION ( 'NONE',  ( -0.000000000000000000, -1.000000000000000000, -0.000000000000000000 ) ) ;
#1944 = ORIENTED_EDGE ( 'NONE', *, *, #4876, .T. ) ;
#1945 = EDGE_CURVE ( 'NONE', #1988, #5743, #1805, .T. ) ;
#1946 = ORIENTED_EDGE ( 'NONE', *, *, #9520, .T. ) ;
#1947 = DIRECTION ( 'NONE',  ( -0.000000000000000000, 1.000000000000000000, -0.000000000000000000 ) ) ;
#1948 = EDGE_CURVE ( 'NONE', #2969, #6611, #2954, .T. ) ;
#1949 = CARTESIAN_POINT ( 'NONE',  ( -150.0000000000000000, 5.000000000000000000, 20.24999999999999645 ) ) ;
#1950 = DIRECTION ( 'NONE',  ( -1.000000000000000000, 0.000000000000000000, -0.000000000000000000 ) ) ;
#1951 = CARTESIAN_POINT ( 'NONE',  ( 49.26117573313436537, -5.000000000000000000, 20.24999999999999289 ) ) ;
#1952 = ORIENTED_EDGE ( 'NONE', *, *, #1836, .F. ) ;
#1953 = FACE_OUTER_BOUND ( 'NONE', #5432, .T. ) ;
#1954 = AXIS2_PLACEMENT_3D ( 'NONE', #1290, #8916, #541 ) ;
#1955 = DIRECTION ( 'NONE',  ( -0.000000000000000000, 1.000000000000000000, -0.000000000000000000 ) ) ;
#1956 = ORIENTED_EDGE ( 'NONE', *, *, #314, .T. ) ;
#1957 = CARTESIAN_POINT ( 'NONE',  ( 46.42700981154280981, -5.000000000000000000, 23.63822177457588225 ) ) ;
#1958 = ORIENTED_EDGE ( 'NONE', *, *, #7744, .F. ) ;
#1959 = AXIS2_PLACEMENT_3D ( 'NONE', #1710, #14, #3045 ) ;
#1960 = DIRECTION ( 'NONE',  ( -0.000000000000000000, -1.000000000000000000, -0.000000000000000000 ) ) ;
#1961 = EDGE_CURVE ( 'NONE', #3822, #993, #9688, .T. ) ;
#1962 = ORIENTED_EDGE ( 'NONE', *, *, #3233, .F. ) ;
#1963 = CARTESIAN_POINT ( 'NONE',  ( 47.30633778220901320, -5.000000000000000000, 25.27079167095700996 ) ) ;
#1964 = CARTESIAN_POINT ( 'NONE',  ( 19.03200389990087515, -5.000000000000000000, 25.27079167095700996 ) ) ;
#1965 = VERTEX_POINT ( 'NONE', #9731 ) ;
#1966 = FACE_OUTER_BOUND ( 'NONE', #6233, .T. ) ;
#1967 = DIRECTION ( 'NONE',  ( 0.000000000000000000, 0.000000000000000000, 1.000000000000000000 ) ) ;
#1968 = CARTESIAN_POINT ( 'NONE',  ( -150.0000000000000000, 5.000000000000000000, 20.24999999999999645 ) ) ;
#1969 = AXIS2_PLACEMENT_3D ( 'NONE', #3736, #5234, #6637 ) ;
#1970 = CIRCLE ( 'NONE', #3242, 19.87399999999006539 ) ;
#1971 = FACE_OUTER_BOUND ( 'NONE', #3017, .T. ) ;
#1972 = CARTESIAN_POINT ( 'NONE',  ( -104.3694375607672669, 5.000000000000000000, 23.63822177457588225 ) ) ;
#1973 = EDGE_CURVE ( 'NONE', #6732, #6109, #16, .T. ) ;
#1974 = AXIS2_PLACEMENT_3D ( 'NONE', #3881, #8428, #8472 ) ;
#1975 = ORIENTED_EDGE ( 'NONE', *, *, #4081, .T. ) ;
#1976 = VECTOR ( 'NONE', #6702, 1000.000000000000000 ) ;
#1977 = VERTEX_POINT ( 'NONE', #8290 ) ;
#1978 = CARTESIAN_POINT ( 'NONE',  ( 150.0000000000000000, -5.000000000000000000, -24.00000000000000355 ) ) ;
#1979 = CARTESIAN_POINT ( 'NONE',  ( -49.69899285494412311, -5.000000000000000000, 20.24999999999999289 ) ) ;
#1980 = CARTESIAN_POINT ( 'NONE',  ( 52.53315877653566446, -5.000000000000000000, 23.63822177457588225 ) ) ;
#1981 = ORIENTED_EDGE ( 'NONE', *, *, #5174, .T. ) ;
#1982 = VECTOR ( 'NONE', #688, 1000.000000000000000 ) ;
#1983 = ORIENTED_EDGE ( 'NONE', *, *, #6110, .T. ) ;
#1984 = CIRCLE ( 'NONE', #4684, 8.699999999995648992 ) ;
#1985 = EDGE_CURVE ( 'NONE', #1838, #1211, #7603, .T. ) ;
#1986 = CARTESIAN_POINT ( 'NONE',  ( -16.71226999225129006, -5.000000000000000000, 20.24999999999999289 ) ) ;
#1987 = CARTESIAN_POINT ( 'NONE',  ( -149.0000000000000000, 5.000000000000000000, 19.24999999999999645 ) ) ;
#1988 = VERTEX_POINT ( 'NONE', #2105 ) ;
#1989 = DIRECTION ( 'NONE',  ( -0.000000000000000000, 1.000000000000000000, -0.000000000000000000 ) ) ;
#1990 = ORIENTED_EDGE ( 'NONE', *, *, #4876, .F. ) ;
#1991 = VECTOR ( 'NONE', #3693, 1000.000000000000000 ) ;
#1992 = CARTESIAN_POINT ( 'NONE',  ( 159.0000000000000000, 5.000000000000000000, -40.89999999999999858 ) ) ;
#1993 = DIRECTION ( 'NONE',  ( 0.000000000000000000, 0.000000000000000000, 1.000000000000000000 ) ) ;
#1994 = VECTOR ( 'NONE', #8531, 1000.000000000000000 ) ;
#1995 = CARTESIAN_POINT ( 'NONE',  ( -112.9148875508704322, -5.000000000000000000, 25.27079167095700996 ) ) ;
#1996 = ORIENTED_EDGE ( 'NONE', *, *, #6677, .T. ) ;
#1997 = CIRCLE ( 'NONE', #7578, 8.699999999995645439 ) ;
#1998 = AXIS2_PLACEMENT_3D ( 'NONE', #5319, #3828, #1548 ) ;
#1999 = ADVANCED_FACE ( 'NONE', ( #5142 ), #4400, .T. ) ;
#2000 = ORIENTED_EDGE ( 'NONE', *, *, #7025, .F. ) ;
#2001 = DIRECTION ( 'NONE',  ( 0.000000000000000000, 0.000000000000000000, 1.000000000000000000 ) ) ;
#2002 = CARTESIAN_POINT ( 'NONE',  ( -28.45678186067025806, -5.000000000000000000, 25.27079167095700640 ) ) ;
#2003 = FACE_OUTER_BOUND ( 'NONE', #5454, .T. ) ;
#2004 = CYLINDRICAL_SURFACE ( 'NONE', #2778, 8.699999999995645439 ) ;
#2005 = ORIENTED_EDGE ( 'NONE', *, *, #3215, .F. ) ;
#2006 = EDGE_CURVE ( 'NONE', #2085, #8761, #4655, .T. ) ;
#2007 = AXIS2_PLACEMENT_3D ( 'NONE', #7117, #2485, #886 ) ;
#2009 = CARTESIAN_POINT ( 'NONE',  ( -150.0000000000000000, 5.000000000000000000, 20.24999999999999645 ) ) ;
#2008 = VECTOR ( 'NONE', #4959, 1000.000000000000000 ) ;
#2010 = AXIS2_PLACEMENT_3D ( 'NONE', #8661, #4215, #2585 ) ;
#2011 = DIRECTION ( 'NONE',  ( -0.000000000000000000, -1.000000000000000000, -0.000000000000000000 ) ) ;
#2012 = ORIENTED_EDGE ( 'NONE', *, *, #3412, .T. ) ;
#2013 = EDGE_CURVE ( 'NONE', #251, #9351, #9086, .T. ) ;
#2014 = AXIS2_PLACEMENT_3D ( 'NONE', #3057, #3761, #5152 ) ;
#2015 = CARTESIAN_POINT ( 'NONE',  ( -150.0000000000000000, -5.000000000000000000, 20.24999999999999645 ) ) ;
#2016 = VERTEX_POINT ( 'NONE', #2213 ) ;
#2017 = VECTOR ( 'NONE', #5700, 1000.000000000000000 ) ;
#2018 = CARTESIAN_POINT ( 'NONE',  ( 146.0840583919253675, -5.000000000000000000, 43.50000000000000000 ) ) ;
#2019 = ORIENTED_EDGE ( 'NONE', *, *, #8891, .F. ) ;
#2020 = CYLINDRICAL_SURFACE ( 'NONE', #7558, 8.699999999995648992 ) ;
#2021 = CARTESIAN_POINT ( 'NONE',  ( -150.0000000000000000, 5.000000000000000000, 20.24999999999999645 ) ) ;
#2022 = ORIENTED_EDGE ( 'NONE', *, *, #6879, .T. ) ;
#2023 = LINE ( 'NONE', #1882, #8994 ) ;
#2024 = CARTESIAN_POINT ( 'NONE',  ( -150.0000000000000000, -5.000000000000000000, 20.24999999999999645 ) ) ;
#2025 = CIRCLE ( 'NONE', #4880, 8.699999999995648992 ) ;
#2026 = EDGE_CURVE ( 'NONE', #1046, #9510, #6800, .T. ) ;
#2027 = EDGE_CURVE ( 'NONE', #2092, #2988, #9126, .T. ) ;
#2028 = ADVANCED_FACE ( 'NONE', ( #5936 ), #5199, .T. ) ;
#2029 = CARTESIAN_POINT ( 'NONE',  ( 113.2797835075946722, -5.000000000000000000, 25.27079167095700996 ) ) ;
#2030 = CARTESIAN_POINT ( 'NONE',  ( -16.27445287044153943, 5.000000000000000000, 20.24999999999999289 ) ) ;
#2031 = ORIENTED_EDGE ( 'NONE', *, *, #5244, .T. ) ;
#2032 = VECTOR ( 'NONE', #9426, 1000.000000000000000 ) ;
#2033 = DIRECTION ( 'NONE',  ( -0.000000000000000000, 1.000000000000000000, -0.000000000000000000 ) ) ;
#2034 = ORIENTED_EDGE ( 'NONE', *, *, #366, .T. ) ;
#2035 = LINE ( 'NONE', #7740, #5483 ) ;
#2036 = DIRECTION ( 'NONE',  ( -1.000000000000000000, 0.000000000000000000, 1.272130549049658700E-16 ) ) ;
#2037 = DIRECTION ( 'NONE',  ( -0.000000000000000000, -1.000000000000000000, -0.000000000000000000 ) ) ;
#2038 = ORIENTED_EDGE ( 'NONE', *, *, #3048, .F. ) ;
#2039 = EDGE_CURVE ( 'NONE', #1215, #2067, #3700, .T. ) ;
#2040 = ORIENTED_EDGE ( 'NONE', *, *, #222, .F. ) ;
#2041 = CIRCLE ( 'NONE', #2194, 19.87399999999006539 ) ;
#2042 = CARTESIAN_POINT ( 'NONE',  ( -90.23227061961318896, 5.000000000000000000, 23.63822177457588225 ) ) ;
#2043 = CARTESIAN_POINT ( 'NONE',  ( 80.29306064490184269, 5.000000000000000000, 25.27079167095700996 ) ) ;
#2044 = ORIENTED_EDGE ( 'NONE', *, *, #50, .F. ) ;
#2045 = FACE_OUTER_BOUND ( 'NONE', #972, .T. ) ;
#2046 = VERTEX_POINT ( 'NONE', #4746 ) ;
#2047 = AXIS2_PLACEMENT_3D ( 'NONE', #358, #9340, #2515 ) ;
#2048 = CARTESIAN_POINT ( 'NONE',  ( 190.0000000000000000, 5.000000000000000000, 49.99999999999999289 ) ) ;
#2049 = DIRECTION ( 'NONE',  ( 0.000000000000000000, 0.000000000000000000, 1.000000000000000000 ) ) ;
#2050 = ORIENTED_EDGE ( 'NONE', *, *, #3880, .F. ) ;
#2051 = AXIS2_PLACEMENT_3D ( 'NONE', #472, #5891, #7303 ) ;
#2052 = ORIENTED_EDGE ( 'NONE', *, *, #9267, .F. ) ;
#2053 = DIRECTION ( 'NONE',  ( 1.000000000000000000, 0.000000000000000000, -1.272130549049658700E-16 ) ) ;
#2054 = CARTESIAN_POINT ( 'NONE',  ( 33.16917084105494240, -5.000000000000000000, 25.27079167095700996 ) ) ;
#2055 = FACE_OUTER_BOUND ( 'NONE', #5098, .T. ) ;
#2056 = DIRECTION ( 'NONE',  ( 0.000000000000000000, 0.000000000000000000, 1.000000000000000000 ) ) ;
#2057 = CARTESIAN_POINT ( 'NONE',  ( -68.11073165467313117, -5.000000000000000000, 20.24999999999999289 ) ) ;
#2058 = EDGE_CURVE ( 'NONE', #8534, #2699, #1640, .T. ) ;
#2059 = FILL_AREA_STYLE ('',( #2848 ) ) ;
#2060 = VERTEX_POINT ( 'NONE', #6344 ) ;
#2061 = CARTESIAN_POINT ( 'NONE',  ( 98.96016858807848848, -5.000000000000000000, 43.50000000000000000 ) ) ;
#2062 = ORIENTED_EDGE ( 'NONE', *, *, #8720, .F. ) ;
#2063 = CARTESIAN_POINT ( 'NONE',  ( 37.69911184307751739, -5.000000000000000000, 43.50000000000000000 ) ) ;
#2064 = EDGE_LOOP ( 'NONE', ( #5920, #8470, #3157, #7706 ) ) ;
#2065 = FACE_OUTER_BOUND ( 'NONE', #8291, .T. ) ;
#2066 = DIRECTION ( 'NONE',  ( -1.000000000000000000, 0.000000000000000000, 1.272130549049658700E-16 ) ) ;
#2067 = VERTEX_POINT ( 'NONE', #1565 ) ;
#2068 = LINE ( 'NONE', #2111, #8698 ) ;
#2069 = EDGE_CURVE ( 'NONE', #8351, #4809, #2113, .T. ) ;
#2070 = DIRECTION ( 'NONE',  ( 0.000000000000000000, 0.000000000000000000, 1.000000000000000000 ) ) ;
#2071 = DIRECTION ( 'NONE',  ( -0.000000000000000000, -1.000000000000000000, -0.000000000000000000 ) ) ;
#2072 = ADVANCED_FACE ( 'NONE', ( #5433 ), #1608, .F. ) ;
#2073 = FACE_OUTER_BOUND ( 'NONE', #7730, .T. ) ;
#2074 = ORIENTED_EDGE ( 'NONE', *, *, #6286, .T. ) ;
#2075 = CARTESIAN_POINT ( 'NONE',  ( -150.0000000000000000, -5.000000000000000000, 20.24999999999999645 ) ) ;
#2076 = ORIENTED_EDGE ( 'NONE', *, *, #2079, .F. ) ;
#2077 = CARTESIAN_POINT ( 'NONE',  ( -96.38506553698125856, -5.000000000000000000, 20.24999999999999289 ) ) ;
#2078 = DIRECTION ( 'NONE',  ( 0.000000000000000000, 0.000000000000000000, 1.000000000000000000 ) ) ;
#2079 = EDGE_CURVE ( 'NONE', #6835, #3864, #3154, .T. ) ;
#2080 = CARTESIAN_POINT ( 'NONE',  ( 136.8417284095181117, -5.000000000000000000, 25.27079167095700996 ) ) ;
#2081 = EDGE_LOOP ( 'NONE', ( #5316, #1633, #5867, #1409 ) ) ;
#2082 = ORIENTED_EDGE ( 'NONE', *, *, #3967, .T. ) ;
#2083 = DIRECTION ( 'NONE',  ( 0.000000000000000000, 0.000000000000000000, 1.000000000000000000 ) ) ;
#2084 = DIRECTION ( 'NONE',  ( -0.000000000000000000, -1.000000000000000000, -0.000000000000000000 ) ) ;
#2085 = VERTEX_POINT ( 'NONE', #9387 ) ;
#2086 = AXIS2_PLACEMENT_3D ( 'NONE', #763, #8929, #2894 ) ;
#2087 = CARTESIAN_POINT ( 'NONE',  ( 200.0000000000000000, 5.000000000000000000, 49.99999999999999289 ) ) ;
#2088 = ORIENTED_EDGE ( 'NONE', *, *, #2708, .T. ) ;
#2089 = EDGE_CURVE ( 'NONE', #1211, #6439, #1158, .T. ) ;
#2090 = CYLINDRICAL_SURFACE ( 'NONE', #3692, 19.87399999999006539 ) ;
#2091 = CARTESIAN_POINT ( 'NONE',  ( -80.11061266653972268, 5.000000000000000000, 43.50000000000000000 ) ) ;
#2092 = VERTEX_POINT ( 'NONE', #8437 ) ;
#2093 = VERTEX_POINT ( 'NONE', #2361 ) ;
#2094 = CARTESIAN_POINT ( 'NONE',  ( 142.0685494038447700, -5.000000000000000000, 23.63822177457588225 ) ) ;
#2095 = EDGE_CURVE ( 'NONE', #4129, #9528, #9308, .T. ) ;
#2096 = CYLINDRICAL_SURFACE ( 'NONE', #2496, 8.699999999995648992 ) ;
#2097 = DIRECTION ( 'NONE',  ( -0.000000000000000000, 1.000000000000000000, -0.000000000000000000 ) ) ;
#2098 = FACE_OUTER_BOUND ( 'NONE', #582, .T. ) ;
#2099 = CYLINDRICAL_SURFACE ( 'NONE', #25, 8.699999999995645439 ) ;
#2100 = CARTESIAN_POINT ( 'NONE',  ( 30.84943693340536086, -5.000000000000000000, 20.24999999999999289 ) ) ;
#2101 = ORIENTED_EDGE ( 'NONE', *, *, #3520, .T. ) ;
#2102 = DIRECTION ( 'NONE',  ( 0.000000000000000000, 0.000000000000000000, 1.000000000000000000 ) ) ;
#2103 = ORIENTED_EDGE ( 'NONE', *, *, #7503, .F. ) ;
#2104 = EDGE_CURVE ( 'NONE', #943, #6782, #1183, .T. ) ;
#2105 = CARTESIAN_POINT ( 'NONE',  ( -25.69923083121091523, 5.000000000000000000, 20.24999999999999289 ) ) ;
#2106 = VERTEX_POINT ( 'NONE', #2512 ) ;
#2107 = AXIS2_PLACEMENT_3D ( 'NONE', #4480, #698, #4584 ) ;
#2108 = DIRECTION ( 'NONE',  ( -0.000000000000000000, -1.000000000000000000, -0.000000000000000000 ) ) ;
#2109 = FACE_OUTER_BOUND ( 'NONE', #1103, .T. ) ;
#2110 = EDGE_LOOP ( 'NONE', ( #2584, #507, #6088, #1956 ) ) ;
#2111 = CARTESIAN_POINT ( 'NONE',  ( 46.42700981154280981, -5.000000000000000000, 23.63822177457588225 ) ) ;
#2112 = LINE ( 'NONE', #1313, #430 ) ;
#2113 = CIRCLE ( 'NONE', #7207, 19.87399999999006539 ) ;
#2114 = AXIS2_PLACEMENT_3D ( 'NONE', #7123, #5371, #9217 ) ;
#2115 = DIRECTION ( 'NONE',  ( -0.000000000000000000, 1.000000000000000000, -0.000000000000000000 ) ) ;
#2116 = EDGE_CURVE ( 'NONE', #525, #1717, #1484, .T. ) ;
#2117 = CARTESIAN_POINT ( 'NONE',  ( -18.15267592923468243, -5.000000000000000000, 23.63822177457588225 ) ) ;
#2118 = ORIENTED_EDGE ( 'NONE', *, *, #4622, .F. ) ;
#2119 = FACE_BOUND ( 'NONE', #1137, .T. ) ;
#2120 = EDGE_LOOP ( 'NONE', ( #6764, #2723, #9666, #7913 ) ) ;
#2121 = AXIS2_PLACEMENT_3D ( 'NONE', #9032, #4479, #5831 ) ;
#2122 = CARTESIAN_POINT ( 'NONE',  ( -127.9313824626907063, -5.000000000000000000, 23.63822177457588225 ) ) ;
#2123 = CARTESIAN_POINT ( 'NONE',  ( -54.41138183532881101, 5.000000000000000000, 20.24999999999999289 ) ) ;
#2124 = CIRCLE ( 'NONE', #3391, 19.87399999999006539 ) ;
#2125 = EDGE_CURVE ( 'NONE', #5872, #4212, #7059, .T. ) ;
#2126 = CYLINDRICAL_SURFACE ( 'NONE', #2320, 1.599999999999962563 ) ;
#2127 = ADVANCED_FACE ( 'NONE', ( #8587 ), #2557, .T. ) ;
#2128 = ORIENTED_EDGE ( 'NONE', *, *, #2252, .F. ) ;
#2129 = ORIENTED_EDGE ( 'NONE', *, *, #6325, .T. ) ;
#2130 = AXIS2_PLACEMENT_3D ( 'NONE', #4583, #950, #6935 ) ;
#2131 = EDGE_CURVE ( 'NONE', #5813, #331, #6237, .T. ) ;
#2132 = AXIS2_PLACEMENT_3D ( 'NONE', #4157, #1173, #3511 ) ;
#2133 = DIRECTION ( 'NONE',  ( -0.000000000000000000, -1.000000000000000000, -0.000000000000000000 ) ) ;
#2134 = DIRECTION ( 'NONE',  ( 1.000000000000000000, 0.000000000000000000, -1.272130549049658700E-16 ) ) ;
#2135 = ORIENTED_EDGE ( 'NONE', *, *, #1945, .F. ) ;
#2136 = CARTESIAN_POINT ( 'NONE',  ( -25.69923083121091523, -5.000000000000000000, 20.24999999999999289 ) ) ;
#2137 = ORIENTED_EDGE ( 'NONE', *, *, #2524, .T. ) ;
#2138 = CYLINDRICAL_SURFACE ( 'NONE', #4491, 8.699999999995645439 ) ;
#2139 = CIRCLE ( 'NONE', #2776, 19.87399999999006539 ) ;
#2140 = VECTOR ( 'NONE', #7262, 1000.000000000000000 ) ;
#2141 = ORIENTED_EDGE ( 'NONE', *, *, #7741, .T. ) ;
#2142 = FACE_OUTER_BOUND ( 'NONE', #5998, .T. ) ;
#2143 = ORIENTED_EDGE ( 'NONE', *, *, #8672, .F. ) ;
#2144 = EDGE_CURVE ( 'NONE', #5170, #9047, #3074, .T. ) ;
#2145 = EDGE_CURVE ( 'NONE', #7737, #5813, #65, .T. ) ;
#2146 = VECTOR ( 'NONE', #7694, 1000.000000000000000 ) ;
#2147 = ORIENTED_EDGE ( 'NONE', *, *, #6374, .T. ) ;
#2148 = CIRCLE ( 'NONE', #3734, 19.87399999999006539 ) ;
#2149 = VECTOR ( 'NONE', #7794, 1000.000000000000000 ) ;
#2150 = DIRECTION ( 'NONE',  ( -0.000000000000000000, -1.000000000000000000, -0.000000000000000000 ) ) ;
#2151 = DIRECTION ( 'NONE',  ( -0.000000000000000000, 1.000000000000000000, -0.000000000000000000 ) ) ;
#2152 = CARTESIAN_POINT ( 'NONE',  ( 30.41161981159560668, -5.000000000000000000, 20.24999999999999289 ) ) ;
#2153 = DIRECTION ( 'NONE',  ( -0.000000000000000000, 1.000000000000000000, -0.000000000000000000 ) ) ;
#2154 = CARTESIAN_POINT ( 'NONE',  ( -23.56194490192344659, 5.000000000000000000, 43.50000000000000000 ) ) ;
#2155 = DIRECTION ( 'NONE',  ( -1.000000000000000000, 0.000000000000000000, 1.272130549049658700E-16 ) ) ;
#2156 = AXIS2_PLACEMENT_3D ( 'NONE', #2296, #6790, #3682 ) ;
#2157 = ORIENTED_EDGE ( 'NONE', *, *, #8176, .T. ) ;
#2158 = AXIS2_PLACEMENT_3D ( 'NONE', #7962, #7861, #1223 ) ;
#2159 = EDGE_CURVE ( 'NONE', #9265, #3610, #1814, .T. ) ;
#2160 = DIRECTION ( 'NONE',  ( 0.000000000000000000, 0.000000000000000000, 1.000000000000000000 ) ) ;
#2161 = ORIENTED_EDGE ( 'NONE', *, *, #201, .F. ) ;
#2162 = CARTESIAN_POINT ( 'NONE',  ( 28.27433388230813804, -5.000000000000000000, 43.50000000000000000 ) ) ;
#2163 = CIRCLE ( 'NONE', #7100, 8.699999999995645439 ) ;
#2164 = VERTEX_POINT ( 'NONE', #5389 ) ;
#2165 = AXIS2_PLACEMENT_3D ( 'NONE', #9705, #6058, #9106 ) ;
#2166 = LINE ( 'NONE', #662, #3406 ) ;
#2167 = CARTESIAN_POINT ( 'NONE',  ( 70.50338672740821266, -5.000000000000000000, 25.27079167095700640 ) ) ;
#2168 = CIRCLE ( 'NONE', #4383, 8.699999999995648992 ) ;
#2169 = VERTEX_POINT ( 'NONE', #2458 ) ;
#2170 = DIRECTION ( 'NONE',  ( -0.000000000000000000, -1.000000000000000000, -0.000000000000000000 ) ) ;
#2171 = DIRECTION ( 'NONE',  ( -0.000000000000000000, 1.000000000000000000, -0.000000000000000000 ) ) ;
#2172 = CIRCLE ( 'NONE', #107, 1.599999999999990319 ) ;
#2173 = AXIS2_PLACEMENT_3D ( 'NONE', #1923, #7919, #1270 ) ;
#2174 = DIRECTION ( 'NONE',  ( 0.000000000000000000, 0.000000000000000000, 1.000000000000000000 ) ) ;
#2175 = DIRECTION ( 'NONE',  ( -0.000000000000000000, 1.000000000000000000, -0.000000000000000000 ) ) ;
#2176 = ORIENTED_EDGE ( 'NONE', *, *, #6137, .F. ) ;
#2177 = CARTESIAN_POINT ( 'NONE',  ( -5.409268972688769495, 5.000000000000000000, 23.63822177457588225 ) ) ;
#2178 = ORIENTED_EDGE ( 'NONE', *, *, #4901, .T. ) ;
#2179 = DIRECTION ( 'NONE',  ( 0.000000000000000000, 0.000000000000000000, 1.000000000000000000 ) ) ;
#2180 = AXIS2_PLACEMENT_3D ( 'NONE', #4797, #7852, #1014 ) ;
#2181 = CARTESIAN_POINT ( 'NONE',  ( -148.2213443212128254, 5.000000000000000000, 20.24999999999999289 ) ) ;
#2182 = LINE ( 'NONE', #2870, #3283 ) ;
#2183 = EDGE_CURVE ( 'NONE', #4169, #1965, #6263, .T. ) ;
#2184 = ORIENTED_EDGE ( 'NONE', *, *, #6739, .F. ) ;
#2185 = VERTEX_POINT ( 'NONE', #4041 ) ;
#2186 = CARTESIAN_POINT ( 'NONE',  ( -142.0685494038447700, 5.000000000000000000, 23.63822177457588225 ) ) ;
#2187 = CARTESIAN_POINT ( 'NONE',  ( -13.44028694884999275, 5.000000000000000000, 23.63822177457588225 ) ) ;
#2188 = EDGE_CURVE ( 'NONE', #905, #3953, #1321, .T. ) ;
#2189 = ORIENTED_EDGE ( 'NONE', *, *, #8462, .F. ) ;
#2190 = DIRECTION ( 'NONE',  ( -0.000000000000000000, -1.000000000000000000, -0.000000000000000000 ) ) ;
#2191 = EDGE_LOOP ( 'NONE', ( #7835, #1920, #815, #3959 ) ) ;
#2192 = CARTESIAN_POINT ( 'NONE',  ( 139.2343834822532358, -5.000000000000000000, 20.24999999999999289 ) ) ;
#2193 = DIRECTION ( 'NONE',  ( -0.000000000000000000, 1.000000000000000000, -0.000000000000000000 ) ) ;
#2194 = AXIS2_PLACEMENT_3D ( 'NONE', #4834, #9570, #7891 ) ;
#2195 = ADVANCED_FACE ( 'NONE', ( #9430 ), #7332, .T. ) ;
#2196 = ORIENTED_EDGE ( 'NONE', *, *, #9355, .F. ) ;
#2197 = CARTESIAN_POINT ( 'NONE',  ( 150.0000000000000000, -5.000000000000000000, -24.00000000000000355 ) ) ;
#2198 = ORIENTED_EDGE ( 'NONE', *, *, #559, .F. ) ;
#2199 = ORIENTED_EDGE ( 'NONE', *, *, #7433, .F. ) ;
#2200 = EDGE_CURVE ( 'NONE', #2691, #8355, #4032, .T. ) ;
#2201 = AXIS2_PLACEMENT_3D ( 'NONE', #2913, #5107, #5063 ) ;
#2202 = DIRECTION ( 'NONE',  ( -0.000000000000000000, -1.000000000000000000, -0.000000000000000000 ) ) ;
#2203 = LINE ( 'NONE', #8234, #6080 ) ;
#2204 = LINE ( 'NONE', #4437, #6449 ) ;
#2205 = LINE ( 'NONE', #652, #5636 ) ;
#2206 = EDGE_CURVE ( 'NONE', #9528, #3455, #8334, .T. ) ;
#2207 = EDGE_CURVE ( 'NONE', #2707, #3002, #4505, .T. ) ;
#2208 = CARTESIAN_POINT ( 'NONE',  ( -142.0685494038447700, -5.000000000000000000, 23.63822177457588225 ) ) ;
#2209 = VECTOR ( 'NONE', #3609, 1000.000000000000000 ) ;
#2210 = ORIENTED_EDGE ( 'NONE', *, *, #9717, .T. ) ;
#2211 = DIRECTION ( 'NONE',  ( -0.000000000000000000, -1.000000000000000000, -0.000000000000000000 ) ) ;
#2212 = VERTEX_POINT ( 'NONE', #8773 ) ;
#2213 = CARTESIAN_POINT ( 'NONE',  ( -10.12165795307346450, -5.000000000000000000, 23.63822177457588225 ) ) ;
#2214 = ORIENTED_EDGE ( 'NONE', *, *, #4509, .T. ) ;
#2215 = CARTESIAN_POINT ( 'NONE',  ( -150.0000000000000000, -5.000000000000000000, 20.24999999999999645 ) ) ;
#2216 = DIRECTION ( 'NONE',  ( -0.000000000000000000, 1.000000000000000000, -0.000000000000000000 ) ) ;
#2217 = ORIENTED_EDGE ( 'NONE', *, *, #1596, .T. ) ;
#2218 = VERTEX_POINT ( 'NONE', #500 ) ;
#2219 = EDGE_CURVE ( 'NONE', #9583, #3767, #8035, .T. ) ;
#2220 = CARTESIAN_POINT ( 'NONE',  ( -65.27656573308159693, -5.000000000000000000, 23.63822177457588225 ) ) ;
#2221 = DIRECTION ( 'NONE',  ( -0.000000000000000000, 1.000000000000000000, -0.000000000000000000 ) ) ;
#2222 = DIRECTION ( 'NONE',  ( 0.000000000000000000, 0.000000000000000000, 1.000000000000000000 ) ) ;
#2223 = DIRECTION ( 'NONE',  ( 0.000000000000000000, 0.000000000000000000, 1.000000000000000000 ) ) ;
#2224 = ORIENTED_EDGE ( 'NONE', *, *, #4466, .T. ) ;
#2225 = CARTESIAN_POINT ( 'NONE',  ( -70.50338672740822688, -5.000000000000000000, 25.27079167095700996 ) ) ;
#2226 = ORIENTED_EDGE ( 'NONE', *, *, #2227, .T. ) ;
#2227 = EDGE_CURVE ( 'NONE', #95, #1745, #407, .T. ) ;
#2228 = DIRECTION ( 'NONE',  ( -0.000000000000000000, 1.000000000000000000, -0.000000000000000000 ) ) ;
#2229 = DIRECTION ( 'NONE',  ( -0.000000000000000000, 1.000000000000000000, -0.000000000000000000 ) ) ;
#2230 = LINE ( 'NONE', #4418, #2800 ) ;
#2231 = ORIENTED_EDGE ( 'NONE', *, *, #8851, .F. ) ;
#2232 = VERTEX_POINT ( 'NONE', #7232 ) ;
#2233 = FACE_OUTER_BOUND ( 'NONE', #9566, .T. ) ;
#2234 = DIRECTION ( 'NONE',  ( -0.000000000000000000, 1.000000000000000000, -0.000000000000000000 ) ) ;
#2235 = ORIENTED_EDGE ( 'NONE', *, *, #586, .F. ) ;
#2236 = EDGE_CURVE ( 'NONE', #3822, #5899, #4832, .T. ) ;
#2237 = DIRECTION ( 'NONE',  ( 0.000000000000000000, 0.000000000000000000, 1.000000000000000000 ) ) ;
#2238 = ORIENTED_EDGE ( 'NONE', *, *, #9737, .F. ) ;
#2239 = CARTESIAN_POINT ( 'NONE',  ( 150.0000000000000000, 5.000000000000000000, 20.24999999999995737 ) ) ;
#2240 = CYLINDRICAL_SURFACE ( 'NONE', #4377, 8.699999999995648992 ) ;
#2241 = CYLINDRICAL_SURFACE ( 'NONE', #1720, 19.87399999999006539 ) ;
#2242 = VERTEX_POINT ( 'NONE', #2742 ) ;
#2243 = VECTOR ( 'NONE', #5046, 1000.000000000000000 ) ;
#2244 = ORIENTED_EDGE ( 'NONE', *, *, #5706, .F. ) ;
#2245 = EDGE_CURVE ( 'NONE', #8450, #3229, #3443, .T. ) ;
#2246 = FACE_OUTER_BOUND ( 'NONE', #5218, .T. ) ;
#2247 = CARTESIAN_POINT ( 'NONE',  ( -150.0000000000000000, -5.000000000000000000, 20.24999999999999645 ) ) ;
#2248 = PLANE ( 'NONE',  #7246 ) ;
#2249 = DIRECTION ( 'NONE',  ( -0.000000000000000000, 1.000000000000000000, -0.000000000000000000 ) ) ;
#2250 = AXIS2_PLACEMENT_3D ( 'NONE', #2590, #8866, #445 ) ;
#2251 = DIRECTION ( 'NONE',  ( -0.000000000000000000, 1.000000000000000000, -0.000000000000000000 ) ) ;
#2252 = EDGE_CURVE ( 'NONE', #3158, #7463, #6900, .T. ) ;
#2253 = VERTEX_POINT ( 'NONE', #5726 ) ;
#2254 = DIRECTION ( 'NONE',  ( 0.000000000000000000, 0.000000000000000000, 1.000000000000000000 ) ) ;
#2255 = ORIENTED_EDGE ( 'NONE', *, *, #6355, .T. ) ;
#2256 = EDGE_CURVE ( 'NONE', #5399, #3153, #6102, .T. ) ;
#2257 = DIRECTION ( 'NONE',  ( -0.000000000000000000, 1.000000000000000000, -0.000000000000000000 ) ) ;
#2258 = ORIENTED_EDGE ( 'NONE', *, *, #2562, .F. ) ;
#2259 = DIRECTION ( 'NONE',  ( -0.000000000000000000, 1.000000000000000000, -0.000000000000000000 ) ) ;
#2260 = CARTESIAN_POINT ( 'NONE',  ( -9.607225939131499359, -5.000000000000000000, 25.27079167095700640 ) ) ;
#2261 = VERTEX_POINT ( 'NONE', #6386 ) ;
#2262 = ORIENTED_EDGE ( 'NONE', *, *, #9130, .F. ) ;
#2263 = CARTESIAN_POINT ( 'NONE',  ( 37.88155982143963030, -5.000000000000000000, 25.27079167095700996 ) ) ;
#2264 = LINE ( 'NONE', #8200, #1381 ) ;
#2265 = EDGE_CURVE ( 'NONE', #454, #8112, #9532, .T. ) ;
#2266 = CARTESIAN_POINT ( 'NONE',  ( -32.98672286269282949, -5.000000000000000000, 43.50000000000000000 ) ) ;
#2267 = AXIS2_PLACEMENT_3D ( 'NONE', #7, #3040, #7641 ) ;
#2268 = LINE ( 'NONE', #5300, #8982 ) ;
#2269 = ORIENTED_EDGE ( 'NONE', *, *, #5106, .T. ) ;
#2270 = DIRECTION ( 'NONE',  ( 0.000000000000000000, 1.000000000000000000, -0.000000000000000000 ) ) ;
#2271 = DIRECTION ( 'NONE',  ( 1.000000000000000000, 0.000000000000000000, -1.272130549049658700E-16 ) ) ;
#2272 = VERTEX_POINT ( 'NONE', #6580 ) ;
#2273 = DIRECTION ( 'NONE',  ( 0.000000000000000000, 0.000000000000000000, 1.000000000000000000 ) ) ;
#2274 = DIRECTION ( 'NONE',  ( -0.000000000000000000, 1.000000000000000000, -0.000000000000000000 ) ) ;
#2275 = CARTESIAN_POINT ( 'NONE',  ( 65.27656573308158272, -5.000000000000000000, 23.63822177457588225 ) ) ;
#2276 = VECTOR ( 'NONE', #2985, 1000.000000000000000 ) ;
#2277 = ORIENTED_EDGE ( 'NONE', *, *, #5044, .T. ) ;
#2278 = VERTEX_POINT ( 'NONE', #7285 ) ;
#2279 = EDGE_CURVE ( 'NONE', #5034, #8425, #7183, .T. ) ;
#2280 = DIRECTION ( 'NONE',  ( 0.000000000000000000, 0.000000000000000000, 1.000000000000000000 ) ) ;
#2281 = DIRECTION ( 'NONE',  ( -0.000000000000000000, -1.000000000000000000, -0.000000000000000000 ) ) ;
#2282 = VECTOR ( 'NONE', #5993, 1000.000000000000000 ) ;
#2283 = EDGE_LOOP ( 'NONE', ( #642, #6738, #6980, #2534 ) ) ;
#2284 = AXIS2_PLACEMENT_3D ( 'NONE', #1059, #8867, #4275 ) ;
#2285 = ORIENTED_EDGE ( 'NONE', *, *, #8997, .T. ) ;
#2286 = DIRECTION ( 'NONE',  ( -0.000000000000000000, -1.000000000000000000, -0.000000000000000000 ) ) ;
#2287 = CARTESIAN_POINT ( 'NONE',  ( -96.82288265879101630, -5.000000000000000000, 20.24999999999999289 ) ) ;
#2288 = CARTESIAN_POINT ( 'NONE',  ( -150.0000000000000000, 5.000000000000000000, 20.24999999999999645 ) ) ;
#2289 = EDGE_LOOP ( 'NONE', ( #5750, #1536, #805, #761 ) ) ;
#2290 = EDGE_CURVE ( 'NONE', #9759, #270, #3489, .T. ) ;
#2291 = ORIENTED_EDGE ( 'NONE', *, *, #3318, .F. ) ;
#2292 = CARTESIAN_POINT ( 'NONE',  ( 61.44350472336309110, -5.000000000000000000, 25.27079167095700996 ) ) ;
#2293 = VECTOR ( 'NONE', #5026, 1000.000000000000000 ) ;
#2295 = AXIS2_PLACEMENT_3D ( 'NONE', #6903, #5398, #3912 ) ;
#2294 = LINE ( 'NONE', #5278, #6315 ) ;
#2296 = CARTESIAN_POINT ( 'NONE',  ( 136.6592804311559917, 5.000000000000000000, 43.50000000000000000 ) ) ;
#2297 = DIRECTION ( 'NONE',  ( -0.000000000000000000, -1.000000000000000000, -0.000000000000000000 ) ) ;
#2298 = AXIS2_PLACEMENT_3D ( 'NONE', #3448, #2889, #5925 ) ;
#2299 = DIRECTION ( 'NONE',  ( -0.000000000000000000, 1.000000000000000000, -0.000000000000000000 ) ) ;
#2300 = VERTEX_POINT ( 'NONE', #8825 ) ;
#2301 = EDGE_CURVE ( 'NONE', #5203, #3991, #5305, .T. ) ;
#2302 = VECTOR ( 'NONE', #6086, 1000.000000000000000 ) ;
#2303 = CIRCLE ( 'NONE', #2298, 19.87399999999006539 ) ;
#2304 = DIRECTION ( 'NONE',  ( -0.000000000000000000, -1.000000000000000000, -0.000000000000000000 ) ) ;
#2305 = ORIENTED_EDGE ( 'NONE', *, *, #4679, .T. ) ;
#2306 = DIRECTION ( 'NONE',  ( -0.000000000000000000, 1.000000000000000000, -0.000000000000000000 ) ) ;
#2307 = ADVANCED_FACE ( 'NONE', ( #4284 ), #3533, .T. ) ;
#2308 = FACE_OUTER_BOUND ( 'NONE', #790, .T. ) ;
#2309 = CYLINDRICAL_SURFACE ( 'NONE', #6282, 8.699999999995645439 ) ;
#2310 = EDGE_LOOP ( 'NONE', ( #5172, #829, #533, #5393 ) ) ;
#2311 = ORIENTED_EDGE ( 'NONE', *, *, #1452, .F. ) ;
#2312 = CIRCLE ( 'NONE', #1669, 19.87399999999006539 ) ;
#2314 = DIRECTION ( 'NONE',  ( -1.272130549049658700E-16, 0.000000000000000000, -1.000000000000000000 ) ) ;
#2313 = AXIS2_PLACEMENT_3D ( 'NONE', #8373, #9628, #505 ) ;
#2315 = AXIS2_PLACEMENT_3D ( 'NONE', #632, #9059, #2179 ) ;
#2316 = DIRECTION ( 'NONE',  ( -1.272130549049658700E-16, 0.000000000000000000, -1.000000000000000000 ) ) ;
#2317 = ADVANCED_FACE ( 'NONE', ( #1061 ), #4097, .T. ) ;
#2318 = AXIS2_PLACEMENT_3D ( 'NONE', #3296, #6185, #6937 ) ;
#2319 = DIRECTION ( 'NONE',  ( -1.000000000000000000, 0.000000000000000000, 1.272130549049658700E-16 ) ) ;
#2320 = AXIS2_PLACEMENT_3D ( 'NONE', #6761, #2329, #35 ) ;
#2321 = CIRCLE ( 'NONE', #5018, 1.599999999999962563 ) ;
#2322 = DIRECTION ( 'NONE',  ( -0.000000000000000000, -1.000000000000000000, -0.000000000000000000 ) ) ;
#2323 = EDGE_LOOP ( 'NONE', ( #3930, #4675, #328, #3648 ) ) ;
#2324 = CYLINDRICAL_SURFACE ( 'NONE', #7939, 19.87399999999006539 ) ;
#2325 = DIRECTION ( 'NONE',  ( -0.000000000000000000, 1.000000000000000000, -0.000000000000000000 ) ) ;
#2326 = EDGE_LOOP ( 'NONE', ( #9215, #9718, #9295, #1436 ) ) ;
#2327 = LINE ( 'NONE', #6312, #2950 ) ;
#2328 = DIRECTION ( 'NONE',  ( 0.000000000000000000, 0.000000000000000000, 1.000000000000000000 ) ) ;
#2329 = DIRECTION ( 'NONE',  ( -0.000000000000000000, 1.000000000000000000, -0.000000000000000000 ) ) ;
#2330 = EDGE_CURVE ( 'NONE', #7787, #8876, #8967, .T. ) ;
#2331 = AXIS2_PLACEMENT_3D ( 'NONE', #5618, #1856, #5719 ) ;
#2332 = AXIS2_PLACEMENT_3D ( 'NONE', #8210, #3665, #4363 ) ;
#2333 = EDGE_CURVE ( 'NONE', #37, #9328, #221, .T. ) ;
#2334 = ORIENTED_EDGE ( 'NONE', *, *, #8063, .T. ) ;
#2335 = VECTOR ( 'NONE', #2274, 1000.000000000000000 ) ;
#2336 = VERTEX_POINT ( 'NONE', #7590 ) ;
#2337 = EDGE_LOOP ( 'NONE', ( #5906, #3167, #8812, #6551 ) ) ;
#2338 = CARTESIAN_POINT ( 'NONE',  ( -99.14261656644060849, 5.000000000000000000, 25.27079167095700640 ) ) ;
#2339 = CIRCLE ( 'NONE', #3600, 8.699999999995645439 ) ;
#2340 = ORIENTED_EDGE ( 'NONE', *, *, #3656, .T. ) ;
#2341 = AXIS2_PLACEMENT_3D ( 'NONE', #5438, #2413, #2463 ) ;
#2342 = EDGE_LOOP ( 'NONE', ( #8131, #6240, #2583, #7589 ) ) ;
#2343 = DIRECTION ( 'NONE',  ( -0.000000000000000000, 1.000000000000000000, -0.000000000000000000 ) ) ;
#2344 = CARTESIAN_POINT ( 'NONE',  ( -150.0000000000000000, -5.000000000000000000, 20.24999999999999645 ) ) ;
#2345 = EDGE_CURVE ( 'NONE', #7463, #8876, #9720, .T. ) ;
#2346 = ORIENTED_EDGE ( 'NONE', *, *, #2200, .F. ) ;
#2347 = DIRECTION ( 'NONE',  ( -0.000000000000000000, 1.000000000000000000, -0.000000000000000000 ) ) ;
#2348 = EDGE_LOOP ( 'NONE', ( #2553, #5245, #5953, #1033 ) ) ;
#2349 = VECTOR ( 'NONE', #7442, 1000.000000000000000 ) ;
#2350 = ORIENTED_EDGE ( 'NONE', *, *, #3191, .T. ) ;
#2351 = DIRECTION ( 'NONE',  ( 0.000000000000000000, 0.000000000000000000, 1.000000000000000000 ) ) ;
#2352 = AXIS2_PLACEMENT_3D ( 'NONE', #2391, #5417, #6069 ) ;
#2353 = LINE ( 'NONE', #5382, #1628 ) ;
#2354 = CARTESIAN_POINT ( 'NONE',  ( -150.0000000000000000, -5.000000000000000000, 20.24999999999999645 ) ) ;
#2355 = CARTESIAN_POINT ( 'NONE',  ( -70.68583470577034689, -5.000000000000000000, 43.50000000000000000 ) ) ;
#2356 = EDGE_CURVE ( 'NONE', #6108, #2573, #1015, .T. ) ;
#2357 = FACE_OUTER_BOUND ( 'NONE', #3061, .T. ) ;
#2358 = VERTEX_POINT ( 'NONE', #2886 ) ;
#2359 = DIRECTION ( 'NONE',  ( -0.000000000000000000, -1.000000000000000000, -0.000000000000000000 ) ) ;
#2360 = ORIENTED_EDGE ( 'NONE', *, *, #2159, .F. ) ;
#2361 = CARTESIAN_POINT ( 'NONE',  ( 28.97121387461221431, -5.000000000000000000, 23.63822177457588225 ) ) ;
#2362 = ADVANCED_FACE ( 'NONE', ( #2843 ), #1348, .T. ) ;
#2363 = DIRECTION ( 'NONE',  ( -0.000000000000000000, 1.000000000000000000, -0.000000000000000000 ) ) ;
#2364 = FACE_OUTER_BOUND ( 'NONE', #8759, .T. ) ;
#2365 = ORIENTED_EDGE ( 'NONE', *, *, #8040, .F. ) ;
#2366 = VERTEX_POINT ( 'NONE', #552 ) ;
#2367 = VECTOR ( 'NONE', #4548, 1000.000000000000000 ) ;
#2368 = CARTESIAN_POINT ( 'NONE',  ( -23.56194490192344659, -5.000000000000000000, 43.50000000000000000 ) ) ;
#2369 = DIRECTION ( 'NONE',  ( 0.000000000000000000, 0.000000000000000000, 1.000000000000000000 ) ) ;
#2370 = DIRECTION ( 'NONE',  ( -0.000000000000000000, -1.000000000000000000, -0.000000000000000000 ) ) ;
#2371 = CARTESIAN_POINT ( 'NONE',  ( -42.22905284510009238, -5.000000000000000000, 25.27079167095700996 ) ) ;
#2372 = VERTEX_POINT ( 'NONE', #755 ) ;
#2373 = EDGE_CURVE ( 'NONE', #9852, #7881, #8492, .T. ) ;
#2374 = DIRECTION ( 'NONE',  ( -0.000000000000000000, 1.000000000000000000, -0.000000000000000000 ) ) ;
#2375 = EDGE_LOOP ( 'NONE', ( #1653, #9857, #9446, #4577 ) ) ;
#2376 = DIRECTION ( 'NONE',  ( 0.000000000000000000, 0.000000000000000000, 1.000000000000000000 ) ) ;
#2377 = LINE ( 'NONE', #140, #5184 ) ;
#2378 = LINE ( 'NONE', #291, #1216 ) ;
#2379 = EDGE_LOOP ( 'NONE', ( #4424, #4457, #3333, #9153 ) ) ;
#2380 = ORIENTED_EDGE ( 'NONE', *, *, #647, .F. ) ;
#2381 = EDGE_CURVE ( 'NONE', #7973, #3044, #1448, .T. ) ;
#2382 = DIRECTION ( 'NONE',  ( -0.000000000000000000, -1.000000000000000000, -0.000000000000000000 ) ) ;
#2383 = ORIENTED_EDGE ( 'NONE', *, *, #5855, .F. ) ;
#2384 = FACE_OUTER_BOUND ( 'NONE', #6696, .T. ) ;
#2385 = ORIENTED_EDGE ( 'NONE', *, *, #5547, .T. ) ;
#2386 = EDGE_CURVE ( 'NONE', #7090, #9852, #6726, .T. ) ;
#2387 = ORIENTED_EDGE ( 'NONE', *, *, #597, .F. ) ;
#2388 = FACE_OUTER_BOUND ( 'NONE', #4621, .T. ) ;
#2389 = LINE ( 'NONE', #2436, #8212 ) ;
#2390 = ORIENTED_EDGE ( 'NONE', *, *, #1445, .F. ) ;
#2391 = CARTESIAN_POINT ( 'NONE',  ( 94.24777960769378637, 5.000000000000000000, 43.50000000000000000 ) ) ;
#2392 = ORIENTED_EDGE ( 'NONE', *, *, #4523, .T. ) ;
#2393 = ADVANCED_FACE ( 'NONE', ( #2246 ), #5128, .T. ) ;
#2394 = VERTEX_POINT ( 'NONE', #2094 ) ;
#2395 = AXIS2_PLACEMENT_3D ( 'NONE', #8955, #2133, #3669 ) ;
#2396 = CARTESIAN_POINT ( 'NONE',  ( 170.0000000000000000, 5.000000000000000000, -50.00000000000000000 ) ) ;
#2397 = CARTESIAN_POINT ( 'NONE',  ( -120.3848275607144558, -5.000000000000000000, 20.24999999999999289 ) ) ;
#2398 = DIRECTION ( 'NONE',  ( 0.000000000000000000, 0.000000000000000000, 1.000000000000000000 ) ) ;
#2399 = DIRECTION ( 'NONE',  ( 0.000000000000000000, 0.000000000000000000, 1.000000000000000000 ) ) ;
#2400 = DIRECTION ( 'NONE',  ( 0.000000000000000000, 0.000000000000000000, 1.000000000000000000 ) ) ;
#2401 = VERTEX_POINT ( 'NONE', #3793 ) ;
#2402 = CIRCLE ( 'NONE', #19, 8.699999999995648992 ) ;
#2403 = EDGE_CURVE ( 'NONE', #873, #5401, #8173, .T. ) ;
#2404 = CARTESIAN_POINT ( 'NONE',  ( 47.82076979615096946, -5.000000000000000000, 23.63822177457588225 ) ) ;
#2405 = ORIENTED_EDGE ( 'NONE', *, *, #2928, .T. ) ;
#2406 = CARTESIAN_POINT ( 'NONE',  ( 131.9468914507713180, -5.000000000000000000, 43.50000000000000000 ) ) ;
#2407 = CARTESIAN_POINT ( 'NONE',  ( -169.9999999999999716, 5.000000000000000000, -29.89999999999999503 ) ) ;
#2408 = CARTESIAN_POINT ( 'NONE',  ( 146.7809383842294437, -5.000000000000000000, 23.63822177457588225 ) ) ;
#2409 = CIRCLE ( 'NONE', #492, 8.699999999995645439 ) ;
#2410 = ORIENTED_EDGE ( 'NONE', *, *, #7638, .F. ) ;
#2411 = ORIENTED_EDGE ( 'NONE', *, *, #4453, .T. ) ;
#2412 = CARTESIAN_POINT ( 'NONE',  ( 60.56417675269688061, -5.000000000000000000, 23.63822177457588225 ) ) ;
#2413 = DIRECTION ( 'NONE',  ( -0.000000000000000000, 1.000000000000000000, -0.000000000000000000 ) ) ;
#2414 = EDGE_CURVE ( 'NONE', #4665, #6101, #5458, .T. ) ;
#2415 = DIRECTION ( 'NONE',  ( -0.000000000000000000, 1.000000000000000000, -0.000000000000000000 ) ) ;
#2416 = CARTESIAN_POINT ( 'NONE',  ( 32.98672286269282949, -5.000000000000000000, 43.50000000000000000 ) ) ;
#2417 = ORIENTED_EDGE ( 'NONE', *, *, #1851, .T. ) ;
#2418 = CARTESIAN_POINT ( 'NONE',  ( -82.24789859582719487, -5.000000000000000000, 20.24999999999999289 ) ) ;
#2419 = FACE_OUTER_BOUND ( 'NONE', #4764, .T. ) ;
#2420 = VERTEX_POINT ( 'NONE', #7481 ) ;
#2421 = CYLINDRICAL_SURFACE ( 'NONE', #3426, 8.699999999995645439 ) ;
#2422 = LINE ( 'NONE', #977, #415 ) ;
#2423 = LINE ( 'NONE', #9404, #3440 ) ;
#2424 = ORIENTED_EDGE ( 'NONE', *, *, #3968, .F. ) ;
#2425 = ORIENTED_EDGE ( 'NONE', *, *, #4010, .T. ) ;
#2426 = EDGE_CURVE ( 'NONE', #2988, #349, #3869, .T. ) ;
#2427 = VECTOR ( 'NONE', #8326, 1000.000000000000000 ) ;
#2428 = CARTESIAN_POINT ( 'NONE',  ( 40.27421489417474021, -5.000000000000000000, 20.24999999999999289 ) ) ;
#2429 = ORIENTED_EDGE ( 'NONE', *, *, #9601, .T. ) ;
#2430 = CARTESIAN_POINT ( 'NONE',  ( 89.71783860567123270, 5.000000000000000000, 25.27079167095700996 ) ) ;
#2431 = VERTEX_POINT ( 'NONE', #697 ) ;
#2432 = ORIENTED_EDGE ( 'NONE', *, *, #8279, .T. ) ;
#2433 = EDGE_CURVE ( 'NONE', #549, #240, #3082, .T. ) ;
#2434 = CYLINDRICAL_SURFACE ( 'NONE', #3539, 8.699999999995648992 ) ;
#2435 = VECTOR ( 'NONE', #5227, 1000.000000000000000 ) ;
#2436 = CARTESIAN_POINT ( 'NONE',  ( 57.24554775692035236, -5.000000000000000000, 23.63822177457588225 ) ) ;
#2437 = VERTEX_POINT ( 'NONE', #5982 ) ;
#2438 = VERTEX_POINT ( 'NONE', #9676 ) ;
#2439 = EDGE_CURVE ( 'NONE', #8628, #7355, #4385, .T. ) ;
#2440 = AXIS2_PLACEMENT_3D ( 'NONE', #8889, #8699, #4903 ) ;
#2441 = AXIS2_PLACEMENT_3D ( 'NONE', #6670, #3628, #9711 ) ;
#2442 = VERTEX_POINT ( 'NONE', #6679 ) ;
#2443 = PLANE ( 'NONE',  #1974 ) ;
#2444 = ORIENTED_EDGE ( 'NONE', *, *, #2912, .F. ) ;
#2445 = CARTESIAN_POINT ( 'NONE',  ( 42.41150082346220529, 5.000000000000000000, 43.50000000000000000 ) ) ;
#2446 = DIRECTION ( 'NONE',  ( -0.000000000000000000, -1.000000000000000000, -0.000000000000000000 ) ) ;
#2447 = DIRECTION ( 'NONE',  ( 0.000000000000000000, 0.000000000000000000, 1.000000000000000000 ) ) ;
#2448 = AXIS2_PLACEMENT_3D ( 'NONE', #6996, #9189, #7844 ) ;
#2449 = AXIS2_PLACEMENT_3D ( 'NONE', #6366, #4868, #7924 ) ;
#2450 = DIRECTION ( 'NONE',  ( -0.000000000000000000, -1.000000000000000000, -0.000000000000000000 ) ) ;
#2451 = EDGE_CURVE ( 'NONE', #270, #4330, #7538, .T. ) ;
#2452 = ORIENTED_EDGE ( 'NONE', *, *, #181, .F. ) ;
#2453 = EDGE_CURVE ( 'NONE', #6251, #3291, #2994, .T. ) ;
#2454 = EDGE_CURVE ( 'NONE', #6952, #298, #5775, .T. ) ;
#2455 = DIRECTION ( 'NONE',  ( -0.000000000000000000, -1.000000000000000000, -0.000000000000000000 ) ) ;
#2456 = ORIENTED_EDGE ( 'NONE', *, *, #924, .T. ) ;
#2457 = AXIS2_PLACEMENT_3D ( 'NONE', #3059, #3811, #6856 ) ;
#2458 = CARTESIAN_POINT ( 'NONE',  ( -68.11073165467313117, 5.000000000000000000, 20.24999999999999289 ) ) ;
#2459 = CARTESIAN_POINT ( 'NONE',  ( 117.9921724879793601, -5.000000000000000000, 25.27079167095700996 ) ) ;
#2460 = DIRECTION ( 'NONE',  ( -0.000000000000000000, -1.000000000000000000, -0.000000000000000000 ) ) ;
#2461 = ORIENTED_EDGE ( 'NONE', *, *, #6891, .F. ) ;
#2462 = CARTESIAN_POINT ( 'NONE',  ( -150.0000000000000000, 5.000000000000000000, 20.24999999999999645 ) ) ;
#2463 = DIRECTION ( 'NONE',  ( 0.000000000000000000, 0.000000000000000000, 1.000000000000000000 ) ) ;
#2464 = ADVANCED_FACE ( 'NONE', ( #9179 ), #111, .T. ) ;
#2465 = AXIS2_PLACEMENT_3D ( 'NONE', #7858, #2615, #3027 ) ;
#2466 = VECTOR ( 'NONE', #8786, 1000.000000000000000 ) ;
#2467 = CIRCLE ( 'NONE', #5798, 8.699999999995645439 ) ;
#2468 = DIRECTION ( 'NONE',  ( 0.000000000000000000, 0.000000000000000000, 1.000000000000000000 ) ) ;
#2469 = FACE_OUTER_BOUND ( 'NONE', #9709, .T. ) ;
#2470 = AXIS2_PLACEMENT_3D ( 'NONE', #6949, #4696, #7754 ) ;
#2471 = ORIENTED_EDGE ( 'NONE', *, *, #8434, .F. ) ;
#2472 = AXIS2_PLACEMENT_3D ( 'NONE', #5493, #3808, #6852 ) ;
#2473 = CYLINDRICAL_SURFACE ( 'NONE', #7714, 8.699999999995648992 ) ;
#2474 = DIRECTION ( 'NONE',  ( -0.000000000000000000, -1.000000000000000000, -0.000000000000000000 ) ) ;
#2475 = CIRCLE ( 'NONE', #4369, 8.699999999995648992 ) ;
#2476 = ORIENTED_EDGE ( 'NONE', *, *, #4138, .F. ) ;
#2477 = CARTESIAN_POINT ( 'NONE',  ( -150.0000000000000000, 5.000000000000000000, 20.24999999999999645 ) ) ;
#2478 = CARTESIAN_POINT ( 'NONE',  ( 113.0973355292325522, -5.000000000000000000, 43.50000000000000000 ) ) ;
#2479 = CARTESIAN_POINT ( 'NONE',  ( 19.03200389990087515, -5.000000000000000000, 25.27079167095700996 ) ) ;
#2480 = ORIENTED_EDGE ( 'NONE', *, *, #574, .F. ) ;
#2481 = CIRCLE ( 'NONE', #3112, 19.87399999999006539 ) ;
#2482 = ORIENTED_EDGE ( 'NONE', *, *, #1314, .F. ) ;
#2483 = VECTOR ( 'NONE', #3395, 1000.000000000000000 ) ;
#2484 = VECTOR ( 'NONE', #8262, 1000.000000000000000 ) ;
#2485 = DIRECTION ( 'NONE',  ( -0.000000000000000000, -1.000000000000000000, -0.000000000000000000 ) ) ;
#2486 = ORIENTED_EDGE ( 'NONE', *, *, #1032, .F. ) ;
#2487 = CARTESIAN_POINT ( 'NONE',  ( -88.83851063500503642, 5.000000000000000000, 23.63822177457588225 ) ) ;
#2488 = EDGE_LOOP ( 'NONE', ( #2824, #5062, #3637, #456 ) ) ;
#2489 = ORIENTED_EDGE ( 'NONE', *, *, #5922, .F. ) ;
#2490 = CIRCLE ( 'NONE', #1054, 8.699999999995645439 ) ;
#2491 = EDGE_CURVE ( 'NONE', #9714, #4119, #51, .T. ) ;
#2492 = CARTESIAN_POINT ( 'NONE',  ( -37.88155982143963030, -5.000000000000000000, 25.27079167095700640 ) ) ;
#2493 = CARTESIAN_POINT ( 'NONE',  ( -35.12400879198030168, -5.000000000000000000, 20.24999999999999289 ) ) ;
#2494 = ORIENTED_EDGE ( 'NONE', *, *, #1778, .F. ) ;
#2495 = ORIENTED_EDGE ( 'NONE', *, *, #8749, .T. ) ;
#2496 = AXIS2_PLACEMENT_3D ( 'NONE', #1349, #5129, #8774 ) ;
#2497 = AXIS2_PLACEMENT_3D ( 'NONE', #7200, #3411, #334 ) ;
#2498 = ORIENTED_EDGE ( 'NONE', *, *, #155, .F. ) ;
#2499 = CARTESIAN_POINT ( 'NONE',  ( -126.5376224780825396, -5.000000000000000000, 23.63822177457588225 ) ) ;
#2500 = ORIENTED_EDGE ( 'NONE', *, *, #3541, .T. ) ;
#2501 = EDGE_CURVE ( 'NONE', #8659, #6872, #7552, .T. ) ;
#2502 = DIRECTION ( 'NONE',  ( 0.000000000000000000, 0.000000000000000000, 1.000000000000000000 ) ) ;
#2503 = DIRECTION ( 'NONE',  ( -0.000000000000000000, -1.000000000000000000, -0.000000000000000000 ) ) ;
#2504 = DIRECTION ( 'NONE',  ( -0.000000000000000000, -1.000000000000000000, -0.000000000000000000 ) ) ;
#2505 = AXIS2_PLACEMENT_3D ( 'NONE', #1615, #866, #4598 ) ;
#2506 = DIRECTION ( 'NONE',  ( 0.000000000000000000, 0.000000000000000000, 1.000000000000000000 ) ) ;
#2507 = ORIENTED_EDGE ( 'NONE', *, *, #8232, .F. ) ;
#2508 = EDGE_CURVE ( 'NONE', #2771, #4345, #6986, .T. ) ;
#2509 = DIRECTION ( 'NONE',  ( -0.000000000000000000, 1.000000000000000000, -0.000000000000000000 ) ) ;
#2510 = VERTEX_POINT ( 'NONE', #1554 ) ;
#2511 = CIRCLE ( 'NONE', #6330, 8.699999999995645439 ) ;
#2512 = CARTESIAN_POINT ( 'NONE',  ( -82.24789859582719487, 5.000000000000000000, 20.24999999999999289 ) ) ;
#2513 = ADVANCED_FACE ( 'NONE', ( #1701 ), #7683, .T. ) ;
#2514 = ADVANCED_FACE ( 'NONE', ( #7790 ), #7834, .T. ) ;
#2515 = DIRECTION ( 'NONE',  ( -1.000000000000000000, 0.000000000000000000, 1.272130549049658700E-16 ) ) ;
#2516 = DIRECTION ( 'NONE',  ( -0.000000000000000000, 1.000000000000000000, -0.000000000000000000 ) ) ;
#2517 = LINE ( 'NONE', #7043, #3093 ) ;
#2518 = ORIENTED_EDGE ( 'NONE', *, *, #7612, .T. ) ;
#2519 = CARTESIAN_POINT ( 'NONE',  ( -59.12377081571349891, -5.000000000000000000, 20.24999999999999289 ) ) ;
#2520 = DIRECTION ( 'NONE',  ( 0.000000000000000000, 0.000000000000000000, 1.000000000000000000 ) ) ;
#2521 = CIRCLE ( 'NONE', #2987, 19.87399999999006539 ) ;
#2522 = CYLINDRICAL_SURFACE ( 'NONE', #4300, 19.87399999999006539 ) ;
#2523 = CARTESIAN_POINT ( 'NONE',  ( -84.82300164692441058, 5.000000000000000000, 43.50000000000000000 ) ) ;
#2524 = EDGE_CURVE ( 'NONE', #591, #4794, #2618, .T. ) ;
#2525 = ORIENTED_EDGE ( 'NONE', *, *, #7566, .T. ) ;
#2526 = AXIS2_PLACEMENT_3D ( 'NONE', #2225, #8902, #7354 ) ;
#2527 = FACE_OUTER_BOUND ( 'NONE', #742, .T. ) ;
#2528 = CARTESIAN_POINT ( 'NONE',  ( 126.5376224780825396, 5.000000000000000000, 23.63822177457588225 ) ) ;
#2529 = ORIENTED_EDGE ( 'NONE', *, *, #3880, .T. ) ;
#2530 = FACE_OUTER_BOUND ( 'NONE', #8513, .T. ) ;
#2531 = LINE ( 'NONE', #7710, #7747 ) ;
#2532 = CARTESIAN_POINT ( 'NONE',  ( -131.9468914507713180, 5.000000000000000000, 43.50000000000000000 ) ) ;
#2533 = ORIENTED_EDGE ( 'NONE', *, *, #318, .T. ) ;
#2534 = ORIENTED_EDGE ( 'NONE', *, *, #5409, .T. ) ;
#2535 = VECTOR ( 'NONE', #974, 1000.000000000000000 ) ;
#2536 = CARTESIAN_POINT ( 'NONE',  ( -65.27656573308159693, -5.000000000000000000, 23.63822177457588225 ) ) ;
#2537 = ORIENTED_EDGE ( 'NONE', *, *, #1723, .T. ) ;
#2538 = DIRECTION ( 'NONE',  ( 1.000000000000000000, 0.000000000000000000, -1.272130549049658700E-16 ) ) ;
#2539 = ADVANCED_FACE ( 'NONE', ( #203 ), #7031, .T. ) ;
#2540 = VERTEX_POINT ( 'NONE', #3236 ) ;
#2541 = ORIENTED_EDGE ( 'NONE', *, *, #4708, .F. ) ;
#2542 = DIRECTION ( 'NONE',  ( 0.000000000000000000, 0.000000000000000000, 1.000000000000000000 ) ) ;
#2543 = LINE ( 'NONE', #3331, #4226 ) ;
#2544 = ORIENTED_EDGE ( 'NONE', *, *, #8060, .T. ) ;
#2545 = ORIENTED_EDGE ( 'NONE', *, *, #2414, .T. ) ;
#2546 = EDGE_CURVE ( 'NONE', #6613, #7475, #230, .T. ) ;
#2547 = EDGE_LOOP ( 'NONE', ( #5512, #8473, #8787, #6258 ) ) ;
#2548 = CARTESIAN_POINT ( 'NONE',  ( -136.4768324527938717, -5.000000000000000000, 25.27079167095700996 ) ) ;
#2549 = VERTEX_POINT ( 'NONE', #9224 ) ;
#2550 = LINE ( 'NONE', #5530, #8952 ) ;
#2551 = DIRECTION ( 'NONE',  ( 0.000000000000000000, 0.000000000000000000, 1.000000000000000000 ) ) ;
#2552 = DIRECTION ( 'NONE',  ( -0.000000000000000000, -1.000000000000000000, -0.000000000000000000 ) ) ;
#2553 = ORIENTED_EDGE ( 'NONE', *, *, #9428, .F. ) ;
#2554 = ADVANCED_FACE ( 'NONE', ( #5380 ), #2443, .T. ) ;
#2555 = DIRECTION ( 'NONE',  ( 0.000000000000000000, 0.000000000000000000, 1.000000000000000000 ) ) ;
#2556 = VERTEX_POINT ( 'NONE', #5423 ) ;
#2557 = CYLINDRICAL_SURFACE ( 'NONE', #7372, 19.87399999999006539 ) ;
#2558 = DIRECTION ( 'NONE',  ( 0.000000000000000000, 0.000000000000000000, 1.000000000000000000 ) ) ;
#2559 = DIRECTION ( 'NONE',  ( 0.000000000000000000, 0.000000000000000000, 1.000000000000000000 ) ) ;
#2560 = DIRECTION ( 'NONE',  ( 0.000000000000000000, 0.000000000000000000, 1.000000000000000000 ) ) ;
#2561 = ORIENTED_EDGE ( 'NONE', *, *, #2648, .F. ) ;
#2562 = EDGE_CURVE ( 'NONE', #1917, #2437, #9299, .T. ) ;
#2563 = EDGE_CURVE ( 'NONE', #8630, #1893, #3246, .T. ) ;
#2564 = LINE ( 'NONE', #7148, #8203 ) ;
#2565 = DIRECTION ( 'NONE',  ( 0.000000000000000000, 0.000000000000000000, 1.000000000000000000 ) ) ;
#2566 = EDGE_CURVE ( 'NONE', #1244, #1140, #3088, .T. ) ;
#2567 = DIRECTION ( 'NONE',  ( 1.000000000000000000, 0.000000000000000000, 0.000000000000000000 ) ) ;
#2568 = AXIS2_PLACEMENT_3D ( 'NONE', #7539, #5886, #7490 ) ;
#2569 = FACE_OUTER_BOUND ( 'NONE', #1092, .T. ) ;
#2570 = ORIENTED_EDGE ( 'NONE', *, *, #3508, .F. ) ;
#2571 = LINE ( 'NONE', #6357, #238 ) ;
#2572 = CARTESIAN_POINT ( 'NONE',  ( -150.0000000000000000, 5.000000000000000000, 20.24999999999999645 ) ) ;
#2573 = VERTEX_POINT ( 'NONE', #2499 ) ;
#2574 = DIRECTION ( 'NONE',  ( -0.000000000000000000, 1.000000000000000000, -0.000000000000000000 ) ) ;
#2575 = DIRECTION ( 'NONE',  ( -0.000000000000000000, -1.000000000000000000, -0.000000000000000000 ) ) ;
#2576 = CARTESIAN_POINT ( 'NONE',  ( -117.6272765312551201, -5.000000000000000000, 25.27079167095700996 ) ) ;
#2577 = AXIS2_PLACEMENT_3D ( 'NONE', #9561, #1846, #8122 ) ;
#2578 = EDGE_CURVE ( 'NONE', #4919, #2442, #3559, .T. ) ;
#2579 = ADVANCED_FACE ( 'NONE', ( #1748 ), #6, .T. ) ;
#2580 = EDGE_CURVE ( 'NONE', #1917, #8466, #8622, .T. ) ;
#2581 = CARTESIAN_POINT ( 'NONE',  ( -79.92816468817760267, -5.000000000000000000, 25.27079167095700996 ) ) ;
#2582 = FACE_OUTER_BOUND ( 'NONE', #465, .T. ) ;
#2583 = ORIENTED_EDGE ( 'NONE', *, *, #4580, .T. ) ;
#2584 = ORIENTED_EDGE ( 'NONE', *, *, #8540, .F. ) ;
#2585 = DIRECTION ( 'NONE',  ( 0.000000000000000000, 0.000000000000000000, 1.000000000000000000 ) ) ;
#2586 = DIRECTION ( 'NONE',  ( -0.000000000000000000, -1.000000000000000000, -0.000000000000000000 ) ) ;
#2587 = EDGE_LOOP ( 'NONE', ( #7329, #3686, #8770, #3791 ) ) ;
#2588 = EDGE_CURVE ( 'NONE', #3500, #4504, #5715, .T. ) ;
#2589 = VERTEX_POINT ( 'NONE', #4967 ) ;
#2590 = CARTESIAN_POINT ( 'NONE',  ( 18.84955592153875870, -5.000000000000000000, 43.50000000000000000 ) ) ;
#2591 = ORIENTED_EDGE ( 'NONE', *, *, #5946, .T. ) ;
#2592 = CIRCLE ( 'NONE', #6724, 1.000000000000000888 ) ;
#2593 = DIRECTION ( 'NONE',  ( 0.000000000000000000, -1.000000000000000000, 0.000000000000000000 ) ) ;
#2594 = EDGE_LOOP ( 'NONE', ( #1345, #7229, #1734, #3743 ) ) ;
#2595 = CARTESIAN_POINT ( 'NONE',  ( 32.80427488433070948, -5.000000000000000000, 25.27079167095700640 ) ) ;
#2596 = LINE ( 'NONE', #4088, #7908 ) ;
#2597 = CARTESIAN_POINT ( 'NONE',  ( -129.8096055214838600, -5.000000000000000000, 20.24999999999999289 ) ) ;
#2598 = ORIENTED_EDGE ( 'NONE', *, *, #9567, .F. ) ;
#2599 = AXIS2_PLACEMENT_3D ( 'NONE', #5414, #2343, #4773 ) ;
#2600 = VERTEX_POINT ( 'NONE', #4128 ) ;
#2601 = CARTESIAN_POINT ( 'NONE',  ( -108.5673945272099843, -5.000000000000000000, 25.27079167095700640 ) ) ;
#2603 = VECTOR ( 'NONE', #168, 1000.000000000000000 ) ;
#2602 = CARTESIAN_POINT ( 'NONE',  ( 122.3396655116398080, -5.000000000000000000, 25.27079167095700640 ) ) ;
#2604 = CARTESIAN_POINT ( 'NONE',  ( -150.0000000000000000, -5.000000000000000000, 20.24999999999999645 ) ) ;
#2605 = CARTESIAN_POINT ( 'NONE',  ( -112.4004555369284901, -5.000000000000000000, 23.63822177457588225 ) ) ;
#2606 = CYLINDRICAL_SURFACE ( 'NONE', #819, 19.87399999999006539 ) ;
#2607 = DIRECTION ( 'NONE',  ( -0.000000000000000000, 1.000000000000000000, -0.000000000000000000 ) ) ;
#2608 = EDGE_CURVE ( 'NONE', #8460, #7849, #3876, .T. ) ;
#2609 = FACE_OUTER_BOUND ( 'NONE', #1513, .T. ) ;
#2610 = AXIS2_PLACEMENT_3D ( 'NONE', #1853, #7886, #9522 ) ;
#2611 = AXIS2_PLACEMENT_3D ( 'NONE', #6659, #7407, #7204 ) ;
#2612 = CARTESIAN_POINT ( 'NONE',  ( 89.53539062730909848, 5.000000000000000000, 43.50000000000000000 ) ) ;
#2613 = DIRECTION ( 'NONE',  ( -0.000000000000000000, 1.000000000000000000, -0.000000000000000000 ) ) ;
#2614 = ORIENTED_EDGE ( 'NONE', *, *, #237, .F. ) ;
#2615 = DIRECTION ( 'NONE',  ( -0.000000000000000000, -1.000000000000000000, -0.000000000000000000 ) ) ;
#2616 = DIRECTION ( 'NONE',  ( -0.000000000000000000, -1.000000000000000000, -0.000000000000000000 ) ) ;
#2617 = ORIENTED_EDGE ( 'NONE', *, *, #3181, .F. ) ;
#2618 = CIRCLE ( 'NONE', #6271, 19.87399999999006539 ) ;
#2619 = CARTESIAN_POINT ( 'NONE',  ( 190.0000000000000000, -5.000000000000000000, -49.99999999999999289 ) ) ;
#2620 = DIRECTION ( 'NONE',  ( 0.000000000000000000, 0.000000000000000000, 1.000000000000000000 ) ) ;
#2621 = EDGE_CURVE ( 'NONE', #4968, #5861, #5623, .T. ) ;
#2622 = AXIS2_PLACEMENT_3D ( 'NONE', #6448, #3454, #326 ) ;
#2623 = CIRCLE ( 'NONE', #1827, 19.87399999999006539 ) ;
#2624 = CARTESIAN_POINT ( 'NONE',  ( 30.41161981159559602, 5.000000000000000000, 20.24999999999997158 ) ) ;
#2625 = CIRCLE ( 'NONE', #8031, 8.699999999995645439 ) ;
#2626 = DIRECTION ( 'NONE',  ( -1.272130549049658700E-16, 0.000000000000000000, -1.000000000000000000 ) ) ;
#2627 = CIRCLE ( 'NONE', #8198, 8.699999999995645439 ) ;
#2628 = VECTOR ( 'NONE', #8802, 1000.000000000000000 ) ;
#2629 = DIRECTION ( 'NONE',  ( -1.000000000000000000, 0.000000000000000000, 1.272130549049658700E-16 ) ) ;
#2630 = VERTEX_POINT ( 'NONE', #4827 ) ;
#2631 = ORIENTED_EDGE ( 'NONE', *, *, #3126, .T. ) ;
#2632 = EDGE_CURVE ( 'NONE', #4724, #1849, #7131, .T. ) ;
#2633 = PLANE ( 'NONE',  #572 ) ;
#2634 = ADVANCED_FACE ( 'NONE', ( #8814 ), #9467, .T. ) ;
#2635 = DIRECTION ( 'NONE',  ( 0.000000000000000000, 0.000000000000000000, 1.000000000000000000 ) ) ;
#2636 = AXIS2_PLACEMENT_3D ( 'NONE', #4982, #2796, #8037 ) ;
#2637 = CIRCLE ( 'NONE', #6127, 8.699999999995645439 ) ;
#2638 = VERTEX_POINT ( 'NONE', #7977 ) ;
#2639 = VECTOR ( 'NONE', #7619, 1000.000000000000000 ) ;
#2640 = ORIENTED_EDGE ( 'NONE', *, *, #6078, .F. ) ;
#2641 = CARTESIAN_POINT ( 'NONE',  ( 115.2346214585200670, 5.000000000000000000, 20.24999999999996092 ) ) ;
#2642 = CIRCLE ( 'NONE', #3907, 19.87399999999006539 ) ;
#2643 = ORIENTED_EDGE ( 'NONE', *, *, #6511, .F. ) ;
#2644 = CIRCLE ( 'NONE', #7415, 10.00000000000000178 ) ;
#2645 = VECTOR ( 'NONE', #6162, 1000.000000000000000 ) ;
#2646 = LINE ( 'NONE', #2692, #2293 ) ;
#2647 = EDGE_LOOP ( 'NONE', ( #4294, #4172, #1749, #7416 ) ) ;
#2648 = EDGE_CURVE ( 'NONE', #5899, #9222, #2646, .T. ) ;
#2649 = CARTESIAN_POINT ( 'NONE',  ( -5.409268972688769495, -5.000000000000000000, 23.63822177457588225 ) ) ;
#2650 = CARTESIAN_POINT ( 'NONE',  ( -32.28984287038875323, -5.000000000000000000, 23.63822177457588225 ) ) ;
#2651 = DIRECTION ( 'NONE',  ( -0.000000000000000000, -1.000000000000000000, -0.000000000000000000 ) ) ;
#2652 = VECTOR ( 'NONE', #8609, 1000.000000000000000 ) ;
#2653 = ORIENTED_EDGE ( 'NONE', *, *, #7374, .T. ) ;
#2654 = VECTOR ( 'NONE', #7918, 1000.000000000000000 ) ;
#2655 = ORIENTED_EDGE ( 'NONE', *, *, #3353, .F. ) ;
#2656 = DIRECTION ( 'NONE',  ( -0.000000000000000000, -1.000000000000000000, -0.000000000000000000 ) ) ;
#2657 = EDGE_CURVE ( 'NONE', #6601, #4724, #5149, .T. ) ;
#2658 = VECTOR ( 'NONE', #5895, 1000.000000000000000 ) ;
#2659 = DIRECTION ( 'NONE',  ( -0.000000000000000000, -1.000000000000000000, -0.000000000000000000 ) ) ;
#2660 = DIRECTION ( 'NONE',  ( -0.000000000000000000, 1.000000000000000000, -0.000000000000000000 ) ) ;
#2661 = CARTESIAN_POINT ( 'NONE',  ( -122.3396655116398080, 5.000000000000000000, 25.27079167095700996 ) ) ;
#2662 = VERTEX_POINT ( 'NONE', #7173 ) ;
#2663 = DIRECTION ( 'NONE',  ( -0.000000000000000000, -1.000000000000000000, -0.000000000000000000 ) ) ;
#2664 = CARTESIAN_POINT ( 'NONE',  ( 108.5673945272099843, 5.000000000000000000, 25.27079167095700996 ) ) ;
#2665 = LINE ( 'NONE', #2709, #1446 ) ;
#2666 = ADVANCED_FACE ( 'NONE', ( #7275 ), #3481, .T. ) ;
#2667 = CARTESIAN_POINT ( 'NONE',  ( 190.0000000000000000, 5.000000000000000000, -50.00000000000000000 ) ) ;
#2668 = ORIENTED_EDGE ( 'NONE', *, *, #8606, .F. ) ;
#2669 = DIRECTION ( 'NONE',  ( -0.000000000000000000, 1.000000000000000000, -0.000000000000000000 ) ) ;
#2670 = CARTESIAN_POINT ( 'NONE',  ( -150.0000000000000000, -5.000000000000000000, 20.24999999999999645 ) ) ;
#2671 = ORIENTED_EDGE ( 'NONE', *, *, #1545, .T. ) ;
#2672 = DIRECTION ( 'NONE',  ( 0.000000000000000000, 0.000000000000000000, 1.000000000000000000 ) ) ;
#2673 = AXIS2_PLACEMENT_3D ( 'NONE', #9671, #4380, #8229 ) ;
#2674 = DIRECTION ( 'NONE',  ( -0.000000000000000000, 1.000000000000000000, -0.000000000000000000 ) ) ;
#2675 = DIRECTION ( 'NONE',  ( -0.000000000000000000, 1.000000000000000000, -0.000000000000000000 ) ) ;
#2676 = DIRECTION ( 'NONE',  ( 0.000000000000000000, 0.000000000000000000, 1.000000000000000000 ) ) ;
#2677 = CIRCLE ( 'NONE', #5379, 19.87399999999006539 ) ;
#2678 = EDGE_CURVE ( 'NONE', #9383, #883, #1794, .T. ) ;
#2679 = DIRECTION ( 'NONE',  ( -1.272130549049658700E-16, 0.000000000000000000, -1.000000000000000000 ) ) ;
#2680 = ORIENTED_EDGE ( 'NONE', *, *, #1847, .F. ) ;
#2681 = EDGE_LOOP ( 'NONE', ( #9429, #3858, #2471, #7671 ) ) ;
#2682 = CARTESIAN_POINT ( 'NONE',  ( 71.38271469807442315, -5.000000000000000000, 23.63822177457588225 ) ) ;
#2683 = FACE_OUTER_BOUND ( 'NONE', #8854, .T. ) ;
#2684 = CARTESIAN_POINT ( 'NONE',  ( -102.9756775761591143, 5.000000000000000000, 23.63822177457588225 ) ) ;
#2685 = ADVANCED_FACE ( 'NONE', ( #8670 ), #5615, .T. ) ;
#2686 = AXIS2_PLACEMENT_3D ( 'NONE', #3316, #6358, #9400 ) ;
#2687 = ORIENTED_EDGE ( 'NONE', *, *, #362, .F. ) ;
#2688 = VERTEX_POINT ( 'NONE', #8764 ) ;
#2689 = EDGE_CURVE ( 'NONE', #4855, #5722, #3378, .T. ) ;
#2690 = DIRECTION ( 'NONE',  ( -1.000000000000000000, 0.000000000000000000, 1.272130549049658700E-16 ) ) ;
#2691 = VERTEX_POINT ( 'NONE', #6423 ) ;
#2692 = CARTESIAN_POINT ( 'NONE',  ( -68.54854877648287470, -5.000000000000000000, 20.24999999999999289 ) ) ;
#2693 = ORIENTED_EDGE ( 'NONE', *, *, #3085, .F. ) ;
#2694 = CARTESIAN_POINT ( 'NONE',  ( -4.894836958746808797, -5.000000000000000000, 25.27079167095700640 ) ) ;
#2695 = FACE_OUTER_BOUND ( 'NONE', #1128, .T. ) ;
#2696 = DIRECTION ( 'NONE',  ( -0.000000000000000000, 1.000000000000000000, -0.000000000000000000 ) ) ;
#2697 = ORIENTED_EDGE ( 'NONE', *, *, #9794, .F. ) ;
#2698 = EDGE_CURVE ( 'NONE', #4815, #2185, #9616, .T. ) ;
#2699 = VERTEX_POINT ( 'NONE', #9377 ) ;
#2700 = DIRECTION ( 'NONE',  ( 0.000000000000000000, 0.000000000000000000, 1.000000000000000000 ) ) ;
#2701 = PLANE ( 'NONE',  #1213 ) ;
#2702 = CARTESIAN_POINT ( 'NONE',  ( 10.12165795307345562, -5.000000000000000000, 23.63822177457588225 ) ) ;
#2703 = LINE ( 'NONE', #8183, #5626 ) ;
#2704 = ORIENTED_EDGE ( 'NONE', *, *, #9530, .F. ) ;
#2705 = LINE ( 'NONE', #5731, #8524 ) ;
#2706 = DIRECTION ( 'NONE',  ( -0.000000000000000000, 1.000000000000000000, -0.000000000000000000 ) ) ;
#2707 = VERTEX_POINT ( 'NONE', #4924 ) ;
#2708 = EDGE_CURVE ( 'NONE', #1811, #6108, #5313, .T. ) ;
#2709 = CARTESIAN_POINT ( 'NONE',  ( -150.0000000000000000, -5.000000000000000000, 20.24999999999999645 ) ) ;
#2710 = ORIENTED_EDGE ( 'NONE', *, *, #6064, .T. ) ;
#2711 = DIRECTION ( 'NONE',  ( 0.000000000000000000, 0.000000000000000000, 1.000000000000000000 ) ) ;
#2712 = ORIENTED_EDGE ( 'NONE', *, *, #6259, .F. ) ;
#2713 = DIRECTION ( 'NONE',  ( -0.000000000000000000, 1.000000000000000000, -0.000000000000000000 ) ) ;
#2714 = CARTESIAN_POINT ( 'NONE',  ( -150.0000000000000000, 5.000000000000000000, -23.99999999999996447 ) ) ;
#2715 = ORIENTED_EDGE ( 'NONE', *, *, #998, .T. ) ;
#2716 = CYLINDRICAL_SURFACE ( 'NONE', #6454, 10.00000000000000178 ) ;
#2717 = CARTESIAN_POINT ( 'NONE',  ( 79.92816468817760267, -5.000000000000000000, 25.27079167095700640 ) ) ;
#2718 = LINE ( 'NONE', #429, #2017 ) ;
#2719 = EDGE_CURVE ( 'NONE', #1414, #6564, #1024, .T. ) ;
#2720 = DIRECTION ( 'NONE',  ( 0.000000000000000000, 0.000000000000000000, 1.000000000000000000 ) ) ;
#2721 = DIRECTION ( 'NONE',  ( -0.000000000000000000, -1.000000000000000000, -0.000000000000000000 ) ) ;
#2722 = ORIENTED_EDGE ( 'NONE', *, *, #6644, .T. ) ;
#2723 = ORIENTED_EDGE ( 'NONE', *, *, #3073, .F. ) ;
#2724 = DIRECTION ( 'NONE',  ( 0.000000000000000000, 0.000000000000000000, 1.000000000000000000 ) ) ;
#2725 = DIRECTION ( 'NONE',  ( -1.000000000000000000, 0.000000000000000000, 1.272130549049658700E-16 ) ) ;
#2726 = CARTESIAN_POINT ( 'NONE',  ( -40.27421489417474021, -5.000000000000000000, 20.24999999999999289 ) ) ;
#2727 = EDGE_CURVE ( 'NONE', #3080, #5170, #4085, .T. ) ;
#2728 = ORIENTED_EDGE ( 'NONE', *, *, #190, .T. ) ;
#2729 = ORIENTED_EDGE ( 'NONE', *, *, #9673, .T. ) ;
#2730 = CARTESIAN_POINT ( 'NONE',  ( 150.0000000000000000, -5.000000000000000000, -25.00000000000000355 ) ) ;
#2731 = CARTESIAN_POINT ( 'NONE',  ( 110.5222324781353933, 5.000000000000000000, 20.24999999999996092 ) ) ;
#2732 = ORIENTED_EDGE ( 'NONE', *, *, #1522, .F. ) ;
#2733 = EDGE_CURVE ( 'NONE', #7085, #4778, #9422, .T. ) ;
#2734 = CARTESIAN_POINT ( 'NONE',  ( -150.0000000000000000, 5.000000000000000000, 20.24999999999999645 ) ) ;
#2735 = VERTEX_POINT ( 'NONE', #4277 ) ;
#2736 = LINE ( 'NONE', #3527, #3058 ) ;
#2737 = PLANE ( 'NONE',  #8522 ) ;
#2738 = ADVANCED_FACE ( 'NONE', ( #1288 ), #9021, .T. ) ;
#2739 = DIRECTION ( 'NONE',  ( 1.000000000000000000, 0.000000000000000000, -1.272130549049658700E-16 ) ) ;
#2740 = VERTEX_POINT ( 'NONE', #2087 ) ;
#2741 = VERTEX_POINT ( 'NONE', #9068 ) ;
#2742 = CARTESIAN_POINT ( 'NONE',  ( 142.0685494038447700, 5.000000000000000000, 23.63822177457588225 ) ) ;
#2743 = LINE ( 'NONE', #4386, #1062 ) ;
#2744 = CARTESIAN_POINT ( 'NONE',  ( 98.77772060971635426, -5.000000000000000000, 25.27079167095700640 ) ) ;
#2745 = CARTESIAN_POINT ( 'NONE',  ( -150.0000000000000000, -5.000000000000000000, 19.24999999999999645 ) ) ;
#2746 = ORIENTED_EDGE ( 'NONE', *, *, #1160, .F. ) ;
#2747 = EDGE_CURVE ( 'NONE', #9510, #9157, #7386, .T. ) ;
#2748 = DIRECTION ( 'NONE',  ( 0.000000000000000000, 1.000000000000000000, -0.000000000000000000 ) ) ;
#2749 = ADVANCED_FACE ( 'NONE', ( #3575 ), #641, .F. ) ;
#2750 = AXIS2_PLACEMENT_3D ( 'NONE', #8614, #8515, #7783 ) ;
#2751 = PLANE ( 'NONE',  #9658 ) ;
#2752 = ORIENTED_EDGE ( 'NONE', *, *, #3184, .F. ) ;
#2753 = DIRECTION ( 'NONE',  ( 0.000000000000000000, 0.000000000000000000, 1.000000000000000000 ) ) ;
#2754 = ORIENTED_EDGE ( 'NONE', *, *, #4589, .F. ) ;
#2755 = VECTOR ( 'NONE', #3778, 1000.000000000000000 ) ;
#2756 = DIRECTION ( 'NONE',  ( 1.000000000000000000, 0.000000000000000000, -1.272130549049658700E-16 ) ) ;
#2757 = ORIENTED_EDGE ( 'NONE', *, *, #3776, .F. ) ;
#2758 = DIRECTION ( 'NONE',  ( -0.000000000000000000, -1.000000000000000000, -0.000000000000000000 ) ) ;
#2759 = DIRECTION ( 'NONE',  ( -0.000000000000000000, 1.000000000000000000, -0.000000000000000000 ) ) ;
#2760 = ORIENTED_EDGE ( 'NONE', *, *, #9521, .F. ) ;
#2761 = EDGE_CURVE ( 'NONE', #7969, #2253, #8869, .T. ) ;
#2762 = LINE ( 'NONE', #6508, #2654 ) ;
#2763 = CARTESIAN_POINT ( 'NONE',  ( -82.24789859582719487, -5.000000000000000000, 20.24999999999999289 ) ) ;
#2764 = VECTOR ( 'NONE', #6029, 1000.000000000000000 ) ;
#2765 = AXIS2_PLACEMENT_3D ( 'NONE', #6465, #4211, #9652 ) ;
#2766 = CARTESIAN_POINT ( 'NONE',  ( 52.53315877653566446, 5.000000000000000000, 23.63822177457588225 ) ) ;
#2767 = DIRECTION ( 'NONE',  ( -0.000000000000000000, 1.000000000000000000, -0.000000000000000000 ) ) ;
#2768 = AXIS2_PLACEMENT_3D ( 'NONE', #6332, #396, #348 ) ;
#2769 = ORIENTED_EDGE ( 'NONE', *, *, #2761, .F. ) ;
#2770 = CIRCLE ( 'NONE', #3090, 8.699999999995648992 ) ;
#2771 = VERTEX_POINT ( 'NONE', #6571 ) ;
#2772 = FACE_OUTER_BOUND ( 'NONE', #4513, .T. ) ;
#2773 = CARTESIAN_POINT ( 'NONE',  ( 138.7965663604434781, 5.000000000000000000, 20.24999999999995737 ) ) ;
#2774 = DIRECTION ( 'NONE',  ( -0.000000000000000000, -1.000000000000000000, -0.000000000000000000 ) ) ;
#2775 = VERTEX_POINT ( 'NONE', #6717 ) ;
#2776 = AXIS2_PLACEMENT_3D ( 'NONE', #2812, #4346, #5847 ) ;
#2777 = ORIENTED_EDGE ( 'NONE', *, *, #7591, .F. ) ;
#2778 = AXIS2_PLACEMENT_3D ( 'NONE', #8828, #2153, #5881 ) ;
#2779 = LINE ( 'NONE', #1094, #6224 ) ;
#2780 = CARTESIAN_POINT ( 'NONE',  ( -89.53539062730909848, -5.000000000000000000, 43.50000000000000000 ) ) ;
#2781 = ORIENTED_EDGE ( 'NONE', *, *, #3956, .F. ) ;
#2782 = EDGE_CURVE ( 'NONE', #5693, #1685, #5120, .T. ) ;
#2783 = DIRECTION ( 'NONE',  ( -0.000000000000000000, 1.000000000000000000, -0.000000000000000000 ) ) ;
#2784 = ORIENTED_EDGE ( 'NONE', *, *, #1371, .T. ) ;
#2785 = CIRCLE ( 'NONE', #1842, 1.000000000000000888 ) ;
#2786 = DIRECTION ( 'NONE',  ( -0.000000000000000000, -1.000000000000000000, -0.000000000000000000 ) ) ;
#2787 = AXIS2_PLACEMENT_3D ( 'NONE', #908, #5012, #7838 ) ;
#2788 = CARTESIAN_POINT ( 'NONE',  ( -9.607225939131499359, 5.000000000000000000, 25.27079167095700640 ) ) ;
#2789 = ORIENTED_EDGE ( 'NONE', *, *, #3172, .T. ) ;
#2790 = CIRCLE ( 'NONE', #5491, 8.699999999995648992 ) ;
#2791 = AXIS2_PLACEMENT_3D ( 'NONE', #4821, #6978, #1694 ) ;
#2792 = ORIENTED_EDGE ( 'NONE', *, *, #2501, .T. ) ;
#2793 = EDGE_CURVE ( 'NONE', #6488, #943, #1654, .T. ) ;
#2794 = DIRECTION ( 'NONE',  ( -0.000000000000000000, -1.000000000000000000, -0.000000000000000000 ) ) ;
#2795 = LINE ( 'NONE', #1150, #4396 ) ;
#2796 = DIRECTION ( 'NONE',  ( -0.000000000000000000, -1.000000000000000000, -0.000000000000000000 ) ) ;
#2797 = DIRECTION ( 'NONE',  ( -0.000000000000000000, 1.000000000000000000, -0.000000000000000000 ) ) ;
#2798 = CARTESIAN_POINT ( 'NONE',  ( -149.0000000000000000, 5.000000000000000000, 20.24999999999999645 ) ) ;
#2799 = VECTOR ( 'NONE', #6426, 1000.000000000000000 ) ;
#2801 = CARTESIAN_POINT ( 'NONE',  ( 0.6968799923040764899, 5.000000000000000000, 23.63822177457588225 ) ) ;
#2800 = VECTOR ( 'NONE', #732, 1000.000000000000000 ) ;
#2802 = DIRECTION ( 'NONE',  ( -1.272130549049658700E-16, 0.000000000000000000, -1.000000000000000000 ) ) ;
#2803 = EDGE_CURVE ( 'NONE', #4129, #4292, #5966, .T. ) ;
#2804 = ORIENTED_EDGE ( 'NONE', *, *, #4911, .F. ) ;
#2805 = VECTOR ( 'NONE', #6094, 1000.000000000000000 ) ;
#2806 = CARTESIAN_POINT ( 'NONE',  ( -66.67032571768974947, -5.000000000000000000, 23.63822177457588225 ) ) ;
#2807 = EDGE_LOOP ( 'NONE', ( #1551, #3118, #6379, #2383 ) ) ;
#2808 = AXIS2_PLACEMENT_3D ( 'NONE', #702, #2802, #2155 ) ;
#2809 = ADVANCED_FACE ( 'NONE', ( #2045 ), #8271, .T. ) ;
#2810 = DIRECTION ( 'NONE',  ( -0.000000000000000000, 1.000000000000000000, -0.000000000000000000 ) ) ;
#2811 = ORIENTED_EDGE ( 'NONE', *, *, #8360, .T. ) ;
#2812 = CARTESIAN_POINT ( 'NONE',  ( -51.83627878423158819, -5.000000000000000000, 43.50000000000000000 ) ) ;
#2813 = CARTESIAN_POINT ( 'NONE',  ( 76.09510367845911105, -5.000000000000000000, 23.63822177457588225 ) ) ;
#2814 = VERTEX_POINT ( 'NONE', #5871 ) ;
#2815 = DIRECTION ( 'NONE',  ( 0.000000000000000000, 0.000000000000000000, 1.000000000000000000 ) ) ;
#2816 = DIRECTION ( 'NONE',  ( -0.000000000000000000, 1.000000000000000000, -0.000000000000000000 ) ) ;
#2817 = VECTOR ( 'NONE', #4103, 1000.000000000000000 ) ;
#2818 = ADVANCED_FACE ( 'NONE', ( #2982 ), #5171, .T. ) ;
#2819 = CYLINDRICAL_SURFACE ( 'NONE', #733, 19.87399999999006539 ) ;
#2820 = CARTESIAN_POINT ( 'NONE',  ( 170.0000000000000000, -5.000000000000000000, -48.40000000000001279 ) ) ;
#2821 = ORIENTED_EDGE ( 'NONE', *, *, #3345, .F. ) ;
#2822 = AXIS2_PLACEMENT_3D ( 'NONE', #1407, #612, #9037 ) ;
#2823 = DIRECTION ( 'NONE',  ( 0.000000000000000000, 1.000000000000000000, -0.000000000000000000 ) ) ;
#2824 = ORIENTED_EDGE ( 'NONE', *, *, #2245, .F. ) ;
#2825 = DIRECTION ( 'NONE',  ( 0.000000000000000000, 0.000000000000000000, 1.000000000000000000 ) ) ;
#2826 = DIRECTION ( 'NONE',  ( -0.000000000000000000, 1.000000000000000000, -0.000000000000000000 ) ) ;
#2827 = CARTESIAN_POINT ( 'NONE',  ( -19.03200389990087871, -5.000000000000000000, 25.27079167095700640 ) ) ;
#2828 = ORIENTED_EDGE ( 'NONE', *, *, #6692, .T. ) ;
#2829 = VERTEX_POINT ( 'NONE', #1437 ) ;
#2830 = CIRCLE ( 'NONE', #5681, 8.699999999995648992 ) ;
#2831 = ADVANCED_FACE ( 'NONE', ( #4322 ), #4470, .T. ) ;
#2832 = DIRECTION ( 'NONE',  ( 0.000000000000000000, 0.000000000000000000, 1.000000000000000000 ) ) ;
#2833 = CARTESIAN_POINT ( 'NONE',  ( 131.2500114584672417, -5.000000000000000000, 23.63822177457588225 ) ) ;
#2834 = ORIENTED_EDGE ( 'NONE', *, *, #9443, .T. ) ;
#2835 = LINE ( 'NONE', #1334, #1982 ) ;
#2836 = ORIENTED_EDGE ( 'NONE', *, *, #1798, .F. ) ;
#2837 = VECTOR ( 'NONE', #183, 1000.000000000000000 ) ;
#2838 = DIRECTION ( 'NONE',  ( -0.000000000000000000, -1.000000000000000000, -0.000000000000000000 ) ) ;
#2839 = CARTESIAN_POINT ( 'NONE',  ( -84.64055366856229057, -5.000000000000000000, 25.27079167095700996 ) ) ;
#2840 = ORIENTED_EDGE ( 'NONE', *, *, #3585, .T. ) ;
#2841 = EDGE_CURVE ( 'NONE', #8689, #648, #8169, .T. ) ;
#2842 = ORIENTED_EDGE ( 'NONE', *, *, #7667, .T. ) ;
#2843 = FACE_OUTER_BOUND ( 'NONE', #1792, .T. ) ;
#2844 = CARTESIAN_POINT ( 'NONE',  ( -131.7644434724091980, -5.000000000000000000, 25.27079167095700996 ) ) ;
#2845 = CARTESIAN_POINT ( 'NONE',  ( 14.31961491951618370, -5.000000000000000000, 25.27079167095700996 ) ) ;
#2846 = DIRECTION ( 'NONE',  ( 0.000000000000000000, -1.000000000000000000, -0.000000000000000000 ) ) ;
#2847 = DIRECTION ( 'NONE',  ( -0.000000000000000000, 1.000000000000000000, -0.000000000000000000 ) ) ;
#2848 = FILL_AREA_STYLE_COLOUR ( '', #6808 ) ;
#2849 = VERTEX_POINT ( 'NONE', #9667 ) ;
#2850 = EDGE_CURVE ( 'NONE', #6488, #5399, #2835, .T. ) ;
#2851 = DIRECTION ( 'NONE',  ( -0.000000000000000000, 1.000000000000000000, -0.000000000000000000 ) ) ;
#2852 = VERTEX_POINT ( 'NONE', #4374 ) ;
#2853 = DIRECTION ( 'NONE',  ( -0.000000000000000000, 1.000000000000000000, -0.000000000000000000 ) ) ;
#2854 = ORIENTED_EDGE ( 'NONE', *, *, #8574, .T. ) ;
#2855 = EDGE_CURVE ( 'NONE', #202, #1988, #6018, .T. ) ;
#2856 = DIRECTION ( 'NONE',  ( 0.000000000000000000, 0.000000000000000000, 1.000000000000000000 ) ) ;
#2857 = CARTESIAN_POINT ( 'NONE',  ( 146.7809383842294437, -5.000000000000000000, 23.63822177457588225 ) ) ;
#2858 = VERTEX_POINT ( 'NONE', #6672 ) ;
#2859 =( NAMED_UNIT ( * ) PLANE_ANGLE_UNIT ( ) SI_UNIT ( $, .RADIAN. ) );
#2860 = CARTESIAN_POINT ( 'NONE',  ( -53.97356471351906038, -5.000000000000000000, 20.24999999999999289 ) ) ;
#2861 = DIRECTION ( 'NONE',  ( -0.000000000000000000, -1.000000000000000000, -0.000000000000000000 ) ) ;
#2862 = EDGE_CURVE ( 'NONE', #3767, #2212, #8350, .T. ) ;
#2863 = CYLINDRICAL_SURFACE ( 'NONE', #6792, 1.599999999999962563 ) ;
#2864 = CYLINDRICAL_SURFACE ( 'NONE', #9771, 19.87399999999006539 ) ;
#2865 = VERTEX_POINT ( 'NONE', #973 ) ;
#2866 = CARTESIAN_POINT ( 'NONE',  ( -148.2213443212128254, -5.000000000000000000, 20.24999999999999289 ) ) ;
#2867 = ORIENTED_EDGE ( 'NONE', *, *, #6046, .T. ) ;
#2868 = CARTESIAN_POINT ( 'NONE',  ( 4.712388980384689674, -5.000000000000000000, 43.50000000000000000 ) ) ;
#2869 = CARTESIAN_POINT ( 'NONE',  ( -54.41138183532881101, -5.000000000000000000, 20.24999999999999289 ) ) ;
#2870 = CARTESIAN_POINT ( 'NONE',  ( -150.0000000000000000, 5.000000000000000000, 20.24999999999999645 ) ) ;
#2871 = EDGE_CURVE ( 'NONE', #1642, #9237, #4678, .T. ) ;
#2872 = ADVANCED_FACE ( 'NONE', ( #8599 ), #227, .F. ) ;
#2873 = VERTEX_POINT ( 'NONE', #5595 ) ;
#2874 = ORIENTED_EDGE ( 'NONE', *, *, #1101, .T. ) ;
#2875 = CARTESIAN_POINT ( 'NONE',  ( 26.13704795302066941, 5.000000000000000000, 20.24999999999999289 ) ) ;
#2876 = DIRECTION ( 'NONE',  ( -0.000000000000000000, -1.000000000000000000, -0.000000000000000000 ) ) ;
#2877 = EDGE_LOOP ( 'NONE', ( #6878, #4432, #6322, #3180 ) ) ;
#2878 = CIRCLE ( 'NONE', #4146, 19.87399999999006539 ) ;
#2879 = DIRECTION ( 'NONE',  ( -0.000000000000000000, 1.000000000000000000, -0.000000000000000000 ) ) ;
#2880 = ORIENTED_EDGE ( 'NONE', *, *, #1597, .F. ) ;
#2881 = DIRECTION ( 'NONE',  ( -0.000000000000000000, 1.000000000000000000, -0.000000000000000000 ) ) ;
#2882 = EDGE_CURVE ( 'NONE', #8139, #4129, #2625, .T. ) ;
#2883 = CARTESIAN_POINT ( 'NONE',  ( 200.0000000000000000, 5.000000000000000000, 60.00000000000000000 ) ) ;
#2884 = ORIENTED_EDGE ( 'NONE', *, *, #7412, .T. ) ;
#2885 = VERTEX_POINT ( 'NONE', #7155 ) ;
#2886 = CARTESIAN_POINT ( 'NONE',  ( 200.0000000000000000, -5.000000000000000000, 49.99999999999999289 ) ) ;
#2887 = DIRECTION ( 'NONE',  ( -0.000000000000000000, -1.000000000000000000, -0.000000000000000000 ) ) ;
#2888 = CARTESIAN_POINT ( 'NONE',  ( 76.09510367845911105, 5.000000000000000000, 23.63822177457588225 ) ) ;
#2889 = DIRECTION ( 'NONE',  ( -0.000000000000000000, -1.000000000000000000, -0.000000000000000000 ) ) ;
#2890 = FACE_OUTER_BOUND ( 'NONE', #5937, .T. ) ;
#2891 = CARTESIAN_POINT ( 'NONE',  ( -150.0000000000000000, 5.000000000000000000, 20.24999999999999645 ) ) ;
#2892 = EDGE_LOOP ( 'NONE', ( #4920, #3086, #403, #5918 ) ) ;
#2893 = CIRCLE ( 'NONE', #4960, 1.599999999999962563 ) ;
#2894 = DIRECTION ( 'NONE',  ( 0.000000000000000000, 0.000000000000000000, -1.000000000000000000 ) ) ;
#2895 = ORIENTED_EDGE ( 'NONE', *, *, #6958, .F. ) ;
#2896 = DIRECTION ( 'NONE',  ( -0.000000000000000000, 1.000000000000000000, -0.000000000000000000 ) ) ;
#2897 = ORIENTED_EDGE ( 'NONE', *, *, #8374, .T. ) ;
#2898 = EDGE_CURVE ( 'NONE', #3267, #2394, #7080, .T. ) ;
#2899 = VECTOR ( 'NONE', #6923, 1000.000000000000000 ) ;
#2900 = DIRECTION ( 'NONE',  ( 1.000000000000000000, 0.000000000000000000, -1.272130549049658700E-16 ) ) ;
#2901 = DIRECTION ( 'NONE',  ( -0.000000000000000000, 1.000000000000000000, -0.000000000000000000 ) ) ;
#2902 = ORIENTED_EDGE ( 'NONE', *, *, #4440, .F. ) ;
#2903 = PRODUCT_CONTEXT ( 'NONE', #6106, 'mechanical' ) ;
#2904 = CARTESIAN_POINT ( 'NONE',  ( -18.66710794317664224, -5.000000000000000000, 25.27079167095700996 ) ) ;
#2905 = DIRECTION ( 'NONE',  ( -1.272130549049658700E-16, 0.000000000000000000, -1.000000000000000000 ) ) ;
#2906 = ADVANCED_FACE ( 'NONE', ( #6399 ), #3780, .T. ) ;
#2907 = CIRCLE ( 'NONE', #5133, 8.699999999995648992 ) ;
#2908 = VECTOR ( 'NONE', #8435, 1000.000000000000000 ) ;
#2909 = CYLINDRICAL_SURFACE ( 'NONE', #4233, 19.87399999999006539 ) ;
#2910 = DIRECTION ( 'NONE',  ( -0.000000000000000000, -1.000000000000000000, -0.000000000000000000 ) ) ;
#2911 = ORIENTED_EDGE ( 'NONE', *, *, #6882, .F. ) ;
#2912 = EDGE_CURVE ( 'NONE', #3599, #6328, #9462, .T. ) ;
#2913 = CARTESIAN_POINT ( 'NONE',  ( -112.9148875508704322, 5.000000000000000000, 25.27079167095700996 ) ) ;
#2914 = ORIENTED_EDGE ( 'NONE', *, *, #1032, .T. ) ;
#2915 = AXIS2_PLACEMENT_3D ( 'NONE', #5921, #8233, #6838 ) ;
#2916 = DIRECTION ( 'NONE',  ( 0.000000000000000000, 0.000000000000000000, 1.000000000000000000 ) ) ;
#2917 = CARTESIAN_POINT ( 'NONE',  ( -18.84955592153875870, 5.000000000000000000, 43.50000000000000000 ) ) ;
#2918 = CARTESIAN_POINT ( 'NONE',  ( -150.0000000000000000, 5.000000000000000000, 20.24999999999999645 ) ) ;
#2919 = ORIENTED_EDGE ( 'NONE', *, *, #7525, .T. ) ;
#2920 = ORIENTED_EDGE ( 'NONE', *, *, #9394, .T. ) ;
#2921 = ADVANCED_FACE ( 'NONE', ( #4802 ), #6827, .T. ) ;
#2922 = VECTOR ( 'NONE', #2783, 1000.000000000000000 ) ;
#2923 = VECTOR ( 'NONE', #2767, 1000.000000000000000 ) ;
#2924 = DIRECTION ( 'NONE',  ( 0.000000000000000000, 0.000000000000000000, 1.000000000000000000 ) ) ;
#2925 = DIRECTION ( 'NONE',  ( 0.000000000000000000, 0.000000000000000000, 1.000000000000000000 ) ) ;
#2926 = EDGE_CURVE ( 'NONE', #293, #5170, #9775, .T. ) ;
#2927 = ORIENTED_EDGE ( 'NONE', *, *, #1862, .F. ) ;
#2928 = EDGE_CURVE ( 'NONE', #1745, #8388, #1664, .T. ) ;
#2929 = CARTESIAN_POINT ( 'NONE',  ( 122.7045614683640622, -5.000000000000000000, 25.27079167095700996 ) ) ;
#2930 = EDGE_LOOP ( 'NONE', ( #4465, #751, #8423, #7976 ) ) ;
#2931 = CARTESIAN_POINT ( 'NONE',  ( 113.2797835075946722, -5.000000000000000000, 25.27079167095700996 ) ) ;
#2932 = VECTOR ( 'NONE', #8103, 1000.000000000000000 ) ;
#2933 = VERTEX_POINT ( 'NONE', #9862 ) ;
#2934 = CIRCLE ( 'NONE', #6918, 8.699999999995648992 ) ;
#2935 = LINE ( 'NONE', #4475, #6169 ) ;
#2936 = ORIENTED_EDGE ( 'NONE', *, *, #924, .F. ) ;
#2937 = ADVANCED_FACE ( 'NONE', ( #2527 ), #2473, .T. ) ;
#2938 = CIRCLE ( 'NONE', #8832, 19.87399999999006539 ) ;
#2939 = ORIENTED_EDGE ( 'NONE', *, *, #5561, .T. ) ;
#2940 = AXIS2_PLACEMENT_3D ( 'NONE', #717, #3758, #7348 ) ;
#2941 = AXIS2_PLACEMENT_3D ( 'NONE', #207, #8858, #5532 ) ;
#2942 = CARTESIAN_POINT ( 'NONE',  ( -150.0000000000000000, 5.000000000000000000, 20.24999999999999645 ) ) ;
#2943 = LINE ( 'NONE', #1404, #6563 ) ;
#2944 = LINE ( 'NONE', #2152, #1198 ) ;
#2945 = DIRECTION ( 'NONE',  ( -0.000000000000000000, 1.000000000000000000, -0.000000000000000000 ) ) ;
#2946 = CARTESIAN_POINT ( 'NONE',  ( 145.9016104135632474, -5.000000000000000000, 25.27079167095700640 ) ) ;
#2947 = CIRCLE ( 'NONE', #5968, 19.87399999999006539 ) ;
#2948 = EDGE_LOOP ( 'NONE', ( #8980, #3142, #6098, #6170 ) ) ;
#2949 = AXIS2_PLACEMENT_3D ( 'NONE', #2368, #9288, #4752 ) ;
#2950 = VECTOR ( 'NONE', #1676, 1000.000000000000000 ) ;
#2951 = EDGE_CURVE ( 'NONE', #6952, #2106, #9112, .T. ) ;
#2952 = CARTESIAN_POINT ( 'NONE',  ( 159.0000000000000000, 5.000000000000000000, 40.89999999999999858 ) ) ;
#2953 = EDGE_LOOP ( 'NONE', ( #5200, #7027, #8174, #709 ) ) ;
#2954 = LINE ( 'NONE', #6649, #5296 ) ;
#2955 = VECTOR ( 'NONE', #8767, 1000.000000000000000 ) ;
#2956 = ORIENTED_EDGE ( 'NONE', *, *, #4018, .T. ) ;
#2957 = AXIS2_PLACEMENT_3D ( 'NONE', #5864, #4314, #2635 ) ;
#2958 = DIRECTION ( 'NONE',  ( -0.000000000000000000, 1.000000000000000000, -0.000000000000000000 ) ) ;
#2959 = LINE ( 'NONE', #5996, #6830 ) ;
#2960 = CIRCLE ( 'NONE', #6147, 8.699999999995648992 ) ;
#2961 = ORIENTED_EDGE ( 'NONE', *, *, #3839, .F. ) ;
#2962 = EDGE_LOOP ( 'NONE', ( #4278, #6026, #9674, #7116 ) ) ;
#2963 = FACE_OUTER_BOUND ( 'NONE', #4283, .T. ) ;
#2964 = FACE_OUTER_BOUND ( 'NONE', #2892, .T. ) ;
#2965 = VECTOR ( 'NONE', #9845, 1000.000000000000000 ) ;
#2966 = EDGE_CURVE ( 'NONE', #5136, #5118, #4056, .T. ) ;
#2967 = LINE ( 'NONE', #5945, #4879 ) ;
#2968 = CARTESIAN_POINT ( 'NONE',  ( 56.36621978625415608, -5.000000000000000000, 25.27079167095700640 ) ) ;
#2969 = VERTEX_POINT ( 'NONE', #5444 ) ;
#2970 = DIRECTION ( 'NONE',  ( -1.272130549049658700E-16, 0.000000000000000000, -1.000000000000000000 ) ) ;
#2971 = VERTEX_POINT ( 'NONE', #4710 ) ;
#2972 = CARTESIAN_POINT ( 'NONE',  ( -28.09188590394602159, -5.000000000000000000, 25.27079167095700996 ) ) ;
#2973 = FACE_OUTER_BOUND ( 'NONE', #2962, .T. ) ;
#2974 = CARTESIAN_POINT ( 'NONE',  ( 40.27421489417474021, -5.000000000000000000, 20.24999999999999289 ) ) ;
#2975 = ORIENTED_EDGE ( 'NONE', *, *, #8142, .F. ) ;
#2976 = ORIENTED_EDGE ( 'NONE', *, *, #7202, .T. ) ;
#2977 = EDGE_CURVE ( 'NONE', #8856, #1917, #2571, .T. ) ;
#2978 = CIRCLE ( 'NONE', #1873, 8.699999999995648992 ) ;
#2979 = CARTESIAN_POINT ( 'NONE',  ( -14.31961491951618726, -5.000000000000000000, 25.27079167095700640 ) ) ;
#2980 = CARTESIAN_POINT ( 'NONE',  ( -124.6593994192894002, 5.000000000000000000, 20.24999999999999289 ) ) ;
#2981 = ORIENTED_EDGE ( 'NONE', *, *, #9505, .T. ) ;
#2982 = FACE_OUTER_BOUND ( 'NONE', #1363, .T. ) ;
#2983 = ORIENTED_EDGE ( 'NONE', *, *, #3960, .T. ) ;
#2984 = ADVANCED_FACE ( 'NONE', ( #929 ), #285, .T. ) ;
#2985 = DIRECTION ( 'NONE',  ( -0.000000000000000000, 1.000000000000000000, -0.000000000000000000 ) ) ;
#2986 = LINE ( 'NONE', #7677, #5016 ) ;
#2987 = AXIS2_PLACEMENT_3D ( 'NONE', #3081, #7729, #5952 ) ;
#2988 = VERTEX_POINT ( 'NONE', #7914 ) ;
#2989 = CYLINDRICAL_SURFACE ( 'NONE', #8877, 8.699999999995645439 ) ;
#2990 = ORIENTED_EDGE ( 'NONE', *, *, #7646, .T. ) ;
#2991 = EDGE_CURVE ( 'NONE', #3008, #338, #4524, .T. ) ;
#2992 = ORIENTED_EDGE ( 'NONE', *, *, #3184, .T. ) ;
#2993 = VECTOR ( 'NONE', #8155, 1000.000000000000000 ) ;
#2994 = LINE ( 'NONE', #649, #2764 ) ;
#2995 = DIRECTION ( 'NONE',  ( -0.000000000000000000, 1.000000000000000000, -0.000000000000000000 ) ) ;
#2996 = CARTESIAN_POINT ( 'NONE',  ( -94.94465959999787685, 5.000000000000000000, 23.63822177457588225 ) ) ;
#2997 = FACE_OUTER_BOUND ( 'NONE', #5070, .T. ) ;
#2998 = EDGE_CURVE ( 'NONE', #118, #1140, #4110, .T. ) ;
#2999 = AXIS2_PLACEMENT_3D ( 'NONE', #5202, #8248, #7495 ) ;
#3000 = ORIENTED_EDGE ( 'NONE', *, *, #2632, .F. ) ;
#3001 = DIRECTION ( 'NONE',  ( 0.000000000000000000, 0.000000000000000000, 1.000000000000000000 ) ) ;
#3002 = VERTEX_POINT ( 'NONE', #3549 ) ;
#3003 = DIRECTION ( 'NONE',  ( 0.000000000000000000, 0.000000000000000000, 1.000000000000000000 ) ) ;
#3004 = EDGE_LOOP ( 'NONE', ( #2238, #6228, #7017, #5827 ) ) ;
#3005 = DIRECTION ( 'NONE',  ( -0.000000000000000000, 1.000000000000000000, -0.000000000000000000 ) ) ;
#3006 = CARTESIAN_POINT ( 'NONE',  ( -150.0000000000000000, 5.000000000000000000, 20.24999999999999645 ) ) ;
#3007 = EDGE_LOOP ( 'NONE', ( #2176, #1438, #3104, #8177 ) ) ;
#3008 = VERTEX_POINT ( 'NONE', #9498 ) ;
#3009 = DIRECTION ( 'NONE',  ( -0.000000000000000000, 1.000000000000000000, -0.000000000000000000 ) ) ;
#3010 = DIRECTION ( 'NONE',  ( -0.000000000000000000, -1.000000000000000000, -0.000000000000000000 ) ) ;
#3011 = ADVANCED_FACE ( 'NONE', ( #4946 ), #6452, .T. ) ;
#3012 = DIRECTION ( 'NONE',  ( -0.000000000000000000, 1.000000000000000000, -0.000000000000000000 ) ) ;
#3013 = LINE ( 'NONE', #3704, #8502 ) ;
#3014 = VERTEX_POINT ( 'NONE', #5695 ) ;
#3015 = CARTESIAN_POINT ( 'NONE',  ( 190.0000000000000000, 5.000000000000000000, 60.00000000000000000 ) ) ;
#3016 = CARTESIAN_POINT ( 'NONE',  ( 70.68583470577034689, -5.000000000000000000, 43.50000000000000000 ) ) ;
#3017 = EDGE_LOOP ( 'NONE', ( #7395, #8783, #8518, #7600 ) ) ;
#3018 = CARTESIAN_POINT ( 'NONE',  ( 134.5219945018685337, 5.000000000000000000, 20.24999999999999289 ) ) ;
#3019 = ADVANCED_FACE ( 'NONE', ( #4198 ), #2020, .T. ) ;
#3020 = CARTESIAN_POINT ( 'NONE',  ( 74.70134369385095852, -5.000000000000000000, 23.63822177457588225 ) ) ;
#3021 = DIRECTION ( 'NONE',  ( 0.000000000000000000, 0.000000000000000000, 1.000000000000000000 ) ) ;
#3022 = ORIENTED_EDGE ( 'NONE', *, *, #5293, .F. ) ;
#3023 = ORIENTED_EDGE ( 'NONE', *, *, #4158, .T. ) ;
#3024 = FACE_OUTER_BOUND ( 'NONE', #2081, .T. ) ;
#3025 = DIRECTION ( 'NONE',  ( 0.000000000000000000, 0.000000000000000000, 1.000000000000000000 ) ) ;
#3026 = ORIENTED_EDGE ( 'NONE', *, *, #2926, .T. ) ;
#3027 = DIRECTION ( 'NONE',  ( 0.000000000000000000, 0.000000000000000000, 1.000000000000000000 ) ) ;
#3028 = ORIENTED_EDGE ( 'NONE', *, *, #2747, .T. ) ;
#3029 = EDGE_CURVE ( 'NONE', #5375, #454, #7302, .T. ) ;
#3030 = CARTESIAN_POINT ( 'NONE',  ( 16.71226999225129006, -5.000000000000000000, 20.24999999999999289 ) ) ;
#3031 = CARTESIAN_POINT ( 'NONE',  ( 54.41138183532881101, 5.000000000000000000, 20.24999999999999289 ) ) ;
#3032 = ORIENTED_EDGE ( 'NONE', *, *, #2977, .T. ) ;
#3033 = CARTESIAN_POINT ( 'NONE',  ( 132.6437714430753942, -5.000000000000000000, 23.63822177457588225 ) ) ;
#3034 = VERTEX_POINT ( 'NONE', #8744 ) ;
#3035 = EDGE_CURVE ( 'NONE', #5543, #8433, #548, .T. ) ;
#3036 = VECTOR ( 'NONE', #4647, 1000.000000000000000 ) ;
#3037 = ORIENTED_EDGE ( 'NONE', *, *, #6772, .T. ) ;
#3038 = DIRECTION ( 'NONE',  ( 0.000000000000000000, 0.000000000000000000, 1.000000000000000000 ) ) ;
#3039 = EDGE_CURVE ( 'NONE', #8910, #5229, #3457, .T. ) ;
#3040 = DIRECTION ( 'NONE',  ( -0.000000000000000000, 1.000000000000000000, -0.000000000000000000 ) ) ;
#3041 = CARTESIAN_POINT ( 'NONE',  ( -96.38506553698125856, 5.000000000000000000, 20.24999999999999289 ) ) ;
#3042 = DIRECTION ( 'NONE',  ( -0.000000000000000000, 1.000000000000000000, -0.000000000000000000 ) ) ;
#3043 = DIRECTION ( 'NONE',  ( -0.000000000000000000, -1.000000000000000000, -0.000000000000000000 ) ) ;
#3044 = VERTEX_POINT ( 'NONE', #7959 ) ;
#3045 = DIRECTION ( 'NONE',  ( 0.000000000000000000, 0.000000000000000000, 1.000000000000000000 ) ) ;
#3046 = ORIENTED_EDGE ( 'NONE', *, *, #3161, .T. ) ;
#3047 = DIRECTION ( 'NONE',  ( -0.000000000000000000, -1.000000000000000000, 0.000000000000000000 ) ) ;
#3048 = EDGE_CURVE ( 'NONE', #6917, #8761, #8789, .T. ) ;
#3049 = ADVANCED_FACE ( 'NONE', ( #1918 ), #1117, .T. ) ;
#3050 = DIRECTION ( 'NONE',  ( -0.000000000000000000, -1.000000000000000000, -0.000000000000000000 ) ) ;
#3051 = LINE ( 'NONE', #6087, #545 ) ;
#3052 = EDGE_CURVE ( 'NONE', #7639, #1730, #9469, .T. ) ;
#3053 = ORIENTED_EDGE ( 'NONE', *, *, #4135, .T. ) ;
#3054 = ORIENTED_EDGE ( 'NONE', *, *, #6930, .T. ) ;
#3055 = CARTESIAN_POINT ( 'NONE',  ( 65.97344572538565899, 5.000000000000000000, 43.50000000000000000 ) ) ;
#3056 = DIRECTION ( 'NONE',  ( 0.000000000000000000, 0.000000000000000000, 1.000000000000000000 ) ) ;
#3057 = CARTESIAN_POINT ( 'NONE',  ( -80.29306064490184269, -5.000000000000000000, 25.27079167095700640 ) ) ;
#3058 = VECTOR ( 'NONE', #5766, 1000.000000000000000 ) ;
#3059 = CARTESIAN_POINT ( 'NONE',  ( 51.83627878423158819, -5.000000000000000000, 43.50000000000000000 ) ) ;
#3060 = EDGE_CURVE ( 'NONE', #8601, #9417, #7888, .T. ) ;
#3061 = EDGE_LOOP ( 'NONE', ( #3513, #7365, #9039, #8815 ) ) ;
#3062 = PLANE ( 'NONE',  #928 ) ;
#3063 = DIRECTION ( 'NONE',  ( 0.000000000000000000, 0.000000000000000000, 1.000000000000000000 ) ) ;
#3064 = ORIENTED_EDGE ( 'NONE', *, *, #8934, .T. ) ;
#3065 = CARTESIAN_POINT ( 'NONE',  ( -117.6272765312551201, 5.000000000000000000, 25.27079167095700996 ) ) ;
#3066 = CARTESIAN_POINT ( 'NONE',  ( -76.09510367845912526, 5.000000000000000000, 23.63822177457588225 ) ) ;
#3067 = DIRECTION ( 'NONE',  ( -0.000000000000000000, 1.000000000000000000, -0.000000000000000000 ) ) ;
#3068 = CIRCLE ( 'NONE', #7527, 8.699999999995645439 ) ;
#3069 = ORIENTED_EDGE ( 'NONE', *, *, #6483, .T. ) ;
#3070 = ORIENTED_EDGE ( 'NONE', *, *, #1547, .T. ) ;
#3071 = ORIENTED_EDGE ( 'NONE', *, *, #485, .T. ) ;
#3072 = CARTESIAN_POINT ( 'NONE',  ( 19.54643591384283496, -5.000000000000000000, 23.63822177457588225 ) ) ;
#3073 = EDGE_CURVE ( 'NONE', #7463, #1757, #2139, .T. ) ;
#3074 = CIRCLE ( 'NONE', #8652, 8.699999999995648992 ) ;
#3075 = EDGE_LOOP ( 'NONE', ( #5528, #822, #6045, #2811 ) ) ;
#3076 = CIRCLE ( 'NONE', #1959, 19.87399999999006539 ) ;
#3077 = ORIENTED_EDGE ( 'NONE', *, *, #8232, .T. ) ;
#3078 = CARTESIAN_POINT ( 'NONE',  ( -150.0000000000000000, 5.000000000000000000, -24.99999999999996803 ) ) ;
#3079 = CARTESIAN_POINT ( 'NONE',  ( 190.0000000000000000, -5.000000000000000000, -50.00000000000000000 ) ) ;
#3080 = VERTEX_POINT ( 'NONE', #6549 ) ;
#3081 = CARTESIAN_POINT ( 'NONE',  ( 32.98672286269282949, 5.000000000000000000, 43.50000000000000000 ) ) ;
#3082 = CIRCLE ( 'NONE', #1969, 8.699999999995645439 ) ;
#3083 = ORIENTED_EDGE ( 'NONE', *, *, #3541, .F. ) ;
#3084 = AXIS2_PLACEMENT_3D ( 'NONE', #7672, #3868, #3719 ) ;
#3085 = EDGE_CURVE ( 'NONE', #9214, #8112, #9589, .T. ) ;
#3086 = ORIENTED_EDGE ( 'NONE', *, *, #440, .F. ) ;
#3087 = CARTESIAN_POINT ( 'NONE',  ( 37.88155982143963030, -5.000000000000000000, 25.27079167095700996 ) ) ;
#3088 = CIRCLE ( 'NONE', #4989, 19.87399999999006539 ) ;
#3090 = AXIS2_PLACEMENT_3D ( 'NONE', #4456, #9848, #670 ) ;
#3089 = DIRECTION ( 'NONE',  ( 1.000000000000000000, 0.000000000000000000, -1.272130549049658700E-16 ) ) ;
#3091 = CARTESIAN_POINT ( 'NONE',  ( 63.83615979609819391, -5.000000000000000000, 20.24999999999999289 ) ) ;
#3092 = LINE ( 'NONE', #114, #9151 ) ;
#3093 = VECTOR ( 'NONE', #1066, 1000.000000000000000 ) ;
#3094 = DIRECTION ( 'NONE',  ( -0.000000000000000000, 1.000000000000000000, -0.000000000000000000 ) ) ;
#3095 = ORIENTED_EDGE ( 'NONE', *, *, #1328, .F. ) ;
#3096 = AXIS2_PLACEMENT_3D ( 'NONE', #6403, #8794, #1967 ) ;
#3097 = ADVANCED_FACE ( 'NONE', ( #2065 ), #7250, .T. ) ;
#3098 = VECTOR ( 'NONE', #4957, 1000.000000000000000 ) ;
#3099 = DIRECTION ( 'NONE',  ( -0.000000000000000000, -1.000000000000000000, -0.000000000000000000 ) ) ;
#3100 = VERTEX_POINT ( 'NONE', #5095 ) ;
#3101 = CARTESIAN_POINT ( 'NONE',  ( -108.3849465488478643, 5.000000000000000000, 43.50000000000000000 ) ) ;
#3102 = CARTESIAN_POINT ( 'NONE',  ( -23.37949692356133014, 5.000000000000000000, 25.27079167095700996 ) ) ;
#3103 = CARTESIAN_POINT ( 'NONE',  ( -7.287492031481909827, -5.000000000000000000, 20.24999999999999289 ) ) ;
#3104 = ORIENTED_EDGE ( 'NONE', *, *, #9206, .T. ) ;
#3105 = ORIENTED_EDGE ( 'NONE', *, *, #8133, .F. ) ;
#3106 = EDGE_CURVE ( 'NONE', #6101, #5872, #1030, .T. ) ;
#3108 = LINE ( 'NONE', #771, #6766 ) ;
#3107 = AXIS2_PLACEMENT_3D ( 'NONE', #4078, #5463, #247 ) ;
#3109 = AXIS2_PLACEMENT_3D ( 'NONE', #2868, #4460, #9104 ) ;
#3110 = DIRECTION ( 'NONE',  ( -0.000000000000000000, -1.000000000000000000, -0.000000000000000000 ) ) ;
#3111 = ADVANCED_FACE ( 'NONE', ( #8146 ), #4298, .T. ) ;
#3112 = AXIS2_PLACEMENT_3D ( 'NONE', #6031, #1500, #8384 ) ;
#3113 = DIRECTION ( 'NONE',  ( 0.000000000000000000, 0.000000000000000000, 1.000000000000000000 ) ) ;
#3114 = CIRCLE ( 'NONE', #8692, 19.87399999999006539 ) ;
#3115 = CARTESIAN_POINT ( 'NONE',  ( -150.0000000000000000, 5.000000000000000000, 20.24999999999999645 ) ) ;
#3116 = ORIENTED_EDGE ( 'NONE', *, *, #4881, .T. ) ;
#3117 = CARTESIAN_POINT ( 'NONE',  ( 170.0000000000000000, 5.000000000000000000, 50.00000000000000000 ) ) ;
#3118 = ORIENTED_EDGE ( 'NONE', *, *, #3464, .T. ) ;
#3119 = CARTESIAN_POINT ( 'NONE',  ( -0.1824479783621192619, -5.000000000000000000, 25.27079167095700640 ) ) ;
#3120 = FACE_OUTER_BOUND ( 'NONE', #6476, .T. ) ;
#3121 = DIRECTION ( 'NONE',  ( -0.000000000000000000, 1.000000000000000000, -0.000000000000000000 ) ) ;
#3122 = AXIS2_PLACEMENT_3D ( 'NONE', #4912, #8750, #3414 ) ;
#3123 = VECTOR ( 'NONE', #8004, 1000.000000000000000 ) ;
#3124 = VERTEX_POINT ( 'NONE', #1309 ) ;
#3125 = AXIS2_PLACEMENT_3D ( 'NONE', #290, #4154, #7963 ) ;
#3126 = EDGE_CURVE ( 'NONE', #7157, #4459, #6431, .T. ) ;
#3127 = ORIENTED_EDGE ( 'NONE', *, *, #5490, .T. ) ;
#3128 = DIRECTION ( 'NONE',  ( -0.000000000000000000, 1.000000000000000000, -0.000000000000000000 ) ) ;
#3129 = ORIENTED_EDGE ( 'NONE', *, *, #9520, .F. ) ;
#3130 = CARTESIAN_POINT ( 'NONE',  ( -42.41150082346220529, -5.000000000000000000, 43.50000000000000000 ) ) ;
#3131 = AXIS2_PLACEMENT_3D ( 'NONE', #3591, #3490, #8923 ) ;
#3132 = VERTEX_POINT ( 'NONE', #4547 ) ;
#3133 = CIRCLE ( 'NONE', #752, 8.699999999995645439 ) ;
#3134 = ORIENTED_EDGE ( 'NONE', *, *, #210, .F. ) ;
#3135 = FACE_OUTER_BOUND ( 'NONE', #4624, .T. ) ;
#3136 = CARTESIAN_POINT ( 'NONE',  ( 103.4901095901010422, -5.000000000000000000, 25.27079167095700640 ) ) ;
#3137 = ORIENTED_EDGE ( 'NONE', *, *, #668, .F. ) ;
#3138 = LINE ( 'NONE', #1594, #6005 ) ;
#3139 = EDGE_CURVE ( 'NONE', #2185, #2691, #8247, .T. ) ;
#3140 = ORIENTED_EDGE ( 'NONE', *, *, #6203, .T. ) ;
#3141 = VECTOR ( 'NONE', #5929, 1000.000000000000000 ) ;
#3142 = ORIENTED_EDGE ( 'NONE', *, *, #2708, .F. ) ;
#3143 = DIRECTION ( 'NONE',  ( 0.000000000000000000, 0.000000000000000000, 1.000000000000000000 ) ) ;
#3144 = AXIS2_PLACEMENT_3D ( 'NONE', #5874, #4281, #2049 ) ;
#3145 = LINE ( 'NONE', #3238, #5915 ) ;
#3146 = LINE ( 'NONE', #6280, #3424 ) ;
#3147 = DIRECTION ( 'NONE',  ( -0.000000000000000000, 1.000000000000000000, -0.000000000000000000 ) ) ;
#3148 = EDGE_CURVE ( 'NONE', #3551, #7105, #2166, .T. ) ;
#3149 = DIRECTION ( 'NONE',  ( 0.000000000000000000, 0.000000000000000000, 1.000000000000000000 ) ) ;
#3150 = ORIENTED_EDGE ( 'NONE', *, *, #7503, .T. ) ;
#3151 = VECTOR ( 'NONE', #2325, 1000.000000000000000 ) ;
#3152 = DIRECTION ( 'NONE',  ( 0.000000000000000000, 0.000000000000000000, 1.000000000000000000 ) ) ;
#3153 = VERTEX_POINT ( 'NONE', #711 ) ;
#3154 = LINE ( 'NONE', #6192, #685 ) ;
#3155 = CARTESIAN_POINT ( 'NONE',  ( -96.38506553698125856, -5.000000000000000000, 20.24999999999999289 ) ) ;
#3156 = PLANE ( 'NONE',  #6985 ) ;
#3157 = ORIENTED_EDGE ( 'NONE', *, *, #8584, .T. ) ;
#3158 = VERTEX_POINT ( 'NONE', #5890 ) ;
#3159 = AXIS2_PLACEMENT_3D ( 'NONE', #5742, #8790, #4759 ) ;
#3160 = CARTESIAN_POINT ( 'NONE',  ( -150.0000000000000000, -5.000000000000000000, 20.24999999999999645 ) ) ;
#3161 = EDGE_CURVE ( 'NONE', #1385, #1262, #1181, .T. ) ;
#3162 = DIRECTION ( 'NONE',  ( 1.000000000000000000, 0.000000000000000000, -1.272130549049658700E-16 ) ) ;
#3163 = EDGE_CURVE ( 'NONE', #1360, #5418, #9045, .T. ) ;
#3164 = CARTESIAN_POINT ( 'NONE',  ( 127.4169504487487359, -5.000000000000000000, 25.27079167095700996 ) ) ;
#3165 = EDGE_CURVE ( 'NONE', #3014, #8534, #9838, .T. ) ;
#3166 = DIRECTION ( 'NONE',  ( -0.000000000000000000, 1.000000000000000000, -0.000000000000000000 ) ) ;
#3167 = ORIENTED_EDGE ( 'NONE', *, *, #7514, .F. ) ;
#3168 = LINE ( 'NONE', #930, #8725 ) ;
#3169 = ORIENTED_EDGE ( 'NONE', *, *, #5464, .T. ) ;
#3170 = CARTESIAN_POINT ( 'NONE',  ( 109.0818265411519405, 5.000000000000000000, 23.63822177457588225 ) ) ;
#3171 = DIRECTION ( 'NONE',  ( 0.000000000000000000, 0.000000000000000000, 1.000000000000000000 ) ) ;
#3172 = EDGE_CURVE ( 'NONE', #3379, #4815, #7403, .T. ) ;
#3173 = CARTESIAN_POINT ( 'NONE',  ( 134.5219945018685337, -5.000000000000000000, 20.24999999999999289 ) ) ;
#3174 = ORIENTED_EDGE ( 'NONE', *, *, #6668, .T. ) ;
#3175 = ORIENTED_EDGE ( 'NONE', *, *, #797, .T. ) ;
#3176 = LINE ( 'NONE', #1831, #9009 ) ;
#3177 = VERTEX_POINT ( 'NONE', #621 ) ;
#3178 = DIRECTION ( 'NONE',  ( -0.000000000000000000, -1.000000000000000000, -0.000000000000000000 ) ) ;
#3179 = ORIENTED_EDGE ( 'NONE', *, *, #135, .T. ) ;
#3180 = ORIENTED_EDGE ( 'NONE', *, *, #2451, .T. ) ;
#3181 = EDGE_CURVE ( 'NONE', #7518, #7157, #7494, .T. ) ;
#3182 = LINE ( 'NONE', #8421, #4656 ) ;
#3183 = ADVANCED_FACE ( 'NONE', ( #3753 ), #66, .T. ) ;
#3184 = EDGE_CURVE ( 'NONE', #2185, #2278, #9787, .T. ) ;
#3185 = CARTESIAN_POINT ( 'NONE',  ( 148.2213443212128823, 5.000000000000000000, 20.24999999999995737 ) ) ;
#3186 = VERTEX_POINT ( 'NONE', #5289 ) ;
#3187 = EDGE_LOOP ( 'NONE', ( #8010, #5673, #3150, #1311 ) ) ;
#3188 = ORIENTED_EDGE ( 'NONE', *, *, #2333, .F. ) ;
#3189 = DIRECTION ( 'NONE',  ( 0.000000000000000000, 0.000000000000000000, 1.000000000000000000 ) ) ;
#3190 = ORIENTED_EDGE ( 'NONE', *, *, #7682, .F. ) ;
#3191 = EDGE_CURVE ( 'NONE', #7870, #6167, #8935, .T. ) ;
#3192 = DIRECTION ( 'NONE',  ( 0.000000000000000000, 0.000000000000000000, 1.000000000000000000 ) ) ;
#3193 = DIRECTION ( 'NONE',  ( -0.000000000000000000, -1.000000000000000000, -0.000000000000000000 ) ) ;
#3194 = DIRECTION ( 'NONE',  ( 0.000000000000000000, 0.000000000000000000, 1.000000000000000000 ) ) ;
#3195 = CYLINDRICAL_SURFACE ( 'NONE', #1387, 8.699999999995645439 ) ;
#3196 = ORIENTED_EDGE ( 'NONE', *, *, #8720, .T. ) ;
#3197 = DIRECTION ( 'NONE',  ( 0.000000000000000000, 0.000000000000000000, 1.000000000000000000 ) ) ;
#3198 = ORIENTED_EDGE ( 'NONE', *, *, #8219, .F. ) ;
#3199 = DIRECTION ( 'NONE',  ( -0.000000000000000000, -1.000000000000000000, 0.000000000000000000 ) ) ;
#3200 = DIRECTION ( 'NONE',  ( 0.000000000000000000, 0.000000000000000000, 1.000000000000000000 ) ) ;
#3201 = CARTESIAN_POINT ( 'NONE',  ( 46.94144182548478028, -5.000000000000000000, 25.27079167095700640 ) ) ;
#3202 = CIRCLE ( 'NONE', #6871, 8.699999999995648992 ) ;
#3203 = ORIENTED_EDGE ( 'NONE', *, *, #3945, .F. ) ;
#3204 = DIRECTION ( 'NONE',  ( -0.000000000000000000, 1.000000000000000000, -0.000000000000000000 ) ) ;
#3205 = LINE ( 'NONE', #3256, #4083 ) ;
#3206 = DIRECTION ( 'NONE',  ( -0.000000000000000000, -1.000000000000000000, -0.000000000000000000 ) ) ;
#3207 = EDGE_CURVE ( 'NONE', #9597, #2771, #9159, .T. ) ;
#3208 = CARTESIAN_POINT ( 'NONE',  ( -27.57745389000406178, 5.000000000000000000, 23.63822177457588225 ) ) ;
#3209 = ORIENTED_EDGE ( 'NONE', *, *, #7023, .F. ) ;
#3210 = CARTESIAN_POINT ( 'NONE',  ( -136.4768324527938717, -5.000000000000000000, 25.27079167095700996 ) ) ;
#3211 = CARTESIAN_POINT ( 'NONE',  ( -122.3396655116398080, -5.000000000000000000, 25.27079167095700996 ) ) ;
#3212 = ORIENTED_EDGE ( 'NONE', *, *, #6286, .F. ) ;
#3213 = DIRECTION ( 'NONE',  ( -0.000000000000000000, -1.000000000000000000, -0.000000000000000000 ) ) ;
#3214 = DIRECTION ( 'NONE',  ( 0.000000000000000000, 0.000000000000000000, 1.000000000000000000 ) ) ;
#3215 = EDGE_CURVE ( 'NONE', #658, #2969, #4529, .T. ) ;
#3216 = DIRECTION ( 'NONE',  ( 0.000000000000000000, -1.000000000000000000, 0.000000000000000000 ) ) ;
#3217 = VERTEX_POINT ( 'NONE', #6894 ) ;
#3218 = ORIENTED_EDGE ( 'NONE', *, *, #2855, .T. ) ;
#3219 = CARTESIAN_POINT ( 'NONE',  ( 37.51666386471540449, -5.000000000000000000, 25.27079167095700640 ) ) ;
#3220 = ADVANCED_FACE ( 'NONE', ( #766 ), #17, .F. ) ;
#3221 = ORIENTED_EDGE ( 'NONE', *, *, #3052, .F. ) ;
#3222 = CYLINDRICAL_SURFACE ( 'NONE', #7380, 8.699999999995645439 ) ;
#3223 = ORIENTED_EDGE ( 'NONE', *, *, #2566, .T. ) ;
#3224 = ORIENTED_EDGE ( 'NONE', *, *, #5166, .F. ) ;
#3225 = DIRECTION ( 'NONE',  ( -1.272130549049658700E-16, 0.000000000000000000, -1.000000000000000000 ) ) ;
#3226 = AXIS2_PLACEMENT_3D ( 'NONE', #9761, #600, #8964 ) ;
#3227 = FACE_OUTER_BOUND ( 'NONE', #8613, .T. ) ;
#3228 = EDGE_CURVE ( 'NONE', #9064, #5292, #3732, .T. ) ;
#3229 = VERTEX_POINT ( 'NONE', #9136 ) ;
#3230 = ORIENTED_EDGE ( 'NONE', *, *, #6441, .T. ) ;
#3231 = ADVANCED_FACE ( 'NONE', ( #2308 ), #4402, .T. ) ;
#3232 = AXIS2_PLACEMENT_3D ( 'NONE', #2406, #213, #170 ) ;
#3233 = EDGE_CURVE ( 'NONE', #6676, #5640, #1566, .T. ) ;
#3234 = AXIS2_PLACEMENT_3D ( 'NONE', #7798, #6994, #3197 ) ;
#3235 = ORIENTED_EDGE ( 'NONE', *, *, #5490, .F. ) ;
#3236 = CARTESIAN_POINT ( 'NONE',  ( 170.0000000000000000, 5.000000000000000000, 51.59999999999999432 ) ) ;
#3237 = ORIENTED_EDGE ( 'NONE', *, *, #6836, .T. ) ;
#3238 = CARTESIAN_POINT ( 'NONE',  ( -24.25882489422752641, -5.000000000000000000, 23.63822177457588225 ) ) ;
#3239 = DIRECTION ( 'NONE',  ( -1.272130549049658700E-16, 0.000000000000000000, -1.000000000000000000 ) ) ;
#3240 = DIRECTION ( 'NONE',  ( -0.000000000000000000, 1.000000000000000000, -0.000000000000000000 ) ) ;
#3241 = VECTOR ( 'NONE', #2053, 1000.000000000000000 ) ;
#3242 = AXIS2_PLACEMENT_3D ( 'NONE', #6610, #2721, #7310 ) ;
#3243 = CARTESIAN_POINT ( 'NONE',  ( -61.95793673730505446, -5.000000000000000000, 23.63822177457588225 ) ) ;
#3244 = ORIENTED_EDGE ( 'NONE', *, *, #1847, .T. ) ;
#3245 = EDGE_CURVE ( 'NONE', #7737, #5504, #6693, .T. ) ;
#3247 = DIRECTION ( 'NONE',  ( 0.000000000000000000, 0.000000000000000000, 1.000000000000000000 ) ) ;
#3246 = CIRCLE ( 'NONE', #5466, 8.699999999995645439 ) ;
#3248 = ORIENTED_EDGE ( 'NONE', *, *, #8279, .F. ) ;
#3249 = CIRCLE ( 'NONE', #3717, 8.699999999995645439 ) ;
#3250 = DIRECTION ( 'NONE',  ( 0.000000000000000000, 0.000000000000000000, 1.000000000000000000 ) ) ;
#3251 = CARTESIAN_POINT ( 'NONE',  ( 136.4768324527938717, -5.000000000000000000, 25.27079167095700640 ) ) ;
#3252 = LINE ( 'NONE', #9190, #5163 ) ;
#3253 = DIRECTION ( 'NONE',  ( -0.000000000000000000, -1.000000000000000000, -0.000000000000000000 ) ) ;
#3254 = VERTEX_POINT ( 'NONE', #5390 ) ;
#3255 = LINE ( 'NONE', #1614, #9470 ) ;
#3256 = CARTESIAN_POINT ( 'NONE',  ( -105.8098434977506486, -5.000000000000000000, 20.24999999999999289 ) ) ;
#3257 = AXIS2_PLACEMENT_3D ( 'NONE', #8554, #8645, #6309 ) ;
#3258 = AXIS2_PLACEMENT_3D ( 'NONE', #1011, #5542, #4845 ) ;
#3259 = EDGE_CURVE ( 'NONE', #9328, #9661, #3252, .T. ) ;
#3260 = CARTESIAN_POINT ( 'NONE',  ( 160.0000000000000000, -5.000000000000000000, 60.00000000000000000 ) ) ;
#3261 = CARTESIAN_POINT ( 'NONE',  ( 4.894836958746805244, -5.000000000000000000, 25.27079167095700996 ) ) ;
#3262 = ORIENTED_EDGE ( 'NONE', *, *, #4891, .F. ) ;
#3263 = AXIS2_PLACEMENT_3D ( 'NONE', #6588, #3783, #6540 ) ;
#3264 = DIRECTION ( 'NONE',  ( -0.000000000000000000, 1.000000000000000000, -0.000000000000000000 ) ) ;
#3265 = PLANE ( 'NONE',  #1727 ) ;
#3266 = CIRCLE ( 'NONE', #876, 19.87399999999006539 ) ;
#3267 = VERTEX_POINT ( 'NONE', #124 ) ;
#3268 = DIRECTION ( 'NONE',  ( -1.000000000000000000, 0.000000000000000000, 1.272130549049658700E-16 ) ) ;
#3269 = DIRECTION ( 'NONE',  ( 0.000000000000000000, 0.000000000000000000, 1.000000000000000000 ) ) ;
#3270 = DIRECTION ( 'NONE',  ( -0.000000000000000000, 1.000000000000000000, -0.000000000000000000 ) ) ;
#3271 = EDGE_CURVE ( 'NONE', #5378, #9214, #5005, .T. ) ;
#3272 = EDGE_LOOP ( 'NONE', ( #4443, #1935, #8623, #4974 ) ) ;
#3273 = CIRCLE ( 'NONE', #1848, 19.87399999999006539 ) ;
#3274 = ORIENTED_EDGE ( 'NONE', *, *, #5126, .T. ) ;
#3275 = AXIS2_PLACEMENT_3D ( 'NONE', #7850, #9435, #1111 ) ;
#3276 = AXIS2_PLACEMENT_3D ( 'NONE', #5556, #8602, #2672 ) ;
#3277 = CARTESIAN_POINT ( 'NONE',  ( 122.5221134900019280, 5.000000000000000000, 43.50000000000000000 ) ) ;
#3278 = EDGE_LOOP ( 'NONE', ( #4365, #8703, #277, #2529 ) ) ;
#3279 = DIRECTION ( 'NONE',  ( -0.000000000000000000, -1.000000000000000000, -0.000000000000000000 ) ) ;
#3280 = ORIENTED_EDGE ( 'NONE', *, *, #6544, .T. ) ;
#3281 = EDGE_LOOP ( 'NONE', ( #8863, #3174, #8959, #4502 ) ) ;
#3282 = AXIS2_PLACEMENT_3D ( 'NONE', #1083, #2071, #3465 ) ;
#3283 = VECTOR ( 'NONE', #5905, 1000.000000000000000 ) ;
#3284 = LINE ( 'NONE', #4667, #8168 ) ;
#3285 = DIRECTION ( 'NONE',  ( -0.000000000000000000, 1.000000000000000000, -0.000000000000000000 ) ) ;
#3286 = ADVANCED_FACE ( 'NONE', ( #7093 ), #6238, .T. ) ;
#3287 = EDGE_LOOP ( 'NONE', ( #3645, #4166, #960, #7757 ) ) ;
#3288 = ORIENTED_EDGE ( 'NONE', *, *, #3788, .F. ) ;
#3289 = CIRCLE ( 'NONE', #3853, 8.699999999995645439 ) ;
#3290 = AXIS2_PLACEMENT_3D ( 'NONE', #7349, #1883, #3463 ) ;
#3291 = VERTEX_POINT ( 'NONE', #3155 ) ;
#3292 = EDGE_CURVE ( 'NONE', #6264, #2401, #2312, .T. ) ;
#3293 = DIRECTION ( 'NONE',  ( 0.000000000000000000, 0.000000000000000000, 1.000000000000000000 ) ) ;
#3294 = VERTEX_POINT ( 'NONE', #1010 ) ;
#3295 = DIRECTION ( 'NONE',  ( 0.000000000000000000, 0.000000000000000000, 1.000000000000000000 ) ) ;
#3296 = CARTESIAN_POINT ( 'NONE',  ( -113.2797835075946722, -5.000000000000000000, 25.27079167095700640 ) ) ;
#3297 = EDGE_CURVE ( 'NONE', #1400, #1244, #6763, .T. ) ;
#3298 = LINE ( 'NONE', #9475, #1556 ) ;
#3299 = ORIENTED_EDGE ( 'NONE', *, *, #2144, .F. ) ;
#3300 = DIRECTION ( 'NONE',  ( -0.000000000000000000, -1.000000000000000000, -0.000000000000000000 ) ) ;
#3301 = VERTEX_POINT ( 'NONE', #2407 ) ;
#3302 = AXIS2_PLACEMENT_3D ( 'NONE', #8769, #261, #3437 ) ;
#3303 = DIRECTION ( 'NONE',  ( 0.000000000000000000, 0.000000000000000000, 1.000000000000000000 ) ) ;
#3304 = CARTESIAN_POINT ( 'NONE',  ( 126.5376224780825396, -5.000000000000000000, 23.63822177457588225 ) ) ;
#3305 = CARTESIAN_POINT ( 'NONE',  ( -131.2500114584672417, 5.000000000000000000, 23.63822177457588225 ) ) ;
#3306 = CARTESIAN_POINT ( 'NONE',  ( 105.8098434977506628, 5.000000000000000000, 20.24999999999996447 ) ) ;
#3307 = VERTEX_POINT ( 'NONE', #7144 ) ;
#3308 = EDGE_CURVE ( 'NONE', #5136, #1262, #6997, .T. ) ;
#3309 = CARTESIAN_POINT ( 'NONE',  ( 71.38271469807442315, -5.000000000000000000, 23.63822177457588225 ) ) ;
#3310 = EDGE_CURVE ( 'NONE', #3044, #3177, #8362, .T. ) ;
#3311 = DIRECTION ( 'NONE',  ( 1.272130549049658700E-16, -0.000000000000000000, 1.000000000000000000 ) ) ;
#3312 = DIRECTION ( 'NONE',  ( 0.000000000000000000, 0.000000000000000000, 1.000000000000000000 ) ) ;
#3313 = CARTESIAN_POINT ( 'NONE',  ( -127.2345024703866159, 5.000000000000000000, 43.50000000000000000 ) ) ;
#3314 = EDGE_LOOP ( 'NONE', ( #7968, #9298, #6801, #2722 ) ) ;
#3315 = DIRECTION ( 'NONE',  ( -0.000000000000000000, 1.000000000000000000, -0.000000000000000000 ) ) ;
#3316 = CARTESIAN_POINT ( 'NONE',  ( -4.529941002022574104, 5.000000000000000000, 25.27079167095700996 ) ) ;
#3317 = ORIENTED_EDGE ( 'NONE', *, *, #9582, .T. ) ;
#3318 = EDGE_CURVE ( 'NONE', #9103, #371, #5584, .T. ) ;
#3319 = CARTESIAN_POINT ( 'NONE',  ( -79.41373267423566062, -5.000000000000000000, 23.63822177457588225 ) ) ;
#3320 = CARTESIAN_POINT ( 'NONE',  ( 96.38506553698125856, -5.000000000000000000, 20.24999999999999289 ) ) ;
#3321 = CARTESIAN_POINT ( 'NONE',  ( 127.4169504487487359, 5.000000000000000000, 25.27079167095700996 ) ) ;
#3322 = ORIENTED_EDGE ( 'NONE', *, *, #5549, .F. ) ;
#3323 = EDGE_LOOP ( 'NONE', ( #3221, #7673, #7470, #4735 ) ) ;
#3324 = VECTOR ( 'NONE', #286, 1000.000000000000000 ) ;
#3325 = LINE ( 'NONE', #6364, #9492 ) ;
#3326 = ORIENTED_EDGE ( 'NONE', *, *, #710, .T. ) ;
#3327 = DIRECTION ( 'NONE',  ( -1.272130549049658700E-16, 0.000000000000000000, -1.000000000000000000 ) ) ;
#3328 = ORIENTED_EDGE ( 'NONE', *, *, #9482, .F. ) ;
#3329 = ORIENTED_EDGE ( 'NONE', *, *, #3789, .F. ) ;
#3330 = LINE ( 'NONE', #1692, #6085 ) ;
#3331 = CARTESIAN_POINT ( 'NONE',  ( 11.56206389005684798, -5.000000000000000000, 20.24999999999999289 ) ) ;
#3332 = EDGE_LOOP ( 'NONE', ( #8732, #4229, #9174, #3069 ) ) ;
#3333 = ORIENTED_EDGE ( 'NONE', *, *, #9173, .T. ) ;
#3334 = VERTEX_POINT ( 'NONE', #3305 ) ;
#3335 = EDGE_CURVE ( 'NONE', #4998, #2688, #5434, .T. ) ;
#3336 = DIRECTION ( 'NONE',  ( -0.000000000000000000, 1.000000000000000000, -0.000000000000000000 ) ) ;
#3337 = ORIENTED_EDGE ( 'NONE', *, *, #6023, .T. ) ;
#3338 = DIRECTION ( 'NONE',  ( -0.000000000000000000, 1.000000000000000000, -0.000000000000000000 ) ) ;
#3339 = DIRECTION ( 'NONE',  ( -0.000000000000000000, -1.000000000000000000, -0.000000000000000000 ) ) ;
#3340 = EDGE_CURVE ( 'NONE', #2933, #446, #6145, .T. ) ;
#3341 = CARTESIAN_POINT ( 'NONE',  ( -110.5222324781353365, -5.000000000000000000, 20.24999999999999289 ) ) ;
#3342 = VERTEX_POINT ( 'NONE', #3994 ) ;
#3343 = CARTESIAN_POINT ( 'NONE',  ( 44.54878675274967748, -5.000000000000000000, 20.24999999999999289 ) ) ;
#3344 = ORIENTED_EDGE ( 'NONE', *, *, #1160, .T. ) ;
#3345 = EDGE_CURVE ( 'NONE', #617, #306, #6347, .T. ) ;
#3346 = CARTESIAN_POINT ( 'NONE',  ( -61.07860876663885819, -5.000000000000000000, 25.27079167095700996 ) ) ;
#3347 = CARTESIAN_POINT ( 'NONE',  ( 134.0841773800588044, 5.000000000000000000, 20.24999999999996092 ) ) ;
#3348 = CARTESIAN_POINT ( 'NONE',  ( -115.2346214585200244, -5.000000000000000000, 20.24999999999999289 ) ) ;
#3349 = CARTESIAN_POINT ( 'NONE',  ( -98.26328859577442643, 5.000000000000000000, 23.63822177457588225 ) ) ;
#3350 = DIRECTION ( 'NONE',  ( -0.000000000000000000, -1.000000000000000000, -0.000000000000000000 ) ) ;
#3351 = DIRECTION ( 'NONE',  ( 0.000000000000000000, 0.000000000000000000, 1.000000000000000000 ) ) ;
#3352 = DIRECTION ( 'NONE',  ( -1.000000000000000000, 0.000000000000000000, 1.272130549049658700E-16 ) ) ;
#3353 = EDGE_CURVE ( 'NONE', #1262, #2589, #9341, .T. ) ;
#3354 = FACE_OUTER_BOUND ( 'NONE', #4039, .T. ) ;
#3355 = EDGE_CURVE ( 'NONE', #9328, #5587, #216, .T. ) ;
#3356 = DIRECTION ( 'NONE',  ( -0.000000000000000000, -1.000000000000000000, -0.000000000000000000 ) ) ;
#3357 = VERTEX_POINT ( 'NONE', #8589 ) ;
#3358 = CARTESIAN_POINT ( 'NONE',  ( -159.9999999999999716, 5.000000000000000000, 29.89999999999999503 ) ) ;
#3359 = DIRECTION ( 'NONE',  ( 0.000000000000000000, 0.000000000000000000, 1.000000000000000000 ) ) ;
#3360 = ORIENTED_EDGE ( 'NONE', *, *, #7734, .F. ) ;
#3361 = FACE_OUTER_BOUND ( 'NONE', #7478, .T. ) ;
#3362 = CARTESIAN_POINT ( 'NONE',  ( 9.242329982407259337, 5.000000000000000000, 25.27079167095700640 ) ) ;
#3363 = DIRECTION ( 'NONE',  ( 0.000000000000000000, 1.000000000000000000, -0.000000000000000000 ) ) ;
#3364 = AXIS2_PLACEMENT_3D ( 'NONE', #1240, #7319, #7975 ) ;
#3365 = EDGE_CURVE ( 'NONE', #8052, #1681, #9389, .T. ) ;
#3366 = CARTESIAN_POINT ( 'NONE',  ( -47.82076979615097656, -5.000000000000000000, 23.63822177457588225 ) ) ;
#3367 = CARTESIAN_POINT ( 'NONE',  ( 159.0000000000000000, -5.000000000000000000, 40.89999999999999858 ) ) ;
#3368 = EDGE_LOOP ( 'NONE', ( #2444, #2697, #2050, #5876, #2804, #316, #7498, #9514, #7077, #5571, #8044, #6577, #7574, #9557, #7843, #258, #98, #1050, #8241, #9149, #754, #7654, #1612, #299, #5784, #2360, #951, #4045, #8718, #7624, #4142, #8954, #8564, #4602, #890, #8440, #3974, #9088, #3134, #8015, #4566, #4015, #1196, #4478, #1392, #7212, #8154, #9606, #8412, #2198, #3865, #9730, #9118, #516, #8285, #2019, #2346, #7079, #903, #8607, #3083, #735, #8657, #106, #1268, #1584, #38, #3198, #473, #1036, #3429, #4579, #1479, #5240, #6887, #9831, #5624, #7570, #7290, #2668, #1952, #3631, #6821, #3944, #4883, #4788, #3563, #8870, #4869, #5751, #4964, #8458, #104, #9457, #397, #4152, #6376, #8700, #4384, #5162, #7390, #6503, #4525, #5108, #8266, #6557, #9480, #2693, #4956, #5410, #4649, #7304, #3137, #1800, #2380, #2821, #881, #1679, #9735, #8436, #4360, #1442, #844, #9837, #2244, #5081, #6222, #1845, #4373, #725, #7520, #1709, #3662, #5270, #2161, #2680, #2424, #9544, #1187, #5093, #4079, #1093, #2262, #5146, #2777, #2044, #2135, #9011, #7297, #2712, #434, #2655, #1927, #5011, #7197, #448, #12, #8156, #1077, #1962, #1894, #2975, #1095, #2507, #5456, #2760, #8416, #1200, #787, #7704, #9074, #8538, #8846, #9541, #3235, #7745, #6721, #7194, #835, #8948, #7060, #2911, #4640, #1754, #2494, #2476, #3969, #7983, #7732, #8032, #7681, #6851, #1390, #6082, #4108, #6329, #9277, #7821, #7630, #436, #4430, #8302, #3095, #8842, #5877, #7515, #5310, #9574, #2836, #2196, #8141, #935, #6876, #7368, #422, #1274, #4398, #6398, #6482, #2895, #2482, #8114, #6833, #3468, #7493, #5704, #6713, #9409, #4672, #7916, #480, #9692, #713, #7931, #6983, #8332, #2781, #8746, #3588, #4915, #898, #2732, #7867, #5304, #3299, #491, #7434, #2936, #9253, #4276, #1320, #911, #5773, #3773, #940, #8913, #1939, #8214, #2392, #7810 ) ) ;
#3369 = ORIENTED_EDGE ( 'NONE', *, *, #7667, .F. ) ;
#3370 = DIRECTION ( 'NONE',  ( 0.000000000000000000, 0.000000000000000000, 1.000000000000000000 ) ) ;
#3371 = DIRECTION ( 'NONE',  ( 0.000000000000000000, 0.000000000000000000, 1.000000000000000000 ) ) ;
#3372 = ORIENTED_EDGE ( 'NONE', *, *, #2433, .F. ) ;
#3373 = ORIENTED_EDGE ( 'NONE', *, *, #9696, .F. ) ;
#3374 = ADVANCED_FACE ( 'NONE', ( #4638 ), #8438, .T. ) ;
#3375 = DIRECTION ( 'NONE',  ( -0.000000000000000000, 1.000000000000000000, -0.000000000000000000 ) ) ;
#3376 = ORIENTED_EDGE ( 'NONE', *, *, #8095, .T. ) ;
#3377 = CIRCLE ( 'NONE', #3687, 19.87399999999006539 ) ;
#3378 = LINE ( 'NONE', #257, #8665 ) ;
#3379 = VERTEX_POINT ( 'NONE', #1609 ) ;
#3380 = DIRECTION ( 'NONE',  ( -0.000000000000000000, 1.000000000000000000, -0.000000000000000000 ) ) ;
#3381 = CYLINDRICAL_SURFACE ( 'NONE', #2331, 8.699999999995645439 ) ;
#3382 = FACE_OUTER_BOUND ( 'NONE', #7543, .T. ) ;
#3383 = AXIS2_PLACEMENT_3D ( 'NONE', #7692, #1714, #7800 ) ;
#3384 = ORIENTED_EDGE ( 'NONE', *, *, #2039, .T. ) ;
#3385 = ADVANCED_FACE ( 'NONE', ( #861 ), #3897, .T. ) ;
#3386 = VECTOR ( 'NONE', #7877, 1000.000000000000000 ) ;
#3387 = ORIENTED_EDGE ( 'NONE', *, *, #9601, .F. ) ;
#3388 = DIRECTION ( 'NONE',  ( 0.000000000000000000, 0.000000000000000000, 1.000000000000000000 ) ) ;
#3389 = VECTOR ( 'NONE', #3638, 1000.000000000000000 ) ;
#3391 = AXIS2_PLACEMENT_3D ( 'NONE', #2780, #2876, #6524 ) ;
#3390 = FACE_OUTER_BOUND ( 'NONE', #6365, .T. ) ;
#3392 = CARTESIAN_POINT ( 'NONE',  ( 39.83639777236498958, -5.000000000000000000, 20.24999999999999289 ) ) ;
#3393 = DIRECTION ( 'NONE',  ( -0.000000000000000000, -1.000000000000000000, -0.000000000000000000 ) ) ;
#3394 = ORIENTED_EDGE ( 'NONE', *, *, #6770, .T. ) ;
#3395 = DIRECTION ( 'NONE',  ( 1.000000000000000000, 0.000000000000000000, -1.272130549049658700E-16 ) ) ;
#3396 = LINE ( 'NONE', #5634, #4238 ) ;
#3397 = ADVANCED_FACE ( 'NONE', ( #2003 ), #7185, .T. ) ;
#3398 = AXIS2_PLACEMENT_3D ( 'NONE', #3087, #7640, #3189 ) ;
#3399 = CARTESIAN_POINT ( 'NONE',  ( -33.68360285499691287, -5.000000000000000000, 23.63822177457588225 ) ) ;
#3400 = CARTESIAN_POINT ( 'NONE',  ( 139.2343834822532358, -5.000000000000000000, 20.24999999999999289 ) ) ;
#3401 = ORIENTED_EDGE ( 'NONE', *, *, #8592, .T. ) ;
#3402 = EDGE_CURVE ( 'NONE', #2662, #7006, #2938, .T. ) ;
#3403 = DIRECTION ( 'NONE',  ( 0.000000000000000000, 0.000000000000000000, 1.000000000000000000 ) ) ;
#3404 = CARTESIAN_POINT ( 'NONE',  ( -150.0000000000000000, -5.000000000000000000, 20.24999999999999645 ) ) ;
#3405 = ORIENTED_EDGE ( 'NONE', *, *, #3895, .F. ) ;
#3406 = VECTOR ( 'NONE', #2958, 1000.000000000000000 ) ;
#3407 = LINE ( 'NONE', #5647, #885 ) ;
#3408 = DIRECTION ( 'NONE',  ( 0.000000000000000000, 0.000000000000000000, 1.000000000000000000 ) ) ;
#3409 = AXIS2_PLACEMENT_3D ( 'NONE', #27, #2322, #7557 ) ;
#3410 = AXIS2_PLACEMENT_3D ( 'NONE', #9235, #8487, #1659 ) ;
#3411 = DIRECTION ( 'NONE',  ( -0.000000000000000000, 1.000000000000000000, -0.000000000000000000 ) ) ;
#3412 = EDGE_CURVE ( 'NONE', #2438, #6236, #6584, .T. ) ;
#3413 = AXIS2_PLACEMENT_3D ( 'NONE', #8880, #4240, #6437 ) ;
#3414 = DIRECTION ( 'NONE',  ( 0.000000000000000000, 0.000000000000000000, 1.000000000000000000 ) ) ;
#3415 = CIRCLE ( 'NONE', #1832, 19.87399999999006539 ) ;
#3416 = AXIS2_PLACEMENT_3D ( 'NONE', #8283, #6791, #5985 ) ;
#3417 = DIRECTION ( 'NONE',  ( -0.000000000000000000, 1.000000000000000000, -0.000000000000000000 ) ) ;
#3418 = ORIENTED_EDGE ( 'NONE', *, *, #5894, .T. ) ;
#3419 = VERTEX_POINT ( 'NONE', #502 ) ;
#3420 = LINE ( 'NONE', #1233, #5803 ) ;
#3421 = CARTESIAN_POINT ( 'NONE',  ( 19.54643591384283496, -5.000000000000000000, 23.63822177457588225 ) ) ;
#3422 = CARTESIAN_POINT ( 'NONE',  ( -52.01872676259370820, 5.000000000000000000, 25.27079167095700640 ) ) ;
#3423 = EDGE_CURVE ( 'NONE', #298, #2300, #5085, .T. ) ;
#3424 = VECTOR ( 'NONE', #801, 1000.000000000000000 ) ;
#3425 = VERTEX_POINT ( 'NONE', #3535 ) ;
#3426 = AXIS2_PLACEMENT_3D ( 'NONE', #8451, #185, #8409 ) ;
#3427 = ORIENTED_EDGE ( 'NONE', *, *, #613, .T. ) ;
#3428 = CARTESIAN_POINT ( 'NONE',  ( 170.0000000000000000, -5.000000000000000000, 49.99999999999999289 ) ) ;
#3429 = ORIENTED_EDGE ( 'NONE', *, *, #4616, .F. ) ;
#3430 = CIRCLE ( 'NONE', #5652, 8.699999999995648992 ) ;
#3431 = VECTOR ( 'NONE', #1531, 1000.000000000000000 ) ;
#3432 = DIRECTION ( 'NONE',  ( -0.000000000000000000, -1.000000000000000000, -0.000000000000000000 ) ) ;
#3433 = VERTEX_POINT ( 'NONE', #8135 ) ;
#3434 = DIRECTION ( 'NONE',  ( -0.000000000000000000, 1.000000000000000000, -0.000000000000000000 ) ) ;
#3435 = LINE ( 'NONE', #6381, #7258 ) ;
#3436 = EDGE_CURVE ( 'NONE', #8441, #8052, #9630, .T. ) ;
#3437 = DIRECTION ( 'NONE',  ( 0.000000000000000000, 0.000000000000000000, 1.000000000000000000 ) ) ;
#3438 = AXIS2_PLACEMENT_3D ( 'NONE', #382, #5801, #4953 ) ;
#3439 = ORIENTED_EDGE ( 'NONE', *, *, #2678, .F. ) ;
#3440 = VECTOR ( 'NONE', #9449, 1000.000000000000000 ) ;
#3441 = AXIS2_PLACEMENT_3D ( 'NONE', #1466, #7549, #6806 ) ;
#3442 = VERTEX_POINT ( 'NONE', #4895 ) ;
#3443 = LINE ( 'NONE', #6491, #4662 ) ;
#3444 = AXIS2_PLACEMENT_3D ( 'NONE', #8042, #1210, #7293 ) ;
#3445 = ADVANCED_FACE ( 'NONE', ( #2055 ), #1909, .T. ) ;
#3446 = PLANE ( 'NONE',  #3131 ) ;
#3447 = DIRECTION ( 'NONE',  ( 0.000000000000000000, 0.000000000000000000, 1.000000000000000000 ) ) ;
#3448 = CARTESIAN_POINT ( 'NONE',  ( -75.39822368615503478, 5.000000000000000000, 43.50000000000000000 ) ) ;
#3449 = EDGE_LOOP ( 'NONE', ( #4565, #5664, #5459, #9269 ) ) ;
#3450 = CYLINDRICAL_SURFACE ( 'NONE', #7894, 19.87399999999006539 ) ;
#3451 = DIRECTION ( 'NONE',  ( -0.000000000000000000, -1.000000000000000000, -0.000000000000000000 ) ) ;
#3452 = CIRCLE ( 'NONE', #4096, 8.699999999995648992 ) ;
#3453 = DIRECTION ( 'NONE',  ( 0.000000000000000000, 0.000000000000000000, 1.000000000000000000 ) ) ;
#3454 = DIRECTION ( 'NONE',  ( -0.000000000000000000, -1.000000000000000000, -0.000000000000000000 ) ) ;
#3455 = VERTEX_POINT ( 'NONE', #7234 ) ;
#3456 = EDGE_CURVE ( 'NONE', #1569, #1419, #4376, .T. ) ;
#3457 = LINE ( 'NONE', #9542, #8821 ) ;
#3458 = CARTESIAN_POINT ( 'NONE',  ( -150.0000000000000000, -5.000000000000000000, 20.24999999999999645 ) ) ;
#3459 = ORIENTED_EDGE ( 'NONE', *, *, #4390, .T. ) ;
#3460 = FACE_OUTER_BOUND ( 'NONE', #8791, .T. ) ;
#3461 = VECTOR ( 'NONE', #6025, 1000.000000000000000 ) ;
#3462 = CYLINDRICAL_SURFACE ( 'NONE', #874, 8.699999999995648992 ) ;
#3463 = DIRECTION ( 'NONE',  ( -1.000000000000000000, 0.000000000000000000, 1.272130549049658700E-16 ) ) ;
#3464 = EDGE_CURVE ( 'NONE', #4125, #4520, #9484, .T. ) ;
#3465 = DIRECTION ( 'NONE',  ( 0.000000000000000000, 0.000000000000000000, 1.000000000000000000 ) ) ;
#3466 = VECTOR ( 'NONE', #1759, 1000.000000000000000 ) ;
#3467 = DIRECTION ( 'NONE',  ( 0.000000000000000000, 0.000000000000000000, 1.000000000000000000 ) ) ;
#3468 = ORIENTED_EDGE ( 'NONE', *, *, #6749, .F. ) ;
#3469 = ADVANCED_FACE ( 'NONE', ( #4333 ), #8775, .F. ) ;
#3470 = ORIENTED_EDGE ( 'NONE', *, *, #3163, .F. ) ;
#3471 = CARTESIAN_POINT ( 'NONE',  ( -2.575103051097219709, -5.000000000000000000, 20.24999999999999289 ) ) ;
#3472 = CARTESIAN_POINT ( 'NONE',  ( 61.44350472336309110, -5.000000000000000000, 25.27079167095700996 ) ) ;
#3473 = CARTESIAN_POINT ( 'NONE',  ( -150.0000000000000000, 5.000000000000000000, 20.24999999999999645 ) ) ;
#3474 = AXIS2_PLACEMENT_3D ( 'NONE', #2167, #5052, #6741 ) ;
#3475 = ORIENTED_EDGE ( 'NONE', *, *, #3039, .T. ) ;
#3476 = ORIENTED_EDGE ( 'NONE', *, *, #7241, .F. ) ;
#3477 = CYLINDRICAL_SURFACE ( 'NONE', #2250, 19.87399999999006539 ) ;
#3478 = EDGE_CURVE ( 'NONE', #118, #1360, #6931, .T. ) ;
#3479 = ORIENTED_EDGE ( 'NONE', *, *, #222, .T. ) ;
#3480 = EDGE_CURVE ( 'NONE', #8630, #1630, #1203, .T. ) ;
#3481 = PLANE ( 'NONE',  #1497 ) ;
#3482 = VERTEX_POINT ( 'NONE', #3348 ) ;
#3483 = CARTESIAN_POINT ( 'NONE',  ( -42.22905284510009238, 5.000000000000000000, 25.27079167095700996 ) ) ;
#3484 = DIRECTION ( 'NONE',  ( 0.000000000000000000, 0.000000000000000000, 1.000000000000000000 ) ) ;
#3485 = DIRECTION ( 'NONE',  ( -0.000000000000000000, 1.000000000000000000, -0.000000000000000000 ) ) ;
#3486 = ORIENTED_EDGE ( 'NONE', *, *, #2006, .T. ) ;
#3487 = EDGE_CURVE ( 'NONE', #2372, #3357, #4140, .T. ) ;
#3488 = VERTEX_POINT ( 'NONE', #1255 ) ;
#3489 = LINE ( 'NONE', #6535, #9450 ) ;
#3490 = DIRECTION ( 'NONE',  ( -1.272130549049658700E-16, 0.000000000000000000, -1.000000000000000000 ) ) ;
#3491 = CARTESIAN_POINT ( 'NONE',  ( 90.23227061961317474, -5.000000000000000000, 23.63822177457588225 ) ) ;
#3492 = CARTESIAN_POINT ( 'NONE',  ( 150.0000000000000000, 5.000000000000000000, 19.24999999999995737 ) ) ;
#3493 = ORIENTED_EDGE ( 'NONE', *, *, #1806, .T. ) ;
#3494 = DIRECTION ( 'NONE',  ( 0.000000000000000000, 0.000000000000000000, 1.000000000000000000 ) ) ;
#3495 = FACE_OUTER_BOUND ( 'NONE', #1904, .T. ) ;
#3496 = VERTEX_POINT ( 'NONE', #7334 ) ;
#3497 = DIRECTION ( 'NONE',  ( -0.000000000000000000, -1.000000000000000000, -0.000000000000000000 ) ) ;
#3498 = EDGE_LOOP ( 'NONE', ( #1911, #2902, #5049, #8933 ) ) ;
#3499 = CARTESIAN_POINT ( 'NONE',  ( 51.13939879192750482, -5.000000000000000000, 23.63822177457588225 ) ) ;
#3500 = VERTEX_POINT ( 'NONE', #3392 ) ;
#3501 = DIRECTION ( 'NONE',  ( 0.000000000000000000, 0.000000000000000000, 1.000000000000000000 ) ) ;
#3502 = CARTESIAN_POINT ( 'NONE',  ( 125.0972165410991437, -5.000000000000000000, 20.24999999999999289 ) ) ;
#3503 = CIRCLE ( 'NONE', #7669, 8.699999999995645439 ) ;
#3504 = ORIENTED_EDGE ( 'NONE', *, *, #1819, .F. ) ;
#3505 = CARTESIAN_POINT ( 'NONE',  ( -40.27421489417474021, -5.000000000000000000, 20.24999999999999289 ) ) ;
#3506 = CARTESIAN_POINT ( 'NONE',  ( -58.68595369390374827, 5.000000000000000000, 20.24999999999999289 ) ) ;
#3507 = LINE ( 'NONE', #1968, #7753 ) ;
#3508 = EDGE_CURVE ( 'NONE', #8986, #7274, #882, .T. ) ;
#3509 = AXIS2_PLACEMENT_3D ( 'NONE', #1667, #7762, #6245 ) ;
#3510 = DIRECTION ( 'NONE',  ( -1.000000000000000000, 0.000000000000000000, 0.000000000000000000 ) ) ;
#3511 = DIRECTION ( 'NONE',  ( 0.000000000000000000, 0.000000000000000000, 1.000000000000000000 ) ) ;
#3512 = ORIENTED_EDGE ( 'NONE', *, *, #3711, .F. ) ;
#3513 = ORIENTED_EDGE ( 'NONE', *, *, #8780, .F. ) ;
#3514 = CARTESIAN_POINT ( 'NONE',  ( 149.0000000000000000, -5.000000000000000000, -25.00000000000000355 ) ) ;
#3515 = CARTESIAN_POINT ( 'NONE',  ( -0.6968799923040804867, 5.000000000000000000, 23.63822177457588225 ) ) ;
#3516 = CIRCLE ( 'NONE', #7342, 1.599999999999990319 ) ;
#3517 = FACE_OUTER_BOUND ( 'NONE', #3278, .T. ) ;
#3518 = ORIENTED_EDGE ( 'NONE', *, *, #8768, .T. ) ;
#3519 = VERTEX_POINT ( 'NONE', #3491 ) ;
#3520 = EDGE_CURVE ( 'NONE', #2865, #1803, #6537, .T. ) ;
#3521 = FACE_OUTER_BOUND ( 'NONE', #832, .T. ) ;
#3522 = DIRECTION ( 'NONE',  ( 0.000000000000000000, 0.000000000000000000, 1.000000000000000000 ) ) ;
#3523 = ORIENTED_EDGE ( 'NONE', *, *, #1884, .T. ) ;
#3524 = DIRECTION ( 'NONE',  ( 0.000000000000000000, 0.000000000000000000, 1.000000000000000000 ) ) ;
#3525 = ORIENTED_EDGE ( 'NONE', *, *, #9304, .F. ) ;
#3526 = EDGE_CURVE ( 'NONE', #3519, #3186, #6134, .T. ) ;
#3527 = CARTESIAN_POINT ( 'NONE',  ( -150.0000000000000000, -5.000000000000000000, 20.24999999999999645 ) ) ;
#3528 = CARTESIAN_POINT ( 'NONE',  ( 87.39810469802162629, 5.000000000000000000, 20.24999999999999289 ) ) ;
#3529 = EDGE_LOOP ( 'NONE', ( #2000, #4149, #5604, #1512 ) ) ;
#3530 = EDGE_CURVE ( 'NONE', #943, #3153, #8827, .T. ) ;
#3531 = AXIS2_PLACEMENT_3D ( 'NONE', #8726, #350, #6573 ) ;
#3532 = ORIENTED_EDGE ( 'NONE', *, *, #7076, .F. ) ;
#3533 = CYLINDRICAL_SURFACE ( 'NONE', #7066, 8.699999999995645439 ) ;
#3534 = DIRECTION ( 'NONE',  ( -0.000000000000000000, 1.000000000000000000, -0.000000000000000000 ) ) ;
#3535 = CARTESIAN_POINT ( 'NONE',  ( 190.0000000000000000, 5.000000000000000000, 51.59999999999996589 ) ) ;
#3536 = CARTESIAN_POINT ( 'NONE',  ( -33.68360285499691287, 5.000000000000000000, 23.63822177457588225 ) ) ;
#3537 = DIRECTION ( 'NONE',  ( 0.000000000000000000, 0.000000000000000000, 1.000000000000000000 ) ) ;
#3538 = CARTESIAN_POINT ( 'NONE',  ( 5.409268972688766830, -5.000000000000000000, 23.63822177457588225 ) ) ;
#3539 = AXIS2_PLACEMENT_3D ( 'NONE', #4617, #837, #9512 ) ;
#3540 = CARTESIAN_POINT ( 'NONE',  ( -150.0000000000000000, 5.000000000000000000, 20.24999999999999645 ) ) ;
#3541 = EDGE_CURVE ( 'NONE', #3621, #9351, #8998, .T. ) ;
#3542 = ORIENTED_EDGE ( 'NONE', *, *, #6554, .T. ) ;
#3544 = DIRECTION ( 'NONE',  ( -1.272130549049658700E-16, 0.000000000000000000, -1.000000000000000000 ) ) ;
#3543 = VECTOR ( 'NONE', #5691, 1000.000000000000000 ) ;
#3545 = VERTEX_POINT ( 'NONE', #8235 ) ;
#3546 = AXIS2_PLACEMENT_3D ( 'NONE', #6944, #2455, #1655 ) ;
#3547 = DIRECTION ( 'NONE',  ( 0.000000000000000000, 0.000000000000000000, 1.000000000000000000 ) ) ;
#3548 = EDGE_LOOP ( 'NONE', ( #7781, #8586, #6205, #7069 ) ) ;
#3549 = CARTESIAN_POINT ( 'NONE',  ( 65.27656573308158272, -5.000000000000000000, 23.63822177457588225 ) ) ;
#3550 = PLANE ( 'NONE',  #2999 ) ;
#3551 = VERTEX_POINT ( 'NONE', #6640 ) ;
#3552 = CARTESIAN_POINT ( 'NONE',  ( -66.15589370374777900, -5.000000000000000000, 25.27079167095700640 ) ) ;
#3553 = CARTESIAN_POINT ( 'NONE',  ( 127.0520544920244959, 5.000000000000000000, 25.27079167095700640 ) ) ;
#3554 = EDGE_CURVE ( 'NONE', #4119, #9064, #1520, .T. ) ;
#3555 = AXIS2_PLACEMENT_3D ( 'NONE', #4893, #8631, #1201 ) ;
#3556 = VECTOR ( 'NONE', #3670, 1000.000000000000000 ) ;
#3557 = CARTESIAN_POINT ( 'NONE',  ( -70.68583470577034689, -5.000000000000000000, 43.50000000000000000 ) ) ;
#3558 = CARTESIAN_POINT ( 'NONE',  ( -11.99988101186659861, -5.000000000000000000, 20.24999999999999289 ) ) ;
#3559 = CIRCLE ( 'NONE', #8973, 8.699999999995648992 ) ;
#3560 = ORIENTED_EDGE ( 'NONE', *, *, #9548, .F. ) ;
#3561 = CIRCLE ( 'NONE', #6916, 19.87399999999006539 ) ;
#3562 = DIRECTION ( 'NONE',  ( -1.000000000000000000, 0.000000000000000000, 1.272130549049658700E-16 ) ) ;
#3563 = ORIENTED_EDGE ( 'NONE', *, *, #920, .F. ) ;
#3564 = CARTESIAN_POINT ( 'NONE',  ( 149.0000000000000000, 5.000000000000000000, -24.00000000000000355 ) ) ;
#3565 = EDGE_CURVE ( 'NONE', #8039, #9129, #1450, .T. ) ;
#3566 = CYLINDRICAL_SURFACE ( 'NONE', #3755, 8.699999999995648992 ) ;
#3567 = CYLINDRICAL_SURFACE ( 'NONE', #734, 8.699999999995645439 ) ;
#3568 = ORIENTED_EDGE ( 'NONE', *, *, #5957, .T. ) ;
#3569 = VECTOR ( 'NONE', #3315, 1000.000000000000000 ) ;
#3570 = ORIENTED_EDGE ( 'NONE', *, *, #5526, .T. ) ;
#3571 = PRODUCT_DEFINITION_FORMATION_WITH_SPECIFIED_SOURCE ( 'ANY', '', #9842, .NOT_KNOWN. ) ;
#3572 = DIRECTION ( 'NONE',  ( -0.000000000000000000, -1.000000000000000000, -0.000000000000000000 ) ) ;
#3573 = CARTESIAN_POINT ( 'NONE',  ( -150.0000000000000000, 5.000000000000000000, 20.24999999999999645 ) ) ;
#3574 = ORIENTED_EDGE ( 'NONE', *, *, #4012, .F. ) ;
#3575 = FACE_OUTER_BOUND ( 'NONE', #5846, .T. ) ;
#3576 = EDGE_LOOP ( 'NONE', ( #2884, #3493, #3668, #9645 ) ) ;
#3577 = AXIS2_PLACEMENT_3D ( 'NONE', #1298, #7989, #5684 ) ;
#3578 = CIRCLE ( 'NONE', #8364, 8.699999999995645439 ) ;
#3579 = EDGE_CURVE ( 'NONE', #746, #2164, #2204, .T. ) ;
#3580 = CARTESIAN_POINT ( 'NONE',  ( 150.6139993939479496, 5.000000000000000000, 25.27079167095700640 ) ) ;
#3581 = AXIS2_PLACEMENT_3D ( 'NONE', #9036, #3147, #7643 ) ;
#3582 = FACE_OUTER_BOUND ( 'NONE', #7873, .T. ) ;
#3583 = ORIENTED_EDGE ( 'NONE', *, *, #1271, .T. ) ;
#3584 = AXIS2_PLACEMENT_3D ( 'NONE', #6840, #6681, #7381 ) ;
#3585 = EDGE_CURVE ( 'NONE', #486, #4816, #6075, .T. ) ;
#3586 = VECTOR ( 'NONE', #8663, 1000.000000000000000 ) ;
#3587 = AXIS2_PLACEMENT_3D ( 'NONE', #6507, #4950, #8002 ) ;
#3588 = ORIENTED_EDGE ( 'NONE', *, *, #7761, .F. ) ;
#3589 = DIRECTION ( 'NONE',  ( -0.000000000000000000, -1.000000000000000000, -0.000000000000000000 ) ) ;
#3590 = ADVANCED_FACE ( 'NONE', ( #4481 ), #2248, .T. ) ;
#3591 = CARTESIAN_POINT ( 'NONE',  ( -150.0000000000000000, 5.000000000000000000, 20.24999999999999645 ) ) ;
#3592 = CARTESIAN_POINT ( 'NONE',  ( 84.12612165462033431, -5.000000000000000000, 23.63822177457588225 ) ) ;
#3593 = DIRECTION ( 'NONE',  ( 0.000000000000000000, -1.000000000000000000, 0.000000000000000000 ) ) ;
#3594 = DIRECTION ( 'NONE',  ( -0.000000000000000000, 1.000000000000000000, -0.000000000000000000 ) ) ;
#3595 = CIRCLE ( 'NONE', #9803, 8.699999999995648992 ) ;
#3596 = CIRCLE ( 'NONE', #1056, 8.699999999995645439 ) ;
#3597 = CIRCLE ( 'NONE', #894, 8.699999999995645439 ) ;
#3598 = LINE ( 'NONE', #4337, #2349 ) ;
#3599 = VERTEX_POINT ( 'NONE', #9079 ) ;
#3600 = AXIS2_PLACEMENT_3D ( 'NONE', #6436, #408, #459 ) ;
#3601 = DIRECTION ( 'NONE',  ( -0.000000000000000000, 1.000000000000000000, -0.000000000000000000 ) ) ;
#3602 = ORIENTED_EDGE ( 'NONE', *, *, #9725, .T. ) ;
#3603 = AXIS2_PLACEMENT_3D ( 'NONE', #3851, #176, #220 ) ;
#3604 = DIRECTION ( 'NONE',  ( -0.000000000000000000, 1.000000000000000000, -0.000000000000000000 ) ) ;
#3605 = EDGE_CURVE ( 'NONE', #2735, #3824, #9792, .T. ) ;
#3606 = ORIENTED_EDGE ( 'NONE', *, *, #4285, .T. ) ;
#3607 = EDGE_CURVE ( 'NONE', #3673, #3722, #2947, .T. ) ;
#3608 = DIRECTION ( 'NONE',  ( -0.000000000000000000, 1.000000000000000000, -0.000000000000000000 ) ) ;
#3609 = DIRECTION ( 'NONE',  ( -0.000000000000000000, 1.000000000000000000, -0.000000000000000000 ) ) ;
#3610 = VERTEX_POINT ( 'NONE', #1558 ) ;
#3611 = DIRECTION ( 'NONE',  ( 1.000000000000000000, 0.000000000000000000, 0.000000000000000000 ) ) ;
#3612 = CARTESIAN_POINT ( 'NONE',  ( -7.287492031481909827, 5.000000000000000000, 20.24999999999999289 ) ) ;
#3613 = CARTESIAN_POINT ( 'NONE',  ( -150.0000000000000000, 5.000000000000000000, 20.24999999999999645 ) ) ;
#3614 = CIRCLE ( 'NONE', #4247, 8.699999999995645439 ) ;
#3615 = DIRECTION ( 'NONE',  ( -0.000000000000000000, -1.000000000000000000, -0.000000000000000000 ) ) ;
#3616 = PLANE ( 'NONE',  #223 ) ;
#3617 = EDGE_CURVE ( 'NONE', #982, #5327, #5237, .T. ) ;
#3618 = ORIENTED_EDGE ( 'NONE', *, *, #7845, .T. ) ;
#3619 = CIRCLE ( 'NONE', #7778, 8.699999999995645439 ) ;
#3620 = CARTESIAN_POINT ( 'NONE',  ( -102.9756775761591143, -5.000000000000000000, 23.63822177457588225 ) ) ;
#3621 = VERTEX_POINT ( 'NONE', #2888 ) ;
#3622 = CARTESIAN_POINT ( 'NONE',  ( 13.44028694884998920, -5.000000000000000000, 23.63822177457588225 ) ) ;
#3623 = CARTESIAN_POINT ( 'NONE',  ( 129.8096055214838600, 5.000000000000000000, 20.24999999999999289 ) ) ;
#3624 = FACE_OUTER_BOUND ( 'NONE', #49, .T. ) ;
#3625 = ORIENTED_EDGE ( 'NONE', *, *, #7934, .T. ) ;
#3626 = ORIENTED_EDGE ( 'NONE', *, *, #3365, .F. ) ;
#3627 = DIRECTION ( 'NONE',  ( -0.000000000000000000, -1.000000000000000000, -0.000000000000000000 ) ) ;
#3628 = DIRECTION ( 'NONE',  ( -0.000000000000000000, -1.000000000000000000, -0.000000000000000000 ) ) ;
#3629 = VERTEX_POINT ( 'NONE', #554 ) ;
#3630 = CARTESIAN_POINT ( 'NONE',  ( -103.4901095901010422, -5.000000000000000000, 25.27079167095700996 ) ) ;
#3631 = ORIENTED_EDGE ( 'NONE', *, *, #4546, .F. ) ;
#3632 = AXIS2_PLACEMENT_3D ( 'NONE', #1118, #4947, #228 ) ;
#3633 = CARTESIAN_POINT ( 'NONE',  ( 27.57745389000405822, -5.000000000000000000, 23.63822177457588225 ) ) ;
#3634 = DIRECTION ( 'NONE',  ( -0.000000000000000000, -1.000000000000000000, -0.000000000000000000 ) ) ;
#3635 = ORIENTED_EDGE ( 'NONE', *, *, #3748, .T. ) ;
#3636 = EDGE_CURVE ( 'NONE', #2016, #8308, #758, .T. ) ;
#3637 = ORIENTED_EDGE ( 'NONE', *, *, #5721, .T. ) ;
#3638 = DIRECTION ( 'NONE',  ( 1.000000000000000000, 0.000000000000000000, -1.272130549049658700E-16 ) ) ;
#3639 = DIRECTION ( 'NONE',  ( -0.000000000000000000, 1.000000000000000000, -0.000000000000000000 ) ) ;
#3640 = DIRECTION ( 'NONE',  ( 1.000000000000000000, 0.000000000000000000, -1.272130549049658700E-16 ) ) ;
#3641 = LINE ( 'NONE', #4334, #6605 ) ;
#3642 = CARTESIAN_POINT ( 'NONE',  ( -110.9600495999450800, 5.000000000000000000, 20.24999999999999289 ) ) ;
#3643 = EDGE_CURVE ( 'NONE', #4450, #7927, #9772, .T. ) ;
#3644 = CARTESIAN_POINT ( 'NONE',  ( -150.0000000000000000, 5.000000000000000000, 20.24999999999999645 ) ) ;
#3645 = ORIENTED_EDGE ( 'NONE', *, *, #8310, .T. ) ;
#3646 = EDGE_CURVE ( 'NONE', #6210, #6897, #2944, .T. ) ;
#3647 = CARTESIAN_POINT ( 'NONE',  ( -101.0974545173659607, -5.000000000000000000, 20.24999999999999289 ) ) ;
#3648 = ORIENTED_EDGE ( 'NONE', *, *, #1328, .T. ) ;
#3649 = DIRECTION ( 'NONE',  ( -0.000000000000000000, 1.000000000000000000, -0.000000000000000000 ) ) ;
#3650 = VERTEX_POINT ( 'NONE', #609 ) ;
#3651 = CARTESIAN_POINT ( 'NONE',  ( 122.5221134900019280, -5.000000000000000000, 43.50000000000000000 ) ) ;
#3652 = LINE ( 'NONE', #9784, #5069 ) ;
#3653 = ORIENTED_EDGE ( 'NONE', *, *, #3677, .T. ) ;
#3654 = DIRECTION ( 'NONE',  ( -0.000000000000000000, 1.000000000000000000, -0.000000000000000000 ) ) ;
#3655 = PLANE ( 'NONE',  #9347 ) ;
#3656 = EDGE_CURVE ( 'NONE', #9372, #2691, #3273, .T. ) ;
#3657 = EDGE_CURVE ( 'NONE', #374, #873, #5336, .T. ) ;
#3658 = DIRECTION ( 'NONE',  ( 0.000000000000000000, 0.000000000000000000, 1.000000000000000000 ) ) ;
#3659 = DIRECTION ( 'NONE',  ( -0.000000000000000000, -1.000000000000000000, -0.000000000000000000 ) ) ;
#3660 = ORIENTED_EDGE ( 'NONE', *, *, #5334, .T. ) ;
#3661 = DIRECTION ( 'NONE',  ( -0.000000000000000000, -1.000000000000000000, -0.000000000000000000 ) ) ;
#3662 = ORIENTED_EDGE ( 'NONE', *, *, #9184, .F. ) ;
#3663 = CARTESIAN_POINT ( 'NONE',  ( -37.69911184307751739, -5.000000000000000000, 43.50000000000000000 ) ) ;
#3664 = DIRECTION ( 'NONE',  ( -0.000000000000000000, 1.000000000000000000, -0.000000000000000000 ) ) ;
#3665 = DIRECTION ( 'NONE',  ( 0.000000000000000000, 1.000000000000000000, 0.000000000000000000 ) ) ;
#3666 = EDGE_LOOP ( 'NONE', ( #2199, #1475, #9700, #7576 ) ) ;
#3667 = EDGE_CURVE ( 'NONE', #3177, #3872, #6775, .T. ) ;
#3668 = ORIENTED_EDGE ( 'NONE', *, *, #9573, .F. ) ;
#3669 = DIRECTION ( 'NONE',  ( 0.000000000000000000, 0.000000000000000000, 1.000000000000000000 ) ) ;
#3670 = DIRECTION ( 'NONE',  ( -0.000000000000000000, 1.000000000000000000, -0.000000000000000000 ) ) ;
#3671 = VERTEX_POINT ( 'NONE', #2996 ) ;
#3672 = CARTESIAN_POINT ( 'NONE',  ( 102.9756775761591001, -5.000000000000000000, 23.63822177457588225 ) ) ;
#3673 = VERTEX_POINT ( 'NONE', #3739 ) ;
#3674 = FACE_OUTER_BOUND ( 'NONE', #9373, .T. ) ;
#3675 = ORIENTED_EDGE ( 'NONE', *, *, #6891, .T. ) ;
#3676 = CARTESIAN_POINT ( 'NONE',  ( 16.71226999225129006, 5.000000000000000000, 20.24999999999999289 ) ) ;
#3677 = EDGE_CURVE ( 'NONE', #2218, #3867, #2481, .T. ) ;
#3678 = ORIENTED_EDGE ( 'NONE', *, *, #8360, .F. ) ;
#3679 = ORIENTED_EDGE ( 'NONE', *, *, #2439, .F. ) ;
#3680 = CARTESIAN_POINT ( 'NONE',  ( 98.77772060971635426, -5.000000000000000000, 25.27079167095700640 ) ) ;
#3681 = LINE ( 'NONE', #5187, #4485 ) ;
#3682 = DIRECTION ( 'NONE',  ( 0.000000000000000000, 0.000000000000000000, 1.000000000000000000 ) ) ;
#3683 = DIRECTION ( 'NONE',  ( 0.000000000000000000, 0.000000000000000000, -1.000000000000000000 ) ) ;
#3684 = EDGE_CURVE ( 'NONE', #454, #6264, #9322, .T. ) ;
#3685 = SURFACE_STYLE_FILL_AREA ( #2059 ) ;
#3686 = ORIENTED_EDGE ( 'NONE', *, *, #4179, .F. ) ;
#3687 = AXIS2_PLACEMENT_3D ( 'NONE', #2445, #7081, #2502 ) ;
#3688 = DIRECTION ( 'NONE',  ( 0.000000000000000000, 0.000000000000000000, 1.000000000000000000 ) ) ;
#3689 = ORIENTED_EDGE ( 'NONE', *, *, #4546, .T. ) ;
#3690 = CARTESIAN_POINT ( 'NONE',  ( -159.9999999999999716, 5.000000000000000000, -29.89999999999999503 ) ) ;
#3691 = VERTEX_POINT ( 'NONE', #3041 ) ;
#3692 = AXIS2_PLACEMENT_3D ( 'NONE', #6674, #9024, #9715 ) ;
#3693 = DIRECTION ( 'NONE',  ( 1.000000000000000000, 0.000000000000000000, -1.272130549049658700E-16 ) ) ;
#3694 = CARTESIAN_POINT ( 'NONE',  ( -39.83639777236498958, -5.000000000000000000, 20.24999999999999289 ) ) ;
#3695 = EDGE_LOOP ( 'NONE', ( #4511, #9212, #91, #5264 ) ) ;
#3696 = ORIENTED_EDGE ( 'NONE', *, *, #8552, .F. ) ;
#3697 = CARTESIAN_POINT ( 'NONE',  ( 41.71462083115812192, 5.000000000000000000, 23.63822177457588225 ) ) ;
#3698 = EDGE_CURVE ( 'NONE', #1681, #5859, #2790, .T. ) ;
#3699 = CARTESIAN_POINT ( 'NONE',  ( -127.0520544920244959, -5.000000000000000000, 25.27079167095700996 ) ) ;
#3700 = CIRCLE ( 'NONE', #5450, 8.699999999995645439 ) ;
#3701 = AXIS2_PLACEMENT_3D ( 'NONE', #4744, #4635, #6888 ) ;
#3702 = CYLINDRICAL_SURFACE ( 'NONE', #2014, 8.699999999995648992 ) ;
#3703 = ADVANCED_FACE ( 'NONE', ( #4782 ), #9227, .T. ) ;
#3704 = CARTESIAN_POINT ( 'NONE',  ( -169.9999999999999716, 5.000000000000000000, 39.89999999999999858 ) ) ;
#3705 = VERTEX_POINT ( 'NONE', #6230 ) ;
#3706 = CARTESIAN_POINT ( 'NONE',  ( 0.000000000000000000, -5.000000000000000000, 0.000000000000000000 ) ) ;
#3707 = ORIENTED_EDGE ( 'NONE', *, *, #791, .T. ) ;
#3708 = VECTOR ( 'NONE', #7529, 1000.000000000000000 ) ;
#3709 = CARTESIAN_POINT ( 'NONE',  ( -169.9999999999999716, -5.000000000000000000, 39.89999999999999858 ) ) ;
#3710 = DIRECTION ( 'NONE',  ( -0.000000000000000000, -1.000000000000000000, -0.000000000000000000 ) ) ;
#3711 = EDGE_CURVE ( 'NONE', #3217, #7623, #163, .T. ) ;
#3712 = CIRCLE ( 'NONE', #9292, 8.699999999995648992 ) ;
#3713 = CARTESIAN_POINT ( 'NONE',  ( -134.0841773800587760, -5.000000000000000000, 20.24999999999999289 ) ) ;
#3714 = ORIENTED_EDGE ( 'NONE', *, *, #3605, .F. ) ;
#3715 = ORIENTED_EDGE ( 'NONE', *, *, #2491, .F. ) ;
#3716 = VECTOR ( 'NONE', #6378, 1000.000000000000000 ) ;
#3717 = AXIS2_PLACEMENT_3D ( 'NONE', #8853, #4307, #1887 ) ;
#3718 = CARTESIAN_POINT ( 'NONE',  ( -80.80749265884381316, -5.000000000000000000, 23.63822177457588225 ) ) ;
#3719 = DIRECTION ( 'NONE',  ( 0.000000000000000000, 0.000000000000000000, 1.000000000000000000 ) ) ;
#3720 = ORIENTED_EDGE ( 'NONE', *, *, #692, .T. ) ;
#3721 = DIRECTION ( 'NONE',  ( -1.272130549049658700E-16, 0.000000000000000000, -1.000000000000000000 ) ) ;
#3722 = VERTEX_POINT ( 'NONE', #7035 ) ;
#3723 = EDGE_CURVE ( 'NONE', #9047, #8743, #1704, .T. ) ;
#3724 = LINE ( 'NONE', #9816, #2276 ) ;
#3725 = CYLINDRICAL_SURFACE ( 'NONE', #9161, 1.599999999999990319 ) ;
#3726 = AXIS2_PLACEMENT_3D ( 'NONE', #1672, #7007, #9352 ) ;
#3727 = AXIS2_PLACEMENT_3D ( 'NONE', #4543, #8338, #1509 ) ;
#3728 = ORIENTED_EDGE ( 'NONE', *, *, #8445, .T. ) ;
#3729 = VECTOR ( 'NONE', #2846, 1000.000000000000000 ) ;
#3730 = CARTESIAN_POINT ( 'NONE',  ( -150.0000000000000000, 5.000000000000000000, 20.24999999999999645 ) ) ;
#3731 = ORIENTED_EDGE ( 'NONE', *, *, #8018, .T. ) ;
#3732 = CIRCLE ( 'NONE', #9316, 8.699999999995648992 ) ;
#3733 = ORIENTED_EDGE ( 'NONE', *, *, #8393, .T. ) ;
#3734 = AXIS2_PLACEMENT_3D ( 'NONE', #8489, #3903, #6090 ) ;
#3735 = AXIS2_PLACEMENT_3D ( 'NONE', #5427, #8476, #4683 ) ;
#3736 = CARTESIAN_POINT ( 'NONE',  ( -23.37949692356133014, -5.000000000000000000, 25.27079167095700996 ) ) ;
#3737 = EDGE_CURVE ( 'NONE', #4998, #4657, #6297, .T. ) ;
#3738 = CARTESIAN_POINT ( 'NONE',  ( -101.0974545173659607, 5.000000000000000000, 20.24999999999999289 ) ) ;
#3739 = CARTESIAN_POINT ( 'NONE',  ( 4.015508988080609853, 5.000000000000000000, 23.63822177457588225 ) ) ;
#3740 = CARTESIAN_POINT ( 'NONE',  ( -20.98684185082622733, -5.000000000000000000, 20.24999999999999289 ) ) ;
#3741 = FACE_OUTER_BOUND ( 'NONE', #9111, .T. ) ;
#3742 = VECTOR ( 'NONE', #5279, 1000.000000000000000 ) ;
#3743 = ORIENTED_EDGE ( 'NONE', *, *, #988, .T. ) ;
#3744 = AXIS2_PLACEMENT_3D ( 'NONE', #219, #9537, #8636 ) ;
#3745 = AXIS2_PLACEMENT_3D ( 'NONE', #9154, #6910, #2376 ) ;
#3746 = LINE ( 'NONE', #5932, #8138 ) ;
#3747 = ORIENTED_EDGE ( 'NONE', *, *, #4498, .F. ) ;
#3748 = EDGE_CURVE ( 'NONE', #4925, #8937, #1997, .T. ) ;
#3749 = CARTESIAN_POINT ( 'NONE',  ( 70.86828268413246690, -5.000000000000000000, 25.27079167095700996 ) ) ;
#3750 = VECTOR ( 'NONE', #8562, 1000.000000000000000 ) ;
#3751 = VERTEX_POINT ( 'NONE', #206 ) ;
#3752 = VECTOR ( 'NONE', #4216, 1000.000000000000000 ) ;
#3753 = FACE_OUTER_BOUND ( 'NONE', #7064, .T. ) ;
#3754 = LINE ( 'NONE', #3103, #2367 ) ;
#3755 = AXIS2_PLACEMENT_3D ( 'NONE', #589, #4417, #5903 ) ;
#3756 = EDGE_LOOP ( 'NONE', ( #8119, #3785, #6401, #6865 ) ) ;
#3757 = ORIENTED_EDGE ( 'NONE', *, *, #7149, .F. ) ;
#3758 = DIRECTION ( 'NONE',  ( -0.000000000000000000, -1.000000000000000000, -0.000000000000000000 ) ) ;
#3759 = LINE ( 'NONE', #5942, #1543 ) ;
#3760 = VECTOR ( 'NONE', #3121, 1000.000000000000000 ) ;
#3761 = DIRECTION ( 'NONE',  ( -0.000000000000000000, 1.000000000000000000, -0.000000000000000000 ) ) ;
#3762 = EDGE_CURVE ( 'NONE', #2630, #8088, #3146, .T. ) ;
#3763 = LINE ( 'NONE', #6751, #6433 ) ;
#3764 = ORIENTED_EDGE ( 'NONE', *, *, #5293, .T. ) ;
#3765 = CARTESIAN_POINT ( 'NONE',  ( 61.26105674500096399, -5.000000000000000000, 43.50000000000000000 ) ) ;
#3766 = FACE_BOUND ( 'NONE', #7115, .T. ) ;
#3767 = VERTEX_POINT ( 'NONE', #1647 ) ;
#3768 = CARTESIAN_POINT ( 'NONE',  ( -22.86506490961937033, -5.000000000000000000, 23.63822177457588225 ) ) ;
#3769 = CIRCLE ( 'NONE', #8708, 8.699999999995648992 ) ;
#3770 = DIRECTION ( 'NONE',  ( -0.000000000000000000, 1.000000000000000000, -0.000000000000000000 ) ) ;
#3771 = EDGE_CURVE ( 'NONE', #682, #6248, #567, .T. ) ;
#3772 = DIRECTION ( 'NONE',  ( 0.000000000000000000, 1.000000000000000000, -0.000000000000000000 ) ) ;
#3773 = ORIENTED_EDGE ( 'NONE', *, *, #7566, .F. ) ;
#3774 = VERTEX_POINT ( 'NONE', #6337 ) ;
#3775 = AXIS2_PLACEMENT_3D ( 'NONE', #5479, #4587, #7795 ) ;
#3776 = EDGE_CURVE ( 'NONE', #4518, #5274, #253, .T. ) ;
#3777 = CARTESIAN_POINT ( 'NONE',  ( -79.41373267423566062, 5.000000000000000000, 23.63822177457588225 ) ) ;
#3778 = DIRECTION ( 'NONE',  ( 0.000000000000000000, 0.000000000000000000, 1.000000000000000000 ) ) ;
#3779 = ORIENTED_EDGE ( 'NONE', *, *, #889, .F. ) ;
#3780 = CYLINDRICAL_SURFACE ( 'NONE', #3726, 8.699999999995648992 ) ;
#3781 = ORIENTED_EDGE ( 'NONE', *, *, #3207, .T. ) ;
#3782 = DIRECTION ( 'NONE',  ( 0.000000000000000000, 0.000000000000000000, -1.000000000000000000 ) ) ;
#3783 = DIRECTION ( 'NONE',  ( -0.000000000000000000, -1.000000000000000000, -0.000000000000000000 ) ) ;
#3784 = VECTOR ( 'NONE', #897, 1000.000000000000000 ) ;
#3785 = ORIENTED_EDGE ( 'NONE', *, *, #2414, .F. ) ;
#3786 = DIRECTION ( 'NONE',  ( -1.000000000000000000, 0.000000000000000000, 1.272130549049658700E-16 ) ) ;
#3787 = ORIENTED_EDGE ( 'NONE', *, *, #6709, .F. ) ;
#3788 = EDGE_CURVE ( 'NONE', #3972, #2540, #53, .T. ) ;
#3789 = EDGE_CURVE ( 'NONE', #2438, #2372, #7903, .T. ) ;
#3790 = EDGE_CURVE ( 'NONE', #3831, #9797, #9167, .T. ) ;
#3791 = ORIENTED_EDGE ( 'NONE', *, *, #8289, .T. ) ;
#3792 = CIRCLE ( 'NONE', #1570, 19.87399999999006539 ) ;
#3793 = CARTESIAN_POINT ( 'NONE',  ( 24.25882489422752286, -5.000000000000000000, 23.63822177457588225 ) ) ;
#3794 = FACE_OUTER_BOUND ( 'NONE', #5552, .T. ) ;
#3795 = DIRECTION ( 'NONE',  ( -0.000000000000000000, -1.000000000000000000, -0.000000000000000000 ) ) ;
#3796 = CARTESIAN_POINT ( 'NONE',  ( -68.54854877648287470, 5.000000000000000000, 20.24999999999999289 ) ) ;
#3797 = LINE ( 'NONE', #1652, #1231 ) ;
#3798 = VECTOR ( 'NONE', #7859, 1000.000000000000000 ) ;
#3799 = EDGE_LOOP ( 'NONE', ( #9313, #1687, #7487, #2728 ) ) ;
#3800 = EDGE_CURVE ( 'NONE', #6024, #7270, #404, .T. ) ;
#3801 = FACE_OUTER_BOUND ( 'NONE', #15, .T. ) ;
#3802 = ORIENTED_EDGE ( 'NONE', *, *, #2454, .T. ) ;
#3803 = DIRECTION ( 'NONE',  ( -0.000000000000000000, -1.000000000000000000, -0.000000000000000000 ) ) ;
#3804 = DIRECTION ( 'NONE',  ( 0.000000000000000000, 0.000000000000000000, 1.000000000000000000 ) ) ;
#3805 = FACE_OUTER_BOUND ( 'NONE', #6013, .T. ) ;
#3806 = ORIENTED_EDGE ( 'NONE', *, *, #9443, .F. ) ;
#3807 = ORIENTED_EDGE ( 'NONE', *, *, #2104, .T. ) ;
#3808 = DIRECTION ( 'NONE',  ( -0.000000000000000000, -1.000000000000000000, -0.000000000000000000 ) ) ;
#3809 = CYLINDRICAL_SURFACE ( 'NONE', #6478, 8.699999999995648992 ) ;
#3810 = DIRECTION ( 'NONE',  ( 0.000000000000000000, 0.000000000000000000, 1.000000000000000000 ) ) ;
#3811 = DIRECTION ( 'NONE',  ( -0.000000000000000000, 1.000000000000000000, -0.000000000000000000 ) ) ;
#3812 = ORIENTED_EDGE ( 'NONE', *, *, #2200, .T. ) ;
#3813 = CARTESIAN_POINT ( 'NONE',  ( -150.6139993939479496, -5.000000000000000000, 25.27079167095700996 ) ) ;
#3814 = CARTESIAN_POINT ( 'NONE',  ( -89.71783860567123270, -5.000000000000000000, 25.27079167095700640 ) ) ;
#3815 = ORIENTED_EDGE ( 'NONE', *, *, #2841, .T. ) ;
#3816 = CARTESIAN_POINT ( 'NONE',  ( -23.74439288028557016, -5.000000000000000000, 25.27079167095700640 ) ) ;
#3817 = FACE_OUTER_BOUND ( 'NONE', #6987, .T. ) ;
#3818 = CARTESIAN_POINT ( 'NONE',  ( 137.3561604234600679, -5.000000000000000000, 23.63822177457588225 ) ) ;
#3819 = ADVANCED_FACE ( 'NONE', ( #3837 ), #5475, .T. ) ;
#3820 = ORIENTED_EDGE ( 'NONE', *, *, #656, .T. ) ;
#3821 = EDGE_LOOP ( 'NONE', ( #7598, #1835, #1464, #7507 ) ) ;
#3822 = VERTEX_POINT ( 'NONE', #8530 ) ;
#3823 = LINE ( 'NONE', #6062, #1009 ) ;
#3824 = VERTEX_POINT ( 'NONE', #8475 ) ;
#3825 = ORIENTED_EDGE ( 'NONE', *, *, #3643, .T. ) ;
#3826 = DIRECTION ( 'NONE',  ( -0.000000000000000000, -1.000000000000000000, -0.000000000000000000 ) ) ;
#3827 = VECTOR ( 'NONE', #8911, 1000.000000000000000 ) ;
#3828 = DIRECTION ( 'NONE',  ( -0.000000000000000000, -1.000000000000000000, -0.000000000000000000 ) ) ;
#3829 = EDGE_CURVE ( 'NONE', #3342, #6932, #4064, .T. ) ;
#3830 = CARTESIAN_POINT ( 'NONE',  ( -35.56182591379005231, -5.000000000000000000, 20.24999999999999289 ) ) ;
#3831 = VERTEX_POINT ( 'NONE', #7793 ) ;
#3832 = VECTOR ( 'NONE', #8446, 1000.000000000000000 ) ;
#3833 = ORIENTED_EDGE ( 'NONE', *, *, #3987, .T. ) ;
#3834 = EDGE_CURVE ( 'NONE', #2707, #830, #260, .T. ) ;
#3835 = DIRECTION ( 'NONE',  ( 0.000000000000000000, 0.000000000000000000, 1.000000000000000000 ) ) ;
#3836 = CYLINDRICAL_SURFACE ( 'NONE', #7522, 8.699999999995645439 ) ;
#3837 = FACE_OUTER_BOUND ( 'NONE', #7019, .T. ) ;
#3838 = CARTESIAN_POINT ( 'NONE',  ( -11.99988101186659861, -5.000000000000000000, 20.24999999999999289 ) ) ;
#3839 = EDGE_CURVE ( 'NONE', #3500, #6629, #9181, .T. ) ;
#3840 = DIRECTION ( 'NONE',  ( -0.000000000000000000, 1.000000000000000000, -0.000000000000000000 ) ) ;
#3841 = ORIENTED_EDGE ( 'NONE', *, *, #9396, .F. ) ;
#3842 = CARTESIAN_POINT ( 'NONE',  ( -85.00544962528653059, -5.000000000000000000, 25.27079167095700640 ) ) ;
#3843 = ORIENTED_EDGE ( 'NONE', *, *, #2657, .F. ) ;
#3844 = CARTESIAN_POINT ( 'NONE',  ( -131.7644434724091980, 5.000000000000000000, 25.27079167095700996 ) ) ;
#3845 = DIRECTION ( 'NONE',  ( -0.000000000000000000, -1.000000000000000000, -0.000000000000000000 ) ) ;
#3846 = CARTESIAN_POINT ( 'NONE',  ( 72.82312063505780486, 5.000000000000000000, 20.24999999999996803 ) ) ;
#3847 = ORIENTED_EDGE ( 'NONE', *, *, #4002, .F. ) ;
#3848 = ORIENTED_EDGE ( 'NONE', *, *, #2491, .T. ) ;
#3849 = ADVANCED_FACE ( 'NONE', ( #7685 ), #3884, .T. ) ;
#3850 = LINE ( 'NONE', #6150, #1357 ) ;
#3851 = CARTESIAN_POINT ( 'NONE',  ( -94.06533162933166636, 5.000000000000000000, 25.27079167095700996 ) ) ;
#3852 = CARTESIAN_POINT ( 'NONE',  ( 160.0000000000000000, -5.000000000000000000, 40.89999999999999858 ) ) ;
#3853 = AXIS2_PLACEMENT_3D ( 'NONE', #7530, #5983, #1600 ) ;
#3854 = FACE_OUTER_BOUND ( 'NONE', #4984, .T. ) ;
#3855 = ORIENTED_EDGE ( 'NONE', *, *, #4135, .F. ) ;
#3856 = CARTESIAN_POINT ( 'NONE',  ( -109.0818265411519548, 5.000000000000000000, 23.63822177457588225 ) ) ;
#3857 = LINE ( 'NONE', #3304, #3151 ) ;
#3858 = ORIENTED_EDGE ( 'NONE', *, *, #7449, .T. ) ;
#3859 = EDGE_CURVE ( 'NONE', #7849, #7253, #2642, .T. ) ;
#3860 = DIRECTION ( 'NONE',  ( 0.000000000000000000, 0.000000000000000000, 1.000000000000000000 ) ) ;
#3861 = CARTESIAN_POINT ( 'NONE',  ( 26.13704795302066941, -5.000000000000000000, 20.24999999999999289 ) ) ;
#3862 = CARTESIAN_POINT ( 'NONE',  ( 124.6593994192894144, 5.000000000000000000, 20.24999999999996092 ) ) ;
#3863 = VECTOR ( 'NONE', #8316, 1000.000000000000000 ) ;
#3864 = VERTEX_POINT ( 'NONE', #9569 ) ;
#3865 = ORIENTED_EDGE ( 'NONE', *, *, #988, .F. ) ;
#3866 = CARTESIAN_POINT ( 'NONE',  ( 86.96028757621188277, 5.000000000000000000, 20.24999999999996447 ) ) ;
#3867 = VERTEX_POINT ( 'NONE', #6485 ) ;
#3868 = DIRECTION ( 'NONE',  ( -0.000000000000000000, 1.000000000000000000, -0.000000000000000000 ) ) ;
#3869 = CIRCLE ( 'NONE', #6733, 8.699999999995648992 ) ;
#3870 = ORIENTED_EDGE ( 'NONE', *, *, #9087, .F. ) ;
#3871 = ADVANCED_FACE ( 'NONE', ( #2695 ), #2737, .T. ) ;
#3872 = VERTEX_POINT ( 'NONE', #2650 ) ;
#3873 = FACE_OUTER_BOUND ( 'NONE', #9515, .T. ) ;
#3874 = CARTESIAN_POINT ( 'NONE',  ( 170.0000000000000000, -5.000000000000000000, -49.99999999999999289 ) ) ;
#3875 = LINE ( 'NONE', #9221, #1562 ) ;
#3876 = CIRCLE ( 'NONE', #542, 8.699999999995645439 ) ;
#3877 = ORIENTED_EDGE ( 'NONE', *, *, #309, .F. ) ;
#3878 = CIRCLE ( 'NONE', #7875, 19.87399999999006539 ) ;
#3879 = EDGE_LOOP ( 'NONE', ( #7607, #158, #3523, #3384 ) ) ;
#3880 = EDGE_CURVE ( 'NONE', #1781, #2046, #9487, .T. ) ;
#3881 = CARTESIAN_POINT ( 'NONE',  ( -150.0000000000000000, 5.000000000000000000, 20.24999999999999645 ) ) ;
#3883 = AXIS2_PLACEMENT_3D ( 'NONE', #2018, #1162, #9441 ) ;
#3882 = CARTESIAN_POINT ( 'NONE',  ( -94.24777960769378637, -5.000000000000000000, 43.50000000000000000 ) ) ;
#3884 = CYLINDRICAL_SURFACE ( 'NONE', #8211, 8.699999999995648992 ) ;
#3885 = DIRECTION ( 'NONE',  ( -0.000000000000000000, 1.000000000000000000, -0.000000000000000000 ) ) ;
#3886 = AXIS2_PLACEMENT_3D ( 'NONE', #5780, #461, #1299 ) ;
#3887 = CARTESIAN_POINT ( 'NONE',  ( 56.36621978625415608, 5.000000000000000000, 25.27079167095700640 ) ) ;
#3888 = EDGE_CURVE ( 'NONE', #2600, #7271, #2163, .T. ) ;
#3889 = ORIENTED_EDGE ( 'NONE', *, *, #6754, .T. ) ;
#3890 = VECTOR ( 'NONE', #570, 1000.000000000000000 ) ;
#3891 = AXIS2_PLACEMENT_3D ( 'NONE', #5147, #8106, #4349 ) ;
#3892 = CIRCLE ( 'NONE', #5329, 19.87399999999006539 ) ;
#3893 = CARTESIAN_POINT ( 'NONE',  ( 127.2345024703866159, 5.000000000000000000, 43.50000000000000000 ) ) ;
#3894 = VERTEX_POINT ( 'NONE', #7941 ) ;
#3895 = EDGE_CURVE ( 'NONE', #8088, #7814, #2596, .T. ) ;
#3896 = CARTESIAN_POINT ( 'NONE',  ( -146.0840583919253675, -5.000000000000000000, 43.50000000000000000 ) ) ;
#3897 = PLANE ( 'NONE',  #2470 ) ;
#3898 = CARTESIAN_POINT ( 'NONE',  ( 55.85178777231219271, 5.000000000000000000, 23.63822177457588225 ) ) ;
#3899 = ORIENTED_EDGE ( 'NONE', *, *, #5922, .T. ) ;
#3900 = ORIENTED_EDGE ( 'NONE', *, *, #2977, .F. ) ;
#3901 = VECTOR ( 'NONE', #6388, 1000.000000000000000 ) ;
#3903 = DIRECTION ( 'NONE',  ( -0.000000000000000000, -1.000000000000000000, -0.000000000000000000 ) ) ;
#3902 = CIRCLE ( 'NONE', #884, 8.699999999995648992 ) ;
#3904 = AXIS2_PLACEMENT_3D ( 'NONE', #1824, #8704, #7254 ) ;
#3905 = CARTESIAN_POINT ( 'NONE',  ( -150.0000000000000000, -5.000000000000000000, 20.24999999999999645 ) ) ;
#3906 = ADVANCED_FACE ( 'NONE', ( #7135 ), #3381, .T. ) ;
#3907 = AXIS2_PLACEMENT_3D ( 'NONE', #1797, #3339, #1993 ) ;
#3908 = CARTESIAN_POINT ( 'NONE',  ( -57.24554775692035946, 5.000000000000000000, 23.63822177457588225 ) ) ;
#3909 = CIRCLE ( 'NONE', #6305, 19.87399999999006539 ) ;
#3910 = EDGE_CURVE ( 'NONE', #658, #4520, #1100, .T. ) ;
#3911 = AXIS2_PLACEMENT_3D ( 'NONE', #6966, #5507, #9205 ) ;
#3912 = DIRECTION ( 'NONE',  ( 0.000000000000000000, 0.000000000000000000, 1.000000000000000000 ) ) ;
#3913 = VERTEX_POINT ( 'NONE', #1942 ) ;
#3914 = CARTESIAN_POINT ( 'NONE',  ( -135.9624004388519154, -5.000000000000000000, 23.63822177457588225 ) ) ;
#3915 = VERTEX_POINT ( 'NONE', #4132 ) ;
#3916 = LINE ( 'NONE', #6252, #8682 ) ;
#3917 = DIRECTION ( 'NONE',  ( -0.000000000000000000, -1.000000000000000000, -0.000000000000000000 ) ) ;
#3918 = DIRECTION ( 'NONE',  ( 0.000000000000000000, 0.000000000000000000, 1.000000000000000000 ) ) ;
#3919 = CIRCLE ( 'NONE', #3282, 8.699999999995648992 ) ;
#3920 = VECTOR ( 'NONE', #3216, 1000.000000000000000 ) ;
#3921 = ORIENTED_EDGE ( 'NONE', *, *, #2733, .T. ) ;
#3922 = AXIS2_PLACEMENT_3D ( 'NONE', #9448, #8705, #3408 ) ;
#3923 = VERTEX_POINT ( 'NONE', #7176 ) ;
#3924 = EDGE_CURVE ( 'NONE', #3455, #1822, #8727, .T. ) ;
#3925 = LINE ( 'NONE', #5408, #8849 ) ;
#3926 = VERTEX_POINT ( 'NONE', #1052 ) ;
#3927 = CARTESIAN_POINT ( 'NONE',  ( -117.6272765312551201, -5.000000000000000000, 25.27079167095700996 ) ) ;
#3928 = EDGE_LOOP ( 'NONE', ( #7727, #4317, #20, #9812 ) ) ;
#3929 = VECTOR ( 'NONE', #1813, 1000.000000000000000 ) ;
#3930 = ORIENTED_EDGE ( 'NONE', *, *, #7885, .F. ) ;
#3931 = CARTESIAN_POINT ( 'NONE',  ( 190.0000000000000000, -5.000000000000000000, 51.59999999999996589 ) ) ;
#3932 = PLANE ( 'NONE',  #5977 ) ;
#3933 = EDGE_LOOP ( 'NONE', ( #6432, #796, #8162, #2411 ) ) ;
#3934 = LINE ( 'NONE', #46, #9670 ) ;
#3935 = ORIENTED_EDGE ( 'NONE', *, *, #4339, .T. ) ;
#3936 = CIRCLE ( 'NONE', #9357, 8.699999999995648992 ) ;
#3937 = ORIENTED_EDGE ( 'NONE', *, *, #3139, .T. ) ;
#3938 = DIRECTION ( 'NONE',  ( 0.000000000000000000, 1.000000000000000000, -0.000000000000000000 ) ) ;
#3939 = ORIENTED_EDGE ( 'NONE', *, *, #9332, .T. ) ;
#3940 = FACE_OUTER_BOUND ( 'NONE', #8396, .T. ) ;
#3941 = DIRECTION ( 'NONE',  ( -0.000000000000000000, -1.000000000000000000, -0.000000000000000000 ) ) ;
#3942 = CARTESIAN_POINT ( 'NONE',  ( -150.0000000000000000, 5.000000000000000000, 20.24999999999999645 ) ) ;
#3943 = DIRECTION ( 'NONE',  ( -0.000000000000000000, -1.000000000000000000, -0.000000000000000000 ) ) ;
#3944 = ORIENTED_EDGE ( 'NONE', *, *, #9089, .F. ) ;
#3945 = EDGE_CURVE ( 'NONE', #5485, #5203, #8025, .T. ) ;
#3946 = AXIS2_PLACEMENT_3D ( 'NONE', #875, #4711, #5503 ) ;
#3947 = CARTESIAN_POINT ( 'NONE',  ( 149.0000000000000000, -5.000000000000000000, 20.24999999999995737 ) ) ;
#3948 = ORIENTED_EDGE ( 'NONE', *, *, #7192, .T. ) ;
#3949 = CARTESIAN_POINT ( 'NONE',  ( 25.69923083121091523, -5.000000000000000000, 20.24999999999999289 ) ) ;
#3950 = EDGE_CURVE ( 'NONE', #1495, #6439, #3435, .T. ) ;
#3951 = DIRECTION ( 'NONE',  ( 0.000000000000000000, 0.000000000000000000, 1.000000000000000000 ) ) ;
#3952 = FACE_OUTER_BOUND ( 'NONE', #1604, .T. ) ;
#3953 = VERTEX_POINT ( 'NONE', #5675 ) ;
#3954 = DIRECTION ( 'NONE',  ( 0.000000000000000000, 0.000000000000000000, 1.000000000000000000 ) ) ;
#3955 = CARTESIAN_POINT ( 'NONE',  ( -110.9600495999450800, -5.000000000000000000, 20.24999999999999289 ) ) ;
#3956 = EDGE_CURVE ( 'NONE', #3334, #7171, #5496, .T. ) ;
#3957 = DIRECTION ( 'NONE',  ( 0.000000000000000000, 0.000000000000000000, 1.000000000000000000 ) ) ;
#3958 = FACE_OUTER_BOUND ( 'NONE', #9056, .T. ) ;
#3959 = ORIENTED_EDGE ( 'NONE', *, *, #4138, .T. ) ;
#3960 = EDGE_CURVE ( 'NONE', #6167, #2060, #3595, .T. ) ;
#3961 = CARTESIAN_POINT ( 'NONE',  ( 9.242329982407259337, -5.000000000000000000, 25.27079167095700640 ) ) ;
#3962 = DIRECTION ( 'NONE',  ( 0.000000000000000000, 0.000000000000000000, 1.000000000000000000 ) ) ;
#3963 = EDGE_LOOP ( 'NONE', ( #9013, #4236, #3815, #8572 ) ) ;
#3964 = DIRECTION ( 'NONE',  ( 0.000000000000000000, 0.000000000000000000, -1.000000000000000000 ) ) ;
#3965 = CARTESIAN_POINT ( 'NONE',  ( 33.68360285499690576, 5.000000000000000000, 23.63822177457588225 ) ) ;
#3966 = DIRECTION ( 'NONE',  ( -0.000000000000000000, -1.000000000000000000, -0.000000000000000000 ) ) ;
#3967 = EDGE_CURVE ( 'NONE', #4741, #9157, #6529, .T. ) ;
#3968 = EDGE_CURVE ( 'NONE', #1140, #1145, #8378, .T. ) ;
#3969 = ORIENTED_EDGE ( 'NONE', *, *, #7114, .F. ) ;
#3970 = ORIENTED_EDGE ( 'NONE', *, *, #6417, .T. ) ;
#3971 = DIRECTION ( 'NONE',  ( 0.000000000000000000, 0.000000000000000000, 1.000000000000000000 ) ) ;
#3972 = VERTEX_POINT ( 'NONE', #9362 ) ;
#3973 = LINE ( 'NONE', #888, #5150 ) ;
#3974 = ORIENTED_EDGE ( 'NONE', *, *, #6164, .F. ) ;
#3975 = EDGE_LOOP ( 'NONE', ( #3328, #9421, #8081, #7264 ) ) ;
#3976 = CARTESIAN_POINT ( 'NONE',  ( 41.71462083115812192, -5.000000000000000000, 23.63822177457588225 ) ) ;
#3977 = DIRECTION ( 'NONE',  ( -0.000000000000000000, 1.000000000000000000, -0.000000000000000000 ) ) ;
#3978 = EDGE_CURVE ( 'NONE', #9160, #5974, #2490, .T. ) ;
#3979 = EDGE_LOOP ( 'NONE', ( #7606, #9321, #5140, #8021 ) ) ;
#3980 = EDGE_LOOP ( 'NONE', ( #2561, #1237, #9858, #6368 ) ) ;
#3981 = ORIENTED_EDGE ( 'NONE', *, *, #9290, .T. ) ;
#3982 = CARTESIAN_POINT ( 'NONE',  ( 47.12388980384689319, -5.000000000000000000, 43.50000000000000000 ) ) ;
#3983 = ORIENTED_EDGE ( 'NONE', *, *, #6458, .T. ) ;
#3984 = CARTESIAN_POINT ( 'NONE',  ( 170.0000000000000000, -5.000000000000000000, 60.00000000000000000 ) ) ;
#3985 = DIRECTION ( 'NONE',  ( 0.000000000000000000, 0.000000000000000000, 1.000000000000000000 ) ) ;
#3986 = DIRECTION ( 'NONE',  ( -0.000000000000000000, 1.000000000000000000, -0.000000000000000000 ) ) ;
#3987 = EDGE_CURVE ( 'NONE', #5958, #6932, #6213, .T. ) ;
#3988 = LINE ( 'NONE', #760, #5045 ) ;
#3989 = ORIENTED_EDGE ( 'NONE', *, *, #2793, .F. ) ;
#3990 = CARTESIAN_POINT ( 'NONE',  ( -20.98684185082622733, 5.000000000000000000, 20.24999999999999289 ) ) ;
#3991 = VERTEX_POINT ( 'NONE', #3866 ) ;
#3992 = CARTESIAN_POINT ( 'NONE',  ( 159.0000000000000000, 5.000000000000000000, 40.89999999999999858 ) ) ;
#3993 = EDGE_CURVE ( 'NONE', #5872, #3132, #8457, .T. ) ;
#3994 = CARTESIAN_POINT ( 'NONE',  ( 59.12377081571349891, 5.000000000000000000, 20.24999999999999289 ) ) ;
#3995 = CYLINDRICAL_SURFACE ( 'NONE', #7388, 8.699999999995645439 ) ;
#3996 = ORIENTED_EDGE ( 'NONE', *, *, #3172, .F. ) ;
#3997 = FACE_OUTER_BOUND ( 'NONE', #9635, .T. ) ;
#3998 = CARTESIAN_POINT ( 'NONE',  ( -2.575103051097219709, -5.000000000000000000, 20.24999999999999289 ) ) ;
#3999 = CARTESIAN_POINT ( 'NONE',  ( -149.0000000000000000, 5.000000000000000000, -24.99999999999996803 ) ) ;
#4000 = CYLINDRICAL_SURFACE ( 'NONE', #233, 10.00000000000000178 ) ;
#4001 = ORIENTED_EDGE ( 'NONE', *, *, #1596, .F. ) ;
#4002 = EDGE_CURVE ( 'NONE', #392, #9719, #3925, .T. ) ;
#4003 = DIRECTION ( 'NONE',  ( -0.000000000000000000, -1.000000000000000000, -0.000000000000000000 ) ) ;
#4004 = LINE ( 'NONE', #8702, #7946 ) ;
#4005 = ORIENTED_EDGE ( 'NONE', *, *, #9780, .F. ) ;
#4006 = CARTESIAN_POINT ( 'NONE',  ( 131.7644434724091695, -5.000000000000000000, 25.27079167095700640 ) ) ;
#4007 = CARTESIAN_POINT ( 'NONE',  ( -137.3561604234600679, -5.000000000000000000, 23.63822177457588225 ) ) ;
#4008 = CARTESIAN_POINT ( 'NONE',  ( 134.0841773800587760, -5.000000000000000000, 20.24999999999999289 ) ) ;
#4009 = VERTEX_POINT ( 'NONE', #5602 ) ;
#4010 = EDGE_CURVE ( 'NONE', #7074, #646, #9256, .T. ) ;
#4011 = EDGE_LOOP ( 'NONE', ( #1981, #6921, #3190, #1613 ) ) ;
#4012 = EDGE_CURVE ( 'NONE', #8130, #4321, #9211, .T. ) ;
#4013 = AXIS2_PLACEMENT_3D ( 'NONE', #3483, #2838, #1099 ) ;
#4014 = CARTESIAN_POINT ( 'NONE',  ( 60.56417675269688061, -5.000000000000000000, 23.63822177457588225 ) ) ;
#4015 = ORIENTED_EDGE ( 'NONE', *, *, #5538, .F. ) ;
#4016 = CARTESIAN_POINT ( 'NONE',  ( 129.3717883996740738, -5.000000000000000000, 20.24999999999999289 ) ) ;
#4017 = EDGE_LOOP ( 'NONE', ( #5656, #2643, #356, #339 ) ) ;
#4018 = EDGE_CURVE ( 'NONE', #5640, #2218, #8533, .T. ) ;
#4019 = ORIENTED_EDGE ( 'NONE', *, *, #135, .F. ) ;
#4020 = CYLINDRICAL_SURFACE ( 'NONE', #7201, 8.699999999995645439 ) ;
#4021 = CIRCLE ( 'NONE', #2114, 19.87399999999006539 ) ;
#4022 = DIRECTION ( 'NONE',  ( -0.000000000000000000, 1.000000000000000000, -0.000000000000000000 ) ) ;
#4023 = ORIENTED_EDGE ( 'NONE', *, *, #8227, .T. ) ;
#4024 = ORIENTED_EDGE ( 'NONE', *, *, #7636, .F. ) ;
#4025 = AXIS2_PLACEMENT_3D ( 'NONE', #3573, #5073, #8123 ) ;
#4026 = ADVANCED_FACE ( 'NONE', ( #4659 ), #7016, .T. ) ;
#4027 = ORIENTED_EDGE ( 'NONE', *, *, #7323, .T. ) ;
#4028 = DIRECTION ( 'NONE',  ( 0.000000000000000000, 0.000000000000000000, 1.000000000000000000 ) ) ;
#4029 = ORIENTED_EDGE ( 'NONE', *, *, #2207, .F. ) ;
#4030 = CYLINDRICAL_SURFACE ( 'NONE', #8788, 8.699999999995648992 ) ;
#4031 = DIRECTION ( 'NONE',  ( -0.000000000000000000, 1.000000000000000000, -0.000000000000000000 ) ) ;
#4032 = CIRCLE ( 'NONE', #9291, 8.699999999995648992 ) ;
#4033 = VECTOR ( 'NONE', #6262, 1000.000000000000000 ) ;
#4034 = DIRECTION ( 'NONE',  ( -1.000000000000000000, 0.000000000000000000, 1.272130549049658700E-16 ) ) ;
#4035 = ORIENTED_EDGE ( 'NONE', *, *, #889, .T. ) ;
#4036 = EDGE_CURVE ( 'NONE', #1295, #4345, #577, .T. ) ;
#4038 = CARTESIAN_POINT ( 'NONE',  ( 170.0000000000000000, -5.000000000000000000, 50.00000000000000000 ) ) ;
#4037 = AXIS2_PLACEMENT_3D ( 'NONE', #9122, #5330, #8382 ) ;
#4039 = EDGE_LOOP ( 'NONE', ( #4801, #4059, #8758, #8671 ) ) ;
#4040 = VECTOR ( 'NONE', #870, 1000.000000000000000 ) ;
#4041 = CARTESIAN_POINT ( 'NONE',  ( 80.80749265884379895, -5.000000000000000000, 23.63822177457588225 ) ) ;
#4042 = DIRECTION ( 'NONE',  ( 1.000000000000000000, 0.000000000000000000, -1.272130549049658700E-16 ) ) ;
#4043 = DIRECTION ( 'NONE',  ( -0.000000000000000000, 1.000000000000000000, -0.000000000000000000 ) ) ;
#4044 = DIRECTION ( 'NONE',  ( -0.000000000000000000, 1.000000000000000000, -0.000000000000000000 ) ) ;
#4045 = ORIENTED_EDGE ( 'NONE', *, *, #9707, .F. ) ;
#4046 = DIRECTION ( 'NONE',  ( 0.000000000000000000, 0.000000000000000000, 1.000000000000000000 ) ) ;
#4047 = DIRECTION ( 'NONE',  ( -1.272130549049658700E-16, 0.000000000000000000, -1.000000000000000000 ) ) ;
#4048 = AXIS2_PLACEMENT_3D ( 'NONE', #1772, #3264, #6065 ) ;
#4049 = AXIS2_PLACEMENT_3D ( 'NONE', #5488, #9390, #2560 ) ;
#4050 = EDGE_CURVE ( 'NONE', #9797, #2242, #6143, .T. ) ;
#4051 = CARTESIAN_POINT ( 'NONE',  ( 127.2345024703866159, -5.000000000000000000, 43.50000000000000000 ) ) ;
#4052 = CARTESIAN_POINT ( 'NONE',  ( -98.26328859577442643, -5.000000000000000000, 23.63822177457588225 ) ) ;
#4053 = VECTOR ( 'NONE', #8091, 1000.000000000000000 ) ;
#4054 = ORIENTED_EDGE ( 'NONE', *, *, #9099, .F. ) ;
#4055 = CIRCLE ( 'NONE', #2949, 19.87399999999006539 ) ;
#4056 = LINE ( 'NONE', #182, #9620 ) ;
#4057 = LINE ( 'NONE', #7107, #3324 ) ;
#4058 = VECTOR ( 'NONE', #2916, 1000.000000000000000 ) ;
#4059 = ORIENTED_EDGE ( 'NONE', *, *, #9394, .F. ) ;
#4060 = DIRECTION ( 'NONE',  ( 1.000000000000000000, 0.000000000000000000, -1.272130549049658700E-16 ) ) ;
#4061 = LINE ( 'NONE', #6361, #8674 ) ;
#4062 = LINE ( 'NONE', #6912, #3920 ) ;
#4063 = ORIENTED_EDGE ( 'NONE', *, *, #9530, .T. ) ;
#4064 = CIRCLE ( 'NONE', #1362, 8.699999999995645439 ) ;
#4065 = ORIENTED_EDGE ( 'NONE', *, *, #9146, .T. ) ;
#4066 = AXIS2_PLACEMENT_3D ( 'NONE', #6924, #8465, #7829 ) ;
#4067 = EDGE_CURVE ( 'NONE', #8856, #4733, #939, .T. ) ;
#4068 = VECTOR ( 'NONE', #527, 1000.000000000000000 ) ;
#4069 = CARTESIAN_POINT ( 'NONE',  ( -125.0972165410991437, -5.000000000000000000, 20.24999999999999289 ) ) ;
#4070 = ORIENTED_EDGE ( 'NONE', *, *, #3834, .F. ) ;
#4071 = DIRECTION ( 'NONE',  ( 0.000000000000000000, 0.000000000000000000, 1.000000000000000000 ) ) ;
#4072 = ORIENTED_EDGE ( 'NONE', *, *, #5934, .T. ) ;
#4073 = VERTEX_POINT ( 'NONE', #94 ) ;
#4074 = EDGE_CURVE ( 'NONE', #6270, #1838, #4812, .T. ) ;
#4075 = VECTOR ( 'NONE', #3270, 1000.000000000000000 ) ;
#4076 = DIRECTION ( 'NONE',  ( -0.000000000000000000, -1.000000000000000000, -0.000000000000000000 ) ) ;
#4077 = CIRCLE ( 'NONE', #2010, 8.699999999995645439 ) ;
#4078 = CARTESIAN_POINT ( 'NONE',  ( -108.2024985704857443, 5.000000000000000000, 25.27079167095700996 ) ) ;
#4079 = ORIENTED_EDGE ( 'NONE', *, *, #7818, .F. ) ;
#4080 = VERTEX_POINT ( 'NONE', #7715 ) ;
#4081 = EDGE_CURVE ( 'NONE', #2093, #6210, #8220, .T. ) ;
#4082 = VECTOR ( 'NONE', #8255, 1000.000000000000000 ) ;
#4083 = VECTOR ( 'NONE', #1572, 1000.000000000000000 ) ;
#4084 = ORIENTED_EDGE ( 'NONE', *, *, #5137, .T. ) ;
#4085 = LINE ( 'NONE', #307, #6111 ) ;
#4086 = ORIENTED_EDGE ( 'NONE', *, *, #3297, .T. ) ;
#4087 = CARTESIAN_POINT ( 'NONE',  ( -145.9016104135632474, -5.000000000000000000, 25.27079167095700996 ) ) ;
#4088 = CARTESIAN_POINT ( 'NONE',  ( 87.39810469802162629, -5.000000000000000000, 20.24999999999999289 ) ) ;
#4089 = STYLED_ITEM ( 'NONE', ( #6794 ), #7445 ) ;
#4090 = DIRECTION ( 'NONE',  ( 0.000000000000000000, 0.000000000000000000, 1.000000000000000000 ) ) ;
#4091 = EDGE_CURVE ( 'NONE', #4463, #4726, #3176, .T. ) ;
#4092 = ORIENTED_EDGE ( 'NONE', *, *, #8710, .T. ) ;
#4093 = EDGE_CURVE ( 'NONE', #6191, #8834, #8061, .T. ) ;
#4094 = CARTESIAN_POINT ( 'NONE',  ( -49.26117573313436537, 5.000000000000000000, 20.24999999999999289 ) ) ;
#4095 = ORIENTED_EDGE ( 'NONE', *, *, #1143, .F. ) ;
#4096 = AXIS2_PLACEMENT_3D ( 'NONE', #4972, #6338, #6530 ) ;
#4097 = CYLINDRICAL_SURFACE ( 'NONE', #4182, 19.87399999999006539 ) ;
#4098 = DIRECTION ( 'NONE',  ( -0.000000000000000000, -1.000000000000000000, 0.000000000000000000 ) ) ;
#4099 = CARTESIAN_POINT ( 'NONE',  ( 170.0000000000000000, -5.000000000000000000, 48.40000000000001279 ) ) ;
#4100 = DIRECTION ( 'NONE',  ( -0.000000000000000000, 1.000000000000000000, -0.000000000000000000 ) ) ;
#4101 = ORIENTED_EDGE ( 'NONE', *, *, #3667, .T. ) ;
#4102 = CARTESIAN_POINT ( 'NONE',  ( -127.9313824626907063, -5.000000000000000000, 23.63822177457588225 ) ) ;
#4103 = DIRECTION ( 'NONE',  ( -0.000000000000000000, 1.000000000000000000, -0.000000000000000000 ) ) ;
#4104 = EDGE_CURVE ( 'NONE', #6629, #4968, #5513, .T. ) ;
#4105 = CIRCLE ( 'NONE', #9040, 8.699999999995648992 ) ;
#4106 = CARTESIAN_POINT ( 'NONE',  ( -32.98672286269282949, 5.000000000000000000, 43.50000000000000000 ) ) ;
#4107 = DIRECTION ( 'NONE',  ( 1.000000000000000000, 0.000000000000000000, -1.272130549049658700E-16 ) ) ;
#4108 = ORIENTED_EDGE ( 'NONE', *, *, #7883, .F. ) ;
#4109 = AXIS2_PLACEMENT_3D ( 'NONE', #3117, #1620, #9297 ) ;
#4110 = LINE ( 'NONE', #5502, #6925 ) ;
#4111 = CARTESIAN_POINT ( 'NONE',  ( 79.41373267423564641, -5.000000000000000000, 23.63822177457588225 ) ) ;
#4112 = ORIENTED_EDGE ( 'NONE', *, *, #2116, .T. ) ;
#4113 = FACE_OUTER_BOUND ( 'NONE', #5301, .T. ) ;
#4114 = DIRECTION ( 'NONE',  ( -0.000000000000000000, 1.000000000000000000, -0.000000000000000000 ) ) ;
#4115 = CARTESIAN_POINT ( 'NONE',  ( 60.56417675269688061, 5.000000000000000000, 23.63822177457588225 ) ) ;
#4116 = EDGE_CURVE ( 'NONE', #8433, #6024, #3325, .T. ) ;
#4117 = CARTESIAN_POINT ( 'NONE',  ( 170.0000000000000000, -5.000000000000000000, -50.00000000000000000 ) ) ;
#4118 = CARTESIAN_POINT ( 'NONE',  ( 121.8252334976978517, 5.000000000000000000, 23.63822177457588225 ) ) ;
#4119 = VERTEX_POINT ( 'NONE', #8507 ) ;
#4120 = ORIENTED_EDGE ( 'NONE', *, *, #6046, .F. ) ;
#4121 = ADVANCED_FACE ( 'NONE', ( #9408 ), #7203, .T. ) ;
#4122 = CARTESIAN_POINT ( 'NONE',  ( 13.95471896279195079, -5.000000000000000000, 25.27079167095700640 ) ) ;
#4123 = CARTESIAN_POINT ( 'NONE',  ( 51.13939879192750482, -5.000000000000000000, 23.63822177457588225 ) ) ;
#4124 = ORIENTED_EDGE ( 'NONE', *, *, #75, .T. ) ;
#4125 = VERTEX_POINT ( 'NONE', #335 ) ;
#4126 = DIRECTION ( 'NONE',  ( 0.000000000000000000, 0.000000000000000000, 1.000000000000000000 ) ) ;
#4127 = ORIENTED_EDGE ( 'NONE', *, *, #3711, .T. ) ;
#4128 = CARTESIAN_POINT ( 'NONE',  ( 73.26093775686756260, 5.000000000000000000, 20.24999999999999289 ) ) ;
#4129 = VERTEX_POINT ( 'NONE', #5702 ) ;
#4130 = ADVANCED_FACE ( 'NONE', ( #477 ), #8899, .T. ) ;
#4131 = CARTESIAN_POINT ( 'NONE',  ( -35.12400879198030168, 5.000000000000000000, 20.24999999999999289 ) ) ;
#4132 = CARTESIAN_POINT ( 'NONE',  ( 99.65704858038256475, 5.000000000000000000, 23.63822177457588225 ) ) ;
#4133 = CARTESIAN_POINT ( 'NONE',  ( -84.12612165462034852, -5.000000000000000000, 23.63822177457588225 ) ) ;
#4134 = ORIENTED_EDGE ( 'NONE', *, *, #1930, .T. ) ;
#4135 = EDGE_CURVE ( 'NONE', #9774, #9427, #5976, .T. ) ;
#4136 = EDGE_LOOP ( 'NONE', ( #4375, #9026, #6820, #3326 ) ) ;
#4137 = DIRECTION ( 'NONE',  ( -0.000000000000000000, -1.000000000000000000, -0.000000000000000000 ) ) ;
#4138 = EDGE_CURVE ( 'NONE', #9591, #993, #7743, .T. ) ;
#4139 = CARTESIAN_POINT ( 'NONE',  ( -6.849674909672160084, 5.000000000000000000, 20.24999999999999289 ) ) ;
#4140 = LINE ( 'NONE', #2604, #3901 ) ;
#4141 = CARTESIAN_POINT ( 'NONE',  ( 98.77772060971635426, 5.000000000000000000, 25.27079167095700640 ) ) ;
#4142 = ORIENTED_EDGE ( 'NONE', *, *, #8662, .F. ) ;
#4143 = LINE ( 'NONE', #278, #7249 ) ;
#4144 = CARTESIAN_POINT ( 'NONE',  ( -150.0000000000000000, 5.000000000000000000, 20.24999999999999645 ) ) ;
#4145 = CARTESIAN_POINT ( 'NONE',  ( 110.9600495999450800, -5.000000000000000000, 20.24999999999999289 ) ) ;
#4146 = AXIS2_PLACEMENT_3D ( 'NONE', #1159, #1261, #8695 ) ;
#4147 = CARTESIAN_POINT ( 'NONE',  ( -89.71783860567123270, 5.000000000000000000, 25.27079167095700640 ) ) ;
#4148 = ADVANCED_FACE ( 'NONE', ( #6463 ), #2819, .T. ) ;
#4149 = ORIENTED_EDGE ( 'NONE', *, *, #3859, .F. ) ;
#4150 = CARTESIAN_POINT ( 'NONE',  ( 4.529941002022570551, -5.000000000000000000, 25.27079167095700640 ) ) ;
#4151 = CARTESIAN_POINT ( 'NONE',  ( 92.11049367840631419, 5.000000000000000000, 20.24999999999999289 ) ) ;
#4152 = ORIENTED_EDGE ( 'NONE', *, *, #8521, .F. ) ;
#4153 = CARTESIAN_POINT ( 'NONE',  ( -37.00223185077344112, -5.000000000000000000, 23.63822177457588225 ) ) ;
#4154 = DIRECTION ( 'NONE',  ( -0.000000000000000000, -1.000000000000000000, -0.000000000000000000 ) ) ;
#4155 = CARTESIAN_POINT ( 'NONE',  ( -127.4169504487487359, -5.000000000000000000, 25.27079167095700640 ) ) ;
#4156 = DIRECTION ( 'NONE',  ( -0.000000000000000000, 1.000000000000000000, -0.000000000000000000 ) ) ;
#4157 = CARTESIAN_POINT ( 'NONE',  ( -122.5221134900019280, 5.000000000000000000, 43.50000000000000000 ) ) ;
#4158 = EDGE_CURVE ( 'NONE', #7958, #6598, #1925, .T. ) ;
#4159 = VERTEX_POINT ( 'NONE', #8006 ) ;
#4160 = ORIENTED_EDGE ( 'NONE', *, *, #1096, .F. ) ;
#4161 = DIRECTION ( 'NONE',  ( 1.000000000000000000, 0.000000000000000000, -1.272130549049658700E-16 ) ) ;
#4162 = CARTESIAN_POINT ( 'NONE',  ( 122.3396655116398080, 5.000000000000000000, 25.27079167095700640 ) ) ;
#4163 = DIRECTION ( 'NONE',  ( 0.000000000000000000, 0.000000000000000000, 1.000000000000000000 ) ) ;
#4164 = VECTOR ( 'NONE', #6380, 1000.000000000000000 ) ;
#4165 = ORIENTED_EDGE ( 'NONE', *, *, #4523, .F. ) ;
#4166 = ORIENTED_EDGE ( 'NONE', *, *, #2678, .T. ) ;
#4167 = ADVANCED_FACE ( 'NONE', ( #7309 ), #4209, .T. ) ;
#4168 = DIRECTION ( 'NONE',  ( 0.000000000000000000, 0.000000000000000000, 1.000000000000000000 ) ) ;
#4169 = VERTEX_POINT ( 'NONE', #5856 ) ;
#4170 = AXIS2_PLACEMENT_3D ( 'NONE', #1394, #3826, #9114 ) ;
#4171 = CARTESIAN_POINT ( 'NONE',  ( 149.0000000000000000, -5.000000000000000000, 20.24999999999995737 ) ) ;
#4172 = ORIENTED_EDGE ( 'NONE', *, *, #6023, .F. ) ;
#4173 = DIRECTION ( 'NONE',  ( 0.000000000000000000, 0.000000000000000000, -1.000000000000000000 ) ) ;
#4174 = CARTESIAN_POINT ( 'NONE',  ( -101.0974545173659607, -5.000000000000000000, 20.24999999999999289 ) ) ;
#4175 = DIRECTION ( 'NONE',  ( 0.000000000000000000, 0.000000000000000000, 1.000000000000000000 ) ) ;
#4176 = CIRCLE ( 'NONE', #214, 10.00000000000000178 ) ;
#4177 = ORIENTED_EDGE ( 'NONE', *, *, #2991, .T. ) ;
#4178 = AXIS2_PLACEMENT_3D ( 'NONE', #1987, #7896, #7364 ) ;
#4179 = EDGE_CURVE ( 'NONE', #322, #249, #2172, .T. ) ;
#4180 = ORIENTED_EDGE ( 'NONE', *, *, #1287, .T. ) ;
#4181 = DIRECTION ( 'NONE',  ( 0.000000000000000000, 0.000000000000000000, 1.000000000000000000 ) ) ;
#4182 = AXIS2_PLACEMENT_3D ( 'NONE', #7142, #5627, #8684 ) ;
#4184 = AXIS2_PLACEMENT_3D ( 'NONE', #941, #3327, #5603 ) ;
#4183 = CARTESIAN_POINT ( 'NONE',  ( 14.31961491951618370, 5.000000000000000000, 25.27079167095700996 ) ) ;
#4185 = DIRECTION ( 'NONE',  ( -0.000000000000000000, -1.000000000000000000, -0.000000000000000000 ) ) ;
#4186 = DIRECTION ( 'NONE',  ( -0.000000000000000000, 1.000000000000000000, -0.000000000000000000 ) ) ;
#4187 = DIRECTION ( 'NONE',  ( -0.000000000000000000, -1.000000000000000000, -0.000000000000000000 ) ) ;
#4188 = EDGE_CURVE ( 'NONE', #6012, #5563, #3919, .T. ) ;
#4189 = EDGE_CURVE ( 'NONE', #4009, #6676, #263, .T. ) ;
#4190 = DIRECTION ( 'NONE',  ( -0.000000000000000000, 1.000000000000000000, -0.000000000000000000 ) ) ;
#4191 = FACE_OUTER_BOUND ( 'NONE', #8612, .T. ) ;
#4192 = AXIS2_PLACEMENT_3D ( 'NONE', #9814, #8125, #5911 ) ;
#4193 = EDGE_CURVE ( 'NONE', #5989, #9597, #5819, .T. ) ;
#4194 = AXIS2_PLACEMENT_3D ( 'NONE', #2371, #3166, #4800 ) ;
#4195 = DIRECTION ( 'NONE',  ( -0.000000000000000000, -1.000000000000000000, -0.000000000000000000 ) ) ;
#4196 = LINE ( 'NONE', #9586, #1826 ) ;
#4197 = ORIENTED_EDGE ( 'NONE', *, *, #5256, .T. ) ;
#4198 = FACE_OUTER_BOUND ( 'NONE', #1411, .T. ) ;
#4199 = CARTESIAN_POINT ( 'NONE',  ( 108.2024985704857443, -5.000000000000000000, 25.27079167095700640 ) ) ;
#4200 = ORIENTED_EDGE ( 'NONE', *, *, #7412, .F. ) ;
#4201 = AXIS2_PLACEMENT_3D ( 'NONE', #471, #514, #3501 ) ;
#4202 = DIRECTION ( 'NONE',  ( 0.000000000000000000, 0.000000000000000000, 1.000000000000000000 ) ) ;
#4203 = CARTESIAN_POINT ( 'NONE',  ( -39.83639777236498958, 5.000000000000000000, 20.24999999999999289 ) ) ;
#4204 = AXIS2_PLACEMENT_3D ( 'NONE', #8007, #433, #1525 ) ;
#4205 = CARTESIAN_POINT ( 'NONE',  ( 99.65704858038256475, -5.000000000000000000, 23.63822177457588225 ) ) ;
#4206 = ADVANCED_FACE ( 'NONE', ( #1971 ), #7162, .T. ) ;
#4207 = ADVANCED_FACE ( 'NONE', ( #5059 ), #5654, .T. ) ;
#4208 = VECTOR ( 'NONE', #2900, 1000.000000000000000 ) ;
#4209 = CYLINDRICAL_SURFACE ( 'NONE', #1372, 8.699999999995645439 ) ;
#4210 = CIRCLE ( 'NONE', #9790, 8.699999999995645439 ) ;
#4211 = DIRECTION ( 'NONE',  ( -0.000000000000000000, 1.000000000000000000, -0.000000000000000000 ) ) ;
#4212 = VERTEX_POINT ( 'NONE', #4260 ) ;
#4213 = VERTEX_POINT ( 'NONE', #7966 ) ;
#4214 = CARTESIAN_POINT ( 'NONE',  ( 2.137285929287469965, -5.000000000000000000, 20.24999999999999289 ) ) ;
#4215 = DIRECTION ( 'NONE',  ( -0.000000000000000000, -1.000000000000000000, -0.000000000000000000 ) ) ;
#4216 = DIRECTION ( 'NONE',  ( 1.000000000000000000, 0.000000000000000000, -1.272130549049658700E-16 ) ) ;
#4217 = VECTOR ( 'NONE', #7593, 1000.000000000000000 ) ;
#4218 = CIRCLE ( 'NONE', #5328, 8.699999999995648992 ) ;
#4219 = VERTEX_POINT ( 'NONE', #3366 ) ;
#4220 = CIRCLE ( 'NONE', #4865, 19.87399999999006539 ) ;
#4221 = EDGE_CURVE ( 'NONE', #3629, #2092, #5191, .T. ) ;
#4222 = VERTEX_POINT ( 'NONE', #2766 ) ;
#4223 = DIRECTION ( 'NONE',  ( 0.000000000000000000, 0.000000000000000000, 1.000000000000000000 ) ) ;
#4224 = AXIS2_PLACEMENT_3D ( 'NONE', #9595, #1228, #4305 ) ;
#4225 = VERTEX_POINT ( 'NONE', #1272 ) ;
#4226 = VECTOR ( 'NONE', #6371, 1000.000000000000000 ) ;
#4227 = VECTOR ( 'NONE', #6664, 1000.000000000000000 ) ;
#4228 = DIRECTION ( 'NONE',  ( -1.000000000000000000, 0.000000000000000000, 1.272130549049658700E-16 ) ) ;
#4229 = ORIENTED_EDGE ( 'NONE', *, *, #6636, .F. ) ;
#4230 = CYLINDRICAL_SURFACE ( 'NONE', #8638, 8.699999999995648992 ) ;
#4231 = DIRECTION ( 'NONE',  ( -0.000000000000000000, 1.000000000000000000, -0.000000000000000000 ) ) ;
#4232 = CARTESIAN_POINT ( 'NONE',  ( -85.00544962528653059, 5.000000000000000000, 25.27079167095700640 ) ) ;
#4233 = AXIS2_PLACEMENT_3D ( 'NONE', #6657, #9698, #5897 ) ;
#4234 = ORIENTED_EDGE ( 'NONE', *, *, #4611, .T. ) ;
#4235 = CIRCLE ( 'NONE', #7102, 8.699999999995648992 ) ;
#4236 = ORIENTED_EDGE ( 'NONE', *, *, #7845, .F. ) ;
#4237 = DIRECTION ( 'NONE',  ( 0.000000000000000000, 0.000000000000000000, 1.000000000000000000 ) ) ;
#4238 = VECTOR ( 'NONE', #2706, 1000.000000000000000 ) ;
#4239 = DIRECTION ( 'NONE',  ( -0.000000000000000000, 1.000000000000000000, -0.000000000000000000 ) ) ;
#4240 = DIRECTION ( 'NONE',  ( -0.000000000000000000, -1.000000000000000000, -0.000000000000000000 ) ) ;
#4241 = DIRECTION ( 'NONE',  ( 0.000000000000000000, 0.000000000000000000, 1.000000000000000000 ) ) ;
#4242 = VERTEX_POINT ( 'NONE', #521 ) ;
#4243 = DIRECTION ( 'NONE',  ( -0.000000000000000000, 1.000000000000000000, -0.000000000000000000 ) ) ;
#4244 = EDGE_CURVE ( 'NONE', #5974, #3822, #6469, .T. ) ;
#4245 = FACE_OUTER_BOUND ( 'NONE', #4771, .T. ) ;
#4246 = ORIENTED_EDGE ( 'NONE', *, *, #2453, .T. ) ;
#4247 = AXIS2_PLACEMENT_3D ( 'NONE', #910, #4740, #7597 ) ;
#4248 = DIRECTION ( 'NONE',  ( 0.000000000000000000, 0.000000000000000000, -1.000000000000000000 ) ) ;
#4249 = ORIENTED_EDGE ( 'NONE', *, *, #4315, .T. ) ;
#4250 = CARTESIAN_POINT ( 'NONE',  ( -150.0000000000000000, 5.000000000000000000, 20.24999999999999645 ) ) ;
#4251 = VERTEX_POINT ( 'NONE', #9053 ) ;
#4252 = DIRECTION ( 'NONE',  ( 0.000000000000000000, 0.000000000000000000, 1.000000000000000000 ) ) ;
#4253 = CARTESIAN_POINT ( 'NONE',  ( 33.68360285499690576, -5.000000000000000000, 23.63822177457588225 ) ) ;
#4254 = EDGE_LOOP ( 'NONE', ( #196, #3989, #9075, #6645 ) ) ;
#4255 = DIRECTION ( 'NONE',  ( 0.000000000000000000, 0.000000000000000000, 1.000000000000000000 ) ) ;
#4256 = AXIS2_PLACEMENT_3D ( 'NONE', #3706, #2823, #6757 ) ;
#4257 = DIRECTION ( 'NONE',  ( 0.000000000000000000, 0.000000000000000000, 1.000000000000000000 ) ) ;
#4258 = ADVANCED_FACE ( 'NONE', ( #669 ), #580, .T. ) ;
#4259 = CARTESIAN_POINT ( 'NONE',  ( -149.0000000000000000, -5.000000000000000000, 19.24999999999999645 ) ) ;
#4260 = CARTESIAN_POINT ( 'NONE',  ( -63.83615979609819391, -5.000000000000000000, 20.24999999999999289 ) ) ;
#4261 = EDGE_CURVE ( 'NONE', #8876, #4919, #9017, .T. ) ;
#4262 = VECTOR ( 'NONE', #7846, 1000.000000000000000 ) ;
#4263 = CARTESIAN_POINT ( 'NONE',  ( -150.0000000000000000, 5.000000000000000000, 20.24999999999999645 ) ) ;
#4264 = ORIENTED_EDGE ( 'NONE', *, *, #1156, .T. ) ;
#4265 = ORIENTED_EDGE ( 'NONE', *, *, #8110, .F. ) ;
#4266 = EDGE_CURVE ( 'NONE', #6285, #8986, #4553, .T. ) ;
#4267 = CARTESIAN_POINT ( 'NONE',  ( 55.85178777231219271, -5.000000000000000000, 23.63822177457588225 ) ) ;
#4268 = CARTESIAN_POINT ( 'NONE',  ( -150.0000000000000000, 5.000000000000000000, 20.24999999999999645 ) ) ;
#4269 = EDGE_CURVE ( 'NONE', #2852, #6598, #7555, .T. ) ;
#4270 = DIRECTION ( 'NONE',  ( -0.000000000000000000, 1.000000000000000000, -0.000000000000000000 ) ) ;
#4271 = CIRCLE ( 'NONE', #2051, 8.699999999995645439 ) ;
#4272 = ORIENTED_EDGE ( 'NONE', *, *, #1985, .T. ) ;
#4273 = ORIENTED_EDGE ( 'NONE', *, *, #9673, .F. ) ;
#4274 = CARTESIAN_POINT ( 'NONE',  ( 170.0000000000000000, -5.000000000000000000, 50.00000000000000000 ) ) ;
#4275 = DIRECTION ( 'NONE',  ( 0.000000000000000000, 0.000000000000000000, 1.000000000000000000 ) ) ;
#4276 = ORIENTED_EDGE ( 'NONE', *, *, #5619, .F. ) ;
#4277 = CARTESIAN_POINT ( 'NONE',  ( 32.28984287038874612, -5.000000000000000000, 23.63822177457588225 ) ) ;
#4278 = ORIENTED_EDGE ( 'NONE', *, *, #4285, .F. ) ;
#4279 = ADVANCED_FACE ( 'NONE', ( #5103 ), #9793, .T. ) ;
#4280 = DIRECTION ( 'NONE',  ( -0.000000000000000000, -1.000000000000000000, -0.000000000000000000 ) ) ;
#4281 = DIRECTION ( 'NONE',  ( 0.000000000000000000, 1.000000000000000000, 0.000000000000000000 ) ) ;
#4282 = VERTEX_POINT ( 'NONE', #1316 ) ;
#4283 = EDGE_LOOP ( 'NONE', ( #7108, #2387, #1134, #3847 ) ) ;
#4284 = FACE_OUTER_BOUND ( 'NONE', #6266, .T. ) ;
#4285 = EDGE_CURVE ( 'NONE', #5263, #2442, #1521, .T. ) ;
#4286 = DIRECTION ( 'NONE',  ( -0.000000000000000000, -1.000000000000000000, -0.000000000000000000 ) ) ;
#4287 = DIRECTION ( 'NONE',  ( 0.000000000000000000, 0.000000000000000000, -1.000000000000000000 ) ) ;
#4288 = CARTESIAN_POINT ( 'NONE',  ( -150.0000000000000000, 5.000000000000000000, 20.24999999999999645 ) ) ;
#4289 = ORIENTED_EDGE ( 'NONE', *, *, #5119, .T. ) ;
#4290 = CYLINDRICAL_SURFACE ( 'NONE', #722, 8.699999999995648992 ) ;
#4291 = CARTESIAN_POINT ( 'NONE',  ( 30.84943693340536086, -5.000000000000000000, 20.24999999999999289 ) ) ;
#4292 = VERTEX_POINT ( 'NONE', #5208 ) ;
#4293 = CARTESIAN_POINT ( 'NONE',  ( 110.9600495999450800, -5.000000000000000000, 20.24999999999999289 ) ) ;
#4294 = ORIENTED_EDGE ( 'NONE', *, *, #2116, .F. ) ;
#4295 = ADVANCED_FACE ( 'NONE', ( #9739 ), #2863, .F. ) ;
#4296 = CARTESIAN_POINT ( 'NONE',  ( 143.9467724626379095, 5.000000000000000000, 20.24999999999999289 ) ) ;
#4297 = ORIENTED_EDGE ( 'NONE', *, *, #8528, .F. ) ;
#4298 = CYLINDRICAL_SURFACE ( 'NONE', #1830, 19.87399999999006539 ) ;
#4299 = LINE ( 'NONE', #6652, #9375 ) ;
#4300 = AXIS2_PLACEMENT_3D ( 'NONE', #6959, #1722, #3957 ) ;
#4301 = ORIENTED_EDGE ( 'NONE', *, *, #9199, .F. ) ;
#4302 = DIRECTION ( 'NONE',  ( -0.000000000000000000, 1.000000000000000000, -0.000000000000000000 ) ) ;
#4303 = CARTESIAN_POINT ( 'NONE',  ( 200.0000000000000000, 5.000000000000000000, 49.99999999999999289 ) ) ;
#4304 = VECTOR ( 'NONE', #3601, 1000.000000000000000 ) ;
#4305 = DIRECTION ( 'NONE',  ( -1.000000000000000000, 0.000000000000000000, 1.272130549049658700E-16 ) ) ;
#4306 = EDGE_CURVE ( 'NONE', #1717, #467, #6750, .T. ) ;
#4307 = DIRECTION ( 'NONE',  ( -0.000000000000000000, -1.000000000000000000, -0.000000000000000000 ) ) ;
#4308 = ORIENTED_EDGE ( 'NONE', *, *, #8851, .T. ) ;
#4309 = CARTESIAN_POINT ( 'NONE',  ( -169.9999999999999716, -5.000000000000000000, -39.89999999999999858 ) ) ;
#4310 = ORIENTED_EDGE ( 'NONE', *, *, #414, .F. ) ;
#4311 = DIRECTION ( 'NONE',  ( -0.000000000000000000, 1.000000000000000000, -0.000000000000000000 ) ) ;
#4312 = DIRECTION ( 'NONE',  ( 0.000000000000000000, 0.000000000000000000, 1.000000000000000000 ) ) ;
#4313 = CIRCLE ( 'NONE', #1780, 19.87399999999006539 ) ;
#4314 = DIRECTION ( 'NONE',  ( -0.000000000000000000, -1.000000000000000000, -0.000000000000000000 ) ) ;
#4315 = EDGE_CURVE ( 'NONE', #9237, #80, #7112, .T. ) ;
#4316 = ORIENTED_EDGE ( 'NONE', *, *, #1253, .F. ) ;
#4317 = ORIENTED_EDGE ( 'NONE', *, *, #9697, .F. ) ;
#4318 = ADVANCED_FACE ( 'NONE', ( #7404 ), #2909, .T. ) ;
#4319 = CARTESIAN_POINT ( 'NONE',  ( -113.7942155215366427, 5.000000000000000000, 23.63822177457588225 ) ) ;
#4320 = FACE_OUTER_BOUND ( 'NONE', #1639, .T. ) ;
#4321 = VERTEX_POINT ( 'NONE', #4555 ) ;
#4322 = FACE_OUTER_BOUND ( 'NONE', #4011, .T. ) ;
#4323 = ORIENTED_EDGE ( 'NONE', *, *, #1724, .F. ) ;
#4324 = DIRECTION ( 'NONE',  ( 0.000000000000000000, 0.000000000000000000, 1.000000000000000000 ) ) ;
#4325 = DIRECTION ( 'NONE',  ( -0.000000000000000000, 1.000000000000000000, -0.000000000000000000 ) ) ;
#4326 = ORIENTED_EDGE ( 'NONE', *, *, #7621, .T. ) ;
#4327 = ADVANCED_FACE ( 'NONE', ( #8942 ), #3702, .T. ) ;
#4328 = EDGE_CURVE ( 'NONE', #1717, #3767, #5299, .T. ) ;
#4329 = AXIS2_PLACEMENT_3D ( 'NONE', #8429, #8281, #6789 ) ;
#4330 = VERTEX_POINT ( 'NONE', #6810 ) ;
#4331 = DIRECTION ( 'NONE',  ( 0.000000000000000000, 0.000000000000000000, 1.000000000000000000 ) ) ;
#4332 = DIRECTION ( 'NONE',  ( 1.000000000000000000, 0.000000000000000000, -0.000000000000000000 ) ) ;
#4333 = FACE_OUTER_BOUND ( 'NONE', #896, .T. ) ;
#4334 = CARTESIAN_POINT ( 'NONE',  ( -134.0841773800587760, -5.000000000000000000, 20.24999999999999289 ) ) ;
#4335 = DIRECTION ( 'NONE',  ( -0.000000000000000000, 1.000000000000000000, -0.000000000000000000 ) ) ;
#4336 = CIRCLE ( 'NONE', #6570, 8.699999999995648992 ) ;
#4337 = CARTESIAN_POINT ( 'NONE',  ( -150.0000000000000000, 5.000000000000000000, 20.24999999999999645 ) ) ;
#4338 = ORIENTED_EDGE ( 'NONE', *, *, #6754, .F. ) ;
#4339 = EDGE_CURVE ( 'NONE', #510, #1414, #2967, .T. ) ;
#4341 = CYLINDRICAL_SURFACE ( 'NONE', #6866, 19.87399999999006539 ) ;
#4340 = AXIS2_PLACEMENT_3D ( 'NONE', #7542, #2306, #8932 ) ;
#4342 = ORIENTED_EDGE ( 'NONE', *, *, #6720, .T. ) ;
#4343 = VECTOR ( 'NONE', #5818, 1000.000000000000000 ) ;
#4344 = CARTESIAN_POINT ( 'NONE',  ( -159.9999999999999716, -5.000000000000000000, 29.89999999999999503 ) ) ;
#4345 = VERTEX_POINT ( 'NONE', #9846 ) ;
#4346 = DIRECTION ( 'NONE',  ( -0.000000000000000000, -1.000000000000000000, -0.000000000000000000 ) ) ;
#4347 = LINE ( 'NONE', #8894, #9054 ) ;
#4348 = ORIENTED_EDGE ( 'NONE', *, *, #1586, .F. ) ;
#4349 = DIRECTION ( 'NONE',  ( 0.000000000000000000, 0.000000000000000000, 1.000000000000000000 ) ) ;
#4350 = CARTESIAN_POINT ( 'NONE',  ( -150.0000000000000000, 5.000000000000000000, 20.24999999999999645 ) ) ;
#4351 = AXIS2_PLACEMENT_3D ( 'NONE', #2601, #7986, #1149 ) ;
#4352 = VECTOR ( 'NONE', #9213, 1000.000000000000000 ) ;
#4353 = CARTESIAN_POINT ( 'NONE',  ( 160.0000000000000000, -5.000000000000000000, 40.89999999999999858 ) ) ;
#4354 = CARTESIAN_POINT ( 'NONE',  ( 93.55089961538971011, -5.000000000000000000, 23.63822177457588225 ) ) ;
#4355 = AXIS2_PLACEMENT_3D ( 'NONE', #6773, #2190, #5269 ) ;
#4356 = ORIENTED_EDGE ( 'NONE', *, *, #3365, .T. ) ;
#4357 = VECTOR ( 'NONE', #1725, 1000.000000000000000 ) ;
#4358 = VECTOR ( 'NONE', #3593, 1000.000000000000000 ) ;
#4359 = CARTESIAN_POINT ( 'NONE',  ( 35.56182591379005231, -5.000000000000000000, 20.24999999999999289 ) ) ;
#4360 = ORIENTED_EDGE ( 'NONE', *, *, #9582, .F. ) ;
#4361 = LINE ( 'NONE', #8949, #9320 ) ;
#4362 = FACE_OUTER_BOUND ( 'NONE', #8313, .T. ) ;
#4363 = DIRECTION ( 'NONE',  ( 0.000000000000000000, 0.000000000000000000, 1.000000000000000000 ) ) ;
#4364 = ADVANCED_FACE ( 'NONE', ( #6049 ), #9097, .T. ) ;
#4365 = ORIENTED_EDGE ( 'NONE', *, *, #5451, .F. ) ;
#4366 = AXIS2_PLACEMENT_3D ( 'NONE', #4758, #6249, #1075 ) ;
#4367 = VERTEX_POINT ( 'NONE', #26 ) ;
#4368 = CIRCLE ( 'NONE', #3891, 8.699999999995648992 ) ;
#4369 = AXIS2_PLACEMENT_3D ( 'NONE', #4482, #7532, #701 ) ;
#4370 = CARTESIAN_POINT ( 'NONE',  ( 65.79099774702353898, -5.000000000000000000, 25.27079167095700640 ) ) ;
#4371 = PLANE ( 'NONE',  #8969 ) ;
#4372 = ADVANCED_FACE ( 'NONE', ( #9147 ), #5084, .T. ) ;
#4373 = ORIENTED_EDGE ( 'NONE', *, *, #8299, .F. ) ;
#4374 = CARTESIAN_POINT ( 'NONE',  ( -159.9999999999999432, -5.000000000000000000, -39.89999999999999858 ) ) ;
#4375 = ORIENTED_EDGE ( 'NONE', *, *, #8595, .F. ) ;
#4376 = CIRCLE ( 'NONE', #7893, 19.87399999999006539 ) ;
#4377 = AXIS2_PLACEMENT_3D ( 'NONE', #7582, #2193, #9580 ) ;
#4378 = PLANE ( 'NONE',  #9440 ) ;
#4379 = EDGE_CURVE ( 'NONE', #3379, #5965, #2743, .T. ) ;
#4380 = DIRECTION ( 'NONE',  ( -0.000000000000000000, 1.000000000000000000, -0.000000000000000000 ) ) ;
#4381 = ORIENTED_EDGE ( 'NONE', *, *, #8823, .F. ) ;
#4382 = AXIS2_PLACEMENT_3D ( 'NONE', #5984, #5332, #8282 ) ;
#4383 = AXIS2_PLACEMENT_3D ( 'NONE', #933, #3917, #6313 ) ;
#4384 = ORIENTED_EDGE ( 'NONE', *, *, #7227, .F. ) ;
#4385 = LINE ( 'NONE', #607, #3389 ) ;
#4386 = CARTESIAN_POINT ( 'NONE',  ( 77.97332673725225050, -5.000000000000000000, 20.24999999999999289 ) ) ;
#4387 = CARTESIAN_POINT ( 'NONE',  ( -150.0000000000000000, 5.000000000000000000, 20.24999999999999645 ) ) ;
#4388 = DIRECTION ( 'NONE',  ( -0.000000000000000000, -1.000000000000000000, 0.000000000000000000 ) ) ;
#4389 = DIRECTION ( 'NONE',  ( 0.000000000000000000, 0.000000000000000000, 1.000000000000000000 ) ) ;
#4390 = EDGE_CURVE ( 'NONE', #8112, #1180, #115, .T. ) ;
#4391 = VECTOR ( 'NONE', #3510, 1000.000000000000000 ) ;
#4392 = VECTOR ( 'NONE', #8848, 1000.000000000000000 ) ;
#4393 = EDGE_CURVE ( 'NONE', #9411, #4125, #8826, .T. ) ;
#4394 = CIRCLE ( 'NONE', #3441, 8.699999999995645439 ) ;
#4395 = ORIENTED_EDGE ( 'NONE', *, *, #5706, .T. ) ;
#4396 = VECTOR ( 'NONE', #6536, 1000.000000000000000 ) ;
#4397 = DIRECTION ( 'NONE',  ( 0.000000000000000000, 1.000000000000000000, 0.000000000000000000 ) ) ;
#4398 = ORIENTED_EDGE ( 'NONE', *, *, #1138, .F. ) ;
#4399 = AXIS2_PLACEMENT_3D ( 'NONE', #1663, #3110, #6151 ) ;
#4400 = CYLINDRICAL_SURFACE ( 'NONE', #55, 8.699999999995645439 ) ;
#4401 = ORIENTED_EDGE ( 'NONE', *, *, #2145, .T. ) ;
#4402 = CYLINDRICAL_SURFACE ( 'NONE', #7569, 8.699999999995648992 ) ;
#4403 = LINE ( 'NONE', #1417, #9210 ) ;
#4404 = ORIENTED_EDGE ( 'NONE', *, *, #1829, .T. ) ;
#4405 = ADVANCED_FACE ( 'NONE', ( #7233 ), #5777, .T. ) ;
#4406 = LINE ( 'NONE', #4496, #902 ) ;
#4407 = FACE_OUTER_BOUND ( 'NONE', #2953, .T. ) ;
#4408 = CIRCLE ( 'NONE', #2822, 8.699999999995645439 ) ;
#4409 = DIRECTION ( 'NONE',  ( 0.000000000000000000, 0.000000000000000000, 1.000000000000000000 ) ) ;
#4410 = DIRECTION ( 'NONE',  ( 0.000000000000000000, 0.000000000000000000, 1.000000000000000000 ) ) ;
#4411 = ORIENTED_EDGE ( 'NONE', *, *, #1480, .T. ) ;
#4412 = AXIS2_PLACEMENT_3D ( 'NONE', #4929, #1341, #6781 ) ;
#4413 = CARTESIAN_POINT ( 'NONE',  ( 73.26093775686756260, -5.000000000000000000, 20.24999999999999289 ) ) ;
#4414 = ORIENTED_EDGE ( 'NONE', *, *, #6562, .F. ) ;
#4415 = EDGE_CURVE ( 'NONE', #3496, #9265, #9483, .T. ) ;
#4416 = DIRECTION ( 'NONE',  ( -0.000000000000000000, 1.000000000000000000, -0.000000000000000000 ) ) ;
#4417 = DIRECTION ( 'NONE',  ( -0.000000000000000000, 1.000000000000000000, -0.000000000000000000 ) ) ;
#4418 = CARTESIAN_POINT ( 'NONE',  ( -74.70134369385097273, -5.000000000000000000, 23.63822177457588225 ) ) ;
#4419 = ORIENTED_EDGE ( 'NONE', *, *, #440, .T. ) ;
#4420 = ORIENTED_EDGE ( 'NONE', *, *, #2782, .T. ) ;
#4421 = AXIS2_PLACEMENT_3D ( 'NONE', #5583, #1106, #6906 ) ;
#4422 = CARTESIAN_POINT ( 'NONE',  ( -150.0000000000000000, -5.000000000000000000, -24.99999999999996803 ) ) ;
#4423 = CARTESIAN_POINT ( 'NONE',  ( 160.0000000000000000, -5.000000000000000000, -60.00000000000000000 ) ) ;
#4424 = ORIENTED_EDGE ( 'NONE', *, *, #2689, .F. ) ;
#4425 = EDGE_CURVE ( 'NONE', #4925, #5735, #8134, .T. ) ;
#4426 = CARTESIAN_POINT ( 'NONE',  ( 170.0000000000000000, 5.000000000000000000, 49.99999999999999289 ) ) ;
#4427 = ORIENTED_EDGE ( 'NONE', *, *, #9376, .T. ) ;
#4428 = AXIS2_PLACEMENT_3D ( 'NONE', #7054, #5596, #8646 ) ;
#4429 = DIRECTION ( 'NONE',  ( 0.000000000000000000, 0.000000000000000000, 1.000000000000000000 ) ) ;
#4430 = ORIENTED_EDGE ( 'NONE', *, *, #9014, .F. ) ;
#4431 = FACE_OUTER_BOUND ( 'NONE', #2323, .T. ) ;
#4432 = ORIENTED_EDGE ( 'NONE', *, *, #195, .F. ) ;
#4433 = ORIENTED_EDGE ( 'NONE', *, *, #3355, .F. ) ;
#4434 = EDGE_CURVE ( 'NONE', #8628, #8077, #2795, .T. ) ;
#4435 = CARTESIAN_POINT ( 'NONE',  ( -52.53315877653567156, -5.000000000000000000, 23.63822177457588225 ) ) ;
#4436 = LINE ( 'NONE', #7482, #8471 ) ;
#4437 = CARTESIAN_POINT ( 'NONE',  ( -150.0000000000000000, -5.000000000000000000, 20.24999999999999645 ) ) ;
#4438 = DIRECTION ( 'NONE',  ( 1.000000000000000000, 0.000000000000000000, -1.272130549049658700E-16 ) ) ;
#4439 = DIRECTION ( 'NONE',  ( -1.000000000000000000, 0.000000000000000000, 1.272130549049658700E-16 ) ) ;
#4440 = EDGE_CURVE ( 'NONE', #6691, #7973, #6632, .T. ) ;
#4441 = ORIENTED_EDGE ( 'NONE', *, *, #7190, .T. ) ;
#4442 = FACE_OUTER_BOUND ( 'NONE', #997, .T. ) ;
#4443 = ORIENTED_EDGE ( 'NONE', *, *, #3950, .F. ) ;
#4444 = ADVANCED_FACE ( 'NONE', ( #3390 ), #2701, .F. ) ;
#4445 = DIRECTION ( 'NONE',  ( -1.272130549049658700E-16, 0.000000000000000000, -1.000000000000000000 ) ) ;
#4446 = ORIENTED_EDGE ( 'NONE', *, *, #2648, .T. ) ;
#4447 = DIRECTION ( 'NONE',  ( 0.000000000000000000, 0.000000000000000000, 1.000000000000000000 ) ) ;
#4448 = CARTESIAN_POINT ( 'NONE',  ( 104.3694375607672526, -5.000000000000000000, 23.63822177457588225 ) ) ;
#4449 = ORIENTED_EDGE ( 'NONE', *, *, #5894, .F. ) ;
#4450 = VERTEX_POINT ( 'NONE', #8090 ) ;
#4451 = DIRECTION ( 'NONE',  ( 0.000000000000000000, 0.000000000000000000, 1.000000000000000000 ) ) ;
#4452 = CARTESIAN_POINT ( 'NONE',  ( -49.26117573313436537, -5.000000000000000000, 20.24999999999999289 ) ) ;
#4453 = EDGE_CURVE ( 'NONE', #1087, #5514, #2339, .T. ) ;
#4454 = CARTESIAN_POINT ( 'NONE',  ( -108.5673945272099843, -5.000000000000000000, 25.27079167095700640 ) ) ;
#4455 = VECTOR ( 'NONE', #6200, 1000.000000000000000 ) ;
#4456 = CARTESIAN_POINT ( 'NONE',  ( -117.9921724879793601, 5.000000000000000000, 25.27079167095700640 ) ) ;
#4457 = ORIENTED_EDGE ( 'NONE', *, *, #9474, .F. ) ;
#4458 = CARTESIAN_POINT ( 'NONE',  ( -92.11049367840631419, 5.000000000000000000, 20.24999999999999289 ) ) ;
#4459 = VERTEX_POINT ( 'NONE', #5833 ) ;
#4460 = DIRECTION ( 'NONE',  ( -0.000000000000000000, 1.000000000000000000, -0.000000000000000000 ) ) ;
#4461 = DIRECTION ( 'NONE',  ( 1.000000000000000000, 0.000000000000000000, -1.272130549049658700E-16 ) ) ;
#4462 = FACE_OUTER_BOUND ( 'NONE', #696, .T. ) ;
#4463 = VERTEX_POINT ( 'NONE', #8036 ) ;
#4464 = AXIS2_PLACEMENT_3D ( 'NONE', #1816, #7244, #4851 ) ;
#4465 = ORIENTED_EDGE ( 'NONE', *, *, #7984, .F. ) ;
#4466 = EDGE_CURVE ( 'NONE', #7722, #3334, #5879, .T. ) ;
#4467 = CYLINDRICAL_SURFACE ( 'NONE', #1125, 19.87399999999006539 ) ;
#4468 = DIRECTION ( 'NONE',  ( 0.000000000000000000, 0.000000000000000000, 1.000000000000000000 ) ) ;
#4469 = ORIENTED_EDGE ( 'NONE', *, *, #93, .F. ) ;
#4470 = PLANE ( 'NONE',  #8026 ) ;
#4471 = ORIENTED_EDGE ( 'NONE', *, *, #6083, .T. ) ;
#4472 = DIRECTION ( 'NONE',  ( 0.000000000000000000, 0.000000000000000000, 1.000000000000000000 ) ) ;
#4473 = CARTESIAN_POINT ( 'NONE',  ( 127.0520544920244959, -5.000000000000000000, 25.27079167095700640 ) ) ;
#4474 = ORIENTED_EDGE ( 'NONE', *, *, #557, .F. ) ;
#4475 = CARTESIAN_POINT ( 'NONE',  ( -150.0000000000000000, 5.000000000000000000, 20.24999999999999645 ) ) ;
#4476 = VERTEX_POINT ( 'NONE', #7333 ) ;
#4477 = EDGE_CURVE ( 'NONE', #6629, #2549, #5666, .T. ) ;
#4478 = ORIENTED_EDGE ( 'NONE', *, *, #9681, .F. ) ;
#4479 = DIRECTION ( 'NONE',  ( -0.000000000000000000, -1.000000000000000000, -0.000000000000000000 ) ) ;
#4480 = CARTESIAN_POINT ( 'NONE',  ( -75.58067166451715480, 5.000000000000000000, 25.27079167095700640 ) ) ;
#4481 = FACE_OUTER_BOUND ( 'NONE', #188, .T. ) ;
#4482 = CARTESIAN_POINT ( 'NONE',  ( -56.73111574297840320, 5.000000000000000000, 25.27079167095700640 ) ) ;
#4483 = VERTEX_POINT ( 'NONE', #7379 ) ;
#4484 = ADVANCED_FACE ( 'NONE', ( #553 ), #3446, .T. ) ;
#4485 = VECTOR ( 'NONE', #3089, 1000.000000000000000 ) ;
#4486 = CARTESIAN_POINT ( 'NONE',  ( 98.26328859577441222, -5.000000000000000000, 23.63822177457588225 ) ) ;
#4487 = ORIENTED_EDGE ( 'NONE', *, *, #5004, .T. ) ;
#4488 = DIRECTION ( 'NONE',  ( -1.000000000000000000, 0.000000000000000000, 1.272130549049658700E-16 ) ) ;
#4489 = ORIENTED_EDGE ( 'NONE', *, *, #3207, .F. ) ;
#4490 = ADVANCED_FACE ( 'NONE', ( #5727 ), #2096, .T. ) ;
#4491 = AXIS2_PLACEMENT_3D ( 'NONE', #2931, #1439, #4472 ) ;
#4492 = CARTESIAN_POINT ( 'NONE',  ( 9.607225939131495807, -5.000000000000000000, 25.27079167095700996 ) ) ;
#4493 = DIRECTION ( 'NONE',  ( -0.000000000000000000, 1.000000000000000000, -0.000000000000000000 ) ) ;
#4494 = ORIENTED_EDGE ( 'NONE', *, *, #32, .T. ) ;
#4495 = EDGE_LOOP ( 'NONE', ( #5210, #2311, #4092, #2956 ) ) ;
#4496 = CARTESIAN_POINT ( 'NONE',  ( -129.3717883996740738, -5.000000000000000000, 20.24999999999999289 ) ) ;
#4497 = CARTESIAN_POINT ( 'NONE',  ( 82.24789859582719487, -5.000000000000000000, 20.24999999999999289 ) ) ;
#4498 = EDGE_CURVE ( 'NONE', #2437, #4955, #5683, .T. ) ;
#4499 = AXIS2_PLACEMENT_3D ( 'NONE', #6190, #3099, #3247 ) ;
#4500 = DIRECTION ( 'NONE',  ( -0.000000000000000000, 1.000000000000000000, -0.000000000000000000 ) ) ;
#4501 = LINE ( 'NONE', #2117, #867 ) ;
#4502 = ORIENTED_EDGE ( 'NONE', *, *, #6458, .F. ) ;
#4503 = DIRECTION ( 'NONE',  ( 0.000000000000000000, 0.000000000000000000, 1.000000000000000000 ) ) ;
#4504 = VERTEX_POINT ( 'NONE', #7287 ) ;
#4505 = CIRCLE ( 'NONE', #3555, 8.699999999995645439 ) ;
#4506 = DIRECTION ( 'NONE',  ( 0.000000000000000000, 1.000000000000000000, 0.000000000000000000 ) ) ;
#4507 = CARTESIAN_POINT ( 'NONE',  ( 19.54643591384283496, 5.000000000000000000, 23.63822177457588225 ) ) ;
#4508 = LINE ( 'NONE', #2275, #6618 ) ;
#4509 = EDGE_CURVE ( 'NONE', #7169, #5958, #418, .T. ) ;
#4510 = EDGE_CURVE ( 'NONE', #9222, #2169, #2294, .T. ) ;
#4511 = ORIENTED_EDGE ( 'NONE', *, *, #4993, .F. ) ;
#4512 = EDGE_CURVE ( 'NONE', #3864, #9714, #3289, .T. ) ;
#4513 = EDGE_LOOP ( 'NONE', ( #204, #6070, #3889, #9385 ) ) ;
#4514 = VECTOR ( 'NONE', #904, 1000.000000000000000 ) ;
#4515 = AXIS2_PLACEMENT_3D ( 'NONE', #2416, #79, #8597 ) ;
#4516 = LINE ( 'NONE', #5963, #5724 ) ;
#4517 = CARTESIAN_POINT ( 'NONE',  ( 27.57745389000405822, 5.000000000000000000, 23.63822177457588225 ) ) ;
#4518 = VERTEX_POINT ( 'NONE', #8383 ) ;
#4519 = DIRECTION ( 'NONE',  ( 0.000000000000000000, 0.000000000000000000, 1.000000000000000000 ) ) ;
#4520 = VERTEX_POINT ( 'NONE', #3738 ) ;
#4521 = DIRECTION ( 'NONE',  ( 0.000000000000000000, 0.000000000000000000, 1.000000000000000000 ) ) ;
#4522 = CARTESIAN_POINT ( 'NONE',  ( -106.2476606195603921, -5.000000000000000000, 20.24999999999999289 ) ) ;
#4523 = EDGE_CURVE ( 'NONE', #4242, #9383, #1146, .T. ) ;
#4524 = CIRCLE ( 'NONE', #4366, 8.699999999995645439 ) ;
#4525 = ORIENTED_EDGE ( 'NONE', *, *, #1285, .F. ) ;
#4526 = VECTOR ( 'NONE', #1716, 1000.000000000000000 ) ;
#4527 = CARTESIAN_POINT ( 'NONE',  ( 75.21577570779291477, -5.000000000000000000, 25.27079167095700640 ) ) ;
#4528 = ORIENTED_EDGE ( 'NONE', *, *, #3412, .F. ) ;
#4529 = CIRCLE ( 'NONE', #6287, 8.699999999995645439 ) ;
#4530 = ORIENTED_EDGE ( 'NONE', *, *, #2207, .T. ) ;
#4531 = CIRCLE ( 'NONE', #3263, 19.87399999999006539 ) ;
#4532 = CIRCLE ( 'NONE', #6767, 19.87399999999006539 ) ;
#4533 = DIRECTION ( 'NONE',  ( -0.000000000000000000, -1.000000000000000000, -0.000000000000000000 ) ) ;
#4534 = CARTESIAN_POINT ( 'NONE',  ( -75.58067166451715480, -5.000000000000000000, 25.27079167095700640 ) ) ;
#4535 = DIRECTION ( 'NONE',  ( 0.000000000000000000, 0.000000000000000000, 1.000000000000000000 ) ) ;
#4536 = CARTESIAN_POINT ( 'NONE',  ( 117.1128445173131638, 5.000000000000000000, 23.63822177457588225 ) ) ;
#4537 = CARTESIAN_POINT ( 'NONE',  ( 115.2346214585200244, -5.000000000000000000, 20.24999999999999289 ) ) ;
#4538 = AXIS2_PLACEMENT_3D ( 'NONE', #907, #3193, #4585 ) ;
#4539 = VERTEX_POINT ( 'NONE', #6030 ) ;
#4540 = AXIS2_PLACEMENT_3D ( 'NONE', #4006, #7056, #2273 ) ;
#4541 = DIRECTION ( 'NONE',  ( 0.000000000000000000, 0.000000000000000000, 1.000000000000000000 ) ) ;
#4542 = ORIENTED_EDGE ( 'NONE', *, *, #458, .F. ) ;
#4543 = CARTESIAN_POINT ( 'NONE',  ( -32.80427488433071659, 5.000000000000000000, 25.27079167095700996 ) ) ;
#4544 = AXIS2_PLACEMENT_3D ( 'NONE', #4767, #6971, #6915 ) ;
#4545 = VECTOR ( 'NONE', #441, 1000.000000000000000 ) ;
#4546 = EDGE_CURVE ( 'NONE', #2067, #4222, #355, .T. ) ;
#4547 = CARTESIAN_POINT ( 'NONE',  ( -65.27656573308159693, 5.000000000000000000, 23.63822177457588225 ) ) ;
#4548 = DIRECTION ( 'NONE',  ( -0.000000000000000000, 1.000000000000000000, -0.000000000000000000 ) ) ;
#4549 = ORIENTED_EDGE ( 'NONE', *, *, #920, .T. ) ;
#4550 = ORIENTED_EDGE ( 'NONE', *, *, #3215, .T. ) ;
#4551 = LINE ( 'NONE', #7758, #5641 ) ;
#4552 = CARTESIAN_POINT ( 'NONE',  ( -79.92816468817760267, 5.000000000000000000, 25.27079167095700996 ) ) ;
#4553 = CIRCLE ( 'NONE', #272, 19.87399999999006539 ) ;
#4554 = CIRCLE ( 'NONE', #6144, 19.87399999999006539 ) ;
#4555 = CARTESIAN_POINT ( 'NONE',  ( 143.9467724626379095, -5.000000000000000000, 20.24999999999999289 ) ) ;
#4556 = LINE ( 'NONE', #7051, #1339 ) ;
#4557 = ORIENTED_EDGE ( 'NONE', *, *, #4193, .T. ) ;
#4558 = EDGE_CURVE ( 'NONE', #5375, #9214, #2943, .T. ) ;
#4559 = CARTESIAN_POINT ( 'NONE',  ( 4.529941002022570551, 5.000000000000000000, 25.27079167095700640 ) ) ;
#4560 = DIRECTION ( 'NONE',  ( -0.000000000000000000, 1.000000000000000000, -0.000000000000000000 ) ) ;
#4561 = ORIENTED_EDGE ( 'NONE', *, *, #8480, .F. ) ;
#4562 = CARTESIAN_POINT ( 'NONE',  ( -150.0000000000000000, 5.000000000000000000, 20.24999999999999645 ) ) ;
#4563 = CARTESIAN_POINT ( 'NONE',  ( 13.95471896279195079, -5.000000000000000000, 25.27079167095700640 ) ) ;
#4564 = CARTESIAN_POINT ( 'NONE',  ( 170.0000000000000000, 5.000000000000000000, -51.59999999999999432 ) ) ;
#4565 = ORIENTED_EDGE ( 'NONE', *, *, #7182, .F. ) ;
#4566 = ORIENTED_EDGE ( 'NONE', *, *, #4881, .F. ) ;
#4567 = EDGE_CURVE ( 'NONE', #2885, #1630, #3681, .T. ) ;
#4568 = AXIS2_PLACEMENT_3D ( 'NONE', #7982, #9527, #1144 ) ;
#4569 = CARTESIAN_POINT ( 'NONE',  ( -14.83404693345815240, -5.000000000000000000, 23.63822177457588225 ) ) ;
#4570 = DIRECTION ( 'NONE',  ( 0.000000000000000000, 0.000000000000000000, 1.000000000000000000 ) ) ;
#4571 = ORIENTED_EDGE ( 'NONE', *, *, #6892, .F. ) ;
#4572 = ADVANCED_FACE ( 'NONE', ( #7592 ), #9180, .T. ) ;
#4573 = EDGE_LOOP ( 'NONE', ( #5121, #7353, #6044, #7925 ) ) ;
#4574 = CARTESIAN_POINT ( 'NONE',  ( -58.68595369390374827, -5.000000000000000000, 20.24999999999999289 ) ) ;
#4575 = DIRECTION ( 'NONE',  ( -0.000000000000000000, 1.000000000000000000, -0.000000000000000000 ) ) ;
#4576 = AXIS2_PLACEMENT_3D ( 'NONE', #2, #5273, #8424 ) ;
#4577 = ORIENTED_EDGE ( 'NONE', *, *, #1713, .F. ) ;
#4578 = DIRECTION ( 'NONE',  ( -0.000000000000000000, -1.000000000000000000, -0.000000000000000000 ) ) ;
#4579 = ORIENTED_EDGE ( 'NONE', *, *, #6587, .F. ) ;
#4580 = EDGE_CURVE ( 'NONE', #8991, #5859, #9078, .T. ) ;
#4581 = ORIENTED_EDGE ( 'NONE', *, *, #7001, .T. ) ;
#4582 = AXIS2_PLACEMENT_3D ( 'NONE', #3813, #727, #6204 ) ;
#4583 = CARTESIAN_POINT ( 'NONE',  ( 56.54866776461627609, -5.000000000000000000, 43.50000000000000000 ) ) ;
#4584 = DIRECTION ( 'NONE',  ( 0.000000000000000000, 0.000000000000000000, 1.000000000000000000 ) ) ;
#4585 = DIRECTION ( 'NONE',  ( 0.000000000000000000, 0.000000000000000000, 1.000000000000000000 ) ) ;
#4586 = CARTESIAN_POINT ( 'NONE',  ( 143.9467724626379095, -5.000000000000000000, 20.24999999999999289 ) ) ;
#4587 = DIRECTION ( 'NONE',  ( -0.000000000000000000, 1.000000000000000000, -0.000000000000000000 ) ) ;
#4588 = ORIENTED_EDGE ( 'NONE', *, *, #4784, .T. ) ;
#4589 = EDGE_CURVE ( 'NONE', #6527, #2638, #4436, .T. ) ;
#4590 = CARTESIAN_POINT ( 'NONE',  ( -94.43022758605592060, 5.000000000000000000, 25.27079167095700640 ) ) ;
#4591 = ORIENTED_EDGE ( 'NONE', *, *, #5717, .T. ) ;
#4592 = DIRECTION ( 'NONE',  ( 0.000000000000000000, 0.000000000000000000, 1.000000000000000000 ) ) ;
#4593 = CARTESIAN_POINT ( 'NONE',  ( -150.0000000000000000, 5.000000000000000000, 20.24999999999999645 ) ) ;
#4594 = DIRECTION ( 'NONE',  ( 0.000000000000000000, 0.000000000000000000, 1.000000000000000000 ) ) ;
#4595 = VERTEX_POINT ( 'NONE', #1498 ) ;
#4596 = ORIENTED_EDGE ( 'NONE', *, *, #3310, .F. ) ;
#4597 = CARTESIAN_POINT ( 'NONE',  ( 77.97332673725225050, 5.000000000000000000, 20.24999999999999289 ) ) ;
#4598 = DIRECTION ( 'NONE',  ( 0.000000000000000000, 0.000000000000000000, 1.000000000000000000 ) ) ;
#4599 = EDGE_CURVE ( 'NONE', #8669, #8139, #6727, .T. ) ;
#4600 = LINE ( 'NONE', #1617, #3036 ) ;
#4601 = DIRECTION ( 'NONE',  ( -0.000000000000000000, -1.000000000000000000, -0.000000000000000000 ) ) ;
#4602 = ORIENTED_EDGE ( 'NONE', *, *, #710, .F. ) ;
#4603 = CARTESIAN_POINT ( 'NONE',  ( -10.12165795307345917, 5.000000000000000000, 23.63822177457588225 ) ) ;
#4604 = DIRECTION ( 'NONE',  ( 1.000000000000000000, 0.000000000000000000, -1.272130549049658700E-16 ) ) ;
#4605 = ORIENTED_EDGE ( 'NONE', *, *, #6464, .T. ) ;
#4606 = DIRECTION ( 'NONE',  ( -0.000000000000000000, -1.000000000000000000, -0.000000000000000000 ) ) ;
#4607 = CARTESIAN_POINT ( 'NONE',  ( 190.0000000000000000, 5.000000000000000000, -48.40000000000004121 ) ) ;
#4608 = CARTESIAN_POINT ( 'NONE',  ( -150.0000000000000000, 5.000000000000000000, 20.24999999999999645 ) ) ;
#4609 = ORIENTED_EDGE ( 'NONE', *, *, #7269, .T. ) ;
#4610 = ORIENTED_EDGE ( 'NONE', *, *, #2841, .F. ) ;
#4611 = EDGE_CURVE ( 'NONE', #7670, #2829, #7046, .T. ) ;
#4612 = VERTEX_POINT ( 'NONE', #5331 ) ;
#4613 = CYLINDRICAL_SURFACE ( 'NONE', #3084, 19.87399999999006539 ) ;
#4614 = EDGE_LOOP ( 'NONE', ( #6506, #386, #8965, #2919 ) ) ;
#4615 = ORIENTED_EDGE ( 'NONE', *, *, #6367, .F. ) ;
#4616 = EDGE_CURVE ( 'NONE', #830, #4712, #8943, .T. ) ;
#4617 = CARTESIAN_POINT ( 'NONE',  ( 51.65383080586946818, -5.000000000000000000, 25.27079167095700640 ) ) ;
#4618 = CARTESIAN_POINT ( 'NONE',  ( -149.0000000000000000, -5.000000000000000000, -23.99999999999996447 ) ) ;
#4619 = ORIENTED_EDGE ( 'NONE', *, *, #4993, .T. ) ;
#4620 = DIRECTION ( 'NONE',  ( 0.000000000000000000, 0.000000000000000000, 1.000000000000000000 ) ) ;
#4621 = EDGE_LOOP ( 'NONE', ( #4338, #8553, #7938, #1739 ) ) ;
#4622 = EDGE_CURVE ( 'NONE', #7355, #2814, #2203, .T. ) ;
#4623 = AXIS2_PLACEMENT_3D ( 'NONE', #5637, #2567, #4248 ) ;
#4624 = EDGE_LOOP ( 'NONE', ( #6148, #7067, #4826, #5080 ) ) ;
#4625 = DIRECTION ( 'NONE',  ( -0.000000000000000000, 1.000000000000000000, -0.000000000000000000 ) ) ;
#4626 = CARTESIAN_POINT ( 'NONE',  ( -26.13704795302066941, -5.000000000000000000, 20.24999999999999289 ) ) ;
#4627 = CARTESIAN_POINT ( 'NONE',  ( -150.0000000000000000, 5.000000000000000000, 20.24999999999999645 ) ) ;
#4628 = CARTESIAN_POINT ( 'NONE',  ( -141.3716694115406938, -5.000000000000000000, 43.50000000000000000 ) ) ;
#4629 = AXIS2_PLACEMENT_3D ( 'NONE', #7363, #4963, #5072 ) ;
#4630 = FACE_OUTER_BOUND ( 'NONE', #6372, .T. ) ;
#4631 = EDGE_CURVE ( 'NONE', #3774, #9272, #9436, .T. ) ;
#4632 = ORIENTED_EDGE ( 'NONE', *, *, #1468, .T. ) ;
#4633 = ADVANCED_FACE ( 'NONE', ( #3794 ), #6839, .T. ) ;
#4634 = ADVANCED_FACE ( 'NONE', ( #800 ), #3836, .T. ) ;
#4635 = DIRECTION ( 'NONE',  ( 0.000000000000000000, 1.000000000000000000, -0.000000000000000000 ) ) ;
#4636 = ORIENTED_EDGE ( 'NONE', *, *, #7023, .T. ) ;
#4637 = DIRECTION ( 'NONE',  ( -0.000000000000000000, -1.000000000000000000, -0.000000000000000000 ) ) ;
#4638 = FACE_OUTER_BOUND ( 'NONE', #584, .T. ) ;
#4639 = DIRECTION ( 'NONE',  ( 0.000000000000000000, 0.000000000000000000, 1.000000000000000000 ) ) ;
#4640 = ORIENTED_EDGE ( 'NONE', *, *, #7451, .F. ) ;
#4641 = ORIENTED_EDGE ( 'NONE', *, *, #4512, .T. ) ;
#4642 = DIRECTION ( 'NONE',  ( -1.000000000000000000, 0.000000000000000000, 0.000000000000000000 ) ) ;
#4643 = VECTOR ( 'NONE', #7277, 1000.000000000000000 ) ;
#4644 = DIRECTION ( 'NONE',  ( -0.000000000000000000, 1.000000000000000000, -0.000000000000000000 ) ) ;
#4645 = EDGE_CURVE ( 'NONE', #7766, #3953, #2353, .T. ) ;
#4646 = UNCERTAINTY_MEASURE_WITH_UNIT (LENGTH_MEASURE( 1.000000000000000082E-05 ), #8883, 'distance_accuracy_value', 'NONE');
#4647 = DIRECTION ( 'NONE',  ( -0.000000000000000000, 1.000000000000000000, -0.000000000000000000 ) ) ;
#4648 = CARTESIAN_POINT ( 'NONE',  ( 52.53315877653566446, -5.000000000000000000, 23.63822177457588225 ) ) ;
#4649 = ORIENTED_EDGE ( 'NONE', *, *, #6335, .F. ) ;
#4650 = DIRECTION ( 'NONE',  ( 0.000000000000000000, 0.000000000000000000, 1.000000000000000000 ) ) ;
#4651 = ORIENTED_EDGE ( 'NONE', *, *, #3355, .T. ) ;
#4652 = CARTESIAN_POINT ( 'NONE',  ( 117.6272765312551201, -5.000000000000000000, 25.27079167095700640 ) ) ;
#4653 = DIRECTION ( 'NONE',  ( 0.000000000000000000, 0.000000000000000000, 1.000000000000000000 ) ) ;
#4654 = LINE ( 'NONE', #88, #5343 ) ;
#4655 = CIRCLE ( 'NONE', #7533, 8.699999999995648992 ) ;
#4656 = VECTOR ( 'NONE', #1591, 1000.000000000000000 ) ;
#4657 = VERTEX_POINT ( 'NONE', #2397 ) ;
#4658 = VERTEX_POINT ( 'NONE', #5574 ) ;
#4659 = FACE_OUTER_BOUND ( 'NONE', #964, .T. ) ;
#4660 = ORIENTED_EDGE ( 'NONE', *, *, #6284, .F. ) ;
#4661 = CARTESIAN_POINT ( 'NONE',  ( -30.84943693340536086, 5.000000000000000000, 20.24999999999999289 ) ) ;
#4662 = VECTOR ( 'NONE', #1105, 1000.000000000000000 ) ;
#4663 = ORIENTED_EDGE ( 'NONE', *, *, #1643, .T. ) ;
#4664 = AXIS2_PLACEMENT_3D ( 'NONE', #6038, #9084, #4541 ) ;
#4665 = VERTEX_POINT ( 'NONE', #259 ) ;
#4666 = ADVANCED_FACE ( 'NONE', ( #3940 ), #9379, .T. ) ;
#4667 = CARTESIAN_POINT ( 'NONE',  ( 59.12377081571349891, -5.000000000000000000, 20.24999999999999289 ) ) ;
#4668 = DIRECTION ( 'NONE',  ( 0.000000000000000000, 0.000000000000000000, 1.000000000000000000 ) ) ;
#4669 = ORIENTED_EDGE ( 'NONE', *, *, #8065, .T. ) ;
#4670 = DIRECTION ( 'NONE',  ( -0.000000000000000000, 1.000000000000000000, -0.000000000000000000 ) ) ;
#4671 = AXIS2_PLACEMENT_3D ( 'NONE', #7425, #493, #7474 ) ;
#4672 = ORIENTED_EDGE ( 'NONE', *, *, #314, .F. ) ;
#4673 = AXIS2_PLACEMENT_3D ( 'NONE', #788, #6869, #6115 ) ;
#4674 = EDGE_CURVE ( 'NONE', #5861, #1473, #3377, .T. ) ;
#4675 = ORIENTED_EDGE ( 'NONE', *, *, #8574, .F. ) ;
#4676 = CARTESIAN_POINT ( 'NONE',  ( -14.13716694115406902, 5.000000000000000000, 43.50000000000000000 ) ) ;
#4677 = ORIENTED_EDGE ( 'NONE', *, *, #947, .T. ) ;
#4678 = CIRCLE ( 'NONE', #7228, 19.87399999999006539 ) ;
#4679 = EDGE_CURVE ( 'NONE', #8139, #5358, #2550, .T. ) ;
#4681 = VECTOR ( 'NONE', #8301, 1000.000000000000000 ) ;
#4680 = DIRECTION ( 'NONE',  ( -0.000000000000000000, 1.000000000000000000, -0.000000000000000000 ) ) ;
#4682 = CARTESIAN_POINT ( 'NONE',  ( 18.66710794317663868, -5.000000000000000000, 25.27079167095700640 ) ) ;
#4683 = DIRECTION ( 'NONE',  ( 0.000000000000000000, 0.000000000000000000, 1.000000000000000000 ) ) ;
#4684 = AXIS2_PLACEMENT_3D ( 'NONE', #360, #3393, #7803 ) ;
#4685 = CARTESIAN_POINT ( 'NONE',  ( -23.37949692356133014, -5.000000000000000000, 25.27079167095700996 ) ) ;
#4686 = VERTEX_POINT ( 'NONE', #5425 ) ;
#4687 = AXIS2_PLACEMENT_3D ( 'NONE', #6802, #3845, #8292 ) ;
#4688 = ADVANCED_FACE ( 'NONE', ( #5473 ), #8624, .T. ) ;
#4689 = VECTOR ( 'NONE', #8343, 1000.000000000000000 ) ;
#4690 = AXIS2_PLACEMENT_3D ( 'NONE', #759, #2297, #1648 ) ;
#4691 = DIRECTION ( 'NONE',  ( 0.000000000000000000, 0.000000000000000000, 1.000000000000000000 ) ) ;
#4692 = ORIENTED_EDGE ( 'NONE', *, *, #3423, .T. ) ;
#4693 = DIRECTION ( 'NONE',  ( 0.000000000000000000, 0.000000000000000000, 1.000000000000000000 ) ) ;
#4694 = EDGE_CURVE ( 'NONE', #7473, #8910, #838, .T. ) ;
#4695 = ADVANCED_FACE ( 'NONE', ( #8474 ), #4737, .T. ) ;
#4696 = DIRECTION ( 'NONE',  ( -1.272130549049658700E-16, 0.000000000000000000, -1.000000000000000000 ) ) ;
#4697 = DIRECTION ( 'NONE',  ( 0.000000000000000000, 0.000000000000000000, 1.000000000000000000 ) ) ;
#4698 = VERTEX_POINT ( 'NONE', #3984 ) ;
#4699 = AXIS2_PLACEMENT_3D ( 'NONE', #4682, #3941, #1751 ) ;
#4701 = VECTOR ( 'NONE', #4700, 1000.000000000000000 ) ;
#4700 = DIRECTION ( 'NONE',  ( 1.000000000000000000, 0.000000000000000000, -1.272130549049658700E-16 ) ) ;
#4702 = AXIS2_PLACEMENT_3D ( 'NONE', #1122, #1025, #4255 ) ;
#4703 = CARTESIAN_POINT ( 'NONE',  ( -150.0000000000000000, 5.000000000000000000, 20.24999999999999645 ) ) ;
#4704 = CARTESIAN_POINT ( 'NONE',  ( -150.0000000000000000, 5.000000000000000000, 20.24999999999999645 ) ) ;
#4705 = AXIS2_PLACEMENT_3D ( 'NONE', #7071, #3977, #9315 ) ;
#4706 = AXIS2_PLACEMENT_3D ( 'NONE', #186, #6207, #879 ) ;
#4707 = CYLINDRICAL_SURFACE ( 'NONE', #4194, 8.699999999995645439 ) ;
#4708 = EDGE_CURVE ( 'NONE', #8315, #5573, #2893, .T. ) ;
#4709 = ORIENTED_EDGE ( 'NONE', *, *, #6096, .T. ) ;
#4710 = CARTESIAN_POINT ( 'NONE',  ( 44.98660387455942811, 5.000000000000000000, 20.24999999999999289 ) ) ;
#4711 = DIRECTION ( 'NONE',  ( -0.000000000000000000, 1.000000000000000000, -0.000000000000000000 ) ) ;
#4712 = VERTEX_POINT ( 'NONE', #162 ) ;
#4713 = CARTESIAN_POINT ( 'NONE',  ( 190.0000000000000000, -5.000000000000000000, 50.00000000000000000 ) ) ;
#4714 = CYLINDRICAL_SURFACE ( 'NONE', #736, 8.699999999995648992 ) ;
#4715 = DIRECTION ( 'NONE',  ( 0.000000000000000000, 0.000000000000000000, 1.000000000000000000 ) ) ;
#4716 = AXIS2_PLACEMENT_3D ( 'NONE', #1375, #3012, #2174 ) ;
#4717 = AXIS2_PLACEMENT_3D ( 'NONE', #2576, #4862, #7256 ) ;
#4718 = ORIENTED_EDGE ( 'NONE', *, *, #2998, .T. ) ;
#4719 = ORIENTED_EDGE ( 'NONE', *, *, #5975, .F. ) ;
#4720 = DIRECTION ( 'NONE',  ( -0.000000000000000000, 1.000000000000000000, -0.000000000000000000 ) ) ;
#4721 = ORIENTED_EDGE ( 'NONE', *, *, #2373, .T. ) ;
#4722 = DIRECTION ( 'NONE',  ( -0.000000000000000000, 1.000000000000000000, -0.000000000000000000 ) ) ;
#4723 = ADVANCED_FACE ( 'NONE', ( #6279 ), #999, .T. ) ;
#4724 = VERTEX_POINT ( 'NONE', #7684 ) ;
#4725 = AXIS2_PLACEMENT_3D ( 'NONE', #9581, #6394, #416 ) ;
#4726 = VERTEX_POINT ( 'NONE', #7738 ) ;
#4727 = LINE ( 'NONE', #9314, #2899 ) ;
#4728 = DIRECTION ( 'NONE',  ( -0.000000000000000000, 1.000000000000000000, -0.000000000000000000 ) ) ;
#4729 = ORIENTED_EDGE ( 'NONE', *, *, #8463, .T. ) ;
#4730 = VERTEX_POINT ( 'NONE', #1703 ) ;
#4731 = VECTOR ( 'NONE', #5576, 1000.000000000000000 ) ;
#4732 = ADVANCED_FACE ( 'NONE', ( #906 ), #4030, .T. ) ;
#4733 = VERTEX_POINT ( 'NONE', #205 ) ;
#4734 = CARTESIAN_POINT ( 'NONE',  ( 56.36621978625415608, -5.000000000000000000, 25.27079167095700640 ) ) ;
#4735 = ORIENTED_EDGE ( 'NONE', *, *, #9367, .F. ) ;
#4736 = VECTOR ( 'NONE', #9701, 1000.000000000000000 ) ;
#4737 = CYLINDRICAL_SURFACE ( 'NONE', #7851, 19.87399999999006539 ) ;
#4738 = CARTESIAN_POINT ( 'NONE',  ( 52.01872676259370110, 5.000000000000000000, 25.27079167095700996 ) ) ;
#4739 = LINE ( 'NONE', #4267, #8365 ) ;
#4740 = DIRECTION ( 'NONE',  ( -0.000000000000000000, -1.000000000000000000, -0.000000000000000000 ) ) ;
#4741 = VERTEX_POINT ( 'NONE', #1051 ) ;
#4742 = CIRCLE ( 'NONE', #1886, 10.00000000000000178 ) ;
#4743 = EDGE_CURVE ( 'NONE', #7831, #5743, #3145, .T. ) ;
#4744 = CARTESIAN_POINT ( 'NONE',  ( 159.0000000000000000, -5.000000000000000000, -40.89999999999999858 ) ) ;
#4745 = ORIENTED_EDGE ( 'NONE', *, *, #498, .F. ) ;
#4746 = CARTESIAN_POINT ( 'NONE',  ( 145.3871783996212912, 5.000000000000000000, 23.63822177457588225 ) ) ;
#4747 = DIRECTION ( 'NONE',  ( -0.000000000000000000, -1.000000000000000000, -0.000000000000000000 ) ) ;
#4748 = CARTESIAN_POINT ( 'NONE',  ( -118.5066045019213306, -5.000000000000000000, 23.63822177457588225 ) ) ;
#4749 = ORIENTED_EDGE ( 'NONE', *, *, #8322, .F. ) ;
#4750 = EDGE_CURVE ( 'NONE', #9351, #5965, #6184, .T. ) ;
#4751 = VECTOR ( 'NONE', #1165, 1000.000000000000000 ) ;
#4752 = DIRECTION ( 'NONE',  ( 0.000000000000000000, 0.000000000000000000, 1.000000000000000000 ) ) ;
#4753 = CARTESIAN_POINT ( 'NONE',  ( 70.86828268413246690, 5.000000000000000000, 25.27079167095700996 ) ) ;
#4754 = EDGE_CURVE ( 'NONE', #1549, #5543, #9741, .T. ) ;
#4755 = CARTESIAN_POINT ( 'NONE',  ( -150.0000000000000000, -5.000000000000000000, 20.24999999999999645 ) ) ;
#4756 = DIRECTION ( 'NONE',  ( 0.000000000000000000, 0.000000000000000000, 1.000000000000000000 ) ) ;
#4757 = EDGE_LOOP ( 'NONE', ( #7491, #1544, #9463, #9188 ) ) ;
#4758 = CARTESIAN_POINT ( 'NONE',  ( 66.15589370374777900, -5.000000000000000000, 25.27079167095700996 ) ) ;
#4759 = DIRECTION ( 'NONE',  ( 0.000000000000000000, 0.000000000000000000, 1.000000000000000000 ) ) ;
#4760 = ORIENTED_EDGE ( 'NONE', *, *, #354, .T. ) ;
#4761 = LINE ( 'NONE', #7815, #8372 ) ;
#4762 = DIRECTION ( 'NONE',  ( -0.000000000000000000, -1.000000000000000000, -0.000000000000000000 ) ) ;
#4763 = LINE ( 'NONE', #6208, #3760 ) ;
#4764 = EDGE_LOOP ( 'NONE', ( #4528, #7974, #5124, #8621 ) ) ;
#4765 = ADVANCED_FACE ( 'NONE', ( #9424 ), #847, .T. ) ;
#4766 = ORIENTED_EDGE ( 'NONE', *, *, #8261, .F. ) ;
#4767 = CARTESIAN_POINT ( 'NONE',  ( 141.3716694115406938, 5.000000000000000000, 43.50000000000000000 ) ) ;
#4768 = ORIENTED_EDGE ( 'NONE', *, *, #5712, .T. ) ;
#4769 = LINE ( 'NONE', #7824, #4833 ) ;
#4770 = CIRCLE ( 'NONE', #8121, 8.699999999995648992 ) ;
#4771 = EDGE_LOOP ( 'NONE', ( #6359, #9662, #5907, #2591 ) ) ;
#4772 = ORIENTED_EDGE ( 'NONE', *, *, #9077, .F. ) ;
#4773 = DIRECTION ( 'NONE',  ( 0.000000000000000000, 0.000000000000000000, 1.000000000000000000 ) ) ;
#4774 = CARTESIAN_POINT ( 'NONE',  ( -150.0000000000000000, 5.000000000000000000, 20.24999999999999645 ) ) ;
#4775 = EDGE_LOOP ( 'NONE', ( #6787, #9260 ) ) ;
#4776 = ADVANCED_FACE ( 'NONE', ( #1855 ), #6936, .T. ) ;
#4777 = ORIENTED_EDGE ( 'NONE', *, *, #266, .F. ) ;
#4778 = VERTEX_POINT ( 'NONE', #7327 ) ;
#4779 = CARTESIAN_POINT ( 'NONE',  ( 117.9921724879793601, -5.000000000000000000, 25.27079167095700996 ) ) ;
#4780 = ORIENTED_EDGE ( 'NONE', *, *, #6749, .T. ) ;
#4781 = DIRECTION ( 'NONE',  ( -0.000000000000000000, 1.000000000000000000, -0.000000000000000000 ) ) ;
#4782 = FACE_OUTER_BOUND ( 'NONE', #9519, .T. ) ;
#4783 = DIRECTION ( 'NONE',  ( 0.000000000000000000, 0.000000000000000000, 1.000000000000000000 ) ) ;
#4784 = EDGE_CURVE ( 'NONE', #4726, #6718, #1941, .T. ) ;
#4785 = DIRECTION ( 'NONE',  ( 0.000000000000000000, 0.000000000000000000, 1.000000000000000000 ) ) ;
#4786 = EDGE_LOOP ( 'NONE', ( #3757, #6558, #1433, #4721 ) ) ;
#4787 = CARTESIAN_POINT ( 'NONE',  ( -103.4901095901010422, -5.000000000000000000, 25.27079167095700996 ) ) ;
#4788 = ORIENTED_EDGE ( 'NONE', *, *, #32, .F. ) ;
#4789 = CARTESIAN_POINT ( 'NONE',  ( -150.0000000000000000, 5.000000000000000000, 20.24999999999999645 ) ) ;
#4790 = CARTESIAN_POINT ( 'NONE',  ( -113.7942155215366427, -5.000000000000000000, 23.63822177457588225 ) ) ;
#4791 = CARTESIAN_POINT ( 'NONE',  ( 28.09188590394601803, 5.000000000000000000, 25.27079167095700640 ) ) ;
#4792 = CYLINDRICAL_SURFACE ( 'NONE', #4049, 8.699999999995648992 ) ;
#4793 = AXIS2_PLACEMENT_3D ( 'NONE', #8093, #7991, #1153 ) ;
#4794 = VERTEX_POINT ( 'NONE', #4969 ) ;
#4795 = CARTESIAN_POINT ( 'NONE',  ( 122.5221134900019280, -5.000000000000000000, 43.50000000000000000 ) ) ;
#4796 = EDGE_CURVE ( 'NONE', #2775, #486, #4811, .T. ) ;
#4797 = CARTESIAN_POINT ( 'NONE',  ( -150.0000000000000000, 5.000000000000000000, 20.24999999999999645 ) ) ;
#4798 = EDGE_CURVE ( 'NONE', #4859, #9100, #513, .T. ) ;
#4799 = FACE_OUTER_BOUND ( 'NONE', #9223, .T. ) ;
#4800 = DIRECTION ( 'NONE',  ( 0.000000000000000000, 0.000000000000000000, 1.000000000000000000 ) ) ;
#4801 = ORIENTED_EDGE ( 'NONE', *, *, #1688, .F. ) ;
#4802 = FACE_OUTER_BOUND ( 'NONE', #5053, .T. ) ;
#4803 = CARTESIAN_POINT ( 'NONE',  ( 92.11049367840631419, -5.000000000000000000, 20.24999999999999289 ) ) ;
#4804 = ORIENTED_EDGE ( 'NONE', *, *, #1294, .T. ) ;
#4805 = DIRECTION ( 'NONE',  ( 0.000000000000000000, 0.000000000000000000, 1.000000000000000000 ) ) ;
#4806 = DIRECTION ( 'NONE',  ( 1.000000000000000000, 0.000000000000000000, -1.272130549049658700E-16 ) ) ;
#4807 = ADVANCED_FACE ( 'NONE', ( #9669 ), #6528, .T. ) ;
#4808 = LINE ( 'NONE', #880, #1860 ) ;
#4809 = VERTEX_POINT ( 'NONE', #4886 ) ;
#4810 = ORIENTED_EDGE ( 'NONE', *, *, #4750, .T. ) ;
#4811 = CIRCLE ( 'NONE', #9115, 8.699999999995645439 ) ;
#4812 = LINE ( 'NONE', #4069, #1206 ) ;
#4813 = ORIENTED_EDGE ( 'NONE', *, *, #7192, .F. ) ;
#4814 = DIRECTION ( 'NONE',  ( 0.000000000000000000, 0.000000000000000000, 1.000000000000000000 ) ) ;
#4815 = VERTEX_POINT ( 'NONE', #399 ) ;
#4816 = VERTEX_POINT ( 'NONE', #1141 ) ;
#4817 = EDGE_CURVE ( 'NONE', #6816, #1473, #6425, .T. ) ;
#4818 = CARTESIAN_POINT ( 'NONE',  ( 132.1293394291334380, -5.000000000000000000, 25.27079167095700996 ) ) ;
#4819 = EDGE_CURVE ( 'NONE', #1576, #4463, #1308, .T. ) ;
#4820 = CIRCLE ( 'NONE', #7854, 8.699999999995645439 ) ;
#4821 = CARTESIAN_POINT ( 'NONE',  ( 66.15589370374777900, -5.000000000000000000, 25.27079167095700996 ) ) ;
#4822 = ORIENTED_EDGE ( 'NONE', *, *, #9832, .T. ) ;
#4823 = ORIENTED_EDGE ( 'NONE', *, *, #6234, .T. ) ;
#4824 = AXIS2_PLACEMENT_3D ( 'NONE', #6084, #9135, #5243 ) ;
#4825 = AXIS2_PLACEMENT_3D ( 'NONE', #3842, #1563, #4691 ) ;
#4826 = ORIENTED_EDGE ( 'NONE', *, *, #5094, .T. ) ;
#4827 = CARTESIAN_POINT ( 'NONE',  ( 86.96028757621188277, -5.000000000000000000, 20.24999999999999289 ) ) ;
#4828 = VERTEX_POINT ( 'NONE', #1192 ) ;
#4829 = ADVANCED_FACE ( 'NONE', ( #495 ), #4230, .T. ) ;
#4830 = CARTESIAN_POINT ( 'NONE',  ( 94.24777960769378637, -5.000000000000000000, 43.50000000000000000 ) ) ;
#4831 = CARTESIAN_POINT ( 'NONE',  ( -150.0000000000000000, -5.000000000000000000, 20.24999999999999645 ) ) ;
#4832 = CIRCLE ( 'NONE', #8017, 8.699999999995648992 ) ;
#4833 = VECTOR ( 'NONE', #1834, 1000.000000000000000 ) ;
#4834 = CARTESIAN_POINT ( 'NONE',  ( -122.5221134900019280, -5.000000000000000000, 43.50000000000000000 ) ) ;
#4835 = VERTEX_POINT ( 'NONE', #7940 ) ;
#4837 = CARTESIAN_POINT ( 'NONE',  ( -84.64055366856229057, -5.000000000000000000, 25.27079167095700996 ) ) ;
#4836 = VECTOR ( 'NONE', #2593, 1000.000000000000000 ) ;
#4838 = VERTEX_POINT ( 'NONE', #9568 ) ;
#4839 = VECTOR ( 'NONE', #9397, 1000.000000000000000 ) ;
#4840 = VECTOR ( 'NONE', #6438, 1000.000000000000000 ) ;
#4841 = CARTESIAN_POINT ( 'NONE',  ( -155.3263883743326232, -5.000000000000000000, 25.27079167095700996 ) ) ;
#4842 = EDGE_CURVE ( 'NONE', #9427, #9160, #2736, .T. ) ;
#4843 = CARTESIAN_POINT ( 'NONE',  ( -150.0000000000000000, 5.000000000000000000, 20.24999999999999645 ) ) ;
#4844 = DIRECTION ( 'NONE',  ( -0.000000000000000000, 1.000000000000000000, -0.000000000000000000 ) ) ;
#4845 = DIRECTION ( 'NONE',  ( 0.000000000000000000, 0.000000000000000000, 1.000000000000000000 ) ) ;
#4846 = ORIENTED_EDGE ( 'NONE', *, *, #1597, .T. ) ;
#4847 = DIRECTION ( 'NONE',  ( -0.000000000000000000, 1.000000000000000000, -0.000000000000000000 ) ) ;
#4848 = DIRECTION ( 'NONE',  ( 0.000000000000000000, 0.000000000000000000, 1.000000000000000000 ) ) ;
#4849 = AXIS2_PLACEMENT_3D ( 'NONE', #6504, #2669, #7999 ) ;
#4850 = VECTOR ( 'NONE', #4114, 1000.000000000000000 ) ;
#4851 = DIRECTION ( 'NONE',  ( 0.000000000000000000, 0.000000000000000000, 1.000000000000000000 ) ) ;
#4852 = ADVANCED_FACE ( 'NONE', ( #9525 ), #5718, .T. ) ;
#4853 = DIRECTION ( 'NONE',  ( -1.000000000000000000, 0.000000000000000000, 1.272130549049658700E-16 ) ) ;
#4854 = VECTOR ( 'NONE', #5038, 1000.000000000000000 ) ;
#4855 = VERTEX_POINT ( 'NONE', #5674 ) ;
#4856 = VECTOR ( 'NONE', #7633, 1000.000000000000000 ) ;
#4857 = DIRECTION ( 'NONE',  ( 0.000000000000000000, 0.000000000000000000, 1.000000000000000000 ) ) ;
#4858 = CARTESIAN_POINT ( 'NONE',  ( -63.83615979609819391, 5.000000000000000000, 20.24999999999999289 ) ) ;
#4859 = VERTEX_POINT ( 'NONE', #4131 ) ;
#4860 = LINE ( 'NONE', #4153, #5338 ) ;
#4861 = LINE ( 'NONE', #7255, #6926 ) ;
#4862 = DIRECTION ( 'NONE',  ( -0.000000000000000000, -1.000000000000000000, -0.000000000000000000 ) ) ;
#4863 = VECTOR ( 'NONE', #6131, 1000.000000000000000 ) ;
#4864 = VECTOR ( 'NONE', #1039, 1000.000000000000000 ) ;
#4865 = AXIS2_PLACEMENT_3D ( 'NONE', #8057, #6402, #9447 ) ;
#4866 = CARTESIAN_POINT ( 'NONE',  ( -150.0000000000000000, -5.000000000000000000, 20.24999999999999645 ) ) ;
#4867 = EDGE_CURVE ( 'NONE', #1977, #7958, #2592, .T. ) ;
#4868 = DIRECTION ( 'NONE',  ( -0.000000000000000000, -1.000000000000000000, -0.000000000000000000 ) ) ;
#4869 = ORIENTED_EDGE ( 'NONE', *, *, #7150, .F. ) ;
#4870 = ORIENTED_EDGE ( 'NONE', *, *, #6982, .F. ) ;
#4871 = VECTOR ( 'NONE', #1629, 1000.000000000000000 ) ;
#4872 = VECTOR ( 'NONE', #8706, 1000.000000000000000 ) ;
#4873 = LINE ( 'NONE', #8073, #1367 ) ;
#4874 = CIRCLE ( 'NONE', #5025, 8.699999999995648992 ) ;
#4875 = DIRECTION ( 'NONE',  ( -0.000000000000000000, -1.000000000000000000, -0.000000000000000000 ) ) ;
#4876 = EDGE_CURVE ( 'NONE', #4459, #8145, #8084, .T. ) ;
#4877 = ORIENTED_EDGE ( 'NONE', *, *, #738, .F. ) ;
#4878 = VERTEX_POINT ( 'NONE', #5873 ) ;
#4879 = VECTOR ( 'NONE', #8999, 1000.000000000000000 ) ;
#4880 = AXIS2_PLACEMENT_3D ( 'NONE', #6956, #5546, #8444 ) ;
#4881 = EDGE_CURVE ( 'NONE', #3915, #2638, #4336, .T. ) ;
#4882 = DIRECTION ( 'NONE',  ( 1.000000000000000000, 0.000000000000000000, -1.272130549049658700E-16 ) ) ;
#4883 = ORIENTED_EDGE ( 'NONE', *, *, #7554, .F. ) ;
#4884 = CARTESIAN_POINT ( 'NONE',  ( 39.83639777236498958, -5.000000000000000000, 20.24999999999999289 ) ) ;
#4885 = EDGE_LOOP ( 'NONE', ( #9587, #4348, #4035, #5317 ) ) ;
#4886 = CARTESIAN_POINT ( 'NONE',  ( -107.6880665565438022, 5.000000000000000000, 23.63822177457588225 ) ) ;
#4887 = DIRECTION ( 'NONE',  ( 0.000000000000000000, 0.000000000000000000, 1.000000000000000000 ) ) ;
#4888 = AXIS2_PLACEMENT_3D ( 'NONE', #4685, #852, #9276 ) ;
#4889 = FACE_OUTER_BOUND ( 'NONE', #5670, .T. ) ;
#4890 = ORIENTED_EDGE ( 'NONE', *, *, #8238, .T. ) ;
#4891 = EDGE_CURVE ( 'NONE', #9714, #6601, #6893, .T. ) ;
#4892 = ORIENTED_EDGE ( 'NONE', *, *, #3340, .F. ) ;
#4893 = CARTESIAN_POINT ( 'NONE',  ( 56.73111574297840320, -5.000000000000000000, 25.27079167095700996 ) ) ;
#4894 = CARTESIAN_POINT ( 'NONE',  ( -150.0000000000000000, 5.000000000000000000, 20.24999999999999645 ) ) ;
#4895 = CARTESIAN_POINT ( 'NONE',  ( 7.287492031481909827, -5.000000000000000000, 20.24999999999999289 ) ) ;
#4896 = CARTESIAN_POINT ( 'NONE',  ( -21.42465897263597796, -5.000000000000000000, 20.24999999999999289 ) ) ;
#4897 = DIRECTION ( 'NONE',  ( -1.000000000000000000, 0.000000000000000000, 1.272130549049658700E-16 ) ) ;
#4898 = CARTESIAN_POINT ( 'NONE',  ( -150.0000000000000000, 5.000000000000000000, 20.24999999999999645 ) ) ;
#4899 = CYLINDRICAL_SURFACE ( 'NONE', #3444, 19.87399999999006539 ) ;
#4900 = VECTOR ( 'NONE', #1729, 1000.000000000000000 ) ;
#4901 = EDGE_CURVE ( 'NONE', #523, #1046, #8005, .T. ) ;
#4902 = DIRECTION ( 'NONE',  ( 1.000000000000000000, 0.000000000000000000, -1.272130549049658700E-16 ) ) ;
#4903 = DIRECTION ( 'NONE',  ( 0.000000000000000000, 0.000000000000000000, 1.000000000000000000 ) ) ;
#4904 = ORIENTED_EDGE ( 'NONE', *, *, #9573, .T. ) ;
#4905 = DIRECTION ( 'NONE',  ( -0.000000000000000000, 1.000000000000000000, -0.000000000000000000 ) ) ;
#4906 = DIRECTION ( 'NONE',  ( -1.272130549049658700E-16, 0.000000000000000000, -1.000000000000000000 ) ) ;
#4907 = ORIENTED_EDGE ( 'NONE', *, *, #8660, .F. ) ;
#4908 = PLANE ( 'NONE',  #2158 ) ;
#4909 = DIRECTION ( 'NONE',  ( 0.000000000000000000, 0.000000000000000000, 1.000000000000000000 ) ) ;
#4910 = LINE ( 'NONE', #5799, #4392 ) ;
#4911 = EDGE_CURVE ( 'NONE', #2242, #2858, #8642, .T. ) ;
#4912 = CARTESIAN_POINT ( 'NONE',  ( -70.68583470577034689, 5.000000000000000000, 43.50000000000000000 ) ) ;
#4913 = DIRECTION ( 'NONE',  ( -0.000000000000000000, 1.000000000000000000, -0.000000000000000000 ) ) ;
#4914 = ORIENTED_EDGE ( 'NONE', *, *, #7811, .T. ) ;
#4915 = ORIENTED_EDGE ( 'NONE', *, *, #5601, .F. ) ;
#4916 = DIRECTION ( 'NONE',  ( -1.272130549049658700E-16, 0.000000000000000000, -1.000000000000000000 ) ) ;
#4917 = DIRECTION ( 'NONE',  ( -0.000000000000000000, -1.000000000000000000, -0.000000000000000000 ) ) ;
#4918 = ADVANCED_FACE ( 'NONE', ( #1546 ), #2090, .T. ) ;
#4919 = VERTEX_POINT ( 'NONE', #6118 ) ;
#4920 = ORIENTED_EDGE ( 'NONE', *, *, #8960, .F. ) ;
#4921 = CARTESIAN_POINT ( 'NONE',  ( -25.69923083121091523, -5.000000000000000000, 20.24999999999999289 ) ) ;
#4922 = ORIENTED_EDGE ( 'NONE', *, *, #2580, .F. ) ;
#4923 = EDGE_CURVE ( 'NONE', #7220, #1120, #8226, .T. ) ;
#4924 = CARTESIAN_POINT ( 'NONE',  ( 63.83615979609819391, -5.000000000000000000, 20.24999999999999289 ) ) ;
#4925 = VERTEX_POINT ( 'NONE', #4574 ) ;
#4926 = CARTESIAN_POINT ( 'NONE',  ( 108.2024985704857443, 5.000000000000000000, 25.27079167095700640 ) ) ;
#4927 = CARTESIAN_POINT ( 'NONE',  ( 70.50338672740821266, 5.000000000000000000, 25.27079167095700640 ) ) ;
#4928 = EDGE_CURVE ( 'NONE', #1849, #3831, #7632, .T. ) ;
#4929 = CARTESIAN_POINT ( 'NONE',  ( -51.65383080586946818, -5.000000000000000000, 25.27079167095700996 ) ) ;
#4930 = ORIENTED_EDGE ( 'NONE', *, *, #5619, .T. ) ;
#4931 = EDGE_LOOP ( 'NONE', ( #5197, #3696, #7663, #6619 ) ) ;
#4932 = DIRECTION ( 'NONE',  ( 0.000000000000000000, 1.000000000000000000, -0.000000000000000000 ) ) ;
#4933 = DIRECTION ( 'NONE',  ( -1.000000000000000000, 0.000000000000000000, 1.272130549049658700E-16 ) ) ;
#4934 = CARTESIAN_POINT ( 'NONE',  ( 98.96016858807848848, -5.000000000000000000, 43.50000000000000000 ) ) ;
#4935 = DIRECTION ( 'NONE',  ( -0.000000000000000000, 1.000000000000000000, -0.000000000000000000 ) ) ;
#4936 = CARTESIAN_POINT ( 'NONE',  ( -47.30633778220901320, -5.000000000000000000, 25.27079167095700640 ) ) ;
#4937 = EDGE_CURVE ( 'NONE', #8743, #8216, #5441, .T. ) ;
#4938 = DIRECTION ( 'NONE',  ( 1.000000000000000000, 0.000000000000000000, -1.272130549049658700E-16 ) ) ;
#4939 = EDGE_CURVE ( 'NONE', #8205, #8145, #3068, .T. ) ;
#4940 = VECTOR ( 'NONE', #2851, 1000.000000000000000 ) ;
#4941 = CYLINDRICAL_SURFACE ( 'NONE', #4725, 8.699999999995648992 ) ;
#4942 = CARTESIAN_POINT ( 'NONE',  ( -150.0000000000000000, 5.000000000000000000, 20.24999999999999645 ) ) ;
#4943 = AXIS2_PLACEMENT_3D ( 'NONE', #504, #2847, #5882 ) ;
#4944 = CARTESIAN_POINT ( 'NONE',  ( -61.95793673730504736, -5.000000000000000000, 23.63822177457588225 ) ) ;
#4945 = ORIENTED_EDGE ( 'NONE', *, *, #1336, .T. ) ;
#4946 = FACE_OUTER_BOUND ( 'NONE', #7040, .T. ) ;
#4947 = DIRECTION ( 'NONE',  ( -1.000000000000000000, 0.000000000000000000, 0.000000000000000000 ) ) ;
#4948 = EDGE_LOOP ( 'NONE', ( #5386, #5010, #47, #2990 ) ) ;
#4949 = ADVANCED_FACE ( 'NONE', ( #8171 ), #6067, .T. ) ;
#4950 = DIRECTION ( 'NONE',  ( 0.000000000000000000, 1.000000000000000000, -0.000000000000000000 ) ) ;
#4951 = CARTESIAN_POINT ( 'NONE',  ( -28.45678186067025806, 5.000000000000000000, 25.27079167095700640 ) ) ;
#4952 = DIRECTION ( 'NONE',  ( 0.000000000000000000, 0.000000000000000000, 1.000000000000000000 ) ) ;
#4953 = DIRECTION ( 'NONE',  ( 0.000000000000000000, 0.000000000000000000, 1.000000000000000000 ) ) ;
#4954 = CYLINDRICAL_SURFACE ( 'NONE', #4204, 1.000000000000000888 ) ;
#4955 = VERTEX_POINT ( 'NONE', #7476 ) ;
#4956 = ORIENTED_EDGE ( 'NONE', *, *, #3271, .F. ) ;
#4957 = DIRECTION ( 'NONE',  ( -0.000000000000000000, 1.000000000000000000, -0.000000000000000000 ) ) ;
#4958 = CARTESIAN_POINT ( 'NONE',  ( -108.2024985704857443, -5.000000000000000000, 25.27079167095700996 ) ) ;
#4959 = DIRECTION ( 'NONE',  ( 1.000000000000000000, 0.000000000000000000, -1.272130549049658700E-16 ) ) ;
#4960 = AXIS2_PLACEMENT_3D ( 'NONE', #7836, #6988, #9273 ) ;
#4961 = ORIENTED_EDGE ( 'NONE', *, *, #5362, .T. ) ;
#4962 = ORIENTED_EDGE ( 'NONE', *, *, #6417, .F. ) ;
#4963 = DIRECTION ( 'NONE',  ( 0.000000000000000000, -0.000000000000000000, 1.000000000000000000 ) ) ;
#4964 = ORIENTED_EDGE ( 'NONE', *, *, #2621, .F. ) ;
#4965 = EDGE_CURVE ( 'NONE', #80, #6666, #643, .T. ) ;
#4966 = AXIS2_PLACEMENT_3D ( 'NONE', #6777, #2881, #4429 ) ;
#4967 = CARTESIAN_POINT ( 'NONE',  ( -30.41161981159560668, 5.000000000000000000, 20.24999999999999289 ) ) ;
#4968 = VERTEX_POINT ( 'NONE', #5970 ) ;
#4969 = CARTESIAN_POINT ( 'NONE',  ( 47.82076979615096946, -5.000000000000000000, 23.63822177457588225 ) ) ;
#4970 = DIRECTION ( 'NONE',  ( -1.000000000000000000, 0.000000000000000000, 1.272130549049658700E-16 ) ) ;
#4971 = EDGE_CURVE ( 'NONE', #2358, #7030, #1337, .T. ) ;
#4972 = CARTESIAN_POINT ( 'NONE',  ( 28.09188590394601803, -5.000000000000000000, 25.27079167095700640 ) ) ;
#4973 = AXIS2_PLACEMENT_3D ( 'NONE', #1412, #4445, #4488 ) ;
#4974 = ORIENTED_EDGE ( 'NONE', *, *, #2089, .T. ) ;
#4975 = CIRCLE ( 'NONE', #2441, 19.87399999999006539 ) ;
#4976 = ORIENTED_EDGE ( 'NONE', *, *, #804, .T. ) ;
#4977 = ADVANCED_FACE ( 'NONE', ( #3674 ), #4378, .T. ) ;
#4978 = DIRECTION ( 'NONE',  ( 0.000000000000000000, 0.000000000000000000, 1.000000000000000000 ) ) ;
#4979 = VECTOR ( 'NONE', #1947, 1000.000000000000000 ) ;
#4981 = CIRCLE ( 'NONE', #7216, 19.87399999999006539 ) ;
#4980 = DIRECTION ( 'NONE',  ( 0.000000000000000000, 0.000000000000000000, 1.000000000000000000 ) ) ;
#4982 = CARTESIAN_POINT ( 'NONE',  ( -4.894836958746808797, -5.000000000000000000, 25.27079167095700640 ) ) ;
#4983 = CARTESIAN_POINT ( 'NONE',  ( 125.0972165410991437, -5.000000000000000000, 20.24999999999999289 ) ) ;
#4984 = EDGE_LOOP ( 'NONE', ( #1028, #8124, #9702, #3689 ) ) ;
#4985 = CYLINDRICAL_SURFACE ( 'NONE', #7579, 19.87399999999006539 ) ;
#4986 = FACE_OUTER_BOUND ( 'NONE', #5047, .T. ) ;
#4987 = ADVANCED_FACE ( 'NONE', ( #8273 ), #5914, .F. ) ;
#4988 = ORIENTED_EDGE ( 'NONE', *, *, #574, .T. ) ;
#4989 = AXIS2_PLACEMENT_3D ( 'NONE', #4676, #5471, #4028 ) ;
#4990 = ADVANCED_FACE ( 'NONE', ( #1489 ), #2138, .T. ) ;
#4991 = DIRECTION ( 'NONE',  ( -0.000000000000000000, 1.000000000000000000, -0.000000000000000000 ) ) ;
#4992 = ORIENTED_EDGE ( 'NONE', *, *, #5975, .T. ) ;
#4993 = EDGE_CURVE ( 'NONE', #6868, #7341, #7521, .T. ) ;
#4994 = DIRECTION ( 'NONE',  ( 0.000000000000000000, 1.000000000000000000, -0.000000000000000000 ) ) ;
#4995 = ORIENTED_EDGE ( 'NONE', *, *, #9332, .F. ) ;
#4996 = DIRECTION ( 'NONE',  ( -0.000000000000000000, 1.000000000000000000, -0.000000000000000000 ) ) ;
#4997 = DIRECTION ( 'NONE',  ( 1.000000000000000000, 0.000000000000000000, -1.272130549049658700E-16 ) ) ;
#4998 = VERTEX_POINT ( 'NONE', #8371 ) ;
#4999 = VECTOR ( 'NONE', #6740, 1000.000000000000000 ) ;
#5000 = DIRECTION ( 'NONE',  ( 0.000000000000000000, 0.000000000000000000, -1.000000000000000000 ) ) ;
#5001 = DIRECTION ( 'NONE',  ( 0.000000000000000000, 0.000000000000000000, 1.000000000000000000 ) ) ;
#5002 = VECTOR ( 'NONE', #4044, 1000.000000000000000 ) ;
#5003 = DIRECTION ( 'NONE',  ( -0.000000000000000000, 1.000000000000000000, -0.000000000000000000 ) ) ;
#5004 = EDGE_CURVE ( 'NONE', #249, #6613, #3724, .T. ) ;
#5005 = CIRCLE ( 'NONE', #6125, 8.699999999995648992 ) ;
#5006 = CARTESIAN_POINT ( 'NONE',  ( -150.0000000000000000, 5.000000000000000000, 20.24999999999999645 ) ) ;
#5007 = CIRCLE ( 'NONE', #6444, 8.699999999995645439 ) ;
#5008 = VECTOR ( 'NONE', #8115, 1000.000000000000000 ) ;
#5009 = DIRECTION ( 'NONE',  ( 0.000000000000000000, 0.000000000000000000, 1.000000000000000000 ) ) ;
#5010 = ORIENTED_EDGE ( 'NONE', *, *, #836, .F. ) ;
#5011 = ORIENTED_EDGE ( 'NONE', *, *, #519, .F. ) ;
#5012 = DIRECTION ( 'NONE',  ( -0.000000000000000000, -1.000000000000000000, -0.000000000000000000 ) ) ;
#5013 = CYLINDRICAL_SURFACE ( 'NONE', #5821, 8.699999999995648992 ) ;
#5014 = LINE ( 'NONE', #9459, #3752 ) ;
#5015 = AXIS2_PLACEMENT_3D ( 'NONE', #4627, #3239, #8625 ) ;
#5016 = VECTOR ( 'NONE', #6068, 1000.000000000000000 ) ;
#5017 = EDGE_LOOP ( 'NONE', ( #5972, #7936, #9808, #3459 ) ) ;
#5018 = AXIS2_PLACEMENT_3D ( 'NONE', #4713, #9300, #1731 ) ;
#5019 = EDGE_LOOP ( 'NONE', ( #8753, #5949, #3970, #629 ) ) ;
#5020 = EDGE_CURVE ( 'NONE', #4242, #1730, #9071, .T. ) ;
#5021 = LINE ( 'NONE', #8721, #1932 ) ;
#5022 = CARTESIAN_POINT ( 'NONE',  ( -136.8417284095181117, 5.000000000000000000, 25.27079167095700640 ) ) ;
#5023 = ORIENTED_EDGE ( 'NONE', *, *, #6473, .T. ) ;
#5024 = AXIS2_PLACEMENT_3D ( 'NONE', #1840, #7124, #6221 ) ;
#5025 = AXIS2_PLACEMENT_3D ( 'NONE', #4563, #7620, #3171 ) ;
#5026 = DIRECTION ( 'NONE',  ( -0.000000000000000000, 1.000000000000000000, -0.000000000000000000 ) ) ;
#5027 = ORIENTED_EDGE ( 'NONE', *, *, #1798, .T. ) ;
#5028 = CARTESIAN_POINT ( 'NONE',  ( 127.0520544920244959, -5.000000000000000000, 25.27079167095700640 ) ) ;
#5029 = CARTESIAN_POINT ( 'NONE',  ( 46.94144182548478028, -5.000000000000000000, 25.27079167095700640 ) ) ;
#5030 = DIRECTION ( 'NONE',  ( 0.000000000000000000, 0.000000000000000000, 1.000000000000000000 ) ) ;
#5031 = ORIENTED_EDGE ( 'NONE', *, *, #8491, .T. ) ;
#5032 = CIRCLE ( 'NONE', #743, 19.87399999999006539 ) ;
#5033 = EDGE_CURVE ( 'NONE', #798, #8505, #4820, .T. ) ;
#5034 = VERTEX_POINT ( 'NONE', #9864 ) ;
#5035 = CARTESIAN_POINT ( 'NONE',  ( 21.42465897263597796, -5.000000000000000000, 20.24999999999999289 ) ) ;
#5036 = AXIS2_PLACEMENT_3D ( 'NONE', #4552, #2861, #667 ) ;
#5037 = DIRECTION ( 'NONE',  ( 0.000000000000000000, -0.000000000000000000, 1.000000000000000000 ) ) ;
#5038 = DIRECTION ( 'NONE',  ( -0.000000000000000000, 1.000000000000000000, -0.000000000000000000 ) ) ;
#5039 = CARTESIAN_POINT ( 'NONE',  ( -159.9999999999999716, -5.000000000000000000, -29.89999999999999503 ) ) ;
#5040 = ORIENTED_EDGE ( 'NONE', *, *, #8780, .T. ) ;
#5041 = DIRECTION ( 'NONE',  ( 0.000000000000000000, 0.000000000000000000, 1.000000000000000000 ) ) ;
#5042 = DIRECTION ( 'NONE',  ( 0.000000000000000000, 0.000000000000000000, 1.000000000000000000 ) ) ;
#5043 = EDGE_LOOP ( 'NONE', ( #3747, #2258, #5233, #3280 ) ) ;
#5044 = EDGE_CURVE ( 'NONE', #5286, #7826, #7580, .T. ) ;
#5045 = VECTOR ( 'NONE', #3840, 1000.000000000000000 ) ;
#5046 = DIRECTION ( 'NONE',  ( 1.000000000000000000, 0.000000000000000000, -1.272130549049658700E-16 ) ) ;
#5047 = EDGE_LOOP ( 'NONE', ( #4469, #4414, #4446, #6178 ) ) ;
#5048 = CARTESIAN_POINT ( 'NONE',  ( -125.0972165410991437, 5.000000000000000000, 20.24999999999999289 ) ) ;
#5049 = ORIENTED_EDGE ( 'NONE', *, *, #9760, .T. ) ;
#5050 = ADVANCED_FACE ( 'NONE', ( #246 ), #893, .T. ) ;
#5051 = DIRECTION ( 'NONE',  ( -0.000000000000000000, -1.000000000000000000, -0.000000000000000000 ) ) ;
#5052 = DIRECTION ( 'NONE',  ( -0.000000000000000000, 1.000000000000000000, -0.000000000000000000 ) ) ;
#5053 = EDGE_LOOP ( 'NONE', ( #695, #5716, #6762, #8105 ) ) ;
#5054 = CARTESIAN_POINT ( 'NONE',  ( 0.000000000000000000, 0.000000000000000000, 0.000000000000000000 ) ) ;
#5055 = VECTOR ( 'NONE', #546, 1000.000000000000000 ) ;
#5056 = DIRECTION ( 'NONE',  ( -0.000000000000000000, -1.000000000000000000, -0.000000000000000000 ) ) ;
#5057 = CARTESIAN_POINT ( 'NONE',  ( 65.97344572538565899, -5.000000000000000000, 43.50000000000000000 ) ) ;
#5058 = ADVANCED_FACE ( 'NONE', ( #3873 ), #197, .T. ) ;
#5059 = FACE_OUTER_BOUND ( 'NONE', #3576, .T. ) ;
#5060 = AXIS2_PLACEMENT_3D ( 'NONE', #2602, #9102, #7184 ) ;
#5061 = CYLINDRICAL_SURFACE ( 'NONE', #9144, 8.699999999995645439 ) ;
#5062 = ORIENTED_EDGE ( 'NONE', *, *, #6395, .F. ) ;
#5063 = DIRECTION ( 'NONE',  ( 0.000000000000000000, 0.000000000000000000, 1.000000000000000000 ) ) ;
#5064 = VERTEX_POINT ( 'NONE', #301 ) ;
#5065 = DIRECTION ( 'NONE',  ( 0.000000000000000000, 0.000000000000000000, 1.000000000000000000 ) ) ;
#5066 = CARTESIAN_POINT ( 'NONE',  ( -150.0000000000000000, 5.000000000000000000, 20.24999999999999645 ) ) ;
#5067 = CARTESIAN_POINT ( 'NONE',  ( 14.83404693345814529, -5.000000000000000000, 23.63822177457588225 ) ) ;
#5068 = ADVANCED_FACE ( 'NONE', ( #2388 ), #4020, .T. ) ;
#5069 = VECTOR ( 'NONE', #5848, 1000.000000000000000 ) ;
#5070 = EDGE_LOOP ( 'NONE', ( #8403, #1398, #2040, #1542 ) ) ;
#5071 = ORIENTED_EDGE ( 'NONE', *, *, #3636, .T. ) ;
#5072 = DIRECTION ( 'NONE',  ( 1.000000000000000000, 0.000000000000000000, -0.000000000000000000 ) ) ;
#5073 = DIRECTION ( 'NONE',  ( -1.272130549049658700E-16, 0.000000000000000000, -1.000000000000000000 ) ) ;
#5074 = ORIENTED_EDGE ( 'NONE', *, *, #1265, .T. ) ;
#5075 = DIRECTION ( 'NONE',  ( 0.000000000000000000, 0.000000000000000000, 1.000000000000000000 ) ) ;
#5076 = ORIENTED_EDGE ( 'NONE', *, *, #9324, .T. ) ;
#5077 = DIRECTION ( 'NONE',  ( 0.000000000000000000, -1.000000000000000000, -0.000000000000000000 ) ) ;
#5078 = ADVANCED_FACE ( 'NONE', ( #3135 ), #5567, .T. ) ;
#5079 = CARTESIAN_POINT ( 'NONE',  ( -89.35294264894697847, 5.000000000000000000, 25.27079167095700996 ) ) ;
#5080 = ORIENTED_EDGE ( 'NONE', *, *, #78, .T. ) ;
#5081 = ORIENTED_EDGE ( 'NONE', *, *, #947, .F. ) ;
#5082 = DIRECTION ( 'NONE',  ( -1.272130549049658700E-16, 0.000000000000000000, -1.000000000000000000 ) ) ;
#5083 = EDGE_CURVE ( 'NONE', #4686, #9405, #3330, .T. ) ;
#5084 = PLANE ( 'NONE',  #7430 ) ;
#5085 = LINE ( 'NONE', #1868, #4854 ) ;
#5086 = CARTESIAN_POINT ( 'NONE',  ( -139.2343834822532358, -5.000000000000000000, 20.24999999999999289 ) ) ;
#5087 = CARTESIAN_POINT ( 'NONE',  ( -150.0000000000000000, 5.000000000000000000, 20.24999999999999645 ) ) ;
#5088 = LINE ( 'NONE', #4291, #6634 ) ;
#5089 = EDGE_LOOP ( 'NONE', ( #1632, #1166, #9552, #599 ) ) ;
#5090 = CARTESIAN_POINT ( 'NONE',  ( 4.894836958746805244, 5.000000000000000000, 25.27079167095700996 ) ) ;
#5091 = VERTEX_POINT ( 'NONE', #6326 ) ;
#5092 = LINE ( 'NONE', #5739, #367 ) ;
#5093 = ORIENTED_EDGE ( 'NONE', *, *, #5226, .F. ) ;
#5094 = EDGE_CURVE ( 'NONE', #4686, #4330, #4727, .T. ) ;
#5095 = CARTESIAN_POINT ( 'NONE',  ( -28.97121387461221786, 5.000000000000000000, 23.63822177457588225 ) ) ;
#5096 = CYLINDRICAL_SURFACE ( 'NONE', #3474, 8.699999999995648992 ) ;
#5097 = CIRCLE ( 'NONE', #6695, 8.699999999995648992 ) ;
#5098 = EDGE_LOOP ( 'NONE', ( #1277, #2614, #343, #7205 ) ) ;
#5099 = CARTESIAN_POINT ( 'NONE',  ( -149.0000000000000000, 5.000000000000000000, -23.99999999999996447 ) ) ;
#5100 = DIRECTION ( 'NONE',  ( -1.000000000000000000, 0.000000000000000000, 1.272130549049658700E-16 ) ) ;
#5101 = EDGE_CURVE ( 'NONE', #7169, #3342, #3284, .T. ) ;
#5102 = AXIS2_PLACEMENT_3D ( 'NONE', #6797, #8887, #3688 ) ;
#5103 = FACE_OUTER_BOUND ( 'NONE', #5089, .T. ) ;
#5104 = CARTESIAN_POINT ( 'NONE',  ( -150.0000000000000000, -5.000000000000000000, 20.24999999999999645 ) ) ;
#5105 = ORIENTED_EDGE ( 'NONE', *, *, #2125, .T. ) ;
#5106 = EDGE_CURVE ( 'NONE', #7073, #7174, #5762, .T. ) ;
#5107 = DIRECTION ( 'NONE',  ( -0.000000000000000000, -1.000000000000000000, -0.000000000000000000 ) ) ;
#5108 = ORIENTED_EDGE ( 'NONE', *, *, #2131, .F. ) ;
#5109 = LINE ( 'NONE', #7510, #5167 ) ;
#5110 = LINE ( 'NONE', #7413, #1693 ) ;
#5111 = VECTOR ( 'NONE', #2690, 1000.000000000000000 ) ;
#5112 = LINE ( 'NONE', #1133, #2008 ) ;
#5113 = ORIENTED_EDGE ( 'NONE', *, *, #8536, .T. ) ;
#5114 = VERTEX_POINT ( 'NONE', #3931 ) ;
#5115 = DIRECTION ( 'NONE',  ( 0.000000000000000000, 0.000000000000000000, 1.000000000000000000 ) ) ;
#5116 = CARTESIAN_POINT ( 'NONE',  ( -150.0000000000000000, 5.000000000000000000, 20.24999999999999645 ) ) ;
#5117 = EDGE_CURVE ( 'NONE', #6816, #949, #5919, .T. ) ;
#5118 = VERTEX_POINT ( 'NONE', #6977 ) ;
#5119 = EDGE_CURVE ( 'NONE', #3294, #2740, #843, .T. ) ;
#5120 = LINE ( 'NONE', #9612, #5943 ) ;
#5121 = ORIENTED_EDGE ( 'NONE', *, *, #4645, .F. ) ;
#5122 = DIRECTION ( 'NONE',  ( -0.000000000000000000, 1.000000000000000000, -0.000000000000000000 ) ) ;
#5123 = CARTESIAN_POINT ( 'NONE',  ( 8.727897968465299527, 5.000000000000000000, 23.63822177457588225 ) ) ;
#5124 = ORIENTED_EDGE ( 'NONE', *, *, #7149, .T. ) ;
#5125 = AXIS2_PLACEMENT_3D ( 'NONE', #8766, #5077, #8816 ) ;
#5126 = EDGE_CURVE ( 'NONE', #2549, #5861, #1787, .T. ) ;
#5127 = ORIENTED_EDGE ( 'NONE', *, *, #7150, .T. ) ;
#5128 = PLANE ( 'NONE',  #5620 ) ;
#5129 = DIRECTION ( 'NONE',  ( -0.000000000000000000, 1.000000000000000000, -0.000000000000000000 ) ) ;
#5130 = DIRECTION ( 'NONE',  ( -1.272130549049658700E-16, 0.000000000000000000, -1.000000000000000000 ) ) ;
#5131 = DIRECTION ( 'NONE',  ( -0.000000000000000000, 1.000000000000000000, -0.000000000000000000 ) ) ;
#5132 = CARTESIAN_POINT ( 'NONE',  ( 122.3396655116398080, -5.000000000000000000, 25.27079167095700640 ) ) ;
#5133 = AXIS2_PLACEMENT_3D ( 'NONE', #6397, #469, #8144 ) ;
#5134 = AXIS2_PLACEMENT_3D ( 'NONE', #2492, #9169, #2542 ) ;
#5135 = FACE_OUTER_BOUND ( 'NONE', #134, .T. ) ;
#5136 = VERTEX_POINT ( 'NONE', #7723 ) ;
#5137 = EDGE_CURVE ( 'NONE', #151, #1302, #8961, .T. ) ;
#5139 = CYLINDRICAL_SURFACE ( 'NONE', #7375, 1.000000000000000888 ) ;
#5138 = VECTOR ( 'NONE', #996, 1000.000000000000000 ) ;
#5140 = ORIENTED_EDGE ( 'NONE', *, *, #1555, .T. ) ;
#5141 = CIRCLE ( 'NONE', #4178, 1.000000000000000888 ) ;
#5142 = FACE_OUTER_BOUND ( 'NONE', #9786, .T. ) ;
#5143 = ORIENTED_EDGE ( 'NONE', *, *, #6078, .T. ) ;
#5144 = DIRECTION ( 'NONE',  ( 1.000000000000000000, 0.000000000000000000, -1.272130549049658700E-16 ) ) ;
#5145 = CARTESIAN_POINT ( 'NONE',  ( -4.015508988080613406, -5.000000000000000000, 23.63822177457588225 ) ) ;
#5146 = ORIENTED_EDGE ( 'NONE', *, *, #7830, .F. ) ;
#5147 = CARTESIAN_POINT ( 'NONE',  ( -9.607225939131499359, -5.000000000000000000, 25.27079167095700640 ) ) ;
#5148 = DIRECTION ( 'NONE',  ( -0.000000000000000000, 1.000000000000000000, -0.000000000000000000 ) ) ;
#5149 = CIRCLE ( 'NONE', #8818, 8.699999999995648992 ) ;
#5150 = VECTOR ( 'NONE', #2538, 1000.000000000000000 ) ;
#5151 = EDGE_CURVE ( 'NONE', #3080, #9133, #6414, .T. ) ;
#5152 = DIRECTION ( 'NONE',  ( 0.000000000000000000, 0.000000000000000000, 1.000000000000000000 ) ) ;
#5153 = DIRECTION ( 'NONE',  ( 0.000000000000000000, 0.000000000000000000, 1.000000000000000000 ) ) ;
#5154 = ORIENTED_EDGE ( 'NONE', *, *, #8060, .F. ) ;
#5155 = AXIS2_PLACEMENT_3D ( 'NONE', #9742, #9148, #9002 ) ;
#5156 = VECTOR ( 'NONE', #2945, 1000.000000000000000 ) ;
#5157 = LINE ( 'NONE', #7562, #7284 ) ;
#5158 = ORIENTED_EDGE ( 'NONE', *, *, #6587, .T. ) ;
#5159 = DIRECTION ( 'NONE',  ( -0.000000000000000000, -1.000000000000000000, -0.000000000000000000 ) ) ;
#5160 = DIRECTION ( 'NONE',  ( 0.000000000000000000, 0.000000000000000000, 1.000000000000000000 ) ) ;
#5161 = LINE ( 'NONE', #1478, #6136 ) ;
#5162 = ORIENTED_EDGE ( 'NONE', *, *, #7965, .F. ) ;
#5163 = VECTOR ( 'NONE', #9285, 1000.000000000000000 ) ;
#5164 = ORIENTED_EDGE ( 'NONE', *, *, #6492, .T. ) ;
#5165 = AXIS2_PLACEMENT_3D ( 'NONE', #575, #4302, #4451 ) ;
#5166 = EDGE_CURVE ( 'NONE', #1893, #7670, #4021, .T. ) ;
#5167 = VECTOR ( 'NONE', #4311, 1000.000000000000000 ) ;
#5168 = CARTESIAN_POINT ( 'NONE',  ( 110.5222324781353365, -5.000000000000000000, 20.24999999999999289 ) ) ;
#5169 = DIRECTION ( 'NONE',  ( -1.000000000000000000, 0.000000000000000000, 1.272130549049658700E-16 ) ) ;
#5170 = VERTEX_POINT ( 'NONE', #153 ) ;
#5171 = PLANE ( 'NONE',  #4192 ) ;
#5172 = ORIENTED_EDGE ( 'NONE', *, *, #2026, .F. ) ;
#5173 = AXIS2_PLACEMENT_3D ( 'NONE', #811, #7544, #5938 ) ;
#5174 = EDGE_CURVE ( 'NONE', #7274, #59, #3182, .T. ) ;
#5175 = CIRCLE ( 'NONE', #6451, 8.699999999995645439 ) ;
#5176 = DIRECTION ( 'NONE',  ( 0.000000000000000000, 0.000000000000000000, 1.000000000000000000 ) ) ;
#5177 = AXIS2_PLACEMENT_3D ( 'NONE', #7109, #2574, #5598 ) ;
#5178 = EDGE_LOOP ( 'NONE', ( #9309, #6411, #5282, #8361 ) ) ;
#5179 = DIRECTION ( 'NONE',  ( 0.000000000000000000, 0.000000000000000000, 1.000000000000000000 ) ) ;
#5180 = EDGE_LOOP ( 'NONE', ( #1699, #8001, #9063, #494 ) ) ;
#5181 = ADVANCED_FACE ( 'NONE', ( #6219 ), #2434, .T. ) ;
#5182 = AXIS2_PLACEMENT_3D ( 'NONE', #1193, #8817, #1142 ) ;
#5183 = VECTOR ( 'NONE', #8756, 1000.000000000000000 ) ;
#5184 = VECTOR ( 'NONE', #8452, 1000.000000000000000 ) ;
#5185 = ORIENTED_EDGE ( 'NONE', *, *, #6441, .F. ) ;
#5186 = DIRECTION ( 'NONE',  ( 0.000000000000000000, 0.000000000000000000, 1.000000000000000000 ) ) ;
#5187 = CARTESIAN_POINT ( 'NONE',  ( -150.0000000000000000, 5.000000000000000000, 20.24999999999999645 ) ) ;
#5188 = DIRECTION ( 'NONE',  ( 0.000000000000000000, 0.000000000000000000, 1.000000000000000000 ) ) ;
#5189 = DIRECTION ( 'NONE',  ( -0.000000000000000000, -1.000000000000000000, -0.000000000000000000 ) ) ;
#5190 = CARTESIAN_POINT ( 'NONE',  ( -150.0000000000000000, 5.000000000000000000, 20.24999999999999645 ) ) ;
#5191 = CIRCLE ( 'NONE', #899, 8.699999999995645439 ) ;
#5192 = VECTOR ( 'NONE', #6697, 1000.000000000000000 ) ;
#5193 = CARTESIAN_POINT ( 'NONE',  ( -150.0000000000000000, -5.000000000000000000, 20.24999999999999645 ) ) ;
#5194 = ADVANCED_FACE ( 'NONE', ( #1279 ), #8012, .T. ) ;
#5195 = EDGE_LOOP ( 'NONE', ( #7326, #4054, #4127, #5074 ) ) ;
#5196 = LINE ( 'NONE', #4486, #4940 ) ;
#5197 = ORIENTED_EDGE ( 'NONE', *, *, #9140, .F. ) ;
#5198 = AXIS2_PLACEMENT_3D ( 'NONE', #4144, #4047, #3352 ) ;
#5199 = PLANE ( 'NONE',  #4973 ) ;
#5200 = ORIENTED_EDGE ( 'NONE', *, *, #726, .F. ) ;
#5201 = DIRECTION ( 'NONE',  ( -0.000000000000000000, -1.000000000000000000, -0.000000000000000000 ) ) ;
#5202 = CARTESIAN_POINT ( 'NONE',  ( -150.0000000000000000, 5.000000000000000000, 20.24999999999999645 ) ) ;
#5203 = VERTEX_POINT ( 'NONE', #7209 ) ;
#5204 = DIRECTION ( 'NONE',  ( 0.000000000000000000, 0.000000000000000000, 1.000000000000000000 ) ) ;
#5205 = CARTESIAN_POINT ( 'NONE',  ( -46.42700981154281692, -5.000000000000000000, 23.63822177457588225 ) ) ;
#5206 = ADVANCED_FACE ( 'NONE', ( #8715 ), #7315, .T. ) ;
#5207 = VECTOR ( 'NONE', #2696, 1000.000000000000000 ) ;
#5208 = CARTESIAN_POINT ( 'NONE',  ( -146.7809383842294437, 5.000000000000000000, 23.63822177457588225 ) ) ;
#5209 = CYLINDRICAL_SURFACE ( 'NONE', #5155, 8.699999999995645439 ) ;
#5210 = ORIENTED_EDGE ( 'NONE', *, *, #7291, .F. ) ;
#5211 = AXIS2_PLACEMENT_3D ( 'NONE', #5079, #8129, #7371 ) ;
#5212 = CARTESIAN_POINT ( 'NONE',  ( -46.42700981154281692, 5.000000000000000000, 23.63822177457588225 ) ) ;
#5213 = ORIENTED_EDGE ( 'NONE', *, *, #8685, .F. ) ;
#5214 = LINE ( 'NONE', #6759, #2484 ) ;
#5215 = ADVANCED_FACE ( 'NONE', ( #7971 ), #5809, .T. ) ;
#5216 = LINE ( 'NONE', #2869, #4227 ) ;
#5217 = CARTESIAN_POINT ( 'NONE',  ( -115.6724385803297679, 5.000000000000000000, 20.24999999999999289 ) ) ;
#5218 = EDGE_LOOP ( 'NONE', ( #3525, #7680, #470, #4890 ) ) ;
#5219 = ORIENTED_EDGE ( 'NONE', *, *, #8717, .F. ) ;
#5220 = AXIS2_PLACEMENT_3D ( 'NONE', #6346, #30, #3063 ) ;
#5221 = CARTESIAN_POINT ( 'NONE',  ( -117.9921724879793601, -5.000000000000000000, 25.27079167095700640 ) ) ;
#5222 = LINE ( 'NONE', #8268, #8181 ) ;
#5223 = VERTEX_POINT ( 'NONE', #1890 ) ;
#5224 = CARTESIAN_POINT ( 'NONE',  ( -146.7809383842294437, -5.000000000000000000, 23.63822177457588225 ) ) ;
#5225 = ORIENTED_EDGE ( 'NONE', *, *, #2871, .T. ) ;
#5226 = EDGE_CURVE ( 'NONE', #6716, #1400, #483, .T. ) ;
#5227 = DIRECTION ( 'NONE',  ( 0.000000000000000000, 0.000000000000000000, -1.000000000000000000 ) ) ;
#5228 = CARTESIAN_POINT ( 'NONE',  ( -4.529941002022574104, -5.000000000000000000, 25.27079167095700996 ) ) ;
#5229 = VERTEX_POINT ( 'NONE', #3515 ) ;
#5230 = DIRECTION ( 'NONE',  ( -1.272130549049658700E-16, 0.000000000000000000, -1.000000000000000000 ) ) ;
#5231 = ORIENTED_EDGE ( 'NONE', *, *, #7874, .T. ) ;
#5232 = ADVANCED_FACE ( 'NONE', ( #2683 ), #8860, .T. ) ;
#5233 = ORIENTED_EDGE ( 'NONE', *, *, #2580, .T. ) ;
#5234 = DIRECTION ( 'NONE',  ( -0.000000000000000000, -1.000000000000000000, -0.000000000000000000 ) ) ;
#5235 = ADVANCED_FACE ( 'NONE', ( #5754 ), #5013, .T. ) ;
#5236 = CARTESIAN_POINT ( 'NONE',  ( 149.0000000000000000, 5.000000000000000000, 19.24999999999995737 ) ) ;
#5237 = LINE ( 'NONE', #4387, #3742 ) ;
#5238 = DIRECTION ( 'NONE',  ( 0.000000000000000000, -1.000000000000000000, 0.000000000000000000 ) ) ;
#5239 = CIRCLE ( 'NONE', #6033, 10.00000000000000178 ) ;
#5240 = ORIENTED_EDGE ( 'NONE', *, *, #6464, .F. ) ;
#5241 = CYLINDRICAL_SURFACE ( 'NONE', #2086, 10.00000000000000178 ) ;
#5242 = ORIENTED_EDGE ( 'NONE', *, *, #6765, .T. ) ;
#5243 = DIRECTION ( 'NONE',  ( 0.000000000000000000, 0.000000000000000000, 1.000000000000000000 ) ) ;
#5244 = EDGE_CURVE ( 'NONE', #8049, #2272, #9807, .T. ) ;
#5245 = ORIENTED_EDGE ( 'NONE', *, *, #4221, .F. ) ;
#5246 = EDGE_CURVE ( 'NONE', #8088, #284, #6942, .T. ) ;
#5247 = DIRECTION ( 'NONE',  ( 0.000000000000000000, 0.000000000000000000, 1.000000000000000000 ) ) ;
#5248 = FACE_OUTER_BOUND ( 'NONE', #236, .T. ) ;
#5249 = ORIENTED_EDGE ( 'NONE', *, *, #4036, .T. ) ;
#5250 = ORIENTED_EDGE ( 'NONE', *, *, #2882, .F. ) ;
#5251 = CYLINDRICAL_SURFACE ( 'NONE', #9789, 1.000000000000000888 ) ;
#5252 = DIRECTION ( 'NONE',  ( -0.000000000000000000, -1.000000000000000000, -0.000000000000000000 ) ) ;
#5253 = CARTESIAN_POINT ( 'NONE',  ( -113.0973355292325522, -5.000000000000000000, 43.50000000000000000 ) ) ;
#5254 = AXIS2_PLACEMENT_3D ( 'NONE', #224, #820, #8596 ) ;
#5255 = LINE ( 'NONE', #8204, #73 ) ;
#5256 = EDGE_CURVE ( 'NONE', #2278, #2775, #7267, .T. ) ;
#5257 = EDGE_LOOP ( 'NONE', ( #4165, #3870, #2498, #3439 ) ) ;
#5258 = LINE ( 'NONE', #8303, #7294 ) ;
#5259 = ORIENTED_EDGE ( 'NONE', *, *, #1605, .T. ) ;
#5260 = LINE ( 'NONE', #1429, #4058 ) ;
#5261 = DIRECTION ( 'NONE',  ( 0.000000000000000000, 0.000000000000000000, 1.000000000000000000 ) ) ;
#5262 = CARTESIAN_POINT ( 'NONE',  ( 190.0000000000000000, 5.000000000000000000, 50.00000000000000000 ) ) ;
#5263 = VERTEX_POINT ( 'NONE', #1979 ) ;
#5264 = ORIENTED_EDGE ( 'NONE', *, *, #978, .T. ) ;
#5265 = CARTESIAN_POINT ( 'NONE',  ( 94.94465959999786264, 5.000000000000000000, 23.63822177457588225 ) ) ;
#5266 = DIRECTION ( 'NONE',  ( -0.000000000000000000, 1.000000000000000000, -0.000000000000000000 ) ) ;
#5267 = VERTEX_POINT ( 'NONE', #9555 ) ;
#5268 = CIRCLE ( 'NONE', #981, 8.699999999995645439 ) ;
#5269 = DIRECTION ( 'NONE',  ( 0.000000000000000000, 0.000000000000000000, 1.000000000000000000 ) ) ;
#5270 = ORIENTED_EDGE ( 'NONE', *, *, #1413, .F. ) ;
#5271 = CARTESIAN_POINT ( 'NONE',  ( 117.9921724879793601, 5.000000000000000000, 25.27079167095700996 ) ) ;
#5272 = DIRECTION ( 'NONE',  ( 0.000000000000000000, 0.000000000000000000, 1.000000000000000000 ) ) ;
#5273 = DIRECTION ( 'NONE',  ( -0.000000000000000000, -1.000000000000000000, -0.000000000000000000 ) ) ;
#5274 = VERTEX_POINT ( 'NONE', #3421 ) ;
#5275 = EDGE_CURVE ( 'NONE', #1041, #293, #4077, .T. ) ;
#5276 = ORIENTED_EDGE ( 'NONE', *, *, #5628, .F. ) ;
#5277 = CARTESIAN_POINT ( 'NONE',  ( 9.242329982407259337, -5.000000000000000000, 25.27079167095700640 ) ) ;
#5278 = CARTESIAN_POINT ( 'NONE',  ( -150.0000000000000000, 5.000000000000000000, 20.24999999999999645 ) ) ;
#5279 = DIRECTION ( 'NONE',  ( 1.000000000000000000, 0.000000000000000000, -1.272130549049658700E-16 ) ) ;
#5280 = LINE ( 'NONE', #849, #7400 ) ;
#5281 = SURFACE_STYLE_USAGE ( .BOTH. , #6731 ) ;
#5282 = ORIENTED_EDGE ( 'NONE', *, *, #3480, .F. ) ;
#5283 = AXIS2_PLACEMENT_3D ( 'NONE', #8974, #757, #608 ) ;
#5284 = EDGE_CURVE ( 'NONE', #8230, #9559, #6413, .T. ) ;
#5285 = DIRECTION ( 'NONE',  ( -0.000000000000000000, 1.000000000000000000, -0.000000000000000000 ) ) ;
#5286 = VERTEX_POINT ( 'NONE', #439 ) ;
#5287 = CARTESIAN_POINT ( 'NONE',  ( 4.894836958746805244, -5.000000000000000000, 25.27079167095700996 ) ) ;
#5288 = AXIS2_PLACEMENT_3D ( 'NONE', #3472, #8116, #7166 ) ;
#5289 = CARTESIAN_POINT ( 'NONE',  ( 91.67267655659657066, -5.000000000000000000, 20.24999999999999289 ) ) ;
#5290 = DIRECTION ( 'NONE',  ( -0.000000000000000000, 1.000000000000000000, -0.000000000000000000 ) ) ;
#5291 = ORIENTED_EDGE ( 'NONE', *, *, #5044, .F. ) ;
#5292 = VERTEX_POINT ( 'NONE', #2773 ) ;
#5293 = EDGE_CURVE ( 'NONE', #4730, #2852, #4873, .T. ) ;
#5294 = LINE ( 'NONE', #3160, #4701 ) ;
#5295 = CARTESIAN_POINT ( 'NONE',  ( 51.65383080586946818, 5.000000000000000000, 25.27079167095700640 ) ) ;
#5296 = VECTOR ( 'NONE', #3604, 1000.000000000000000 ) ;
#5297 = ADVANCED_FACE ( 'NONE', ( #7929 ), #2633, .T. ) ;
#5298 = VECTOR ( 'NONE', #2509, 1000.000000000000000 ) ;
#5299 = LINE ( 'NONE', #8348, #2805 ) ;
#5300 = CARTESIAN_POINT ( 'NONE',  ( 90.23227061961317474, -5.000000000000000000, 23.63822177457588225 ) ) ;
#5301 = EDGE_LOOP ( 'NONE', ( #9849, #487, #9684, #8561 ) ) ;
#5302 = FACE_OUTER_BOUND ( 'NONE', #304, .T. ) ;
#5303 = FACE_OUTER_BOUND ( 'NONE', #9113, .T. ) ;
#5304 = ORIENTED_EDGE ( 'NONE', *, *, #3723, .F. ) ;
#5305 = CIRCLE ( 'NONE', #1649, 8.699999999995648992 ) ;
#5306 = DIRECTION ( 'NONE',  ( -0.000000000000000000, 1.000000000000000000, -0.000000000000000000 ) ) ;
#5307 = LINE ( 'NONE', #8357, #3431 ) ;
#5308 = VECTOR ( 'NONE', #9754, 1000.000000000000000 ) ;
#5309 = DIRECTION ( 'NONE',  ( -0.000000000000000000, 1.000000000000000000, -0.000000000000000000 ) ) ;
#5310 = ORIENTED_EDGE ( 'NONE', *, *, #806, .F. ) ;
#5311 = EDGE_CURVE ( 'NONE', #9157, #174, #9650, .T. ) ;
#5312 = ORIENTED_EDGE ( 'NONE', *, *, #3617, .T. ) ;
#5313 = CIRCLE ( 'NONE', #6427, 8.699999999995645439 ) ;
#5314 = CARTESIAN_POINT ( 'NONE',  ( -150.0000000000000000, -5.000000000000000000, 20.24999999999999645 ) ) ;
#5315 = DIRECTION ( 'NONE',  ( -0.000000000000000000, 1.000000000000000000, -0.000000000000000000 ) ) ;
#5316 = ORIENTED_EDGE ( 'NONE', *, *, #4116, .F. ) ;
#5317 = ORIENTED_EDGE ( 'NONE', *, *, #7554, .T. ) ;
#5318 = DIRECTION ( 'NONE',  ( 0.000000000000000000, 0.000000000000000000, -1.000000000000000000 ) ) ;
#5319 = CARTESIAN_POINT ( 'NONE',  ( -28.27433388230813804, 5.000000000000000000, 43.50000000000000000 ) ) ;
#5320 = VECTOR ( 'NONE', #8053, 1000.000000000000000 ) ;
#5321 = ORIENTED_EDGE ( 'NONE', *, *, #4817, .T. ) ;
#5322 = AXIS2_PLACEMENT_3D ( 'NONE', #217, #321, #6389 ) ;
#5323 = CARTESIAN_POINT ( 'NONE',  ( -141.3716694115406938, -5.000000000000000000, 43.50000000000000000 ) ) ;
#5324 = EDGE_CURVE ( 'NONE', #338, #7271, #1931, .T. ) ;
#5325 = VERTEX_POINT ( 'NONE', #5955 ) ;
#5326 = VECTOR ( 'NONE', #1809, 1000.000000000000000 ) ;
#5327 = VERTEX_POINT ( 'NONE', #8158 ) ;
#5328 = AXIS2_PLACEMENT_3D ( 'NONE', #9392, #8593, #8779 ) ;
#5329 = AXIS2_PLACEMENT_3D ( 'NONE', #1705, #6470, #2724 ) ;
#5330 = DIRECTION ( 'NONE',  ( -0.000000000000000000, 1.000000000000000000, -0.000000000000000000 ) ) ;
#5331 = CARTESIAN_POINT ( 'NONE',  ( 98.26328859577441222, 5.000000000000000000, 23.63822177457588225 ) ) ;
#5332 = DIRECTION ( 'NONE',  ( -0.000000000000000000, -1.000000000000000000, -0.000000000000000000 ) ) ;
#5333 = DIRECTION ( 'NONE',  ( 1.000000000000000000, -0.000000000000000000, -0.000000000000000000 ) ) ;
#5334 = EDGE_CURVE ( 'NONE', #3923, #5401, #5216, .T. ) ;
#5335 = CARTESIAN_POINT ( 'NONE',  ( -14.31961491951618726, 5.000000000000000000, 25.27079167095700640 ) ) ;
#5336 = CIRCLE ( 'NONE', #8841, 19.87399999999006539 ) ;
#5337 = ORIENTED_EDGE ( 'NONE', *, *, #9832, .F. ) ;
#5338 = VECTOR ( 'NONE', #426, 1000.000000000000000 ) ;
#5339 = DIRECTION ( 'NONE',  ( -0.000000000000000000, 1.000000000000000000, -0.000000000000000000 ) ) ;
#5340 = ORIENTED_EDGE ( 'NONE', *, *, #5439, .F. ) ;
#5341 = CARTESIAN_POINT ( 'NONE',  ( 68.54854877648287470, -5.000000000000000000, 20.24999999999999289 ) ) ;
#5342 = AXIS2_PLACEMENT_3D ( 'NONE', #239, #6260, #3971 ) ;
#5343 = VECTOR ( 'NONE', #1678, 1000.000000000000000 ) ;
#5344 = CARTESIAN_POINT ( 'NONE',  ( -14.31961491951618726, -5.000000000000000000, 25.27079167095700640 ) ) ;
#5345 = DIRECTION ( 'NONE',  ( -0.000000000000000000, 1.000000000000000000, -0.000000000000000000 ) ) ;
#5346 = ORIENTED_EDGE ( 'NONE', *, *, #7241, .T. ) ;
#5347 = ORIENTED_EDGE ( 'NONE', *, *, #9267, .T. ) ;
#5348 = CARTESIAN_POINT ( 'NONE',  ( -68.54854877648287470, -5.000000000000000000, 20.24999999999999289 ) ) ;
#5349 = ADVANCED_FACE ( 'NONE', ( #633 ), #3566, .T. ) ;
#5350 = DIRECTION ( 'NONE',  ( -1.000000000000000000, 0.000000000000000000, 1.272130549049658700E-16 ) ) ;
#5351 = VECTOR ( 'NONE', #2251, 1000.000000000000000 ) ;
#5352 = LINE ( 'NONE', #4755, #3832 ) ;
#5353 = EDGE_CURVE ( 'NONE', #6718, #1295, #3597, .T. ) ;
#5354 = CYLINDRICAL_SURFACE ( 'NONE', #2457, 19.87399999999006539 ) ;
#5355 = EDGE_LOOP ( 'NONE', ( #4095, #167, #1818, #9108 ) ) ;
#5356 = CARTESIAN_POINT ( 'NONE',  ( 9.424777960769379348, -5.000000000000000000, 43.50000000000000000 ) ) ;
#5357 = CYLINDRICAL_SURFACE ( 'NONE', #1090, 8.699999999995648992 ) ;
#5358 = VERTEX_POINT ( 'NONE', #2181 ) ;
#5359 = DIRECTION ( 'NONE',  ( 0.000000000000000000, 0.000000000000000000, 1.000000000000000000 ) ) ;
#5360 = PRESENTATION_LAYER_ASSIGNMENT (  '', '', ( #4089 ) ) ;
#5361 = CARTESIAN_POINT ( 'NONE',  ( 136.4768324527938717, 5.000000000000000000, 25.27079167095700640 ) ) ;
#5362 = EDGE_CURVE ( 'NONE', #682, #3673, #9659, .T. ) ;
#5363 = LINE ( 'NONE', #9303, #6793 ) ;
#5364 = ORIENTED_EDGE ( 'NONE', *, *, #8946, .F. ) ;
#5365 = ORIENTED_EDGE ( 'NONE', *, *, #5776, .T. ) ;
#5366 = ORIENTED_EDGE ( 'NONE', *, *, #6244, .T. ) ;
#5367 = CARTESIAN_POINT ( 'NONE',  ( -11.99988101186659861, 5.000000000000000000, 20.24999999999999289 ) ) ;
#5368 = ORIENTED_EDGE ( 'NONE', *, *, #3165, .T. ) ;
#5369 = VERTEX_POINT ( 'NONE', #6707 ) ;
#5370 = ADVANCED_FACE ( 'NONE', ( #4362 ), #8263, .T. ) ;
#5371 = DIRECTION ( 'NONE',  ( -0.000000000000000000, -1.000000000000000000, -0.000000000000000000 ) ) ;
#5372 = EDGE_CURVE ( 'NONE', #6527, #6868, #9854, .T. ) ;
#5373 = FACE_OUTER_BOUND ( 'NONE', #6711, .T. ) ;
#5374 = AXIS2_PLACEMENT_3D ( 'NONE', #157, #750, #3786 ) ;
#5375 = VERTEX_POINT ( 'NONE', #1430 ) ;
#5376 = DIRECTION ( 'NONE',  ( -0.000000000000000000, 1.000000000000000000, -0.000000000000000000 ) ) ;
#5377 = ORIENTED_EDGE ( 'NONE', *, *, #6873, .T. ) ;
#5378 = VERTEX_POINT ( 'NONE', #4507 ) ;
#5379 = AXIS2_PLACEMENT_3D ( 'NONE', #3765, #823, #6158 ) ;
#5380 = FACE_OUTER_BOUND ( 'NONE', #7653, .T. ) ;
#5381 = EDGE_CURVE ( 'NONE', #3629, #6191, #1477, .T. ) ;
#5382 = CARTESIAN_POINT ( 'NONE',  ( -60.56417675269688772, -5.000000000000000000, 23.63822177457588225 ) ) ;
#5383 = CARTESIAN_POINT ( 'NONE',  ( -150.0000000000000000, 5.000000000000000000, 20.24999999999999645 ) ) ;
#5384 = DIRECTION ( 'NONE',  ( -1.272130549049658700E-16, 0.000000000000000000, -1.000000000000000000 ) ) ;
#5385 = DIRECTION ( 'NONE',  ( -0.000000000000000000, -1.000000000000000000, -0.000000000000000000 ) ) ;
#5386 = ORIENTED_EDGE ( 'NONE', *, *, #4434, .F. ) ;
#5387 = DIRECTION ( 'NONE',  ( -0.000000000000000000, 1.000000000000000000, -0.000000000000000000 ) ) ;
#5388 = ORIENTED_EDGE ( 'NONE', *, *, #7479, .T. ) ;
#5389 = CARTESIAN_POINT ( 'NONE',  ( 115.6724385803297679, -5.000000000000000000, 20.24999999999999289 ) ) ;
#5390 = CARTESIAN_POINT ( 'NONE',  ( 58.68595369390375538, 5.000000000000000000, 20.24999999999996803 ) ) ;
#5391 = DIRECTION ( 'NONE',  ( -0.000000000000000000, 1.000000000000000000, -0.000000000000000000 ) ) ;
#5392 = EDGE_LOOP ( 'NONE', ( #6089, #5519, #8397, #9261 ) ) ;
#5393 = ORIENTED_EDGE ( 'NONE', *, *, #8662, .T. ) ;
#5394 = DIRECTION ( 'NONE',  ( -0.000000000000000000, 1.000000000000000000, -0.000000000000000000 ) ) ;
#5395 = CARTESIAN_POINT ( 'NONE',  ( 94.94465959999786264, -5.000000000000000000, 23.63822177457588225 ) ) ;
#5396 = FACE_OUTER_BOUND ( 'NONE', #7689, .T. ) ;
#5397 = EDGE_CURVE ( 'NONE', #80, #3482, #5110, .T. ) ;
#5398 = DIRECTION ( 'NONE',  ( -0.000000000000000000, 1.000000000000000000, -0.000000000000000000 ) ) ;
#5399 = VERTEX_POINT ( 'NONE', #3623 ) ;
#5400 = CARTESIAN_POINT ( 'NONE',  ( 46.94144182548478028, 5.000000000000000000, 25.27079167095700640 ) ) ;
#5401 = VERTEX_POINT ( 'NONE', #2123 ) ;
#5402 = PLANE ( 'NONE',  #1524 ) ;
#5403 = CYLINDRICAL_SURFACE ( 'NONE', #1057, 8.699999999995648992 ) ;
#5404 = EDGE_CURVE ( 'NONE', #243, #1685, #6306, .T. ) ;
#5405 = DIRECTION ( 'NONE',  ( -0.000000000000000000, 1.000000000000000000, -0.000000000000000000 ) ) ;
#5406 = ORIENTED_EDGE ( 'NONE', *, *, #7291, .T. ) ;
#5407 = ORIENTED_EDGE ( 'NONE', *, *, #7945, .T. ) ;
#5408 = CARTESIAN_POINT ( 'NONE',  ( -149.0000000000000000, -5.000000000000000000, -24.99999999999996803 ) ) ;
#5409 = EDGE_CURVE ( 'NONE', #5722, #7774, #6462, .T. ) ;
#5410 = ORIENTED_EDGE ( 'NONE', *, *, #5934, .F. ) ;
#5411 = DIRECTION ( 'NONE',  ( 0.000000000000000000, 0.000000000000000000, 1.000000000000000000 ) ) ;
#5412 = ORIENTED_EDGE ( 'NONE', *, *, #3436, .T. ) ;
#5413 = ORIENTED_EDGE ( 'NONE', *, *, #3762, .T. ) ;
#5414 = CARTESIAN_POINT ( 'NONE',  ( 0.000000000000000000, -5.000000000000000000, 43.50000000000000000 ) ) ;
#5415 = LINE ( 'NONE', #2493, #8850 ) ;
#5416 = ORIENTED_EDGE ( 'NONE', *, *, #2803, .T. ) ;
#5417 = DIRECTION ( 'NONE',  ( -0.000000000000000000, -1.000000000000000000, -0.000000000000000000 ) ) ;
#5418 = VERTEX_POINT ( 'NONE', #9801 ) ;
#5419 = EDGE_CURVE ( 'NONE', #5485, #2630, #7588, .T. ) ;
#5420 = ADVANCED_FACE ( 'NONE', ( #2973 ), #6009, .T. ) ;
#5421 = AXIS2_PLACEMENT_3D ( 'NONE', #7994, #4991, #7152 ) ;
#5422 = ORIENTED_EDGE ( 'NONE', *, *, #8127, .F. ) ;
#5423 = CARTESIAN_POINT ( 'NONE',  ( -107.6880665565438022, -5.000000000000000000, 23.63822177457588225 ) ) ;
#5424 = ORIENTED_EDGE ( 'NONE', *, *, #5083, .T. ) ;
#5425 = CARTESIAN_POINT ( 'NONE',  ( -77.97332673725225050, -5.000000000000000000, 20.24999999999999289 ) ) ;
#5426 = DIRECTION ( 'NONE',  ( -0.000000000000000000, -1.000000000000000000, -0.000000000000000000 ) ) ;
#5427 = CARTESIAN_POINT ( 'NONE',  ( -4.712388980384689674, -5.000000000000000000, 43.50000000000000000 ) ) ;
#5428 = CYLINDRICAL_SURFACE ( 'NONE', #3775, 8.699999999995648992 ) ;
#5429 = EDGE_LOOP ( 'NONE', ( #5761, #6753, #7668, #8488 ) ) ;
#5430 = EDGE_CURVE ( 'NONE', #184, #6716, #8306, .T. ) ;
#5431 = CYLINDRICAL_SURFACE ( 'NONE', #3234, 19.87399999999006539 ) ;
#5432 = EDGE_LOOP ( 'NONE', ( #7509, #4489, #3720, #5249 ) ) ;
#5433 = FACE_OUTER_BOUND ( 'NONE', #3281, .T. ) ;
#5434 = LINE ( 'NONE', #1065, #6443 ) ;
#5435 = CARTESIAN_POINT ( 'NONE',  ( -84.12612165462034852, -5.000000000000000000, 23.63822177457588225 ) ) ;
#5436 = ORIENTED_EDGE ( 'NONE', *, *, #7591, .T. ) ;
#5437 = DIRECTION ( 'NONE',  ( -1.000000000000000000, 0.000000000000000000, 1.272130549049658700E-16 ) ) ;
#5438 = CARTESIAN_POINT ( 'NONE',  ( 75.21577570779291477, -5.000000000000000000, 25.27079167095700640 ) ) ;
#5439 = EDGE_CURVE ( 'NONE', #240, #1244, #6818, .T. ) ;
#5440 = DIRECTION ( 'NONE',  ( -0.000000000000000000, 1.000000000000000000, -0.000000000000000000 ) ) ;
#5441 = CIRCLE ( 'NONE', #4170, 8.699999999995645439 ) ;
#5442 = CARTESIAN_POINT ( 'NONE',  ( 200.0000000000000000, 5.000000000000000000, 60.00000000000000000 ) ) ;
#5443 = EDGE_LOOP ( 'NONE', ( #5565, #1621, #5031, #2340 ) ) ;
#5444 = CARTESIAN_POINT ( 'NONE',  ( -99.65704858038257896, -5.000000000000000000, 23.63822177457588225 ) ) ;
#5445 = CYLINDRICAL_SURFACE ( 'NONE', #3946, 8.699999999995645439 ) ;
#5446 = ORIENTED_EDGE ( 'NONE', *, *, #836, .T. ) ;
#5447 = DIRECTION ( 'NONE',  ( 1.000000000000000000, 0.000000000000000000, 0.000000000000000000 ) ) ;
#5448 = LINE ( 'NONE', #8501, #5979 ) ;
#5449 = DIRECTION ( 'NONE',  ( -0.000000000000000000, -1.000000000000000000, -0.000000000000000000 ) ) ;
#5450 = AXIS2_PLACEMENT_3D ( 'NONE', #6292, #7041, #4592 ) ;
#5451 = EDGE_CURVE ( 'NONE', #5267, #2046, #5307, .T. ) ;
#5452 = CIRCLE ( 'NONE', #1641, 8.699999999995645439 ) ;
#5453 = ORIENTED_EDGE ( 'NONE', *, *, #2079, .T. ) ;
#5454 = EDGE_LOOP ( 'NONE', ( #5154, #863, #7876, #6999 ) ) ;
#5455 = DIRECTION ( 'NONE',  ( -0.000000000000000000, 1.000000000000000000, -0.000000000000000000 ) ) ;
#5456 = ORIENTED_EDGE ( 'NONE', *, *, #5244, .F. ) ;
#5457 = FACE_OUTER_BOUND ( 'NONE', #2289, .T. ) ;
#5458 = CIRCLE ( 'NONE', #1170, 8.699999999995645439 ) ;
#5459 = ORIENTED_EDGE ( 'NONE', *, *, #337, .T. ) ;
#5460 = CIRCLE ( 'NONE', #385, 8.699999999995645439 ) ;
#5461 = ORIENTED_EDGE ( 'NONE', *, *, #6709, .T. ) ;
#5462 = CARTESIAN_POINT ( 'NONE',  ( -150.0000000000000000, 5.000000000000000000, 20.24999999999999645 ) ) ;
#5463 = DIRECTION ( 'NONE',  ( -0.000000000000000000, -1.000000000000000000, -0.000000000000000000 ) ) ;
#5464 = EDGE_CURVE ( 'NONE', #6248, #1762, #4874, .T. ) ;
#5465 = ORIENTED_EDGE ( 'NONE', *, *, #3191, .F. ) ;
#5466 = AXIS2_PLACEMENT_3D ( 'NONE', #6276, #9327, #6073 ) ;
#5467 = ORIENTED_EDGE ( 'NONE', *, *, #6302, .T. ) ;
#5468 = CIRCLE ( 'NONE', #5950, 19.87399999999006539 ) ;
#5469 = ORIENTED_EDGE ( 'NONE', *, *, #2454, .F. ) ;
#5470 = ADVANCED_FACE ( 'NONE', ( #7057 ), #5403, .T. ) ;
#5471 = DIRECTION ( 'NONE',  ( -0.000000000000000000, -1.000000000000000000, -0.000000000000000000 ) ) ;
#5472 = ORIENTED_EDGE ( 'NONE', *, *, #3605, .T. ) ;
#5474 = VECTOR ( 'NONE', #2613, 1000.000000000000000 ) ;
#5473 = FACE_OUTER_BOUND ( 'NONE', #2488, .T. ) ;
#5475 = CYLINDRICAL_SURFACE ( 'NONE', #8370, 8.699999999995648992 ) ;
#5476 = CARTESIAN_POINT ( 'NONE',  ( -101.5352716391757042, -5.000000000000000000, 20.24999999999999289 ) ) ;
#5477 = CIRCLE ( 'NONE', #1184, 8.699999999995645439 ) ;
#5478 = ADVANCED_FACE ( 'NONE', ( #3817 ), #232, .T. ) ;
#5479 = CARTESIAN_POINT ( 'NONE',  ( 117.6272765312551201, -5.000000000000000000, 25.27079167095700640 ) ) ;
#5480 = VERTEX_POINT ( 'NONE', #87 ) ;
#5481 = VECTOR ( 'NONE', #3005, 1000.000000000000000 ) ;
#5482 = AXIS2_PLACEMENT_3D ( 'NONE', #6745, #9788, #5999 ) ;
#5483 = VECTOR ( 'NONE', #3240, 1000.000000000000000 ) ;
#5484 = LINE ( 'NONE', #120, #7210 ) ;
#5485 = VERTEX_POINT ( 'NONE', #7011 ) ;
#5486 = CARTESIAN_POINT ( 'NONE',  ( 136.4768324527938717, -5.000000000000000000, 25.27079167095700640 ) ) ;
#5487 = CARTESIAN_POINT ( 'NONE',  ( 23.56194490192344659, -5.000000000000000000, 43.50000000000000000 ) ) ;
#5488 = CARTESIAN_POINT ( 'NONE',  ( -122.7045614683640622, -5.000000000000000000, 25.27079167095700640 ) ) ;
#5489 = ORIENTED_EDGE ( 'NONE', *, *, #2501, .F. ) ;
#5490 = EDGE_CURVE ( 'NONE', #5735, #374, #267, .T. ) ;
#5491 = AXIS2_PLACEMENT_3D ( 'NONE', #5880, #2503, #3985 ) ;
#5493 = CARTESIAN_POINT ( 'NONE',  ( 28.45678186067025450, -5.000000000000000000, 25.27079167095700996 ) ) ;
#5492 = AXIS2_PLACEMENT_3D ( 'NONE', #413, #5588, #3351 ) ;
#5494 = CIRCLE ( 'NONE', #3587, 1.599999999999962563 ) ;
#5495 = DIRECTION ( 'NONE',  ( -0.000000000000000000, -1.000000000000000000, -0.000000000000000000 ) ) ;
#5496 = CIRCLE ( 'NONE', #8694, 8.699999999995648992 ) ;
#5497 = CARTESIAN_POINT ( 'NONE',  ( 84.12612165462033431, -5.000000000000000000, 23.63822177457588225 ) ) ;
#5498 = VECTOR ( 'NONE', #5810, 1000.000000000000000 ) ;
#5499 = VECTOR ( 'NONE', #7511, 1000.000000000000000 ) ;
#5500 = DIRECTION ( 'NONE',  ( -1.272130549049658700E-16, 0.000000000000000000, -1.000000000000000000 ) ) ;
#5501 = ORIENTED_EDGE ( 'NONE', *, *, #6982, .T. ) ;
#5502 = CARTESIAN_POINT ( 'NONE',  ( -13.44028694884999275, -5.000000000000000000, 23.63822177457588225 ) ) ;
#5503 = DIRECTION ( 'NONE',  ( 0.000000000000000000, 0.000000000000000000, 1.000000000000000000 ) ) ;
#5504 = VERTEX_POINT ( 'NONE', #3861 ) ;
#5505 = EDGE_CURVE ( 'NONE', #4838, #2420, #2960, .T. ) ;
#5506 = CARTESIAN_POINT ( 'NONE',  ( 32.80427488433070948, 5.000000000000000000, 25.27079167095700640 ) ) ;
#5507 = DIRECTION ( 'NONE',  ( -1.272130549049658700E-16, 0.000000000000000000, -1.000000000000000000 ) ) ;
#5508 = CARTESIAN_POINT ( 'NONE',  ( -113.0973355292325522, 5.000000000000000000, 43.50000000000000000 ) ) ;
#5509 = AXIS2_PLACEMENT_3D ( 'NONE', #3557, #7611, #3810 ) ;
#5510 = AXIS2_PLACEMENT_3D ( 'NONE', #5558, #7058, #8559 ) ;
#5511 = EDGE_LOOP ( 'NONE', ( #9323, #5469, #8807, #9423 ) ) ;
#5512 = ORIENTED_EDGE ( 'NONE', *, *, #1465, .F. ) ;
#5513 = LINE ( 'NONE', #2428, #3750 ) ;
#5514 = VERTEX_POINT ( 'NONE', #3066 ) ;
#5515 = DIRECTION ( 'NONE',  ( 0.000000000000000000, 0.000000000000000000, 1.000000000000000000 ) ) ;
#5516 = ORIENTED_EDGE ( 'NONE', *, *, #3181, .T. ) ;
#5517 = VECTOR ( 'NONE', #1765, 1000.000000000000000 ) ;
#5518 = ADVANCED_FACE ( 'NONE', ( #3120 ), #4714, .T. ) ;
#5519 = ORIENTED_EDGE ( 'NONE', *, *, #8864, .F. ) ;
#5520 = DIRECTION ( 'NONE',  ( 1.000000000000000000, 0.000000000000000000, -1.272130549049658700E-16 ) ) ;
#5521 = LINE ( 'NONE', #8570, #9640 ) ;
#5522 = ORIENTED_EDGE ( 'NONE', *, *, #4074, .F. ) ;
#5523 = ORIENTED_EDGE ( 'NONE', *, *, #4674, .T. ) ;
#5524 = VECTOR ( 'NONE', #803, 1000.000000000000000 ) ;
#5525 = EDGE_LOOP ( 'NONE', ( #7997, #5364, #794, #1029 ) ) ;
#5526 = EDGE_CURVE ( 'NONE', #69, #5358, #2422, .T. ) ;
#5527 = CARTESIAN_POINT ( 'NONE',  ( -42.59394880182432530, 5.000000000000000000, 25.27079167095700640 ) ) ;
#5528 = ORIENTED_EDGE ( 'NONE', *, *, #7797, .F. ) ;
#5529 = CIRCLE ( 'NONE', #2201, 8.699999999995645439 ) ;
#5530 = CARTESIAN_POINT ( 'NONE',  ( -148.2213443212128254, -5.000000000000000000, 20.24999999999999289 ) ) ;
#5531 = CARTESIAN_POINT ( 'NONE',  ( -65.79099774702353898, -5.000000000000000000, 25.27079167095700996 ) ) ;
#5532 = DIRECTION ( 'NONE',  ( 0.000000000000000000, 0.000000000000000000, 1.000000000000000000 ) ) ;
#5533 = CARTESIAN_POINT ( 'NONE',  ( 132.1293394291334380, -5.000000000000000000, 25.27079167095700996 ) ) ;
#5534 = ORIENTED_EDGE ( 'NONE', *, *, #3526, .F. ) ;
#5535 = AXIS2_PLACEMENT_3D ( 'NONE', #4559, #8406, #29 ) ;
#5536 = CARTESIAN_POINT ( 'NONE',  ( 125.0972165410991437, 5.000000000000000000, 20.24999999999999289 ) ) ;
#5537 = ORIENTED_EDGE ( 'NONE', *, *, #5550, .T. ) ;
#5538 = EDGE_CURVE ( 'NONE', #4612, #3915, #3114, .T. ) ;
#5539 = DIRECTION ( 'NONE',  ( -0.000000000000000000, -1.000000000000000000, -0.000000000000000000 ) ) ;
#5540 = CARTESIAN_POINT ( 'NONE',  ( 42.22905284510009238, -5.000000000000000000, 25.27079167095700640 ) ) ;
#5541 = DIRECTION ( 'NONE',  ( -0.000000000000000000, 1.000000000000000000, -0.000000000000000000 ) ) ;
#5542 = DIRECTION ( 'NONE',  ( 0.000000000000000000, 1.000000000000000000, -0.000000000000000000 ) ) ;
#5543 = VERTEX_POINT ( 'NONE', #4007 ) ;
#5544 = CIRCLE ( 'NONE', #2686, 8.699999999995645439 ) ;
#5545 = DIRECTION ( 'NONE',  ( 0.000000000000000000, 0.000000000000000000, 1.000000000000000000 ) ) ;
#5546 = DIRECTION ( 'NONE',  ( -0.000000000000000000, -1.000000000000000000, -0.000000000000000000 ) ) ;
#5547 = EDGE_CURVE ( 'NONE', #6804, #7927, #7772, .T. ) ;
#5548 = DIRECTION ( 'NONE',  ( -0.000000000000000000, 1.000000000000000000, -0.000000000000000000 ) ) ;
#5549 = EDGE_CURVE ( 'NONE', #7722, #97, #2168, .T. ) ;
#5550 = EDGE_CURVE ( 'NONE', #9374, #7639, #7665, .T. ) ;
#5551 = DIRECTION ( 'NONE',  ( 1.000000000000000000, 0.000000000000000000, -1.272130549049658700E-16 ) ) ;
#5552 = EDGE_LOOP ( 'NONE', ( #7563, #992, #2217, #8772 ) ) ;
#5553 = DIRECTION ( 'NONE',  ( -0.000000000000000000, 1.000000000000000000, -0.000000000000000000 ) ) ;
#5554 = CARTESIAN_POINT ( 'NONE',  ( -150.0000000000000000, 5.000000000000000000, 20.24999999999999645 ) ) ;
#5555 = EDGE_LOOP ( 'NONE', ( #784, #3360, #4264, #8799 ) ) ;
#5556 = CARTESIAN_POINT ( 'NONE',  ( -136.8417284095181117, -5.000000000000000000, 25.27079167095700640 ) ) ;
#5557 = DIRECTION ( 'NONE',  ( -0.000000000000000000, 1.000000000000000000, -0.000000000000000000 ) ) ;
#5558 = CARTESIAN_POINT ( 'NONE',  ( 42.41150082346220529, -5.000000000000000000, 43.50000000000000000 ) ) ;
#5559 = ORIENTED_EDGE ( 'NONE', *, *, #3859, .T. ) ;
#5560 = ORIENTED_EDGE ( 'NONE', *, *, #4266, .T. ) ;
#5561 = EDGE_CURVE ( 'NONE', #1893, #5369, #2531, .T. ) ;
#5562 = DIRECTION ( 'NONE',  ( -0.000000000000000000, 1.000000000000000000, -0.000000000000000000 ) ) ;
#5563 = VERTEX_POINT ( 'NONE', #34 ) ;
#5564 = DIRECTION ( 'NONE',  ( 0.000000000000000000, 0.000000000000000000, 1.000000000000000000 ) ) ;
#5565 = ORIENTED_EDGE ( 'NONE', *, *, #3139, .F. ) ;
#5566 = EDGE_LOOP ( 'NONE', ( #1843, #6572, #3274, #5523 ) ) ;
#5567 = PLANE ( 'NONE',  #520 ) ;
#5568 = DIRECTION ( 'NONE',  ( 0.000000000000000000, 0.000000000000000000, 1.000000000000000000 ) ) ;
#5569 = ORIENTED_EDGE ( 'NONE', *, *, #1227, .T. ) ;
#5570 = ORIENTED_EDGE ( 'NONE', *, *, #5547, .F. ) ;
#5571 = ORIENTED_EDGE ( 'NONE', *, *, #3554, .F. ) ;
#5572 = DIRECTION ( 'NONE',  ( 0.000000000000000000, 0.000000000000000000, 1.000000000000000000 ) ) ;
#5573 = VERTEX_POINT ( 'NONE', #4607 ) ;
#5574 = CARTESIAN_POINT ( 'NONE',  ( 49.26117573313437958, 5.000000000000000000, 20.24999999999997158 ) ) ;
#5575 = CARTESIAN_POINT ( 'NONE',  ( 37.51666386471540449, -5.000000000000000000, 25.27079167095700640 ) ) ;
#5576 = DIRECTION ( 'NONE',  ( -0.000000000000000000, 1.000000000000000000, -0.000000000000000000 ) ) ;
#5577 = ORIENTED_EDGE ( 'NONE', *, *, #9697, .T. ) ;
#5578 = ADVANCED_FACE ( 'NONE', ( #6104 ), #9155, .T. ) ;
#5579 = AXIS2_PLACEMENT_3D ( 'NONE', #2612, #1874, #3453 ) ;
#5580 = FACE_OUTER_BOUND ( 'NONE', #5257, .T. ) ;
#5581 = ORIENTED_EDGE ( 'NONE', *, *, #3646, .F. ) ;
#5582 = DIRECTION ( 'NONE',  ( -0.000000000000000000, 1.000000000000000000, -0.000000000000000000 ) ) ;
#5583 = CARTESIAN_POINT ( 'NONE',  ( 170.0000000000000000, 5.000000000000000000, -50.00000000000000000 ) ) ;
#5584 = LINE ( 'NONE', #1715, #5326 ) ;
#5585 = CARTESIAN_POINT ( 'NONE',  ( -18.84955592153875870, -5.000000000000000000, 43.50000000000000000 ) ) ;
#5586 = CLOSED_SHELL ( 'NONE', ( #6589, #6656, #2072, #6273, #3385, #7072, #6193, #618, #9809, #7857, #9823, #4026, #7489, #6345, #2818, #9052, #7301, #2666, #5078, #2554, #1040, #8618, #2028, #5297, #245, #1650, #7979, #1425, #2831, #1044, #7362, #4207, #5232, #9653, #7499, #8251, #5578, #1418, #7427, #4484, #5962, #1247, #7764, #2393, #7286, #3871, #7279, #1661, #5, #7637, #6954, #8697, #77, #428, #8762, #8107, #8839, #4372, #5194, #3703, #5816, #4206, #6034, #3590, #8456, #4776, #9243, #8359, #8076, #4444, #9619, #143, #537, #3469, #142, #1721, #8984, #4977, #7021, #8514, #7402, #2937, #5058, #22, #5235, #9571, #7534, #1940, #8419, #1456, #6217, #9768, #1924, #6991, #123, #3183, #4765, #2921, #8426, #3819, #1914, #6796, #8160, #1700, #6568, #3849, #1766, #380, #5181, #2317, #8469, #2513, #5842, #2539, #6519, #1502, #1219, #300, #2514, #3049, #8637, #4666, #8730, #7158, #7330, #3906, #5734, #8047, #5206, #5518, #1403, #6405, #7369, #4918, #1999, #4490, #8740, #6142, #2362, #871, #1415, #6340, #4695, #2685, #5349, #637, #2464, #4130, #661, #165, #7602, #7763, #58, #63, #4148, #9268, #6187, #2634, #417, #4258, #6095, #4990, #8213, #437, #3286, #9560, #7895, #955, #7485, #7214, #468, #2579, #9438, #5068, #508, #5980, #6522, #4572, #6055, #8886, #4732, #6446, #5050, #4327, #2738, #7922, #4949, #4688, #2809, #8187, #5478, #5215, #9264, #3011, #7868, #7063, #4279, #1275, #6626, #6211, #8778, #2195, #4318, #7147, #9856, #3111, #2307, #7350, #7955, #9070, #6969, #262, #4633, #8917, #678, #5370, #2906, #1110, #2984, #6517, #5642, #4405, #5723, #9740, #9623, #5753, #912, #7801, #1737, #9279, #7324, #3397, #1, #8781, #7657, #2127, #1895, #3445, #1171, #1517, #5420, #1492, #4723, #543, #1197, #41, #990, #1157, #7776, #606, #6920, #9641, #6648, #4364, #1636, #3019, #3374, #4121, #3231, #1185, #4634, #8757, #391, #4167, #4829, #1236, #7502, #5470, #3097, #9386, #1091, #1469, #9460, #5837, #3220, #2872, #4295, #2749, #1708, #9804, #9195, #4807, #4852, #626, #4987, #744 ) ) ;
#5587 = VERTEX_POINT ( 'NONE', #1581 ) ;
#5588 = DIRECTION ( 'NONE',  ( -0.000000000000000000, 1.000000000000000000, -0.000000000000000000 ) ) ;
#5589 = CYLINDRICAL_SURFACE ( 'NONE', #7113, 8.699999999995645439 ) ;
#5590 = EDGE_CURVE ( 'NONE', #244, #7856, #2377, .T. ) ;
#5591 = CARTESIAN_POINT ( 'NONE',  ( -16.27445287044153943, -5.000000000000000000, 20.24999999999999289 ) ) ;
#5592 = CARTESIAN_POINT ( 'NONE',  ( -169.9999999999999716, 5.000000000000000000, -29.89999999999999503 ) ) ;
#5593 = ORIENTED_EDGE ( 'NONE', *, *, #3029, .T. ) ;
#5594 = EDGE_CURVE ( 'NONE', #7927, #3894, #9012, .T. ) ;
#5595 = CARTESIAN_POINT ( 'NONE',  ( 148.2213443212128254, -5.000000000000000000, 20.24999999999999289 ) ) ;
#5596 = DIRECTION ( 'NONE',  ( -0.000000000000000000, 1.000000000000000000, -0.000000000000000000 ) ) ;
#5597 = ORIENTED_EDGE ( 'NONE', *, *, #6892, .T. ) ;
#5598 = DIRECTION ( 'NONE',  ( 0.000000000000000000, 0.000000000000000000, 1.000000000000000000 ) ) ;
#5599 = DIRECTION ( 'NONE',  ( -0.000000000000000000, -1.000000000000000000, -0.000000000000000000 ) ) ;
#5600 = CARTESIAN_POINT ( 'NONE',  ( -44.54878675274967748, -5.000000000000000000, 20.24999999999999289 ) ) ;
#5601 = EDGE_CURVE ( 'NONE', #7270, #5091, #5448, .T. ) ;
#5602 = CARTESIAN_POINT ( 'NONE',  ( -41.71462083115812902, 5.000000000000000000, 23.63822177457588225 ) ) ;
#5603 = DIRECTION ( 'NONE',  ( -1.000000000000000000, 0.000000000000000000, 1.272130549049658700E-16 ) ) ;
#5604 = ORIENTED_EDGE ( 'NONE', *, *, #1465, .T. ) ;
#5605 = VERTEX_POINT ( 'NONE', #3965 ) ;
#5606 = CARTESIAN_POINT ( 'NONE',  ( -150.0000000000000000, 5.000000000000000000, 20.24999999999999645 ) ) ;
#5607 = FACE_OUTER_BOUND ( 'NONE', #7431, .T. ) ;
#5608 = EDGE_CURVE ( 'NONE', #1046, #4741, #7260, .T. ) ;
#5609 = ORIENTED_EDGE ( 'NONE', *, *, #4158, .F. ) ;
#5610 = ORIENTED_EDGE ( 'NONE', *, *, #7626, .T. ) ;
#5611 = AXIS2_PLACEMENT_3D ( 'NONE', #8539, #7650, #9282 ) ;
#5612 = CIRCLE ( 'NONE', #1324, 19.87399999999006539 ) ;
#5613 = FACE_OUTER_BOUND ( 'NONE', #2326, .T. ) ;
#5614 = ORIENTED_EDGE ( 'NONE', *, *, #6267, .T. ) ;
#5615 = CYLINDRICAL_SURFACE ( 'NONE', #8345, 8.699999999995645439 ) ;
#5616 = ORIENTED_EDGE ( 'NONE', *, *, #9725, .F. ) ;
#5617 = CARTESIAN_POINT ( 'NONE',  ( -9.242329982407262889, -5.000000000000000000, 25.27079167095700996 ) ) ;
#5618 = CARTESIAN_POINT ( 'NONE',  ( 56.73111574297840320, -5.000000000000000000, 25.27079167095700996 ) ) ;
#5619 = EDGE_CURVE ( 'NONE', #4292, #3419, #3415, .T. ) ;
#5620 = AXIS2_PLACEMENT_3D ( 'NONE', #2942, #5082, #9767 ) ;
#5621 = LINE ( 'NONE', #7178, #8400 ) ;
#5622 = EDGE_LOOP ( 'NONE', ( #2489, #7120, #4961, #85 ) ) ;
#5623 = CIRCLE ( 'NONE', #1338, 8.699999999995645439 ) ;
#5624 = ORIENTED_EDGE ( 'NONE', *, *, #5651, .F. ) ;
#5625 = CIRCLE ( 'NONE', #1665, 8.699999999995648992 ) ;
#5626 = VECTOR ( 'NONE', #5131, 1000.000000000000000 ) ;
#5627 = DIRECTION ( 'NONE',  ( -0.000000000000000000, 1.000000000000000000, -0.000000000000000000 ) ) ;
#5628 = EDGE_CURVE ( 'NONE', #8441, #3100, #2762, .T. ) ;
#5629 = DIRECTION ( 'NONE',  ( 0.000000000000000000, 0.000000000000000000, 1.000000000000000000 ) ) ;
#5630 = CARTESIAN_POINT ( 'NONE',  ( -103.8550055468252964, -5.000000000000000000, 25.27079167095700640 ) ) ;
#5631 = DIRECTION ( 'NONE',  ( 0.000000000000000000, 0.000000000000000000, 1.000000000000000000 ) ) ;
#5632 = ORIENTED_EDGE ( 'NONE', *, *, #3259, .T. ) ;
#5633 = FACE_OUTER_BOUND ( 'NONE', #8509, .T. ) ;
#5634 = CARTESIAN_POINT ( 'NONE',  ( -38.39599183538160077, -5.000000000000000000, 23.63822177457588225 ) ) ;
#5635 = AXIS2_PLACEMENT_3D ( 'NONE', #6651, #9690, #2856 ) ;
#5636 = VECTOR ( 'NONE', #8431, 1000.000000000000000 ) ;
#5637 = CARTESIAN_POINT ( 'NONE',  ( -169.9999999999999716, 5.000000000000000000, -39.89999999999999858 ) ) ;
#5638 = CARTESIAN_POINT ( 'NONE',  ( 6.849674909672160084, -5.000000000000000000, 20.24999999999999289 ) ) ;
#5639 = AXIS2_PLACEMENT_3D ( 'NONE', #320, #4287, #1950 ) ;
#5640 = VERTEX_POINT ( 'NONE', #4203 ) ;
#5641 = VECTOR ( 'NONE', #9194, 1000.000000000000000 ) ;
#5642 = ADVANCED_FACE ( 'NONE', ( #1123 ), #5797, .T. ) ;
#5643 = DIRECTION ( 'NONE',  ( 0.000000000000000000, 0.000000000000000000, 1.000000000000000000 ) ) ;
#5644 = FACE_OUTER_BOUND ( 'NONE', #3007, .T. ) ;
#5645 = VECTOR ( 'NONE', #9853, 1000.000000000000000 ) ;
#5646 = ORIENTED_EDGE ( 'NONE', *, *, #9518, .T. ) ;
#5647 = CARTESIAN_POINT ( 'NONE',  ( -150.0000000000000000, -5.000000000000000000, 20.24999999999999645 ) ) ;
#5648 = CARTESIAN_POINT ( 'NONE',  ( -119.9470104389047123, -5.000000000000000000, 20.24999999999999289 ) ) ;
#5649 = LINE ( 'NONE', #4303, #3123 ) ;
#5650 = VECTOR ( 'NONE', #7837, 1000.000000000000000 ) ;
#5651 = EDGE_CURVE ( 'NONE', #4828, #3254, #9317, .T. ) ;
#5652 = AXIS2_PLACEMENT_3D ( 'NONE', #3422, #341, #3371 ) ;
#5653 = VECTOR ( 'NONE', #9704, 1000.000000000000000 ) ;
#5654 = PLANE ( 'NONE',  #4224 ) ;
#5655 = DIRECTION ( 'NONE',  ( -0.000000000000000000, 1.000000000000000000, -0.000000000000000000 ) ) ;
#5656 = ORIENTED_EDGE ( 'NONE', *, *, #1545, .F. ) ;
#5657 = EDGE_CURVE ( 'NONE', #3867, #3433, #1671, .T. ) ;
#5658 = VERTEX_POINT ( 'NONE', #1026 ) ;
#5659 = AXIS2_PLACEMENT_3D ( 'NONE', #9506, #6607, #2676 ) ;
#5660 = VECTOR ( 'NONE', #2675, 1000.000000000000000 ) ;
#5661 = DIRECTION ( 'NONE',  ( -1.272130549049658700E-16, 0.000000000000000000, -1.000000000000000000 ) ) ;
#5662 = VECTOR ( 'NONE', #7500, 1000.000000000000000 ) ;
#5663 = CARTESIAN_POINT ( 'NONE',  ( 129.8096055214838600, -5.000000000000000000, 20.24999999999999289 ) ) ;
#5664 = ORIENTED_EDGE ( 'NONE', *, *, #3060, .F. ) ;
#5665 = ORIENTED_EDGE ( 'NONE', *, *, #9251, .F. ) ;
#5666 = CIRCLE ( 'NONE', #1865, 8.699999999995645439 ) ;
#5667 = AXIS2_PLACEMENT_3D ( 'NONE', #9346, #8399, #2369 ) ;
#5668 = CYLINDRICAL_SURFACE ( 'NONE', #8298, 8.699999999995645439 ) ;
#5669 = EDGE_CURVE ( 'NONE', #1120, #1447, #81, .T. ) ;
#5670 = EDGE_LOOP ( 'NONE', ( #4745, #1899, #5040, #5312 ) ) ;
#5671 = EDGE_CURVE ( 'NONE', #284, #4595, #5745, .T. ) ;
#5672 = CARTESIAN_POINT ( 'NONE',  ( 68.54854877648287470, -5.000000000000000000, 20.24999999999999289 ) ) ;
#5673 = ORIENTED_EDGE ( 'NONE', *, *, #3579, .F. ) ;
#5674 = CARTESIAN_POINT ( 'NONE',  ( -19.54643591384284207, -5.000000000000000000, 23.63822177457588225 ) ) ;
#5675 = CARTESIAN_POINT ( 'NONE',  ( -60.56417675269688772, 5.000000000000000000, 23.63822177457588225 ) ) ;
#5676 = AXIS2_PLACEMENT_3D ( 'NONE', #6077, #1707, #7037 ) ;
#5677 = LINE ( 'NONE', #3341, #5207 ) ;
#5678 = ORIENTED_EDGE ( 'NONE', *, *, #773, .F. ) ;
#5679 = EDGE_CURVE ( 'NONE', #9103, #4658, #376, .T. ) ;
#5680 = ORIENTED_EDGE ( 'NONE', *, *, #8813, .T. ) ;
#5681 = AXIS2_PLACEMENT_3D ( 'NONE', #2788, #3634, #6675 ) ;
#5682 = CARTESIAN_POINT ( 'NONE',  ( 122.7045614683640622, 5.000000000000000000, 25.27079167095700996 ) ) ;
#5683 = LINE ( 'NONE', #8734, #8707 ) ;
#5684 = DIRECTION ( 'NONE',  ( 0.000000000000000000, 0.000000000000000000, 1.000000000000000000 ) ) ;
#5685 = CARTESIAN_POINT ( 'NONE',  ( -35.56182591379005231, -5.000000000000000000, 20.24999999999999289 ) ) ;
#5686 = EDGE_LOOP ( 'NONE', ( #6703, #3262, #3848, #887 ) ) ;
#5687 = FACE_OUTER_BOUND ( 'NONE', #8806, .T. ) ;
#5688 = CYLINDRICAL_SURFACE ( 'NONE', #8865, 8.699999999995648992 ) ;
#5689 = VECTOR ( 'NONE', #4042, 1000.000000000000000 ) ;
#5690 = FACE_OUTER_BOUND ( 'NONE', #2342, .T. ) ;
#5691 = DIRECTION ( 'NONE',  ( -0.000000000000000000, 1.000000000000000000, -0.000000000000000000 ) ) ;
#5692 = AXIS2_PLACEMENT_3D ( 'NONE', #394, #5713, #8079 ) ;
#5693 = VERTEX_POINT ( 'NONE', #3320 ) ;
#5694 = VECTOR ( 'NONE', #2759, 1000.000000000000000 ) ;
#5695 = CARTESIAN_POINT ( 'NONE',  ( 91.67267655659655645, 5.000000000000000000, 20.24999999999996447 ) ) ;
#5696 = FACE_OUTER_BOUND ( 'NONE', #7226, .T. ) ;
#5697 = VERTEX_POINT ( 'NONE', #5648 ) ;
#5698 = LINE ( 'NONE', #1775, #6778 ) ;
#5699 = DIRECTION ( 'NONE',  ( -0.000000000000000000, 1.000000000000000000, -0.000000000000000000 ) ) ;
#5700 = DIRECTION ( 'NONE',  ( -0.000000000000000000, 1.000000000000000000, -0.000000000000000000 ) ) ;
#5701 = EDGE_CURVE ( 'NONE', #8130, #2858, #4861, .T. ) ;
#5702 = CARTESIAN_POINT ( 'NONE',  ( -146.7809383842294437, -5.000000000000000000, 23.63822177457588225 ) ) ;
#5703 = FACE_OUTER_BOUND ( 'NONE', #8583, .T. ) ;
#5704 = ORIENTED_EDGE ( 'NONE', *, *, #3456, .F. ) ;
#5705 = VERTEX_POINT ( 'NONE', #8003 ) ;
#5706 = EDGE_CURVE ( 'NONE', #6180, #5587, #8223, .T. ) ;
#5707 = DIRECTION ( 'NONE',  ( -0.000000000000000000, -1.000000000000000000, -0.000000000000000000 ) ) ;
#5708 = DIRECTION ( 'NONE',  ( -0.000000000000000000, -1.000000000000000000, -0.000000000000000000 ) ) ;
#5709 = LINE ( 'NONE', #9556, #5183 ) ;
#5710 = ORIENTED_EDGE ( 'NONE', *, *, #1903, .T. ) ;
#5711 = VERTEX_POINT ( 'NONE', #475 ) ;
#5712 = EDGE_CURVE ( 'NONE', #4225, #6804, #1191, .T. ) ;
#5713 = DIRECTION ( 'NONE',  ( -0.000000000000000000, -1.000000000000000000, -0.000000000000000000 ) ) ;
#5714 = ORIENTED_EDGE ( 'NONE', *, *, #2862, .T. ) ;
#5715 = LINE ( 'NONE', #4884, #854 ) ;
#5716 = ORIENTED_EDGE ( 'NONE', *, *, #3292, .F. ) ;
#5717 = EDGE_CURVE ( 'NONE', #6732, #1043, #7240, .T. ) ;
#5718 = CYLINDRICAL_SURFACE ( 'NONE', #5125, 10.00000000000000178 ) ;
#5719 = DIRECTION ( 'NONE',  ( 0.000000000000000000, 0.000000000000000000, 1.000000000000000000 ) ) ;
#5720 = DIRECTION ( 'NONE',  ( 0.000000000000000000, 0.000000000000000000, 1.000000000000000000 ) ) ;
#5721 = EDGE_CURVE ( 'NONE', #6480, #3671, #2023, .T. ) ;
#5722 = VERTEX_POINT ( 'NONE', #6457 ) ;
#5723 = ADVANCED_FACE ( 'NONE', ( #8058 ), #9502, .T. ) ;
#5724 = VECTOR ( 'NONE', #1434, 1000.000000000000000 ) ;
#5725 = ORIENTED_EDGE ( 'NONE', *, *, #7556, .T. ) ;
#5726 = CARTESIAN_POINT ( 'NONE',  ( 102.9756775761591001, 5.000000000000000000, 23.63822177457588225 ) ) ;
#5727 = FACE_OUTER_BOUND ( 'NONE', #7749, .T. ) ;
#5728 = DIRECTION ( 'NONE',  ( 1.000000000000000000, 0.000000000000000000, -1.272130549049658700E-16 ) ) ;
#5729 = LINE ( 'NONE', #3740, #5156 ) ;
#5730 = ORIENTED_EDGE ( 'NONE', *, *, #1148, .F. ) ;
#5731 = CARTESIAN_POINT ( 'NONE',  ( -59.12377081571349891, -5.000000000000000000, 20.24999999999999289 ) ) ;
#5732 = AXIS2_PLACEMENT_3D ( 'NONE', #3164, #5440, #8494 ) ;
#5733 = LINE ( 'NONE', #8693, #3929 ) ;
#5734 = ADVANCED_FACE ( 'NONE', ( #427 ), #3462, .T. ) ;
#5735 = VERTEX_POINT ( 'NONE', #3506 ) ;
#5736 = DIRECTION ( 'NONE',  ( -0.000000000000000000, -1.000000000000000000, -0.000000000000000000 ) ) ;
#5737 = ORIENTED_EDGE ( 'NONE', *, *, #8640, .T. ) ;
#5738 = AXIS2_PLACEMENT_3D ( 'NONE', #5087, #8978, #6586 ) ;
#5739 = CARTESIAN_POINT ( 'NONE',  ( -150.0000000000000000, 5.000000000000000000, 20.24999999999999645 ) ) ;
#5740 = ORIENTED_EDGE ( 'NONE', *, *, #8270, .F. ) ;
#5741 = CARTESIAN_POINT ( 'NONE',  ( -136.6592804311559917, -5.000000000000000000, 43.50000000000000000 ) ) ;
#5742 = CARTESIAN_POINT ( 'NONE',  ( -98.77772060971635426, -5.000000000000000000, 25.27079167095700996 ) ) ;
#5743 = VERTEX_POINT ( 'NONE', #6552 ) ;
#5744 = DIRECTION ( 'NONE',  ( 0.000000000000000000, -1.000000000000000000, 0.000000000000000000 ) ) ;
#5745 = LINE ( 'NONE', #8847, #7399 ) ;
#5746 = PLANE ( 'NONE',  #5987 ) ;
#5747 = EDGE_CURVE ( 'NONE', #349, #3254, #4061, .T. ) ;
#5748 = DIRECTION ( 'NONE',  ( 0.000000000000000000, 0.000000000000000000, 1.000000000000000000 ) ) ;
#5749 = CARTESIAN_POINT ( 'NONE',  ( 37.51666386471540449, 5.000000000000000000, 25.27079167095700640 ) ) ;
#5750 = ORIENTED_EDGE ( 'NONE', *, *, #8908, .F. ) ;
#5751 = ORIENTED_EDGE ( 'NONE', *, *, #4674, .F. ) ;
#5752 = CARTESIAN_POINT ( 'NONE',  ( -73.26093775686756260, -5.000000000000000000, 20.24999999999999289 ) ) ;
#5753 = ADVANCED_FACE ( 'NONE', ( #5851 ), #9646, .T. ) ;
#5754 = FACE_OUTER_BOUND ( 'NONE', #7559, .T. ) ;
#5755 = LINE ( 'NONE', #4123, #9805 ) ;
#5756 = AXIS2_PLACEMENT_3D ( 'NONE', #9721, #5923, #9827 ) ;
#5757 = ORIENTED_EDGE ( 'NONE', *, *, #5701, .F. ) ;
#5758 = ORIENTED_EDGE ( 'NONE', *, *, #8127, .T. ) ;
#5759 = FACE_OUTER_BOUND ( 'NONE', #8455, .T. ) ;
#5760 = CARTESIAN_POINT ( 'NONE',  ( -150.0000000000000000, 5.000000000000000000, 20.24999999999999645 ) ) ;
#5761 = ORIENTED_EDGE ( 'NONE', *, *, #8478, .F. ) ;
#5762 = CIRCLE ( 'NONE', #5134, 8.699999999995648992 ) ;
#5763 = DIRECTION ( 'NONE',  ( -0.000000000000000000, -1.000000000000000000, -0.000000000000000000 ) ) ;
#5764 = ORIENTED_EDGE ( 'NONE', *, *, #7636, .T. ) ;
#5765 = EDGE_CURVE ( 'NONE', #7480, #2735, #550, .T. ) ;
#5766 = DIRECTION ( 'NONE',  ( 1.000000000000000000, 0.000000000000000000, -1.272130549049658700E-16 ) ) ;
#5767 = DIRECTION ( 'NONE',  ( -0.000000000000000000, 1.000000000000000000, -0.000000000000000000 ) ) ;
#5768 = CARTESIAN_POINT ( 'NONE',  ( -150.0000000000000000, 5.000000000000000000, 20.24999999999999645 ) ) ;
#5769 = EDGE_LOOP ( 'NONE', ( #1958, #3322, #2224, #7344 ) ) ;
#5770 = AXIS2_PLACEMENT_3D ( 'NONE', #5022, #7089, #6342 ) ;
#5771 = EDGE_CURVE ( 'NONE', #5292, #3831, #8896, .T. ) ;
#5772 = EDGE_CURVE ( 'NONE', #5830, #6732, #2627, .T. ) ;
#5773 = ORIENTED_EDGE ( 'NONE', *, *, #1018, .T. ) ;
#5774 = DIRECTION ( 'NONE',  ( -0.000000000000000000, 1.000000000000000000, -0.000000000000000000 ) ) ;
#5775 = CIRCLE ( 'NONE', #6581, 8.699999999995645439 ) ;
#5776 = EDGE_CURVE ( 'NONE', #3926, #6214, #9694, .T. ) ;
#5778 = CIRCLE ( 'NONE', #6583, 8.699999999995648992 ) ;
#5777 = CYLINDRICAL_SURFACE ( 'NONE', #8541, 8.699999999995645439 ) ;
#5779 = DIRECTION ( 'NONE',  ( -0.000000000000000000, -1.000000000000000000, -0.000000000000000000 ) ) ;
#5780 = CARTESIAN_POINT ( 'NONE',  ( 89.71783860567123270, -5.000000000000000000, 25.27079167095700996 ) ) ;
#5781 = DIRECTION ( 'NONE',  ( -1.272130549049658700E-16, 0.000000000000000000, -1.000000000000000000 ) ) ;
#5782 = DIRECTION ( 'NONE',  ( -0.000000000000000000, -1.000000000000000000, -0.000000000000000000 ) ) ;
#5783 = DIRECTION ( 'NONE',  ( -0.000000000000000000, -1.000000000000000000, -0.000000000000000000 ) ) ;
#5784 = ORIENTED_EDGE ( 'NONE', *, *, #6904, .F. ) ;
#5785 = AXIS2_PLACEMENT_3D ( 'NONE', #2396, #3938, #2351 ) ;
#5786 = CIRCLE ( 'NONE', #7230, 8.699999999995645439 ) ;
#5787 = FACE_OUTER_BOUND ( 'NONE', #3498, .T. ) ;
#5788 = ORIENTED_EDGE ( 'NONE', *, *, #7750, .T. ) ;
#5789 = FACE_OUTER_BOUND ( 'NONE', #7660, .T. ) ;
#5790 = EDGE_CURVE ( 'NONE', #591, #180, #2068, .T. ) ;
#5791 = ORIENTED_EDGE ( 'NONE', *, *, #8543, .F. ) ;
#5792 = CARTESIAN_POINT ( 'NONE',  ( -65.97344572538565899, -5.000000000000000000, 43.50000000000000000 ) ) ;
#5793 = LINE ( 'NONE', #5939, #5694 ) ;
#5794 = ORIENTED_EDGE ( 'NONE', *, *, #8142, .T. ) ;
#5795 = AXIS2_PLACEMENT_3D ( 'NONE', #3210, #1820, #4857 ) ;
#5796 = APPLICATION_PROTOCOL_DEFINITION ( 'draft international standard', 'automotive_design', 1998, #7649 ) ;
#5797 = CYLINDRICAL_SURFACE ( 'NONE', #1374, 19.87399999999006539 ) ;
#5798 = AXIS2_PLACEMENT_3D ( 'NONE', #6146, #9191, #4697 ) ;
#5799 = CARTESIAN_POINT ( 'NONE',  ( -150.0000000000000000, -5.000000000000000000, 20.24999999999999645 ) ) ;
#5800 = VECTOR ( 'NONE', #2363, 1000.000000000000000 ) ;
#5801 = DIRECTION ( 'NONE',  ( -0.000000000000000000, -1.000000000000000000, -0.000000000000000000 ) ) ;
#5802 = VECTOR ( 'NONE', #4575, 1000.000000000000000 ) ;
#5803 = VECTOR ( 'NONE', #7036, 1000.000000000000000 ) ;
#5804 = CARTESIAN_POINT ( 'NONE',  ( -150.0000000000000000, 5.000000000000000000, 20.24999999999999645 ) ) ;
#5805 = EDGE_CURVE ( 'NONE', #6135, #184, #4368, .T. ) ;
#5806 = VERTEX_POINT ( 'NONE', #6047 ) ;
#5807 = ORIENTED_EDGE ( 'NONE', *, *, #6873, .F. ) ;
#5808 = CYLINDRICAL_SURFACE ( 'NONE', #2941, 19.87399999999006539 ) ;
#5809 = CYLINDRICAL_SURFACE ( 'NONE', #9708, 8.699999999995645439 ) ;
#5810 = DIRECTION ( 'NONE',  ( -0.000000000000000000, 1.000000000000000000, -0.000000000000000000 ) ) ;
#5811 = VECTOR ( 'NONE', #8580, 1000.000000000000000 ) ;
#5812 = AXIS2_PLACEMENT_3D ( 'NONE', #634, #8307, #1431 ) ;
#5813 = VERTEX_POINT ( 'NONE', #1269 ) ;
#5814 = AXIS2_PLACEMENT_3D ( 'NONE', #4652, #932, #1622 ) ;
#5815 = ORIENTED_EDGE ( 'NONE', *, *, #4067, .T. ) ;
#5816 = ADVANCED_FACE ( 'NONE', ( #5893 ), #8197, .T. ) ;
#5817 = DIRECTION ( 'NONE',  ( 1.000000000000000000, 0.000000000000000000, -1.272130549049658700E-16 ) ) ;
#5818 = DIRECTION ( 'NONE',  ( -0.000000000000000000, 1.000000000000000000, -0.000000000000000000 ) ) ;
#5819 = CIRCLE ( 'NONE', #1534, 8.699999999995645439 ) ;
#5820 = ORIENTED_EDGE ( 'NONE', *, *, #4339, .F. ) ;
#5821 = AXIS2_PLACEMENT_3D ( 'NONE', #4122, #6370, #3370 ) ;
#5822 = DIRECTION ( 'NONE',  ( -0.000000000000000000, 1.000000000000000000, -0.000000000000000000 ) ) ;
#5823 = ORIENTED_EDGE ( 'NONE', *, *, #3789, .T. ) ;
#5824 = DIRECTION ( 'NONE',  ( -0.000000000000000000, -1.000000000000000000, -0.000000000000000000 ) ) ;
#5825 = DIRECTION ( 'NONE',  ( -1.000000000000000000, 0.000000000000000000, 1.272130549049658700E-16 ) ) ;
#5826 = AXIS2_PLACEMENT_3D ( 'NONE', #6002, #3615, #2222 ) ;
#5827 = ORIENTED_EDGE ( 'NONE', *, *, #1675, .T. ) ;
#5828 = CIRCLE ( 'NONE', #4717, 8.699999999995645439 ) ;
#5829 = EDGE_CURVE ( 'NONE', #1811, #5960, #4406, .T. ) ;
#5830 = VERTEX_POINT ( 'NONE', #6604 ) ;
#5831 = DIRECTION ( 'NONE',  ( 0.000000000000000000, 0.000000000000000000, 1.000000000000000000 ) ) ;
#5832 = AXIS2_PLACEMENT_3D ( 'NONE', #8831, #2011, #5042 ) ;
#5833 = CARTESIAN_POINT ( 'NONE',  ( -5.409268972688774824, -5.000000000000000000, 23.63822177457588225 ) ) ;
#5834 = DIRECTION ( 'NONE',  ( 0.000000000000000000, 0.000000000000000000, 1.000000000000000000 ) ) ;
#5835 = CARTESIAN_POINT ( 'NONE',  ( 35.56182591379005231, 5.000000000000000000, 20.24999999999999289 ) ) ;
#5836 = CARTESIAN_POINT ( 'NONE',  ( -115.6724385803297679, -5.000000000000000000, 20.24999999999999289 ) ) ;
#5837 = ADVANCED_FACE ( 'NONE', ( #2963 ), #5251, .F. ) ;
#5838 = DIRECTION ( 'NONE',  ( 0.000000000000000000, 0.000000000000000000, 1.000000000000000000 ) ) ;
#5839 = LINE ( 'NONE', #2208, #5351 ) ;
#5840 = ORIENTED_EDGE ( 'NONE', *, *, #2782, .F. ) ;
#5841 = AXIS2_PLACEMENT_3D ( 'NONE', #7225, #7137, #5720 ) ;
#5842 = ADVANCED_FACE ( 'NONE', ( #8149 ), #7398, .T. ) ;
#5843 = DIRECTION ( 'NONE',  ( -0.000000000000000000, 1.000000000000000000, -0.000000000000000000 ) ) ;
#5844 = ORIENTED_EDGE ( 'NONE', *, *, #1723, .F. ) ;
#5845 = CYLINDRICAL_SURFACE ( 'NONE', #2440, 8.699999999995645439 ) ;
#5846 = EDGE_LOOP ( 'NONE', ( #4892, #4019, #6311, #152 ) ) ;
#5847 = DIRECTION ( 'NONE',  ( 0.000000000000000000, 0.000000000000000000, 1.000000000000000000 ) ) ;
#5848 = DIRECTION ( 'NONE',  ( 1.000000000000000000, 0.000000000000000000, -1.272130549049658700E-16 ) ) ;
#5849 = VERTEX_POINT ( 'NONE', #3612 ) ;
#5850 = AXIS2_PLACEMENT_3D ( 'NONE', #496, #8873, #7524 ) ;
#5851 = FACE_OUTER_BOUND ( 'NONE', #8504, .T. ) ;
#5852 = LINE ( 'NONE', #4452, #9029 ) ;
#5853 = EDGE_CURVE ( 'NONE', #5418, #2016, #5007, .T. ) ;
#5854 = EDGE_CURVE ( 'NONE', #3158, #7787, #6654, .T. ) ;
#5855 = EDGE_CURVE ( 'NONE', #9411, #658, #8253, .T. ) ;
#5856 = CARTESIAN_POINT ( 'NONE',  ( 127.9313824626907063, -5.000000000000000000, 23.63822177457588225 ) ) ;
#5857 = CIRCLE ( 'NONE', #7139, 8.699999999995648992 ) ;
#5858 = FACE_OUTER_BOUND ( 'NONE', #2594, .T. ) ;
#5859 = VERTEX_POINT ( 'NONE', #666 ) ;
#5860 = CARTESIAN_POINT ( 'NONE',  ( -44.54878675274967748, 5.000000000000000000, 20.24999999999999289 ) ) ;
#5861 = VERTEX_POINT ( 'NONE', #3697 ) ;
#5862 = FACE_OUTER_BOUND ( 'NONE', #3323, .T. ) ;
#5863 = CARTESIAN_POINT ( 'NONE',  ( 4.015508988080609853, -5.000000000000000000, 23.63822177457588225 ) ) ;
#5864 = CARTESIAN_POINT ( 'NONE',  ( 61.26105674500096399, 5.000000000000000000, 43.50000000000000000 ) ) ;
#5865 = EDGE_LOOP ( 'NONE', ( #9668, #6844, #6780, #3288 ) ) ;
#5866 = EDGE_CURVE ( 'NONE', #3496, #1576, #109, .T. ) ;
#5867 = ORIENTED_EDGE ( 'NONE', *, *, #1112, .T. ) ;
#5868 = DIRECTION ( 'NONE',  ( -0.000000000000000000, 1.000000000000000000, -0.000000000000000000 ) ) ;
#5869 = DIRECTION ( 'NONE',  ( 0.000000000000000000, 0.000000000000000000, 1.000000000000000000 ) ) ;
#5870 = ORIENTED_EDGE ( 'NONE', *, *, #1156, .F. ) ;
#5871 = CARTESIAN_POINT ( 'NONE',  ( -91.67267655659657066, 5.000000000000000000, 20.24999999999999289 ) ) ;
#5872 = VERTEX_POINT ( 'NONE', #2220 ) ;
#5873 = CARTESIAN_POINT ( 'NONE',  ( -143.9467724626379095, 5.000000000000000000, 20.24999999999999289 ) ) ;
#5874 = CARTESIAN_POINT ( 'NONE',  ( 190.0000000000000000, -5.000000000000000000, -50.00000000000000000 ) ) ;
#5875 = EDGE_CURVE ( 'NONE', #2589, #3100, #4394, .T. ) ;
#5876 = ORIENTED_EDGE ( 'NONE', *, *, #1625, .F. ) ;
#5877 = ORIENTED_EDGE ( 'NONE', *, *, #7646, .F. ) ;
#5878 = DIRECTION ( 'NONE',  ( 0.000000000000000000, 0.000000000000000000, 1.000000000000000000 ) ) ;
#5879 = LINE ( 'NONE', #1202, #6153 ) ;
#5880 = CARTESIAN_POINT ( 'NONE',  ( -19.03200389990087871, 5.000000000000000000, 25.27079167095700640 ) ) ;
#5881 = DIRECTION ( 'NONE',  ( 0.000000000000000000, 0.000000000000000000, 1.000000000000000000 ) ) ;
#5882 = DIRECTION ( 'NONE',  ( 0.000000000000000000, 0.000000000000000000, 1.000000000000000000 ) ) ;
#5883 = EDGE_CURVE ( 'NONE', #4213, #1211, #3255, .T. ) ;
#5884 = CARTESIAN_POINT ( 'NONE',  ( -2.137285929287469965, -5.000000000000000000, 20.24999999999999289 ) ) ;
#5885 = ORIENTED_EDGE ( 'NONE', *, *, #5855, .T. ) ;
#5886 = DIRECTION ( 'NONE',  ( -0.000000000000000000, 1.000000000000000000, -0.000000000000000000 ) ) ;
#5887 = ORIENTED_EDGE ( 'NONE', *, *, #6093, .T. ) ;
#5888 = FACE_OUTER_BOUND ( 'NONE', #8246, .T. ) ;
#5889 = ORIENTED_EDGE ( 'NONE', *, *, #9482, .T. ) ;
#5890 = CARTESIAN_POINT ( 'NONE',  ( -53.97356471351906038, -5.000000000000000000, 20.24999999999999289 ) ) ;
#5891 = DIRECTION ( 'NONE',  ( -0.000000000000000000, -1.000000000000000000, -0.000000000000000000 ) ) ;
#5892 = ORIENTED_EDGE ( 'NONE', *, *, #5854, .F. ) ;
#5893 = FACE_OUTER_BOUND ( 'NONE', #7775, .T. ) ;
#5894 = EDGE_CURVE ( 'NONE', #3124, #4450, #3108, .T. ) ;
#5895 = DIRECTION ( 'NONE',  ( -0.000000000000000000, 1.000000000000000000, -0.000000000000000000 ) ) ;
#5896 = AXIS2_PLACEMENT_3D ( 'NONE', #925, #3206, #2468 ) ;
#5897 = DIRECTION ( 'NONE',  ( 0.000000000000000000, 0.000000000000000000, 1.000000000000000000 ) ) ;
#5898 = CARTESIAN_POINT ( 'NONE',  ( -51.83627878423158819, -5.000000000000000000, 43.50000000000000000 ) ) ;
#5899 = VERTEX_POINT ( 'NONE', #5348 ) ;
#5900 = CARTESIAN_POINT ( 'NONE',  ( 84.64055366856229057, -5.000000000000000000, 25.27079167095700640 ) ) ;
#5901 = ORIENTED_EDGE ( 'NONE', *, *, #9099, .T. ) ;
#5902 = CYLINDRICAL_SURFACE ( 'NONE', #3109, 19.87399999999006539 ) ;
#5903 = DIRECTION ( 'NONE',  ( 0.000000000000000000, 0.000000000000000000, 1.000000000000000000 ) ) ;
#5904 = EDGE_CURVE ( 'NONE', #8039, #6071, #716, .T. ) ;
#5905 = DIRECTION ( 'NONE',  ( 1.000000000000000000, 0.000000000000000000, -1.272130549049658700E-16 ) ) ;
#5906 = ORIENTED_EDGE ( 'NONE', *, *, #7125, .F. ) ;
#5907 = ORIENTED_EDGE ( 'NONE', *, *, #6602, .T. ) ;
#5908 = CARTESIAN_POINT ( 'NONE',  ( 58.68595369390374827, -5.000000000000000000, 20.24999999999999289 ) ) ;
#5909 = CYLINDRICAL_SURFACE ( 'NONE', #8330, 8.699999999995648992 ) ;
#5910 = VERTEX_POINT ( 'NONE', #8547 ) ;
#5911 = DIRECTION ( 'NONE',  ( -1.000000000000000000, 0.000000000000000000, 1.272130549049658700E-16 ) ) ;
#5912 = ORIENTED_EDGE ( 'NONE', *, *, #1884, .F. ) ;
#5913 = EDGE_CURVE ( 'NONE', #8433, #1238, #9020, .T. ) ;
#5914 = CYLINDRICAL_SURFACE ( 'NONE', #3226, 1.000000000000000888 ) ;
#5915 = VECTOR ( 'NONE', #3338, 1000.000000000000000 ) ;
#5916 = ORIENTED_EDGE ( 'NONE', *, *, #4867, .F. ) ;
#5917 = DIRECTION ( 'NONE',  ( 0.000000000000000000, 0.000000000000000000, 1.000000000000000000 ) ) ;
#5918 = ORIENTED_EDGE ( 'NONE', *, *, #901, .T. ) ;
#5919 = CIRCLE ( 'NONE', #7050, 8.699999999995648992 ) ;
#5920 = ORIENTED_EDGE ( 'NONE', *, *, #3039, .F. ) ;
#5921 = CARTESIAN_POINT ( 'NONE',  ( -127.2345024703866159, -5.000000000000000000, 43.50000000000000000 ) ) ;
#5922 = EDGE_CURVE ( 'NONE', #6248, #3722, #1662, .T. ) ;
#5923 = DIRECTION ( 'NONE',  ( -0.000000000000000000, -1.000000000000000000, -0.000000000000000000 ) ) ;
#5924 = CARTESIAN_POINT ( 'NONE',  ( 170.0000000000000000, 5.000000000000000000, -60.00000000000000000 ) ) ;
#5925 = DIRECTION ( 'NONE',  ( 0.000000000000000000, 0.000000000000000000, 1.000000000000000000 ) ) ;
#5926 = FACE_OUTER_BOUND ( 'NONE', #789, .T. ) ;
#5927 = CIRCLE ( 'NONE', #9599, 8.699999999995648992 ) ;
#5928 = AXIS2_PLACEMENT_3D ( 'NONE', #4787, #913, #9280 ) ;
#5929 = DIRECTION ( 'NONE',  ( 1.000000000000000000, 0.000000000000000000, -1.272130549049658700E-16 ) ) ;
#5930 = ORIENTED_EDGE ( 'NONE', *, *, #3834, .T. ) ;
#5932 = CARTESIAN_POINT ( 'NONE',  ( 121.8252334976978517, -5.000000000000000000, 23.63822177457588225 ) ) ;
#5931 = AXIS2_PLACEMENT_3D ( 'NONE', #3346, #2656, #4237 ) ;
#5933 = ORIENTED_EDGE ( 'NONE', *, *, #3924, .T. ) ;
#5934 = EDGE_CURVE ( 'NONE', #6984, #5378, #2148, .T. ) ;
#5935 = CIRCLE ( 'NONE', #4664, 8.699999999995645439 ) ;
#5936 = FACE_OUTER_BOUND ( 'NONE', #4931, .T. ) ;
#5937 = EDGE_LOOP ( 'NONE', ( #4070, #5213, #4404, #5158 ) ) ;
#5938 = DIRECTION ( 'NONE',  ( 0.000000000000000000, 0.000000000000000000, 1.000000000000000000 ) ) ;
#5939 = CARTESIAN_POINT ( 'NONE',  ( -2.137285929287469965, -5.000000000000000000, 20.24999999999999289 ) ) ;
#5940 = ORIENTED_EDGE ( 'NONE', *, *, #8065, .F. ) ;
#5941 = DIRECTION ( 'NONE',  ( -1.000000000000000000, 0.000000000000000000, 1.272130549049658700E-16 ) ) ;
#5942 = CARTESIAN_POINT ( 'NONE',  ( 2.575103051097219709, -5.000000000000000000, 20.24999999999999289 ) ) ;
#5943 = VECTOR ( 'NONE', #539, 1000.000000000000000 ) ;
#5944 = AXIS2_PLACEMENT_3D ( 'NONE', #8751, #5655, #8111 ) ;
#5945 = CARTESIAN_POINT ( 'NONE',  ( -104.3694375607672669, -5.000000000000000000, 23.63822177457588225 ) ) ;
#5946 = EDGE_CURVE ( 'NONE', #4712, #8425, #7726, .T. ) ;
#5947 = DIRECTION ( 'NONE',  ( -0.000000000000000000, 1.000000000000000000, -0.000000000000000000 ) ) ;
#5948 = AXIS2_PLACEMENT_3D ( 'NONE', #4426, #9758, #2237 ) ;
#5949 = ORIENTED_EDGE ( 'NONE', *, *, #2426, .F. ) ;
#5950 = AXIS2_PLACEMENT_3D ( 'NONE', #776, #3659, #5153 ) ;
#5951 = CIRCLE ( 'NONE', #241, 19.87399999999006539 ) ;
#5952 = DIRECTION ( 'NONE',  ( 0.000000000000000000, 0.000000000000000000, 1.000000000000000000 ) ) ;
#5953 = ORIENTED_EDGE ( 'NONE', *, *, #5381, .T. ) ;
#5954 = DIRECTION ( 'NONE',  ( 1.000000000000000000, 0.000000000000000000, -1.272130549049658700E-16 ) ) ;
#5955 = CARTESIAN_POINT ( 'NONE',  ( -110.5222324781353365, 5.000000000000000000, 20.24999999999999289 ) ) ;
#5956 = DIRECTION ( 'NONE',  ( 1.000000000000000000, 0.000000000000000000, -1.272130549049658700E-16 ) ) ;
#5957 = EDGE_CURVE ( 'NONE', #5418, #1879, #175, .T. ) ;
#5958 = VERTEX_POINT ( 'NONE', #2412 ) ;
#5959 = VECTOR ( 'NONE', #7651, 1000.000000000000000 ) ;
#5960 = VERTEX_POINT ( 'NONE', #9141 ) ;
#5961 = CIRCLE ( 'NONE', #4690, 19.87399999999006539 ) ;
#5962 = ADVANCED_FACE ( 'NONE', ( #921 ), #6299, .T. ) ;
#5963 = CARTESIAN_POINT ( 'NONE',  ( -115.2346214585200244, -5.000000000000000000, 20.24999999999999289 ) ) ;
#5964 = CARTESIAN_POINT ( 'NONE',  ( -150.0000000000000000, -5.000000000000000000, 20.24999999999999645 ) ) ;
#5965 = VERTEX_POINT ( 'NONE', #4597 ) ;
#5966 = LINE ( 'NONE', #5224, #2922 ) ;
#5967 = ORIENTED_EDGE ( 'NONE', *, *, #7698, .F. ) ;
#5968 = AXIS2_PLACEMENT_3D ( 'NONE', #9722, #9124, #4535 ) ;
#5969 = VECTOR ( 'NONE', #4938, 1000.000000000000000 ) ;
#5970 = CARTESIAN_POINT ( 'NONE',  ( 40.27421489417474021, 5.000000000000000000, 20.24999999999999289 ) ) ;
#5971 = AXIS2_PLACEMENT_3D ( 'NONE', #3663, #6706, #2825 ) ;
#5972 = ORIENTED_EDGE ( 'NONE', *, *, #9023, .F. ) ;
#5973 = CARTESIAN_POINT ( 'NONE',  ( 93.55089961538971011, -5.000000000000000000, 23.63822177457588225 ) ) ;
#5974 = VERTEX_POINT ( 'NONE', #128 ) ;
#5975 = EDGE_CURVE ( 'NONE', #6620, #591, #3578, .T. ) ;
#5976 = CIRCLE ( 'NONE', #3438, 8.699999999995648992 ) ;
#5977 = AXIS2_PLACEMENT_3D ( 'NONE', #4774, #1744, #6327 ) ;
#5978 = EDGE_CURVE ( 'NONE', #146, #7044, #5294, .T. ) ;
#5979 = VECTOR ( 'NONE', #1677, 1000.000000000000000 ) ;
#5980 = ADVANCED_FACE ( 'NONE', ( #9238 ), #7608, .T. ) ;
#5981 = EDGE_LOOP ( 'NONE', ( #1420, #4120, #8363, #1674 ) ) ;
#5982 = CARTESIAN_POINT ( 'NONE',  ( 69.98895471346627062, -5.000000000000000000, 23.63822177457588225 ) ) ;
#5983 = DIRECTION ( 'NONE',  ( -0.000000000000000000, -1.000000000000000000, -0.000000000000000000 ) ) ;
#5984 = CARTESIAN_POINT ( 'NONE',  ( -32.98672286269282949, -5.000000000000000000, 43.50000000000000000 ) ) ;
#5985 = DIRECTION ( 'NONE',  ( 0.000000000000000000, 0.000000000000000000, 1.000000000000000000 ) ) ;
#5986 = VECTOR ( 'NONE', #3534, 1000.000000000000000 ) ;
#5987 = AXIS2_PLACEMENT_3D ( 'NONE', #4350, #2905, #5100 ) ;
#5988 = DIRECTION ( 'NONE',  ( 0.000000000000000000, 0.000000000000000000, 1.000000000000000000 ) ) ;
#5989 = VERTEX_POINT ( 'NONE', #1718 ) ;
#5990 = EDGE_CURVE ( 'NONE', #9171, #8630, #4551, .T. ) ;
#5991 = CARTESIAN_POINT ( 'NONE',  ( 115.2346214585200244, -5.000000000000000000, 20.24999999999999289 ) ) ;
#5992 = ORIENTED_EDGE ( 'NONE', *, *, #3987, .F. ) ;
#5993 = DIRECTION ( 'NONE',  ( -0.000000000000000000, 1.000000000000000000, -0.000000000000000000 ) ) ;
#5994 = ORIENTED_EDGE ( 'NONE', *, *, #5866, .F. ) ;
#5995 = DIRECTION ( 'NONE',  ( -0.000000000000000000, -1.000000000000000000, -0.000000000000000000 ) ) ;
#5996 = CARTESIAN_POINT ( 'NONE',  ( 160.0000000000000000, 5.000000000000000000, -49.99999999999999289 ) ) ;
#5997 = ORIENTED_EDGE ( 'NONE', *, *, #9381, .T. ) ;
#5998 = EDGE_LOOP ( 'NONE', ( #4615, #7697, #6889, #7014 ) ) ;
#5999 = DIRECTION ( 'NONE',  ( 0.000000000000000000, 0.000000000000000000, 1.000000000000000000 ) ) ;
#6000 = DIRECTION ( 'NONE',  ( -0.000000000000000000, 1.000000000000000000, -0.000000000000000000 ) ) ;
#6001 = VECTOR ( 'NONE', #8927, 1000.000000000000000 ) ;
#6002 = CARTESIAN_POINT ( 'NONE',  ( -51.83627878423158819, 5.000000000000000000, 43.50000000000000000 ) ) ;
#6003 = DIRECTION ( 'NONE',  ( -0.000000000000000000, 1.000000000000000000, -0.000000000000000000 ) ) ;
#6004 = ORIENTED_EDGE ( 'NONE', *, *, #2159, .T. ) ;
#6005 = VECTOR ( 'NONE', #9073, 1000.000000000000000 ) ;
#6006 = FACE_BOUND ( 'NONE', #673, .T. ) ;
#6007 = ORIENTED_EDGE ( 'NONE', *, *, #8462, .T. ) ;
#6008 = LINE ( 'NONE', #6663, #4068 ) ;
#6009 = CYLINDRICAL_SURFACE ( 'NONE', #1852, 8.699999999995648992 ) ;
#6010 = CARTESIAN_POINT ( 'NONE',  ( -37.00223185077344112, -5.000000000000000000, 23.63822177457588225 ) ) ;
#6011 = EDGE_CURVE ( 'NONE', #2212, #4698, #7655, .T. ) ;
#6012 = VERTEX_POINT ( 'NONE', #816 ) ;
#6013 = EDGE_LOOP ( 'NONE', ( #5740, #9752, #6422, #1086 ) ) ;
#6014 = AXIS2_PLACEMENT_3D ( 'NONE', #7251, #6453, #1878 ) ;
#6015 = CARTESIAN_POINT ( 'NONE',  ( -4.015508988080613406, -5.000000000000000000, 23.63822177457588225 ) ) ;
#6016 = LINE ( 'NONE', #9066, #9134 ) ;
#6017 = ORIENTED_EDGE ( 'NONE', *, *, #8117, .F. ) ;
#6018 = LINE ( 'NONE', #2136, #8981 ) ;
#6019 = ORIENTED_EDGE ( 'NONE', *, *, #1713, .T. ) ;
#6020 = AXIS2_PLACEMENT_3D ( 'NONE', #1919, #373, #6310 ) ;
#6021 = CARTESIAN_POINT ( 'NONE',  ( -13.95471896279195256, 5.000000000000000000, 25.27079167095700996 ) ) ;
#6022 = LINE ( 'NONE', #2344, #4856 ) ;
#6023 = EDGE_CURVE ( 'NONE', #9069, #525, #3850, .T. ) ;
#6024 = VERTEX_POINT ( 'NONE', #6241 ) ;
#6025 = DIRECTION ( 'NONE',  ( 1.000000000000000000, 0.000000000000000000, -1.272130549049658700E-16 ) ) ;
#6026 = ORIENTED_EDGE ( 'NONE', *, *, #9376, .F. ) ;
#6027 = ORIENTED_EDGE ( 'NONE', *, *, #8749, .F. ) ;
#6028 = EDGE_CURVE ( 'NONE', #7831, #6223, #4055, .T. ) ;
#6029 = DIRECTION ( 'NONE',  ( 1.000000000000000000, 0.000000000000000000, -1.272130549049658700E-16 ) ) ;
#6030 = CARTESIAN_POINT ( 'NONE',  ( 53.97356471351905327, 5.000000000000000000, 20.24999999999997158 ) ) ;
#6031 = CARTESIAN_POINT ( 'NONE',  ( -37.69911184307751739, 5.000000000000000000, 43.50000000000000000 ) ) ;
#6032 = FACE_OUTER_BOUND ( 'NONE', #5525, .T. ) ;
#6033 = AXIS2_PLACEMENT_3D ( 'NONE', #3428, #6479, #8760 ) ;
#6034 = ADVANCED_FACE ( 'NONE', ( #3997 ), #7045, .T. ) ;
#6035 = EDGE_CURVE ( 'NONE', #9306, #2085, #7292, .T. ) ;
#6036 = CARTESIAN_POINT ( 'NONE',  ( 170.0000000000000000, 5.000000000000000000, -48.40000000000001279 ) ) ;
#6037 = ORIENTED_EDGE ( 'NONE', *, *, #5854, .T. ) ;
#6038 = CARTESIAN_POINT ( 'NONE',  ( -56.36621978625415608, -5.000000000000000000, 25.27079167095700996 ) ) ;
#6039 = ORIENTED_EDGE ( 'NONE', *, *, #2104, .F. ) ;
#6040 = FACE_OUTER_BOUND ( 'NONE', #2337, .T. ) ;
#6041 = ORIENTED_EDGE ( 'NONE', *, *, #2301, .T. ) ;
#6042 = CARTESIAN_POINT ( 'NONE',  ( -150.0000000000000000, -5.000000000000000000, 20.24999999999999645 ) ) ;
#6043 = CARTESIAN_POINT ( 'NONE',  ( 84.82300164692441058, -5.000000000000000000, 43.50000000000000000 ) ) ;
#6044 = ORIENTED_EDGE ( 'NONE', *, *, #1819, .T. ) ;
#6045 = ORIENTED_EDGE ( 'NONE', *, *, #9251, .T. ) ;
#6046 = EDGE_CURVE ( 'NONE', #2437, #9306, #9632, .T. ) ;
#6047 = CARTESIAN_POINT ( 'NONE',  ( -96.82288265879101630, 5.000000000000000000, 20.24999999999999289 ) ) ;
#6048 = CARTESIAN_POINT ( 'NONE',  ( -99.14261656644060849, -5.000000000000000000, 25.27079167095700640 ) ) ;
#6049 = FACE_OUTER_BOUND ( 'NONE', #764, .T. ) ;
#6050 = DIRECTION ( 'NONE',  ( 1.000000000000000000, 0.000000000000000000, 0.000000000000000000 ) ) ;
#6051 = ORIENTED_EDGE ( 'NONE', *, *, #5608, .F. ) ;
#6052 = DIRECTION ( 'NONE',  ( -0.000000000000000000, -1.000000000000000000, -0.000000000000000000 ) ) ;
#6053 = CARTESIAN_POINT ( 'NONE',  ( -150.0000000000000000, -5.000000000000000000, 20.24999999999999645 ) ) ;
#6054 = EDGE_LOOP ( 'NONE', ( #1023, #9366, #975, #3476 ) ) ;
#6055 = ADVANCED_FACE ( 'NONE', ( #5633 ), #3450, .T. ) ;
#6056 = CARTESIAN_POINT ( 'NONE',  ( -145.3871783996212912, -5.000000000000000000, 23.63822177457588225 ) ) ;
#6057 = CARTESIAN_POINT ( 'NONE',  ( -14.83404693345814884, -5.000000000000000000, 23.63822177457588225 ) ) ;
#6058 = DIRECTION ( 'NONE',  ( -0.000000000000000000, 1.000000000000000000, -0.000000000000000000 ) ) ;
#6059 = EDGE_LOOP ( 'NONE', ( #6758, #5994, #235, #6004 ) ) ;
#6060 = ORIENTED_EDGE ( 'NONE', *, *, #8445, .F. ) ;
#6061 = CARTESIAN_POINT ( 'NONE',  ( -150.0000000000000000, 5.000000000000000000, 20.24999999999999645 ) ) ;
#6062 = CARTESIAN_POINT ( 'NONE',  ( -88.83851063500503642, -5.000000000000000000, 23.63822177457588225 ) ) ;
#6063 = ORIENTED_EDGE ( 'NONE', *, *, #9451, .T. ) ;
#6064 = EDGE_CURVE ( 'NONE', #7006, #3915, #4143, .T. ) ;
#6065 = DIRECTION ( 'NONE',  ( 0.000000000000000000, 0.000000000000000000, 1.000000000000000000 ) ) ;
#6066 = ORIENTED_EDGE ( 'NONE', *, *, #3530, .T. ) ;
#6067 = CYLINDRICAL_SURFACE ( 'NONE', #4966, 8.699999999995648992 ) ;
#6068 = DIRECTION ( 'NONE',  ( -0.000000000000000000, -0.000000000000000000, -1.000000000000000000 ) ) ;
#6069 = DIRECTION ( 'NONE',  ( 0.000000000000000000, 0.000000000000000000, 1.000000000000000000 ) ) ;
#6070 = ORIENTED_EDGE ( 'NONE', *, *, #2898, .F. ) ;
#6071 = VERTEX_POINT ( 'NONE', #7188 ) ;
#6072 = EDGE_CURVE ( 'NONE', #7213, #6320, #6497, .T. ) ;
#6073 = DIRECTION ( 'NONE',  ( 0.000000000000000000, 0.000000000000000000, 1.000000000000000000 ) ) ;
#6074 = DIRECTION ( 'NONE',  ( 1.000000000000000000, 0.000000000000000000, -1.272130549049658700E-16 ) ) ;
#6075 = LINE ( 'NONE', #3592, #4217 ) ;
#6076 = CARTESIAN_POINT ( 'NONE',  ( -150.0000000000000000, 5.000000000000000000, 20.24999999999999645 ) ) ;
#6077 = CARTESIAN_POINT ( 'NONE',  ( -150.0000000000000000, 5.000000000000000000, 20.24999999999999645 ) ) ;
#6078 = EDGE_CURVE ( 'NONE', #6868, #7969, #2637, .T. ) ;
#6079 = ORIENTED_EDGE ( 'NONE', *, *, #337, .F. ) ;
#6080 = VECTOR ( 'NONE', #1557, 1000.000000000000000 ) ;
#6081 = LINE ( 'NONE', #9336, #2603 ) ;
#6082 = ORIENTED_EDGE ( 'NONE', *, *, #7807, .F. ) ;
#6083 = EDGE_CURVE ( 'NONE', #6149, #1508, #2705, .T. ) ;
#6084 = CARTESIAN_POINT ( 'NONE',  ( 56.54866776461627609, -5.000000000000000000, 43.50000000000000000 ) ) ;
#6085 = VECTOR ( 'NONE', #5520, 1000.000000000000000 ) ;
#6086 = DIRECTION ( 'NONE',  ( -0.000000000000000000, 1.000000000000000000, -0.000000000000000000 ) ) ;
#6087 = CARTESIAN_POINT ( 'NONE',  ( 110.5222324781353365, -5.000000000000000000, 20.24999999999999289 ) ) ;
#6088 = ORIENTED_EDGE ( 'NONE', *, *, #3335, .T. ) ;
#6089 = ORIENTED_EDGE ( 'NONE', *, *, #1903, .F. ) ;
#6090 = DIRECTION ( 'NONE',  ( 0.000000000000000000, 0.000000000000000000, 1.000000000000000000 ) ) ;
#6091 = CARTESIAN_POINT ( 'NONE',  ( -142.0685494038447700, -5.000000000000000000, 23.63822177457588225 ) ) ;
#6092 = VECTOR ( 'NONE', #122, 1000.000000000000000 ) ;
#6093 = EDGE_CURVE ( 'NONE', #9306, #6917, #4218, .T. ) ;
#6094 = DIRECTION ( 'NONE',  ( -0.000000000000000000, -0.000000000000000000, 1.000000000000000000 ) ) ;
#6095 = ADVANCED_FACE ( 'NONE', ( #1953 ), #4985, .T. ) ;
#6096 = EDGE_CURVE ( 'NONE', #7639, #392, #2564, .T. ) ;
#6097 = CARTESIAN_POINT ( 'NONE',  ( 24.25882489422752286, -5.000000000000000000, 23.63822177457588225 ) ) ;
#6098 = ORIENTED_EDGE ( 'NONE', *, *, #5829, .T. ) ;
#6099 = DIRECTION ( 'NONE',  ( 0.000000000000000000, 0.000000000000000000, 1.000000000000000000 ) ) ;
#6100 = FACE_OUTER_BOUND ( 'NONE', #6308, .T. ) ;
#6101 = VERTEX_POINT ( 'NONE', #1763 ) ;
#6102 = CIRCLE ( 'NONE', #9131, 8.699999999995645439 ) ;
#6103 = FACE_OUTER_BOUND ( 'NONE', #8272, .T. ) ;
#6104 = FACE_OUTER_BOUND ( 'NONE', #623, .T. ) ;
#6105 = AXIS2_PLACEMENT_3D ( 'NONE', #7065, #3279, #8611 ) ;
#6106 = APPLICATION_CONTEXT ( 'automotive_design' ) ;
#6107 = FACE_OUTER_BOUND ( 'NONE', #8461, .T. ) ;
#6108 = VERTEX_POINT ( 'NONE', #4102 ) ;
#6109 = VERTEX_POINT ( 'NONE', #8041 ) ;
#6110 = EDGE_CURVE ( 'NONE', #5711, #9841, #6608, .T. ) ;
#6111 = VECTOR ( 'NONE', #3336, 1000.000000000000000 ) ;
#6112 = AXIS2_PLACEMENT_3D ( 'NONE', #2667, #4994, #8101 ) ;
#6113 = ORIENTED_EDGE ( 'NONE', *, *, #1625, .T. ) ;
#6114 = VECTOR ( 'NONE', #5391, 1000.000000000000000 ) ;
#6115 = DIRECTION ( 'NONE',  ( 0.000000000000000000, 0.000000000000000000, 1.000000000000000000 ) ) ;
#6116 = ORIENTED_EDGE ( 'NONE', *, *, #8717, .T. ) ;
#6117 = ORIENTED_EDGE ( 'NONE', *, *, #3579, .T. ) ;
#6118 = CARTESIAN_POINT ( 'NONE',  ( -51.13939879192751192, 5.000000000000000000, 23.63822177457588225 ) ) ;
#6119 = PLANE ( 'NONE',  #8843 ) ;
#6120 = AXIS2_PLACEMENT_3D ( 'NONE', #7195, #372, #423 ) ;
#6121 = AXIS2_PLACEMENT_3D ( 'NONE', #4951, #1825, #8649 ) ;
#6122 = CIRCLE ( 'NONE', #250, 8.699999999995648992 ) ;
#6123 = DIRECTION ( 'NONE',  ( 0.000000000000000000, 0.000000000000000000, 1.000000000000000000 ) ) ;
#6124 = ORIENTED_EDGE ( 'NONE', *, *, #8640, .F. ) ;
#6125 = AXIS2_PLACEMENT_3D ( 'NONE', #4791, #4747, #3200 ) ;
#6126 = ORIENTED_EDGE ( 'NONE', *, *, #2236, .T. ) ;
#6127 = AXIS2_PLACEMENT_3D ( 'NONE', #7237, #7992, #5545 ) ;
#6128 = CIRCLE ( 'NONE', #4540, 8.699999999995648992 ) ;
#6129 = DIRECTION ( 'NONE',  ( 0.000000000000000000, 0.000000000000000000, 1.000000000000000000 ) ) ;
#6130 = DIRECTION ( 'NONE',  ( 0.000000000000000000, 0.000000000000000000, 1.000000000000000000 ) ) ;
#6131 = DIRECTION ( 'NONE',  ( -0.000000000000000000, 1.000000000000000000, -0.000000000000000000 ) ) ;
#6132 = DIRECTION ( 'NONE',  ( -0.000000000000000000, 1.000000000000000000, -0.000000000000000000 ) ) ;
#6133 = DIRECTION ( 'NONE',  ( 0.000000000000000000, 0.000000000000000000, 1.000000000000000000 ) ) ;
#6134 = CIRCLE ( 'NONE', #720, 8.699999999995648992 ) ;
#6135 = VERTEX_POINT ( 'NONE', #7097 ) ;
#6136 = VECTOR ( 'NONE', #3067, 1000.000000000000000 ) ;
#6137 = EDGE_CURVE ( 'NONE', #3442, #9852, #363, .T. ) ;
#6138 = AXIS2_PLACEMENT_3D ( 'NONE', #1323, #8950, #6615 ) ;
#6139 = LINE ( 'NONE', #9187, #2908 ) ;
#6140 = ORIENTED_EDGE ( 'NONE', *, *, #9318, .F. ) ;
#6141 = DIRECTION ( 'NONE',  ( 0.000000000000000000, 0.000000000000000000, 1.000000000000000000 ) ) ;
#6142 = ADVANCED_FACE ( 'NONE', ( #5687 ), #463, .T. ) ;
#6143 = CIRCLE ( 'NONE', #4544, 19.87399999999006539 ) ;
#6144 = AXIS2_PLACEMENT_3D ( 'NONE', #2532, #3966, #7666 ) ;
#6145 = LINE ( 'NONE', #4099, #5800 ) ;
#6146 = CARTESIAN_POINT ( 'NONE',  ( -56.36621978625415608, 5.000000000000000000, 25.27079167095700996 ) ) ;
#6147 = AXIS2_PLACEMENT_3D ( 'NONE', #5361, #9358, #4653 ) ;
#6148 = ORIENTED_EDGE ( 'NONE', *, *, #6823, .F. ) ;
#6149 = VERTEX_POINT ( 'NONE', #2519 ) ;
#6150 = CARTESIAN_POINT ( 'NONE',  ( 159.0000000000000000, 5.000000000000000000, 39.89999999999999858 ) ) ;
#6151 = DIRECTION ( 'NONE',  ( 0.000000000000000000, 0.000000000000000000, 1.000000000000000000 ) ) ;
#6152 = EDGE_CURVE ( 'NONE', #2556, #146, #3902, .T. ) ;
#6153 = VECTOR ( 'NONE', #1908, 1000.000000000000000 ) ;
#6154 = VECTOR ( 'NONE', #8639, 1000.000000000000000 ) ;
#6155 = FACE_OUTER_BOUND ( 'NONE', #2283, .T. ) ;
#6156 = DIRECTION ( 'NONE',  ( 0.000000000000000000, 0.000000000000000000, -1.000000000000000000 ) ) ;
#6157 = EDGE_LOOP ( 'NONE', ( #6166, #4719, #8719, #4549 ) ) ;
#6158 = DIRECTION ( 'NONE',  ( 0.000000000000000000, 0.000000000000000000, 1.000000000000000000 ) ) ;
#6159 = ORIENTED_EDGE ( 'NONE', *, *, #3335, .F. ) ;
#6160 = DIRECTION ( 'NONE',  ( -0.000000000000000000, -1.000000000000000000, -0.000000000000000000 ) ) ;
#6161 = CIRCLE ( 'NONE', #9663, 8.699999999995645439 ) ;
#6162 = DIRECTION ( 'NONE',  ( -1.000000000000000000, 0.000000000000000000, 0.000000000000000000 ) ) ;
#6163 = DIRECTION ( 'NONE',  ( 0.000000000000000000, 0.000000000000000000, 1.000000000000000000 ) ) ;
#6164 = EDGE_CURVE ( 'NONE', #648, #8953, #9478, .T. ) ;
#6165 = EDGE_CURVE ( 'NONE', #5587, #8265, #1871, .T. ) ;
#6166 = ORIENTED_EDGE ( 'NONE', *, *, #5790, .F. ) ;
#6167 = VERTEX_POINT ( 'NONE', #8738 ) ;
#6168 = DIRECTION ( 'NONE',  ( 0.000000000000000000, 0.000000000000000000, 1.000000000000000000 ) ) ;
#6169 = VECTOR ( 'NONE', #8966, 1000.000000000000000 ) ;
#6170 = ORIENTED_EDGE ( 'NONE', *, *, #753, .T. ) ;
#6171 = FACE_OUTER_BOUND ( 'NONE', #3004, .T. ) ;
#6172 = ORIENTED_EDGE ( 'NONE', *, *, #6110, .F. ) ;
#6173 = ORIENTED_EDGE ( 'NONE', *, *, #9184, .T. ) ;
#6174 = DIRECTION ( 'NONE',  ( 0.000000000000000000, 0.000000000000000000, 1.000000000000000000 ) ) ;
#6175 = DIRECTION ( 'NONE',  ( 0.000000000000000000, 0.000000000000000000, 1.000000000000000000 ) ) ;
#6176 = EDGE_CURVE ( 'NONE', #7044, #510, #5175, .T. ) ;
#6177 = AXIS2_PLACEMENT_3D ( 'NONE', #9004, #2970, #3562 ) ;
#6178 = ORIENTED_EDGE ( 'NONE', *, *, #4510, .T. ) ;
#6179 = CARTESIAN_POINT ( 'NONE',  ( -150.0000000000000000, 5.000000000000000000, 20.24999999999999645 ) ) ;
#6180 = VERTEX_POINT ( 'NONE', #2801 ) ;
#6181 = EDGE_LOOP ( 'NONE', ( #6963, #2486, #9572, #4084 ) ) ;
#6182 = VECTOR ( 'NONE', #7960, 1000.000000000000000 ) ;
#6183 = CARTESIAN_POINT ( 'NONE',  ( 123.2189934823060042, -5.000000000000000000, 23.63822177457588225 ) ) ;
#6184 = LINE ( 'NONE', #9329, #4164 ) ;
#6185 = DIRECTION ( 'NONE',  ( -0.000000000000000000, -1.000000000000000000, -0.000000000000000000 ) ) ;
#6186 = CARTESIAN_POINT ( 'NONE',  ( -82.68571571763693839, 5.000000000000000000, 20.24999999999999289 ) ) ;
#6187 = ADVANCED_FACE ( 'NONE', ( #5373 ), #4290, .T. ) ;
#6188 = DIRECTION ( 'NONE',  ( 0.000000000000000000, 0.000000000000000000, 1.000000000000000000 ) ) ;
#6189 = EDGE_LOOP ( 'NONE', ( #5967, #9732, #9398, #1564 ) ) ;
#6190 = CARTESIAN_POINT ( 'NONE',  ( -155.3263883743326232, 5.000000000000000000, 25.27079167095700996 ) ) ;
#6191 = VERTEX_POINT ( 'NONE', #3031 ) ;
#6192 = CARTESIAN_POINT ( 'NONE',  ( -150.0000000000000000, -5.000000000000000000, 20.24999999999999645 ) ) ;
#6193 = ADVANCED_FACE ( 'NONE', ( #9072 ), #6119, .T. ) ;
#6194 = DIRECTION ( 'NONE',  ( -0.000000000000000000, -1.000000000000000000, -0.000000000000000000 ) ) ;
#6195 = DIRECTION ( 'NONE',  ( -0.000000000000000000, -1.000000000000000000, -0.000000000000000000 ) ) ;
#6196 = ORIENTED_EDGE ( 'NONE', *, *, #6234, .F. ) ;
#6197 = ORIENTED_EDGE ( 'NONE', *, *, #5712, .F. ) ;
#6198 = DIRECTION ( 'NONE',  ( 0.000000000000000000, 0.000000000000000000, 1.000000000000000000 ) ) ;
#6199 = CARTESIAN_POINT ( 'NONE',  ( -37.51666386471540449, -5.000000000000000000, 25.27079167095700996 ) ) ;
#6200 = DIRECTION ( 'NONE',  ( -0.000000000000000000, -0.000000000000000000, 1.000000000000000000 ) ) ;
#6201 = CARTESIAN_POINT ( 'NONE',  ( -150.0000000000000000, 5.000000000000000000, 20.24999999999999645 ) ) ;
#6202 = ORIENTED_EDGE ( 'NONE', *, *, #3487, .T. ) ;
#6203 = EDGE_CURVE ( 'NONE', #2740, #4225, #2986, .T. ) ;
#6204 = DIRECTION ( 'NONE',  ( 0.000000000000000000, 0.000000000000000000, 1.000000000000000000 ) ) ;
#6205 = ORIENTED_EDGE ( 'NONE', *, *, #681, .T. ) ;
#6206 = DIRECTION ( 'NONE',  ( -0.000000000000000000, -1.000000000000000000, -0.000000000000000000 ) ) ;
#6207 = DIRECTION ( 'NONE',  ( 0.000000000000000000, 1.000000000000000000, -0.000000000000000000 ) ) ;
#6208 = CARTESIAN_POINT ( 'NONE',  ( 140.6747894192366175, -5.000000000000000000, 23.63822177457588225 ) ) ;
#6209 = ORIENTED_EDGE ( 'NONE', *, *, #5679, .T. ) ;
#6210 = VERTEX_POINT ( 'NONE', #9170 ) ;
#6211 = ADVANCED_FACE ( 'NONE', ( #8318 ), #8274, .T. ) ;
#6212 = CIRCLE ( 'NONE', #8286, 8.699999999995645439 ) ;
#6213 = LINE ( 'NONE', #4014, #6947 ) ;
#6214 = VERTEX_POINT ( 'NONE', #6779 ) ;
#6215 = CARTESIAN_POINT ( 'NONE',  ( -14.13716694115406902, -5.000000000000000000, 43.50000000000000000 ) ) ;
#6216 = ORIENTED_EDGE ( 'NONE', *, *, #2698, .T. ) ;
#6217 = ADVANCED_FACE ( 'NONE', ( #1490 ), #2240, .T. ) ;
#6218 = ORIENTED_EDGE ( 'NONE', *, *, #3776, .T. ) ;
#6219 = FACE_OUTER_BOUND ( 'NONE', #229, .T. ) ;
#6220 = VECTOR ( 'NONE', #6734, 1000.000000000000000 ) ;
#6221 = DIRECTION ( 'NONE',  ( 0.000000000000000000, 0.000000000000000000, 1.000000000000000000 ) ) ;
#6222 = ORIENTED_EDGE ( 'NONE', *, *, #8414, .F. ) ;
#6223 = VERTEX_POINT ( 'NONE', #839 ) ;
#6224 = VECTOR ( 'NONE', #5817, 1000.000000000000000 ) ;
#6225 = EDGE_CURVE ( 'NONE', #146, #2865, #748, .T. ) ;
#6226 = ORIENTED_EDGE ( 'NONE', *, *, #7454, .T. ) ;
#6227 = DIRECTION ( 'NONE',  ( 0.000000000000000000, 0.000000000000000000, 1.000000000000000000 ) ) ;
#6228 = ORIENTED_EDGE ( 'NONE', *, *, #2356, .F. ) ;
#6229 = CARTESIAN_POINT ( 'NONE',  ( 61.26105674500096399, -5.000000000000000000, 43.50000000000000000 ) ) ;
#6230 = CARTESIAN_POINT ( 'NONE',  ( -8.727897968465303080, -5.000000000000000000, 23.63822177457588225 ) ) ;
#6231 = CARTESIAN_POINT ( 'NONE',  ( 106.2476606195603921, -5.000000000000000000, 20.24999999999999289 ) ) ;
#6232 = CARTESIAN_POINT ( 'NONE',  ( 0.1824479783621157925, -5.000000000000000000, 25.27079167095700996 ) ) ;
#6233 = EDGE_LOOP ( 'NONE', ( #592, #7055, #4692, #6880 ) ) ;
#6234 = EDGE_CURVE ( 'NONE', #9133, #1549, #6022, .T. ) ;
#6235 = DIRECTION ( 'NONE',  ( -0.000000000000000000, -1.000000000000000000, -0.000000000000000000 ) ) ;
#6236 = VERTEX_POINT ( 'NONE', #9116 ) ;
#6237 = LINE ( 'NONE', #4789, #6092 ) ;
#6238 = CYLINDRICAL_SURFACE ( 'NONE', #872, 8.699999999995645439 ) ;
#6239 = CARTESIAN_POINT ( 'NONE',  ( 75.39822368615503478, -5.000000000000000000, 43.50000000000000000 ) ) ;
#6240 = ORIENTED_EDGE ( 'NONE', *, *, #7454, .F. ) ;
#6241 = CARTESIAN_POINT ( 'NONE',  ( -135.9624004388519154, 5.000000000000000000, 23.63822177457588225 ) ) ;
#6242 = AXIS2_PLACEMENT_3D ( 'NONE', #4087, #7134, #310 ) ;
#6243 = CARTESIAN_POINT ( 'NONE',  ( 74.70134369385095852, 5.000000000000000000, 23.63822177457588225 ) ) ;
#6244 = EDGE_CURVE ( 'NONE', #9661, #682, #9000, .T. ) ;
#6245 = DIRECTION ( 'NONE',  ( 0.000000000000000000, 0.000000000000000000, 1.000000000000000000 ) ) ;
#6246 = VECTOR ( 'NONE', #5122, 1000.000000000000000 ) ;
#6247 = CARTESIAN_POINT ( 'NONE',  ( 148.2213443212128254, -5.000000000000000000, 20.24999999999999289 ) ) ;
#6248 = VERTEX_POINT ( 'NONE', #3538 ) ;
#6249 = DIRECTION ( 'NONE',  ( -0.000000000000000000, -1.000000000000000000, -0.000000000000000000 ) ) ;
#6250 = CARTESIAN_POINT ( 'NONE',  ( 190.0000000000000000, -5.000000000000000000, -51.59999999999996589 ) ) ;
#6251 = VERTEX_POINT ( 'NONE', #2287 ) ;
#6252 = CARTESIAN_POINT ( 'NONE',  ( -150.0000000000000000, -5.000000000000000000, 20.24999999999999645 ) ) ;
#6253 = DIRECTION ( 'NONE',  ( -0.000000000000000000, -1.000000000000000000, -0.000000000000000000 ) ) ;
#6254 = DIRECTION ( 'NONE',  ( -0.000000000000000000, 1.000000000000000000, -0.000000000000000000 ) ) ;
#6255 = AXIS2_PLACEMENT_3D ( 'NONE', #3896, #961, #810 ) ;
#6256 = AXIS2_PLACEMENT_3D ( 'NONE', #855, #6235, #1756 ) ;
#6257 = ORIENTED_EDGE ( 'NONE', *, *, #1945, .T. ) ;
#6258 = ORIENTED_EDGE ( 'NONE', *, *, #2058, .T. ) ;
#6259 = EDGE_CURVE ( 'NONE', #3100, #1681, #6298, .T. ) ;
#6260 = DIRECTION ( 'NONE',  ( -0.000000000000000000, -1.000000000000000000, -0.000000000000000000 ) ) ;
#6261 = ORIENTED_EDGE ( 'NONE', *, *, #8117, .T. ) ;
#6262 = DIRECTION ( 'NONE',  ( -0.000000000000000000, 1.000000000000000000, -0.000000000000000000 ) ) ;
#6263 = CIRCLE ( 'NONE', #7378, 8.699999999995648992 ) ;
#6264 = VERTEX_POINT ( 'NONE', #6875 ) ;
#6265 = AXIS2_PLACEMENT_3D ( 'NONE', #3367, #9311, #7018 ) ;
#6266 = EDGE_LOOP ( 'NONE', ( #9044, #5250, #2305, #3175 ) ) ;
#6267 = EDGE_CURVE ( 'NONE', #8145, #5223, #4531, .T. ) ;
#6268 = DIRECTION ( 'NONE',  ( 0.000000000000000000, 0.000000000000000000, 1.000000000000000000 ) ) ;
#6269 = FACE_OUTER_BOUND ( 'NONE', #8683, .T. ) ;
#6270 = VERTEX_POINT ( 'NONE', #1441 ) ;
#6271 = AXIS2_PLACEMENT_3D ( 'NONE', #3982, #8526, #6227 ) ;
#6272 = ORIENTED_EDGE ( 'NONE', *, *, #6854, .T. ) ;
#6273 = ADVANCED_FACE ( 'NONE', ( #691 ), #3725, .F. ) ;
#6274 = CIRCLE ( 'NONE', #7553, 19.87399999999006539 ) ;
#6275 = ORIENTED_EDGE ( 'NONE', *, *, #9518, .F. ) ;
#6276 = CARTESIAN_POINT ( 'NONE',  ( -94.06533162933166636, -5.000000000000000000, 25.27079167095700996 ) ) ;
#6277 = EDGE_LOOP ( 'NONE', ( #2927, #2189, #9166, #6908 ) ) ;
#6278 = AXIS2_PLACEMENT_3D ( 'NONE', #3358, #329, #5643 ) ;
#6279 = FACE_OUTER_BOUND ( 'NONE', #1598, .T. ) ;
#6280 = CARTESIAN_POINT ( 'NONE',  ( -150.0000000000000000, -5.000000000000000000, 20.24999999999999645 ) ) ;
#6281 = FACE_OUTER_BOUND ( 'NONE', #1590, .T. ) ;
#6282 = AXIS2_PLACEMENT_3D ( 'NONE', #8395, #1567, #4594 ) ;
#6283 = CARTESIAN_POINT ( 'NONE',  ( 190.0000000000000000, -5.000000000000000000, -48.40000000000004121 ) ) ;
#6284 = EDGE_CURVE ( 'NONE', #4518, #6984, #9865, .T. ) ;
#6285 = VERTEX_POINT ( 'NONE', #45 ) ;
#6286 = EDGE_CURVE ( 'NONE', #7513, #8321, #563, .T. ) ;
#6287 = AXIS2_PLACEMENT_3D ( 'NONE', #1510, #5201, #8194 ) ;
#6288 = VECTOR ( 'NONE', #5394, 1000.000000000000000 ) ;
#6289 = AXIS2_PLACEMENT_3D ( 'NONE', #7314, #6990, #482 ) ;
#6290 = LINE ( 'NONE', #2404, #5298 ) ;
#6291 = ORIENTED_EDGE ( 'NONE', *, *, #4867, .T. ) ;
#6292 = CARTESIAN_POINT ( 'NONE',  ( 42.59394880182432530, 5.000000000000000000, 25.27079167095700996 ) ) ;
#6293 = DIRECTION ( 'NONE',  ( 1.000000000000000000, 0.000000000000000000, -1.272130549049658700E-16 ) ) ;
#6294 = CARTESIAN_POINT ( 'NONE',  ( -30.84943693340536086, -5.000000000000000000, 20.24999999999999289 ) ) ;
#6295 = FACE_OUTER_BOUND ( 'NONE', #5769, .T. ) ;
#6296 = ORIENTED_EDGE ( 'NONE', *, *, #5451, .T. ) ;
#6297 = CIRCLE ( 'NONE', #2318, 8.699999999995648992 ) ;
#6299 = PLANE ( 'NONE',  #6933 ) ;
#6298 = CIRCLE ( 'NONE', #1998, 19.87399999999006539 ) ;
#6300 = CIRCLE ( 'NONE', #9162, 8.699999999995648992 ) ;
#6301 = FACE_OUTER_BOUND ( 'NONE', #5686, .T. ) ;
#6302 = EDGE_CURVE ( 'NONE', #9719, #9138, #2785, .T. ) ;
#6303 = VECTOR ( 'NONE', #1782, 1000.000000000000000 ) ;
#6304 = FACE_OUTER_BOUND ( 'NONE', #3314, .T. ) ;
#6305 = AXIS2_PLACEMENT_3D ( 'NONE', #7167, #2037, #7358 ) ;
#6306 = CIRCLE ( 'NONE', #1209, 8.699999999995648992 ) ;
#6307 = DIRECTION ( 'NONE',  ( -0.000000000000000000, -1.000000000000000000, -0.000000000000000000 ) ) ;
#6308 = EDGE_LOOP ( 'NONE', ( #4316, #6662, #1002, #9042 ) ) ;
#6309 = DIRECTION ( 'NONE',  ( 0.000000000000000000, 0.000000000000000000, 1.000000000000000000 ) ) ;
#6310 = DIRECTION ( 'NONE',  ( 0.000000000000000000, 0.000000000000000000, 1.000000000000000000 ) ) ;
#6311 = ORIENTED_EDGE ( 'NONE', *, *, #3788, .T. ) ;
#6312 = CARTESIAN_POINT ( 'NONE',  ( -150.0000000000000000, 5.000000000000000000, 20.24999999999999645 ) ) ;
#6313 = DIRECTION ( 'NONE',  ( 0.000000000000000000, 0.000000000000000000, 1.000000000000000000 ) ) ;
#6314 = CYLINDRICAL_SURFACE ( 'NONE', #8542, 8.699999999995645439 ) ;
#6315 = VECTOR ( 'NONE', #9123, 1000.000000000000000 ) ;
#6316 = AXIS2_PLACEMENT_3D ( 'NONE', #9593, #8059, #1225 ) ;
#6317 = ORIENTED_EDGE ( 'NONE', *, *, #8946, .T. ) ;
#6318 = ORIENTED_EDGE ( 'NONE', *, *, #4104, .T. ) ;
#6319 = DIRECTION ( 'NONE',  ( -0.000000000000000000, 1.000000000000000000, -0.000000000000000000 ) ) ;
#6320 = VERTEX_POINT ( 'NONE', #7724 ) ;
#6321 = CARTESIAN_POINT ( 'NONE',  ( 200.0000000000000000, 5.000000000000000000, -49.99999999999999289 ) ) ;
#6322 = ORIENTED_EDGE ( 'NONE', *, *, #2290, .T. ) ;
#6323 = CIRCLE ( 'NONE', #4399, 19.87399999999006539 ) ;
#6324 = ORIENTED_EDGE ( 'NONE', *, *, #2563, .F. ) ;
#6325 = EDGE_CURVE ( 'NONE', #4520, #6611, #7405, .T. ) ;
#6326 = CARTESIAN_POINT ( 'NONE',  ( -134.0841773800587760, 5.000000000000000000, 20.24999999999999289 ) ) ;
#6327 = DIRECTION ( 'NONE',  ( -1.000000000000000000, 0.000000000000000000, 1.272130549049658700E-16 ) ) ;
#6328 = VERTEX_POINT ( 'NONE', #3185 ) ;
#6329 = ORIENTED_EDGE ( 'NONE', *, *, #8536, .F. ) ;
#6330 = AXIS2_PLACEMENT_3D ( 'NONE', #57, #3943, #2506 ) ;
#6331 = ORIENTED_EDGE ( 'NONE', *, *, #7928, .T. ) ;
#6332 = CARTESIAN_POINT ( 'NONE',  ( 80.11061266653972268, -5.000000000000000000, 43.50000000000000000 ) ) ;
#6333 = ORIENTED_EDGE ( 'NONE', *, *, #5805, .T. ) ;
#6334 = CIRCLE ( 'NONE', #5211, 8.699999999995645439 ) ;
#6335 = EDGE_CURVE ( 'NONE', #7826, #6984, #100, .T. ) ;
#6336 = DIRECTION ( 'NONE',  ( -0.000000000000000000, 1.000000000000000000, -0.000000000000000000 ) ) ;
#6337 = CARTESIAN_POINT ( 'NONE',  ( -84.12612165462034852, 5.000000000000000000, 23.63822177457588225 ) ) ;
#6338 = DIRECTION ( 'NONE',  ( -0.000000000000000000, -1.000000000000000000, -0.000000000000000000 ) ) ;
#6339 = ORIENTED_EDGE ( 'NONE', *, *, #7945, .F. ) ;
#6340 = ADVANCED_FACE ( 'NONE', ( #3227 ), #9415, .T. ) ;
#6341 = CIRCLE ( 'NONE', #4109, 1.599999999999990319 ) ;
#6342 = DIRECTION ( 'NONE',  ( 0.000000000000000000, 0.000000000000000000, 1.000000000000000000 ) ) ;
#6343 = VERTEX_POINT ( 'NONE', #895 ) ;
#6344 = CARTESIAN_POINT ( 'NONE',  ( 63.39834267428845749, 5.000000000000000000, 20.24999999999996803 ) ) ;
#6345 = ADVANCED_FACE ( 'NONE', ( #5607 ), #3932, .T. ) ;
#6346 = CARTESIAN_POINT ( 'NONE',  ( 56.54866776461627609, 5.000000000000000000, 43.50000000000000000 ) ) ;
#6347 = LINE ( 'NONE', #9234, #2146 ) ;
#6348 = LINE ( 'NONE', #7901, #7561 ) ;
#6349 = ORIENTED_EDGE ( 'NONE', *, *, #3643, .F. ) ;
#6350 = CIRCLE ( 'NONE', #1408, 8.699999999995645439 ) ;
#6351 = DIRECTION ( 'NONE',  ( 0.000000000000000000, 0.000000000000000000, 1.000000000000000000 ) ) ;
#6352 = CARTESIAN_POINT ( 'NONE',  ( -150.0000000000000000, 5.000000000000000000, 20.24999999999999645 ) ) ;
#6353 = CARTESIAN_POINT ( 'NONE',  ( 170.0000000000000000, 5.000000000000000000, 48.40000000000001279 ) ) ;
#6354 = LINE ( 'NONE', #6247, #4839 ) ;
#6355 = EDGE_CURVE ( 'NONE', #7585, #7766, #1207, .T. ) ;
#6356 = VERTEX_POINT ( 'NONE', #8616 ) ;
#6357 = CARTESIAN_POINT ( 'NONE',  ( -150.0000000000000000, -5.000000000000000000, 20.24999999999999645 ) ) ;
#6358 = DIRECTION ( 'NONE',  ( -0.000000000000000000, -1.000000000000000000, -0.000000000000000000 ) ) ;
#6359 = ORIENTED_EDGE ( 'NONE', *, *, #2279, .F. ) ;
#6360 = CYLINDRICAL_SURFACE ( 'NONE', #5177, 19.87399999999006539 ) ;
#6361 = CARTESIAN_POINT ( 'NONE',  ( 58.68595369390374827, -5.000000000000000000, 20.24999999999999289 ) ) ;
#6362 = DIRECTION ( 'NONE',  ( -0.000000000000000000, 1.000000000000000000, -0.000000000000000000 ) ) ;
#6363 = ORIENTED_EDGE ( 'NONE', *, *, #1138, .T. ) ;
#6364 = CARTESIAN_POINT ( 'NONE',  ( -135.9624004388519154, -5.000000000000000000, 23.63822177457588225 ) ) ;
#6365 = EDGE_LOOP ( 'NONE', ( #3418, #3825, #5570, #9861 ) ) ;
#6366 = CARTESIAN_POINT ( 'NONE',  ( 32.80427488433070948, -5.000000000000000000, 25.27079167095700640 ) ) ;
#6367 = EDGE_CURVE ( 'NONE', #3044, #4859, #5415, .T. ) ;
#6368 = ORIENTED_EDGE ( 'NONE', *, *, #1778, .T. ) ;
#6369 = ORIENTED_EDGE ( 'NONE', *, *, #119, .F. ) ;
#6370 = DIRECTION ( 'NONE',  ( -0.000000000000000000, 1.000000000000000000, -0.000000000000000000 ) ) ;
#6371 = DIRECTION ( 'NONE',  ( -0.000000000000000000, 1.000000000000000000, -0.000000000000000000 ) ) ;
#6372 = EDGE_LOOP ( 'NONE', ( #390, #8029, #4636, #987 ) ) ;
#6373 = ORIENTED_EDGE ( 'NONE', *, *, #8768, .F. ) ;
#6374 = EDGE_CURVE ( 'NONE', #3153, #4282, #1047, .T. ) ;
#6375 = FACE_OUTER_BOUND ( 'NONE', #62, .T. ) ;
#6376 = ORIENTED_EDGE ( 'NONE', *, *, #7384, .F. ) ;
#6377 = CIRCLE ( 'NONE', #9239, 8.699999999995648992 ) ;
#6378 = DIRECTION ( 'NONE',  ( 1.000000000000000000, 0.000000000000000000, -1.272130549049658700E-16 ) ) ;
#6379 = ORIENTED_EDGE ( 'NONE', *, *, #3910, .F. ) ;
#6380 = DIRECTION ( 'NONE',  ( 1.000000000000000000, 0.000000000000000000, -1.272130549049658700E-16 ) ) ;
#6381 = CARTESIAN_POINT ( 'NONE',  ( -123.2189934823060184, -5.000000000000000000, 23.63822177457588225 ) ) ;
#6382 = DIRECTION ( 'NONE',  ( 0.000000000000000000, 0.000000000000000000, 1.000000000000000000 ) ) ;
#6383 = VERTEX_POINT ( 'NONE', #198 ) ;
#6384 = EDGE_CURVE ( 'NONE', #6804, #3124, #154, .T. ) ;
#6385 = ORIENTED_EDGE ( 'NONE', *, *, #3684, .T. ) ;
#6386 = CARTESIAN_POINT ( 'NONE',  ( 13.44028694884998920, -5.000000000000000000, 23.63822177457588225 ) ) ;
#6387 = LINE ( 'NONE', #8686, #9049 ) ;
#6388 = DIRECTION ( 'NONE',  ( 1.000000000000000000, 0.000000000000000000, -1.272130549049658700E-16 ) ) ;
#6389 = DIRECTION ( 'NONE',  ( 0.000000000000000000, 0.000000000000000000, 1.000000000000000000 ) ) ;
#6390 = VECTOR ( 'NONE', #9680, 1000.000000000000000 ) ;
#6391 = DIRECTION ( 'NONE',  ( 0.000000000000000000, 0.000000000000000000, 1.000000000000000000 ) ) ;
#6392 = EDGE_CURVE ( 'NONE', #8148, #6564, #8516, .T. ) ;
#6393 = CARTESIAN_POINT ( 'NONE',  ( 112.9148875508704322, 5.000000000000000000, 25.27079167095700640 ) ) ;
#6394 = DIRECTION ( 'NONE',  ( -0.000000000000000000, 1.000000000000000000, -0.000000000000000000 ) ) ;
#6395 = EDGE_CURVE ( 'NONE', #6480, #8450, #6941, .T. ) ;
#6396 = CARTESIAN_POINT ( 'NONE',  ( -169.9999999999999716, 5.000000000000000000, -39.89999999999999858 ) ) ;
#6397 = CARTESIAN_POINT ( 'NONE',  ( 42.22905284510009238, -5.000000000000000000, 25.27079167095700640 ) ) ;
#6398 = ORIENTED_EDGE ( 'NONE', *, *, #2069, .F. ) ;
#6399 = FACE_OUTER_BOUND ( 'NONE', #7717, .T. ) ;
#6400 = LINE ( 'NONE', #3458, #7300 ) ;
#6401 = ORIENTED_EDGE ( 'NONE', *, *, #93, .T. ) ;
#6402 = DIRECTION ( 'NONE',  ( -0.000000000000000000, -1.000000000000000000, -0.000000000000000000 ) ) ;
#6403 = CARTESIAN_POINT ( 'NONE',  ( 190.0000000000000000, 5.000000000000000000, -49.99999999999999289 ) ) ;
#6404 = PLANE ( 'NONE',  #3290 ) ;
#6405 = ADVANCED_FACE ( 'NONE', ( #6269 ), #7026, .T. ) ;
#6406 = EDGE_CURVE ( 'NONE', #2372, #617, #2543, .T. ) ;
#6407 = VECTOR ( 'NONE', #3434, 1000.000000000000000 ) ;
#6408 = CARTESIAN_POINT ( 'NONE',  ( 47.30633778220901320, -5.000000000000000000, 25.27079167095700996 ) ) ;
#6409 = CARTESIAN_POINT ( 'NONE',  ( -98.77772060971635426, 5.000000000000000000, 25.27079167095700996 ) ) ;
#6410 = VERTEX_POINT ( 'NONE', #9263 ) ;
#6411 = ORIENTED_EDGE ( 'NONE', *, *, #4567, .T. ) ;
#6412 = VECTOR ( 'NONE', #2896, 1000.000000000000000 ) ;
#6413 = LINE ( 'NONE', #1839, #1537 ) ;
#6414 = CIRCLE ( 'NONE', #8323, 8.699999999995648992 ) ;
#6415 = FACE_OUTER_BOUND ( 'NONE', #1854, .T. ) ;
#6416 = ORIENTED_EDGE ( 'NONE', *, *, #7734, .T. ) ;
#6417 = EDGE_CURVE ( 'NONE', #2988, #4828, #2389, .T. ) ;
#6418 = ORIENTED_EDGE ( 'NONE', *, *, #6492, .F. ) ;
#6419 = AXIS2_PLACEMENT_3D ( 'NONE', #8733, #1907, #3388 ) ;
#6420 = AXIS2_PLACEMENT_3D ( 'NONE', #4590, #2359, #7748 ) ;
#6421 = DIRECTION ( 'NONE',  ( 0.000000000000000000, 1.000000000000000000, 0.000000000000000000 ) ) ;
#6422 = ORIENTED_EDGE ( 'NONE', *, *, #252, .T. ) ;
#6423 = CARTESIAN_POINT ( 'NONE',  ( 80.80749265884379895, 5.000000000000000000, 23.63822177457588225 ) ) ;
#6424 = EDGE_LOOP ( 'NONE', ( #4381, #3224, #2939, #4663 ) ) ;
#6425 = LINE ( 'NONE', #7221, #6407 ) ;
#6426 = DIRECTION ( 'NONE',  ( 1.000000000000000000, 0.000000000000000000, -1.272130549049658700E-16 ) ) ;
#6427 = AXIS2_PLACEMENT_3D ( 'NONE', #2548, #3432, #5572 ) ;
#6428 = CIRCLE ( 'NONE', #8975, 8.699999999995645439 ) ;
#6429 = LINE ( 'NONE', #7942, #9033 ) ;
#6430 = EDGE_LOOP ( 'NONE', ( #3405, #6455, #3731, #7897 ) ) ;
#6431 = CIRCLE ( 'NONE', #5635, 8.699999999995645439 ) ;
#6432 = ORIENTED_EDGE ( 'NONE', *, *, #9553, .F. ) ;
#6433 = VECTOR ( 'NONE', #5947, 1000.000000000000000 ) ;
#6434 = CIRCLE ( 'NONE', #3416, 8.699999999995648992 ) ;
#6435 = CARTESIAN_POINT ( 'NONE',  ( -61.44350472336309110, -5.000000000000000000, 25.27079167095700640 ) ) ;
#6436 = CARTESIAN_POINT ( 'NONE',  ( -84.64055366856229057, 5.000000000000000000, 25.27079167095700996 ) ) ;
#6437 = DIRECTION ( 'NONE',  ( 0.000000000000000000, 0.000000000000000000, 1.000000000000000000 ) ) ;
#6438 = DIRECTION ( 'NONE',  ( -0.000000000000000000, 1.000000000000000000, -0.000000000000000000 ) ) ;
#6439 = VERTEX_POINT ( 'NONE', #7930 ) ;
#6440 = DIRECTION ( 'NONE',  ( -0.000000000000000000, -1.000000000000000000, -0.000000000000000000 ) ) ;
#6441 = EDGE_CURVE ( 'NONE', #3034, #4450, #2644, .T. ) ;
#6442 = LINE ( 'NONE', #7993, #6154 ) ;
#6443 = VECTOR ( 'NONE', #962, 1000.000000000000000 ) ;
#6444 = AXIS2_PLACEMENT_3D ( 'NONE', #2904, #2170, #5204 ) ;
#6445 = CIRCLE ( 'NONE', #8836, 19.87399999999006539 ) ;
#6446 = ADVANCED_FACE ( 'NONE', ( #1635 ), #945, .T. ) ;
#6447 = LINE ( 'NONE', #6396, #813 ) ;
#6448 = CARTESIAN_POINT ( 'NONE',  ( -61.44350472336309110, 5.000000000000000000, 25.27079167095700640 ) ) ;
#6449 = VECTOR ( 'NONE', #3640, 1000.000000000000000 ) ;
#6450 = ORIENTED_EDGE ( 'NONE', *, *, #5106, .F. ) ;
#6451 = AXIS2_PLACEMENT_3D ( 'NONE', #1912, #7523, #5272 ) ;
#6452 = CYLINDRICAL_SURFACE ( 'NONE', #4849, 19.87399999999006539 ) ;
#6453 = DIRECTION ( 'NONE',  ( -0.000000000000000000, -1.000000000000000000, -0.000000000000000000 ) ) ;
#6454 = AXIS2_PLACEMENT_3D ( 'NONE', #1078, #5744, #5000 ) ;
#6455 = ORIENTED_EDGE ( 'NONE', *, *, #3762, .F. ) ;
#6456 = FACE_OUTER_BOUND ( 'NONE', #8454, .T. ) ;
#6457 = CARTESIAN_POINT ( 'NONE',  ( -19.54643591384283852, 5.000000000000000000, 23.63822177457588225 ) ) ;
#6458 = EDGE_CURVE ( 'NONE', #7513, #5573, #5521, .T. ) ;
#6459 = LINE ( 'NONE', #9547, #5660 ) ;
#6460 = VECTOR ( 'NONE', #9380, 1000.000000000000000 ) ;
#6461 = VECTOR ( 'NONE', #6518, 1000.000000000000000 ) ;
#6462 = CIRCLE ( 'NONE', #579, 19.87399999999006539 ) ;
#6463 = FACE_OUTER_BOUND ( 'NONE', #994, .T. ) ;
#6464 = EDGE_CURVE ( 'NONE', #6932, #6167, #7904, .T. ) ;
#6465 = CARTESIAN_POINT ( 'NONE',  ( 80.29306064490184269, -5.000000000000000000, 25.27079167095700996 ) ) ;
#6466 = ORIENTED_EDGE ( 'NONE', *, *, #9077, .T. ) ;
#6467 = EDGE_LOOP ( 'NONE', ( #5757, #6060, #7141, #7313 ) ) ;
#6468 = EDGE_CURVE ( 'NONE', #1863, #2067, #5755, .T. ) ;
#6469 = CIRCLE ( 'NONE', #5509, 19.87399999999006539 ) ;
#6470 = DIRECTION ( 'NONE',  ( -0.000000000000000000, -1.000000000000000000, -0.000000000000000000 ) ) ;
#6471 = CIRCLE ( 'NONE', #6316, 19.87399999999006539 ) ;
#6472 = DIRECTION ( 'NONE',  ( -0.000000000000000000, 1.000000000000000000, -0.000000000000000000 ) ) ;
#6473 = EDGE_CURVE ( 'NONE', #1645, #4222, #7211, .T. ) ;
#6474 = AXIS2_PLACEMENT_3D ( 'NONE', #2478, #2575, #7160 ) ;
#6475 = DIRECTION ( 'NONE',  ( 0.000000000000000000, 0.000000000000000000, 1.000000000000000000 ) ) ;
#6476 = EDGE_LOOP ( 'NONE', ( #9281, #2365, #5710, #2500 ) ) ;
#6477 = ORIENTED_EDGE ( 'NONE', *, *, #4819, .T. ) ;
#6478 = AXIS2_PLACEMENT_3D ( 'NONE', #6048, #6000, #8996 ) ;
#6479 = DIRECTION ( 'NONE',  ( -0.000000000000000000, -1.000000000000000000, 0.000000000000000000 ) ) ;
#6480 = VERTEX_POINT ( 'NONE', #7316 ) ;
#6481 = CARTESIAN_POINT ( 'NONE',  ( -150.0000000000000000, -5.000000000000000000, 20.24999999999999645 ) ) ;
#6482 = ORIENTED_EDGE ( 'NONE', *, *, #9614, .F. ) ;
#6483 = EDGE_CURVE ( 'NONE', #3953, #1508, #3430, .T. ) ;
#6484 = DIRECTION ( 'NONE',  ( 0.000000000000000000, 0.000000000000000000, 1.000000000000000000 ) ) ;
#6485 = CARTESIAN_POINT ( 'NONE',  ( -37.00223185077344112, 5.000000000000000000, 23.63822177457588225 ) ) ;
#6486 = VECTOR ( 'NONE', #9830, 1000.000000000000000 ) ;
#6487 = FACE_OUTER_BOUND ( 'NONE', #3332, .T. ) ;
#6488 = VERTEX_POINT ( 'NONE', #5663 ) ;
#6489 = ORIENTED_EDGE ( 'NONE', *, *, #2027, .F. ) ;
#6490 = VECTOR ( 'NONE', #1491, 1000.000000000000000 ) ;
#6491 = CARTESIAN_POINT ( 'NONE',  ( -93.55089961538972432, -5.000000000000000000, 23.63822177457588225 ) ) ;
#6492 = EDGE_CURVE ( 'NONE', #9133, #9047, #8805, .T. ) ;
#6493 = DIRECTION ( 'NONE',  ( -0.000000000000000000, 1.000000000000000000, -0.000000000000000000 ) ) ;
#6494 = CARTESIAN_POINT ( 'NONE',  ( -150.0000000000000000, 5.000000000000000000, 20.24999999999999645 ) ) ;
#6495 = CARTESIAN_POINT ( 'NONE',  ( -72.82312063505781907, -5.000000000000000000, 20.24999999999999289 ) ) ;
#6496 = ORIENTED_EDGE ( 'NONE', *, *, #3148, .T. ) ;
#6497 = LINE ( 'NONE', #1068, #5969 ) ;
#6498 = DIRECTION ( 'NONE',  ( 0.000000000000000000, 0.000000000000000000, 1.000000000000000000 ) ) ;
#6499 = AXIS2_PLACEMENT_3D ( 'NONE', #7464, #630, #6907 ) ;
#6500 = CYLINDRICAL_SURFACE ( 'NONE', #4464, 8.699999999995648992 ) ;
#6501 = EDGE_CURVE ( 'NONE', #8052, #8991, #9010, .T. ) ;
#6502 = DIRECTION ( 'NONE',  ( 1.000000000000000000, 0.000000000000000000, -1.272130549049658700E-16 ) ) ;
#6503 = ORIENTED_EDGE ( 'NONE', *, *, #5669, .F. ) ;
#6504 = CARTESIAN_POINT ( 'NONE',  ( -103.6725575684631764, -5.000000000000000000, 43.50000000000000000 ) ) ;
#6505 = DIRECTION ( 'NONE',  ( 1.000000000000000000, 0.000000000000000000, -1.272130549049658700E-16 ) ) ;
#6506 = ORIENTED_EDGE ( 'NONE', *, *, #1973, .F. ) ;
#6507 = CARTESIAN_POINT ( 'NONE',  ( 190.0000000000000000, 5.000000000000000000, 50.00000000000000000 ) ) ;
#6508 = CARTESIAN_POINT ( 'NONE',  ( -28.97121387461221786, -5.000000000000000000, 23.63822177457588225 ) ) ;
#6509 = CARTESIAN_POINT ( 'NONE',  ( 18.15267592923467888, 5.000000000000000000, 23.63822177457588225 ) ) ;
#6510 = CARTESIAN_POINT ( 'NONE',  ( -33.16917084105494240, 5.000000000000000000, 25.27079167095700640 ) ) ;
#6511 = EDGE_CURVE ( 'NONE', #284, #3519, #3909, .T. ) ;
#6512 = CARTESIAN_POINT ( 'NONE',  ( -32.28984287038875323, 5.000000000000000000, 23.63822177457588225 ) ) ;
#6513 = ORIENTED_EDGE ( 'NONE', *, *, #859, .T. ) ;
#6514 = VERTEX_POINT ( 'NONE', #5067 ) ;
#6515 = LINE ( 'NONE', #9511, #3098 ) ;
#6516 = DIRECTION ( 'NONE',  ( -0.000000000000000000, -1.000000000000000000, -0.000000000000000000 ) ) ;
#6517 = ADVANCED_FACE ( 'NONE', ( #8716 ), #484, .T. ) ;
#6518 = DIRECTION ( 'NONE',  ( 1.000000000000000000, 0.000000000000000000, -1.272130549049658700E-16 ) ) ;
#6519 = ADVANCED_FACE ( 'NONE', ( #6415 ), #6561, .T. ) ;
#6520 = ORIENTED_EDGE ( 'NONE', *, *, #6739, .T. ) ;
#6521 = ORIENTED_EDGE ( 'NONE', *, *, #4244, .T. ) ;
#6522 = ADVANCED_FACE ( 'NONE', ( #3517 ), #3567, .T. ) ;
#6523 = CARTESIAN_POINT ( 'NONE',  ( 160.0000000000000000, 5.000000000000000000, 60.00000000000000000 ) ) ;
#6524 = DIRECTION ( 'NONE',  ( 0.000000000000000000, 0.000000000000000000, 1.000000000000000000 ) ) ;
#6525 = ORIENTED_EDGE ( 'NONE', *, *, #5549, .T. ) ;
#6526 = DIRECTION ( 'NONE',  ( 0.000000000000000000, 0.000000000000000000, 1.000000000000000000 ) ) ;
#6527 = VERTEX_POINT ( 'NONE', #9513 ) ;
#6528 = CYLINDRICAL_SURFACE ( 'NONE', #7359, 10.00000000000000178 ) ;
#6529 = LINE ( 'NONE', #9425, #7752 ) ;
#6530 = DIRECTION ( 'NONE',  ( 0.000000000000000000, 0.000000000000000000, 1.000000000000000000 ) ) ;
#6531 = EDGE_LOOP ( 'NONE', ( #9618, #4029, #5930, #9246 ) ) ;
#6532 = EDGE_CURVE ( 'NONE', #9841, #6676, #1089, .T. ) ;
#6533 = VECTOR ( 'NONE', #638, 1000.000000000000000 ) ;
#6534 = ORIENTED_EDGE ( 'NONE', *, *, #3737, .T. ) ;
#6535 = CARTESIAN_POINT ( 'NONE',  ( -79.41373267423566062, -5.000000000000000000, 23.63822177457588225 ) ) ;
#6536 = DIRECTION ( 'NONE',  ( -0.000000000000000000, 1.000000000000000000, -0.000000000000000000 ) ) ;
#6537 = LINE ( 'NONE', #9432, #8517 ) ;
#6538 = DIRECTION ( 'NONE',  ( 0.000000000000000000, 0.000000000000000000, 1.000000000000000000 ) ) ;
#6539 = FACE_OUTER_BOUND ( 'NONE', #3548, .T. ) ;
#6540 = DIRECTION ( 'NONE',  ( 0.000000000000000000, 0.000000000000000000, 1.000000000000000000 ) ) ;
#6541 = VECTOR ( 'NONE', #9584, 1000.000000000000000 ) ;
#6542 = FACE_OUTER_BOUND ( 'NONE', #2807, .T. ) ;
#6543 = EDGE_LOOP ( 'NONE', ( #9378, #2062, #6929, #785 ) ) ;
#6544 = EDGE_CURVE ( 'NONE', #8466, #4955, #1523, .T. ) ;
#6545 = LINE ( 'NONE', #3399, #6541 ) ;
#6546 = ORIENTED_EDGE ( 'NONE', *, *, #9089, .T. ) ;
#6547 = CARTESIAN_POINT ( 'NONE',  ( 190.0000000000000000, -5.000000000000000000, 48.40000000000004121 ) ) ;
#6548 = EDGE_LOOP ( 'NONE', ( #305, #8560, #9360, #4810 ) ) ;
#6549 = CARTESIAN_POINT ( 'NONE',  ( -140.6747894192366175, -5.000000000000000000, 23.63822177457588225 ) ) ;
#6550 = CARTESIAN_POINT ( 'NONE',  ( -150.0000000000000000, 5.000000000000000000, 20.24999999999999645 ) ) ;
#6551 = ORIENTED_EDGE ( 'NONE', *, *, #5669, .T. ) ;
#6552 = CARTESIAN_POINT ( 'NONE',  ( -24.25882489422752641, 5.000000000000000000, 23.63822177457588225 ) ) ;
#6553 = CYLINDRICAL_SURFACE ( 'NONE', #273, 8.699999999995648992 ) ;
#6554 = EDGE_CURVE ( 'NONE', #6917, #3008, #5014, .T. ) ;
#6555 = DIRECTION ( 'NONE',  ( -0.000000000000000000, -1.000000000000000000, -0.000000000000000000 ) ) ;
#6556 = CYLINDRICAL_SURFACE ( 'NONE', #5944, 19.87399999999006539 ) ;
#6557 = ORIENTED_EDGE ( 'NONE', *, *, #7687, .F. ) ;
#6558 = ORIENTED_EDGE ( 'NONE', *, *, #7577, .F. ) ;
#6559 = LINE ( 'NONE', #3942, #401 ) ;
#6560 = CARTESIAN_POINT ( 'NONE',  ( -37.88155982143963030, 5.000000000000000000, 25.27079167095700640 ) ) ;
#6561 = CYLINDRICAL_SURFACE ( 'NONE', #9335, 8.699999999995648992 ) ;
#6562 = EDGE_CURVE ( 'NONE', #5899, #4665, #5112, .T. ) ;
#6563 = VECTOR ( 'NONE', #2995, 1000.000000000000000 ) ;
#6564 = VERTEX_POINT ( 'NONE', #2684 ) ;
#6565 = EDGE_LOOP ( 'NONE', ( #2598, #7318, #7410, #8427 ) ) ;
#6566 = PLANE ( 'NONE',  #4629 ) ;
#6567 = CARTESIAN_POINT ( 'NONE',  ( 142.0685494038447700, -5.000000000000000000, 23.63822177457588225 ) ) ;
#6568 = ADVANCED_FACE ( 'NONE', ( #1235 ), #7268, .T. ) ;
#6569 = ORIENTED_EDGE ( 'NONE', *, *, #1253, .T. ) ;
#6570 = AXIS2_PLACEMENT_3D ( 'NONE', #4926, #2786, #7980 ) ;
#6571 = CARTESIAN_POINT ( 'NONE',  ( 123.2189934823060042, -5.000000000000000000, 23.63822177457588225 ) ) ;
#6572 = ORIENTED_EDGE ( 'NONE', *, *, #6836, .F. ) ;
#6573 = DIRECTION ( 'NONE',  ( -1.000000000000000000, 0.000000000000000000, 1.272130549049658700E-16 ) ) ;
#6574 = EDGE_CURVE ( 'NONE', #5504, #331, #5709, .T. ) ;
#6575 = LINE ( 'NONE', #2883, #6813 ) ;
#6576 = AXIS2_PLACEMENT_3D ( 'NONE', #2162, #3649, #659 ) ;
#6577 = ORIENTED_EDGE ( 'NONE', *, *, #5284, .F. ) ;
#6578 = CIRCLE ( 'NONE', #7865, 19.87399999999006539 ) ;
#6579 = ORIENTED_EDGE ( 'NONE', *, *, #4928, .F. ) ;
#6580 = CARTESIAN_POINT ( 'NONE',  ( -44.98660387455942811, 5.000000000000000000, 20.24999999999999289 ) ) ;
#6581 = AXIS2_PLACEMENT_3D ( 'NONE', #9076, #799, #6129 ) ;
#6583 = AXIS2_PLACEMENT_3D ( 'NONE', #2338, #2281, #2925 ) ;
#6582 = DIRECTION ( 'NONE',  ( -0.000000000000000000, -1.000000000000000000, -0.000000000000000000 ) ) ;
#6584 = LINE ( 'NONE', #2702, #4053 ) ;
#6585 = FACE_OUTER_BOUND ( 'NONE', #3666, .T. ) ;
#6586 = DIRECTION ( 'NONE',  ( -1.000000000000000000, 0.000000000000000000, 1.272130549049658700E-16 ) ) ;
#6587 = EDGE_CURVE ( 'NONE', #2060, #830, #1179, .T. ) ;
#6588 = CARTESIAN_POINT ( 'NONE',  ( -4.712388980384689674, 5.000000000000000000, 43.50000000000000000 ) ) ;
#6589 = ADVANCED_FACE ( 'NONE', ( #1325 ), #1533, .F. ) ;
#6590 = EDGE_CURVE ( 'NONE', #1876, #3650, #7512, .T. ) ;
#6591 = CYLINDRICAL_SURFACE ( 'NONE', #4888, 8.699999999995645439 ) ;
#6592 = ORIENTED_EDGE ( 'NONE', *, *, #4002, .T. ) ;
#6593 = CIRCLE ( 'NONE', #6112, 1.599999999999962563 ) ;
#6594 = VECTOR ( 'NONE', #4100, 1000.000000000000000 ) ;
#6595 = DIRECTION ( 'NONE',  ( 0.000000000000000000, 0.000000000000000000, 1.000000000000000000 ) ) ;
#6596 = VERTEX_POINT ( 'NONE', #3713 ) ;
#6597 = LINE ( 'NONE', #9636, #6730 ) ;
#6598 = VERTEX_POINT ( 'NONE', #6819 ) ;
#6599 = DIRECTION ( 'NONE',  ( 0.000000000000000000, 0.000000000000000000, 1.000000000000000000 ) ) ;
#6600 = DIRECTION ( 'NONE',  ( -0.000000000000000000, -1.000000000000000000, -0.000000000000000000 ) ) ;
#6601 = VERTEX_POINT ( 'NONE', #3818 ) ;
#6602 = EDGE_CURVE ( 'NONE', #3002, #4712, #4508, .T. ) ;
#6603 = AXIS2_PLACEMENT_3D ( 'NONE', #5792, #1877, #1266 ) ;
#6604 = CARTESIAN_POINT ( 'NONE',  ( 106.2476606195603921, -5.000000000000000000, 20.24999999999999289 ) ) ;
#6605 = VECTOR ( 'NONE', #555, 1000.000000000000000 ) ;
#6606 = DIRECTION ( 'NONE',  ( 0.000000000000000000, 0.000000000000000000, 1.000000000000000000 ) ) ;
#6607 = DIRECTION ( 'NONE',  ( -0.000000000000000000, 1.000000000000000000, -0.000000000000000000 ) ) ;
#6608 = CIRCLE ( 'NONE', #3275, 8.699999999995648992 ) ;
#6609 = CIRCLE ( 'NONE', #2315, 19.87399999999006539 ) ;
#6610 = CARTESIAN_POINT ( 'NONE',  ( 127.2345024703866159, -5.000000000000000000, 43.50000000000000000 ) ) ;
#6611 = VERTEX_POINT ( 'NONE', #8358 ) ;
#6612 = CARTESIAN_POINT ( 'NONE',  ( 143.5089553408281517, -5.000000000000000000, 20.24999999999999289 ) ) ;
#6613 = VERTEX_POINT ( 'NONE', #4564 ) ;
#6614 = LINE ( 'NONE', #3768, #5645 ) ;
#6615 = DIRECTION ( 'NONE',  ( 0.000000000000000000, 0.000000000000000000, 1.000000000000000000 ) ) ;
#6616 = DIRECTION ( 'NONE',  ( -0.000000000000000000, 1.000000000000000000, -0.000000000000000000 ) ) ;
#6617 = AXIS2_PLACEMENT_3D ( 'NONE', #7531, #9035, #651 ) ;
#6618 = VECTOR ( 'NONE', #5309, 1000.000000000000000 ) ;
#6619 = ORIENTED_EDGE ( 'NONE', *, *, #5601, .T. ) ;
#6620 = VERTEX_POINT ( 'NONE', #9855 ) ;
#6621 = CARTESIAN_POINT ( 'NONE',  ( 77.53550961544250697, -5.000000000000000000, 20.24999999999999289 ) ) ;
#6622 = CARTESIAN_POINT ( 'NONE',  ( 112.4004555369284759, -5.000000000000000000, 23.63822177457588225 ) ) ;
#6623 = AXIS2_PLACEMENT_3D ( 'NONE', #1031, #1684, #7777 ) ;
#6624 = ORIENTED_EDGE ( 'NONE', *, *, #6590, .T. ) ;
#6625 = AXIS2_PLACEMENT_3D ( 'NONE', #4259, #3363, #7307 ) ;
#6626 = ADVANCED_FACE ( 'NONE', ( #6107 ), #7622, .T. ) ;
#6627 = AXIS2_PLACEMENT_3D ( 'NONE', #1623, #4762, #8558 ) ;
#6628 = CARTESIAN_POINT ( 'NONE',  ( 38.39599183538159366, -5.000000000000000000, 23.63822177457588225 ) ) ;
#6629 = VERTEX_POINT ( 'NONE', #2974 ) ;
#6630 = DIRECTION ( 'NONE',  ( -0.000000000000000000, -1.000000000000000000, -0.000000000000000000 ) ) ;
#6631 = CYLINDRICAL_SURFACE ( 'NONE', #2673, 19.87399999999006539 ) ;
#6632 = CIRCLE ( 'NONE', #741, 8.699999999995648992 ) ;
#6633 = EDGE_LOOP ( 'NONE', ( #499, #4877, #2350, #2983 ) ) ;
#6634 = VECTOR ( 'NONE', #1454, 1000.000000000000000 ) ;
#6635 = EDGE_LOOP ( 'NONE', ( #9706, #4766, #6689, #4588 ) ) ;
#6636 = EDGE_CURVE ( 'NONE', #7766, #6149, #7746, .T. ) ;
#6637 = DIRECTION ( 'NONE',  ( 0.000000000000000000, 0.000000000000000000, 1.000000000000000000 ) ) ;
#6638 = CIRCLE ( 'NONE', #915, 8.699999999995648992 ) ;
#6639 = DIRECTION ( 'NONE',  ( 0.000000000000000000, 0.000000000000000000, 1.000000000000000000 ) ) ;
#6640 = CARTESIAN_POINT ( 'NONE',  ( -43.10838081576628866, -5.000000000000000000, 23.63822177457588225 ) ) ;
#6641 = CARTESIAN_POINT ( 'NONE',  ( 158.9999999999999716, -5.000000000000000000, 39.89999999999999858 ) ) ;
#6642 = PLANE ( 'NONE',  #5738 ) ;
#6643 = LINE ( 'NONE', #7536, #6486 ) ;
#6644 = EDGE_CURVE ( 'NONE', #3254, #3342, #2182, .T. ) ;
#6645 = ORIENTED_EDGE ( 'NONE', *, *, #2256, .T. ) ;
#6646 = FACE_OUTER_BOUND ( 'NONE', #5180, .T. ) ;
#6647 = ORIENTED_EDGE ( 'NONE', *, *, #4477, .T. ) ;
#6648 = ADVANCED_FACE ( 'NONE', ( #3624 ), #8951, .T. ) ;
#6649 = CARTESIAN_POINT ( 'NONE',  ( -99.65704858038257896, -5.000000000000000000, 23.63822177457588225 ) ) ;
#6650 = ORIENTED_EDGE ( 'NONE', *, *, #6692, .F. ) ;
#6651 = CARTESIAN_POINT ( 'NONE',  ( -13.95471896279195256, -5.000000000000000000, 25.27079167095700996 ) ) ;
#6652 = CARTESIAN_POINT ( 'NONE',  ( 109.0818265411519405, -5.000000000000000000, 23.63822177457588225 ) ) ;
#6653 = ORIENTED_EDGE ( 'NONE', *, *, #558, .F. ) ;
#6654 = LINE ( 'NONE', #2860, #7756 ) ;
#6655 = DIRECTION ( 'NONE',  ( -0.000000000000000000, 1.000000000000000000, -0.000000000000000000 ) ) ;
#6656 = ADVANCED_FACE ( 'NONE', ( #4462 ), #2126, .F. ) ;
#6657 = CARTESIAN_POINT ( 'NONE',  ( -117.8097245096172401, -5.000000000000000000, 43.50000000000000000 ) ) ;
#6658 = CIRCLE ( 'NONE', #8415, 8.699999999995645439 ) ;
#6659 = CARTESIAN_POINT ( 'NONE',  ( -9.424777960769379348, 5.000000000000000000, 43.50000000000000000 ) ) ;
#6660 = ORIENTED_EDGE ( 'NONE', *, *, #8957, .F. ) ;
#6661 = FACE_OUTER_BOUND ( 'NONE', #8838, .T. ) ;
#6662 = ORIENTED_EDGE ( 'NONE', *, *, #2183, .F. ) ;
#6663 = CARTESIAN_POINT ( 'NONE',  ( 16.27445287044153943, -5.000000000000000000, 20.24999999999999289 ) ) ;
#6664 = DIRECTION ( 'NONE',  ( -0.000000000000000000, 1.000000000000000000, -0.000000000000000000 ) ) ;
#6665 = CARTESIAN_POINT ( 'NONE',  ( -6.849674909672160084, -5.000000000000000000, 20.24999999999999289 ) ) ;
#6666 = VERTEX_POINT ( 'NONE', #5217 ) ;
#6667 = ORIENTED_EDGE ( 'NONE', *, *, #7177, .T. ) ;
#6668 = EDGE_CURVE ( 'NONE', #8321, #8315, #5161, .T. ) ;
#6669 = DIRECTION ( 'NONE',  ( -0.000000000000000000, 1.000000000000000000, -0.000000000000000000 ) ) ;
#6670 = CARTESIAN_POINT ( 'NONE',  ( 9.424777960769379348, 5.000000000000000000, 43.50000000000000000 ) ) ;
#6671 = ORIENTED_EDGE ( 'NONE', *, *, #786, .T. ) ;
#6672 = CARTESIAN_POINT ( 'NONE',  ( 143.5089553408281517, 5.000000000000000000, 20.24999999999995737 ) ) ;
#6673 = ORIENTED_EDGE ( 'NONE', *, *, #5284, .T. ) ;
#6674 = CARTESIAN_POINT ( 'NONE',  ( 80.11061266653972268, -5.000000000000000000, 43.50000000000000000 ) ) ;
#6675 = DIRECTION ( 'NONE',  ( 0.000000000000000000, 0.000000000000000000, 1.000000000000000000 ) ) ;
#6676 = VERTEX_POINT ( 'NONE', #9802 ) ;
#6677 = EDGE_CURVE ( 'NONE', #3650, #3425, #1850, .T. ) ;
#6678 = ORIENTED_EDGE ( 'NONE', *, *, #3345, .T. ) ;
#6679 = CARTESIAN_POINT ( 'NONE',  ( -49.69899285494412311, 5.000000000000000000, 20.24999999999999289 ) ) ;
#6680 = DIRECTION ( 'NONE',  ( -0.000000000000000000, 1.000000000000000000, -0.000000000000000000 ) ) ;
#6681 = DIRECTION ( 'NONE',  ( -0.000000000000000000, -1.000000000000000000, -0.000000000000000000 ) ) ;
#6682 = CARTESIAN_POINT ( 'NONE',  ( 159.0000000000000000, -5.000000000000000000, -39.89999999999999858 ) ) ;
#6683 = LINE ( 'NONE', #5190, #7674 ) ;
#6684 = DIRECTION ( 'NONE',  ( -1.000000000000000000, 0.000000000000000000, 1.272130549049658700E-16 ) ) ;
#6685 = ORIENTED_EDGE ( 'NONE', *, *, #8672, .T. ) ;
#6686 = EDGE_CURVE ( 'NONE', #8556, #392, #1535, .T. ) ;
#6687 = VECTOR ( 'NONE', #5868, 1000.000000000000000 ) ;
#6688 = CARTESIAN_POINT ( 'NONE',  ( 23.37949692356133014, 5.000000000000000000, 25.27079167095700640 ) ) ;
#6689 = ORIENTED_EDGE ( 'NONE', *, *, #4091, .T. ) ;
#6690 = DIRECTION ( 'NONE',  ( 0.000000000000000000, 0.000000000000000000, 1.000000000000000000 ) ) ;
#6691 = VERTEX_POINT ( 'NONE', #6010 ) ;
#6692 = EDGE_CURVE ( 'NONE', #9774, #6012, #2230, .T. ) ;
#6693 = LINE ( 'NONE', #9733, #4208 ) ;
#6694 = PLANE ( 'NONE',  #8731 ) ;
#6695 = AXIS2_PLACEMENT_3D ( 'NONE', #2979, #3572, #2832 ) ;
#6696 = EDGE_LOOP ( 'NONE', ( #8479, #9230, #8930, #8724 ) ) ;
#6697 = DIRECTION ( 'NONE',  ( -0.000000000000000000, 1.000000000000000000, -0.000000000000000000 ) ) ;
#6698 = LINE ( 'NONE', #9647, #7432 ) ;
#6699 = EDGE_CURVE ( 'NONE', #1876, #5114, #420, .T. ) ;
#6700 = CIRCLE ( 'NONE', #5579, 19.87399999999006539 ) ;
#6701 = DIRECTION ( 'NONE',  ( -0.000000000000000000, -1.000000000000000000, -0.000000000000000000 ) ) ;
#6702 = DIRECTION ( 'NONE',  ( -0.000000000000000000, 1.000000000000000000, -0.000000000000000000 ) ) ;
#6703 = ORIENTED_EDGE ( 'NONE', *, *, #6843, .F. ) ;
#6704 = DIRECTION ( 'NONE',  ( -0.000000000000000000, -1.000000000000000000, -0.000000000000000000 ) ) ;
#6705 = ORIENTED_EDGE ( 'NONE', *, *, #5875, .T. ) ;
#6706 = DIRECTION ( 'NONE',  ( -0.000000000000000000, -1.000000000000000000, -0.000000000000000000 ) ) ;
#6707 = CARTESIAN_POINT ( 'NONE',  ( -85.51988163922850106, 5.000000000000000000, 23.63822177457588225 ) ) ;
#6708 = DIRECTION ( 'NONE',  ( -0.000000000000000000, 1.000000000000000000, -0.000000000000000000 ) ) ;
#6709 = EDGE_CURVE ( 'NONE', #7157, #8205, #7414, .T. ) ;
#6710 = EDGE_CURVE ( 'NONE', #5859, #1988, #9749, .T. ) ;
#6711 = EDGE_LOOP ( 'NONE', ( #620, #7804, #4326, #665 ) ) ;
#6712 = PRODUCT_DEFINITION ( 'UNKNOWN', '', #3571, #9348 ) ;
#6713 = ORIENTED_EDGE ( 'NONE', *, *, #901, .F. ) ;
#6714 = LINE ( 'NONE', #594, #8920 ) ;
#6715 = CARTESIAN_POINT ( 'NONE',  ( -47.12388980384689319, -5.000000000000000000, 43.50000000000000000 ) ) ;
#6716 = VERTEX_POINT ( 'NONE', #9008 ) ;
#6717 = CARTESIAN_POINT ( 'NONE',  ( 82.68571571763693839, -5.000000000000000000, 20.24999999999999289 ) ) ;
#6718 = VERTEX_POINT ( 'NONE', #828 ) ;
#6719 = DIRECTION ( 'NONE',  ( 0.000000000000000000, 0.000000000000000000, 1.000000000000000000 ) ) ;
#6720 = EDGE_CURVE ( 'NONE', #189, #1786, #9649, .T. ) ;
#6721 = ORIENTED_EDGE ( 'NONE', *, *, #6483, .F. ) ;
#6722 = DIRECTION ( 'NONE',  ( 1.000000000000000000, -0.000000000000000000, -0.000000000000000000 ) ) ;
#6723 = ORIENTED_EDGE ( 'NONE', *, *, #1547, .F. ) ;
#6724 = AXIS2_PLACEMENT_3D ( 'NONE', #1992, #7175, #9471 ) ;
#6725 = ORIENTED_EDGE ( 'NONE', *, *, #2206, .F. ) ;
#6726 = LINE ( 'NONE', #9826, #3241 ) ;
#6727 = LINE ( 'NONE', #2247, #8317 ) ;
#6728 = CARTESIAN_POINT ( 'NONE',  ( 35.56182591379005231, -5.000000000000000000, 20.24999999999999289 ) ) ;
#6729 = CYLINDRICAL_SURFACE ( 'NONE', #8046, 19.87399999999006539 ) ;
#6730 = VECTOR ( 'NONE', #2810, 1000.000000000000000 ) ;
#6731 = SURFACE_SIDE_STYLE ('',( #3685 ) ) ;
#6732 = VERTEX_POINT ( 'NONE', #934 ) ;
#6734 = DIRECTION ( 'NONE',  ( -0.000000000000000000, 1.000000000000000000, -0.000000000000000000 ) ) ;
#6733 = AXIS2_PLACEMENT_3D ( 'NONE', #1296, #4533, #4331 ) ;
#6735 = EDGE_LOOP ( 'NONE', ( #2704, #6723, #2842, #7537 ) ) ;
#6736 = AXIS2_PLACEMENT_3D ( 'NONE', #7871, #1035, #4071 ) ;
#6737 = DIRECTION ( 'NONE',  ( 0.000000000000000000, 1.000000000000000000, -0.000000000000000000 ) ) ;
#6738 = ORIENTED_EDGE ( 'NONE', *, *, #8970, .F. ) ;
#6739 = EDGE_CURVE ( 'NONE', #6896, #3551, #8072, .T. ) ;
#6740 = DIRECTION ( 'NONE',  ( 1.000000000000000000, 0.000000000000000000, -1.272130549049658700E-16 ) ) ;
#6741 = DIRECTION ( 'NONE',  ( 0.000000000000000000, 0.000000000000000000, 1.000000000000000000 ) ) ;
#6742 = ORIENTED_EDGE ( 'NONE', *, *, #2183, .T. ) ;
#6743 = ORIENTED_EDGE ( 'NONE', *, *, #2381, .T. ) ;
#6744 = APPLICATION_PROTOCOL_DEFINITION ( 'draft international standard', 'automotive_design', 1998, #6106 ) ;
#6745 = CARTESIAN_POINT ( 'NONE',  ( 117.8097245096172401, -5.000000000000000000, 43.50000000000000000 ) ) ;
#6746 = DIRECTION ( 'NONE',  ( 1.000000000000000000, 0.000000000000000000, -1.272130549049658700E-16 ) ) ;
#6747 = AXIS2_PLACEMENT_3D ( 'NONE', #4734, #160, #3835 ) ;
#6748 = AXIS2_PLACEMENT_3D ( 'NONE', #6201, #5500, #4853 ) ;
#6749 = EDGE_CURVE ( 'NONE', #6666, #2336, #4654, .T. ) ;
#6750 = LINE ( 'NONE', #4353, #4082 ) ;
#6751 = CARTESIAN_POINT ( 'NONE',  ( 105.8098434977506486, -5.000000000000000000, 20.24999999999999289 ) ) ;
#6752 = AXIS2_PLACEMENT_3D ( 'NONE', #7604, #5995, #9090 ) ;
#6753 = ORIENTED_EDGE ( 'NONE', *, *, #5913, .F. ) ;
#6754 = EDGE_CURVE ( 'NONE', #3267, #9797, #4763, .T. ) ;
#6755 = AXIS2_PLACEMENT_3D ( 'NONE', #3690, #6737, #3003 ) ;
#6756 = AXIS2_PLACEMENT_3D ( 'NONE', #6895, #6195, #7652 ) ;
#6757 = DIRECTION ( 'NONE',  ( 0.000000000000000000, 0.000000000000000000, 1.000000000000000000 ) ) ;
#6758 = ORIENTED_EDGE ( 'NONE', *, *, #7621, .F. ) ;
#6759 = CARTESIAN_POINT ( 'NONE',  ( -76.09510367845912526, -5.000000000000000000, 23.63822177457588225 ) ) ;
#6760 = CARTESIAN_POINT ( 'NONE',  ( -150.0000000000000000, -5.000000000000000000, 20.24999999999999645 ) ) ;
#6761 = CARTESIAN_POINT ( 'NONE',  ( 190.0000000000000000, -5.000000000000000000, 50.00000000000000000 ) ) ;
#6762 = ORIENTED_EDGE ( 'NONE', *, *, #9023, .T. ) ;
#6763 = CIRCLE ( 'NONE', #7239, 8.699999999995645439 ) ;
#6764 = ORIENTED_EDGE ( 'NONE', *, *, #7049, .F. ) ;
#6765 = EDGE_CURVE ( 'NONE', #2164, #9236, #2378, .T. ) ;
#6766 = VECTOR ( 'NONE', #4642, 1000.000000000000000 ) ;
#6767 = AXIS2_PLACEMENT_3D ( 'NONE', #4628, #802, #7594 ) ;
#6768 = CARTESIAN_POINT ( 'NONE',  ( -113.2797835075946722, 5.000000000000000000, 25.27079167095700640 ) ) ;
#6769 = DIRECTION ( 'NONE',  ( -0.000000000000000000, 1.000000000000000000, -0.000000000000000000 ) ) ;
#6770 = EDGE_CURVE ( 'NONE', #9559, #4119, #3596, .T. ) ;
#6771 = ORIENTED_EDGE ( 'NONE', *, *, #8176, .F. ) ;
#6772 = EDGE_CURVE ( 'NONE', #6913, #2556, #5032, .T. ) ;
#6773 = CARTESIAN_POINT ( 'NONE',  ( 113.0973355292325522, 5.000000000000000000, 43.50000000000000000 ) ) ;
#6774 = ORIENTED_EDGE ( 'NONE', *, *, #9173, .F. ) ;
#6775 = CIRCLE ( 'NONE', #4382, 19.87399999999006539 ) ;
#6776 = AXIS2_PLACEMENT_3D ( 'NONE', #6393, #2663, #1154 ) ;
#6777 = CARTESIAN_POINT ( 'NONE',  ( -85.00544962528653059, -5.000000000000000000, 25.27079167095700640 ) ) ;
#6778 = VECTOR ( 'NONE', #288, 1000.000000000000000 ) ;
#6779 = CARTESIAN_POINT ( 'NONE',  ( -63.39834267428844328, 5.000000000000000000, 20.24999999999999289 ) ) ;
#6780 = ORIENTED_EDGE ( 'NONE', *, *, #8152, .T. ) ;
#6781 = DIRECTION ( 'NONE',  ( 0.000000000000000000, 0.000000000000000000, 1.000000000000000000 ) ) ;
#6782 = VERTEX_POINT ( 'NONE', #8453 ) ;
#6783 = AXIS2_PLACEMENT_3D ( 'NONE', #3277, #2382, #8654 ) ;
#6784 = AXIS2_PLACEMENT_3D ( 'NONE', #2827, #4917, #8906 ) ;
#6785 = AXIS2_PLACEMENT_3D ( 'NONE', #4162, #388, #8755 ) ;
#6786 = EDGE_CURVE ( 'NONE', #5849, #8205, #7773, .T. ) ;
#6787 = ORIENTED_EDGE ( 'NONE', *, *, #8405, .F. ) ;
#6788 = DIRECTION ( 'NONE',  ( -0.000000000000000000, 1.000000000000000000, -0.000000000000000000 ) ) ;
#6789 = DIRECTION ( 'NONE',  ( 0.000000000000000000, 0.000000000000000000, 1.000000000000000000 ) ) ;
#6790 = DIRECTION ( 'NONE',  ( -0.000000000000000000, -1.000000000000000000, -0.000000000000000000 ) ) ;
#6791 = DIRECTION ( 'NONE',  ( -0.000000000000000000, -1.000000000000000000, -0.000000000000000000 ) ) ;
#6792 = AXIS2_PLACEMENT_3D ( 'NONE', #8151, #2115, #3658 ) ;
#6793 = VECTOR ( 'NONE', #9252, 1000.000000000000000 ) ;
#6794 = PRESENTATION_STYLE_ASSIGNMENT (( #5281 ) ) ;
#6795 = ORIENTED_EDGE ( 'NONE', *, *, #3310, .T. ) ;
#6796 = ADVANCED_FACE ( 'NONE', ( #234 ), #6314, .T. ) ;
#6797 = CARTESIAN_POINT ( 'NONE',  ( 70.50338672740821266, -5.000000000000000000, 25.27079167095700640 ) ) ;
#6798 = ORIENTED_EDGE ( 'NONE', *, *, #9567, .T. ) ;
#6799 = VECTOR ( 'NONE', #4644, 1000.000000000000000 ) ;
#6800 = LINE ( 'NONE', #9836, #526 ) ;
#6801 = ORIENTED_EDGE ( 'NONE', *, *, #5747, .T. ) ;
#6802 = CARTESIAN_POINT ( 'NONE',  ( 89.35294264894697847, -5.000000000000000000, 25.27079167095700640 ) ) ;
#6803 = DIRECTION ( 'NONE',  ( -0.000000000000000000, 1.000000000000000000, -0.000000000000000000 ) ) ;
#6804 = VERTEX_POINT ( 'NONE', #1583 ) ;
#6805 = ORIENTED_EDGE ( 'NONE', *, *, #8957, .T. ) ;
#6806 = DIRECTION ( 'NONE',  ( 0.000000000000000000, 0.000000000000000000, 1.000000000000000000 ) ) ;
#6807 = CARTESIAN_POINT ( 'NONE',  ( 6.849674909672170742, 5.000000000000000000, 20.24999999999997513 ) ) ;
#6808 = COLOUR_RGB ( '',0.7921568627450980005, 0.8196078431372548767, 0.9333333333333333481 ) ;
#6809 = EDGE_CURVE ( 'NONE', #646, #3334, #4554, .T. ) ;
#6810 = CARTESIAN_POINT ( 'NONE',  ( -77.97332673725225050, 5.000000000000000000, 20.24999999999999289 ) ) ;
#6811 = CARTESIAN_POINT ( 'NONE',  ( -32.80427488433071659, -5.000000000000000000, 25.27079167095700996 ) ) ;
#6812 = EDGE_LOOP ( 'NONE', ( #1937, #6450, #2034, #2031 ) ) ;
#6813 = VECTOR ( 'NONE', #6722, 1000.000000000000000 ) ;
#6814 = CARTESIAN_POINT ( 'NONE',  ( 30.84943693340536086, 5.000000000000000000, 20.24999999999999289 ) ) ;
#6815 = LINE ( 'NONE', #4309, #7625 ) ;
#6816 = VERTEX_POINT ( 'NONE', #7013 ) ;
#6817 = FACE_OUTER_BOUND ( 'NONE', #5622, .T. ) ;
#6818 = LINE ( 'NONE', #6057, #2335 ) ;
#6819 = CARTESIAN_POINT ( 'NONE',  ( -159.9999999999999432, 5.000000000000000000, -39.89999999999999858 ) ) ;
#6820 = ORIENTED_EDGE ( 'NONE', *, *, #1973, .T. ) ;
#6821 = ORIENTED_EDGE ( 'NONE', *, *, #2039, .F. ) ;
#6822 = VECTOR ( 'NONE', #2271, 1000.000000000000000 ) ;
#6823 = EDGE_CURVE ( 'NONE', #9405, #1087, #4808, .T. ) ;
#6824 = DIRECTION ( 'NONE',  ( 0.000000000000000000, 0.000000000000000000, 1.000000000000000000 ) ) ;
#6825 = DIRECTION ( 'NONE',  ( 1.000000000000000000, 0.000000000000000000, -1.272130549049658700E-16 ) ) ;
#6826 = VERTEX_POINT ( 'NONE', #3862 ) ;
#6827 = CYLINDRICAL_SURFACE ( 'NONE', #4048, 19.87399999999006539 ) ;
#6828 = ORIENTED_EDGE ( 'NONE', *, *, #9418, .T. ) ;
#6829 = EDGE_CURVE ( 'NONE', #8388, #1230, #4062, .T. ) ;
#6830 = VECTOR ( 'NONE', #8104, 1000.000000000000000 ) ;
#6831 = CARTESIAN_POINT ( 'NONE',  ( 200.0000000000000000, -5.000000000000000000, -39.89999999999999858 ) ) ;
#6832 = DIRECTION ( 'NONE',  ( -0.000000000000000000, 1.000000000000000000, -0.000000000000000000 ) ) ;
#6833 = ORIENTED_EDGE ( 'NONE', *, *, #8898, .F. ) ;
#6834 = CARTESIAN_POINT ( 'NONE',  ( 159.0000000000000000, 5.000000000000000000, -39.89999999999999858 ) ) ;
#6835 = VERTEX_POINT ( 'NONE', #4008 ) ;
#6836 = EDGE_CURVE ( 'NONE', #2549, #6816, #8379, .T. ) ;
#6837 = EDGE_LOOP ( 'NONE', ( #6159, #9354, #9258, #8309 ) ) ;
#6838 = DIRECTION ( 'NONE',  ( 0.000000000000000000, 0.000000000000000000, 1.000000000000000000 ) ) ;
#6839 = CYLINDRICAL_SURFACE ( 'NONE', #2267, 8.699999999995645439 ) ;
#6840 = CARTESIAN_POINT ( 'NONE',  ( 32.98672286269282949, -5.000000000000000000, 43.50000000000000000 ) ) ;
#6841 = CARTESIAN_POINT ( 'NONE',  ( 20.98684185082622022, 5.000000000000000000, 20.24999999999997513 ) ) ;
#6842 = LINE ( 'NONE', #166, #7436 ) ;
#6843 = EDGE_CURVE ( 'NONE', #6601, #9064, #5363, .T. ) ;
#6844 = ORIENTED_EDGE ( 'NONE', *, *, #3340, .T. ) ;
#6845 = DIRECTION ( 'NONE',  ( -0.000000000000000000, 1.000000000000000000, -0.000000000000000000 ) ) ;
#6846 = ORIENTED_EDGE ( 'NONE', *, *, #8528, .T. ) ;
#6847 = DIRECTION ( 'NONE',  ( 0.000000000000000000, 0.000000000000000000, 1.000000000000000000 ) ) ;
#6848 = CARTESIAN_POINT ( 'NONE',  ( 145.9016104135632474, 5.000000000000000000, 25.27079167095700640 ) ) ;
#6849 = CARTESIAN_POINT ( 'NONE',  ( -122.3396655116398080, -5.000000000000000000, 25.27079167095700996 ) ) ;
#6850 = ORIENTED_EDGE ( 'NONE', *, *, #4971, .F. ) ;
#6851 = ORIENTED_EDGE ( 'NONE', *, *, #78, .F. ) ;
#6852 = DIRECTION ( 'NONE',  ( 0.000000000000000000, 0.000000000000000000, 1.000000000000000000 ) ) ;
#6853 = FACE_OUTER_BOUND ( 'NONE', #3695, .T. ) ;
#6854 = EDGE_CURVE ( 'NONE', #486, #5485, #6948, .T. ) ;
#6855 = DIRECTION ( 'NONE',  ( 0.000000000000000000, 0.000000000000000000, 1.000000000000000000 ) ) ;
#6856 = DIRECTION ( 'NONE',  ( 0.000000000000000000, 0.000000000000000000, 1.000000000000000000 ) ) ;
#6857 = ORIENTED_EDGE ( 'NONE', *, *, #7086, .F. ) ;
#6858 = FACE_BOUND ( 'NONE', #4775, .T. ) ;
#6859 = DIRECTION ( 'NONE',  ( -0.000000000000000000, 1.000000000000000000, -0.000000000000000000 ) ) ;
#6860 = EDGE_LOOP ( 'NONE', ( #5807, #2076, #9585, #6673 ) ) ;
#6861 = DIRECTION ( 'NONE',  ( -0.000000000000000000, -1.000000000000000000, -0.000000000000000000 ) ) ;
#6862 = EDGE_CURVE ( 'NONE', #8077, #2814, #1777, .T. ) ;
#6863 = CARTESIAN_POINT ( 'NONE',  ( -98.96016858807848848, -5.000000000000000000, 43.50000000000000000 ) ) ;
#6864 = DIRECTION ( 'NONE',  ( 0.000000000000000000, 0.000000000000000000, 1.000000000000000000 ) ) ;
#6865 = ORIENTED_EDGE ( 'NONE', *, *, #7451, .T. ) ;
#6866 = AXIS2_PLACEMENT_3D ( 'NONE', #2061, #564, #6595 ) ;
#6867 = EDGE_LOOP ( 'NONE', ( #777, #5489, #8729, #1702 ) ) ;
#6868 = VERTEX_POINT ( 'NONE', #7863 ) ;
#6869 = DIRECTION ( 'NONE',  ( -0.000000000000000000, 1.000000000000000000, -0.000000000000000000 ) ) ;
#6870 = ORIENTED_EDGE ( 'NONE', *, *, #762, .T. ) ;
#6871 = AXIS2_PLACEMENT_3D ( 'NONE', #9434, #3350, #6391 ) ;
#6872 = VERTEX_POINT ( 'NONE', #141 ) ;
#6873 = EDGE_CURVE ( 'NONE', #3864, #9559, #1027, .T. ) ;
#6874 = DIRECTION ( 'NONE',  ( -0.000000000000000000, -1.000000000000000000, -0.000000000000000000 ) ) ;
#6875 = CARTESIAN_POINT ( 'NONE',  ( 22.86506490961936677, -5.000000000000000000, 23.63822177457588225 ) ) ;
#6876 = ORIENTED_EDGE ( 'NONE', *, *, #860, .F. ) ;
#6877 = DIRECTION ( 'NONE',  ( -0.000000000000000000, 1.000000000000000000, -0.000000000000000000 ) ) ;
#6878 = ORIENTED_EDGE ( 'NONE', *, *, #5094, .F. ) ;
#6879 = EDGE_CURVE ( 'NONE', #6826, #798, #2423, .T. ) ;
#6880 = ORIENTED_EDGE ( 'NONE', *, *, #7807, .T. ) ;
#6881 = CARTESIAN_POINT ( 'NONE',  ( 89.71783860567123270, -5.000000000000000000, 25.27079167095700996 ) ) ;
#6882 = EDGE_CURVE ( 'NONE', #9508, #3132, #6471, .T. ) ;
#6883 = CARTESIAN_POINT ( 'NONE',  ( -32.80427488433071659, -5.000000000000000000, 25.27079167095700996 ) ) ;
#6884 = DIRECTION ( 'NONE',  ( -0.000000000000000000, -1.000000000000000000, -0.000000000000000000 ) ) ;
#6885 = CYLINDRICAL_SURFACE ( 'NONE', #1833, 8.699999999995645439 ) ;
#6886 = DIRECTION ( 'NONE',  ( 1.000000000000000000, 0.000000000000000000, -1.272130549049658700E-16 ) ) ;
#6887 = ORIENTED_EDGE ( 'NONE', *, *, #3829, .F. ) ;
#6888 = DIRECTION ( 'NONE',  ( 0.000000000000000000, 0.000000000000000000, 1.000000000000000000 ) ) ;
#6889 = ORIENTED_EDGE ( 'NONE', *, *, #8941, .T. ) ;
#6890 = CARTESIAN_POINT ( 'NONE',  ( -132.1293394291334380, 5.000000000000000000, 25.27079167095700640 ) ) ;
#6891 = EDGE_CURVE ( 'NONE', #89, #8669, #7266, .T. ) ;
#6892 = EDGE_CURVE ( 'NONE', #37, #6180, #2718, .T. ) ;
#6893 = CIRCLE ( 'NONE', #9278, 19.87399999999006539 ) ;
#6894 = CARTESIAN_POINT ( 'NONE',  ( 96.82288265879101630, -5.000000000000000000, 20.24999999999999289 ) ) ;
#6895 = CARTESIAN_POINT ( 'NONE',  ( 70.68583470577034689, 5.000000000000000000, 43.50000000000000000 ) ) ;
#6896 = VERTEX_POINT ( 'NONE', #5600 ) ;
#6897 = VERTEX_POINT ( 'NONE', #2624 ) ;
#6898 = CARTESIAN_POINT ( 'NONE',  ( -127.4169504487487359, -5.000000000000000000, 25.27079167095700640 ) ) ;
#6899 = LINE ( 'NONE', #3905, #7760 ) ;
#6900 = CIRCLE ( 'NONE', #5931, 8.699999999995645439 ) ;
#6901 = VECTOR ( 'NONE', #8537, 1000.000000000000000 ) ;
#6902 = CYLINDRICAL_SURFACE ( 'NONE', #7488, 8.699999999995645439 ) ;
#6903 = CARTESIAN_POINT ( 'NONE',  ( -61.44350472336309110, -5.000000000000000000, 25.27079167095700640 ) ) ;
#6904 = EDGE_CURVE ( 'NONE', #3610, #4726, #7423, .T. ) ;
#6905 = ORIENTED_EDGE ( 'NONE', *, *, #3839, .T. ) ;
#6906 = DIRECTION ( 'NONE',  ( 0.000000000000000000, 0.000000000000000000, 1.000000000000000000 ) ) ;
#6907 = DIRECTION ( 'NONE',  ( 0.000000000000000000, 0.000000000000000000, 1.000000000000000000 ) ) ;
#6908 = ORIENTED_EDGE ( 'NONE', *, *, #8008, .T. ) ;
#6909 = AXIS2_PLACEMENT_3D ( 'NONE', #8972, #3589, #1496 ) ;
#6910 = DIRECTION ( 'NONE',  ( -0.000000000000000000, 1.000000000000000000, -0.000000000000000000 ) ) ;
#6911 = CARTESIAN_POINT ( 'NONE',  ( -0.1824479783621192619, -5.000000000000000000, 25.27079167095700640 ) ) ;
#6912 = CARTESIAN_POINT ( 'NONE',  ( -159.9999999999999716, 5.000000000000000000, 39.89999999999999858 ) ) ;
#6913 = VERTEX_POINT ( 'NONE', #8795 ) ;
#6914 = ORIENTED_EDGE ( 'NONE', *, *, #9637, .T. ) ;
#6915 = DIRECTION ( 'NONE',  ( 0.000000000000000000, 0.000000000000000000, 1.000000000000000000 ) ) ;
#6916 = AXIS2_PLACEMENT_3D ( 'NONE', #9699, #4601, #1376 ) ;
#6917 = VERTEX_POINT ( 'NONE', #518 ) ;
#6918 = AXIS2_PLACEMENT_3D ( 'NONE', #3201, #8340, #767 ) ;
#6919 = CARTESIAN_POINT ( 'NONE',  ( 138.7965663604434496, -5.000000000000000000, 20.24999999999999289 ) ) ;
#6920 = ADVANCED_FACE ( 'NONE', ( #377 ), #7161, .T. ) ;
#6921 = ORIENTED_EDGE ( 'NONE', *, *, #6958, .T. ) ;
#6922 = ORIENTED_EDGE ( 'NONE', *, *, #449, .T. ) ;
#6923 = DIRECTION ( 'NONE',  ( -0.000000000000000000, 1.000000000000000000, -0.000000000000000000 ) ) ;
#6924 = CARTESIAN_POINT ( 'NONE',  ( 9.607225939131495807, 5.000000000000000000, 25.27079167095700996 ) ) ;
#6925 = VECTOR ( 'NONE', #4905, 1000.000000000000000 ) ;
#6926 = VECTOR ( 'NONE', #5699, 1000.000000000000000 ) ;
#6927 = ORIENTED_EDGE ( 'NONE', *, *, #7086, .T. ) ;
#6928 = LINE ( 'NONE', #2288, #6490 ) ;
#6929 = ORIENTED_EDGE ( 'NONE', *, *, #6574, .T. ) ;
#6930 = EDGE_CURVE ( 'NONE', #361, #523, #9503, .T. ) ;
#6931 = CIRCLE ( 'NONE', #2636, 8.699999999995648992 ) ;
#6932 = VERTEX_POINT ( 'NONE', #4115 ) ;
#6933 = AXIS2_PLACEMENT_3D ( 'NONE', #2462, #2314, #5437 ) ;
#6934 = CIRCLE ( 'NONE', #256, 8.699999999995648992 ) ;
#6935 = DIRECTION ( 'NONE',  ( 0.000000000000000000, 0.000000000000000000, 1.000000000000000000 ) ) ;
#6936 = PLANE ( 'NONE',  #3531 ) ;
#6937 = DIRECTION ( 'NONE',  ( 0.000000000000000000, 0.000000000000000000, 1.000000000000000000 ) ) ;
#6938 = DIRECTION ( 'NONE',  ( 0.000000000000000000, 0.000000000000000000, 1.000000000000000000 ) ) ;
#6939 = CARTESIAN_POINT ( 'NONE',  ( 28.27433388230813804, -5.000000000000000000, 43.50000000000000000 ) ) ;
#6940 = ORIENTED_EDGE ( 'NONE', *, *, #4188, .T. ) ;
#6941 = CIRCLE ( 'NONE', #9488, 19.87399999999006539 ) ;
#6942 = CIRCLE ( 'NONE', #102, 8.699999999995645439 ) ;
#6943 = EDGE_CURVE ( 'NONE', #2740, #2358, #5649, .T. ) ;
#6944 = CARTESIAN_POINT ( 'NONE',  ( -103.4901095901010422, 5.000000000000000000, 25.27079167095700996 ) ) ;
#6945 = EDGE_LOOP ( 'NONE', ( #287, #3470, #5347, #3244 ) ) ;
#6946 = CARTESIAN_POINT ( 'NONE',  ( -56.73111574297840320, -5.000000000000000000, 25.27079167095700640 ) ) ;
#6947 = VECTOR ( 'NONE', #5562, 1000.000000000000000 ) ;
#6948 = CIRCLE ( 'NONE', #9019, 19.87399999999006539 ) ;
#6949 = CARTESIAN_POINT ( 'NONE',  ( -150.0000000000000000, 5.000000000000000000, 20.24999999999999645 ) ) ;
#6950 = PLANE ( 'NONE',  #3410 ) ;
#6951 = AXIS2_PLACEMENT_3D ( 'NONE', #3362, #9592, #5001 ) ;
#6952 = VERTEX_POINT ( 'NONE', #2763 ) ;
#6953 = ORIENTED_EDGE ( 'NONE', *, *, #6384, .F. ) ;
#6954 = ADVANCED_FACE ( 'NONE', ( #476 ), #6404, .T. ) ;
#6955 = DIRECTION ( 'NONE',  ( 0.000000000000000000, 0.000000000000000000, 1.000000000000000000 ) ) ;
#6956 = CARTESIAN_POINT ( 'NONE',  ( 117.6272765312551201, 5.000000000000000000, 25.27079167095700640 ) ) ;
#6957 = CIRCLE ( 'NONE', #588, 8.699999999995645439 ) ;
#6958 = EDGE_CURVE ( 'NONE', #59, #5325, #3507, .T. ) ;
#6959 = CARTESIAN_POINT ( 'NONE',  ( -18.84955592153875870, -5.000000000000000000, 43.50000000000000000 ) ) ;
#6960 = CARTESIAN_POINT ( 'NONE',  ( 63.39834267428844328, -5.000000000000000000, 20.24999999999999289 ) ) ;
#6961 = ORIENTED_EDGE ( 'NONE', *, *, #8463, .F. ) ;
#6962 = LINE ( 'NONE', #7768, #4900 ) ;
#6963 = ORIENTED_EDGE ( 'NONE', *, *, #1101, .F. ) ;
#6964 = DIRECTION ( 'NONE',  ( 1.000000000000000000, 0.000000000000000000, -1.272130549049658700E-16 ) ) ;
#6965 = AXIS2_PLACEMENT_3D ( 'NONE', #208, #9128, #7084 ) ;
#6966 = CARTESIAN_POINT ( 'NONE',  ( -150.0000000000000000, 5.000000000000000000, 20.24999999999999645 ) ) ;
#6967 = DIRECTION ( 'NONE',  ( 1.000000000000000000, 0.000000000000000000, -1.272130549049658700E-16 ) ) ;
#6968 = ORIENTED_EDGE ( 'NONE', *, *, #1082, .T. ) ;
#6969 = ADVANCED_FACE ( 'NONE', ( #1169 ), #6553, .T. ) ;
#6970 = ORIENTED_EDGE ( 'NONE', *, *, #2026, .T. ) ;
#6971 = DIRECTION ( 'NONE',  ( -0.000000000000000000, -1.000000000000000000, -0.000000000000000000 ) ) ;
#6972 = AXIS2_PLACEMENT_3D ( 'NONE', #1995, #4325, #5179 ) ;
#6973 = ORIENTED_EDGE ( 'NONE', *, *, #5765, .T. ) ;
#6974 = CARTESIAN_POINT ( 'NONE',  ( 49.69899285494412311, 5.000000000000000000, 20.24999999999999289 ) ) ;
#6975 = ORIENTED_EDGE ( 'NONE', *, *, #6501, .T. ) ;
#6976 = ORIENTED_EDGE ( 'NONE', *, *, #3478, .T. ) ;
#6977 = CARTESIAN_POINT ( 'NONE',  ( -30.41161981159560668, -5.000000000000000000, 20.24999999999999289 ) ) ;
#6978 = DIRECTION ( 'NONE',  ( -0.000000000000000000, 1.000000000000000000, -0.000000000000000000 ) ) ;
#6979 = CIRCLE ( 'NONE', #8884, 19.87399999999006539 ) ;
#6980 = ORIENTED_EDGE ( 'NONE', *, *, #2689, .T. ) ;
#6981 = DIRECTION ( 'NONE',  ( 0.000000000000000000, 0.000000000000000000, 1.000000000000000000 ) ) ;
#6982 = EDGE_CURVE ( 'NONE', #4073, #4367, #4910, .T. ) ;
#6983 = ORIENTED_EDGE ( 'NONE', *, *, #753, .F. ) ;
#6984 = VERTEX_POINT ( 'NONE', #6509 ) ;
#6985 = AXIS2_PLACEMENT_3D ( 'NONE', #3006, #918, #9091 ) ;
#6986 = LINE ( 'NONE', #6183, #4514 ) ;
#6987 = EDGE_LOOP ( 'NONE', ( #4323, #3248, #8023, #664 ) ) ;
#6988 = DIRECTION ( 'NONE',  ( 0.000000000000000000, 1.000000000000000000, -0.000000000000000000 ) ) ;
#6989 = CARTESIAN_POINT ( 'NONE',  ( 132.1293394291334380, 5.000000000000000000, 25.27079167095700996 ) ) ;
#6990 = DIRECTION ( 'NONE',  ( -0.000000000000000000, -1.000000000000000000, -0.000000000000000000 ) ) ;
#6991 = ADVANCED_FACE ( 'NONE', ( #7964 ), #1124, .T. ) ;
#6992 = LINE ( 'NONE', #7644, #8391 ) ;
#6993 = EDGE_LOOP ( 'NONE', ( #948, #9728, #4411, #1791 ) ) ;
#6994 = DIRECTION ( 'NONE',  ( -0.000000000000000000, 1.000000000000000000, -0.000000000000000000 ) ) ;
#6995 = ORIENTED_EDGE ( 'NONE', *, *, #9290, .F. ) ;
#6996 = CARTESIAN_POINT ( 'NONE',  ( 117.8097245096172401, 5.000000000000000000, 43.50000000000000000 ) ) ;
#6997 = LINE ( 'NONE', #6294, #9477 ) ;
#6998 = DIRECTION ( 'NONE',  ( 0.000000000000000000, 0.000000000000000000, 1.000000000000000000 ) ) ;
#6999 = ORIENTED_EDGE ( 'NONE', *, *, #9225, .T. ) ;
#7000 = CARTESIAN_POINT ( 'NONE',  ( 146.0840583919253675, -5.000000000000000000, 43.50000000000000000 ) ) ;
#7001 = EDGE_CURVE ( 'NONE', #7174, #2272, #6459, .T. ) ;
#7002 = FACE_OUTER_BOUND ( 'NONE', #7791, .T. ) ;
#7003 = CARTESIAN_POINT ( 'NONE',  ( -127.0520544920244959, -5.000000000000000000, 25.27079167095700996 ) ) ;
#7004 = EDGE_CURVE ( 'NONE', #3002, #5034, #900, .T. ) ;
#7005 = DIRECTION ( 'NONE',  ( -0.000000000000000000, -1.000000000000000000, -0.000000000000000000 ) ) ;
#7006 = VERTEX_POINT ( 'NONE', #4205 ) ;
#7007 = DIRECTION ( 'NONE',  ( -0.000000000000000000, 1.000000000000000000, -0.000000000000000000 ) ) ;
#7008 = FACE_BOUND ( 'NONE', #406, .T. ) ;
#7009 = ORIENTED_EDGE ( 'NONE', *, *, #7012, .T. ) ;
#7010 = CARTESIAN_POINT ( 'NONE',  ( -71.38271469807443736, 5.000000000000000000, 23.63822177457588225 ) ) ;
#7011 = CARTESIAN_POINT ( 'NONE',  ( 85.51988163922848685, -5.000000000000000000, 23.63822177457588225 ) ) ;
#7012 = EDGE_CURVE ( 'NONE', #5705, #6913, #5828, .T. ) ;
#7013 = CARTESIAN_POINT ( 'NONE',  ( 43.10838081576628156, -5.000000000000000000, 23.63822177457588225 ) ) ;
#7014 = ORIENTED_EDGE ( 'NONE', *, *, #7839, .T. ) ;
#7015 = ORIENTED_EDGE ( 'NONE', *, *, #613, .F. ) ;
#7016 = PLANE ( 'NONE',  #6623 ) ;
#7017 = ORIENTED_EDGE ( 'NONE', *, *, #9497, .T. ) ;
#7018 = DIRECTION ( 'NONE',  ( 0.000000000000000000, 0.000000000000000000, 1.000000000000000000 ) ) ;
#7019 = EDGE_LOOP ( 'NONE', ( #5581, #1205, #9082, #2784 ) ) ;
#7020 = ORIENTED_EDGE ( 'NONE', *, *, #9548, .T. ) ;
#7021 = ADVANCED_FACE ( 'NONE', ( #1081 ), #5746, .T. ) ;
#7022 = DIRECTION ( 'NONE',  ( -0.000000000000000000, -1.000000000000000000, -0.000000000000000000 ) ) ;
#7023 = EDGE_CURVE ( 'NONE', #9661, #8265, #3759, .T. ) ;
#7024 = CIRCLE ( 'NONE', #5102, 8.699999999995648992 ) ;
#7025 = EDGE_CURVE ( 'NONE', #7253, #243, #719, .T. ) ;
#7026 = CYLINDRICAL_SURFACE ( 'NONE', #2791, 8.699999999995645439 ) ;
#7027 = ORIENTED_EDGE ( 'NONE', *, *, #8063, .F. ) ;
#7028 = EDGE_LOOP ( 'NONE', ( #159, #2101, #9337, #7823 ) ) ;
#7029 = AXIS2_PLACEMENT_3D ( 'NONE', #6523, #1896, #1936 ) ;
#7030 = VERTEX_POINT ( 'NONE', #1370 ) ;
#7031 = CYLINDRICAL_SURFACE ( 'NONE', #3398, 8.699999999995645439 ) ;
#7032 = ORIENTED_EDGE ( 'NONE', *, *, #9367, .T. ) ;
#7033 = EDGE_CURVE ( 'NONE', #4345, #6826, #4235, .T. ) ;
#7034 = DIRECTION ( 'NONE',  ( 0.000000000000000000, 0.000000000000000000, 1.000000000000000000 ) ) ;
#7035 = CARTESIAN_POINT ( 'NONE',  ( 5.409268972688766830, 5.000000000000000000, 23.63822177457588225 ) ) ;
#7036 = DIRECTION ( 'NONE',  ( -0.000000000000000000, 1.000000000000000000, -0.000000000000000000 ) ) ;
#7037 = DIRECTION ( 'NONE',  ( -1.000000000000000000, 0.000000000000000000, 1.272130549049658700E-16 ) ) ;
#7038 = ORIENTED_EDGE ( 'NONE', *, *, #4221, .T. ) ;
#7039 = CARTESIAN_POINT ( 'NONE',  ( 37.88155982143963030, 5.000000000000000000, 25.27079167095700996 ) ) ;
#7040 = EDGE_LOOP ( 'NONE', ( #1232, #7469, #3935, #8056 ) ) ;
#7041 = DIRECTION ( 'NONE',  ( -0.000000000000000000, -1.000000000000000000, -0.000000000000000000 ) ) ;
#7042 = DIRECTION ( 'NONE',  ( 0.000000000000000000, 0.000000000000000000, 1.000000000000000000 ) ) ;
#7043 = CARTESIAN_POINT ( 'NONE',  ( -150.0000000000000000, 5.000000000000000000, 20.24999999999999645 ) ) ;
#7044 = VERTEX_POINT ( 'NONE', #1467 ) ;
#7045 = PLANE ( 'NONE',  #3744 ) ;
#7046 = CIRCLE ( 'NONE', #7998, 8.699999999995648992 ) ;
#7047 = LINE ( 'NONE', #3998, #5517 ) ;
#7048 = CARTESIAN_POINT ( 'NONE',  ( 28.45678186067025450, -5.000000000000000000, 25.27079167095700996 ) ) ;
#7049 = EDGE_CURVE ( 'NONE', #1757, #4919, #8940, .T. ) ;
#7050 = AXIS2_PLACEMENT_3D ( 'NONE', #8569, #9369, #6174 ) ;
#7051 = CARTESIAN_POINT ( 'NONE',  ( -150.0000000000000000, 5.000000000000000000, 20.24999999999999645 ) ) ;
#7052 = ORIENTED_EDGE ( 'NONE', *, *, #6668, .F. ) ;
#7053 = DIRECTION ( 'NONE',  ( 0.000000000000000000, 0.000000000000000000, 1.000000000000000000 ) ) ;
#7054 = CARTESIAN_POINT ( 'NONE',  ( 33.16917084105494240, -5.000000000000000000, 25.27079167095700996 ) ) ;
#7055 = ORIENTED_EDGE ( 'NONE', *, *, #7248, .F. ) ;
#7056 = DIRECTION ( 'NONE',  ( -0.000000000000000000, -1.000000000000000000, -0.000000000000000000 ) ) ;
#7057 = FACE_OUTER_BOUND ( 'NONE', #631, .T. ) ;
#7058 = DIRECTION ( 'NONE',  ( -0.000000000000000000, -1.000000000000000000, -0.000000000000000000 ) ) ;
#7059 = CIRCLE ( 'NONE', #8958, 8.699999999995648992 ) ;
#7060 = ORIENTED_EDGE ( 'NONE', *, *, #9225, .F. ) ;
#7061 = ORIENTED_EDGE ( 'NONE', *, *, #677, .T. ) ;
#7062 = CARTESIAN_POINT ( 'NONE',  ( -132.6437714430753942, -5.000000000000000000, 23.63822177457588225 ) ) ;
#7063 = ADVANCED_FACE ( 'NONE', ( #772 ), #3809, .T. ) ;
#7064 = EDGE_LOOP ( 'NONE', ( #4660, #4995, #2277, #1711 ) ) ;
#7065 = CARTESIAN_POINT ( 'NONE',  ( -103.8550055468252964, 5.000000000000000000, 25.27079167095700640 ) ) ;
#7066 = AXIS2_PLACEMENT_3D ( 'NONE', #4841, #5582, #7898 ) ;
#7067 = ORIENTED_EDGE ( 'NONE', *, *, #5083, .F. ) ;
#7068 = AXIS2_PLACEMENT_3D ( 'NONE', #9410, #150, #7780 ) ;
#7069 = ORIENTED_EDGE ( 'NONE', *, *, #6882, .T. ) ;
#7070 = DIRECTION ( 'NONE',  ( -0.000000000000000000, 1.000000000000000000, -0.000000000000000000 ) ) ;
#7071 = CARTESIAN_POINT ( 'NONE',  ( -84.82300164692441058, -5.000000000000000000, 43.50000000000000000 ) ) ;
#7072 = ADVANCED_FACE ( 'NONE', ( #4407 ), #3655, .T. ) ;
#7073 = VERTEX_POINT ( 'NONE', #5205 ) ;
#7074 = VERTEX_POINT ( 'NONE', #8254 ) ;
#7075 = CIRCLE ( 'NONE', #8347, 8.699999999995645439 ) ;
#7076 = EDGE_CURVE ( 'NONE', #8986, #1786, #6698, .T. ) ;
#7077 = ORIENTED_EDGE ( 'NONE', *, *, #3228, .F. ) ;
#7078 = DIRECTION ( 'NONE',  ( 0.000000000000000000, 0.000000000000000000, 1.000000000000000000 ) ) ;
#7079 = ORIENTED_EDGE ( 'NONE', *, *, #3656, .F. ) ;
#7080 = CIRCLE ( 'NONE', #3257, 19.87399999999006539 ) ;
#7081 = DIRECTION ( 'NONE',  ( -0.000000000000000000, -1.000000000000000000, -0.000000000000000000 ) ) ;
#7082 = DIRECTION ( 'NONE',  ( 0.000000000000000000, 0.000000000000000000, 1.000000000000000000 ) ) ;
#7083 = AXIS2_PLACEMENT_3D ( 'NONE', #5039, #4388, #6538 ) ;
#7084 = DIRECTION ( 'NONE',  ( 0.000000000000000000, 0.000000000000000000, 1.000000000000000000 ) ) ;
#7085 = VERTEX_POINT ( 'NONE', #9695 ) ;
#7086 = EDGE_CURVE ( 'NONE', #2278, #8355, #7401, .T. ) ;
#7087 = VECTOR ( 'NONE', #1516, 1000.000000000000000 ) ;
#7088 = CIRCLE ( 'NONE', #2787, 8.699999999995648992 ) ;
#7089 = DIRECTION ( 'NONE',  ( -0.000000000000000000, -1.000000000000000000, -0.000000000000000000 ) ) ;
#7090 = VERTEX_POINT ( 'NONE', #6807 ) ;
#7091 = CARTESIAN_POINT ( 'NONE',  ( -61.26105674500096399, 5.000000000000000000, 43.50000000000000000 ) ) ;
#7092 = CARTESIAN_POINT ( 'NONE',  ( 35.12400879198030168, 5.000000000000000000, 20.24999999999997158 ) ) ;
#7093 = FACE_OUTER_BOUND ( 'NONE', #6867, .T. ) ;
#7094 = DIRECTION ( 'NONE',  ( 0.000000000000000000, 0.000000000000000000, 1.000000000000000000 ) ) ;
#7095 = ORIENTED_EDGE ( 'NONE', *, *, #1413, .T. ) ;
#7096 = AXIS2_PLACEMENT_3D ( 'NONE', #1000, #5426, #953 ) ;
#7097 = CARTESIAN_POINT ( 'NONE',  ( -18.15267592923468243, -5.000000000000000000, 23.63822177457588225 ) ) ;
#7098 = CARTESIAN_POINT ( 'NONE',  ( 150.0000000000000000, 5.000000000000000000, -25.00000000000000355 ) ) ;
#7099 = EDGE_CURVE ( 'NONE', #2829, #9272, #8344, .T. ) ;
#7100 = AXIS2_PLACEMENT_3D ( 'NONE', #400, #8676, #4887 ) ;
#7101 = DIRECTION ( 'NONE',  ( 0.000000000000000000, 0.000000000000000000, 1.000000000000000000 ) ) ;
#7102 = AXIS2_PLACEMENT_3D ( 'NONE', #9791, #3010, #2070 ) ;
#7103 = AXIS2_PLACEMENT_3D ( 'NONE', #6863, #1776, #3269 ) ;
#7104 = LINE ( 'NONE', #5592, #4357 ) ;
#7105 = VERTEX_POINT ( 'NONE', #8150 ) ;
#7106 = DIRECTION ( 'NONE',  ( 1.000000000000000000, 0.000000000000000000, -1.272130549049658700E-16 ) ) ;
#7107 = CARTESIAN_POINT ( 'NONE',  ( -120.3848275607144558, -5.000000000000000000, 20.24999999999999289 ) ) ;
#7108 = ORIENTED_EDGE ( 'NONE', *, *, #6686, .F. ) ;
#7109 = CARTESIAN_POINT ( 'NONE',  ( 14.13716694115406902, -5.000000000000000000, 43.50000000000000000 ) ) ;
#7110 = CARTESIAN_POINT ( 'NONE',  ( 49.26117573313436537, -5.000000000000000000, 20.24999999999999289 ) ) ;
#7111 = DIRECTION ( 'NONE',  ( -0.000000000000000000, -1.000000000000000000, -0.000000000000000000 ) ) ;
#7112 = CIRCLE ( 'NONE', #7595, 8.699999999995648992 ) ;
#7113 = AXIS2_PLACEMENT_3D ( 'NONE', #1913, #1955, #2565 ) ;
#7114 = EDGE_CURVE ( 'NONE', #6343, #9591, #9183, .T. ) ;
#7115 = EDGE_LOOP ( 'NONE', ( #3179, #462 ) ) ;
#7116 = ORIENTED_EDGE ( 'NONE', *, *, #2578, .T. ) ;
#7117 = CARTESIAN_POINT ( 'NONE',  ( 47.30633778220901320, 5.000000000000000000, 25.27079167095700996 ) ) ;
#7118 = ORIENTED_EDGE ( 'NONE', *, *, #3667, .F. ) ;
#7119 = FACE_OUTER_BOUND ( 'NONE', #3879, .T. ) ;
#7120 = ORIENTED_EDGE ( 'NONE', *, *, #3771, .F. ) ;
#7121 = AXIS2_PLACEMENT_3D ( 'NONE', #7098, #3311, #7151 ) ;
#7122 = ORIENTED_EDGE ( 'NONE', *, *, #327, .T. ) ;
#7123 = CARTESIAN_POINT ( 'NONE',  ( -84.82300164692441058, -5.000000000000000000, 43.50000000000000000 ) ) ;
#7124 = DIRECTION ( 'NONE',  ( -0.000000000000000000, -1.000000000000000000, -0.000000000000000000 ) ) ;
#7125 = EDGE_CURVE ( 'NONE', #2093, #1447, #2112, .T. ) ;
#7126 = ORIENTED_EDGE ( 'NONE', *, *, #7321, .T. ) ;
#7127 = ORIENTED_EDGE ( 'NONE', *, *, #1148, .T. ) ;
#7128 = CIRCLE ( 'NONE', #7771, 8.699999999995645439 ) ;
#7129 = ORIENTED_EDGE ( 'NONE', *, *, #6862, .T. ) ;
#7130 = EDGE_CURVE ( 'NONE', #6410, #1020, #5852, .T. ) ;
#7131 = LINE ( 'NONE', #6481, #3716 ) ;
#7132 = ORIENTED_EDGE ( 'NONE', *, *, #5101, .T. ) ;
#7133 = VECTOR ( 'NONE', #8819, 1000.000000000000000 ) ;
#7134 = DIRECTION ( 'NONE',  ( -0.000000000000000000, -1.000000000000000000, -0.000000000000000000 ) ) ;
#7135 = FACE_OUTER_BOUND ( 'NONE', #6531, .T. ) ;
#7136 = EDGE_CURVE ( 'NONE', #2442, #1020, #2264, .T. ) ;
#7137 = DIRECTION ( 'NONE',  ( -0.000000000000000000, -1.000000000000000000, -0.000000000000000000 ) ) ;
#7138 = EDGE_LOOP ( 'NONE', ( #4265, #8275, #3022, #6513, #4160, #3230, #4449, #3602, #6850, #347, #5665, #3479, #4310, #4180, #9093, #4134 ) ) ;
#7139 = AXIS2_PLACEMENT_3D ( 'NONE', #7616, #2474, #3962 ) ;
#7140 = CARTESIAN_POINT ( 'NONE',  ( -143.5089553408281517, 5.000000000000000000, 20.24999999999999289 ) ) ;
#7141 = ORIENTED_EDGE ( 'NONE', *, *, #936, .T. ) ;
#7142 = CARTESIAN_POINT ( 'NONE',  ( 42.41150082346220529, -5.000000000000000000, 43.50000000000000000 ) ) ;
#7143 = FACE_OUTER_BOUND ( 'NONE', #3975, .T. ) ;
#7144 = CARTESIAN_POINT ( 'NONE',  ( 53.97356471351906038, -5.000000000000000000, 20.24999999999999289 ) ) ;
#7145 = LINE ( 'NONE', #4748, #5002 ) ;
#7146 = PLANE ( 'NONE',  #1293 ) ;
#7147 = ADVANCED_FACE ( 'NONE', ( #2964 ), #7458, .T. ) ;
#7148 = CARTESIAN_POINT ( 'NONE',  ( 150.0000000000000000, 5.000000000000000000, -25.00000000000000355 ) ) ;
#7149 = EDGE_CURVE ( 'NONE', #3751, #7881, #8897, .T. ) ;
#7150 = EDGE_CURVE ( 'NONE', #1473, #2510, #3769, .T. ) ;
#7151 = DIRECTION ( 'NONE',  ( 1.000000000000000000, 0.000000000000000000, -1.272130549049658700E-16 ) ) ;
#7152 = DIRECTION ( 'NONE',  ( 0.000000000000000000, 0.000000000000000000, 1.000000000000000000 ) ) ;
#7153 = FACE_OUTER_BOUND ( 'NONE', #1282, .T. ) ;
#7154 = ORIENTED_EDGE ( 'NONE', *, *, #2898, .T. ) ;
#7155 = CARTESIAN_POINT ( 'NONE',  ( -87.39810469802162629, 5.000000000000000000, 20.24999999999999289 ) ) ;
#7156 = CARTESIAN_POINT ( 'NONE',  ( -93.55089961538972432, -5.000000000000000000, 23.63822177457588225 ) ) ;
#7157 = VERTEX_POINT ( 'NONE', #9196 ) ;
#7158 = ADVANCED_FACE ( 'NONE', ( #7002 ), #7700, .T. ) ;
#7159 = CARTESIAN_POINT ( 'NONE',  ( -150.0000000000000000, 5.000000000000000000, 20.24999999999999645 ) ) ;
#7160 = DIRECTION ( 'NONE',  ( 0.000000000000000000, 0.000000000000000000, 1.000000000000000000 ) ) ;
#7161 = CYLINDRICAL_SURFACE ( 'NONE', #2173, 19.87399999999006539 ) ;
#7162 = PLANE ( 'NONE',  #412 ) ;
#7163 = PLANE ( 'NONE',  #4184 ) ;
#7164 = ORIENTED_EDGE ( 'NONE', *, *, #9681, .T. ) ;
#7165 = ORIENTED_EDGE ( 'NONE', *, *, #8030, .T. ) ;
#7166 = DIRECTION ( 'NONE',  ( 0.000000000000000000, 0.000000000000000000, 1.000000000000000000 ) ) ;
#7167 = CARTESIAN_POINT ( 'NONE',  ( 89.53539062730909848, -5.000000000000000000, 43.50000000000000000 ) ) ;
#7168 = ORIENTED_EDGE ( 'NONE', *, *, #9760, .F. ) ;
#7169 = VERTEX_POINT ( 'NONE', #817 ) ;
#7170 = CARTESIAN_POINT ( 'NONE',  ( -18.66710794317664224, 5.000000000000000000, 25.27079167095700996 ) ) ;
#7171 = VERTEX_POINT ( 'NONE', #9240 ) ;
#7172 = EDGE_CURVE ( 'NONE', #5118, #8441, #3133, .T. ) ;
#7173 = CARTESIAN_POINT ( 'NONE',  ( 98.26328859577441222, -5.000000000000000000, 23.63822177457588225 ) ) ;
#7174 = VERTEX_POINT ( 'NONE', #7806 ) ;
#7175 = DIRECTION ( 'NONE',  ( -0.000000000000000000, -1.000000000000000000, 0.000000000000000000 ) ) ;
#7176 = CARTESIAN_POINT ( 'NONE',  ( -54.41138183532881101, -5.000000000000000000, 20.24999999999999289 ) ) ;
#7177 = EDGE_CURVE ( 'NONE', #5965, #9372, #909, .T. ) ;
#7178 = CARTESIAN_POINT ( 'NONE',  ( -117.1128445173131780, -5.000000000000000000, 23.63822177457588225 ) ) ;
#7179 = ORIENTED_EDGE ( 'NONE', *, *, #3487, .F. ) ;
#7180 = AXIS2_PLACEMENT_3D ( 'NONE', #1915, #8837, #7340 ) ;
#7181 = ORIENTED_EDGE ( 'NONE', *, *, #6677, .F. ) ;
#7182 = EDGE_CURVE ( 'NONE', #9417, #7213, #7047, .T. ) ;
#7183 = LINE ( 'NONE', #457, #850 ) ;
#7184 = DIRECTION ( 'NONE',  ( 0.000000000000000000, 0.000000000000000000, 1.000000000000000000 ) ) ;
#7185 = CYLINDRICAL_SURFACE ( 'NONE', #8680, 8.699999999995648992 ) ;
#7186 = LINE ( 'NONE', #5685, #4840 ) ;
#7187 = ORIENTED_EDGE ( 'NONE', *, *, #9146, .F. ) ;
#7188 = CARTESIAN_POINT ( 'NONE',  ( 37.00223185077343402, -5.000000000000000000, 23.63822177457588225 ) ) ;
#7189 = CARTESIAN_POINT ( 'NONE',  ( -127.9313824626907063, 5.000000000000000000, 23.63822177457588225 ) ) ;
#7190 = EDGE_CURVE ( 'NONE', #1630, #5369, #7921, .T. ) ;
#7191 = CYLINDRICAL_SURFACE ( 'NONE', #7180, 8.699999999995648992 ) ;
#7192 = EDGE_CURVE ( 'NONE', #5711, #4009, #1719, .T. ) ;
#7193 = CARTESIAN_POINT ( 'NONE',  ( -105.8098434977506486, 5.000000000000000000, 20.24999999999999289 ) ) ;
#7194 = ORIENTED_EDGE ( 'NONE', *, *, #2188, .F. ) ;
#7195 = CARTESIAN_POINT ( 'NONE',  ( -9.424777960769379348, -5.000000000000000000, 43.50000000000000000 ) ) ;
#7196 = DIRECTION ( 'NONE',  ( -0.000000000000000000, 1.000000000000000000, -0.000000000000000000 ) ) ;
#7197 = ORIENTED_EDGE ( 'NONE', *, *, #4798, .F. ) ;
#7198 = DIRECTION ( 'NONE',  ( -1.000000000000000000, 0.000000000000000000, 1.272130549049658700E-16 ) ) ;
#7199 = CARTESIAN_POINT ( 'NONE',  ( -146.0840583919253675, 5.000000000000000000, 43.50000000000000000 ) ) ;
#7200 = CARTESIAN_POINT ( 'NONE',  ( 28.09188590394601803, -5.000000000000000000, 25.27079167095700640 ) ) ;
#7201 = AXIS2_PLACEMENT_3D ( 'NONE', #4818, #7070, #6268 ) ;
#7202 = EDGE_CURVE ( 'NONE', #7044, #1803, #3205, .T. ) ;
#7203 = CYLINDRICAL_SURFACE ( 'NONE', #5659, 8.699999999995645439 ) ;
#7204 = DIRECTION ( 'NONE',  ( 0.000000000000000000, 0.000000000000000000, 1.000000000000000000 ) ) ;
#7205 = ORIENTED_EDGE ( 'NONE', *, *, #2403, .T. ) ;
#7206 = ORIENTED_EDGE ( 'NONE', *, *, #5721, .F. ) ;
#7207 = AXIS2_PLACEMENT_3D ( 'NONE', #3101, #858, #4693 ) ;
#7208 = DIRECTION ( 'NONE',  ( 0.000000000000000000, 0.000000000000000000, 1.000000000000000000 ) ) ;
#7209 = CARTESIAN_POINT ( 'NONE',  ( 85.51988163922848685, 5.000000000000000000, 23.63822177457588225 ) ) ;
#7210 = VECTOR ( 'NONE', #6845, 1000.000000000000000 ) ;
#7211 = LINE ( 'NONE', #1980, #569 ) ;
#7212 = ORIENTED_EDGE ( 'NONE', *, *, #7996, .F. ) ;
#7213 = VERTEX_POINT ( 'NONE', #129 ) ;
#7214 = ADVANCED_FACE ( 'NONE', ( #6301 ), #71, .T. ) ;
#7215 = AXIS2_PLACEMENT_3D ( 'NONE', #7435, #2794, #7377 ) ;
#7216 = AXIS2_PLACEMENT_3D ( 'NONE', #9259, #3178, #5564 ) ;
#7217 = DIRECTION ( 'NONE',  ( 0.000000000000000000, 0.000000000000000000, 1.000000000000000000 ) ) ;
#7218 = ORIENTED_EDGE ( 'NONE', *, *, #2095, .T. ) ;
#7219 = DIRECTION ( 'NONE',  ( -0.000000000000000000, 1.000000000000000000, -0.000000000000000000 ) ) ;
#7220 = VERTEX_POINT ( 'NONE', #7656 ) ;
#7221 = CARTESIAN_POINT ( 'NONE',  ( 43.10838081576628156, -5.000000000000000000, 23.63822177457588225 ) ) ;
#7222 = CARTESIAN_POINT ( 'NONE',  ( 85.51988163922848685, -5.000000000000000000, 23.63822177457588225 ) ) ;
#7223 = AXIS2_PLACEMENT_3D ( 'NONE', #2929, #598, #9713 ) ;
#7224 = AXIS2_PLACEMENT_3D ( 'NONE', #3130, #5315, #4468 ) ;
#7225 = CARTESIAN_POINT ( 'NONE',  ( 23.56194490192344659, 5.000000000000000000, 43.50000000000000000 ) ) ;
#7226 = EDGE_LOOP ( 'NONE', ( #562, #8945, #984, #7032 ) ) ;
#7227 = EDGE_CURVE ( 'NONE', #8342, #6383, #8078, .T. ) ;
#7228 = AXIS2_PLACEMENT_3D ( 'NONE', #1487, #9296, #4519 ) ;
#7229 = ORIENTED_EDGE ( 'NONE', *, *, #5246, .F. ) ;
#7230 = AXIS2_PLACEMENT_3D ( 'NONE', #6811, #2910, #1424 ) ;
#7231 = AXIS2_PLACEMENT_3D ( 'NONE', #7990, #1152, #8236 ) ;
#7232 = CARTESIAN_POINT ( 'NONE',  ( 190.0000000000000000, -5.000000000000000000, 60.00000000000000000 ) ) ;
#7233 = FACE_OUTER_BOUND ( 'NONE', #3272, .T. ) ;
#7234 = CARTESIAN_POINT ( 'NONE',  ( -143.9467724626379095, -5.000000000000000000, 20.24999999999999289 ) ) ;
#7235 = DIRECTION ( 'NONE',  ( 0.000000000000000000, 0.000000000000000000, 1.000000000000000000 ) ) ;
#7236 = DIRECTION ( 'NONE',  ( 0.000000000000000000, 0.000000000000000000, 1.000000000000000000 ) ) ;
#7237 = CARTESIAN_POINT ( 'NONE',  ( 94.43022758605592060, -5.000000000000000000, 25.27079167095700996 ) ) ;
#7238 = DIRECTION ( 'NONE',  ( -0.000000000000000000, 1.000000000000000000, -0.000000000000000000 ) ) ;
#7239 = AXIS2_PLACEMENT_3D ( 'NONE', #3102, #6194, #3951 ) ;
#7240 = CIRCLE ( 'NONE', #3922, 19.87399999999006539 ) ;
#7241 = EDGE_CURVE ( 'NONE', #9417, #7473, #6899, .T. ) ;
#7242 = AXIS2_PLACEMENT_3D ( 'NONE', #8754, #3986, #3194 ) ;
#7243 =( GEOMETRIC_REPRESENTATION_CONTEXT ( 3 ) GLOBAL_UNCERTAINTY_ASSIGNED_CONTEXT ( ( #9241 ) ) GLOBAL_UNIT_ASSIGNED_CONTEXT ( ( #9693, #2859, #7548 ) ) REPRESENTATION_CONTEXT ( 'NONE', 'WORKASPACE' ) );
#7244 = DIRECTION ( 'NONE',  ( -0.000000000000000000, 1.000000000000000000, -0.000000000000000000 ) ) ;
#7245 = CARTESIAN_POINT ( 'NONE',  ( -51.13939879192751192, -5.000000000000000000, 23.63822177457588225 ) ) ;
#7246 = AXIS2_PLACEMENT_3D ( 'NONE', #7439, #5130, #700 ) ;
#7247 = ORIENTED_EDGE ( 'NONE', *, *, #5256, .F. ) ;
#7248 = EDGE_CURVE ( 'NONE', #298, #9759, #6323, .T. ) ;
#7249 = VECTOR ( 'NONE', #4190, 1000.000000000000000 ) ;
#7250 = CYLINDRICAL_SURFACE ( 'NONE', #6120, 19.87399999999006539 ) ;
#7251 = CARTESIAN_POINT ( 'NONE',  ( 150.6139993939479496, -5.000000000000000000, 25.27079167095700640 ) ) ;
#7252 = AXIS2_PLACEMENT_3D ( 'NONE', #3065, #3213, #826 ) ;
#7253 = VERTEX_POINT ( 'NONE', #5395 ) ;
#7254 = DIRECTION ( 'NONE',  ( 0.000000000000000000, 0.000000000000000000, 1.000000000000000000 ) ) ;
#7255 = CARTESIAN_POINT ( 'NONE',  ( 143.5089553408281517, -5.000000000000000000, 20.24999999999999289 ) ) ;
#7256 = DIRECTION ( 'NONE',  ( 0.000000000000000000, 0.000000000000000000, 1.000000000000000000 ) ) ;
#7257 = EDGE_CURVE ( 'NONE', #9611, #982, #2025, .T. ) ;
#7258 = VECTOR ( 'NONE', #9472, 1000.000000000000000 ) ;
#7259 = AXIS2_PLACEMENT_3D ( 'NONE', #9370, #2586, #6175 ) ;
#7260 = CIRCLE ( 'NONE', #6474, 19.87399999999006539 ) ;
#7261 = CARTESIAN_POINT ( 'NONE',  ( -28.09188590394602159, -5.000000000000000000, 25.27079167095700996 ) ) ;
#7262 = DIRECTION ( 'NONE',  ( 1.000000000000000000, 0.000000000000000000, -1.272130549049658700E-16 ) ) ;
#7263 = ORIENTED_EDGE ( 'NONE', *, *, #4796, .T. ) ;
#7264 = ORIENTED_EDGE ( 'NONE', *, *, #7384, .T. ) ;
#7265 = CARTESIAN_POINT ( 'NONE',  ( 14.13716694115406902, 5.000000000000000000, 43.50000000000000000 ) ) ;
#7266 = CIRCLE ( 'NONE', #6625, 1.000000000000000888 ) ;
#7267 = LINE ( 'NONE', #9413, #8380 ) ;
#7268 = CYLINDRICAL_SURFACE ( 'NONE', #1364, 8.699999999995645439 ) ;
#7269 = EDGE_CURVE ( 'NONE', #1508, #5735, #8490, .T. ) ;
#7270 = VERTEX_POINT ( 'NONE', #922 ) ;
#7271 = VERTEX_POINT ( 'NONE', #6243 ) ;
#7272 = VECTOR ( 'NONE', #7759, 1000.000000000000000 ) ;
#7273 = PLANE ( 'NONE',  #7029 ) ;
#7274 = VERTEX_POINT ( 'NONE', #3955 ) ;
#7275 = FACE_OUTER_BOUND ( 'NONE', #540, .T. ) ;
#7276 = VERTEX_POINT ( 'NONE', #6091 ) ;
#7277 = DIRECTION ( 'NONE',  ( 1.000000000000000000, 0.000000000000000000, -1.272130549049658700E-16 ) ) ;
#7278 = DIRECTION ( 'NONE',  ( -0.000000000000000000, -1.000000000000000000, -0.000000000000000000 ) ) ;
#7279 = ADVANCED_FACE ( 'NONE', ( #9289 ), #8594, .T. ) ;
#7280 = VECTOR ( 'NONE', #1603, 1000.000000000000000 ) ;
#7281 = CARTESIAN_POINT ( 'NONE',  ( 14.83404693345814529, -5.000000000000000000, 23.63822177457588225 ) ) ;
#7282 = ORIENTED_EDGE ( 'NONE', *, *, #9748, .T. ) ;
#7283 = ORIENTED_EDGE ( 'NONE', *, *, #1393, .F. ) ;
#7284 = VECTOR ( 'NONE', #9798, 1000.000000000000000 ) ;
#7285 = CARTESIAN_POINT ( 'NONE',  ( 82.24789859582719487, -5.000000000000000000, 20.24999999999999289 ) ) ;
#7286 = ADVANCED_FACE ( 'NONE', ( #6853 ), #24, .T. ) ;
#7287 = CARTESIAN_POINT ( 'NONE',  ( 39.83639777236497537, 5.000000000000000000, 20.24999999999997158 ) ) ;
#7288 = DIRECTION ( 'NONE',  ( -0.000000000000000000, 1.000000000000000000, -0.000000000000000000 ) ) ;
#7289 = CARTESIAN_POINT ( 'NONE',  ( 51.83627878423158819, -5.000000000000000000, 43.50000000000000000 ) ) ;
#7290 = ORIENTED_EDGE ( 'NONE', *, *, #4093, .F. ) ;
#7291 = EDGE_CURVE ( 'NONE', #5480, #2218, #3396, .T. ) ;
#7292 = LINE ( 'NONE', #3309, #9325 ) ;
#7293 = DIRECTION ( 'NONE',  ( 0.000000000000000000, 0.000000000000000000, 1.000000000000000000 ) ) ;
#7294 = VECTOR ( 'NONE', #1319, 1000.000000000000000 ) ;
#7295 = ORIENTED_EDGE ( 'NONE', *, *, #9696, .T. ) ;
#7296 = FACE_OUTER_BOUND ( 'NONE', #6812, .T. ) ;
#7297 = ORIENTED_EDGE ( 'NONE', *, *, #3698, .F. ) ;
#7298 = LINE ( 'NONE', #4250, #8801 ) ;
#7299 = ORIENTED_EDGE ( 'NONE', *, *, #8833, .F. ) ;
#7300 = VECTOR ( 'NONE', #6505, 1000.000000000000000 ) ;
#7301 = ADVANCED_FACE ( 'NONE', ( #4986 ), #2751, .T. ) ;
#7302 = LINE ( 'NONE', #1164, #5320 ) ;
#7303 = DIRECTION ( 'NONE',  ( 0.000000000000000000, 0.000000000000000000, 1.000000000000000000 ) ) ;
#7304 = ORIENTED_EDGE ( 'NONE', *, *, #7479, .F. ) ;
#7305 = CARTESIAN_POINT ( 'NONE',  ( 103.4901095901010422, -5.000000000000000000, 25.27079167095700640 ) ) ;
#7306 = DIRECTION ( 'NONE',  ( -0.000000000000000000, 1.000000000000000000, -0.000000000000000000 ) ) ;
#7307 = DIRECTION ( 'NONE',  ( 0.000000000000000000, 0.000000000000000000, 1.000000000000000000 ) ) ;
#7308 = EDGE_CURVE ( 'NONE', #9236, #9265, #6957, .T. ) ;
#7309 = FACE_OUTER_BOUND ( 'NONE', #2379, .T. ) ;
#7310 = DIRECTION ( 'NONE',  ( 0.000000000000000000, 0.000000000000000000, 1.000000000000000000 ) ) ;
#7311 = ORIENTED_EDGE ( 'NONE', *, *, #2206, .T. ) ;
#7312 = EDGE_CURVE ( 'NONE', #9528, #3419, #5733, .T. ) ;
#7313 = ORIENTED_EDGE ( 'NONE', *, *, #4911, .T. ) ;
#7314 = CARTESIAN_POINT ( 'NONE',  ( 9.607225939131495807, -5.000000000000000000, 25.27079167095700996 ) ) ;
#7315 = CYLINDRICAL_SURFACE ( 'NONE', #5288, 8.699999999995645439 ) ;
#7316 = CARTESIAN_POINT ( 'NONE',  ( -94.94465959999787685, -5.000000000000000000, 23.63822177457588225 ) ) ;
#7317 = ORIENTED_EDGE ( 'NONE', *, *, #4379, .T. ) ;
#7318 = ORIENTED_EDGE ( 'NONE', *, *, #6028, .F. ) ;
#7319 = DIRECTION ( 'NONE',  ( -0.000000000000000000, -1.000000000000000000, -0.000000000000000000 ) ) ;
#7320 = DIRECTION ( 'NONE',  ( -0.000000000000000000, 1.000000000000000000, -0.000000000000000000 ) ) ;
#7321 = EDGE_CURVE ( 'NONE', #1645, #3307, #7601, .T. ) ;
#7322 = VERTEX_POINT ( 'NONE', #7189 ) ;
#7323 = EDGE_CURVE ( 'NONE', #1762, #3442, #6442, .T. ) ;
#7324 = ADVANCED_FACE ( 'NONE', ( #3495 ), #5589, .T. ) ;
#7325 = DIRECTION ( 'NONE',  ( -0.000000000000000000, 1.000000000000000000, -0.000000000000000000 ) ) ;
#7326 = ORIENTED_EDGE ( 'NONE', *, *, #677, .F. ) ;
#7327 = CARTESIAN_POINT ( 'NONE',  ( 38.39599183538159366, 5.000000000000000000, 23.63822177457588225 ) ) ;
#7328 = CARTESIAN_POINT ( 'NONE',  ( 37.69911184307751739, 5.000000000000000000, 43.50000000000000000 ) ) ;
#7329 = ORIENTED_EDGE ( 'NONE', *, *, #5004, .F. ) ;
#7330 = ADVANCED_FACE ( 'NONE', ( #4245 ), #4899, .T. ) ;
#7331 = EDGE_LOOP ( 'NONE', ( #6017, #1074, #9193, #4124 ) ) ;
#7332 = CYLINDRICAL_SURFACE ( 'NONE', #4351, 8.699999999995648992 ) ;
#7333 = CARTESIAN_POINT ( 'NONE',  ( 47.82076979615096946, 5.000000000000000000, 23.63822177457588225 ) ) ;
#7334 = CARTESIAN_POINT ( 'NONE',  ( 117.1128445173131638, -5.000000000000000000, 23.63822177457588225 ) ) ;
#7335 = DIRECTION ( 'NONE',  ( -1.000000000000000000, 0.000000000000000000, 1.272130549049658700E-16 ) ) ;
#7336 = CYLINDRICAL_SURFACE ( 'NONE', #4943, 8.699999999995645439 ) ;
#7337 = DIRECTION ( 'NONE',  ( -0.000000000000000000, 1.000000000000000000, -0.000000000000000000 ) ) ;
#7338 = AXIS2_PLACEMENT_3D ( 'NONE', #4106, #4195, #368 ) ;
#7339 = ORIENTED_EDGE ( 'NONE', *, *, #5561, .F. ) ;
#7340 = DIRECTION ( 'NONE',  ( 0.000000000000000000, 0.000000000000000000, 1.000000000000000000 ) ) ;
#7341 = VERTEX_POINT ( 'NONE', #324 ) ;
#7342 = AXIS2_PLACEMENT_3D ( 'NONE', #4274, #6421, #4223 ) ;
#7343 = CARTESIAN_POINT ( 'NONE',  ( -143.5089553408281517, -5.000000000000000000, 20.24999999999999289 ) ) ;
#7344 = ORIENTED_EDGE ( 'NONE', *, *, #3956, .T. ) ;
#7345 = CARTESIAN_POINT ( 'NONE',  ( -146.0840583919253675, -5.000000000000000000, 43.50000000000000000 ) ) ;
#7346 = DIRECTION ( 'NONE',  ( -0.000000000000000000, 1.000000000000000000, -0.000000000000000000 ) ) ;
#7347 = ORIENTED_EDGE ( 'NONE', *, *, #2433, .T. ) ;
#7348 = DIRECTION ( 'NONE',  ( 0.000000000000000000, 0.000000000000000000, 1.000000000000000000 ) ) ;
#7349 = CARTESIAN_POINT ( 'NONE',  ( -150.0000000000000000, 5.000000000000000000, 20.24999999999999645 ) ) ;
#7350 = ADVANCED_FACE ( 'NONE', ( #8782 ), #5688, .T. ) ;
#7351 = DIRECTION ( 'NONE',  ( -0.000000000000000000, 1.000000000000000000, -0.000000000000000000 ) ) ;
#7352 = DIRECTION ( 'NONE',  ( 0.000000000000000000, 0.000000000000000000, 1.000000000000000000 ) ) ;
#7353 = ORIENTED_EDGE ( 'NONE', *, *, #6355, .F. ) ;
#7354 = DIRECTION ( 'NONE',  ( 0.000000000000000000, 0.000000000000000000, 1.000000000000000000 ) ) ;
#7355 = VERTEX_POINT ( 'NONE', #7907 ) ;
#7356 = DIRECTION ( 'NONE',  ( 1.000000000000000000, 0.000000000000000000, -1.272130549049658700E-16 ) ) ;
#7357 = DIRECTION ( 'NONE',  ( 0.000000000000000000, 0.000000000000000000, 1.000000000000000000 ) ) ;
#7358 = DIRECTION ( 'NONE',  ( 0.000000000000000000, 0.000000000000000000, 1.000000000000000000 ) ) ;
#7359 = AXIS2_PLACEMENT_3D ( 'NONE', #2048, #7370, #4173 ) ;
#7360 = ORIENTED_EDGE ( 'NONE', *, *, #4440, .T. ) ;
#7361 = ORIENTED_EDGE ( 'NONE', *, *, #6829, .T. ) ;
#7362 = ADVANCED_FACE ( 'NONE', ( #6542 ), #8739, .T. ) ;
#7363 = CARTESIAN_POINT ( 'NONE',  ( 160.0000000000000000, 5.000000000000000000, -39.89999999999999858 ) ) ;
#7364 = DIRECTION ( 'NONE',  ( 0.000000000000000000, 0.000000000000000000, 1.000000000000000000 ) ) ;
#7365 = ORIENTED_EDGE ( 'NONE', *, *, #9594, .F. ) ;
#7366 = VECTOR ( 'NONE', #9615, 1000.000000000000000 ) ;
#7367 = CARTESIAN_POINT ( 'NONE',  ( -150.0000000000000000, 5.000000000000000000, 20.24999999999999645 ) ) ;
#7368 = ORIENTED_EDGE ( 'NONE', *, *, #2719, .F. ) ;
#7369 = ADVANCED_FACE ( 'NONE', ( #4191 ), #4941, .T. ) ;
#7370 = DIRECTION ( 'NONE',  ( 0.000000000000000000, -1.000000000000000000, 0.000000000000000000 ) ) ;
#7371 = DIRECTION ( 'NONE',  ( 0.000000000000000000, 0.000000000000000000, 1.000000000000000000 ) ) ;
#7372 = AXIS2_PLACEMENT_3D ( 'NONE', #8483, #1657, #1758 ) ;
#7373 = EDGE_LOOP ( 'NONE', ( #2103, #7528, #2082, #9178 ) ) ;
#7374 = EDGE_CURVE ( 'NONE', #4213, #1495, #1226, .T. ) ;
#7375 = AXIS2_PLACEMENT_3D ( 'NONE', #2952, #4397, #2254 ) ;
#7376 = ORIENTED_EDGE ( 'NONE', *, *, #3308, .F. ) ;
#7377 = DIRECTION ( 'NONE',  ( 0.000000000000000000, 0.000000000000000000, 1.000000000000000000 ) ) ;
#7378 = AXIS2_PLACEMENT_3D ( 'NONE', #5486, #1006, #3303 ) ;
#7380 = AXIS2_PLACEMENT_3D ( 'NONE', #3927, #336, #8511 ) ;
#7379 = CARTESIAN_POINT ( 'NONE',  ( 24.25882489422752286, 5.000000000000000000, 23.63822177457588225 ) ) ;
#7381 = DIRECTION ( 'NONE',  ( 0.000000000000000000, 0.000000000000000000, 1.000000000000000000 ) ) ;
#7382 = CARTESIAN_POINT ( 'NONE',  ( 137.3561604234600679, 5.000000000000000000, 23.63822177457588225 ) ) ;
#7383 = CARTESIAN_POINT ( 'NONE',  ( -169.9999999999999716, -5.000000000000000000, 29.90000000000000213 ) ) ;
#7384 = EDGE_CURVE ( 'NONE', #5605, #8277, #281, .T. ) ;
#7385 = ORIENTED_EDGE ( 'NONE', *, *, #1294, .F. ) ;
#7386 = CIRCLE ( 'NONE', #4355, 19.87399999999006539 ) ;
#7387 = CIRCLE ( 'NONE', #2622, 8.699999999995648992 ) ;
#7388 = AXIS2_PLACEMENT_3D ( 'NONE', #963, #9286, #8688 ) ;
#7389 = LINE ( 'NONE', #61, #851 ) ;
#7390 = ORIENTED_EDGE ( 'NONE', *, *, #1371, .F. ) ;
#7391 = DIRECTION ( 'NONE',  ( 0.000000000000000000, 0.000000000000000000, 1.000000000000000000 ) ) ;
#7392 = ORIENTED_EDGE ( 'NONE', *, *, #1445, .T. ) ;
#7393 = DIRECTION ( 'NONE',  ( 0.000000000000000000, 0.000000000000000000, 1.000000000000000000 ) ) ;
#7394 = DIRECTION ( 'NONE',  ( -0.000000000000000000, 1.000000000000000000, -0.000000000000000000 ) ) ;
#7395 = ORIENTED_EDGE ( 'NONE', *, *, #2265, .F. ) ;
#7396 = AXIS2_PLACEMENT_3D ( 'NONE', #1728, #9444, #1021 ) ;
#7397 = DIRECTION ( 'NONE',  ( 0.000000000000000000, 0.000000000000000000, 1.000000000000000000 ) ) ;
#7399 = VECTOR ( 'NONE', #7306, 1000.000000000000000 ) ;
#7398 = CYLINDRICAL_SURFACE ( 'NONE', #5165, 19.87399999999006539 ) ;
#7400 = VECTOR ( 'NONE', #5333, 1000.000000000000000 ) ;
#7401 = LINE ( 'NONE', #4497, #1706 ) ;
#7402 = ADVANCED_FACE ( 'NONE', ( #2609 ), #8096, .T. ) ;
#7403 = CIRCLE ( 'NONE', #5173, 8.699999999995645439 ) ;
#7404 = FACE_OUTER_BOUND ( 'NONE', #4757, .T. ) ;
#7405 = CIRCLE ( 'NONE', #3107, 8.699999999995645439 ) ;
#7406 = AXIS2_PLACEMENT_3D ( 'NONE', #2477, #878, #3268 ) ;
#7407 = DIRECTION ( 'NONE',  ( -0.000000000000000000, -1.000000000000000000, -0.000000000000000000 ) ) ;
#7408 = ORIENTED_EDGE ( 'NONE', *, *, #6501, .F. ) ;
#7409 = DIRECTION ( 'NONE',  ( 0.000000000000000000, 0.000000000000000000, 1.000000000000000000 ) ) ;
#7410 = ORIENTED_EDGE ( 'NONE', *, *, #4743, .T. ) ;
#7411 = CARTESIAN_POINT ( 'NONE',  ( -66.67032571768974947, 5.000000000000000000, 23.63822177457588225 ) ) ;
#7412 = EDGE_CURVE ( 'NONE', #6251, #5806, #9393, .T. ) ;
#7413 = CARTESIAN_POINT ( 'NONE',  ( -150.0000000000000000, -5.000000000000000000, 20.24999999999999645 ) ) ;
#7414 = LINE ( 'NONE', #6665, #108 ) ;
#7415 = AXIS2_PLACEMENT_3D ( 'NONE', #3874, #7784, #103 ) ;
#7416 = ORIENTED_EDGE ( 'NONE', *, *, #4306, .F. ) ;
#7417 = AXIS2_PLACEMENT_3D ( 'NONE', #4268, #340, #2036 ) ;
#7418 = ORIENTED_EDGE ( 'NONE', *, *, #9038, .T. ) ;
#7419 = CARTESIAN_POINT ( 'NONE',  ( 74.70134369385095852, -5.000000000000000000, 23.63822177457588225 ) ) ;
#7420 = FACE_OUTER_BOUND ( 'NONE', #4254, .T. ) ;
#7421 = AXIS2_PLACEMENT_3D ( 'NONE', #1126, #4156, #9651 ) ;
#7422 = ORIENTED_EDGE ( 'NONE', *, *, #6854, .F. ) ;
#7423 = CIRCLE ( 'NONE', #9176, 8.699999999995648992 ) ;
#7424 = VECTOR ( 'NONE', #9844, 1000.000000000000000 ) ;
#7425 = CARTESIAN_POINT ( 'NONE',  ( -89.53539062730909848, -5.000000000000000000, 43.50000000000000000 ) ) ;
#7426 = VERTEX_POINT ( 'NONE', #1872 ) ;
#7427 = ADVANCED_FACE ( 'NONE', ( #7954 ), #560, .T. ) ;
#7428 = DIRECTION ( 'NONE',  ( 1.000000000000000000, 0.000000000000000000, 0.000000000000000000 ) ) ;
#7429 = DIRECTION ( 'NONE',  ( -0.000000000000000000, -1.000000000000000000, -0.000000000000000000 ) ) ;
#7430 = AXIS2_PLACEMENT_3D ( 'NONE', #1949, #501, #4933 ) ;
#7431 = EDGE_LOOP ( 'NONE', ( #5892, #5940, #3660, #9058 ) ) ;
#7432 = VECTOR ( 'NONE', #2816, 1000.000000000000000 ) ;
#7433 = EDGE_CURVE ( 'NONE', #7276, #293, #5839, .T. ) ;
#7434 = ORIENTED_EDGE ( 'NONE', *, *, #5275, .F. ) ;
#7435 = CARTESIAN_POINT ( 'NONE',  ( -61.07860876663885819, 5.000000000000000000, 25.27079167095700996 ) ) ;
#7436 = VECTOR ( 'NONE', #11, 1000.000000000000000 ) ;
#7437 = EDGE_CURVE ( 'NONE', #7480, #8342, #5088, .T. ) ;
#7438 = DIRECTION ( 'NONE',  ( 0.000000000000000000, 0.000000000000000000, 1.000000000000000000 ) ) ;
#7439 = CARTESIAN_POINT ( 'NONE',  ( -150.0000000000000000, 5.000000000000000000, 20.24999999999999645 ) ) ;
#7440 = CARTESIAN_POINT ( 'NONE',  ( -150.0000000000000000, -5.000000000000000000, 20.24999999999999645 ) ) ;
#7441 = DIRECTION ( 'NONE',  ( 0.000000000000000000, 0.000000000000000000, 1.000000000000000000 ) ) ;
#7442 = DIRECTION ( 'NONE',  ( 1.000000000000000000, 0.000000000000000000, -1.272130549049658700E-16 ) ) ;
#7443 = ORIENTED_EDGE ( 'NONE', *, *, #3723, .T. ) ;
#7444 = AXIS2_PLACEMENT_3D ( 'NONE', #5768, #5230, #5825 ) ;
#7445 = MANIFOLD_SOLID_BREP ( 'Fillet5', #5586 ) ;
#7446 = CARTESIAN_POINT ( 'NONE',  ( -16.27445287044153943, -5.000000000000000000, 20.24999999999999289 ) ) ;
#7447 = ORIENTED_EDGE ( 'NONE', *, *, #2632, .T. ) ;
#7448 = DIRECTION ( 'NONE',  ( -0.000000000000000000, 1.000000000000000000, -0.000000000000000000 ) ) ;
#7449 = EDGE_CURVE ( 'NONE', #9067, #3913, #3598, .T. ) ;
#7450 = EDGE_LOOP ( 'NONE', ( #8288, #2961, #9266, #5076 ) ) ;
#7451 = EDGE_CURVE ( 'NONE', #2169, #9508, #4408, .T. ) ;
#7452 = CARTESIAN_POINT ( 'NONE',  ( 170.0000000000000000, -5.000000000000000000, -50.00000000000000000 ) ) ;
#7453 = DIRECTION ( 'NONE',  ( -0.000000000000000000, -1.000000000000000000, -0.000000000000000000 ) ) ;
#7454 = EDGE_CURVE ( 'NONE', #8991, #202, #8185, .T. ) ;
#7455 = ORIENTED_EDGE ( 'NONE', *, *, #7136, .T. ) ;
#7456 = CIRCLE ( 'NONE', #4421, 1.599999999999990319 ) ;
#7457 = CARTESIAN_POINT ( 'NONE',  ( 99.14261656644060849, -5.000000000000000000, 25.27079167095700996 ) ) ;
#7458 = CYLINDRICAL_SURFACE ( 'NONE', #1866, 8.699999999995645439 ) ;
#7459 = DIRECTION ( 'NONE',  ( -0.000000000000000000, 1.000000000000000000, 0.000000000000000000 ) ) ;
#7460 = CIRCLE ( 'NONE', #3159, 8.699999999995645439 ) ;
#7461 = LINE ( 'NONE', #628, #1976 ) ;
#7462 = EDGE_CURVE ( 'NONE', #6896, #8087, #6643, .T. ) ;
#7463 = VERTEX_POINT ( 'NONE', #9682 ) ;
#7464 = CARTESIAN_POINT ( 'NONE',  ( 170.0000000000000000, 5.000000000000000000, 50.00000000000000000 ) ) ;
#7465 = ORIENTED_EDGE ( 'NONE', *, *, #2562, .T. ) ;
#7466 = LINE ( 'NONE', #3622, #1042 ) ;
#7467 = CARTESIAN_POINT ( 'NONE',  ( 94.06533162933166636, -5.000000000000000000, 25.27079167095700640 ) ) ;
#7468 = CARTESIAN_POINT ( 'NONE',  ( -103.8550055468252964, -5.000000000000000000, 25.27079167095700640 ) ) ;
#7469 = ORIENTED_EDGE ( 'NONE', *, *, #1227, .F. ) ;
#7470 = ORIENTED_EDGE ( 'NONE', *, *, #8907, .F. ) ;
#7471 = LINE ( 'NONE', #9065, #3827 ) ;
#7472 = LINE ( 'NONE', #5964, #1494 ) ;
#7473 = VERTEX_POINT ( 'NONE', #5884 ) ;
#7474 = DIRECTION ( 'NONE',  ( 0.000000000000000000, 0.000000000000000000, 1.000000000000000000 ) ) ;
#7475 = VERTEX_POINT ( 'NONE', #6036 ) ;
#7476 = CARTESIAN_POINT ( 'NONE',  ( 69.98895471346627062, 5.000000000000000000, 23.63822177457588225 ) ) ;
#7477 = DIRECTION ( 'NONE',  ( -0.000000000000000000, 1.000000000000000000, -0.000000000000000000 ) ) ;
#7478 = EDGE_LOOP ( 'NONE', ( #6197, #7385, #5616, #6953 ) ) ;
#7479 = EDGE_CURVE ( 'NONE', #1561, #7826, #7486, .T. ) ;
#7480 = VERTEX_POINT ( 'NONE', #2100 ) ;
#7481 = CARTESIAN_POINT ( 'NONE',  ( 129.3717883996740738, 5.000000000000000000, 20.24999999999996092 ) ) ;
#7482 = CARTESIAN_POINT ( 'NONE',  ( 101.0974545173659607, -5.000000000000000000, 20.24999999999999289 ) ) ;
#7483 = CARTESIAN_POINT ( 'NONE',  ( -10.12165795307345917, -5.000000000000000000, 23.63822177457588225 ) ) ;
#7484 = LINE ( 'NONE', #4288, #9777 ) ;
#7485 = ADVANCED_FACE ( 'NONE', ( #5135 ), #654, .T. ) ;
#7486 = LINE ( 'NONE', #3540, #6001 ) ;
#7487 = ORIENTED_EDGE ( 'NONE', *, *, #7744, .T. ) ;
#7488 = AXIS2_PLACEMENT_3D ( 'NONE', #7048, #2415, #282 ) ;
#7489 = ADVANCED_FACE ( 'NONE', ( #3741 ), #8979, .T. ) ;
#7490 = DIRECTION ( 'NONE',  ( 0.000000000000000000, 0.000000000000000000, 1.000000000000000000 ) ) ;
#7491 = ORIENTED_EDGE ( 'NONE', *, *, #7721, .F. ) ;
#7492 = CYLINDRICAL_SURFACE ( 'NONE', #8484, 8.699999999995645439 ) ;
#7493 = ORIENTED_EDGE ( 'NONE', *, *, #8346, .F. ) ;
#7494 = LINE ( 'NONE', #6042, #1991 ) ;
#7495 = DIRECTION ( 'NONE',  ( -1.000000000000000000, 0.000000000000000000, 1.272130549049658700E-16 ) ) ;
#7496 = CIRCLE ( 'NONE', #7338, 19.87399999999006539 ) ;
#7497 = EDGE_LOOP ( 'NONE', ( #212, #9312, #6296, #1726 ) ) ;
#7498 = ORIENTED_EDGE ( 'NONE', *, *, #3790, .F. ) ;
#7499 = ADVANCED_FACE ( 'NONE', ( #9727 ), #9081, .T. ) ;
#7500 = DIRECTION ( 'NONE',  ( 1.000000000000000000, 0.000000000000000000, -1.272130549049658700E-16 ) ) ;
#7501 = DIRECTION ( 'NONE',  ( 0.000000000000000000, 0.000000000000000000, 1.000000000000000000 ) ) ;
#7502 = ADVANCED_FACE ( 'NONE', ( #1259 ), #6591, .T. ) ;
#7503 = EDGE_CURVE ( 'NONE', #746, #174, #117, .T. ) ;
#7504 = CIRCLE ( 'NONE', #8771, 8.699999999995648992 ) ;
#7505 = CARTESIAN_POINT ( 'NONE',  ( -108.3849465488478643, -5.000000000000000000, 43.50000000000000000 ) ) ;
#7506 = CARTESIAN_POINT ( 'NONE',  ( 16.27445287044154654, 5.000000000000000000, 20.24999999999997513 ) ) ;
#7507 = ORIENTED_EDGE ( 'NONE', *, *, #8346, .T. ) ;
#7508 = FACE_BOUND ( 'NONE', #9361, .T. ) ;
#7509 = ORIENTED_EDGE ( 'NONE', *, *, #2508, .F. ) ;
#7510 = CARTESIAN_POINT ( 'NONE',  ( 35.12400879198030168, -5.000000000000000000, 20.24999999999999289 ) ) ;
#7511 = DIRECTION ( 'NONE',  ( 1.000000000000000000, 0.000000000000000000, -1.272130549049658700E-16 ) ) ;
#7512 = LINE ( 'NONE', #1384, #9168 ) ;
#7513 = VERTEX_POINT ( 'NONE', #6283 ) ;
#7514 = EDGE_CURVE ( 'NONE', #7220, #2093, #8713, .T. ) ;
#7515 = ORIENTED_EDGE ( 'NONE', *, *, #131, .F. ) ;
#7516 = DIRECTION ( 'NONE',  ( -0.000000000000000000, 1.000000000000000000, -0.000000000000000000 ) ) ;
#7517 = CARTESIAN_POINT ( 'NONE',  ( 14.13716694115406902, -5.000000000000000000, 43.50000000000000000 ) ) ;
#7518 = VERTEX_POINT ( 'NONE', #1503 ) ;
#7519 = DIRECTION ( 'NONE',  ( -0.000000000000000000, 1.000000000000000000, -0.000000000000000000 ) ) ;
#7520 = ORIENTED_EDGE ( 'NONE', *, *, #4939, .F. ) ;
#7521 = LINE ( 'NONE', #690, #3863 ) ;
#7522 = AXIS2_PLACEMENT_3D ( 'NONE', #6883, #2151, #6130 ) ;
#7523 = DIRECTION ( 'NONE',  ( -0.000000000000000000, -1.000000000000000000, -0.000000000000000000 ) ) ;
#7524 = DIRECTION ( 'NONE',  ( 0.000000000000000000, 0.000000000000000000, 1.000000000000000000 ) ) ;
#7525 = EDGE_CURVE ( 'NONE', #7540, #6109, #3614, .T. ) ;
#7526 = ORIENTED_EDGE ( 'NONE', *, *, #1343, .T. ) ;
#7527 = AXIS2_PLACEMENT_3D ( 'NONE', #6021, #2286, #5176 ) ;
#7528 = ORIENTED_EDGE ( 'NONE', *, *, #8175, .F. ) ;
#7529 = DIRECTION ( 'NONE',  ( -0.000000000000000000, 1.000000000000000000, -0.000000000000000000 ) ) ;
#7530 = CARTESIAN_POINT ( 'NONE',  ( 127.4169504487487359, -5.000000000000000000, 25.27079167095700996 ) ) ;
#7531 = CARTESIAN_POINT ( 'NONE',  ( 84.64055366856229057, 5.000000000000000000, 25.27079167095700640 ) ) ;
#7532 = DIRECTION ( 'NONE',  ( -0.000000000000000000, -1.000000000000000000, -0.000000000000000000 ) ) ;
#7533 = AXIS2_PLACEMENT_3D ( 'NONE', #765, #3803, #6847 ) ;
#7534 = ADVANCED_FACE ( 'NONE', ( #4630 ), #3195, .T. ) ;
#7535 = CIRCLE ( 'NONE', #5928, 8.699999999995645439 ) ;
#7536 = CARTESIAN_POINT ( 'NONE',  ( -44.54878675274967748, -5.000000000000000000, 20.24999999999999289 ) ) ;
#7537 = ORIENTED_EDGE ( 'NONE', *, *, #668, .T. ) ;
#7539 = CARTESIAN_POINT ( 'NONE',  ( -131.9468914507713180, -5.000000000000000000, 43.50000000000000000 ) ) ;
#7538 = CIRCLE ( 'NONE', #8808, 8.699999999995648992 ) ;
#7540 = VERTEX_POINT ( 'NONE', #8387 ) ;
#7541 = CIRCLE ( 'NONE', #8809, 8.699999999995645439 ) ;
#7542 = CARTESIAN_POINT ( 'NONE',  ( 18.66710794317663868, -5.000000000000000000, 25.27079167095700640 ) ) ;
#7543 = EDGE_LOOP ( 'NONE', ( #8170, #2184, #192, #8644 ) ) ;
#7544 = DIRECTION ( 'NONE',  ( -0.000000000000000000, -1.000000000000000000, -0.000000000000000000 ) ) ;
#7545 = CARTESIAN_POINT ( 'NONE',  ( 68.11073165467313117, -5.000000000000000000, 20.24999999999999289 ) ) ;
#7546 = ORIENTED_EDGE ( 'NONE', *, *, #6809, .T. ) ;
#7547 = ORIENTED_EDGE ( 'NONE', *, *, #1771, .F. ) ;
#7548 =( NAMED_UNIT ( * ) SI_UNIT ( $, .STERADIAN. ) SOLID_ANGLE_UNIT ( ) );
#7549 = DIRECTION ( 'NONE',  ( -0.000000000000000000, -1.000000000000000000, -0.000000000000000000 ) ) ;
#7550 = EDGE_CURVE ( 'NONE', #8460, #8534, #7688, .T. ) ;
#7551 = DIRECTION ( 'NONE',  ( -1.000000000000000000, 0.000000000000000000, 1.272130549049658700E-16 ) ) ;
#7552 = CIRCLE ( 'NONE', #8179, 8.699999999995645439 ) ;
#7553 = AXIS2_PLACEMENT_3D ( 'NONE', #3313, #7005, #9245 ) ;
#7554 = EDGE_CURVE ( 'NONE', #4476, #4658, #6638, .T. ) ;
#7555 = LINE ( 'NONE', #1423, #585 ) ;
#7556 = EDGE_CURVE ( 'NONE', #4321, #5267, #2511, .T. ) ;
#7557 = DIRECTION ( 'NONE',  ( 0.000000000000000000, 0.000000000000000000, 1.000000000000000000 ) ) ;
#7558 = AXIS2_PLACEMENT_3D ( 'NONE', #1220, #8701, #3403 ) ;
#7559 = EDGE_LOOP ( 'NONE', ( #834, #9364, #3899, #3317 ) ) ;
#7560 = CARTESIAN_POINT ( 'NONE',  ( -28.97121387461222497, -5.000000000000000000, 23.63822177457588225 ) ) ;
#7561 = VECTOR ( 'NONE', #4186, 1000.000000000000000 ) ;
#7562 = CARTESIAN_POINT ( 'NONE',  ( -150.0000000000000000, -5.000000000000000000, 20.24999999999999645 ) ) ;
#7563 = ORIENTED_EDGE ( 'NONE', *, *, #1112, .F. ) ;
#7564 = CARTESIAN_POINT ( 'NONE',  ( 82.68571571763693839, 5.000000000000000000, 20.24999999999999289 ) ) ;
#7565 = CARTESIAN_POINT ( 'NONE',  ( -16.71226999225129006, -5.000000000000000000, 20.24999999999999289 ) ) ;
#7566 = EDGE_CURVE ( 'NONE', #8556, #1504, #6992, .T. ) ;
#7567 = DIRECTION ( 'NONE',  ( -0.000000000000000000, 1.000000000000000000, -0.000000000000000000 ) ) ;
#7568 = ORIENTED_EDGE ( 'NONE', *, *, #7797, .T. ) ;
#7569 = AXIS2_PLACEMENT_3D ( 'NONE', #5344, #8989, #8394 ) ;
#7570 = ORIENTED_EDGE ( 'NONE', *, *, #8239, .F. ) ;
#7571 = AXIS2_PLACEMENT_3D ( 'NONE', #3552, #1369, #8993 ) ;
#7572 = CARTESIAN_POINT ( 'NONE',  ( 150.0000000000000000, -5.000000000000000000, 19.24999999999995737 ) ) ;
#7573 = CARTESIAN_POINT ( 'NONE',  ( 124.6593994192894002, -5.000000000000000000, 20.24999999999999289 ) ) ;
#7574 = ORIENTED_EDGE ( 'NONE', *, *, #8008, .F. ) ;
#7575 = CARTESIAN_POINT ( 'NONE',  ( -155.3263883743326232, -5.000000000000000000, 25.27079167095700996 ) ) ;
#7576 = ORIENTED_EDGE ( 'NONE', *, *, #5275, .T. ) ;
#7577 = EDGE_CURVE ( 'NONE', #3442, #3751, #6161, .T. ) ;
#7578 = AXIS2_PLACEMENT_3D ( 'NONE', #5531, #7739, #9330 ) ;
#7579 = AXIS2_PLACEMENT_3D ( 'NONE', #4795, #7905, #4046 ) ;
#7580 = LINE ( 'NONE', #3030, #9750 ) ;
#7581 = CIRCLE ( 'NONE', #7906, 8.699999999995648992 ) ;
#7582 = CARTESIAN_POINT ( 'NONE',  ( 23.37949692356133014, -5.000000000000000000, 25.27079167095700640 ) ) ;
#7583 = ORIENTED_EDGE ( 'NONE', *, *, #5701, .T. ) ;
#7584 = LINE ( 'NONE', #6179, #3784 ) ;
#7585 = VERTEX_POINT ( 'NONE', #3243 ) ;
#7586 = VECTOR ( 'NONE', #6319, 1000.000000000000000 ) ;
#7587 = AXIS2_PLACEMENT_3D ( 'NONE', #7468, #7567, #676 ) ;
#7588 = CIRCLE ( 'NONE', #9490, 8.699999999995648992 ) ;
#7589 = ORIENTED_EDGE ( 'NONE', *, *, #6710, .T. ) ;
#7590 = CARTESIAN_POINT ( 'NONE',  ( -115.2346214585200244, 5.000000000000000000, 20.24999999999999289 ) ) ;
#7591 = EDGE_CURVE ( 'NONE', #3545, #1147, #2978, .T. ) ;
#7592 = FACE_OUTER_BOUND ( 'NONE', #3449, .T. ) ;
#7593 = DIRECTION ( 'NONE',  ( -0.000000000000000000, 1.000000000000000000, -0.000000000000000000 ) ) ;
#7594 = DIRECTION ( 'NONE',  ( 0.000000000000000000, 0.000000000000000000, 1.000000000000000000 ) ) ;
#7595 = AXIS2_PLACEMENT_3D ( 'NONE', #4454, #6701, #721 ) ;
#7596 = VECTOR ( 'NONE', #6967, 1000.000000000000000 ) ;
#7597 = DIRECTION ( 'NONE',  ( 0.000000000000000000, 0.000000000000000000, 1.000000000000000000 ) ) ;
#7598 = ORIENTED_EDGE ( 'NONE', *, *, #4965, .F. ) ;
#7599 = CYLINDRICAL_SURFACE ( 'NONE', #9244, 19.87399999999006539 ) ;
#7600 = ORIENTED_EDGE ( 'NONE', *, *, #3085, .T. ) ;
#7601 = CIRCLE ( 'NONE', #9821, 8.699999999995648992 ) ;
#7602 = ADVANCED_FACE ( 'NONE', ( #2357 ), #5428, .T. ) ;
#7603 = LINE ( 'NONE', #1459, #8329 ) ;
#7604 = CARTESIAN_POINT ( 'NONE',  ( -23.74439288028557016, 5.000000000000000000, 25.27079167095700640 ) ) ;
#7605 = FACE_OUTER_BOUND ( 'NONE', #3979, .T. ) ;
#7606 = ORIENTED_EDGE ( 'NONE', *, *, #5430, .F. ) ;
#7607 = ORIENTED_EDGE ( 'NONE', *, *, #6468, .F. ) ;
#7608 = CYLINDRICAL_SURFACE ( 'NONE', #92, 19.87399999999006539 ) ;
#7609 = DIRECTION ( 'NONE',  ( -0.000000000000000000, 1.000000000000000000, -0.000000000000000000 ) ) ;
#7610 = AXIS2_PLACEMENT_3D ( 'NONE', #2891, #506, #4439 ) ;
#7611 = DIRECTION ( 'NONE',  ( -0.000000000000000000, -1.000000000000000000, -0.000000000000000000 ) ) ;
#7612 = EDGE_CURVE ( 'NONE', #8669, #69, #8331, .T. ) ;
#7613 = CARTESIAN_POINT ( 'NONE',  ( -118.5066045019213306, 5.000000000000000000, 23.63822177457588225 ) ) ;
#7614 = ORIENTED_EDGE ( 'NONE', *, *, #6574, .F. ) ;
#7615 = CIRCLE ( 'NONE', #3144, 1.599999999999962563 ) ;
#7616 = CARTESIAN_POINT ( 'NONE',  ( -108.5673945272099843, 5.000000000000000000, 25.27079167095700640 ) ) ;
#7617 = CARTESIAN_POINT ( 'NONE',  ( -98.96016858807848848, -5.000000000000000000, 43.50000000000000000 ) ) ;
#7618 = ORIENTED_EDGE ( 'NONE', *, *, #1755, .T. ) ;
#7619 = DIRECTION ( 'NONE',  ( 1.000000000000000000, 0.000000000000000000, -1.272130549049658700E-16 ) ) ;
#7620 = DIRECTION ( 'NONE',  ( -0.000000000000000000, -1.000000000000000000, -0.000000000000000000 ) ) ;
#7621 = EDGE_CURVE ( 'NONE', #1576, #3610, #3988, .T. ) ;
#7622 = CYLINDRICAL_SURFACE ( 'NONE', #7587, 8.699999999995648992 ) ;
#7623 = VERTEX_POINT ( 'NONE', #7742 ) ;
#7624 = ORIENTED_EDGE ( 'NONE', *, *, #2747, .F. ) ;
#7625 = VECTOR ( 'NONE', #7409, 1000.000000000000000 ) ;
#7626 = EDGE_CURVE ( 'NONE', #8512, #6214, #3797, .T. ) ;
#7627 = DIRECTION ( 'NONE',  ( -1.000000000000000000, 0.000000000000000000, 1.272130549049658700E-16 ) ) ;
#7628 = CYLINDRICAL_SURFACE ( 'NONE', #4673, 19.87399999999006539 ) ;
#7629 = ORIENTED_EDGE ( 'NONE', *, *, #1212, .T. ) ;
#7630 = ORIENTED_EDGE ( 'NONE', *, *, #7190, .F. ) ;
#7631 = AXIS2_PLACEMENT_3D ( 'NONE', #7695, #6803, #6998 ) ;
#7632 = LINE ( 'NONE', #2192, #6246 ) ;
#7633 = DIRECTION ( 'NONE',  ( 1.000000000000000000, 0.000000000000000000, -1.272130549049658700E-16 ) ) ;
#7634 = CARTESIAN_POINT ( 'NONE',  ( 170.0000000000000000, 5.000000000000000000, -60.00000000000000000 ) ) ;
#7635 = ORIENTED_EDGE ( 'NONE', *, *, #4434, .T. ) ;
#7636 = EDGE_CURVE ( 'NONE', #4835, #5286, #6842, .T. ) ;
#7637 = ADVANCED_FACE ( 'NONE', ( #8432 ), #956, .T. ) ;
#7638 = EDGE_CURVE ( 'NONE', #2366, #9774, #756, .T. ) ;
#7639 = VERTEX_POINT ( 'NONE', #402 ) ;
#7640 = DIRECTION ( 'NONE',  ( -0.000000000000000000, 1.000000000000000000, -0.000000000000000000 ) ) ;
#7641 = DIRECTION ( 'NONE',  ( 0.000000000000000000, 0.000000000000000000, 1.000000000000000000 ) ) ;
#7642 = CARTESIAN_POINT ( 'NONE',  ( 170.0000000000000000, -5.000000000000000000, 51.59999999999999432 ) ) ;
#7643 = DIRECTION ( 'NONE',  ( 0.000000000000000000, 0.000000000000000000, 1.000000000000000000 ) ) ;
#7644 = CARTESIAN_POINT ( 'NONE',  ( -150.0000000000000000, 5.000000000000000000, -24.99999999999996803 ) ) ;
#7645 = ORIENTED_EDGE ( 'NONE', *, *, #2951, .F. ) ;
#7646 = EDGE_CURVE ( 'NONE', #3229, #8077, #3936, .T. ) ;
#7647 = CARTESIAN_POINT ( 'NONE',  ( 89.53539062730909848, -5.000000000000000000, 43.50000000000000000 ) ) ;
#7648 = ORIENTED_EDGE ( 'NONE', *, *, #6395, .T. ) ;
#7649 = APPLICATION_CONTEXT ( 'automotive_design' ) ;
#7650 = DIRECTION ( 'NONE',  ( -0.000000000000000000, -1.000000000000000000, -0.000000000000000000 ) ) ;
#7651 = DIRECTION ( 'NONE',  ( 1.000000000000000000, 0.000000000000000000, -1.272130549049658700E-16 ) ) ;
#7652 = DIRECTION ( 'NONE',  ( 0.000000000000000000, 0.000000000000000000, 1.000000000000000000 ) ) ;
#7653 = EDGE_LOOP ( 'NONE', ( #7645, #4273, #8163, #5113 ) ) ;
#7654 = ORIENTED_EDGE ( 'NONE', *, *, #4036, .F. ) ;
#7655 = LINE ( 'NONE', #70, #7087 ) ;
#7656 = CARTESIAN_POINT ( 'NONE',  ( 27.57745389000405822, -5.000000000000000000, 23.63822177457588225 ) ) ;
#7657 = ADVANCED_FACE ( 'NONE', ( #6487 ), #453, .T. ) ;
#7658 = LINE ( 'NONE', #3260, #4455 ) ;
#7659 = CARTESIAN_POINT ( 'NONE',  ( 43.10838081576628156, 5.000000000000000000, 23.63822177457588225 ) ) ;
#7660 = EDGE_LOOP ( 'NONE', ( #9551, #1379, #1396, #4914 ) ) ;
#7661 = CARTESIAN_POINT ( 'NONE',  ( 190.0000000000000000, 5.000000000000000000, -51.59999999999996589 ) ) ;
#7662 = LINE ( 'NONE', #6053, #5689 ) ;
#7663 = ORIENTED_EDGE ( 'NONE', *, *, #8478, .T. ) ;
#7664 = CARTESIAN_POINT ( 'NONE',  ( 160.0000000000000000, 5.000000000000000000, -60.00000000000000000 ) ) ;
#7665 = LINE ( 'NONE', #9301, #8215 ) ;
#7666 = DIRECTION ( 'NONE',  ( 0.000000000000000000, 0.000000000000000000, 1.000000000000000000 ) ) ;
#7667 = EDGE_CURVE ( 'NONE', #6514, #2431, #7840, .T. ) ;
#7668 = ORIENTED_EDGE ( 'NONE', *, *, #4116, .T. ) ;
#7669 = AXIS2_PLACEMENT_3D ( 'NONE', #7003, #132, #3312 ) ;
#7670 = VERTEX_POINT ( 'NONE', #4133 ) ;
#7671 = ORIENTED_EDGE ( 'NONE', *, *, #998, .F. ) ;
#7672 = CARTESIAN_POINT ( 'NONE',  ( -23.56194490192344659, -5.000000000000000000, 43.50000000000000000 ) ) ;
#7673 = ORIENTED_EDGE ( 'NONE', *, *, #5550, .F. ) ;
#7674 = VECTOR ( 'NONE', #9724, 1000.000000000000000 ) ;
#7675 = ORIENTED_EDGE ( 'NONE', *, *, #155, .T. ) ;
#7676 = CARTESIAN_POINT ( 'NONE',  ( -132.1293394291334380, -5.000000000000000000, 25.27079167095700640 ) ) ;
#7677 = CARTESIAN_POINT ( 'NONE',  ( 200.0000000000000000, 5.000000000000000000, 39.89999999999999858 ) ) ;
#7678 = EDGE_CURVE ( 'NONE', #3488, #9171, #8872, .T. ) ;
#7679 = CARTESIAN_POINT ( 'NONE',  ( 102.9756775761591001, -5.000000000000000000, 23.63822177457588225 ) ) ;
#7680 = ORIENTED_EDGE ( 'NONE', *, *, #9451, .F. ) ;
#7681 = ORIENTED_EDGE ( 'NONE', *, *, #4453, .F. ) ;
#7682 = EDGE_CURVE ( 'NONE', #5705, #5325, #5677, .T. ) ;
#7683 = CYLINDRICAL_SURFACE ( 'NONE', #6747, 8.699999999995648992 ) ;
#7684 = CARTESIAN_POINT ( 'NONE',  ( 138.7965663604434496, -5.000000000000000000, 20.24999999999999289 ) ) ;
#7685 = FACE_OUTER_BOUND ( 'NONE', #877, .T. ) ;
#7686 = PLANE ( 'NONE',  #83 ) ;
#7687 = EDGE_CURVE ( 'NONE', #1180, #4483, #289, .T. ) ;
#7688 = LINE ( 'NONE', #8532, #593 ) ;
#7689 = EDGE_LOOP ( 'NONE', ( #3105, #7283, #4023, #3707 ) ) ;
#7690 = FACE_OUTER_BOUND ( 'NONE', #4017, .T. ) ;
#7691 = ORIENTED_EDGE ( 'NONE', *, *, #3585, .F. ) ;
#7692 = CARTESIAN_POINT ( 'NONE',  ( 190.0000000000000000, -5.000000000000000000, -50.00000000000000000 ) ) ;
#7693 = CIRCLE ( 'NONE', #6755, 10.00000000000000178 ) ;
#7694 = DIRECTION ( 'NONE',  ( 1.000000000000000000, 0.000000000000000000, -1.272130549049658700E-16 ) ) ;
#7695 = CARTESIAN_POINT ( 'NONE',  ( 52.01872676259370110, -5.000000000000000000, 25.27079167095700996 ) ) ;
#7696 = ORIENTED_EDGE ( 'NONE', *, *, #5594, .F. ) ;
#7697 = ORIENTED_EDGE ( 'NONE', *, *, #2381, .F. ) ;
#7698 = EDGE_CURVE ( 'NONE', #6071, #2849, #3298, .T. ) ;
#7699 = DIRECTION ( 'NONE',  ( -0.000000000000000000, -1.000000000000000000, -0.000000000000000000 ) ) ;
#7700 = CYLINDRICAL_SURFACE ( 'NONE', #2341, 8.699999999995648992 ) ;
#7701 = CIRCLE ( 'NONE', #4825, 8.699999999995648992 ) ;
#7702 = CYLINDRICAL_SURFACE ( 'NONE', #5732, 8.699999999995645439 ) ;
#7703 = DIRECTION ( 'NONE',  ( 0.000000000000000000, -1.000000000000000000, -0.000000000000000000 ) ) ;
#7704 = ORIENTED_EDGE ( 'NONE', *, *, #4261, .F. ) ;
#7705 = FACE_OUTER_BOUND ( 'NONE', #5017, .T. ) ;
#7706 = ORIENTED_EDGE ( 'NONE', *, *, #8414, .T. ) ;
#7707 = EDGE_CURVE ( 'NONE', #1849, #3267, #7128, .T. ) ;
#7708 = VECTOR ( 'NONE', #8914, 1000.000000000000000 ) ;
#7709 = DIRECTION ( 'NONE',  ( 0.000000000000000000, 0.000000000000000000, 1.000000000000000000 ) ) ;
#7710 = CARTESIAN_POINT ( 'NONE',  ( -85.51988163922850106, -5.000000000000000000, 23.63822177457588225 ) ) ;
#7711 = DIRECTION ( 'NONE',  ( 0.000000000000000000, 0.000000000000000000, 1.000000000000000000 ) ) ;
#7712 = ORIENTED_EDGE ( 'NONE', *, *, #5372, .T. ) ;
#7713 = ORIENTED_EDGE ( 'NONE', *, *, #1303, .T. ) ;
#7714 = AXIS2_PLACEMENT_3D ( 'NONE', #3961, #5553, #9399 ) ;
#7715 = CARTESIAN_POINT ( 'NONE',  ( -47.82076979615097656, 5.000000000000000000, 23.63822177457588225 ) ) ;
#7716 = CIRCLE ( 'NONE', #3409, 8.699999999995648992 ) ;
#7717 = EDGE_LOOP ( 'NONE', ( #5522, #4777, #8278, #5259 ) ) ;
#7718 = VECTOR ( 'NONE', #4493, 1000.000000000000000 ) ;
#7719 = DIRECTION ( 'NONE',  ( 0.000000000000000000, 0.000000000000000000, 1.000000000000000000 ) ) ;
#7720 = EDGE_LOOP ( 'NONE', ( #603, #768, #9785, #3026 ) ) ;
#7721 = EDGE_CURVE ( 'NONE', #9237, #1419, #5621, .T. ) ;
#7722 = VERTEX_POINT ( 'NONE', #8627 ) ;
#7723 = CARTESIAN_POINT ( 'NONE',  ( -30.84943693340536086, -5.000000000000000000, 20.24999999999999289 ) ) ;
#7724 = CARTESIAN_POINT ( 'NONE',  ( -2.137285929287469965, 5.000000000000000000, 20.24999999999999289 ) ) ;
#7725 = VECTOR ( 'NONE', #2516, 1000.000000000000000 ) ;
#7726 = CIRCLE ( 'NONE', #1861, 19.87399999999006539 ) ;
#7727 = ORIENTED_EDGE ( 'NONE', *, *, #7741, .F. ) ;
#7728 = AXIS2_PLACEMENT_3D ( 'NONE', #1451, #5238, #3683 ) ;
#7729 = DIRECTION ( 'NONE',  ( -0.000000000000000000, -1.000000000000000000, -0.000000000000000000 ) ) ;
#7730 = EDGE_LOOP ( 'NONE', ( #9248, #4780, #1660, #28 ) ) ;
#7731 = AXIS2_PLACEMENT_3D ( 'NONE', #2845, #3795, #8 ) ;
#7732 = ORIENTED_EDGE ( 'NONE', *, *, #4188, .F. ) ;
#7733 = VECTOR ( 'NONE', #793, 1000.000000000000000 ) ;
#7734 = EDGE_CURVE ( 'NONE', #5274, #5375, #3452, .T. ) ;
#7735 = CIRCLE ( 'NONE', #4702, 19.87399999999006539 ) ;
#7736 = CARTESIAN_POINT ( 'NONE',  ( 135.9624004388519154, -5.000000000000000000, 23.63822177457588225 ) ) ;
#7737 = VERTEX_POINT ( 'NONE', #9382 ) ;
#7738 = CARTESIAN_POINT ( 'NONE',  ( 119.9470104389047407, 5.000000000000000000, 20.24999999999996092 ) ) ;
#7739 = DIRECTION ( 'NONE',  ( -0.000000000000000000, -1.000000000000000000, -0.000000000000000000 ) ) ;
#7740 = CARTESIAN_POINT ( 'NONE',  ( 91.67267655659657066, -5.000000000000000000, 20.24999999999999289 ) ) ;
#7741 = EDGE_CURVE ( 'NONE', #1129, #6826, #6429, .T. ) ;
#7742 = CARTESIAN_POINT ( 'NONE',  ( 96.82288265879101630, 5.000000000000000000, 20.24999999999999289 ) ) ;
#7743 = CIRCLE ( 'NONE', #3122, 19.87399999999006539 ) ;
#7744 = EDGE_CURVE ( 'NONE', #97, #7171, #1799, .T. ) ;
#7745 = ORIENTED_EDGE ( 'NONE', *, *, #7269, .F. ) ;
#7746 = CIRCLE ( 'NONE', #265, 8.699999999995648992 ) ;
#7747 = VECTOR ( 'NONE', #5557, 1000.000000000000000 ) ;
#7748 = DIRECTION ( 'NONE',  ( 0.000000000000000000, 0.000000000000000000, 1.000000000000000000 ) ) ;
#7749 = EDGE_LOOP ( 'NONE', ( #7860, #8874, #9835, #6041 ) ) ;
#7750 = EDGE_CURVE ( 'NONE', #1495, #4998, #2041, .T. ) ;
#7751 = DIRECTION ( 'NONE',  ( -0.000000000000000000, -1.000000000000000000, -0.000000000000000000 ) ) ;
#7752 = VECTOR ( 'NONE', #4720, 1000.000000000000000 ) ;
#7753 = VECTOR ( 'NONE', #8651, 1000.000000000000000 ) ;
#7754 = DIRECTION ( 'NONE',  ( -1.000000000000000000, 0.000000000000000000, 1.272130549049658700E-16 ) ) ;
#7755 = DIRECTION ( 'NONE',  ( 0.000000000000000000, 0.000000000000000000, 1.000000000000000000 ) ) ;
#7756 = VECTOR ( 'NONE', #517, 1000.000000000000000 ) ;
#7757 = ORIENTED_EDGE ( 'NONE', *, *, #1688, .T. ) ;
#7758 = CARTESIAN_POINT ( 'NONE',  ( -150.0000000000000000, -5.000000000000000000, 20.24999999999999645 ) ) ;
#7759 = DIRECTION ( 'NONE',  ( 1.000000000000000000, 0.000000000000000000, -1.272130549049658700E-16 ) ) ;
#7760 = VECTOR ( 'NONE', #3162, 1000.000000000000000 ) ;
#7761 = EDGE_CURVE ( 'NONE', #5091, #646, #3619, .T. ) ;
#7762 = DIRECTION ( 'NONE',  ( -0.000000000000000000, -1.000000000000000000, -0.000000000000000000 ) ) ;
#7763 = ADVANCED_FACE ( 'NONE', ( #8582 ), #1195, .T. ) ;
#7764 = ADVANCED_FACE ( 'NONE', ( #4889 ), #1902, .T. ) ;
#7765 = CARTESIAN_POINT ( 'NONE',  ( 96.38506553698125856, 5.000000000000000000, 20.24999999999996447 ) ) ;
#7766 = VERTEX_POINT ( 'NONE', #1102 ) ;
#7767 = DIRECTION ( 'NONE',  ( 1.000000000000000000, 0.000000000000000000, -1.272130549049658700E-16 ) ) ;
#7768 = CARTESIAN_POINT ( 'NONE',  ( -119.9470104389047123, -5.000000000000000000, 20.24999999999999289 ) ) ;
#7769 = ORIENTED_EDGE ( 'NONE', *, *, #5119, .F. ) ;
#7770 = CARTESIAN_POINT ( 'NONE',  ( 13.95471896279195079, 5.000000000000000000, 25.27079167095700640 ) ) ;
#7771 = AXIS2_PLACEMENT_3D ( 'NONE', #5533, #2552, #6382 ) ;
#7772 = LINE ( 'NONE', #782, #2645 ) ;
#7773 = LINE ( 'NONE', #4608, #8696 ) ;
#7774 = VERTEX_POINT ( 'NONE', #352 ) ;
#7775 = EDGE_LOOP ( 'NONE', ( #7614, #9621, #4401, #9531 ) ) ;
#7776 = ADVANCED_FACE ( 'NONE', ( #3382 ), #8728, .T. ) ;
#7777 = DIRECTION ( 'NONE',  ( -1.000000000000000000, 0.000000000000000000, 1.272130549049658700E-16 ) ) ;
#7778 = AXIS2_PLACEMENT_3D ( 'NONE', #1857, #2651, #4090 ) ;
#7779 = ORIENTED_EDGE ( 'NONE', *, *, #2330, .T. ) ;
#7780 = DIRECTION ( 'NONE',  ( 0.000000000000000000, 0.000000000000000000, 1.000000000000000000 ) ) ;
#7781 = ORIENTED_EDGE ( 'NONE', *, *, #3993, .F. ) ;
#7782 = ORIENTED_EDGE ( 'NONE', *, *, #558, .T. ) ;
#7783 = DIRECTION ( 'NONE',  ( 0.000000000000000000, 0.000000000000000000, 1.000000000000000000 ) ) ;
#7784 = DIRECTION ( 'NONE',  ( -0.000000000000000000, -1.000000000000000000, 0.000000000000000000 ) ) ;
#7785 = CIRCLE ( 'NONE', #6499, 1.599999999999990319 ) ;
#7786 = ORIENTED_EDGE ( 'NONE', *, *, #2991, .F. ) ;
#7787 = VERTEX_POINT ( 'NONE', #9027 ) ;
#7788 = EDGE_LOOP ( 'NONE', ( #3715, #1182, #5377, #3394 ) ) ;
#7789 = CIRCLE ( 'NONE', #1250, 19.87399999999006539 ) ;
#7790 = FACE_OUTER_BOUND ( 'NONE', #9631, .T. ) ;
#7791 = EDGE_LOOP ( 'NONE', ( #8591, #9368, #8567, #532 ) ) ;
#7792 = DIRECTION ( 'NONE',  ( -0.000000000000000000, 1.000000000000000000, -0.000000000000000000 ) ) ;
#7793 = CARTESIAN_POINT ( 'NONE',  ( 139.2343834822532358, 5.000000000000000000, 20.24999999999999289 ) ) ;
#7794 = DIRECTION ( 'NONE',  ( -0.000000000000000000, 1.000000000000000000, -0.000000000000000000 ) ) ;
#7795 = DIRECTION ( 'NONE',  ( 0.000000000000000000, 0.000000000000000000, 1.000000000000000000 ) ) ;
#7796 = ORIENTED_EDGE ( 'NONE', *, *, #5790, .T. ) ;
#7797 = EDGE_CURVE ( 'NONE', #2212, #3294, #6575, .T. ) ;
#7798 = CARTESIAN_POINT ( 'NONE',  ( -75.39822368615503478, -5.000000000000000000, 43.50000000000000000 ) ) ;
#7799 = ORIENTED_EDGE ( 'NONE', *, *, #7130, .T. ) ;
#7800 = DIRECTION ( 'NONE',  ( 0.000000000000000000, 0.000000000000000000, 1.000000000000000000 ) ) ;
#7801 = ADVANCED_FACE ( 'NONE', ( #602 ), #9762, .T. ) ;
#7802 = DIRECTION ( 'NONE',  ( 0.000000000000000000, 0.000000000000000000, 1.000000000000000000 ) ) ;
#7803 = DIRECTION ( 'NONE',  ( 0.000000000000000000, 0.000000000000000000, 1.000000000000000000 ) ) ;
#7804 = ORIENTED_EDGE ( 'NONE', *, *, #4819, .F. ) ;
#7805 = CARTESIAN_POINT ( 'NONE',  ( -11.56206389005684798, -5.000000000000000000, 20.24999999999999289 ) ) ;
#7806 = CARTESIAN_POINT ( 'NONE',  ( -44.98660387455942811, -5.000000000000000000, 20.24999999999999289 ) ) ;
#7807 = EDGE_CURVE ( 'NONE', #2300, #270, #130, .T. ) ;
#7808 = CARTESIAN_POINT ( 'NONE',  ( 21.42465897263597796, -5.000000000000000000, 20.24999999999999289 ) ) ;
#7809 = CYLINDRICAL_SURFACE ( 'NONE', #4515, 19.87399999999006539 ) ;
#7810 = ORIENTED_EDGE ( 'NONE', *, *, #8310, .F. ) ;
#7811 = EDGE_CURVE ( 'NONE', #2849, #4778, #9516, .T. ) ;
#7812 = CARTESIAN_POINT ( 'NONE',  ( 155.3263883743326232, 5.000000000000000000, 25.27079167095700640 ) ) ;
#7813 = FACE_OUTER_BOUND ( 'NONE', #442, .T. ) ;
#7814 = VERTEX_POINT ( 'NONE', #3528 ) ;
#7815 = CARTESIAN_POINT ( 'NONE',  ( 190.0000000000000000, -5.000000000000000000, 51.59999999999996589 ) ) ;
#7816 = CARTESIAN_POINT ( 'NONE',  ( 98.96016858807848848, 5.000000000000000000, 43.50000000000000000 ) ) ;
#7817 = DIRECTION ( 'NONE',  ( -0.000000000000000000, -1.000000000000000000, -0.000000000000000000 ) ) ;
#7818 = EDGE_CURVE ( 'NONE', #7774, #6716, #2830, .T. ) ;
#7819 = EDGE_CURVE ( 'NONE', #5401, #7787, #8918, .T. ) ;
#7820 = ORIENTED_EDGE ( 'NONE', *, *, #5117, .F. ) ;
#7821 = ORIENTED_EDGE ( 'NONE', *, *, #1643, .F. ) ;
#7822 = DIRECTION ( 'NONE',  ( -0.000000000000000000, -1.000000000000000000, -0.000000000000000000 ) ) ;
#7823 = ORIENTED_EDGE ( 'NONE', *, *, #5978, .F. ) ;
#7824 = CARTESIAN_POINT ( 'NONE',  ( -150.0000000000000000, -5.000000000000000000, 20.24999999999999645 ) ) ;
#7825 = ORIENTED_EDGE ( 'NONE', *, *, #6943, .T. ) ;
#7826 = VERTEX_POINT ( 'NONE', #3676 ) ;
#7827 = DIRECTION ( 'NONE',  ( 0.000000000000000000, 0.000000000000000000, 1.000000000000000000 ) ) ;
#7828 = AXIS2_PLACEMENT_3D ( 'NONE', #4942, #3544, #9395 ) ;
#7829 = DIRECTION ( 'NONE',  ( 0.000000000000000000, 0.000000000000000000, 1.000000000000000000 ) ) ;
#7830 = EDGE_CURVE ( 'NONE', #1147, #919, #645, .T. ) ;
#7831 = VERTEX_POINT ( 'NONE', #1397 ) ;
#7832 = ORIENTED_EDGE ( 'NONE', *, *, #7025, .T. ) ;
#7833 = EDGE_LOOP ( 'NONE', ( #8635, #1568, #110, #40 ) ) ;
#7834 = CYLINDRICAL_SURFACE ( 'NONE', #2130, 19.87399999999006539 ) ;
#7835 = ORIENTED_EDGE ( 'NONE', *, *, #1961, .F. ) ;
#7836 = CARTESIAN_POINT ( 'NONE',  ( 190.0000000000000000, 5.000000000000000000, -50.00000000000000000 ) ) ;
#7837 = DIRECTION ( 'NONE',  ( -0.000000000000000000, 1.000000000000000000, -0.000000000000000000 ) ) ;
#7838 = DIRECTION ( 'NONE',  ( 0.000000000000000000, 0.000000000000000000, 1.000000000000000000 ) ) ;
#7839 = EDGE_CURVE ( 'NONE', #3433, #4859, #2935, .T. ) ;
#7840 = LINE ( 'NONE', #7281, #2032 ) ;
#7841 = EDGE_LOOP ( 'NONE', ( #4813, #8496, #6496, #5794 ) ) ;
#7842 = CARTESIAN_POINT ( 'NONE',  ( -61.95793673730504736, 5.000000000000000000, 23.63822177457588225 ) ) ;
#7843 = ORIENTED_EDGE ( 'NONE', *, *, #2256, .F. ) ;
#7844 = DIRECTION ( 'NONE',  ( 0.000000000000000000, 0.000000000000000000, 1.000000000000000000 ) ) ;
#7845 = EDGE_CURVE ( 'NONE', #8689, #200, #923, .T. ) ;
#7846 = DIRECTION ( 'NONE',  ( -0.000000000000000000, 1.000000000000000000, -0.000000000000000000 ) ) ;
#7847 = CARTESIAN_POINT ( 'NONE',  ( -28.27433388230813804, -5.000000000000000000, 43.50000000000000000 ) ) ;
#7848 = LINE ( 'NONE', #7951, #393 ) ;
#7849 = VERTEX_POINT ( 'NONE', #5973 ) ;
#7850 = CARTESIAN_POINT ( 'NONE',  ( -33.16917084105494240, -5.000000000000000000, 25.27079167095700640 ) ) ;
#7851 = AXIS2_PLACEMENT_3D ( 'NONE', #4830, #8579, #1646 ) ;
#7852 = DIRECTION ( 'NONE',  ( -1.272130549049658700E-16, 0.000000000000000000, -1.000000000000000000 ) ) ;
#7853 = CARTESIAN_POINT ( 'NONE',  ( -70.50338672740822688, 5.000000000000000000, 25.27079167095700996 ) ) ;
#7854 = AXIS2_PLACEMENT_3D ( 'NONE', #5271, #6874, #4521 ) ;
#7855 = FACE_OUTER_BOUND ( 'NONE', #942, .T. ) ;
#7856 = VERTEX_POINT ( 'NONE', #2197 ) ;
#7857 = ADVANCED_FACE ( 'NONE', ( #2142 ), #9716, .T. ) ;
#7858 = CARTESIAN_POINT ( 'NONE',  ( -141.3716694115406938, 5.000000000000000000, 43.50000000000000000 ) ) ;
#7859 = DIRECTION ( 'NONE',  ( 1.000000000000000000, 0.000000000000000000, -1.272130549049658700E-16 ) ) ;
#7860 = ORIENTED_EDGE ( 'NONE', *, *, #8018, .F. ) ;
#7861 = DIRECTION ( 'NONE',  ( -1.272130549049658700E-16, 0.000000000000000000, -1.000000000000000000 ) ) ;
#7862 = CARTESIAN_POINT ( 'NONE',  ( -70.86828268413246690, -5.000000000000000000, 25.27079167095700640 ) ) ;
#7863 = CARTESIAN_POINT ( 'NONE',  ( 101.5352716391757042, -5.000000000000000000, 20.24999999999999289 ) ) ;
#7864 = AXIS2_PLACEMENT_3D ( 'NONE', #3992, #3199, #6141 ) ;
#7865 = AXIS2_PLACEMENT_3D ( 'NONE', #269, #2084, #5869 ) ;
#7866 = EDGE_LOOP ( 'NONE', ( #3209, #1356, #4651, #856 ) ) ;
#7867 = ORIENTED_EDGE ( 'NONE', *, *, #4937, .F. ) ;
#7868 = ADVANCED_FACE ( 'NONE', ( #1443 ), #1248, .T. ) ;
#7869 = DIRECTION ( 'NONE',  ( -0.000000000000000000, -1.000000000000000000, -0.000000000000000000 ) ) ;
#7870 = VERTEX_POINT ( 'NONE', #8086 ) ;
#7871 = CARTESIAN_POINT ( 'NONE',  ( 170.0000000000000000, -5.000000000000000000, -50.00000000000000000 ) ) ;
#7872 = AXIS2_PLACEMENT_3D ( 'NONE', #6881, #4625, #845 ) ;
#7873 = EDGE_LOOP ( 'NONE', ( #547, #6039, #6066, #2147 ) ) ;
#7874 = EDGE_CURVE ( 'NONE', #8321, #7513, #7615, .T. ) ;
#7875 = AXIS2_PLACEMENT_3D ( 'NONE', #7517, #1540, #4570 ) ;
#7876 = ORIENTED_EDGE ( 'NONE', *, *, #3993, .T. ) ;
#7877 = DIRECTION ( 'NONE',  ( -0.000000000000000000, 1.000000000000000000, -0.000000000000000000 ) ) ;
#7878 = DIRECTION ( 'NONE',  ( -0.000000000000000000, 1.000000000000000000, -0.000000000000000000 ) ) ;
#7879 = ORIENTED_EDGE ( 'NONE', *, *, #6843, .T. ) ;
#7880 = AXIS2_PLACEMENT_3D ( 'NONE', #2292, #1599, #1644 ) ;
#7881 = VERTEX_POINT ( 'NONE', #5123 ) ;
#7882 = AXIS2_PLACEMENT_3D ( 'NONE', #4141, #8736, #5631 ) ;
#7883 = EDGE_CURVE ( 'NONE', #2106, #2300, #6334, .T. ) ;
#7884 = ORIENTED_EDGE ( 'NONE', *, *, #2333, .T. ) ;
#7885 = EDGE_CURVE ( 'NONE', #9598, #151, #1291, .T. ) ;
#7886 = DIRECTION ( 'NONE',  ( -0.000000000000000000, -1.000000000000000000, -0.000000000000000000 ) ) ;
#7887 = EDGE_LOOP ( 'NONE', ( #864, #2235, #2425, #7546 ) ) ;
#7888 = CIRCLE ( 'NONE', #1505, 8.699999999995648992 ) ;
#7889 = CARTESIAN_POINT ( 'NONE',  ( -61.07860876663885819, -5.000000000000000000, 25.27079167095700996 ) ) ;
#7890 = DIRECTION ( 'NONE',  ( -0.000000000000000000, 1.000000000000000000, -0.000000000000000000 ) ) ;
#7891 = DIRECTION ( 'NONE',  ( 0.000000000000000000, 0.000000000000000000, 1.000000000000000000 ) ) ;
#7892 = ORIENTED_EDGE ( 'NONE', *, *, #6176, .F. ) ;
#7893 = AXIS2_PLACEMENT_3D ( 'NONE', #409, #8735, #3447 ) ;
#7894 = AXIS2_PLACEMENT_3D ( 'NONE', #1013, #4847, #9489 ) ;
#7895 = ADVANCED_FACE ( 'NONE', ( #3582 ), #6631, .T. ) ;
#7896 = DIRECTION ( 'NONE',  ( -0.000000000000000000, -1.000000000000000000, 0.000000000000000000 ) ) ;
#7897 = ORIENTED_EDGE ( 'NONE', *, *, #280, .T. ) ;
#7898 = DIRECTION ( 'NONE',  ( 0.000000000000000000, 0.000000000000000000, 1.000000000000000000 ) ) ;
#7899 = CARTESIAN_POINT ( 'NONE',  ( 2.575103051097219709, 5.000000000000000000, 20.24999999999999289 ) ) ;
#7900 = CARTESIAN_POINT ( 'NONE',  ( -150.0000000000000000, 5.000000000000000000, 20.24999999999999645 ) ) ;
#7901 = CARTESIAN_POINT ( 'NONE',  ( 11.99988101186659861, -5.000000000000000000, 20.24999999999999289 ) ) ;
#7902 = ORIENTED_EDGE ( 'NONE', *, *, #5538, .T. ) ;
#7903 = CIRCLE ( 'NONE', #4699, 8.699999999995648992 ) ;
#7905 = DIRECTION ( 'NONE',  ( -0.000000000000000000, 1.000000000000000000, -0.000000000000000000 ) ) ;
#7904 = CIRCLE ( 'NONE', #2957, 19.87399999999006539 ) ;
#7906 = AXIS2_PLACEMENT_3D ( 'NONE', #7770, #6160, #5359 ) ;
#7907 = CARTESIAN_POINT ( 'NONE',  ( -91.67267655659657066, -5.000000000000000000, 20.24999999999999289 ) ) ;
#7908 = VECTOR ( 'NONE', #7890, 1000.000000000000000 ) ;
#7909 = LINE ( 'NONE', #8641, #8615 ) ;
#7910 = AXIS2_PLACEMENT_3D ( 'NONE', #5508, #1733, #8503 ) ;
#7911 = VECTOR ( 'NONE', #2826, 1000.000000000000000 ) ;
#7912 = DIRECTION ( 'NONE',  ( -1.000000000000000000, 0.000000000000000000, 1.272130549049658700E-16 ) ) ;
#7913 = ORIENTED_EDGE ( 'NONE', *, *, #4261, .T. ) ;
#7914 = CARTESIAN_POINT ( 'NONE',  ( 57.24554775692035236, -5.000000000000000000, 23.63822177457588225 ) ) ;
#7915 = LINE ( 'NONE', #2670, #6182 ) ;
#7916 = ORIENTED_EDGE ( 'NONE', *, *, #1399, .F. ) ;
#7917 = CARTESIAN_POINT ( 'NONE',  ( 140.6747894192366175, 5.000000000000000000, 23.63822177457588225 ) ) ;
#7918 = DIRECTION ( 'NONE',  ( -0.000000000000000000, 1.000000000000000000, -0.000000000000000000 ) ) ;
#7919 = DIRECTION ( 'NONE',  ( -0.000000000000000000, 1.000000000000000000, -0.000000000000000000 ) ) ;
#7920 = VECTOR ( 'NONE', #8180, 1000.000000000000000 ) ;
#7921 = CIRCLE ( 'NONE', #3603, 8.699999999995645439 ) ;
#7922 = ADVANCED_FACE ( 'NONE', ( #4431 ), #2989, .T. ) ;
#7923 = DIRECTION ( 'NONE',  ( 0.000000000000000000, 1.000000000000000000, 0.000000000000000000 ) ) ;
#7924 = DIRECTION ( 'NONE',  ( 0.000000000000000000, 0.000000000000000000, 1.000000000000000000 ) ) ;
#7925 = ORIENTED_EDGE ( 'NONE', *, *, #2188, .T. ) ;
#7926 = AXIS2_PLACEMENT_3D ( 'NONE', #6939, #9333, #6133 ) ;
#7927 = VERTEX_POINT ( 'NONE', #7634 ) ;
#7928 = EDGE_CURVE ( 'NONE', #5563, #6343, #6928, .T. ) ;
#7929 = FACE_OUTER_BOUND ( 'NONE', #1218, .T. ) ;
#7930 = CARTESIAN_POINT ( 'NONE',  ( -123.2189934823060184, 5.000000000000000000, 23.63822177457588225 ) ) ;
#7931 = ORIENTED_EDGE ( 'NONE', *, *, #1675, .F. ) ;
#7932 = ORIENTED_EDGE ( 'NONE', *, *, #4266, .F. ) ;
#7933 = AXIS2_PLACEMENT_3D ( 'NONE', #5900, #6704, #4503 ) ;
#7934 = EDGE_CURVE ( 'NONE', #5034, #8856, #8404, .T. ) ;
#7935 = DIRECTION ( 'NONE',  ( -0.000000000000000000, -1.000000000000000000, -0.000000000000000000 ) ) ;
#7936 = ORIENTED_EDGE ( 'NONE', *, *, #3684, .F. ) ;
#7937 = CARTESIAN_POINT ( 'NONE',  ( 33.16917084105494240, 5.000000000000000000, 25.27079167095700996 ) ) ;
#7938 = ORIENTED_EDGE ( 'NONE', *, *, #4928, .T. ) ;
#7939 = AXIS2_PLACEMENT_3D ( 'NONE', #5356, #2374, #4650 ) ;
#7940 = CARTESIAN_POINT ( 'NONE',  ( 16.27445287044153943, -5.000000000000000000, 20.24999999999999289 ) ) ;
#7941 = CARTESIAN_POINT ( 'NONE',  ( 160.0000000000000000, 5.000000000000000000, -49.99999999999999289 ) ) ;
#7942 = CARTESIAN_POINT ( 'NONE',  ( 124.6593994192894002, -5.000000000000000000, 20.24999999999999289 ) ) ;
#7943 = EDGE_CURVE ( 'NONE', #97, #1811, #795, .T. ) ;
#7944 = ORIENTED_EDGE ( 'NONE', *, *, #7830, .T. ) ;
#7945 = EDGE_CURVE ( 'NONE', #949, #2510, #3138, .T. ) ;
#7946 = VECTOR ( 'NONE', #7196, 1000.000000000000000 ) ;
#7947 = ORIENTED_EDGE ( 'NONE', *, *, #10, .T. ) ;
#7948 = DIRECTION ( 'NONE',  ( -0.000000000000000000, 1.000000000000000000, -0.000000000000000000 ) ) ;
#7949 = FACE_OUTER_BOUND ( 'NONE', #8829, .T. ) ;
#7950 = DIRECTION ( 'NONE',  ( 0.000000000000000000, 0.000000000000000000, 1.000000000000000000 ) ) ;
#7951 = CARTESIAN_POINT ( 'NONE',  ( -8.727897968465303080, -5.000000000000000000, 23.63822177457588225 ) ) ;
#7952 = FACE_OUTER_BOUND ( 'NONE', #2064, .T. ) ;
#7953 = DIRECTION ( 'NONE',  ( -1.000000000000000000, 0.000000000000000000, 1.272130549049658700E-16 ) ) ;
#7954 = FACE_OUTER_BOUND ( 'NONE', #8971, .T. ) ;
#7955 = ADVANCED_FACE ( 'NONE', ( #9819 ), #2241, .T. ) ;
#7956 = DIRECTION ( 'NONE',  ( -0.000000000000000000, 1.000000000000000000, -0.000000000000000000 ) ) ;
#7957 = LINE ( 'NONE', #1115, #9755 ) ;
#7958 = VERTEX_POINT ( 'NONE', #6834 ) ;
#7959 = CARTESIAN_POINT ( 'NONE',  ( -35.12400879198030168, -5.000000000000000000, 20.24999999999999289 ) ) ;
#7960 = DIRECTION ( 'NONE',  ( 1.000000000000000000, 0.000000000000000000, -1.272130549049658700E-16 ) ) ;
#7961 = ORIENTED_EDGE ( 'NONE', *, *, #181, .T. ) ;
#7962 = CARTESIAN_POINT ( 'NONE',  ( -150.0000000000000000, 5.000000000000000000, 20.24999999999999645 ) ) ;
#7963 = DIRECTION ( 'NONE',  ( 0.000000000000000000, 0.000000000000000000, 1.000000000000000000 ) ) ;
#7964 = FACE_OUTER_BOUND ( 'NONE', #5555, .T. ) ;
#7965 = EDGE_CURVE ( 'NONE', #6897, #8342, #7584, .T. ) ;
#7966 = CARTESIAN_POINT ( 'NONE',  ( -124.6593994192894002, -5.000000000000000000, 20.24999999999999289 ) ) ;
#7967 = LINE ( 'NONE', #1127, #8027 ) ;
#7968 = ORIENTED_EDGE ( 'NONE', *, *, #5101, .F. ) ;
#7969 = VERTEX_POINT ( 'NONE', #7679 ) ;
#7970 = EDGE_CURVE ( 'NONE', #8087, #7105, #9363, .T. ) ;
#7971 = FACE_OUTER_BOUND ( 'NONE', #9203, .T. ) ;
#7972 = DIRECTION ( 'NONE',  ( 0.000000000000000000, 0.000000000000000000, 1.000000000000000000 ) ) ;
#7973 = VERTEX_POINT ( 'NONE', #3830 ) ;
#7974 = ORIENTED_EDGE ( 'NONE', *, *, #9218, .F. ) ;
#7975 = DIRECTION ( 'NONE',  ( 0.000000000000000000, 0.000000000000000000, 1.000000000000000000 ) ) ;
#7976 = ORIENTED_EDGE ( 'NONE', *, *, #3657, .T. ) ;
#7977 = CARTESIAN_POINT ( 'NONE',  ( 101.0974545173659891, 5.000000000000000000, 20.24999999999996447 ) ) ;
#7978 = ORIENTED_EDGE ( 'NONE', *, *, #362, .T. ) ;
#7979 = ADVANCED_FACE ( 'NONE', ( #8376 ), #840, .T. ) ;
#7980 = DIRECTION ( 'NONE',  ( 0.000000000000000000, 0.000000000000000000, 1.000000000000000000 ) ) ;
#7981 = CARTESIAN_POINT ( 'NONE',  ( -122.7045614683640622, 5.000000000000000000, 25.27079167095700640 ) ) ;
#7982 = CARTESIAN_POINT ( 'NONE',  ( -80.29306064490184269, -5.000000000000000000, 25.27079167095700640 ) ) ;
#7983 = ORIENTED_EDGE ( 'NONE', *, *, #7928, .F. ) ;
#7984 = EDGE_CURVE ( 'NONE', #9003, #873, #3875, .T. ) ;
#7985 = ORIENTED_EDGE ( 'NONE', *, *, #2657, .T. ) ;
#7986 = DIRECTION ( 'NONE',  ( -0.000000000000000000, 1.000000000000000000, -0.000000000000000000 ) ) ;
#7987 = EDGE_CURVE ( 'NONE', #6782, #4282, #9117, .T. ) ;
#7988 = CARTESIAN_POINT ( 'NONE',  ( 117.1128445173131638, -5.000000000000000000, 23.63822177457588225 ) ) ;
#7989 = DIRECTION ( 'NONE',  ( -0.000000000000000000, 1.000000000000000000, -0.000000000000000000 ) ) ;
#7990 = CARTESIAN_POINT ( 'NONE',  ( -80.29306064490184269, 5.000000000000000000, 25.27079167095700640 ) ) ;
#7991 = DIRECTION ( 'NONE',  ( -0.000000000000000000, 1.000000000000000000, -0.000000000000000000 ) ) ;
#7992 = DIRECTION ( 'NONE',  ( -0.000000000000000000, -1.000000000000000000, -0.000000000000000000 ) ) ;
#7993 = CARTESIAN_POINT ( 'NONE',  ( -150.0000000000000000, -5.000000000000000000, 20.24999999999999645 ) ) ;
#7994 = CARTESIAN_POINT ( 'NONE',  ( 155.3263883743326232, -5.000000000000000000, 25.27079167095700640 ) ) ;
#7995 = CARTESIAN_POINT ( 'NONE',  ( -11.56206389005684798, 5.000000000000000000, 20.24999999999999289 ) ) ;
#7996 = EDGE_CURVE ( 'NONE', #2699, #243, #1079, .T. ) ;
#7997 = ORIENTED_EDGE ( 'NONE', *, *, #4393, .F. ) ;
#7998 = AXIS2_PLACEMENT_3D ( 'NONE', #4534, #2887, #1449 ) ;
#7999 = DIRECTION ( 'NONE',  ( 0.000000000000000000, 0.000000000000000000, 1.000000000000000000 ) ) ;
#8000 = CARTESIAN_POINT ( 'NONE',  ( -150.0000000000000000, 5.000000000000000000, 20.24999999999999645 ) ) ;
#8001 = ORIENTED_EDGE ( 'NONE', *, *, #2227, .F. ) ;
#8002 = DIRECTION ( 'NONE',  ( 0.000000000000000000, 0.000000000000000000, 1.000000000000000000 ) ) ;
#8003 = CARTESIAN_POINT ( 'NONE',  ( -110.5222324781353365, -5.000000000000000000, 20.24999999999999289 ) ) ;
#8004 = DIRECTION ( 'NONE',  ( 0.000000000000000000, -1.000000000000000000, 0.000000000000000000 ) ) ;
#8005 = CIRCLE ( 'NONE', #1954, 8.699999999995645439 ) ;
#8006 = CARTESIAN_POINT ( 'NONE',  ( -98.26328859577442643, -5.000000000000000000, 23.63822177457588225 ) ) ;
#8007 = CARTESIAN_POINT ( 'NONE',  ( -149.0000000000000000, 5.000000000000000000, 19.24999999999999645 ) ) ;
#8008 = EDGE_CURVE ( 'NONE', #4282, #8230, #4105, .T. ) ;
#8009 = ORIENTED_EDGE ( 'NONE', *, *, #1343, .F. ) ;
#8010 = ORIENTED_EDGE ( 'NONE', *, *, #6765, .F. ) ;
#8011 = CARTESIAN_POINT ( 'NONE',  ( 77.53550961544250697, 5.000000000000000000, 20.24999999999996803 ) ) ;
#8012 = PLANE ( 'NONE',  #364 ) ;
#8013 = CIRCLE ( 'NONE', #3701, 1.000000000000000888 ) ;
#8014 = CARTESIAN_POINT ( 'NONE',  ( 23.74439288028556660, -5.000000000000000000, 25.27079167095700996 ) ) ;
#8015 = ORIENTED_EDGE ( 'NONE', *, *, #978, .F. ) ;
#8016 = ORIENTED_EDGE ( 'NONE', *, *, #6028, .T. ) ;
#8017 = AXIS2_PLACEMENT_3D ( 'NONE', #6435, #9481, #2700 ) ;
#8018 = EDGE_CURVE ( 'NONE', #2630, #3991, #3934, .T. ) ;
#8019 = CIRCLE ( 'NONE', #8658, 8.699999999995648992 ) ;
#8020 = DIRECTION ( 'NONE',  ( 0.000000000000000000, 0.000000000000000000, 1.000000000000000000 ) ) ;
#8021 = ORIENTED_EDGE ( 'NONE', *, *, #7818, .T. ) ;
#8022 = CARTESIAN_POINT ( 'NONE',  ( 85.00544962528653059, -5.000000000000000000, 25.27079167095700996 ) ) ;
#8023 = ORIENTED_EDGE ( 'NONE', *, *, #1948, .T. ) ;
#8024 = DIRECTION ( 'NONE',  ( -0.000000000000000000, -1.000000000000000000, -0.000000000000000000 ) ) ;
#8025 = LINE ( 'NONE', #7222, #9648 ) ;
#8026 = AXIS2_PLACEMENT_3D ( 'NONE', #7367, #3721, #8962 ) ;
#8027 = VECTOR ( 'NONE', #3417, 1000.000000000000000 ) ;
#8028 = DIRECTION ( 'NONE',  ( -0.000000000000000000, 1.000000000000000000, -0.000000000000000000 ) ) ;
#8029 = ORIENTED_EDGE ( 'NONE', *, *, #6244, .F. ) ;
#8030 = EDGE_CURVE ( 'NONE', #6383, #5605, #2521, .T. ) ;
#8031 = AXIS2_PLACEMENT_3D ( 'NONE', #7575, #745, #8497 ) ;
#8032 = ORIENTED_EDGE ( 'NONE', *, *, #9158, .F. ) ;
#8033 = VECTOR ( 'NONE', #1306, 1000.000000000000000 ) ;
#8034 = CIRCLE ( 'NONE', #7882, 8.699999999995648992 ) ;
#8035 = LINE ( 'NONE', #317, #8656 ) ;
#8036 = CARTESIAN_POINT ( 'NONE',  ( 119.9470104389047123, -5.000000000000000000, 20.24999999999999289 ) ) ;
#8037 = DIRECTION ( 'NONE',  ( 0.000000000000000000, 0.000000000000000000, 1.000000000000000000 ) ) ;
#8038 = CARTESIAN_POINT ( 'NONE',  ( -139.2343834822532358, 5.000000000000000000, 20.24999999999999289 ) ) ;
#8039 = VERTEX_POINT ( 'NONE', #4359 ) ;
#8040 = EDGE_CURVE ( 'NONE', #8722, #251, #9833, .T. ) ;
#8041 = CARTESIAN_POINT ( 'NONE',  ( 107.6880665565437880, 5.000000000000000000, 23.63822177457588225 ) ) ;
#8042 = CARTESIAN_POINT ( 'NONE',  ( 65.97344572538565899, -5.000000000000000000, 43.50000000000000000 ) ) ;
#8043 = VECTOR ( 'NONE', #8486, 1000.000000000000000 ) ;
#8044 = ORIENTED_EDGE ( 'NONE', *, *, #6770, .F. ) ;
#8045 = AXIS2_PLACEMENT_3D ( 'NONE', #6898, #1571, #865 ) ;
#8046 = AXIS2_PLACEMENT_3D ( 'NONE', #2355, #9228, #2399 ) ;
#8047 = ADVANCED_FACE ( 'NONE', ( #1378 ), #1427, .T. ) ;
#8048 = FACE_OUTER_BOUND ( 'NONE', #8196, .T. ) ;
#8049 = VERTEX_POINT ( 'NONE', #5212 ) ;
#8050 = LINE ( 'NONE', #511, #3543 ) ;
#8051 = VECTOR ( 'NONE', #2097, 1000.000000000000000 ) ;
#8052 = VERTEX_POINT ( 'NONE', #9655 ) ;
#8053 = DIRECTION ( 'NONE',  ( 1.000000000000000000, 0.000000000000000000, -1.272130549049658700E-16 ) ) ;
#8054 = DIRECTION ( 'NONE',  ( -1.272130549049658700E-16, 0.000000000000000000, -1.000000000000000000 ) ) ;
#8055 = AXIS2_PLACEMENT_3D ( 'NONE', #7159, #1880, #7198 ) ;
#8056 = ORIENTED_EDGE ( 'NONE', *, *, #2719, .T. ) ;
#8057 = CARTESIAN_POINT ( 'NONE',  ( 75.39822368615503478, 5.000000000000000000, 43.50000000000000000 ) ) ;
#8058 = FACE_OUTER_BOUND ( 'NONE', #2877, .T. ) ;
#8059 = DIRECTION ( 'NONE',  ( -0.000000000000000000, -1.000000000000000000, -0.000000000000000000 ) ) ;
#8060 = EDGE_CURVE ( 'NONE', #4212, #8512, #8855, .T. ) ;
#8061 = CIRCLE ( 'NONE', #2007, 8.699999999995645439 ) ;
#8062 = AXIS2_PLACEMENT_3D ( 'NONE', #9660, #2774, #8074 ) ;
#8063 = EDGE_CURVE ( 'NONE', #184, #549, #5157, .T. ) ;
#8064 = AXIS2_PLACEMENT_3D ( 'NONE', #6560, #6516, #7357 ) ;
#8065 = EDGE_CURVE ( 'NONE', #3923, #3158, #728, .T. ) ;
#8066 = DIRECTION ( 'NONE',  ( -1.000000000000000000, 0.000000000000000000, 1.272130549049658700E-16 ) ) ;
#8067 = CYLINDRICAL_SURFACE ( 'NONE', #2765, 8.699999999995645439 ) ;
#8068 = ORIENTED_EDGE ( 'NONE', *, *, #7550, .F. ) ;
#8069 = ORIENTED_EDGE ( 'NONE', *, *, #2608, .T. ) ;
#8070 = AXIS2_PLACEMENT_3D ( 'NONE', #2266, #774, #6855 ) ;
#8071 = CARTESIAN_POINT ( 'NONE',  ( 108.5673945272099843, -5.000000000000000000, 25.27079167095700996 ) ) ;
#8072 = CIRCLE ( 'NONE', #8222, 8.699999999995645439 ) ;
#8073 = CARTESIAN_POINT ( 'NONE',  ( 160.0000000000000000, -5.000000000000000000, -39.89999999999999858 ) ) ;
#8074 = DIRECTION ( 'NONE',  ( 0.000000000000000000, 0.000000000000000000, 1.000000000000000000 ) ) ;
#8075 = EDGE_LOOP ( 'NONE', ( #2754, #5791, #2710, #3116 ) ) ;
#8076 = ADVANCED_FACE ( 'NONE', ( #3766, #2119, #6006, #524, #8947, #7508 ), #8259, .F. ) ;
#8077 = VERTEX_POINT ( 'NONE', #4458 ) ;
#8078 = CIRCLE ( 'NONE', #5667, 8.699999999995645439 ) ;
#8079 = DIRECTION ( 'NONE',  ( 0.000000000000000000, 0.000000000000000000, 1.000000000000000000 ) ) ;
#8080 = LINE ( 'NONE', #315, #8485 ) ;
#8081 = ORIENTED_EDGE ( 'NONE', *, *, #8660, .T. ) ;
#8082 = DIRECTION ( 'NONE',  ( -1.272130549049658700E-16, 0.000000000000000000, -1.000000000000000000 ) ) ;
#8083 = ORIENTED_EDGE ( 'NONE', *, *, #647, .T. ) ;
#8084 = LINE ( 'NONE', #2649, #7366 ) ;
#8085 = MECHANICAL_DESIGN_GEOMETRIC_PRESENTATION_REPRESENTATION (  '', ( #4089 ), #435 ) ;
#8086 = CARTESIAN_POINT ( 'NONE',  ( 61.95793673730504025, -5.000000000000000000, 23.63822177457588225 ) ) ;
#8087 = VERTEX_POINT ( 'NONE', #5860 ) ;
#8088 = VERTEX_POINT ( 'NONE', #8206 ) ;
#8089 = CARTESIAN_POINT ( 'NONE',  ( 94.06533162933166636, 5.000000000000000000, 25.27079167095700640 ) ) ;
#8090 = CARTESIAN_POINT ( 'NONE',  ( 170.0000000000000000, -5.000000000000000000, -60.00000000000000000 ) ) ;
#8091 = DIRECTION ( 'NONE',  ( -0.000000000000000000, 1.000000000000000000, -0.000000000000000000 ) ) ;
#8092 = CARTESIAN_POINT ( 'NONE',  ( -120.3848275607144558, 5.000000000000000000, 20.24999999999999289 ) ) ;
#8093 = CARTESIAN_POINT ( 'NONE',  ( -9.242329982407262889, -5.000000000000000000, 25.27079167095700996 ) ) ;
#8094 = CARTESIAN_POINT ( 'NONE',  ( 18.15267592923467888, -5.000000000000000000, 23.63822177457588225 ) ) ;
#8095 = EDGE_CURVE ( 'NONE', #1803, #1414, #5529, .T. ) ;
#8096 = PLANE ( 'NONE',  #7121 ) ;
#8097 = CIRCLE ( 'NONE', #450, 8.699999999995648992 ) ;
#8098 = ORIENTED_EDGE ( 'NONE', *, *, #3318, .T. ) ;
#8099 = PLANE ( 'NONE',  #7828 ) ;
#8100 = ORIENTED_EDGE ( 'NONE', *, *, #3967, .F. ) ;
#8101 = DIRECTION ( 'NONE',  ( 0.000000000000000000, 0.000000000000000000, 1.000000000000000000 ) ) ;
#8102 = ORIENTED_EDGE ( 'NONE', *, *, #9216, .T. ) ;
#8103 = DIRECTION ( 'NONE',  ( 1.000000000000000000, 0.000000000000000000, -1.272130549049658700E-16 ) ) ;
#8104 = DIRECTION ( 'NONE',  ( 0.000000000000000000, -1.000000000000000000, -0.000000000000000000 ) ) ;
#8105 = ORIENTED_EDGE ( 'NONE', *, *, #7687, .T. ) ;
#8106 = DIRECTION ( 'NONE',  ( -0.000000000000000000, -1.000000000000000000, -0.000000000000000000 ) ) ;
#8107 = ADVANCED_FACE ( 'NONE', ( #6661 ), #8113, .T. ) ;
#8108 = DIRECTION ( 'NONE',  ( -0.000000000000000000, -1.000000000000000000, -0.000000000000000000 ) ) ;
#8109 = DIRECTION ( 'NONE',  ( 0.000000000000000000, 0.000000000000000000, 1.000000000000000000 ) ) ;
#8110 = EDGE_CURVE ( 'NONE', #2741, #95, #6815, .T. ) ;
#8111 = DIRECTION ( 'NONE',  ( 0.000000000000000000, 0.000000000000000000, 1.000000000000000000 ) ) ;
#8112 = VERTEX_POINT ( 'NONE', #9057 ) ;
#8113 = PLANE ( 'NONE',  #6177 ) ;
#8114 = ORIENTED_EDGE ( 'NONE', *, *, #6720, .F. ) ;
#8115 = DIRECTION ( 'NONE',  ( 1.000000000000000000, 0.000000000000000000, 0.000000000000000000 ) ) ;
#8116 = DIRECTION ( 'NONE',  ( -0.000000000000000000, 1.000000000000000000, -0.000000000000000000 ) ) ;
#8117 = EDGE_CURVE ( 'NONE', #3008, #2600, #9851, .T. ) ;
#8118 = DIRECTION ( 'NONE',  ( -0.000000000000000000, 1.000000000000000000, -0.000000000000000000 ) ) ;
#8119 = ORIENTED_EDGE ( 'NONE', *, *, #681, .F. ) ;
#8120 = ORIENTED_EDGE ( 'NONE', *, *, #5381, .F. ) ;
#8121 = AXIS2_PLACEMENT_3D ( 'NONE', #4936, #1186, #5115 ) ;
#8122 = DIRECTION ( 'NONE',  ( 0.000000000000000000, 0.000000000000000000, 1.000000000000000000 ) ) ;
#8123 = DIRECTION ( 'NONE',  ( -1.000000000000000000, 0.000000000000000000, 1.272130549049658700E-16 ) ) ;
#8124 = ORIENTED_EDGE ( 'NONE', *, *, #9030, .F. ) ;
#8125 = DIRECTION ( 'NONE',  ( -1.272130549049658700E-16, 0.000000000000000000, -1.000000000000000000 ) ) ;
#8126 = ORIENTED_EDGE ( 'NONE', *, *, #4798, .T. ) ;
#8127 = EDGE_CURVE ( 'NONE', #3926, #7585, #8571, .T. ) ;
#8128 = DIRECTION ( 'NONE',  ( 0.000000000000000000, 0.000000000000000000, 1.000000000000000000 ) ) ;
#8129 = DIRECTION ( 'NONE',  ( -0.000000000000000000, -1.000000000000000000, -0.000000000000000000 ) ) ;
#8130 = VERTEX_POINT ( 'NONE', #6612 ) ;
#8131 = ORIENTED_EDGE ( 'NONE', *, *, #2855, .F. ) ;
#8132 = DIRECTION ( 'NONE',  ( 0.000000000000000000, 0.000000000000000000, 1.000000000000000000 ) ) ;
#8133 = EDGE_CURVE ( 'NONE', #4169, #4838, #5258, .T. ) ;
#8134 = LINE ( 'NONE', #9677, #5986 ) ;
#8135 = CARTESIAN_POINT ( 'NONE',  ( -35.56182591379005231, 5.000000000000000000, 20.24999999999999289 ) ) ;
#8136 = CARTESIAN_POINT ( 'NONE',  ( -150.0000000000000000, -5.000000000000000000, -23.99999999999996447 ) ) ;
#8137 = CARTESIAN_POINT ( 'NONE',  ( -150.0000000000000000, 5.000000000000000000, 20.24999999999999645 ) ) ;
#8138 = VECTOR ( 'NONE', #5843, 1000.000000000000000 ) ;
#8139 = VERTEX_POINT ( 'NONE', #2866 ) ;
#8140 = CARTESIAN_POINT ( 'NONE',  ( 4.015508988080609853, -5.000000000000000000, 23.63822177457588225 ) ) ;
#8141 = ORIENTED_EDGE ( 'NONE', *, *, #6325, .F. ) ;
#8142 = EDGE_CURVE ( 'NONE', #7105, #4009, #303, .T. ) ;
#8143 = AXIS2_PLACEMENT_3D ( 'NONE', #2154, #8184, #3537 ) ;
#8144 = DIRECTION ( 'NONE',  ( 0.000000000000000000, 0.000000000000000000, 1.000000000000000000 ) ) ;
#8145 = VERTEX_POINT ( 'NONE', #2177 ) ;
#8146 = FACE_OUTER_BOUND ( 'NONE', #443, .T. ) ;
#8147 = DIRECTION ( 'NONE',  ( 1.000000000000000000, 0.000000000000000000, -1.272130549049658700E-16 ) ) ;
#8148 = VERTEX_POINT ( 'NONE', #3620 ) ;
#8149 = FACE_OUTER_BOUND ( 'NONE', #1037, .T. ) ;
#8150 = CARTESIAN_POINT ( 'NONE',  ( -43.10838081576628866, 5.000000000000000000, 23.63822177457588225 ) ) ;
#8151 = CARTESIAN_POINT ( 'NONE',  ( 190.0000000000000000, -5.000000000000000000, 50.00000000000000000 ) ) ;
#8152 = EDGE_CURVE ( 'NONE', #446, #2540, #7785, .T. ) ;
#8153 = DIRECTION ( 'NONE',  ( -0.000000000000000000, 1.000000000000000000, -0.000000000000000000 ) ) ;
#8154 = ORIENTED_EDGE ( 'NONE', *, *, #2058, .F. ) ;
#8155 = DIRECTION ( 'NONE',  ( -0.000000000000000000, 1.000000000000000000, -0.000000000000000000 ) ) ;
#8156 = ORIENTED_EDGE ( 'NONE', *, *, #3677, .F. ) ;
#8157 = CARTESIAN_POINT ( 'NONE',  ( -150.0000000000000000, -5.000000000000000000, 20.24999999999999645 ) ) ;
#8158 = CARTESIAN_POINT ( 'NONE',  ( 110.9600495999450800, 5.000000000000000000, 20.24999999999999289 ) ) ;
#8159 = CARTESIAN_POINT ( 'NONE',  ( -149.0000000000000000, 5.000000000000000000, -23.99999999999996447 ) ) ;
#8160 = ADVANCED_FACE ( 'NONE', ( #7143 ), #5357, .T. ) ;
#8161 = AXIS2_PLACEMENT_3D ( 'NONE', #6229, #4781, #9226 ) ;
#8162 = ORIENTED_EDGE ( 'NONE', *, *, #6823, .T. ) ;
#8163 = ORIENTED_EDGE ( 'NONE', *, *, #7099, .T. ) ;
#8164 = EDGE_CURVE ( 'NONE', #8937, #9003, #3792, .T. ) ;
#8165 = DIRECTION ( 'NONE',  ( 1.000000000000000000, 0.000000000000000000, -1.272130549049658700E-16 ) ) ;
#8166 = DIRECTION ( 'NONE',  ( -0.000000000000000000, -1.000000000000000000, -0.000000000000000000 ) ) ;
#8167 = ORIENTED_EDGE ( 'NONE', *, *, #6532, .T. ) ;
#8168 = VECTOR ( 'NONE', #1743, 1000.000000000000000 ) ;
#8169 = LINE ( 'NONE', #8224, #8506 ) ;
#8170 = ORIENTED_EDGE ( 'NONE', *, *, #3148, .F. ) ;
#8171 = FACE_OUTER_BOUND ( 'NONE', #4948, .T. ) ;
#8172 = CARTESIAN_POINT ( 'NONE',  ( -90.23227061961318896, -5.000000000000000000, 23.63822177457588225 ) ) ;
#8173 = CIRCLE ( 'NONE', #6909, 8.699999999995648992 ) ;
#8174 = ORIENTED_EDGE ( 'NONE', *, *, #5430, .T. ) ;
#8175 = EDGE_CURVE ( 'NONE', #4741, #746, #9371, .T. ) ;
#8176 = EDGE_CURVE ( 'NONE', #3455, #4878, #84, .T. ) ;
#8177 = ORIENTED_EDGE ( 'NONE', *, *, #2386, .T. ) ;
#8178 = CARTESIAN_POINT ( 'NONE',  ( -75.21577570779291477, -5.000000000000000000, 25.27079167095700996 ) ) ;
#8179 = AXIS2_PLACEMENT_3D ( 'NONE', #4779, #9271, #3143 ) ;
#8181 = VECTOR ( 'NONE', #1435, 1000.000000000000000 ) ;
#8180 = DIRECTION ( 'NONE',  ( -0.000000000000000000, 1.000000000000000000, -0.000000000000000000 ) ) ;
#8182 = DIRECTION ( 'NONE',  ( -0.000000000000000000, -1.000000000000000000, -0.000000000000000000 ) ) ;
#8183 = CARTESIAN_POINT ( 'NONE',  ( 22.86506490961936677, -5.000000000000000000, 23.63822177457588225 ) ) ;
#8184 = DIRECTION ( 'NONE',  ( -0.000000000000000000, -1.000000000000000000, -0.000000000000000000 ) ) ;
#8185 = LINE ( 'NONE', #5193, #3141 ) ;
#8186 = ORIENTED_EDGE ( 'NONE', *, *, #9780, .T. ) ;
#8187 = ADVANCED_FACE ( 'NONE', ( #7949 ), #8407, .T. ) ;
#8188 = VECTOR ( 'NONE', #7219, 1000.000000000000000 ) ;
#8189 = CIRCLE ( 'NONE', #3883, 19.87399999999006539 ) ;
#8190 = LINE ( 'NONE', #2806, #6220 ) ;
#8191 = ORIENTED_EDGE ( 'NONE', *, *, #2524, .F. ) ;
#8192 = CYLINDRICAL_SURFACE ( 'NONE', #6576, 19.87399999999006539 ) ;
#8193 = ORIENTED_EDGE ( 'NONE', *, *, #8175, .T. ) ;
#8194 = DIRECTION ( 'NONE',  ( 0.000000000000000000, 0.000000000000000000, 1.000000000000000000 ) ) ;
#8195 = LINE ( 'NONE', #2857, #455 ) ;
#8196 = EDGE_LOOP ( 'NONE', ( #6653, #6019, #957, #2226 ) ) ;
#8198 = AXIS2_PLACEMENT_3D ( 'NONE', #7457, #5056, #2815 ) ;
#8197 = PLANE ( 'NONE',  #398 ) ;
#8199 = AXIS2_PLACEMENT_3D ( 'NONE', #8071, #164, #4783 ) ;
#8200 = CARTESIAN_POINT ( 'NONE',  ( -150.0000000000000000, 5.000000000000000000, 20.24999999999999645 ) ) ;
#8201 = VECTOR ( 'NONE', #7288, 1000.000000000000000 ) ;
#8202 = DIRECTION ( 'NONE',  ( -0.000000000000000000, -1.000000000000000000, -0.000000000000000000 ) ) ;
#8203 = VECTOR ( 'NONE', #7953, 1000.000000000000000 ) ;
#8204 = CARTESIAN_POINT ( 'NONE',  ( 120.3848275607144558, -5.000000000000000000, 20.24999999999999289 ) ) ;
#8205 = VERTEX_POINT ( 'NONE', #4139 ) ;
#8206 = CARTESIAN_POINT ( 'NONE',  ( 87.39810469802162629, -5.000000000000000000, 20.24999999999999289 ) ) ;
#8207 = ORIENTED_EDGE ( 'NONE', *, *, #8606, .T. ) ;
#8208 = CARTESIAN_POINT ( 'NONE',  ( -9.424777960769379348, -5.000000000000000000, 43.50000000000000000 ) ) ;
#8209 = DIRECTION ( 'NONE',  ( -0.000000000000000000, -1.000000000000000000, -0.000000000000000000 ) ) ;
#8210 = CARTESIAN_POINT ( 'NONE',  ( 190.0000000000000000, -5.000000000000000000, 50.00000000000000000 ) ) ;
#8211 = AXIS2_PLACEMENT_3D ( 'NONE', #5029, #5767, #311 ) ;
#8212 = VECTOR ( 'NONE', #4728, 1000.000000000000000 ) ;
#8213 = ADVANCED_FACE ( 'NONE', ( #6100 ), #824, .T. ) ;
#8214 = ORIENTED_EDGE ( 'NONE', *, *, #5020, .F. ) ;
#8215 = VECTOR ( 'NONE', #827, 1000.000000000000000 ) ;
#8216 = VERTEX_POINT ( 'NONE', #1578 ) ;
#8217 = LINE ( 'NONE', #5314, #6533 ) ;
#8218 = CYLINDRICAL_SURFACE ( 'NONE', #9608, 19.87399999999006539 ) ;
#8219 = EDGE_CURVE ( 'NONE', #4733, #8466, #1528, .T. ) ;
#8220 = CIRCLE ( 'NONE', #1858, 8.699999999995648992 ) ;
#8221 = ORIENTED_EDGE ( 'NONE', *, *, #344, .T. ) ;
#8222 = AXIS2_PLACEMENT_3D ( 'NONE', #9207, #7111, #6163 ) ;
#8223 = CIRCLE ( 'NONE', #6951, 8.699999999995648992 ) ;
#8224 = CARTESIAN_POINT ( 'NONE',  ( 104.3694375607672526, -5.000000000000000000, 23.63822177457588225 ) ) ;
#8225 = ORIENTED_EDGE ( 'NONE', *, *, #5324, .F. ) ;
#8226 = LINE ( 'NONE', #3633, #679 ) ;
#8227 = EDGE_CURVE ( 'NONE', #6872, #8505, #3857, .T. ) ;
#8228 = ORIENTED_EDGE ( 'NONE', *, *, #8521, .T. ) ;
#8229 = DIRECTION ( 'NONE',  ( 0.000000000000000000, 0.000000000000000000, 1.000000000000000000 ) ) ;
#8230 = VERTEX_POINT ( 'NONE', #3347 ) ;
#8231 = ORIENTED_EDGE ( 'NONE', *, *, #3829, .T. ) ;
#8232 = EDGE_CURVE ( 'NONE', #2272, #8087, #8632, .T. ) ;
#8233 = DIRECTION ( 'NONE',  ( -0.000000000000000000, -1.000000000000000000, -0.000000000000000000 ) ) ;
#8234 = CARTESIAN_POINT ( 'NONE',  ( -91.67267655659657066, -5.000000000000000000, 20.24999999999999289 ) ) ;
#8235 = CARTESIAN_POINT ( 'NONE',  ( -22.86506490961937033, 5.000000000000000000, 23.63822177457588225 ) ) ;
#8236 = DIRECTION ( 'NONE',  ( 0.000000000000000000, 0.000000000000000000, 1.000000000000000000 ) ) ;
#8237 = CARTESIAN_POINT ( 'NONE',  ( 99.14261656644060849, -5.000000000000000000, 25.27079167095700996 ) ) ;
#8238 = EDGE_CURVE ( 'NONE', #8953, #7540, #6387, .T. ) ;
#8239 = EDGE_CURVE ( 'NONE', #8834, #4828, #770, .T. ) ;
#8240 = DIRECTION ( 'NONE',  ( -1.272130549049658700E-16, 0.000000000000000000, -1.000000000000000000 ) ) ;
#8241 = ORIENTED_EDGE ( 'NONE', *, *, #5033, .F. ) ;
#8242 = AXIS2_PLACEMENT_3D ( 'NONE', #4527, #9172, #6123 ) ;
#8243 = CARTESIAN_POINT ( 'NONE',  ( 108.3849465488478643, 5.000000000000000000, 43.50000000000000000 ) ) ;
#8244 = ORIENTED_EDGE ( 'NONE', *, *, #2727, .T. ) ;
#8245 = FACE_OUTER_BOUND ( 'NONE', #9018, .T. ) ;
#8246 = EDGE_LOOP ( 'NONE', ( #21, #3329, #2012, #7947 ) ) ;
#8247 = LINE ( 'NONE', #1461, #2302 ) ;
#8248 = DIRECTION ( 'NONE',  ( -1.272130549049658700E-16, 0.000000000000000000, -1.000000000000000000 ) ) ;
#8249 = ORIENTED_EDGE ( 'NONE', *, *, #6176, .T. ) ;
#8250 = ORIENTED_EDGE ( 'NONE', *, *, #7130, .F. ) ;
#8251 = ADVANCED_FACE ( 'NONE', ( #5303 ), #1064, .T. ) ;
#8252 = CIRCLE ( 'NONE', #9683, 8.699999999995645439 ) ;
#8253 = LINE ( 'NONE', #1421, #5662 ) ;
#8254 = CARTESIAN_POINT ( 'NONE',  ( -132.6437714430753942, -5.000000000000000000, 23.63822177457588225 ) ) ;
#8255 = DIRECTION ( 'NONE',  ( 0.000000000000000000, -1.000000000000000000, 0.000000000000000000 ) ) ;
#8256 = AXIS2_PLACEMENT_3D ( 'NONE', #2260, #5290, #7755 ) ;
#8257 = DIRECTION ( 'NONE',  ( -0.000000000000000000, -1.000000000000000000, -0.000000000000000000 ) ) ;
#8258 = ORIENTED_EDGE ( 'NONE', *, *, #818, .F. ) ;
#8259 = PLANE ( 'NONE',  #4256 ) ;
#8260 = ORIENTED_EDGE ( 'NONE', *, *, #5117, .T. ) ;
#8261 = EDGE_CURVE ( 'NONE', #4463, #5989, #7662, .T. ) ;
#8262 = DIRECTION ( 'NONE',  ( -0.000000000000000000, 1.000000000000000000, -0.000000000000000000 ) ) ;
#8263 = CYLINDRICAL_SURFACE ( 'NONE', #6138, 8.699999999995645439 ) ;
#8264 = DIRECTION ( 'NONE',  ( -0.000000000000000000, -1.000000000000000000, 0.000000000000000000 ) ) ;
#8265 = VERTEX_POINT ( 'NONE', #7899 ) ;
#8266 = ORIENTED_EDGE ( 'NONE', *, *, #9637, .F. ) ;
#8267 = CARTESIAN_POINT ( 'NONE',  ( 88.83851063500502221, -5.000000000000000000, 23.63822177457588225 ) ) ;
#8268 = CARTESIAN_POINT ( 'NONE',  ( -137.3561604234600679, -5.000000000000000000, 23.63822177457588225 ) ) ;
#8269 = EDGE_LOOP ( 'NONE', ( #7052, #3212, #3983, #8568 ) ) ;
#8270 = EDGE_CURVE ( 'NONE', #6285, #189, #1867, .T. ) ;
#8271 = CYLINDRICAL_SURFACE ( 'NONE', #9769, 8.699999999995645439 ) ;
#8272 = EDGE_LOOP ( 'NONE', ( #292, #5737, #9782, #6116 ) ) ;
#8273 = FACE_OUTER_BOUND ( 'NONE', #161, .T. ) ;
#8274 = CYLINDRICAL_SURFACE ( 'NONE', #2313, 19.87399999999006539 ) ;
#8275 = ORIENTED_EDGE ( 'NONE', *, *, #9060, .T. ) ;
#8276 = CARTESIAN_POINT ( 'NONE',  ( -150.0000000000000000, 5.000000000000000000, 20.24999999999999645 ) ) ;
#8277 = VERTEX_POINT ( 'NONE', #7092 ) ;
#8278 = ORIENTED_EDGE ( 'NONE', *, *, #9737, .T. ) ;
#8279 = EDGE_CURVE ( 'NONE', #2969, #4159, #6979, .T. ) ;
#8280 = CARTESIAN_POINT ( 'NONE',  ( -70.86828268413246690, 5.000000000000000000, 25.27079167095700640 ) ) ;
#8281 = DIRECTION ( 'NONE',  ( -0.000000000000000000, 1.000000000000000000, -0.000000000000000000 ) ) ;
#8282 = DIRECTION ( 'NONE',  ( 0.000000000000000000, 0.000000000000000000, 1.000000000000000000 ) ) ;
#8283 = CARTESIAN_POINT ( 'NONE',  ( -0.1824479783621192619, 5.000000000000000000, 25.27079167095700640 ) ) ;
#8284 = EDGE_CURVE ( 'NONE', #2358, #2232, #4742, .T. ) ;
#8285 = ORIENTED_EDGE ( 'NONE', *, *, #485, .F. ) ;
#8286 = AXIS2_PLACEMENT_3D ( 'NONE', #7853, #2370, #3113 ) ;
#8287 = CARTESIAN_POINT ( 'NONE',  ( 104.3694375607672526, 5.000000000000000000, 23.63822177457588225 ) ) ;
#8288 = ORIENTED_EDGE ( 'NONE', *, *, #4104, .F. ) ;
#8289 = EDGE_CURVE ( 'NONE', #7475, #6613, #7456, .T. ) ;
#8290 = CARTESIAN_POINT ( 'NONE',  ( 160.0000000000000000, 5.000000000000000000, -40.89999999999999858 ) ) ;
#8291 = EDGE_LOOP ( 'NONE', ( #6660, #6275, #5071, #7095 ) ) ;
#8292 = DIRECTION ( 'NONE',  ( 0.000000000000000000, 0.000000000000000000, 1.000000000000000000 ) ) ;
#8293 = CARTESIAN_POINT ( 'NONE',  ( -150.0000000000000000, -5.000000000000000000, 20.24999999999999645 ) ) ;
#8294 = ORIENTED_EDGE ( 'NONE', *, *, #3073, .T. ) ;
#8295 = ORIENTED_EDGE ( 'NONE', *, *, #3888, .T. ) ;
#8296 = DIRECTION ( 'NONE',  ( 0.000000000000000000, 0.000000000000000000, 1.000000000000000000 ) ) ;
#8297 = DIRECTION ( 'NONE',  ( 0.000000000000000000, 0.000000000000000000, 1.000000000000000000 ) ) ;
#8298 = AXIS2_PLACEMENT_3D ( 'NONE', #8668, #3375, #7217 ) ;
#8299 = EDGE_CURVE ( 'NONE', #5223, #7213, #1084, .T. ) ;
#8300 = DIRECTION ( 'NONE',  ( -0.000000000000000000, 1.000000000000000000, -0.000000000000000000 ) ) ;
#8301 = DIRECTION ( 'NONE',  ( -0.000000000000000000, 1.000000000000000000, -0.000000000000000000 ) ) ;
#8302 = ORIENTED_EDGE ( 'NONE', *, *, #5137, .F. ) ;
#8303 = CARTESIAN_POINT ( 'NONE',  ( 127.9313824626907063, -5.000000000000000000, 23.63822177457588225 ) ) ;
#8304 = ORIENTED_EDGE ( 'NONE', *, *, #5628, .T. ) ;
#8305 = FACE_OUTER_BOUND ( 'NONE', #6277, .T. ) ;
#8306 = LINE ( 'NONE', #7565, #9177 ) ;
#8307 = DIRECTION ( 'NONE',  ( -0.000000000000000000, 1.000000000000000000, -0.000000000000000000 ) ) ;
#8308 = VERTEX_POINT ( 'NONE', #4603 ) ;
#8309 = ORIENTED_EDGE ( 'NONE', *, *, #1399, .T. ) ;
#8310 = EDGE_CURVE ( 'NONE', #6328, #9383, #3168, .T. ) ;
#8311 = DIRECTION ( 'NONE',  ( -0.000000000000000000, 1.000000000000000000, -0.000000000000000000 ) ) ;
#8312 = DIRECTION ( 'NONE',  ( -0.000000000000000000, 1.000000000000000000, -0.000000000000000000 ) ) ;
#8313 = EDGE_LOOP ( 'NONE', ( #689, #4561, #264, #9639 ) ) ;
#8314 = CARTESIAN_POINT ( 'NONE',  ( 170.0000000000000000, -5.000000000000000000, 50.00000000000000000 ) ) ;
#8315 = VERTEX_POINT ( 'NONE', #7661 ) ;
#8316 = DIRECTION ( 'NONE',  ( -0.000000000000000000, 1.000000000000000000, -0.000000000000000000 ) ) ;
#8317 = VECTOR ( 'NONE', #6074, 1000.000000000000000 ) ;
#8318 = FACE_OUTER_BOUND ( 'NONE', #8909, .T. ) ;
#8319 = ORIENTED_EDGE ( 'NONE', *, *, #3748, .F. ) ;
#8320 = CARTESIAN_POINT ( 'NONE',  ( -98.77772060971635426, -5.000000000000000000, 25.27079167095700996 ) ) ;
#8321 = VERTEX_POINT ( 'NONE', #6250 ) ;
#8322 = EDGE_CURVE ( 'NONE', #5958, #7870, #2677, .T. ) ;
#8323 = AXIS2_PLACEMENT_3D ( 'NONE', #7676, #4076, #1038 ) ;
#8324 = ORIENTED_EDGE ( 'NONE', *, *, #309, .T. ) ;
#8325 = DIRECTION ( 'NONE',  ( 0.000000000000000000, 0.000000000000000000, 1.000000000000000000 ) ) ;
#8326 = DIRECTION ( 'NONE',  ( -0.000000000000000000, 1.000000000000000000, -0.000000000000000000 ) ) ;
#8327 = CARTESIAN_POINT ( 'NONE',  ( -56.54866776461627609, 5.000000000000000000, 43.50000000000000000 ) ) ;
#8328 = LINE ( 'NONE', #3838, #1347 ) ;
#8329 = VECTOR ( 'NONE', #9043, 1000.000000000000000 ) ;
#8330 = AXIS2_PLACEMENT_3D ( 'NONE', #536, #7320, #490 ) ;
#8331 = LINE ( 'NONE', #8477, #5524 ) ;
#8332 = ORIENTED_EDGE ( 'NONE', *, *, #190, .F. ) ;
#8333 = EDGE_CURVE ( 'NONE', #1822, #7276, #1245, .T. ) ;
#8335 = DIRECTION ( 'NONE',  ( 0.000000000000000000, 0.000000000000000000, 1.000000000000000000 ) ) ;
#8334 = CIRCLE ( 'NONE', #6419, 8.699999999995648992 ) ;
#8336 = ORIENTED_EDGE ( 'NONE', *, *, #7462, .F. ) ;
#8337 = AXIS2_PLACEMENT_3D ( 'NONE', #5804, #1229, #2629 ) ;
#8338 = DIRECTION ( 'NONE',  ( -0.000000000000000000, -1.000000000000000000, -0.000000000000000000 ) ) ;
#8339 = DIRECTION ( 'NONE',  ( 0.000000000000000000, 0.000000000000000000, 1.000000000000000000 ) ) ;
#8340 = DIRECTION ( 'NONE',  ( -0.000000000000000000, -1.000000000000000000, -0.000000000000000000 ) ) ;
#8341 = ORIENTED_EDGE ( 'NONE', *, *, #1586, .T. ) ;
#8342 = VERTEX_POINT ( 'NONE', #6814 ) ;
#8343 = DIRECTION ( 'NONE',  ( -0.000000000000000000, 1.000000000000000000, -0.000000000000000000 ) ) ;
#8344 = LINE ( 'NONE', #625, #2658 ) ;
#8345 = AXIS2_PLACEMENT_3D ( 'NONE', #447, #1938, #7078 ) ;
#8346 = EDGE_CURVE ( 'NONE', #1419, #6666, #5857, .T. ) ;
#8347 = AXIS2_PLACEMENT_3D ( 'NONE', #3261, #6307, #9350 ) ;
#8348 = CARTESIAN_POINT ( 'NONE',  ( 160.0000000000000000, 5.000000000000000000, 60.00000000000000000 ) ) ;
#8349 = DIRECTION ( 'NONE',  ( -0.000000000000000000, 1.000000000000000000, -0.000000000000000000 ) ) ;
#8350 = CIRCLE ( 'NONE', #5948, 10.00000000000000178 ) ;
#8351 = VERTEX_POINT ( 'NONE', #3856 ) ;
#8352 = CARTESIAN_POINT ( 'NONE',  ( 0.000000000000000000, 5.000000000000000000, 0.000000000000000000 ) ) ;
#8353 = VECTOR ( 'NONE', #503, 1000.000000000000000 ) ;
#8354 = DIRECTION ( 'NONE',  ( 0.000000000000000000, 0.000000000000000000, 1.000000000000000000 ) ) ;
#8355 = VERTEX_POINT ( 'NONE', #8555 ) ;
#8356 = FACE_OUTER_BOUND ( 'NONE', #5511, .T. ) ;
#8357 = CARTESIAN_POINT ( 'NONE',  ( 145.3871783996212912, -5.000000000000000000, 23.63822177457588225 ) ) ;
#8358 = CARTESIAN_POINT ( 'NONE',  ( -99.65704858038257896, 5.000000000000000000, 23.63822177457588225 ) ) ;
#8359 = ADVANCED_FACE ( 'NONE', ( #6858, #7008, #9202, #82, #9247, #5302 ), #3062, .T. ) ;
#8360 = EDGE_CURVE ( 'NONE', #2232, #3294, #8498, .T. ) ;
#8361 = ORIENTED_EDGE ( 'NONE', *, *, #5990, .F. ) ;
#8362 = CIRCLE ( 'NONE', #248, 8.699999999995645439 ) ;
#8363 = ORIENTED_EDGE ( 'NONE', *, *, #4498, .T. ) ;
#8364 = AXIS2_PLACEMENT_3D ( 'NONE', #2263, #7699, #6955 ) ;
#8365 = VECTOR ( 'NONE', #9600, 1000.000000000000000 ) ;
#8366 = DIRECTION ( 'NONE',  ( -0.000000000000000000, -1.000000000000000000, -0.000000000000000000 ) ) ;
#8367 = LINE ( 'NONE', #4423, #2755 ) ;
#8368 = ORIENTED_EDGE ( 'NONE', *, *, #4477, .F. ) ;
#8369 = ORIENTED_EDGE ( 'NONE', *, *, #3478, .F. ) ;
#8370 = AXIS2_PLACEMENT_3D ( 'NONE', #5575, #4031, #8430 ) ;
#8371 = CARTESIAN_POINT ( 'NONE',  ( -121.8252334976978659, -5.000000000000000000, 23.63822177457588225 ) ) ;
#8372 = VECTOR ( 'NONE', #976, 1000.000000000000000 ) ;
#8373 = CARTESIAN_POINT ( 'NONE',  ( -113.0973355292325522, -5.000000000000000000, 43.50000000000000000 ) ) ;
#8374 = EDGE_CURVE ( 'NONE', #3482, #6285, #6658, .T. ) ;
#8375 = ORIENTED_EDGE ( 'NONE', *, *, #354, .F. ) ;
#8376 = FACE_OUTER_BOUND ( 'NONE', #2681, .T. ) ;
#8377 = ORIENTED_EDGE ( 'NONE', *, *, #6590, .F. ) ;
#8378 = CIRCLE ( 'NONE', #9175, 8.699999999995648992 ) ;
#8379 = CIRCLE ( 'NONE', #5510, 19.87399999999006539 ) ;
#8380 = VECTOR ( 'NONE', #9602, 1000.000000000000000 ) ;
#8381 = ORIENTED_EDGE ( 'NONE', *, *, #2793, .T. ) ;
#8382 = DIRECTION ( 'NONE',  ( 0.000000000000000000, 0.000000000000000000, 1.000000000000000000 ) ) ;
#8383 = CARTESIAN_POINT ( 'NONE',  ( 18.15267592923467888, -5.000000000000000000, 23.63822177457588225 ) ) ;
#8384 = DIRECTION ( 'NONE',  ( 0.000000000000000000, 0.000000000000000000, 1.000000000000000000 ) ) ;
#8385 = CARTESIAN_POINT ( 'NONE',  ( 115.6724385803297679, 5.000000000000000000, 20.24999999999999289 ) ) ;
#8386 = AXIS2_PLACEMENT_3D ( 'NONE', #7505, #8300, #627 ) ;
#8387 = CARTESIAN_POINT ( 'NONE',  ( 106.2476606195603921, 5.000000000000000000, 20.24999999999999289 ) ) ;
#8388 = VERTEX_POINT ( 'NONE', #8449 ) ;
#8389 = CARTESIAN_POINT ( 'NONE',  ( -150.0000000000000000, -5.000000000000000000, 20.24999999999999645 ) ) ;
#8390 = ORIENTED_EDGE ( 'NONE', *, *, #3402, .T. ) ;
#8391 = VECTOR ( 'NONE', #6188, 1000.000000000000000 ) ;
#8392 = DIRECTION ( 'NONE',  ( -0.000000000000000000, 1.000000000000000000, -0.000000000000000000 ) ) ;
#8393 = EDGE_CURVE ( 'NONE', #4778, #4504, #8097, .T. ) ;
#8394 = DIRECTION ( 'NONE',  ( 0.000000000000000000, 0.000000000000000000, 1.000000000000000000 ) ) ;
#8395 = CARTESIAN_POINT ( 'NONE',  ( -75.21577570779291477, -5.000000000000000000, 25.27079167095700996 ) ) ;
#8396 = EDGE_LOOP ( 'NONE', ( #5465, #4749, #3833, #4605 ) ) ;
#8397 = ORIENTED_EDGE ( 'NONE', *, *, #5324, .T. ) ;
#8398 = DIRECTION ( 'NONE',  ( -0.000000000000000000, 1.000000000000000000, -0.000000000000000000 ) ) ;
#8399 = DIRECTION ( 'NONE',  ( -0.000000000000000000, -1.000000000000000000, -0.000000000000000000 ) ) ;
#8400 = VECTOR ( 'NONE', #3485, 1000.000000000000000 ) ;
#8401 = CARTESIAN_POINT ( 'NONE',  ( -46.42700981154281692, -5.000000000000000000, 23.63822177457588225 ) ) ;
#8402 = CARTESIAN_POINT ( 'NONE',  ( -138.7965663604434496, -5.000000000000000000, 20.24999999999999289 ) ) ;
#8403 = ORIENTED_EDGE ( 'NONE', *, *, #2862, .F. ) ;
#8404 = CIRCLE ( 'NONE', #8242, 8.699999999995648992 ) ;
#8405 = EDGE_CURVE ( 'NONE', #2540, #446, #6341, .T. ) ;
#8406 = DIRECTION ( 'NONE',  ( -0.000000000000000000, -1.000000000000000000, -0.000000000000000000 ) ) ;
#8407 = CYLINDRICAL_SURFACE ( 'NONE', #1401, 8.699999999995648992 ) ;
#8408 = ORIENTED_EDGE ( 'NONE', *, *, #6636, .T. ) ;
#8409 = DIRECTION ( 'NONE',  ( 0.000000000000000000, 0.000000000000000000, 1.000000000000000000 ) ) ;
#8410 = DIRECTION ( 'NONE',  ( -0.000000000000000000, 1.000000000000000000, -0.000000000000000000 ) ) ;
#8411 = CARTESIAN_POINT ( 'NONE',  ( -108.3849465488478643, -5.000000000000000000, 43.50000000000000000 ) ) ;
#8412 = ORIENTED_EDGE ( 'NONE', *, *, #8997, .F. ) ;
#8413 = ORIENTED_EDGE ( 'NONE', *, *, #7514, .T. ) ;
#8414 = EDGE_CURVE ( 'NONE', #6320, #5229, #8252, .T. ) ;
#8415 = AXIS2_PLACEMENT_3D ( 'NONE', #3211, #6052, #6099 ) ;
#8416 = ORIENTED_EDGE ( 'NONE', *, *, #8813, .F. ) ;
#8417 = FACE_OUTER_BOUND ( 'NONE', #7841, .T. ) ;
#8418 = ORIENTED_EDGE ( 'NONE', *, *, #237, .T. ) ;
#8419 = ADVANCED_FACE ( 'NONE', ( #2419 ), #2324, .T. ) ;
#8420 = ORIENTED_EDGE ( 'NONE', *, *, #9428, .T. ) ;
#8421 = CARTESIAN_POINT ( 'NONE',  ( -110.9600495999450800, -5.000000000000000000, 20.24999999999999289 ) ) ;
#8422 = DIRECTION ( 'NONE',  ( 0.000000000000000000, 1.000000000000000000, 0.000000000000000000 ) ) ;
#8423 = ORIENTED_EDGE ( 'NONE', *, *, #9199, .T. ) ;
#8424 = DIRECTION ( 'NONE',  ( 0.000000000000000000, 0.000000000000000000, 1.000000000000000000 ) ) ;
#8425 = VERTEX_POINT ( 'NONE', #1577 ) ;
#8426 = ADVANCED_FACE ( 'NONE', ( #7705 ), #5445, .T. ) ;
#8427 = ORIENTED_EDGE ( 'NONE', *, *, #50, .T. ) ;
#8428 = DIRECTION ( 'NONE',  ( -1.272130549049658700E-16, 0.000000000000000000, -1.000000000000000000 ) ) ;
#8429 = CARTESIAN_POINT ( 'NONE',  ( 4.529941002022570551, -5.000000000000000000, 25.27079167095700640 ) ) ;
#8430 = DIRECTION ( 'NONE',  ( 0.000000000000000000, 0.000000000000000000, 1.000000000000000000 ) ) ;
#8431 = DIRECTION ( 'NONE',  ( -0.000000000000000000, 1.000000000000000000, -0.000000000000000000 ) ) ;
#8432 = FACE_OUTER_BOUND ( 'NONE', #6548, .T. ) ;
#8433 = VERTEX_POINT ( 'NONE', #3914 ) ;
#8434 = EDGE_CURVE ( 'NONE', #5697, #3913, #6962, .T. ) ;
#8435 = DIRECTION ( 'NONE',  ( 1.000000000000000000, 0.000000000000000000, -1.272130549049658700E-16 ) ) ;
#8436 = ORIENTED_EDGE ( 'NONE', *, *, #2386, .F. ) ;
#8437 = CARTESIAN_POINT ( 'NONE',  ( 55.85178777231219271, -5.000000000000000000, 23.63822177457588225 ) ) ;
#8438 = CYLINDRICAL_SURFACE ( 'NONE', #715, 19.87399999999006539 ) ;
#8439 = LINE ( 'NONE', #8293, #9464 ) ;
#8440 = ORIENTED_EDGE ( 'NONE', *, *, #8238, .F. ) ;
#8441 = VERTEX_POINT ( 'NONE', #7560 ) ;
#8442 = DIRECTION ( 'NONE',  ( -0.000000000000000000, -1.000000000000000000, -0.000000000000000000 ) ) ;
#8443 = ADVANCED_BREP_SHAPE_REPRESENTATION ( 'Gear rack V2', ( #7445, #1837 ), #7243 ) ;
#8444 = DIRECTION ( 'NONE',  ( 0.000000000000000000, 0.000000000000000000, 1.000000000000000000 ) ) ;
#8445 = EDGE_CURVE ( 'NONE', #2394, #8130, #9524, .T. ) ;
#8446 = DIRECTION ( 'NONE',  ( 1.000000000000000000, 0.000000000000000000, -1.272130549049658700E-16 ) ) ;
#8447 = CARTESIAN_POINT ( 'NONE',  ( -86.96028757621188277, 5.000000000000000000, 20.24999999999999289 ) ) ;
#8448 = ORIENTED_EDGE ( 'NONE', *, *, #432, .F. ) ;
#8449 = CARTESIAN_POINT ( 'NONE',  ( -159.9999999999999716, 5.000000000000000000, 39.89999999999999858 ) ) ;
#8450 = VERTEX_POINT ( 'NONE', #7156 ) ;
#8451 = CARTESIAN_POINT ( 'NONE',  ( -89.35294264894697847, -5.000000000000000000, 25.27079167095700996 ) ) ;
#8452 = DIRECTION ( 'NONE',  ( 0.000000000000000000, 0.000000000000000000, -1.000000000000000000 ) ) ;
#8453 = CARTESIAN_POINT ( 'NONE',  ( 132.6437714430753942, -5.000000000000000000, 23.63822177457588225 ) ) ;
#8454 = EDGE_LOOP ( 'NONE', ( #9745, #6140, #8167, #1426 ) ) ;
#8455 = EDGE_LOOP ( 'NONE', ( #5609, #4065, #3764, #1746 ) ) ;
#8456 = ADVANCED_FACE ( 'NONE', ( #5644 ), #3265, .T. ) ;
#8457 = LINE ( 'NONE', #2536, #4871 ) ;
#8458 = ORIENTED_EDGE ( 'NONE', *, *, #9324, .F. ) ;
#8459 = CARTESIAN_POINT ( 'NONE',  ( -159.9999999999999716, -5.000000000000000000, 39.89999999999999858 ) ) ;
#8460 = VERTEX_POINT ( 'NONE', #4803 ) ;
#8461 = EDGE_LOOP ( 'NONE', ( #1587, #2570, #1386, #8647 ) ) ;
#8462 = EDGE_CURVE ( 'NONE', #6782, #6835, #147, .T. ) ;
#8463 = EDGE_CURVE ( 'NONE', #1129, #8659, #7915, .T. ) ;
#8464 = DIRECTION ( 'NONE',  ( -0.000000000000000000, 1.000000000000000000, -0.000000000000000000 ) ) ;
#8465 = DIRECTION ( 'NONE',  ( -0.000000000000000000, -1.000000000000000000, -0.000000000000000000 ) ) ;
#8466 = VERTEX_POINT ( 'NONE', #1076 ) ;
#8467 = DIRECTION ( 'NONE',  ( 0.000000000000000000, 0.000000000000000000, 1.000000000000000000 ) ) ;
#8468 = ORIENTED_EDGE ( 'NONE', *, *, #478, .T. ) ;
#8469 = ADVANCED_FACE ( 'NONE', ( #7813 ), #9445, .T. ) ;
#8470 = ORIENTED_EDGE ( 'NONE', *, *, #4694, .F. ) ;
#8471 = VECTOR ( 'NONE', #6680, 1000.000000000000000 ) ;
#8472 = DIRECTION ( 'NONE',  ( -1.000000000000000000, 0.000000000000000000, 1.272130549049658700E-16 ) ) ;
#8473 = ORIENTED_EDGE ( 'NONE', *, *, #2608, .F. ) ;
#8474 = FACE_OUTER_BOUND ( 'NONE', #3529, .T. ) ;
#8475 = CARTESIAN_POINT ( 'NONE',  ( 33.68360285499690576, -5.000000000000000000, 23.63822177457588225 ) ) ;
#8476 = DIRECTION ( 'NONE',  ( -0.000000000000000000, -1.000000000000000000, -0.000000000000000000 ) ) ;
#8477 = CARTESIAN_POINT ( 'NONE',  ( -149.0000000000000000, 5.000000000000000000, 20.24999999999999645 ) ) ;
#8478 = EDGE_CURVE ( 'NONE', #1238, #7270, #4004, .T. ) ;
#8479 = ORIENTED_EDGE ( 'NONE', *, *, #366, .F. ) ;
#8480 = EDGE_CURVE ( 'NONE', #6596, #7074, #8576, .T. ) ;
#8481 = CARTESIAN_POINT ( 'NONE',  ( 63.83615979609819391, 5.000000000000000000, 20.24999999999999289 ) ) ;
#8482 = EDGE_LOOP ( 'NONE', ( #1990, #1783, #5461, #1670 ) ) ;
#8483 = CARTESIAN_POINT ( 'NONE',  ( -61.26105674500096399, -5.000000000000000000, 43.50000000000000000 ) ) ;
#8484 = AXIS2_PLACEMENT_3D ( 'NONE', #5287, #2853, #6690 ) ;
#8485 = VECTOR ( 'NONE', #2134, 1000.000000000000000 ) ;
#8486 = DIRECTION ( 'NONE',  ( 1.000000000000000000, 0.000000000000000000, -1.272130549049658700E-16 ) ) ;
#8487 = DIRECTION ( 'NONE',  ( -1.272130549049658700E-16, 0.000000000000000000, -1.000000000000000000 ) ) ;
#8488 = ORIENTED_EDGE ( 'NONE', *, *, #3800, .T. ) ;
#8489 = CARTESIAN_POINT ( 'NONE',  ( 18.84955592153875870, 5.000000000000000000, 43.50000000000000000 ) ) ;
#8490 = LINE ( 'NONE', #4703, #7272 ) ;
#8491 = EDGE_CURVE ( 'NONE', #4815, #9372, #9353, .T. ) ;
#8492 = CIRCLE ( 'NONE', #2121, 8.699999999995645439 ) ;
#8493 = AXIS2_PLACEMENT_3D ( 'NONE', #6215, #4722, #5411 ) ;
#8494 = DIRECTION ( 'NONE',  ( 0.000000000000000000, 0.000000000000000000, 1.000000000000000000 ) ) ;
#8495 = PLANE ( 'NONE',  #699 ) ;
#8496 = ORIENTED_EDGE ( 'NONE', *, *, #1582, .F. ) ;
#8497 = DIRECTION ( 'NONE',  ( 0.000000000000000000, 0.000000000000000000, 1.000000000000000000 ) ) ;
#8498 = LINE ( 'NONE', #3015, #2837 ) ;
#8499 = EDGE_LOOP ( 'NONE', ( #7769, #3678, #8752, #9687 ) ) ;
#8500 = FACE_OUTER_BOUND ( 'NONE', #5178, .T. ) ;
#8501 = CARTESIAN_POINT ( 'NONE',  ( -150.0000000000000000, 5.000000000000000000, 20.24999999999999645 ) ) ;
#8502 = VECTOR ( 'NONE', #6050, 1000.000000000000000 ) ;
#8503 = DIRECTION ( 'NONE',  ( 0.000000000000000000, 0.000000000000000000, 1.000000000000000000 ) ) ;
#8504 = EDGE_LOOP ( 'NONE', ( #9461, #3855, #2828, #6940 ) ) ;
#8505 = VERTEX_POINT ( 'NONE', #2528 ) ;
#8506 = VECTOR ( 'NONE', #7519, 1000.000000000000000 ) ;
#8507 = CARTESIAN_POINT ( 'NONE',  ( 135.9624004388519154, 5.000000000000000000, 23.63822177457588225 ) ) ;
#8508 = VECTOR ( 'NONE', #4913, 1000.000000000000000 ) ;
#8509 = EDGE_LOOP ( 'NONE', ( #6079, #6995, #1944, #5614 ) ) ;
#8510 = AXIS2_PLACEMENT_3D ( 'NONE', #7289, #5189, #4241 ) ;
#8511 = DIRECTION ( 'NONE',  ( 0.000000000000000000, 0.000000000000000000, 1.000000000000000000 ) ) ;
#8512 = VERTEX_POINT ( 'NONE', #4858 ) ;
#8513 = EDGE_LOOP ( 'NONE', ( #6771, #6725, #199, #6968 ) ) ;
#8514 = ADVANCED_FACE ( 'NONE', ( #5696 ), #1773, .T. ) ;
#8515 = DIRECTION ( 'NONE',  ( 0.000000000000000000, 1.000000000000000000, -0.000000000000000000 ) ) ;
#8516 = LINE ( 'NONE', #1788, #3586 ) ;
#8517 = VECTOR ( 'NONE', #9577, 1000.000000000000000 ) ;
#8518 = ORIENTED_EDGE ( 'NONE', *, *, #4558, .T. ) ;
#8519 = AXIS2_PLACEMENT_3D ( 'NONE', #3564, #4506, #1380 ) ;
#8520 = EDGE_LOOP ( 'NONE', ( #7547, #2541 ) ) ;
#8521 = EDGE_CURVE ( 'NONE', #8277, #9129, #330, .T. ) ;
#8522 = AXIS2_PLACEMENT_3D ( 'NONE', #351, #452, #4970 ) ;
#8523 = ORIENTED_EDGE ( 'NONE', *, *, #6786, .T. ) ;
#8524 = VECTOR ( 'NONE', #4243, 1000.000000000000000 ) ;
#8525 = CIRCLE ( 'NONE', #1844, 8.699999999995648992 ) ;
#8526 = DIRECTION ( 'NONE',  ( -0.000000000000000000, -1.000000000000000000, -0.000000000000000000 ) ) ;
#8527 = ORIENTED_EDGE ( 'NONE', *, *, #7678, .F. ) ;
#8528 = EDGE_CURVE ( 'NONE', #4212, #3926, #9543, .T. ) ;
#8529 = DIRECTION ( 'NONE',  ( -0.000000000000000000, -1.000000000000000000, -0.000000000000000000 ) ) ;
#8530 = CARTESIAN_POINT ( 'NONE',  ( -69.98895471346628483, -5.000000000000000000, 23.63822177457588225 ) ) ;
#8531 = DIRECTION ( 'NONE',  ( 0.000000000000000000, -1.000000000000000000, 0.000000000000000000 ) ) ;
#8532 = CARTESIAN_POINT ( 'NONE',  ( 92.11049367840631419, -5.000000000000000000, 20.24999999999999289 ) ) ;
#8533 = CIRCLE ( 'NONE', #5342, 8.699999999995645439 ) ;
#8534 = VERTEX_POINT ( 'NONE', #4151 ) ;
#8535 = VECTOR ( 'NONE', #3664, 1000.000000000000000 ) ;
#8536 = EDGE_CURVE ( 'NONE', #9272, #2106, #9499, .T. ) ;
#8537 = DIRECTION ( 'NONE',  ( 1.000000000000000000, 0.000000000000000000, -1.272130549049658700E-16 ) ) ;
#8538 = ORIENTED_EDGE ( 'NONE', *, *, #7819, .F. ) ;
#8539 = CARTESIAN_POINT ( 'NONE',  ( 85.00544962528653059, 5.000000000000000000, 25.27079167095700996 ) ) ;
#8540 = EDGE_CURVE ( 'NONE', #4657, #9067, #4057, .T. ) ;
#8541 = AXIS2_PLACEMENT_3D ( 'NONE', #2844, #9533, #4980 ) ;
#8542 = AXIS2_PLACEMENT_3D ( 'NONE', #2479, #6362, #7711 ) ;
#8543 = EDGE_CURVE ( 'NONE', #7006, #6527, #1736, .T. ) ;
#8544 = DIRECTION ( 'NONE',  ( -0.000000000000000000, -1.000000000000000000, -0.000000000000000000 ) ) ;
#8545 = LINE ( 'NONE', #4896, #4526 ) ;
#8546 = ORIENTED_EDGE ( 'NONE', *, *, #9381, .F. ) ;
#8547 = CARTESIAN_POINT ( 'NONE',  ( 35.12400879198030168, -5.000000000000000000, 20.24999999999999289 ) ) ;
#8548 = DIRECTION ( 'NONE',  ( -0.000000000000000000, -1.000000000000000000, -0.000000000000000000 ) ) ;
#8549 = VECTOR ( 'NONE', #2221, 1000.000000000000000 ) ;
#8550 = CARTESIAN_POINT ( 'NONE',  ( 49.69899285494412311, -5.000000000000000000, 20.24999999999999289 ) ) ;
#8551 = DIRECTION ( 'NONE',  ( 0.000000000000000000, 0.000000000000000000, -1.000000000000000000 ) ) ;
#8552 = EDGE_CURVE ( 'NONE', #1238, #6596, #6400, .T. ) ;
#8553 = ORIENTED_EDGE ( 'NONE', *, *, #7707, .F. ) ;
#8554 = CARTESIAN_POINT ( 'NONE',  ( 141.3716694115406938, -5.000000000000000000, 43.50000000000000000 ) ) ;
#8555 = CARTESIAN_POINT ( 'NONE',  ( 82.24789859582720908, 5.000000000000000000, 20.24999999999996447 ) ) ;
#8556 = VERTEX_POINT ( 'NONE', #2714 ) ;
#8557 = CARTESIAN_POINT ( 'NONE',  ( 2.575103051097219709, -5.000000000000000000, 20.24999999999999289 ) ) ;
#8558 = DIRECTION ( 'NONE',  ( 0.000000000000000000, 0.000000000000000000, 1.000000000000000000 ) ) ;
#8559 = DIRECTION ( 'NONE',  ( 0.000000000000000000, 0.000000000000000000, 1.000000000000000000 ) ) ;
#8560 = ORIENTED_EDGE ( 'NONE', *, *, #9748, .F. ) ;
#8561 = ORIENTED_EDGE ( 'NONE', *, *, #3353, .T. ) ;
#8562 = DIRECTION ( 'NONE',  ( -0.000000000000000000, 1.000000000000000000, -0.000000000000000000 ) ) ;
#8563 = VECTOR ( 'NONE', #1276, 1000.000000000000000 ) ;
#8564 = ORIENTED_EDGE ( 'NONE', *, *, #7257, .F. ) ;
#8565 = LINE ( 'NONE', #4016, #4033 ) ;
#8566 = EDGE_CURVE ( 'NONE', #8265, #3673, #5544, .T. ) ;
#8567 = ORIENTED_EDGE ( 'NONE', *, *, #2279, .T. ) ;
#8568 = ORIENTED_EDGE ( 'NONE', *, *, #1771, .T. ) ;
#8569 = CARTESIAN_POINT ( 'NONE',  ( 51.65383080586946818, -5.000000000000000000, 25.27079167095700640 ) ) ;
#8570 = CARTESIAN_POINT ( 'NONE',  ( 190.0000000000000000, -5.000000000000000000, -48.40000000000004121 ) ) ;
#8571 = CIRCLE ( 'NONE', #2526, 8.699999999995645439 ) ;
#8572 = ORIENTED_EDGE ( 'NONE', *, *, #6164, .T. ) ;
#8573 = EDGE_LOOP ( 'NONE', ( #209, #8258, #5889, #8228 ) ) ;
#8574 = EDGE_CURVE ( 'NONE', #7355, #9598, #7460, .T. ) ;
#8575 = ORIENTED_EDGE ( 'NONE', *, *, #1905, .T. ) ;
#8576 = CIRCLE ( 'NONE', #6020, 8.699999999995645439 ) ;
#8577 = DIRECTION ( 'NONE',  ( -0.000000000000000000, -1.000000000000000000, -0.000000000000000000 ) ) ;
#8578 = ORIENTED_EDGE ( 'NONE', *, *, #1616, .T. ) ;
#8579 = DIRECTION ( 'NONE',  ( -0.000000000000000000, 1.000000000000000000, -0.000000000000000000 ) ) ;
#8580 = DIRECTION ( 'NONE',  ( -0.000000000000000000, 1.000000000000000000, -0.000000000000000000 ) ) ;
#8581 = LINE ( 'NONE', #1929, #2628 ) ;
#8582 = FACE_OUTER_BOUND ( 'NONE', #4136, .T. ) ;
#8583 = EDGE_LOOP ( 'NONE', ( #9163, #8885, #2461, #138 ) ) ;
#8584 = EDGE_CURVE ( 'NONE', #7473, #6320, #5793, .T. ) ;
#8585 = LINE ( 'NONE', #8389, #6901 ) ;
#8586 = ORIENTED_EDGE ( 'NONE', *, *, #3106, .F. ) ;
#8587 = FACE_OUTER_BOUND ( 'NONE', #4573, .T. ) ;
#8588 = DIRECTION ( 'NONE',  ( -0.000000000000000000, -1.000000000000000000, -0.000000000000000000 ) ) ;
#8589 = CARTESIAN_POINT ( 'NONE',  ( 11.99988101186659861, -5.000000000000000000, 20.24999999999999289 ) ) ;
#8590 = CARTESIAN_POINT ( 'NONE',  ( -52.53315877653567156, 5.000000000000000000, 23.63822177457588225 ) ) ;
#8591 = ORIENTED_EDGE ( 'NONE', *, *, #4067, .F. ) ;
#8592 = EDGE_CURVE ( 'NONE', #2510, #2971, #1267, .T. ) ;
#8593 = DIRECTION ( 'NONE',  ( -0.000000000000000000, -1.000000000000000000, -0.000000000000000000 ) ) ;
#8594 = PLANE ( 'NONE',  #2180 ) ;
#8595 = EDGE_CURVE ( 'NONE', #1043, #9611, #4299, .T. ) ;
#8596 = DIRECTION ( 'NONE',  ( 0.000000000000000000, 0.000000000000000000, 1.000000000000000000 ) ) ;
#8597 = DIRECTION ( 'NONE',  ( 0.000000000000000000, 0.000000000000000000, 1.000000000000000000 ) ) ;
#8598 = ORIENTED_EDGE ( 'NONE', *, *, #6035, .T. ) ;
#8599 = FACE_OUTER_BOUND ( 'NONE', #8269, .T. ) ;
#8600 = CARTESIAN_POINT ( 'NONE',  ( 141.1892214331785738, -5.000000000000000000, 25.27079167095700640 ) ) ;
#8601 = VERTEX_POINT ( 'NONE', #5145 ) ;
#8602 = DIRECTION ( 'NONE',  ( -0.000000000000000000, 1.000000000000000000, -0.000000000000000000 ) ) ;
#8603 = DIRECTION ( 'NONE',  ( 0.000000000000000000, 0.000000000000000000, 1.000000000000000000 ) ) ;
#8604 = CARTESIAN_POINT ( 'NONE',  ( 84.82300164692441058, -5.000000000000000000, 43.50000000000000000 ) ) ;
#8605 = ORIENTED_EDGE ( 'NONE', *, *, #5151, .F. ) ;
#8606 = EDGE_CURVE ( 'NONE', #4539, #6191, #1310, .T. ) ;
#8607 = ORIENTED_EDGE ( 'NONE', *, *, #4750, .F. ) ;
#8608 = VECTOR ( 'NONE', #5548, 1000.000000000000000 ) ;
#8609 = DIRECTION ( 'NONE',  ( -0.000000000000000000, 1.000000000000000000, -0.000000000000000000 ) ) ;
#8610 = ORIENTED_EDGE ( 'NONE', *, *, #3771, .T. ) ;
#8611 = DIRECTION ( 'NONE',  ( 0.000000000000000000, 0.000000000000000000, 1.000000000000000000 ) ) ;
#8612 = EDGE_LOOP ( 'NONE', ( #6857, #2752, #3937, #3812 ) ) ;
#8613 = EDGE_LOOP ( 'NONE', ( #5840, #5337, #7832, #1888 ) ) ;
#8614 = CARTESIAN_POINT ( 'NONE',  ( 190.0000000000000000, 5.000000000000000000, 49.99999999999999289 ) ) ;
#8615 = VECTOR ( 'NONE', #7956, 1000.000000000000000 ) ;
#8616 = CARTESIAN_POINT ( 'NONE',  ( 13.44028694884998920, 5.000000000000000000, 23.63822177457588225 ) ) ;
#8617 = ORIENTED_EDGE ( 'NONE', *, *, #3508, .T. ) ;
#8618 = ADVANCED_FACE ( 'NONE', ( #571 ), #6694, .T. ) ;
#8619 = ORIENTED_EDGE ( 'NONE', *, *, #9717, .F. ) ;
#8620 = CIRCLE ( 'NONE', #8931, 1.000000000000000888 ) ;
#8621 = ORIENTED_EDGE ( 'NONE', *, *, #1070, .T. ) ;
#8622 = LINE ( 'NONE', #5672, #8188 ) ;
#8623 = ORIENTED_EDGE ( 'NONE', *, *, #5883, .T. ) ;
#8624 = CYLINDRICAL_SURFACE ( 'NONE', #9588, 19.87399999999006539 ) ;
#8625 = DIRECTION ( 'NONE',  ( -1.000000000000000000, 0.000000000000000000, 1.272130549049658700E-16 ) ) ;
#8626 = EDGE_CURVE ( 'NONE', #8820, #3599, #8195, .T. ) ;
#8627 = CARTESIAN_POINT ( 'NONE',  ( -131.2500114584672417, -5.000000000000000000, 23.63822177457588225 ) ) ;
#8628 = VERTEX_POINT ( 'NONE', #9590 ) ;
#8629 = CYLINDRICAL_SURFACE ( 'NONE', #9603, 1.000000000000000888 ) ;
#8630 = VERTEX_POINT ( 'NONE', #9734 ) ;
#8631 = DIRECTION ( 'NONE',  ( -0.000000000000000000, -1.000000000000000000, -0.000000000000000000 ) ) ;
#8632 = LINE ( 'NONE', #4843, #6822 ) ;
#8633 = DIRECTION ( 'NONE',  ( -0.000000000000000000, 1.000000000000000000, -0.000000000000000000 ) ) ;
#8634 = FACE_OUTER_BOUND ( 'NONE', #9654, .T. ) ;
#8635 = ORIENTED_EDGE ( 'NONE', *, *, #7099, .F. ) ;
#8636 = DIRECTION ( 'NONE',  ( -1.000000000000000000, 0.000000000000000000, 1.272130549049658700E-16 ) ) ;
#8637 = ADVANCED_FACE ( 'NONE', ( #1366 ), #5096, .T. ) ;
#8638 = AXIS2_PLACEMENT_3D ( 'NONE', #2694, #3380, #6484 ) ;
#8639 = DIRECTION ( 'NONE',  ( 1.000000000000000000, 0.000000000000000000, -1.272130549049658700E-16 ) ) ;
#8640 = EDGE_CURVE ( 'NONE', #4251, #1977, #4347, .T. ) ;
#8641 = CARTESIAN_POINT ( 'NONE',  ( -150.0000000000000000, 5.000000000000000000, -23.99999999999996447 ) ) ;
#8642 = CIRCLE ( 'NONE', #8796, 8.699999999995648992 ) ;
#8643 = FACE_OUTER_BOUND ( 'NONE', #3980, .T. ) ;
#8644 = ORIENTED_EDGE ( 'NONE', *, *, #7970, .T. ) ;
#8645 = DIRECTION ( 'NONE',  ( -0.000000000000000000, -1.000000000000000000, -0.000000000000000000 ) ) ;
#8646 = DIRECTION ( 'NONE',  ( 0.000000000000000000, 0.000000000000000000, 1.000000000000000000 ) ) ;
#8647 = ORIENTED_EDGE ( 'NONE', *, *, #1314, .T. ) ;
#8648 = DIRECTION ( 'NONE',  ( -0.000000000000000000, -1.000000000000000000, -0.000000000000000000 ) ) ;
#8649 = DIRECTION ( 'NONE',  ( 0.000000000000000000, 0.000000000000000000, 1.000000000000000000 ) ) ;
#8650 = EDGE_CURVE ( 'NONE', #5974, #9591, #4403, .T. ) ;
#8651 = DIRECTION ( 'NONE',  ( 1.000000000000000000, 0.000000000000000000, -1.272130549049658700E-16 ) ) ;
#8652 = AXIS2_PLACEMENT_3D ( 'NONE', #6890, #7751, #916 ) ;
#8653 = CIRCLE ( 'NONE', #8804, 8.699999999995645439 ) ;
#8654 = DIRECTION ( 'NONE',  ( 0.000000000000000000, 0.000000000000000000, 1.000000000000000000 ) ) ;
#8655 = DIRECTION ( 'NONE',  ( -0.000000000000000000, -1.000000000000000000, -0.000000000000000000 ) ) ;
#8656 = VECTOR ( 'NONE', #4932, 1000.000000000000000 ) ;
#8657 = ORIENTED_EDGE ( 'NONE', *, *, #3888, .F. ) ;
#8658 = AXIS2_PLACEMENT_3D ( 'NONE', #9454, #522, #5009 ) ;
#8659 = VERTEX_POINT ( 'NONE', #3502 ) ;
#8660 = EDGE_CURVE ( 'NONE', #3824, #5605, #1221, .T. ) ;
#8661 = CARTESIAN_POINT ( 'NONE',  ( -150.6139993939479496, 5.000000000000000000, 25.27079167095700996 ) ) ;
#8662 = EDGE_CURVE ( 'NONE', #5327, #9510, #4271, .T. ) ;
#8663 = DIRECTION ( 'NONE',  ( -0.000000000000000000, 1.000000000000000000, -0.000000000000000000 ) ) ;
#8664 = ORIENTED_EDGE ( 'NONE', *, *, #8322, .T. ) ;
#8665 = VECTOR ( 'NONE', #1898, 1000.000000000000000 ) ;
#8666 = EDGE_LOOP ( 'NONE', ( #5340, #3372, #568, #4086 ) ) ;
#8667 = CIRCLE ( 'NONE', #6756, 19.87399999999006539 ) ;
#8668 = CARTESIAN_POINT ( 'NONE',  ( 94.43022758605592060, -5.000000000000000000, 25.27079167095700996 ) ) ;
#8669 = VERTEX_POINT ( 'NONE', #8936 ) ;
#8670 = FACE_OUTER_BOUND ( 'NONE', #2547, .T. ) ;
#8671 = ORIENTED_EDGE ( 'NONE', *, *, #2912, .T. ) ;
#8672 = EDGE_CURVE ( 'NONE', #8910, #37, #7789, .T. ) ;
#8673 = AXIS2_PLACEMENT_3D ( 'NONE', #7812, #4003, #7053 ) ;
#8674 = VECTOR ( 'NONE', #3654, 1000.000000000000000 ) ;
#8675 = DIRECTION ( 'NONE',  ( -0.000000000000000000, 1.000000000000000000, -0.000000000000000000 ) ) ;
#8676 = DIRECTION ( 'NONE',  ( -0.000000000000000000, -1.000000000000000000, -0.000000000000000000 ) ) ;
#8677 = VECTOR ( 'NONE', #3885, 1000.000000000000000 ) ;
#8678 = CARTESIAN_POINT ( 'NONE',  ( -150.0000000000000000, 5.000000000000000000, 20.24999999999999645 ) ) ;
#8679 = ORIENTED_EDGE ( 'NONE', *, *, #3698, .T. ) ;
#8680 = AXIS2_PLACEMENT_3D ( 'NONE', #1151, #2660, #9534 ) ;
#8681 = AXIS2_PLACEMENT_3D ( 'NONE', #5228, #5782, #8830 ) ;
#8682 = VECTOR ( 'NONE', #6964, 1000.000000000000000 ) ;
#8683 = EDGE_LOOP ( 'NONE', ( #8225, #7786, #6261, #8295 ) ) ;
#8684 = DIRECTION ( 'NONE',  ( 0.000000000000000000, 0.000000000000000000, 1.000000000000000000 ) ) ;
#8685 = EDGE_CURVE ( 'NONE', #1742, #2707, #3652, .T. ) ;
#8686 = CARTESIAN_POINT ( 'NONE',  ( -150.0000000000000000, 5.000000000000000000, 20.24999999999999645 ) ) ;
#8687 = CARTESIAN_POINT ( 'NONE',  ( 131.2500114584672417, -5.000000000000000000, 23.63822177457588225 ) ) ;
#8688 = DIRECTION ( 'NONE',  ( 0.000000000000000000, 0.000000000000000000, 1.000000000000000000 ) ) ;
#8689 = VERTEX_POINT ( 'NONE', #4448 ) ;
#8690 = AXIS2_PLACEMENT_3D ( 'NONE', #848, #9274, #2551 ) ;
#8691 = CARTESIAN_POINT ( 'NONE',  ( 7.287492031481909827, -5.000000000000000000, 20.24999999999999289 ) ) ;
#8692 = AXIS2_PLACEMENT_3D ( 'NONE', #7816, #6253, #2328 ) ;
#8693 = CARTESIAN_POINT ( 'NONE',  ( -145.3871783996212912, -5.000000000000000000, 23.63822177457588225 ) ) ;
#8694 = AXIS2_PLACEMENT_3D ( 'NONE', #7981, #1901, #9526 ) ;
#8695 = DIRECTION ( 'NONE',  ( 0.000000000000000000, 0.000000000000000000, 1.000000000000000000 ) ) ;
#8696 = VECTOR ( 'NONE', #1624, 1000.000000000000000 ) ;
#8697 = ADVANCED_FACE ( 'NONE', ( #2109 ), #3550, .T. ) ;
#8698 = VECTOR ( 'NONE', #3009, 1000.000000000000000 ) ;
#8699 = DIRECTION ( 'NONE',  ( -0.000000000000000000, 1.000000000000000000, -0.000000000000000000 ) ) ;
#8700 = ORIENTED_EDGE ( 'NONE', *, *, #8030, .F. ) ;
#8701 = DIRECTION ( 'NONE',  ( -0.000000000000000000, 1.000000000000000000, -0.000000000000000000 ) ) ;
#8702 = CARTESIAN_POINT ( 'NONE',  ( -134.5219945018685337, -5.000000000000000000, 20.24999999999999289 ) ) ;
#8703 = ORIENTED_EDGE ( 'NONE', *, *, #7556, .F. ) ;
#8704 = DIRECTION ( 'NONE',  ( -0.000000000000000000, 1.000000000000000000, -0.000000000000000000 ) ) ;
#8705 = DIRECTION ( 'NONE',  ( -0.000000000000000000, -1.000000000000000000, -0.000000000000000000 ) ) ;
#8706 = DIRECTION ( 'NONE',  ( 1.000000000000000000, 0.000000000000000000, -1.272130549049658700E-16 ) ) ;
#8707 = VECTOR ( 'NONE', #4239, 1000.000000000000000 ) ;
#8708 = AXIS2_PLACEMENT_3D ( 'NONE', #5295, #5252, #8297 ) ;
#8709 = CARTESIAN_POINT ( 'NONE',  ( 113.0973355292325522, -5.000000000000000000, 43.50000000000000000 ) ) ;
#8710 = EDGE_CURVE ( 'NONE', #9121, #5640, #663, .T. ) ;
#8711 = CARTESIAN_POINT ( 'NONE',  ( -117.1128445173131780, 5.000000000000000000, 23.63822177457588225 ) ) ;
#8712 = EDGE_LOOP ( 'NONE', ( #1906, #4945 ) ) ;
#8713 = CIRCLE ( 'NONE', #7926, 19.87399999999006539 ) ;
#8714 = ORIENTED_EDGE ( 'NONE', *, *, #6225, .F. ) ;
#8715 = FACE_OUTER_BOUND ( 'NONE', #5043, .T. ) ;
#8716 = FACE_OUTER_BOUND ( 'NONE', #2110, .T. ) ;
#8717 = EDGE_CURVE ( 'NONE', #3894, #3034, #2959, .T. ) ;
#8718 = ORIENTED_EDGE ( 'NONE', *, *, #5311, .F. ) ;
#8719 = ORIENTED_EDGE ( 'NONE', *, *, #773, .T. ) ;
#8720 = EDGE_CURVE ( 'NONE', #5504, #7220, #6350, .T. ) ;
#8721 = CARTESIAN_POINT ( 'NONE',  ( -150.0000000000000000, 5.000000000000000000, 20.24999999999999645 ) ) ;
#8722 = VERTEX_POINT ( 'NONE', #2813 ) ;
#8723 = DIRECTION ( 'NONE',  ( 0.000000000000000000, 0.000000000000000000, 1.000000000000000000 ) ) ;
#8724 = ORIENTED_EDGE ( 'NONE', *, *, #9521, .T. ) ;
#8725 = VECTOR ( 'NONE', #778, 1000.000000000000000 ) ;
#8726 = CARTESIAN_POINT ( 'NONE',  ( -150.0000000000000000, 5.000000000000000000, 20.24999999999999645 ) ) ;
#8727 = LINE ( 'NONE', #4831, #2799 ) ;
#8728 = CYLINDRICAL_SURFACE ( 'NONE', #4412, 8.699999999995645439 ) ;
#8729 = ORIENTED_EDGE ( 'NONE', *, *, #9119, .T. ) ;
#8730 = ADVANCED_FACE ( 'NONE', ( #125 ), #9839, .T. ) ;
#8731 = AXIS2_PLACEMENT_3D ( 'NONE', #2021, #8054, #2066 ) ;
#8732 = ORIENTED_EDGE ( 'NONE', *, *, #6083, .F. ) ;
#8733 = CARTESIAN_POINT ( 'NONE',  ( -136.8417284095181117, -5.000000000000000000, 25.27079167095700640 ) ) ;
#8734 = CARTESIAN_POINT ( 'NONE',  ( 69.98895471346627062, -5.000000000000000000, 23.63822177457588225 ) ) ;
#8735 = DIRECTION ( 'NONE',  ( -0.000000000000000000, -1.000000000000000000, -0.000000000000000000 ) ) ;
#8736 = DIRECTION ( 'NONE',  ( -0.000000000000000000, -1.000000000000000000, -0.000000000000000000 ) ) ;
#8737 = CYLINDRICAL_SURFACE ( 'NONE', #4793, 8.699999999995645439 ) ;
#8738 = CARTESIAN_POINT ( 'NONE',  ( 61.95793673730504025, 5.000000000000000000, 23.63822177457588225 ) ) ;
#8739 = PLANE ( 'NONE',  #5198 ) ;
#8740 = ADVANCED_FACE ( 'NONE', ( #2364 ), #9046, .T. ) ;
#8741 = CARTESIAN_POINT ( 'NONE',  ( -104.3694375607672669, -5.000000000000000000, 23.63822177457588225 ) ) ;
#8742 = CARTESIAN_POINT ( 'NONE',  ( -85.51988163922850106, -5.000000000000000000, 23.63822177457588225 ) ) ;
#8743 = VERTEX_POINT ( 'NONE', #9137 ) ;
#8744 = CARTESIAN_POINT ( 'NONE',  ( 160.0000000000000000, -5.000000000000000000, -49.99999999999999289 ) ) ;
#8745 = DIRECTION ( 'NONE',  ( 0.000000000000000000, 0.000000000000000000, 1.000000000000000000 ) ) ;
#8746 = ORIENTED_EDGE ( 'NONE', *, *, #6809, .F. ) ;
#8747 = DIRECTION ( 'NONE',  ( -0.000000000000000000, 1.000000000000000000, -0.000000000000000000 ) ) ;
#8748 = DIRECTION ( 'NONE',  ( -0.000000000000000000, -1.000000000000000000, -0.000000000000000000 ) ) ;
#8749 = EDGE_CURVE ( 'NONE', #7518, #5849, #3754, .T. ) ;
#8750 = DIRECTION ( 'NONE',  ( -0.000000000000000000, -1.000000000000000000, -0.000000000000000000 ) ) ;
#8751 = CARTESIAN_POINT ( 'NONE',  ( 75.39822368615503478, -5.000000000000000000, 43.50000000000000000 ) ) ;
#8752 = ORIENTED_EDGE ( 'NONE', *, *, #8284, .F. ) ;
#8753 = ORIENTED_EDGE ( 'NONE', *, *, #5747, .F. ) ;
#8754 = CARTESIAN_POINT ( 'NONE',  ( -18.66710794317664224, -5.000000000000000000, 25.27079167095700996 ) ) ;
#8755 = DIRECTION ( 'NONE',  ( 0.000000000000000000, 0.000000000000000000, 1.000000000000000000 ) ) ;
#8756 = DIRECTION ( 'NONE',  ( -0.000000000000000000, 1.000000000000000000, -0.000000000000000000 ) ) ;
#8757 = ADVANCED_FACE ( 'NONE', ( #7605 ), #173, .T. ) ;
#8758 = ORIENTED_EDGE ( 'NONE', *, *, #8626, .T. ) ;
#8759 = EDGE_LOOP ( 'NONE', ( #3203, #7422, #2840, #1260 ) ) ;
#8760 = DIRECTION ( 'NONE',  ( 0.000000000000000000, 0.000000000000000000, 1.000000000000000000 ) ) ;
#8761 = VERTEX_POINT ( 'NONE', #3846 ) ;
#8762 = ADVANCED_FACE ( 'NONE', ( #3952 ), #3156, .T. ) ;
#8763 = AXIS2_PLACEMENT_3D ( 'NONE', #8243, #706, #1507 ) ;
#8764 = CARTESIAN_POINT ( 'NONE',  ( -121.8252334976978659, 5.000000000000000000, 23.63822177457588225 ) ) ;
#8765 = ORIENTED_EDGE ( 'NONE', *, *, #2850, .F. ) ;
#8766 = CARTESIAN_POINT ( 'NONE',  ( -159.9999999999999716, 5.000000000000000000, -29.89999999999999503 ) ) ;
#8767 = DIRECTION ( 'NONE',  ( -0.000000000000000000, 1.000000000000000000, -0.000000000000000000 ) ) ;
#8768 = EDGE_CURVE ( 'NONE', #7085, #3500, #2934, .T. ) ;
#8769 = CARTESIAN_POINT ( 'NONE',  ( -52.01872676259370820, -5.000000000000000000, 25.27079167095700640 ) ) ;
#8770 = ORIENTED_EDGE ( 'NONE', *, *, #1382, .T. ) ;
#8771 = AXIS2_PLACEMENT_3D ( 'NONE', #9517, #7935, #4126 ) ;
#8772 = ORIENTED_EDGE ( 'NONE', *, *, #4937, .T. ) ;
#8773 = CARTESIAN_POINT ( 'NONE',  ( 170.0000000000000000, 5.000000000000000000, 60.00000000000000000 ) ) ;
#8774 = DIRECTION ( 'NONE',  ( 0.000000000000000000, 0.000000000000000000, 1.000000000000000000 ) ) ;
#8775 = PLANE ( 'NONE',  #5639 ) ;
#8776 = LINE ( 'NONE', #2745, #4358 ) ;
#8777 = ORIENTED_EDGE ( 'NONE', *, *, #3292, .T. ) ;
#8778 = ADVANCED_FACE ( 'NONE', ( #3805 ), #67, .T. ) ;
#8779 = DIRECTION ( 'NONE',  ( 0.000000000000000000, 0.000000000000000000, 1.000000000000000000 ) ) ;
#8780 = EDGE_CURVE ( 'NONE', #361, #982, #3051, .T. ) ;
#8781 = ADVANCED_FACE ( 'NONE', ( #812 ), #2309, .T. ) ;
#8782 = FACE_OUTER_BOUND ( 'NONE', #149, .T. ) ;
#8783 = ORIENTED_EDGE ( 'NONE', *, *, #3029, .F. ) ;
#8784 = DIRECTION ( 'NONE',  ( 0.000000000000000000, 0.000000000000000000, 1.000000000000000000 ) ) ;
#8785 = ORIENTED_EDGE ( 'NONE', *, *, #5776, .F. ) ;
#8786 = DIRECTION ( 'NONE',  ( -0.000000000000000000, 1.000000000000000000, -0.000000000000000000 ) ) ;
#8787 = ORIENTED_EDGE ( 'NONE', *, *, #7550, .T. ) ;
#8788 = AXIS2_PLACEMENT_3D ( 'NONE', #112, #7792, #7034 ) ;
#8789 = LINE ( 'NONE', #8844, #3890 ) ;
#8790 = DIRECTION ( 'NONE',  ( -0.000000000000000000, -1.000000000000000000, -0.000000000000000000 ) ) ;
#8791 = EDGE_LOOP ( 'NONE', ( #3369, #2746, #1946, #853 ) ) ;
#8792 = EDGE_CURVE ( 'NONE', #4955, #2085, #8667, .T. ) ;
#8793 = CARTESIAN_POINT ( 'NONE',  ( -149.0000000000000000, -5.000000000000000000, -24.99999999999996803 ) ) ;
#8794 = DIRECTION ( 'NONE',  ( 0.000000000000000000, 1.000000000000000000, -0.000000000000000000 ) ) ;
#8795 = CARTESIAN_POINT ( 'NONE',  ( -109.0818265411519548, -5.000000000000000000, 23.63822177457588225 ) ) ;
#8796 = AXIS2_PLACEMENT_3D ( 'NONE', #3580, #6630, #6719 ) ;
#8797 = DIRECTION ( 'NONE',  ( -0.000000000000000000, 1.000000000000000000, -0.000000000000000000 ) ) ;
#8798 = FACE_OUTER_BOUND ( 'NONE', #5392, .T. ) ;
#8799 = ORIENTED_EDGE ( 'NONE', *, *, #3271, .T. ) ;
#8800 = ORIENTED_EDGE ( 'NONE', *, *, #1468, .F. ) ;
#8801 = VECTOR ( 'NONE', #4107, 1000.000000000000000 ) ;
#8802 = DIRECTION ( 'NONE',  ( 1.000000000000000000, 0.000000000000000000, -1.272130549049658700E-16 ) ) ;
#8803 = CARTESIAN_POINT ( 'NONE',  ( -150.0000000000000000, 5.000000000000000000, 20.24999999999999645 ) ) ;
#8804 = AXIS2_PLACEMENT_3D ( 'NONE', #7039, #2304, #808 ) ;
#8805 = LINE ( 'NONE', #1891, #5498 ) ;
#8806 = EDGE_LOOP ( 'NONE', ( #7691, #9107, #4308, #3071 ) ) ;
#8807 = ORIENTED_EDGE ( 'NONE', *, *, #2951, .T. ) ;
#8808 = AXIS2_PLACEMENT_3D ( 'NONE', #8280, #2150, #5186 ) ;
#8809 = AXIS2_PLACEMENT_3D ( 'NONE', #1686, #8655, #5515 ) ;
#8810 = CARTESIAN_POINT ( 'NONE',  ( 46.42700981154280981, 5.000000000000000000, 23.63822177457588225 ) ) ;
#8811 = CARTESIAN_POINT ( 'NONE',  ( 109.0818265411519405, -5.000000000000000000, 23.63822177457588225 ) ) ;
#8812 = ORIENTED_EDGE ( 'NONE', *, *, #4923, .T. ) ;
#8813 = EDGE_CURVE ( 'NONE', #1020, #4080, #2467, .T. ) ;
#8814 = FACE_OUTER_BOUND ( 'NONE', #6059, .T. ) ;
#8815 = ORIENTED_EDGE ( 'NONE', *, *, #7257, .T. ) ;
#8816 = DIRECTION ( 'NONE',  ( 0.000000000000000000, 0.000000000000000000, -1.000000000000000000 ) ) ;
#8817 = DIRECTION ( 'NONE',  ( -0.000000000000000000, -1.000000000000000000, -0.000000000000000000 ) ) ;
#8818 = AXIS2_PLACEMENT_3D ( 'NONE', #1139, #9565, #3293 ) ;
#8819 = DIRECTION ( 'NONE',  ( 1.000000000000000000, 0.000000000000000000, -1.272130549049658700E-16 ) ) ;
#8820 = VERTEX_POINT ( 'NONE', #2408 ) ;
#8821 = VECTOR ( 'NONE', #2713, 1000.000000000000000 ) ;
#8822 = ORIENTED_EDGE ( 'NONE', *, *, #786, .F. ) ;
#8823 = EDGE_CURVE ( 'NONE', #7670, #3774, #862, .T. ) ;
#8824 = AXIS2_PLACEMENT_3D ( 'NONE', #6849, #2216, #4639 ) ;
#8825 = CARTESIAN_POINT ( 'NONE',  ( -80.80749265884381316, 5.000000000000000000, 23.63822177457588225 ) ) ;
#8826 = LINE ( 'NONE', #8879, #7920 ) ;
#8827 = LINE ( 'NONE', #8687, #99 ) ;
#8828 = CARTESIAN_POINT ( 'NONE',  ( -150.6139993939479496, -5.000000000000000000, 25.27079167095700996 ) ) ;
#8829 = EDGE_LOOP ( 'NONE', ( #4200, #8375, #749, #5027 ) ) ;
#8830 = DIRECTION ( 'NONE',  ( 0.000000000000000000, 0.000000000000000000, 1.000000000000000000 ) ) ;
#8831 = CARTESIAN_POINT ( 'NONE',  ( 42.22905284510009238, 5.000000000000000000, 25.27079167095700640 ) ) ;
#8832 = AXIS2_PLACEMENT_3D ( 'NONE', #4934, #4185, #359 ) ;
#8833 = EDGE_CURVE ( 'NONE', #1965, #6488, #8439, .T. ) ;
#8834 = VERTEX_POINT ( 'NONE', #3898 ) ;
#8835 = VECTOR ( 'NONE', #323, 1000.000000000000000 ) ;
#8836 = AXIS2_PLACEMENT_3D ( 'NONE', #7265, #5707, #2447 ) ;
#8837 = DIRECTION ( 'NONE',  ( -0.000000000000000000, 1.000000000000000000, -0.000000000000000000 ) ) ;
#8838 = EDGE_LOOP ( 'NONE', ( #5912, #2291, #6209, #6546 ) ) ;
#8839 = ADVANCED_FACE ( 'NONE', ( #5248 ), #6950, .T. ) ;
#8840 = CARTESIAN_POINT ( 'NONE',  ( 49.69899285494412311, -5.000000000000000000, 20.24999999999999289 ) ) ;
#8841 = AXIS2_PLACEMENT_3D ( 'NONE', #8327, #1350, #9828 ) ;
#8842 = ORIENTED_EDGE ( 'NONE', *, *, #6862, .F. ) ;
#8843 = AXIS2_PLACEMENT_3D ( 'NONE', #2009, #9025, #1258 ) ;
#8844 = CARTESIAN_POINT ( 'NONE',  ( 72.82312063505781907, -5.000000000000000000, 20.24999999999999289 ) ) ;
#8845 = DIRECTION ( 'NONE',  ( -0.000000000000000000, 1.000000000000000000, -0.000000000000000000 ) ) ;
#8846 = ORIENTED_EDGE ( 'NONE', *, *, #2403, .F. ) ;
#8847 = CARTESIAN_POINT ( 'NONE',  ( 88.83851063500502221, -5.000000000000000000, 23.63822177457588225 ) ) ;
#8848 = DIRECTION ( 'NONE',  ( 1.000000000000000000, 0.000000000000000000, -1.272130549049658700E-16 ) ) ;
#8849 = VECTOR ( 'NONE', #294, 1000.000000000000000 ) ;
#8850 = VECTOR ( 'NONE', #4022, 1000.000000000000000 ) ;
#8851 = EDGE_CURVE ( 'NONE', #2775, #9523, #1462, .T. ) ;
#8852 = DIRECTION ( 'NONE',  ( 0.000000000000000000, 0.000000000000000000, 1.000000000000000000 ) ) ;
#8853 = CARTESIAN_POINT ( 'NONE',  ( -46.94144182548478028, -5.000000000000000000, 25.27079167095700996 ) ) ;
#8854 = EDGE_LOOP ( 'NONE', ( #7635, #7129, #2118, #3679 ) ) ;
#8855 = LINE ( 'NONE', #9744, #4736 ) ;
#8856 = VERTEX_POINT ( 'NONE', #7545 ) ;
#8857 = VECTOR ( 'NONE', #1297, 1000.000000000000000 ) ;
#8858 = DIRECTION ( 'NONE',  ( -0.000000000000000000, 1.000000000000000000, -0.000000000000000000 ) ) ;
#8859 = AXIS2_PLACEMENT_3D ( 'NONE', #5262, #3772, #9062 ) ;
#8860 = PLANE ( 'NONE',  #7417 ) ;
#8861 = DIRECTION ( 'NONE',  ( 0.000000000000000000, 0.000000000000000000, 1.000000000000000000 ) ) ;
#8862 = ORIENTED_EDGE ( 'NONE', *, *, #4415, .F. ) ;
#8863 = ORIENTED_EDGE ( 'NONE', *, *, #7874, .F. ) ;
#8864 = EDGE_CURVE ( 'NONE', #338, #8722, #2623, .T. ) ;
#8865 = AXIS2_PLACEMENT_3D ( 'NONE', #9437, #7238, #464 ) ;
#8866 = DIRECTION ( 'NONE',  ( -0.000000000000000000, 1.000000000000000000, -0.000000000000000000 ) ) ;
#8867 = DIRECTION ( 'NONE',  ( -0.000000000000000000, 1.000000000000000000, -0.000000000000000000 ) ) ;
#8868 = EDGE_LOOP ( 'NONE', ( #2495, #8523, #3787, #2617 ) ) ;
#8869 = LINE ( 'NONE', #3672, #7708 ) ;
#8870 = ORIENTED_EDGE ( 'NONE', *, *, #8592, .F. ) ;
#8871 = CARTESIAN_POINT ( 'NONE',  ( -150.0000000000000000, 5.000000000000000000, 20.24999999999999645 ) ) ;
#8872 = CIRCLE ( 'NONE', #4568, 8.699999999995648992 ) ;
#8873 = DIRECTION ( 'NONE',  ( -0.000000000000000000, -1.000000000000000000, -0.000000000000000000 ) ) ;
#8874 = ORIENTED_EDGE ( 'NONE', *, *, #5419, .F. ) ;
#8875 = EDGE_CURVE ( 'NONE', #3357, #306, #6348, .T. ) ;
#8876 = VERTEX_POINT ( 'NONE', #8590 ) ;
#8877 = AXIS2_PLACEMENT_3D ( 'NONE', #8320, #2347, #6981 ) ;
#8878 = DIRECTION ( 'NONE',  ( -0.000000000000000000, -1.000000000000000000, -0.000000000000000000 ) ) ;
#8879 = CARTESIAN_POINT ( 'NONE',  ( -101.5352716391757042, -5.000000000000000000, 20.24999999999999289 ) ) ;
#8880 = CARTESIAN_POINT ( 'NONE',  ( -28.27433388230813804, -5.000000000000000000, 43.50000000000000000 ) ) ;
#8881 = DIRECTION ( 'NONE',  ( -0.000000000000000000, -1.000000000000000000, -0.000000000000000000 ) ) ;
#8882 = LINE ( 'NONE', #2057, #9254 ) ;
#8883 =( LENGTH_UNIT ( ) NAMED_UNIT ( * ) SI_UNIT ( .MILLI., .METRE. ) );
#8884 = AXIS2_PLACEMENT_3D ( 'NONE', #7617, #9152, #274 ) ;
#8885 = ORIENTED_EDGE ( 'NONE', *, *, #7612, .F. ) ;
#8886 = ADVANCED_FACE ( 'NONE', ( #9342 ), #3995, .T. ) ;
#8887 = DIRECTION ( 'NONE',  ( -0.000000000000000000, -1.000000000000000000, -0.000000000000000000 ) ) ;
#8888 = ORIENTED_EDGE ( 'NONE', *, *, #806, .T. ) ;
#8889 = CARTESIAN_POINT ( 'NONE',  ( -70.50338672740822688, -5.000000000000000000, 25.27079167095700996 ) ) ;
#8890 = ORIENTED_EDGE ( 'NONE', *, *, #3526, .T. ) ;
#8891 = EDGE_CURVE ( 'NONE', #8355, #9523, #2517, .T. ) ;
#8892 = AXIS2_PLACEMENT_3D ( 'NONE', #6043, #18, #1511 ) ;
#8893 = CARTESIAN_POINT ( 'NONE',  ( -150.0000000000000000, 5.000000000000000000, 20.24999999999999645 ) ) ;
#8894 = CARTESIAN_POINT ( 'NONE',  ( 160.0000000000000000, 5.000000000000000000, -40.89999999999999858 ) ) ;
#8895 = ORIENTED_EDGE ( 'NONE', *, *, #519, .T. ) ;
#8896 = LINE ( 'NONE', #8939, #7424 ) ;
#8897 = LINE ( 'NONE', #9051, #8549 ) ;
#8898 = EDGE_CURVE ( 'NONE', #2336, #189, #9310, .T. ) ;
#8899 = CYLINDRICAL_SURFACE ( 'NONE', #7421, 8.699999999995648992 ) ;
#8900 = DIRECTION ( 'NONE',  ( -1.000000000000000000, 0.000000000000000000, 1.272130549049658700E-16 ) ) ;
#8901 = ORIENTED_EDGE ( 'NONE', *, *, #6511, .T. ) ;
#8902 = DIRECTION ( 'NONE',  ( -0.000000000000000000, -1.000000000000000000, -0.000000000000000000 ) ) ;
#8903 = ORIENTED_EDGE ( 'NONE', *, *, #3978, .F. ) ;
#8904 = LINE ( 'NONE', #2077, #1048 ) ;
#8905 = DIRECTION ( 'NONE',  ( -0.000000000000000000, -1.000000000000000000, -0.000000000000000000 ) ) ;
#8906 = DIRECTION ( 'NONE',  ( 0.000000000000000000, 0.000000000000000000, 1.000000000000000000 ) ) ;
#8907 = EDGE_CURVE ( 'NONE', #7856, #9374, #8983, .T. ) ;
#8908 = EDGE_CURVE ( 'NONE', #6913, #8351, #1869, .T. ) ;
#8909 = EDGE_LOOP ( 'NONE', ( #3532, #7932, #1189, #4342 ) ) ;
#8910 = VERTEX_POINT ( 'NONE', #410 ) ;
#8911 = DIRECTION ( 'NONE',  ( -0.000000000000000000, 1.000000000000000000, -0.000000000000000000 ) ) ;
#8912 = CYLINDRICAL_SURFACE ( 'NONE', #2284, 8.699999999995645439 ) ;
#8913 = ORIENTED_EDGE ( 'NONE', *, *, #6096, .F. ) ;
#8914 = DIRECTION ( 'NONE',  ( -0.000000000000000000, 1.000000000000000000, -0.000000000000000000 ) ) ;
#8915 = ORIENTED_EDGE ( 'NONE', *, *, #859, .F. ) ;
#8916 = DIRECTION ( 'NONE',  ( -0.000000000000000000, -1.000000000000000000, -0.000000000000000000 ) ) ;
#8917 = ADVANCED_FACE ( 'NONE', ( #6295 ), #4792, .T. ) ;
#8918 = LINE ( 'NONE', #3730, #295 ) ;
#8919 = ORIENTED_EDGE ( 'NONE', *, *, #4599, .F. ) ;
#8920 = VECTOR ( 'NONE', #6669, 1000.000000000000000 ) ;
#8921 = ORIENTED_EDGE ( 'NONE', *, *, #6152, .F. ) ;
#8922 = CARTESIAN_POINT ( 'NONE',  ( -150.0000000000000000, -5.000000000000000000, 20.24999999999999645 ) ) ;
#8923 = DIRECTION ( 'NONE',  ( -1.000000000000000000, 0.000000000000000000, 1.272130549049658700E-16 ) ) ;
#8924 = DIRECTION ( 'NONE',  ( -0.000000000000000000, 1.000000000000000000, -0.000000000000000000 ) ) ;
#8925 = CARTESIAN_POINT ( 'NONE',  ( -150.0000000000000000, 5.000000000000000000, 20.24999999999999645 ) ) ;
#8926 = CYLINDRICAL_SURFACE ( 'NONE', #9420, 8.699999999995648992 ) ;
#8927 = DIRECTION ( 'NONE',  ( 1.000000000000000000, 0.000000000000000000, -1.272130549049658700E-16 ) ) ;
#8928 = ORIENTED_EDGE ( 'NONE', *, *, #5419, .T. ) ;
#8929 = DIRECTION ( 'NONE',  ( 0.000000000000000000, -1.000000000000000000, 0.000000000000000000 ) ) ;
#8930 = ORIENTED_EDGE ( 'NONE', *, *, #9396, .T. ) ;
#8931 = AXIS2_PLACEMENT_3D ( 'NONE', #489, #1283, #8020 ) ;
#8932 = DIRECTION ( 'NONE',  ( 0.000000000000000000, 0.000000000000000000, 1.000000000000000000 ) ) ;
#8933 = ORIENTED_EDGE ( 'NONE', *, *, #5657, .T. ) ;
#8934 = EDGE_CURVE ( 'NONE', #4073, #1147, #8545, .T. ) ;
#8935 = LINE ( 'NONE', #1365, #5481 ) ;
#8936 = CARTESIAN_POINT ( 'NONE',  ( -149.0000000000000000, -5.000000000000000000, 20.24999999999999645 ) ) ;
#8937 = VERTEX_POINT ( 'NONE', #276 ) ;
#8938 = SHAPE_DEFINITION_REPRESENTATION ( #48, #8443 ) ;
#8939 = CARTESIAN_POINT ( 'NONE',  ( -150.0000000000000000, 5.000000000000000000, 20.24999999999999645 ) ) ;
#8940 = LINE ( 'NONE', #576, #9813 ) ;
#8941 = EDGE_CURVE ( 'NONE', #7973, #3433, #7186, .T. ) ;
#8942 = FACE_OUTER_BOUND ( 'NONE', #9192, .T. ) ;
#8943 = CIRCLE ( 'NONE', #5283, 8.699999999995645439 ) ;
#8944 = CARTESIAN_POINT ( 'NONE',  ( -59.12377081571349891, 5.000000000000000000, 20.24999999999999289 ) ) ;
#8945 = ORIENTED_EDGE ( 'NONE', *, *, #9087, .T. ) ;
#8946 = EDGE_CURVE ( 'NONE', #8148, #9411, #1984, .T. ) ;
#8947 = FACE_OUTER_BOUND ( 'NONE', #7138, .T. ) ;
#8948 = ORIENTED_EDGE ( 'NONE', *, *, #7626, .F. ) ;
#8949 = CARTESIAN_POINT ( 'NONE',  ( -150.0000000000000000, -5.000000000000000000, 20.24999999999999645 ) ) ;
#8950 = DIRECTION ( 'NONE',  ( -0.000000000000000000, 1.000000000000000000, -0.000000000000000000 ) ) ;
#8951 = CYLINDRICAL_SURFACE ( 'NONE', #5812, 8.699999999995648992 ) ;
#8952 = VECTOR ( 'NONE', #6336, 1000.000000000000000 ) ;
#8953 = VERTEX_POINT ( 'NONE', #3306 ) ;
#8954 = ORIENTED_EDGE ( 'NONE', *, *, #3617, .F. ) ;
#8955 = CARTESIAN_POINT ( 'NONE',  ( -89.71783860567123270, -5.000000000000000000, 25.27079167095700640 ) ) ;
#8956 = PLANE ( 'NONE',  #4025 ) ;
#8957 = EDGE_CURVE ( 'NONE', #3705, #5658, #7848, .T. ) ;
#8958 = AXIS2_PLACEMENT_3D ( 'NONE', #6946, #5539, #3250 ) ;
#8959 = ORIENTED_EDGE ( 'NONE', *, *, #4708, .T. ) ;
#8960 = EDGE_CURVE ( 'NONE', #1642, #1569, #7145, .T. ) ;
#8961 = CIRCLE ( 'NONE', #9120, 19.87399999999006539 ) ;
#8962 = DIRECTION ( 'NONE',  ( -1.000000000000000000, 0.000000000000000000, 1.272130549049658700E-16 ) ) ;
#8963 = ORIENTED_EDGE ( 'NONE', *, *, #8219, .T. ) ;
#8964 = DIRECTION ( 'NONE',  ( 0.000000000000000000, 0.000000000000000000, 1.000000000000000000 ) ) ;
#8965 = ORIENTED_EDGE ( 'NONE', *, *, #9304, .T. ) ;
#8966 = DIRECTION ( 'NONE',  ( 1.000000000000000000, 0.000000000000000000, -1.272130549049658700E-16 ) ) ;
#8967 = CIRCLE ( 'NONE', #7215, 8.699999999995645439 ) ;
#8968 = VERTEX_POINT ( 'NONE', #3349 ) ;
#8969 = AXIS2_PLACEMENT_3D ( 'NONE', #5760, #9665, #5169 ) ;
#8970 = EDGE_CURVE ( 'NONE', #4855, #6135, #5951, .T. ) ;
#8971 = EDGE_LOOP ( 'NONE', ( #8765, #7299, #6569, #4976 ) ) ;
#8972 = CARTESIAN_POINT ( 'NONE',  ( -47.30633778220901320, 5.000000000000000000, 25.27079167095700640 ) ) ;
#8973 = AXIS2_PLACEMENT_3D ( 'NONE', #5527, #8577, #3038 ) ;
#8975 = AXIS2_PLACEMENT_3D ( 'NONE', #6409, #1784, #4814 ) ;
#8974 = CARTESIAN_POINT ( 'NONE',  ( 56.73111574297840320, 5.000000000000000000, 25.27079167095700996 ) ) ;
#8976 = DIRECTION ( 'NONE',  ( -0.000000000000000000, 1.000000000000000000, 0.000000000000000000 ) ) ;
#8977 = CARTESIAN_POINT ( 'NONE',  ( -28.09188590394602159, 5.000000000000000000, 25.27079167095700996 ) ) ;
#8978 = DIRECTION ( 'NONE',  ( -1.272130549049658700E-16, 0.000000000000000000, -1.000000000000000000 ) ) ;
#8979 = PLANE ( 'NONE',  #1712 ) ;
#8980 = ORIENTED_EDGE ( 'NONE', *, *, #9497, .F. ) ;
#8981 = VECTOR ( 'NONE', #1391, 1000.000000000000000 ) ;
#8982 = VECTOR ( 'NONE', #8349, 1000.000000000000000 ) ;
#8983 = CIRCLE ( 'NONE', #3258, 1.000000000000000888 ) ;
#8984 = ADVANCED_FACE ( 'NONE', ( #8634 ), #1810, .F. ) ;
#8985 = FACE_OUTER_BOUND ( 'NONE', #891, .T. ) ;
#8986 = VERTEX_POINT ( 'NONE', #2605 ) ;
#8987 = CARTESIAN_POINT ( 'NONE',  ( 77.53550961544250697, -5.000000000000000000, 20.24999999999999289 ) ) ;
#8988 = ORIENTED_EDGE ( 'NONE', *, *, #7308, .T. ) ;
#8989 = DIRECTION ( 'NONE',  ( -0.000000000000000000, 1.000000000000000000, -0.000000000000000000 ) ) ;
#8990 = DIRECTION ( 'NONE',  ( -0.000000000000000000, 1.000000000000000000, -0.000000000000000000 ) ) ;
#8991 = VERTEX_POINT ( 'NONE', #9485 ) ;
#8992 = AXIS2_PLACEMENT_3D ( 'NONE', #5630, #460, #5834 ) ;
#8994 = VECTOR ( 'NONE', #8747, 1000.000000000000000 ) ;
#8993 = DIRECTION ( 'NONE',  ( 0.000000000000000000, 0.000000000000000000, 1.000000000000000000 ) ) ;
#8995 = CIRCLE ( 'NONE', #8199, 8.699999999995645439 ) ;
#8996 = DIRECTION ( 'NONE',  ( 0.000000000000000000, 0.000000000000000000, 1.000000000000000000 ) ) ;
#8997 = EDGE_CURVE ( 'NONE', #5064, #3014, #8034, .T. ) ;
#8998 = CIRCLE ( 'NONE', #6617, 8.699999999995648992 ) ;
#8999 = DIRECTION ( 'NONE',  ( -0.000000000000000000, 1.000000000000000000, -0.000000000000000000 ) ) ;
#9000 = CIRCLE ( 'NONE', #8681, 8.699999999995645439 ) ;
#9001 = CIRCLE ( 'NONE', #9644, 10.00000000000000178 ) ;
#9002 = DIRECTION ( 'NONE',  ( 0.000000000000000000, 0.000000000000000000, 1.000000000000000000 ) ) ;
#9003 = VERTEX_POINT ( 'NONE', #1910 ) ;
#9004 = CARTESIAN_POINT ( 'NONE',  ( -150.0000000000000000, 5.000000000000000000, 20.24999999999999645 ) ) ;
#9005 = EDGE_LOOP ( 'NONE', ( #6774, #4870, #3064, #7944 ) ) ;
#9006 = DIRECTION ( 'NONE',  ( -0.000000000000000000, 1.000000000000000000, -0.000000000000000000 ) ) ;
#9007 = DIRECTION ( 'NONE',  ( 0.000000000000000000, 0.000000000000000000, 1.000000000000000000 ) ) ;
#9008 = CARTESIAN_POINT ( 'NONE',  ( -16.71226999225129006, 5.000000000000000000, 20.24999999999999289 ) ) ;
#9009 = VECTOR ( 'NONE', #9307, 1000.000000000000000 ) ;
#9010 = CIRCLE ( 'NONE', #6784, 8.699999999995648992 ) ;
#9011 = ORIENTED_EDGE ( 'NONE', *, *, #6710, .F. ) ;
#9012 = CIRCLE ( 'NONE', #4706, 10.00000000000000178 ) ;
#9013 = ORIENTED_EDGE ( 'NONE', *, *, #1574, .F. ) ;
#9014 = EDGE_CURVE ( 'NONE', #1302, #2885, #1666, .T. ) ;
#9015 = LINE ( 'NONE', #683, #1440 ) ;
#9016 = FACE_OUTER_BOUND ( 'NONE', #2930, .T. ) ;
#9017 = CIRCLE ( 'NONE', #5826, 19.87399999999006539 ) ;
#9018 = EDGE_LOOP ( 'NONE', ( #3129, #5844, #1455, #8083 ) ) ;
#9019 = AXIS2_PLACEMENT_3D ( 'NONE', #8604, #7817, #3918 ) ;
#9020 = CIRCLE ( 'NONE', #8045, 8.699999999995648992 ) ;
#9021 = CYLINDRICAL_SURFACE ( 'NONE', #4671, 19.87399999999006539 ) ;
#9022 = ORIENTED_EDGE ( 'NONE', *, *, #7172, .F. ) ;
#9023 = EDGE_CURVE ( 'NONE', #6264, #1180, #2703, .T. ) ;
#9024 = DIRECTION ( 'NONE',  ( -0.000000000000000000, 1.000000000000000000, -0.000000000000000000 ) ) ;
#9025 = DIRECTION ( 'NONE',  ( -1.272130549049658700E-16, 0.000000000000000000, -1.000000000000000000 ) ) ;
#9026 = ORIENTED_EDGE ( 'NONE', *, *, #5717, .F. ) ;
#9027 = CARTESIAN_POINT ( 'NONE',  ( -53.97356471351906038, 5.000000000000000000, 20.24999999999999289 ) ) ;
#9028 = ORIENTED_EDGE ( 'NONE', *, *, #2761, .T. ) ;
#9029 = VECTOR ( 'NONE', #5148, 1000.000000000000000 ) ;
#9030 = EDGE_CURVE ( 'NONE', #1863, #1645, #1506, .T. ) ;
#9031 = ORIENTED_EDGE ( 'NONE', *, *, #1382, .F. ) ;
#9032 = CARTESIAN_POINT ( 'NONE',  ( 0.1824479783621157925, 5.000000000000000000, 25.27079167095700996 ) ) ;
#9033 = VECTOR ( 'NONE', #8028, 1000.000000000000000 ) ;
#9034 = DIRECTION ( 'NONE',  ( 0.000000000000000000, 0.000000000000000000, 1.000000000000000000 ) ) ;
#9035 = DIRECTION ( 'NONE',  ( -0.000000000000000000, -1.000000000000000000, -0.000000000000000000 ) ) ;
#9036 = CARTESIAN_POINT ( 'NONE',  ( -94.43022758605592060, -5.000000000000000000, 25.27079167095700640 ) ) ;
#9037 = DIRECTION ( 'NONE',  ( 0.000000000000000000, 0.000000000000000000, 1.000000000000000000 ) ) ;
#9038 = EDGE_CURVE ( 'NONE', #1504, #89, #8776, .T. ) ;
#9039 = ORIENTED_EDGE ( 'NONE', *, *, #8595, .T. ) ;
#9040 = AXIS2_PLACEMENT_3D ( 'NONE', #1550, #4578, #8467 ) ;
#9041 = LINE ( 'NONE', #1410, #4304 ) ;
#9042 = ORIENTED_EDGE ( 'NONE', *, *, #5505, .T. ) ;
#9043 = DIRECTION ( 'NONE',  ( 1.000000000000000000, 0.000000000000000000, -1.272130549049658700E-16 ) ) ;
#9044 = ORIENTED_EDGE ( 'NONE', *, *, #2803, .F. ) ;
#9045 = LINE ( 'NONE', #2215, #4999 ) ;
#9046 = CYLINDRICAL_SURFACE ( 'NONE', #8892, 19.87399999999006539 ) ;
#9047 = VERTEX_POINT ( 'NONE', #8038 ) ;
#9048 = ORIENTED_EDGE ( 'NONE', *, *, #195, .T. ) ;
#9049 = VECTOR ( 'NONE', #4604, 1000.000000000000000 ) ;
#9050 = CARTESIAN_POINT ( 'NONE',  ( -63.39834267428844328, -5.000000000000000000, 20.24999999999999289 ) ) ;
#9051 = CARTESIAN_POINT ( 'NONE',  ( 8.727897968465299527, -5.000000000000000000, 23.63822177457588225 ) ) ;
#9052 = ADVANCED_FACE ( 'NONE', ( #2098 ), #610, .T. ) ;
#9053 = CARTESIAN_POINT ( 'NONE',  ( 160.0000000000000000, -5.000000000000000000, -40.89999999999999858 ) ) ;
#9054 = VECTOR ( 'NONE', #7346, 1000.000000000000000 ) ;
#9055 = LINE ( 'NONE', #6097, #4681 ) ;
#9056 = EDGE_LOOP ( 'NONE', ( #8919, #2518, #3570, #1656 ) ) ;
#9057 = CARTESIAN_POINT ( 'NONE',  ( 21.42465897263597796, 5.000000000000000000, 20.24999999999999289 ) ) ;
#9058 = ORIENTED_EDGE ( 'NONE', *, *, #7819, .T. ) ;
#9059 = DIRECTION ( 'NONE',  ( -0.000000000000000000, -1.000000000000000000, -0.000000000000000000 ) ) ;
#9060 = EDGE_CURVE ( 'NONE', #2741, #2852, #9145, .T. ) ;
#9061 = CARTESIAN_POINT ( 'NONE',  ( -42.59394880182432530, -5.000000000000000000, 25.27079167095700640 ) ) ;
#9062 = DIRECTION ( 'NONE',  ( 0.000000000000000000, 0.000000000000000000, 1.000000000000000000 ) ) ;
#9063 = ORIENTED_EDGE ( 'NONE', *, *, #1930, .F. ) ;
#9064 = VERTEX_POINT ( 'NONE', #7382 ) ;
#9065 = CARTESIAN_POINT ( 'NONE',  ( -30.41161981159560668, -5.000000000000000000, 20.24999999999999289 ) ) ;
#9066 = CARTESIAN_POINT ( 'NONE',  ( -73.26093775686756260, -5.000000000000000000, 20.24999999999999289 ) ) ;
#9067 = VERTEX_POINT ( 'NONE', #8092 ) ;
#9068 = CARTESIAN_POINT ( 'NONE',  ( -169.9999999999999716, -5.000000000000000000, -29.89999999999999503 ) ) ;
#9069 = VERTEX_POINT ( 'NONE', #6641 ) ;
#9070 = ADVANCED_FACE ( 'NONE', ( #6585 ), #2004, .T. ) ;
#9071 = LINE ( 'NONE', #2239, #1315 ) ;
#9072 = FACE_OUTER_BOUND ( 'NONE', #9005, .T. ) ;
#9073 = DIRECTION ( 'NONE',  ( -0.000000000000000000, 1.000000000000000000, -0.000000000000000000 ) ) ;
#9074 = ORIENTED_EDGE ( 'NONE', *, *, #2330, .F. ) ;
#9075 = ORIENTED_EDGE ( 'NONE', *, *, #2850, .T. ) ;
#9076 = CARTESIAN_POINT ( 'NONE',  ( -89.35294264894697847, -5.000000000000000000, 25.27079167095700996 ) ) ;
#9077 = EDGE_CURVE ( 'NONE', #6270, #4213, #1406, .T. ) ;
#9078 = LINE ( 'NONE', #4626, #2427 ) ;
#9079 = CARTESIAN_POINT ( 'NONE',  ( 146.7809383842294437, 5.000000000000000000, 23.63822177457588225 ) ) ;
#9080 = CYLINDRICAL_SURFACE ( 'NONE', #3581, 8.699999999995648992 ) ;
#9081 = PLANE ( 'NONE',  #7610 ) ;
#9082 = ORIENTED_EDGE ( 'NONE', *, *, #7125, .T. ) ;
#9083 = AXIS2_PLACEMENT_3D ( 'NONE', #4051, #9242, #7101 ) ;
#9084 = DIRECTION ( 'NONE',  ( -0.000000000000000000, -1.000000000000000000, -0.000000000000000000 ) ) ;
#9085 = ORIENTED_EDGE ( 'NONE', *, *, #2426, .T. ) ;
#9086 = LINE ( 'NONE', #8987, #6412 ) ;
#9087 = EDGE_CURVE ( 'NONE', #244, #4242, #1256, .T. ) ;
#9088 = ORIENTED_EDGE ( 'NONE', *, *, #478, .F. ) ;
#9089 = EDGE_CURVE ( 'NONE', #4658, #1215, #7484, .T. ) ;
#9090 = DIRECTION ( 'NONE',  ( 0.000000000000000000, 0.000000000000000000, 1.000000000000000000 ) ) ;
#9091 = DIRECTION ( 'NONE',  ( -1.000000000000000000, 0.000000000000000000, 1.272130549049658700E-16 ) ) ;
#9092 = CIRCLE ( 'NONE', #3509, 19.87399999999006539 ) ;
#9093 = ORIENTED_EDGE ( 'NONE', *, *, #9509, .F. ) ;
#9094 = ORIENTED_EDGE ( 'NONE', *, *, #8685, .T. ) ;
#9095 = DIRECTION ( 'NONE',  ( -0.000000000000000000, 1.000000000000000000, 0.000000000000000000 ) ) ;
#9096 = CARTESIAN_POINT ( 'NONE',  ( 94.94465959999786264, -5.000000000000000000, 23.63822177457588225 ) ) ;
#9097 = CYLINDRICAL_SURFACE ( 'NONE', #8070, 19.87399999999006539 ) ;
#9098 = CARTESIAN_POINT ( 'NONE',  ( -123.2189934823060327, -5.000000000000000000, 23.63822177457588580 ) ) ;
#9099 = EDGE_CURVE ( 'NONE', #3217, #2662, #1034, .T. ) ;
#9100 = VERTEX_POINT ( 'NONE', #3536 ) ;
#9101 = CARTESIAN_POINT ( 'NONE',  ( -9.242329982407262889, 5.000000000000000000, 25.27079167095700996 ) ) ;
#9102 = DIRECTION ( 'NONE',  ( -0.000000000000000000, -1.000000000000000000, -0.000000000000000000 ) ) ;
#9103 = VERTEX_POINT ( 'NONE', #1951 ) ;
#9104 = DIRECTION ( 'NONE',  ( 0.000000000000000000, 0.000000000000000000, 1.000000000000000000 ) ) ;
#9105 = CARTESIAN_POINT ( 'NONE',  ( 54.41138183532881101, -5.000000000000000000, 20.24999999999999289 ) ) ;
#9106 = DIRECTION ( 'NONE',  ( 0.000000000000000000, 0.000000000000000000, 1.000000000000000000 ) ) ;
#9107 = ORIENTED_EDGE ( 'NONE', *, *, #4796, .F. ) ;
#9108 = ORIENTED_EDGE ( 'NONE', *, *, #7227, .T. ) ;
#9109 = CARTESIAN_POINT ( 'NONE',  ( -136.6592804311559917, -5.000000000000000000, 43.50000000000000000 ) ) ;
#9110 = CARTESIAN_POINT ( 'NONE',  ( -127.2345024703866159, -5.000000000000000000, 43.50000000000000000 ) ) ;
#9111 = EDGE_LOOP ( 'NONE', ( #8250, #2480, #3606, #7455 ) ) ;
#9112 = LINE ( 'NONE', #2418, #3569 ) ;
#9113 = EDGE_LOOP ( 'NONE', ( #384, #3574, #7583, #6113 ) ) ;
#9114 = DIRECTION ( 'NONE',  ( 0.000000000000000000, 0.000000000000000000, 1.000000000000000000 ) ) ;
#9115 = AXIS2_PLACEMENT_3D ( 'NONE', #451, #5824, #4324 ) ;
#9116 = CARTESIAN_POINT ( 'NONE',  ( 10.12165795307345562, 5.000000000000000000, 23.63822177457588225 ) ) ;
#9117 = LINE ( 'NONE', #3033, #9197 ) ;
#9118 = ORIENTED_EDGE ( 'NONE', *, *, #2301, .F. ) ;
#9119 = EDGE_CURVE ( 'NONE', #8659, #798, #9626, .T. ) ;
#9120 = AXIS2_PLACEMENT_3D ( 'NONE', #9262, #7022, #944 ) ;
#9121 = VERTEX_POINT ( 'NONE', #1204 ) ;
#9122 = CARTESIAN_POINT ( 'NONE',  ( 150.6139993939479496, -5.000000000000000000, 25.27079167095700640 ) ) ;
#9123 = DIRECTION ( 'NONE',  ( 1.000000000000000000, 0.000000000000000000, -1.272130549049658700E-16 ) ) ;
#9124 = DIRECTION ( 'NONE',  ( -0.000000000000000000, -1.000000000000000000, -0.000000000000000000 ) ) ;
#9125 = DIRECTION ( 'NONE',  ( -1.000000000000000000, 0.000000000000000000, 1.272130549049658700E-16 ) ) ;
#9126 = CIRCLE ( 'NONE', #4824, 19.87399999999006539 ) ;
#9127 = CIRCLE ( 'NONE', #9284, 8.699999999995645439 ) ;
#9128 = DIRECTION ( 'NONE',  ( -0.000000000000000000, -1.000000000000000000, -0.000000000000000000 ) ) ;
#9129 = VERTEX_POINT ( 'NONE', #5835 ) ;
#9130 = EDGE_CURVE ( 'NONE', #919, #5722, #5477, .T. ) ;
#9132 = CARTESIAN_POINT ( 'NONE',  ( -55.85178777231219982, 5.000000000000000000, 23.63822177457588225 ) ) ;
#9131 = AXIS2_PLACEMENT_3D ( 'NONE', #5682, #4137, #2001 ) ;
#9133 = VERTEX_POINT ( 'NONE', #5086 ) ;
#9134 = VECTOR ( 'NONE', #2234, 1000.000000000000000 ) ;
#9135 = DIRECTION ( 'NONE',  ( -0.000000000000000000, -1.000000000000000000, -0.000000000000000000 ) ) ;
#9136 = CARTESIAN_POINT ( 'NONE',  ( -93.55089961538972432, 5.000000000000000000, 23.63822177457588225 ) ) ;
#9137 = CARTESIAN_POINT ( 'NONE',  ( -138.7965663604434496, 5.000000000000000000, 20.24999999999999289 ) ) ;
#9138 = VERTEX_POINT ( 'NONE', #8136 ) ;
#9139 = ORIENTED_EDGE ( 'NONE', *, *, #3228, .T. ) ;
#9140 = EDGE_CURVE ( 'NONE', #6596, #5091, #3641, .T. ) ;
#9141 = CARTESIAN_POINT ( 'NONE',  ( -129.3717883996740738, 5.000000000000000000, 20.24999999999999289 ) ) ;
#9142 = CARTESIAN_POINT ( 'NONE',  ( -150.0000000000000000, 5.000000000000000000, 20.24999999999999645 ) ) ;
#9143 = AXIS2_PLACEMENT_3D ( 'NONE', #1188, #1989, #8723 ) ;
#9144 = AXIS2_PLACEMENT_3D ( 'NONE', #1273, #8153, #7352 ) ;
#9145 = CIRCLE ( 'NONE', #7083, 10.00000000000000178 ) ;
#9146 = EDGE_CURVE ( 'NONE', #7958, #4730, #9679, .T. ) ;
#9147 = FACE_OUTER_BOUND ( 'NONE', #7450, .T. ) ;
#9148 = DIRECTION ( 'NONE',  ( -0.000000000000000000, 1.000000000000000000, -0.000000000000000000 ) ) ;
#9149 = ORIENTED_EDGE ( 'NONE', *, *, #6879, .F. ) ;
#9150 = DIRECTION ( 'NONE',  ( 0.000000000000000000, 0.000000000000000000, 1.000000000000000000 ) ) ;
#9151 = VECTOR ( 'NONE', #3042, 1000.000000000000000 ) ;
#9152 = DIRECTION ( 'NONE',  ( -0.000000000000000000, -1.000000000000000000, -0.000000000000000000 ) ) ;
#9153 = ORIENTED_EDGE ( 'NONE', *, *, #9130, .T. ) ;
#9154 = CARTESIAN_POINT ( 'NONE',  ( -46.94144182548478028, -5.000000000000000000, 25.27079167095700996 ) ) ;
#9155 = PLANE ( 'NONE',  #3911 ) ;
#9156 = DIRECTION ( 'NONE',  ( -0.000000000000000000, -1.000000000000000000, -0.000000000000000000 ) ) ;
#9157 = VERTEX_POINT ( 'NONE', #9723 ) ;
#9158 = EDGE_CURVE ( 'NONE', #5514, #6012, #2303, .T. ) ;
#9159 = CIRCLE ( 'NONE', #561, 19.87399999999006539 ) ;
#9160 = VERTEX_POINT ( 'NONE', #6495 ) ;
#9161 = AXIS2_PLACEMENT_3D ( 'NONE', #9817, #6832, #5041 ) ;
#9162 = AXIS2_PLACEMENT_3D ( 'NONE', #7305, #474, #4805 ) ;
#9163 = ORIENTED_EDGE ( 'NONE', *, *, #1018, .F. ) ;
#9164 = CYLINDRICAL_SURFACE ( 'NONE', #7224, 19.87399999999006539 ) ;
#9165 = ORIENTED_EDGE ( 'NONE', *, *, #7437, .F. ) ;
#9166 = ORIENTED_EDGE ( 'NONE', *, *, #7987, .T. ) ;
#9167 = CIRCLE ( 'NONE', #1680, 8.699999999995645439 ) ;
#9168 = VECTOR ( 'NONE', #590, 1000.000000000000000 ) ;
#9169 = DIRECTION ( 'NONE',  ( -0.000000000000000000, -1.000000000000000000, -0.000000000000000000 ) ) ;
#9170 = CARTESIAN_POINT ( 'NONE',  ( 30.41161981159560668, -5.000000000000000000, 20.24999999999999289 ) ) ;
#9171 = VERTEX_POINT ( 'NONE', #9535 ) ;
#9172 = DIRECTION ( 'NONE',  ( -0.000000000000000000, -1.000000000000000000, -0.000000000000000000 ) ) ;
#9173 = EDGE_CURVE ( 'NONE', #4367, #919, #5729, .T. ) ;
#9174 = ORIENTED_EDGE ( 'NONE', *, *, #4645, .T. ) ;
#9175 = AXIS2_PLACEMENT_3D ( 'NONE', #831, #1738, #6168 ) ;
#9176 = AXIS2_PLACEMENT_3D ( 'NONE', #3553, #8748, #4952 ) ;
#9177 = VECTOR ( 'NONE', #3770, 1000.000000000000000 ) ;
#9178 = ORIENTED_EDGE ( 'NONE', *, *, #5311, .T. ) ;
#9179 = FACE_OUTER_BOUND ( 'NONE', #5195, .T. ) ;
#9180 = CYLINDRICAL_SURFACE ( 'NONE', #4329, 8.699999999995648992 ) ;
#9181 = LINE ( 'NONE', #2354, #1045 ) ;
#9182 = FACE_OUTER_BOUND ( 'NONE', #2191, .T. ) ;
#9183 = CIRCLE ( 'NONE', #5036, 8.699999999995645439 ) ;
#9184 = EDGE_CURVE ( 'NONE', #5658, #5849, #6434, .T. ) ;
#9185 = DIRECTION ( 'NONE',  ( 0.000000000000000000, 0.000000000000000000, 1.000000000000000000 ) ) ;
#9186 = ORIENTED_EDGE ( 'NONE', *, *, #586, .T. ) ;
#9187 = CARTESIAN_POINT ( 'NONE',  ( -150.0000000000000000, 5.000000000000000000, 20.24999999999999645 ) ) ;
#9188 = ORIENTED_EDGE ( 'NONE', *, *, #3456, .T. ) ;
#9189 = DIRECTION ( 'NONE',  ( -0.000000000000000000, -1.000000000000000000, -0.000000000000000000 ) ) ;
#9190 = CARTESIAN_POINT ( 'NONE',  ( -150.0000000000000000, -5.000000000000000000, 20.24999999999999645 ) ) ;
#9191 = DIRECTION ( 'NONE',  ( -0.000000000000000000, -1.000000000000000000, -0.000000000000000000 ) ) ;
#9192 = EDGE_LOOP ( 'NONE', ( #4542, #8527, #2874, #1589 ) ) ;
#9193 = ORIENTED_EDGE ( 'NONE', *, *, #3048, .T. ) ;
#9194 = DIRECTION ( 'NONE',  ( 1.000000000000000000, 0.000000000000000000, -1.272130549049658700E-16 ) ) ;
#9195 = ADVANCED_FACE ( 'NONE', ( #2997 ), #9829, .T. ) ;
#9196 = CARTESIAN_POINT ( 'NONE',  ( -6.849674909672160084, -5.000000000000000000, 20.24999999999999289 ) ) ;
#9197 = VECTOR ( 'NONE', #105, 1000.000000000000000 ) ;
#9198 = CARTESIAN_POINT ( 'NONE',  ( -14.13716694115406902, -5.000000000000000000, 43.50000000000000000 ) ) ;
#9199 = EDGE_CURVE ( 'NONE', #8937, #374, #3092, .T. ) ;
#9200 = CARTESIAN_POINT ( 'NONE',  ( 170.0000000000000000, 5.000000000000000000, -49.99999999999999289 ) ) ;
#9201 = ORIENTED_EDGE ( 'NONE', *, *, #9158, .T. ) ;
#9202 = FACE_BOUND ( 'NONE', #8520, .T. ) ;
#9203 = EDGE_LOOP ( 'NONE', ( #1444, #2005, #1286, #2129 ) ) ;
#9204 = CARTESIAN_POINT ( 'NONE',  ( 160.0000000000000000, -5.000000000000000000, 49.99999999999999289 ) ) ;
#9205 = DIRECTION ( 'NONE',  ( -1.000000000000000000, 0.000000000000000000, 1.272130549049658700E-16 ) ) ;
#9206 = EDGE_CURVE ( 'NONE', #1762, #7090, #2205, .T. ) ;
#9207 = CARTESIAN_POINT ( 'NONE',  ( -51.65383080586946818, -5.000000000000000000, 25.27079167095700996 ) ) ;
#9208 = ORIENTED_EDGE ( 'NONE', *, *, #6367, .T. ) ;
#9209 = ORIENTED_EDGE ( 'NONE', *, *, #2882, .T. ) ;
#9210 = VECTOR ( 'NONE', #7394, 1000.000000000000000 ) ;
#9211 = LINE ( 'NONE', #4866, #6303 ) ;
#9212 = ORIENTED_EDGE ( 'NONE', *, *, #5372, .F. ) ;
#9213 = DIRECTION ( 'NONE',  ( -0.000000000000000000, 1.000000000000000000, -0.000000000000000000 ) ) ;
#9214 = VERTEX_POINT ( 'NONE', #6841 ) ;
#9215 = ORIENTED_EDGE ( 'NONE', *, *, #4328, .F. ) ;
#9216 = EDGE_CURVE ( 'NONE', #7276, #3080, #4532, .T. ) ;
#9217 = DIRECTION ( 'NONE',  ( 0.000000000000000000, 0.000000000000000000, 1.000000000000000000 ) ) ;
#9218 = EDGE_CURVE ( 'NONE', #3751, #2438, #5961, .T. ) ;
#9219 = CARTESIAN_POINT ( 'NONE',  ( -94.24777960769378637, -5.000000000000000000, 43.50000000000000000 ) ) ;
#9220 = ORIENTED_EDGE ( 'NONE', *, *, #3968, .T. ) ;
#9221 = CARTESIAN_POINT ( 'NONE',  ( -55.85178777231219982, -5.000000000000000000, 23.63822177457588225 ) ) ;
#9222 = VERTEX_POINT ( 'NONE', #3796 ) ;
#9223 = EDGE_LOOP ( 'NONE', ( #8862, #8546, #5242, #8988 ) ) ;
#9224 = CARTESIAN_POINT ( 'NONE',  ( 41.71462083115812192, -5.000000000000000000, 23.63822177457588225 ) ) ;
#9225 = EDGE_CURVE ( 'NONE', #3132, #8512, #2475, .T. ) ;
#9226 = DIRECTION ( 'NONE',  ( 0.000000000000000000, 0.000000000000000000, 1.000000000000000000 ) ) ;
#9227 = PLANE ( 'NONE',  #5015 ) ;
#9228 = DIRECTION ( 'NONE',  ( -0.000000000000000000, 1.000000000000000000, -0.000000000000000000 ) ) ;
#9229 = DIRECTION ( 'NONE',  ( 0.000000000000000000, 0.000000000000000000, 1.000000000000000000 ) ) ;
#9230 = ORIENTED_EDGE ( 'NONE', *, *, #9418, .F. ) ;
#9231 = CYLINDRICAL_SURFACE ( 'NONE', #379, 19.87399999999006539 ) ;
#9232 = ORIENTED_EDGE ( 'NONE', *, *, #6203, .F. ) ;
#9233 = DIRECTION ( 'NONE',  ( 1.000000000000000000, 0.000000000000000000, -1.272130549049658700E-16 ) ) ;
#9234 = CARTESIAN_POINT ( 'NONE',  ( -150.0000000000000000, 5.000000000000000000, 20.24999999999999645 ) ) ;
#9235 = CARTESIAN_POINT ( 'NONE',  ( -150.0000000000000000, 5.000000000000000000, 20.24999999999999645 ) ) ;
#9236 = VERTEX_POINT ( 'NONE', #8385 ) ;
#9237 = VERTEX_POINT ( 'NONE', #9 ) ;
#9238 = FACE_OUTER_BOUND ( 'NONE', #7497, .T. ) ;
#9239 = AXIS2_PLACEMENT_3D ( 'NONE', #5221, #3627, #739 ) ;
#9240 = CARTESIAN_POINT ( 'NONE',  ( -129.8096055214838600, 5.000000000000000000, 20.24999999999999289 ) ) ;
#9241 = UNCERTAINTY_MEASURE_WITH_UNIT (LENGTH_MEASURE( 1.000000000000000082E-05 ), #9693, 'distance_accuracy_value', 'NONE');
#9242 = DIRECTION ( 'NONE',  ( -0.000000000000000000, 1.000000000000000000, -0.000000000000000000 ) ) ;
#9243 = ADVANCED_FACE ( 'NONE', ( #1602 ), #7686, .T. ) ;
#9244 = AXIS2_PLACEMENT_3D ( 'NONE', #9729, #9686, #2102 ) ;
#9245 = DIRECTION ( 'NONE',  ( 0.000000000000000000, 0.000000000000000000, 1.000000000000000000 ) ) ;
#9246 = ORIENTED_EDGE ( 'NONE', *, *, #4616, .T. ) ;
#9247 = FACE_BOUND ( 'NONE', #3368, .T. ) ;
#9248 = ORIENTED_EDGE ( 'NONE', *, *, #4965, .T. ) ;
#9249 = FACE_OUTER_BOUND ( 'NONE', #4495, .T. ) ;
#9250 = DIRECTION ( 'NONE',  ( -0.000000000000000000, 1.000000000000000000, -0.000000000000000000 ) ) ;
#9251 = EDGE_CURVE ( 'NONE', #4698, #2232, #5280, .T. ) ;
#9252 = DIRECTION ( 'NONE',  ( -0.000000000000000000, 1.000000000000000000, -0.000000000000000000 ) ) ;
#9253 = ORIENTED_EDGE ( 'NONE', *, *, #1082, .F. ) ;
#9254 = VECTOR ( 'NONE', #4335, 1000.000000000000000 ) ;
#9255 = ORIENTED_EDGE ( 'NONE', *, *, #4425, .F. ) ;
#9256 = LINE ( 'NONE', #7062, #2652 ) ;
#9257 = EDGE_CURVE ( 'NONE', #4321, #1781, #1559, .T. ) ;
#9258 = ORIENTED_EDGE ( 'NONE', *, *, #3950, .T. ) ;
#9259 = CARTESIAN_POINT ( 'NONE',  ( -103.6725575684631764, -5.000000000000000000, 43.50000000000000000 ) ) ;
#9260 = ORIENTED_EDGE ( 'NONE', *, *, #8152, .F. ) ;
#9261 = ORIENTED_EDGE ( 'NONE', *, *, #9822, .T. ) ;
#9262 = CARTESIAN_POINT ( 'NONE',  ( -89.53539062730909848, 5.000000000000000000, 43.50000000000000000 ) ) ;
#9263 = CARTESIAN_POINT ( 'NONE',  ( -49.26117573313436537, -5.000000000000000000, 20.24999999999999289 ) ) ;
#9264 = ADVANCED_FACE ( 'NONE', ( #6032 ), #9080, .T. ) ;
#9265 = VERTEX_POINT ( 'NONE', #4536 ) ;
#9266 = ORIENTED_EDGE ( 'NONE', *, *, #2588, .T. ) ;
#9267 = EDGE_CURVE ( 'NONE', #1360, #1145, #8328, .T. ) ;
#9268 = ADVANCED_FACE ( 'NONE', ( #1501 ), #6885, .T. ) ;
#9269 = ORIENTED_EDGE ( 'NONE', *, *, #8299, .T. ) ;
#9270 = AXIS2_PLACEMENT_3D ( 'NONE', #5236, #650, #9034 ) ;
#9271 = DIRECTION ( 'NONE',  ( -0.000000000000000000, -1.000000000000000000, -0.000000000000000000 ) ) ;
#9272 = VERTEX_POINT ( 'NONE', #6186 ) ;
#9273 = DIRECTION ( 'NONE',  ( 0.000000000000000000, 0.000000000000000000, 1.000000000000000000 ) ) ;
#9274 = DIRECTION ( 'NONE',  ( -0.000000000000000000, -1.000000000000000000, -0.000000000000000000 ) ) ;
#9275 = CARTESIAN_POINT ( 'NONE',  ( 155.3263883743326232, -5.000000000000000000, 25.27079167095700640 ) ) ;
#9276 = DIRECTION ( 'NONE',  ( 0.000000000000000000, 0.000000000000000000, 1.000000000000000000 ) ) ;
#9277 = ORIENTED_EDGE ( 'NONE', *, *, #4631, .F. ) ;
#9278 = AXIS2_PLACEMENT_3D ( 'NONE', #1246, #4280, #8128 ) ;
#9279 = ADVANCED_FACE ( 'NONE', ( #9182 ), #6729, .T. ) ;
#9280 = DIRECTION ( 'NONE',  ( 0.000000000000000000, 0.000000000000000000, 1.000000000000000000 ) ) ;
#9281 = ORIENTED_EDGE ( 'NONE', *, *, #2013, .F. ) ;
#9282 = DIRECTION ( 'NONE',  ( 0.000000000000000000, 0.000000000000000000, 1.000000000000000000 ) ) ;
#9283 = AXIS2_PLACEMENT_3D ( 'NONE', #4147, #1960, #2711 ) ;
#9284 = AXIS2_PLACEMENT_3D ( 'NONE', #9834, #2211, #3001 ) ;
#9285 = DIRECTION ( 'NONE',  ( 1.000000000000000000, 0.000000000000000000, -1.272130549049658700E-16 ) ) ;
#9286 = DIRECTION ( 'NONE',  ( -0.000000000000000000, 1.000000000000000000, -0.000000000000000000 ) ) ;
#9287 = EDGE_LOOP ( 'NONE', ( #5276, #9022, #2533, #6705 ) ) ;
#9288 = DIRECTION ( 'NONE',  ( -0.000000000000000000, -1.000000000000000000, -0.000000000000000000 ) ) ;
#9289 = FACE_OUTER_BOUND ( 'NONE', #9840, .T. ) ;
#9290 = EDGE_CURVE ( 'NONE', #4459, #8601, #718, .T. ) ;
#9291 = AXIS2_PLACEMENT_3D ( 'NONE', #357, #1864, #4181 ) ;
#9292 = AXIS2_PLACEMENT_3D ( 'NONE', #5749, #581, #3467 ) ;
#9293 = FACE_OUTER_BOUND ( 'NONE', #7788, .T. ) ;
#9294 = CARTESIAN_POINT ( 'NONE',  ( -118.5066045019213306, -5.000000000000000000, 23.63822177457588225 ) ) ;
#9295 = ORIENTED_EDGE ( 'NONE', *, *, #414, .T. ) ;
#9296 = DIRECTION ( 'NONE',  ( -0.000000000000000000, -1.000000000000000000, -0.000000000000000000 ) ) ;
#9297 = DIRECTION ( 'NONE',  ( 0.000000000000000000, 0.000000000000000000, 1.000000000000000000 ) ) ;
#9298 = ORIENTED_EDGE ( 'NONE', *, *, #449, .F. ) ;
#9299 = CIRCLE ( 'NONE', #7880, 8.699999999995645439 ) ;
#9300 = DIRECTION ( 'NONE',  ( 0.000000000000000000, 1.000000000000000000, 0.000000000000000000 ) ) ;
#9301 = CARTESIAN_POINT ( 'NONE',  ( 149.0000000000000000, 5.000000000000000000, -25.00000000000000355 ) ) ;
#9302 = AXIS2_PLACEMENT_3D ( 'NONE', #2523, #1618, #4756 ) ;
#9303 = CARTESIAN_POINT ( 'NONE',  ( 137.3561604234600679, -5.000000000000000000, 23.63822177457588225 ) ) ;
#9304 = EDGE_CURVE ( 'NONE', #5830, #7540, #9773, .T. ) ;
#9305 = ORIENTED_EDGE ( 'NONE', *, *, #1121, .F. ) ;
#9306 = VERTEX_POINT ( 'NONE', #2682 ) ;
#9307 = DIRECTION ( 'NONE',  ( -0.000000000000000000, 1.000000000000000000, -0.000000000000000000 ) ) ;
#9308 = CIRCLE ( 'NONE', #6255, 19.87399999999006539 ) ;
#9309 = ORIENTED_EDGE ( 'NONE', *, *, #458, .T. ) ;
#9310 = CIRCLE ( 'NONE', #705, 8.699999999995645439 ) ;
#9311 = DIRECTION ( 'NONE',  ( 0.000000000000000000, 1.000000000000000000, -0.000000000000000000 ) ) ;
#9312 = ORIENTED_EDGE ( 'NONE', *, *, #1789, .F. ) ;
#9313 = ORIENTED_EDGE ( 'NONE', *, *, #5829, .F. ) ;
#9314 = CARTESIAN_POINT ( 'NONE',  ( -77.97332673725225050, -5.000000000000000000, 20.24999999999999289 ) ) ;
#9315 = DIRECTION ( 'NONE',  ( 0.000000000000000000, 0.000000000000000000, 1.000000000000000000 ) ) ;
#9316 = AXIS2_PLACEMENT_3D ( 'NONE', #6848, #3050, #4447 ) ;
#9317 = CIRCLE ( 'NONE', #3125, 8.699999999995648992 ) ;
#9318 = EDGE_CURVE ( 'NONE', #9841, #9121, #8581, .T. ) ;
#9319 = ORIENTED_EDGE ( 'NONE', *, *, #6406, .T. ) ;
#9320 = VECTOR ( 'NONE', #5954, 1000.000000000000000 ) ;
#9321 = ORIENTED_EDGE ( 'NONE', *, *, #5805, .F. ) ;
#9322 = CIRCLE ( 'NONE', #7731, 8.699999999995645439 ) ;
#9323 = ORIENTED_EDGE ( 'NONE', *, *, #3423, .F. ) ;
#9324 = EDGE_CURVE ( 'NONE', #4504, #4968, #6559, .T. ) ;
#9325 = VECTOR ( 'NONE', #2607, 1000.000000000000000 ) ;
#9326 = AXIS2_PLACEMENT_3D ( 'NONE', #9800, #2228, #1476 ) ;
#9327 = DIRECTION ( 'NONE',  ( -0.000000000000000000, -1.000000000000000000, -0.000000000000000000 ) ) ;
#9328 = VERTEX_POINT ( 'NONE', #4214 ) ;
#9329 = CARTESIAN_POINT ( 'NONE',  ( -150.0000000000000000, 5.000000000000000000, 20.24999999999999645 ) ) ;
#9330 = DIRECTION ( 'NONE',  ( 0.000000000000000000, 0.000000000000000000, 1.000000000000000000 ) ) ;
#9331 = DIRECTION ( 'NONE',  ( -0.000000000000000000, -1.000000000000000000, -0.000000000000000000 ) ) ;
#9332 = EDGE_CURVE ( 'NONE', #5286, #4518, #551, .T. ) ;
#9333 = DIRECTION ( 'NONE',  ( -0.000000000000000000, -1.000000000000000000, -0.000000000000000000 ) ) ;
#9334 = ORIENTED_EDGE ( 'NONE', *, *, #1789, .T. ) ;
#9335 = AXIS2_PLACEMENT_3D ( 'NONE', #9604, #530, #7972 ) ;
#9336 = CARTESIAN_POINT ( 'NONE',  ( -150.0000000000000000, 5.000000000000000000, 20.24999999999999645 ) ) ;
#9337 = ORIENTED_EDGE ( 'NONE', *, *, #7202, .F. ) ;
#9338 = DIRECTION ( 'NONE',  ( 0.000000000000000000, 0.000000000000000000, 1.000000000000000000 ) ) ;
#9339 = AXIS2_PLACEMENT_3D ( 'NONE', #4183, #4286, #1254 ) ;
#9340 = DIRECTION ( 'NONE',  ( -1.272130549049658700E-16, 0.000000000000000000, -1.000000000000000000 ) ) ;
#9341 = LINE ( 'NONE', #7900, #8043 ) ;
#9342 = FACE_OUTER_BOUND ( 'NONE', #8482, .T. ) ;
#9343 = ORIENTED_EDGE ( 'NONE', *, *, #2546, .F. ) ;
#9344 = EDGE_CURVE ( 'NONE', #1822, #1041, #6515, .T. ) ;
#9345 = DIRECTION ( 'NONE',  ( -0.000000000000000000, -1.000000000000000000, -0.000000000000000000 ) ) ;
#9346 = CARTESIAN_POINT ( 'NONE',  ( 23.74439288028556660, 5.000000000000000000, 25.27079167095700996 ) ) ;
#9347 = AXIS2_PLACEMENT_3D ( 'NONE', #3613, #1422, #7551 ) ;
#9348 = PRODUCT_DEFINITION_CONTEXT ( 'detailed design', #7649, 'design' ) ;
#9349 = PLANE ( 'NONE',  #9558 ) ;
#9350 = DIRECTION ( 'NONE',  ( 0.000000000000000000, 0.000000000000000000, 1.000000000000000000 ) ) ;
#9351 = VERTEX_POINT ( 'NONE', #8011 ) ;
#9352 = DIRECTION ( 'NONE',  ( 0.000000000000000000, 0.000000000000000000, 1.000000000000000000 ) ) ;
#9353 = LINE ( 'NONE', #4111, #2535 ) ;
#9354 = ORIENTED_EDGE ( 'NONE', *, *, #7750, .F. ) ;
#9355 = EDGE_CURVE ( 'NONE', #6611, #8968, #3266, .T. ) ;
#9356 = PLANE ( 'NONE',  #8055 ) ;
#9357 = AXIS2_PLACEMENT_3D ( 'NONE', #4232, #1943, #4175 ) ;
#9358 = DIRECTION ( 'NONE',  ( -0.000000000000000000, -1.000000000000000000, -0.000000000000000000 ) ) ;
#9359 = DIRECTION ( 'NONE',  ( -0.000000000000000000, -1.000000000000000000, -0.000000000000000000 ) ) ;
#9360 = ORIENTED_EDGE ( 'NONE', *, *, #2013, .T. ) ;
#9361 = EDGE_LOOP ( 'NONE', ( #9334, #2920, #2981, #7675, #1779, #9496, #703, #5467, #7978, #3675, #1428, #9209, #7218, #7311, #5933, #4, #8102, #425, #4823, #1163, #604, #1790, #144, #729, #9186, #6525, #937, #2088, #680, #9455, #6466, #2653, #5788, #6534, #2715, #4419, #5225, #4249, #1593, #2897, #5560, #8617, #7713, #7009, #3037, #1626, #814, #8249, #5569, #6317, #5885, #4550, #2432, #4760, #4246, #1377, #7648, #5446, #9825, #2854, #2914, #1318, #927, #353, #218, #4234, #2729, #3802, #127, #9048, #5424, #9605, #640, #3053, #1292, #42, #6521, #6126, #1485, #2545, #9689, #5105, #6846, #5758, #2255, #8408, #3583, #3635, #9766, #8418, #4669, #769, #8294, #4427, #4988, #6870, #6828, #2269, #7392, #6520, #1458, #1983, #1333, #1795, #7020, #7360, #6743, #6795, #4101, #2210, #636, #1005, #5412, #6975, #6226, #4846, #8016, #7122, #5501, #36, #194, #6333, #2334, #7347, #825, #6976, #1493, #169, #5646, #2429, #5516, #2631, #3981, #497, #5346, #481, #6685, #7884, #5632, #5366, #8610, #3169, #4027, #737, #1060, #5823, #6202, #2537, #3344, #3070, #5764, #3939, #6218, #6416, #5593, #6385, #8777, #7526, #1326, #3196, #8413, #1975, #7961, #6973, #5472, #2417, #1747, #655, #1595, #3518, #6905, #6647, #3237, #8260, #3427, #4992, #2137, #8341, #8098, #1607, #1460, #7126, #7618, #7038, #1637, #9085, #6922, #2214, #8664, #1627, #9094, #4530, #1264, #3625, #3032, #7465, #2867, #5887, #3542, #4177, #9863, #9820, #7282, #2789, #6216, #2992, #4197, #7263, #6272, #8928, #5413, #308, #8901, #8890, #8324, #8069, #5559, #4822, #7127, #5901, #8390, #980, #7712, #5143, #1289, #3618, #6063, #126, #4591, #9779, #3054, #2178, #538, #8193, #6117, #5997, #946, #6477, #9743, #4557, #3781, #5577, #4729, #2792, #9563, #6742, #1249, #8381, #3807, #6007, #5453, #4641, #313, #7985, #7447, #1463, #7154, #3728, #1735, #5725 ) ) ;
#9362 = CARTESIAN_POINT ( 'NONE',  ( 170.0000000000000000, -5.000000000000000000, 51.59999999999999432 ) ) ;
#9363 = CIRCLE ( 'NONE', #4576, 8.699999999995645439 ) ;
#9364 = ORIENTED_EDGE ( 'NONE', *, *, #5464, .F. ) ;
#9365 = FACE_OUTER_BOUND ( 'NONE', #3187, .T. ) ;
#9366 = ORIENTED_EDGE ( 'NONE', *, *, #6072, .T. ) ;
#9367 = EDGE_CURVE ( 'NONE', #1730, #7856, #1177, .T. ) ;
#9368 = ORIENTED_EDGE ( 'NONE', *, *, #7934, .F. ) ;
#9369 = DIRECTION ( 'NONE',  ( -0.000000000000000000, -1.000000000000000000, -0.000000000000000000 ) ) ;
#9370 = CARTESIAN_POINT ( 'NONE',  ( 131.9468914507713180, 5.000000000000000000, 43.50000000000000000 ) ) ;
#9371 = CIRCLE ( 'NONE', #5060, 8.699999999995648992 ) ;
#9372 = VERTEX_POINT ( 'NONE', #9554 ) ;
#9373 = EDGE_LOOP ( 'NONE', ( #2525, #7418, #2687, #68 ) ) ;
#9374 = VERTEX_POINT ( 'NONE', #3514 ) ;
#9375 = VECTOR ( 'NONE', #2901, 1000.000000000000000 ) ;
#9376 = EDGE_CURVE ( 'NONE', #1757, #5263, #7088, .T. ) ;
#9377 = CARTESIAN_POINT ( 'NONE',  ( 93.55089961538971011, 5.000000000000000000, 23.63822177457588225 ) ) ;
#9378 = ORIENTED_EDGE ( 'NONE', *, *, #4923, .F. ) ;
#9379 = CYLINDRICAL_SURFACE ( 'NONE', #8161, 19.87399999999006539 ) ;
#9380 = DIRECTION ( 'NONE',  ( 1.000000000000000000, 0.000000000000000000, -1.272130549049658700E-16 ) ) ;
#9381 = EDGE_CURVE ( 'NONE', #2164, #3496, #8995, .T. ) ;
#9382 = CARTESIAN_POINT ( 'NONE',  ( 25.69923083121091523, -5.000000000000000000, 20.24999999999999289 ) ) ;
#9383 = VERTEX_POINT ( 'NONE', #1130 ) ;
#9384 = DIRECTION ( 'NONE',  ( 0.000000000000000000, 0.000000000000000000, 1.000000000000000000 ) ) ;
#9385 = ORIENTED_EDGE ( 'NONE', *, *, #4050, .T. ) ;
#9386 = ADVANCED_FACE ( 'NONE', ( #6281 ), #387, .T. ) ;
#9387 = CARTESIAN_POINT ( 'NONE',  ( 71.38271469807442315, 5.000000000000000000, 23.63822177457588225 ) ) ;
#9388 = CARTESIAN_POINT ( 'NONE',  ( 190.0000000000000000, -5.000000000000000000, 49.99999999999999289 ) ) ;
#9389 = LINE ( 'NONE', #1760, #1514 ) ;
#9390 = DIRECTION ( 'NONE',  ( -0.000000000000000000, 1.000000000000000000, -0.000000000000000000 ) ) ;
#9391 = DIRECTION ( 'NONE',  ( -0.000000000000000000, 1.000000000000000000, -0.000000000000000000 ) ) ;
#9392 = CARTESIAN_POINT ( 'NONE',  ( 79.92816468817760267, -5.000000000000000000, 25.27079167095700640 ) ) ;
#9393 = LINE ( 'NONE', #1069, #2817 ) ;
#9394 = EDGE_CURVE ( 'NONE', #8820, #2873, #6122, .T. ) ;
#9395 = DIRECTION ( 'NONE',  ( -1.000000000000000000, 0.000000000000000000, 1.272130549049658700E-16 ) ) ;
#9396 = EDGE_CURVE ( 'NONE', #4219, #4080, #3420, .T. ) ;
#9397 = DIRECTION ( 'NONE',  ( -0.000000000000000000, 1.000000000000000000, -0.000000000000000000 ) ) ;
#9398 = ORIENTED_EDGE ( 'NONE', *, *, #3565, .T. ) ;
#9399 = DIRECTION ( 'NONE',  ( 0.000000000000000000, 0.000000000000000000, 1.000000000000000000 ) ) ;
#9400 = DIRECTION ( 'NONE',  ( 0.000000000000000000, 0.000000000000000000, 1.000000000000000000 ) ) ;
#9401 = ORIENTED_EDGE ( 'NONE', *, *, #7312, .F. ) ;
#9402 = DIRECTION ( 'NONE',  ( 0.000000000000000000, 0.000000000000000000, 1.000000000000000000 ) ) ;
#9403 = CARTESIAN_POINT ( 'NONE',  ( -122.5221134900019280, -5.000000000000000000, 43.50000000000000000 ) ) ;
#9404 = CARTESIAN_POINT ( 'NONE',  ( -150.0000000000000000, 5.000000000000000000, 20.24999999999999645 ) ) ;
#9405 = VERTEX_POINT ( 'NONE', #438 ) ;
#9406 = AXIS2_PLACEMENT_3D ( 'NONE', #4370, #8311, #6824 ) ;
#9407 = EDGE_CURVE ( 'NONE', #6356, #2431, #6445, .T. ) ;
#9408 = FACE_OUTER_BOUND ( 'NONE', #9287, .T. ) ;
#9409 = ORIENTED_EDGE ( 'NONE', *, *, #7449, .F. ) ;
#9410 = CARTESIAN_POINT ( 'NONE',  ( 42.59394880182432530, -5.000000000000000000, 25.27079167095700996 ) ) ;
#9411 = VERTEX_POINT ( 'NONE', #5476 ) ;
#9412 = ORIENTED_EDGE ( 'NONE', *, *, #4842, .F. ) ;
#9413 = CARTESIAN_POINT ( 'NONE',  ( -150.0000000000000000, -5.000000000000000000, 20.24999999999999645 ) ) ;
#9414 = CIRCLE ( 'NONE', #8763, 19.87399999999006539 ) ;
#9415 = CYLINDRICAL_SURFACE ( 'NONE', #255, 8.699999999995648992 ) ;
#9416 = ORIENTED_EDGE ( 'NONE', *, *, #2095, .F. ) ;
#9417 = VERTEX_POINT ( 'NONE', #3471 ) ;
#9418 = EDGE_CURVE ( 'NONE', #4219, #7073, #3892, .T. ) ;
#9419 = CARTESIAN_POINT ( 'NONE',  ( -106.2476606195603921, -5.000000000000000000, 20.24999999999999289 ) ) ;
#9420 = AXIS2_PLACEMENT_3D ( 'NONE', #5132, #1300, #7441 ) ;
#9421 = ORIENTED_EDGE ( 'NONE', *, *, #1851, .F. ) ;
#9422 = LINE ( 'NONE', #6628, #1823 ) ;
#9423 = ORIENTED_EDGE ( 'NONE', *, *, #7883, .T. ) ;
#9424 = FACE_OUTER_BOUND ( 'NONE', #1481, .T. ) ;
#9425 = CARTESIAN_POINT ( 'NONE',  ( 113.7942155215366284, -5.000000000000000000, 23.63822177457588225 ) ) ;
#9426 = DIRECTION ( 'NONE',  ( -0.000000000000000000, 1.000000000000000000, -0.000000000000000000 ) ) ;
#9427 = VERTEX_POINT ( 'NONE', #5752 ) ;
#9428 = EDGE_CURVE ( 'NONE', #2092, #8834, #4739, .T. ) ;
#9429 = ORIENTED_EDGE ( 'NONE', *, *, #8540, .T. ) ;
#9430 = FACE_OUTER_BOUND ( 'NONE', #3821, .T. ) ;
#9431 = DIRECTION ( 'NONE',  ( 0.000000000000000000, 0.000000000000000000, 1.000000000000000000 ) ) ;
#9432 = CARTESIAN_POINT ( 'NONE',  ( -150.0000000000000000, 5.000000000000000000, 20.24999999999999645 ) ) ;
#9433 = DIRECTION ( 'NONE',  ( -0.000000000000000000, -1.000000000000000000, -0.000000000000000000 ) ) ;
#9434 = CARTESIAN_POINT ( 'NONE',  ( 18.66710794317663868, 5.000000000000000000, 25.27079167095700640 ) ) ;
#9435 = DIRECTION ( 'NONE',  ( -0.000000000000000000, -1.000000000000000000, -0.000000000000000000 ) ) ;
#9436 = CIRCLE ( 'NONE', #2107, 8.699999999995648992 ) ;
#9437 = CARTESIAN_POINT ( 'NONE',  ( -132.1293394291334380, -5.000000000000000000, 25.27079167095700640 ) ) ;
#9438 = ADVANCED_FACE ( 'NONE', ( #2772 ), #5808, .T. ) ;
#9439 = DIRECTION ( 'NONE',  ( 0.000000000000000000, 0.000000000000000000, 1.000000000000000000 ) ) ;
#9440 = AXIS2_PLACEMENT_3D ( 'NONE', #3078, #7428, #5318 ) ;
#9441 = DIRECTION ( 'NONE',  ( 0.000000000000000000, 0.000000000000000000, 1.000000000000000000 ) ) ;
#9442 = ORIENTED_EDGE ( 'NONE', *, *, #344, .F. ) ;
#9443 = EDGE_CURVE ( 'NONE', #3186, #3014, #2035, .T. ) ;
#9444 = DIRECTION ( 'NONE',  ( -0.000000000000000000, 1.000000000000000000, -0.000000000000000000 ) ) ;
#9445 = CYLINDRICAL_SURFACE ( 'NONE', #4428, 8.699999999995645439 ) ;
#9446 = ORIENTED_EDGE ( 'NONE', *, *, #9060, .F. ) ;
#9447 = DIRECTION ( 'NONE',  ( 0.000000000000000000, 0.000000000000000000, 1.000000000000000000 ) ) ;
#9448 = CARTESIAN_POINT ( 'NONE',  ( 108.3849465488478643, -5.000000000000000000, 43.50000000000000000 ) ) ;
#9449 = DIRECTION ( 'NONE',  ( 1.000000000000000000, 0.000000000000000000, -1.272130549049658700E-16 ) ) ;
#9450 = VECTOR ( 'NONE', #9575, 1000.000000000000000 ) ;
#9451 = EDGE_CURVE ( 'NONE', #200, #5830, #730, .T. ) ;
#9452 = CIRCLE ( 'NONE', #4499, 8.699999999995645439 ) ;
#9453 = DIRECTION ( 'NONE',  ( -0.000000000000000000, -1.000000000000000000, -0.000000000000000000 ) ) ;
#9454 = CARTESIAN_POINT ( 'NONE',  ( 75.21577570779291477, 5.000000000000000000, 25.27079167095700640 ) ) ;
#9455 = ORIENTED_EDGE ( 'NONE', *, *, #266, .T. ) ;
#9456 = AXIS2_PLACEMENT_3D ( 'NONE', #9110, #8312, #639 ) ;
#9457 = ORIENTED_EDGE ( 'NONE', *, *, #7811, .F. ) ;
#9458 = DIRECTION ( 'NONE',  ( -1.000000000000000000, 0.000000000000000000, 0.000000000000000000 ) ) ;
#9459 = CARTESIAN_POINT ( 'NONE',  ( -150.0000000000000000, -5.000000000000000000, 20.24999999999999645 ) ) ;
#9460 = ADVANCED_FACE ( 'NONE', ( #5862 ), #9657, .F. ) ;
#9461 = ORIENTED_EDGE ( 'NONE', *, *, #1212, .F. ) ;
#9462 = CIRCLE ( 'NONE', #8673, 8.699999999995648992 ) ;
#9463 = ORIENTED_EDGE ( 'NONE', *, *, #8960, .T. ) ;
#9464 = VECTOR ( 'NONE', #1610, 1000.000000000000000 ) ;
#9465 = DIRECTION ( 'NONE',  ( -0.000000000000000000, -1.000000000000000000, -0.000000000000000000 ) ) ;
#9466 = ORIENTED_EDGE ( 'NONE', *, *, #8891, .T. ) ;
#9467 = CYLINDRICAL_SURFACE ( 'NONE', #9143, 19.87399999999006539 ) ;
#9468 = ORIENTED_EDGE ( 'NONE', *, *, #9504, .T. ) ;
#9469 = CIRCLE ( 'NONE', #4201, 1.000000000000000888 ) ;
#9470 = VECTOR ( 'NONE', #8398, 1000.000000000000000 ) ;
#9471 = DIRECTION ( 'NONE',  ( 0.000000000000000000, 0.000000000000000000, 1.000000000000000000 ) ) ;
#9472 = DIRECTION ( 'NONE',  ( -0.000000000000000000, 1.000000000000000000, -0.000000000000000000 ) ) ;
#9473 = VECTOR ( 'NONE', #7356, 1000.000000000000000 ) ;
#9474 = EDGE_CURVE ( 'NONE', #4367, #4855, #4210, .T. ) ;
#9475 = CARTESIAN_POINT ( 'NONE',  ( 37.00223185077343402, -5.000000000000000000, 23.63822177457588225 ) ) ;
#9476 = ORIENTED_EDGE ( 'NONE', *, *, #2546, .T. ) ;
#9477 = VECTOR ( 'NONE', #4844, 1000.000000000000000 ) ;
#9478 = CIRCLE ( 'NONE', #6776, 8.699999999995648992 ) ;
#9479 = AXIS2_PLACEMENT_3D ( 'NONE', #1167, #8648, #4202 ) ;
#9480 = ORIENTED_EDGE ( 'NONE', *, *, #4390, .F. ) ;
#9481 = DIRECTION ( 'NONE',  ( -0.000000000000000000, -1.000000000000000000, -0.000000000000000000 ) ) ;
#9482 = EDGE_CURVE ( 'NONE', #5910, #8277, #5109, .T. ) ;
#9483 = LINE ( 'NONE', #7988, #8857 ) ;
#9484 = LINE ( 'NONE', #6494, #90 ) ;
#9485 = CARTESIAN_POINT ( 'NONE',  ( -26.13704795302066941, -5.000000000000000000, 20.24999999999999289 ) ) ;
#9486 = DIRECTION ( 'NONE',  ( 0.000000000000000000, 0.000000000000000000, 1.000000000000000000 ) ) ;
#9487 = CIRCLE ( 'NONE', #5182, 8.699999999995645439 ) ;
#9489 = DIRECTION ( 'NONE',  ( 0.000000000000000000, 0.000000000000000000, 1.000000000000000000 ) ) ;
#9488 = AXIS2_PLACEMENT_3D ( 'NONE', #9219, #4875, #302 ) ;
#9490 = AXIS2_PLACEMENT_3D ( 'NONE', #7467, #8209, #1383 ) ;
#9491 = DIRECTION ( 'NONE',  ( -0.000000000000000000, -1.000000000000000000, -0.000000000000000000 ) ) ;
#9492 = VECTOR ( 'NONE', #5455, 1000.000000000000000 ) ;
#9493 = LINE ( 'NONE', #2015, #2243 ) ;
#9494 = AXIS2_PLACEMENT_3D ( 'NONE', #7862, #2674, #1168 ) ;
#9495 = LINE ( 'NONE', #8840, #5474 ) ;
#9496 = ORIENTED_EDGE ( 'NONE', *, *, #8907, .T. ) ;
#9497 = EDGE_CURVE ( 'NONE', #6108, #7322, #9746, .T. ) ;
#9498 = CARTESIAN_POINT ( 'NONE',  ( 73.26093775686756260, -5.000000000000000000, 20.24999999999999289 ) ) ;
#9499 = LINE ( 'NONE', #8000, #4751 ) ;
#9500 = ORIENTED_EDGE ( 'NONE', *, *, #842, .F. ) ;
#9501 = CYLINDRICAL_SURFACE ( 'NONE', #3276, 8.699999999995648992 ) ;
#9502 = CYLINDRICAL_SURFACE ( 'NONE', #9494, 8.699999999995648992 ) ;
#9503 = LINE ( 'NONE', #2024, #4872 ) ;
#9504 = EDGE_CURVE ( 'NONE', #3894, #1977, #5260, .T. ) ;
#9505 = EDGE_CURVE ( 'NONE', #2873, #883, #4361, .T. ) ;
#9506 = CARTESIAN_POINT ( 'NONE',  ( -37.51666386471540449, -5.000000000000000000, 25.27079167095700996 ) ) ;
#9507 = FACE_OUTER_BOUND ( 'NONE', #6860, .T. ) ;
#9508 = VERTEX_POINT ( 'NONE', #7411 ) ;
#9509 = EDGE_CURVE ( 'NONE', #1230, #9069, #674, .T. ) ;
#9510 = VERTEX_POINT ( 'NONE', #587 ) ;
#9511 = CARTESIAN_POINT ( 'NONE',  ( -143.5089553408281517, -5.000000000000000000, 20.24999999999999289 ) ) ;
#9512 = DIRECTION ( 'NONE',  ( 0.000000000000000000, 0.000000000000000000, 1.000000000000000000 ) ) ;
#9513 = CARTESIAN_POINT ( 'NONE',  ( 101.0974545173659607, -5.000000000000000000, 20.24999999999999289 ) ) ;
#9514 = ORIENTED_EDGE ( 'NONE', *, *, #5771, .F. ) ;
#9515 = EDGE_LOOP ( 'NONE', ( #4571, #2143, #3475, #4677 ) ) ;
#9516 = CIRCLE ( 'NONE', #601, 19.87399999999006539 ) ;
#9517 = CARTESIAN_POINT ( 'NONE',  ( -70.86828268413246690, -5.000000000000000000, 25.27079167095700640 ) ) ;
#9518 = EDGE_CURVE ( 'NONE', #2016, #3705, #1194, .T. ) ;
#9519 = EDGE_LOOP ( 'NONE', ( #9165, #2452, #156, #1488 ) ) ;
#9520 = EDGE_CURVE ( 'NONE', #2261, #6356, #7466, .T. ) ;
#9521 = EDGE_CURVE ( 'NONE', #4080, #8049, #6609, .T. ) ;
#9522 = DIRECTION ( 'NONE',  ( 0.000000000000000000, 0.000000000000000000, 1.000000000000000000 ) ) ;
#9523 = VERTEX_POINT ( 'NONE', #7564 ) ;
#9524 = CIRCLE ( 'NONE', #6014, 8.699999999995648992 ) ;
#9525 = FACE_OUTER_BOUND ( 'NONE', #2375, .T. ) ;
#9526 = DIRECTION ( 'NONE',  ( 0.000000000000000000, 0.000000000000000000, 1.000000000000000000 ) ) ;
#9527 = DIRECTION ( 'NONE',  ( -0.000000000000000000, -1.000000000000000000, -0.000000000000000000 ) ) ;
#9528 = VERTEX_POINT ( 'NONE', #6056 ) ;
#9529 = AXIS2_PLACEMENT_3D ( 'NONE', #8600, #2616, #8745 ) ;
#9530 = EDGE_CURVE ( 'NONE', #4835, #1561, #6008, .T. ) ;
#9531 = ORIENTED_EDGE ( 'NONE', *, *, #2131, .T. ) ;
#9532 = LINE ( 'NONE', #5035, #4979 ) ;
#9533 = DIRECTION ( 'NONE',  ( -0.000000000000000000, 1.000000000000000000, -0.000000000000000000 ) ) ;
#9534 = DIRECTION ( 'NONE',  ( 0.000000000000000000, 0.000000000000000000, 1.000000000000000000 ) ) ;
#9535 = CARTESIAN_POINT ( 'NONE',  ( -87.39810469802162629, -5.000000000000000000, 20.24999999999999289 ) ) ;
#9536 = ORIENTED_EDGE ( 'NONE', *, *, #5594, .T. ) ;
#9537 = DIRECTION ( 'NONE',  ( -1.272130549049658700E-16, 0.000000000000000000, -1.000000000000000000 ) ) ;
#9538 = DIRECTION ( 'NONE',  ( 0.000000000000000000, 0.000000000000000000, 1.000000000000000000 ) ) ;
#9539 = CARTESIAN_POINT ( 'NONE',  ( 158.9999999999999716, 5.000000000000000000, 39.89999999999999858 ) ) ;
#9540 = CARTESIAN_POINT ( 'NONE',  ( -112.4004555369284901, 5.000000000000000000, 23.63822177457588225 ) ) ;
#9541 = ORIENTED_EDGE ( 'NONE', *, *, #3657, .F. ) ;
#9542 = CARTESIAN_POINT ( 'NONE',  ( -0.6968799923040804867, -5.000000000000000000, 23.63822177457588225 ) ) ;
#9543 = LINE ( 'NONE', #3404, #1892 ) ;
#9544 = ORIENTED_EDGE ( 'NONE', *, *, #2566, .F. ) ;
#9545 = DIRECTION ( 'NONE',  ( -0.000000000000000000, -1.000000000000000000, 0.000000000000000000 ) ) ;
#9546 = DIRECTION ( 'NONE',  ( -0.000000000000000000, 1.000000000000000000, -0.000000000000000000 ) ) ;
#9547 = CARTESIAN_POINT ( 'NONE',  ( -44.98660387455942811, -5.000000000000000000, 20.24999999999999289 ) ) ;
#9548 = EDGE_CURVE ( 'NONE', #5480, #6691, #1683, .T. ) ;
#9549 = DIRECTION ( 'NONE',  ( -0.000000000000000000, -1.000000000000000000, -0.000000000000000000 ) ) ;
#9550 = PLANE ( 'NONE',  #8337 ) ;
#9551 = ORIENTED_EDGE ( 'NONE', *, *, #2733, .F. ) ;
#9552 = ORIENTED_EDGE ( 'NONE', *, *, #8908, .T. ) ;
#9553 = EDGE_CURVE ( 'NONE', #2366, #5514, #5214, .T. ) ;
#9554 = CARTESIAN_POINT ( 'NONE',  ( 79.41373267423564641, 5.000000000000000000, 23.63822177457588225 ) ) ;
#9555 = CARTESIAN_POINT ( 'NONE',  ( 145.3871783996212912, -5.000000000000000000, 23.63822177457588225 ) ) ;
#9556 = CARTESIAN_POINT ( 'NONE',  ( 26.13704795302066941, -5.000000000000000000, 20.24999999999999289 ) ) ;
#9557 = ORIENTED_EDGE ( 'NONE', *, *, #6374, .F. ) ;
#9558 = AXIS2_PLACEMENT_3D ( 'NONE', #4704, #1017, #2319 ) ;
#9559 = VERTEX_POINT ( 'NONE', #3018 ) ;
#9560 = ADVANCED_FACE ( 'NONE', ( #8305 ), #9703, .T. ) ;
#9561 = CARTESIAN_POINT ( 'NONE',  ( 42.59394880182432530, -5.000000000000000000, 25.27079167095700996 ) ) ;
#9562 = LINE ( 'NONE', #5116, #1486 ) ;
#9563 = ORIENTED_EDGE ( 'NONE', *, *, #1393, .T. ) ;
#9564 = CIRCLE ( 'NONE', #5896, 8.699999999995645439 ) ;
#9565 = DIRECTION ( 'NONE',  ( -0.000000000000000000, -1.000000000000000000, -0.000000000000000000 ) ) ;
#9566 = EDGE_LOOP ( 'NONE', ( #1741, #1098, #2157, #2456 ) ) ;
#9567 = EDGE_CURVE ( 'NONE', #6223, #3545, #6614, .T. ) ;
#9568 = CARTESIAN_POINT ( 'NONE',  ( 127.9313824626907063, 5.000000000000000000, 23.63822177457588225 ) ) ;
#9569 = CARTESIAN_POINT ( 'NONE',  ( 134.5219945018685337, -5.000000000000000000, 20.24999999999999289 ) ) ;
#9570 = DIRECTION ( 'NONE',  ( -0.000000000000000000, -1.000000000000000000, -0.000000000000000000 ) ) ;
#9571 = ADVANCED_FACE ( 'NONE', ( #6817 ), #5902, .T. ) ;
#9572 = ORIENTED_EDGE ( 'NONE', *, *, #7885, .T. ) ;
#9573 = EDGE_CURVE ( 'NONE', #3291, #3691, #8904, .T. ) ;
#9574 = ORIENTED_EDGE ( 'NONE', *, *, #1806, .F. ) ;
#9575 = DIRECTION ( 'NONE',  ( -0.000000000000000000, 1.000000000000000000, -0.000000000000000000 ) ) ;
#9576 = CARTESIAN_POINT ( 'NONE',  ( 52.01872676259370110, -5.000000000000000000, 25.27079167095700996 ) ) ;
#9577 = DIRECTION ( 'NONE',  ( 1.000000000000000000, 0.000000000000000000, -1.272130549049658700E-16 ) ) ;
#9578 = DIRECTION ( 'NONE',  ( 1.000000000000000000, 0.000000000000000000, -1.272130549049658700E-16 ) ) ;
#9579 = CARTESIAN_POINT ( 'NONE',  ( -150.0000000000000000, 5.000000000000000000, 20.24999999999999645 ) ) ;
#9580 = DIRECTION ( 'NONE',  ( 0.000000000000000000, 0.000000000000000000, 1.000000000000000000 ) ) ;
#9581 = CARTESIAN_POINT ( 'NONE',  ( 89.35294264894697847, -5.000000000000000000, 25.27079167095700640 ) ) ;
#9582 = EDGE_CURVE ( 'NONE', #3722, #7090, #7581, .T. ) ;
#9583 = VERTEX_POINT ( 'NONE', #9204 ) ;
#9584 = DIRECTION ( 'NONE',  ( -0.000000000000000000, 1.000000000000000000, -0.000000000000000000 ) ) ;
#9585 = ORIENTED_EDGE ( 'NONE', *, *, #1862, .T. ) ;
#9586 = CARTESIAN_POINT ( 'NONE',  ( -150.0000000000000000, -5.000000000000000000, 20.24999999999999645 ) ) ;
#9587 = ORIENTED_EDGE ( 'NONE', *, *, #5679, .F. ) ;
#9588 = AXIS2_PLACEMENT_3D ( 'NONE', #3882, #1750, #1796 ) ;
#9589 = LINE ( 'NONE', #8893, #2932 ) ;
#9590 = CARTESIAN_POINT ( 'NONE',  ( -92.11049367840631419, -5.000000000000000000, 20.24999999999999289 ) ) ;
#9591 = VERTEX_POINT ( 'NONE', #7010 ) ;
#9592 = DIRECTION ( 'NONE',  ( -0.000000000000000000, -1.000000000000000000, -0.000000000000000000 ) ) ;
#9593 = CARTESIAN_POINT ( 'NONE',  ( -65.97344572538565899, 5.000000000000000000, 43.50000000000000000 ) ) ;
#9594 = EDGE_CURVE ( 'NONE', #1043, #361, #1358, .T. ) ;
#9595 = CARTESIAN_POINT ( 'NONE',  ( -150.0000000000000000, 5.000000000000000000, 20.24999999999999645 ) ) ;
#9596 = LINE ( 'NONE', #5104, #2140 ) ;
#9597 = VERTEX_POINT ( 'NONE', #139 ) ;
#9598 = VERTEX_POINT ( 'NONE', #1580 ) ;
#9599 = AXIS2_PLACEMENT_3D ( 'NONE', #1217, #3356, #3547 ) ;
#9600 = DIRECTION ( 'NONE',  ( -0.000000000000000000, 1.000000000000000000, -0.000000000000000000 ) ) ;
#9601 = EDGE_CURVE ( 'NONE', #3705, #7518, #6934, .T. ) ;
#9602 = DIRECTION ( 'NONE',  ( 1.000000000000000000, 0.000000000000000000, -1.272130549049658700E-16 ) ) ;
#9603 = AXIS2_PLACEMENT_3D ( 'NONE', #1802, #1389, #3025 ) ;
#9604 = CARTESIAN_POINT ( 'NONE',  ( 61.07860876663885108, -5.000000000000000000, 25.27079167095700640 ) ) ;
#9605 = ORIENTED_EDGE ( 'NONE', *, *, #966, .T. ) ;
#9606 = ORIENTED_EDGE ( 'NONE', *, *, #3165, .F. ) ;
#9607 = VECTOR ( 'NONE', #7948, 1000.000000000000000 ) ;
#9608 = AXIS2_PLACEMENT_3D ( 'NONE', #6715, #6769, #9811 ) ;
#9609 = CARTESIAN_POINT ( 'NONE',  ( -129.8096055214838600, -5.000000000000000000, 20.24999999999999289 ) ) ;
#9610 = DIRECTION ( 'NONE',  ( 1.000000000000000000, 0.000000000000000000, -1.272130549049658700E-16 ) ) ;
#9611 = VERTEX_POINT ( 'NONE', #3170 ) ;
#9612 = CARTESIAN_POINT ( 'NONE',  ( 96.38506553698125856, -5.000000000000000000, 20.24999999999999289 ) ) ;
#9613 = ORIENTED_EDGE ( 'NONE', *, *, #4328, .T. ) ;
#9614 = EDGE_CURVE ( 'NONE', #5325, #8351, #9795, .T. ) ;
#9615 = DIRECTION ( 'NONE',  ( -0.000000000000000000, 1.000000000000000000, -0.000000000000000000 ) ) ;
#9616 = CIRCLE ( 'NONE', #2768, 19.87399999999006539 ) ;
#9617 = DIRECTION ( 'NONE',  ( -0.000000000000000000, -1.000000000000000000, -0.000000000000000000 ) ) ;
#9618 = ORIENTED_EDGE ( 'NONE', *, *, #6602, .F. ) ;
#9619 = ADVANCED_FACE ( 'NONE', ( #6103 ), #5402, .F. ) ;
#9620 = VECTOR ( 'NONE', #7106, 1000.000000000000000 ) ;
#9621 = ORIENTED_EDGE ( 'NONE', *, *, #3245, .F. ) ;
#9622 = DIRECTION ( 'NONE',  ( 0.000000000000000000, 0.000000000000000000, 1.000000000000000000 ) ) ;
#9623 = ADVANCED_FACE ( 'NONE', ( #8356 ), #2421, .T. ) ;
#9624 = CARTESIAN_POINT ( 'NONE',  ( 200.0000000000000000, 5.000000000000000000, -60.00000000000000000 ) ) ;
#9625 = CARTESIAN_POINT ( 'NONE',  ( -86.96028757621188277, -5.000000000000000000, 20.24999999999999289 ) ) ;
#9626 = LINE ( 'NONE', #4983, #868 ) ;
#9627 = LINE ( 'NONE', #8137, #6390 ) ;
#9628 = DIRECTION ( 'NONE',  ( -0.000000000000000000, 1.000000000000000000, -0.000000000000000000 ) ) ;
#9629 =( NAMED_UNIT ( * ) PLANE_ANGLE_UNIT ( ) SI_UNIT ( $, .RADIAN. ) );
#9630 = CIRCLE ( 'NONE', #3413, 19.87399999999006539 ) ;
#9631 = EDGE_LOOP ( 'NONE', ( #4962, #6489, #8420, #9799 ) ) ;
#9632 = CIRCLE ( 'NONE', #1682, 19.87399999999006539 ) ;
#9633 = AXIS2_PLACEMENT_3D ( 'NONE', #8208, #5159, #5065 ) ;
#9634 = FACE_OUTER_BOUND ( 'NONE', #7887, .T. ) ;
#9635 = EDGE_LOOP ( 'NONE', ( #5291, #4024, #4063, #5388 ) ) ;
#9636 = CARTESIAN_POINT ( 'NONE',  ( 134.0841773800587760, -5.000000000000000000, 20.24999999999999289 ) ) ;
#9637 = EDGE_CURVE ( 'NONE', #4483, #5813, #1199, .T. ) ;
#9638 = VECTOR ( 'NONE', #8976, 1000.000000000000000 ) ;
#9639 = ORIENTED_EDGE ( 'NONE', *, *, #7761, .T. ) ;
#9640 = VECTOR ( 'NONE', #3285, 1000.000000000000000 ) ;
#9641 = ADVANCED_FACE ( 'NONE', ( #9249 ), #86, .T. ) ;
#9642 = DIRECTION ( 'NONE',  ( 0.000000000000000000, 0.000000000000000000, 1.000000000000000000 ) ) ;
#9643 = DIRECTION ( 'NONE',  ( 0.000000000000000000, 0.000000000000000000, 1.000000000000000000 ) ) ;
#9644 = AXIS2_PLACEMENT_3D ( 'NONE', #2619, #9545, #9402 ) ;
#9645 = ORIENTED_EDGE ( 'NONE', *, *, #2453, .F. ) ;
#9646 = CYLINDRICAL_SURFACE ( 'NONE', #7571, 8.699999999995648992 ) ;
#9647 = CARTESIAN_POINT ( 'NONE',  ( -112.4004555369284901, -5.000000000000000000, 23.63822177457588225 ) ) ;
#9648 = VECTOR ( 'NONE', #4231, 1000.000000000000000 ) ;
#9649 = CIRCLE ( 'NONE', #7910, 19.87399999999006539 ) ;
#9650 = CIRCLE ( 'NONE', #6785, 8.699999999995648992 ) ;
#9651 = DIRECTION ( 'NONE',  ( 0.000000000000000000, 0.000000000000000000, 1.000000000000000000 ) ) ;
#9652 = DIRECTION ( 'NONE',  ( 0.000000000000000000, 0.000000000000000000, 1.000000000000000000 ) ) ;
#9653 = ADVANCED_FACE ( 'NONE', ( #8500 ), #231, .T. ) ;
#9654 = EDGE_LOOP ( 'NONE', ( #1538, #4804, #9232, #7825 ) ) ;
#9655 = CARTESIAN_POINT ( 'NONE',  ( -27.57745389000406178, -5.000000000000000000, 23.63822177457588225 ) ) ;
#9656 = ORIENTED_EDGE ( 'NONE', *, *, #1143, .T. ) ;
#9657 = CYLINDRICAL_SURFACE ( 'NONE', #8519, 1.000000000000000888 ) ;
#9658 = AXIS2_PLACEMENT_3D ( 'NONE', #6352, #365, #1113 ) ;
#9659 = LINE ( 'NONE', #5863, #8535 ) ;
#9660 = CARTESIAN_POINT ( 'NONE',  ( 61.44350472336309110, 5.000000000000000000, 25.27079167095700996 ) ) ;
#9661 = VERTEX_POINT ( 'NONE', #8557 ) ;
#9662 = ORIENTED_EDGE ( 'NONE', *, *, #7004, .F. ) ;
#9663 = AXIS2_PLACEMENT_3D ( 'NONE', #6232, #2450, #9229 ) ;
#9664 = CYLINDRICAL_SURFACE ( 'NONE', #9406, 8.699999999995648992 ) ;
#9665 = DIRECTION ( 'NONE',  ( -1.272130549049658700E-16, 0.000000000000000000, -1.000000000000000000 ) ) ;
#9666 = ORIENTED_EDGE ( 'NONE', *, *, #2345, .T. ) ;
#9667 = CARTESIAN_POINT ( 'NONE',  ( 37.00223185077343402, 5.000000000000000000, 23.63822177457588225 ) ) ;
#9668 = ORIENTED_EDGE ( 'NONE', *, *, #1058, .F. ) ;
#9669 = FACE_OUTER_BOUND ( 'NONE', #8499, .T. ) ;
#9670 = VECTOR ( 'NONE', #4670, 1000.000000000000000 ) ;
#9671 = CARTESIAN_POINT ( 'NONE',  ( 131.9468914507713180, -5.000000000000000000, 43.50000000000000000 ) ) ;
#9672 = ORIENTED_EDGE ( 'NONE', *, *, #6259, .T. ) ;
#9673 = EDGE_CURVE ( 'NONE', #2829, #6952, #3916, .T. ) ;
#9674 = ORIENTED_EDGE ( 'NONE', *, *, #7049, .T. ) ;
#9675 = AXIS2_PLACEMENT_3D ( 'NONE', #2091, #7429, #5030 ) ;
#9676 = CARTESIAN_POINT ( 'NONE',  ( 10.12165795307345562, -5.000000000000000000, 23.63822177457588225 ) ) ;
#9677 = CARTESIAN_POINT ( 'NONE',  ( -58.68595369390374827, -5.000000000000000000, 20.24999999999999289 ) ) ;
#9678 = CARTESIAN_POINT ( 'NONE',  ( 80.11061266653972268, 5.000000000000000000, 43.50000000000000000 ) ) ;
#9679 = LINE ( 'NONE', #6682, #3729 ) ;
#9680 = DIRECTION ( 'NONE',  ( 1.000000000000000000, 0.000000000000000000, -1.272130549049658700E-16 ) ) ;
#9681 = EDGE_CURVE ( 'NONE', #1685, #7623, #2327, .T. ) ;
#9682 = CARTESIAN_POINT ( 'NONE',  ( -52.53315877653567867, -5.000000000000000000, 23.63822177457588225 ) ) ;
#9683 = AXIS2_PLACEMENT_3D ( 'NONE', #9101, #1527, #9150 ) ;
#9684 = ORIENTED_EDGE ( 'NONE', *, *, #3308, .T. ) ;
#9685 = EDGE_CURVE ( 'NONE', #5114, #1876, #2321, .T. ) ;
#9686 = DIRECTION ( 'NONE',  ( -0.000000000000000000, 1.000000000000000000, -0.000000000000000000 ) ) ;
#9687 = ORIENTED_EDGE ( 'NONE', *, *, #6943, .F. ) ;
#9688 = LINE ( 'NONE', #566, #8033 ) ;
#9689 = ORIENTED_EDGE ( 'NONE', *, *, #3106, .T. ) ;
#9690 = DIRECTION ( 'NONE',  ( -0.000000000000000000, -1.000000000000000000, -0.000000000000000000 ) ) ;
#9691 = CARTESIAN_POINT ( 'NONE',  ( -150.0000000000000000, 5.000000000000000000, 20.24999999999999645 ) ) ;
#9692 = ORIENTED_EDGE ( 'NONE', *, *, #1985, .F. ) ;
#9693 =( LENGTH_UNIT ( ) NAMED_UNIT ( * ) SI_UNIT ( .MILLI., .METRE. ) );
#9694 = LINE ( 'NONE', #9050, #5192 ) ;
#9695 = CARTESIAN_POINT ( 'NONE',  ( 38.39599183538159366, -5.000000000000000000, 23.63822177457588225 ) ) ;
#9696 = EDGE_CURVE ( 'NONE', #5114, #3425, #4761, .T. ) ;
#9697 = EDGE_CURVE ( 'NONE', #2771, #1129, #6128, .T. ) ;
#9698 = DIRECTION ( 'NONE',  ( -0.000000000000000000, 1.000000000000000000, -0.000000000000000000 ) ) ;
#9699 = CARTESIAN_POINT ( 'NONE',  ( -136.6592804311559917, 5.000000000000000000, 43.50000000000000000 ) ) ;
#9700 = ORIENTED_EDGE ( 'NONE', *, *, #9344, .T. ) ;
#9701 = DIRECTION ( 'NONE',  ( -0.000000000000000000, 1.000000000000000000, -0.000000000000000000 ) ) ;
#9702 = ORIENTED_EDGE ( 'NONE', *, *, #6468, .T. ) ;
#9703 = CYLINDRICAL_SURFACE ( 'NONE', #9326, 8.699999999995648992 ) ;
#9704 = DIRECTION ( 'NONE',  ( -0.000000000000000000, 1.000000000000000000, -0.000000000000000000 ) ) ;
#9705 = CARTESIAN_POINT ( 'NONE',  ( 170.0000000000000000, -5.000000000000000000, 50.00000000000000000 ) ) ;
#9706 = ORIENTED_EDGE ( 'NONE', *, *, #1480, .F. ) ;
#9707 = EDGE_CURVE ( 'NONE', #174, #9236, #1530, .T. ) ;
#9708 = AXIS2_PLACEMENT_3D ( 'NONE', #4958, #6472, #4312 ) ;
#9709 = EDGE_LOOP ( 'NONE', ( #4907, #3714, #9656, #7165 ) ) ;
#9710 = LINE ( 'NONE', #6015, #6687 ) ;
#9711 = DIRECTION ( 'NONE',  ( 0.000000000000000000, 0.000000000000000000, 1.000000000000000000 ) ) ;
#9712 = ORIENTED_EDGE ( 'NONE', *, *, #6699, .F. ) ;
#9713 = DIRECTION ( 'NONE',  ( 0.000000000000000000, 0.000000000000000000, 1.000000000000000000 ) ) ;
#9714 = VERTEX_POINT ( 'NONE', #781 ) ;
#9715 = DIRECTION ( 'NONE',  ( 0.000000000000000000, 0.000000000000000000, 1.000000000000000000 ) ) ;
#9716 = PLANE ( 'NONE',  #7444 ) ;
#9717 = EDGE_CURVE ( 'NONE', #3872, #5136, #8525, .T. ) ;
#9718 = ORIENTED_EDGE ( 'NONE', *, *, #4306, .T. ) ;
#9719 = VERTEX_POINT ( 'NONE', #8793 ) ;
#9720 = LINE ( 'NONE', #4435, #3708 ) ;
#9721 = CARTESIAN_POINT ( 'NONE',  ( 51.83627878423158819, 5.000000000000000000, 43.50000000000000000 ) ) ;
#9722 = CARTESIAN_POINT ( 'NONE',  ( 4.712388980384689674, 5.000000000000000000, 43.50000000000000000 ) ) ;
#9723 = CARTESIAN_POINT ( 'NONE',  ( 113.7942155215366284, 5.000000000000000000, 23.63822177457588225 ) ) ;
#9724 = DIRECTION ( 'NONE',  ( 1.000000000000000000, 0.000000000000000000, -1.272130549049658700E-16 ) ) ;
#9725 = EDGE_CURVE ( 'NONE', #3124, #7030, #9001, .T. ) ;
#9726 = VECTOR ( 'NONE', #1072, 1000.000000000000000 ) ;
#9727 = FACE_OUTER_BOUND ( 'NONE', #8868, .T. ) ;
#9728 = ORIENTED_EDGE ( 'NONE', *, *, #4193, .F. ) ;
#9729 = CARTESIAN_POINT ( 'NONE',  ( 103.6725575684631764, -5.000000000000000000, 43.50000000000000000 ) ) ;
#9730 = ORIENTED_EDGE ( 'NONE', *, *, #280, .F. ) ;
#9731 = CARTESIAN_POINT ( 'NONE',  ( 129.3717883996740738, -5.000000000000000000, 20.24999999999999289 ) ) ;
#9732 = ORIENTED_EDGE ( 'NONE', *, *, #5904, .F. ) ;
#9733 = CARTESIAN_POINT ( 'NONE',  ( -150.0000000000000000, -5.000000000000000000, 20.24999999999999645 ) ) ;
#9734 = CARTESIAN_POINT ( 'NONE',  ( -86.96028757621188277, -5.000000000000000000, 20.24999999999999289 ) ) ;
#9735 = ORIENTED_EDGE ( 'NONE', *, *, #2373, .F. ) ;
#9736 = CARTESIAN_POINT ( 'NONE',  ( -150.0000000000000000, 5.000000000000000000, 20.24999999999999645 ) ) ;
#9737 = EDGE_CURVE ( 'NONE', #2573, #7426, #5698, .T. ) ;
#9738 = DIRECTION ( 'NONE',  ( -0.000000000000000000, 1.000000000000000000, -0.000000000000000000 ) ) ;
#9739 = FACE_OUTER_BOUND ( 'NONE', #780, .T. ) ;
#9740 = ADVANCED_FACE ( 'NONE', ( #1966 ), #332, .T. ) ;
#9741 = CIRCLE ( 'NONE', #6242, 8.699999999995645439 ) ;
#9742 = CARTESIAN_POINT ( 'NONE',  ( -65.79099774702353898, -5.000000000000000000, 25.27079167095700996 ) ) ;
#9743 = ORIENTED_EDGE ( 'NONE', *, *, #8261, .T. ) ;
#9744 = CARTESIAN_POINT ( 'NONE',  ( -63.83615979609819391, -5.000000000000000000, 20.24999999999999289 ) ) ;
#9745 = ORIENTED_EDGE ( 'NONE', *, *, #8710, .F. ) ;
#9746 = LINE ( 'NONE', #2122, #1518 ) ;
#9747 = DIRECTION ( 'NONE',  ( -0.000000000000000000, -1.000000000000000000, -0.000000000000000000 ) ) ;
#9748 = EDGE_CURVE ( 'NONE', #251, #3379, #3407, .T. ) ;
#9749 = LINE ( 'NONE', #2918, #578 ) ;
#9750 = VECTOR ( 'NONE', #8464, 1000.000000000000000 ) ;
#9751 = EDGE_LOOP ( 'NONE', ( #2231, #7247, #6927, #9466 ) ) ;
#9752 = ORIENTED_EDGE ( 'NONE', *, *, #8374, .F. ) ;
#9753 = CARTESIAN_POINT ( 'NONE',  ( 11.99988101186659861, 5.000000000000000000, 20.24999999999999289 ) ) ;
#9754 = DIRECTION ( 'NONE',  ( -0.000000000000000000, 1.000000000000000000, -0.000000000000000000 ) ) ;
#9755 = VECTOR ( 'NONE', #708, 1000.000000000000000 ) ;
#9756 = ORIENTED_EDGE ( 'NONE', *, *, #3436, .F. ) ;
#9757 = CIRCLE ( 'NONE', #5770, 8.699999999995648992 ) ;
#9758 = DIRECTION ( 'NONE',  ( 0.000000000000000000, 1.000000000000000000, -0.000000000000000000 ) ) ;
#9759 = VERTEX_POINT ( 'NONE', #3319 ) ;
#9760 = EDGE_CURVE ( 'NONE', #6691, #3867, #4860, .T. ) ;
#9761 = CARTESIAN_POINT ( 'NONE',  ( 159.0000000000000000, 5.000000000000000000, -40.89999999999999858 ) ) ;
#9762 = CYLINDRICAL_SURFACE ( 'NONE', #1881, 8.699999999995645439 ) ;
#9763 = VECTOR ( 'NONE', #1402, 1000.000000000000000 ) ;
#9764 = ORIENTED_EDGE ( 'NONE', *, *, #381, .T. ) ;
#9765 = CIRCLE ( 'NONE', #2449, 8.699999999995648992 ) ;
#9766 = ORIENTED_EDGE ( 'NONE', *, *, #8164, .T. ) ;
#9767 = DIRECTION ( 'NONE',  ( -1.000000000000000000, 0.000000000000000000, 1.272130549049658700E-16 ) ) ;
#9768 = ADVANCED_FACE ( 'NONE', ( #3460 ), #6360, .T. ) ;
#9769 = AXIS2_PLACEMENT_3D ( 'NONE', #3630, #2879, #5075 ) ;
#9771 = AXIS2_PLACEMENT_3D ( 'NONE', #5898, #6003, #2223 ) ;
#9770 = DIRECTION ( 'NONE',  ( -0.000000000000000000, -1.000000000000000000, -0.000000000000000000 ) ) ;
#9772 = LINE ( 'NONE', #5924, #9638 ) ;
#9773 = LINE ( 'NONE', #6231, #2149 ) ;
#9774 = VERTEX_POINT ( 'NONE', #1921 ) ;
#9775 = CIRCLE ( 'NONE', #2465, 19.87399999999006539 ) ;
#9776 = AXIS2_PLACEMENT_3D ( 'NONE', #3844, #4637, #9338 ) ;
#9777 = VECTOR ( 'NONE', #9578, 1000.000000000000000 ) ;
#9778 = DIRECTION ( 'NONE',  ( -0.000000000000000000, -1.000000000000000000, -0.000000000000000000 ) ) ;
#9779 = ORIENTED_EDGE ( 'NONE', *, *, #9594, .T. ) ;
#9780 = EDGE_CURVE ( 'NONE', #3425, #3650, #5494, .T. ) ;
#9781 = CARTESIAN_POINT ( 'NONE',  ( 107.6880665565437880, -5.000000000000000000, 23.63822177457588225 ) ) ;
#9782 = ORIENTED_EDGE ( 'NONE', *, *, #9504, .F. ) ;
#9783 = CARTESIAN_POINT ( 'NONE',  ( -150.0000000000000000, 5.000000000000000000, 20.24999999999999645 ) ) ;
#9784 = CARTESIAN_POINT ( 'NONE',  ( -150.0000000000000000, -5.000000000000000000, 20.24999999999999645 ) ) ;
#9785 = ORIENTED_EDGE ( 'NONE', *, *, #7433, .T. ) ;
#9786 = EDGE_LOOP ( 'NONE', ( #1526, #3996, #7317, #6667 ) ) ;
#9787 = CIRCLE ( 'NONE', #4687, 8.699999999995648992 ) ;
#9789 = AXIS2_PLACEMENT_3D ( 'NONE', #5099, #9095, #8296 ) ;
#9788 = DIRECTION ( 'NONE',  ( -0.000000000000000000, -1.000000000000000000, -0.000000000000000000 ) ) ;
#9790 = AXIS2_PLACEMENT_3D ( 'NONE', #2972, #1322, #1278 ) ;
#9791 = CARTESIAN_POINT ( 'NONE',  ( 131.7644434724091695, 5.000000000000000000, 25.27079167095700640 ) ) ;
#9792 = CIRCLE ( 'NONE', #3584, 19.87399999999006539 ) ;
#9793 = CYLINDRICAL_SURFACE ( 'NONE', #8386, 19.87399999999006539 ) ;
#9794 = EDGE_CURVE ( 'NONE', #2046, #3599, #723, .T. ) ;
#9795 = CIRCLE ( 'NONE', #7252, 8.699999999995645439 ) ;
#9796 = CARTESIAN_POINT ( 'NONE',  ( 118.5066045019213163, -5.000000000000000000, 23.63822177457588225 ) ) ;
#9797 = VERTEX_POINT ( 'NONE', #7917 ) ;
#9798 = DIRECTION ( 'NONE',  ( 1.000000000000000000, 0.000000000000000000, -1.272130549049658700E-16 ) ) ;
#9799 = ORIENTED_EDGE ( 'NONE', *, *, #8239, .T. ) ;
#9800 = CARTESIAN_POINT ( 'NONE',  ( 141.1892214331785738, -5.000000000000000000, 25.27079167095700640 ) ) ;
#9801 = CARTESIAN_POINT ( 'NONE',  ( -11.56206389005684798, -5.000000000000000000, 20.24999999999999289 ) ) ;
#9802 = CARTESIAN_POINT ( 'NONE',  ( -40.27421489417474021, 5.000000000000000000, 20.24999999999999289 ) ) ;
#9803 = AXIS2_PLACEMENT_3D ( 'NONE', #4927, #7278, #3484 ) ;
#9804 = ADVANCED_FACE ( 'NONE', ( #3361 ), #2716, .T. ) ;
#9805 = VECTOR ( 'NONE', #389, 1000.000000000000000 ) ;
#9806 = ORIENTED_EDGE ( 'NONE', *, *, #9119, .F. ) ;
#9807 = CIRCLE ( 'NONE', #8064, 8.699999999995648992 ) ;
#9808 = ORIENTED_EDGE ( 'NONE', *, *, #2265, .T. ) ;
#9809 = ADVANCED_FACE ( 'NONE', ( #4113 ), #9356, .T. ) ;
#9810 = CARTESIAN_POINT ( 'NONE',  ( 170.0000000000000000, -5.000000000000000000, -51.59999999999999432 ) ) ;
#9811 = DIRECTION ( 'NONE',  ( 0.000000000000000000, 0.000000000000000000, 1.000000000000000000 ) ) ;
#9812 = ORIENTED_EDGE ( 'NONE', *, *, #7033, .T. ) ;
#9813 = VECTOR ( 'NONE', #2171, 1000.000000000000000 ) ;
#9814 = CARTESIAN_POINT ( 'NONE',  ( -150.0000000000000000, 5.000000000000000000, 20.24999999999999645 ) ) ;
#9815 = EDGE_LOOP ( 'NONE', ( #1770, #9343 ) ) ;
#9816 = CARTESIAN_POINT ( 'NONE',  ( 170.0000000000000000, -5.000000000000000000, -51.59999999999999432 ) ) ;
#9817 = CARTESIAN_POINT ( 'NONE',  ( 170.0000000000000000, -5.000000000000000000, -50.00000000000000000 ) ) ;
#9818 = ORIENTED_EDGE ( 'NONE', *, *, #2145, .F. ) ;
#9819 = FACE_OUTER_BOUND ( 'NONE', #7720, .T. ) ;
#9820 = ORIENTED_EDGE ( 'NONE', *, *, #8040, .T. ) ;
#9821 = AXIS2_PLACEMENT_3D ( 'NONE', #1155, #5783, #4848 ) ;
#9822 = EDGE_CURVE ( 'NONE', #7271, #3621, #4220, .T. ) ;
#9823 = ADVANCED_FACE ( 'NONE', ( #6456 ), #4908, .T. ) ;
#9824 = EDGE_CURVE ( 'NONE', #4816, #5203, #7735, .T. ) ;
#9825 = ORIENTED_EDGE ( 'NONE', *, *, #2439, .T. ) ;
#9826 = CARTESIAN_POINT ( 'NONE',  ( -150.0000000000000000, 5.000000000000000000, 20.24999999999999645 ) ) ;
#9827 = DIRECTION ( 'NONE',  ( 0.000000000000000000, 0.000000000000000000, 1.000000000000000000 ) ) ;
#9828 = DIRECTION ( 'NONE',  ( 0.000000000000000000, 0.000000000000000000, 1.000000000000000000 ) ) ;
#9829 = CYLINDRICAL_SURFACE ( 'NONE', #7728, 10.00000000000000178 ) ;
#9830 = DIRECTION ( 'NONE',  ( -0.000000000000000000, 1.000000000000000000, -0.000000000000000000 ) ) ;
#9831 = ORIENTED_EDGE ( 'NONE', *, *, #6644, .F. ) ;
#9832 = EDGE_CURVE ( 'NONE', #7253, #5693, #6300, .T. ) ;
#9833 = CIRCLE ( 'NONE', #7933, 8.699999999995648992 ) ;
#9834 = CARTESIAN_POINT ( 'NONE',  ( -136.4768324527938717, 5.000000000000000000, 25.27079167095700996 ) ) ;
#9835 = ORIENTED_EDGE ( 'NONE', *, *, #3945, .T. ) ;
#9836 = CARTESIAN_POINT ( 'NONE',  ( 112.4004555369284759, -5.000000000000000000, 23.63822177457588225 ) ) ;
#9837 = ORIENTED_EDGE ( 'NONE', *, *, #6165, .F. ) ;
#9838 = LINE ( 'NONE', #9783, #1841 ) ;
#9839 = CYLINDRICAL_SURFACE ( 'NONE', #7631, 8.699999999995645439 ) ;
#9840 = EDGE_LOOP ( 'NONE', ( #8068, #3877, #2834, #5368 ) ) ;
#9841 = VERTEX_POINT ( 'NONE', #3505 ) ;
#9842 = PRODUCT ( 'Gear rack V2', 'Gear rack V2', '', ( #2903 ) ) ;
#9843 = VECTOR ( 'NONE', #6293, 1000.000000000000000 ) ;
#9844 = DIRECTION ( 'NONE',  ( 1.000000000000000000, 0.000000000000000000, -1.272130549049658700E-16 ) ) ;
#9845 = DIRECTION ( 'NONE',  ( -0.000000000000000000, 1.000000000000000000, -0.000000000000000000 ) ) ;
#9846 = CARTESIAN_POINT ( 'NONE',  ( 123.2189934823060042, 5.000000000000000000, 23.63822177457588225 ) ) ;
#9847 = VECTOR ( 'NONE', #8845, 1000.000000000000000 ) ;
#9848 = DIRECTION ( 'NONE',  ( -0.000000000000000000, -1.000000000000000000, -0.000000000000000000 ) ) ;
#9849 = ORIENTED_EDGE ( 'NONE', *, *, #318, .F. ) ;
#9850 = DIRECTION ( 'NONE',  ( 0.000000000000000000, 0.000000000000000000, 1.000000000000000000 ) ) ;
#9851 = LINE ( 'NONE', #4413, #2993 ) ;
#9852 = VERTEX_POINT ( 'NONE', #375 ) ;
#9853 = DIRECTION ( 'NONE',  ( -0.000000000000000000, 1.000000000000000000, -0.000000000000000000 ) ) ;
#9854 = LINE ( 'NONE', #6760, #5499 ) ;
#9855 = CARTESIAN_POINT ( 'NONE',  ( 44.98660387455942811, -5.000000000000000000, 20.24999999999999289 ) ) ;
#9856 = ADVANCED_FACE ( 'NONE', ( #2530 ), #9501, .T. ) ;
#9857 = ORIENTED_EDGE ( 'NONE', *, *, #4269, .F. ) ;
#9858 = ORIENTED_EDGE ( 'NONE', *, *, #1961, .T. ) ;
#9859 = PLANE ( 'NONE',  #958 ) ;
#9860 = LINE ( 'NONE', #3072, #4352 ) ;
#9861 = ORIENTED_EDGE ( 'NONE', *, *, #6384, .T. ) ;
#9862 = CARTESIAN_POINT ( 'NONE',  ( 170.0000000000000000, -5.000000000000000000, 48.40000000000001279 ) ) ;
#9863 = ORIENTED_EDGE ( 'NONE', *, *, #8864, .T. ) ;
#9864 = CARTESIAN_POINT ( 'NONE',  ( 66.67032571768973526, -5.000000000000000000, 23.63822177457588225 ) ) ;
#9865 = LINE ( 'NONE', #8094, #5802 ) ;
ENDSEC;
END-ISO-10303-21;
