ISO-10303-21;
HEADER;
FILE_DESCRIPTION (( 'STEP AP214' ),
    '1' );
FILE_NAME ('Nema23.step',
    '2026-08-28T16:13:21',
    ( '' ),
    ( '' ),
    'SwSTEP 2.0',
    'SolidWorks 2024',
    '' );
FILE_SCHEMA (( 'AUTOMOTIVE_DESIGN' ));
ENDSEC;

DATA;
#1 = ORIENTED_EDGE ( 'NONE', *, *, #1909, .T. ) ;
#2 = LINE ( 'NONE', #1123, #2712 ) ;
#3 = FACE_OUTER_BOUND ( 'NONE', #215, .T. ) ;
#4 = EDGE_LOOP ( 'NONE', ( #2998, #1523, #2237, #729 ) ) ;
#5 = EDGE_CURVE ( 'NONE', #936, #775, #2903, .T. ) ;
#6 = CARTESIAN_POINT ( 'NONE',  ( 18.19999999999999574, -28.20000000000000284, -76.00000000000000000 ) ) ;
#7 = EDGE_CURVE ( 'NONE', #2181, #755, #909, .T. ) ;
#8 = ORIENTED_EDGE ( 'NONE', *, *, #1687, .F. ) ;
#9 = LINE ( 'NONE', #674, #2382 ) ;
#10 = EDGE_CURVE ( 'NONE', #1782, #2970, #1992, .T. ) ;
#11 = LINE ( 'NONE', #2989, #2565 ) ;
#12 = DIRECTION ( 'NONE',  ( 0.000000000000000000, -0.000000000000000000, -1.000000000000000000 ) ) ;
#13 = VERTEX_POINT ( 'NONE', #2878 ) ;
#14 = CARTESIAN_POINT ( 'NONE',  ( -28.20000000000000284, -15.20000000000000462, -5.000000000000000000 ) ) ;
#15 = ORIENTED_EDGE ( 'NONE', *, *, #1943, .F. ) ;
#16 = FACE_OUTER_BOUND ( 'NONE', #2371, .T. ) ;
#17 = LINE ( 'NONE', #961, #592 ) ;
#18 = CARTESIAN_POINT ( 'NONE',  ( 25.19999999999998863, -18.20000000000000995, -9.999999999999994671 ) ) ;
#19 = VERTEX_POINT ( 'NONE', #1287 ) ;
#20 = CARTESIAN_POINT ( 'NONE',  ( 15.19999999999999218, -28.19999999999999574, -5.000000000000000000 ) ) ;
#21 = CIRCLE ( 'NONE', #131, 2.999999999999999112 ) ;
#22 = ADVANCED_FACE ( 'NONE', ( #342 ), #2198, .T. ) ;
#23 = ORIENTED_EDGE ( 'NONE', *, *, #7, .T. ) ;
#24 = DIRECTION ( 'NONE',  ( 0.000000000000000000, 0.000000000000000000, 1.000000000000000000 ) ) ;
#25 = AXIS2_PLACEMENT_3D ( 'NONE', #998, #751, #553 ) ;
#26 = AXIS2_PLACEMENT_3D ( 'NONE', #1054, #827, #1759 ) ;
#27 = CARTESIAN_POINT ( 'NONE',  ( -18.19999999999999574, -25.19999999999999574, -64.00000000000000000 ) ) ;
#28 = PLANE ( 'NONE',  #2041 ) ;
#29 = ORIENTED_EDGE ( 'NONE', *, *, #1497, .T. ) ;
#30 = CARTESIAN_POINT ( 'NONE',  ( -21.19999999999999218, -18.20000000000000284, -10.00000000000000888 ) ) ;
#31 = CARTESIAN_POINT ( 'NONE',  ( 25.19999999999998863, -18.20000000000000995, -64.00000000000000000 ) ) ;
#32 = AXIS2_PLACEMENT_3D ( 'NONE', #2963, #602, #1051 ) ;
#33 = VECTOR ( 'NONE', #1956, 1000.000000000000000 ) ;
#34 = ADVANCED_FACE ( 'NONE', ( #1039 ), #2212, .F. ) ;
#35 = EDGE_LOOP ( 'NONE', ( #1379, #1509, #2065, #1673 ) ) ;
#36 = AXIS2_PLACEMENT_3D ( 'NONE', #2959, #1314, #407 ) ;
#37 = CARTESIAN_POINT ( 'NONE',  ( 18.19999999999999574, 25.20000000000000284, -76.00000000000000000 ) ) ;
#38 = EDGE_LOOP ( 'NONE', ( #848, #719, #211, #939, #1500, #171, #2918, #1056 ) ) ;
#39 = CARTESIAN_POINT ( 'NONE',  ( -19.05000000000000071, 0.000000000000000000, 0.000000000000000000 ) ) ;
#40 = CARTESIAN_POINT ( 'NONE',  ( -18.19999999999999574, -28.20000000000000639, -76.00000000000000000 ) ) ;
#41 = ORIENTED_EDGE ( 'NONE', *, *, #575, .T. ) ;
#42 = DIRECTION ( 'NONE',  ( 0.000000000000000000, 1.000000000000000000, 0.000000000000000000 ) ) ;
#43 = ORIENTED_EDGE ( 'NONE', *, *, #292, .F. ) ;
#44 = VECTOR ( 'NONE', #255, 1000.000000000000000 ) ;
#45 = FACE_OUTER_BOUND ( 'NONE', #123, .T. ) ;
#46 = CARTESIAN_POINT ( 'NONE',  ( 21.19999999999999218, 18.19999999999999929, -9.999999999999994671 ) ) ;
#47 = CONICAL_SURFACE ( 'NONE', #1811, 3.500000000000003109, 0.7853981633974482790 ) ;
#48 = VERTEX_POINT ( 'NONE', #18 ) ;
#49 = DIRECTION ( 'NONE',  ( -1.000000000000000000, 0.000000000000000000, 0.000000000000000000 ) ) ;
#50 = CARTESIAN_POINT ( 'NONE',  ( 0.000000000000000000, 0.000000000000000000, 1.600000000000000089 ) ) ;
#51 = EDGE_CURVE ( 'NONE', #655, #1393, #1852, .T. ) ;
#52 = PLANE ( 'NONE',  #1474 ) ;
#53 = ORIENTED_EDGE ( 'NONE', *, *, #2627, .F. ) ;
#54 = FACE_OUTER_BOUND ( 'NONE', #1540, .T. ) ;
#55 = ORIENTED_EDGE ( 'NONE', *, *, #67, .T. ) ;
#56 = EDGE_CURVE ( 'NONE', #2970, #2109, #467, .T. ) ;
#57 = DIRECTION ( 'NONE',  ( -1.000000000000000000, 0.000000000000000000, 0.000000000000000000 ) ) ;
#58 = FILL_AREA_STYLE ('',( #1485 ) ) ;
#59 = DIRECTION ( 'NONE',  ( 0.000000000000000000, -1.000000000000000000, 0.000000000000000000 ) ) ;
#60 = VERTEX_POINT ( 'NONE', #2062 ) ;
#61 = DIRECTION ( 'NONE',  ( -0.000000000000000000, -0.000000000000000000, -1.000000000000000000 ) ) ;
#62 = DIRECTION ( 'NONE',  ( -1.000000000000000000, 0.000000000000000000, 0.000000000000000000 ) ) ;
#63 = ORIENTED_EDGE ( 'NONE', *, *, #1083, .T. ) ;
#64 = CYLINDRICAL_SURFACE ( 'NONE', #170, 2.999999999999999112 ) ;
#65 = DIRECTION ( 'NONE',  ( 0.000000000000000000, 0.000000000000000000, 1.000000000000000000 ) ) ;
#66 = ORIENTED_EDGE ( 'NONE', *, *, #277, .F. ) ;
#67 = EDGE_CURVE ( 'NONE', #1282, #431, #1643, .T. ) ;
#68 = CYLINDRICAL_SURFACE ( 'NONE', #1060, 2.999999999999999112 ) ;
#69 = VERTEX_POINT ( 'NONE', #2096 ) ;
#70 = DIRECTION ( 'NONE',  ( -1.230300337572203632E-16, 1.000000000000000000, 0.000000000000000000 ) ) ;
#71 = EDGE_CURVE ( 'NONE', #2619, #279, #2290, .T. ) ;
#72 = DIRECTION ( 'NONE',  ( 1.000000000000000000, 0.000000000000000000, 0.000000000000000000 ) ) ;
#73 = DIRECTION ( 'NONE',  ( 1.000000000000000000, 0.000000000000000000, 0.000000000000000000 ) ) ;
#74 = VERTEX_POINT ( 'NONE', #1126 ) ;
#75 = CLOSED_SHELL ( 'NONE', ( #34, #1217, #1400, #2219, #2318, #1851, #1775, #2590, #694, #457, #1148, #1281, #385, #1720, #801, #1740, #142, #1967, #2356, #2331, #1322, #2815, #2038, #1457, #195, #253, #2887, #2095, #2431, #955, #1617, #1461, #2300, #2700, #1209, #2372, #2496, #2962, #2291, #144, #2774, #536, #1826, #503, #515, #1153, #734, #746, #1191, #1620, #2456, #2515, #2316, #856, #688, #582, #2688, #706, #1516, #1969, #2892, #916, #2630, #977, #1234, #2670, #310, #2067, #1376, #2666, #104, #2992, #2018, #349, #1549, #649, #629, #1177, #445, #1137, #1528, #1971, #1927, #2174, #1704, #1283, #2005, #2476, #2697, #2798, #2975, #418, #3018, #179, #22, #2577, #1011, #2151, #301, #1778, #2920, #2810, #1355, #3010 ) ) ;
#76 = CARTESIAN_POINT ( 'NONE',  ( -28.19999999999999574, 18.20000000000000639, -76.00000000000000000 ) ) ;
#77 = ORIENTED_EDGE ( 'NONE', *, *, #1083, .F. ) ;
#78 = DIRECTION ( 'NONE',  ( 0.000000000000000000, 1.000000000000000000, 0.000000000000000000 ) ) ;
#79 = DIRECTION ( 'NONE',  ( -1.000000000000000000, 1.387778780781447648E-15, 0.000000000000000000 ) ) ;
#80 = CIRCLE ( 'NONE', #1208, 2.999999999999999112 ) ;
#81 = AXIS2_PLACEMENT_3D ( 'NONE', #643, #1575, #2976 ) ;
#82 = ORIENTED_EDGE ( 'NONE', *, *, #877, .T. ) ;
#83 = CARTESIAN_POINT ( 'NONE',  ( -15.19999999999999396, 28.20000000000000284, -5.000000000000000000 ) ) ;
#84 = ORIENTED_EDGE ( 'NONE', *, *, #1441, .T. ) ;
#85 = AXIS2_PLACEMENT_3D ( 'NONE', #2437, #2451, #2461 ) ;
#86 = CARTESIAN_POINT ( 'NONE',  ( 28.19999999999999574, -25.19999999999999929, 0.000000000000000000 ) ) ;
#87 = FACE_OUTER_BOUND ( 'NONE', #1061, .T. ) ;
#88 = FACE_OUTER_BOUND ( 'NONE', #1736, .T. ) ;
#89 = EDGE_CURVE ( 'NONE', #818, #473, #220, .T. ) ;
#90 = EDGE_LOOP ( 'NONE', ( #1440, #322, #485, #1958 ) ) ;
#91 = EDGE_CURVE ( 'NONE', #48, #655, #685, .T. ) ;
#92 = DIRECTION ( 'NONE',  ( 0.000000000000000000, -0.000000000000000000, -1.000000000000000000 ) ) ;
#93 = ORIENTED_EDGE ( 'NONE', *, *, #2204, .T. ) ;
#95 = CARTESIAN_POINT ( 'NONE',  ( 28.19999999999998153, -18.20000000000001350, -76.00000000000000000 ) ) ;
#94 = AXIS2_PLACEMENT_3D ( 'NONE', #2115, #1486, #2355 ) ;
#96 = DIRECTION ( 'NONE',  ( -1.000000000000000000, 0.000000000000000000, 0.000000000000000000 ) ) ;
#97 = VECTOR ( 'NONE', #1068, 1000.000000000000000 ) ;
#98 = DIRECTION ( 'NONE',  ( -1.000000000000000000, 0.000000000000000000, 0.000000000000000000 ) ) ;
#99 = VECTOR ( 'NONE', #1040, 1000.000000000000000 ) ;
#100 = DIRECTION ( 'NONE',  ( -0.000000000000000000, -0.000000000000000000, -1.000000000000000000 ) ) ;
#101 = DIRECTION ( 'NONE',  ( -0.000000000000000000, 0.000000000000000000, 1.000000000000000000 ) ) ;
#102 = EDGE_CURVE ( 'NONE', #473, #818, #614, .T. ) ;
#103 = ORIENTED_EDGE ( 'NONE', *, *, #2613, .F. ) ;
#104 = ADVANCED_FACE ( 'NONE', ( #87 ), #316, .F. ) ;
#105 = DIRECTION ( 'NONE',  ( 1.000000000000000000, 0.000000000000000000, 0.000000000000000000 ) ) ;
#106 = EDGE_CURVE ( 'NONE', #1771, #2269, #1945, .T. ) ;
#107 = EDGE_LOOP ( 'NONE', ( #464, #2658, #2505, #1706, #1036, #254, #1722, #1293 ) ) ;
#108 = DIRECTION ( 'NONE',  ( -0.000000000000000000, 1.000000000000000000, -0.000000000000000000 ) ) ;
#109 = ORIENTED_EDGE ( 'NONE', *, *, #335, .F. ) ;
#110 = FACE_OUTER_BOUND ( 'NONE', #2209, .T. ) ;
#111 = ORIENTED_EDGE ( 'NONE', *, *, #1735, .T. ) ;
#112 = DIRECTION ( 'NONE',  ( -1.000000000000000000, 0.000000000000000000, 0.000000000000000000 ) ) ;
#113 = CARTESIAN_POINT ( 'NONE',  ( 18.19999999999999574, -25.19999999999999574, -76.00000000000000000 ) ) ;
#114 = CARTESIAN_POINT ( 'NONE',  ( -28.20000000000000284, -15.20000000000000462, -64.00000000000000000 ) ) ;
#115 = ORIENTED_EDGE ( 'NONE', *, *, #2954, .T. ) ;
#116 = EDGE_CURVE ( 'NONE', #362, #2128, #1041, .T. ) ;
#117 = ORIENTED_EDGE ( 'NONE', *, *, #2092, .F. ) ;
#118 = FACE_OUTER_BOUND ( 'NONE', #2644, .T. ) ;
#119 = VECTOR ( 'NONE', #1810, 1000.000000000000000 ) ;
#120 = CIRCLE ( 'NONE', #814, 2.999999999999999112 ) ;
#121 = ORIENTED_EDGE ( 'NONE', *, *, #1284, .F. ) ;
#122 = CARTESIAN_POINT ( 'NONE',  ( -28.20000000000000995, 28.20000000000000284, 0.000000000000000000 ) ) ;
#123 = EDGE_LOOP ( 'NONE', ( #625, #2195, #1158, #2253 ) ) ;
#124 = CIRCLE ( 'NONE', #1840, 2.600000000000001421 ) ;
#125 = CARTESIAN_POINT ( 'NONE',  ( -23.56999999999999673, -23.57000000000000384, 0.000000000000000000 ) ) ;
#126 = EDGE_CURVE ( 'NONE', #2128, #743, #2951, .T. ) ;
#127 = AXIS2_PLACEMENT_3D ( 'NONE', #2050, #2281, #1587 ) ;
#128 = CARTESIAN_POINT ( 'NONE',  ( -15.19999999999999396, -25.19999999999999574, -10.00000000000000888 ) ) ;
#129 = CYLINDRICAL_SURFACE ( 'NONE', #187, 2.999999999999999112 ) ;
#130 = AXIS2_PLACEMENT_3D ( 'NONE', #1522, #2449, #2691 ) ;
#131 = AXIS2_PLACEMENT_3D ( 'NONE', #1689, #2614, #1271 ) ;
#132 = VERTEX_POINT ( 'NONE', #303 ) ;
#133 = EDGE_LOOP ( 'NONE', ( #265, #795, #1505, #345 ) ) ;
#134 = DIRECTION ( 'NONE',  ( -1.000000000000000000, 1.387778780781447648E-15, 0.000000000000000000 ) ) ;
#135 = ORIENTED_EDGE ( 'NONE', *, *, #1885, .F. ) ;
#136 = DIRECTION ( 'NONE',  ( -0.000000000000000000, -0.000000000000000000, 1.000000000000000000 ) ) ;
#137 = DIRECTION ( 'NONE',  ( 0.000000000000000000, 0.000000000000000000, -1.000000000000000000 ) ) ;
#138 = CIRCLE ( 'NONE', #1415, 2.999999999999999112 ) ;
#139 = ORIENTED_EDGE ( 'NONE', *, *, #208, .T. ) ;
#140 = EDGE_CURVE ( 'NONE', #1968, #2660, #2189, .T. ) ;
#141 = CARTESIAN_POINT ( 'NONE',  ( -28.20000000000000995, 28.20000000000000284, -5.000000000000000000 ) ) ;
#142 = ADVANCED_FACE ( 'NONE', ( #2415 ), #1715, .F. ) ;
#143 = DIRECTION ( 'NONE',  ( -0.000000000000000000, -0.000000000000000000, 1.000000000000000000 ) ) ;
#144 = ADVANCED_FACE ( 'NONE', ( #2839 ), #2896, .T. ) ;
#145 = AXIS2_PLACEMENT_3D ( 'NONE', #896, #647, #2017 ) ;
#146 = CARTESIAN_POINT ( 'NONE',  ( 25.19999999999998863, -18.20000000000000995, -5.000000000000004441 ) ) ;
#147 = ORIENTED_EDGE ( 'NONE', *, *, #1063, .F. ) ;
#148 = DIRECTION ( 'NONE',  ( 0.000000000000000000, 0.000000000000000000, 1.000000000000000000 ) ) ;
#149 = LINE ( 'NONE', #1693, #239 ) ;
#150 = ORIENTED_EDGE ( 'NONE', *, *, #1511, .F. ) ;
#151 = CARTESIAN_POINT ( 'NONE',  ( -26.17000000000000526, 23.56999999999999673, -5.000000000000000000 ) ) ;
#152 = ORIENTED_EDGE ( 'NONE', *, *, #2751, .F. ) ;
#153 = DIRECTION ( 'NONE',  ( 1.892048650787848266E-32, -1.537875421965254602E-16, 1.000000000000000000 ) ) ;
#154 = ORIENTED_EDGE ( 'NONE', *, *, #1416, .T. ) ;
#155 = CARTESIAN_POINT ( 'NONE',  ( 21.19999999999999218, -21.20000000000000284, -10.00000000000000888 ) ) ;
#156 = EDGE_CURVE ( 'NONE', #2396, #1138, #2202, .T. ) ;
#157 = DIRECTION ( 'NONE',  ( 1.000000000000000000, 0.000000000000000000, -0.000000000000000000 ) ) ;
#158 = CARTESIAN_POINT ( 'NONE',  ( 21.19999999999999218, 21.19999999999999929, -76.00000000000000000 ) ) ;
#159 = ORIENTED_EDGE ( 'NONE', *, *, #2223, .F. ) ;
#160 = FACE_OUTER_BOUND ( 'NONE', #2981, .T. ) ;
#161 = VERTEX_POINT ( 'NONE', #1668 ) ;
#162 = DIRECTION ( 'NONE',  ( -0.000000000000000000, -0.000000000000000000, -1.000000000000000000 ) ) ;
#163 = DIRECTION ( 'NONE',  ( 0.000000000000000000, 1.000000000000000000, 1.537875421965254602E-16 ) ) ;
#164 = ORIENTED_EDGE ( 'NONE', *, *, #2869, .T. ) ;
#165 = DIRECTION ( 'NONE',  ( -1.230300337572203632E-16, 1.000000000000000000, -0.000000000000000000 ) ) ;
#166 = EDGE_LOOP ( 'NONE', ( #2079, #2985 ) ) ;
#167 = CARTESIAN_POINT ( 'NONE',  ( 15.19999999999999218, -25.19999999999999574, -64.00000000000000000 ) ) ;
#168 = AXIS2_PLACEMENT_3D ( 'NONE', #40, #1978, #500 ) ;
#169 = LINE ( 'NONE', #2528, #2203 ) ;
#170 = AXIS2_PLACEMENT_3D ( 'NONE', #1005, #559, #508 ) ;
#171 = ORIENTED_EDGE ( 'NONE', *, *, #1543, .F. ) ;
#172 = AXIS2_PLACEMENT_3D ( 'NONE', #940, #923, #1389 ) ;
#173 = EDGE_CURVE ( 'NONE', #574, #1926, #1730, .T. ) ;
#174 = CIRCLE ( 'NONE', #2673, 3.500000000000003109 ) ;
#175 = CARTESIAN_POINT ( 'NONE',  ( 25.19999999999998863, 15.20000000000000107, -5.000000000000000000 ) ) ;
#176 = AXIS2_PLACEMENT_3D ( 'NONE', #76, #1708, #2647 ) ;
#177 = ORIENTED_EDGE ( 'NONE', *, *, #1885, .T. ) ;
#178 = CARTESIAN_POINT ( 'NONE',  ( -15.19999999999999396, 28.20000000000000284, -5.000000000000000000 ) ) ;
#179 = ADVANCED_FACE ( 'NONE', ( #2366 ), #267, .T. ) ;
#180 = DIRECTION ( 'NONE',  ( 1.892048650787848266E-32, -1.537875421965254602E-16, 1.000000000000000000 ) ) ;
#181 = ORIENTED_EDGE ( 'NONE', *, *, #404, .T. ) ;
#182 = CARTESIAN_POINT ( 'NONE',  ( -21.19999999999999218, -21.20000000000000284, -64.00000000000000000 ) ) ;
#183 = VERTEX_POINT ( 'NONE', #2163 ) ;
#184 = CIRCLE ( 'NONE', #1222, 4.000000000000000000 ) ;
#185 = DIRECTION ( 'NONE',  ( -0.000000000000000000, -0.000000000000000000, 1.000000000000000000 ) ) ;
#186 = CARTESIAN_POINT ( 'NONE',  ( 25.19999999999998863, 15.20000000000000107, -5.000000000000000000 ) ) ;
#187 = AXIS2_PLACEMENT_3D ( 'NONE', #2006, #2928, #1539 ) ;
#188 = DIRECTION ( 'NONE',  ( -0.000000000000000000, 0.000000000000000000, -1.000000000000000000 ) ) ;
#189 = ORIENTED_EDGE ( 'NONE', *, *, #2871, .F. ) ;
#190 = CARTESIAN_POINT ( 'NONE',  ( 25.19999999999998863, -18.20000000000000995, -5.000000000000000000 ) ) ;
#191 = CIRCLE ( 'NONE', #2162, 4.000000000000000000 ) ;
#192 = EDGE_CURVE ( 'NONE', #1732, #2848, #1699, .T. ) ;
#193 = ORIENTED_EDGE ( 'NONE', *, *, #1248, .F. ) ;
#194 = DIRECTION ( 'NONE',  ( -1.000000000000000000, -3.469446951953614189E-16, -3.443528544433881846E-32 ) ) ;
#195 = ADVANCED_FACE ( 'NONE', ( #1915 ), #2642, .T. ) ;
#196 = DIRECTION ( 'NONE',  ( 0.000000000000000000, 0.000000000000000000, 1.000000000000000000 ) ) ;
#197 = FACE_BOUND ( 'NONE', #692, .T. ) ;
#198 = EDGE_LOOP ( 'NONE', ( #1423, #1242, #2160, #1364 ) ) ;
#199 = CARTESIAN_POINT ( 'NONE',  ( 25.19999999999998863, 15.20000000000000107, -64.00000000000000000 ) ) ;
#200 = ORIENTED_EDGE ( 'NONE', *, *, #2256, .T. ) ;
#201 = LINE ( 'NONE', #2803, #573 ) ;
#202 = DIRECTION ( 'NONE',  ( 0.000000000000000000, 0.000000000000000000, -1.000000000000000000 ) ) ;
#203 = ORIENTED_EDGE ( 'NONE', *, *, #790, .T. ) ;
#204 = CARTESIAN_POINT ( 'NONE',  ( 28.19999999999999574, -15.20000000000001172, -67.00000000000001421 ) ) ;
#205 = MANIFOLD_SOLID_BREP ( 'Split Line3', #75 ) ;
#206 = ORIENTED_EDGE ( 'NONE', *, *, #1580, .T. ) ;
#207 = CARTESIAN_POINT ( 'NONE',  ( 23.56999999999999673, 23.56999999999999673, 0.000000000000000000 ) ) ;
#208 = EDGE_CURVE ( 'NONE', #3025, #362, #120, .T. ) ;
#209 = DIRECTION ( 'NONE',  ( 0.000000000000000000, 0.000000000000000000, -1.000000000000000000 ) ) ;
#210 = CARTESIAN_POINT ( 'NONE',  ( 18.19999999999999574, 28.20000000000000284, -76.00000000000000000 ) ) ;
#211 = ORIENTED_EDGE ( 'NONE', *, *, #2498, .T. ) ;
#212 = DIRECTION ( 'NONE',  ( 0.000000000000000000, -1.000000000000000000, 0.000000000000000000 ) ) ;
#213 = EDGE_CURVE ( 'NONE', #514, #815, #1081, .T. ) ;
#214 = LINE ( 'NONE', #2494, #1613 ) ;
#215 = EDGE_LOOP ( 'NONE', ( #339, #2116, #1, #680 ) ) ;
#216 = CARTESIAN_POINT ( 'NONE',  ( -25.20000000000000284, -28.19999999999999574, 0.000000000000000000 ) ) ;
#217 = EDGE_CURVE ( 'NONE', #861, #1101, #1801, .T. ) ;
#218 = VECTOR ( 'NONE', #1823, 1000.000000000000114 ) ;
#219 = CYLINDRICAL_SURFACE ( 'NONE', #2830, 2.999999999999999112 ) ;
#220 = CIRCLE ( 'NONE', #2425, 2.600000000000001421 ) ;
#221 = ORIENTED_EDGE ( 'NONE', *, *, #2274, .F. ) ;
#222 = CARTESIAN_POINT ( 'NONE',  ( 21.19999999999999218, -21.20000000000000284, -64.00000000000000000 ) ) ;
#223 = VECTOR ( 'NONE', #49, 1000.000000000000000 ) ;
#224 = AXIS2_PLACEMENT_3D ( 'NONE', #675, #2118, #1607 ) ;
#225 = AXIS2_PLACEMENT_3D ( 'NONE', #2796, #429, #953 ) ;
#226 = ORIENTED_EDGE ( 'NONE', *, *, #2608, .F. ) ;
#227 = CARTESIAN_POINT ( 'NONE',  ( -28.19999999999999574, -18.20000000000000639, -10.00000000000000888 ) ) ;
#228 = AXIS2_PLACEMENT_3D ( 'NONE', #2164, #2853, #765 ) ;
#229 = CARTESIAN_POINT ( 'NONE',  ( 25.19999999999999218, -25.19999999999999574, -5.000000000000000000 ) ) ;
#230 = FACE_OUTER_BOUND ( 'NONE', #325, .T. ) ;
#231 = ORIENTED_EDGE ( 'NONE', *, *, #844, .F. ) ;
#232 = CYLINDRICAL_SURFACE ( 'NONE', #968, 19.05000000000000071 ) ;
#233 = DIRECTION ( 'NONE',  ( -0.000000000000000000, 0.000000000000000000, 1.000000000000000000 ) ) ;
#234 = ORIENTED_EDGE ( 'NONE', *, *, #1954, .F. ) ;
#235 = EDGE_CURVE ( 'NONE', #2628, #440, #1839, .T. ) ;
#236 = DIRECTION ( 'NONE',  ( 0.000000000000000000, 0.000000000000000000, -1.000000000000000000 ) ) ;
#237 = EDGE_CURVE ( 'NONE', #743, #379, #1990, .T. ) ;
#238 = LINE ( 'NONE', #2365, #2586 ) ;
#239 = VECTOR ( 'NONE', #1233, 1000.000000000000000 ) ;
#240 = VERTEX_POINT ( 'NONE', #1106 ) ;
#241 = DIRECTION ( 'NONE',  ( 0.000000000000000000, 0.000000000000000000, 1.000000000000000000 ) ) ;
#242 = ORIENTED_EDGE ( 'NONE', *, *, #332, .T. ) ;
#243 = DIRECTION ( 'NONE',  ( 0.000000000000000000, 0.000000000000000000, 1.000000000000000000 ) ) ;
#244 = VECTOR ( 'NONE', #315, 1000.000000000000000 ) ;
#245 = FACE_OUTER_BOUND ( 'NONE', #2994, .T. ) ;
#246 = PRODUCT_DEFINITION_FORMATION_WITH_SPECIFIED_SOURCE ( 'ANY', '', #1955, .NOT_KNOWN. ) ;
#247 = DIRECTION ( 'NONE',  ( 0.000000000000000000, 0.000000000000000000, -1.000000000000000000 ) ) ;
#248 = ORIENTED_EDGE ( 'NONE', *, *, #2593, .T. ) ;
#249 = CARTESIAN_POINT ( 'NONE',  ( 23.19999999999998863, 16.10000000000000142, -67.00000000000001421 ) ) ;
#250 = VERTEX_POINT ( 'NONE', #1512 ) ;
#251 = FACE_OUTER_BOUND ( 'NONE', #510, .T. ) ;
#252 = PLANE ( 'NONE',  #1669 ) ;
#253 = ADVANCED_FACE ( 'NONE', ( #621 ), #360, .T. ) ;
#254 = ORIENTED_EDGE ( 'NONE', *, *, #1846, .T. ) ;
#255 = DIRECTION ( 'NONE',  ( -0.000000000000000000, -0.000000000000000000, -1.000000000000000000 ) ) ;
#256 = EDGE_LOOP ( 'NONE', ( #2341, #428, #405, #117, #1043, #1104, #738, #1980 ) ) ;
#257 = CARTESIAN_POINT ( 'NONE',  ( -23.57000000000000384, 23.56999999999999673, -5.000000000000000000 ) ) ;
#258 = EDGE_CURVE ( 'NONE', #1444, #2031, #348, .T. ) ;
#259 = LINE ( 'NONE', #741, #2192 ) ;
#260 = LINE ( 'NONE', #791, #1653 ) ;
#261 = ORIENTED_EDGE ( 'NONE', *, *, #1981, .F. ) ;
#262 = CARTESIAN_POINT ( 'NONE',  ( 0.000000000000000000, 0.000000000000000000, 24.99999999999999645 ) ) ;
#263 = ORIENTED_EDGE ( 'NONE', *, *, #2703, .T. ) ;
#264 = CARTESIAN_POINT ( 'NONE',  ( 23.56999999999999673, 23.56999999999999673, -5.000000000000000000 ) ) ;
#265 = ORIENTED_EDGE ( 'NONE', *, *, #2593, .F. ) ;
#266 = FACE_BOUND ( 'NONE', #2549, .T. ) ;
#267 = CYLINDRICAL_SURFACE ( 'NONE', #962, 2.999999999999999112 ) ;
#268 = VERTEX_POINT ( 'NONE', #1773 ) ;
#269 = DIRECTION ( 'NONE',  ( -1.000000000000000000, 0.000000000000000000, 0.000000000000000000 ) ) ;
#270 = VECTOR ( 'NONE', #196, 1000.000000000000000 ) ;
#271 = EDGE_CURVE ( 'NONE', #641, #442, #2710, .T. ) ;
#272 = ORIENTED_EDGE ( 'NONE', *, *, #1059, .T. ) ;
#273 = AXIS2_PLACEMENT_3D ( 'NONE', #1050, #588, #917 ) ;
#274 = CIRCLE ( 'NONE', #721, 2.999999999999999112 ) ;
#275 = VECTOR ( 'NONE', #2328, 1000.000000000000000 ) ;
#276 = CARTESIAN_POINT ( 'NONE',  ( -21.19999999999999218, 18.20000000000000284, -76.00000000000000000 ) ) ;
#277 = EDGE_CURVE ( 'NONE', #779, #845, #966, .T. ) ;
#278 = LINE ( 'NONE', #2133, #2717 ) ;
#279 = VERTEX_POINT ( 'NONE', #2950 ) ;
#280 = CARTESIAN_POINT ( 'NONE',  ( 18.19999999999999574, -28.20000000000000284, -64.00000000000000000 ) ) ;
#281 = VECTOR ( 'NONE', #2268, 1000.000000000000000 ) ;
#282 = CYLINDRICAL_SURFACE ( 'NONE', #547, 2.999999999999999112 ) ;
#283 = ORIENTED_EDGE ( 'NONE', *, *, #1495, .F. ) ;
#284 = DIRECTION ( 'NONE',  ( 0.000000000000000000, 0.000000000000000000, 1.000000000000000000 ) ) ;
#285 = ORIENTED_EDGE ( 'NONE', *, *, #2733, .T. ) ;
#286 = CARTESIAN_POINT ( 'NONE',  ( -23.57000000000000384, 23.56999999999999673, -5.000000000000000000 ) ) ;
#287 = DIRECTION ( 'NONE',  ( 0.000000000000000000, 0.000000000000000000, -1.000000000000000000 ) ) ;
#288 = FACE_OUTER_BOUND ( 'NONE', #133, .T. ) ;
#289 = VECTOR ( 'NONE', #2580, 1000.000000000000000 ) ;
#290 = ORIENTED_EDGE ( 'NONE', *, *, #1015, .T. ) ;
#291 = CIRCLE ( 'NONE', #2346, 2.600000000000001421 ) ;
#292 = EDGE_CURVE ( 'NONE', #268, #3025, #2261, .T. ) ;
#293 = CARTESIAN_POINT ( 'NONE',  ( -21.19999999999999218, 21.20000000000000284, -5.000000000000004441 ) ) ;
#294 = CARTESIAN_POINT ( 'NONE',  ( -18.19999999999999574, 28.20000000000000639, -76.00000000000000000 ) ) ;
#295 = AXIS2_PLACEMENT_3D ( 'NONE', #882, #1785, #412 ) ;
#296 = VERTEX_POINT ( 'NONE', #2911 ) ;
#297 = FACE_OUTER_BOUND ( 'NONE', #1334, .T. ) ;
#298 = VERTEX_POINT ( 'NONE', #1067 ) ;
#299 = FACE_OUTER_BOUND ( 'NONE', #712, .T. ) ;
#300 = ORIENTED_EDGE ( 'NONE', *, *, #2472, .T. ) ;
#301 = ADVANCED_FACE ( 'NONE', ( #374 ), #2686, .T. ) ;
#302 = CARTESIAN_POINT ( 'NONE',  ( 25.19999999999999218, -15.20000000000001172, -76.00000000000000000 ) ) ;
#303 = CARTESIAN_POINT ( 'NONE',  ( 26.16999999999999815, 23.56999999999999673, -5.000000000000000000 ) ) ;
#304 = DIRECTION ( 'NONE',  ( -0.000000000000000000, -0.000000000000000000, -1.000000000000000000 ) ) ;
#305 = LINE ( 'NONE', #502, #289 ) ;
#306 = VERTEX_POINT ( 'NONE', #869 ) ;
#307 = DIRECTION ( 'NONE',  ( 1.000000000000000000, 0.000000000000000000, 0.000000000000000000 ) ) ;
#308 = DIRECTION ( 'NONE',  ( -0.000000000000000000, -0.000000000000000000, -1.000000000000000000 ) ) ;
#309 = ORIENTED_EDGE ( 'NONE', *, *, #1871, .T. ) ;
#310 = ADVANCED_FACE ( 'NONE', ( #2938, #637 ), #389, .T. ) ;
#311 = CARTESIAN_POINT ( 'NONE',  ( 0.000000000000000000, 0.000000000000000000, -5.000000000000000000 ) ) ;
#312 = ORIENTED_EDGE ( 'NONE', *, *, #2791, .T. ) ;
#313 = LINE ( 'NONE', #83, #2082 ) ;
#314 = EDGE_CURVE ( 'NONE', #1655, #386, #2004, .T. ) ;
#315 = DIRECTION ( 'NONE',  ( 1.230300337572203632E-16, -1.000000000000000000, 0.000000000000000000 ) ) ;
#316 = CYLINDRICAL_SURFACE ( 'NONE', #1099, 2.600000000000001421 ) ;
#317 = EDGE_CURVE ( 'NONE', #815, #549, #1994, .T. ) ;
#318 = DIRECTION ( 'NONE',  ( 0.000000000000000000, 0.000000000000000000, 1.000000000000000000 ) ) ;
#319 = ORIENTED_EDGE ( 'NONE', *, *, #1701, .F. ) ;
#320 = CARTESIAN_POINT ( 'NONE',  ( 18.19999999999999574, -25.19999999999999574, -5.000000000000000000 ) ) ;
#321 = DIRECTION ( 'NONE',  ( -0.000000000000000000, 0.000000000000000000, 1.000000000000000000 ) ) ;
#322 = ORIENTED_EDGE ( 'NONE', *, *, #1777, .F. ) ;
#323 = DIRECTION ( 'NONE',  ( 1.892048650787848266E-32, -1.537875421965254602E-16, 1.000000000000000000 ) ) ;
#324 = CARTESIAN_POINT ( 'NONE',  ( -21.19999999999999218, 18.20000000000000284, -9.999999999999994671 ) ) ;
#325 = EDGE_LOOP ( 'NONE', ( #1122, #2011, #1751, #987 ) ) ;
#326 = DIRECTION ( 'NONE',  ( 1.000000000000000000, 0.000000000000000000, 0.000000000000000000 ) ) ;
#327 = VERTEX_POINT ( 'NONE', #1308 ) ;
#328 = VECTOR ( 'NONE', #991, 1000.000000000000000 ) ;
#329 = VECTOR ( 'NONE', #2569, 1000.000000000000000 ) ;
#330 = PLANE ( 'NONE',  #3022 ) ;
#331 = VECTOR ( 'NONE', #2631, 1000.000000000000000 ) ;
#332 = EDGE_CURVE ( 'NONE', #641, #1297, #1527, .T. ) ;
#333 = DIRECTION ( 'NONE',  ( 0.000000000000000000, -0.000000000000000000, 1.000000000000000000 ) ) ;
#334 = CARTESIAN_POINT ( 'NONE',  ( -28.19999999999999574, 18.20000000000000639, -76.00000000000000000 ) ) ;
#335 = EDGE_CURVE ( 'NONE', #1468, #2581, #2, .T. ) ;
#336 = EDGE_CURVE ( 'NONE', #379, #2742, #1350, .T. ) ;
#337 = ORIENTED_EDGE ( 'NONE', *, *, #1943, .T. ) ;
#338 = LINE ( 'NONE', #2167, #870 ) ;
#339 = ORIENTED_EDGE ( 'NONE', *, *, #1950, .T. ) ;
#340 = FACE_OUTER_BOUND ( 'NONE', #2763, .T. ) ;
#341 = AXIS2_PLACEMENT_3D ( 'NONE', #2603, #2541, #2106 ) ;
#342 = FACE_OUTER_BOUND ( 'NONE', #2568, .T. ) ;
#343 = AXIS2_PLACEMENT_3D ( 'NONE', #2597, #42, #1471 ) ;
#344 = FACE_OUTER_BOUND ( 'NONE', #1268, .T. ) ;
#345 = ORIENTED_EDGE ( 'NONE', *, *, #5, .F. ) ;
#346 = PLANE ( 'NONE',  #2349 ) ;
#347 = AXIS2_PLACEMENT_3D ( 'NONE', #591, #1278, #1729 ) ;
#348 = LINE ( 'NONE', #1555, #2326 ) ;
#349 = ADVANCED_FACE ( 'NONE', ( #898 ), #947, .F. ) ;
#350 = CARTESIAN_POINT ( 'NONE',  ( 21.19999999999999218, 21.19999999999999929, -5.000000000000004441 ) ) ;
#351 = ORIENTED_EDGE ( 'NONE', *, *, #422, .T. ) ;
#352 = CARTESIAN_POINT ( 'NONE',  ( 33.69999999999999574, -16.09999999999999787, -67.00000000000001421 ) ) ;
#353 = VERTEX_POINT ( 'NONE', #2576 ) ;
#354 = PLANE ( 'NONE',  #1157 ) ;
#355 = EDGE_CURVE ( 'NONE', #298, #2704, #912, .T. ) ;
#356 = ORIENTED_EDGE ( 'NONE', *, *, #2260, .T. ) ;
#357 = CARTESIAN_POINT ( 'NONE',  ( 4.000000000000000000, 4.898587196589412829E-16, 1.600000000000000089 ) ) ;
#358 = VERTEX_POINT ( 'NONE', #482 ) ;
#359 = CARTESIAN_POINT ( 'NONE',  ( 28.19999999999999574, -15.20000000000001172, -76.00000000000000000 ) ) ;
#360 = CYLINDRICAL_SURFACE ( 'NONE', #2907, 2.999999999999999112 ) ;
#361 = CARTESIAN_POINT ( 'NONE',  ( 18.19999999999999574, -25.19999999999999574, -76.00000000000000000 ) ) ;
#362 = VERTEX_POINT ( 'NONE', #435 ) ;
#363 = EDGE_CURVE ( 'NONE', #19, #504, #201, .T. ) ;
#364 = DIRECTION ( 'NONE',  ( 0.000000000000000000, -9.912705577010338368E-16, -1.000000000000000000 ) ) ;
#365 = ORIENTED_EDGE ( 'NONE', *, *, #1063, .T. ) ;
#366 = DIRECTION ( 'NONE',  ( 1.892048650787848266E-32, -1.537875421965254602E-16, 1.000000000000000000 ) ) ;
#367 = PRODUCT_DEFINITION ( 'UNKNOWN', '', #246, #2655 ) ;
#368 = ORIENTED_EDGE ( 'NONE', *, *, #1266, .F. ) ;
#369 = PLANE ( 'NONE',  #1844 ) ;
#370 = ORIENTED_EDGE ( 'NONE', *, *, #392, .F. ) ;
#371 = AXIS2_PLACEMENT_3D ( 'NONE', #2246, #2482, #2696 ) ;
#372 = LINE ( 'NONE', #1053, #99 ) ;
#373 = VECTOR ( 'NONE', #108, 1000.000000000000000 ) ;
#374 = FACE_OUTER_BOUND ( 'NONE', #1819, .T. ) ;
#375 = CARTESIAN_POINT ( 'NONE',  ( 15.19999999999999218, -25.19999999999999574, -76.00000000000000000 ) ) ;
#376 = AXIS2_PLACEMENT_3D ( 'NONE', #631, #1100, #1062 ) ;
#377 = ORIENTED_EDGE ( 'NONE', *, *, #874, .F. ) ;
#378 = FACE_OUTER_BOUND ( 'NONE', #3011, .T. ) ;
#379 = VERTEX_POINT ( 'NONE', #682 ) ;
#380 = LINE ( 'NONE', #862, #373 ) ;
#381 = EDGE_CURVE ( 'NONE', #1289, #918, #1849, .T. ) ;
#382 = VERTEX_POINT ( 'NONE', #716 ) ;
#383 = CARTESIAN_POINT ( 'NONE',  ( -28.20000000000000995, 28.20000000000000284, -5.000000000000000000 ) ) ;
#384 = AXIS2_PLACEMENT_3D ( 'NONE', #222, #2340, #938 ) ;
#385 = ADVANCED_FACE ( 'NONE', ( #251 ), #1368, .F. ) ;
#386 = VERTEX_POINT ( 'NONE', #1830 ) ;
#387 = DIRECTION ( 'NONE',  ( -1.000000000000000000, 0.000000000000000000, 0.000000000000000000 ) ) ;
#388 = CIRCLE ( 'NONE', #2104, 2.999999999999999112 ) ;
#389 = PLANE ( 'NONE',  #866 ) ;
#390 = VECTOR ( 'NONE', #840, 1000.000000000000000 ) ;
#391 = DIRECTION ( 'NONE',  ( 1.230300337572203632E-16, -1.000000000000000000, 0.000000000000000000 ) ) ;
#392 = EDGE_CURVE ( 'NONE', #2367, #2072, #80, .T. ) ;
#393 = ORIENTED_EDGE ( 'NONE', *, *, #2112, .F. ) ;
#394 = DIRECTION ( 'NONE',  ( -0.000000000000000000, -0.000000000000000000, 1.000000000000000000 ) ) ;
#395 = ORIENTED_EDGE ( 'NONE', *, *, #1755, .F. ) ;
#396 = FACE_OUTER_BOUND ( 'NONE', #1557, .T. ) ;
#397 = DIRECTION ( 'NONE',  ( 0.000000000000000000, 1.000000000000000000, 0.000000000000000000 ) ) ;
#398 = ORIENTED_EDGE ( 'NONE', *, *, #1251, .T. ) ;
#399 = DIRECTION ( 'NONE',  ( -1.000000000000000000, 0.000000000000000000, 0.000000000000000000 ) ) ;
#400 = EDGE_LOOP ( 'NONE', ( #2266, #365, #2097, #959, #1530, #261 ) ) ;
#401 = EDGE_CURVE ( 'NONE', #531, #2361, #662, .T. ) ;
#402 = DIRECTION ( 'NONE',  ( 1.000000000000000000, 0.000000000000000000, 0.000000000000000000 ) ) ;
#403 = LINE ( 'NONE', #1125, #1172 ) ;
#404 = EDGE_CURVE ( 'NONE', #296, #2526, #2509, .T. ) ;
#405 = ORIENTED_EDGE ( 'NONE', *, *, #911, .F. ) ;
#406 = CARTESIAN_POINT ( 'NONE',  ( 0.000000000000000000, 0.000000000000000000, 24.99999999999999645 ) ) ;
#407 = DIRECTION ( 'NONE',  ( 1.000000000000000000, 0.000000000000000000, 0.000000000000000000 ) ) ;
#408 = ORIENTED_EDGE ( 'NONE', *, *, #1333, .F. ) ;
#409 = DIRECTION ( 'NONE',  ( 1.000000000000000000, -3.469446951953614189E-16, -7.227625846009577830E-32 ) ) ;
#410 = DIRECTION ( 'NONE',  ( -0.000000000000000000, -0.000000000000000000, 1.000000000000000000 ) ) ;
#411 = VERTEX_POINT ( 'NONE', #2752 ) ;
#412 = DIRECTION ( 'NONE',  ( -1.000000000000000000, 0.000000000000000000, 0.000000000000000000 ) ) ;
#413 = AXIS2_PLACEMENT_3D ( 'NONE', #249, #976, #993 ) ;
#414 = ORIENTED_EDGE ( 'NONE', *, *, #911, .T. ) ;
#415 = PLANE ( 'NONE',  #1792 ) ;
#416 = AXIS2_PLACEMENT_3D ( 'NONE', #1492, #1262, #96 ) ;
#417 = CARTESIAN_POINT ( 'NONE',  ( 25.19999999999999218, -28.19999999999999574, 0.000000000000000000 ) ) ;
#418 = ADVANCED_FACE ( 'NONE', ( #1186 ), #1417, .F. ) ;
#419 = AXIS2_PLACEMENT_3D ( 'NONE', #2772, #1615, #2789 ) ;
#420 = DIRECTION ( 'NONE',  ( 0.000000000000000000, -0.000000000000000000, -1.000000000000000000 ) ) ;
#421 = ORIENTED_EDGE ( 'NONE', *, *, #646, .F. ) ;
#422 = EDGE_CURVE ( 'NONE', #442, #1771, #885, .T. ) ;
#423 = CIRCLE ( 'NONE', #1650, 2.999999999999999112 ) ;
#424 = CIRCLE ( 'NONE', #1899, 3.500000000000003109 ) ;
#425 = DIRECTION ( 'NONE',  ( -0.000000000000000000, -0.000000000000000000, -1.000000000000000000 ) ) ;
#426 = EDGE_CURVE ( 'NONE', #2660, #865, #274, .T. ) ;
#427 = VECTOR ( 'NONE', #847, 1000.000000000000000 ) ;
#428 = ORIENTED_EDGE ( 'NONE', *, *, #3014, .F. ) ;
#429 = DIRECTION ( 'NONE',  ( 0.000000000000000000, 0.000000000000000000, 1.000000000000000000 ) ) ;
#430 = DIRECTION ( 'NONE',  ( 0.000000000000000000, 0.000000000000000000, -1.000000000000000000 ) ) ;
#431 = VERTEX_POINT ( 'NONE', #2996 ) ;
#432 = LINE ( 'NONE', #2303, #1124 ) ;
#433 = EDGE_LOOP ( 'NONE', ( #1573, #2184, #1328, #2077 ) ) ;
#434 = AXIS2_PLACEMENT_3D ( 'NONE', #785, #2825, #739 ) ;
#435 = CARTESIAN_POINT ( 'NONE',  ( -28.19999999999999574, -15.20000000000000462, -76.00000000000000000 ) ) ;
#436 = LINE ( 'NONE', #2044, #789 ) ;
#437 = VECTOR ( 'NONE', #2126, 1000.000000000000000 ) ;
#438 = VECTOR ( 'NONE', #2003, 1000.000000000000000 ) ;
#439 = EDGE_CURVE ( 'NONE', #379, #1382, #2759, .T. ) ;
#440 = VERTEX_POINT ( 'NONE', #216 ) ;
#441 = LINE ( 'NONE', #1572, #2101 ) ;
#442 = VERTEX_POINT ( 'NONE', #1154 ) ;
#443 = CARTESIAN_POINT ( 'NONE',  ( 26.17000000000000526, -23.57000000000000384, 0.000000000000000000 ) ) ;
#444 = DIRECTION ( 'NONE',  ( -0.000000000000000000, 0.000000000000000000, 1.000000000000000000 ) ) ;
#445 = ADVANCED_FACE ( 'NONE', ( #1867 ), #415, .F. ) ;
#446 = CARTESIAN_POINT ( 'NONE',  ( 25.19999999999998863, 25.20000000000000284, -5.000000000000000000 ) ) ;
#447 = EDGE_LOOP ( 'NONE', ( #121, #2059, #1127, #1983 ) ) ;
#448 = LINE ( 'NONE', #944, #1907 ) ;
#449 = FACE_OUTER_BOUND ( 'NONE', #90, .T. ) ;
#450 = ORIENTED_EDGE ( 'NONE', *, *, #173, .F. ) ;
#451 = DIRECTION ( 'NONE',  ( 0.000000000000000000, -0.000000000000000000, -1.000000000000000000 ) ) ;
#452 = DIRECTION ( 'NONE',  ( 0.000000000000000000, 0.000000000000000000, -1.000000000000000000 ) ) ;
#453 = ORIENTED_EDGE ( 'NONE', *, *, #2980, .T. ) ;
#454 = PLANE ( 'NONE',  #1070 ) ;
#455 = ORIENTED_EDGE ( 'NONE', *, *, #1324, .F. ) ;
#456 = DIRECTION ( 'NONE',  ( 0.000000000000000000, -1.000000000000000000, 0.000000000000000000 ) ) ;
#457 = ADVANCED_FACE ( 'NONE', ( #2110 ), #2140, .T. ) ;
#458 = DIRECTION ( 'NONE',  ( 1.000000000000000000, 0.000000000000000000, 0.000000000000000000 ) ) ;
#459 = DIRECTION ( 'NONE',  ( 0.000000000000000000, 1.000000000000000000, 0.000000000000000000 ) ) ;
#460 = ORIENTED_EDGE ( 'NONE', *, *, #2995, .T. ) ;
#461 = LINE ( 'NONE', #1413, #472 ) ;
#462 = APPLICATION_PROTOCOL_DEFINITION ( 'draft international standard', 'automotive_design', 1998, #1520 ) ;
#463 = EDGE_CURVE ( 'NONE', #2410, #1782, #1219, .T. ) ;
#464 = ORIENTED_EDGE ( 'NONE', *, *, #1251, .F. ) ;
#465 = DIRECTION ( 'NONE',  ( 1.000000000000000000, 0.000000000000000000, 0.000000000000000000 ) ) ;
#466 = FACE_OUTER_BOUND ( 'NONE', #107, .T. ) ;
#467 = LINE ( 'NONE', #1632, #2563 ) ;
#468 = ORIENTED_EDGE ( 'NONE', *, *, #651, .T. ) ;
#469 = CARTESIAN_POINT ( 'NONE',  ( -18.19999999999999574, -21.20000000000000284, -64.00000000000000000 ) ) ;
#470 = VECTOR ( 'NONE', #1201, 1000.000000000000000 ) ;
#471 = VECTOR ( 'NONE', #2222, 1000.000000000000000 ) ;
#472 = VECTOR ( 'NONE', #1627, 1000.000000000000000 ) ;
#473 = VERTEX_POINT ( 'NONE', #2379 ) ;
#474 = FACE_OUTER_BOUND ( 'NONE', #38, .T. ) ;
#475 = DIRECTION ( 'NONE',  ( 0.000000000000000000, 0.000000000000000000, 1.000000000000000000 ) ) ;
#476 = FACE_OUTER_BOUND ( 'NONE', #1652, .T. ) ;
#477 = ORIENTED_EDGE ( 'NONE', *, *, #763, .T. ) ;
#478 = EDGE_CURVE ( 'NONE', #2704, #2354, #530, .T. ) ;
#479 = DIRECTION ( 'NONE',  ( -1.000000000000000000, 0.000000000000000000, 0.000000000000000000 ) ) ;
#480 = CARTESIAN_POINT ( 'NONE',  ( -25.20000000000000284, -18.20000000000000639, -76.00000000000000000 ) ) ;
#481 = ORIENTED_EDGE ( 'NONE', *, *, #597, .T. ) ;
#482 = CARTESIAN_POINT ( 'NONE',  ( -28.20000000000000995, 15.20000000000000639, -10.00000000000000888 ) ) ;
#483 = DIRECTION ( 'NONE',  ( 1.000000000000000000, 0.000000000000000000, 0.000000000000000000 ) ) ;
#484 = AXIS2_PLACEMENT_3D ( 'NONE', #1634, #2033, #2294 ) ;
#485 = ORIENTED_EDGE ( 'NONE', *, *, #2481, .T. ) ;
#486 = DIRECTION ( 'NONE',  ( -1.000000000000000000, -1.230300337572203632E-16, 0.000000000000000000 ) ) ;
#487 = AXIS2_PLACEMENT_3D ( 'NONE', #1802, #2725, #452 ) ;
#488 = EDGE_LOOP ( 'NONE', ( #2479, #1635, #1304, #2139 ) ) ;
#489 = DIRECTION ( 'NONE',  ( 0.000000000000000000, 1.000000000000000000, 0.000000000000000000 ) ) ;
#490 = AXIS2_PLACEMENT_3D ( 'NONE', #155, #1136, #1120 ) ;
#491 = DIRECTION ( 'NONE',  ( 0.000000000000000000, 0.000000000000000000, 1.000000000000000000 ) ) ;
#492 = CARTESIAN_POINT ( 'NONE',  ( -18.19999999999999574, 28.20000000000000639, -5.000000000000000000 ) ) ;
#493 = ORIENTED_EDGE ( 'NONE', *, *, #660, .F. ) ;
#494 = DIRECTION ( 'NONE',  ( -1.230300337572203632E-16, 1.000000000000000000, -0.000000000000000000 ) ) ;
#495 = ORIENTED_EDGE ( 'NONE', *, *, #277, .T. ) ;
#496 = DIRECTION ( 'NONE',  ( 1.000000000000000000, 0.000000000000000000, 0.000000000000000000 ) ) ;
#497 = EDGE_LOOP ( 'NONE', ( #408, #949, #1728, #1408 ) ) ;
#498 = CARTESIAN_POINT ( 'NONE',  ( -21.19999999999999218, 21.20000000000000284, -76.00000000000000000 ) ) ;
#499 = EDGE_CURVE ( 'NONE', #1621, #2543, #2123, .T. ) ;
#500 = DIRECTION ( 'NONE',  ( 0.000000000000000000, 0.000000000000000000, -1.000000000000000000 ) ) ;
#501 = ORIENTED_EDGE ( 'NONE', *, *, #1173, .F. ) ;
#502 = CARTESIAN_POINT ( 'NONE',  ( -26.16999999999999815, -23.57000000000000384, -5.000000000000000000 ) ) ;
#503 = ADVANCED_FACE ( 'NONE', ( #54 ), #996, .T. ) ;
#504 = VERTEX_POINT ( 'NONE', #761 ) ;
#505 = CARTESIAN_POINT ( 'NONE',  ( -18.19999999999999574, -21.20000000000000284, -76.00000000000000000 ) ) ;
#506 = DIRECTION ( 'NONE',  ( 0.000000000000000000, -1.000000000000000000, -1.537875421965254602E-16 ) ) ;
#507 = ORIENTED_EDGE ( 'NONE', *, *, #355, .T. ) ;
#508 = DIRECTION ( 'NONE',  ( 1.000000000000000000, 0.000000000000000000, 0.000000000000000000 ) ) ;
#509 = DIRECTION ( 'NONE',  ( 0.000000000000000000, 0.000000000000000000, -1.000000000000000000 ) ) ;
#510 = EDGE_LOOP ( 'NONE', ( #319, #3020, #519, #2334 ) ) ;
#511 = CARTESIAN_POINT ( 'NONE',  ( 28.19999999999999574, 18.19999999999999929, -64.00000000000000000 ) ) ;
#512 = DIRECTION ( 'NONE',  ( 0.000000000000000000, 0.000000000000000000, 1.000000000000000000 ) ) ;
#513 = DIRECTION ( 'NONE',  ( -0.000000000000000000, -0.000000000000000000, 1.000000000000000000 ) ) ;
#514 = VERTEX_POINT ( 'NONE', #780 ) ;
#515 = ADVANCED_FACE ( 'NONE', ( #299 ), #747, .T. ) ;
#516 = DIRECTION ( 'NONE',  ( 1.892048650787848266E-32, -1.537875421965254602E-16, 1.000000000000000000 ) ) ;
#517 = AXIS2_PLACEMENT_3D ( 'NONE', #2868, #287, #2146 ) ;
#518 = EDGE_CURVE ( 'NONE', #1064, #1135, #1665, .T. ) ;
#519 = ORIENTED_EDGE ( 'NONE', *, *, #2048, .T. ) ;
#520 = AXIS2_PLACEMENT_3D ( 'NONE', #2967, #1597, #1139 ) ;
#521 = VECTOR ( 'NONE', #243, 1000.000000000000000 ) ;
#522 = LINE ( 'NONE', #1750, #1796 ) ;
#523 = CARTESIAN_POINT ( 'NONE',  ( -28.20000000000000284, -15.20000000000000462, -5.000000000000000000 ) ) ;
#524 = ORIENTED_EDGE ( 'NONE', *, *, #767, .F. ) ;
#525 = CARTESIAN_POINT ( 'NONE',  ( 25.19999999999999218, -25.19999999999999574, 0.000000000000000000 ) ) ;
#526 = AXIS2_PLACEMENT_3D ( 'NONE', #644, #180, #459 ) ;
#527 = AXIS2_PLACEMENT_3D ( 'NONE', #229, #475, #3005 ) ;
#528 = DIRECTION ( 'NONE',  ( 0.000000000000000000, 0.000000000000000000, 1.000000000000000000 ) ) ;
#529 = ORIENTED_EDGE ( 'NONE', *, *, #1266, .T. ) ;
#530 = LINE ( 'NONE', #1912, #2380 ) ;
#531 = VERTEX_POINT ( 'NONE', #2652 ) ;
#532 = CARTESIAN_POINT ( 'NONE',  ( -28.20000000000000284, -15.20000000000000462, -5.000000000000000000 ) ) ;
#533 = SURFACE_SIDE_STYLE ('',( #1931 ) ) ;
#534 = LINE ( 'NONE', #2402, #1952 ) ;
#535 = CARTESIAN_POINT ( 'NONE',  ( 18.19999999999999574, 28.20000000000000284, -76.00000000000000000 ) ) ;
#536 = ADVANCED_FACE ( 'NONE', ( #16 ), #68, .F. ) ;
#537 = AXIS2_PLACEMENT_3D ( 'NONE', #2308, #1128, #2064 ) ;
#538 = ORIENTED_EDGE ( 'NONE', *, *, #116, .T. ) ;
#539 = AXIS2_PLACEMENT_3D ( 'NONE', #2175, #2381, #70 ) ;
#540 = EDGE_CURVE ( 'NONE', #980, #132, #124, .T. ) ;
#541 = DIRECTION ( 'NONE',  ( -0.000000000000000000, 0.000000000000000000, -1.000000000000000000 ) ) ;
#542 = CARTESIAN_POINT ( 'NONE',  ( -18.19999999999999574, 25.20000000000000284, -76.00000000000000000 ) ) ;
#543 = AXIS2_PLACEMENT_3D ( 'NONE', #199, #2028, #399 ) ;
#544 = ORIENTED_EDGE ( 'NONE', *, *, #1981, .T. ) ;
#545 = CARTESIAN_POINT ( 'NONE',  ( 28.19999999999999574, 18.19999999999999929, -76.00000000000000000 ) ) ;
#546 = PLANE ( 'NONE',  #2484 ) ;
#547 = AXIS2_PLACEMENT_3D ( 'NONE', #3027, #1150, #1167 ) ;
#548 = EDGE_CURVE ( 'NONE', #2848, #250, #913, .T. ) ;
#549 = VERTEX_POINT ( 'NONE', #37 ) ;
#550 = DIRECTION ( 'NONE',  ( 1.892048650787848266E-32, -1.537875421965254602E-16, 1.000000000000000000 ) ) ;
#551 = ORIENTED_EDGE ( 'NONE', *, *, #10, .F. ) ;
#552 = DIRECTION ( 'NONE',  ( 1.230300337572203632E-16, -1.000000000000000000, 0.000000000000000000 ) ) ;
#553 = DIRECTION ( 'NONE',  ( -1.000000000000000000, 0.000000000000000000, 0.000000000000000000 ) ) ;
#554 = CARTESIAN_POINT ( 'NONE',  ( -28.20000000000000995, 28.20000000000000284, -5.000000000000000000 ) ) ;
#555 = VERTEX_POINT ( 'NONE', #563 ) ;
#556 = DIRECTION ( 'NONE',  ( -1.000000000000000000, 0.000000000000000000, 0.000000000000000000 ) ) ;
#557 = CARTESIAN_POINT ( 'NONE',  ( 21.19999999999999218, 18.19999999999999929, -76.00000000000000000 ) ) ;
#558 = EDGE_LOOP ( 'NONE', ( #2616, #1577, #830, #758 ) ) ;
#559 = DIRECTION ( 'NONE',  ( 0.000000000000000000, 0.000000000000000000, 1.000000000000000000 ) ) ;
#560 = DIRECTION ( 'NONE',  ( 0.000000000000000000, 0.000000000000000000, 1.000000000000000000 ) ) ;
#561 = EDGE_CURVE ( 'NONE', #1900, #1584, #2953, .T. ) ;
#562 = ORIENTED_EDGE ( 'NONE', *, *, #1029, .F. ) ;
#563 = CARTESIAN_POINT ( 'NONE',  ( 28.19999999999998863, 15.20000000000000107, -67.00000000000001421 ) ) ;
#564 = EDGE_CURVE ( 'NONE', #250, #1444, #1449, .T. ) ;
#565 = EDGE_CURVE ( 'NONE', #2502, #13, #3000, .T. ) ;
#566 = DIRECTION ( 'NONE',  ( 0.000000000000000000, 0.000000000000000000, -1.000000000000000000 ) ) ;
#567 =( LENGTH_UNIT ( ) NAMED_UNIT ( * ) SI_UNIT ( .MILLI., .METRE. ) );
#568 = FACE_OUTER_BOUND ( 'NONE', #1478, .T. ) ;
#569 = ORIENTED_EDGE ( 'NONE', *, *, #1300, .T. ) ;
#570 = CARTESIAN_POINT ( 'NONE',  ( 25.19999999999999218, -15.20000000000001172, -76.00000000000000000 ) ) ;
#571 = ORIENTED_EDGE ( 'NONE', *, *, #1602, .T. ) ;
#572 = CARTESIAN_POINT ( 'NONE',  ( 18.19999999999999574, -28.20000000000000284, -76.00000000000000000 ) ) ;
#573 = VECTOR ( 'NONE', #2288, 1000.000000000000000 ) ;
#574 = VERTEX_POINT ( 'NONE', #733 ) ;
#575 = EDGE_CURVE ( 'NONE', #1754, #2181, #313, .T. ) ;
#576 = DIRECTION ( 'NONE',  ( -1.000000000000000000, -3.469446951953613696E-16, -0.000000000000000000 ) ) ;
#577 = EDGE_LOOP ( 'NONE', ( #2404, #1088 ) ) ;
#578 = CIRCLE ( 'NONE', #821, 2.600000000000001421 ) ;
#579 = CYLINDRICAL_SURFACE ( 'NONE', #2299, 2.999999999999999112 ) ;
#580 = DIRECTION ( 'NONE',  ( 1.892048650787848266E-32, -1.537875421965254602E-16, 1.000000000000000000 ) ) ;
#581 = DIRECTION ( 'NONE',  ( 0.000000000000000000, 0.000000000000000000, -1.000000000000000000 ) ) ;
#582 = ADVANCED_FACE ( 'NONE', ( #1027 ), #1961, .T. ) ;
#583 = ORIENTED_EDGE ( 'NONE', *, *, #2929, .T. ) ;
#584 = VECTOR ( 'NONE', #2617, 1000.000000000000000 ) ;
#585 = CARTESIAN_POINT ( 'NONE',  ( -18.19999999999999574, 21.20000000000000284, -9.999999999999994671 ) ) ;
#586 = EDGE_LOOP ( 'NONE', ( #481, #1746, #1719, #189, #1739, #414 ) ) ;
#587 = LINE ( 'NONE', #2720, #2765 ) ;
#588 = DIRECTION ( 'NONE',  ( -0.000000000000000000, -0.000000000000000000, 1.000000000000000000 ) ) ;
#589 = DIRECTION ( 'NONE',  ( 1.230300337572203632E-16, -1.000000000000000000, 0.000000000000000000 ) ) ;
#590 = ORIENTED_EDGE ( 'NONE', *, *, #1080, .F. ) ;
#591 = CARTESIAN_POINT ( 'NONE',  ( 25.19999999999998863, 15.20000000000000107, -74.00000000000001421 ) ) ;
#592 = VECTOR ( 'NONE', #2592, 1000.000000000000000 ) ;
#593 = DIRECTION ( 'NONE',  ( -1.000000000000000000, 0.000000000000000000, 0.000000000000000000 ) ) ;
#594 = CARTESIAN_POINT ( 'NONE',  ( 28.06181760425087290, 16.09999999999984865, -67.00000000000001421 ) ) ;
#595 = EDGE_CURVE ( 'NONE', #918, #69, #2468, .T. ) ;
#596 = ORIENTED_EDGE ( 'NONE', *, *, #899, .T. ) ;
#597 = EDGE_CURVE ( 'NONE', #555, #2109, #1318, .T. ) ;
#598 = PLANE ( 'NONE',  #2956 ) ;
#599 = ORIENTED_EDGE ( 'NONE', *, *, #1475, .F. ) ;
#600 = PLANE ( 'NONE',  #1748 ) ;
#601 = DIRECTION ( 'NONE',  ( 0.000000000000000000, 1.000000000000000000, 0.000000000000000000 ) ) ;
#602 = DIRECTION ( 'NONE',  ( 0.000000000000000000, 0.000000000000000000, -1.000000000000000000 ) ) ;
#603 = ORIENTED_EDGE ( 'NONE', *, *, #2548, .T. ) ;
#604 = DIRECTION ( 'NONE',  ( 1.000000000000000000, 0.000000000000000000, 0.000000000000000000 ) ) ;
#605 = DIRECTION ( 'NONE',  ( 0.000000000000000000, 1.000000000000000000, 1.537875421965254602E-16 ) ) ;
#606 = CARTESIAN_POINT ( 'NONE',  ( -21.19999999999999218, 21.20000000000000284, -76.00000000000000000 ) ) ;
#607 = EDGE_CURVE ( 'NONE', #2361, #1754, #803, .T. ) ;
#608 = ORIENTED_EDGE ( 'NONE', *, *, #2507, .F. ) ;
#609 = CARTESIAN_POINT ( 'NONE',  ( 28.19999999999999574, -15.20000000000001172, -5.000000000000000000 ) ) ;
#610 = EDGE_CURVE ( 'NONE', #1771, #386, #1944, .T. ) ;
#611 = CARTESIAN_POINT ( 'NONE',  ( -28.20000000000000284, -28.19999999999999574, -5.000000000000000000 ) ) ;
#612 = ORIENTED_EDGE ( 'NONE', *, *, #89, .F. ) ;
#613 = DIRECTION ( 'NONE',  ( 0.000000000000000000, 0.000000000000000000, 1.000000000000000000 ) ) ;
#614 = CIRCLE ( 'NONE', #1014, 2.600000000000001421 ) ;
#615 = ORIENTED_EDGE ( 'NONE', *, *, #2493, .F. ) ;
#616 = CARTESIAN_POINT ( 'NONE',  ( 0.000000000000000000, 0.000000000000000000, 1.600000000000000089 ) ) ;
#617 = ORIENTED_EDGE ( 'NONE', *, *, #1930, .T. ) ;
#618 = AXIS2_PLACEMENT_3D ( 'NONE', #2135, #323, #78 ) ;
#619 = CARTESIAN_POINT ( 'NONE',  ( 23.19999999999998863, 16.10000000000000142, -67.00000000000001421 ) ) ;
#620 = CIRCLE ( 'NONE', #1402, 19.05000000000000071 ) ;
#621 = FACE_OUTER_BOUND ( 'NONE', #2831, .T. ) ;
#622 = AXIS2_PLACEMENT_3D ( 'NONE', #3023, #2566, #941 ) ;
#623 = CARTESIAN_POINT ( 'NONE',  ( -23.57000000000000384, 23.56999999999999673, 0.000000000000000000 ) ) ;
#624 = CIRCLE ( 'NONE', #2336, 19.05000000000000071 ) ;
#625 = ORIENTED_EDGE ( 'NONE', *, *, #518, .F. ) ;
#626 = CARTESIAN_POINT ( 'NONE',  ( -18.19999999999999574, -28.20000000000000639, -76.00000000000000000 ) ) ;
#627 = ORIENTED_EDGE ( 'NONE', *, *, #1269, .T. ) ;
#628 = DIRECTION ( 'NONE',  ( 1.000000000000000000, 0.000000000000000000, -1.892048650787848266E-32 ) ) ;
#629 = ADVANCED_FACE ( 'NONE', ( #2661 ), #1023, .T. ) ;
#630 = CARTESIAN_POINT ( 'NONE',  ( 28.06181760425082317, 16.10000000000001563, -74.00000000000001421 ) ) ;
#631 = CARTESIAN_POINT ( 'NONE',  ( 15.19999999999999396, 25.20000000000000284, -64.00000000000000000 ) ) ;
#632 = AXIS2_PLACEMENT_3D ( 'NONE', #2635, #2265, #560 ) ;
#633 = ORIENTED_EDGE ( 'NONE', *, *, #2472, .F. ) ;
#634 = CARTESIAN_POINT ( 'NONE',  ( 28.19999999999998863, 28.20000000000000284, -5.000000000000000000 ) ) ;
#635 = EDGE_CURVE ( 'NONE', #839, #161, #1037, .T. ) ;
#636 = AXIS2_PLACEMENT_3D ( 'NONE', #2622, #1681, #748 ) ;
#637 = FACE_OUTER_BOUND ( 'NONE', #577, .T. ) ;
#638 = DIRECTION ( 'NONE',  ( -0.000000000000000000, -0.000000000000000000, -1.000000000000000000 ) ) ;
#639 = ORIENTED_EDGE ( 'NONE', *, *, #1080, .T. ) ;
#640 = FACE_OUTER_BOUND ( 'NONE', #488, .T. ) ;
#641 = VERTEX_POINT ( 'NONE', #1464 ) ;
#642 = CARTESIAN_POINT ( 'NONE',  ( 33.69999999999998863, 16.10000000000001563, -74.00000000000001421 ) ) ;
#643 = CARTESIAN_POINT ( 'NONE',  ( 23.56999999999999673, 23.56999999999999673, -5.000000000000000000 ) ) ;
#644 = CARTESIAN_POINT ( 'NONE',  ( 15.19999999999999396, 25.20000000000000284, -9.999999999999994671 ) ) ;
#645 = ORIENTED_EDGE ( 'NONE', *, *, #2224, .F. ) ;
#646 = EDGE_CURVE ( 'NONE', #1382, #2128, #1923, .T. ) ;
#647 = DIRECTION ( 'NONE',  ( 0.000000000000000000, 0.000000000000000000, 1.000000000000000000 ) ) ;
#648 = ORIENTED_EDGE ( 'NONE', *, *, #2718, .F. ) ;
#649 = ADVANCED_FACE ( 'NONE', ( #1973 ), #64, .T. ) ;
#650 = CARTESIAN_POINT ( 'NONE',  ( -25.20000000000000639, 15.20000000000000639, -64.00000000000000000 ) ) ;
#651 = EDGE_CURVE ( 'NONE', #1331, #2675, #2633, .T. ) ;
#652 = DIRECTION ( 'NONE',  ( -0.000000000000000000, -0.000000000000000000, 1.000000000000000000 ) ) ;
#653 = ORIENTED_EDGE ( 'NONE', *, *, #1682, .T. ) ;
#654 = LINE ( 'NONE', #2513, #2776 ) ;
#655 = VERTEX_POINT ( 'NONE', #1198 ) ;
#656 = CARTESIAN_POINT ( 'NONE',  ( -25.20000000000000284, -18.20000000000000639, -76.00000000000000000 ) ) ;
#657 = DIRECTION ( 'NONE',  ( 1.000000000000000000, 0.000000000000000000, 0.000000000000000000 ) ) ;
#658 = VERTEX_POINT ( 'NONE', #30 ) ;
#659 = CARTESIAN_POINT ( 'NONE',  ( -25.20000000000000284, -15.20000000000000462, -10.00000000000000711 ) ) ;
#660 = EDGE_CURVE ( 'NONE', #306, #2601, #776, .T. ) ;
#661 = ORIENTED_EDGE ( 'NONE', *, *, #937, .F. ) ;
#662 = LINE ( 'NONE', #2351, #2910 ) ;
#663 = AXIS2_PLACEMENT_3D ( 'NONE', #2436, #1534, #2460 ) ;
#664 = FACE_OUTER_BOUND ( 'NONE', #1453, .T. ) ;
#665 = UNCERTAINTY_MEASURE_WITH_UNIT (LENGTH_MEASURE( 1.000000000000000082E-05 ), #1662, 'distance_accuracy_value', 'NONE');
#666 = AXIS2_PLACEMENT_3D ( 'NONE', #650, #1630, #1581 ) ;
#667 = DIRECTION ( 'NONE',  ( 1.000000000000000000, 0.000000000000000000, 0.000000000000000000 ) ) ;
#668 = VERTEX_POINT ( 'NONE', #2890 ) ;
#669 = CIRCLE ( 'NONE', #127, 2.999999999999999112 ) ;
#670 = VECTOR ( 'NONE', #1213, 1000.000000000000000 ) ;
#671 = DIRECTION ( 'NONE',  ( -1.000000000000000000, 0.000000000000000000, 0.000000000000000000 ) ) ;
#672 = EDGE_CURVE ( 'NONE', #715, #1285, #2012, .T. ) ;
#673 = ORIENTED_EDGE ( 'NONE', *, *, #1829, .T. ) ;
#674 = CARTESIAN_POINT ( 'NONE',  ( 25.19999999999998863, 18.19999999999999929, -76.00000000000000000 ) ) ;
#675 = CARTESIAN_POINT ( 'NONE',  ( -15.19999999999999396, 25.20000000000000284, -76.00000000000000000 ) ) ;
#676 = PLANE ( 'NONE',  #2473 ) ;
#677 = VERTEX_POINT ( 'NONE', #849 ) ;
#678 = DIRECTION ( 'NONE',  ( 0.000000000000000000, 0.000000000000000000, 1.000000000000000000 ) ) ;
#679 = DIRECTION ( 'NONE',  ( -0.000000000000000000, 0.000000000000000000, -1.000000000000000000 ) ) ;
#680 = ORIENTED_EDGE ( 'NONE', *, *, #2536, .F. ) ;
#681 = VECTOR ( 'NONE', #212, 1000.000000000000000 ) ;
#682 = CARTESIAN_POINT ( 'NONE',  ( -25.20000000000000639, 18.20000000000000639, -64.00000000000000000 ) ) ;
#683 = DIRECTION ( 'NONE',  ( -1.000000000000000000, 0.000000000000000000, 0.000000000000000000 ) ) ;
#684 = CIRCLE ( 'NONE', #2727, 2.999999999999999112 ) ;
#685 = LINE ( 'NONE', #1385, #718 ) ;
#686 = VECTOR ( 'NONE', #2882, 1000.000000000000000 ) ;
#687 = EDGE_LOOP ( 'NONE', ( #612, #1601 ) ) ;
#688 = ADVANCED_FACE ( 'NONE', ( #396 ), #2933, .F. ) ;
#689 = LINE ( 'NONE', #1160, #2343 ) ;
#690 = AXIS2_PLACEMENT_3D ( 'NONE', #2604, #233, #2394 ) ;
#691 = LINE ( 'NONE', #1129, #2624 ) ;
#692 = EDGE_LOOP ( 'NONE', ( #1348, #875 ) ) ;
#693 = PLANE ( 'NONE',  #1949 ) ;
#694 = ADVANCED_FACE ( 'NONE', ( #340 ), #600, .T. ) ;
#695 = CARTESIAN_POINT ( 'NONE',  ( -28.20000000000000995, 28.20000000000000284, -5.000000000000000000 ) ) ;
#696 = CYLINDRICAL_SURFACE ( 'NONE', #778, 2.600000000000001421 ) ;
#697 = ORIENTED_EDGE ( 'NONE', *, *, #2170, .F. ) ;
#698 = FACE_OUTER_BOUND ( 'NONE', #586, .T. ) ;
#699 = VERTEX_POINT ( 'NONE', #1532 ) ;
#700 = DIRECTION ( 'NONE',  ( -0.000000000000000000, 0.000000000000000000, 1.000000000000000000 ) ) ;
#701 = FACE_OUTER_BOUND ( 'NONE', #2991, .T. ) ;
#702 = ADVANCED_BREP_SHAPE_REPRESENTATION ( 'Nema23', ( #205, #1369 ), #2538 ) ;
#703 = CARTESIAN_POINT ( 'NONE',  ( 23.57000000000000384, -23.57000000000000384, 0.000000000000000000 ) ) ;
#704 = ORIENTED_EDGE ( 'NONE', *, *, #1809, .F. ) ;
#705 = DIRECTION ( 'NONE',  ( 0.000000000000000000, 0.000000000000000000, -1.000000000000000000 ) ) ;
#706 = ADVANCED_FACE ( 'NONE', ( #1506, #1781 ), #1298, .F. ) ;
#707 = ORIENTED_EDGE ( 'NONE', *, *, #439, .F. ) ;
#708 = LINE ( 'NONE', #1874, #2087 ) ;
#709 = EDGE_CURVE ( 'NONE', #1468, #1111, #423, .T. ) ;
#710 = PLANE ( 'NONE',  #2145 ) ;
#711 = DIRECTION ( 'NONE',  ( 0.000000000000000000, -0.000000000000000000, 1.000000000000000000 ) ) ;
#712 = EDGE_LOOP ( 'NONE', ( #2322, #351, #2813, #2284, #181, #1185, #1813, #1097 ) ) ;
#713 = CARTESIAN_POINT ( 'NONE',  ( -23.57000000000000384, 23.56999999999999673, 0.000000000000000000 ) ) ;
#714 = CARTESIAN_POINT ( 'NONE',  ( 23.57000000000000384, -23.57000000000000384, -5.000000000000000000 ) ) ;
#715 = VERTEX_POINT ( 'NONE', #2238 ) ;
#716 = CARTESIAN_POINT ( 'NONE',  ( 21.19999999999999574, -18.20000000000000284, -76.00000000000000000 ) ) ;
#717 = CYLINDRICAL_SURFACE ( 'NONE', #2927, 2.999999999999999112 ) ;
#718 = VECTOR ( 'NONE', #1869, 1000.000000000000000 ) ;
#719 = ORIENTED_EDGE ( 'NONE', *, *, #2536, .T. ) ;
#720 = FACE_OUTER_BOUND ( 'NONE', #2894, .T. ) ;
#721 = AXIS2_PLACEMENT_3D ( 'NONE', #2073, #2739, #465 ) ;
#722 = CIRCLE ( 'NONE', #85, 2.999999999999999112 ) ;
#723 = CIRCLE ( 'NONE', #622, 2.999999999999999112 ) ;
#724 = ORIENTED_EDGE ( 'NONE', *, *, #2733, .F. ) ;
#725 = CARTESIAN_POINT ( 'NONE',  ( -25.20000000000000639, 18.20000000000000639, -5.000000000000000000 ) ) ;
#726 = AXIS2_PLACEMENT_3D ( 'NONE', #1181, #2735, #2539 ) ;
#727 = CARTESIAN_POINT ( 'NONE',  ( -28.20000000000000995, 25.20000000000000284, 0.000000000000000000 ) ) ;
#728 = CARTESIAN_POINT ( 'NONE',  ( -21.19999999999999218, 21.20000000000000284, -76.00000000000000000 ) ) ;
#729 = ORIENTED_EDGE ( 'NONE', *, *, #1583, .F. ) ;
#730 = CARTESIAN_POINT ( 'NONE',  ( 15.19999999999999218, -28.19999999999999574, -10.00000000000000888 ) ) ;
#731 = EDGE_CURVE ( 'NONE', #2438, #2872, #1065, .T. ) ;
#732 = EDGE_LOOP ( 'NONE', ( #2841, #1614, #2049, #2863 ) ) ;
#733 = CARTESIAN_POINT ( 'NONE',  ( -4.000000000000000000, 0.000000000000000000, 24.50000000000000000 ) ) ;
#734 = ADVANCED_FACE ( 'NONE', ( #2702 ), #354, .F. ) ;
#735 = CARTESIAN_POINT ( 'NONE',  ( 0.000000000000000000, 0.000000000000000000, 1.600000000000000089 ) ) ;
#736 = DIRECTION ( 'NONE',  ( 1.000000000000000000, 0.000000000000000000, 0.000000000000000000 ) ) ;
#737 = PLANE ( 'NONE',  #228 ) ;
#738 = ORIENTED_EDGE ( 'NONE', *, *, #2413, .F. ) ;
#739 = DIRECTION ( 'NONE',  ( 1.000000000000000000, 0.000000000000000000, 0.000000000000000000 ) ) ;
#740 = ORIENTED_EDGE ( 'NONE', *, *, #565, .T. ) ;
#741 = CARTESIAN_POINT ( 'NONE',  ( 28.19999999999998863, 28.20000000000000284, 0.000000000000000000 ) ) ;
#742 = DIRECTION ( 'NONE',  ( 0.000000000000000000, 0.000000000000000000, -1.000000000000000000 ) ) ;
#743 = VERTEX_POINT ( 'NONE', #1998 ) ;
#744 = CARTESIAN_POINT ( 'NONE',  ( 18.19999999999999574, -21.20000000000000284, -64.00000000000000000 ) ) ;
#745 = ORIENTED_EDGE ( 'NONE', *, *, #1777, .T. ) ;
#746 = ADVANCED_FACE ( 'NONE', ( #2210 ), #2961, .F. ) ;
#747 = PLANE ( 'NONE',  #1895 ) ;
#748 = DIRECTION ( 'NONE',  ( 1.000000000000000000, 0.000000000000000000, 0.000000000000000000 ) ) ;
#749 = EDGE_CURVE ( 'NONE', #1086, #1531, #1105, .T. ) ;
#750 = EDGE_CURVE ( 'NONE', #1111, #442, #1072, .T. ) ;
#751 = DIRECTION ( 'NONE',  ( 0.000000000000000000, 0.000000000000000000, -1.000000000000000000 ) ) ;
#752 = FACE_OUTER_BOUND ( 'NONE', #753, .T. ) ;
#753 = EDGE_LOOP ( 'NONE', ( #2916, #673 ) ) ;
#754 = DIRECTION ( 'NONE',  ( -0.000000000000000000, -1.000000000000000000, -0.000000000000000000 ) ) ;
#755 = VERTEX_POINT ( 'NONE', #2917 ) ;
#756 = CYLINDRICAL_SURFACE ( 'NONE', #1996, 2.999999999999999112 ) ;
#757 = DIRECTION ( 'NONE',  ( 1.230300337572203632E-16, -1.000000000000000000, 9.912705577010338368E-16 ) ) ;
#758 = ORIENTED_EDGE ( 'NONE', *, *, #1395, .T. ) ;
#759 = CARTESIAN_POINT ( 'NONE',  ( 18.19999999999999574, 25.20000000000000284, -5.000000000000004441 ) ) ;
#760 = EDGE_LOOP ( 'NONE', ( #627, #1922, #2663, #1960 ) ) ;
#761 = CARTESIAN_POINT ( 'NONE',  ( 28.19999999999998863, 15.20000000000000107, -74.00000000000001421 ) ) ;
#762 = CARTESIAN_POINT ( 'NONE',  ( 0.000000000000000000, 0.000000000000000000, 24.99999999999999645 ) ) ;
#763 = EDGE_CURVE ( 'NONE', #2296, #2354, #380, .T. ) ;
#764 = CARTESIAN_POINT ( 'NONE',  ( -4.000000000000000000, 0.000000000000000000, 24.99999999999999645 ) ) ;
#765 = DIRECTION ( 'NONE',  ( 1.000000000000000000, 0.000000000000000000, -0.000000000000000000 ) ) ;
#766 = DIRECTION ( 'NONE',  ( -0.000000000000000000, -0.000000000000000000, 1.000000000000000000 ) ) ;
#767 = EDGE_CURVE ( 'NONE', #531, #2181, #1316, .T. ) ;
#768 = VECTOR ( 'NONE', #2669, 1000.000000000000000 ) ;
#769 = EDGE_LOOP ( 'NONE', ( #2199, #3016, #2412, #2045 ) ) ;
#770 = AXIS2_PLACEMENT_3D ( 'NONE', #2880, #1727, #796 ) ;
#771 = EDGE_CURVE ( 'NONE', #1026, #1847, #816, .T. ) ;
#772 = VECTOR ( 'NONE', #876, 1000.000000000000000 ) ;
#773 = PLANE ( 'NONE',  #920 ) ;
#774 = CARTESIAN_POINT ( 'NONE',  ( -28.20000000000000995, 15.20000000000000639, -76.00000000000000000 ) ) ;
#775 = VERTEX_POINT ( 'NONE', #2678 ) ;
#776 = LINE ( 'NONE', #1445, #328 ) ;
#777 = DIRECTION ( 'NONE',  ( -1.000000000000000000, -0.000000000000000000, -0.000000000000000000 ) ) ;
#778 = AXIS2_PLACEMENT_3D ( 'NONE', #2301, #410, #1344 ) ;
#779 = VERTEX_POINT ( 'NONE', #2945 ) ;
#780 = CARTESIAN_POINT ( 'NONE',  ( -15.19999999999999218, 28.20000000000000639, -76.00000000000000000 ) ) ;
#781 = ORIENTED_EDGE ( 'NONE', *, *, #1701, .T. ) ;
#782 = FACE_OUTER_BOUND ( 'NONE', #2679, .T. ) ;
#783 = CARTESIAN_POINT ( 'NONE',  ( -15.19999999999999396, -25.19999999999999574, -76.00000000000000000 ) ) ;
#784 = DIRECTION ( 'NONE',  ( 0.000000000000000000, 0.000000000000000000, 1.000000000000000000 ) ) ;
#785 = CARTESIAN_POINT ( 'NONE',  ( -23.57000000000000384, 23.56999999999999673, -5.000000000000000000 ) ) ;
#786 = CIRCLE ( 'NONE', #2440, 2.999999999999999112 ) ;
#787 = EDGE_CURVE ( 'NONE', #1354, #2872, #587, .T. ) ;
#788 = ORIENTED_EDGE ( 'NONE', *, *, #499, .T. ) ;
#789 = VECTOR ( 'NONE', #2968, 1000.000000000000000 ) ;
#790 = EDGE_CURVE ( 'NONE', #2731, #473, #1098, .T. ) ;
#791 = CARTESIAN_POINT ( 'NONE',  ( 15.19999999999999396, 28.20000000000000284, -76.00000000000000000 ) ) ;
#792 = CIRCLE ( 'NONE', #1422, 2.999999999999999112 ) ;
#793 = ORIENTED_EDGE ( 'NONE', *, *, #2531, .F. ) ;
#794 = DIRECTION ( 'NONE',  ( 1.000000000000000000, 0.000000000000000000, 0.000000000000000000 ) ) ;
#795 = ORIENTED_EDGE ( 'NONE', *, *, #672, .T. ) ;
#796 = DIRECTION ( 'NONE',  ( -1.230300337572203632E-16, 1.000000000000000000, 0.000000000000000000 ) ) ;
#797 = CARTESIAN_POINT ( 'NONE',  ( 25.19999999999998863, 25.20000000000000284, 0.000000000000000000 ) ) ;
#798 = DIRECTION ( 'NONE',  ( -0.000000000000000000, -0.000000000000000000, -1.000000000000000000 ) ) ;
#799 = DIRECTION ( 'NONE',  ( -1.000000000000000000, 0.000000000000000000, 0.000000000000000000 ) ) ;
#800 = ORIENTED_EDGE ( 'NONE', *, *, #173, .T. ) ;
#801 = ADVANCED_FACE ( 'NONE', ( #118 ), #2974, .F. ) ;
#802 = ORIENTED_EDGE ( 'NONE', *, *, #2048, .F. ) ;
#803 = LINE ( 'NONE', #1232, #223 ) ;
#804 = DIRECTION ( 'NONE',  ( -1.000000000000000000, -3.469446951953613696E-16, 0.000000000000000000 ) ) ;
#805 = DIRECTION ( 'NONE',  ( -0.000000000000000000, -0.000000000000000000, 1.000000000000000000 ) ) ;
#806 = EDGE_LOOP ( 'NONE', ( #2307, #1487, #2302, #1463 ) ) ;
#807 = DIRECTION ( 'NONE',  ( 1.000000000000000000, 0.000000000000000000, 0.000000000000000000 ) ) ;
#808 = EDGE_CURVE ( 'NONE', #2677, #2872, #708, .T. ) ;
#809 = DIRECTION ( 'NONE',  ( -1.000000000000000000, 0.000000000000000000, 0.000000000000000000 ) ) ;
#810 = DIRECTION ( 'NONE',  ( -1.000000000000000000, 0.000000000000000000, 0.000000000000000000 ) ) ;
#811 = ORIENTED_EDGE ( 'NONE', *, *, #1644, .F. ) ;
#812 = CIRCLE ( 'NONE', #2383, 2.999999999999999112 ) ;
#813 = DIRECTION ( 'NONE',  ( -3.469446951953613696E-16, 1.000000000000000000, 0.000000000000000000 ) ) ;
#814 = AXIS2_PLACEMENT_3D ( 'NONE', #2609, #1291, #855 ) ;
#815 = VERTEX_POINT ( 'NONE', #2745 ) ;
#816 = LINE ( 'NONE', #2254, #2234 ) ;
#817 = AXIS2_PLACEMENT_3D ( 'NONE', #931, #2305, #700 ) ;
#818 = VERTEX_POINT ( 'NONE', #443 ) ;
#819 = CARTESIAN_POINT ( 'NONE',  ( -18.19999999999999574, 28.19999999999999574, -9.999999999999994671 ) ) ;
#820 = VERTEX_POINT ( 'NONE', #1131 ) ;
#821 = AXIS2_PLACEMENT_3D ( 'NONE', #207, #2100, #2535 ) ;
#822 = EDGE_CURVE ( 'NONE', #1135, #2675, #9, .T. ) ;
#823 = AXIS2_PLACEMENT_3D ( 'NONE', #2646, #2844, #556 ) ;
#824 = DIRECTION ( 'NONE',  ( -0.000000000000000000, -0.000000000000000000, -1.000000000000000000 ) ) ;
#825 = CIRCLE ( 'NONE', #376, 2.999999999999999112 ) ;
#826 = EDGE_CURVE ( 'NONE', #183, #2072, #2080, .T. ) ;
#827 = DIRECTION ( 'NONE',  ( -0.000000000000000000, -0.000000000000000000, -1.000000000000000000 ) ) ;
#828 = EDGE_CURVE ( 'NONE', #1064, #1354, #2342, .T. ) ;
#829 = DIRECTION ( 'NONE',  ( 1.000000000000000000, 0.000000000000000000, 0.000000000000000000 ) ) ;
#830 = ORIENTED_EDGE ( 'NONE', *, *, #660, .T. ) ;
#831 = VECTOR ( 'NONE', #2471, 1000.000000000000000 ) ;
#832 = ORIENTED_EDGE ( 'NONE', *, *, #2032, .T. ) ;
#833 = CARTESIAN_POINT ( 'NONE',  ( -28.20000000000000284, -28.19999999999999574, -5.000000000000000000 ) ) ;
#834 = AXIS2_PLACEMENT_3D ( 'NONE', #334, #1774, #2428 ) ;
#835 = VERTEX_POINT ( 'NONE', #2503 ) ;
#836 = LINE ( 'NONE', #2919, #119 ) ;
#837 = AXIS2_PLACEMENT_3D ( 'NONE', #867, #2708, #2071 ) ;
#838 = CARTESIAN_POINT ( 'NONE',  ( -25.20000000000000995, 28.20000000000000284, 0.000000000000000000 ) ) ;
#839 = VERTEX_POINT ( 'NONE', #642 ) ;
#840 = DIRECTION ( 'NONE',  ( 0.000000000000000000, -0.000000000000000000, 1.000000000000000000 ) ) ;
#841 = EDGE_CURVE ( 'NONE', #1448, #306, #1898, .T. ) ;
#842 = DIRECTION ( 'NONE',  ( -0.000000000000000000, 0.000000000000000000, 1.000000000000000000 ) ) ;
#843 = CARTESIAN_POINT ( 'NONE',  ( -21.19999999999999218, -21.20000000000000284, -76.00000000000000000 ) ) ;
#844 = EDGE_CURVE ( 'NONE', #1289, #1900, #1636, .T. ) ;
#845 = VERTEX_POINT ( 'NONE', #2732 ) ;
#846 = LINE ( 'NONE', #352, #1342 ) ;
#847 = DIRECTION ( 'NONE',  ( -0.000000000000000000, 0.000000000000000000, 1.000000000000000000 ) ) ;
#848 = ORIENTED_EDGE ( 'NONE', *, *, #1324, .T. ) ;
#849 = CARTESIAN_POINT ( 'NONE',  ( -18.19999999999999574, 21.20000000000000284, -5.000000000000000000 ) ) ;
#850 = EDGE_LOOP ( 'NONE', ( #2934, #309, #1084, #450 ) ) ;
#851 = LINE ( 'NONE', #2734, #218 ) ;
#852 = CARTESIAN_POINT ( 'NONE',  ( 28.19999999999999574, 18.19999999999999929, -5.000000000000000000 ) ) ;
#853 = ORIENTED_EDGE ( 'NONE', *, *, #863, .T. ) ;
#854 = FACE_OUTER_BOUND ( 'NONE', #2280, .T. ) ;
#855 = DIRECTION ( 'NONE',  ( 1.000000000000000000, 0.000000000000000000, 0.000000000000000000 ) ) ;
#856 = ADVANCED_FACE ( 'NONE', ( #474 ), #1605, .T. ) ;
#857 = DIRECTION ( 'NONE',  ( 0.000000000000000000, 0.000000000000000000, 1.000000000000000000 ) ) ;
#858 = ORIENTED_EDGE ( 'NONE', *, *, #1475, .T. ) ;
#859 = EDGE_CURVE ( 'NONE', #820, #668, #1341, .T. ) ;
#860 = LINE ( 'NONE', #2408, #584 ) ;
#861 = VERTEX_POINT ( 'NONE', #2066 ) ;
#862 = CARTESIAN_POINT ( 'NONE',  ( -18.19999999999999574, 28.20000000000000639, -76.00000000000000000 ) ) ;
#863 = EDGE_CURVE ( 'NONE', #2757, #1545, #578, .T. ) ;
#864 = FACE_OUTER_BOUND ( 'NONE', #974, .T. ) ;
#865 = VERTEX_POINT ( 'NONE', #2325 ) ;
#866 = AXIS2_PLACEMENT_3D ( 'NONE', #1279, #2216, #157 ) ;
#867 = CARTESIAN_POINT ( 'NONE',  ( -25.20000000000000284, -15.20000000000000462, -5.000000000000000000 ) ) ;
#868 = CIRCLE ( 'NONE', #1210, 2.999999999999999112 ) ;
#869 = CARTESIAN_POINT ( 'NONE',  ( -19.05000000000000071, 0.000000000000000000, 1.600000000000000089 ) ) ;
#870 = VECTOR ( 'NONE', #1488, 1000.000000000000000 ) ;
#871 = LINE ( 'NONE', #1569, #1562 ) ;
#872 = ORIENTED_EDGE ( 'NONE', *, *, #1049, .F. ) ;
#873 = CYLINDRICAL_SURFACE ( 'NONE', #537, 2.999999999999999112 ) ;
#874 = EDGE_CURVE ( 'NONE', #658, #183, #1179, .T. ) ;
#875 = ORIENTED_EDGE ( 'NONE', *, *, #2851, .F. ) ;
#876 = DIRECTION ( 'NONE',  ( -0.000000000000000000, -0.000000000000000000, 1.000000000000000000 ) ) ;
#877 = EDGE_CURVE ( 'NONE', #2612, #183, #2519, .T. ) ;
#878 = EDGE_CURVE ( 'NONE', #2314, #1331, #669, .T. ) ;
#879 = DIRECTION ( 'NONE',  ( 0.000000000000000000, 1.000000000000000000, 0.000000000000000000 ) ) ;
#880 = VECTOR ( 'NONE', #1356, 1000.000000000000000 ) ;
#881 = ORIENTED_EDGE ( 'NONE', *, *, #750, .F. ) ;
#882 = CARTESIAN_POINT ( 'NONE',  ( -15.19999999999999396, -25.19999999999999574, -64.00000000000000000 ) ) ;
#883 = VECTOR ( 'NONE', #981, 1000.000000000000000 ) ;
#884 = ORIENTED_EDGE ( 'NONE', *, *, #731, .F. ) ;
#885 = LINE ( 'NONE', #2527, #2232 ) ;
#886 = AXIS2_PLACEMENT_3D ( 'NONE', #735, #2558, #1882 ) ;
#887 = FACE_OUTER_BOUND ( 'NONE', #2906, .T. ) ;
#888 = ORIENTED_EDGE ( 'NONE', *, *, #156, .F. ) ;
#889 = LINE ( 'NONE', #1112, #1559 ) ;
#890 = ORIENTED_EDGE ( 'NONE', *, *, #731, .T. ) ;
#891 = DIRECTION ( 'NONE',  ( -0.000000000000000000, 0.000000000000000000, 1.000000000000000000 ) ) ;
#892 = EDGE_CURVE ( 'NONE', #2181, #2009, #2764, .T. ) ;
#893 = CARTESIAN_POINT ( 'NONE',  ( -26.16999999999999815, -23.57000000000000384, -5.000000000000000000 ) ) ;
#894 = CARTESIAN_POINT ( 'NONE',  ( -21.19999999999999218, 18.20000000000000284, -76.00000000000000000 ) ) ;
#895 = ORIENTED_EDGE ( 'NONE', *, *, #1436, .F. ) ;
#896 = CARTESIAN_POINT ( 'NONE',  ( 0.000000000000000000, 0.000000000000000000, 0.000000000000000000 ) ) ;
#897 = ORIENTED_EDGE ( 'NONE', *, *, #71, .T. ) ;
#898 = FACE_OUTER_BOUND ( 'NONE', #2347, .T. ) ;
#899 = EDGE_CURVE ( 'NONE', #1531, #1592, #3003, .T. ) ;
#900 = LINE ( 'NONE', #1582, #2442 ) ;
#901 = ORIENTED_EDGE ( 'NONE', *, *, #808, .F. ) ;
#902 = CYLINDRICAL_SURFACE ( 'NONE', #1470, 2.999999999999999112 ) ;
#903 = ORIENTED_EDGE ( 'NONE', *, *, #575, .F. ) ;
#904 = DIRECTION ( 'NONE',  ( -0.000000000000000000, 0.000000000000000000, -1.000000000000000000 ) ) ;
#905 = DIRECTION ( 'NONE',  ( 0.000000000000000000, 0.000000000000000000, 1.000000000000000000 ) ) ;
#906 = DIRECTION ( 'NONE',  ( -0.000000000000000000, 0.000000000000000000, 1.000000000000000000 ) ) ;
#907 = ORIENTED_EDGE ( 'NONE', *, *, #1441, .F. ) ;
#908 = LINE ( 'NONE', #1827, #1035 ) ;
#909 = CIRCLE ( 'NONE', #1589, 2.999999999999999112 ) ;
#910 = ORIENTED_EDGE ( 'NONE', *, *, #1359, .F. ) ;
#911 = EDGE_CURVE ( 'NONE', #2357, #555, #868, .T. ) ;
#912 = LINE ( 'NONE', #1881, #2142 ) ;
#913 = CIRCLE ( 'NONE', #2618, 2.999999999999999112 ) ;
#914 = LINE ( 'NONE', #2321, #2925 ) ;
#915 = VECTOR ( 'NONE', #163, 1000.000000000000000 ) ;
#916 = ADVANCED_FACE ( 'NONE', ( #2297 ), #693, .T. ) ;
#917 = DIRECTION ( 'NONE',  ( 1.000000000000000000, 0.000000000000000000, 0.000000000000000000 ) ) ;
#918 = VERTEX_POINT ( 'NONE', #725 ) ;
#919 = AXIS2_PLACEMENT_3D ( 'NONE', #1411, #430, #1362 ) ;
#920 = AXIS2_PLACEMENT_3D ( 'NONE', #1920, #1707, #1113 ) ;
#921 = DIRECTION ( 'NONE',  ( 1.000000000000000000, 0.000000000000000000, 0.000000000000000000 ) ) ;
#922 = ORIENTED_EDGE ( 'NONE', *, *, #2551, .T. ) ;
#923 = DIRECTION ( 'NONE',  ( 1.387778780781447648E-15, 1.000000000000000000, 0.000000000000000000 ) ) ;
#924 = CARTESIAN_POINT ( 'NONE',  ( 21.19999999999999218, 18.19999999999999929, -5.000000000000004441 ) ) ;
#925 = CARTESIAN_POINT ( 'NONE',  ( -21.19999999999999218, -21.20000000000000284, -10.00000000000000888 ) ) ;
#926 = ORIENTED_EDGE ( 'NONE', *, *, #635, .F. ) ;
#927 = CARTESIAN_POINT ( 'NONE',  ( 21.19999999999999218, 18.19999999999999929, -5.000000000000000000 ) ) ;
#928 = CARTESIAN_POINT ( 'NONE',  ( 33.69999999999999574, 6.753584691571043636E-15, -6.023871387724058391E-30 ) ) ;
#929 = ORIENTED_EDGE ( 'NONE', *, *, #2423, .F. ) ;
#930 = VECTOR ( 'NONE', #1804, 1000.000000000000000 ) ;
#931 = CARTESIAN_POINT ( 'NONE',  ( 18.19999999999999574, 28.20000000000000284, -76.00000000000000000 ) ) ;
#932 = DIRECTION ( 'NONE',  ( 0.000000000000000000, 0.000000000000000000, 1.000000000000000000 ) ) ;
#933 = AXIS2_PLACEMENT_3D ( 'NONE', #375, #2698, #2657 ) ;
#934 = EDGE_CURVE ( 'NONE', #936, #715, #1299, .T. ) ;
#935 = DIRECTION ( 'NONE',  ( -0.000000000000000000, 0.000000000000000000, 1.000000000000000000 ) ) ;
#936 = VERTEX_POINT ( 'NONE', #2358 ) ;
#937 = EDGE_CURVE ( 'NONE', #2587, #2612, #2570, .T. ) ;
#938 = DIRECTION ( 'NONE',  ( -1.000000000000000000, 1.156482317317871725E-15, 0.000000000000000000 ) ) ;
#939 = ORIENTED_EDGE ( 'NONE', *, *, #2943, .T. ) ;
#940 = CARTESIAN_POINT ( 'NONE',  ( 28.19999999999998153, -18.20000000000001350, -76.00000000000000000 ) ) ;
#941 = DIRECTION ( 'NONE',  ( 1.000000000000000000, 0.000000000000000000, 0.000000000000000000 ) ) ;
#942 = PLANE ( 'NONE',  #2148 ) ;
#943 = VERTEX_POINT ( 'NONE', #1887 ) ;
#944 = CARTESIAN_POINT ( 'NONE',  ( 4.000000000000000000, 4.898587196589412829E-16, 24.99999999999999645 ) ) ;
#945 = DIRECTION ( 'NONE',  ( 1.000000000000000000, 0.000000000000000000, 0.000000000000000000 ) ) ;
#946 = ORIENTED_EDGE ( 'NONE', *, *, #2832, .T. ) ;
#947 = CYLINDRICAL_SURFACE ( 'NONE', #419, 2.600000000000001421 ) ;
#948 = DIRECTION ( 'NONE',  ( 1.230300337572203632E-16, -1.000000000000000000, 0.000000000000000000 ) ) ;
#949 = ORIENTED_EDGE ( 'NONE', *, *, #140, .T. ) ;
#950 = CARTESIAN_POINT ( 'NONE',  ( 0.000000000000000000, 0.000000000000000000, 1.600000000000000089 ) ) ;
#951 = EDGE_CURVE ( 'NONE', #1289, #358, #2864, .T. ) ;
#952 = ORIENTED_EDGE ( 'NONE', *, *, #381, .T. ) ;
#953 = DIRECTION ( 'NONE',  ( 1.000000000000000000, 0.000000000000000000, 0.000000000000000000 ) ) ;
#954 = CARTESIAN_POINT ( 'NONE',  ( 0.000000000000000000, 0.000000000000000000, -5.000000000000000000 ) ) ;
#955 = ADVANCED_FACE ( 'NONE', ( #344 ), #2693, .T. ) ;
#956 = DIRECTION ( 'NONE',  ( -0.000000000000000000, -0.000000000000000000, -1.000000000000000000 ) ) ;
#957 = ORIENTED_EDGE ( 'NONE', *, *, #2594, .T. ) ;
#958 = DIRECTION ( 'NONE',  ( 0.000000000000000000, 0.000000000000000000, 1.000000000000000000 ) ) ;
#959 = ORIENTED_EDGE ( 'NONE', *, *, #2794, .T. ) ;
#960 = DIRECTION ( 'NONE',  ( -1.000000000000000000, 0.000000000000000000, 0.000000000000000000 ) ) ;
#961 = CARTESIAN_POINT ( 'NONE',  ( 23.19999999999999574, -16.09999999999999787, -67.00000000000001421 ) ) ;
#962 = AXIS2_PLACEMENT_3D ( 'NONE', #783, #1452, #1223 ) ;
#963 = DIRECTION ( 'NONE',  ( -0.000000000000000000, -0.000000000000000000, -1.000000000000000000 ) ) ;
#964 = ORIENTED_EDGE ( 'NONE', *, *, #1480, .T. ) ;
#965 = PLANE ( 'NONE',  #1667 ) ;
#966 = CIRCLE ( 'NONE', #1455, 2.999999999999999112 ) ;
#967 = AXIS2_PLACEMENT_3D ( 'NONE', #1656, #1193, #2129 ) ;
#968 = AXIS2_PLACEMENT_3D ( 'NONE', #50, #1863, #479 ) ;
#969 = ORIENTED_EDGE ( 'NONE', *, *, #213, .T. ) ;
#970 = CIRCLE ( 'NONE', #2674, 2.999999999999999112 ) ;
#971 = EDGE_CURVE ( 'NONE', #2970, #1301, #2213, .T. ) ;
#972 = LINE ( 'NONE', #695, #1946 ) ;
#973 = LINE ( 'NONE', #1477, #2867 ) ;
#974 = EDGE_LOOP ( 'NONE', ( #152, #2632, #283, #1119 ) ) ;
#975 = DIRECTION ( 'NONE',  ( 0.000000000000000000, 0.000000000000000000, 1.000000000000000000 ) ) ;
#976 = DIRECTION ( 'NONE',  ( -0.000000000000000000, 0.000000000000000000, 1.000000000000000000 ) ) ;
#977 = ADVANCED_FACE ( 'NONE', ( #110 ), #369, .T. ) ;
#978 = ORIENTED_EDGE ( 'NONE', *, *, #1543, .T. ) ;
#979 = DIRECTION ( 'NONE',  ( -0.000000000000000000, 0.000000000000000000, 1.000000000000000000 ) ) ;
#980 = VERTEX_POINT ( 'NONE', #2680 ) ;
#981 = DIRECTION ( 'NONE',  ( -0.000000000000000000, -0.000000000000000000, -1.000000000000000000 ) ) ;
#982 = CIRCLE ( 'NONE', #384, 2.999999999999999112 ) ;
#983 = DIRECTION ( 'NONE',  ( -1.000000000000000000, -9.531447670202239898E-17, 0.000000000000000000 ) ) ;
#984 = CIRCLE ( 'NONE', #1911, 2.600000000000001421 ) ;
#985 = ORIENTED_EDGE ( 'NONE', *, *, #192, .T. ) ;
#986 = FACE_OUTER_BOUND ( 'NONE', #2579, .T. ) ;
#987 = ORIENTED_EDGE ( 'NONE', *, *, #140, .F. ) ;
#988 = DIRECTION ( 'NONE',  ( 1.000000000000000000, 1.230300337572203632E-16, 0.000000000000000000 ) ) ;
#989 = FACE_OUTER_BOUND ( 'NONE', #2264, .T. ) ;
#990 = ORIENTED_EDGE ( 'NONE', *, *, #2703, .F. ) ;
#991 = DIRECTION ( 'NONE',  ( -0.000000000000000000, -0.000000000000000000, -1.000000000000000000 ) ) ;
#992 = EDGE_CURVE ( 'NONE', #306, #1448, #620, .T. ) ;
#993 = DIRECTION ( 'NONE',  ( 1.000000000000000000, 0.000000000000000000, 0.000000000000000000 ) ) ;
#994 = PRODUCT_CONTEXT ( 'NONE', #1520, 'mechanical' ) ;
#995 = ORIENTED_EDGE ( 'NONE', *, *, #335, .T. ) ;
#996 = CYLINDRICAL_SURFACE ( 'NONE', #2762, 2.999999999999999112 ) ;
#997 = DIRECTION ( 'NONE',  ( -1.000000000000000000, -1.230300337572203632E-16, 0.000000000000000000 ) ) ;
#998 = CARTESIAN_POINT ( 'NONE',  ( 15.19999999999999218, -25.19999999999999574, -5.000000000000000000 ) ) ;
#999 = EDGE_CURVE ( 'NONE', #1531, #2628, #1770, .T. ) ;
#1000 = CYLINDRICAL_SURFACE ( 'NONE', #434, 2.600000000000001421 ) ;
#1001 = ORIENTED_EDGE ( 'NONE', *, *, #381, .F. ) ;
#1002 = FACE_OUTER_BOUND ( 'NONE', #2172, .T. ) ;
#1003 = CARTESIAN_POINT ( 'NONE',  ( 18.19999999999999574, -28.20000000000001350, -10.00000000000000888 ) ) ;
#1004 = ORIENTED_EDGE ( 'NONE', *, *, #208, .F. ) ;
#1005 = CARTESIAN_POINT ( 'NONE',  ( -25.20000000000000284, -25.19999999999999929, -5.000000000000000000 ) ) ;
#1006 = CYLINDRICAL_SURFACE ( 'NONE', #2292, 2.600000000000001421 ) ;
#1007 = ORIENTED_EDGE ( 'NONE', *, *, #1045, .F. ) ;
#1008 = CARTESIAN_POINT ( 'NONE',  ( -21.19999999999999218, -21.20000000000000284, -76.00000000000000000 ) ) ;
#1009 = ORIENTED_EDGE ( 'NONE', *, *, #1194, .T. ) ;
#1010 = PLANE ( 'NONE',  #1319 ) ;
#1011 = ADVANCED_FACE ( 'NONE', ( #864 ), #2491, .T. ) ;
#1012 = DIRECTION ( 'NONE',  ( -0.000000000000000000, -0.000000000000000000, -1.000000000000000000 ) ) ;
#1013 = DIRECTION ( 'NONE',  ( 0.000000000000000000, 0.000000000000000000, 1.000000000000000000 ) ) ;
#1014 = AXIS2_PLACEMENT_3D ( 'NONE', #703, #1404, #2384 ) ;
#1015 = EDGE_CURVE ( 'NONE', #2768, #2072, #1508, .T. ) ;
#1016 = ORIENTED_EDGE ( 'NONE', *, *, #317, .T. ) ;
#1017 = VECTOR ( 'NONE', #284, 1000.000000000000000 ) ;
#1018 = VECTOR ( 'NONE', #1288, 1000.000000000000000 ) ;
#1019 = VECTOR ( 'NONE', #958, 1000.000000000000000 ) ;
#1020 = CARTESIAN_POINT ( 'NONE',  ( -15.19999999999999396, 25.20000000000000284, -5.000000000000000000 ) ) ;
#1021 = CARTESIAN_POINT ( 'NONE',  ( -26.17000000000000526, 23.56999999999999673, 0.000000000000000000 ) ) ;
#1022 = EDGE_LOOP ( 'NONE', ( #745, #1178 ) ) ;
#1023 = CYLINDRICAL_SURFACE ( 'NONE', #1399, 2.999999999999999112 ) ;
#1024 = FACE_OUTER_BOUND ( 'NONE', #2154, .T. ) ;
#1025 = AXIS2_PLACEMENT_3D ( 'NONE', #925, #2283, #879 ) ;
#1026 = VERTEX_POINT ( 'NONE', #1986 ) ;
#1027 = FACE_OUTER_BOUND ( 'NONE', #2420, .T. ) ;
#1028 = CARTESIAN_POINT ( 'NONE',  ( -28.19999999999999574, -18.20000000000000639, -76.00000000000000000 ) ) ;
#1029 = EDGE_CURVE ( 'NONE', #1856, #2677, #2904, .T. ) ;
#1030 = CYLINDRICAL_SURFACE ( 'NONE', #1363, 2.999999999999999112 ) ;
#1031 = AXIS2_PLACEMENT_3D ( 'NONE', #2276, #1872, #2971 ) ;
#1032 = ORIENTED_EDGE ( 'NONE', *, *, #2940, .T. ) ;
#1033 = AXIS2_PLACEMENT_3D ( 'NONE', #350, #2416, #1252 ) ;
#1034 = LINE ( 'NONE', #1504, #1211 ) ;
#1035 = VECTOR ( 'NONE', #2737, 1000.000000000000000 ) ;
#1036 = ORIENTED_EDGE ( 'NONE', *, *, #2778, .F. ) ;
#1037 = LINE ( 'NONE', #2196, #2327 ) ;
#1038 = CARTESIAN_POINT ( 'NONE',  ( 0.000000000000000000, 0.000000000000000000, -76.00000000000000000 ) ) ;
#1039 = FACE_OUTER_BOUND ( 'NONE', #2495, .T. ) ;
#1040 = DIRECTION ( 'NONE',  ( -0.000000000000000000, -0.000000000000000000, 1.000000000000000000 ) ) ;
#1041 = LINE ( 'NONE', #1205, #1253 ) ;
#1042 = PLANE ( 'NONE',  #834 ) ;
#1043 = ORIENTED_EDGE ( 'NONE', *, *, #2794, .F. ) ;
#1044 = PRODUCT_DEFINITION_SHAPE ( 'NONE', 'NONE',  #367 ) ;
#1045 = EDGE_CURVE ( 'NONE', #1584, #755, #2664, .T. ) ;
#1046 = DIRECTION ( 'NONE',  ( 0.000000000000000000, -1.000000000000000000, 0.000000000000000000 ) ) ;
#1047 = ORIENTED_EDGE ( 'NONE', *, *, #91, .T. ) ;
#1048 = DIRECTION ( 'NONE',  ( -1.000000000000000000, 0.000000000000000000, 1.892048650787848266E-32 ) ) ;
#1049 = EDGE_CURVE ( 'NONE', #411, #1200, #1524, .T. ) ;
#1050 = CARTESIAN_POINT ( 'NONE',  ( 23.56999999999999673, 23.56999999999999673, -5.000000000000000000 ) ) ;
#1051 = DIRECTION ( 'NONE',  ( -1.000000000000000000, 0.000000000000000000, 0.000000000000000000 ) ) ;
#1052 = ORIENTED_EDGE ( 'NONE', *, *, #1173, .T. ) ;
#1053 = CARTESIAN_POINT ( 'NONE',  ( 26.16999999999999815, 23.56999999999999673, -5.000000000000000000 ) ) ;
#1054 = CARTESIAN_POINT ( 'NONE',  ( 15.19999999999999396, 25.20000000000000284, -76.00000000000000000 ) ) ;
#1055 = DIRECTION ( 'NONE',  ( -1.000000000000000000, 0.000000000000000000, 0.000000000000000000 ) ) ;
#1056 = ORIENTED_EDGE ( 'NONE', *, *, #1809, .T. ) ;
#1057 = ORIENTED_EDGE ( 'NONE', *, *, #999, .T. ) ;
#1058 = DIRECTION ( 'NONE',  ( -0.000000000000000000, 0.000000000000000000, 1.000000000000000000 ) ) ;
#1059 = EDGE_CURVE ( 'NONE', #240, #2612, #2921, .T. ) ;
#1060 = AXIS2_PLACEMENT_3D ( 'NONE', #1008, #1940, #960 ) ;
#1061 = EDGE_LOOP ( 'NONE', ( #2122, #2889, #2194, #1432 ) ) ;
#1062 = DIRECTION ( 'NONE',  ( -1.000000000000000000, 0.000000000000000000, 0.000000000000000000 ) ) ;
#1063 = EDGE_CURVE ( 'NONE', #279, #1231, #722, .T. ) ;
#1064 = VERTEX_POINT ( 'NONE', #2706 ) ;
#1065 = CIRCLE ( 'NONE', #2816, 2.999999999999999112 ) ;
#1066 = CARTESIAN_POINT ( 'NONE',  ( 23.19999999999998863, 16.10000000000001563, -74.00000000000001421 ) ) ;
#1067 = CARTESIAN_POINT ( 'NONE',  ( -18.19999999999999574, 21.20000000000000284, -64.00000000000000000 ) ) ;
#1068 = DIRECTION ( 'NONE',  ( -0.000000000000000000, 0.000000000000000000, -1.000000000000000000 ) ) ;
#1069 = VERTEX_POINT ( 'NONE', #357 ) ;
#1070 = AXIS2_PLACEMENT_3D ( 'NONE', #1387, #2323, #705 ) ;
#1071 = ORIENTED_EDGE ( 'NONE', *, *, #1059, .F. ) ;
#1072 = LINE ( 'NONE', #2475, #2621 ) ;
#1073 = CIRCLE ( 'NONE', #2051, 2.999999999999999112 ) ;
#1074 = EDGE_LOOP ( 'NONE', ( #2836, #2722, #1371, #1090 ) ) ;
#1075 = AXIS2_PLACEMENT_3D ( 'NONE', #125, #1290, #2228 ) ;
#1076 = EDGE_CURVE ( 'NONE', #1231, #504, #2026, .T. ) ;
#1077 = DIRECTION ( 'NONE',  ( 1.000000000000000000, 0.000000000000000000, 0.000000000000000000 ) ) ;
#1078 = ORIENTED_EDGE ( 'NONE', *, *, #2176, .F. ) ;
#1079 = DIRECTION ( 'NONE',  ( -0.000000000000000000, -0.000000000000000000, 1.000000000000000000 ) ) ;
#1080 = EDGE_CURVE ( 'NONE', #1200, #2396, #1320, .T. ) ;
#1081 = LINE ( 'NONE', #2926, #2514 ) ;
#1082 = DIRECTION ( 'NONE',  ( 1.000000000000000000, 0.000000000000000000, 0.000000000000000000 ) ) ;
#1083 = EDGE_CURVE ( 'NONE', #2960, #2361, #825, .T. ) ;
#1084 = ORIENTED_EDGE ( 'NONE', *, *, #2224, .T. ) ;
#1085 = PLANE ( 'NONE',  #632 ) ;
#1086 = VERTEX_POINT ( 'NONE', #838 ) ;
#1087 = DIRECTION ( 'NONE',  ( 0.000000000000000000, -0.000000000000000000, 1.000000000000000000 ) ) ;
#1088 = ORIENTED_EDGE ( 'NONE', *, *, #841, .T. ) ;
#1089 = CARTESIAN_POINT ( 'NONE',  ( 21.19999999999999218, -21.20000000000000284, -76.00000000000000000 ) ) ;
#1090 = ORIENTED_EDGE ( 'NONE', *, *, #2311, .F. ) ;
#1091 = PLANE ( 'NONE',  #1865 ) ;
#1092 = DIRECTION ( 'NONE',  ( -0.000000000000000000, 0.000000000000000000, -1.000000000000000000 ) ) ;
#1093 = FACE_OUTER_BOUND ( 'NONE', #1212, .T. ) ;
#1094 = EDGE_CURVE ( 'NONE', #1138, #1354, #2524, .T. ) ;
#1095 = ORIENTED_EDGE ( 'NONE', *, *, #401, .F. ) ;
#1096 = FACE_OUTER_BOUND ( 'NONE', #769, .T. ) ;
#1097 = ORIENTED_EDGE ( 'NONE', *, *, #2627, .T. ) ;
#1098 = LINE ( 'NONE', #1286, #471 ) ;
#1099 = AXIS2_PLACEMENT_3D ( 'NONE', #1963, #513, #72 ) ;
#1100 = DIRECTION ( 'NONE',  ( -0.000000000000000000, -0.000000000000000000, 1.000000000000000000 ) ) ;
#1101 = VERTEX_POINT ( 'NONE', #2242 ) ;
#1102 = VECTOR ( 'NONE', #1692, 1000.000000000000000 ) ;
#1103 = DIRECTION ( 'NONE',  ( 0.000000000000000000, 0.000000000000000000, -1.000000000000000000 ) ) ;
#1104 = ORIENTED_EDGE ( 'NONE', *, *, #363, .F. ) ;
#1105 = CIRCLE ( 'NONE', #1502, 2.999999999999999112 ) ;
#1106 = CARTESIAN_POINT ( 'NONE',  ( -21.19999999999999218, -18.20000000000000284, -5.000000000000000000 ) ) ;
#1107 = AXIS2_PLACEMENT_3D ( 'NONE', #293, #1476, #307 ) ;
#1108 = LINE ( 'NONE', #1868, #1121 ) ;
#1109 = AXIS2_PLACEMENT_3D ( 'NONE', #2799, #1860, #2785 ) ;
#1110 = EDGE_CURVE ( 'NONE', #382, #1026, #1305, .T. ) ;
#1111 = VERTEX_POINT ( 'NONE', #2721 ) ;
#1112 = CARTESIAN_POINT ( 'NONE',  ( 18.19999999999999574, 28.19999999999999218, -9.999999999999994671 ) ) ;
#1113 = DIRECTION ( 'NONE',  ( 0.000000000000000000, 0.000000000000000000, -1.000000000000000000 ) ) ;
#1114 = ORIENTED_EDGE ( 'NONE', *, *, #2243, .T. ) ;
#1115 = DIRECTION ( 'NONE',  ( 0.7071067811865474617, 8.659560562354932858E-17, -0.7071067811865474617 ) ) ;
#1116 = CYLINDRICAL_SURFACE ( 'NONE', #2076, 2.600000000000001421 ) ;
#1117 = EDGE_CURVE ( 'NONE', #411, #531, #1901, .T. ) ;
#1118 = CARTESIAN_POINT ( 'NONE',  ( 28.19999999999999574, -15.20000000000001172, -74.00000000000001421 ) ) ;
#1119 = ORIENTED_EDGE ( 'NONE', *, *, #478, .F. ) ;
#1120 = DIRECTION ( 'NONE',  ( 0.000000000000000000, 1.000000000000000000, 0.000000000000000000 ) ) ;
#1121 = VECTOR ( 'NONE', #638, 1000.000000000000000 ) ;
#1122 = ORIENTED_EDGE ( 'NONE', *, *, #2954, .F. ) ;
#1123 = CARTESIAN_POINT ( 'NONE',  ( -18.19999999999999574, -28.20000000000000639, -5.000000000000000000 ) ) ;
#1124 = VECTOR ( 'NONE', #1612, 1000.000000000000000 ) ;
#1125 = CARTESIAN_POINT ( 'NONE',  ( 26.17000000000000526, -23.57000000000000384, -5.000000000000000000 ) ) ;
#1126 = CARTESIAN_POINT ( 'NONE',  ( 33.69999999999999574, -16.09999999999999787, -67.00000000000001421 ) ) ;
#1127 = ORIENTED_EDGE ( 'NONE', *, *, #826, .F. ) ;
#1128 = DIRECTION ( 'NONE',  ( 0.000000000000000000, 0.000000000000000000, -1.000000000000000000 ) ) ;
#1129 = CARTESIAN_POINT ( 'NONE',  ( 19.05000000000000071, 2.332952152375708043E-15, 1.600000000000000089 ) ) ;
#1130 = VERTEX_POINT ( 'NONE', #1842 ) ;
#1131 = CARTESIAN_POINT ( 'NONE',  ( 3.500000000000003109, 4.592425496802575944E-16, 24.99999999999999645 ) ) ;
#1132 = EDGE_CURVE ( 'NONE', #2742, #1993, #1824, .T. ) ;
#1133 = CARTESIAN_POINT ( 'NONE',  ( -18.19999999999999574, 25.20000000000000284, -5.000000000000000000 ) ) ;
#1134 = CARTESIAN_POINT ( 'NONE',  ( 25.19999999999998863, 18.19999999999999929, -64.00000000000000000 ) ) ;
#1135 = VERTEX_POINT ( 'NONE', #1134 ) ;
#1136 = DIRECTION ( 'NONE',  ( 1.892048650787848266E-32, -1.537875421965254602E-16, 1.000000000000000000 ) ) ;
#1137 = ADVANCED_FACE ( 'NONE', ( #2767 ), #676, .F. ) ;
#1138 = VERTEX_POINT ( 'NONE', #1625 ) ;
#1139 = DIRECTION ( 'NONE',  ( -1.000000000000000000, 0.000000000000000000, 0.000000000000000000 ) ) ;
#1140 = CARTESIAN_POINT ( 'NONE',  ( 28.19999999999998153, -18.20000000000001350, -5.000000000000000000 ) ) ;
#1141 = ORIENTED_EDGE ( 'NONE', *, *, #292, .T. ) ;
#1142 = CARTESIAN_POINT ( 'NONE',  ( -15.19999999999999396, -28.19999999999999574, -76.00000000000000000 ) ) ;
#1143 = VERTEX_POINT ( 'NONE', #2553 ) ;
#1144 = CARTESIAN_POINT ( 'NONE',  ( -25.20000000000000284, -18.20000000000000639, -76.00000000000000000 ) ) ;
#1145 = CYLINDRICAL_SURFACE ( 'NONE', #527, 2.999999999999999112 ) ;
#1146 = LINE ( 'NONE', #2313, #2235 ) ;
#1147 = ORIENTED_EDGE ( 'NONE', *, *, #1390, .F. ) ;
#1148 = ADVANCED_FACE ( 'NONE', ( #2990 ), #2103, .T. ) ;
#1149 = CARTESIAN_POINT ( 'NONE',  ( -28.20000000000000284, -15.20000000000000462, -5.000000000000000000 ) ) ;
#1150 = DIRECTION ( 'NONE',  ( 0.000000000000000000, 0.000000000000000000, -1.000000000000000000 ) ) ;
#1151 = AXIS2_PLACEMENT_3D ( 'NONE', #1538, #842, #402 ) ;
#1152 = ORIENTED_EDGE ( 'NONE', *, *, #2493, .T. ) ;
#1153 = ADVANCED_FACE ( 'NONE', ( #1608 ), #1392, .T. ) ;
#1154 = CARTESIAN_POINT ( 'NONE',  ( -15.19999999999999396, -28.19999999999999574, -10.00000000000000888 ) ) ;
#1155 = VECTOR ( 'NONE', #1467, 1000.000000000000000 ) ;
#1156 = DIRECTION ( 'NONE',  ( -1.000000000000000000, 0.000000000000000000, 0.000000000000000000 ) ) ;
#1157 = AXIS2_PLACEMENT_3D ( 'NONE', #572, #1561, #613 ) ;
#1158 = ORIENTED_EDGE ( 'NONE', *, *, #787, .T. ) ;
#1159 = VECTOR ( 'NONE', #711, 1000.000000000000000 ) ;
#1160 = CARTESIAN_POINT ( 'NONE',  ( -21.19999999999999218, -18.20000000000000284, -5.000000000000004441 ) ) ;
#1161 = ORIENTED_EDGE ( 'NONE', *, *, #258, .F. ) ;
#1162 = DIRECTION ( 'NONE',  ( -0.000000000000000000, -0.000000000000000000, -1.000000000000000000 ) ) ;
#1163 = DIRECTION ( 'NONE',  ( 0.000000000000000000, -0.000000000000000000, -1.000000000000000000 ) ) ;
#1164 = CARTESIAN_POINT ( 'NONE',  ( 15.19999999999999396, 28.20000000000000284, -5.000000000000000000 ) ) ;
#1165 = ORIENTED_EDGE ( 'NONE', *, *, #564, .T. ) ;
#1166 = CARTESIAN_POINT ( 'NONE',  ( -28.20000000000000995, 28.20000000000000284, -10.00000000000000000 ) ) ;
#1167 = DIRECTION ( 'NONE',  ( -1.000000000000000000, 0.000000000000000000, 0.000000000000000000 ) ) ;
#1168 = ORIENTED_EDGE ( 'NONE', *, *, #2498, .F. ) ;
#1169 = VECTOR ( 'NONE', #2662, 1000.000000000000000 ) ;
#1170 = DIRECTION ( 'NONE',  ( -1.000000000000000000, 0.000000000000000000, 0.000000000000000000 ) ) ;
#1171 = DIRECTION ( 'NONE',  ( 1.000000000000000000, 0.000000000000000000, 0.000000000000000000 ) ) ;
#1172 = VECTOR ( 'NONE', #652, 1000.000000000000000 ) ;
#1173 = EDGE_CURVE ( 'NONE', #641, #1468, #1146, .T. ) ;
#1174 = CIRCLE ( 'NONE', #2972, 2.600000000000001421 ) ;
#1175 = ORIENTED_EDGE ( 'NONE', *, *, #1831, .T. ) ;
#1176 = CARTESIAN_POINT ( 'NONE',  ( -18.19999999999999574, -25.19999999999999574, -5.000000000000004441 ) ) ;
#1177 = ADVANCED_FACE ( 'NONE', ( #2119 ), #1576, .T. ) ;
#1178 = ORIENTED_EDGE ( 'NONE', *, *, #2370, .T. ) ;
#1179 = LINE ( 'NONE', #227, #2520 ) ;
#1180 = CARTESIAN_POINT ( 'NONE',  ( -18.19999999999999574, -25.19999999999999574, -5.000000000000000000 ) ) ;
#1181 = CARTESIAN_POINT ( 'NONE',  ( -28.20000000000000995, 28.20000000000000284, -5.000000000000000000 ) ) ;
#1182 = ORIENTED_EDGE ( 'NONE', *, *, #2239, .F. ) ;
#1183 = DIRECTION ( 'NONE',  ( 0.000000000000000000, 0.000000000000000000, 1.000000000000000000 ) ) ;
#1184 = LINE ( 'NONE', #1447, #1228 ) ;
#1185 = ORIENTED_EDGE ( 'NONE', *, *, #2053, .F. ) ;
#1186 = FACE_OUTER_BOUND ( 'NONE', #2114, .T. ) ;
#1187 = DIRECTION ( 'NONE',  ( 1.000000000000000000, 0.000000000000000000, 0.000000000000000000 ) ) ;
#1188 = ORIENTED_EDGE ( 'NONE', *, *, #763, .F. ) ;
#1189 = EDGE_CURVE ( 'NONE', #1297, #658, #2091, .T. ) ;
#1190 = CARTESIAN_POINT ( 'NONE',  ( -21.19999999999999218, -21.20000000000000284, -76.00000000000000000 ) ) ;
#1191 = ADVANCED_FACE ( 'NONE', ( #230 ), #2522, .F. ) ;
#1192 = ORIENTED_EDGE ( 'NONE', *, *, #2905, .T. ) ;
#1193 = DIRECTION ( 'NONE',  ( -0.000000000000000000, 0.000000000000000000, 1.000000000000000000 ) ) ;
#1194 = EDGE_CURVE ( 'NONE', #268, #2768, #3024, .T. ) ;
#1195 = LINE ( 'NONE', #924, #270 ) ;
#1196 = CARTESIAN_POINT ( 'NONE',  ( -18.19999999999999574, -21.20000000000000284, -76.00000000000000000 ) ) ;
#1197 = VERTEX_POINT ( 'NONE', #1164 ) ;
#1198 = CARTESIAN_POINT ( 'NONE',  ( 21.19999999999999574, -18.20000000000000284, -10.00000000000000888 ) ) ;
#1199 = LINE ( 'NONE', #2086, #2914 ) ;
#1200 = VERTEX_POINT ( 'NONE', #1639 ) ;
#1201 = DIRECTION ( 'NONE',  ( -0.000000000000000000, 0.000000000000000000, 1.000000000000000000 ) ) ;
#1202 = VERTEX_POINT ( 'NONE', #3006 ) ;
#1203 = CARTESIAN_POINT ( 'NONE',  ( -15.19999999999999396, 25.20000000000000284, -5.000000000000000000 ) ) ;
#1204 = VECTOR ( 'NONE', #2724, 1000.000000000000000 ) ;
#1205 = CARTESIAN_POINT ( 'NONE',  ( -28.19999999999999574, 18.20000000000000639, -76.00000000000000000 ) ) ;
#1206 = ORIENTED_EDGE ( 'NONE', *, *, #463, .T. ) ;
#1207 = CARTESIAN_POINT ( 'NONE',  ( -18.19999999999999574, 21.20000000000000284, -76.00000000000000000 ) ) ;
#1208 = AXIS2_PLACEMENT_3D ( 'NONE', #2544, #185, #1170 ) ;
#1209 = ADVANCED_FACE ( 'NONE', ( #476 ), #942, .F. ) ;
#1210 = AXIS2_PLACEMENT_3D ( 'NONE', #2782, #1822, #1358 ) ;
#1211 = VECTOR ( 'NONE', #2208, 1000.000000000000000 ) ;
#1212 = EDGE_LOOP ( 'NONE', ( #2462, #888, #2225, #150 ) ) ;
#1213 = DIRECTION ( 'NONE',  ( 0.000000000000000000, 0.000000000000000000, 1.000000000000000000 ) ) ;
#1214 = PLANE ( 'NONE',  #2821 ) ;
#1215 = ORIENTED_EDGE ( 'NONE', *, *, #822, .T. ) ;
#1216 = CARTESIAN_POINT ( 'NONE',  ( 28.19999999999998863, 28.20000000000000284, -5.000000000000000000 ) ) ;
#1217 = ADVANCED_FACE ( 'NONE', ( #2084 ), #696, .F. ) ;
#1218 = ORIENTED_EDGE ( 'NONE', *, *, #2132, .T. ) ;
#1219 = LINE ( 'NONE', #2398, #1017 ) ;
#1220 = ORIENTED_EDGE ( 'NONE', *, *, #1855, .T. ) ;
#1221 = CYLINDRICAL_SURFACE ( 'NONE', #886, 19.05000000000000071 ) ;
#1222 = AXIS2_PLACEMENT_3D ( 'NONE', #950, #2854, #2369 ) ;
#1223 = DIRECTION ( 'NONE',  ( -1.000000000000000000, 0.000000000000000000, 0.000000000000000000 ) ) ;
#1224 = VECTOR ( 'NONE', #2030, 1000.000000000000000 ) ;
#1225 = CARTESIAN_POINT ( 'NONE',  ( -25.20000000000000284, -28.19999999999999574, -5.000000000000000000 ) ) ;
#1226 = AXIS2_PLACEMENT_3D ( 'NONE', #2749, #2506, #2723 ) ;
#1227 = ORIENTED_EDGE ( 'NONE', *, *, #355, .F. ) ;
#1228 = VECTOR ( 'NONE', #528, 1000.000000000000000 ) ;
#1229 = CARTESIAN_POINT ( 'NONE',  ( 21.19999999999999574, -18.20000000000000284, -76.00000000000000000 ) ) ;
#1230 = LINE ( 'NONE', #492, #331 ) ;
#1231 = VERTEX_POINT ( 'NONE', #1118 ) ;
#1232 = CARTESIAN_POINT ( 'NONE',  ( -28.20000000000000995, 28.20000000000000284, -64.00000000000000000 ) ) ;
#1233 = DIRECTION ( 'NONE',  ( -2.154935995002243420E-16, 1.000000000000000000, -0.000000000000000000 ) ) ;
#1234 = ADVANCED_FACE ( 'NONE', ( #2056, #2977, #2747, #1591, #197, #1378 ), #1214, .T. ) ;
#1235 = EDGE_LOOP ( 'NONE', ( #2207, #2523, #2244, #2596 ) ) ;
#1236 = CARTESIAN_POINT ( 'NONE',  ( -28.20000000000000995, 28.20000000000000284, -5.000000000000000000 ) ) ;
#1237 = EDGE_LOOP ( 'NONE', ( #1680, #2293, #800, #2987 ) ) ;
#1238 = DIRECTION ( 'NONE',  ( 1.000000000000000000, 0.000000000000000000, 0.000000000000000000 ) ) ;
#1239 = CARTESIAN_POINT ( 'NONE',  ( 18.19999999999999574, 21.19999999999999929, -76.00000000000000000 ) ) ;
#1240 = CARTESIAN_POINT ( 'NONE',  ( 21.19999999999999574, -18.20000000000000284, -64.00000000000000000 ) ) ;
#1241 = DIRECTION ( 'NONE',  ( 0.000000000000000000, 0.000000000000000000, 1.000000000000000000 ) ) ;
#1242 = ORIENTED_EDGE ( 'NONE', *, *, #2127, .T. ) ;
#1243 = DIRECTION ( 'NONE',  ( 1.000000000000000000, 0.000000000000000000, 0.000000000000000000 ) ) ;
#1244 = CARTESIAN_POINT ( 'NONE',  ( 21.19999999999999574, -18.20000000000000284, -76.00000000000000000 ) ) ;
#1245 = ORIENTED_EDGE ( 'NONE', *, *, #2751, .T. ) ;
#1246 = DIRECTION ( 'NONE',  ( 1.000000000000000000, 0.000000000000000000, -0.000000000000000000 ) ) ;
#1247 = ORIENTED_EDGE ( 'NONE', *, *, #1791, .T. ) ;
#1248 = EDGE_CURVE ( 'NONE', #2660, #1655, #973, .T. ) ;
#1249 = DIRECTION ( 'NONE',  ( 1.000000000000000000, 1.156482317317871725E-15, 0.000000000000000000 ) ) ;
#1250 = CARTESIAN_POINT ( 'NONE',  ( -21.19999999999999218, 18.20000000000000284, -64.00000000000000000 ) ) ;
#1251 = EDGE_CURVE ( 'NONE', #677, #1579, #1230, .T. ) ;
#1252 = DIRECTION ( 'NONE',  ( 1.000000000000000000, 0.000000000000000000, 0.000000000000000000 ) ) ;
#1253 = VECTOR ( 'NONE', #2401, 1000.000000000000000 ) ;
#1254 = EDGE_LOOP ( 'NONE', ( #1165, #1629, #1825, #1985 ) ) ;
#1255 = VECTOR ( 'NONE', #2039, 1000.000000000000000 ) ;
#1256 = AXIS2_PLACEMENT_3D ( 'NONE', #1934, #813, #2152 ) ;
#1257 = CARTESIAN_POINT ( 'NONE',  ( -28.19999999999999574, 18.20000000000000639, -76.00000000000000000 ) ) ;
#1258 = LINE ( 'NONE', #542, #3004 ) ;
#1259 = ORIENTED_EDGE ( 'NONE', *, *, #859, .F. ) ;
#1260 = CARTESIAN_POINT ( 'NONE',  ( 28.19999999999999574, -15.20000000000001172, -76.00000000000000000 ) ) ;
#1261 = VECTOR ( 'NONE', #2874, 1000.000000000000000 ) ;
#1262 = DIRECTION ( 'NONE',  ( 0.000000000000000000, 0.000000000000000000, -1.000000000000000000 ) ) ;
#1263 = CARTESIAN_POINT ( 'NONE',  ( 20.97000000000000242, -23.57000000000000384, -5.000000000000000000 ) ) ;
#1264 = CARTESIAN_POINT ( 'NONE',  ( 18.19999999999999574, -21.20000000000000284, -5.000000000000004441 ) ) ;
#1265 = CARTESIAN_POINT ( 'NONE',  ( 15.19999999999999396, 28.20000000000000284, -64.00000000000000000 ) ) ;
#1266 = EDGE_CURVE ( 'NONE', #755, #2704, #1258, .T. ) ;
#1267 = VECTOR ( 'NONE', #2986, 1000.000000000000000 ) ;
#1268 = EDGE_LOOP ( 'NONE', ( #1414, #1691, #2540, #884 ) ) ;
#1269 = EDGE_CURVE ( 'NONE', #358, #1382, #2585, .T. ) ;
#1270 = AXIS2_PLACEMENT_3D ( 'NONE', #2483, #202, #1156 ) ;
#1271 = DIRECTION ( 'NONE',  ( 1.000000000000000000, 0.000000000000000000, 0.000000000000000000 ) ) ;
#1272 = ORIENTED_EDGE ( 'NONE', *, *, #646, .T. ) ;
#1273 = DIRECTION ( 'NONE',  ( 0.000000000000000000, 1.000000000000000000, 0.000000000000000000 ) ) ;
#1274 = AXIS2_PLACEMENT_3D ( 'NONE', #714, #1642, #2137 ) ;
#1275 = ORIENTED_EDGE ( 'NONE', *, *, #564, .F. ) ;
#1276 = CARTESIAN_POINT ( 'NONE',  ( 25.19999999999998863, 15.20000000000000107, -5.000000000000000000 ) ) ;
#1277 = ORIENTED_EDGE ( 'NONE', *, *, #2368, .F. ) ;
#1278 = DIRECTION ( 'NONE',  ( -0.000000000000000000, -0.000000000000000000, 1.000000000000000000 ) ) ;
#1279 = CARTESIAN_POINT ( 'NONE',  ( 0.000000000000000000, 0.000000000000000000, 1.600000000000000089 ) ) ;
#1280 = LINE ( 'NONE', #2939, #2008 ) ;
#1281 = ADVANCED_FACE ( 'NONE', ( #1690 ), #28, .F. ) ;
#1282 = VERTEX_POINT ( 'NONE', #1675 ) ;
#1283 = ADVANCED_FACE ( 'NONE', ( #2857 ), #2615, .F. ) ;
#1284 = EDGE_CURVE ( 'NONE', #2367, #699, #1957, .T. ) ;
#1285 = VERTEX_POINT ( 'NONE', #1021 ) ;
#1286 = CARTESIAN_POINT ( 'NONE',  ( 20.97000000000000242, -23.57000000000000384, -5.000000000000000000 ) ) ;
#1287 = CARTESIAN_POINT ( 'NONE',  ( 28.19999999999999574, 15.20000000000000107, -76.00000000000000000 ) ) ;
#1288 = DIRECTION ( 'NONE',  ( 1.000000000000000000, -0.000000000000000000, -0.000000000000000000 ) ) ;
#1289 = VERTEX_POINT ( 'NONE', #1905 ) ;
#1290 = DIRECTION ( 'NONE',  ( -0.000000000000000000, 0.000000000000000000, 1.000000000000000000 ) ) ;
#1291 = DIRECTION ( 'NONE',  ( -0.000000000000000000, -0.000000000000000000, -1.000000000000000000 ) ) ;
#1292 = FACE_OUTER_BOUND ( 'NONE', #2898, .T. ) ;
#1293 = ORIENTED_EDGE ( 'NONE', *, *, #1600, .T. ) ;
#1294 = VECTOR ( 'NONE', #983, 1000.000000000000000 ) ;
#1295 = EDGE_CURVE ( 'NONE', #1138, #2805, #2360, .T. ) ;
#1296 = AXIS2_PLACEMENT_3D ( 'NONE', #2638, #550, #2822 ) ;
#1297 = VERTEX_POINT ( 'NONE', #1443 ) ;
#1298 = PLANE ( 'NONE',  #2191 ) ;
#1299 = CIRCLE ( 'NONE', #1995, 2.600000000000001421 ) ;
#1300 = EDGE_CURVE ( 'NONE', #1393, #382, #2168, .T. ) ;
#1301 = VERTEX_POINT ( 'NONE', #2153 ) ;
#1302 = DIRECTION ( 'NONE',  ( 1.000000000000000000, 0.000000000000000000, 0.000000000000000000 ) ) ;
#1303 = DIRECTION ( 'NONE',  ( 0.000000000000000000, 1.000000000000000000, 0.000000000000000000 ) ) ;
#1304 = ORIENTED_EDGE ( 'NONE', *, *, #1950, .F. ) ;
#1305 = CIRCLE ( 'NONE', #1406, 2.999999999999999112 ) ;
#1306 = CYLINDRICAL_SURFACE ( 'NONE', #1765, 2.999999999999999112 ) ;
#1307 = EDGE_CURVE ( 'NONE', #1197, #531, #260, .T. ) ;
#1308 = CARTESIAN_POINT ( 'NONE',  ( 28.19999999999999574, -25.19999999999999929, -5.000000000000000000 ) ) ;
#1309 = CARTESIAN_POINT ( 'NONE',  ( -15.19999999999999396, 28.20000000000000284, -64.00000000000000000 ) ) ;
#1310 = CARTESIAN_POINT ( 'NONE',  ( 28.19999999999998863, 15.20000000000000107, -10.00000000000000533 ) ) ;
#1311 = EDGE_LOOP ( 'NONE', ( #608, #1272, #1688, #1595 ) ) ;
#1312 = PLANE ( 'NONE',  #2007 ) ;
#1313 = VECTOR ( 'NONE', #2801, 1000.000000000000000 ) ;
#1314 = DIRECTION ( 'NONE',  ( -0.000000000000000000, 0.000000000000000000, 1.000000000000000000 ) ) ;
#1315 = VERTEX_POINT ( 'NONE', #1196 ) ;
#1316 = LINE ( 'NONE', #2490, #2333 ) ;
#1317 = AXIS2_PLACEMENT_3D ( 'NONE', #186, #1832, #2094 ) ;
#1318 = LINE ( 'NONE', #2182, #2035 ) ;
#1319 = AXIS2_PLACEMENT_3D ( 'NONE', #1697, #997, #948 ) ;
#1320 = LINE ( 'NONE', #2257, #281 ) ;
#1321 = ORIENTED_EDGE ( 'NONE', *, *, #2211, .T. ) ;
#1322 = ADVANCED_FACE ( 'NONE', ( #2829 ), #1462, .F. ) ;
#1323 = CARTESIAN_POINT ( 'NONE',  ( 25.19999999999999218, -15.20000000000001172, -76.00000000000000000 ) ) ;
#1324 = EDGE_CURVE ( 'NONE', #2013, #353, #278, .T. ) ;
#1325 = CARTESIAN_POINT ( 'NONE',  ( -25.20000000000000284, -28.19999999999999574, -5.000000000000000000 ) ) ;
#1326 = ORIENTED_EDGE ( 'NONE', *, *, #1049, .T. ) ;
#1327 = LINE ( 'NONE', #2860, #880 ) ;
#1328 = ORIENTED_EDGE ( 'NONE', *, *, #749, .F. ) ;
#1329 = DIRECTION ( 'NONE',  ( -0.000000000000000000, 0.000000000000000000, 1.000000000000000000 ) ) ;
#1330 = DIRECTION ( 'NONE',  ( 0.000000000000000000, -0.000000000000000000, 1.000000000000000000 ) ) ;
#1331 = VERTEX_POINT ( 'NONE', #557 ) ;
#1332 = CARTESIAN_POINT ( 'NONE',  ( 33.69999999999999574, -16.10000000000000142, -74.00000000000001421 ) ) ;
#1333 = EDGE_CURVE ( 'NONE', #1968, #386, #2600, .T. ) ;
#1334 = EDGE_LOOP ( 'NONE', ( #571, #2855, #603, #1821, #1114, #1776, #985, #2574, #2166, #1816, #1141, #139, #538, #2134, #2214, #1671, #477, #1906, #969, #1016, #2941, #2287, #468, #1397 ) ) ;
#1335 = DIRECTION ( 'NONE',  ( 0.000000000000000000, 0.000000000000000000, -1.000000000000000000 ) ) ;
#1336 = LINE ( 'NONE', #2273, #1861 ) ;
#1337 = ORIENTED_EDGE ( 'NONE', *, *, #2819, .T. ) ;
#1338 = LINE ( 'NONE', #1854, #930 ) ;
#1339 = EDGE_CURVE ( 'NONE', #2269, #1655, #970, .T. ) ;
#1340 = ORIENTED_EDGE ( 'NONE', *, *, #1515, .F. ) ;
#1341 = LINE ( 'NONE', #2988, #1848 ) ;
#1342 = VECTOR ( 'NONE', #2220, 1000.000000000000000 ) ;
#1343 = COLOUR_RGB ( '',0.7921568627450980005, 0.8196078431372548767, 0.9333333333333333481 ) ;
#1344 = DIRECTION ( 'NONE',  ( 1.000000000000000000, 0.000000000000000000, 0.000000000000000000 ) ) ;
#1345 = ORIENTED_EDGE ( 'NONE', *, *, #2423, .T. ) ;
#1346 = VECTOR ( 'NONE', #1817, 1000.000000000000000 ) ;
#1347 = DIRECTION ( 'NONE',  ( 2.154935995002245392E-16, -1.000000000000000000, 0.000000000000000000 ) ) ;
#1348 = ORIENTED_EDGE ( 'NONE', *, *, #1395, .F. ) ;
#1349 = VECTOR ( 'NONE', #589, 1000.000000000000000 ) ;
#1350 = LINE ( 'NONE', #1646, #1346 ) ;
#1351 = AXIS2_PLACEMENT_3D ( 'NONE', #2787, #1183, #2156 ) ;
#1352 = DIRECTION ( 'NONE',  ( -1.230300337572203632E-16, 1.000000000000000000, 1.537875421965254602E-16 ) ) ;
#1353 = CIRCLE ( 'NONE', #36, 2.600000000000001421 ) ;
#1354 = VERTEX_POINT ( 'NONE', #46 ) ;
#1355 = ADVANCED_FACE ( 'NONE', ( #989 ), #1921, .T. ) ;
#1356 = DIRECTION ( 'NONE',  ( 1.000000000000000000, 1.230300337572203632E-16, 0.000000000000000000 ) ) ;
#1357 = ORIENTED_EDGE ( 'NONE', *, *, #841, .F. ) ;
#1358 = DIRECTION ( 'NONE',  ( 1.000000000000000000, 2.891205793294679411E-15, 0.000000000000000000 ) ) ;
#1359 = EDGE_CURVE ( 'NONE', #1545, #2757, #1353, .T. ) ;
#1360 = CIRCLE ( 'NONE', #1031, 2.999999999999999112 ) ;
#1361 = CARTESIAN_POINT ( 'NONE',  ( 23.57000000000000384, -23.57000000000000384, -5.000000000000000000 ) ) ;
#1362 = DIRECTION ( 'NONE',  ( -1.000000000000000000, 0.000000000000000000, 0.000000000000000000 ) ) ;
#1363 = AXIS2_PLACEMENT_3D ( 'NONE', #606, #2455, #1055 ) ;
#1364 = ORIENTED_EDGE ( 'NONE', *, *, #1815, .T. ) ;
#1365 = CARTESIAN_POINT ( 'NONE',  ( -15.19999999999999218, -28.20000000000000639, -76.00000000000000000 ) ) ;
#1366 = VECTOR ( 'NONE', #552, 1000.000000000000000 ) ;
#1367 = EDGE_LOOP ( 'NONE', ( #395, #103, #2858, #2508 ) ) ;
#1368 = PLANE ( 'NONE',  #817 ) ;
#1369 = AXIS2_PLACEMENT_3D ( 'NONE', #2834, #2107, #945 ) ;
#1370 = DIRECTION ( 'NONE',  ( 0.000000000000000000, 0.000000000000000000, -1.000000000000000000 ) ) ;
#1371 = ORIENTED_EDGE ( 'NONE', *, *, #235, .F. ) ;
#1372 = CYLINDRICAL_SURFACE ( 'NONE', #484, 2.999999999999999112 ) ;
#1373 = EDGE_CURVE ( 'NONE', #298, #1584, #1766, .T. ) ;
#1374 = EDGE_LOOP ( 'NONE', ( #66, #2744, #1521, #599 ) ) ;
#1375 = DIRECTION ( 'NONE',  ( -0.000000000000000000, -0.000000000000000000, -1.000000000000000000 ) ) ;
#1376 = ADVANCED_FACE ( 'NONE', ( #752 ), #737, .T. ) ;
#1377 = FACE_OUTER_BOUND ( 'NONE', #1878, .T. ) ;
#1378 = FACE_OUTER_BOUND ( 'NONE', #2339, .T. ) ;
#1379 = ORIENTED_EDGE ( 'NONE', *, *, #2335, .F. ) ;
#1380 = DIRECTION ( 'NONE',  ( -0.000000000000000000, -0.000000000000000000, -1.000000000000000000 ) ) ;
#1381 = DIRECTION ( 'NONE',  ( -0.000000000000000000, 0.000000000000000000, 1.000000000000000000 ) ) ;
#1382 = VERTEX_POINT ( 'NONE', #1700 ) ;
#1383 = CARTESIAN_POINT ( 'NONE',  ( 25.19999999999999218, -28.19999999999999574, -5.000000000000000000 ) ) ;
#1384 = CARTESIAN_POINT ( 'NONE',  ( -18.19999999999999574, -21.20000000000000284, -5.000000000000000000 ) ) ;
#1385 = CARTESIAN_POINT ( 'NONE',  ( 28.19999999999998153, -18.20000000000001350, -10.00000000000000888 ) ) ;
#1386 = ORIENTED_EDGE ( 'NONE', *, *, #1194, .F. ) ;
#1387 = CARTESIAN_POINT ( 'NONE',  ( -18.19999999999999574, -28.20000000000000639, -76.00000000000000000 ) ) ;
#1388 = ORIENTED_EDGE ( 'NONE', *, *, #2311, .T. ) ;
#1389 = DIRECTION ( 'NONE',  ( -1.000000000000000000, 1.387778780781447648E-15, 0.000000000000000000 ) ) ;
#1390 = EDGE_CURVE ( 'NONE', #69, #358, #534, .T. ) ;
#1391 = DIRECTION ( 'NONE',  ( -1.000000000000000000, 0.000000000000000000, 0.000000000000000000 ) ) ;
#1392 = CYLINDRICAL_SURFACE ( 'NONE', #919, 2.999999999999999112 ) ;
#1393 = VERTEX_POINT ( 'NONE', #1240 ) ;
#1394 = LINE ( 'NONE', #1166, #329 ) ;
#1395 = EDGE_CURVE ( 'NONE', #2601, #60, #624, .T. ) ;
#1396 = AXIS2_PLACEMENT_3D ( 'NONE', #128, #580, #2019 ) ;
#1397 = ORIENTED_EDGE ( 'NONE', *, *, #2413, .T. ) ;
#1398 = CARTESIAN_POINT ( 'NONE',  ( -18.19999999999999574, 28.20000000000000639, -76.00000000000000000 ) ) ;
#1399 = AXIS2_PLACEMENT_3D ( 'NONE', #1430, #975, #1723 ) ;
#1400 = ADVANCED_FACE ( 'NONE', ( #2705 ), #1116, .F. ) ;
#1401 = FACE_OUTER_BOUND ( 'NONE', #1235, .T. ) ;
#1402 = AXIS2_PLACEMENT_3D ( 'NONE', #616, #1535, #1077 ) ;
#1403 = CIRCLE ( 'NONE', #1351, 2.600000000000001421 ) ;
#1404 = DIRECTION ( 'NONE',  ( -0.000000000000000000, 0.000000000000000000, 1.000000000000000000 ) ) ;
#1405 = ORIENTED_EDGE ( 'NONE', *, *, #2995, .F. ) ;
#1406 = AXIS2_PLACEMENT_3D ( 'NONE', #1089, #2947, #1797 ) ;
#1407 = DIRECTION ( 'NONE',  ( 1.000000000000000000, 1.230300337572203632E-16, 0.000000000000000000 ) ) ;
#1408 = ORIENTED_EDGE ( 'NONE', *, *, #314, .T. ) ;
#1409 = DIRECTION ( 'NONE',  ( -1.230300337572203632E-16, 1.000000000000000000, 0.000000000000000000 ) ) ;
#1410 = CARTESIAN_POINT ( 'NONE',  ( 15.19999999999999396, 25.20000000000000284, -76.00000000000000000 ) ) ;
#1411 = CARTESIAN_POINT ( 'NONE',  ( 15.19999999999999218, -25.19999999999999574, -5.000000000000000000 ) ) ;
#1412 = VERTEX_POINT ( 'NONE', #630 ) ;
#1413 = CARTESIAN_POINT ( 'NONE',  ( -18.19999999999999574, 21.20000000000000284, -5.000000000000004441 ) ) ;
#1414 = ORIENTED_EDGE ( 'NONE', *, *, #1909, .F. ) ;
#1415 = AXIS2_PLACEMENT_3D ( 'NONE', #2793, #2999, #921 ) ;
#1416 = EDGE_CURVE ( 'NONE', #2581, #1297, #836, .T. ) ;
#1417 = CYLINDRICAL_SURFACE ( 'NONE', #520, 2.999999999999999112 ) ;
#1418 = CARTESIAN_POINT ( 'NONE',  ( 25.19999999999998863, 18.19999999999999929, -76.00000000000000000 ) ) ;
#1419 = VECTOR ( 'NONE', #1702, 1000.000000000000000 ) ;
#1420 = EDGE_CURVE ( 'NONE', #2872, #1135, #2054, .T. ) ;
#1421 = EDGE_CURVE ( 'NONE', #1202, #574, #851, .T. ) ;
#1422 = AXIS2_PLACEMENT_3D ( 'NONE', #659, #2317, #1554 ) ;
#1423 = ORIENTED_EDGE ( 'NONE', *, *, #1580, .F. ) ;
#1424 = LINE ( 'NONE', #554, #1606 ) ;
#1425 = ORIENTED_EDGE ( 'NONE', *, *, #2052, .T. ) ;
#1426 = DIRECTION ( 'NONE',  ( 1.000000000000000000, 0.000000000000000000, 0.000000000000000000 ) ) ;
#1427 = CYLINDRICAL_SURFACE ( 'NONE', #2865, 2.999999999999999112 ) ;
#1428 = DIRECTION ( 'NONE',  ( -0.000000000000000000, -1.000000000000000000, -0.000000000000000000 ) ) ;
#1429 = EDGE_LOOP ( 'NONE', ( #1780, #2701, #1604, #1473 ) ) ;
#1430 = CARTESIAN_POINT ( 'NONE',  ( -25.20000000000000995, 25.20000000000000284, -5.000000000000000000 ) ) ;
#1431 = PLANE ( 'NONE',  #1743 ) ;
#1432 = ORIENTED_EDGE ( 'NONE', *, *, #1892, .T. ) ;
#1433 = DIRECTION ( 'NONE',  ( 0.000000000000000000, -0.000000000000000000, -1.000000000000000000 ) ) ;
#1434 = ORIENTED_EDGE ( 'NONE', *, *, #106, .F. ) ;
#1435 = FACE_OUTER_BOUND ( 'NONE', #1972, .T. ) ;
#1436 = EDGE_CURVE ( 'NONE', #132, #980, #2517, .T. ) ;
#1437 = CARTESIAN_POINT ( 'NONE',  ( -25.20000000000000639, 15.20000000000000639, -76.00000000000000000 ) ) ;
#1438 = VERTEX_POINT ( 'NONE', #893 ) ;
#1439 = LINE ( 'NONE', #1176, #437 ) ;
#1440 = ORIENTED_EDGE ( 'NONE', *, *, #790, .F. ) ;
#1441 = EDGE_CURVE ( 'NONE', #2361, #815, #2746, .T. ) ;
#1442 = CARTESIAN_POINT ( 'NONE',  ( 26.16999999999999815, 23.56999999999999673, 0.000000000000000000 ) ) ;
#1443 = CARTESIAN_POINT ( 'NONE',  ( -18.19999999999999574, -21.20000000000000284, -10.00000000000000888 ) ) ;
#1444 = VERTEX_POINT ( 'NONE', #27 ) ;
#1445 = CARTESIAN_POINT ( 'NONE',  ( -19.05000000000000071, 0.000000000000000000, 1.600000000000000089 ) ) ;
#1446 = LINE ( 'NONE', #1216, #1503 ) ;
#1447 = CARTESIAN_POINT ( 'NONE',  ( 28.19999999999998863, 15.20000000000000107, -5.000000000000000000 ) ) ;
#1448 = VERTEX_POINT ( 'NONE', #1841 ) ;
#1449 = LINE ( 'NONE', #1482, #470 ) ;
#1450 = VECTOR ( 'NONE', #188, 1000.000000000000000 ) ;
#1451 = DIRECTION ( 'NONE',  ( 0.000000000000000000, 0.000000000000000000, -1.000000000000000000 ) ) ;
#1452 = DIRECTION ( 'NONE',  ( 0.000000000000000000, 0.000000000000000000, -1.000000000000000000 ) ) ;
#1453 = EDGE_LOOP ( 'NONE', ( #2057, #2846, #1695, #2450 ) ) ;
#1454 = CARTESIAN_POINT ( 'NONE',  ( -21.19999999999999218, 18.20000000000000284, -76.00000000000000000 ) ) ;
#1455 = AXIS2_PLACEMENT_3D ( 'NONE', #167, #143, #593 ) ;
#1456 = VECTOR ( 'NONE', #904, 1000.000000000000000 ) ;
#1457 = ADVANCED_FACE ( 'NONE', ( #2359 ), #2766, .F. ) ;
#1458 = AXIS2_PLACEMENT_3D ( 'NONE', #2797, #2083, #2312 ) ;
#1459 = ORIENTED_EDGE ( 'NONE', *, *, #2943, .F. ) ;
#1460 = LINE ( 'NONE', #1982, #670 ) ;
#1461 = ADVANCED_FACE ( 'NONE', ( #245 ), #1427, .T. ) ;
#1462 = CYLINDRICAL_SURFACE ( 'NONE', #1705, 2.999999999999999112 ) ;
#1463 = ORIENTED_EDGE ( 'NONE', *, *, #1831, .F. ) ;
#1464 = CARTESIAN_POINT ( 'NONE',  ( -18.19999999999999574, -25.19999999999999574, -10.00000000000000888 ) ) ;
#1465 = DIRECTION ( 'NONE',  ( 1.000000000000000000, 0.000000000000000000, 0.000000000000000000 ) ) ;
#1466 = ORIENTED_EDGE ( 'NONE', *, *, #540, .F. ) ;
#1467 = DIRECTION ( 'NONE',  ( -0.000000000000000000, 0.000000000000000000, -1.000000000000000000 ) ) ;
#1468 = VERTEX_POINT ( 'NONE', #1180 ) ;
#1469 = CARTESIAN_POINT ( 'NONE',  ( -25.20000000000000284, -18.20000000000000639, -5.000000000000000000 ) ) ;
#1470 = AXIS2_PLACEMENT_3D ( 'NONE', #175, #1836, #671 ) ;
#1471 = DIRECTION ( 'NONE',  ( 0.000000000000000000, -0.000000000000000000, 1.000000000000000000 ) ) ;
#1472 = CIRCLE ( 'NONE', #145, 19.05000000000000071 ) ;
#1473 = ORIENTED_EDGE ( 'NONE', *, *, #878, .F. ) ;
#1474 = AXIS2_PLACEMENT_3D ( 'NONE', #928, #2573, #2089 ) ;
#1475 = EDGE_CURVE ( 'NONE', #845, #1143, #2102, .T. ) ;
#1476 = DIRECTION ( 'NONE',  ( 0.000000000000000000, -0.000000000000000000, -1.000000000000000000 ) ) ;
#1477 = CARTESIAN_POINT ( 'NONE',  ( 18.19999999999999574, -28.20000000000000284, -5.000000000000000000 ) ) ;
#1478 = EDGE_LOOP ( 'NONE', ( #1997, #2330, #811, #2559 ) ) ;
#1479 = DIRECTION ( 'NONE',  ( 1.000000000000000000, 0.000000000000000000, 0.000000000000000000 ) ) ;
#1480 = EDGE_CURVE ( 'NONE', #1297, #2031, #2828, .T. ) ;
#1481 = ORIENTED_EDGE ( 'NONE', *, *, #56, .F. ) ;
#1482 = CARTESIAN_POINT ( 'NONE',  ( -18.19999999999999574, -25.19999999999999574, -5.000000000000004441 ) ) ;
#1483 = ORIENTED_EDGE ( 'NONE', *, *, #892, .T. ) ;
#1484 = LINE ( 'NONE', #1526, #244 ) ;
#1485 = FILL_AREA_STYLE_COLOUR ( '', #1343 ) ;
#1486 = DIRECTION ( 'NONE',  ( 0.000000000000000000, 0.000000000000000000, -1.000000000000000000 ) ) ;
#1487 = ORIENTED_EDGE ( 'NONE', *, *, #1480, .F. ) ;
#1488 = DIRECTION ( 'NONE',  ( -3.812579068080893001E-16, -1.000000000000000000, 0.000000000000000000 ) ) ;
#1489 = DIRECTION ( 'NONE',  ( -0.000000000000000000, 0.000000000000000000, 1.000000000000000000 ) ) ;
#1490 = ORIENTED_EDGE ( 'NONE', *, *, #2074, .T. ) ;
#1491 = DIRECTION ( 'NONE',  ( 0.000000000000000000, 0.000000000000000000, 1.000000000000000000 ) ) ;
#1492 = CARTESIAN_POINT ( 'NONE',  ( -25.20000000000000284, -15.20000000000000462, -5.000000000000000000 ) ) ;
#1493 = DIRECTION ( 'NONE',  ( -1.000000000000000000, 0.000000000000000000, 0.000000000000000000 ) ) ;
#1494 = EDGE_LOOP ( 'NONE', ( #1733, #2699, #115, #1518 ) ) ;
#1495 = EDGE_CURVE ( 'NONE', #2354, #514, #1548, .T. ) ;
#1496 = DIRECTION ( 'NONE',  ( -1.000000000000000000, 0.000000000000000000, -0.000000000000000000 ) ) ;
#1497 = EDGE_CURVE ( 'NONE', #2009, #2446, #972, .T. ) ;
#1498 = CARTESIAN_POINT ( 'NONE',  ( 25.19999999999998863, 15.20000000000000107, -5.000000000000000000 ) ) ;
#1499 = AXIS2_PLACEMENT_3D ( 'NONE', #1437, #1012, #1683 ) ;
#1500 = ORIENTED_EDGE ( 'NONE', *, *, #217, .T. ) ;
#1501 = VECTOR ( 'NONE', #2859, 1000.000000000000000 ) ;
#1502 = AXIS2_PLACEMENT_3D ( 'NONE', #2037, #1546, #2267 ) ;
#1503 = VECTOR ( 'NONE', #494, 1000.000000000000000 ) ;
#1504 = CARTESIAN_POINT ( 'NONE',  ( -15.19999999999999396, -28.19999999999999574, -76.00000000000000000 ) ) ;
#1505 = ORIENTED_EDGE ( 'NONE', *, *, #2387, .T. ) ;
#1506 = FACE_BOUND ( 'NONE', #2973, .T. ) ;
#1507 = DIRECTION ( 'NONE',  ( 1.892048650787848266E-32, -1.537875421965254602E-16, 1.000000000000000000 ) ) ;
#1508 = LINE ( 'NONE', #1737, #1547 ) ;
#1509 = ORIENTED_EDGE ( 'NONE', *, *, #1295, .F. ) ;
#1510 = CARTESIAN_POINT ( 'NONE',  ( 21.19999999999999218, 21.19999999999999929, -76.00000000000000000 ) ) ;
#1511 = EDGE_CURVE ( 'NONE', #1354, #1856, #11, .T. ) ;
#1512 = CARTESIAN_POINT ( 'NONE',  ( -18.19999999999999574, -25.19999999999999574, -76.00000000000000000 ) ) ;
#1513 = CARTESIAN_POINT ( 'NONE',  ( 21.19999999999999218, 21.19999999999999929, -64.00000000000000000 ) ) ;
#1514 = CIRCLE ( 'NONE', #2726, 2.999999999999999112 ) ;
#1515 = EDGE_CURVE ( 'NONE', #2109, #2619, #723, .T. ) ;
#1516 = ADVANCED_FACE ( 'NONE', ( #1876, #1623 ), #710, .F. ) ;
#1517 = VECTOR ( 'NONE', #1724, 1000.000000000000000 ) ;
#1518 = ORIENTED_EDGE ( 'NONE', *, *, #2755, .F. ) ;
#1519 = CIRCLE ( 'NONE', #933, 2.999999999999999112 ) ;
#1520 = APPLICATION_CONTEXT ( 'automotive_design' ) ;
#1521 = ORIENTED_EDGE ( 'NONE', *, *, #2353, .F. ) ;
#1522 = CARTESIAN_POINT ( 'NONE',  ( 18.19999999999999574, 28.20000000000000284, -76.00000000000000000 ) ) ;
#1523 = ORIENTED_EDGE ( 'NONE', *, *, #336, .T. ) ;
#1524 = LINE ( 'NONE', #1565, #2913 ) ;
#1525 = ORIENTED_EDGE ( 'NONE', *, *, #863, .F. ) ;
#1526 = CARTESIAN_POINT ( 'NONE',  ( -28.20000000000000995, 28.20000000000000284, -5.000000000000000000 ) ) ;
#1527 = LINE ( 'NONE', #2454, #1647 ) ;
#1528 = ADVANCED_FACE ( 'NONE', ( #1377 ), #2811, .F. ) ;
#1529 = FACE_OUTER_BOUND ( 'NONE', #732, .T. ) ;
#1530 = ORIENTED_EDGE ( 'NONE', *, *, #2021, .T. ) ;
#1531 = VERTEX_POINT ( 'NONE', #727 ) ;
#1532 = CARTESIAN_POINT ( 'NONE',  ( -28.20000000000000284, -15.20000000000000462, -10.00000000000000711 ) ) ;
#1533 = EDGE_CURVE ( 'NONE', #2960, #411, #1657, .T. ) ;
#1534 = DIRECTION ( 'NONE',  ( -0.000000000000000000, -0.000000000000000000, 1.000000000000000000 ) ) ;
#1535 = DIRECTION ( 'NONE',  ( 0.000000000000000000, 0.000000000000000000, 1.000000000000000000 ) ) ;
#1536 = ORIENTED_EDGE ( 'NONE', *, *, #2211, .F. ) ;
#1537 = CARTESIAN_POINT ( 'NONE',  ( -18.19999999999999574, 25.20000000000000284, -64.00000000000000000 ) ) ;
#1538 = CARTESIAN_POINT ( 'NONE',  ( -25.20000000000000284, -25.19999999999999929, 0.000000000000000000 ) ) ;
#1539 = DIRECTION ( 'NONE',  ( -1.000000000000000000, 0.000000000000000000, 0.000000000000000000 ) ) ;
#1540 = EDGE_LOOP ( 'NONE', ( #501, #1975, #881, #2378 ) ) ;
#1541 = LINE ( 'NONE', #759, #1517 ) ;
#1542 = VECTOR ( 'NONE', #420, 1000.000000000000000 ) ;
#1543 = EDGE_CURVE ( 'NONE', #2800, #1101, #259, .T. ) ;
#1544 = AXIS2_PLACEMENT_3D ( 'NONE', #2591, #2837, #1679 ) ;
#1545 = VERTEX_POINT ( 'NONE', #1442 ) ;
#1546 = DIRECTION ( 'NONE',  ( -0.000000000000000000, 0.000000000000000000, 1.000000000000000000 ) ) ;
#1547 = VECTOR ( 'NONE', #2015, 1000.000000000000000 ) ;
#1548 = CIRCLE ( 'NONE', #224, 2.999999999999999112 ) ;
#1549 = ADVANCED_FACE ( 'NONE', ( #2599 ), #1145, .T. ) ;
#1550 = EDGE_LOOP ( 'NONE', ( #1434, #1626, #2690, #2500 ) ) ;
#1551 = CARTESIAN_POINT ( 'NONE',  ( 28.19999999999998863, 28.20000000000000284, -74.00000000000001421 ) ) ;
#1552 = EDGE_LOOP ( 'NONE', ( #1784, #63, #1095, #2653 ) ) ;
#1553 = AXIS2_PLACEMENT_3D ( 'NONE', #2419, #757, #364 ) ;
#1554 = DIRECTION ( 'NONE',  ( 0.000000000000000000, 1.000000000000000000, 0.000000000000000000 ) ) ;
#1555 = CARTESIAN_POINT ( 'NONE',  ( -18.19999999999999574, -28.20000000000000639, -64.00000000000000000 ) ) ;
#1556 = DIRECTION ( 'NONE',  ( -1.000000000000000000, 0.000000000000000000, 0.000000000000000000 ) ) ;
#1557 = EDGE_LOOP ( 'NONE', ( #802, #1326, #639, #2795 ) ) ;
#1558 = CARTESIAN_POINT ( 'NONE',  ( -15.19999999999999396, 28.20000000000000284, -5.000000000000000000 ) ) ;
#1559 = VECTOR ( 'NONE', #3017, 1000.000000000000000 ) ;
#1560 = ORIENTED_EDGE ( 'NONE', *, *, #2368, .T. ) ;
#1561 = DIRECTION ( 'NONE',  ( -1.000000000000000000, 0.000000000000000000, 0.000000000000000000 ) ) ;
#1562 = VECTOR ( 'NONE', #932, 1000.000000000000000 ) ;
#1563 = EDGE_CURVE ( 'NONE', #1331, #1064, #1195, .T. ) ;
#1564 = AXIS2_PLACEMENT_3D ( 'NONE', #182, #2270, #2542 ) ;
#1565 = CARTESIAN_POINT ( 'NONE',  ( 18.19999999999999574, 25.20000000000000284, -5.000000000000004441 ) ) ;
#1566 = ORIENTED_EDGE ( 'NONE', *, *, #1686, .T. ) ;
#1567 = CARTESIAN_POINT ( 'NONE',  ( 18.19999999999999574, 25.20000000000000284, -64.00000000000000000 ) ) ;
#1568 = ORIENTED_EDGE ( 'NONE', *, *, #971, .F. ) ;
#1569 = CARTESIAN_POINT ( 'NONE',  ( 28.19999999999998863, 15.20000000000000107, -5.000000000000000000 ) ) ;
#1570 = APPLICATION_CONTEXT ( 'automotive_design' ) ;
#1571 = ORIENTED_EDGE ( 'NONE', *, *, #844, .T. ) ;
#1572 = CARTESIAN_POINT ( 'NONE',  ( -28.20000000000000284, -28.19999999999999574, 0.000000000000000000 ) ) ;
#1573 = ORIENTED_EDGE ( 'NONE', *, *, #1846, .F. ) ;
#1574 = DIRECTION ( 'NONE',  ( -0.000000000000000000, -0.000000000000000000, -1.000000000000000000 ) ) ;
#1575 = DIRECTION ( 'NONE',  ( 0.000000000000000000, 0.000000000000000000, 1.000000000000000000 ) ) ;
#1576 = CYLINDRICAL_SURFACE ( 'NONE', #1753, 2.999999999999999112 ) ;
#1577 = ORIENTED_EDGE ( 'NONE', *, *, #992, .F. ) ;
#1578 = CARTESIAN_POINT ( 'NONE',  ( 33.69999999999998863, 16.10000000000000142, -67.00000000000001421 ) ) ;
#1579 = VERTEX_POINT ( 'NONE', #1133 ) ;
#1580 = EDGE_CURVE ( 'NONE', #1130, #779, #2068, .T. ) ;
#1581 = DIRECTION ( 'NONE',  ( -1.000000000000000000, 0.000000000000000000, 0.000000000000000000 ) ) ;
#1582 = CARTESIAN_POINT ( 'NONE',  ( 28.19999999999998153, -18.20000000000001350, -64.00000000000000000 ) ) ;
#1583 = EDGE_CURVE ( 'NONE', #743, #1993, #2552, .T. ) ;
#1584 = VERTEX_POINT ( 'NONE', #585 ) ;
#1585 = CARTESIAN_POINT ( 'NONE',  ( 28.06181760425087290, 16.09999999999984865, -4.999999999999997335 ) ) ;
#1586 = ORIENTED_EDGE ( 'NONE', *, *, #2170, .T. ) ;
#1587 = DIRECTION ( 'NONE',  ( 1.000000000000000000, 0.000000000000000000, 0.000000000000000000 ) ) ;
#1588 = VECTOR ( 'NONE', #491, 1000.000000000000000 ) ;
#1589 = AXIS2_PLACEMENT_3D ( 'NONE', #2255, #1507, #601 ) ;
#1590 = CARTESIAN_POINT ( 'NONE',  ( 15.19999999999999396, 28.20000000000000284, -76.00000000000000000 ) ) ;
#1591 = FACE_BOUND ( 'NONE', #2900, .T. ) ;
#1592 = VERTEX_POINT ( 'NONE', #2873 ) ;
#1593 = VECTOR ( 'NONE', #2320, 1000.000000000000000 ) ;
#1594 = DIRECTION ( 'NONE',  ( 0.000000000000000000, -2.478176394252584494E-15, 1.000000000000000000 ) ) ;
#1595 = ORIENTED_EDGE ( 'NONE', *, *, #1762, .T. ) ;
#1596 = VECTOR ( 'NONE', #576, 1000.000000000000000 ) ;
#1597 = DIRECTION ( 'NONE',  ( 0.000000000000000000, 0.000000000000000000, -1.000000000000000000 ) ) ;
#1598 = CIRCLE ( 'NONE', #2236, 2.999999999999999112 ) ;
#1599 = CARTESIAN_POINT ( 'NONE',  ( -21.19999999999999218, 18.20000000000000284, -5.000000000000000000 ) ) ;
#1600 = EDGE_CURVE ( 'NONE', #2009, #1579, #1598, .T. ) ;
#1601 = ORIENTED_EDGE ( 'NONE', *, *, #102, .F. ) ;
#1602 = EDGE_CURVE ( 'NONE', #19, #943, #338, .T. ) ;
#1603 = CARTESIAN_POINT ( 'NONE',  ( 25.19999999999998863, 25.20000000000000284, -5.000000000000000000 ) ) ;
#1604 = ORIENTED_EDGE ( 'NONE', *, *, #1563, .F. ) ;
#1605 = PLANE ( 'NONE',  #2144 ) ;
#1606 = VECTOR ( 'NONE', #2643, 1000.000000000000000 ) ;
#1607 = DIRECTION ( 'NONE',  ( 1.000000000000000000, 0.000000000000000000, 0.000000000000000000 ) ) ;
#1608 = FACE_OUTER_BOUND ( 'NONE', #1550, .T. ) ;
#1609 = AXIS2_PLACEMENT_3D ( 'NONE', #2231, #2897, #2711 ) ;
#1610 = ORIENTED_EDGE ( 'NONE', *, *, #2260, .F. ) ;
#1611 = FACE_OUTER_BOUND ( 'NONE', #850, .T. ) ;
#1612 = DIRECTION ( 'NONE',  ( -0.000000000000000000, -0.000000000000000000, 1.000000000000000000 ) ) ;
#1613 = VECTOR ( 'NONE', #1381, 1000.000000000000000 ) ;
#1614 = ORIENTED_EDGE ( 'NONE', *, *, #859, .T. ) ;
#1615 = DIRECTION ( 'NONE',  ( -0.000000000000000000, -0.000000000000000000, 1.000000000000000000 ) ) ;
#1616 = PLANE ( 'NONE',  #487 ) ;
#1617 = ADVANCED_FACE ( 'NONE', ( #2373 ), #2179, .T. ) ;
#1618 = EDGE_LOOP ( 'NONE', ( #1910, #1220, #858, #2692 ) ) ;
#1619 = FACE_OUTER_BOUND ( 'NONE', #256, .T. ) ;
#1620 = ADVANCED_FACE ( 'NONE', ( #2629 ), #756, .T. ) ;
#1621 = VERTEX_POINT ( 'NONE', #1970 ) ;
#1622 = CARTESIAN_POINT ( 'NONE',  ( -28.20000000000000284, -28.19999999999999574, -5.000000000000000000 ) ) ;
#1623 = FACE_OUTER_BOUND ( 'NONE', #1798, .T. ) ;
#1624 = EDGE_CURVE ( 'NONE', #1993, #2296, #21, .T. ) ;
#1625 = CARTESIAN_POINT ( 'NONE',  ( 18.19999999999999574, 21.19999999999999929, -9.999999999999994671 ) ) ;
#1626 = ORIENTED_EDGE ( 'NONE', *, *, #610, .T. ) ;
#1627 = DIRECTION ( 'NONE',  ( -0.000000000000000000, 0.000000000000000000, 1.000000000000000000 ) ) ;
#1628 =( NAMED_UNIT ( * ) SI_UNIT ( $, .STERADIAN. ) SOLID_ANGLE_UNIT ( ) );
#1629 = ORIENTED_EDGE ( 'NONE', *, *, #258, .T. ) ;
#1630 = DIRECTION ( 'NONE',  ( -0.000000000000000000, -0.000000000000000000, 1.000000000000000000 ) ) ;
#1631 = PLANE ( 'NONE',  #539 ) ;
#1632 = CARTESIAN_POINT ( 'NONE',  ( 28.19999999999999574, -15.20000000000001172, -76.00000000000000000 ) ) ;
#1633 = ORIENTED_EDGE ( 'NONE', *, *, #1373, .F. ) ;
#1634 = CARTESIAN_POINT ( 'NONE',  ( 25.19999999999999218, -15.20000000000001172, -76.00000000000000000 ) ) ;
#1635 = ORIENTED_EDGE ( 'NONE', *, *, #10, .T. ) ;
#1636 = LINE ( 'NONE', #2562, #2470 ) ;
#1637 = EDGE_CURVE ( 'NONE', #279, #2923, #2389, .T. ) ;
#1638 = CARTESIAN_POINT ( 'NONE',  ( 21.19999999999999218, -21.20000000000000284, -76.00000000000000000 ) ) ;
#1639 = CARTESIAN_POINT ( 'NONE',  ( 18.19999999999999574, 25.20000000000000284, -5.000000000000000000 ) ) ;
#1640 = ORIENTED_EDGE ( 'NONE', *, *, #2481, .F. ) ;
#1641 = DIRECTION ( 'NONE',  ( -0.000000000000000000, 0.000000000000000000, 1.000000000000000000 ) ) ;
#1642 = DIRECTION ( 'NONE',  ( -0.000000000000000000, -0.000000000000000000, 1.000000000000000000 ) ) ;
#1643 = CIRCLE ( 'NONE', #2034, 2.600000000000001421 ) ;
#1644 = EDGE_CURVE ( 'NONE', #677, #2534, #2521, .T. ) ;
#1645 = ORIENTED_EDGE ( 'NONE', *, *, #2444, .T. ) ;
#1646 = CARTESIAN_POINT ( 'NONE',  ( -28.19999999999999574, 18.20000000000000639, -64.00000000000000000 ) ) ;
#1647 = VECTOR ( 'NONE', #605, 1000.000000000000000 ) ;
#1648 = AXIS2_PLACEMENT_3D ( 'NONE', #1638, #209, #1391 ) ;
#1649 = DIRECTION ( 'NONE',  ( 1.000000000000000000, 0.000000000000000000, 0.000000000000000000 ) ) ;
#1650 = AXIS2_PLACEMENT_3D ( 'NONE', #1768, #1058, #1752 ) ;
#1651 = VECTOR ( 'NONE', #92, 1000.000000000000000 ) ;
#1652 = EDGE_LOOP ( 'NONE', ( #1007, #1866, #398, #285 ) ) ;
#1653 = VECTOR ( 'NONE', #1889, 1000.000000000000000 ) ;
#1654 = DIRECTION ( 'NONE',  ( 1.000000000000000000, 0.000000000000000000, 0.000000000000000000 ) ) ;
#1655 = VERTEX_POINT ( 'NONE', #320 ) ;
#1656 = CARTESIAN_POINT ( 'NONE',  ( -25.20000000000000284, -15.20000000000000462, -5.000000000000000000 ) ) ;
#1657 = LINE ( 'NONE', #2584, #1588 ) ;
#1658 = DIRECTION ( 'NONE',  ( 1.000000000000000000, 0.000000000000000000, 0.000000000000000000 ) ) ;
#1659 = ORIENTED_EDGE ( 'NONE', *, *, #651, .F. ) ;
#1660 = EDGE_CURVE ( 'NONE', #865, #655, #2676, .T. ) ;
#1661 = LINE ( 'NONE', #1879, #1749 ) ;
#1662 =( LENGTH_UNIT ( ) NAMED_UNIT ( * ) SI_UNIT ( .MILLI., .METRE. ) );
#1663 = ORIENTED_EDGE ( 'NONE', *, *, #1300, .F. ) ;
#1664 = AXIS2_PLACEMENT_3D ( 'NONE', #1918, #516, #1717 ) ;
#1665 = LINE ( 'NONE', #511, #2279 ) ;
#1666 = CARTESIAN_POINT ( 'NONE',  ( -28.20000000000000284, -25.19999999999999929, 0.000000000000000000 ) ) ;
#1667 = AXIS2_PLACEMENT_3D ( 'NONE', #1902, #486, #1672 ) ;
#1668 = CARTESIAN_POINT ( 'NONE',  ( 33.69999999999998863, 16.10000000000000142, -67.00000000000001421 ) ) ;
#1669 = AXIS2_PLACEMENT_3D ( 'NONE', #2161, #2143, #1649 ) ;
#1670 = EDGE_CURVE ( 'NONE', #2534, #1900, #2405, .T. ) ;
#1671 = ORIENTED_EDGE ( 'NONE', *, *, #1624, .T. ) ;
#1672 = DIRECTION ( 'NONE',  ( 1.230300337572203632E-16, -1.000000000000000000, 0.000000000000000000 ) ) ;
#1673 = ORIENTED_EDGE ( 'NONE', *, *, #828, .F. ) ;
#1674 = DIRECTION ( 'NONE',  ( 0.000000000000000000, -0.000000000000000000, -1.000000000000000000 ) ) ;
#1675 = CARTESIAN_POINT ( 'NONE',  ( -20.96999999999999531, -23.57000000000000384, 0.000000000000000000 ) ) ;
#1676 = EDGE_LOOP ( 'NONE', ( #2319, #1883, #1483, #29, #1853, #15, #788, #1321 ) ) ;
#1677 = CYLINDRICAL_SURFACE ( 'NONE', #341, 4.000000000000000000 ) ;
#1678 = EDGE_LOOP ( 'NONE', ( #2474, #781, #922, #221 ) ) ;
#1679 = DIRECTION ( 'NONE',  ( 1.000000000000000000, 0.000000000000000000, 0.000000000000000000 ) ) ;
#1680 = ORIENTED_EDGE ( 'NONE', *, *, #1871, .F. ) ;
#1681 = DIRECTION ( 'NONE',  ( 0.000000000000000000, 0.000000000000000000, 1.000000000000000000 ) ) ;
#1682 = EDGE_CURVE ( 'NONE', #442, #1130, #1034, .T. ) ;
#1683 = DIRECTION ( 'NONE',  ( 1.000000000000000000, 0.000000000000000000, 0.000000000000000000 ) ) ;
#1684 = ORIENTED_EDGE ( 'NONE', *, *, #877, .F. ) ;
#1685 = LINE ( 'NONE', #1454, #44 ) ;
#1686 = EDGE_CURVE ( 'NONE', #779, #1771, #1460, .T. ) ;
#1687 = EDGE_CURVE ( 'NONE', #1202, #820, #424, .T. ) ;
#1688 = ORIENTED_EDGE ( 'NONE', *, *, #116, .F. ) ;
#1689 = CARTESIAN_POINT ( 'NONE',  ( -21.19999999999999218, 21.20000000000000284, -76.00000000000000000 ) ) ;
#1690 = FACE_OUTER_BOUND ( 'NONE', #2388, .T. ) ;
#1691 = ORIENTED_EDGE ( 'NONE', *, *, #2902, .T. ) ;
#1692 = DIRECTION ( 'NONE',  ( -0.000000000000000000, -0.000000000000000000, -1.000000000000000000 ) ) ;
#1693 = CARTESIAN_POINT ( 'NONE',  ( 33.69999999999998863, 16.10000000000001563, -74.00000000000001421 ) ) ;
#1694 = CYLINDRICAL_SURFACE ( 'NONE', #1274, 2.600000000000001421 ) ;
#1695 = ORIENTED_EDGE ( 'NONE', *, *, #1029, .T. ) ;
#1696 = DIRECTION ( 'NONE',  ( 0.000000000000000000, -1.000000000000000000, 0.000000000000000000 ) ) ;
#1697 = CARTESIAN_POINT ( 'NONE',  ( -28.20000000000000995, 28.20000000000000284, -5.000000000000000000 ) ) ;
#1698 = AXIS2_PLACEMENT_3D ( 'NONE', #1236, #2606, #1894 ) ;
#1699 = LINE ( 'NONE', #2656, #1294 ) ;
#1700 = CARTESIAN_POINT ( 'NONE',  ( -28.20000000000000995, 15.20000000000000639, -64.00000000000000000 ) ) ;
#1701 = EDGE_CURVE ( 'NONE', #2960, #2805, #522, .T. ) ;
#1702 = DIRECTION ( 'NONE',  ( -0.000000000000000000, -0.000000000000000000, -1.000000000000000000 ) ) ;
#1703 = VECTOR ( 'NONE', #2226, 1000.000000000000000 ) ;
#1704 = ADVANCED_FACE ( 'NONE', ( #1002 ), #2899, .F. ) ;
#1705 = AXIS2_PLACEMENT_3D ( 'NONE', #728, #742, #62 ) ;
#1706 = ORIENTED_EDGE ( 'NONE', *, *, #595, .T. ) ;
#1707 = DIRECTION ( 'NONE',  ( 0.000000000000000000, -1.000000000000000000, -0.000000000000000000 ) ) ;
#1708 = DIRECTION ( 'NONE',  ( -3.469446951953613696E-16, -1.000000000000000000, 0.000000000000000000 ) ) ;
#1709 = ORIENTED_EDGE ( 'NONE', *, *, #1189, .F. ) ;
#1710 = LINE ( 'NONE', #1260, #831 ) ;
#1711 = EDGE_LOOP ( 'NONE', ( #2385, #1560, #2728, #1903 ) ) ;
#1712 = DIRECTION ( 'NONE',  ( -0.000000000000000000, -0.000000000000000000, -1.000000000000000000 ) ) ;
#1713 = DIRECTION ( 'NONE',  ( 1.000000000000000000, 0.000000000000000000, 0.000000000000000000 ) ) ;
#1714 = CARTESIAN_POINT ( 'NONE',  ( -21.19999999999999218, -18.20000000000000284, -64.00000000000000000 ) ) ;
#1715 = PLANE ( 'NONE',  #168 ) ;
#1716 = CIRCLE ( 'NONE', #636, 2.600000000000001421 ) ;
#1717 = DIRECTION ( 'NONE',  ( 0.000000000000000000, 1.000000000000000000, 0.000000000000000000 ) ) ;
#1718 = CIRCLE ( 'NONE', #543, 2.999999999999999112 ) ;
#1719 = ORIENTED_EDGE ( 'NONE', *, *, #2685, .T. ) ;
#1720 = ADVANCED_FACE ( 'NONE', ( #45 ), #773, .F. ) ;
#1721 = DIRECTION ( 'NONE',  ( -0.000000000000000000, -0.000000000000000000, -1.000000000000000000 ) ) ;
#1722 = ORIENTED_EDGE ( 'NONE', *, *, #1497, .F. ) ;
#1723 = DIRECTION ( 'NONE',  ( 1.000000000000000000, 0.000000000000000000, 0.000000000000000000 ) ) ;
#1724 = DIRECTION ( 'NONE',  ( 0.000000000000000000, 0.000000000000000000, 1.000000000000000000 ) ) ;
#1725 = EDGE_CURVE ( 'NONE', #1448, #60, #691, .T. ) ;
#1726 = ORIENTED_EDGE ( 'NONE', *, *, #126, .F. ) ;
#1727 = DIRECTION ( 'NONE',  ( 1.000000000000000000, 1.230300337572203632E-16, -0.000000000000000000 ) ) ;
#1728 = ORIENTED_EDGE ( 'NONE', *, *, #1248, .T. ) ;
#1729 = DIRECTION ( 'NONE',  ( -1.000000000000000000, 0.000000000000000000, 0.000000000000000000 ) ) ;
#1730 = LINE ( 'NONE', #764, #2465 ) ;
#1731 = CYLINDRICAL_SURFACE ( 'NONE', #2879, 2.999999999999999112 ) ;
#1732 = VERTEX_POINT ( 'NONE', #2516 ) ;
#1733 = ORIENTED_EDGE ( 'NONE', *, *, #2052, .F. ) ;
#1734 = FACE_BOUND ( 'NONE', #166, .T. ) ;
#1735 = EDGE_CURVE ( 'NONE', #74, #2923, #846, .T. ) ;
#1736 = EDGE_LOOP ( 'NONE', ( #2227, #617, #1571, #1793 ) ) ;
#1737 = CARTESIAN_POINT ( 'NONE',  ( -28.19999999999999574, -18.20000000000000639, -64.00000000000000000 ) ) ;
#1738 = EDGE_CURVE ( 'NONE', #2269, #296, #1779, .T. ) ;
#1739 = ORIENTED_EDGE ( 'NONE', *, *, #2032, .F. ) ;
#1740 = ADVANCED_FACE ( 'NONE', ( #2639 ), #598, .F. ) ;
#1741 = FACE_OUTER_BOUND ( 'NONE', #400, .T. ) ;
#1742 = DIRECTION ( 'NONE',  ( 0.000000000000000000, 1.000000000000000000, 0.000000000000000000 ) ) ;
#1743 = AXIS2_PLACEMENT_3D ( 'NONE', #2555, #2332, #509 ) ;
#1744 = CARTESIAN_POINT ( 'NONE',  ( 23.57000000000000384, -23.57000000000000384, -5.000000000000000000 ) ) ;
#1745 = PRESENTATION_LAYER_ASSIGNMENT (  '', '', ( #1941 ) ) ;
#1746 = ORIENTED_EDGE ( 'NONE', *, *, #1515, .T. ) ;
#1747 = VECTOR ( 'NONE', #1092, 1000.000000000000000 ) ;
#1748 = AXIS2_PLACEMENT_3D ( 'NONE', #833, #1794, #2901 ) ;
#1749 = VECTOR ( 'NONE', #2348, 1000.000000000000000 ) ;
#1750 = CARTESIAN_POINT ( 'NONE',  ( 18.19999999999999574, 28.20000000000000284, -64.00000000000000000 ) ) ;
#1751 = ORIENTED_EDGE ( 'NONE', *, *, #426, .F. ) ;
#1752 = DIRECTION ( 'NONE',  ( 1.000000000000000000, 0.000000000000000000, 0.000000000000000000 ) ) ;
#1753 = AXIS2_PLACEMENT_3D ( 'NONE', #446, #2329, #657 ) ;
#1754 = VERTEX_POINT ( 'NONE', #1309 ) ;
#1755 = EDGE_CURVE ( 'NONE', #327, #296, #2131, .T. ) ;
#1756 = DIRECTION ( 'NONE',  ( -1.000000000000000000, 0.000000000000000000, 0.000000000000000000 ) ) ;
#1757 = ORIENTED_EDGE ( 'NONE', *, *, #1359, .T. ) ;
#1758 = CARTESIAN_POINT ( 'NONE',  ( -28.19999999999999574, 18.20000000000000639, -5.000000000000000000 ) ) ;
#1759 = DIRECTION ( 'NONE',  ( 1.000000000000000000, 0.000000000000000000, 0.000000000000000000 ) ) ;
#1760 = LINE ( 'NONE', #361, #97 ) ;
#1761 = CIRCLE ( 'NONE', #94, 4.000000000000000000 ) ;
#1762 = EDGE_CURVE ( 'NONE', #362, #2367, #3008, .T. ) ;
#1763 = VECTOR ( 'NONE', #857, 1000.000000000000000 ) ;
#1764 = ORIENTED_EDGE ( 'NONE', *, *, #422, .F. ) ;
#1765 = AXIS2_PLACEMENT_3D ( 'NONE', #2215, #2200, #2683 ) ;
#1766 = LINE ( 'NONE', #2931, #427 ) ;
#1767 = EDGE_LOOP ( 'NONE', ( #2886, #2221, #1890, #1633 ) ) ;
#1768 = CARTESIAN_POINT ( 'NONE',  ( -15.19999999999999396, -25.19999999999999574, -5.000000000000004441 ) ) ;
#1769 = ORIENTED_EDGE ( 'NONE', *, *, #2980, .F. ) ;
#1770 = LINE ( 'NONE', #122, #1349 ) ;
#1771 = VERTEX_POINT ( 'NONE', #730 ) ;
#1772 = DIRECTION ( 'NONE',  ( -1.000000000000000000, -3.469446951953613696E-16, 0.000000000000000000 ) ) ;
#1773 = CARTESIAN_POINT ( 'NONE',  ( -21.19999999999999218, -18.20000000000000284, -76.00000000000000000 ) ) ;
#1774 = DIRECTION ( 'NONE',  ( -3.469446951953613696E-16, -1.000000000000000000, 0.000000000000000000 ) ) ;
#1775 = ADVANCED_FACE ( 'NONE', ( #2814 ), #232, .T. ) ;
#1776 = ORIENTED_EDGE ( 'NONE', *, *, #2353, .T. ) ;
#1777 = EDGE_CURVE ( 'NONE', #2598, #2731, #1403, .T. ) ;
#1778 = ADVANCED_FACE ( 'NONE', ( #698 ), #1891, .T. ) ;
#1779 = LINE ( 'NONE', #611, #2511 ) ;
#1780 = ORIENTED_EDGE ( 'NONE', *, *, #2551, .F. ) ;
#1781 = FACE_OUTER_BOUND ( 'NONE', #1953, .T. ) ;
#1782 = VERTEX_POINT ( 'NONE', #31 ) ;
#1783 = DIRECTION ( 'NONE',  ( 0.000000000000000000, 0.000000000000000000, 1.000000000000000000 ) ) ;
#1784 = ORIENTED_EDGE ( 'NONE', *, *, #1533, .F. ) ;
#1785 = DIRECTION ( 'NONE',  ( -0.000000000000000000, -0.000000000000000000, 1.000000000000000000 ) ) ;
#1786 = DIRECTION ( 'NONE',  ( 1.000000000000000000, 0.000000000000000000, 0.000000000000000000 ) ) ;
#1787 = EDGE_CURVE ( 'NONE', #1584, #677, #461, .T. ) ;
#1788 = ORIENTED_EDGE ( 'NONE', *, *, #2755, .T. ) ;
#1789 = FACE_OUTER_BOUND ( 'NONE', #1618, .T. ) ;
#1790 = VECTOR ( 'NONE', #805, 1000.000000000000000 ) ;
#1791 = EDGE_CURVE ( 'NONE', #358, #699, #1394, .T. ) ;
#1792 = AXIS2_PLACEMENT_3D ( 'NONE', #1398, #2337, #236 ) ;
#1793 = ORIENTED_EDGE ( 'NONE', *, *, #2263, .T. ) ;
#1794 = DIRECTION ( 'NONE',  ( 0.000000000000000000, -1.000000000000000000, 0.000000000000000000 ) ) ;
#1795 = AXIS2_PLACEMENT_3D ( 'NONE', #1984, #2025, #134 ) ;
#1796 = VECTOR ( 'NONE', #1046, 1000.000000000000000 ) ;
#1797 = DIRECTION ( 'NONE',  ( 1.000000000000000000, 0.000000000000000000, 0.000000000000000000 ) ) ;
#1798 = EDGE_LOOP ( 'NONE', ( #193, #2771, #793, #460, #704, #1870, #2027, #2748 ) ) ;
#1799 = AXIS2_PLACEMENT_3D ( 'NONE', #2000, #153, #1303 ) ;
#1800 = FACE_OUTER_BOUND ( 'NONE', #447, .T. ) ;
#1801 = LINE ( 'NONE', #2029, #768 ) ;
#1802 = CARTESIAN_POINT ( 'NONE',  ( 28.19999999999999574, 18.19999999999999929, -76.00000000000000000 ) ) ;
#1803 = EDGE_LOOP ( 'NONE', ( #910, #1525 ) ) ;
#1804 = DIRECTION ( 'NONE',  ( -0.000000000000000000, -0.000000000000000000, 1.000000000000000000 ) ) ;
#1805 = AXIS2_PLACEMENT_3D ( 'NONE', #1190, #241, #73 ) ;
#1806 = ORIENTED_EDGE ( 'NONE', *, *, #1600, .F. ) ;
#1807 = DIRECTION ( 'NONE',  ( 1.000000000000000000, 0.000000000000000000, 0.000000000000000000 ) ) ;
#1808 = CIRCLE ( 'NONE', #1317, 2.999999999999999112 ) ;
#1809 = EDGE_CURVE ( 'NONE', #327, #2013, #1446, .T. ) ;
#1810 = DIRECTION ( 'NONE',  ( 0.000000000000000000, -0.000000000000000000, -1.000000000000000000 ) ) ;
#1811 = AXIS2_PLACEMENT_3D ( 'NONE', #762, #1451, #2399 ) ;
#1812 = DIRECTION ( 'NONE',  ( -1.000000000000000000, 0.000000000000000000, -0.000000000000000000 ) ) ;
#1813 = ORIENTED_EDGE ( 'NONE', *, *, #2278, .T. ) ;
#1814 = CYLINDRICAL_SURFACE ( 'NONE', #837, 2.999999999999999112 ) ;
#1815 = EDGE_CURVE ( 'NONE', #1732, #779, #1661, .T. ) ;
#1816 = ORIENTED_EDGE ( 'NONE', *, *, #2239, .T. ) ;
#1817 = DIRECTION ( 'NONE',  ( 1.000000000000000000, -3.469446951953614189E-16, 0.000000000000000000 ) ) ;
#1818 = DIRECTION ( 'NONE',  ( -1.000000000000000000, 1.387778780781447845E-15, 0.000000000000000000 ) ) ;
#1819 = EDGE_LOOP ( 'NONE', ( #77, #234, #2218, #907 ) ) ;
#1820 = DIRECTION ( 'NONE',  ( 1.000000000000000000, 0.000000000000000000, 0.000000000000000000 ) ) ;
#1821 = ORIENTED_EDGE ( 'NONE', *, *, #1110, .T. ) ;
#1822 = DIRECTION ( 'NONE',  ( 0.000000000000000000, -0.000000000000000000, -1.000000000000000000 ) ) ;
#1823 = DIRECTION ( 'NONE',  ( -0.7071067811865474617, 0.000000000000000000, -0.7071067811865474617 ) ) ;
#1824 = LINE ( 'NONE', #894, #2193 ) ;
#1825 = ORIENTED_EDGE ( 'NONE', *, *, #2409, .T. ) ;
#1826 = ADVANCED_FACE ( 'NONE', ( #2121 ), #1431, .F. ) ;
#1827 = CARTESIAN_POINT ( 'NONE',  ( -25.20000000000000284, -18.20000000000000639, -76.00000000000000000 ) ) ;
#1828 = ORIENTED_EDGE ( 'NONE', *, *, #213, .F. ) ;
#1829 = EDGE_CURVE ( 'NONE', #820, #1202, #174, .T. ) ;
#1830 = CARTESIAN_POINT ( 'NONE',  ( 18.19999999999999574, -25.19999999999999574, -10.00000000000000888 ) ) ;
#1831 = EDGE_CURVE ( 'NONE', #2768, #658, #1199, .T. ) ;
#1832 = DIRECTION ( 'NONE',  ( -0.000000000000000000, 0.000000000000000000, 1.000000000000000000 ) ) ;
#1833 = UNCERTAINTY_MEASURE_WITH_UNIT (LENGTH_MEASURE( 1.000000000000000082E-05 ), #567, 'distance_accuracy_value', 'NONE');
#1834 = CARTESIAN_POINT ( 'NONE',  ( 23.57000000000000384, -23.57000000000000384, 0.000000000000000000 ) ) ;
#1835 = EDGE_LOOP ( 'NONE', ( #2036, #93, #2022, #393 ) ) ;
#1836 = DIRECTION ( 'NONE',  ( 0.000000000000000000, 0.000000000000000000, -1.000000000000000000 ) ) ;
#1837 = ORIENTED_EDGE ( 'NONE', *, *, #67, .F. ) ;
#1838 = DIRECTION ( 'NONE',  ( 1.000000000000000000, 1.230300337572203632E-16, -0.000000000000000000 ) ) ;
#1839 = CIRCLE ( 'NONE', #1151, 2.999999999999999112 ) ;
#1840 = AXIS2_PLACEMENT_3D ( 'NONE', #264, #2862, #326 ) ;
#1841 = CARTESIAN_POINT ( 'NONE',  ( 19.05000000000000071, 2.332952152375708043E-15, 1.600000000000000089 ) ) ;
#1842 = CARTESIAN_POINT ( 'NONE',  ( -15.19999999999999396, -28.19999999999999574, -64.00000000000000000 ) ) ;
#1843 = ORIENTED_EDGE ( 'NONE', *, *, #1110, .F. ) ;
#1844 = AXIS2_PLACEMENT_3D ( 'NONE', #383, #397, #1330 ) ;
#1845 = LINE ( 'NONE', #634, #1966 ) ;
#1846 = EDGE_CURVE ( 'NONE', #1592, #2446, #812, .T. ) ;
#1847 = VERTEX_POINT ( 'NONE', #744 ) ;
#1848 = VECTOR ( 'NONE', #1115, 1000.000000000000114 ) ;
#1849 = LINE ( 'NONE', #2982, #2564 ) ;
#1850 = DIRECTION ( 'NONE',  ( 0.000000000000000000, 0.000000000000000000, -1.000000000000000000 ) ) ;
#1851 = ADVANCED_FACE ( 'NONE', ( #1611 ), #1677, .T. ) ;
#1852 = LINE ( 'NONE', #2775, #1542 ) ;
#1853 = ORIENTED_EDGE ( 'NONE', *, *, #2571, .T. ) ;
#1854 = CARTESIAN_POINT ( 'NONE',  ( -20.96999999999999531, -23.57000000000000384, -5.000000000000000000 ) ) ;
#1855 = EDGE_CURVE ( 'NONE', #1847, #845, #2376, .T. ) ;
#1856 = VERTEX_POINT ( 'NONE', #927 ) ;
#1857 = CARTESIAN_POINT ( 'NONE',  ( -28.20000000000000995, 25.20000000000000284, -5.000000000000000000 ) ) ;
#1858 = CIRCLE ( 'NONE', #2248, 4.000000000000000000 ) ;
#1859 = CARTESIAN_POINT ( 'NONE',  ( -28.20000000000000284, -28.19999999999999574, -64.00000000000000000 ) ) ;
#1860 = DIRECTION ( 'NONE',  ( 0.000000000000000000, 0.000000000000000000, -1.000000000000000000 ) ) ;
#1861 = VECTOR ( 'NONE', #391, 1000.000000000000000 ) ;
#1862 = ORIENTED_EDGE ( 'NONE', *, *, #937, .T. ) ;
#1863 = DIRECTION ( 'NONE',  ( -0.000000000000000000, -0.000000000000000000, -1.000000000000000000 ) ) ;
#1864 = FACE_OUTER_BOUND ( 'NONE', #1374, .T. ) ;
#1865 = AXIS2_PLACEMENT_3D ( 'NONE', #619, #2286, #1594 ) ;
#1866 = ORIENTED_EDGE ( 'NONE', *, *, #1787, .T. ) ;
#1867 = FACE_OUTER_BOUND ( 'NONE', #2489, .T. ) ;
#1868 = CARTESIAN_POINT ( 'NONE',  ( 18.19999999999999574, 21.19999999999999929, -76.00000000000000000 ) ) ;
#1869 = DIRECTION ( 'NONE',  ( -1.000000000000000000, 1.387778780781447845E-15, 2.323435743167480511E-31 ) ) ;
#1870 = ORIENTED_EDGE ( 'NONE', *, *, #1755, .T. ) ;
#1871 = EDGE_CURVE ( 'NONE', #668, #1069, #448, .T. ) ;
#1872 = DIRECTION ( 'NONE',  ( 0.000000000000000000, -0.000000000000000000, -1.000000000000000000 ) ) ;
#1873 = ORIENTED_EDGE ( 'NONE', *, *, #1307, .F. ) ;
#1874 = CARTESIAN_POINT ( 'NONE',  ( 25.19999999999998863, 18.19999999999999929, -76.00000000000000000 ) ) ;
#1875 = PRODUCT_RELATED_PRODUCT_CATEGORY ( 'part', '', ( #1955 ) ) ;
#1876 = FACE_BOUND ( 'NONE', #1022, .T. ) ;
#1877 = DIRECTION ( 'NONE',  ( -0.000000000000000000, -0.000000000000000000, -1.000000000000000000 ) ) ;
#1878 = EDGE_LOOP ( 'NONE', ( #2147, #2120, #1215, #1659 ) ) ;
#1879 = CARTESIAN_POINT ( 'NONE',  ( 15.19999999999999218, -28.19999999999999574, -5.000000000000000000 ) ) ;
#1880 = ORIENTED_EDGE ( 'NONE', *, *, #2740, .F. ) ;
#1881 = CARTESIAN_POINT ( 'NONE',  ( -18.19999999999999574, 28.20000000000000639, -64.00000000000000000 ) ) ;
#1882 = DIRECTION ( 'NONE',  ( -1.000000000000000000, 0.000000000000000000, 0.000000000000000000 ) ) ;
#1883 = ORIENTED_EDGE ( 'NONE', *, *, #767, .T. ) ;
#1884 = CARTESIAN_POINT ( 'NONE',  ( -21.19999999999999218, 21.20000000000000284, -64.00000000000000000 ) ) ;
#1885 = EDGE_CURVE ( 'NONE', #699, #2587, #3026, .T. ) ;
#1886 = ORIENTED_EDGE ( 'NONE', *, *, #1855, .F. ) ;
#1887 = CARTESIAN_POINT ( 'NONE',  ( 28.19999999999998153, -15.20000000000001172, -76.00000000000000000 ) ) ;
#1888 = DIRECTION ( 'NONE',  ( 0.000000000000000000, 0.000000000000000000, -1.000000000000000000 ) ) ;
#1889 = DIRECTION ( 'NONE',  ( 0.000000000000000000, -0.000000000000000000, -1.000000000000000000 ) ) ;
#1890 = ORIENTED_EDGE ( 'NONE', *, *, #561, .T. ) ;
#1891 = PLANE ( 'NONE',  #413 ) ;
#1892 = EDGE_CURVE ( 'NONE', #775, #1285, #2047, .T. ) ;
#1893 = ORIENTED_EDGE ( 'NONE', *, *, #2021, .F. ) ;
#1894 = DIRECTION ( 'NONE',  ( 1.230300337572203632E-16, -1.000000000000000000, 0.000000000000000000 ) ) ;
#1895 = AXIS2_PLACEMENT_3D ( 'NONE', #2424, #1696, #2620 ) ;
#1896 = VECTOR ( 'NONE', #1163, 1000.000000000000000 ) ;
#1897 = DIRECTION ( 'NONE',  ( 0.000000000000000000, 0.000000000000000000, -1.000000000000000000 ) ) ;
#1898 = CIRCLE ( 'NONE', #225, 19.05000000000000071 ) ;
#1899 = AXIS2_PLACEMENT_3D ( 'NONE', #2433, #2888, #105 ) ;
#1900 = VERTEX_POINT ( 'NONE', #324 ) ;
#1901 = CIRCLE ( 'NONE', #526, 2.999999999999999112 ) ;
#1902 = CARTESIAN_POINT ( 'NONE',  ( -28.20000000000000995, 28.20000000000000284, -5.000000000000000000 ) ) ;
#1903 = ORIENTED_EDGE ( 'NONE', *, *, #1660, .T. ) ;
#1904 = CARTESIAN_POINT ( 'NONE',  ( 18.19999999999999574, -25.19999999999999574, -76.00000000000000000 ) ) ;
#1905 = CARTESIAN_POINT ( 'NONE',  ( -25.20000000000000639, 18.20000000000000639, -9.999999999999994671 ) ) ;
#1906 = ORIENTED_EDGE ( 'NONE', *, *, #1495, .T. ) ;
#1908 = DIRECTION ( 'NONE',  ( 0.000000000000000000, -0.000000000000000000, -1.000000000000000000 ) ) ;
#1907 = VECTOR ( 'NONE', #1380, 1000.000000000000000 ) ;
#1909 = EDGE_CURVE ( 'NONE', #1301, #2438, #860, .T. ) ;
#1910 = ORIENTED_EDGE ( 'NONE', *, *, #771, .T. ) ;
#1911 = AXIS2_PLACEMENT_3D ( 'NONE', #1744, #318, #1082 ) ;
#1912 = CARTESIAN_POINT ( 'NONE',  ( -18.19999999999999574, 25.20000000000000284, -76.00000000000000000 ) ) ;
#1913 = DIRECTION ( 'NONE',  ( 0.000000000000000000, 0.000000000000000000, -1.000000000000000000 ) ) ;
#1914 = VECTOR ( 'NONE', #1979, 1000.000000000000000 ) ;
#1915 = FACE_OUTER_BOUND ( 'NONE', #2707, .T. ) ;
#1916 = CIRCLE ( 'NONE', #690, 2.999999999999999112 ) ;
#1917 = ORIENTED_EDGE ( 'NONE', *, *, #635, .T. ) ;
#1918 = CARTESIAN_POINT ( 'NONE',  ( 25.19999999999999218, -15.20000000000001172, -9.999999999999994671 ) ) ;
#1919 = EDGE_LOOP ( 'NONE', ( #1987, #2554, #41, #524 ) ) ;
#1920 = CARTESIAN_POINT ( 'NONE',  ( 28.19999999999999574, 18.19999999999999929, -76.00000000000000000 ) ) ;
#1921 = PLANE ( 'NONE',  #1553 ) ;
#1922 = ORIENTED_EDGE ( 'NONE', *, *, #2507, .T. ) ;
#1923 = LINE ( 'NONE', #2649, #1102 ) ;
#1924 = CARTESIAN_POINT ( 'NONE',  ( -28.20000000000000995, 28.20000000000000284, 0.000000000000000000 ) ) ;
#1925 = SHAPE_DEFINITION_REPRESENTATION ( #1044, #702 ) ;
#1926 = VERTEX_POINT ( 'NONE', #1959 ) ;
#1927 = ADVANCED_FACE ( 'NONE', ( #1789 ), #1085, .F. ) ;
#1928 = CARTESIAN_POINT ( 'NONE',  ( -15.19999999999999396, -25.19999999999999574, -76.00000000000000000 ) ) ;
#1929 = CARTESIAN_POINT ( 'NONE',  ( 28.19999999999999574, -25.19999999999999929, -5.000000000000000000 ) ) ;
#1930 = EDGE_CURVE ( 'NONE', #379, #1289, #2251, .T. ) ;
#1931 = SURFACE_STYLE_FILL_AREA ( #58 ) ;
#1932 = PLANE ( 'NONE',  #343 ) ;
#1933 = ORIENTED_EDGE ( 'NONE', *, *, #1117, .T. ) ;
#1934 = CARTESIAN_POINT ( 'NONE',  ( -28.19999999999999574, -18.20000000000000639, -76.00000000000000000 ) ) ;
#1935 = DIRECTION ( 'NONE',  ( 1.000000000000000000, 0.000000000000000000, 0.000000000000000000 ) ) ;
#1936 = ORIENTED_EDGE ( 'NONE', *, *, #1686, .F. ) ;
#1937 = DIRECTION ( 'NONE',  ( 1.230300337572203632E-16, -1.000000000000000000, 0.000000000000000000 ) ) ;
#1938 = LINE ( 'NONE', #1924, #2583 ) ;
#1939 = ORIENTED_EDGE ( 'NONE', *, *, #363, .T. ) ;
#1940 = DIRECTION ( 'NONE',  ( 0.000000000000000000, 0.000000000000000000, -1.000000000000000000 ) ) ;
#1941 = STYLED_ITEM ( 'NONE', ( #2625 ), #205 ) ;
#1942 = FACE_OUTER_BOUND ( 'NONE', #558, .T. ) ;
#1943 = EDGE_CURVE ( 'NONE', #1621, #1086, #1938, .T. ) ;
#1944 = CIRCLE ( 'NONE', #618, 2.999999999999999112 ) ;
#1945 = LINE ( 'NONE', #2884, #2809 ) ;
#1946 = VECTOR ( 'NONE', #2537, 1000.000000000000000 ) ;
#1947 = CARTESIAN_POINT ( 'NONE',  ( 0.000000000000000000, 0.000000000000000000, 0.000000000000000000 ) ) ;
#1948 = CARTESIAN_POINT ( 'NONE',  ( 18.19999999999999574, 21.19999999999999929, -76.00000000000000000 ) ) ;
#1949 = AXIS2_PLACEMENT_3D ( 'NONE', #1622, #456, #3021 ) ;
#1950 = EDGE_CURVE ( 'NONE', #353, #2970, #1710, .T. ) ;
#1951 = VECTOR ( 'NONE', #988, 1000.000000000000000 ) ;
#1952 = VECTOR ( 'NONE', #304, 1000.000000000000000 ) ;
#1953 = EDGE_LOOP ( 'NONE', ( #1071, #1218, #109, #2875, #53, #740, #1880, #1862 ) ) ;
#1954 = EDGE_CURVE ( 'NONE', #549, #2960, #1541, .T. ) ;
#1955 = PRODUCT ( 'Nema23', 'Nema23', '', ( #994 ) ) ;
#1956 = DIRECTION ( 'NONE',  ( 1.000000000000000000, -3.469446951953613696E-16, 0.000000000000000000 ) ) ;
#1957 = LINE ( 'NONE', #523, #2285 ) ;
#1958 = ORIENTED_EDGE ( 'NONE', *, *, #89, .T. ) ;
#1959 = CARTESIAN_POINT ( 'NONE',  ( -4.000000000000000000, 0.000000000000000000, 1.600000000000000089 ) ) ;
#1960 = ORIENTED_EDGE ( 'NONE', *, *, #1791, .F. ) ;
#1961 = PLANE ( 'NONE',  #770 ) ;
#1962 = CARTESIAN_POINT ( 'NONE',  ( -15.19999999999999396, 25.20000000000000284, -64.00000000000000000 ) ) ;
#1963 = CARTESIAN_POINT ( 'NONE',  ( -23.57000000000000384, 23.56999999999999673, -5.000000000000000000 ) ) ;
#1964 = CIRCLE ( 'NONE', #1033, 2.999999999999999112 ) ;
#1965 = CARTESIAN_POINT ( 'NONE',  ( 18.19999999999999574, 21.19999999999999929, -5.000000000000000000 ) ) ;
#1966 = VECTOR ( 'NONE', #165, 1000.000000000000000 ) ;
#1967 = ADVANCED_FACE ( 'NONE', ( #160 ), #546, .F. ) ;
#1968 = VERTEX_POINT ( 'NONE', #2197 ) ;
#1969 = ADVANCED_FACE ( 'NONE', ( #1734, #378 ), #1312, .F. ) ;
#1970 = CARTESIAN_POINT ( 'NONE',  ( 25.19999999999999218, 28.20000000000000284, 0.000000000000000000 ) ) ;
#1971 = ADVANCED_FACE ( 'NONE', ( #2650 ), #2421, .F. ) ;
#1972 = EDGE_LOOP ( 'NONE', ( #2178, #23, #724, #1806 ) ) ;
#1973 = FACE_OUTER_BOUND ( 'NONE', #1074, .T. ) ;
#1974 = CARTESIAN_POINT ( 'NONE',  ( -25.20000000000000639, 18.20000000000000639, -5.000000000000004441 ) ) ;
#1975 = ORIENTED_EDGE ( 'NONE', *, *, #271, .T. ) ;
#1976 = ORIENTED_EDGE ( 'NONE', *, *, #2548, .F. ) ;
#1977 = CARTESIAN_POINT ( 'NONE',  ( 20.96999999999999531, 23.56999999999999673, 0.000000000000000000 ) ) ;
#1978 = DIRECTION ( 'NONE',  ( 1.000000000000000000, -0.000000000000000000, 0.000000000000000000 ) ) ;
#1979 = DIRECTION ( 'NONE',  ( 0.000000000000000000, 0.000000000000000000, 1.000000000000000000 ) ) ;
#1980 = ORIENTED_EDGE ( 'NONE', *, *, #822, .F. ) ;
#1981 = EDGE_CURVE ( 'NONE', #2923, #839, #149, .T. ) ;
#1982 = CARTESIAN_POINT ( 'NONE',  ( 15.19999999999999218, -28.19999999999999574, -5.000000000000000000 ) ) ;
#1983 = ORIENTED_EDGE ( 'NONE', *, *, #2940, .F. ) ;
#1984 = CARTESIAN_POINT ( 'NONE',  ( 28.19999999999998153, -18.20000000000001350, -76.00000000000000000 ) ) ;
#1985 = ORIENTED_EDGE ( 'NONE', *, *, #2002, .F. ) ;
#1986 = CARTESIAN_POINT ( 'NONE',  ( 18.19999999999999574, -21.20000000000000284, -76.00000000000000000 ) ) ;
#1987 = ORIENTED_EDGE ( 'NONE', *, *, #401, .T. ) ;
#1988 = CARTESIAN_POINT ( 'NONE',  ( 18.19999999999999574, 21.19999999999999929, -64.00000000000000000 ) ) ;
#1989 = EDGE_CURVE ( 'NONE', #2526, #2800, #786, .T. ) ;
#1990 = LINE ( 'NONE', #2709, #1204 ) ;
#1991 = CARTESIAN_POINT ( 'NONE',  ( 25.19999999999998863, -18.20000000000000995, -76.00000000000000000 ) ) ;
#1992 = CIRCLE ( 'NONE', #663, 2.999999999999999112 ) ;
#1993 = VERTEX_POINT ( 'NONE', #2942 ) ;
#1994 = CIRCLE ( 'NONE', #26, 2.999999999999999112 ) ;
#1995 = AXIS2_PLACEMENT_3D ( 'NONE', #257, #24, #1426 ) ;
#1996 = AXIS2_PLACEMENT_3D ( 'NONE', #570, #541, #2856 ) ;
#1997 = ORIENTED_EDGE ( 'NONE', *, *, #561, .F. ) ;
#1998 = CARTESIAN_POINT ( 'NONE',  ( -25.20000000000000639, 18.20000000000000639, -76.00000000000000000 ) ) ;
#1999 = ORIENTED_EDGE ( 'NONE', *, *, #2851, .T. ) ;
#2000 = CARTESIAN_POINT ( 'NONE',  ( 21.19999999999999218, 21.19999999999999929, -9.999999999999994671 ) ) ;
#2001 = ORIENTED_EDGE ( 'NONE', *, *, #1762, .F. ) ;
#2002 = EDGE_CURVE ( 'NONE', #250, #1315, #2393, .T. ) ;
#2003 = DIRECTION ( 'NONE',  ( 1.000000000000000000, -3.469446951953613696E-16, 0.000000000000000000 ) ) ;
#2004 = LINE ( 'NONE', #113, #1747 ) ;
#2005 = ADVANCED_FACE ( 'NONE', ( #297 ), #2171, .F. ) ;
#2006 = CARTESIAN_POINT ( 'NONE',  ( -15.19999999999999396, 25.20000000000000284, -5.000000000000000000 ) ) ;
#2007 = AXIS2_PLACEMENT_3D ( 'NONE', #311, #2183, #2876 ) ;
#2008 = VECTOR ( 'NONE', #2217, 1000.000000000000000 ) ;
#2009 = VERTEX_POINT ( 'NONE', #1558 ) ;
#2010 = VECTOR ( 'NONE', #1347, 1000.000000000000000 ) ;
#2011 = ORIENTED_EDGE ( 'NONE', *, *, #1660, .F. ) ;
#2012 = LINE ( 'NONE', #151, #772 ) ;
#2013 = VERTEX_POINT ( 'NONE', #609 ) ;
#2014 = DIRECTION ( 'NONE',  ( -0.000000000000000000, -0.000000000000000000, -1.000000000000000000 ) ) ;
#2015 = DIRECTION ( 'NONE',  ( -1.000000000000000000, -3.469446951953614189E-16, 0.000000000000000000 ) ) ;
#2016 = ORIENTED_EDGE ( 'NONE', *, *, #1076, .F. ) ;
#2017 = DIRECTION ( 'NONE',  ( 1.000000000000000000, 0.000000000000000000, 0.000000000000000000 ) ) ;
#2018 = ADVANCED_FACE ( 'NONE', ( #1024 ), #1006, .F. ) ;
#2019 = DIRECTION ( 'NONE',  ( 0.000000000000000000, 1.000000000000000000, 0.000000000000000000 ) ) ;
#2020 = LINE ( 'NONE', #2205, #1914 ) ;
#2021 = EDGE_CURVE ( 'NONE', #1412, #839, #1327, .T. ) ;
#2022 = ORIENTED_EDGE ( 'NONE', *, *, #2718, .T. ) ;
#2023 = DIRECTION ( 'NONE',  ( -0.000000000000000000, 0.000000000000000000, 1.000000000000000000 ) ) ;
#2024 = ORIENTED_EDGE ( 'NONE', *, *, #7, .F. ) ;
#2025 = DIRECTION ( 'NONE',  ( 1.387778780781447648E-15, 1.000000000000000000, 0.000000000000000000 ) ) ;
#2026 = LINE ( 'NONE', #1551, #1703 ) ;
#2027 = ORIENTED_EDGE ( 'NONE', *, *, #1738, .F. ) ;
#2028 = DIRECTION ( 'NONE',  ( -0.000000000000000000, -0.000000000000000000, 1.000000000000000000 ) ) ;
#2029 = CARTESIAN_POINT ( 'NONE',  ( 28.19999999999998863, 25.20000000000000284, -5.000000000000000000 ) ) ;
#2030 = DIRECTION ( 'NONE',  ( -1.000000000000000000, 1.387778780781447648E-15, 0.000000000000000000 ) ) ;
#2031 = VERTEX_POINT ( 'NONE', #469 ) ;
#2032 = EDGE_CURVE ( 'NONE', #2357, #161, #654, .T. ) ;
#2033 = DIRECTION ( 'NONE',  ( -0.000000000000000000, 0.000000000000000000, -1.000000000000000000 ) ) ;
#2034 = AXIS2_PLACEMENT_3D ( 'NONE', #2984, #935, #736 ) ;
#2035 = VECTOR ( 'NONE', #1937, 1000.000000000000000 ) ;
#2036 = ORIENTED_EDGE ( 'NONE', *, *, #2594, .F. ) ;
#2037 = CARTESIAN_POINT ( 'NONE',  ( -25.20000000000000995, 25.20000000000000284, 0.000000000000000000 ) ) ;
#2038 = ADVANCED_FACE ( 'NONE', ( #640 ), #1372, .T. ) ;
#2039 = DIRECTION ( 'NONE',  ( -1.230300337572203632E-16, 1.000000000000000000, 0.000000000000000000 ) ) ;
#2040 = EDGE_LOOP ( 'NONE', ( #1277, #200, #455, #1405 ) ) ;
#2041 = AXIS2_PLACEMENT_3D ( 'NONE', #294, #1658, #2180 ) ;
#2042 = CARTESIAN_POINT ( 'NONE',  ( 28.19999999999999574, -15.20000000000001172, -64.00000000000000000 ) ) ;
#2043 = ORIENTED_EDGE ( 'NONE', *, *, #463, .F. ) ;
#2044 = CARTESIAN_POINT ( 'NONE',  ( -25.20000000000000995, 28.20000000000000284, -5.000000000000000000 ) ) ;
#2045 = ORIENTED_EDGE ( 'NONE', *, *, #951, .F. ) ;
#2046 = DIRECTION ( 'NONE',  ( -0.000000000000000000, -0.000000000000000000, 1.000000000000000000 ) ) ;
#2047 = CIRCLE ( 'NONE', #2827, 2.600000000000001421 ) ;
#2048 = EDGE_CURVE ( 'NONE', #411, #1138, #889, .T. ) ;
#2049 = ORIENTED_EDGE ( 'NONE', *, *, #2840, .F. ) ;
#2050 = CARTESIAN_POINT ( 'NONE',  ( 21.19999999999999218, 21.19999999999999929, -76.00000000000000000 ) ) ;
#2051 = AXIS2_PLACEMENT_3D ( 'NONE', #1513, #2687, #2190 ) ;
#2052 = EDGE_CURVE ( 'NONE', #1393, #1847, #982, .T. ) ;
#2053 = EDGE_CURVE ( 'NONE', #440, #2526, #441, .T. ) ;
#2054 = LINE ( 'NONE', #2241, #2466 ) ;
#2055 = AXIS2_PLACEMENT_3D ( 'NONE', #2480, #1103, #387 ) ;
#2056 = FACE_BOUND ( 'NONE', #1803, .T. ) ;
#2057 = ORIENTED_EDGE ( 'NONE', *, *, #787, .F. ) ;
#2058 = CYLINDRICAL_SURFACE ( 'NONE', #2835, 2.999999999999999112 ) ;
#2059 = ORIENTED_EDGE ( 'NONE', *, *, #392, .T. ) ;
#2060 = DIRECTION ( 'NONE',  ( 0.000000000000000000, 1.000000000000000000, 0.000000000000000000 ) ) ;
#2061 = DIRECTION ( 'NONE',  ( -3.469446951953613696E-16, -1.000000000000000000, 0.000000000000000000 ) ) ;
#2062 = CARTESIAN_POINT ( 'NONE',  ( 19.05000000000000071, 2.332952152375708043E-15, 0.000000000000000000 ) ) ;
#2063 = VERTEX_POINT ( 'NONE', #190 ) ;
#2064 = DIRECTION ( 'NONE',  ( -1.000000000000000000, 0.000000000000000000, 0.000000000000000000 ) ) ;
#2065 = ORIENTED_EDGE ( 'NONE', *, *, #1094, .T. ) ;
#2066 = CARTESIAN_POINT ( 'NONE',  ( 28.19999999999998863, 25.20000000000000284, -5.000000000000000000 ) ) ;
#2067 = ADVANCED_FACE ( 'NONE', ( #2098 ), #2501, .T. ) ;
#2068 = LINE ( 'NONE', #1859, #2430 ) ;
#2069 = DIRECTION ( 'NONE',  ( -0.000000000000000000, 0.000000000000000000, 1.000000000000000000 ) ) ;
#2070 = ORIENTED_EDGE ( 'NONE', *, *, #2112, .T. ) ;
#2071 = DIRECTION ( 'NONE',  ( -1.000000000000000000, 0.000000000000000000, 0.000000000000000000 ) ) ;
#2072 = VERTEX_POINT ( 'NONE', #2758 ) ;
#2073 = CARTESIAN_POINT ( 'NONE',  ( 21.19999999999999218, -21.20000000000000284, -5.000000000000004441 ) ) ;
#2074 = EDGE_CURVE ( 'NONE', #658, #240, #689, .T. ) ;
#2075 = CARTESIAN_POINT ( 'NONE',  ( -25.20000000000000639, 15.20000000000000639, -76.00000000000000000 ) ) ;
#2076 = AXIS2_PLACEMENT_3D ( 'NONE', #1361, #136, #1302 ) ;
#2077 = ORIENTED_EDGE ( 'NONE', *, *, #2571, .F. ) ;
#2078 = DIRECTION ( 'NONE',  ( 1.000000000000000000, -1.156482317317871725E-15, 0.000000000000000000 ) ) ;
#2079 = ORIENTED_EDGE ( 'NONE', *, *, #1436, .T. ) ;
#2080 = LINE ( 'NONE', #1144, #1456 ) ;
#2081 = DIRECTION ( 'NONE',  ( -1.000000000000000000, 0.000000000000000000, 0.000000000000000000 ) ) ;
#2082 = VECTOR ( 'NONE', #979, 1000.000000000000000 ) ;
#2083 = DIRECTION ( 'NONE',  ( 0.000000000000000000, -1.000000000000000000, -0.000000000000000000 ) ) ;
#2084 = FACE_OUTER_BOUND ( 'NONE', #1835, .T. ) ;
#2085 = ORIENTED_EDGE ( 'NONE', *, *, #607, .F. ) ;
#2086 = CARTESIAN_POINT ( 'NONE',  ( -21.19999999999999218, -18.20000000000000284, -5.000000000000004441 ) ) ;
#2087 = VECTOR ( 'NONE', #1574, 1000.000000000000000 ) ;
#2088 = VECTOR ( 'NONE', #1674, 1000.000000000000000 ) ;
#2089 = DIRECTION ( 'NONE',  ( -2.154935995002245639E-16, 1.000000000000000000, 0.000000000000000000 ) ) ;
#2090 = ORIENTED_EDGE ( 'NONE', *, *, #332, .F. ) ;
#2091 = CIRCLE ( 'NONE', #1025, 2.999999999999999112 ) ;
#2092 = EDGE_CURVE ( 'NONE', #1412, #2357, #2957, .T. ) ;
#2093 = DIRECTION ( 'NONE',  ( 0.000000000000000000, 0.000000000000000000, 1.000000000000000000 ) ) ;
#2094 = DIRECTION ( 'NONE',  ( 1.000000000000000000, 0.000000000000000000, 0.000000000000000000 ) ) ;
#2095 = ADVANCED_FACE ( 'NONE', ( #1096 ), #873, .T. ) ;
#2096 = CARTESIAN_POINT ( 'NONE',  ( -28.20000000000000995, 15.20000000000000639, -5.000000000000000000 ) ) ;
#2097 = ORIENTED_EDGE ( 'NONE', *, *, #1076, .T. ) ;
#2098 = FACE_OUTER_BOUND ( 'NONE', #1237, .T. ) ;
#2099 = ORIENTED_EDGE ( 'NONE', *, *, #1892, .F. ) ;
#2100 = DIRECTION ( 'NONE',  ( -0.000000000000000000, 0.000000000000000000, 1.000000000000000000 ) ) ;
#2101 = VECTOR ( 'NONE', #1820, 1000.000000000000000 ) ;
#2102 = LINE ( 'NONE', #1904, #275 ) ;
#2103 = PLANE ( 'NONE',  #726 ) ;
#2104 = AXIS2_PLACEMENT_3D ( 'NONE', #302, #2838, #1238 ) ;
#2105 = ORIENTED_EDGE ( 'NONE', *, *, #2409, .F. ) ;
#2106 = DIRECTION ( 'NONE',  ( -1.000000000000000000, 0.000000000000000000, 0.000000000000000000 ) ) ;
#2107 = DIRECTION ( 'NONE',  ( 0.000000000000000000, 0.000000000000000000, 1.000000000000000000 ) ) ;
#2108 = CIRCLE ( 'NONE', #1564, 2.999999999999999112 ) ;
#2109 = VERTEX_POINT ( 'NONE', #204 ) ;
#2110 = FACE_OUTER_BOUND ( 'NONE', #760, .T. ) ;
#2111 = FACE_OUTER_BOUND ( 'NONE', #1311, .T. ) ;
#2112 = EDGE_CURVE ( 'NONE', #2275, #1282, #1338, .T. ) ;
#2113 = CARTESIAN_POINT ( 'NONE',  ( 28.06181760425083382, -16.10000000000000142, -76.00000000000000000 ) ) ;
#2114 = EDGE_LOOP ( 'NONE', ( #1663, #1425, #2324, #1843 ) ) ;
#2115 = CARTESIAN_POINT ( 'NONE',  ( 0.000000000000000000, 0.000000000000000000, 24.50000000000000000 ) ) ;
#2116 = ORIENTED_EDGE ( 'NONE', *, *, #971, .T. ) ;
#2117 = DIRECTION ( 'NONE',  ( -0.000000000000000000, 0.000000000000000000, -1.000000000000000000 ) ) ;
#2118 = DIRECTION ( 'NONE',  ( -0.000000000000000000, -0.000000000000000000, -1.000000000000000000 ) ) ;
#2119 = FACE_OUTER_BOUND ( 'NONE', #2458, .T. ) ;
#2120 = ORIENTED_EDGE ( 'NONE', *, *, #518, .T. ) ;
#2121 = FACE_OUTER_BOUND ( 'NONE', #2777, .T. ) ;
#2122 = ORIENTED_EDGE ( 'NONE', *, *, #672, .F. ) ;
#2123 = LINE ( 'NONE', #2849, #1155 ) ;
#2124 = CARTESIAN_POINT ( 'NONE',  ( -23.56999999999999673, -23.57000000000000384, -5.000000000000000000 ) ) ;
#2125 = ORIENTED_EDGE ( 'NONE', *, *, #2395, .T. ) ;
#2126 = DIRECTION ( 'NONE',  ( -0.000000000000000000, 0.000000000000000000, 1.000000000000000000 ) ) ;
#2127 = EDGE_CURVE ( 'NONE', #1130, #2848, #2729, .T. ) ;
#2128 = VERTEX_POINT ( 'NONE', #2560 ) ;
#2129 = DIRECTION ( 'NONE',  ( 1.000000000000000000, 0.000000000000000000, 0.000000000000000000 ) ) ;
#2130 = DIRECTION ( 'NONE',  ( -1.230300337572203632E-16, 1.000000000000000000, -0.000000000000000000 ) ) ;
#2131 = CIRCLE ( 'NONE', #2817, 2.999999999999999112 ) ;
#2132 = EDGE_CURVE ( 'NONE', #240, #2581, #1360, .T. ) ;
#2133 = CARTESIAN_POINT ( 'NONE',  ( 28.19999999999999574, -15.20000000000001172, -76.00000000000000000 ) ) ;
#2134 = ORIENTED_EDGE ( 'NONE', *, *, #126, .T. ) ;
#2135 = CARTESIAN_POINT ( 'NONE',  ( 15.19999999999999218, -25.19999999999999574, -10.00000000000000888 ) ) ;
#2136 = CARTESIAN_POINT ( 'NONE',  ( -25.20000000000000995, 25.20000000000000284, -5.000000000000000000 ) ) ;
#2137 = DIRECTION ( 'NONE',  ( 1.000000000000000000, 0.000000000000000000, 0.000000000000000000 ) ) ;
#2138 = MECHANICAL_DESIGN_GEOMETRIC_PRESENTATION_REPRESENTATION (  '', ( #1941 ), #2230 ) ;
#2139 = ORIENTED_EDGE ( 'NONE', *, *, #2256, .F. ) ;
#2140 = PLANE ( 'NONE',  #1698 ) ;
#2141 = ORIENTED_EDGE ( 'NONE', *, *, #595, .F. ) ;
#2142 = VECTOR ( 'NONE', #3012, 1000.000000000000000 ) ;
#2143 = DIRECTION ( 'NONE',  ( -0.000000000000000000, 0.000000000000000000, 1.000000000000000000 ) ) ;
#2144 = AXIS2_PLACEMENT_3D ( 'NONE', #2550, #1838, #1409 ) ;
#2145 = AXIS2_PLACEMENT_3D ( 'NONE', #954, #444, #458 ) ;
#2146 = DIRECTION ( 'NONE',  ( -1.000000000000000000, 0.000000000000000000, 0.000000000000000000 ) ) ;
#2147 = ORIENTED_EDGE ( 'NONE', *, *, #1563, .T. ) ;
#2148 = AXIS2_PLACEMENT_3D ( 'NONE', #2504, #2345, #247 ) ;
#2149 = FACE_OUTER_BOUND ( 'NONE', #1676, .T. ) ;
#2150 = EDGE_LOOP ( 'NONE', ( #1837, #648 ) ) ;
#2151 = ADVANCED_FACE ( 'NONE', ( #1619 ), #902, .T. ) ;
#2152 = DIRECTION ( 'NONE',  ( -1.000000000000000000, -3.469446951953613696E-16, 0.000000000000000000 ) ) ;
#2153 = CARTESIAN_POINT ( 'NONE',  ( 28.19999999999998863, 15.20000000000000107, -64.00000000000000000 ) ) ;
#2154 = EDGE_LOOP ( 'NONE', ( #2966, #2936, #2070, #55 ) ) ;
#2156 = DIRECTION ( 'NONE',  ( 1.000000000000000000, 0.000000000000000000, 0.000000000000000000 ) ) ;
#2155 = AXIS2_PLACEMENT_3D ( 'NONE', #95, #2847, #79 ) ;
#2157 = EDGE_CURVE ( 'NONE', #2543, #861, #1514, .T. ) ;
#2158 = ORIENTED_EDGE ( 'NONE', *, *, #1015, .F. ) ;
#2159 = DIRECTION ( 'NONE',  ( 0.000000000000000000, -0.000000000000000000, -1.000000000000000000 ) ) ;
#2160 = ORIENTED_EDGE ( 'NONE', *, *, #192, .F. ) ;
#2161 = CARTESIAN_POINT ( 'NONE',  ( 0.000000000000000000, 0.000000000000000000, -5.000000000000000000 ) ) ;
#2162 = AXIS2_PLACEMENT_3D ( 'NONE', #2695, #2924, #604 ) ;
#2163 = CARTESIAN_POINT ( 'NONE',  ( -25.20000000000000284, -18.20000000000000639, -10.00000000000000888 ) ) ;
#2164 = CARTESIAN_POINT ( 'NONE',  ( 0.000000000000000000, 0.000000000000000000, 24.99999999999999645 ) ) ;
#2165 = CARTESIAN_POINT ( 'NONE',  ( 0.000000000000000000, 0.000000000000000000, 1.600000000000000089 ) ) ;
#2166 = ORIENTED_EDGE ( 'NONE', *, *, #2002, .T. ) ;
#2167 = CARTESIAN_POINT ( 'NONE',  ( 28.19999999999999574, 18.19999999999999929, -76.00000000000000000 ) ) ;
#2168 = LINE ( 'NONE', #1244, #1261 ) ;
#2169 = EDGE_LOOP ( 'NONE', ( #1886, #1788, #2786, #1345 ) ) ;
#2170 = EDGE_CURVE ( 'NONE', #1200, #1197, #138, .T. ) ;
#2171 = PLANE ( 'NONE',  #3015 ) ;
#2172 = EDGE_LOOP ( 'NONE', ( #1009, #290, #164, #43 ) ) ;
#2173 = DIRECTION ( 'NONE',  ( 0.000000000000000000, 0.000000000000000000, -1.000000000000000000 ) ) ;
#2174 = ADVANCED_FACE ( 'NONE', ( #2547 ), #454, .F. ) ;
#2175 = CARTESIAN_POINT ( 'NONE',  ( 28.19999999999998863, 28.20000000000000284, -5.000000000000000000 ) ) ;
#2176 = EDGE_CURVE ( 'NONE', #1926, #1069, #184, .T. ) ;
#2177 = CARTESIAN_POINT ( 'NONE',  ( -15.19999999999999396, 28.20000000000000284, -10.00000000000000178 ) ) ;
#2178 = ORIENTED_EDGE ( 'NONE', *, *, #892, .F. ) ;
#2179 = CYLINDRICAL_SURFACE ( 'NONE', #823, 2.999999999999999112 ) ;
#2180 = DIRECTION ( 'NONE',  ( 0.000000000000000000, 0.000000000000000000, -1.000000000000000000 ) ) ;
#2181 = VERTEX_POINT ( 'NONE', #2177 ) ;
#2182 = CARTESIAN_POINT ( 'NONE',  ( 28.19999999999998863, 28.20000000000000284, -67.00000000000001421 ) ) ;
#2183 = DIRECTION ( 'NONE',  ( -0.000000000000000000, 0.000000000000000000, 1.000000000000000000 ) ) ;
#2184 = ORIENTED_EDGE ( 'NONE', *, *, #899, .F. ) ;
#2185 = CARTESIAN_POINT ( 'NONE',  ( -15.19999999999999396, -25.19999999999999574, -76.00000000000000000 ) ) ;
#2186 = FACE_OUTER_BOUND ( 'NONE', #1429, .T. ) ;
#2187 = EDGE_CURVE ( 'NONE', #2742, #298, #2681, .T. ) ;
#2188 = AXIS2_PLACEMENT_3D ( 'NONE', #2411, #1433, #2364 ) ;
#2189 = LINE ( 'NONE', #1264, #2277 ) ;
#2190 = DIRECTION ( 'NONE',  ( -1.000000000000000000, 0.000000000000000000, 0.000000000000000000 ) ) ;
#2191 = AXIS2_PLACEMENT_3D ( 'NONE', #2459, #1329, #1807 ) ;
#2192 = VECTOR ( 'NONE', #2130, 1000.000000000000000 ) ;
#2193 = VECTOR ( 'NONE', #1877, 1000.000000000000000 ) ;
#2194 = ORIENTED_EDGE ( 'NONE', *, *, #5, .T. ) ;
#2195 = ORIENTED_EDGE ( 'NONE', *, *, #828, .T. ) ;
#2196 = CARTESIAN_POINT ( 'NONE',  ( 33.69999999999998863, 16.10000000000000142, -67.00000000000001421 ) ) ;
#2197 = CARTESIAN_POINT ( 'NONE',  ( 18.19999999999999574, -21.20000000000000284, -10.00000000000000888 ) ) ;
#2198 = CYLINDRICAL_SURFACE ( 'NONE', #416, 2.999999999999999112 ) ;
#2199 = ORIENTED_EDGE ( 'NONE', *, *, #1930, .F. ) ;
#2200 = DIRECTION ( 'NONE',  ( 0.000000000000000000, 0.000000000000000000, -1.000000000000000000 ) ) ;
#2201 = VECTOR ( 'NONE', #754, 1000.000000000000000 ) ;
#2202 = LINE ( 'NONE', #1239, #2754 ) ;
#2203 = VECTOR ( 'NONE', #1352, 1000.000000000000000 ) ;
#2204 = EDGE_CURVE ( 'NONE', #1438, #431, #305, .T. ) ;
#2205 = CARTESIAN_POINT ( 'NONE',  ( 25.19999999999998863, -18.20000000000000995, -5.000000000000004441 ) ) ;
#2206 = CIRCLE ( 'NONE', #2445, 2.999999999999999112 ) ;
#2207 = ORIENTED_EDGE ( 'NONE', *, *, #1132, .F. ) ;
#2208 = DIRECTION ( 'NONE',  ( -0.000000000000000000, -0.000000000000000000, -1.000000000000000000 ) ) ;
#2209 = EDGE_LOOP ( 'NONE', ( #2085, #84, #1828, #1192 ) ) ;
#2210 = FACE_OUTER_BOUND ( 'NONE', #1711, .T. ) ;
#2211 = EDGE_CURVE ( 'NONE', #2543, #1197, #1424, .T. ) ;
#2212 = CYLINDRICAL_SURFACE ( 'NONE', #273, 2.600000000000001421 ) ;
#2213 = LINE ( 'NONE', #2478, #1255 ) ;
#2214 = ORIENTED_EDGE ( 'NONE', *, *, #1583, .T. ) ;
#2215 = CARTESIAN_POINT ( 'NONE',  ( 21.19999999999999218, 21.19999999999999929, -76.00000000000000000 ) ) ;
#2216 = DIRECTION ( 'NONE',  ( 0.000000000000000000, 0.000000000000000000, 1.000000000000000000 ) ) ;
#2217 = DIRECTION ( 'NONE',  ( 0.000000000000000000, -0.000000000000000000, -1.000000000000000000 ) ) ;
#2218 = ORIENTED_EDGE ( 'NONE', *, *, #317, .F. ) ;
#2219 = ADVANCED_FACE ( 'NONE', ( #288 ), #1000, .F. ) ;
#2220 = DIRECTION ( 'NONE',  ( 0.000000000000000000, -9.912705577010338368E-16, -1.000000000000000000 ) ) ;
#2221 = ORIENTED_EDGE ( 'NONE', *, *, #2263, .F. ) ;
#2222 = DIRECTION ( 'NONE',  ( -0.000000000000000000, -0.000000000000000000, 1.000000000000000000 ) ) ;
#2223 = EDGE_CURVE ( 'NONE', #668, #574, #1761, .T. ) ;
#2224 = EDGE_CURVE ( 'NONE', #1069, #1926, #1858, .T. ) ;
#2225 = ORIENTED_EDGE ( 'NONE', *, *, #2395, .F. ) ;
#2226 = DIRECTION ( 'NONE',  ( -1.230300337572203632E-16, 1.000000000000000000, 0.000000000000000000 ) ) ;
#2227 = ORIENTED_EDGE ( 'NONE', *, *, #336, .F. ) ;
#2228 = DIRECTION ( 'NONE',  ( 1.000000000000000000, 0.000000000000000000, 0.000000000000000000 ) ) ;
#2229 = CARTESIAN_POINT ( 'NONE',  ( -15.19999999999999396, -25.19999999999999574, -76.00000000000000000 ) ) ;
#2230 =( GEOMETRIC_REPRESENTATION_CONTEXT ( 3 ) GLOBAL_UNCERTAINTY_ASSIGNED_CONTEXT ( ( #1833 ) ) GLOBAL_UNIT_ASSIGNED_CONTEXT ( ( #567, #2427, #2497 ) ) REPRESENTATION_CONTEXT ( 'NONE', 'WORKASPACE' ) );
#2231 = CARTESIAN_POINT ( 'NONE',  ( 0.000000000000000000, 0.000000000000000000, 24.99999999999999645 ) ) ;
#2232 = VECTOR ( 'NONE', #2557, 1000.000000000000000 ) ;
#2233 = ORIENTED_EDGE ( 'NONE', *, *, #2053, .T. ) ;
#2234 = VECTOR ( 'NONE', #1087, 1000.000000000000000 ) ;
#2235 = VECTOR ( 'NONE', #906, 1000.000000000000000 ) ;
#2236 = AXIS2_PLACEMENT_3D ( 'NONE', #1020, #2659, #1243 ) ;
#2237 = ORIENTED_EDGE ( 'NONE', *, *, #1132, .T. ) ;
#2238 = CARTESIAN_POINT ( 'NONE',  ( -26.17000000000000526, 23.56999999999999673, -5.000000000000000000 ) ) ;
#2239 = EDGE_CURVE ( 'NONE', #1315, #268, #2634, .T. ) ;
#2240 = ORIENTED_EDGE ( 'NONE', *, *, #217, .F. ) ;
#2241 = CARTESIAN_POINT ( 'NONE',  ( 25.19999999999998863, 18.19999999999999929, -76.00000000000000000 ) ) ;
#2242 = CARTESIAN_POINT ( 'NONE',  ( 28.19999999999998863, 25.20000000000000284, 0.000000000000000000 ) ) ;
#2243 = EDGE_CURVE ( 'NONE', #1026, #1143, #2842, .T. ) ;
#2244 = ORIENTED_EDGE ( 'NONE', *, *, #2447, .F. ) ;
#2245 = CARTESIAN_POINT ( 'NONE',  ( 18.19999999999999574, -21.20000000000000284, -5.000000000000004441 ) ) ;
#2246 = CARTESIAN_POINT ( 'NONE',  ( 15.19999999999999396, 25.20000000000000284, -76.00000000000000000 ) ) ;
#2247 = LINE ( 'NONE', #146, #1763 ) ;
#2248 = AXIS2_PLACEMENT_3D ( 'NONE', #2165, #1241, #1654 ) ;
#2249 = CIRCLE ( 'NONE', #3019, 2.600000000000001421 ) ;
#2250 = EDGE_LOOP ( 'NONE', ( #2309, #111, #544, #1917 ) ) ;
#2251 = LINE ( 'NONE', #1974, #2877 ) ;
#2252 = AXIS2_PLACEMENT_3D ( 'NONE', #1203, #1913, #98 ) ;
#2253 = ORIENTED_EDGE ( 'NONE', *, *, #1420, .T. ) ;
#2254 = CARTESIAN_POINT ( 'NONE',  ( 18.19999999999999574, -21.20000000000000284, -5.000000000000004441 ) ) ;
#2255 = CARTESIAN_POINT ( 'NONE',  ( -15.19999999999999396, 25.20000000000000284, -10.00000000000000178 ) ) ;
#2256 = EDGE_CURVE ( 'NONE', #48, #353, #2969, .T. ) ;
#2257 = CARTESIAN_POINT ( 'NONE',  ( 18.19999999999999574, 28.20000000000000284, -5.000000000000000000 ) ) ;
#2258 = EDGE_LOOP ( 'NONE', ( #1357, #2350, #1999, #493 ) ) ;
#2259 = PLANE ( 'NONE',  #1226 ) ;
#2260 = EDGE_CURVE ( 'NONE', #1444, #641, #1439, .T. ) ;
#2261 = LINE ( 'NONE', #2272, #2668 ) ;
#2262 = LINE ( 'NONE', #1140, #1224 ) ;
#2263 = EDGE_CURVE ( 'NONE', #1900, #2742, #1685, .T. ) ;
#2264 = EDGE_LOOP ( 'NONE', ( #2271, #897, #2944, #2788 ) ) ;
#2265 = DIRECTION ( 'NONE',  ( -1.000000000000000000, 0.000000000000000000, 0.000000000000000000 ) ) ;
#2266 = ORIENTED_EDGE ( 'NONE', *, *, #1637, .F. ) ;
#2267 = DIRECTION ( 'NONE',  ( 1.000000000000000000, 0.000000000000000000, 0.000000000000000000 ) ) ;
#2268 = DIRECTION ( 'NONE',  ( 0.000000000000000000, -1.000000000000000000, 0.000000000000000000 ) ) ;
#2269 = VERTEX_POINT ( 'NONE', #20 ) ;
#2270 = DIRECTION ( 'NONE',  ( -0.000000000000000000, -0.000000000000000000, 1.000000000000000000 ) ) ;
#2271 = ORIENTED_EDGE ( 'NONE', *, *, #2685, .F. ) ;
#2272 = CARTESIAN_POINT ( 'NONE',  ( -28.19999999999999574, -18.20000000000000639, -76.00000000000000000 ) ) ;
#2273 = CARTESIAN_POINT ( 'NONE',  ( -28.20000000000000995, 28.20000000000000284, -64.00000000000000000 ) ) ;
#2274 = EDGE_CURVE ( 'NONE', #549, #2314, #2806, .T. ) ;
#2275 = VERTEX_POINT ( 'NONE', #2386 ) ;
#2276 = CARTESIAN_POINT ( 'NONE',  ( -21.19999999999999218, -21.20000000000000284, -5.000000000000004441 ) ) ;
#2277 = VECTOR ( 'NONE', #333, 1000.000000000000000 ) ;
#2278 = EDGE_CURVE ( 'NONE', #440, #2502, #2611, .T. ) ;
#2279 = VECTOR ( 'NONE', #496, 1000.000000000000000 ) ;
#2280 = EDGE_LOOP ( 'NONE', ( #2016, #1337, #2807, #1939 ) ) ;
#2281 = DIRECTION ( 'NONE',  ( 0.000000000000000000, 0.000000000000000000, 1.000000000000000000 ) ) ;
#2282 = VECTOR ( 'NONE', #2117, 1000.000000000000000 ) ;
#2283 = DIRECTION ( 'NONE',  ( 1.892048650787848266E-32, -1.537875421965254602E-16, 1.000000000000000000 ) ) ;
#2284 = ORIENTED_EDGE ( 'NONE', *, *, #1738, .T. ) ;
#2285 = VECTOR ( 'NONE', #2845, 1000.000000000000000 ) ;
#2286 = DIRECTION ( 'NONE',  ( -1.230300337572203632E-16, 1.000000000000000000, 2.478176394252584494E-15 ) ) ;
#2287 = ORIENTED_EDGE ( 'NONE', *, *, #878, .T. ) ;
#2288 = DIRECTION ( 'NONE',  ( 0.000000000000000000, 0.000000000000000000, 1.000000000000000000 ) ) ;
#2289 = CARTESIAN_POINT ( 'NONE',  ( 25.19999999999999218, 28.20000000000000284, -5.000000000000000000 ) ) ;
#2290 = LINE ( 'NONE', #2113, #1450 ) ;
#2291 = ADVANCED_FACE ( 'NONE', ( #720 ), #965, .T. ) ;
#2292 = AXIS2_PLACEMENT_3D ( 'NONE', #2487, #394, #1479 ) ;
#2293 = ORIENTED_EDGE ( 'NONE', *, *, #2223, .T. ) ;
#2294 = DIRECTION ( 'NONE',  ( -1.000000000000000000, 0.000000000000000000, 0.000000000000000000 ) ) ;
#2295 = VECTOR ( 'NONE', #59, 1000.000000000000000 ) ;
#2296 = VERTEX_POINT ( 'NONE', #1207 ) ;
#2297 = FACE_OUTER_BOUND ( 'NONE', #198, .T. ) ;
#2298 = VECTOR ( 'NONE', #824, 1000.000000000000000 ) ;
#2299 = AXIS2_PLACEMENT_3D ( 'NONE', #1510, #2463, #2909 ) ;
#2300 = ADVANCED_FACE ( 'NONE', ( #2149 ), #1932, .T. ) ;
#2301 = CARTESIAN_POINT ( 'NONE',  ( -23.56999999999999673, -23.57000000000000384, -5.000000000000000000 ) ) ;
#2302 = ORIENTED_EDGE ( 'NONE', *, *, #1189, .T. ) ;
#2303 = CARTESIAN_POINT ( 'NONE',  ( 20.96999999999999531, 23.56999999999999673, -5.000000000000000000 ) ) ;
#2304 = ORIENTED_EDGE ( 'NONE', *, *, #1390, .T. ) ;
#2305 = DIRECTION ( 'NONE',  ( -1.000000000000000000, 0.000000000000000000, -0.000000000000000000 ) ) ;
#2306 = CYLINDRICAL_SURFACE ( 'NONE', #1270, 2.999999999999999112 ) ;
#2307 = ORIENTED_EDGE ( 'NONE', *, *, #2929, .F. ) ;
#2308 = CARTESIAN_POINT ( 'NONE',  ( -25.20000000000000639, 15.20000000000000639, -76.00000000000000000 ) ) ;
#2309 = ORIENTED_EDGE ( 'NONE', *, *, #2871, .T. ) ;
#2310 = CARTESIAN_POINT ( 'NONE',  ( 21.19999999999999218, 18.19999999999999929, -5.000000000000004441 ) ) ;
#2311 = EDGE_CURVE ( 'NONE', #13, #2628, #2626, .T. ) ;
#2312 = DIRECTION ( 'NONE',  ( 0.000000000000000000, 0.000000000000000000, -1.000000000000000000 ) ) ;
#2313 = CARTESIAN_POINT ( 'NONE',  ( -18.19999999999999574, -25.19999999999999574, -5.000000000000004441 ) ) ;
#2314 = VERTEX_POINT ( 'NONE', #1948 ) ;
#2315 = DIRECTION ( 'NONE',  ( 0.000000000000000000, -0.000000000000000000, 1.000000000000000000 ) ) ;
#2316 = ADVANCED_FACE ( 'NONE', ( #986 ), #2870, .T. ) ;
#2317 = DIRECTION ( 'NONE',  ( 1.892048650787848266E-32, -1.537875421965254602E-16, 1.000000000000000000 ) ) ;
#2318 = ADVANCED_FACE ( 'NONE', ( #1529 ), #2780, .T. ) ;
#2319 = ORIENTED_EDGE ( 'NONE', *, *, #1307, .T. ) ;
#2320 = DIRECTION ( 'NONE',  ( 0.000000000000000000, 0.000000000000000000, 1.000000000000000000 ) ) ;
#2321 = CARTESIAN_POINT ( 'NONE',  ( 28.19999999999998153, -18.20000000000001350, -76.00000000000000000 ) ) ;
#2322 = ORIENTED_EDGE ( 'NONE', *, *, #750, .T. ) ;
#2323 = DIRECTION ( 'NONE',  ( 1.000000000000000000, -0.000000000000000000, 0.000000000000000000 ) ) ;
#2324 = ORIENTED_EDGE ( 'NONE', *, *, #771, .F. ) ;
#2325 = CARTESIAN_POINT ( 'NONE',  ( 21.19999999999999574, -18.20000000000000284, -5.000000000000000000 ) ) ;
#2326 = VECTOR ( 'NONE', #1742, 1000.000000000000000 ) ;
#2327 = VECTOR ( 'NONE', #2602, 1000.000000000000000 ) ;
#2328 = DIRECTION ( 'NONE',  ( -0.000000000000000000, 0.000000000000000000, -1.000000000000000000 ) ) ;
#2329 = DIRECTION ( 'NONE',  ( 0.000000000000000000, -0.000000000000000000, 1.000000000000000000 ) ) ;
#2330 = ORIENTED_EDGE ( 'NONE', *, *, #1670, .F. ) ;
#2331 = ADVANCED_FACE ( 'NONE', ( #2671 ), #1731, .F. ) ;
#2332 = DIRECTION ( 'NONE',  ( 1.000000000000000000, -0.000000000000000000, 0.000000000000000000 ) ) ;
#2333 = VECTOR ( 'NONE', #1048, 1000.000000000000000 ) ;
#2334 = ORIENTED_EDGE ( 'NONE', *, *, #1295, .T. ) ;
#2335 = EDGE_CURVE ( 'NONE', #2805, #1064, #1073, .T. ) ;
#2336 = AXIS2_PLACEMENT_3D ( 'NONE', #1947, #784, #2946 ) ;
#2337 = DIRECTION ( 'NONE',  ( 1.000000000000000000, 0.000000000000000000, 0.000000000000000000 ) ) ;
#2338 = CARTESIAN_POINT ( 'NONE',  ( 18.19999999999999574, -21.20000000000000284, -5.000000000000000000 ) ) ;
#2339 = EDGE_LOOP ( 'NONE', ( #2233, #2750, #978, #312, #337, #2518, #1057, #2915 ) ) ;
#2340 = DIRECTION ( 'NONE',  ( -0.000000000000000000, -0.000000000000000000, 1.000000000000000000 ) ) ;
#2341 = ORIENTED_EDGE ( 'NONE', *, *, #2902, .F. ) ;
#2342 = LINE ( 'NONE', #2310, #521 ) ;
#2343 = VECTOR ( 'NONE', #2743, 1000.000000000000000 ) ;
#2344 = DIRECTION ( 'NONE',  ( -1.000000000000000000, 0.000000000000000000, 0.000000000000000000 ) ) ;
#2345 = DIRECTION ( 'NONE',  ( 1.000000000000000000, 0.000000000000000000, 0.000000000000000000 ) ) ;
#2346 = AXIS2_PLACEMENT_3D ( 'NONE', #623, #101, #1786 ) ;
#2347 = EDGE_LOOP ( 'NONE', ( #1769, #895, #263, #1757 ) ) ;
#2348 = DIRECTION ( 'NONE',  ( 0.000000000000000000, 0.000000000000000000, 1.000000000000000000 ) ) ;
#2349 = AXIS2_PLACEMENT_3D ( 'NONE', #1066, #566, #1496 ) ;
#2350 = ORIENTED_EDGE ( 'NONE', *, *, #1725, .T. ) ;
#2351 = CARTESIAN_POINT ( 'NONE',  ( 15.19999999999999396, 28.20000000000000284, -76.00000000000000000 ) ) ;
#2352 = CARTESIAN_POINT ( 'NONE',  ( 25.19999999999998863, 18.19999999999999929, -5.000000000000000000 ) ) ;
#2353 = EDGE_CURVE ( 'NONE', #1143, #1732, #1519, .T. ) ;
#2354 = VERTEX_POINT ( 'NONE', #2443 ) ;
#2355 = DIRECTION ( 'NONE',  ( 1.000000000000000000, 0.000000000000000000, 0.000000000000000000 ) ) ;
#2356 = ADVANCED_FACE ( 'NONE', ( #88 ), #1042, .F. ) ;
#2357 = VERTEX_POINT ( 'NONE', #594 ) ;
#2358 = CARTESIAN_POINT ( 'NONE',  ( -20.97000000000000242, 23.56999999999999673, -5.000000000000000000 ) ) ;
#2359 = FACE_OUTER_BOUND ( 'NONE', #1494, .T. ) ;
#2360 = LINE ( 'NONE', #2406, #2623 ) ;
#2361 = VERTEX_POINT ( 'NONE', #1265 ) ;
#2362 = DIRECTION ( 'NONE',  ( 1.000000000000000000, 0.000000000000000000, 0.000000000000000000 ) ) ;
#2363 = ORIENTED_EDGE ( 'NONE', *, *, #2387, .F. ) ;
#2364 = DIRECTION ( 'NONE',  ( 1.000000000000000000, 0.000000000000000000, 0.000000000000000000 ) ) ;
#2365 = CARTESIAN_POINT ( 'NONE',  ( -28.20000000000000284, -28.19999999999999574, -5.000000000000000000 ) ) ;
#2366 = FACE_OUTER_BOUND ( 'NONE', #2930, .T. ) ;
#2367 = VERTEX_POINT ( 'NONE', #114 ) ;
#2368 = EDGE_CURVE ( 'NONE', #48, #2063, #2020, .T. ) ;
#2369 = DIRECTION ( 'NONE',  ( 1.000000000000000000, 0.000000000000000000, 0.000000000000000000 ) ) ;
#2370 = EDGE_CURVE ( 'NONE', #2731, #2598, #984, .T. ) ;
#2371 = EDGE_LOOP ( 'NONE', ( #1709, #2736, #2546, #2407 ) ) ;
#2372 = ADVANCED_FACE ( 'NONE', ( #568 ), #1030, .F. ) ;
#2373 = FACE_OUTER_BOUND ( 'NONE', #1552, .T. ) ;
#2374 = CARTESIAN_POINT ( 'NONE',  ( 15.19999999999999218, -25.19999999999999574, -5.000000000000000000 ) ) ;
#2375 = ORIENTED_EDGE ( 'NONE', *, *, #3014, .T. ) ;
#2376 = LINE ( 'NONE', #280, #681 ) ;
#2377 = APPLICATION_PROTOCOL_DEFINITION ( 'draft international standard', 'automotive_design', 1998, #1570 ) ;
#2378 = ORIENTED_EDGE ( 'NONE', *, *, #709, .F. ) ;
#2379 = CARTESIAN_POINT ( 'NONE',  ( 20.97000000000000242, -23.57000000000000384, 0.000000000000000000 ) ) ;
#2380 = VECTOR ( 'NONE', #2159, 1000.000000000000000 ) ;
#2381 = DIRECTION ( 'NONE',  ( 1.000000000000000000, 1.230300337572203632E-16, -0.000000000000000000 ) ) ;
#2382 = VECTOR ( 'NONE', #1375, 1000.000000000000000 ) ;
#2383 = AXIS2_PLACEMENT_3D ( 'NONE', #2136, #1908, #2833 ) ;
#2384 = DIRECTION ( 'NONE',  ( 1.000000000000000000, 0.000000000000000000, 0.000000000000000000 ) ) ;
#2385 = ORIENTED_EDGE ( 'NONE', *, *, #91, .F. ) ;
#2386 = CARTESIAN_POINT ( 'NONE',  ( -20.96999999999999531, -23.57000000000000384, -5.000000000000000000 ) ) ;
#2387 = EDGE_CURVE ( 'NONE', #1285, #775, #291, .T. ) ;
#2388 = EDGE_LOOP ( 'NONE', ( #1227, #2893, #2932, #529 ) ) ;
#2389 = LINE ( 'NONE', #2418, #1951 ) ;
#2390 = DIRECTION ( 'NONE',  ( 1.000000000000000000, 0.000000000000000000, 0.000000000000000000 ) ) ;
#2391 = ORIENTED_EDGE ( 'NONE', *, *, #548, .F. ) ;
#2393 = LINE ( 'NONE', #626, #1169 ) ;
#2392 = AXIS2_PLACEMENT_3D ( 'NONE', #406, #425, #2779 ) ;
#2394 = DIRECTION ( 'NONE',  ( 1.000000000000000000, 0.000000000000000000, 0.000000000000000000 ) ) ;
#2395 = EDGE_CURVE ( 'NONE', #1856, #2396, #1964, .T. ) ;
#2396 = VERTEX_POINT ( 'NONE', #1965 ) ;
#2397 = AXIS2_PLACEMENT_3D ( 'NONE', #2753, #2061, #2773 ) ;
#2398 = CARTESIAN_POINT ( 'NONE',  ( 25.19999999999998863, -18.20000000000000995, -5.000000000000004441 ) ) ;
#2399 = DIRECTION ( 'NONE',  ( -1.000000000000000000, 0.000000000000000000, 0.000000000000000000 ) ) ;
#2400 = AXIS2_PLACEMENT_3D ( 'NONE', #797, #2895, #807 ) ;
#2401 = DIRECTION ( 'NONE',  ( -0.000000000000000000, 1.000000000000000000, -0.000000000000000000 ) ) ;
#2402 = CARTESIAN_POINT ( 'NONE',  ( -28.20000000000000995, 15.20000000000000639, -76.00000000000000000 ) ) ;
#2403 = CARTESIAN_POINT ( 'NONE',  ( -28.20000000000000284, -25.19999999999999929, -5.000000000000000000 ) ) ;
#2404 = ORIENTED_EDGE ( 'NONE', *, *, #992, .T. ) ;
#2405 = LINE ( 'NONE', #276, #2572 ) ;
#2406 = CARTESIAN_POINT ( 'NONE',  ( 18.19999999999999574, 21.19999999999999929, -76.00000000000000000 ) ) ;
#2407 = ORIENTED_EDGE ( 'NONE', *, *, #2074, .F. ) ;
#2408 = CARTESIAN_POINT ( 'NONE',  ( 28.19999999999998863, 15.20000000000000107, -5.000000000000000000 ) ) ;
#2409 = EDGE_CURVE ( 'NONE', #2031, #1315, #1280, .T. ) ;
#2410 = VERTEX_POINT ( 'NONE', #1991 ) ;
#2411 = CARTESIAN_POINT ( 'NONE',  ( -25.20000000000000284, -25.19999999999999929, -5.000000000000000000 ) ) ;
#2412 = ORIENTED_EDGE ( 'NONE', *, *, #1269, .F. ) ;
#2413 = EDGE_CURVE ( 'NONE', #2675, #19, #684, .T. ) ;
#2414 = LINE ( 'NONE', #2654, #686 ) ;
#2415 = FACE_OUTER_BOUND ( 'NONE', #2781, .T. ) ;
#2416 = DIRECTION ( 'NONE',  ( 0.000000000000000000, -0.000000000000000000, -1.000000000000000000 ) ) ;
#2417 = ORIENTED_EDGE ( 'NONE', *, *, #478, .T. ) ;
#2418 = CARTESIAN_POINT ( 'NONE',  ( 23.19999999999999574, -16.10000000000000142, -74.00000000000001421 ) ) ;
#2419 = CARTESIAN_POINT ( 'NONE',  ( 23.19999999999999574, -16.09999999999999787, -67.00000000000001421 ) ) ;
#2420 = EDGE_LOOP ( 'NONE', ( #1568, #2432, #2826, #2375 ) ) ;
#2421 = PLANE ( 'NONE',  #2155 ) ;
#2422 = ORIENTED_EDGE ( 'NONE', *, *, #999, .F. ) ;
#2423 = EDGE_CURVE ( 'NONE', #386, #845, #1760, .T. ) ;
#2424 = CARTESIAN_POINT ( 'NONE',  ( -28.20000000000000284, -28.19999999999999574, -5.000000000000000000 ) ) ;
#2425 = AXIS2_PLACEMENT_3D ( 'NONE', #1834, #2756, #667 ) ;
#2426 = LINE ( 'NONE', #359, #2298 ) ;
#2427 =( NAMED_UNIT ( * ) PLANE_ANGLE_UNIT ( ) SI_UNIT ( $, .RADIAN. ) );
#2428 = DIRECTION ( 'NONE',  ( 1.000000000000000000, -3.469446951953613696E-16, 0.000000000000000000 ) ) ;
#2429 = AXIS2_PLACEMENT_3D ( 'NONE', #2808, #2582, #489 ) ;
#2430 = VECTOR ( 'NONE', #2784, 1000.000000000000000 ) ;
#2431 = ADVANCED_FACE ( 'NONE', ( #1292 ), #129, .T. ) ;
#2432 = ORIENTED_EDGE ( 'NONE', *, *, #56, .T. ) ;
#2433 = CARTESIAN_POINT ( 'NONE',  ( 0.000000000000000000, 0.000000000000000000, 24.99999999999999645 ) ) ;
#2434 = ORIENTED_EDGE ( 'NONE', *, *, #1682, .F. ) ;
#2435 = CARTESIAN_POINT ( 'NONE',  ( 25.19999999999998863, 15.20000000000000107, -10.00000000000000178 ) ) ;
#2436 = CARTESIAN_POINT ( 'NONE',  ( 25.19999999999999218, -15.20000000000001172, -64.00000000000000000 ) ) ;
#2437 = CARTESIAN_POINT ( 'NONE',  ( 25.19999999999999218, -15.20000000000001172, -74.00000000000001421 ) ) ;
#2438 = VERTEX_POINT ( 'NONE', #1310 ) ;
#2439 = LINE ( 'NONE', #1758, #438 ) ;
#2440 = AXIS2_PLACEMENT_3D ( 'NONE', #525, #2023, #1465 ) ;
#2441 = DIRECTION ( 'NONE',  ( -1.000000000000000000, -3.469446951953613696E-16, -0.000000000000000000 ) ) ;
#2442 = VECTOR ( 'NONE', #1818, 1000.000000000000000 ) ;
#2443 = CARTESIAN_POINT ( 'NONE',  ( -18.19999999999999574, 25.20000000000000284, -76.00000000000000000 ) ) ;
#2444 = EDGE_CURVE ( 'NONE', #1782, #48, #2247, .T. ) ;
#2445 = AXIS2_PLACEMENT_3D ( 'NONE', #1962, #1079, #112 ) ;
#2446 = VERTEX_POINT ( 'NONE', #2983 ) ;
#2447 = EDGE_CURVE ( 'NONE', #2296, #298, #2499, .T. ) ;
#2448 = ORIENTED_EDGE ( 'NONE', *, *, #2778, .T. ) ;
#2449 = DIRECTION ( 'NONE',  ( -1.000000000000000000, 0.000000000000000000, -0.000000000000000000 ) ) ;
#2450 = ORIENTED_EDGE ( 'NONE', *, *, #808, .T. ) ;
#2451 = DIRECTION ( 'NONE',  ( -0.000000000000000000, -0.000000000000000000, 1.000000000000000000 ) ) ;
#2452 = ORIENTED_EDGE ( 'NONE', *, *, #2740, .T. ) ;
#2453 = FACE_OUTER_BOUND ( 'NONE', #35, .T. ) ;
#2454 = CARTESIAN_POINT ( 'NONE',  ( -18.19999999999999574, -28.20000000000001705, -10.00000000000000888 ) ) ;
#2455 = DIRECTION ( 'NONE',  ( 0.000000000000000000, 0.000000000000000000, -1.000000000000000000 ) ) ;
#2456 = ADVANCED_FACE ( 'NONE', ( #1093 ), #219, .F. ) ;
#2457 = ORIENTED_EDGE ( 'NONE', *, *, #951, .T. ) ;
#2458 = EDGE_LOOP ( 'NONE', ( #2556, #2843, #2530, #2240 ) ) ;
#2459 = CARTESIAN_POINT ( 'NONE',  ( 0.000000000000000000, 0.000000000000000000, -5.000000000000000000 ) ) ;
#2460 = DIRECTION ( 'NONE',  ( -1.000000000000000000, 0.000000000000000000, 0.000000000000000000 ) ) ;
#2461 = DIRECTION ( 'NONE',  ( -1.000000000000000000, 0.000000000000000000, 0.000000000000000000 ) ) ;
#2462 = ORIENTED_EDGE ( 'NONE', *, *, #1094, .F. ) ;
#2463 = DIRECTION ( 'NONE',  ( 0.000000000000000000, 0.000000000000000000, -1.000000000000000000 ) ) ;
#2464 = DIRECTION ( 'NONE',  ( 1.000000000000000000, -9.531447670202239898E-17, -0.000000000000000000 ) ) ;
#2465 = VECTOR ( 'NONE', #798, 1000.000000000000000 ) ;
#2466 = VECTOR ( 'NONE', #2014, 1000.000000000000000 ) ;
#2467 = DIRECTION ( 'NONE',  ( 0.000000000000000000, 0.000000000000000000, -1.000000000000000000 ) ) ;
#2468 = CIRCLE ( 'NONE', #1544, 2.999999999999999112 ) ;
#2469 = EDGE_LOOP ( 'NONE', ( #1001, #2457, #1147, #2141 ) ) ;
#2470 = VECTOR ( 'NONE', #409, 1000.000000000000000 ) ;
#2471 = DIRECTION ( 'NONE',  ( -0.000000000000000000, -0.000000000000000000, -1.000000000000000000 ) ) ;
#2472 = EDGE_CURVE ( 'NONE', #835, #2677, #1808, .T. ) ;
#2473 = AXIS2_PLACEMENT_3D ( 'NONE', #210, #1812, #2069 ) ;
#2474 = ORIENTED_EDGE ( 'NONE', *, *, #1954, .T. ) ;
#2475 = CARTESIAN_POINT ( 'NONE',  ( -15.19999999999999396, -28.19999999999999574, -76.00000000000000000 ) ) ;
#2476 = ADVANCED_FACE ( 'NONE', ( #2510 ), #2306, .F. ) ;
#2477 = ORIENTED_EDGE ( 'NONE', *, *, #1670, .T. ) ;
#2478 = CARTESIAN_POINT ( 'NONE',  ( 28.19999999999998863, 28.20000000000000284, -64.00000000000000000 ) ) ;
#2479 = ORIENTED_EDGE ( 'NONE', *, *, #2444, .F. ) ;
#2480 = CARTESIAN_POINT ( 'NONE',  ( -25.20000000000000639, 15.20000000000000639, -76.00000000000000000 ) ) ;
#2481 = EDGE_CURVE ( 'NONE', #2598, #818, #403, .T. ) ;
#2482 = DIRECTION ( 'NONE',  ( 0.000000000000000000, 0.000000000000000000, -1.000000000000000000 ) ) ;
#2483 = CARTESIAN_POINT ( 'NONE',  ( -21.19999999999999218, -21.20000000000000284, -76.00000000000000000 ) ) ;
#2484 = AXIS2_PLACEMENT_3D ( 'NONE', #2715, #2891, #804 ) ;
#2485 = AXIS2_PLACEMENT_3D ( 'NONE', #2075, #1850, #683 ) ;
#2486 = ORIENTED_EDGE ( 'NONE', *, *, #2092, .T. ) ;
#2487 = CARTESIAN_POINT ( 'NONE',  ( -23.56999999999999673, -23.57000000000000384, -5.000000000000000000 ) ) ;
#2488 = CIRCLE ( 'NONE', #1075, 2.600000000000001421 ) ;
#2489 = EDGE_LOOP ( 'NONE', ( #2978, #507, #2417, #1188 ) ) ;
#2490 = CARTESIAN_POINT ( 'NONE',  ( -28.20000000000000995, 28.20000000000000284, -10.00000000000000000 ) ) ;
#2491 = CYLINDRICAL_SURFACE ( 'NONE', #32, 2.999999999999999112 ) ;
#2492 = ORIENTED_EDGE ( 'NONE', *, *, #934, .T. ) ;
#2493 = EDGE_CURVE ( 'NONE', #1782, #1393, #900, .T. ) ;
#2494 = CARTESIAN_POINT ( 'NONE',  ( -15.19999999999999396, 28.20000000000000284, -5.000000000000000000 ) ) ;
#2495 = EDGE_LOOP ( 'NONE', ( #1466, #453, #853, #990 ) ) ;
#2496 = ADVANCED_FACE ( 'NONE', ( #3013 ), #2545, .F. ) ;
#2497 =( NAMED_UNIT ( * ) SI_UNIT ( $, .STERADIAN. ) SOLID_ANGLE_UNIT ( ) );
#2498 = EDGE_CURVE ( 'NONE', #2438, #835, #871, .T. ) ;
#2499 = LINE ( 'NONE', #2997, #2533 ) ;
#2500 = ORIENTED_EDGE ( 'NONE', *, *, #1339, .F. ) ;
#2501 = CYLINDRICAL_SURFACE ( 'NONE', #2392, 4.000000000000000000 ) ;
#2502 = VERTEX_POINT ( 'NONE', #1325 ) ;
#2503 = CARTESIAN_POINT ( 'NONE',  ( 28.19999999999998863, 15.20000000000000107, -5.000000000000000000 ) ) ;
#2504 = CARTESIAN_POINT ( 'NONE',  ( -18.19999999999999574, 28.20000000000000639, -76.00000000000000000 ) ) ;
#2505 = ORIENTED_EDGE ( 'NONE', *, *, #2832, .F. ) ;
#2506 = DIRECTION ( 'NONE',  ( 1.000000000000000000, 1.230300337572203632E-16, -0.000000000000000000 ) ) ;
#2507 = EDGE_CURVE ( 'NONE', #1382, #2367, #1336, .T. ) ;
#2508 = ORIENTED_EDGE ( 'NONE', *, *, #404, .F. ) ;
#2509 = LINE ( 'NONE', #1383, #1593 ) ;
#2510 = FACE_OUTER_BOUND ( 'NONE', #2824, .T. ) ;
#2511 = VECTOR ( 'NONE', #1713, 1000.000000000000000 ) ;
#2512 = ORIENTED_EDGE ( 'NONE', *, *, #2869, .F. ) ;
#2513 = CARTESIAN_POINT ( 'NONE',  ( 23.19999999999998863, 16.10000000000000142, -67.00000000000001421 ) ) ;
#2514 = VECTOR ( 'NONE', #2464, 1000.000000000000000 ) ;
#2515 = ADVANCED_FACE ( 'NONE', ( #664 ), #1616, .F. ) ;
#2516 = CARTESIAN_POINT ( 'NONE',  ( 15.19999999999999218, -28.20000000000000284, -76.00000000000000000 ) ) ;
#2517 = CIRCLE ( 'NONE', #81, 2.600000000000001421 ) ;
#2518 = ORIENTED_EDGE ( 'NONE', *, *, #749, .T. ) ;
#2519 = LINE ( 'NONE', #656, #2282 ) ;
#2520 = VECTOR ( 'NONE', #194, 1000.000000000000000 ) ;
#2521 = CIRCLE ( 'NONE', #1107, 2.999999999999999112 ) ;
#2522 = CYLINDRICAL_SURFACE ( 'NONE', #1109, 2.999999999999999112 ) ;
#2523 = ORIENTED_EDGE ( 'NONE', *, *, #2187, .T. ) ;
#2524 = CIRCLE ( 'NONE', #1799, 2.999999999999999112 ) ;
#2525 = FACE_OUTER_BOUND ( 'NONE', #2964, .T. ) ;
#2526 = VERTEX_POINT ( 'NONE', #417 ) ;
#2527 = CARTESIAN_POINT ( 'NONE',  ( -28.20000000000000284, -28.19999999999999574, -10.00000000000000888 ) ) ;
#2528 = CARTESIAN_POINT ( 'NONE',  ( 28.19999999999998863, 28.20000000000000284, -10.00000000000000000 ) ) ;
#2529 = VECTOR ( 'NONE', #2046, 1000.000000000000000 ) ;
#2530 = ORIENTED_EDGE ( 'NONE', *, *, #2791, .F. ) ;
#2531 = EDGE_CURVE ( 'NONE', #2063, #865, #2262, .T. ) ;
#2532 = DIRECTION ( 'NONE',  ( 0.000000000000000000, -0.000000000000000000, -1.000000000000000000 ) ) ;
#2533 = VECTOR ( 'NONE', #2952, 1000.000000000000000 ) ;
#2534 = VERTEX_POINT ( 'NONE', #1599 ) ;
#2535 = DIRECTION ( 'NONE',  ( 1.000000000000000000, 0.000000000000000000, 0.000000000000000000 ) ) ;
#2536 = EDGE_CURVE ( 'NONE', #353, #2438, #169, .T. ) ;
#2537 = DIRECTION ( 'NONE',  ( -1.000000000000000000, -0.000000000000000000, -0.000000000000000000 ) ) ;
#2538 =( GEOMETRIC_REPRESENTATION_CONTEXT ( 3 ) GLOBAL_UNCERTAINTY_ASSIGNED_CONTEXT ( ( #665 ) ) GLOBAL_UNIT_ASSIGNED_CONTEXT ( ( #1662, #3009, #1628 ) ) REPRESENTATION_CONTEXT ( 'NONE', 'WORKASPACE' ) );
#2539 = DIRECTION ( 'NONE',  ( 0.000000000000000000, -0.000000000000000000, 1.000000000000000000 ) ) ;
#2540 = ORIENTED_EDGE ( 'NONE', *, *, #1420, .F. ) ;
#2541 = DIRECTION ( 'NONE',  ( -0.000000000000000000, -0.000000000000000000, -1.000000000000000000 ) ) ;
#2542 = DIRECTION ( 'NONE',  ( -1.000000000000000000, 0.000000000000000000, 0.000000000000000000 ) ) ;
#2543 = VERTEX_POINT ( 'NONE', #2289 ) ;
#2544 = CARTESIAN_POINT ( 'NONE',  ( -25.20000000000000284, -15.20000000000000462, -64.00000000000000000 ) ) ;
#2545 = PLANE ( 'NONE',  #2397 ) ;
#2546 = ORIENTED_EDGE ( 'NONE', *, *, #2132, .F. ) ;
#2547 = FACE_OUTER_BOUND ( 'NONE', #1254, .T. ) ;
#2548 = EDGE_CURVE ( 'NONE', #2410, #382, #914, .T. ) ;
#2549 = EDGE_LOOP ( 'NONE', ( #2492, #248 ) ) ;
#2550 = CARTESIAN_POINT ( 'NONE',  ( 28.19999999999998863, 28.20000000000000284, -5.000000000000000000 ) ) ;
#2551 = EDGE_CURVE ( 'NONE', #2805, #2314, #1108, .T. ) ;
#2552 = LINE ( 'NONE', #1257, #33 ) ;
#2553 = CARTESIAN_POINT ( 'NONE',  ( 18.19999999999999574, -25.19999999999999574, -76.00000000000000000 ) ) ;
#2554 = ORIENTED_EDGE ( 'NONE', *, *, #607, .T. ) ;
#2555 = CARTESIAN_POINT ( 'NONE',  ( -18.19999999999999574, -28.20000000000000639, -76.00000000000000000 ) ) ;
#2556 = ORIENTED_EDGE ( 'NONE', *, *, #2157, .F. ) ;
#2557 = DIRECTION ( 'NONE',  ( 1.000000000000000000, 0.000000000000000000, -1.892048650787848266E-32 ) ) ;
#2558 = DIRECTION ( 'NONE',  ( -0.000000000000000000, -0.000000000000000000, -1.000000000000000000 ) ) ;
#2559 = ORIENTED_EDGE ( 'NONE', *, *, #1787, .F. ) ;
#2560 = CARTESIAN_POINT ( 'NONE',  ( -28.19999999999999574, 15.20000000000000639, -76.00000000000000000 ) ) ;
#2561 = ORIENTED_EDGE ( 'NONE', *, *, #2908, .T. ) ;
#2562 = CARTESIAN_POINT ( 'NONE',  ( -28.19999999999999574, 18.20000000000000639, -9.999999999999994671 ) ) ;
#2563 = VECTOR ( 'NONE', #963, 1000.000000000000000 ) ;
#2564 = VECTOR ( 'NONE', #2093, 1000.000000000000000 ) ;
#2565 = VECTOR ( 'NONE', #905, 1000.000000000000000 ) ;
#2566 = DIRECTION ( 'NONE',  ( 0.000000000000000000, -0.000000000000000000, -1.000000000000000000 ) ) ;
#2567 = CARTESIAN_POINT ( 'NONE',  ( -21.19999999999999218, -18.20000000000000284, -5.000000000000004441 ) ) ;
#2568 = EDGE_LOOP ( 'NONE', ( #370, #2001, #1004, #2512 ) ) ;
#2569 = DIRECTION ( 'NONE',  ( 1.230300337572203632E-16, -1.000000000000000000, -1.537875421965254602E-16 ) ) ;
#2570 = CIRCLE ( 'NONE', #967, 2.999999999999999112 ) ;
#2571 = EDGE_CURVE ( 'NONE', #2446, #1086, #436, .T. ) ;
#2572 = VECTOR ( 'NONE', #61, 1000.000000000000000 ) ;
#2573 = DIRECTION ( 'NONE',  ( 1.000000000000000000, 2.154935995002245639E-16, -2.136124605575907880E-31 ) ) ;
#2574 = ORIENTED_EDGE ( 'NONE', *, *, #548, .T. ) ;
#2575 = VECTOR ( 'NONE', #956, 1000.000000000000000 ) ;
#2576 = CARTESIAN_POINT ( 'NONE',  ( 28.19999999999999574, -15.20000000000001172, -10.00000000000000888 ) ) ;
#2577 = ADVANCED_FACE ( 'NONE', ( #887 ), #2741, .T. ) ;
#2578 = CYLINDRICAL_SURFACE ( 'NONE', #2252, 2.999999999999999112 ) ;
#2579 = EDGE_LOOP ( 'NONE', ( #1168, #890, #901, #633 ) ) ;
#2580 = DIRECTION ( 'NONE',  ( -0.000000000000000000, -0.000000000000000000, 1.000000000000000000 ) ) ;
#2581 = VERTEX_POINT ( 'NONE', #1384 ) ;
#2582 = DIRECTION ( 'NONE',  ( 1.892048650787848266E-32, -1.537875421965254602E-16, 1.000000000000000000 ) ) ;
#2583 = VECTOR ( 'NONE', #777, 1000.000000000000000 ) ;
#2584 = CARTESIAN_POINT ( 'NONE',  ( 18.19999999999999574, 25.20000000000000284, -5.000000000000004441 ) ) ;
#2585 = LINE ( 'NONE', #774, #2575 ) ;
#2586 = VECTOR ( 'NONE', #1171, 1000.000000000000000 ) ;
#2587 = VERTEX_POINT ( 'NONE', #532 ) ;
#2588 = DIRECTION ( 'NONE',  ( 1.000000000000000000, -1.156482317317871725E-15, 0.000000000000000000 ) ) ;
#2589 = EDGE_LOOP ( 'NONE', ( #1078, #645 ) ) ;
#2590 = ADVANCED_FACE ( 'NONE', ( #3 ), #1631, .T. ) ;
#2591 = CARTESIAN_POINT ( 'NONE',  ( -25.20000000000000639, 15.20000000000000639, -5.000000000000004441 ) ) ;
#2592 = DIRECTION ( 'NONE',  ( 1.000000000000000000, 1.230300337572203632E-16, 0.000000000000000000 ) ) ;
#2593 = EDGE_CURVE ( 'NONE', #715, #936, #2249, .T. ) ;
#2594 = EDGE_CURVE ( 'NONE', #1438, #2275, #1716, .T. ) ;
#2595 = DIRECTION ( 'NONE',  ( 0.000000000000000000, 0.000000000000000000, 1.000000000000000000 ) ) ;
#2596 = ORIENTED_EDGE ( 'NONE', *, *, #1624, .F. ) ;
#2597 = CARTESIAN_POINT ( 'NONE',  ( -28.20000000000000995, 28.20000000000000284, -5.000000000000000000 ) ) ;
#2598 = VERTEX_POINT ( 'NONE', #2804 ) ;
#2599 = FACE_OUTER_BOUND ( 'NONE', #1367, .T. ) ;
#2600 = LINE ( 'NONE', #1003, #2958 ) ;
#2601 = VERTEX_POINT ( 'NONE', #39 ) ;
#2602 = DIRECTION ( 'NONE',  ( -0.000000000000000000, -2.478176394252584494E-15, 1.000000000000000000 ) ) ;
#2603 = CARTESIAN_POINT ( 'NONE',  ( 0.000000000000000000, 0.000000000000000000, 24.99999999999999645 ) ) ;
#2604 = CARTESIAN_POINT ( 'NONE',  ( 25.19999999999999218, -15.20000000000001172, -5.000000000000004441 ) ) ;
#2605 = EDGE_LOOP ( 'NONE', ( #135, #1032, #1684, #661 ) ) ;
#2606 = DIRECTION ( 'NONE',  ( -1.000000000000000000, -1.230300337572203632E-16, 0.000000000000000000 ) ) ;
#2607 = LINE ( 'NONE', #1929, #883 ) ;
#2608 = EDGE_CURVE ( 'NONE', #943, #2410, #388, .T. ) ;
#2609 = CARTESIAN_POINT ( 'NONE',  ( -25.20000000000000284, -15.20000000000000462, -76.00000000000000000 ) ) ;
#2610 = ORIENTED_EDGE ( 'NONE', *, *, #2127, .F. ) ;
#2611 = LINE ( 'NONE', #1225, #1419 ) ;
#2612 = VERTEX_POINT ( 'NONE', #1469 ) ;
#2613 = EDGE_CURVE ( 'NONE', #2800, #327, #2607, .T. ) ;
#2614 = DIRECTION ( 'NONE',  ( 0.000000000000000000, 0.000000000000000000, 1.000000000000000000 ) ) ;
#2615 = PLANE ( 'NONE',  #176 ) ;
#2616 = ORIENTED_EDGE ( 'NONE', *, *, #1725, .F. ) ;
#2617 = DIRECTION ( 'NONE',  ( 0.000000000000000000, 0.000000000000000000, 1.000000000000000000 ) ) ;
#2618 = AXIS2_PLACEMENT_3D ( 'NONE', #2185, #1712, #1249 ) ;
#2619 = VERTEX_POINT ( 'NONE', #2850 ) ;
#2620 = DIRECTION ( 'NONE',  ( 0.000000000000000000, -0.000000000000000000, -1.000000000000000000 ) ) ;
#2621 = VECTOR ( 'NONE', #162, 1000.000000000000000 ) ;
#2622 = CARTESIAN_POINT ( 'NONE',  ( -23.56999999999999673, -23.57000000000000384, -5.000000000000000000 ) ) ;
#2623 = VECTOR ( 'NONE', #308, 1000.000000000000000 ) ;
#2624 = VECTOR ( 'NONE', #2760, 1000.000000000000000 ) ;
#2625 = PRESENTATION_STYLE_ASSIGNMENT (( #2852 ) ) ;
#2626 = LINE ( 'NONE', #2403, #2684 ) ;
#2627 = EDGE_CURVE ( 'NONE', #2502, #1111, #238, .T. ) ;
#2628 = VERTEX_POINT ( 'NONE', #1666 ) ;
#2629 = FACE_OUTER_BOUND ( 'NONE', #2040, .T. ) ;
#2630 = ADVANCED_FACE ( 'NONE', ( #2111 ), #1010, .T. ) ;
#2631 = DIRECTION ( 'NONE',  ( -0.000000000000000000, 1.000000000000000000, -0.000000000000000000 ) ) ;
#2632 = ORIENTED_EDGE ( 'NONE', *, *, #2905, .F. ) ;
#2633 = LINE ( 'NONE', #545, #1501 ) ;
#2635 = CARTESIAN_POINT ( 'NONE',  ( 18.19999999999999574, -28.20000000000000284, -76.00000000000000000 ) ) ;
#2634 = CIRCLE ( 'NONE', #1805, 2.999999999999999112 ) ;
#2636 = ORIENTED_EDGE ( 'NONE', *, *, #102, .T. ) ;
#2637 = AXIS2_PLACEMENT_3D ( 'NONE', #1498, #2467, #799 ) ;
#2638 = CARTESIAN_POINT ( 'NONE',  ( -21.19999999999999218, 21.20000000000000284, -9.999999999999994671 ) ) ;
#2639 = FACE_OUTER_BOUND ( 'NONE', #2169, .T. ) ;
#2640 = DIRECTION ( 'NONE',  ( -3.469446951953613696E-16, 1.000000000000000000, 0.000000000000000000 ) ) ;
#2641 = CIRCLE ( 'NONE', #295, 2.999999999999999112 ) ;
#2642 = CYLINDRICAL_SURFACE ( 'NONE', #25, 2.999999999999999112 ) ;
#2643 = DIRECTION ( 'NONE',  ( -1.000000000000000000, -0.000000000000000000, -0.000000000000000000 ) ) ;
#2644 = EDGE_LOOP ( 'NONE', ( #615, #1645, #1047, #3002 ) ) ;
#2645 = EDGE_CURVE ( 'NONE', #2275, #1438, #1174, .T. ) ;
#2646 = CARTESIAN_POINT ( 'NONE',  ( 15.19999999999999396, 25.20000000000000284, -76.00000000000000000 ) ) ;
#2647 = DIRECTION ( 'NONE',  ( 1.000000000000000000, -3.469446951953613696E-16, 0.000000000000000000 ) ) ;
#2648 = ORIENTED_EDGE ( 'NONE', *, *, #2370, .F. ) ;
#2649 = CARTESIAN_POINT ( 'NONE',  ( -28.20000000000000995, 15.20000000000000639, -76.00000000000000000 ) ) ;
#2650 = FACE_OUTER_BOUND ( 'NONE', #2948, .T. ) ;
#2651 = CARTESIAN_POINT ( 'NONE',  ( -20.97000000000000242, 23.56999999999999673, -5.000000000000000000 ) ) ;
#2652 = CARTESIAN_POINT ( 'NONE',  ( 15.19999999999999396, 28.20000000000000284, -9.999999999999994671 ) ) ;
#2653 = ORIENTED_EDGE ( 'NONE', *, *, #1117, .F. ) ;
#2654 = CARTESIAN_POINT ( 'NONE',  ( -18.19999999999999574, 25.20000000000000284, -76.00000000000000000 ) ) ;
#2655 = PRODUCT_DEFINITION_CONTEXT ( 'detailed design', #1570, 'design' ) ;
#2656 = CARTESIAN_POINT ( 'NONE',  ( 18.19999999999999574, -28.20000000000000284, -76.00000000000000000 ) ) ;
#2657 = DIRECTION ( 'NONE',  ( 1.000000000000000000, 0.000000000000000000, 0.000000000000000000 ) ) ;
#2658 = ORIENTED_EDGE ( 'NONE', *, *, #1644, .T. ) ;
#2659 = DIRECTION ( 'NONE',  ( -0.000000000000000000, 0.000000000000000000, 1.000000000000000000 ) ) ;
#2660 = VERTEX_POINT ( 'NONE', #2338 ) ;
#2661 = FACE_OUTER_BOUND ( 'NONE', #433, .T. ) ;
#2662 = DIRECTION ( 'NONE',  ( 0.000000000000000000, 1.000000000000000000, 0.000000000000000000 ) ) ;
#2663 = ORIENTED_EDGE ( 'NONE', *, *, #1284, .T. ) ;
#2664 = LINE ( 'NONE', #819, #915 ) ;
#2665 = ORIENTED_EDGE ( 'NONE', *, *, #1421, .T. ) ;
#2666 = ADVANCED_FACE ( 'NONE', ( #701 ), #47, .T. ) ;
#2667 = LINE ( 'NONE', #141, #1366 ) ;
#2668 = VECTOR ( 'NONE', #2441, 1000.000000000000000 ) ;
#2669 = DIRECTION ( 'NONE',  ( 0.000000000000000000, 0.000000000000000000, 1.000000000000000000 ) ) ;
#2670 = ADVANCED_FACE ( 'NONE', ( #1942 ), #1221, .T. ) ;
#2671 = FACE_OUTER_BOUND ( 'NONE', #806, .T. ) ;
#2672 = AXIS2_PLACEMENT_3D ( 'NONE', #1276, #137, #1756 ) ;
#2673 = AXIS2_PLACEMENT_3D ( 'NONE', #262, #678, #2362 ) ;
#2674 = AXIS2_PLACEMENT_3D ( 'NONE', #2374, #1489, #2390 ) ;
#2675 = VERTEX_POINT ( 'NONE', #1418 ) ;
#2676 = LINE ( 'NONE', #1229, #1651 ) ;
#2677 = VERTEX_POINT ( 'NONE', #2352 ) ;
#2678 = CARTESIAN_POINT ( 'NONE',  ( -20.97000000000000242, 23.56999999999999673, 0.000000000000000000 ) ) ;
#2679 = EDGE_LOOP ( 'NONE', ( #377, #1490, #272, #82 ) ) ;
#2680 = CARTESIAN_POINT ( 'NONE',  ( 20.96999999999999531, 23.56999999999999673, -5.000000000000000000 ) ) ;
#2681 = CIRCLE ( 'NONE', #2922, 2.999999999999999112 ) ;
#2682 = EDGE_LOOP ( 'NONE', ( #1893, #2486, #832, #926 ) ) ;
#2683 = DIRECTION ( 'NONE',  ( -1.000000000000000000, 0.000000000000000000, 0.000000000000000000 ) ) ;
#2684 = VECTOR ( 'NONE', #1013, 1000.000000000000000 ) ;
#2685 = EDGE_CURVE ( 'NONE', #2619, #74, #17, .T. ) ;
#2686 = CYLINDRICAL_SURFACE ( 'NONE', #371, 2.999999999999999112 ) ;
#2687 = DIRECTION ( 'NONE',  ( -0.000000000000000000, -0.000000000000000000, 1.000000000000000000 ) ) ;
#2688 = ADVANCED_FACE ( 'NONE', ( #266, #466 ), #252, .F. ) ;
#2689 = ORIENTED_EDGE ( 'NONE', *, *, #271, .F. ) ;
#2690 = ORIENTED_EDGE ( 'NONE', *, *, #314, .F. ) ;
#2691 = DIRECTION ( 'NONE',  ( -0.000000000000000000, 0.000000000000000000, 1.000000000000000000 ) ) ;
#2692 = ORIENTED_EDGE ( 'NONE', *, *, #2243, .F. ) ;
#2693 = CYLINDRICAL_SURFACE ( 'NONE', #2672, 2.999999999999999112 ) ;
#2694 = EDGE_LOOP ( 'NONE', ( #231, #952, #946, #2477 ) ) ;
#2695 = CARTESIAN_POINT ( 'NONE',  ( 0.000000000000000000, 0.000000000000000000, 24.50000000000000000 ) ) ;
#2696 = DIRECTION ( 'NONE',  ( -1.000000000000000000, 0.000000000000000000, 0.000000000000000000 ) ) ;
#2697 = ADVANCED_FACE ( 'NONE', ( #1401 ), #717, .F. ) ;
#2698 = DIRECTION ( 'NONE',  ( -0.000000000000000000, -0.000000000000000000, -1.000000000000000000 ) ) ;
#2699 = ORIENTED_EDGE ( 'NONE', *, *, #51, .F. ) ;
#2700 = ADVANCED_FACE ( 'NONE', ( #1435 ), #2578, .T. ) ;
#2701 = ORIENTED_EDGE ( 'NONE', *, *, #2335, .T. ) ;
#2702 = FACE_OUTER_BOUND ( 'NONE', #497, .T. ) ;
#2703 = EDGE_CURVE ( 'NONE', #132, #1545, #372, .T. ) ;
#2704 = VERTEX_POINT ( 'NONE', #1537 ) ;
#2705 = FACE_OUTER_BOUND ( 'NONE', #2955, .T. ) ;
#2706 = CARTESIAN_POINT ( 'NONE',  ( 21.19999999999999218, 18.19999999999999929, -64.00000000000000000 ) ) ;
#2707 = EDGE_LOOP ( 'NONE', ( #1936, #495, #929, #2802 ) ) ;
#2708 = DIRECTION ( 'NONE',  ( 0.000000000000000000, 0.000000000000000000, -1.000000000000000000 ) ) ;
#2709 = CARTESIAN_POINT ( 'NONE',  ( -25.20000000000000639, 18.20000000000000639, -5.000000000000004441 ) ) ;
#2710 = CIRCLE ( 'NONE', #1396, 2.999999999999999112 ) ;
#2711 = DIRECTION ( 'NONE',  ( -1.000000000000000000, 0.000000000000000000, 0.000000000000000000 ) ) ;
#2712 = VECTOR ( 'NONE', #2060, 1000.000000000000000 ) ;
#2713 = ORIENTED_EDGE ( 'NONE', *, *, #2908, .F. ) ;
#2714 = VECTOR ( 'NONE', #891, 1000.000000000000000 ) ;
#2715 = CARTESIAN_POINT ( 'NONE',  ( -28.19999999999999574, -18.20000000000000639, -76.00000000000000000 ) ) ;
#2716 = CARTESIAN_POINT ( 'NONE',  ( 18.19999999999999574, -28.20000000000000284, -76.00000000000000000 ) ) ;
#2717 = VECTOR ( 'NONE', #1721, 1000.000000000000000 ) ;
#2718 = EDGE_CURVE ( 'NONE', #431, #1282, #2488, .T. ) ;
#2719 = ORIENTED_EDGE ( 'NONE', *, *, #2157, .T. ) ;
#2720 = CARTESIAN_POINT ( 'NONE',  ( 28.19999999999999574, 18.19999999999999929, -9.999999999999994671 ) ) ;
#2721 = CARTESIAN_POINT ( 'NONE',  ( -15.19999999999999396, -28.19999999999999574, -5.000000000000000000 ) ) ;
#2722 = ORIENTED_EDGE ( 'NONE', *, *, #2278, .F. ) ;
#2723 = DIRECTION ( 'NONE',  ( -1.230300337572203632E-16, 1.000000000000000000, 0.000000000000000000 ) ) ;
#2724 = DIRECTION ( 'NONE',  ( 0.000000000000000000, 0.000000000000000000, 1.000000000000000000 ) ) ;
#2725 = DIRECTION ( 'NONE',  ( 0.000000000000000000, -1.000000000000000000, -0.000000000000000000 ) ) ;
#2726 = AXIS2_PLACEMENT_3D ( 'NONE', #1603, #2532, #2078 ) ;
#2727 = AXIS2_PLACEMENT_3D ( 'NONE', #2885, #2912, #829 ) ;
#2728 = ORIENTED_EDGE ( 'NONE', *, *, #2531, .T. ) ;
#2729 = LINE ( 'NONE', #1142, #1267 ) ;
#2730 = CIRCLE ( 'NONE', #490, 2.999999999999999112 ) ;
#2731 = VERTEX_POINT ( 'NONE', #1263 ) ;
#2732 = CARTESIAN_POINT ( 'NONE',  ( 18.19999999999999574, -25.19999999999999574, -64.00000000000000000 ) ) ;
#2733 = EDGE_CURVE ( 'NONE', #1579, #755, #2414, .T. ) ;
#2734 = CARTESIAN_POINT ( 'NONE',  ( -3.500000000000003109, 0.000000000000000000, 24.99999999999999645 ) ) ;
#2735 = DIRECTION ( 'NONE',  ( 0.000000000000000000, 1.000000000000000000, 0.000000000000000000 ) ) ;
#2736 = ORIENTED_EDGE ( 'NONE', *, *, #1416, .F. ) ;
#2737 = DIRECTION ( 'NONE',  ( -0.000000000000000000, 0.000000000000000000, -1.000000000000000000 ) ) ;
#2738 = ORIENTED_EDGE ( 'NONE', *, *, #2819, .F. ) ;
#2739 = DIRECTION ( 'NONE',  ( 0.000000000000000000, -0.000000000000000000, -1.000000000000000000 ) ) ;
#2740 = EDGE_CURVE ( 'NONE', #2587, #13, #2667, .T. ) ;
#2741 = CYLINDRICAL_SURFACE ( 'NONE', #2485, 2.999999999999999112 ) ;
#2742 = VERTEX_POINT ( 'NONE', #1250 ) ;
#2743 = DIRECTION ( 'NONE',  ( 0.000000000000000000, -0.000000000000000000, 1.000000000000000000 ) ) ;
#2744 = ORIENTED_EDGE ( 'NONE', *, *, #1815, .F. ) ;
#2745 = CARTESIAN_POINT ( 'NONE',  ( 15.19999999999999396, 28.20000000000000284, -76.00000000000000000 ) ) ;
#2746 = LINE ( 'NONE', #1590, #1896 ) ;
#2747 = FACE_BOUND ( 'NONE', #687, .T. ) ;
#2748 = ORIENTED_EDGE ( 'NONE', *, *, #1339, .T. ) ;
#2749 = CARTESIAN_POINT ( 'NONE',  ( 28.19999999999998863, 28.20000000000000284, -5.000000000000000000 ) ) ;
#2750 = ORIENTED_EDGE ( 'NONE', *, *, #1989, .T. ) ;
#2751 = EDGE_CURVE ( 'NONE', #1754, #2704, #2206, .T. ) ;
#2752 = CARTESIAN_POINT ( 'NONE',  ( 18.19999999999999574, 25.20000000000000284, -9.999999999999994671 ) ) ;
#2753 = CARTESIAN_POINT ( 'NONE',  ( -28.19999999999999574, 18.20000000000000639, -76.00000000000000000 ) ) ;
#2754 = VECTOR ( 'NONE', #100, 1000.000000000000000 ) ;
#2755 = EDGE_CURVE ( 'NONE', #1847, #1968, #2866, .T. ) ;
#2756 = DIRECTION ( 'NONE',  ( -0.000000000000000000, 0.000000000000000000, 1.000000000000000000 ) ) ;
#2757 = VERTEX_POINT ( 'NONE', #1977 ) ;
#2758 = CARTESIAN_POINT ( 'NONE',  ( -25.20000000000000284, -18.20000000000000639, -64.00000000000000000 ) ) ;
#2759 = CIRCLE ( 'NONE', #666, 2.999999999999999112 ) ;
#2760 = DIRECTION ( 'NONE',  ( -0.000000000000000000, -0.000000000000000000, -1.000000000000000000 ) ) ;
#2761 = CARTESIAN_POINT ( 'NONE',  ( 25.19999999999999218, -25.19999999999999574, -5.000000000000000000 ) ) ;
#2762 = AXIS2_PLACEMENT_3D ( 'NONE', #1928, #2173, #1493 ) ;
#2763 = EDGE_LOOP ( 'NONE', ( #653, #206, #1566, #1764 ) ) ;
#2764 = LINE ( 'NONE', #178, #2714 ) ;
#2765 = VECTOR ( 'NONE', #628, 1000.000000000000000 ) ;
#2766 = CYLINDRICAL_SURFACE ( 'NONE', #1648, 2.999999999999999112 ) ;
#2767 = FACE_OUTER_BOUND ( 'NONE', #1678, .T. ) ;
#2768 = VERTEX_POINT ( 'NONE', #1714 ) ;
#2769 = DIRECTION ( 'NONE',  ( 0.000000000000000000, -0.000000000000000000, -1.000000000000000000 ) ) ;
#2770 = FACE_OUTER_BOUND ( 'NONE', #2469, .T. ) ;
#2771 = ORIENTED_EDGE ( 'NONE', *, *, #426, .T. ) ;
#2772 = CARTESIAN_POINT ( 'NONE',  ( 23.56999999999999673, 23.56999999999999673, -5.000000000000000000 ) ) ;
#2773 = DIRECTION ( 'NONE',  ( 1.000000000000000000, -3.469446951953613696E-16, 0.000000000000000000 ) ) ;
#2774 = ADVANCED_FACE ( 'NONE', ( #782 ), #330, .F. ) ;
#2775 = CARTESIAN_POINT ( 'NONE',  ( 21.19999999999999574, -18.20000000000000284, -76.00000000000000000 ) ) ;
#2776 = VECTOR ( 'NONE', #1407, 1000.000000000000000 ) ;
#2777 = EDGE_LOOP ( 'NONE', ( #2090, #1052, #995, #154 ) ) ;
#2778 = EDGE_CURVE ( 'NONE', #1592, #69, #1484, .T. ) ;
#2779 = DIRECTION ( 'NONE',  ( -1.000000000000000000, 0.000000000000000000, 0.000000000000000000 ) ) ;
#2780 = CONICAL_SURFACE ( 'NONE', #1609, 3.500000000000003109, 0.7853981633974482790 ) ;
#2781 = EDGE_LOOP ( 'NONE', ( #1161, #356, #242, #964 ) ) ;
#2782 = CARTESIAN_POINT ( 'NONE',  ( 25.19999999999998863, 15.20000000000000107, -67.00000000000001421 ) ) ;
#2783 = CIRCLE ( 'NONE', #347, 2.999999999999999112 ) ;
#2784 = DIRECTION ( 'NONE',  ( 1.000000000000000000, 0.000000000000000000, 0.000000000000000000 ) ) ;
#2785 = DIRECTION ( 'NONE',  ( -1.000000000000000000, 0.000000000000000000, 0.000000000000000000 ) ) ;
#2786 = ORIENTED_EDGE ( 'NONE', *, *, #1333, .T. ) ;
#2787 = CARTESIAN_POINT ( 'NONE',  ( 23.57000000000000384, -23.57000000000000384, -5.000000000000000000 ) ) ;
#2788 = ORIENTED_EDGE ( 'NONE', *, *, #1735, .F. ) ;
#2789 = DIRECTION ( 'NONE',  ( 1.000000000000000000, 0.000000000000000000, 0.000000000000000000 ) ) ;
#2790 = DIRECTION ( 'NONE',  ( -1.000000000000000000, 1.387778780781447648E-15, 0.000000000000000000 ) ) ;
#2791 = EDGE_CURVE ( 'NONE', #1101, #1621, #2883, .T. ) ;
#2792 = ORIENTED_EDGE ( 'NONE', *, *, #874, .T. ) ;
#2793 = CARTESIAN_POINT ( 'NONE',  ( 15.19999999999999396, 25.20000000000000284, -5.000000000000004441 ) ) ;
#2794 = EDGE_CURVE ( 'NONE', #504, #1412, #2783, .T. ) ;
#2795 = ORIENTED_EDGE ( 'NONE', *, *, #156, .T. ) ;
#2796 = CARTESIAN_POINT ( 'NONE',  ( 0.000000000000000000, 0.000000000000000000, 1.600000000000000089 ) ) ;
#2797 = CARTESIAN_POINT ( 'NONE',  ( 28.19999999999999574, 18.19999999999999929, -76.00000000000000000 ) ) ;
#2798 = ADVANCED_FACE ( 'NONE', ( #2186 ), #1306, .F. ) ;
#2799 = CARTESIAN_POINT ( 'NONE',  ( 21.19999999999999218, -21.20000000000000284, -76.00000000000000000 ) ) ;
#2800 = VERTEX_POINT ( 'NONE', #86 ) ;
#2801 = DIRECTION ( 'NONE',  ( 0.000000000000000000, 0.000000000000000000, 1.000000000000000000 ) ) ;
#2802 = ORIENTED_EDGE ( 'NONE', *, *, #610, .F. ) ;
#2803 = CARTESIAN_POINT ( 'NONE',  ( 28.19999999999998863, 15.20000000000000107, -5.000000000000000000 ) ) ;
#2804 = CARTESIAN_POINT ( 'NONE',  ( 26.17000000000000526, -23.57000000000000384, -5.000000000000000000 ) ) ;
#2805 = VERTEX_POINT ( 'NONE', #1988 ) ;
#2806 = LINE ( 'NONE', #535, #2295 ) ;
#2807 = ORIENTED_EDGE ( 'NONE', *, *, #1602, .F. ) ;
#2808 = CARTESIAN_POINT ( 'NONE',  ( -25.20000000000000639, 15.20000000000000639, -9.999999999999994671 ) ) ;
#2809 = VECTOR ( 'NONE', #2595, 1000.000000000000000 ) ;
#2810 = ADVANCED_FACE ( 'NONE', ( #1741 ), #346, .T. ) ;
#2811 = PLANE ( 'NONE',  #1458 ) ;
#2812 = CARTESIAN_POINT ( 'NONE',  ( 0.000000000000000000, 0.000000000000000000, 0.000000000000000000 ) ) ;
#2813 = ORIENTED_EDGE ( 'NONE', *, *, #106, .T. ) ;
#2814 = FACE_OUTER_BOUND ( 'NONE', #2258, .T. ) ;
#2815 = ADVANCED_FACE ( 'NONE', ( #2453 ), #579, .F. ) ;
#2816 = AXIS2_PLACEMENT_3D ( 'NONE', #2435, #366, #1273 ) ;
#2817 = AXIS2_PLACEMENT_3D ( 'NONE', #2761, #2769, #2588 ) ;
#2818 = FACE_OUTER_BOUND ( 'NONE', #2250, .T. ) ;
#2819 = EDGE_CURVE ( 'NONE', #1231, #943, #2426, .T. ) ;
#2820 = ORIENTED_EDGE ( 'NONE', *, *, #2645, .T. ) ;
#2821 = AXIS2_PLACEMENT_3D ( 'NONE', #2812, #321, #1935 ) ;
#2822 = DIRECTION ( 'NONE',  ( 0.000000000000000000, 1.000000000000000000, 0.000000000000000000 ) ) ;
#2823 = DIRECTION ( 'NONE',  ( 0.000000000000000000, 0.000000000000000000, 1.000000000000000000 ) ) ;
#2824 = EDGE_LOOP ( 'NONE', ( #2105, #583, #1386, #1182 ) ) ;
#2825 = DIRECTION ( 'NONE',  ( -0.000000000000000000, -0.000000000000000000, 1.000000000000000000 ) ) ;
#2826 = ORIENTED_EDGE ( 'NONE', *, *, #597, .F. ) ;
#2827 = AXIS2_PLACEMENT_3D ( 'NONE', #713, #1641, #794 ) ;
#2828 = LINE ( 'NONE', #505, #2088 ) ;
#2829 = FACE_OUTER_BOUND ( 'NONE', #1767, .T. ) ;
#2830 = AXIS2_PLACEMENT_3D ( 'NONE', #158, #1370, #1556 ) ;
#2831 = EDGE_LOOP ( 'NONE', ( #1610, #2561, #2434, #2689 ) ) ;
#2832 = EDGE_CURVE ( 'NONE', #918, #2534, #2439, .T. ) ;
#2833 = DIRECTION ( 'NONE',  ( 1.000000000000000000, 0.000000000000000000, 0.000000000000000000 ) ) ;
#2834 = CARTESIAN_POINT ( 'NONE',  ( 0.000000000000000000, 0.000000000000000000, 0.000000000000000000 ) ) ;
#2835 = AXIS2_PLACEMENT_3D ( 'NONE', #1323, #679, #2979 ) ;
#2836 = ORIENTED_EDGE ( 'NONE', *, *, #565, .F. ) ;
#2837 = DIRECTION ( 'NONE',  ( -0.000000000000000000, 0.000000000000000000, 1.000000000000000000 ) ) ;
#2838 = DIRECTION ( 'NONE',  ( -0.000000000000000000, -0.000000000000000000, -1.000000000000000000 ) ) ;
#2839 = FACE_OUTER_BOUND ( 'NONE', #2605, .T. ) ;
#2840 = EDGE_CURVE ( 'NONE', #574, #668, #191, .T. ) ;
#2841 = ORIENTED_EDGE ( 'NONE', *, *, #1829, .F. ) ;
#2842 = LINE ( 'NONE', #6, #2201 ) ;
#2843 = ORIENTED_EDGE ( 'NONE', *, *, #499, .F. ) ;
#2844 = DIRECTION ( 'NONE',  ( 0.000000000000000000, 0.000000000000000000, -1.000000000000000000 ) ) ;
#2845 = DIRECTION ( 'NONE',  ( 0.000000000000000000, 0.000000000000000000, 1.000000000000000000 ) ) ;
#2846 = ORIENTED_EDGE ( 'NONE', *, *, #1511, .T. ) ;
#2847 = DIRECTION ( 'NONE',  ( 1.387778780781447648E-15, 1.000000000000000000, 0.000000000000000000 ) ) ;
#2848 = VERTEX_POINT ( 'NONE', #1365 ) ;
#2849 = CARTESIAN_POINT ( 'NONE',  ( 25.19999999999999218, 28.20000000000000284, -5.000000000000000000 ) ) ;
#2850 = CARTESIAN_POINT ( 'NONE',  ( 28.06181760425083382, -16.10000000000000142, -67.00000000000001421 ) ) ;
#2851 = EDGE_CURVE ( 'NONE', #60, #2601, #1472, .T. ) ;
#2852 = SURFACE_STYLE_USAGE ( .BOTH. , #533 ) ;
#2853 = DIRECTION ( 'NONE',  ( 0.000000000000000000, 0.000000000000000000, 1.000000000000000000 ) ) ;
#2854 = DIRECTION ( 'NONE',  ( 0.000000000000000000, 0.000000000000000000, 1.000000000000000000 ) ) ;
#2855 = ORIENTED_EDGE ( 'NONE', *, *, #2608, .T. ) ;
#2856 = DIRECTION ( 'NONE',  ( -1.000000000000000000, 0.000000000000000000, 0.000000000000000000 ) ) ;
#2857 = FACE_OUTER_BOUND ( 'NONE', #4, .T. ) ;
#2858 = ORIENTED_EDGE ( 'NONE', *, *, #1989, .F. ) ;
#2859 = DIRECTION ( 'NONE',  ( 1.000000000000000000, -0.000000000000000000, -0.000000000000000000 ) ) ;
#2860 = CARTESIAN_POINT ( 'NONE',  ( 23.19999999999998863, 16.10000000000001563, -74.00000000000001421 ) ) ;
#2861 = ORIENTED_EDGE ( 'NONE', *, *, #71, .F. ) ;
#2862 = DIRECTION ( 'NONE',  ( 0.000000000000000000, 0.000000000000000000, 1.000000000000000000 ) ) ;
#2863 = ORIENTED_EDGE ( 'NONE', *, *, #1421, .F. ) ;
#2864 = CIRCLE ( 'NONE', #2429, 3.000000000000000888 ) ;
#2865 = AXIS2_PLACEMENT_3D ( 'NONE', #1410, #1888, #2344 ) ;
#2866 = LINE ( 'NONE', #2245, #390 ) ;
#2867 = VECTOR ( 'NONE', #1428, 1000.000000000000000 ) ;
#2868 = CARTESIAN_POINT ( 'NONE',  ( -25.20000000000000284, -15.20000000000000462, -5.000000000000000000 ) ) ;
#2869 = EDGE_CURVE ( 'NONE', #2072, #3025, #908, .T. ) ;
#2870 = CYLINDRICAL_SURFACE ( 'NONE', #2637, 2.999999999999999112 ) ;
#2871 = EDGE_CURVE ( 'NONE', #161, #74, #2937, .T. ) ;
#2872 = VERTEX_POINT ( 'NONE', #2965 ) ;
#2873 = CARTESIAN_POINT ( 'NONE',  ( -28.20000000000000995, 25.20000000000000284, -5.000000000000000000 ) ) ;
#2874 = DIRECTION ( 'NONE',  ( 0.000000000000000000, -0.000000000000000000, -1.000000000000000000 ) ) ;
#2875 = ORIENTED_EDGE ( 'NONE', *, *, #709, .T. ) ;
#2877 = VECTOR ( 'NONE', #1491, 1000.000000000000000 ) ;
#2876 = DIRECTION ( 'NONE',  ( 1.000000000000000000, 0.000000000000000000, 0.000000000000000000 ) ) ;
#2878 = CARTESIAN_POINT ( 'NONE',  ( -28.20000000000000284, -25.19999999999999929, -5.000000000000000000 ) ) ;
#2879 = AXIS2_PLACEMENT_3D ( 'NONE', #843, #581, #810 ) ;
#2880 = CARTESIAN_POINT ( 'NONE',  ( 28.19999999999998863, 28.20000000000000284, -5.000000000000000000 ) ) ;
#2881 = ORIENTED_EDGE ( 'NONE', *, *, #237, .F. ) ;
#2882 = DIRECTION ( 'NONE',  ( 0.000000000000000000, -0.000000000000000000, -1.000000000000000000 ) ) ;
#2883 = CIRCLE ( 'NONE', #2400, 2.999999999999999112 ) ;
#2884 = CARTESIAN_POINT ( 'NONE',  ( 15.19999999999999218, -28.19999999999999574, -5.000000000000000000 ) ) ;
#2885 = CARTESIAN_POINT ( 'NONE',  ( 25.19999999999998863, 15.20000000000000107, -76.00000000000000000 ) ) ;
#2886 = ORIENTED_EDGE ( 'NONE', *, *, #2187, .F. ) ;
#2887 = ADVANCED_FACE ( 'NONE', ( #1800 ), #1814, .T. ) ;
#2888 = DIRECTION ( 'NONE',  ( 0.000000000000000000, 0.000000000000000000, 1.000000000000000000 ) ) ;
#2889 = ORIENTED_EDGE ( 'NONE', *, *, #934, .F. ) ;
#2890 = CARTESIAN_POINT ( 'NONE',  ( 4.000000000000000000, 4.898587196589412829E-16, 24.50000000000000000 ) ) ;
#2891 = DIRECTION ( 'NONE',  ( -3.469446951953613696E-16, 1.000000000000000000, 0.000000000000000000 ) ) ;
#2892 = ADVANCED_FACE ( 'NONE', ( #854 ), #2259, .T. ) ;
#2893 = ORIENTED_EDGE ( 'NONE', *, *, #1373, .T. ) ;
#2894 = EDGE_LOOP ( 'NONE', ( #2304, #1247, #177, #2452, #1388, #2422, #596, #2448 ) ) ;
#2895 = DIRECTION ( 'NONE',  ( -0.000000000000000000, 0.000000000000000000, 1.000000000000000000 ) ) ;
#2896 = CYLINDRICAL_SURFACE ( 'NONE', #517, 2.999999999999999112 ) ;
#2897 = DIRECTION ( 'NONE',  ( 0.000000000000000000, 0.000000000000000000, -1.000000000000000000 ) ) ;
#2898 = EDGE_LOOP ( 'NONE', ( #903, #1245, #368, #2024 ) ) ;
#2899 = PLANE ( 'NONE',  #1256 ) ;
#2900 = EDGE_LOOP ( 'NONE', ( #2099, #2363 ) ) ;
#2901 = DIRECTION ( 'NONE',  ( 0.000000000000000000, -0.000000000000000000, -1.000000000000000000 ) ) ;
#2902 = EDGE_CURVE ( 'NONE', #1301, #1135, #1718, .T. ) ;
#2903 = LINE ( 'NONE', #2651, #1790 ) ;
#2904 = LINE ( 'NONE', #852, #1018 ) ;
#2905 = EDGE_CURVE ( 'NONE', #514, #1754, #214, .T. ) ;
#2906 = EDGE_LOOP ( 'NONE', ( #707, #2881, #1726, #421 ) ) ;
#2907 = AXIS2_PLACEMENT_3D ( 'NONE', #2229, #1335, #809 ) ;
#2908 = EDGE_CURVE ( 'NONE', #1444, #1130, #2641, .T. ) ;
#2909 = DIRECTION ( 'NONE',  ( -1.000000000000000000, 0.000000000000000000, 0.000000000000000000 ) ) ;
#2910 = VECTOR ( 'NONE', #451, 1000.000000000000000 ) ;
#2911 = CARTESIAN_POINT ( 'NONE',  ( 25.19999999999999218, -28.19999999999999574, -5.000000000000000000 ) ) ;
#2912 = DIRECTION ( 'NONE',  ( -0.000000000000000000, -0.000000000000000000, -1.000000000000000000 ) ) ;
#2913 = VECTOR ( 'NONE', #1783, 1000.000000000000000 ) ;
#2914 = VECTOR ( 'NONE', #2315, 1000.000000000000000 ) ;
#2915 = ORIENTED_EDGE ( 'NONE', *, *, #235, .T. ) ;
#2916 = ORIENTED_EDGE ( 'NONE', *, *, #1687, .T. ) ;
#2917 = CARTESIAN_POINT ( 'NONE',  ( -18.19999999999999574, 25.20000000000000284, -9.999999999999994671 ) ) ;
#2918 = ORIENTED_EDGE ( 'NONE', *, *, #2613, .T. ) ;
#2919 = CARTESIAN_POINT ( 'NONE',  ( -18.19999999999999574, -21.20000000000000284, -76.00000000000000000 ) ) ;
#2920 = ADVANCED_FACE ( 'NONE', ( #2993 ), #1091, .T. ) ;
#2921 = LINE ( 'NONE', #2935, #1596 ) ;
#2922 = AXIS2_PLACEMENT_3D ( 'NONE', #1884, #766, #269 ) ;
#2923 = VERTEX_POINT ( 'NONE', #1332 ) ;
#2924 = DIRECTION ( 'NONE',  ( 0.000000000000000000, 0.000000000000000000, -1.000000000000000000 ) ) ;
#2925 = VECTOR ( 'NONE', #2790, 1000.000000000000000 ) ;
#2926 = CARTESIAN_POINT ( 'NONE',  ( 18.19999999999999574, 28.20000000000000284, -76.00000000000000000 ) ) ;
#2927 = AXIS2_PLACEMENT_3D ( 'NONE', #498, #1897, #57 ) ;
#2928 = DIRECTION ( 'NONE',  ( 0.000000000000000000, 0.000000000000000000, -1.000000000000000000 ) ) ;
#2929 = EDGE_CURVE ( 'NONE', #2031, #2768, #2108, .T. ) ;
#2930 = EDGE_LOOP ( 'NONE', ( #2713, #1275, #2391, #2610 ) ) ;
#2931 = CARTESIAN_POINT ( 'NONE',  ( -18.19999999999999574, 21.20000000000000284, -5.000000000000004441 ) ) ;
#2932 = ORIENTED_EDGE ( 'NONE', *, *, #1045, .T. ) ;
#2933 = PLANE ( 'NONE',  #130 ) ;
#2934 = ORIENTED_EDGE ( 'NONE', *, *, #2840, .T. ) ;
#2935 = CARTESIAN_POINT ( 'NONE',  ( -28.19999999999999574, -18.20000000000000639, -5.000000000000000000 ) ) ;
#2936 = ORIENTED_EDGE ( 'NONE', *, *, #2645, .F. ) ;
#2937 = LINE ( 'NONE', #1578, #2010 ) ;
#2938 = FACE_BOUND ( 'NONE', #2589, .T. ) ;
#2939 = CARTESIAN_POINT ( 'NONE',  ( -18.19999999999999574, -21.20000000000000284, -76.00000000000000000 ) ) ;
#2940 = EDGE_CURVE ( 'NONE', #699, #183, #792, .T. ) ;
#2941 = ORIENTED_EDGE ( 'NONE', *, *, #2274, .T. ) ;
#2942 = CARTESIAN_POINT ( 'NONE',  ( -21.19999999999999218, 18.20000000000000284, -76.00000000000000000 ) ) ;
#2943 = EDGE_CURVE ( 'NONE', #835, #861, #1845, .T. ) ;
#2944 = ORIENTED_EDGE ( 'NONE', *, *, #1637, .T. ) ;
#2945 = CARTESIAN_POINT ( 'NONE',  ( 15.19999999999999218, -28.19999999999999574, -64.00000000000000000 ) ) ;
#2946 = DIRECTION ( 'NONE',  ( 1.000000000000000000, 0.000000000000000000, 0.000000000000000000 ) ) ;
#2947 = DIRECTION ( 'NONE',  ( 0.000000000000000000, 0.000000000000000000, 1.000000000000000000 ) ) ;
#2948 = EDGE_LOOP ( 'NONE', ( #1206, #1152, #569, #1976 ) ) ;
#2949 = CYLINDRICAL_SURFACE ( 'NONE', #2055, 2.999999999999999112 ) ;
#2950 = CARTESIAN_POINT ( 'NONE',  ( 28.06181760425083382, -16.10000000000000142, -74.00000000000001421 ) ) ;
#2951 = CIRCLE ( 'NONE', #1499, 2.999999999999999112 ) ;
#2952 = DIRECTION ( 'NONE',  ( -0.000000000000000000, 0.000000000000000000, 1.000000000000000000 ) ) ;
#2953 = CIRCLE ( 'NONE', #1296, 2.999999999999999112 ) ;
#2954 = EDGE_CURVE ( 'NONE', #655, #1968, #2730, .T. ) ;
#2955 = EDGE_LOOP ( 'NONE', ( #2648, #203, #2636, #1640 ) ) ;
#2956 = AXIS2_PLACEMENT_3D ( 'NONE', #2716, #2081, #148 ) ;
#2957 = LINE ( 'NONE', #1585, #2529 ) ;
#2958 = VECTOR ( 'NONE', #506, 1000.000000000000000 ) ;
#2959 = CARTESIAN_POINT ( 'NONE',  ( 23.56999999999999673, 23.56999999999999673, 0.000000000000000000 ) ) ;
#2960 = VERTEX_POINT ( 'NONE', #1567 ) ;
#2961 = PLANE ( 'NONE',  #1795 ) ;
#2962 = ADVANCED_FACE ( 'NONE', ( #2770 ), #2949, .T. ) ;
#2963 = CARTESIAN_POINT ( 'NONE',  ( -15.19999999999999396, 25.20000000000000284, -5.000000000000000000 ) ) ;
#2964 = EDGE_LOOP ( 'NONE', ( #551, #2043, #226, #2738, #147, #2861, #1340, #1481 ) ) ;
#2965 = CARTESIAN_POINT ( 'NONE',  ( 25.19999999999998863, 18.19999999999999929, -9.999999999999994671 ) ) ;
#2966 = ORIENTED_EDGE ( 'NONE', *, *, #2204, .F. ) ;
#2967 = CARTESIAN_POINT ( 'NONE',  ( 21.19999999999999218, -21.20000000000000284, -76.00000000000000000 ) ) ;
#2968 = DIRECTION ( 'NONE',  ( 0.000000000000000000, -0.000000000000000000, 1.000000000000000000 ) ) ;
#2969 = CIRCLE ( 'NONE', #1664, 2.999999999999999112 ) ;
#2970 = VERTEX_POINT ( 'NONE', #2042 ) ;
#2971 = DIRECTION ( 'NONE',  ( 1.000000000000000000, 0.000000000000000000, 0.000000000000000000 ) ) ;
#2972 = AXIS2_PLACEMENT_3D ( 'NONE', #2124, #512, #1187 ) ;
#2973 = EDGE_LOOP ( 'NONE', ( #2820, #957 ) ) ;
#2974 = PLANE ( 'NONE',  #172 ) ;
#2975 = ADVANCED_FACE ( 'NONE', ( #2525 ), #2058, .T. ) ;
#2976 = DIRECTION ( 'NONE',  ( 1.000000000000000000, 0.000000000000000000, 0.000000000000000000 ) ) ;
#2977 = FACE_BOUND ( 'NONE', #2150, .T. ) ;
#2978 = ORIENTED_EDGE ( 'NONE', *, *, #2447, .T. ) ;
#2979 = DIRECTION ( 'NONE',  ( -1.000000000000000000, 0.000000000000000000, 0.000000000000000000 ) ) ;
#2980 = EDGE_CURVE ( 'NONE', #980, #2757, #432, .T. ) ;
#2981 = EDGE_LOOP ( 'NONE', ( #2158, #1175, #2792, #3007 ) ) ;
#2982 = CARTESIAN_POINT ( 'NONE',  ( -25.20000000000000639, 18.20000000000000639, -5.000000000000004441 ) ) ;
#2983 = CARTESIAN_POINT ( 'NONE',  ( -25.20000000000000995, 28.20000000000000284, -5.000000000000000000 ) ) ;
#2984 = CARTESIAN_POINT ( 'NONE',  ( -23.56999999999999673, -23.57000000000000384, 0.000000000000000000 ) ) ;
#2985 = ORIENTED_EDGE ( 'NONE', *, *, #540, .T. ) ;
#2986 = DIRECTION ( 'NONE',  ( -0.000000000000000000, -0.000000000000000000, -1.000000000000000000 ) ) ;
#2987 = ORIENTED_EDGE ( 'NONE', *, *, #2176, .T. ) ;
#2988 = CARTESIAN_POINT ( 'NONE',  ( 3.500000000000003109, 4.286263797015740046E-16, 24.99999999999999645 ) ) ;
#2989 = CARTESIAN_POINT ( 'NONE',  ( 21.19999999999999218, 18.19999999999999929, -5.000000000000004441 ) ) ;
#2990 = FACE_OUTER_BOUND ( 'NONE', #1919, .T. ) ;
#2991 = EDGE_LOOP ( 'NONE', ( #1259, #8, #2665, #159 ) ) ;
#2992 = ADVANCED_FACE ( 'NONE', ( #449 ), #1694, .F. ) ;
#2993 = FACE_OUTER_BOUND ( 'NONE', #2682, .T. ) ;
#2994 = EDGE_LOOP ( 'NONE', ( #872, #1933, #1873, #697 ) ) ;
#2995 = EDGE_CURVE ( 'NONE', #2063, #2013, #1916, .T. ) ;
#2996 = CARTESIAN_POINT ( 'NONE',  ( -26.16999999999999815, -23.57000000000000384, 0.000000000000000000 ) ) ;
#2997 = CARTESIAN_POINT ( 'NONE',  ( -18.19999999999999574, 21.20000000000000284, -5.000000000000004441 ) ) ;
#2998 = ORIENTED_EDGE ( 'NONE', *, *, #237, .T. ) ;
#2999 = DIRECTION ( 'NONE',  ( -0.000000000000000000, 0.000000000000000000, 1.000000000000000000 ) ) ;
#3000 = CIRCLE ( 'NONE', #2188, 2.999999999999999112 ) ;
#3001 = VECTOR ( 'NONE', #1162, 1000.000000000000000 ) ;
#3002 = ORIENTED_EDGE ( 'NONE', *, *, #51, .T. ) ;
#3003 = LINE ( 'NONE', #1857, #3001 ) ;
#3004 = VECTOR ( 'NONE', #12, 1000.000000000000000 ) ;
#3005 = DIRECTION ( 'NONE',  ( 1.000000000000000000, 0.000000000000000000, 0.000000000000000000 ) ) ;
#3006 = CARTESIAN_POINT ( 'NONE',  ( -3.500000000000003109, 0.000000000000000000, 24.99999999999999645 ) ) ;
#3007 = ORIENTED_EDGE ( 'NONE', *, *, #826, .T. ) ;
#3008 = LINE ( 'NONE', #14, #1019 ) ;
#3009 =( NAMED_UNIT ( * ) PLANE_ANGLE_UNIT ( ) SI_UNIT ( $, .RADIAN. ) );
#3010 = ADVANCED_FACE ( 'NONE', ( #2818 ), #52, .T. ) ;
#3011 = EDGE_LOOP ( 'NONE', ( #562, #2125, #590, #1586, #1536, #2719, #1459, #300 ) ) ;
#3012 = DIRECTION ( 'NONE',  ( -0.000000000000000000, 1.000000000000000000, 0.000000000000000000 ) ) ;
#3013 = FACE_OUTER_BOUND ( 'NONE', #2694, .T. ) ;
#3014 = EDGE_CURVE ( 'NONE', #555, #1301, #1184, .T. ) ;
#3015 = AXIS2_PLACEMENT_3D ( 'NONE', #1038, #65, #1246 ) ;
#3016 = ORIENTED_EDGE ( 'NONE', *, *, #439, .T. ) ;
#3017 = DIRECTION ( 'NONE',  ( 0.000000000000000000, -1.000000000000000000, -1.537875421965254602E-16 ) ) ;
#3018 = ADVANCED_FACE ( 'NONE', ( #1864 ), #282, .T. ) ;
#3019 = AXIS2_PLACEMENT_3D ( 'NONE', #286, #2823, #483 ) ;
#3020 = ORIENTED_EDGE ( 'NONE', *, *, #1533, .T. ) ;
#3021 = DIRECTION ( 'NONE',  ( 0.000000000000000000, -0.000000000000000000, -1.000000000000000000 ) ) ;
#3022 = AXIS2_PLACEMENT_3D ( 'NONE', #1028, #2640, #1772 ) ;
#3023 = CARTESIAN_POINT ( 'NONE',  ( 25.19999999999999218, -15.20000000000001172, -67.00000000000001421 ) ) ;
#3024 = LINE ( 'NONE', #2567, #1159 ) ;
#3025 = VERTEX_POINT ( 'NONE', #480 ) ;
#3026 = LINE ( 'NONE', #1149, #1313 ) ;
#3027 = CARTESIAN_POINT ( 'NONE',  ( 15.19999999999999218, -25.19999999999999574, -5.000000000000000000 ) ) ;
ENDSEC;
END-ISO-10303-21;
