ISO-10303-21;
HEADER;
FILE_DESCRIPTION (( 'STEP AP214' ),
    '1' );
FILE_NAME ('Nema17.step',
    '2026-08-28T16:13:02',
    ( '' ),
    ( '' ),
    'SwSTEP 2.0',
    'SolidWorks 2024',
    '' );
FILE_SCHEMA (( 'AUTOMOTIVE_DESIGN' ));
ENDSEC;

DATA;
#1 = EDGE_CURVE ( 'NONE', #889, #1244, #1103, .T. ) ;
#2 = APPLICATION_CONTEXT ( 'automotive_design' ) ;
#3 = ORIENTED_EDGE ( 'NONE', *, *, #917, .F. ) ;
#4 = CARTESIAN_POINT ( 'NONE',  ( 0.000000000000000000, 34.00000000000000000, 0.000000000000000000 ) ) ;
#5 = VECTOR ( 'NONE', #436, 1000.000000000000000 ) ;
#6 = ORIENTED_EDGE ( 'NONE', *, *, #418, .F. ) ;
#7 = DIRECTION ( 'NONE',  ( -0.000000000000000000, -0.000000000000000000, 1.000000000000000000 ) ) ;
#8 = CARTESIAN_POINT ( 'NONE',  ( 21.14999999999999147, 29.00000000000000000, 14.14999999999999325 ) ) ;
#9 = ORIENTED_EDGE ( 'NONE', *, *, #333, .T. ) ;
#10 = ORIENTED_EDGE ( 'NONE', *, *, #1101, .T. ) ;
#11 = FACE_BOUND ( 'NONE', #983, .T. ) ;
#12 = FACE_OUTER_BOUND ( 'NONE', #1229, .T. ) ;
#13 = DIRECTION ( 'NONE',  ( 0.000000000000000000, 0.000000000000000000, -1.000000000000000000 ) ) ;
#14 = CARTESIAN_POINT ( 'NONE',  ( 14.14999999999999503, 29.00000000000000000, 21.14999999999999503 ) ) ;
#15 = CARTESIAN_POINT ( 'NONE',  ( 16.14999999999997371, 5.000000000000000000, 21.15000000000000213 ) ) ;
#16 = ORIENTED_EDGE ( 'NONE', *, *, #1003, .F. ) ;
#17 = LINE ( 'NONE', #386, #563 ) ;
#18 = EDGE_CURVE ( 'NONE', #1358, #577, #769, .T. ) ;
#19 = DIRECTION ( 'NONE',  ( -0.000000000000000000, -0.000000000000000000, 1.000000000000000000 ) ) ;
#20 = CARTESIAN_POINT ( 'NONE',  ( -21.15000000000000924, 29.00000000000000000, -21.14999999999999858 ) ) ;
#21 = CARTESIAN_POINT ( 'NONE',  ( -21.14999999999999858, 29.00000000000000000, 14.14999999999999325 ) ) ;
#22 = CIRCLE ( 'NONE', #1270, 1.500000000000001332 ) ;
#23 = AXIS2_PLACEMENT_3D ( 'NONE', #1280, #1187, #963 ) ;
#24 = EDGE_LOOP ( 'NONE', ( #1288, #438, #439 ) ) ;
#25 = EDGE_CURVE ( 'NONE', #201, #1533, #534, .T. ) ;
#26 = DIRECTION ( 'NONE',  ( 0.7071067811865489050, -0.000000000000000000, -0.7071067811865460184 ) ) ;
#27 = CLOSED_SHELL ( 'NONE', ( #499, #1200, #878, #1058, #778, #1164, #1113, #38, #353, #775, #1466, #428, #985, #1239, #245, #79, #440, #1482, #1030, #1507, #895, #266, #1526, #1160, #105, #306, #1394, #1299, #1251, #277, #946, #1355, #371, #930, #279, #219, #170, #136, #179, #1227, #666, #1048, #871, #1457, #271, #1243, #801, #551, #560, #890, #950 ) ) ;
#28 = CARTESIAN_POINT ( 'NONE',  ( 21.14999999999999858, 5.000000000000000000, -16.14999999999997016 ) ) ;
#29 = EDGE_LOOP ( 'NONE', ( #627, #130 ) ) ;
#30 = DIRECTION ( 'NONE',  ( -0.7071067811865472397, 0.000000000000000000, -0.7071067811865479058 ) ) ;
#31 = VECTOR ( 'NONE', #1157, 1000.000000000000000 ) ;
#32 = ORIENTED_EDGE ( 'NONE', *, *, #894, .T. ) ;
#33 = LINE ( 'NONE', #171, #1385 ) ;
#34 = EDGE_CURVE ( 'NONE', #1265, #396, #987, .T. ) ;
#35 = DIRECTION ( 'NONE',  ( 0.000000000000000000, -0.000000000000000000, -1.000000000000000000 ) ) ;
#36 = CARTESIAN_POINT ( 'NONE',  ( -21.14999999999999858, 5.000000000000000000, -21.14999999999999503 ) ) ;
#37 = CARTESIAN_POINT ( 'NONE',  ( -2.449489742783178325, 51.00000000000000711, 0.5000000000000000000 ) ) ;
#38 = ADVANCED_FACE ( 'NONE', ( #869 ), #1348, .F. ) ;
#39 = ORIENTED_EDGE ( 'NONE', *, *, #1225, .F. ) ;
#40 = FACE_OUTER_BOUND ( 'NONE', #175, .T. ) ;
#41 = CARTESIAN_POINT ( 'NONE',  ( -15.50000000000000355, 29.00000000000000000, -15.49999999999999645 ) ) ;
#42 = CARTESIAN_POINT ( 'NONE',  ( 0.000000000000000000, 5.000000000000000000, 0.000000000000000000 ) ) ;
#43 = FACE_OUTER_BOUND ( 'NONE', #1454, .T. ) ;
#44 = VECTOR ( 'NONE', #301, 1000.000000000000000 ) ;
#45 = EDGE_CURVE ( 'NONE', #189, #412, #292, .T. ) ;
#46 = EDGE_CURVE ( 'NONE', #1128, #201, #173, .T. ) ;
#47 = EDGE_LOOP ( 'NONE', ( #1220, #713, #1313, #1427, #497, #1489, #798, #711, #650, #1131, #16, #233 ) ) ;
#48 = CIRCLE ( 'NONE', #308, 2.500000000000000000 ) ;
#49 = EDGE_CURVE ( 'NONE', #396, #81, #664, .T. ) ;
#50 = DIRECTION ( 'NONE',  ( 1.000000000000000000, 0.000000000000000000, 0.000000000000000000 ) ) ;
#51 = AXIS2_PLACEMENT_3D ( 'NONE', #695, #89, #804 ) ;
#52 = DIRECTION ( 'NONE',  ( -2.478176394252581141E-16, -1.000000000000000000, 0.000000000000000000 ) ) ;
#53 = PLANE ( 'NONE',  #860 ) ;
#54 = CARTESIAN_POINT ( 'NONE',  ( 15.50000000000000711, 29.00000000000000000, 15.50000000000000355 ) ) ;
#55 = ORIENTED_EDGE ( 'NONE', *, *, #1142, .T. ) ;
#56 = ORIENTED_EDGE ( 'NONE', *, *, #672, .F. ) ;
#57 = AXIS2_PLACEMENT_3D ( 'NONE', #335, #814, #13 ) ;
#58 = EDGE_CURVE ( 'NONE', #196, #923, #1421, .T. ) ;
#59 = ORIENTED_EDGE ( 'NONE', *, *, #991, .T. ) ;
#60 = DIRECTION ( 'NONE',  ( -1.000000000000000000, -0.000000000000000000, -0.000000000000000000 ) ) ;
#61 = DIRECTION ( 'NONE',  ( 0.000000000000000000, 0.000000000000000000, 1.000000000000000000 ) ) ;
#62 = ORIENTED_EDGE ( 'NONE', *, *, #501, .T. ) ;
#63 = DIRECTION ( 'NONE',  ( 0.000000000000000000, 1.000000000000000000, 0.000000000000000000 ) ) ;
#64 = ORIENTED_EDGE ( 'NONE', *, *, #94, .T. ) ;
#65 = DIRECTION ( 'NONE',  ( -0.7071067811865461294, -0.000000000000000000, -0.7071067811865490160 ) ) ;
#66 = ORIENTED_EDGE ( 'NONE', *, *, #948, .F. ) ;
#67 = CARTESIAN_POINT ( 'NONE',  ( 9.999999999999996447, 2.499999999999998668, 21.15000000000000213 ) ) ;
#68 = EDGE_CURVE ( 'NONE', #81, #1389, #1038, .T. ) ;
#69 = DIRECTION ( 'NONE',  ( 0.000000000000000000, 0.000000000000000000, -1.000000000000000000 ) ) ;
#70 = DIRECTION ( 'NONE',  ( 0.000000000000000000, 1.000000000000000000, 0.000000000000000000 ) ) ;
#71 = ORIENTED_EDGE ( 'NONE', *, *, #1052, .F. ) ;
#72 = VERTEX_POINT ( 'NONE', #359 ) ;
#73 = VECTOR ( 'NONE', #1456, 1000.000000000000000 ) ;
#74 = ORIENTED_EDGE ( 'NONE', *, *, #1225, .T. ) ;
#75 = VECTOR ( 'NONE', #520, 1000.000000000000000 ) ;
#76 = CIRCLE ( 'NONE', #459, 2.500000000000000000 ) ;
#77 =( GEOMETRIC_REPRESENTATION_CONTEXT ( 3 ) GLOBAL_UNCERTAINTY_ASSIGNED_CONTEXT ( ( #1079 ) ) GLOBAL_UNIT_ASSIGNED_CONTEXT ( ( #460, #1391, #1490 ) ) REPRESENTATION_CONTEXT ( 'NONE', 'WORKASPACE' ) );
#78 = CARTESIAN_POINT ( 'NONE',  ( -15.49999999999999645, 29.00000000000000000, 15.50000000000000355 ) ) ;
#79 = ADVANCED_FACE ( 'NONE', ( #1499 ), #1285, .F. ) ;
#80 = CARTESIAN_POINT ( 'NONE',  ( -21.15000000000000924, 29.00000000000000000, -21.14999999999999858 ) ) ;
#81 = VERTEX_POINT ( 'NONE', #1510 ) ;
#82 = ORIENTED_EDGE ( 'NONE', *, *, #153, .F. ) ;
#83 = PLANE ( 'NONE',  #491 ) ;
#84 = ORIENTED_EDGE ( 'NONE', *, *, #1442, .F. ) ;
#85 = CIRCLE ( 'NONE', #340, 1.500000000000001332 ) ;
#86 = VERTEX_POINT ( 'NONE', #608 ) ;
#87 = APPLICATION_CONTEXT ( 'automotive_design' ) ;
#88 = CARTESIAN_POINT ( 'NONE',  ( -21.14999999999999858, 5.000000000000000000, -16.14999999999999858 ) ) ;
#89 = DIRECTION ( 'NONE',  ( 0.000000000000000000, 0.000000000000000000, -1.000000000000000000 ) ) ;
#90 = CARTESIAN_POINT ( 'NONE',  ( -16.14999999999998082, 5.000000000000000000, -21.14999999999999503 ) ) ;
#91 = CARTESIAN_POINT ( 'NONE',  ( 0.000000000000000000, 36.00000000000000711, 0.000000000000000000 ) ) ;
#92 = VERTEX_POINT ( 'NONE', #1395 ) ;
#93 = EDGE_LOOP ( 'NONE', ( #825, #652, #819, #598 ) ) ;
#94 = EDGE_CURVE ( 'NONE', #149, #793, #821, .T. ) ;
#95 = VERTEX_POINT ( 'NONE', #342 ) ;
#96 = CARTESIAN_POINT ( 'NONE',  ( 0.000000000000000000, 36.00000000000000711, 0.000000000000000000 ) ) ;
#97 = EDGE_CURVE ( 'NONE', #86, #92, #1198, .T. ) ;
#98 = LINE ( 'NONE', #576, #379 ) ;
#99 = CARTESIAN_POINT ( 'NONE',  ( -10.00000000000000355, 2.499999999999998668, 28.15000000000000213 ) ) ;
#100 = EDGE_LOOP ( 'NONE', ( #1216, #1337, #1514, #203 ) ) ;
#101 = EDGE_CURVE ( 'NONE', #1245, #1423, #708, .T. ) ;
#102 = ORIENTED_EDGE ( 'NONE', *, *, #973, .F. ) ;
#103 = EDGE_CURVE ( 'NONE', #146, #329, #451, .T. ) ;
#104 = ORIENTED_EDGE ( 'NONE', *, *, #935, .F. ) ;
#105 = ADVANCED_FACE ( 'NONE', ( #1386 ), #962, .F. ) ;
#106 = STYLED_ITEM ( 'NONE', ( #1332 ), #660 ) ;
#107 = CARTESIAN_POINT ( 'NONE',  ( 0.000000000000000000, 34.00000000000000000, -10.00000000000000000 ) ) ;
#108 = VECTOR ( 'NONE', #651, 1000.000000000000000 ) ;
#109 = CARTESIAN_POINT ( 'NONE',  ( 21.14999999999999858, 0.000000000000000000, -16.14999999999997016 ) ) ;
#110 = AXIS2_PLACEMENT_3D ( 'NONE', #1472, #198, #1234 ) ;
#111 = EDGE_CURVE ( 'NONE', #1413, #255, #1403, .T. ) ;
#112 = DIRECTION ( 'NONE',  ( 1.000000000000000000, 0.000000000000000000, 0.000000000000000000 ) ) ;
#113 = DIRECTION ( 'NONE',  ( 0.000000000000000000, 1.000000000000000000, 0.000000000000000000 ) ) ;
#114 = CARTESIAN_POINT ( 'NONE',  ( 15.50000000000000711, 34.00000000000000000, 14.00000000000000178 ) ) ;
#115 = EDGE_LOOP ( 'NONE', ( #66, #210, #238, #1253 ) ) ;
#116 = VERTEX_POINT ( 'NONE', #350 ) ;
#117 = ORIENTED_EDGE ( 'NONE', *, *, #147, .F. ) ;
#118 = CARTESIAN_POINT ( 'NONE',  ( 9.999999999999998224, 9.500000000000000000, 21.15000000000000213 ) ) ;
#119 = CARTESIAN_POINT ( 'NONE',  ( 9.999999999999996447, 2.499999999999998668, 28.15000000000000213 ) ) ;
#120 = DIRECTION ( 'NONE',  ( 0.000000000000000000, 1.000000000000000000, 0.000000000000000000 ) ) ;
#121 = DIRECTION ( 'NONE',  ( -0.000000000000000000, -1.000000000000000000, -0.000000000000000000 ) ) ;
#122 = LINE ( 'NONE', #488, #400 ) ;
#123 = ORIENTED_EDGE ( 'NONE', *, *, #147, .T. ) ;
#124 = DIRECTION ( 'NONE',  ( -0.000000000000000000, 1.000000000000000000, -0.000000000000000000 ) ) ;
#125 = ORIENTED_EDGE ( 'NONE', *, *, #1011, .T. ) ;
#126 = EDGE_CURVE ( 'NONE', #347, #605, #836, .T. ) ;
#127 = LINE ( 'NONE', #1091, #1463 ) ;
#128 = CARTESIAN_POINT ( 'NONE',  ( 0.000000000000000000, 34.00000000000000000, 0.000000000000000000 ) ) ;
#129 = DIRECTION ( 'NONE',  ( 0.000000000000000000, -1.000000000000000000, 0.000000000000000000 ) ) ;
#130 = ORIENTED_EDGE ( 'NONE', *, *, #408, .T. ) ;
#131 = CARTESIAN_POINT ( 'NONE',  ( -21.14999999999999858, 29.00000000000000000, -16.14999999999999858 ) ) ;
#132 = AXIS2_PLACEMENT_3D ( 'NONE', #818, #481, #1501 ) ;
#133 = AXIS2_PLACEMENT_3D ( 'NONE', #310, #1129, #1464 ) ;
#134 = FACE_OUTER_BOUND ( 'NONE', #692, .T. ) ;
#135 = VECTOR ( 'NONE', #1329, 1000.000000000000000 ) ;
#136 = ADVANCED_FACE ( 'NONE', ( #239 ), #1303, .F. ) ;
#137 = FACE_OUTER_BOUND ( 'NONE', #659, .T. ) ;
#138 = VECTOR ( 'NONE', #26, 1000.000000000000114 ) ;
#139 = FACE_OUTER_BOUND ( 'NONE', #1057, .T. ) ;
#140 = EDGE_LOOP ( 'NONE', ( #283, #757, #965, #10 ) ) ;
#141 = SURFACE_SIDE_STYLE ('',( #737 ) ) ;
#142 = DIRECTION ( 'NONE',  ( -0.000000000000000000, 1.000000000000000000, -0.000000000000000000 ) ) ;
#143 = VECTOR ( 'NONE', #1347, 1000.000000000000000 ) ;
#144 = EDGE_LOOP ( 'NONE', ( #268, #272, #553, #407 ) ) ;
#145 = LINE ( 'NONE', #513, #285 ) ;
#146 = VERTEX_POINT ( 'NONE', #119 ) ;
#147 = EDGE_CURVE ( 'NONE', #72, #189, #1099, .T. ) ;
#148 = CARTESIAN_POINT ( 'NONE',  ( 18.65000000000002345, 34.00000000000000000, -18.64999999999994529 ) ) ;
#149 = VERTEX_POINT ( 'NONE', #620 ) ;
#150 = FACE_OUTER_BOUND ( 'NONE', #1521, .T. ) ;
#151 = CARTESIAN_POINT ( 'NONE',  ( 14.14999999999999503, 5.000000000000000000, 21.14999999999999503 ) ) ;
#152 = ORIENTED_EDGE ( 'NONE', *, *, #1315, .T. ) ;
#153 = EDGE_CURVE ( 'NONE', #313, #349, #127, .T. ) ;
#154 = CARTESIAN_POINT ( 'NONE',  ( 1.224646799147353256E-15, 36.00000000000000711, 10.00000000000000000 ) ) ;
#155 = AXIS2_PLACEMENT_3D ( 'NONE', #683, #766, #1233 ) ;
#156 = CARTESIAN_POINT ( 'NONE',  ( -16.14999999999999503, 5.000000000000000000, 21.15000000000000213 ) ) ;
#157 = ORIENTED_EDGE ( 'NONE', *, *, #1414, .F. ) ;
#158 = CYLINDRICAL_SURFACE ( 'NONE', #882, 1.500000000000001332 ) ;
#159 = VECTOR ( 'NONE', #336, 1000.000000000000000 ) ;
#160 = VERTEX_POINT ( 'NONE', #486 ) ;
#161 = DIRECTION ( 'NONE',  ( 0.000000000000000000, 1.000000000000000000, 0.000000000000000000 ) ) ;
#162 = DIRECTION ( 'NONE',  ( 0.000000000000000000, 0.000000000000000000, -1.000000000000000000 ) ) ;
#163 = EDGE_LOOP ( 'NONE', ( #915, #64, #1436, #633 ) ) ;
#164 = EDGE_CURVE ( 'NONE', #181, #1469, #365, .T. ) ;
#165 = CARTESIAN_POINT ( 'NONE',  ( -21.15000000000000924, 34.00000000000000000, -21.14999999999999858 ) ) ;
#166 = AXIS2_PLACEMENT_3D ( 'NONE', #922, #318, #445 ) ;
#167 = ORIENTED_EDGE ( 'NONE', *, *, #425, .T. ) ;
#168 = CARTESIAN_POINT ( 'NONE',  ( -15.49999999999999645, 29.00000000000000000, 15.50000000000000355 ) ) ;
#169 = LINE ( 'NONE', #661, #1477 ) ;
#170 = ADVANCED_FACE ( 'NONE', ( #137 ), #939, .F. ) ;
#171 = CARTESIAN_POINT ( 'NONE',  ( -21.15000000000000924, 34.00000000000000000, -21.14999999999999858 ) ) ;
#172 = CARTESIAN_POINT ( 'NONE',  ( 21.14999999999999147, 29.00000000000000000, -14.15000000000000568 ) ) ;
#173 = LINE ( 'NONE', #656, #31 ) ;
#174 = CARTESIAN_POINT ( 'NONE',  ( 0.000000000000000000, 36.00000000000000711, -2.500000000000000000 ) ) ;
#175 = EDGE_LOOP ( 'NONE', ( #1515, #117, #1105, #680 ) ) ;
#176 = CARTESIAN_POINT ( 'NONE',  ( 0.000000000000000000, 36.00000000000000711, 0.000000000000000000 ) ) ;
#177 = DIRECTION ( 'NONE',  ( 0.000000000000000000, -1.000000000000000000, 0.000000000000000000 ) ) ;
#178 = PLANE ( 'NONE',  #944 ) ;
#179 = ADVANCED_FACE ( 'NONE', ( #861 ), #1327, .F. ) ;
#180 = VECTOR ( 'NONE', #496, 1000.000000000000000 ) ;
#181 = VERTEX_POINT ( 'NONE', #172 ) ;
#182 = EDGE_LOOP ( 'NONE', ( #676, #880, #1275, #773 ) ) ;
#183 = CIRCLE ( 'NONE', #786, 10.00000000000000000 ) ;
#184 = FACE_OUTER_BOUND ( 'NONE', #901, .T. ) ;
#185 = FACE_OUTER_BOUND ( 'NONE', #891, .T. ) ;
#186 = DIRECTION ( 'NONE',  ( -1.000000000000000000, -0.000000000000000000, -0.000000000000000000 ) ) ;
#187 = VERTEX_POINT ( 'NONE', #747 ) ;
#188 = FACE_OUTER_BOUND ( 'NONE', #723, .T. ) ;
#189 = VERTEX_POINT ( 'NONE', #372 ) ;
#190 = FACE_OUTER_BOUND ( 'NONE', #1049, .T. ) ;
#191 = EDGE_CURVE ( 'NONE', #889, #187, #1116, .T. ) ;
#192 = LINE ( 'NONE', #1480, #1509 ) ;
#193 = EDGE_CURVE ( 'NONE', #396, #295, #392, .T. ) ;
#194 = LINE ( 'NONE', #771, #236 ) ;
#195 = ORIENTED_EDGE ( 'NONE', *, *, #111, .F. ) ;
#196 = VERTEX_POINT ( 'NONE', #986 ) ;
#197 = ORIENTED_EDGE ( 'NONE', *, *, #590, .T. ) ;
#198 = DIRECTION ( 'NONE',  ( 0.000000000000000000, 1.000000000000000000, 0.000000000000000000 ) ) ;
#199 = LINE ( 'NONE', #413, #1202 ) ;
#200 = DIRECTION ( 'NONE',  ( -0.000000000000000000, -1.000000000000000000, -0.000000000000000000 ) ) ;
#201 = VERTEX_POINT ( 'NONE', #1215 ) ;
#202 = AXIS2_PLACEMENT_3D ( 'NONE', #1007, #384, #261 ) ;
#203 = ORIENTED_EDGE ( 'NONE', *, *, #1083, .T. ) ;
#204 = AXIS2_PLACEMENT_3D ( 'NONE', #701, #1171, #717 ) ;
#205 = EDGE_CURVE ( 'NONE', #116, #900, #504, .T. ) ;
#206 = CARTESIAN_POINT ( 'NONE',  ( -21.15000000000000213, 5.000000000000000000, -14.15000000000000568 ) ) ;
#207 = EDGE_CURVE ( 'NONE', #397, #149, #1122, .T. ) ;
#208 = LINE ( 'NONE', #1264, #377 ) ;
#209 = CARTESIAN_POINT ( 'NONE',  ( 0.000000000000000000, 56.00000000000000711, -2.500000000000000000 ) ) ;
#210 = ORIENTED_EDGE ( 'NONE', *, *, #45, .T. ) ;
#211 = ORIENTED_EDGE ( 'NONE', *, *, #1414, .T. ) ;
#212 = VECTOR ( 'NONE', #733, 1000.000000000000000 ) ;
#213 = DIRECTION ( 'NONE',  ( -1.000000000000000000, 0.000000000000000000, 0.000000000000000000 ) ) ;
#214 = ORIENTED_EDGE ( 'NONE', *, *, #687, .T. ) ;
#215 = EDGE_CURVE ( 'NONE', #1183, #95, #886, .T. ) ;
#216 = EDGE_CURVE ( 'NONE', #854, #849, #85, .T. ) ;
#217 = CYLINDRICAL_SURFACE ( 'NONE', #204, 10.00000000000000000 ) ;
#218 = EDGE_CURVE ( 'NONE', #313, #231, #282, .T. ) ;
#219 = ADVANCED_FACE ( 'NONE', ( #510 ), #1439, .F. ) ;
#220 = DIRECTION ( 'NONE',  ( -0.000000000000000000, 1.000000000000000000, -0.000000000000000000 ) ) ;
#221 = CARTESIAN_POINT ( 'NONE',  ( -15.49999999999999645, 34.00000000000000000, 15.50000000000000355 ) ) ;
#222 = CARTESIAN_POINT ( 'NONE',  ( -10.00000000000000355, 9.500000000000000000, 28.15000000000000213 ) ) ;
#223 = ORIENTED_EDGE ( 'NONE', *, *, #398, .F. ) ;
#224 = VERTEX_POINT ( 'NONE', #868 ) ;
#225 = CARTESIAN_POINT ( 'NONE',  ( 21.14999999999999858, 5.000000000000000000, 14.14999999999998614 ) ) ;
#226 = CARTESIAN_POINT ( 'NONE',  ( -21.15000000000000213, 29.00000000000000000, -14.15000000000000568 ) ) ;
#227 = DIRECTION ( 'NONE',  ( 0.000000000000000000, 0.000000000000000000, 1.000000000000000000 ) ) ;
#228 = CARTESIAN_POINT ( 'NONE',  ( 21.14999999999999858, 29.00000000000000000, 16.14999999999999147 ) ) ;
#229 = LINE ( 'NONE', #1085, #759 ) ;
#230 = FACE_OUTER_BOUND ( 'NONE', #182, .T. ) ;
#231 = VERTEX_POINT ( 'NONE', #1334 ) ;
#232 = ORIENTED_EDGE ( 'NONE', *, *, #898, .F. ) ;
#233 = ORIENTED_EDGE ( 'NONE', *, *, #423, .F. ) ;
#234 = PRODUCT_CONTEXT ( 'NONE', #87, 'mechanical' ) ;
#235 = CIRCLE ( 'NONE', #429, 1.500000000000001332 ) ;
#236 = VECTOR ( 'NONE', #1237, 1000.000000000000000 ) ;
#237 = FACE_OUTER_BOUND ( 'NONE', #1529, .T. ) ;
#238 = ORIENTED_EDGE ( 'NONE', *, *, #841, .T. ) ;
#239 = FACE_OUTER_BOUND ( 'NONE', #100, .T. ) ;
#240 = DIRECTION ( 'NONE',  ( 0.000000000000000000, 0.000000000000000000, 1.000000000000000000 ) ) ;
#241 = LINE ( 'NONE', #352, #1530 ) ;
#242 = CARTESIAN_POINT ( 'NONE',  ( -21.14999999999999858, 5.000000000000000000, -16.14999999999999858 ) ) ;
#243 = ORIENTED_EDGE ( 'NONE', *, *, #1083, .F. ) ;
#244 = VECTOR ( 'NONE', #1523, 1000.000000000000000 ) ;
#245 = ADVANCED_FACE ( 'NONE', ( #675 ), #559, .T. ) ;
#246 = CARTESIAN_POINT ( 'NONE',  ( -21.14999999999999858, 29.00000000000000000, 14.14999999999999325 ) ) ;
#247 = DIRECTION ( 'NONE',  ( 0.000000000000000000, 1.000000000000000000, 0.000000000000000000 ) ) ;
#248 = CYLINDRICAL_SURFACE ( 'NONE', #691, 2.500000000000000000 ) ;
#249 = DIRECTION ( 'NONE',  ( 0.000000000000000000, 0.000000000000000000, -1.000000000000000000 ) ) ;
#250 = ORIENTED_EDGE ( 'NONE', *, *, #442, .T. ) ;
#251 = EDGE_CURVE ( 'NONE', #1189, #740, #1159, .T. ) ;
#252 = CARTESIAN_POINT ( 'NONE',  ( 1.224646799147353256E-15, 36.00000000000000711, 10.00000000000000000 ) ) ;
#253 = CARTESIAN_POINT ( 'NONE',  ( 0.000000000000000000, 29.00000000000000000, 0.000000000000000000 ) ) ;
#254 = CARTESIAN_POINT ( 'NONE',  ( -21.14999999999999858, 5.000000000000000000, 16.14999999999997726 ) ) ;
#255 = VERTEX_POINT ( 'NONE', #601 ) ;
#256 = ORIENTED_EDGE ( 'NONE', *, *, #477, .F. ) ;
#257 = VECTOR ( 'NONE', #1053, 1000.000000000000000 ) ;
#258 = FACE_OUTER_BOUND ( 'NONE', #522, .T. ) ;
#259 = AXIS2_PLACEMENT_3D ( 'NONE', #1387, #360, #1092 ) ;
#260 = ORIENTED_EDGE ( 'NONE', *, *, #770, .F. ) ;
#261 = DIRECTION ( 'NONE',  ( 0.000000000000000000, -0.000000000000000000, 1.000000000000000000 ) ) ;
#262 = EDGE_CURVE ( 'NONE', #1504, #612, #294, .T. ) ;
#263 = ORIENTED_EDGE ( 'NONE', *, *, #686, .F. ) ;
#264 = ORIENTED_EDGE ( 'NONE', *, *, #490, .F. ) ;
#265 = CARTESIAN_POINT ( 'NONE',  ( 16.14999999999999503, 5.000000000000000000, -21.14999999999999503 ) ) ;
#266 = ADVANCED_FACE ( 'NONE', ( #188 ), #83, .F. ) ;
#267 = CIRCLE ( 'NONE', #468, 2.500000000000000000 ) ;
#268 = ORIENTED_EDGE ( 'NONE', *, *, #1309, .F. ) ;
#269 = DIRECTION ( 'NONE',  ( -1.000000000000000000, 2.478176394252581141E-16, 0.000000000000000000 ) ) ;
#270 = CARTESIAN_POINT ( 'NONE',  ( 21.14999999999999858, 0.000000000000000000, 21.15000000000000213 ) ) ;
#271 = ADVANCED_FACE ( 'NONE', ( #315 ), #1486, .T. ) ;
#272 = ORIENTED_EDGE ( 'NONE', *, *, #865, .T. ) ;
#273 =( NAMED_UNIT ( * ) SI_UNIT ( $, .STERADIAN. ) SOLID_ANGLE_UNIT ( ) );
#274 = LINE ( 'NONE', #630, #138 ) ;
#275 = EDGE_LOOP ( 'NONE', ( #647, #1039, #848, #515, #943, #1302 ) ) ;
#276 = CARTESIAN_POINT ( 'NONE',  ( 15.49999999999999645, 29.00000000000000000, -15.49999999999999645 ) ) ;
#277 = ADVANCED_FACE ( 'NONE', ( #1141 ), #931, .F. ) ;
#278 = ORIENTED_EDGE ( 'NONE', *, *, #1, .F. ) ;
#279 = ADVANCED_FACE ( 'NONE', ( #1399 ), #1320, .F. ) ;
#280 = DIRECTION ( 'NONE',  ( -0.7071067811865460184, 0.000000000000000000, -0.7071067811865489050 ) ) ;
#281 = CIRCLE ( 'NONE', #1246, 1.500000000000001332 ) ;
#282 = LINE ( 'NONE', #381, #1143 ) ;
#283 = ORIENTED_EDGE ( 'NONE', *, *, #25, .F. ) ;
#284 = CARTESIAN_POINT ( 'NONE',  ( -10.00000000000000355, 9.500000000000000000, 21.15000000000000213 ) ) ;
#285 = VECTOR ( 'NONE', #7, 1000.000000000000000 ) ;
#286 = VECTOR ( 'NONE', #370, 1000.000000000000000 ) ;
#287 = ORIENTED_EDGE ( 'NONE', *, *, #543, .T. ) ;
#288 = DIRECTION ( 'NONE',  ( -0.7071067811865460184, -0.000000000000000000, -0.7071067811865489050 ) ) ;
#289 = CARTESIAN_POINT ( 'NONE',  ( 21.14999999999999858, 0.000000000000000000, 16.14999999999999858 ) ) ;
#290 = EDGE_CURVE ( 'NONE', #1041, #373, #267, .T. ) ;
#291 = DIRECTION ( 'NONE',  ( 0.000000000000000000, 1.000000000000000000, 0.000000000000000000 ) ) ;
#292 = LINE ( 'NONE', #1006, #363 ) ;
#293 = PLANE ( 'NONE',  #1179 ) ;
#294 = CIRCLE ( 'NONE', #1165, 2.500000000000000000 ) ;
#295 = VERTEX_POINT ( 'NONE', #782 ) ;
#296 = DIRECTION ( 'NONE',  ( -0.000000000000000000, 1.000000000000000000, -0.000000000000000000 ) ) ;
#297 = LINE ( 'NONE', #556, #589 ) ;
#298 = FACE_OUTER_BOUND ( 'NONE', #569, .T. ) ;
#299 = ORIENTED_EDGE ( 'NONE', *, *, #290, .F. ) ;
#300 = EDGE_LOOP ( 'NONE', ( #634, #1174, #431, #355 ) ) ;
#301 = DIRECTION ( 'NONE',  ( -0.000000000000000000, -1.000000000000000000, -0.000000000000000000 ) ) ;
#302 = CARTESIAN_POINT ( 'NONE',  ( -16.14999999999998792, 34.00000000000000000, -21.14999999999999858 ) ) ;
#303 = CARTESIAN_POINT ( 'NONE',  ( -21.15000000000000924, 29.00000000000000000, -21.14999999999999858 ) ) ;
#304 = DIRECTION ( 'NONE',  ( 0.000000000000000000, 1.000000000000000000, 0.000000000000000000 ) ) ;
#305 = MECHANICAL_DESIGN_GEOMETRIC_PRESENTATION_REPRESENTATION (  '', ( #106 ), #1478 ) ;
#306 = ADVANCED_FACE ( 'NONE', ( #1513 ), #1297, .F. ) ;
#307 = EDGE_LOOP ( 'NONE', ( #998, #478, #1133, #1407 ) ) ;
#308 = AXIS2_PLACEMENT_3D ( 'NONE', #1524, #120, #240 ) ;
#309 = VECTOR ( 'NONE', #1051, 1000.000000000000000 ) ;
#310 = CARTESIAN_POINT ( 'NONE',  ( 0.000000000000000000, 36.00000000000000711, 0.000000000000000000 ) ) ;
#311 = DIRECTION ( 'NONE',  ( -0.000000000000000000, -0.000000000000000000, -1.000000000000000000 ) ) ;
#312 = LINE ( 'NONE', #1255, #1114 ) ;
#313 = VERTEX_POINT ( 'NONE', #1068 ) ;
#314 = ORIENTED_EDGE ( 'NONE', *, *, #380, .F. ) ;
#315 = FACE_OUTER_BOUND ( 'NONE', #1440, .T. ) ;
#316 = CYLINDRICAL_SURFACE ( 'NONE', #514, 1.500000000000001332 ) ;
#317 = FACE_OUTER_BOUND ( 'NONE', #1175, .T. ) ;
#318 = DIRECTION ( 'NONE',  ( 0.000000000000000000, -1.000000000000000000, 0.000000000000000000 ) ) ;
#319 = ORIENTED_EDGE ( 'NONE', *, *, #1149, .T. ) ;
#320 = ORIENTED_EDGE ( 'NONE', *, *, #1465, .F. ) ;
#321 = ORIENTED_EDGE ( 'NONE', *, *, #1012, .T. ) ;
#322 = FACE_OUTER_BOUND ( 'NONE', #730, .T. ) ;
#323 = EDGE_CURVE ( 'NONE', #1077, #906, #595, .T. ) ;
#324 = DIRECTION ( 'NONE',  ( -0.000000000000000000, 1.000000000000000000, -0.000000000000000000 ) ) ;
#325 = CARTESIAN_POINT ( 'NONE',  ( 0.000000000000000000, 36.00000000000000711, -10.00000000000000000 ) ) ;
#326 = VECTOR ( 'NONE', #1281, 1000.000000000000000 ) ;
#327 = EDGE_LOOP ( 'NONE', ( #1059, #211, #104, #458, #1461, #59, #1314, #996 ) ) ;
#328 = VECTOR ( 'NONE', #584, 999.9999999999998863 ) ;
#329 = VERTEX_POINT ( 'NONE', #610 ) ;
#330 = VECTOR ( 'NONE', #1108, 1000.000000000000000 ) ;
#331 = ORIENTED_EDGE ( 'NONE', *, *, #706, .T. ) ;
#332 = VECTOR ( 'NONE', #1522, 999.9999999999998863 ) ;
#333 = EDGE_CURVE ( 'NONE', #1244, #873, #838, .T. ) ;
#334 = CARTESIAN_POINT ( 'NONE',  ( -21.15000000000000213, 29.00000000000000000, -14.15000000000000568 ) ) ;
#335 = CARTESIAN_POINT ( 'NONE',  ( -10.00000000000000355, 2.499999999999998668, 28.15000000000000213 ) ) ;
#336 = DIRECTION ( 'NONE',  ( -1.000000000000000000, -0.000000000000000000, -0.000000000000000000 ) ) ;
#337 = DIRECTION ( 'NONE',  ( 0.000000000000000000, 0.000000000000000000, 1.000000000000000000 ) ) ;
#338 = EDGE_LOOP ( 'NONE', ( #705, #548, #1268, #956, #1080, #564 ) ) ;
#339 = VERTEX_POINT ( 'NONE', #1305 ) ;
#340 = AXIS2_PLACEMENT_3D ( 'NONE', #1431, #291, #1445 ) ;
#341 = LINE ( 'NONE', #476, #993 ) ;
#342 = CARTESIAN_POINT ( 'NONE',  ( 21.14999999999999858, 5.000000000000000000, -16.14999999999997016 ) ) ;
#343 = DIRECTION ( 'NONE',  ( 0.000000000000000000, 0.000000000000000000, 1.000000000000000000 ) ) ;
#344 = CARTESIAN_POINT ( 'NONE',  ( 2.449489742783178325, 56.00000000000000711, 0.5000000000000000000 ) ) ;
#345 = ORIENTED_EDGE ( 'NONE', *, *, #1338, .F. ) ;
#346 = EDGE_LOOP ( 'NONE', ( #1117, #1357, #585, #840 ) ) ;
#347 = VERTEX_POINT ( 'NONE', #344 ) ;
#348 = FACE_OUTER_BOUND ( 'NONE', #588, .T. ) ;
#349 = VERTEX_POINT ( 'NONE', #1093 ) ;
#350 = CARTESIAN_POINT ( 'NONE',  ( -16.14999999999999503, 5.000000000000000000, 21.15000000000000213 ) ) ;
#351 = DIRECTION ( 'NONE',  ( -0.7071067811865477948, -0.000000000000000000, -0.7071067811865473507 ) ) ;
#352 = CARTESIAN_POINT ( 'NONE',  ( -2.449489742783178325, 51.00000000000000711, 0.5000000000000000000 ) ) ;
#353 = ADVANCED_FACE ( 'NONE', ( #942 ), #710, .F. ) ;
#354 = PLANE ( 'NONE',  #1291 ) ;
#355 = ORIENTED_EDGE ( 'NONE', *, *, #18, .T. ) ;
#356 = CIRCLE ( 'NONE', #456, 1.500000000000001332 ) ;
#357 = AXIS2_PLACEMENT_3D ( 'NONE', #565, #679, #1018 ) ;
#358 = DIRECTION ( 'NONE',  ( 0.000000000000000000, 0.000000000000000000, 1.000000000000000000 ) ) ;
#359 = CARTESIAN_POINT ( 'NONE',  ( 15.50000000000000711, 29.00000000000000000, 17.00000000000000355 ) ) ;
#360 = DIRECTION ( 'NONE',  ( 0.000000000000000000, 1.000000000000000000, 0.000000000000000000 ) ) ;
#361 = ORIENTED_EDGE ( 'NONE', *, *, #1484, .T. ) ;
#362 = EDGE_CURVE ( 'NONE', #1031, #906, #846, .T. ) ;
#363 = VECTOR ( 'NONE', #1451, 1000.000000000000000 ) ;
#364 = CARTESIAN_POINT ( 'NONE',  ( -10.00000000000000355, 9.500000000000000000, 28.15000000000000213 ) ) ;
#365 = LINE ( 'NONE', #1311, #212 ) ;
#366 = CARTESIAN_POINT ( 'NONE',  ( 15.50000000000000711, 34.00000000000000000, 15.50000000000000355 ) ) ;
#367 = CARTESIAN_POINT ( 'NONE',  ( 0.000000000000000000, 5.000000000000000000, 0.000000000000000000 ) ) ;
#368 = VERTEX_POINT ( 'NONE', #209 ) ;
#369 = FILL_AREA_STYLE_COLOUR ( '', #784 ) ;
#370 = DIRECTION ( 'NONE',  ( 1.000000000000000000, 0.000000000000000000, 0.000000000000000000 ) ) ;
#371 = ADVANCED_FACE ( 'NONE', ( #230 ), #698, .T. ) ;
#372 = CARTESIAN_POINT ( 'NONE',  ( 15.50000000000000711, 29.00000000000000000, 14.00000000000000178 ) ) ;
#373 = VERTEX_POINT ( 'NONE', #1173 ) ;
#374 = FACE_OUTER_BOUND ( 'NONE', #979, .T. ) ;
#375 = ORIENTED_EDGE ( 'NONE', *, *, #1307, .T. ) ;
#376 = SURFACE_STYLE_USAGE ( .BOTH. , #141 ) ;
#377 = VECTOR ( 'NONE', #200, 1000.000000000000000 ) ;
#378 = PLANE ( 'NONE',  #406 ) ;
#379 = VECTOR ( 'NONE', #702, 1000.000000000000000 ) ;
#380 = EDGE_CURVE ( 'NONE', #612, #926, #241, .T. ) ;
#381 = CARTESIAN_POINT ( 'NONE',  ( -21.14999999999999858, 5.000000000000000000, 21.15000000000000213 ) ) ;
#382 = ORIENTED_EDGE ( 'NONE', *, *, #1362, .T. ) ;
#383 = VECTOR ( 'NONE', #966, 1000.000000000000000 ) ;
#384 = DIRECTION ( 'NONE',  ( 0.000000000000000000, 1.000000000000000000, 0.000000000000000000 ) ) ;
#385 = VERTEX_POINT ( 'NONE', #99 ) ;
#386 = CARTESIAN_POINT ( 'NONE',  ( 16.14999999999997371, 5.000000000000000000, 21.15000000000000213 ) ) ;
#387 = DIRECTION ( 'NONE',  ( 0.000000000000000000, -1.000000000000000000, 0.000000000000000000 ) ) ;
#388 = ORIENTED_EDGE ( 'NONE', *, *, #1155, .T. ) ;
#389 = PLANE ( 'NONE',  #1066 ) ;
#390 = ORIENTED_EDGE ( 'NONE', *, *, #1056, .F. ) ;
#391 = CARTESIAN_POINT ( 'NONE',  ( -21.14999999999999858, 5.000000000000000000, 21.15000000000000213 ) ) ;
#392 = LINE ( 'NONE', #1318, #816 ) ;
#393 = ORIENTED_EDGE ( 'NONE', *, *, #58, .F. ) ;
#394 = CARTESIAN_POINT ( 'NONE',  ( -15.49999999999999645, 29.00000000000000000, 15.50000000000000355 ) ) ;
#395 = EDGE_CURVE ( 'NONE', #415, #1025, #703, .T. ) ;
#396 = VERTEX_POINT ( 'NONE', #465 ) ;
#397 = VERTEX_POINT ( 'NONE', #1055 ) ;
#398 = EDGE_CURVE ( 'NONE', #849, #854, #281, .T. ) ;
#399 = CARTESIAN_POINT ( 'NONE',  ( -15.50000000000000355, 29.00000000000000000, -15.49999999999999645 ) ) ;
#400 = VECTOR ( 'NONE', #750, 1000.000000000000114 ) ;
#401 = CARTESIAN_POINT ( 'NONE',  ( 14.14999999999999503, 29.00000000000000000, 21.14999999999999503 ) ) ;
#402 = DIRECTION ( 'NONE',  ( 1.640400450096271510E-16, 0.000000000000000000, 1.000000000000000000 ) ) ;
#403 = LINE ( 'NONE', #1169, #738 ) ;
#404 = DIRECTION ( 'NONE',  ( 0.000000000000000000, 1.000000000000000000, 0.000000000000000000 ) ) ;
#405 = AXIS2_PLACEMENT_3D ( 'NONE', #638, #1441, #444 ) ;
#406 = AXIS2_PLACEMENT_3D ( 'NONE', #4, #1339, #867 ) ;
#407 = ORIENTED_EDGE ( 'NONE', *, *, #794, .F. ) ;
#408 = EDGE_CURVE ( 'NONE', #925, #493, #972, .T. ) ;
#409 = CARTESIAN_POINT ( 'NONE',  ( -2.449489742783178325, 56.00000000000000711, 0.5000000000000000000 ) ) ;
#410 = CYLINDRICAL_SURFACE ( 'NONE', #1222, 1.500000000000001332 ) ;
#411 = DIRECTION ( 'NONE',  ( 0.000000000000000000, 1.000000000000000000, 0.000000000000000000 ) ) ;
#412 = VERTEX_POINT ( 'NONE', #114 ) ;
#413 = CARTESIAN_POINT ( 'NONE',  ( -18.65000000000003055, -0.000000000000000000, 18.64999999999995239 ) ) ;
#414 = VECTOR ( 'NONE', #70, 1000.000000000000000 ) ;
#415 = VERTEX_POINT ( 'NONE', #1397 ) ;
#416 = ORIENTED_EDGE ( 'NONE', *, *, #1167, .F. ) ;
#417 = DIRECTION ( 'NONE',  ( 0.000000000000000000, -1.000000000000000000, 0.000000000000000000 ) ) ;
#418 = EDGE_CURVE ( 'NONE', #772, #1469, #823, .T. ) ;
#419 = DIRECTION ( 'NONE',  ( 0.000000000000000000, 1.000000000000000000, 0.000000000000000000 ) ) ;
#420 = EDGE_CURVE ( 'NONE', #86, #751, #1453, .T. ) ;
#421 = VERTEX_POINT ( 'NONE', #1405 ) ;
#422 = CARTESIAN_POINT ( 'NONE',  ( -15.49999999999999645, 29.00000000000000000, 15.50000000000000355 ) ) ;
#423 = EDGE_CURVE ( 'NONE', #181, #1258, #964, .T. ) ;
#424 = FACE_OUTER_BOUND ( 'NONE', #93, .T. ) ;
#425 = EDGE_CURVE ( 'NONE', #1231, #772, #694, .T. ) ;
#426 = CARTESIAN_POINT ( 'NONE',  ( -21.14999999999999858, 5.000000000000000000, -21.14999999999999503 ) ) ;
#427 = VERTEX_POINT ( 'NONE', #225 ) ;
#428 = ADVANCED_FACE ( 'NONE', ( #572 ), #1406, .F. ) ;
#429 = AXIS2_PLACEMENT_3D ( 'NONE', #1037, #1356, #657 ) ;
#430 = DIRECTION ( 'NONE',  ( 0.000000000000000000, 1.000000000000000000, 0.000000000000000000 ) ) ;
#431 = ORIENTED_EDGE ( 'NONE', *, *, #500, .T. ) ;
#432 = VECTOR ( 'NONE', #1089, 1000.000000000000000 ) ;
#433 = AXIS2_PLACEMENT_3D ( 'NONE', #1241, #177, #662 ) ;
#434 = CARTESIAN_POINT ( 'NONE',  ( 18.65000000000002700, -0.000000000000000000, -18.64999999999995239 ) ) ;
#435 = CARTESIAN_POINT ( 'NONE',  ( -21.14999999999999858, 5.000000000000000000, -21.14999999999999503 ) ) ;
#436 = DIRECTION ( 'NONE',  ( 1.000000000000000000, 0.000000000000000000, 0.000000000000000000 ) ) ;
#437 = VECTOR ( 'NONE', #1294, 1000.000000000000114 ) ;
#438 = ORIENTED_EDGE ( 'NONE', *, *, #262, .T. ) ;
#439 = ORIENTED_EDGE ( 'NONE', *, *, #380, .T. ) ;
#440 = ADVANCED_FACE ( 'NONE', ( #457 ), #354, .F. ) ;
#441 = VERTEX_POINT ( 'NONE', #722 ) ;
#442 = EDGE_CURVE ( 'NONE', #295, #397, #122, .T. ) ;
#443 = DIRECTION ( 'NONE',  ( 0.000000000000000000, -1.000000000000000000, 0.000000000000000000 ) ) ;
#444 = DIRECTION ( 'NONE',  ( 0.000000000000000000, -1.000000000000000000, 0.000000000000000000 ) ) ;
#445 = DIRECTION ( 'NONE',  ( 0.000000000000000000, -0.000000000000000000, -1.000000000000000000 ) ) ;
#446 = EDGE_CURVE ( 'NONE', #187, #427, #1204, .T. ) ;
#447 = LINE ( 'NONE', #325, #586 ) ;
#448 = ORIENTED_EDGE ( 'NONE', *, *, #626, .T. ) ;
#449 = EDGE_LOOP ( 'NONE', ( #263, #1516 ) ) ;
#450 = DIRECTION ( 'NONE',  ( 0.000000000000000000, 1.000000000000000000, 0.000000000000000000 ) ) ;
#451 = LINE ( 'NONE', #593, #629 ) ;
#452 = CARTESIAN_POINT ( 'NONE',  ( -21.14999999999999858, 0.000000000000000000, 21.15000000000000213 ) ) ;
#453 = DIRECTION ( 'NONE',  ( 0.000000000000000000, -1.000000000000000000, 0.000000000000000000 ) ) ;
#454 = DIRECTION ( 'NONE',  ( -0.000000000000000000, -0.000000000000000000, -1.000000000000000000 ) ) ;
#455 = ORIENTED_EDGE ( 'NONE', *, *, #884, .F. ) ;
#456 = AXIS2_PLACEMENT_3D ( 'NONE', #366, #1075, #1404 ) ;
#457 = FACE_OUTER_BOUND ( 'NONE', #1376, .T. ) ;
#458 = ORIENTED_EDGE ( 'NONE', *, *, #111, .T. ) ;
#459 = AXIS2_PLACEMENT_3D ( 'NONE', #96, #1409, #358 ) ;
#460 =( LENGTH_UNIT ( ) NAMED_UNIT ( * ) SI_UNIT ( .MILLI., .METRE. ) );
#461 = VECTOR ( 'NONE', #1373, 1000.000000000000000 ) ;
#462 = CARTESIAN_POINT ( 'NONE',  ( 16.14999999999999503, 0.000000000000000000, -21.14999999999999503 ) ) ;
#463 = CARTESIAN_POINT ( 'NONE',  ( -15.49999999999999645, 29.00000000000000000, 17.00000000000000355 ) ) ;
#464 = CARTESIAN_POINT ( 'NONE',  ( 16.14999999999997016, 29.00000000000000000, 21.14999999999999858 ) ) ;
#465 = CARTESIAN_POINT ( 'NONE',  ( -16.15000000000000924, 34.00000000000000000, 21.14999999999999858 ) ) ;
#466 = ORIENTED_EDGE ( 'NONE', *, *, #58, .T. ) ;
#467 = VERTEX_POINT ( 'NONE', #742 ) ;
#468 = AXIS2_PLACEMENT_3D ( 'NONE', #176, #1136, #544 ) ;
#469 = DIRECTION ( 'NONE',  ( -0.000000000000000000, -1.000000000000000000, 0.000000000000000000 ) ) ;
#470 = CARTESIAN_POINT ( 'NONE',  ( -21.14999999999999858, 29.00000000000000000, 14.14999999999999325 ) ) ;
#471 = EDGE_CURVE ( 'NONE', #1244, #427, #1528, .T. ) ;
#472 = DIRECTION ( 'NONE',  ( 2.478176394252581141E-16, 1.000000000000000000, 0.000000000000000000 ) ) ;
#473 = DIRECTION ( 'NONE',  ( -0.000000000000000000, 1.000000000000000000, -0.000000000000000000 ) ) ;
#474 = DIRECTION ( 'NONE',  ( 0.000000000000000000, 0.000000000000000000, 1.000000000000000000 ) ) ;
#475 = ORIENTED_EDGE ( 'NONE', *, *, #97, .T. ) ;
#476 = CARTESIAN_POINT ( 'NONE',  ( -10.00000000000000355, 2.499999999999998668, 28.15000000000000213 ) ) ;
#477 = EDGE_CURVE ( 'NONE', #224, #704, #872, .T. ) ;
#478 = ORIENTED_EDGE ( 'NONE', *, *, #898, .T. ) ;
#479 = DIRECTION ( 'NONE',  ( 0.000000000000000000, 1.000000000000000000, 0.000000000000000000 ) ) ;
#480 = DIRECTION ( 'NONE',  ( 0.000000000000000000, 1.000000000000000000, 0.000000000000000000 ) ) ;
#481 = DIRECTION ( 'NONE',  ( 0.000000000000000000, 1.000000000000000000, 0.000000000000000000 ) ) ;
#482 = ORIENTED_EDGE ( 'NONE', *, *, #420, .F. ) ;
#483 = VECTOR ( 'NONE', #829, 1000.000000000000114 ) ;
#484 = VECTOR ( 'NONE', #951, 1000.000000000000000 ) ;
#485 = CARTESIAN_POINT ( 'NONE',  ( 15.49999999999999645, 29.00000000000000000, -15.49999999999999645 ) ) ;
#486 = CARTESIAN_POINT ( 'NONE',  ( 21.14999999999999858, 5.000000000000000000, 16.14999999999999858 ) ) ;
#487 = CARTESIAN_POINT ( 'NONE',  ( 0.000000000000000000, 56.00000000000000711, 0.000000000000000000 ) ) ;
#488 = CARTESIAN_POINT ( 'NONE',  ( 18.64999999999995239, 34.00000000000000000, 18.65000000000002700 ) ) ;
#489 = EDGE_LOOP ( 'NONE', ( #932, #808, #157, #39 ) ) ;
#490 = EDGE_CURVE ( 'NONE', #467, #92, #1269, .T. ) ;
#491 = AXIS2_PLACEMENT_3D ( 'NONE', #570, #1032, #670 ) ;
#492 = LINE ( 'NONE', #148, #1272 ) ;
#493 = VERTEX_POINT ( 'NONE', #879 ) ;
#494 = PLANE ( 'NONE',  #1322 ) ;
#495 = EDGE_CURVE ( 'NONE', #493, #925, #613, .T. ) ;
#496 = DIRECTION ( 'NONE',  ( -0.000000000000000000, -1.000000000000000000, -0.000000000000000000 ) ) ;
#497 = ORIENTED_EDGE ( 'NONE', *, *, #813, .T. ) ;
#498 = VERTEX_POINT ( 'NONE', #1345 ) ;
#499 = ADVANCED_FACE ( 'NONE', ( #190 ), #1471, .F. ) ;
#500 = EDGE_CURVE ( 'NONE', #95, #1358, #169, .T. ) ;
#501 = EDGE_CURVE ( 'NONE', #1213, #441, #558, .T. ) ;
#502 = ADVANCED_BREP_SHAPE_REPRESENTATION ( 'Nema17', ( #660, #591 ), #77 ) ;
#503 = DIRECTION ( 'NONE',  ( 0.000000000000000000, -1.000000000000000000, 0.000000000000000000 ) ) ;
#504 = LINE ( 'NONE', #156, #143 ) ;
#505 = DIRECTION ( 'NONE',  ( -1.000000000000000000, -0.000000000000000000, -0.000000000000000000 ) ) ;
#506 = DIRECTION ( 'NONE',  ( 0.000000000000000000, -0.000000000000000000, 1.000000000000000000 ) ) ;
#507 = ORIENTED_EDGE ( 'NONE', *, *, #1465, .T. ) ;
#508 =( LENGTH_UNIT ( ) NAMED_UNIT ( * ) SI_UNIT ( .MILLI., .METRE. ) );
#509 = DIRECTION ( 'NONE',  ( -1.000000000000000000, -0.000000000000000000, -0.000000000000000000 ) ) ;
#510 = FACE_OUTER_BOUND ( 'NONE', #1218, .T. ) ;
#511 = CARTESIAN_POINT ( 'NONE',  ( -18.65000000000003766, 34.00000000000000000, 18.64999999999995950 ) ) ;
#512 = AXIS2_PLACEMENT_3D ( 'NONE', #859, #1426, #617 ) ;
#513 = CARTESIAN_POINT ( 'NONE',  ( -21.14999999999999858, 5.000000000000000000, 21.15000000000000213 ) ) ;
#514 = AXIS2_PLACEMENT_3D ( 'NONE', #41, #1015, #897 ) ;
#515 = ORIENTED_EDGE ( 'NONE', *, *, #624, .F. ) ;
#516 = VECTOR ( 'NONE', #637, 1000.000000000000000 ) ;
#517 = DIRECTION ( 'NONE',  ( 0.000000000000000000, 1.000000000000000000, 0.000000000000000000 ) ) ;
#518 = DIRECTION ( 'NONE',  ( 0.7071067811865471286, 0.000000000000000000, -0.7071067811865479058 ) ) ;
#519 = ORIENTED_EDGE ( 'NONE', *, *, #97, .F. ) ;
#520 = DIRECTION ( 'NONE',  ( -0.000000000000000000, -1.000000000000000000, -0.000000000000000000 ) ) ;
#521 = EDGE_CURVE ( 'NONE', #923, #116, #918, .T. ) ;
#522 = EDGE_LOOP ( 'NONE', ( #1446, #1195, #345, #587, #834, #32, #974, #1090, #1443, #466, #232, #781 ) ) ;
#523 = DIRECTION ( 'NONE',  ( -0.000000000000000000, -1.000000000000000000, 0.000000000000000000 ) ) ;
#524 = DIRECTION ( 'NONE',  ( 0.000000000000000000, 0.000000000000000000, -1.000000000000000000 ) ) ;
#525 = DIRECTION ( 'NONE',  ( 0.7071067811865460184, -0.000000000000000000, 0.7071067811865489050 ) ) ;
#526 = DIRECTION ( 'NONE',  ( 0.000000000000000000, 0.000000000000000000, 1.000000000000000000 ) ) ;
#527 = EDGE_CURVE ( 'NONE', #160, #1413, #654, .T. ) ;
#528 = ORIENTED_EDGE ( 'NONE', *, *, #68, .F. ) ;
#529 = EDGE_LOOP ( 'NONE', ( #528, #799, #1448, #681 ) ) ;
#530 = PLANE ( 'NONE',  #758 ) ;
#531 = CARTESIAN_POINT ( 'NONE',  ( 15.50000000000000711, 29.00000000000000000, 15.50000000000000355 ) ) ;
#532 = DIRECTION ( 'NONE',  ( 0.7071067811865489050, -0.000000000000000000, -0.7071067811865460184 ) ) ;
#533 = AXIS2_PLACEMENT_3D ( 'NONE', #367, #129, #1188 ) ;
#534 = LINE ( 'NONE', #20, #745 ) ;
#535 = DIRECTION ( 'NONE',  ( -1.000000000000000000, -0.000000000000000000, -0.000000000000000000 ) ) ;
#536 = VECTOR ( 'NONE', #473, 1000.000000000000000 ) ;
#537 = AXIS2_PLACEMENT_3D ( 'NONE', #1106, #517, #994 ) ;
#538 = PLANE ( 'NONE',  #1036 ) ;
#539 = PRODUCT_DEFINITION_FORMATION_WITH_SPECIFIED_SOURCE ( 'ANY', '', #967, .NOT_KNOWN. ) ;
#540 = ORIENTED_EDGE ( 'NONE', *, *, #960, .T. ) ;
#541 = DIRECTION ( 'NONE',  ( 0.000000000000000000, 1.000000000000000000, 0.000000000000000000 ) ) ;
#542 = CARTESIAN_POINT ( 'NONE',  ( -16.14999999999999503, 5.000000000000000000, 21.15000000000000213 ) ) ;
#543 = EDGE_CURVE ( 'NONE', #441, #1213, #805, .T. ) ;
#544 = DIRECTION ( 'NONE',  ( 0.000000000000000000, 0.000000000000000000, 1.000000000000000000 ) ) ;
#545 = FACE_OUTER_BOUND ( 'NONE', #549, .T. ) ;
#546 = DIRECTION ( 'NONE',  ( -1.000000000000000000, 0.000000000000000000, -0.000000000000000000 ) ) ;
#547 = AXIS2_PLACEMENT_3D ( 'NONE', #810, #65, #1201 ) ;
#548 = ORIENTED_EDGE ( 'NONE', *, *, #1424, .F. ) ;
#549 = EDGE_LOOP ( 'NONE', ( #764, #393, #748, #911 ) ) ;
#550 = PLANE ( 'NONE',  #1325 ) ;
#551 = ADVANCED_FACE ( 'NONE', ( #40 ), #410, .F. ) ;
#552 = LINE ( 'NONE', #1374, #641 ) ;
#553 = ORIENTED_EDGE ( 'NONE', *, *, #398, .T. ) ;
#554 = ORIENTED_EDGE ( 'NONE', *, *, #917, .T. ) ;
#555 = VERTEX_POINT ( 'NONE', #302 ) ;
#556 = CARTESIAN_POINT ( 'NONE',  ( -18.64999999999995239, -0.000000000000000000, -18.65000000000003055 ) ) ;
#557 = CARTESIAN_POINT ( 'NONE',  ( 15.49999999999999645, 29.00000000000000000, -16.99999999999999645 ) ) ;
#558 = CIRCLE ( 'NONE', #155, 10.00000000000000000 ) ;
#559 = PLANE ( 'NONE',  #166 ) ;
#560 = ADVANCED_FACE ( 'NONE', ( #184 ), #530, .T. ) ;
#561 = CIRCLE ( 'NONE', #259, 10.00000000000000000 ) ;
#562 = ORIENTED_EDGE ( 'NONE', *, *, #1008, .F. ) ;
#563 = VECTOR ( 'NONE', #975, 1000.000000000000000 ) ;
#564 = ORIENTED_EDGE ( 'NONE', *, *, #290, .T. ) ;
#565 = CARTESIAN_POINT ( 'NONE',  ( 21.14999999999999858, 5.000000000000000000, 16.14999999999999858 ) ) ;
#566 = EDGE_CURVE ( 'NONE', #349, #196, #1161, .T. ) ;
#567 = CARTESIAN_POINT ( 'NONE',  ( 0.000000000000000000, 56.00000000000000711, -2.500000000000000000 ) ) ;
#568 = AXIS2_PLACEMENT_3D ( 'NONE', #1064, #602, #952 ) ;
#569 = EDGE_LOOP ( 'NONE', ( #579, #933, #195, #669 ) ) ;
#570 = CARTESIAN_POINT ( 'NONE',  ( 14.14999999999999503, 29.00000000000000000, 21.14999999999999503 ) ) ;
#571 = ORIENTED_EDGE ( 'NONE', *, *, #777, .T. ) ;
#572 = FACE_OUTER_BOUND ( 'NONE', #47, .T. ) ;
#573 = ORIENTED_EDGE ( 'NONE', *, *, #1289, .F. ) ;
#574 = CARTESIAN_POINT ( 'NONE',  ( 14.14999999999999325, 29.00000000000000000, -21.15000000000000213 ) ) ;
#575 = LINE ( 'NONE', #470, #309 ) ;
#576 = CARTESIAN_POINT ( 'NONE',  ( 2.449489742783178325, 51.00000000000000711, 0.5000000000000000000 ) ) ;
#577 = VERTEX_POINT ( 'NONE', #1168 ) ;
#578 = CARTESIAN_POINT ( 'NONE',  ( 0.000000000000000000, 51.00000000000000711, 0.000000000000000000 ) ) ;
#579 = ORIENTED_EDGE ( 'NONE', *, *, #1263, .F. ) ;
#580 = EDGE_LOOP ( 'NONE', ( #390, #1206, #1152, #1191 ) ) ;
#581 = DIRECTION ( 'NONE',  ( -0.7071067811865489050, -0.000000000000000000, 0.7071067811865460184 ) ) ;
#582 = LINE ( 'NONE', #835, #1535 ) ;
#583 = PLANE ( 'NONE',  #1014 ) ;
#584 = DIRECTION ( 'NONE',  ( 0.7071067811865472397, 0.000000000000000000, 0.7071067811865479058 ) ) ;
#585 = ORIENTED_EDGE ( 'NONE', *, *, #103, .F. ) ;
#586 = VECTOR ( 'NONE', #806, 1000.000000000000000 ) ;
#587 = ORIENTED_EDGE ( 'NONE', *, *, #46, .T. ) ;
#588 = EDGE_LOOP ( 'NONE', ( #1072, #152, #978, #744 ) ) ;
#589 = VECTOR ( 'NONE', #532, 1000.000000000000114 ) ;
#590 = EDGE_CURVE ( 'NONE', #1031, #385, #1232, .T. ) ;
#591 = AXIS2_PLACEMENT_3D ( 'NONE', #1290, #1081, #959 ) ;
#592 = LINE ( 'NONE', #1393, #716 ) ;
#593 = CARTESIAN_POINT ( 'NONE',  ( 9.999999999999996447, 2.499999999999998668, 28.15000000000000213 ) ) ;
#594 = CARTESIAN_POINT ( 'NONE',  ( 21.14999999999999147, 29.00000000000000000, -21.14999999999999858 ) ) ;
#595 = LINE ( 'NONE', #1420, #326 ) ;
#596 = ORIENTED_EDGE ( 'NONE', *, *, #46, .F. ) ;
#597 = ORIENTED_EDGE ( 'NONE', *, *, #884, .T. ) ;
#598 = ORIENTED_EDGE ( 'NONE', *, *, #216, .T. ) ;
#599 = PRODUCT_DEFINITION_SHAPE ( 'NONE', 'NONE',  #1126 ) ;
#600 = CARTESIAN_POINT ( 'NONE',  ( 15.50000000000000711, 34.00000000000000000, 17.00000000000000355 ) ) ;
#601 = CARTESIAN_POINT ( 'NONE',  ( 16.14999999999997371, 0.000000000000000000, 21.15000000000000213 ) ) ;
#602 = DIRECTION ( 'NONE',  ( -0.7071067811865490160, 0.000000000000000000, 0.7071067811865461294 ) ) ;
#603 = LINE ( 'NONE', #609, #714 ) ;
#604 = DIRECTION ( 'NONE',  ( -1.000000000000000000, -0.000000000000000000, -0.000000000000000000 ) ) ;
#605 = VERTEX_POINT ( 'NONE', #409 ) ;
#606 = FACE_OUTER_BOUND ( 'NONE', #144, .T. ) ;
#607 = ORIENTED_EDGE ( 'NONE', *, *, #418, .T. ) ;
#608 = CARTESIAN_POINT ( 'NONE',  ( -15.49999999999999645, 29.00000000000000000, 17.00000000000000355 ) ) ;
#609 = CARTESIAN_POINT ( 'NONE',  ( -18.64999999999997016, 34.00000000000000000, -18.65000000000001990 ) ) ;
#610 = CARTESIAN_POINT ( 'NONE',  ( 9.999999999999998224, 9.500000000000000000, 28.15000000000000213 ) ) ;
#611 = EDGE_CURVE ( 'NONE', #751, #86, #663, .T. ) ;
#612 = VERTEX_POINT ( 'NONE', #653 ) ;
#613 = CIRCLE ( 'NONE', #1063, 1.500000000000001332 ) ;
#614 = DIRECTION ( 'NONE',  ( 0.000000000000000000, -0.000000000000000000, 1.000000000000000000 ) ) ;
#615 = AXIS2_PLACEMENT_3D ( 'NONE', #78, #1262, #790 ) ;
#616 = AXIS2_PLACEMENT_3D ( 'NONE', #1024, #419, #1363 ) ;
#617 = DIRECTION ( 'NONE',  ( 0.000000000000000000, 0.000000000000000000, -1.000000000000000000 ) ) ;
#618 = VECTOR ( 'NONE', #789, 1000.000000000000000 ) ;
#619 = EDGE_CURVE ( 'NONE', #146, #1423, #892, .T. ) ;
#620 = CARTESIAN_POINT ( 'NONE',  ( 21.14999999999999503, 29.00000000000000000, 16.14999999999998792 ) ) ;
#621 = DIRECTION ( 'NONE',  ( -0.000000000000000000, 1.000000000000000000, -0.000000000000000000 ) ) ;
#622 = EDGE_CURVE ( 'NONE', #116, #1025, #902, .T. ) ;
#623 = EDGE_CURVE ( 'NONE', #793, #295, #690, .T. ) ;
#624 = EDGE_CURVE ( 'NONE', #368, #1041, #1021, .T. ) ;
#625 = PRODUCT_DEFINITION_CONTEXT ( 'detailed design', #2, 'design' ) ;
#626 = EDGE_CURVE ( 'NONE', #1389, #1025, #208, .T. ) ;
#627 = ORIENTED_EDGE ( 'NONE', *, *, #495, .T. ) ;
#628 = ORIENTED_EDGE ( 'NONE', *, *, #126, .T. ) ;
#629 = VECTOR ( 'NONE', #472, 1000.000000000000000 ) ;
#630 = CARTESIAN_POINT ( 'NONE',  ( 21.14999999999999858, 5.000000000000000000, 16.14999999999999858 ) ) ;
#631 = ORIENTED_EDGE ( 'NONE', *, *, #362, .T. ) ;
#632 = CARTESIAN_POINT ( 'NONE',  ( 15.49999999999999645, 34.00000000000000000, -15.49999999999999645 ) ) ;
#633 = ORIENTED_EDGE ( 'NONE', *, *, #191, .T. ) ;
#634 = ORIENTED_EDGE ( 'NONE', *, *, #960, .F. ) ;
#635 = CARTESIAN_POINT ( 'NONE',  ( -2.449489742783178325, 51.00000000000000711, 0.5000000000000000000 ) ) ;
#636 = CARTESIAN_POINT ( 'NONE',  ( 21.14999999999999858, 5.000000000000000000, 16.14999999999999147 ) ) ;
#637 = DIRECTION ( 'NONE',  ( -0.000000000000000000, -1.000000000000000000, -0.000000000000000000 ) ) ;
#638 = CARTESIAN_POINT ( 'NONE',  ( -16.15000000000000924, 5.000000000000000000, 21.15000000000000213 ) ) ;
#639 = ORIENTED_EDGE ( 'NONE', *, *, #726, .T. ) ;
#640 = AXIS2_PLACEMENT_3D ( 'NONE', #422, #296, #908 ) ;
#641 = VECTOR ( 'NONE', #535, 1000.000000000000000 ) ;
#642 = LINE ( 'NONE', #364, #1479 ) ;
#643 = EDGE_CURVE ( 'NONE', #441, #671, #447, .T. ) ;
#644 = VECTOR ( 'NONE', #851, 1000.000000000000000 ) ;
#645 = ORIENTED_EDGE ( 'NONE', *, *, #803, .T. ) ;
#646 = LINE ( 'NONE', #763, #1410 ) ;
#647 = ORIENTED_EDGE ( 'NONE', *, *, #262, .F. ) ;
#648 = ORIENTED_EDGE ( 'NONE', *, *, #842, .F. ) ;
#649 = CYLINDRICAL_SURFACE ( 'NONE', #809, 1.500000000000001332 ) ;
#650 = ORIENTED_EDGE ( 'NONE', *, *, #935, .T. ) ;
#651 = DIRECTION ( 'NONE',  ( -1.000000000000000000, -0.000000000000000000, -0.000000000000000000 ) ) ;
#652 = ORIENTED_EDGE ( 'NONE', *, *, #1359, .F. ) ;
#653 = CARTESIAN_POINT ( 'NONE',  ( 2.449489742783178325, 51.00000000000000711, 0.5000000000000000000 ) ) ;
#654 = LINE ( 'NONE', #893, #1408 ) ;
#655 = CARTESIAN_POINT ( 'NONE',  ( 21.14999999999999147, 34.00000000000000000, -16.14999999999996305 ) ) ;
#656 = CARTESIAN_POINT ( 'NONE',  ( -21.14999999999999858, 5.000000000000000000, -16.14999999999999858 ) ) ;
#657 = DIRECTION ( 'NONE',  ( 0.000000000000000000, 0.000000000000000000, 1.000000000000000000 ) ) ;
#658 = EDGE_CURVE ( 'NONE', #201, #1205, #1273, .T. ) ;
#659 = EDGE_LOOP ( 'NONE', ( #597, #243, #907, #631 ) ) ;
#660 = MANIFOLD_SOLID_BREP ( 'Cut-Extrude2', #27 ) ;
#661 = CARTESIAN_POINT ( 'NONE',  ( 16.14999999999999503, 5.000000000000000000, -21.14999999999999503 ) ) ;
#662 = DIRECTION ( 'NONE',  ( 0.000000000000000000, -0.000000000000000000, -1.000000000000000000 ) ) ;
#663 = CIRCLE ( 'NONE', #938, 1.500000000000001332 ) ;
#664 = LINE ( 'NONE', #1491, #920 ) ;
#665 = CARTESIAN_POINT ( 'NONE',  ( -2.449489742783178325, 51.00000000000000711, 0.5000000000000000000 ) ) ;
#666 = ADVANCED_FACE ( 'NONE', ( #12 ), #538, .T. ) ;
#667 = VERTEX_POINT ( 'NONE', #1266 ) ;
#668 = AXIS2_PLACEMENT_3D ( 'NONE', #399, #1354, #1458 ) ;
#669 = ORIENTED_EDGE ( 'NONE', *, *, #527, .F. ) ;
#670 = DIRECTION ( 'NONE',  ( -0.7071067811865471286, 0.000000000000000000, 0.7071067811865479058 ) ) ;
#671 = VERTEX_POINT ( 'NONE', #107 ) ;
#672 = EDGE_CURVE ( 'NONE', #181, #876, #403, .T. ) ;
#673 = LINE ( 'NONE', #1130, #461 ) ;
#674 = CARTESIAN_POINT ( 'NONE',  ( 21.14999999999999858, 5.000000000000000000, 21.15000000000000213 ) ) ;
#675 = FACE_OUTER_BOUND ( 'NONE', #327, .T. ) ;
#676 = ORIENTED_EDGE ( 'NONE', *, *, #1315, .F. ) ;
#677 = DIRECTION ( 'NONE',  ( 0.7071067811865460184, -0.000000000000000000, 0.7071067811865489050 ) ) ;
#678 = CARTESIAN_POINT ( 'NONE',  ( 0.000000000000000000, 29.00000000000000000, 0.000000000000000000 ) ) ;
#679 = DIRECTION ( 'NONE',  ( -0.7071067811865461294, -0.000000000000000000, -0.7071067811865490160 ) ) ;
#680 = ORIENTED_EDGE ( 'NONE', *, *, #1052, .T. ) ;
#681 = ORIENTED_EDGE ( 'NONE', *, *, #1073, .T. ) ;
#682 = UNCERTAINTY_MEASURE_WITH_UNIT (LENGTH_MEASURE( 1.000000000000000082E-05 ), #508, 'distance_accuracy_value', 'NONE');
#683 = CARTESIAN_POINT ( 'NONE',  ( 0.000000000000000000, 36.00000000000000711, 0.000000000000000000 ) ) ;
#684 = ORIENTED_EDGE ( 'NONE', *, *, #477, .T. ) ;
#685 = DIRECTION ( 'NONE',  ( -0.000000000000000000, 1.000000000000000000, -0.000000000000000000 ) ) ;
#686 = EDGE_CURVE ( 'NONE', #671, #1282, #183, .T. ) ;
#687 = EDGE_CURVE ( 'NONE', #555, #1128, #603, .T. ) ;
#688 = DIRECTION ( 'NONE',  ( 0.000000000000000000, 0.000000000000000000, 1.000000000000000000 ) ) ;
#689 = VECTOR ( 'NONE', #1520, 1000.000000000000114 ) ;
#690 = LINE ( 'NONE', #1493, #1506 ) ;
#691 = AXIS2_PLACEMENT_3D ( 'NONE', #487, #709, #817 ) ;
#692 = EDGE_LOOP ( 'NONE', ( #361, #375, #554, #214, #1328, #827, #761, #250 ) ) ;
#693 = ORIENTED_EDGE ( 'NONE', *, *, #995, .T. ) ;
#694 = LINE ( 'NONE', #1503, #1094 ) ;
#695 = CARTESIAN_POINT ( 'NONE',  ( -21.14999999999999858, 5.000000000000000000, 21.15000000000000213 ) ) ;
#696 = AXIS2_PLACEMENT_3D ( 'NONE', #253, #969, #727 ) ;
#697 = DIRECTION ( 'NONE',  ( 0.000000000000000000, 0.000000000000000000, 1.000000000000000000 ) ) ;
#698 = CYLINDRICAL_SURFACE ( 'NONE', #712, 10.00000000000000000 ) ;
#699 = EDGE_LOOP ( 'NONE', ( #1485, #102, #6, #1240 ) ) ;
#700 = ORIENTED_EDGE ( 'NONE', *, *, #1073, .F. ) ;
#701 = CARTESIAN_POINT ( 'NONE',  ( 0.000000000000000000, 36.00000000000000711, 0.000000000000000000 ) ) ;
#702 = DIRECTION ( 'NONE',  ( -0.000000000000000000, 1.000000000000000000, -0.000000000000000000 ) ) ;
#703 = LINE ( 'NONE', #1086, #328 ) ;
#704 = VERTEX_POINT ( 'NONE', #90 ) ;
#705 = ORIENTED_EDGE ( 'NONE', *, *, #881, .F. ) ;
#706 = EDGE_CURVE ( 'NONE', #347, #368, #857, .T. ) ;
#707 = CARTESIAN_POINT ( 'NONE',  ( -16.14999999999998792, 29.00000000000000000, -21.14999999999999858 ) ) ;
#708 = LINE ( 'NONE', #1178, #896 ) ;
#709 = DIRECTION ( 'NONE',  ( -0.000000000000000000, -1.000000000000000000, -0.000000000000000000 ) ) ;
#710 = PLANE ( 'NONE',  #533 ) ;
#711 = ORIENTED_EDGE ( 'NONE', *, *, #527, .T. ) ;
#712 = AXIS2_PLACEMENT_3D ( 'NONE', #91, #121, #249 ) ;
#713 = ORIENTED_EDGE ( 'NONE', *, *, #973, .T. ) ;
#714 = VECTOR ( 'NONE', #941, 1000.000000000000000 ) ;
#715 = PRODUCT_RELATED_PRODUCT_CATEGORY ( 'part', '', ( #967 ) ) ;
#716 = VECTOR ( 'NONE', #450, 1000.000000000000000 ) ;
#717 = DIRECTION ( 'NONE',  ( 0.000000000000000000, 0.000000000000000000, -1.000000000000000000 ) ) ;
#718 = CARTESIAN_POINT ( 'NONE',  ( -10.00000000000000355, 2.499999999999998668, 28.15000000000000213 ) ) ;
#719 = DIRECTION ( 'NONE',  ( 0.000000000000000000, -0.000000000000000000, -1.000000000000000000 ) ) ;
#720 = DIRECTION ( 'NONE',  ( 0.000000000000000000, 1.000000000000000000, 0.000000000000000000 ) ) ;
#721 = VECTOR ( 'NONE', #505, 1000.000000000000000 ) ;
#722 = CARTESIAN_POINT ( 'NONE',  ( 0.000000000000000000, 36.00000000000000711, -10.00000000000000000 ) ) ;
#723 = EDGE_LOOP ( 'NONE', ( #1340, #1274, #1123, #1096 ) ) ;
#724 = EDGE_CURVE ( 'NONE', #368, #605, #48, .T. ) ;
#725 = FACE_OUTER_BOUND ( 'NONE', #115, .T. ) ;
#726 = EDGE_CURVE ( 'NONE', #612, #347, #98, .T. ) ;
#727 = DIRECTION ( 'NONE',  ( 0.000000000000000000, -0.000000000000000000, 1.000000000000000000 ) ) ;
#728 = PLANE ( 'NONE',  #23 ) ;
#729 = CARTESIAN_POINT ( 'NONE',  ( 21.14999999999999147, 29.00000000000000000, -14.15000000000000568 ) ) ;
#730 = EDGE_LOOP ( 'NONE', ( #540, #84, #56, #1432 ) ) ;
#731 = EDGE_CURVE ( 'NONE', #1282, #671, #561, .T. ) ;
#732 = PLANE ( 'NONE',  #1249 ) ;
#733 = DIRECTION ( 'NONE',  ( -8.202002250481357549E-17, -0.000000000000000000, -1.000000000000000000 ) ) ;
#734 = CYLINDRICAL_SURFACE ( 'NONE', #1383, 1.500000000000001332 ) ;
#735 = ORIENTED_EDGE ( 'NONE', *, *, #623, .T. ) ;
#736 = AXIS2_PLACEMENT_3D ( 'NONE', #1298, #213, #1087 ) ;
#737 = SURFACE_STYLE_FILL_AREA ( #850 ) ;
#738 = VECTOR ( 'NONE', #351, 999.9999999999998863 ) ;
#739 = CARTESIAN_POINT ( 'NONE',  ( 16.14999999999999147, 34.00000000000000000, -21.14999999999999858 ) ) ;
#740 = VERTEX_POINT ( 'NONE', #1180 ) ;
#741 = LINE ( 'NONE', #270, #1095 ) ;
#742 = CARTESIAN_POINT ( 'NONE',  ( -15.49999999999999645, 34.00000000000000000, 14.00000000000000178 ) ) ;
#743 = ORIENTED_EDGE ( 'NONE', *, *, #34, .F. ) ;
#744 = ORIENTED_EDGE ( 'NONE', *, *, #643, .F. ) ;
#745 = VECTOR ( 'NONE', #402, 1000.000000000000000 ) ;
#746 = CARTESIAN_POINT ( 'NONE',  ( 21.14999999999999147, 5.000000000000000000, -14.15000000000001812 ) ) ;
#747 = CARTESIAN_POINT ( 'NONE',  ( 21.14999999999999147, 29.00000000000000000, 14.14999999999999325 ) ) ;
#748 = ORIENTED_EDGE ( 'NONE', *, *, #991, .F. ) ;
#749 = DIRECTION ( 'NONE',  ( -0.000000000000000000, 1.000000000000000000, -0.000000000000000000 ) ) ;
#750 = DIRECTION ( 'NONE',  ( 0.7071067811865489050, -0.000000000000000000, -0.7071067811865460184 ) ) ;
#751 = VERTEX_POINT ( 'NONE', #1411 ) ;
#752 = EDGE_CURVE ( 'NONE', #751, #467, #1172, .T. ) ;
#753 = EDGE_CURVE ( 'NONE', #740, #1265, #229, .T. ) ;
#754 = DIRECTION ( 'NONE',  ( 0.000000000000000000, 0.000000000000000000, 1.000000000000000000 ) ) ;
#755 = EDGE_LOOP ( 'NONE', ( #562, #1033, #455, #1422 ) ) ;
#756 = LINE ( 'NONE', #988, #75 ) ;
#757 = ORIENTED_EDGE ( 'NONE', *, *, #658, .T. ) ;
#758 = AXIS2_PLACEMENT_3D ( 'NONE', #1065, #765, #929 ) ;
#759 = VECTOR ( 'NONE', #113, 1000.000000000000000 ) ;
#760 = PLANE ( 'NONE',  #1344 ) ;
#761 = ORIENTED_EDGE ( 'NONE', *, *, #193, .T. ) ;
#762 = VECTOR ( 'NONE', #581, 1000.000000000000114 ) ;
#763 = CARTESIAN_POINT ( 'NONE',  ( -15.50000000000000355, 29.00000000000000000, -16.99999999999999645 ) ) ;
#764 = ORIENTED_EDGE ( 'NONE', *, *, #521, .F. ) ;
#765 = DIRECTION ( 'NONE',  ( 0.000000000000000000, 1.000000000000000000, 0.000000000000000000 ) ) ;
#766 = DIRECTION ( 'NONE',  ( 0.000000000000000000, 1.000000000000000000, 0.000000000000000000 ) ) ;
#767 = VECTOR ( 'NONE', #525, 1000.000000000000114 ) ;
#768 = DIRECTION ( 'NONE',  ( 0.7071067811865460184, -0.000000000000000000, 0.7071067811865489050 ) ) ;
#769 = LINE ( 'NONE', #36, #721 ) ;
#770 = EDGE_CURVE ( 'NONE', #81, #740, #1286, .T. ) ;
#771 = CARTESIAN_POINT ( 'NONE',  ( -21.14999999999999858, 0.000000000000000000, 21.15000000000000213 ) ) ;
#772 = VERTEX_POINT ( 'NONE', #837 ) ;
#773 = ORIENTED_EDGE ( 'NONE', *, *, #686, .T. ) ;
#774 = CARTESIAN_POINT ( 'NONE',  ( 9.999999999999996447, 2.499999999999998668, 28.15000000000000213 ) ) ;
#775 = ADVANCED_FACE ( 'NONE', ( #845 ), #583, .F. ) ;
#776 = FACE_OUTER_BOUND ( 'NONE', #580, .T. ) ;
#777 = EDGE_CURVE ( 'NONE', #1107, #224, #1193, .T. ) ;
#778 = ADVANCED_FACE ( 'NONE', ( #1304 ), #248, .T. ) ;
#779 = PLANE ( 'NONE',  #357 ) ;
#780 = CARTESIAN_POINT ( 'NONE',  ( 0.000000000000000000, 56.00000000000000711, 0.000000000000000000 ) ) ;
#781 = ORIENTED_EDGE ( 'NONE', *, *, #1155, .F. ) ;
#782 = CARTESIAN_POINT ( 'NONE',  ( 16.14999999999997016, 34.00000000000000000, 21.14999999999999858 ) ) ;
#783 = CARTESIAN_POINT ( 'NONE',  ( 21.14999999999999147, 34.00000000000000000, -21.14999999999999858 ) ) ;
#784 = COLOUR_RGB ( '',0.7921568627450980005, 0.8196078431372548767, 0.9333333333333333481 ) ;
#785 = LINE ( 'NONE', #435, #992 ) ;
#786 = AXIS2_PLACEMENT_3D ( 'NONE', #128, #480, #697 ) ;
#787 = CIRCLE ( 'NONE', #110, 2.500000000000000000 ) ;
#788 = ORIENTED_EDGE ( 'NONE', *, *, #68, .T. ) ;
#789 = DIRECTION ( 'NONE',  ( -8.202002250481357549E-17, -0.000000000000000000, -1.000000000000000000 ) ) ;
#790 = DIRECTION ( 'NONE',  ( 0.000000000000000000, -0.000000000000000000, 1.000000000000000000 ) ) ;
#791 = EDGE_LOOP ( 'NONE', ( #855, #223 ) ) ;
#792 = DIRECTION ( 'NONE',  ( 0.000000000000000000, 0.000000000000000000, 1.000000000000000000 ) ) ;
#793 = VERTEX_POINT ( 'NONE', #464 ) ;
#794 = EDGE_CURVE ( 'NONE', #498, #854, #1512, .T. ) ;
#795 = LINE ( 'NONE', #303, #1369 ) ;
#796 = CARTESIAN_POINT ( 'NONE',  ( -10.00000000000000355, 9.500000000000000000, 28.15000000000000213 ) ) ;
#797 = DIRECTION ( 'NONE',  ( -0.000000000000000000, -1.000000000000000000, -0.000000000000000000 ) ) ;
#798 = ORIENTED_EDGE ( 'NONE', *, *, #1012, .F. ) ;
#799 = ORIENTED_EDGE ( 'NONE', *, *, #770, .T. ) ;
#800 = ORIENTED_EDGE ( 'NONE', *, *, #1184, .T. ) ;
#801 = ADVANCED_FACE ( 'NONE', ( #954 ), #728, .T. ) ;
#802 = APPLICATION_PROTOCOL_DEFINITION ( 'draft international standard', 'automotive_design', 1998, #87 ) ;
#803 = EDGE_CURVE ( 'NONE', #92, #467, #1343, .T. ) ;
#804 = DIRECTION ( 'NONE',  ( -1.000000000000000000, 0.000000000000000000, -0.000000000000000000 ) ) ;
#805 = CIRCLE ( 'NONE', #133, 10.00000000000000000 ) ;
#806 = DIRECTION ( 'NONE',  ( -0.000000000000000000, -1.000000000000000000, -0.000000000000000000 ) ) ;
#807 = ORIENTED_EDGE ( 'NONE', *, *, #623, .F. ) ;
#808 = ORIENTED_EDGE ( 'NONE', *, *, #215, .F. ) ;
#809 = AXIS2_PLACEMENT_3D ( 'NONE', #485, #142, #754 ) ;
#810 = CARTESIAN_POINT ( 'NONE',  ( 21.14999999999999858, 5.000000000000000000, 16.14999999999999147 ) ) ;
#811 = EDGE_LOOP ( 'NONE', ( #1040, #9, #1380, #321 ) ) ;
#812 = CARTESIAN_POINT ( 'NONE',  ( -10.00000000000000355, 2.499999999999998668, 28.15000000000000213 ) ) ;
#813 = EDGE_CURVE ( 'NONE', #149, #187, #822, .T. ) ;
#814 = DIRECTION ( 'NONE',  ( 1.000000000000000000, 0.000000000000000000, 0.000000000000000000 ) ) ;
#815 = DIRECTION ( 'NONE',  ( 0.000000000000000000, 1.000000000000000000, 0.000000000000000000 ) ) ;
#816 = VECTOR ( 'NONE', #1209, 1000.000000000000000 ) ;
#817 = DIRECTION ( 'NONE',  ( 0.000000000000000000, 0.000000000000000000, -1.000000000000000000 ) ) ;
#818 = CARTESIAN_POINT ( 'NONE',  ( 0.000000000000000000, 29.00000000000000000, 0.000000000000000000 ) ) ;
#819 = ORIENTED_EDGE ( 'NONE', *, *, #794, .T. ) ;
#820 = DIRECTION ( 'NONE',  ( 0.000000000000000000, -0.000000000000000000, 1.000000000000000000 ) ) ;
#821 = LINE ( 'NONE', #228, #437 ) ;
#822 = LINE ( 'NONE', #594, #1247 ) ;
#823 = LINE ( 'NONE', #830, #689 ) ;
#824 = ORIENTED_EDGE ( 'NONE', *, *, #948, .T. ) ;
#825 = ORIENTED_EDGE ( 'NONE', *, *, #865, .F. ) ;
#826 = CARTESIAN_POINT ( 'NONE',  ( 0.000000000000000000, 29.00000000000000000, 0.000000000000000000 ) ) ;
#827 = ORIENTED_EDGE ( 'NONE', *, *, #34, .T. ) ;
#828 = CARTESIAN_POINT ( 'NONE',  ( -2.449489742783178325, 56.00000000000000711, 0.5000000000000000000 ) ) ;
#829 = DIRECTION ( 'NONE',  ( -0.7071067811865460184, 0.000000000000000000, -0.7071067811865489050 ) ) ;
#830 = CARTESIAN_POINT ( 'NONE',  ( 16.14999999999998792, 29.00000000000000000, -21.14999999999999503 ) ) ;
#831 = VECTOR ( 'NONE', #958, 1000.000000000000000 ) ;
#832 = VECTOR ( 'NONE', #1536, 1000.000000000000000 ) ;
#833 = VECTOR ( 'NONE', #685, 1000.000000000000000 ) ;
#834 = ORIENTED_EDGE ( 'NONE', *, *, #25, .T. ) ;
#835 = CARTESIAN_POINT ( 'NONE',  ( 15.49999999999999645, 29.00000000000000000, -13.99999999999999467 ) ) ;
#836 = LINE ( 'NONE', #828, #244 ) ;
#837 = CARTESIAN_POINT ( 'NONE',  ( 16.14999999999999147, 29.00000000000000000, -21.14999999999999858 ) ) ;
#838 = LINE ( 'NONE', #1194, #1197 ) ;
#839 = VECTOR ( 'NONE', #928, 1000.000000000000000 ) ;
#840 = ORIENTED_EDGE ( 'NONE', *, *, #619, .T. ) ;
#841 = EDGE_CURVE ( 'NONE', #412, #1146, #356, .T. ) ;
#842 = EDGE_CURVE ( 'NONE', #421, #339, #940, .T. ) ;
#843 = DIRECTION ( 'NONE',  ( -0.000000000000000000, 1.000000000000000000, -0.000000000000000000 ) ) ;
#844 = DIRECTION ( 'NONE',  ( 0.000000000000000000, -0.000000000000000000, 1.000000000000000000 ) ) ;
#845 = FACE_OUTER_BOUND ( 'NONE', #307, .T. ) ;
#846 = LINE ( 'NONE', #222, #936 ) ;
#847 = CARTESIAN_POINT ( 'NONE',  ( -21.14999999999999858, 5.000000000000000000, 16.14999999999997726 ) ) ;
#848 = ORIENTED_EDGE ( 'NONE', *, *, #1167, .T. ) ;
#849 = VERTEX_POINT ( 'NONE', #877 ) ;
#850 = FILL_AREA_STYLE ('',( #369 ) ) ;
#851 = DIRECTION ( 'NONE',  ( 0.000000000000000000, -1.000000000000000000, 0.000000000000000000 ) ) ;
#852 = ORIENTED_EDGE ( 'NONE', *, *, #408, .F. ) ;
#853 = PLANE ( 'NONE',  #202 ) ;
#854 = VERTEX_POINT ( 'NONE', #864 ) ;
#855 = ORIENTED_EDGE ( 'NONE', *, *, #216, .F. ) ;
#856 = VECTOR ( 'NONE', #797, 1000.000000000000000 ) ;
#857 = CIRCLE ( 'NONE', #1135, 2.500000000000000000 ) ;
#858 = AXIS2_PLACEMENT_3D ( 'NONE', #826, #1279, #820 ) ;
#859 = CARTESIAN_POINT ( 'NONE',  ( 0.000000000000000000, 56.00000000000000711, 0.000000000000000000 ) ) ;
#860 = AXIS2_PLACEMENT_3D ( 'NONE', #1023, #1467, #417 ) ;
#861 = FACE_OUTER_BOUND ( 'NONE', #1004, .T. ) ;
#862 = ORIENTED_EDGE ( 'NONE', *, *, #611, .F. ) ;
#863 = CARTESIAN_POINT ( 'NONE',  ( 9.999999999999996447, 2.499999999999998668, 28.15000000000000213 ) ) ;
#864 = CARTESIAN_POINT ( 'NONE',  ( -15.50000000000000355, 34.00000000000000000, -13.99999999999999467 ) ) ;
#865 = EDGE_CURVE ( 'NONE', #667, #849, #646, .T. ) ;
#866 = ORIENTED_EDGE ( 'NONE', *, *, #1261, .F. ) ;
#867 = DIRECTION ( 'NONE',  ( 0.000000000000000000, -0.000000000000000000, 1.000000000000000000 ) ) ;
#868 = CARTESIAN_POINT ( 'NONE',  ( -16.14999999999998082, 0.000000000000000000, -21.14999999999999503 ) ) ;
#869 = FACE_OUTER_BOUND ( 'NONE', #300, .T. ) ;
#870 = DIRECTION ( 'NONE',  ( 0.000000000000000000, 0.000000000000000000, 1.000000000000000000 ) ) ;
#871 = ADVANCED_FACE ( 'NONE', ( #1341 ), #494, .T. ) ;
#872 = LINE ( 'NONE', #1412, #1382 ) ;
#873 = VERTEX_POINT ( 'NONE', #15 ) ;
#874 = DIRECTION ( 'NONE',  ( -0.7071067811865490160, 0.000000000000000000, 0.7071067811865461294 ) ) ;
#875 = DIRECTION ( 'NONE',  ( 0.000000000000000000, -1.000000000000000000, 0.000000000000000000 ) ) ;
#876 = VERTEX_POINT ( 'NONE', #1428 ) ;
#877 = CARTESIAN_POINT ( 'NONE',  ( -15.50000000000000355, 34.00000000000000000, -16.99999999999999645 ) ) ;
#878 = ADVANCED_FACE ( 'NONE', ( #888 ), #734, .F. ) ;
#879 = CARTESIAN_POINT ( 'NONE',  ( 15.49999999999999645, 29.00000000000000000, -13.99999999999999467 ) ) ;
#880 = ORIENTED_EDGE ( 'NONE', *, *, #543, .F. ) ;
#881 = EDGE_CURVE ( 'NONE', #1504, #373, #756, .T. ) ;
#882 = AXIS2_PLACEMENT_3D ( 'NONE', #394, #1230, #1433 ) ;
#883 = PLANE ( 'NONE',  #1070 ) ;
#884 = EDGE_CURVE ( 'NONE', #906, #1245, #1098, .T. ) ;
#885 = VECTOR ( 'NONE', #1242, 1000.000000000000000 ) ;
#886 = LINE ( 'NONE', #28, #1488 ) ;
#887 = EDGE_LOOP ( 'NONE', ( #1398, #648 ) ) ;
#888 = FACE_OUTER_BOUND ( 'NONE', #1371, .T. ) ;
#889 = VERTEX_POINT ( 'NONE', #1002 ) ;
#890 = ADVANCED_FACE ( 'NONE', ( #139 ), #158, .F. ) ;
#891 = EDGE_LOOP ( 'NONE', ( #1502, #1154, #1100, #1071 ) ) ;
#892 = LINE ( 'NONE', #774, #257 ) ;
#893 = CARTESIAN_POINT ( 'NONE',  ( 21.14999999999999858, 5.000000000000000000, 16.14999999999999858 ) ) ;
#894 = EDGE_CURVE ( 'NONE', #1533, #231, #997, .T. ) ;
#895 = ADVANCED_FACE ( 'NONE', ( #1211 ), #389, .F. ) ;
#896 = VECTOR ( 'NONE', #112, 1000.000000000000000 ) ;
#897 = DIRECTION ( 'NONE',  ( 0.000000000000000000, 0.000000000000000000, 1.000000000000000000 ) ) ;
#898 = EDGE_CURVE ( 'NONE', #415, #923, #145, .T. ) ;
#899 = DIRECTION ( 'NONE',  ( -0.7071067811865477948, -0.000000000000000000, -0.7071067811865473507 ) ) ;
#900 = VERTEX_POINT ( 'NONE', #1104 ) ;
#901 = EDGE_LOOP ( 'NONE', ( #123, #824 ) ) ;
#902 = LINE ( 'NONE', #1379, #1134 ) ;
#903 = DIRECTION ( 'NONE',  ( 0.000000000000000000, 0.000000000000000000, 1.000000000000000000 ) ) ;
#904 = LINE ( 'NONE', #783, #618 ) ;
#905 = CARTESIAN_POINT ( 'NONE',  ( -14.15000000000000568, 29.00000000000000000, -21.15000000000000924 ) ) ;
#906 = VERTEX_POINT ( 'NONE', #284 ) ;
#907 = ORIENTED_EDGE ( 'NONE', *, *, #590, .F. ) ;
#908 = DIRECTION ( 'NONE',  ( 0.000000000000000000, 0.000000000000000000, 1.000000000000000000 ) ) ;
#909 = CARTESIAN_POINT ( 'NONE',  ( -14.15000000000000036, 29.00000000000000000, 21.14999999999999503 ) ) ;
#910 = AXIS2_PLACEMENT_3D ( 'NONE', #1287, #720, #474 ) ;
#911 = ORIENTED_EDGE ( 'NONE', *, *, #205, .F. ) ;
#912 = VECTOR ( 'NONE', #899, 999.9999999999998863 ) ;
#913 = FACE_OUTER_BOUND ( 'NONE', #1361, .T. ) ;
#914 = AXIS2_PLACEMENT_3D ( 'NONE', #632, #404, #870 ) ;
#915 = ORIENTED_EDGE ( 'NONE', *, *, #813, .F. ) ;
#916 = CIRCLE ( 'NONE', #616, 1.500000000000001332 ) ;
#917 = EDGE_CURVE ( 'NONE', #1231, #555, #1321, .T. ) ;
#918 = LINE ( 'NONE', #542, #1035 ) ;
#919 = CARTESIAN_POINT ( 'NONE',  ( 15.50000000000000711, 29.00000000000000000, 17.00000000000000355 ) ) ;
#920 = VECTOR ( 'NONE', #443, 1000.000000000000000 ) ;
#921 = CARTESIAN_POINT ( 'NONE',  ( 21.14999999999999858, 5.000000000000000000, -16.14999999999996305 ) ) ;
#922 = CARTESIAN_POINT ( 'NONE',  ( 0.000000000000000000, 0.000000000000000000, 0.000000000000000000 ) ) ;
#923 = VERTEX_POINT ( 'NONE', #254 ) ;
#924 = ORIENTED_EDGE ( 'NONE', *, *, #164, .F. ) ;
#925 = VERTEX_POINT ( 'NONE', #1124 ) ;
#926 = VERTEX_POINT ( 'NONE', #37 ) ;
#927 = CYLINDRICAL_SURFACE ( 'NONE', #1224, 1.500000000000001332 ) ;
#928 = DIRECTION ( 'NONE',  ( 1.640400450096271510E-16, 0.000000000000000000, 1.000000000000000000 ) ) ;
#929 = DIRECTION ( 'NONE',  ( 0.000000000000000000, -0.000000000000000000, 1.000000000000000000 ) ) ;
#930 = ADVANCED_FACE ( 'NONE', ( #982, #374 ), #853, .T. ) ;
#931 = PLANE ( 'NONE',  #547 ) ;
#932 = ORIENTED_EDGE ( 'NONE', *, *, #500, .F. ) ;
#933 = ORIENTED_EDGE ( 'NONE', *, *, #1252, .F. ) ;
#934 = DIRECTION ( 'NONE',  ( 0.7071067811865479058, -0.000000000000000000, 0.7071067811865471286 ) ) ;
#935 = EDGE_CURVE ( 'NONE', #1413, #1183, #741, .T. ) ;
#936 = VECTOR ( 'NONE', #454, 1000.000000000000000 ) ;
#937 = LINE ( 'NONE', #1190, #432 ) ;
#938 = AXIS2_PLACEMENT_3D ( 'NONE', #168, #815, #1511 ) ;
#939 = PLANE ( 'NONE',  #57 ) ;
#940 = CIRCLE ( 'NONE', #914, 1.500000000000001332 ) ;
#941 = DIRECTION ( 'NONE',  ( -0.7071067811865485719, -0.000000000000000000, 0.7071067811865465735 ) ) ;
#942 = FACE_OUTER_BOUND ( 'NONE', #811, .T. ) ;
#943 = ORIENTED_EDGE ( 'NONE', *, *, #706, .F. ) ;
#944 = AXIS2_PLACEMENT_3D ( 'NONE', #665, #1139, #546 ) ;
#945 = EDGE_LOOP ( 'NONE', ( #1352, #1366, #700, #388 ) ) ;
#946 = ADVANCED_FACE ( 'NONE', ( #150 ), #1452, .F. ) ;
#947 = DIRECTION ( 'NONE',  ( 0.7071067811865477948, 0.000000000000000000, 0.7071067811865473507 ) ) ;
#948 = EDGE_CURVE ( 'NONE', #189, #72, #22, .T. ) ;
#949 = EDGE_CURVE ( 'NONE', #1400, #704, #785, .T. ) ;
#950 = ADVANCED_FACE ( 'NONE', ( #913 ), #1250, .T. ) ;
#951 = DIRECTION ( 'NONE',  ( -0.7071067811865471286, -0.000000000000000000, 0.7071067811865479058 ) ) ;
#952 = DIRECTION ( 'NONE',  ( 0.000000000000000000, -1.000000000000000000, 0.000000000000000000 ) ) ;
#953 = AXIS2_PLACEMENT_3D ( 'NONE', #863, #269, #52 ) ;
#954 = FACE_OUTER_BOUND ( 'NONE', #29, .T. ) ;
#955 = DIRECTION ( 'NONE',  ( 0.000000000000000000, 1.000000000000000000, 0.000000000000000000 ) ) ;
#956 = ORIENTED_EDGE ( 'NONE', *, *, #724, .F. ) ;
#957 = ORIENTED_EDGE ( 'NONE', *, *, #193, .F. ) ;
#958 = DIRECTION ( 'NONE',  ( -0.000000000000000000, -1.000000000000000000, -0.000000000000000000 ) ) ;
#959 = DIRECTION ( 'NONE',  ( 1.000000000000000000, 0.000000000000000000, 0.000000000000000000 ) ) ;
#960 = EDGE_CURVE ( 'NONE', #1258, #577, #1492, .T. ) ;
#961 = DIRECTION ( 'NONE',  ( 0.000000000000000000, 0.000000000000000000, 1.000000000000000000 ) ) ;
#962 = PLANE ( 'NONE',  #696 ) ;
#963 = DIRECTION ( 'NONE',  ( 0.000000000000000000, -0.000000000000000000, 1.000000000000000000 ) ) ;
#964 = LINE ( 'NONE', #729, #831 ) ;
#965 = ORIENTED_EDGE ( 'NONE', *, *, #1011, .F. ) ;
#966 = DIRECTION ( 'NONE',  ( 1.000000000000000000, 0.000000000000000000, 0.000000000000000000 ) ) ;
#967 = PRODUCT ( 'Nema17', 'Nema17', '', ( #234 ) ) ;
#968 = ORIENTED_EDGE ( 'NONE', *, *, #753, .F. ) ;
#969 = DIRECTION ( 'NONE',  ( 0.000000000000000000, 1.000000000000000000, 0.000000000000000000 ) ) ;
#970 = CARTESIAN_POINT ( 'NONE',  ( 0.000000000000000000, 56.00000000000000711, 0.000000000000000000 ) ) ;
#971 = DIRECTION ( 'NONE',  ( 0.000000000000000000, 1.000000000000000000, 0.000000000000000000 ) ) ;
#972 = CIRCLE ( 'NONE', #1156, 1.500000000000001332 ) ;
#973 = EDGE_CURVE ( 'NONE', #1469, #1429, #1145, .T. ) ;
#974 = ORIENTED_EDGE ( 'NONE', *, *, #218, .F. ) ;
#975 = DIRECTION ( 'NONE',  ( 0.000000000000000000, 1.000000000000000000, 0.000000000000000000 ) ) ;
#976 = CARTESIAN_POINT ( 'NONE',  ( 0.000000000000000000, 5.000000000000000000, 0.000000000000000000 ) ) ;
#977 = VECTOR ( 'NONE', #1418, 1000.000000000000114 ) ;
#978 = ORIENTED_EDGE ( 'NONE', *, *, #731, .T. ) ;
#979 = EDGE_LOOP ( 'NONE', ( #287, #62 ) ) ;
#980 = CYLINDRICAL_SURFACE ( 'NONE', #512, 2.500000000000000000 ) ;
#981 = ORIENTED_EDGE ( 'NONE', *, *, #205, .T. ) ;
#982 = FACE_BOUND ( 'NONE', #1459, .T. ) ;
#983 = EDGE_LOOP ( 'NONE', ( #71, #1020 ) ) ;
#984 = CARTESIAN_POINT ( 'NONE',  ( -21.15000000000000213, 29.00000000000000000, 21.14999999999999858 ) ) ;
#985 = ADVANCED_FACE ( 'NONE', ( #43 ), #293, .F. ) ;
#986 = CARTESIAN_POINT ( 'NONE',  ( -21.14999999999999858, 0.000000000000000000, 16.14999999999997726 ) ) ;
#987 = LINE ( 'NONE', #511, #767 ) ;
#988 = CARTESIAN_POINT ( 'NONE',  ( 3.061616997868383141E-16, 56.00000000000000711, 2.500000000000000000 ) ) ;
#989 = VERTEX_POINT ( 'NONE', #905 ) ;
#990 = PRESENTATION_LAYER_ASSIGNMENT (  '', '', ( #106 ) ) ;
#991 = EDGE_CURVE ( 'NONE', #900, #196, #199, .T. ) ;
#992 = VECTOR ( 'NONE', #186, 1000.000000000000000 ) ;
#993 = VECTOR ( 'NONE', #1283, 1000.000000000000000 ) ;
#994 = DIRECTION ( 'NONE',  ( 0.000000000000000000, 0.000000000000000000, 1.000000000000000000 ) ) ;
#995 = EDGE_CURVE ( 'NONE', #339, #421, #235, .T. ) ;
#996 = ORIENTED_EDGE ( 'NONE', *, *, #1377, .T. ) ;
#997 = LINE ( 'NONE', #1118, #330 ) ;
#998 = ORIENTED_EDGE ( 'NONE', *, *, #395, .F. ) ;
#999 = DIRECTION ( 'NONE',  ( -0.000000000000000000, -1.000000000000000000, -0.000000000000000000 ) ) ;
#1000 = DIRECTION ( 'NONE',  ( 0.000000000000000000, 1.000000000000000000, 0.000000000000000000 ) ) ;
#1001 = DIRECTION ( 'NONE',  ( 0.000000000000000000, -0.000000000000000000, -1.000000000000000000 ) ) ;
#1002 = CARTESIAN_POINT ( 'NONE',  ( 14.14999999999999503, 29.00000000000000000, 21.14999999999999503 ) ) ;
#1003 = EDGE_CURVE ( 'NONE', #1258, #95, #1473, .T. ) ;
#1004 = EDGE_LOOP ( 'NONE', ( #1223, #1324, #197, #319 ) ) ;
#1005 = DIRECTION ( 'NONE',  ( 1.640400450096271510E-16, 0.000000000000000000, 1.000000000000000000 ) ) ;
#1006 = CARTESIAN_POINT ( 'NONE',  ( 15.50000000000000711, 29.00000000000000000, 14.00000000000000178 ) ) ;
#1007 = CARTESIAN_POINT ( 'NONE',  ( 0.000000000000000000, 36.00000000000000711, 0.000000000000000000 ) ) ;
#1008 = EDGE_CURVE ( 'NONE', #1423, #1077, #1151, .T. ) ;
#1009 = CARTESIAN_POINT ( 'NONE',  ( 15.49999999999999645, 29.00000000000000000, -15.49999999999999645 ) ) ;
#1010 = ORIENTED_EDGE ( 'NONE', *, *, #323, .T. ) ;
#1011 = EDGE_CURVE ( 'NONE', #989, #1205, #552, .T. ) ;
#1012 = EDGE_CURVE ( 'NONE', #160, #427, #312, .T. ) ;
#1013 = DIRECTION ( 'NONE',  ( -0.000000000000000000, 1.000000000000000000, -0.000000000000000000 ) ) ;
#1014 = AXIS2_PLACEMENT_3D ( 'NONE', #976, #453, #719 ) ;
#1015 = DIRECTION ( 'NONE',  ( -0.000000000000000000, 1.000000000000000000, -0.000000000000000000 ) ) ;
#1016 = CIRCLE ( 'NONE', #537, 1.500000000000001332 ) ;
#1017 = ORIENTED_EDGE ( 'NONE', *, *, #1208, .T. ) ;
#1018 = DIRECTION ( 'NONE',  ( 0.000000000000000000, -1.000000000000000000, 0.000000000000000000 ) ) ;
#1019 = ORIENTED_EDGE ( 'NONE', *, *, #803, .F. ) ;
#1020 = ORIENTED_EDGE ( 'NONE', *, *, #841, .F. ) ;
#1021 = LINE ( 'NONE', #567, #856 ) ;
#1022 = DIRECTION ( 'NONE',  ( 0.000000000000000000, -1.000000000000000000, 0.000000000000000000 ) ) ;
#1023 = CARTESIAN_POINT ( 'NONE',  ( -16.14999999999999503, 5.000000000000000000, 21.15000000000000213 ) ) ;
#1024 = CARTESIAN_POINT ( 'NONE',  ( 15.50000000000000711, 34.00000000000000000, 15.50000000000000355 ) ) ;
#1025 = VERTEX_POINT ( 'NONE', #1028 ) ;
#1026 = FACE_OUTER_BOUND ( 'NONE', #1047, .T. ) ;
#1027 = EDGE_CURVE ( 'NONE', #900, #255, #194, .T. ) ;
#1028 = CARTESIAN_POINT ( 'NONE',  ( -14.14999999999999503, 5.000000000000000000, 21.15000000000000213 ) ) ;
#1029 = ORIENTED_EDGE ( 'NONE', *, *, #1045, .T. ) ;
#1030 = ADVANCED_FACE ( 'NONE', ( #298 ), #779, .F. ) ;
#1031 = VERTEX_POINT ( 'NONE', #796 ) ;
#1032 = DIRECTION ( 'NONE',  ( -0.7071067811865479058, 0.000000000000000000, -0.7071067811865471286 ) ) ;
#1033 = ORIENTED_EDGE ( 'NONE', *, *, #101, .F. ) ;
#1034 = CARTESIAN_POINT ( 'NONE',  ( -21.14999999999999858, 5.000000000000000000, -16.14999999999999858 ) ) ;
#1035 = VECTOR ( 'NONE', #677, 1000.000000000000114 ) ;
#1036 = AXIS2_PLACEMENT_3D ( 'NONE', #780, #161, #614 ) ;
#1037 = CARTESIAN_POINT ( 'NONE',  ( 15.49999999999999645, 34.00000000000000000, -15.49999999999999645 ) ) ;
#1038 = LINE ( 'NONE', #1483, #5 ) ;
#1039 = ORIENTED_EDGE ( 'NONE', *, *, #881, .T. ) ;
#1040 = ORIENTED_EDGE ( 'NONE', *, *, #471, .F. ) ;
#1041 = VERTEX_POINT ( 'NONE', #174 ) ;
#1042 = CARTESIAN_POINT ( 'NONE',  ( -21.15000000000000213, 29.00000000000000000, -14.15000000000000568 ) ) ;
#1043 = AXIS2_PLACEMENT_3D ( 'NONE', #42, #1335, #1001 ) ;
#1044 = CARTESIAN_POINT ( 'NONE',  ( 14.14999999999999325, 5.000000000000000000, -21.15000000000000213 ) ) ;
#1045 = EDGE_CURVE ( 'NONE', #925, #421, #1481, .T. ) ;
#1046 = CARTESIAN_POINT ( 'NONE',  ( -15.50000000000000355, 29.00000000000000000, -15.49999999999999645 ) ) ;
#1047 = EDGE_LOOP ( 'NONE', ( #320, #607, #924, #1147 ) ) ;
#1048 = ADVANCED_FACE ( 'NONE', ( #317 ), #178, .F. ) ;
#1049 = EDGE_LOOP ( 'NONE', ( #862, #1069, #1162, #519 ) ) ;
#1050 = DIRECTION ( 'NONE',  ( 0.7071067811865471286, 0.000000000000000000, -0.7071067811865479058 ) ) ;
#1051 = DIRECTION ( 'NONE',  ( -0.000000000000000000, -1.000000000000000000, -0.000000000000000000 ) ) ;
#1052 = EDGE_CURVE ( 'NONE', #1146, #412, #916, .T. ) ;
#1053 = DIRECTION ( 'NONE',  ( -0.000000000000000000, -0.000000000000000000, -1.000000000000000000 ) ) ;
#1054 = CARTESIAN_POINT ( 'NONE',  ( -16.15000000000000924, 29.00000000000000000, 21.15000000000000213 ) ) ;
#1055 = CARTESIAN_POINT ( 'NONE',  ( 21.14999999999999503, 34.00000000000000000, 16.14999999999998792 ) ) ;
#1056 = EDGE_CURVE ( 'NONE', #1400, #231, #1292, .T. ) ;
#1057 = EDGE_LOOP ( 'NONE', ( #1125, #482, #475, #645 ) ) ;
#1058 = ADVANCED_FACE ( 'NONE', ( #606 ), #927, .F. ) ;
#1059 = ORIENTED_EDGE ( 'NONE', *, *, #777, .F. ) ;
#1060 = EDGE_CURVE ( 'NONE', #989, #1400, #937, .T. ) ;
#1061 = APPLICATION_PROTOCOL_DEFINITION ( 'draft international standard', 'automotive_design', 1998, #2 ) ;
#1062 = PLANE ( 'NONE',  #858 ) ;
#1063 = AXIS2_PLACEMENT_3D ( 'NONE', #1009, #1257, #1238 ) ;
#1064 = CARTESIAN_POINT ( 'NONE',  ( 16.14999999999999503, 5.000000000000000000, -21.14999999999999503 ) ) ;
#1065 = CARTESIAN_POINT ( 'NONE',  ( 15.50000000000000711, 29.00000000000000000, 15.50000000000000355 ) ) ;
#1066 = AXIS2_PLACEMENT_3D ( 'NONE', #21, #1199, #30 ) ;
#1067 = DIRECTION ( 'NONE',  ( 0.000000000000000000, 1.000000000000000000, 0.000000000000000000 ) ) ;
#1068 = CARTESIAN_POINT ( 'NONE',  ( -21.14999999999999858, 5.000000000000000000, -16.14999999999999858 ) ) ;
#1069 = ORIENTED_EDGE ( 'NONE', *, *, #752, .T. ) ;
#1070 = AXIS2_PLACEMENT_3D ( 'NONE', #678, #411, #1150 ) ;
#1071 = ORIENTED_EDGE ( 'NONE', *, *, #1060, .T. ) ;
#1072 = ORIENTED_EDGE ( 'NONE', *, *, #501, .F. ) ;
#1073 = EDGE_CURVE ( 'NONE', #1189, #1389, #1166, .T. ) ;
#1074 = LINE ( 'NONE', #984, #286 ) ;
#1075 = DIRECTION ( 'NONE',  ( 0.000000000000000000, 1.000000000000000000, 0.000000000000000000 ) ) ;
#1076 = DIRECTION ( 'NONE',  ( 0.000000000000000000, 0.000000000000000000, 1.000000000000000000 ) ) ;
#1077 = VERTEX_POINT ( 'NONE', #118 ) ;
#1078 = EDGE_LOOP ( 'NONE', ( #1381, #1210, #1496, #596 ) ) ;
#1079 = UNCERTAINTY_MEASURE_WITH_UNIT (LENGTH_MEASURE( 1.000000000000000082E-05 ), #460, 'distance_accuracy_value', 'NONE');
#1080 = ORIENTED_EDGE ( 'NONE', *, *, #624, .T. ) ;
#1081 = DIRECTION ( 'NONE',  ( 0.000000000000000000, 0.000000000000000000, 1.000000000000000000 ) ) ;
#1082 = CARTESIAN_POINT ( 'NONE',  ( -15.50000000000000355, 29.00000000000000000, -15.49999999999999645 ) ) ;
#1083 = EDGE_CURVE ( 'NONE', #385, #1245, #341, .T. ) ;
#1084 = CARTESIAN_POINT ( 'NONE',  ( 18.64999999999995239, 0.000000000000000000, 18.65000000000003055 ) ) ;
#1085 = CARTESIAN_POINT ( 'NONE',  ( -21.14999999999999858, 5.000000000000000000, 16.14999999999999147 ) ) ;
#1086 = CARTESIAN_POINT ( 'NONE',  ( -21.14999999999999858, 5.000000000000000000, 14.14999999999999325 ) ) ;
#1087 = DIRECTION ( 'NONE',  ( 0.000000000000000000, 0.000000000000000000, 1.000000000000000000 ) ) ;
#1088 = ORIENTED_EDGE ( 'NONE', *, *, #611, .T. ) ;
#1089 = DIRECTION ( 'NONE',  ( -0.000000000000000000, -1.000000000000000000, -0.000000000000000000 ) ) ;
#1090 = ORIENTED_EDGE ( 'NONE', *, *, #153, .T. ) ;
#1091 = CARTESIAN_POINT ( 'NONE',  ( -21.14999999999999858, 5.000000000000000000, -16.14999999999999858 ) ) ;
#1092 = DIRECTION ( 'NONE',  ( 0.000000000000000000, 0.000000000000000000, 1.000000000000000000 ) ) ;
#1093 = CARTESIAN_POINT ( 'NONE',  ( -21.14999999999999858, 0.000000000000000000, -16.14999999999999858 ) ) ;
#1094 = VECTOR ( 'NONE', #1276, 1000.000000000000000 ) ;
#1095 = VECTOR ( 'NONE', #1217, 1000.000000000000000 ) ;
#1096 = ORIENTED_EDGE ( 'NONE', *, *, #1, .T. ) ;
#1097 = CARTESIAN_POINT ( 'NONE',  ( 14.14999999999999325, 5.000000000000000000, 21.15000000000000213 ) ) ;
#1098 = LINE ( 'NONE', #1221, #135 ) ;
#1099 = CIRCLE ( 'NONE', #1301, 1.500000000000001332 ) ;
#1100 = ORIENTED_EDGE ( 'NONE', *, *, #1101, .F. ) ;
#1101 = EDGE_CURVE ( 'NONE', #989, #1533, #1378, .T. ) ;
#1102 = CARTESIAN_POINT ( 'NONE',  ( 1.224646799147353256E-15, 34.00000000000000000, 10.00000000000000000 ) ) ;
#1103 = LINE ( 'NONE', #14, #516 ) ;
#1104 = CARTESIAN_POINT ( 'NONE',  ( -16.14999999999999503, 0.000000000000000000, 21.15000000000000213 ) ) ;
#1105 = ORIENTED_EDGE ( 'NONE', *, *, #1316, .T. ) ;
#1106 = CARTESIAN_POINT ( 'NONE',  ( -15.50000000000000355, 29.00000000000000000, -15.49999999999999645 ) ) ;
#1107 = VERTEX_POINT ( 'NONE', #462 ) ;
#1108 = DIRECTION ( 'NONE',  ( -0.000000000000000000, -1.000000000000000000, -0.000000000000000000 ) ) ;
#1109 = AXIS2_PLACEMENT_3D ( 'NONE', #1127, #430, #792 ) ;
#1110 = DIRECTION ( 'NONE',  ( 0.7071067811865471286, 0.000000000000000000, -0.7071067811865479058 ) ) ;
#1111 = ORIENTED_EDGE ( 'NONE', *, *, #362, .F. ) ;
#1112 = VECTOR ( 'NONE', #1468, 1000.000000000000000 ) ;
#1113 = ADVANCED_FACE ( 'NONE', ( #237, #1177 ), #1185, .F. ) ;
#1114 = VECTOR ( 'NONE', #69, 1000.000000000000000 ) ;
#1115 = CARTESIAN_POINT ( 'NONE',  ( 16.14999999999998792, 5.000000000000000000, -21.14999999999999503 ) ) ;
#1116 = LINE ( 'NONE', #401, #1278 ) ;
#1117 = ORIENTED_EDGE ( 'NONE', *, *, #1008, .T. ) ;
#1118 = CARTESIAN_POINT ( 'NONE',  ( -21.15000000000000213, 29.00000000000000000, -14.15000000000000568 ) ) ;
#1119 = EDGE_LOOP ( 'NONE', ( #1495, #807, #1401, #1140 ) ) ;
#1120 = AXIS2_PLACEMENT_3D ( 'NONE', #718, #479, #844 ) ;
#1121 = LINE ( 'NONE', #265, #644 ) ;
#1122 = LINE ( 'NONE', #636, #1392 ) ;
#1123 = ORIENTED_EDGE ( 'NONE', *, *, #191, .F. ) ;
#1124 = CARTESIAN_POINT ( 'NONE',  ( 15.49999999999999645, 29.00000000000000000, -16.99999999999999645 ) ) ;
#1125 = ORIENTED_EDGE ( 'NONE', *, *, #752, .F. ) ;
#1126 = PRODUCT_DEFINITION ( 'UNKNOWN', '', #539, #625 ) ;
#1127 = CARTESIAN_POINT ( 'NONE',  ( -15.49999999999999645, 34.00000000000000000, 15.50000000000000355 ) ) ;
#1128 = VERTEX_POINT ( 'NONE', #1271 ) ;
#1129 = DIRECTION ( 'NONE',  ( 0.000000000000000000, 1.000000000000000000, 0.000000000000000000 ) ) ;
#1130 = CARTESIAN_POINT ( 'NONE',  ( 14.14999999999999325, 29.00000000000000000, -21.15000000000000213 ) ) ;
#1131 = ORIENTED_EDGE ( 'NONE', *, *, #215, .T. ) ;
#1132 = DIRECTION ( 'NONE',  ( 0.000000000000000000, 1.000000000000000000, 0.000000000000000000 ) ) ;
#1133 = ORIENTED_EDGE ( 'NONE', *, *, #521, .T. ) ;
#1134 = VECTOR ( 'NONE', #50, 1000.000000000000000 ) ;
#1135 = AXIS2_PLACEMENT_3D ( 'NONE', #970, #1067, #1500 ) ;
#1136 = DIRECTION ( 'NONE',  ( 0.000000000000000000, 1.000000000000000000, 0.000000000000000000 ) ) ;
#1137 = CARTESIAN_POINT ( 'NONE',  ( 21.14999999999999147, 29.00000000000000000, -16.14999999999996305 ) ) ;
#1138 = VECTOR ( 'NONE', #999, 1000.000000000000000 ) ;
#1139 = DIRECTION ( 'NONE',  ( 0.000000000000000000, 0.000000000000000000, -1.000000000000000000 ) ) ;
#1140 = ORIENTED_EDGE ( 'NONE', *, *, #207, .F. ) ;
#1141 = FACE_OUTER_BOUND ( 'NONE', #1119, .T. ) ;
#1142 = EDGE_CURVE ( 'NONE', #1205, #555, #592, .T. ) ;
#1143 = VECTOR ( 'NONE', #19, 1000.000000000000000 ) ;
#1144 = PLANE ( 'NONE',  #433 ) ;
#1145 = LINE ( 'NONE', #921, #1455 ) ;
#1146 = VERTEX_POINT ( 'NONE', #600 ) ;
#1147 = ORIENTED_EDGE ( 'NONE', *, *, #672, .T. ) ;
#1148 = DIRECTION ( 'NONE',  ( 0.000000000000000000, 1.000000000000000000, 0.000000000000000000 ) ) ;
#1149 = EDGE_CURVE ( 'NONE', #385, #146, #1402, .T. ) ;
#1150 = DIRECTION ( 'NONE',  ( 0.000000000000000000, -0.000000000000000000, 1.000000000000000000 ) ) ;
#1151 = LINE ( 'NONE', #1460, #1293 ) ;
#1152 = ORIENTED_EDGE ( 'NONE', *, *, #1527, .T. ) ;
#1153 = ORIENTED_EDGE ( 'NONE', *, *, #333, .F. ) ;
#1154 = ORIENTED_EDGE ( 'NONE', *, *, #894, .F. ) ;
#1155 = EDGE_CURVE ( 'NONE', #1189, #415, #575, .T. ) ;
#1156 = AXIS2_PLACEMENT_3D ( 'NONE', #1388, #971, #337 ) ;
#1157 = DIRECTION ( 'NONE',  ( 0.000000000000000000, -1.000000000000000000, 0.000000000000000000 ) ) ;
#1158 = DIRECTION ( 'NONE',  ( 1.000000000000000000, 0.000000000000000000, -0.000000000000000000 ) ) ;
#1159 = LINE ( 'NONE', #80, #839 ) ;
#1160 = ADVANCED_FACE ( 'NONE', ( #1498 ), #1062, .F. ) ;
#1161 = LINE ( 'NONE', #452, #73 ) ;
#1162 = ORIENTED_EDGE ( 'NONE', *, *, #490, .T. ) ;
#1163 = EDGE_LOOP ( 'NONE', ( #1310, #1284, #800, #693 ) ) ;
#1164 = ADVANCED_FACE ( 'NONE', ( #348 ), #217, .T. ) ;
#1165 = AXIS2_PLACEMENT_3D ( 'NONE', #578, #1372, #1476 ) ;
#1166 = LINE ( 'NONE', #1531, #332 ) ;
#1167 = EDGE_CURVE ( 'NONE', #373, #1041, #76, .T. ) ;
#1168 = CARTESIAN_POINT ( 'NONE',  ( 14.15000000000001457, 5.000000000000000000, -21.14999999999998792 ) ) ;
#1169 = CARTESIAN_POINT ( 'NONE',  ( 14.14999999999999325, 29.00000000000000000, -21.15000000000000213 ) ) ;
#1170 = ORIENTED_EDGE ( 'NONE', *, *, #1252, .T. ) ;
#1171 = DIRECTION ( 'NONE',  ( -0.000000000000000000, -1.000000000000000000, -0.000000000000000000 ) ) ;
#1172 = LINE ( 'NONE', #1312, #832 ) ;
#1173 = CARTESIAN_POINT ( 'NONE',  ( 3.061616997868383141E-16, 36.00000000000000711, 2.500000000000000000 ) ) ;
#1174 = ORIENTED_EDGE ( 'NONE', *, *, #1003, .T. ) ;
#1175 = EDGE_LOOP ( 'NONE', ( #628, #573, #314, #639 ) ) ;
#1176 = SHAPE_DEFINITION_REPRESENTATION ( #599, #502 ) ;
#1177 = FACE_BOUND ( 'NONE', #755, .T. ) ;
#1178 = CARTESIAN_POINT ( 'NONE',  ( -10.00000000000000355, 2.499999999999998668, 21.15000000000000213 ) ) ;
#1179 = AXIS2_PLACEMENT_3D ( 'NONE', #426, #688, #1158 ) ;
#1180 = CARTESIAN_POINT ( 'NONE',  ( -21.15000000000000213, 29.00000000000000000, 16.14999999999998792 ) ) ;
#1181 = CARTESIAN_POINT ( 'NONE',  ( -15.50000000000000355, 34.00000000000000000, -15.49999999999999645 ) ) ;
#1182 = AXIS2_PLACEMENT_3D ( 'NONE', #1518, #124, #227 ) ;
#1183 = VERTEX_POINT ( 'NONE', #109 ) ;
#1184 = EDGE_CURVE ( 'NONE', #493, #339, #582, .T. ) ;
#1185 = PLANE ( 'NONE',  #51 ) ;
#1186 = CARTESIAN_POINT ( 'NONE',  ( 15.50000000000000711, 29.00000000000000000, 15.50000000000000355 ) ) ;
#1187 = DIRECTION ( 'NONE',  ( 0.000000000000000000, 1.000000000000000000, 0.000000000000000000 ) ) ;
#1188 = DIRECTION ( 'NONE',  ( 0.000000000000000000, -0.000000000000000000, -1.000000000000000000 ) ) ;
#1189 = VERTEX_POINT ( 'NONE', #246 ) ;
#1190 = CARTESIAN_POINT ( 'NONE',  ( -14.15000000000000568, 29.00000000000000000, -21.15000000000000924 ) ) ;
#1191 = ORIENTED_EDGE ( 'NONE', *, *, #218, .T. ) ;
#1192 = DIRECTION ( 'NONE',  ( 0.000000000000000000, 0.000000000000000000, 1.000000000000000000 ) ) ;
#1193 = LINE ( 'NONE', #1296, #159 ) ;
#1194 = CARTESIAN_POINT ( 'NONE',  ( -21.14999999999999858, 5.000000000000000000, 21.15000000000000213 ) ) ;
#1195 = ORIENTED_EDGE ( 'NONE', *, *, #753, .T. ) ;
#1196 = FACE_BOUND ( 'NONE', #887, .T. ) ;
#1197 = VECTOR ( 'NONE', #1525, 1000.000000000000000 ) ;
#1198 = LINE ( 'NONE', #463, #1416 ) ;
#1199 = DIRECTION ( 'NONE',  ( 0.7071067811865479058, 0.000000000000000000, -0.7071067811865472397 ) ) ;
#1200 = ADVANCED_FACE ( 'NONE', ( #725 ), #1508, .F. ) ;
#1201 = DIRECTION ( 'NONE',  ( 0.000000000000000000, -1.000000000000000000, 0.000000000000000000 ) ) ;
#1202 = VECTOR ( 'NONE', #1349, 1000.000000000000114 ) ;
#1203 = VECTOR ( 'NONE', #843, 1000.000000000000000 ) ;
#1204 = LINE ( 'NONE', #8, #180 ) ;
#1205 = VERTEX_POINT ( 'NONE', #707 ) ;
#1206 = ORIENTED_EDGE ( 'NONE', *, *, #949, .T. ) ;
#1207 = FACE_OUTER_BOUND ( 'NONE', #1163, .T. ) ;
#1208 = EDGE_CURVE ( 'NONE', #889, #793, #1074, .T. ) ;
#1209 = DIRECTION ( 'NONE',  ( 1.000000000000000000, 0.000000000000000000, 0.000000000000000000 ) ) ;
#1210 = ORIENTED_EDGE ( 'NONE', *, *, #1142, .F. ) ;
#1211 = FACE_OUTER_BOUND ( 'NONE', #945, .T. ) ;
#1212 = AXIS2_PLACEMENT_3D ( 'NONE', #1046, #1148, #1494 ) ;
#1213 = VERTEX_POINT ( 'NONE', #252 ) ;
#1214 = CARTESIAN_POINT ( 'NONE',  ( -21.15000000000000213, 34.00000000000000000, 16.14999999999998792 ) ) ;
#1215 = CARTESIAN_POINT ( 'NONE',  ( -21.15000000000000924, 29.00000000000000000, -16.14999999999999858 ) ) ;
#1216 = ORIENTED_EDGE ( 'NONE', *, *, #101, .T. ) ;
#1217 = DIRECTION ( 'NONE',  ( 0.000000000000000000, 0.000000000000000000, -1.000000000000000000 ) ) ;
#1218 = EDGE_LOOP ( 'NONE', ( #1010, #1111, #866, #382 ) ) ;
#1219 = FACE_BOUND ( 'NONE', #1474, .T. ) ;
#1220 = ORIENTED_EDGE ( 'NONE', *, *, #164, .T. ) ;
#1221 = CARTESIAN_POINT ( 'NONE',  ( -10.00000000000000355, 2.499999999999998668, 21.15000000000000213 ) ) ;
#1222 = AXIS2_PLACEMENT_3D ( 'NONE', #531, #1013, #903 ) ;
#1223 = ORIENTED_EDGE ( 'NONE', *, *, #103, .T. ) ;
#1224 = AXIS2_PLACEMENT_3D ( 'NONE', #1082, #324, #961 ) ;
#1225 = EDGE_CURVE ( 'NONE', #1358, #1107, #1121, .T. ) ;
#1226 = CARTESIAN_POINT ( 'NONE',  ( -10.00000000000000355, 2.499999999999998668, 21.15000000000000213 ) ) ;
#1227 = ADVANCED_FACE ( 'NONE', ( #1317 ), #980, .T. ) ;
#1228 = CARTESIAN_POINT ( 'NONE',  ( -10.00000000000000355, 9.500000000000000000, 28.15000000000000213 ) ) ;
#1229 = EDGE_LOOP ( 'NONE', ( #1470, #331, #1267 ) ) ;
#1230 = DIRECTION ( 'NONE',  ( -0.000000000000000000, 1.000000000000000000, -0.000000000000000000 ) ) ;
#1231 = VERTEX_POINT ( 'NONE', #739 ) ;
#1232 = LINE ( 'NONE', #1353, #44 ) ;
#1233 = DIRECTION ( 'NONE',  ( 0.000000000000000000, 0.000000000000000000, 1.000000000000000000 ) ) ;
#1234 = DIRECTION ( 'NONE',  ( 0.000000000000000000, 0.000000000000000000, 1.000000000000000000 ) ) ;
#1235 = CARTESIAN_POINT ( 'NONE',  ( 0.000000000000000000, 0.000000000000000000, 28.15000000000000213 ) ) ;
#1236 = ORIENTED_EDGE ( 'NONE', *, *, #1359, .T. ) ;
#1237 = DIRECTION ( 'NONE',  ( 1.000000000000000000, 0.000000000000000000, 0.000000000000000000 ) ) ;
#1238 = DIRECTION ( 'NONE',  ( 0.000000000000000000, 0.000000000000000000, 1.000000000000000000 ) ) ;
#1239 = ADVANCED_FACE ( 'NONE', ( #258 ), #760, .F. ) ;
#1240 = ORIENTED_EDGE ( 'NONE', *, *, #425, .F. ) ;
#1241 = CARTESIAN_POINT ( 'NONE',  ( 0.000000000000000000, 5.000000000000000000, 0.000000000000000000 ) ) ;
#1242 = DIRECTION ( 'NONE',  ( -0.000000000000000000, 1.000000000000000000, -0.000000000000000000 ) ) ;
#1243 = ADVANCED_FACE ( 'NONE', ( #1207 ), #649, .F. ) ;
#1244 = VERTEX_POINT ( 'NONE', #1097 ) ;
#1245 = VERTEX_POINT ( 'NONE', #1226 ) ;
#1246 = AXIS2_PLACEMENT_3D ( 'NONE', #1181, #955, #1076 ) ;
#1247 = VECTOR ( 'NONE', #1419, 1000.000000000000000 ) ;
#1248 = CARTESIAN_POINT ( 'NONE',  ( 3.061616997868383141E-16, 51.00000000000000711, 2.500000000000000000 ) ) ;
#1249 = AXIS2_PLACEMENT_3D ( 'NONE', #1115, #874, #503 ) ;
#1250 = PLANE ( 'NONE',  #615 ) ;
#1251 = ADVANCED_FACE ( 'NONE', ( #1415 ), #732, .F. ) ;
#1252 = EDGE_CURVE ( 'NONE', #255, #873, #17, .T. ) ;
#1253 = ORIENTED_EDGE ( 'NONE', *, *, #1316, .F. ) ;
#1254 = PLANE ( 'NONE',  #1368 ) ;
#1255 = CARTESIAN_POINT ( 'NONE',  ( 21.14999999999999858, 5.000000000000000000, 21.15000000000000213 ) ) ;
#1256 = ORIENTED_EDGE ( 'NONE', *, *, #1377, .F. ) ;
#1257 = DIRECTION ( 'NONE',  ( 0.000000000000000000, 1.000000000000000000, 0.000000000000000000 ) ) ;
#1258 = VERTEX_POINT ( 'NONE', #746 ) ;
#1259 = ORIENTED_EDGE ( 'NONE', *, *, #1184, .F. ) ;
#1260 = CARTESIAN_POINT ( 'NONE',  ( 16.14999999999999503, 5.000000000000000000, -21.14999999999999503 ) ) ;
#1261 = EDGE_CURVE ( 'NONE', #329, #1031, #642, .T. ) ;
#1262 = DIRECTION ( 'NONE',  ( 0.000000000000000000, 1.000000000000000000, 0.000000000000000000 ) ) ;
#1263 = EDGE_CURVE ( 'NONE', #873, #160, #274, .T. ) ;
#1264 = CARTESIAN_POINT ( 'NONE',  ( -14.15000000000000036, 29.00000000000000000, 21.14999999999999503 ) ) ;
#1265 = VERTEX_POINT ( 'NONE', #1214 ) ;
#1266 = CARTESIAN_POINT ( 'NONE',  ( -15.50000000000000355, 29.00000000000000000, -16.99999999999999645 ) ) ;
#1267 = ORIENTED_EDGE ( 'NONE', *, *, #724, .T. ) ;
#1268 = ORIENTED_EDGE ( 'NONE', *, *, #1289, .T. ) ;
#1269 = CIRCLE ( 'NONE', #1109, 1.500000000000001332 ) ;
#1270 = AXIS2_PLACEMENT_3D ( 'NONE', #54, #304, #61 ) ;
#1271 = CARTESIAN_POINT ( 'NONE',  ( -21.15000000000000924, 34.00000000000000000, -16.14999999999999858 ) ) ;
#1272 = VECTOR ( 'NONE', #280, 1000.000000000000114 ) ;
#1273 = LINE ( 'NONE', #131, #1434 ) ;
#1274 = ORIENTED_EDGE ( 'NONE', *, *, #446, .F. ) ;
#1275 = ORIENTED_EDGE ( 'NONE', *, *, #643, .T. ) ;
#1276 = DIRECTION ( 'NONE',  ( 0.000000000000000000, -1.000000000000000000, 0.000000000000000000 ) ) ;
#1277 = ORIENTED_EDGE ( 'NONE', *, *, #49, .T. ) ;
#1278 = VECTOR ( 'NONE', #518, 1000.000000000000000 ) ;
#1279 = DIRECTION ( 'NONE',  ( 0.000000000000000000, 1.000000000000000000, 0.000000000000000000 ) ) ;
#1280 = CARTESIAN_POINT ( 'NONE',  ( 15.49999999999999645, 29.00000000000000000, -15.49999999999999645 ) ) ;
#1281 = DIRECTION ( 'NONE',  ( -1.000000000000000000, -0.000000000000000000, -0.000000000000000000 ) ) ;
#1282 = VERTEX_POINT ( 'NONE', #1102 ) ;
#1283 = DIRECTION ( 'NONE',  ( -0.000000000000000000, -0.000000000000000000, -1.000000000000000000 ) ) ;
#1284 = ORIENTED_EDGE ( 'NONE', *, *, #495, .F. ) ;
#1285 = PLANE ( 'NONE',  #568 ) ;
#1286 = LINE ( 'NONE', #1054, #483 ) ;
#1287 = CARTESIAN_POINT ( 'NONE',  ( -15.49999999999999645, 29.00000000000000000, 15.50000000000000355 ) ) ;
#1288 = ORIENTED_EDGE ( 'NONE', *, *, #1424, .T. ) ;
#1289 = EDGE_CURVE ( 'NONE', #926, #605, #1326, .T. ) ;
#1290 = CARTESIAN_POINT ( 'NONE',  ( 0.000000000000000000, 0.000000000000000000, 0.000000000000000000 ) ) ;
#1291 = AXIS2_PLACEMENT_3D ( 'NONE', #242, #1390, #469 ) ;
#1292 = LINE ( 'NONE', #206, #484 ) ;
#1293 = VECTOR ( 'NONE', #1370, 1000.000000000000000 ) ;
#1294 = DIRECTION ( 'NONE',  ( -0.7071067811865489050, -0.000000000000000000, 0.7071067811865460184 ) ) ;
#1295 = VECTOR ( 'NONE', #1384, 1000.000000000000000 ) ;
#1296 = CARTESIAN_POINT ( 'NONE',  ( -21.14999999999999858, 0.000000000000000000, -21.14999999999999503 ) ) ;
#1297 = PLANE ( 'NONE',  #132 ) ;
#1298 = CARTESIAN_POINT ( 'NONE',  ( 21.14999999999999858, 5.000000000000000000, 21.15000000000000213 ) ) ;
#1299 = ADVANCED_FACE ( 'NONE', ( #1219, #11, #1196, #1308, #1430, #134 ), #378, .T. ) ;
#1300 = DIRECTION ( 'NONE',  ( -0.000000000000000000, 1.000000000000000000, -0.000000000000000000 ) ) ;
#1301 = AXIS2_PLACEMENT_3D ( 'NONE', #1186, #247, #1192 ) ;
#1302 = ORIENTED_EDGE ( 'NONE', *, *, #726, .F. ) ;
#1303 = PLANE ( 'NONE',  #1120 ) ;
#1304 = FACE_OUTER_BOUND ( 'NONE', #275, .T. ) ;
#1305 = CARTESIAN_POINT ( 'NONE',  ( 15.49999999999999645, 34.00000000000000000, -13.99999999999999467 ) ) ;
#1306 = ORIENTED_EDGE ( 'NONE', *, *, #1527, .F. ) ;
#1307 = EDGE_CURVE ( 'NONE', #1429, #1231, #492, .T. ) ;
#1308 = FACE_BOUND ( 'NONE', #791, .T. ) ;
#1309 = EDGE_CURVE ( 'NONE', #667, #498, #1016, .T. ) ;
#1310 = ORIENTED_EDGE ( 'NONE', *, *, #1045, .F. ) ;
#1311 = CARTESIAN_POINT ( 'NONE',  ( 21.14999999999999147, 29.00000000000000000, -21.14999999999999858 ) ) ;
#1312 = CARTESIAN_POINT ( 'NONE',  ( -15.49999999999999645, 29.00000000000000000, 14.00000000000000178 ) ) ;
#1313 = ORIENTED_EDGE ( 'NONE', *, *, #1484, .F. ) ;
#1314 = ORIENTED_EDGE ( 'NONE', *, *, #566, .F. ) ;
#1315 = EDGE_CURVE ( 'NONE', #1213, #1282, #1333, .T. ) ;
#1316 = EDGE_CURVE ( 'NONE', #72, #1146, #1444, .T. ) ;
#1317 = FACE_OUTER_BOUND ( 'NONE', #338, .T. ) ;
#1318 = CARTESIAN_POINT ( 'NONE',  ( -21.15000000000000213, 34.00000000000000000, 21.14999999999999858 ) ) ;
#1319 = ORIENTED_EDGE ( 'NONE', *, *, #949, .F. ) ;
#1320 = PLANE ( 'NONE',  #953 ) ;
#1321 = LINE ( 'NONE', #165, #108 ) ;
#1322 = AXIS2_PLACEMENT_3D ( 'NONE', #1447, #1336, #506 ) ;
#1323 = CIRCLE ( 'NONE', #668, 1.500000000000001332 ) ;
#1324 = ORIENTED_EDGE ( 'NONE', *, *, #1261, .T. ) ;
#1325 = AXIS2_PLACEMENT_3D ( 'NONE', #1042, #934, #1050 ) ;
#1326 = LINE ( 'NONE', #635, #1203 ) ;
#1327 = PLANE ( 'NONE',  #1351 ) ;
#1328 = ORIENTED_EDGE ( 'NONE', *, *, #1338, .T. ) ;
#1329 = DIRECTION ( 'NONE',  ( -0.000000000000000000, -1.000000000000000000, -0.000000000000000000 ) ) ;
#1330 = AXIS2_PLACEMENT_3D ( 'NONE', #1228, #387, #35 ) ;
#1331 = ORIENTED_EDGE ( 'NONE', *, *, #49, .F. ) ;
#1332 = PRESENTATION_STYLE_ASSIGNMENT (( #376 ) ) ;
#1333 = LINE ( 'NONE', #154, #1138 ) ;
#1334 = CARTESIAN_POINT ( 'NONE',  ( -21.15000000000000213, 5.000000000000000000, -14.15000000000000568 ) ) ;
#1335 = DIRECTION ( 'NONE',  ( 0.000000000000000000, -1.000000000000000000, 0.000000000000000000 ) ) ;
#1336 = DIRECTION ( 'NONE',  ( 0.000000000000000000, 1.000000000000000000, 0.000000000000000000 ) ) ;
#1337 = ORIENTED_EDGE ( 'NONE', *, *, #619, .F. ) ;
#1338 = EDGE_CURVE ( 'NONE', #1128, #1265, #33, .T. ) ;
#1339 = DIRECTION ( 'NONE',  ( 0.000000000000000000, 1.000000000000000000, 0.000000000000000000 ) ) ;
#1340 = ORIENTED_EDGE ( 'NONE', *, *, #471, .T. ) ;
#1341 = FACE_OUTER_BOUND ( 'NONE', #24, .T. ) ;
#1342 = ORIENTED_EDGE ( 'NONE', *, *, #842, .T. ) ;
#1343 = CIRCLE ( 'NONE', #1532, 1.500000000000001332 ) ;
#1344 = AXIS2_PLACEMENT_3D ( 'NONE', #391, #1438, #162 ) ;
#1345 = CARTESIAN_POINT ( 'NONE',  ( -15.50000000000000355, 29.00000000000000000, -13.99999999999999467 ) ) ;
#1346 = LINE ( 'NONE', #434, #1435 ) ;
#1347 = DIRECTION ( 'NONE',  ( 0.000000000000000000, -1.000000000000000000, 0.000000000000000000 ) ) ;
#1348 = PLANE ( 'NONE',  #1043 ) ;
#1349 = DIRECTION ( 'NONE',  ( -0.7071067811865460184, -0.000000000000000000, -0.7071067811865489050 ) ) ;
#1350 = ORIENTED_EDGE ( 'NONE', *, *, #420, .T. ) ;
#1351 = AXIS2_PLACEMENT_3D ( 'NONE', #1235, #524, #1450 ) ;
#1352 = ORIENTED_EDGE ( 'NONE', *, *, #395, .T. ) ;
#1353 = CARTESIAN_POINT ( 'NONE',  ( -10.00000000000000355, 2.499999999999998668, 28.15000000000000213 ) ) ;
#1354 = DIRECTION ( 'NONE',  ( 0.000000000000000000, 1.000000000000000000, 0.000000000000000000 ) ) ;
#1355 = ADVANCED_FACE ( 'NONE', ( #1449 ), #1254, .F. ) ;
#1356 = DIRECTION ( 'NONE',  ( 0.000000000000000000, 1.000000000000000000, 0.000000000000000000 ) ) ;
#1357 = ORIENTED_EDGE ( 'NONE', *, *, #1362, .F. ) ;
#1358 = VERTEX_POINT ( 'NONE', #1260 ) ;
#1359 = EDGE_CURVE ( 'NONE', #498, #667, #1323, .T. ) ;
#1360 = CARTESIAN_POINT ( 'NONE',  ( -14.15000000000001990, 5.000000000000000000, -21.14999999999999503 ) ) ;
#1361 = EDGE_LOOP ( 'NONE', ( #1350, #1088 ) ) ;
#1362 = EDGE_CURVE ( 'NONE', #329, #1077, #192, .T. ) ;
#1363 = DIRECTION ( 'NONE',  ( 0.000000000000000000, 0.000000000000000000, 1.000000000000000000 ) ) ;
#1364 = ORIENTED_EDGE ( 'NONE', *, *, #1442, .T. ) ;
#1365 = VECTOR ( 'NONE', #1110, 1000.000000000000000 ) ;
#1366 = ORIENTED_EDGE ( 'NONE', *, *, #626, .F. ) ;
#1367 = DIRECTION ( 'NONE',  ( 0.7071067811865464625, 0.000000000000000000, 0.7071067811865485719 ) ) ;
#1368 = AXIS2_PLACEMENT_3D ( 'NONE', #1034, #1367, #523 ) ;
#1369 = VECTOR ( 'NONE', #60, 1000.000000000000000 ) ;
#1370 = DIRECTION ( 'NONE',  ( 2.478176394252581141E-16, 1.000000000000000000, 0.000000000000000000 ) ) ;
#1371 = EDGE_LOOP ( 'NONE', ( #852, #1029, #1342, #1259 ) ) ;
#1372 = DIRECTION ( 'NONE',  ( 0.000000000000000000, 1.000000000000000000, 0.000000000000000000 ) ) ;
#1373 = DIRECTION ( 'NONE',  ( -0.000000000000000000, -1.000000000000000000, -0.000000000000000000 ) ) ;
#1374 = CARTESIAN_POINT ( 'NONE',  ( -21.15000000000000924, 29.00000000000000000, -21.14999999999999858 ) ) ;
#1375 = ORIENTED_EDGE ( 'NONE', *, *, #1309, .T. ) ;
#1376 = EDGE_LOOP ( 'NONE', ( #1306, #256, #1256, #82 ) ) ;
#1377 = EDGE_CURVE ( 'NONE', #349, #224, #297, .T. ) ;
#1378 = LINE ( 'NONE', #334, #1295 ) ;
#1379 = CARTESIAN_POINT ( 'NONE',  ( -21.14999999999999858, 5.000000000000000000, 21.15000000000000213 ) ) ;
#1380 = ORIENTED_EDGE ( 'NONE', *, *, #1263, .T. ) ;
#1381 = ORIENTED_EDGE ( 'NONE', *, *, #687, .F. ) ;
#1382 = VECTOR ( 'NONE', #63, 1000.000000000000000 ) ;
#1383 = AXIS2_PLACEMENT_3D ( 'NONE', #276, #749, #526 ) ;
#1384 = DIRECTION ( 'NONE',  ( -0.7071067811865471286, -0.000000000000000000, 0.7071067811865479058 ) ) ;
#1385 = VECTOR ( 'NONE', #1005, 1000.000000000000000 ) ;
#1386 = FACE_OUTER_BOUND ( 'NONE', #529, .T. ) ;
#1387 = CARTESIAN_POINT ( 'NONE',  ( 0.000000000000000000, 34.00000000000000000, 0.000000000000000000 ) ) ;
#1388 = CARTESIAN_POINT ( 'NONE',  ( 15.49999999999999645, 29.00000000000000000, -15.49999999999999645 ) ) ;
#1389 = VERTEX_POINT ( 'NONE', #909 ) ;
#1390 = DIRECTION ( 'NONE',  ( 0.7071067811865461294, 0.000000000000000000, 0.7071067811865490160 ) ) ;
#1391 =( NAMED_UNIT ( * ) PLANE_ANGLE_UNIT ( ) SI_UNIT ( $, .RADIAN. ) );
#1392 = VECTOR ( 'NONE', #875, 1000.000000000000000 ) ;
#1393 = CARTESIAN_POINT ( 'NONE',  ( -16.14999999999998792, 5.000000000000000000, -21.14999999999999503 ) ) ;
#1394 = ADVANCED_FACE ( 'NONE', ( #1026 ), #883, .F. ) ;
#1395 = CARTESIAN_POINT ( 'NONE',  ( -15.49999999999999645, 34.00000000000000000, 17.00000000000000355 ) ) ;
#1396 = DIRECTION ( 'NONE',  ( 0.000000000000000000, 1.000000000000000000, 0.000000000000000000 ) ) ;
#1397 = CARTESIAN_POINT ( 'NONE',  ( -21.14999999999999503, 5.000000000000000000, 14.14999999999999503 ) ) ;
#1398 = ORIENTED_EDGE ( 'NONE', *, *, #995, .F. ) ;
#1399 = FACE_OUTER_BOUND ( 'NONE', #346, .T. ) ;
#1400 = VERTEX_POINT ( 'NONE', #1360 ) ;
#1401 = ORIENTED_EDGE ( 'NONE', *, *, #94, .F. ) ;
#1402 = LINE ( 'NONE', #812, #383 ) ;
#1403 = LINE ( 'NONE', #1084, #977 ) ;
#1404 = DIRECTION ( 'NONE',  ( 0.000000000000000000, 0.000000000000000000, 1.000000000000000000 ) ) ;
#1405 = CARTESIAN_POINT ( 'NONE',  ( 15.49999999999999645, 34.00000000000000000, -16.99999999999999645 ) ) ;
#1406 = PLANE ( 'NONE',  #736 ) ;
#1407 = ORIENTED_EDGE ( 'NONE', *, *, #622, .T. ) ;
#1408 = VECTOR ( 'NONE', #1022, 1000.000000000000000 ) ;
#1409 = DIRECTION ( 'NONE',  ( 0.000000000000000000, 1.000000000000000000, 0.000000000000000000 ) ) ;
#1410 = VECTOR ( 'NONE', #621, 1000.000000000000000 ) ;
#1411 = CARTESIAN_POINT ( 'NONE',  ( -15.49999999999999645, 29.00000000000000000, 14.00000000000000178 ) ) ;
#1412 = CARTESIAN_POINT ( 'NONE',  ( -16.14999999999998082, 5.000000000000000000, -21.14999999999999503 ) ) ;
#1413 = VERTEX_POINT ( 'NONE', #289 ) ;
#1414 = EDGE_CURVE ( 'NONE', #1107, #1183, #1346, .T. ) ;
#1415 = FACE_OUTER_BOUND ( 'NONE', #699, .T. ) ;
#1416 = VECTOR ( 'NONE', #220, 1000.000000000000000 ) ;
#1417 = ORIENTED_EDGE ( 'NONE', *, *, #18, .F. ) ;
#1418 = DIRECTION ( 'NONE',  ( -0.7071067811865489050, -0.000000000000000000, 0.7071067811865460184 ) ) ;
#1419 = DIRECTION ( 'NONE',  ( -8.202002250481357549E-17, -0.000000000000000000, -1.000000000000000000 ) ) ;
#1420 = CARTESIAN_POINT ( 'NONE',  ( -10.00000000000000355, 9.500000000000000000, 21.15000000000000213 ) ) ;
#1421 = LINE ( 'NONE', #847, #414 ) ;
#1422 = ORIENTED_EDGE ( 'NONE', *, *, #323, .F. ) ;
#1423 = VERTEX_POINT ( 'NONE', #67 ) ;
#1424 = EDGE_CURVE ( 'NONE', #926, #1504, #787, .T. ) ;
#1425 = DIRECTION ( 'NONE',  ( 0.7071067811865485719, -0.000000000000000000, -0.7071067811865465735 ) ) ;
#1426 = DIRECTION ( 'NONE',  ( -0.000000000000000000, -1.000000000000000000, -0.000000000000000000 ) ) ;
#1427 = ORIENTED_EDGE ( 'NONE', *, *, #207, .T. ) ;
#1428 = CARTESIAN_POINT ( 'NONE',  ( 14.15000000000001101, 29.00000000000000000, -21.14999999999999503 ) ) ;
#1429 = VERTEX_POINT ( 'NONE', #655 ) ;
#1430 = FACE_BOUND ( 'NONE', #449, .T. ) ;
#1431 = CARTESIAN_POINT ( 'NONE',  ( -15.50000000000000355, 34.00000000000000000, -15.49999999999999645 ) ) ;
#1432 = ORIENTED_EDGE ( 'NONE', *, *, #423, .T. ) ;
#1433 = DIRECTION ( 'NONE',  ( 0.000000000000000000, 0.000000000000000000, 1.000000000000000000 ) ) ;
#1434 = VECTOR ( 'NONE', #1425, 1000.000000000000000 ) ;
#1435 = VECTOR ( 'NONE', #768, 1000.000000000000114 ) ;
#1436 = ORIENTED_EDGE ( 'NONE', *, *, #1208, .F. ) ;
#1437 =( NAMED_UNIT ( * ) PLANE_ANGLE_UNIT ( ) SI_UNIT ( $, .RADIAN. ) );
#1438 = DIRECTION ( 'NONE',  ( 1.000000000000000000, -0.000000000000000000, 0.000000000000000000 ) ) ;
#1439 = PLANE ( 'NONE',  #1330 ) ;
#1440 = EDGE_LOOP ( 'NONE', ( #1236, #1375 ) ) ;
#1441 = DIRECTION ( 'NONE',  ( 0.7071067811865490160, 0.000000000000000000, -0.7071067811865461294 ) ) ;
#1442 = EDGE_CURVE ( 'NONE', #876, #577, #673, .T. ) ;
#1443 = ORIENTED_EDGE ( 'NONE', *, *, #566, .T. ) ;
#1444 = LINE ( 'NONE', #919, #833 ) ;
#1445 = DIRECTION ( 'NONE',  ( 0.000000000000000000, 0.000000000000000000, 1.000000000000000000 ) ) ;
#1446 = ORIENTED_EDGE ( 'NONE', *, *, #251, .T. ) ;
#1447 = CARTESIAN_POINT ( 'NONE',  ( 0.000000000000000000, 51.00000000000000711, 0.000000000000000000 ) ) ;
#1448 = ORIENTED_EDGE ( 'NONE', *, *, #251, .F. ) ;
#1449 = FACE_OUTER_BOUND ( 'NONE', #1078, .T. ) ;
#1450 = DIRECTION ( 'NONE',  ( -1.000000000000000000, 0.000000000000000000, -0.000000000000000000 ) ) ;
#1451 = DIRECTION ( 'NONE',  ( -0.000000000000000000, 1.000000000000000000, -0.000000000000000000 ) ) ;
#1452 = PLANE ( 'NONE',  #405 ) ;
#1453 = CIRCLE ( 'NONE', #910, 1.500000000000001332 ) ;
#1454 = EDGE_LOOP ( 'NONE', ( #3, #167, #507, #1364, #1417, #74, #571, #684, #1319, #1462, #125, #55 ) ) ;
#1455 = VECTOR ( 'NONE', #1132, 1000.000000000000000 ) ;
#1456 = DIRECTION ( 'NONE',  ( -0.000000000000000000, -0.000000000000000000, 1.000000000000000000 ) ) ;
#1457 = ADVANCED_FACE ( 'NONE', ( #424 ), #316, .F. ) ;
#1458 = DIRECTION ( 'NONE',  ( 0.000000000000000000, 0.000000000000000000, 1.000000000000000000 ) ) ;
#1459 = EDGE_LOOP ( 'NONE', ( #299, #416 ) ) ;
#1460 = CARTESIAN_POINT ( 'NONE',  ( 9.999999999999996447, 2.499999999999998668, 21.15000000000000213 ) ) ;
#1461 = ORIENTED_EDGE ( 'NONE', *, *, #1027, .F. ) ;
#1462 = ORIENTED_EDGE ( 'NONE', *, *, #1060, .F. ) ;
#1463 = VECTOR ( 'NONE', #1534, 1000.000000000000000 ) ;
#1464 = DIRECTION ( 'NONE',  ( 0.000000000000000000, 0.000000000000000000, 1.000000000000000000 ) ) ;
#1465 = EDGE_CURVE ( 'NONE', #772, #876, #795, .T. ) ;
#1466 = ADVANCED_FACE ( 'NONE', ( #776 ), #1144, .F. ) ;
#1467 = DIRECTION ( 'NONE',  ( 0.7071067811865490160, 0.000000000000000000, -0.7071067811865461294 ) ) ;
#1468 = DIRECTION ( 'NONE',  ( 0.000000000000000000, 0.000000000000000000, -1.000000000000000000 ) ) ;
#1469 = VERTEX_POINT ( 'NONE', #1137 ) ;
#1470 = ORIENTED_EDGE ( 'NONE', *, *, #126, .F. ) ;
#1471 = CYLINDRICAL_SURFACE ( 'NONE', #640, 1.500000000000001332 ) ;
#1472 = CARTESIAN_POINT ( 'NONE',  ( 0.000000000000000000, 51.00000000000000711, 0.000000000000000000 ) ) ;
#1473 = LINE ( 'NONE', #674, #1112 ) ;
#1474 = EDGE_LOOP ( 'NONE', ( #1019, #264 ) ) ;
#1475 = ORIENTED_EDGE ( 'NONE', *, *, #622, .F. ) ;
#1476 = DIRECTION ( 'NONE',  ( 0.000000000000000000, 0.000000000000000000, 1.000000000000000000 ) ) ;
#1477 = VECTOR ( 'NONE', #288, 1000.000000000000114 ) ;
#1478 =( GEOMETRIC_REPRESENTATION_CONTEXT ( 3 ) GLOBAL_UNCERTAINTY_ASSIGNED_CONTEXT ( ( #682 ) ) GLOBAL_UNIT_ASSIGNED_CONTEXT ( ( #508, #1437, #273 ) ) REPRESENTATION_CONTEXT ( 'NONE', 'WORKASPACE' ) );
#1479 = VECTOR ( 'NONE', #509, 1000.000000000000000 ) ;
#1480 = CARTESIAN_POINT ( 'NONE',  ( 9.999999999999998224, 9.500000000000000000, 28.15000000000000213 ) ) ;
#1481 = LINE ( 'NONE', #557, #885 ) ;
#1482 = ADVANCED_FACE ( 'NONE', ( #545 ), #53, .F. ) ;
#1483 = CARTESIAN_POINT ( 'NONE',  ( -21.15000000000000213, 29.00000000000000000, 21.14999999999999858 ) ) ;
#1484 = EDGE_CURVE ( 'NONE', #397, #1429, #904, .T. ) ;
#1485 = ORIENTED_EDGE ( 'NONE', *, *, #1307, .F. ) ;
#1486 = PLANE ( 'NONE',  #1212 ) ;
#1487 = ORIENTED_EDGE ( 'NONE', *, *, #1027, .T. ) ;
#1488 = VECTOR ( 'NONE', #1000, 1000.000000000000000 ) ;
#1489 = ORIENTED_EDGE ( 'NONE', *, *, #446, .T. ) ;
#1490 =( NAMED_UNIT ( * ) SI_UNIT ( $, .STERADIAN. ) SOLID_ANGLE_UNIT ( ) );
#1491 = CARTESIAN_POINT ( 'NONE',  ( -16.15000000000000924, 5.000000000000000000, 21.15000000000000213 ) ) ;
#1492 = LINE ( 'NONE', #1044, #912 ) ;
#1493 = CARTESIAN_POINT ( 'NONE',  ( 16.14999999999996660, 5.000000000000000000, 21.15000000000000213 ) ) ;
#1494 = DIRECTION ( 'NONE',  ( 0.000000000000000000, -0.000000000000000000, 1.000000000000000000 ) ) ;
#1495 = ORIENTED_EDGE ( 'NONE', *, *, #442, .F. ) ;
#1496 = ORIENTED_EDGE ( 'NONE', *, *, #658, .F. ) ;
#1497 = LINE ( 'NONE', #88, #762 ) ;
#1498 = FACE_OUTER_BOUND ( 'NONE', #140, .T. ) ;
#1499 = FACE_OUTER_BOUND ( 'NONE', #489, .T. ) ;
#1500 = DIRECTION ( 'NONE',  ( 0.000000000000000000, 0.000000000000000000, 1.000000000000000000 ) ) ;
#1501 = DIRECTION ( 'NONE',  ( 0.000000000000000000, -0.000000000000000000, 1.000000000000000000 ) ) ;
#1502 = ORIENTED_EDGE ( 'NONE', *, *, #1056, .T. ) ;
#1503 = CARTESIAN_POINT ( 'NONE',  ( 16.14999999999998792, 5.000000000000000000, -21.14999999999999503 ) ) ;
#1504 = VERTEX_POINT ( 'NONE', #1248 ) ;
#1505 = PLANE ( 'NONE',  #1537 ) ;
#1506 = VECTOR ( 'NONE', #541, 1000.000000000000000 ) ;
#1507 = ADVANCED_FACE ( 'NONE', ( #185 ), #550, .F. ) ;
#1508 = CYLINDRICAL_SURFACE ( 'NONE', #1182, 1.500000000000001332 ) ;
#1509 = VECTOR ( 'NONE', #311, 1000.000000000000000 ) ;
#1510 = CARTESIAN_POINT ( 'NONE',  ( -16.15000000000000924, 29.00000000000000000, 21.14999999999999858 ) ) ;
#1511 = DIRECTION ( 'NONE',  ( 0.000000000000000000, 0.000000000000000000, 1.000000000000000000 ) ) ;
#1512 = LINE ( 'NONE', #1519, #536 ) ;
#1513 = FACE_OUTER_BOUND ( 'NONE', #163, .T. ) ;
#1514 = ORIENTED_EDGE ( 'NONE', *, *, #1149, .F. ) ;
#1515 = ORIENTED_EDGE ( 'NONE', *, *, #45, .F. ) ;
#1516 = ORIENTED_EDGE ( 'NONE', *, *, #731, .F. ) ;
#1517 = DIRECTION ( 'NONE',  ( -0.7071067811865473507, 0.000000000000000000, 0.7071067811865477948 ) ) ;
#1518 = CARTESIAN_POINT ( 'NONE',  ( 15.50000000000000711, 29.00000000000000000, 15.50000000000000355 ) ) ;
#1519 = CARTESIAN_POINT ( 'NONE',  ( -15.50000000000000355, 29.00000000000000000, -13.99999999999999467 ) ) ;
#1520 = DIRECTION ( 'NONE',  ( 0.7071067811865460184, -0.000000000000000000, 0.7071067811865489050 ) ) ;
#1521 = EDGE_LOOP ( 'NONE', ( #743, #968, #260, #1331 ) ) ;
#1522 = DIRECTION ( 'NONE',  ( 0.7071067811865472397, 0.000000000000000000, 0.7071067811865479058 ) ) ;
#1523 = DIRECTION ( 'NONE',  ( -1.000000000000000000, -0.000000000000000000, -0.000000000000000000 ) ) ;
#1524 = CARTESIAN_POINT ( 'NONE',  ( 0.000000000000000000, 56.00000000000000711, 0.000000000000000000 ) ) ;
#1525 = DIRECTION ( 'NONE',  ( 1.000000000000000000, 0.000000000000000000, 0.000000000000000000 ) ) ;
#1526 = ADVANCED_FACE ( 'NONE', ( #322 ), #1505, .F. ) ;
#1527 = EDGE_CURVE ( 'NONE', #704, #313, #1497, .T. ) ;
#1528 = LINE ( 'NONE', #151, #1365 ) ;
#1529 = EDGE_LOOP ( 'NONE', ( #1017, #735, #957, #1277, #788, #448, #1475, #981, #1487, #1170, #1153, #278 ) ) ;
#1530 = VECTOR ( 'NONE', #604, 1000.000000000000000 ) ;
#1531 = CARTESIAN_POINT ( 'NONE',  ( -21.14999999999999858, 29.00000000000000000, 14.14999999999999325 ) ) ;
#1532 = AXIS2_PLACEMENT_3D ( 'NONE', #221, #1396, #343 ) ;
#1533 = VERTEX_POINT ( 'NONE', #226 ) ;
#1534 = DIRECTION ( 'NONE',  ( 0.000000000000000000, -1.000000000000000000, 0.000000000000000000 ) ) ;
#1535 = VECTOR ( 'NONE', #1300, 1000.000000000000000 ) ;
#1536 = DIRECTION ( 'NONE',  ( -0.000000000000000000, 1.000000000000000000, -0.000000000000000000 ) ) ;
#1537 = AXIS2_PLACEMENT_3D ( 'NONE', #574, #1517, #947 ) ;
ENDSEC;
END-ISO-10303-21;
