ISO-10303-21;
HEADER;
FILE_DESCRIPTION (( 'STEP AP214' ),
    '1' );
FILE_NAME ('Part5.step',
    '2026-08-28T16:13:41',
    ( '' ),
    ( '' ),
    'SwSTEP 2.0',
    'SolidWorks 2024',
    '' );
FILE_SCHEMA (( 'AUTOMOTIVE_DESIGN' ));
ENDSEC;

DATA;
#1 = ORIENTED_EDGE ( 'NONE', *, *, #1067, .F. ) ;
#2 = EDGE_CURVE ( 'NONE', #330, #50, #1752, .T. ) ;
#3 = EDGE_CURVE ( 'NONE', #516, #244, #1427, .T. ) ;
#4 = CARTESIAN_POINT ( 'NONE',  ( -110.0000000000000142, 10.00000000000000000, -70.00000000000000000 ) ) ;
#5 = DIRECTION ( 'NONE',  ( -1.110223024625156540E-16, 0.000000000000000000, -1.000000000000000000 ) ) ;
#6 = LINE ( 'NONE', #1110, #1162 ) ;
#7 = ORIENTED_EDGE ( 'NONE', *, *, #886, .F. ) ;
#8 = DIRECTION ( 'NONE',  ( 0.000000000000000000, 0.000000000000000000, -1.000000000000000000 ) ) ;
#9 = VERTEX_POINT ( 'NONE', #1034 ) ;
#10 = CARTESIAN_POINT ( 'NONE',  ( 1.592040838891559450E-14, 10.00000000000000000, 109.9999999999999858 ) ) ;
#11 = VECTOR ( 'NONE', #612, 1000.000000000000000 ) ;
#12 = DIRECTION ( 'NONE',  ( 0.000000000000000000, 1.000000000000000000, 0.000000000000000000 ) ) ;
#13 = LINE ( 'NONE', #461, #1081 ) ;
#14 = ORIENTED_EDGE ( 'NONE', *, *, #1546, .F. ) ;
#15 = ORIENTED_EDGE ( 'NONE', *, *, #1152, .F. ) ;
#16 = FACE_OUTER_BOUND ( 'NONE', #1751, .T. ) ;
#17 = ORIENTED_EDGE ( 'NONE', *, *, #1282, .T. ) ;
#18 = CARTESIAN_POINT ( 'NONE',  ( 100.0000000000000000, 0.000000000000000000, 54.99999999999996447 ) ) ;
#19 = CARTESIAN_POINT ( 'NONE',  ( -100.0000000000000142, 10.00000000000000000, 52.49999999999998579 ) ) ;
#20 = AXIS2_PLACEMENT_3D ( 'NONE', #1788, #852, #713 ) ;
#21 = CIRCLE ( 'NONE', #1288, 2.500000000000009326 ) ;
#22 = LINE ( 'NONE', #1374, #1263 ) ;
#23 = CARTESIAN_POINT ( 'NONE',  ( 23.57000000000001450, 10.00000000000000000, 106.4299999999999926 ) ) ;
#24 = ORIENTED_EDGE ( 'NONE', *, *, #1479, .F. ) ;
#25 = VERTEX_POINT ( 'NONE', #1585 ) ;
#26 = DIRECTION ( 'NONE',  ( -0.000000000000000000, 1.000000000000000000, -0.000000000000000000 ) ) ;
#27 = DIRECTION ( 'NONE',  ( 0.000000000000000000, 1.000000000000000000, -0.000000000000000000 ) ) ;
#28 = CARTESIAN_POINT ( 'NONE',  ( 100.0000000000000426, 0.000000000000000000, 172.4999999999999716 ) ) ;
#29 = EDGE_LOOP ( 'NONE', ( #1173, #265, #856, #569 ) ) ;
#30 = ADVANCED_FACE ( 'NONE', ( #462 ), #362, .F. ) ;
#31 = ORIENTED_EDGE ( 'NONE', *, *, #319, .F. ) ;
#32 = APPLICATION_PROTOCOL_DEFINITION ( 'draft international standard', 'automotive_design', 1998, #894 ) ;
#33 = ORIENTED_EDGE ( 'NONE', *, *, #347, .F. ) ;
#34 = LINE ( 'NONE', #600, #153 ) ;
#35 = AXIS2_PLACEMENT_3D ( 'NONE', #23, #1696, #1678 ) ;
#36 = DIRECTION ( 'NONE',  ( -1.000000000000000000, 0.000000000000000000, 1.047444401652942689E-14 ) ) ;
#37 = VECTOR ( 'NONE', #499, 1000.000000000000000 ) ;
#38 = CARTESIAN_POINT ( 'NONE',  ( 100.0000000000000000, 0.000000000000000000, 57.49999999999995737 ) ) ;
#39 = AXIS2_PLACEMENT_3D ( 'NONE', #890, #903, #1295 ) ;
#40 = EDGE_LOOP ( 'NONE', ( #290, #610 ) ) ;
#41 = DIRECTION ( 'NONE',  ( 0.000000000000000000, 0.000000000000000000, -1.000000000000000000 ) ) ;
#42 = ORIENTED_EDGE ( 'NONE', *, *, #486, .T. ) ;
#43 = VECTOR ( 'NONE', #839, 1000.000000000000000 ) ;
#44 = DIRECTION ( 'NONE',  ( 0.000000000000000000, 0.000000000000000000, 1.000000000000000000 ) ) ;
#45 = EDGE_CURVE ( 'NONE', #539, #632, #422, .T. ) ;
#46 = VECTOR ( 'NONE', #1250, 1000.000000000000000 ) ;
#47 = FACE_OUTER_BOUND ( 'NONE', #74, .T. ) ;
#48 = AXIS2_PLACEMENT_3D ( 'NONE', #807, #797, #1630 ) ;
#49 = DIRECTION ( 'NONE',  ( 0.000000000000000000, 0.000000000000000000, 1.000000000000000000 ) ) ;
#50 = VERTEX_POINT ( 'NONE', #603 ) ;
#51 = EDGE_LOOP ( 'NONE', ( #446, #716, #33, #415 ) ) ;
#52 = DIRECTION ( 'NONE',  ( 0.000000000000000000, 0.000000000000000000, 1.000000000000000000 ) ) ;
#53 = ADVANCED_FACE ( 'NONE', ( #1299 ), #609, .F. ) ;
#54 = ADVANCED_FACE ( 'NONE', ( #1712 ), #749, .F. ) ;
#55 = DIRECTION ( 'NONE',  ( 0.000000000000000000, 0.000000000000000000, 1.000000000000000000 ) ) ;
#56 = EDGE_LOOP ( 'NONE', ( #1183, #981, #1736, #1518 ) ) ;
#57 = ORIENTED_EDGE ( 'NONE', *, *, #1624, .F. ) ;
#58 = VERTEX_POINT ( 'NONE', #1566 ) ;
#59 = DIRECTION ( 'NONE',  ( 0.000000000000000000, 0.000000000000000000, 1.000000000000000000 ) ) ;
#60 = VERTEX_POINT ( 'NONE', #352 ) ;
#61 = LINE ( 'NONE', #1006, #423 ) ;
#62 = PLANE ( 'NONE',  #1711 ) ;
#63 = FACE_BOUND ( 'NONE', #776, .T. ) ;
#64 = CIRCLE ( 'NONE', #382, 2.200000000000007283 ) ;
#65 = ORIENTED_EDGE ( 'NONE', *, *, #1239, .F. ) ;
#66 = AXIS2_PLACEMENT_3D ( 'NONE', #814, #1332, #1358 ) ;
#67 = ADVANCED_FACE ( 'NONE', ( #1722 ), #1434, .T. ) ;
#68 = ORIENTED_EDGE ( 'NONE', *, *, #260, .F. ) ;
#69 = CIRCLE ( 'NONE', #1659, 1.699999999999999956 ) ;
#70 = ORIENTED_EDGE ( 'NONE', *, *, #1182, .T. ) ;
#71 = DIRECTION ( 'NONE',  ( 0.000000000000000000, 0.000000000000000000, -1.000000000000000000 ) ) ;
#72 = CARTESIAN_POINT ( 'NONE',  ( 0.000000000000000000, 10.00000000000000000, 45.00000000000000000 ) ) ;
#73 = FACE_BOUND ( 'NONE', #1552, .T. ) ;
#74 = EDGE_LOOP ( 'NONE', ( #880, #271, #1421, #1639 ) ) ;
#75 = CYLINDRICAL_SURFACE ( 'NONE', #1109, 2.500000000000002220 ) ;
#76 = AXIS2_PLACEMENT_3D ( 'NONE', #918, #241, #119 ) ;
#77 = VERTEX_POINT ( 'NONE', #1307 ) ;
#78 = EDGE_CURVE ( 'NONE', #792, #183, #1060, .T. ) ;
#79 = ORIENTED_EDGE ( 'NONE', *, *, #865, .T. ) ;
#80 = FACE_OUTER_BOUND ( 'NONE', #896, .T. ) ;
#81 = VERTEX_POINT ( 'NONE', #1504 ) ;
#82 = CARTESIAN_POINT ( 'NONE',  ( 23.57000000000001450, 0.000000000000000000, 106.4299999999999926 ) ) ;
#83 = DIRECTION ( 'NONE',  ( -0.000000000000000000, 1.000000000000000000, 0.000000000000000000 ) ) ;
#84 = EDGE_LOOP ( 'NONE', ( #68, #1731, #150, #338, #1443, #1245, #1739, #1393 ) ) ;
#85 = CARTESIAN_POINT ( 'NONE',  ( 100.0000000000000426, 0.000000000000000000, 169.9999999999999432 ) ) ;
#86 = VERTEX_POINT ( 'NONE', #1235 ) ;
#87 = EDGE_CURVE ( 'NONE', #9, #312, #1361, .T. ) ;
#88 = CARTESIAN_POINT ( 'NONE',  ( 0.000000000000000000, 0.000000000000000000, 0.000000000000000000 ) ) ;
#89 = DIRECTION ( 'NONE',  ( 0.000000000000000000, 1.000000000000000000, 0.000000000000000000 ) ) ;
#90 = CARTESIAN_POINT ( 'NONE',  ( 0.000000000000000000, 0.000000000000000000, -43.29999999999999716 ) ) ;
#91 = CYLINDRICAL_SURFACE ( 'NONE', #451, 2.200000000000007283 ) ;
#92 = DIRECTION ( 'NONE',  ( -0.000000000000000000, 1.000000000000000000, -0.000000000000000000 ) ) ;
#93 = CIRCLE ( 'NONE', #1417, 2.500000000000002220 ) ;
#94 = VERTEX_POINT ( 'NONE', #549 ) ;
#95 = CIRCLE ( 'NONE', #326, 2.500000000000002220 ) ;
#96 = AXIS2_PLACEMENT_3D ( 'NONE', #137, #523, #1626 ) ;
#97 =( NAMED_UNIT ( * ) PLANE_ANGLE_UNIT ( ) SI_UNIT ( $, .RADIAN. ) );
#98 = VERTEX_POINT ( 'NONE', #1216 ) ;
#99 = EDGE_CURVE ( 'NONE', #1572, #984, #1428, .T. ) ;
#100 = DIRECTION ( 'NONE',  ( 0.000000000000000000, 0.000000000000000000, 1.000000000000000000 ) ) ;
#101 = DIRECTION ( 'NONE',  ( 0.000000000000000000, 0.000000000000000000, 1.000000000000000000 ) ) ;
#102 = LINE ( 'NONE', #511, #1668 ) ;
#103 = CYLINDRICAL_SURFACE ( 'NONE', #439, 2.500000000000009326 ) ;
#104 = VERTEX_POINT ( 'NONE', #1065 ) ;
#105 = VECTOR ( 'NONE', #862, 1000.000000000000000 ) ;
#106 = CIRCLE ( 'NONE', #1120, 2.500000000000009326 ) ;
#107 = DIRECTION ( 'NONE',  ( 1.000000000000000000, 0.000000000000000000, -1.261617073437677752E-16 ) ) ;
#108 = ORIENTED_EDGE ( 'NONE', *, *, #1208, .T. ) ;
#109 = DIRECTION ( 'NONE',  ( 0.000000000000000000, -1.000000000000000000, -0.000000000000000000 ) ) ;
#110 = CYLINDRICAL_SURFACE ( 'NONE', #1204, 2.199999999999993516 ) ;
#111 = ADVANCED_FACE ( 'NONE', ( #1209 ), #371, .F. ) ;
#112 = CARTESIAN_POINT ( 'NONE',  ( -23.56999999999998252, 10.00000000000000000, 151.3699999999999761 ) ) ;
#113 = DIRECTION ( 'NONE',  ( 1.261617073437677999E-16, -0.000000000000000000, 1.000000000000000000 ) ) ;
#114 = ORIENTED_EDGE ( 'NONE', *, *, #1517, .F. ) ;
#115 = CARTESIAN_POINT ( 'NONE',  ( -99.99999999999998579, 0.000000000000000000, 172.5000000000000000 ) ) ;
#116 = EDGE_LOOP ( 'NONE', ( #192, #132, #1138, #1378 ) ) ;
#117 = LINE ( 'NONE', #388, #1658 ) ;
#118 = CARTESIAN_POINT ( 'NONE',  ( 100.0000000000000000, 0.000000000000000000, 54.99999999999996447 ) ) ;
#119 = DIRECTION ( 'NONE',  ( 0.000000000000000000, 0.000000000000000000, -1.000000000000000000 ) ) ;
#120 = DIRECTION ( 'NONE',  ( -0.000000000000000000, 1.000000000000000000, -0.000000000000000000 ) ) ;
#121 = ORIENTED_EDGE ( 'NONE', *, *, #1129, .T. ) ;
#122 = AXIS2_PLACEMENT_3D ( 'NONE', #881, #1153, #1426 ) ;
#123 = CIRCLE ( 'NONE', #647, 5.000000000000004441 ) ;
#124 = CARTESIAN_POINT ( 'NONE',  ( 104.9999999999999858, 0.000000000000000000, -70.00000000000002842 ) ) ;
#125 = CIRCLE ( 'NONE', #441, 2.200000000000007283 ) ;
#126 = ORIENTED_EDGE ( 'NONE', *, *, #373, .F. ) ;
#127 = AXIS2_PLACEMENT_3D ( 'NONE', #18, #996, #574 ) ;
#128 = CARTESIAN_POINT ( 'NONE',  ( 1.592040838891559450E-14, 10.00000000000000000, 130.0000000000000000 ) ) ;
#129 = PLANE ( 'NONE',  #718 ) ;
#130 = DIRECTION ( 'NONE',  ( 0.000000000000000000, 1.000000000000000000, 0.000000000000000000 ) ) ;
#131 = CARTESIAN_POINT ( 'NONE',  ( 23.57000000000001450, 0.000000000000000000, 108.6299999999999955 ) ) ;
#132 = ORIENTED_EDGE ( 'NONE', *, *, #864, .T. ) ;
#133 = ADVANCED_FACE ( 'NONE', ( #527 ), #91, .F. ) ;
#134 = ADVANCED_FACE ( 'NONE', ( #1084 ), #658, .T. ) ;
#135 = ORIENTED_EDGE ( 'NONE', *, *, #1674, .T. ) ;
#136 = VECTOR ( 'NONE', #1380, 1000.000000000000000 ) ;
#137 = CARTESIAN_POINT ( 'NONE',  ( 45.00000000000000000, 10.00000000000000000, -1.571166602479409884E-13 ) ) ;
#138 = CIRCLE ( 'NONE', #1640, 4.999999999999997335 ) ;
#139 = EDGE_LOOP ( 'NONE', ( #7, #1356, #833, #1486 ) ) ;
#140 = CARTESIAN_POINT ( 'NONE',  ( -64.99999999999998579, 10.00000000000000000, 77.50000000000000000 ) ) ;
#141 = CARTESIAN_POINT ( 'NONE',  ( 23.57000000000001450, 10.00000000000000000, 108.6299999999999955 ) ) ;
#142 = PLANE ( 'NONE',  #675 ) ;
#143 = ORIENTED_EDGE ( 'NONE', *, *, #486, .F. ) ;
#144 = ORIENTED_EDGE ( 'NONE', *, *, #1745, .T. ) ;
#145 = FACE_OUTER_BOUND ( 'NONE', #1119, .T. ) ;
#146 = CARTESIAN_POINT ( 'NONE',  ( -105.0000000000000142, 10.00000000000000000, -65.00000000000000000 ) ) ;
#147 = DIRECTION ( 'NONE',  ( 0.000000000000000000, 1.000000000000000000, 0.000000000000000000 ) ) ;
#148 = VERTEX_POINT ( 'NONE', #222 ) ;
#149 = LINE ( 'NONE', #1791, #43 ) ;
#150 = ORIENTED_EDGE ( 'NONE', *, *, #1681, .F. ) ;
#151 = VECTOR ( 'NONE', #1737, 1000.000000000000000 ) ;
#152 = CARTESIAN_POINT ( 'NONE',  ( 65.00000000000001421, 10.00000000000000000, 82.49999999999998579 ) ) ;
#153 = VECTOR ( 'NONE', #162, 1000.000000000000000 ) ;
#154 = EDGE_CURVE ( 'NONE', #224, #104, #857, .T. ) ;
#155 = LINE ( 'NONE', #1125, #46 ) ;
#156 = DIRECTION ( 'NONE',  ( -0.000000000000000000, 1.000000000000000000, -0.000000000000000000 ) ) ;
#157 = EDGE_LOOP ( 'NONE', ( #395, #1264, #654, #1130 ) ) ;
#158 = EDGE_LOOP ( 'NONE', ( #1190, #303 ) ) ;
#159 = VECTOR ( 'NONE', #783, 1000.000000000000000 ) ;
#160 = SHAPE_DEFINITION_REPRESENTATION ( #1448, #1465 ) ;
#161 = VERTEX_POINT ( 'NONE', #1621 ) ;
#162 = DIRECTION ( 'NONE',  ( -0.000000000000000000, -1.000000000000000000, -0.000000000000000000 ) ) ;
#163 = CYLINDRICAL_SURFACE ( 'NONE', #629, 2.500000000000009326 ) ;
#164 = CARTESIAN_POINT ( 'NONE',  ( 0.000000000000000000, 10.00000000000000000, -30.00000000000000000 ) ) ;
#165 = ADVANCED_FACE ( 'NONE', ( #780 ), #674, .F. ) ;
#166 = ORIENTED_EDGE ( 'NONE', *, *, #1055, .T. ) ;
#167 = CARTESIAN_POINT ( 'NONE',  ( -109.9999999999999858, 10.00000000000000000, 175.0000000000000000 ) ) ;
#168 = ORIENTED_EDGE ( 'NONE', *, *, #1503, .T. ) ;
#169 = CYLINDRICAL_SURFACE ( 'NONE', #991, 2.500000000000002220 ) ;
#170 = DIRECTION ( 'NONE',  ( 0.000000000000000000, 0.000000000000000000, 1.000000000000000000 ) ) ;
#171 = DIRECTION ( 'NONE',  ( 0.000000000000000000, 0.000000000000000000, 1.000000000000000000 ) ) ;
#172 = VERTEX_POINT ( 'NONE', #380 ) ;
#173 = EDGE_CURVE ( 'NONE', #900, #583, #1484, .T. ) ;
#174 = CARTESIAN_POINT ( 'NONE',  ( -100.0000000000000142, 0.000000000000000000, -62.50000000000001421 ) ) ;
#175 = ORIENTED_EDGE ( 'NONE', *, *, #1557, .T. ) ;
#176 = DIRECTION ( 'NONE',  ( 1.000000000000000000, 0.000000000000000000, 5.551115123125782702E-16 ) ) ;
#177 = CIRCLE ( 'NONE', #294, 2.500000000000009326 ) ;
#178 = AXIS2_PLACEMENT_3D ( 'NONE', #220, #778, #1320 ) ;
#179 = DIRECTION ( 'NONE',  ( -0.000000000000000000, 1.000000000000000000, -0.000000000000000000 ) ) ;
#180 = STYLED_ITEM ( 'NONE', ( #605 ), #1573 ) ;
#181 = CARTESIAN_POINT ( 'NONE',  ( 45.00000000000000000, 0.000000000000000000, -1.571166602479409884E-13 ) ) ;
#182 = EDGE_CURVE ( 'NONE', #464, #742, #1473, .T. ) ;
#183 = VERTEX_POINT ( 'NONE', #1651 ) ;
#184 =( GEOMETRIC_REPRESENTATION_CONTEXT ( 3 ) GLOBAL_UNCERTAINTY_ASSIGNED_CONTEXT ( ( #741 ) ) GLOBAL_UNIT_ASSIGNED_CONTEXT ( ( #572, #982, #292 ) ) REPRESENTATION_CONTEXT ( 'NONE', 'WORKASPACE' ) );
#185 = DIRECTION ( 'NONE',  ( -0.000000000000000000, -1.000000000000000000, -0.000000000000000000 ) ) ;
#186 = CARTESIAN_POINT ( 'NONE',  ( 99.99999999999998579, 0.000000000000000000, -57.50000000000002132 ) ) ;
#187 = AXIS2_PLACEMENT_3D ( 'NONE', #1101, #519, #927 ) ;
#188 = CARTESIAN_POINT ( 'NONE',  ( 23.57000000000001450, 10.00000000000000000, 104.2300000000000040 ) ) ;
#189 = AXIS2_PLACEMENT_3D ( 'NONE', #379, #1333, #101 ) ;
#190 = CARTESIAN_POINT ( 'NONE',  ( -45.00000000000000000, 0.000000000000000000, 4.713499807438230156E-13 ) ) ;
#191 = ORIENTED_EDGE ( 'NONE', *, *, #319, .T. ) ;
#192 = ORIENTED_EDGE ( 'NONE', *, *, #586, .F. ) ;
#193 = CARTESIAN_POINT ( 'NONE',  ( -45.00000000000000000, 10.00000000000000000, 4.713499807438230156E-13 ) ) ;
#194 = CYLINDRICAL_SURFACE ( 'NONE', #1193, 5.000000000000004441 ) ;
#195 = FACE_BOUND ( 'NONE', #437, .T. ) ;
#196 = EDGE_LOOP ( 'NONE', ( #343, #323, #472, #438 ) ) ;
#197 = ORIENTED_EDGE ( 'NONE', *, *, #1017, .F. ) ;
#198 = EDGE_LOOP ( 'NONE', ( #424, #1156, #705, #943 ) ) ;
#199 = DIRECTION ( 'NONE',  ( 0.000000000000000000, 0.000000000000000000, 1.000000000000000000 ) ) ;
#200 = ORIENTED_EDGE ( 'NONE', *, *, #429, .F. ) ;
#201 = CARTESIAN_POINT ( 'NONE',  ( -45.00000000000000000, 0.000000000000000000, 1.700000000000471356 ) ) ;
#202 = EDGE_CURVE ( 'NONE', #829, #758, #1312, .T. ) ;
#203 = DIRECTION ( 'NONE',  ( -8.326672684688672081E-16, 0.000000000000000000, -1.000000000000000000 ) ) ;
#204 = FACE_OUTER_BOUND ( 'NONE', #51, .T. ) ;
#205 = AXIS2_PLACEMENT_3D ( 'NONE', #1676, #720, #869 ) ;
#206 = VERTEX_POINT ( 'NONE', #1093 ) ;
#207 = CIRCLE ( 'NONE', #738, 2.500000000000002220 ) ;
#208 = ORIENTED_EDGE ( 'NONE', *, *, #920, .F. ) ;
#209 = CARTESIAN_POINT ( 'NONE',  ( 23.57000000000001450, 10.00000000000000000, 106.4299999999999926 ) ) ;
#210 = EDGE_LOOP ( 'NONE', ( #1707, #700 ) ) ;
#211 = CARTESIAN_POINT ( 'NONE',  ( 100.0000000000000426, 0.000000000000000000, 167.4999999999999432 ) ) ;
#212 = LINE ( 'NONE', #773, #1226 ) ;
#213 = FACE_BOUND ( 'NONE', #1293, .T. ) ;
#214 = ORIENTED_EDGE ( 'NONE', *, *, #1759, .F. ) ;
#215 = CARTESIAN_POINT ( 'NONE',  ( -100.0000000000000142, 10.00000000000000000, 57.50000000000000000 ) ) ;
#216 = EDGE_CURVE ( 'NONE', #487, #845, #102, .T. ) ;
#217 = ADVANCED_FACE ( 'NONE', ( #399 ), #1345, .F. ) ;
#218 = VECTOR ( 'NONE', #1198, 1000.000000000000000 ) ;
#219 = ORIENTED_EDGE ( 'NONE', *, *, #1386, .T. ) ;
#220 = CARTESIAN_POINT ( 'NONE',  ( 23.57000000000001450, 10.00000000000000000, 106.4299999999999926 ) ) ;
#221 = FACE_BOUND ( 'NONE', #636, .T. ) ;
#222 = CARTESIAN_POINT ( 'NONE',  ( -100.0000000000000142, 0.000000000000000000, -57.49999999999999289 ) ) ;
#223 = CARTESIAN_POINT ( 'NONE',  ( 23.57000000000001805, 0.000000000000000000, 155.7699999999999818 ) ) ;
#224 = VERTEX_POINT ( 'NONE', #799 ) ;
#225 = EDGE_CURVE ( 'NONE', #81, #286, #816, .T. ) ;
#226 = DIRECTION ( 'NONE',  ( 0.000000000000000000, 0.000000000000000000, 1.000000000000000000 ) ) ;
#227 = ORIENTED_EDGE ( 'NONE', *, *, #1107, .F. ) ;
#228 = LINE ( 'NONE', #1776, #1478 ) ;
#229 = CARTESIAN_POINT ( 'NONE',  ( -99.99999999999998579, 10.00000000000000000, 169.9999999999999716 ) ) ;
#230 = CARTESIAN_POINT ( 'NONE',  ( 23.57000000000001805, 10.00000000000000000, 153.5699999999999932 ) ) ;
#231 = CARTESIAN_POINT ( 'NONE',  ( 45.00000000000000000, 0.000000000000000000, -1.571166602479409884E-13 ) ) ;
#232 = ORIENTED_EDGE ( 'NONE', *, *, #777, .T. ) ;
#233 = CIRCLE ( 'NONE', #1047, 2.199999999999993516 ) ;
#234 = AXIS2_PLACEMENT_3D ( 'NONE', #1488, #923, #1339 ) ;
#235 = DIRECTION ( 'NONE',  ( 0.000000000000000000, 1.000000000000000000, 0.000000000000000000 ) ) ;
#236 = EDGE_CURVE ( 'NONE', #711, #990, #258, .T. ) ;
#237 = EDGE_CURVE ( 'NONE', #77, #742, #1549, .T. ) ;
#238 = EDGE_LOOP ( 'NONE', ( #503, #1171, #530, #1044 ) ) ;
#239 = DIRECTION ( 'NONE',  ( 0.000000000000000000, -1.000000000000000000, 0.000000000000000000 ) ) ;
#240 = FACE_OUTER_BOUND ( 'NONE', #1213, .T. ) ;
#241 = DIRECTION ( 'NONE',  ( 0.000000000000000000, -1.000000000000000000, 0.000000000000000000 ) ) ;
#242 = PRODUCT_DEFINITION_FORMATION_WITH_SPECIFIED_SOURCE ( 'ANY', '', #1051, .NOT_KNOWN. ) ;
#243 = CARTESIAN_POINT ( 'NONE',  ( 0.000000000000000000, 10.00000000000000000, -43.29999999999999716 ) ) ;
#244 = VERTEX_POINT ( 'NONE', #1275 ) ;
#245 = AXIS2_PLACEMENT_3D ( 'NONE', #580, #564, #1670 ) ;
#246 = CIRCLE ( 'NONE', #691, 1.700000000000000178 ) ;
#247 = CARTESIAN_POINT ( 'NONE',  ( 2.081899558550500033E-16, 0.000000000000000000, 43.29999999999999716 ) ) ;
#248 = EDGE_LOOP ( 'NONE', ( #1049, #1035, #166, #1606 ) ) ;
#249 = CARTESIAN_POINT ( 'NONE',  ( 104.9999999999999858, 10.00000000000000000, -65.00000000000002842 ) ) ;
#250 = CARTESIAN_POINT ( 'NONE',  ( 100.0000000000000426, 0.000000000000000000, 167.4999999999999432 ) ) ;
#251 = EDGE_CURVE ( 'NONE', #50, #94, #435, .T. ) ;
#252 = DIRECTION ( 'NONE',  ( -0.000000000000000000, -1.000000000000000000, -0.000000000000000000 ) ) ;
#253 = CYLINDRICAL_SURFACE ( 'NONE', #1565, 2.200000000000007283 ) ;
#254 = ORIENTED_EDGE ( 'NONE', *, *, #1466, .T. ) ;
#255 = ORIENTED_EDGE ( 'NONE', *, *, #173, .F. ) ;
#256 = DIRECTION ( 'NONE',  ( 0.000000000000000000, 0.000000000000000000, 1.000000000000000000 ) ) ;
#257 = CARTESIAN_POINT ( 'NONE',  ( 0.000000000000000000, 0.000000000000000000, 45.00000000000000000 ) ) ;
#258 = LINE ( 'NONE', #666, #689 ) ;
#259 = CARTESIAN_POINT ( 'NONE',  ( 23.57000000000001805, 10.00000000000000000, 155.7699999999999818 ) ) ;
#260 = EDGE_CURVE ( 'NONE', #224, #711, #960, .T. ) ;
#261 = ORIENTED_EDGE ( 'NONE', *, *, #1637, .F. ) ;
#262 = VECTOR ( 'NONE', #1632, 1000.000000000000000 ) ;
#263 = AXIS2_PLACEMENT_3D ( 'NONE', #1584, #1297, #359 ) ;
#264 =( GEOMETRIC_REPRESENTATION_CONTEXT ( 3 ) GLOBAL_UNCERTAINTY_ASSIGNED_CONTEXT ( ( #1600 ) ) GLOBAL_UNIT_ASSIGNED_CONTEXT ( ( #1157, #97, #533 ) ) REPRESENTATION_CONTEXT ( 'NONE', 'WORKASPACE' ) );
#265 = ORIENTED_EDGE ( 'NONE', *, *, #808, .F. ) ;
#266 = DIRECTION ( 'NONE',  ( -0.000000000000000000, 1.000000000000000000, 0.000000000000000000 ) ) ;
#267 = CYLINDRICAL_SURFACE ( 'NONE', #1175, 2.500000000000009326 ) ;
#268 = DIRECTION ( 'NONE',  ( 0.000000000000000000, 0.000000000000000000, 1.000000000000000000 ) ) ;
#269 = CARTESIAN_POINT ( 'NONE',  ( 110.0000000000000426, 10.00000000000000000, 174.9999999999999716 ) ) ;
#270 = EDGE_CURVE ( 'NONE', #244, #1185, #914, .T. ) ;
#271 = ORIENTED_EDGE ( 'NONE', *, *, #1602, .F. ) ;
#272 = EDGE_CURVE ( 'NONE', #516, #1587, #491, .T. ) ;
#273 = EDGE_LOOP ( 'NONE', ( #1087, #477, #885, #912 ) ) ;
#274 = CIRCLE ( 'NONE', #245, 2.500000000000009326 ) ;
#275 = EDGE_CURVE ( 'NONE', #86, #838, #1269, .T. ) ;
#276 = DIRECTION ( 'NONE',  ( 0.000000000000000000, 0.000000000000000000, 1.000000000000000000 ) ) ;
#277 = AXIS2_PLACEMENT_3D ( 'NONE', #229, #1620, #508 ) ;
#278 = ORIENTED_EDGE ( 'NONE', *, *, #1581, .T. ) ;
#279 = CYLINDRICAL_SURFACE ( 'NONE', #298, 1.700000000000000178 ) ;
#280 = CARTESIAN_POINT ( 'NONE',  ( -110.0000000000000142, 0.000000000000000000, -70.00000000000000000 ) ) ;
#281 = DIRECTION ( 'NONE',  ( -0.000000000000000000, -1.000000000000000000, -0.000000000000000000 ) ) ;
#282 = ORIENTED_EDGE ( 'NONE', *, *, #202, .T. ) ;
#283 = ORIENTED_EDGE ( 'NONE', *, *, #1249, .F. ) ;
#284 = DIRECTION ( 'NONE',  ( 0.000000000000000000, 0.000000000000000000, 1.000000000000000000 ) ) ;
#285 = EDGE_CURVE ( 'NONE', #901, #577, #22, .T. ) ;
#286 = VERTEX_POINT ( 'NONE', #979 ) ;
#287 = CARTESIAN_POINT ( 'NONE',  ( 0.000000000000000000, 10.00000000000000000, 0.000000000000000000 ) ) ;
#288 = CARTESIAN_POINT ( 'NONE',  ( 99.99999999999998579, 0.000000000000000000, -62.50000000000004263 ) ) ;
#289 = CYLINDRICAL_SURFACE ( 'NONE', #875, 1.700000000000000178 ) ;
#290 = ORIENTED_EDGE ( 'NONE', *, *, #485, .T. ) ;
#291 = VERTEX_POINT ( 'NONE', #288 ) ;
#292 =( NAMED_UNIT ( * ) SI_UNIT ( $, .STERADIAN. ) SOLID_ANGLE_UNIT ( ) );
#293 = ORIENTED_EDGE ( 'NONE', *, *, #1298, .T. ) ;
#294 = AXIS2_PLACEMENT_3D ( 'NONE', #714, #1015, #1408 ) ;
#295 = EDGE_CURVE ( 'NONE', #1587, #428, #971, .T. ) ;
#296 = EDGE_CURVE ( 'NONE', #183, #792, #1145, .T. ) ;
#297 = CYLINDRICAL_SURFACE ( 'NONE', #470, 30.00000000000000000 ) ;
#298 = AXIS2_PLACEMENT_3D ( 'NONE', #1284, #26, #985 ) ;
#299 = AXIS2_PLACEMENT_3D ( 'NONE', #1037, #1031, #71 ) ;
#300 = DIRECTION ( 'NONE',  ( -0.000000000000000000, -1.000000000000000000, -0.000000000000000000 ) ) ;
#301 = FACE_OUTER_BOUND ( 'NONE', #1550, .T. ) ;
#302 = EDGE_LOOP ( 'NONE', ( #1475, #1026, #1294, #988 ) ) ;
#303 = ORIENTED_EDGE ( 'NONE', *, *, #1650, .F. ) ;
#304 = DIRECTION ( 'NONE',  ( -0.000000000000000000, 1.000000000000000000, -0.000000000000000000 ) ) ;
#305 = ORIENTED_EDGE ( 'NONE', *, *, #1692, .F. ) ;
#306 = DIRECTION ( 'NONE',  ( -0.000000000000000000, 1.000000000000000000, -0.000000000000000000 ) ) ;
#307 = AXIS2_PLACEMENT_3D ( 'NONE', #1495, #937, #1631 ) ;
#308 = DIRECTION ( 'NONE',  ( -0.000000000000000000, 1.000000000000000000, -0.000000000000000000 ) ) ;
#309 = DIRECTION ( 'NONE',  ( 0.000000000000000000, 0.000000000000000000, -1.000000000000000000 ) ) ;
#310 = EDGE_CURVE ( 'NONE', #172, #1743, #1243, .T. ) ;
#311 = ORIENTED_EDGE ( 'NONE', *, *, #693, .T. ) ;
#312 = VERTEX_POINT ( 'NONE', #1514 ) ;
#313 = CARTESIAN_POINT ( 'NONE',  ( 105.0000000000000426, 10.00000000000000000, 179.9999999999999716 ) ) ;
#314 = DIRECTION ( 'NONE',  ( 0.000000000000000000, 1.000000000000000000, 0.000000000000000000 ) ) ;
#315 = ORIENTED_EDGE ( 'NONE', *, *, #1603, .T. ) ;
#316 = CARTESIAN_POINT ( 'NONE',  ( -23.56999999999998607, 0.000000000000000000, 108.6299999999999955 ) ) ;
#317 = CARTESIAN_POINT ( 'NONE',  ( 0.000000000000000000, 10.00000000000000000, 46.69999999999999574 ) ) ;
#318 = EDGE_LOOP ( 'NONE', ( #1762, #1330, #573, #1241 ) ) ;
#319 = EDGE_CURVE ( 'NONE', #471, #1411, #1607, .T. ) ;
#320 = EDGE_CURVE ( 'NONE', #1376, #950, #155, .T. ) ;
#321 = ORIENTED_EDGE ( 'NONE', *, *, #154, .F. ) ;
#322 = LINE ( 'NONE', #874, #151 ) ;
#323 = ORIENTED_EDGE ( 'NONE', *, *, #1030, .T. ) ;
#324 = DIRECTION ( 'NONE',  ( 0.000000000000000000, 0.000000000000000000, -1.000000000000000000 ) ) ;
#325 = VECTOR ( 'NONE', #775, 1000.000000000000000 ) ;
#326 = AXIS2_PLACEMENT_3D ( 'NONE', #1590, #1599, #616 ) ;
#327 = FACE_OUTER_BOUND ( 'NONE', #1012, .T. ) ;
#328 = VECTOR ( 'NONE', #1238, 1000.000000000000000 ) ;
#329 = ORIENTED_EDGE ( 'NONE', *, *, #272, .F. ) ;
#330 = VERTEX_POINT ( 'NONE', #1399 ) ;
#331 = EDGE_LOOP ( 'NONE', ( #966, #690, #849, #794 ) ) ;
#332 = EDGE_CURVE ( 'NONE', #758, #829, #274, .T. ) ;
#333 = DIRECTION ( 'NONE',  ( 0.000000000000000000, 1.000000000000000000, 0.000000000000000000 ) ) ;
#334 = DIRECTION ( 'NONE',  ( -0.000000000000000000, 1.000000000000000000, -0.000000000000000000 ) ) ;
#335 = AXIS2_PLACEMENT_3D ( 'NONE', #1501, #1321, #501 ) ;
#336 = CARTESIAN_POINT ( 'NONE',  ( 23.57000000000001805, 0.000000000000000000, 153.5699999999999932 ) ) ;
#337 = VERTEX_POINT ( 'NONE', #141 ) ;
#338 = ORIENTED_EDGE ( 'NONE', *, *, #1151, .T. ) ;
#339 = DIRECTION ( 'NONE',  ( 0.000000000000000000, 0.000000000000000000, -1.000000000000000000 ) ) ;
#340 = EDGE_CURVE ( 'NONE', #558, #419, #426, .T. ) ;
#341 = CARTESIAN_POINT ( 'NONE',  ( -100.0000000000000142, 0.000000000000000000, 54.99999999999999289 ) ) ;
#342 = DIRECTION ( 'NONE',  ( 0.000000000000000000, 0.000000000000000000, 1.000000000000000000 ) ) ;
#343 = ORIENTED_EDGE ( 'NONE', *, *, #78, .F. ) ;
#344 = ORIENTED_EDGE ( 'NONE', *, *, #1075, .F. ) ;
#345 = CARTESIAN_POINT ( 'NONE',  ( 100.0000000000000000, 0.000000000000000000, 52.49999999999997158 ) ) ;
#346 = ADVANCED_FACE ( 'NONE', ( #696 ), #163, .F. ) ;
#347 = EDGE_CURVE ( 'NONE', #1222, #661, #827, .T. ) ;
#348 = FACE_BOUND ( 'NONE', #551, .T. ) ;
#349 = DIRECTION ( 'NONE',  ( -0.000000000000000000, -1.000000000000000000, -0.000000000000000000 ) ) ;
#350 = AXIS2_PLACEMENT_3D ( 'NONE', #557, #1496, #667 ) ;
#351 = AXIS2_PLACEMENT_3D ( 'NONE', #785, #1629, #664 ) ;
#352 = CARTESIAN_POINT ( 'NONE',  ( -23.56999999999998607, 10.00000000000000000, 104.2300000000000040 ) ) ;
#353 = FACE_BOUND ( 'NONE', #1730, .T. ) ;
#354 = AXIS2_PLACEMENT_3D ( 'NONE', #662, #949, #804 ) ;
#355 = EDGE_LOOP ( 'NONE', ( #1112, #905, #1578, #1178 ) ) ;
#356 = ORIENTED_EDGE ( 'NONE', *, *, #586, .T. ) ;
#357 = DIRECTION ( 'NONE',  ( -0.000000000000000000, -1.000000000000000000, -0.000000000000000000 ) ) ;
#358 = ORIENTED_EDGE ( 'NONE', *, *, #1546, .T. ) ;
#359 = DIRECTION ( 'NONE',  ( 0.000000000000000000, 0.000000000000000000, 1.000000000000000000 ) ) ;
#360 = FACE_OUTER_BOUND ( 'NONE', #157, .T. ) ;
#361 = VECTOR ( 'NONE', #300, 1000.000000000000000 ) ;
#362 = CYLINDRICAL_SURFACE ( 'NONE', #1577, 1.699999999999999956 ) ;
#363 = DIRECTION ( 'NONE',  ( -0.000000000000000000, 1.000000000000000000, -0.000000000000000000 ) ) ;
#364 = AXIS2_PLACEMENT_3D ( 'NONE', #739, #1305, #1014 ) ;
#365 = ADVANCED_FACE ( 'NONE', ( #997 ), #1547, .F. ) ;
#366 = EDGE_LOOP ( 'NONE', ( #1698, #1056, #219, #1300 ) ) ;
#367 = DIRECTION ( 'NONE',  ( 0.000000000000000000, 1.000000000000000000, -0.000000000000000000 ) ) ;
#368 = ORIENTED_EDGE ( 'NONE', *, *, #498, .T. ) ;
#369 = CARTESIAN_POINT ( 'NONE',  ( 65.00000000000001421, 10.00000000000000000, 77.49999999999998579 ) ) ;
#370 = CARTESIAN_POINT ( 'NONE',  ( -23.56999999999998607, 10.00000000000000000, 108.6299999999999955 ) ) ;
#371 = CYLINDRICAL_SURFACE ( 'NONE', #187, 1.700000000000000178 ) ;
#372 = FACE_BOUND ( 'NONE', #374, .T. ) ;
#373 = EDGE_CURVE ( 'NONE', #206, #514, #1147, .T. ) ;
#374 = EDGE_LOOP ( 'NONE', ( #1723, #1604 ) ) ;
#375 = EDGE_CURVE ( 'NONE', #669, #593, #106, .T. ) ;
#376 = CARTESIAN_POINT ( 'NONE',  ( 0.000000000000000000, 0.000000000000000000, 0.000000000000000000 ) ) ;
#377 = ORIENTED_EDGE ( 'NONE', *, *, #865, .F. ) ;
#378 = DIRECTION ( 'NONE',  ( 0.000000000000000000, 0.000000000000000000, 1.000000000000000000 ) ) ;
#379 = CARTESIAN_POINT ( 'NONE',  ( 0.000000000000000000, 0.000000000000000000, 45.00000000000000000 ) ) ;
#380 = CARTESIAN_POINT ( 'NONE',  ( -14.99999999999999112, 10.00000000000000000, 77.49999999999995737 ) ) ;
#381 = DIRECTION ( 'NONE',  ( 0.000000000000000000, 0.000000000000000000, 1.000000000000000000 ) ) ;
#382 = AXIS2_PLACEMENT_3D ( 'NONE', #520, #147, #1228 ) ;
#383 = VERTEX_POINT ( 'NONE', #186 ) ;
#384 = VECTOR ( 'NONE', #1106, 1000.000000000000000 ) ;
#385 = CIRCLE ( 'NONE', #1541, 2.200000000000007283 ) ;
#386 = CARTESIAN_POINT ( 'NONE',  ( 45.00000000000000000, 0.000000000000000000, -1.571166602479409884E-13 ) ) ;
#387 = ORIENTED_EDGE ( 'NONE', *, *, #679, .T. ) ;
#388 = CARTESIAN_POINT ( 'NONE',  ( 65.00000000000001421, 10.00000000000000000, 82.49999999999998579 ) ) ;
#389 = CARTESIAN_POINT ( 'NONE',  ( 23.57000000000001805, 10.00000000000000000, 153.5699999999999932 ) ) ;
#390 = CARTESIAN_POINT ( 'NONE',  ( 23.57000000000001450, 10.00000000000000000, 104.2300000000000040 ) ) ;
#391 = DIRECTION ( 'NONE',  ( -1.000000000000000000, 0.000000000000000000, 1.261617073437677752E-16 ) ) ;
#392 = EDGE_LOOP ( 'NONE', ( #1425, #1439, #356, #495, #782, #1405, #1647, #640 ) ) ;
#393 = AXIS2_PLACEMENT_3D ( 'NONE', #1407, #1141, #5 ) ;
#394 = CARTESIAN_POINT ( 'NONE',  ( -64.99999999999998579, 0.000000000000000000, 77.50000000000000000 ) ) ;
#395 = ORIENTED_EDGE ( 'NONE', *, *, #1662, .F. ) ;
#396 = EDGE_CURVE ( 'NONE', #968, #58, #1265, .T. ) ;
#397 = DIRECTION ( 'NONE',  ( -0.000000000000000000, 1.000000000000000000, 0.000000000000000000 ) ) ;
#398 = DIRECTION ( 'NONE',  ( -0.000000000000000000, -1.000000000000000000, -0.000000000000000000 ) ) ;
#399 = FACE_OUTER_BOUND ( 'NONE', #355, .T. ) ;
#400 = CARTESIAN_POINT ( 'NONE',  ( -23.56999999999998252, 10.00000000000000000, 153.5699999999999932 ) ) ;
#401 = ORIENTED_EDGE ( 'NONE', *, *, #1468, .F. ) ;
#402 = DIRECTION ( 'NONE',  ( 0.000000000000000000, -1.000000000000000000, 0.000000000000000000 ) ) ;
#403 = ORIENTED_EDGE ( 'NONE', *, *, #272, .T. ) ;
#404 = CARTESIAN_POINT ( 'NONE',  ( -23.56999999999998607, 10.00000000000000000, 106.4299999999999926 ) ) ;
#405 = DIRECTION ( 'NONE',  ( -0.000000000000000000, 1.000000000000000000, 0.000000000000000000 ) ) ;
#406 = EDGE_CURVE ( 'NONE', #583, #726, #830, .T. ) ;
#407 = EDGE_CURVE ( 'NONE', #449, #871, #1296, .T. ) ;
#408 = DIRECTION ( 'NONE',  ( -0.000000000000000000, 1.000000000000000000, 0.000000000000000000 ) ) ;
#409 = CARTESIAN_POINT ( 'NONE',  ( -14.99999999999998757, 0.000000000000000000, 82.50000000000004263 ) ) ;
#410 = ORIENTED_EDGE ( 'NONE', *, *, #1098, .T. ) ;
#411 = CIRCLE ( 'NONE', #35, 2.199999999999993516 ) ;
#412 = AXIS2_PLACEMENT_3D ( 'NONE', #1196, #1710, #469 ) ;
#413 = CARTESIAN_POINT ( 'NONE',  ( -64.99999999999998579, 10.00000000000000000, 82.50000000000000000 ) ) ;
#414 = CIRCLE ( 'NONE', #1052, 2.500000000000009326 ) ;
#415 = ORIENTED_EDGE ( 'NONE', *, *, #1192, .T. ) ;
#416 = DIRECTION ( 'NONE',  ( -0.000000000000000000, -1.000000000000000000, -0.000000000000000000 ) ) ;
#417 = CARTESIAN_POINT ( 'NONE',  ( 45.00000000000000000, 0.000000000000000000, 1.699999999999842748 ) ) ;
#418 = LINE ( 'NONE', #1652, #1277 ) ;
#419 = VERTEX_POINT ( 'NONE', #1158 ) ;
#420 = EDGE_CURVE ( 'NONE', #984, #514, #61, .T. ) ;
#421 = EDGE_LOOP ( 'NONE', ( #1009, #1691, #108, #1324 ) ) ;
#422 = CIRCLE ( 'NONE', #1287, 2.200000000000007283 ) ;
#423 = VECTOR ( 'NONE', #1709, 1000.000000000000000 ) ;
#424 = ORIENTED_EDGE ( 'NONE', *, *, #886, .T. ) ;
#425 = DIRECTION ( 'NONE',  ( 0.000000000000000000, 0.000000000000000000, 1.000000000000000000 ) ) ;
#426 = LINE ( 'NONE', #1259, #1489 ) ;
#427 = FACE_OUTER_BOUND ( 'NONE', #866, .T. ) ;
#428 = VERTEX_POINT ( 'NONE', #614 ) ;
#429 = EDGE_CURVE ( 'NONE', #1131, #286, #1430, .T. ) ;
#430 = ADVANCED_FACE ( 'NONE', ( #348, #1032, #489, #1039, #1452, #213, #1564, #882, #195, #756, #63, #617, #73, #1225, #926, #1054, #221, #518, #1494 ), #129, .T. ) ;
#431 = ORIENTED_EDGE ( 'NONE', *, *, #1354, .T. ) ;
#432 = CARTESIAN_POINT ( 'NONE',  ( 0.000000000000000000, 10.00000000000000000, 0.000000000000000000 ) ) ;
#433 = ORIENTED_EDGE ( 'NONE', *, *, #1744, .T. ) ;
#434 = DIRECTION ( 'NONE',  ( -0.000000000000000000, 1.000000000000000000, -0.000000000000000000 ) ) ;
#435 = LINE ( 'NONE', #417, #772 ) ;
#436 = CARTESIAN_POINT ( 'NONE',  ( 1.836970198721030062E-14, 0.000000000000000000, 150.0000000000000284 ) ) ;
#437 = EDGE_LOOP ( 'NONE', ( #493, #126 ) ) ;
#438 = ORIENTED_EDGE ( 'NONE', *, *, #994, .F. ) ;
#439 = AXIS2_PLACEMENT_3D ( 'NONE', #1729, #92, #1464 ) ;
#440 = LINE ( 'NONE', #1529, #1086 ) ;
#441 = AXIS2_PLACEMENT_3D ( 'NONE', #1761, #1078, #515 ) ;
#442 = DIRECTION ( 'NONE',  ( 1.000000000000000000, 0.000000000000000000, -1.261617073437677752E-16 ) ) ;
#443 = CARTESIAN_POINT ( 'NONE',  ( 45.00000000000000000, 10.00000000000000000, -1.700000000000157163 ) ) ;
#444 = ORIENTED_EDGE ( 'NONE', *, *, #1192, .F. ) ;
#445 = CIRCLE ( 'NONE', #743, 30.00000000000000000 ) ;
#446 = ORIENTED_EDGE ( 'NONE', *, *, #1681, .T. ) ;
#447 = FACE_BOUND ( 'NONE', #1028, .T. ) ;
#448 = CARTESIAN_POINT ( 'NONE',  ( 99.99999999999998579, 0.000000000000000000, -60.00000000000003553 ) ) ;
#449 = VERTEX_POINT ( 'NONE', #250 ) ;
#450 = CARTESIAN_POINT ( 'NONE',  ( -100.0000000000000142, 0.000000000000000000, -60.00000000000000711 ) ) ;
#451 = AXIS2_PLACEMENT_3D ( 'NONE', #1463, #1073, #1334 ) ;
#452 = ADVANCED_FACE ( 'NONE', ( #360 ), #1735, .T. ) ;
#453 = ADVANCED_FACE ( 'NONE', ( #1756 ), #110, .F. ) ;
#454 = DIRECTION ( 'NONE',  ( 0.000000000000000000, 0.000000000000000000, 1.000000000000000000 ) ) ;
#455 = CYLINDRICAL_SURFACE ( 'NONE', #122, 2.199999999999993516 ) ;
#456 = ORIENTED_EDGE ( 'NONE', *, *, #1571, .T. ) ;
#457 = EDGE_LOOP ( 'NONE', ( #545, #975, #1524, #1716 ) ) ;
#458 = FACE_BOUND ( 'NONE', #1623, .T. ) ;
#459 = ORIENTED_EDGE ( 'NONE', *, *, #473, .T. ) ;
#460 = DIRECTION ( 'NONE',  ( -0.000000000000000000, 1.000000000000000000, 0.000000000000000000 ) ) ;
#461 = CARTESIAN_POINT ( 'NONE',  ( -105.0000000000000142, 10.00000000000000000, -70.00000000000000000 ) ) ;
#462 = FACE_OUTER_BOUND ( 'NONE', #730, .T. ) ;
#463 = ORIENTED_EDGE ( 'NONE', *, *, #941, .T. ) ;
#464 = VERTEX_POINT ( 'NONE', #90 ) ;
#465 = CARTESIAN_POINT ( 'NONE',  ( -14.99999999999998934, 10.00000000000000000, 80.00000000000000000 ) ) ;
#466 = VECTOR ( 'NONE', #156, 1000.000000000000000 ) ;
#467 = ORIENTED_EDGE ( 'NONE', *, *, #1744, .F. ) ;
#468 = CIRCLE ( 'NONE', #412, 30.00000000000000000 ) ;
#469 = DIRECTION ( 'NONE',  ( 0.000000000000000000, 0.000000000000000000, 1.000000000000000000 ) ) ;
#470 = AXIS2_PLACEMENT_3D ( 'NONE', #287, #1115, #1694 ) ;
#471 = VERTEX_POINT ( 'NONE', #1483 ) ;
#472 = ORIENTED_EDGE ( 'NONE', *, *, #1018, .T. ) ;
#473 = EDGE_CURVE ( 'NONE', #148, #1048, #601, .T. ) ;
#474 = ORIENTED_EDGE ( 'NONE', *, *, #1440, .F. ) ;
#475 = AXIS2_PLACEMENT_3D ( 'NONE', #448, #304, #832 ) ;
#476 = DIRECTION ( 'NONE',  ( -0.000000000000000000, 1.000000000000000000, 0.000000000000000000 ) ) ;
#477 = ORIENTED_EDGE ( 'NONE', *, *, #920, .T. ) ;
#478 = VECTOR ( 'NONE', #1286, 1000.000000000000000 ) ;
#479 = VECTOR ( 'NONE', #402, 1000.000000000000000 ) ;
#480 = CYLINDRICAL_SURFACE ( 'NONE', #1302, 2.199999999999993516 ) ;
#481 = PRODUCT_DEFINITION_CONTEXT ( 'detailed design', #894, 'design' ) ;
#482 = VECTOR ( 'NONE', #442, 1000.000000000000000 ) ;
#483 = VERTEX_POINT ( 'NONE', #815 ) ;
#484 = EDGE_LOOP ( 'NONE', ( #387, #895 ) ) ;
#485 = EDGE_CURVE ( 'NONE', #1194, #977, #660, .T. ) ;
#486 = EDGE_CURVE ( 'NONE', #1231, #1701, #246, .T. ) ;
#487 = VERTEX_POINT ( 'NONE', #1360 ) ;
#488 = CARTESIAN_POINT ( 'NONE',  ( 23.57000000000001805, 0.000000000000000000, 153.5699999999999932 ) ) ;
#489 = FACE_BOUND ( 'NONE', #1188, .T. ) ;
#490 = CARTESIAN_POINT ( 'NONE',  ( -23.56999999999998607, 10.00000000000000000, 106.4299999999999926 ) ) ;
#491 = LINE ( 'NONE', #575, #136 ) ;
#492 = FACE_BOUND ( 'NONE', #198, .T. ) ;
#493 = ORIENTED_EDGE ( 'NONE', *, *, #777, .F. ) ;
#494 = EDGE_CURVE ( 'NONE', #1431, #1070, #1608, .T. ) ;
#495 = ORIENTED_EDGE ( 'NONE', *, *, #1140, .T. ) ;
#496 = SURFACE_STYLE_USAGE ( .BOTH. , #1290 ) ;
#497 = ORIENTED_EDGE ( 'NONE', *, *, #693, .F. ) ;
#498 = EDGE_CURVE ( 'NONE', #993, #577, #1341, .T. ) ;
#499 = DIRECTION ( 'NONE',  ( -0.000000000000000000, -1.000000000000000000, -0.000000000000000000 ) ) ;
#500 = AXIS2_PLACEMENT_3D ( 'NONE', #1353, #1505, #381 ) ;
#501 = DIRECTION ( 'NONE',  ( 0.000000000000000000, 0.000000000000000000, 1.000000000000000000 ) ) ;
#502 = AXIS2_PLACEMENT_3D ( 'NONE', #546, #266, #378 ) ;
#503 = ORIENTED_EDGE ( 'NONE', *, *, #99, .F. ) ;
#504 = DIRECTION ( 'NONE',  ( 0.000000000000000000, 0.000000000000000000, -1.000000000000000000 ) ) ;
#505 = VERTEX_POINT ( 'NONE', #1612 ) ;
#506 = VERTEX_POINT ( 'NONE', #370 ) ;
#507 = LINE ( 'NONE', #201, #1537 ) ;
#508 = DIRECTION ( 'NONE',  ( 0.000000000000000000, 0.000000000000000000, 1.000000000000000000 ) ) ;
#509 = PRODUCT_RELATED_PRODUCT_CATEGORY ( 'part', '', ( #1051 ) ) ;
#510 = ADVANCED_FACE ( 'NONE', ( #240 ), #787, .F. ) ;
#511 = CARTESIAN_POINT ( 'NONE',  ( -64.99999999999998579, 10.00000000000000000, 82.50000000000000000 ) ) ;
#512 = PLANE ( 'NONE',  #677 ) ;
#513 = VECTOR ( 'NONE', #884, 1000.000000000000000 ) ;
#514 = VERTEX_POINT ( 'NONE', #656 ) ;
#515 = DIRECTION ( 'NONE',  ( 0.000000000000000000, 0.000000000000000000, 1.000000000000000000 ) ) ;
#516 = VERTEX_POINT ( 'NONE', #1764 ) ;
#517 = DIRECTION ( 'NONE',  ( -0.000000000000000000, 1.000000000000000000, -0.000000000000000000 ) ) ;
#518 = FACE_BOUND ( 'NONE', #302, .T. ) ;
#519 = DIRECTION ( 'NONE',  ( -0.000000000000000000, 1.000000000000000000, -0.000000000000000000 ) ) ;
#520 = CARTESIAN_POINT ( 'NONE',  ( -23.56999999999998252, 10.00000000000000000, 153.5699999999999932 ) ) ;
#521 = ORIENTED_EDGE ( 'NONE', *, *, #567, .F. ) ;
#522 = EDGE_CURVE ( 'NONE', #1785, #1131, #1072, .T. ) ;
#523 = DIRECTION ( 'NONE',  ( -0.000000000000000000, 1.000000000000000000, 0.000000000000000000 ) ) ;
#524 = EDGE_LOOP ( 'NONE', ( #1135, #474, #1200, #232 ) ) ;
#525 = DIRECTION ( 'NONE',  ( 0.000000000000000000, 0.000000000000000000, 1.000000000000000000 ) ) ;
#526 = DIRECTION ( 'NONE',  ( -0.000000000000000000, -1.000000000000000000, -0.000000000000000000 ) ) ;
#527 = FACE_OUTER_BOUND ( 'NONE', #619, .T. ) ;
#528 = CARTESIAN_POINT ( 'NONE',  ( -64.99999999999998579, 10.00000000000000000, 77.50000000000000000 ) ) ;
#529 = AXIS2_PLACEMENT_3D ( 'NONE', #602, #998, #1276 ) ;
#530 = ORIENTED_EDGE ( 'NONE', *, *, #373, .T. ) ;
#531 = AXIS2_PLACEMENT_3D ( 'NONE', #1702, #1519, #1398 ) ;
#532 = ADVANCED_FACE ( 'NONE', ( #945 ), #935, .F. ) ;
#533 =( NAMED_UNIT ( * ) SI_UNIT ( $, .STERADIAN. ) SOLID_ANGLE_UNIT ( ) );
#534 = ORIENTED_EDGE ( 'NONE', *, *, #1693, .F. ) ;
#535 = LINE ( 'NONE', #1482, #1359 ) ;
#536 = CARTESIAN_POINT ( 'NONE',  ( 100.0000000000000426, 10.00000000000000000, 169.9999999999999432 ) ) ;
#537 = DIRECTION ( 'NONE',  ( -0.000000000000000000, 1.000000000000000000, -0.000000000000000000 ) ) ;
#538 = CARTESIAN_POINT ( 'NONE',  ( -109.9999999999999858, 10.00000000000000000, 180.0000000000000000 ) ) ;
#539 = VERTEX_POINT ( 'NONE', #1215 ) ;
#540 = AXIS2_PLACEMENT_3D ( 'NONE', #1322, #1748, #1643 ) ;
#541 = CARTESIAN_POINT ( 'NONE',  ( -100.0000000000000142, 0.000000000000000000, -60.00000000000000711 ) ) ;
#542 = CYLINDRICAL_SURFACE ( 'NONE', #571, 1.699999999999999956 ) ;
#543 = ADVANCED_FACE ( 'NONE', ( #1082 ), #1351, .F. ) ;
#544 = EDGE_CURVE ( 'NONE', #871, #505, #802, .T. ) ;
#545 = ORIENTED_EDGE ( 'NONE', *, *, #1704, .F. ) ;
#546 = CARTESIAN_POINT ( 'NONE',  ( 0.000000000000000000, 10.00000000000000000, -45.00000000000000000 ) ) ;
#547 = EDGE_CURVE ( 'NONE', #58, #968, #21, .T. ) ;
#548 = CARTESIAN_POINT ( 'NONE',  ( 3.673940397442059178E-15, 10.00000000000000000, 30.00000000000000000 ) ) ;
#549 = CARTESIAN_POINT ( 'NONE',  ( 45.00000000000000000, 10.00000000000000000, 1.699999999999842748 ) ) ;
#550 = PLANE ( 'NONE',  #817 ) ;
#551 = EDGE_LOOP ( 'NONE', ( #57, #855 ) ) ;
#552 = DIRECTION ( 'NONE',  ( -0.000000000000000000, 1.000000000000000000, -0.000000000000000000 ) ) ;
#553 = ORIENTED_EDGE ( 'NONE', *, *, #406, .T. ) ;
#554 = DIRECTION ( 'NONE',  ( -0.000000000000000000, 1.000000000000000000, -0.000000000000000000 ) ) ;
#555 = ADVANCED_FACE ( 'NONE', ( #1512 ), #267, .F. ) ;
#556 = CARTESIAN_POINT ( 'NONE',  ( 100.0000000000000000, 10.00000000000000000, 54.99999999999996447 ) ) ;
#557 = CARTESIAN_POINT ( 'NONE',  ( -14.99999999999998934, 10.00000000000000000, 80.00000000000000000 ) ) ;
#558 = VERTEX_POINT ( 'NONE', #548 ) ;
#559 = AXIS2_PLACEMENT_3D ( 'NONE', #732, #1057, #504 ) ;
#560 = CIRCLE ( 'NONE', #178, 2.199999999999993516 ) ;
#561 = CIRCLE ( 'NONE', #1570, 2.199999999999993516 ) ;
#562 = ORIENTED_EDGE ( 'NONE', *, *, #1195, .F. ) ;
#563 = CARTESIAN_POINT ( 'NONE',  ( 0.000000000000000000, 10.00000000000000000, 45.00000000000000000 ) ) ;
#564 = DIRECTION ( 'NONE',  ( -0.000000000000000000, 1.000000000000000000, 0.000000000000000000 ) ) ;
#565 = DIRECTION ( 'NONE',  ( -0.000000000000000000, 1.000000000000000000, -0.000000000000000000 ) ) ;
#566 = ADVANCED_FACE ( 'NONE', ( #1100 ), #652, .F. ) ;
#567 = EDGE_CURVE ( 'NONE', #25, #428, #138, .T. ) ;
#568 = ORIENTED_EDGE ( 'NONE', *, *, #1098, .F. ) ;
#569 = ORIENTED_EDGE ( 'NONE', *, *, #1557, .F. ) ;
#570 = AXIS2_PLACEMENT_3D ( 'NONE', #843, #728, #36 ) ;
#571 = AXIS2_PLACEMENT_3D ( 'NONE', #386, #670, #226 ) ;
#572 =( LENGTH_UNIT ( ) NAMED_UNIT ( * ) SI_UNIT ( .MILLI., .METRE. ) );
#573 = ORIENTED_EDGE ( 'NONE', *, *, #237, .T. ) ;
#574 = DIRECTION ( 'NONE',  ( 0.000000000000000000, 0.000000000000000000, 1.000000000000000000 ) ) ;
#575 = CARTESIAN_POINT ( 'NONE',  ( 104.9999999999999858, 10.00000000000000000, -70.00000000000002842 ) ) ;
#576 = DIRECTION ( 'NONE',  ( -0.000000000000000000, 1.000000000000000000, -0.000000000000000000 ) ) ;
#577 = VERTEX_POINT ( 'NONE', #1476 ) ;
#578 = EDGE_LOOP ( 'NONE', ( #784, #410 ) ) ;
#579 = CARTESIAN_POINT ( 'NONE',  ( 105.0000000000000426, 10.00000000000000000, 179.9999999999999716 ) ) ;
#580 = CARTESIAN_POINT ( 'NONE',  ( -100.0000000000000142, 10.00000000000000000, -60.00000000000000711 ) ) ;
#581 = DIRECTION ( 'NONE',  ( 0.000000000000000000, 0.000000000000000000, -1.000000000000000000 ) ) ;
#582 = ORIENTED_EDGE ( 'NONE', *, *, #634, .F. ) ;
#583 = VERTEX_POINT ( 'NONE', #1338 ) ;
#584 = AXIS2_PLACEMENT_3D ( 'NONE', #853, #1260, #1142 ) ;
#585 = DIRECTION ( 'NONE',  ( 1.000000000000000000, 0.000000000000000000, 0.000000000000000000 ) ) ;
#586 = EDGE_CURVE ( 'NONE', #768, #990, #801, .T. ) ;
#587 = ORIENTED_EDGE ( 'NONE', *, *, #1386, .F. ) ;
#588 = CIRCLE ( 'NONE', #351, 2.500000000000009326 ) ;
#589 = CARTESIAN_POINT ( 'NONE',  ( 100.0000000000000426, 0.000000000000000000, 169.9999999999999432 ) ) ;
#590 = CIRCLE ( 'NONE', #96, 1.699999999999999956 ) ;
#591 = DIRECTION ( 'NONE',  ( -0.000000000000000000, -1.000000000000000000, -0.000000000000000000 ) ) ;
#592 = CARTESIAN_POINT ( 'NONE',  ( 109.9999999999999858, 10.00000000000000000, -65.00000000000002842 ) ) ;
#593 = VERTEX_POINT ( 'NONE', #19 ) ;
#594 = ORIENTED_EDGE ( 'NONE', *, *, #1636, .F. ) ;
#595 = DIRECTION ( 'NONE',  ( 1.000000000000000000, -0.000000000000000000, -8.326672684688672081E-16 ) ) ;
#596 = EDGE_LOOP ( 'NONE', ( #840, #214, #1068, #368 ) ) ;
#597 = AXIS2_PLACEMENT_3D ( 'NONE', #1352, #1227, #648 ) ;
#598 = EDGE_CURVE ( 'NONE', #337, #726, #1364, .T. ) ;
#599 = EDGE_CURVE ( 'NONE', #1048, #829, #1308, .T. ) ;
#600 = CARTESIAN_POINT ( 'NONE',  ( 23.57000000000001805, 10.00000000000000000, 151.3699999999999761 ) ) ;
#601 = CIRCLE ( 'NONE', #335, 2.500000000000009326 ) ;
#602 = CARTESIAN_POINT ( 'NONE',  ( 65.00000000000001421, 10.00000000000000000, 77.49999999999998579 ) ) ;
#603 = CARTESIAN_POINT ( 'NONE',  ( 45.00000000000000000, 0.000000000000000000, 1.699999999999842748 ) ) ;
#604 = ORIENTED_EDGE ( 'NONE', *, *, #3, .F. ) ;
#605 = PRESENTATION_STYLE_ASSIGNMENT (( #496 ) ) ;
#606 = DIRECTION ( 'NONE',  ( -0.000000000000000000, 1.000000000000000000, -0.000000000000000000 ) ) ;
#607 = DIRECTION ( 'NONE',  ( -1.000000000000000000, 0.000000000000000000, -5.551115123125782702E-16 ) ) ;
#608 = ADVANCED_FACE ( 'NONE', ( #1335 ), #75, .F. ) ;
#609 = CYLINDRICAL_SURFACE ( 'NONE', #1371, 2.500000000000002220 ) ;
#610 = ORIENTED_EDGE ( 'NONE', *, *, #621, .T. ) ;
#611 = EDGE_LOOP ( 'NONE', ( #1218, #1615 ) ) ;
#612 = DIRECTION ( 'NONE',  ( 0.000000000000000000, 1.000000000000000000, -0.000000000000000000 ) ) ;
#613 = AXIS2_PLACEMENT_3D ( 'NONE', #980, #1391, #581 ) ;
#614 = CARTESIAN_POINT ( 'NONE',  ( -105.0000000000000142, 0.000000000000000000, -70.00000000000000000 ) ) ;
#615 = VECTOR ( 'NONE', #434, 1000.000000000000000 ) ;
#616 = DIRECTION ( 'NONE',  ( 0.000000000000000000, 0.000000000000000000, 1.000000000000000000 ) ) ;
#617 = FACE_BOUND ( 'NONE', #158, .T. ) ;
#618 = AXIS2_PLACEMENT_3D ( 'NONE', #88, #333, #199 ) ;
#619 = EDGE_LOOP ( 'NONE', ( #1589, #278, #1768, #1409 ) ) ;
#620 = ADVANCED_FACE ( 'NONE', ( #1210 ), #767, .T. ) ;
#621 = EDGE_CURVE ( 'NONE', #977, #1194, #1625, .T. ) ;
#622 = ORIENTED_EDGE ( 'NONE', *, *, #340, .T. ) ;
#623 = VERTEX_POINT ( 'NONE', #1316 ) ;
#624 = DIRECTION ( 'NONE',  ( 0.000000000000000000, 0.000000000000000000, 1.000000000000000000 ) ) ;
#625 = ORIENTED_EDGE ( 'NONE', *, *, #544, .F. ) ;
#626 = DIRECTION ( 'NONE',  ( 0.000000000000000000, 1.000000000000000000, 0.000000000000000000 ) ) ;
#627 = CLOSED_SHELL ( 'NONE', ( #1663, #921, #795, #510, #555, #54, #53, #346, #1556, #1365, #217, #165, #1457, #1128, #532, #1769, #430, #657, #365, #701, #822, #724, #1366, #963, #887, #453, #715, #133, #873, #995, #1525, #452, #608, #983, #1387, #67, #566, #543, #1714, #1261, #1328, #642, #1121, #134, #620, #942, #1318, #30, #111, #1580 ) ) ;
#628 = DIRECTION ( 'NONE',  ( 0.000000000000000000, 0.000000000000000000, 1.000000000000000000 ) ) ;
#629 = AXIS2_PLACEMENT_3D ( 'NONE', #1677, #721, #268 ) ;
#630 = DIRECTION ( 'NONE',  ( 1.000000000000000000, 0.000000000000000000, -3.491481338843137300E-15 ) ) ;
#631 = FACE_BOUND ( 'NONE', #1532, .T. ) ;
#632 = VERTEX_POINT ( 'NONE', #223 ) ;
#633 = EDGE_LOOP ( 'NONE', ( #1027, #1273, #1255, #1369 ) ) ;
#634 = EDGE_CURVE ( 'NONE', #1633, #669, #1323, .T. ) ;
#635 = LINE ( 'NONE', #1013, #11 ) ;
#636 = EDGE_LOOP ( 'NONE', ( #1470, #1105 ) ) ;
#637 = CARTESIAN_POINT ( 'NONE',  ( 23.57000000000001805, 10.00000000000000000, 155.7699999999999818 ) ) ;
#638 = EDGE_LOOP ( 'NONE', ( #1004, #1021 ) ) ;
#639 = FACE_BOUND ( 'NONE', #1543, .T. ) ;
#640 = ORIENTED_EDGE ( 'NONE', *, *, #753, .T. ) ;
#641 = DIRECTION ( 'NONE',  ( -0.000000000000000000, 1.000000000000000000, -0.000000000000000000 ) ) ;
#642 = ADVANCED_FACE ( 'NONE', ( #1199 ), #103, .F. ) ;
#643 = EDGE_CURVE ( 'NONE', #939, #449, #1357, .T. ) ;
#644 = CARTESIAN_POINT ( 'NONE',  ( -110.0000000000000142, 0.000000000000000000, -70.00000000000000000 ) ) ;
#645 = CIRCLE ( 'NONE', #500, 5.000000000000004441 ) ;
#646 = DIRECTION ( 'NONE',  ( 0.000000000000000000, 0.000000000000000000, 1.000000000000000000 ) ) ;
#647 = AXIS2_PLACEMENT_3D ( 'NONE', #672, #109, #695 ) ;
#648 = DIRECTION ( 'NONE',  ( 0.000000000000000000, 0.000000000000000000, 1.000000000000000000 ) ) ;
#649 = FACE_BOUND ( 'NONE', #1176, .T. ) ;
#650 = AXIS2_PLACEMENT_3D ( 'NONE', #1164, #476, #59 ) ;
#651 = ORIENTED_EDGE ( 'NONE', *, *, #1650, .T. ) ;
#652 = CYLINDRICAL_SURFACE ( 'NONE', #1062, 2.500000000000009326 ) ;
#653 = LINE ( 'NONE', #394, #791 ) ;
#654 = ORIENTED_EDGE ( 'NONE', *, *, #1272, .T. ) ;
#655 = DIRECTION ( 'NONE',  ( 0.000000000000000000, 1.000000000000000000, 0.000000000000000000 ) ) ;
#656 = CARTESIAN_POINT ( 'NONE',  ( 100.0000000000000000, 10.00000000000000000, 57.49999999999995737 ) ) ;
#657 = ADVANCED_FACE ( 'NONE', ( #790, #639, #458, #631, #659, #353, #781, #372, #447, #649, #1066, #1011, #1179, #1280, #1002, #1750, #1189, #1148, #492 ), #512, .F. ) ;
#658 = CYLINDRICAL_SURFACE ( 'NONE', #76, 5.000000000000004441 ) ;
#659 = FACE_BOUND ( 'NONE', #578, .T. ) ;
#660 = CIRCLE ( 'NONE', #1669, 20.00000000000001776 ) ;
#661 = VERTEX_POINT ( 'NONE', #313 ) ;
#662 = CARTESIAN_POINT ( 'NONE',  ( 0.000000000000000000, 0.000000000000000000, 45.00000000000000000 ) ) ;
#663 = ORIENTED_EDGE ( 'NONE', *, *, #237, .F. ) ;
#664 = DIRECTION ( 'NONE',  ( 0.000000000000000000, 0.000000000000000000, 1.000000000000000000 ) ) ;
#665 = DIRECTION ( 'NONE',  ( 1.000000000000000000, 0.000000000000000000, -8.326672684688675039E-16 ) ) ;
#666 = CARTESIAN_POINT ( 'NONE',  ( 109.9999999999999858, 10.00000000000000000, -65.00000000000002842 ) ) ;
#667 = DIRECTION ( 'NONE',  ( 0.000000000000000000, 0.000000000000000000, 1.000000000000000000 ) ) ;
#668 = EDGE_CURVE ( 'NONE', #312, #950, #928, .T. ) ;
#669 = VERTEX_POINT ( 'NONE', #215 ) ;
#670 = DIRECTION ( 'NONE',  ( 0.000000000000000000, 1.000000000000000000, -0.000000000000000000 ) ) ;
#671 = ORIENTED_EDGE ( 'NONE', *, *, #1759, .T. ) ;
#672 = CARTESIAN_POINT ( 'NONE',  ( -104.9999999999999858, 0.000000000000000000, 175.0000000000000000 ) ) ;
#673 = DIRECTION ( 'NONE',  ( -0.000000000000000000, 1.000000000000000000, -0.000000000000000000 ) ) ;
#674 = CYLINDRICAL_SURFACE ( 'NONE', #307, 2.200000000000007283 ) ;
#675 = AXIS2_PLACEMENT_3D ( 'NONE', #947, #113, #954 ) ;
#676 = DIRECTION ( 'NONE',  ( 0.000000000000000000, 0.000000000000000000, 1.000000000000000000 ) ) ;
#677 = AXIS2_PLACEMENT_3D ( 'NONE', #1614, #1560, #1456 ) ;
#678 = ORIENTED_EDGE ( 'NONE', *, *, #1492, .F. ) ;
#679 = EDGE_CURVE ( 'NONE', #50, #330, #1325, .T. ) ;
#680 = VECTOR ( 'NONE', #1242, 1000.000000000000000 ) ;
#681 = AXIS2_PLACEMENT_3D ( 'NONE', #1708, #760, #624 ) ;
#682 = DIRECTION ( 'NONE',  ( 0.000000000000000000, 0.000000000000000000, 1.000000000000000000 ) ) ;
#683 = DIRECTION ( 'NONE',  ( 0.000000000000000000, 1.000000000000000000, 0.000000000000000000 ) ) ;
#684 = EDGE_LOOP ( 'NONE', ( #568, #1542, #1349, #582 ) ) ;
#685 = CARTESIAN_POINT ( 'NONE',  ( 1.592040838891559450E-14, 0.000000000000000000, 109.9999999999999858 ) ) ;
#686 = DIRECTION ( 'NONE',  ( -0.000000000000000000, 1.000000000000000000, 0.000000000000000000 ) ) ;
#687 = DIRECTION ( 'NONE',  ( -0.000000000000000000, 1.000000000000000000, -0.000000000000000000 ) ) ;
#688 = DIRECTION ( 'NONE',  ( 2.220446049250313081E-16, 0.000000000000000000, 1.000000000000000000 ) ) ;
#689 = VECTOR ( 'NONE', #687, 1000.000000000000000 ) ;
#690 = ORIENTED_EDGE ( 'NONE', *, *, #1344, .T. ) ;
#691 = AXIS2_PLACEMENT_3D ( 'NONE', #257, #952, #1187 ) ;
#692 = CARTESIAN_POINT ( 'NONE',  ( -45.00000000000000000, 10.00000000000000000, 1.700000000000471356 ) ) ;
#693 = EDGE_CURVE ( 'NONE', #291, #58, #322, .T. ) ;
#694 = EDGE_LOOP ( 'NONE', ( #463, #1403 ) ) ;
#695 = DIRECTION ( 'NONE',  ( 0.000000000000000000, 0.000000000000000000, 1.000000000000000000 ) ) ;
#696 = FACE_OUTER_BOUND ( 'NONE', #1043, .T. ) ;
#697 = DIRECTION ( 'NONE',  ( 0.000000000000000000, 0.000000000000000000, 1.000000000000000000 ) ) ;
#698 = ORIENTED_EDGE ( 'NONE', *, *, #1377, .T. ) ;
#699 = CARTESIAN_POINT ( 'NONE',  ( -23.56999999999998607, 0.000000000000000000, 106.4299999999999926 ) ) ;
#700 = ORIENTED_EDGE ( 'NONE', *, *, #1262, .F. ) ;
#701 = ADVANCED_FACE ( 'NONE', ( #204 ), #1074, .F. ) ;
#702 = DIRECTION ( 'NONE',  ( -0.000000000000000000, 1.000000000000000000, -0.000000000000000000 ) ) ;
#703 = CARTESIAN_POINT ( 'NONE',  ( 109.9999999999999858, 0.000000000000000000, -70.00000000000002842 ) ) ;
#704 = CARTESIAN_POINT ( 'NONE',  ( 65.00000000000001421, 10.00000000000000000, 80.00000000000000000 ) ) ;
#705 = ORIENTED_EDGE ( 'NONE', *, *, #1693, .T. ) ;
#706 = AXIS2_PLACEMENT_3D ( 'NONE', #1134, #1285, #309 ) ;
#707 = EDGE_LOOP ( 'NONE', ( #1447, #433, #1618, #135 ) ) ;
#708 = AXIS2_PLACEMENT_3D ( 'NONE', #128, #655, #44 ) ;
#709 = CARTESIAN_POINT ( 'NONE',  ( -14.99999999999999112, 0.000000000000000000, 77.49999999999995737 ) ) ;
#710 = CIRCLE ( 'NONE', #681, 30.00000000000000000 ) ;
#711 = VERTEX_POINT ( 'NONE', #1758 ) ;
#712 = DIRECTION ( 'NONE',  ( -0.000000000000000000, 1.000000000000000000, -0.000000000000000000 ) ) ;
#713 = DIRECTION ( 'NONE',  ( 0.000000000000000000, 0.000000000000000000, 1.000000000000000000 ) ) ;
#714 = CARTESIAN_POINT ( 'NONE',  ( 99.99999999999998579, 0.000000000000000000, -60.00000000000003553 ) ) ;
#715 = ADVANCED_FACE ( 'NONE', ( #1094 ), #253, .F. ) ;
#716 = ORIENTED_EDGE ( 'NONE', *, *, #1327, .T. ) ;
#717 = AXIS2_PLACEMENT_3D ( 'NONE', #1389, #12, #170 ) ;
#718 = AXIS2_PLACEMENT_3D ( 'NONE', #779, #1642, #1462 ) ;
#719 = EDGE_LOOP ( 'NONE', ( #1095, #467, #1114, #444 ) ) ;
#720 = DIRECTION ( 'NONE',  ( 0.000000000000000000, 1.000000000000000000, 0.000000000000000000 ) ) ;
#721 = DIRECTION ( 'NONE',  ( -0.000000000000000000, 1.000000000000000000, -0.000000000000000000 ) ) ;
#722 = CYLINDRICAL_SURFACE ( 'NONE', #584, 2.500000000000002220 ) ;
#723 = ORIENTED_EDGE ( 'NONE', *, *, #340, .F. ) ;
#724 = ADVANCED_FACE ( 'NONE', ( #1644 ), #142, .F. ) ;
#725 = DIRECTION ( 'NONE',  ( 1.000000000000000000, 0.000000000000000000, 5.551115123125782702E-16 ) ) ;
#726 = VERTEX_POINT ( 'NONE', #131 ) ;
#727 = DIRECTION ( 'NONE',  ( 0.000000000000000000, 0.000000000000000000, 1.000000000000000000 ) ) ;
#728 = DIRECTION ( 'NONE',  ( 0.000000000000000000, 1.000000000000000000, 0.000000000000000000 ) ) ;
#729 = CARTESIAN_POINT ( 'NONE',  ( 99.99999999999998579, 10.00000000000000000, -57.50000000000002132 ) ) ;
#730 = EDGE_LOOP ( 'NONE', ( #1664, #948, #868, #1061 ) ) ;
#731 = EDGE_CURVE ( 'NONE', #81, #1785, #64, .T. ) ;
#732 = CARTESIAN_POINT ( 'NONE',  ( -104.9999999999999858, 10.00000000000000000, 175.0000000000000000 ) ) ;
#733 = AXIS2_PLACEMENT_3D ( 'NONE', #828, #1362, #697 ) ;
#734 = ORIENTED_EDGE ( 'NONE', *, *, #1152, .T. ) ;
#735 = AXIS2_PLACEMENT_3D ( 'NONE', #1493, #554, #951 ) ;
#736 = EDGE_CURVE ( 'NONE', #86, #172, #786, .T. ) ;
#737 = FACE_OUTER_BOUND ( 'NONE', #913, .T. ) ;
#738 = AXIS2_PLACEMENT_3D ( 'NONE', #1258, #1683, #1534 ) ;
#739 = CARTESIAN_POINT ( 'NONE',  ( 99.99999999999998579, 10.00000000000000000, -60.00000000000003553 ) ) ;
#740 = CARTESIAN_POINT ( 'NONE',  ( 65.00000000000001421, 0.000000000000000000, 82.49999999999998579 ) ) ;
#741 = UNCERTAINTY_MEASURE_WITH_UNIT (LENGTH_MEASURE( 1.000000000000000082E-05 ), #572, 'distance_accuracy_value', 'NONE');
#742 = VERTEX_POINT ( 'NONE', #243 ) ;
#743 = AXIS2_PLACEMENT_3D ( 'NONE', #376, #931, #1221 ) ;
#744 = ORIENTED_EDGE ( 'NONE', *, *, #1420, .T. ) ;
#745 = AXIS2_PLACEMENT_3D ( 'NONE', #1454, #774, #1315 ) ;
#746 = CYLINDRICAL_SURFACE ( 'NONE', #1023, 1.699999999999999956 ) ;
#747 = VECTOR ( 'NONE', #363, 1000.000000000000000 ) ;
#748 = CARTESIAN_POINT ( 'NONE',  ( -23.56999999999998607, 0.000000000000000000, 106.4299999999999926 ) ) ;
#749 = CYLINDRICAL_SURFACE ( 'NONE', #1520, 2.500000000000002220 ) ;
#750 = EDGE_LOOP ( 'NONE', ( #1675, #456 ) ) ;
#751 = ORIENTED_EDGE ( 'NONE', *, *, #270, .F. ) ;
#752 = DIRECTION ( 'NONE',  ( 0.000000000000000000, 0.000000000000000000, 1.000000000000000000 ) ) ;
#753 = EDGE_CURVE ( 'NONE', #1347, #1222, #645, .T. ) ;
#754 = EDGE_CURVE ( 'NONE', #1070, #632, #1661, .T. ) ;
#755 = DIRECTION ( 'NONE',  ( 1.110223024625156540E-16, 0.000000000000000000, 1.000000000000000000 ) ) ;
#756 = FACE_BOUND ( 'NONE', #638, .T. ) ;
#757 = DIRECTION ( 'NONE',  ( 0.000000000000000000, 1.000000000000000000, 0.000000000000000000 ) ) ;
#758 = VERTEX_POINT ( 'NONE', #818 ) ;
#759 = EDGE_LOOP ( 'NONE', ( #17, #1610, #1149, #15 ) ) ;
#760 = DIRECTION ( 'NONE',  ( 0.000000000000000000, 1.000000000000000000, 0.000000000000000000 ) ) ;
#761 = VECTOR ( 'NONE', #595, 1000.000000000000000 ) ;
#762 = DIRECTION ( 'NONE',  ( 0.000000000000000000, 0.000000000000000000, 1.000000000000000000 ) ) ;
#763 = VECTOR ( 'NONE', #176, 1000.000000000000000 ) ;
#764 = LINE ( 'NONE', #644, #1509 ) ;
#765 = PRESENTATION_LAYER_ASSIGNMENT (  '', '', ( #180 ) ) ;
#766 = DIRECTION ( 'NONE',  ( -1.000000000000000000, 0.000000000000000000, 8.326672684688672081E-16 ) ) ;
#767 = CYLINDRICAL_SURFACE ( 'NONE', #559, 5.000000000000004441 ) ;
#768 = VERTEX_POINT ( 'NONE', #269 ) ;
#769 = ORIENTED_EDGE ( 'NONE', *, *, #2, .F. ) ;
#770 = DIRECTION ( 'NONE',  ( 0.000000000000000000, 0.000000000000000000, 1.000000000000000000 ) ) ;
#771 = ORIENTED_EDGE ( 'NONE', *, *, #1624, .T. ) ;
#772 = VECTOR ( 'NONE', #27, 1000.000000000000000 ) ;
#773 = CARTESIAN_POINT ( 'NONE',  ( 0.000000000000000000, 10.00000000000000000, -30.00000000000000000 ) ) ;
#774 = DIRECTION ( 'NONE',  ( 0.000000000000000000, 1.000000000000000000, 0.000000000000000000 ) ) ;
#775 = DIRECTION ( 'NONE',  ( -0.000000000000000000, 1.000000000000000000, -0.000000000000000000 ) ) ;
#776 = EDGE_LOOP ( 'NONE', ( #1076, #65 ) ) ;
#777 = EDGE_CURVE ( 'NONE', #514, #206, #1770, .T. ) ;
#778 = DIRECTION ( 'NONE',  ( 0.000000000000000000, 1.000000000000000000, 0.000000000000000000 ) ) ;
#779 = CARTESIAN_POINT ( 'NONE',  ( 0.000000000000000000, 10.00000000000000000, 0.000000000000000000 ) ) ;
#780 = FACE_OUTER_BOUND ( 'NONE', #1414, .T. ) ;
#781 = FACE_BOUND ( 'NONE', #1163, .T. ) ;
#782 = ORIENTED_EDGE ( 'NONE', *, *, #3, .T. ) ;
#783 = DIRECTION ( 'NONE',  ( -0.000000000000000000, -1.000000000000000000, -0.000000000000000000 ) ) ;
#784 = ORIENTED_EDGE ( 'NONE', *, *, #1077, .T. ) ;
#785 = CARTESIAN_POINT ( 'NONE',  ( 99.99999999999998579, 0.000000000000000000, -60.00000000000003553 ) ) ;
#786 = CIRCLE ( 'NONE', #350, 2.500000000000043965 ) ;
#787 = CYLINDRICAL_SURFACE ( 'NONE', #189, 1.700000000000000178 ) ;
#788 = CIRCLE ( 'NONE', #1449, 2.500000000000009326 ) ;
#789 = DIRECTION ( 'NONE',  ( -0.000000000000000000, -1.000000000000000000, -0.000000000000000000 ) ) ;
#790 = FACE_BOUND ( 'NONE', #484, .T. ) ;
#791 = VECTOR ( 'NONE', #1646, 1000.000000000000000 ) ;
#792 = VERTEX_POINT ( 'NONE', #962 ) ;
#793 = DIRECTION ( 'NONE',  ( 0.000000000000000000, 0.000000000000000000, 1.000000000000000000 ) ) ;
#794 = ORIENTED_EDGE ( 'NONE', *, *, #1662, .T. ) ;
#795 = ADVANCED_FACE ( 'NONE', ( #1766 ), #938, .F. ) ;
#796 = LINE ( 'NONE', #1091, #1392 ) ;
#797 = DIRECTION ( 'NONE',  ( -0.000000000000000000, -1.000000000000000000, -0.000000000000000000 ) ) ;
#798 = VECTOR ( 'NONE', #953, 1000.000000000000000 ) ;
#799 = CARTESIAN_POINT ( 'NONE',  ( 110.0000000000000426, 0.000000000000000000, 174.9999999999999716 ) ) ;
#800 = DIRECTION ( 'NONE',  ( 0.000000000000000000, 0.000000000000000000, -1.000000000000000000 ) ) ;
#801 = LINE ( 'NONE', #1435, #513 ) ;
#802 = CIRCLE ( 'NONE', #1402, 2.500000000000002220 ) ;
#803 = ORIENTED_EDGE ( 'NONE', *, *, #522, .F. ) ;
#804 = DIRECTION ( 'NONE',  ( 0.000000000000000000, 0.000000000000000000, 1.000000000000000000 ) ) ;
#805 = EDGE_LOOP ( 'NONE', ( #344, #208 ) ) ;
#806 = DIRECTION ( 'NONE',  ( 0.000000000000000000, 0.000000000000000000, 1.000000000000000000 ) ) ;
#807 = CARTESIAN_POINT ( 'NONE',  ( 1.592040838891559450E-14, 10.00000000000000000, 130.0000000000000000 ) ) ;
#808 = EDGE_CURVE ( 'NONE', #1376, #1024, #93, .T. ) ;
#809 = EDGE_CURVE ( 'NONE', #813, #487, #1045, .T. ) ;
#810 = DIRECTION ( 'NONE',  ( 0.000000000000000000, 0.000000000000000000, -1.000000000000000000 ) ) ;
#811 = DIRECTION ( 'NONE',  ( 0.000000000000000000, 0.000000000000000000, -1.000000000000000000 ) ) ;
#812 = EDGE_LOOP ( 'NONE', ( #24, #910, #1089, #771 ) ) ;
#813 = VERTEX_POINT ( 'NONE', #528 ) ;
#814 = CARTESIAN_POINT ( 'NONE',  ( 45.00000000000000000, 10.00000000000000000, -1.571166602479409884E-13 ) ) ;
#815 = CARTESIAN_POINT ( 'NONE',  ( -100.0000000000000142, 0.000000000000000000, 52.49999999999998579 ) ) ;
#816 = LINE ( 'NONE', #112, #798 ) ;
#817 = AXIS2_PLACEMENT_3D ( 'NONE', #1789, #1085, #688 ) ;
#818 = CARTESIAN_POINT ( 'NONE',  ( -100.0000000000000142, 10.00000000000000000, -57.49999999999999289 ) ) ;
#819 = AXIS2_PLACEMENT_3D ( 'NONE', #1232, #1641, #525 ) ;
#820 = EDGE_LOOP ( 'NONE', ( #1289, #1383, #1724, #1317 ) ) ;
#821 = AXIS2_PLACEMENT_3D ( 'NONE', #1415, #978, #1248 ) ;
#822 = ADVANCED_FACE ( 'NONE', ( #1346 ), #550, .F. ) ;
#823 = CARTESIAN_POINT ( 'NONE',  ( -110.0000000000000142, 10.00000000000000000, -65.00000000000000000 ) ) ;
#824 = VERTEX_POINT ( 'NONE', #1236 ) ;
#825 = CYLINDRICAL_SURFACE ( 'NONE', #735, 2.500000000000002220 ) ;
#826 = DIRECTION ( 'NONE',  ( 0.000000000000000000, 0.000000000000000000, 1.000000000000000000 ) ) ;
#827 = LINE ( 'NONE', #1133, #482 ) ;
#828 = CARTESIAN_POINT ( 'NONE',  ( -64.99999999999998579, 10.00000000000000000, 80.00000000000001421 ) ) ;
#829 = VERTEX_POINT ( 'NONE', #1102 ) ;
#830 = CIRCLE ( 'NONE', #915, 2.199999999999993516 ) ;
#831 = PRODUCT_DEFINITION ( 'UNKNOWN', '', #242, #481 ) ;
#832 = DIRECTION ( 'NONE',  ( 0.000000000000000000, 0.000000000000000000, 1.000000000000000000 ) ) ;
#833 = ORIENTED_EDGE ( 'NONE', *, *, #808, .T. ) ;
#834 = DIRECTION ( 'NONE',  ( 0.000000000000000000, 1.000000000000000000, 0.000000000000000000 ) ) ;
#835 = DIRECTION ( 'NONE',  ( 0.000000000000000000, 0.000000000000000000, 1.000000000000000000 ) ) ;
#836 = DIRECTION ( 'NONE',  ( -0.000000000000000000, 1.000000000000000000, 0.000000000000000000 ) ) ;
#837 = ORIENTED_EDGE ( 'NONE', *, *, #251, .F. ) ;
#838 = VERTEX_POINT ( 'NONE', #409 ) ;
#839 = DIRECTION ( 'NONE',  ( -0.000000000000000000, 1.000000000000000000, -0.000000000000000000 ) ) ;
#840 = ORIENTED_EDGE ( 'NONE', *, *, #285, .F. ) ;
#841 = CARTESIAN_POINT ( 'NONE',  ( 23.57000000000001805, 10.00000000000000000, 151.3699999999999761 ) ) ;
#842 = EDGE_CURVE ( 'NONE', #1024, #1385, #418, .T. ) ;
#843 = CARTESIAN_POINT ( 'NONE',  ( -45.00000000000000000, 0.000000000000000000, 4.713499807438230156E-13 ) ) ;
#844 = CARTESIAN_POINT ( 'NONE',  ( -23.56999999999998252, 0.000000000000000000, 153.5699999999999932 ) ) ;
#845 = VERTEX_POINT ( 'NONE', #1244 ) ;
#846 = AXIS2_PLACEMENT_3D ( 'NONE', #85, #1551, #1592 ) ;
#847 = CIRCLE ( 'NONE', #502, 1.700000000000000178 ) ;
#848 = CIRCLE ( 'NONE', #299, 1.700000000000000178 ) ;
#849 = ORIENTED_EDGE ( 'NONE', *, *, #1704, .T. ) ;
#850 = DIRECTION ( 'NONE',  ( 0.000000000000000000, 0.000000000000000000, 1.000000000000000000 ) ) ;
#851 = EDGE_CURVE ( 'NONE', #471, #977, #6, .T. ) ;
#852 = DIRECTION ( 'NONE',  ( -0.000000000000000000, 1.000000000000000000, 0.000000000000000000 ) ) ;
#853 = CARTESIAN_POINT ( 'NONE',  ( -64.99999999999998579, 10.00000000000000000, 80.00000000000001421 ) ) ;
#854 = AXIS2_PLACEMENT_3D ( 'NONE', #1413, #284, #585 ) ;
#855 = ORIENTED_EDGE ( 'NONE', *, *, #1281, .F. ) ;
#856 = ORIENTED_EDGE ( 'NONE', *, *, #1208, .F. ) ;
#857 = CIRCLE ( 'NONE', #597, 5.000000000000004441 ) ;
#858 = DIRECTION ( 'NONE',  ( 0.000000000000000000, 1.000000000000000000, 0.000000000000000000 ) ) ;
#859 = AXIS2_PLACEMENT_3D ( 'NONE', #556, #1108, #835 ) ;
#860 = EDGE_LOOP ( 'NONE', ( #769, #1561, #1516, #837 ) ) ;
#861 = CARTESIAN_POINT ( 'NONE',  ( 23.57000000000001450, 0.000000000000000000, 106.4299999999999926 ) ) ;
#862 = DIRECTION ( 'NONE',  ( -0.000000000000000000, -1.000000000000000000, -0.000000000000000000 ) ) ;
#863 = FACE_OUTER_BOUND ( 'NONE', #1340, .T. ) ;
#864 = EDGE_CURVE ( 'NONE', #768, #224, #972, .T. ) ;
#865 = EDGE_CURVE ( 'NONE', #383, #968, #1538, .T. ) ;
#866 = EDGE_LOOP ( 'NONE', ( #751, #1645, #521, #1161 ) ) ;
#867 = DIRECTION ( 'NONE',  ( 0.000000000000000000, 1.000000000000000000, 0.000000000000000000 ) ) ;
#868 = ORIENTED_EDGE ( 'NONE', *, *, #994, .T. ) ;
#869 = DIRECTION ( 'NONE',  ( 0.000000000000000000, 0.000000000000000000, -1.000000000000000000 ) ) ;
#870 = CYLINDRICAL_SURFACE ( 'NONE', #706, 20.00000000000001776 ) ;
#871 = VERTEX_POINT ( 'NONE', #1548 ) ;
#872 = VERTEX_POINT ( 'NONE', #164 ) ;
#873 = ADVANCED_FACE ( 'NONE', ( #301 ), #722, .F. ) ;
#874 = CARTESIAN_POINT ( 'NONE',  ( 99.99999999999998579, 0.000000000000000000, -62.50000000000004263 ) ) ;
#875 = AXIS2_PLACEMENT_3D ( 'NONE', #1126, #565, #1270 ) ;
#876 = ORIENTED_EDGE ( 'NONE', *, *, #1067, .T. ) ;
#877 = CIRCLE ( 'NONE', #819, 2.200000000000007283 ) ;
#878 = CARTESIAN_POINT ( 'NONE',  ( -64.99999999999998579, 10.00000000000000000, 77.50000000000000000 ) ) ;
#879 = CIRCLE ( 'NONE', #39, 2.500000000000043965 ) ;
#880 = ORIENTED_EDGE ( 'NONE', *, *, #1240, .F. ) ;
#881 = CARTESIAN_POINT ( 'NONE',  ( -23.56999999999998607, 10.00000000000000000, 106.4299999999999926 ) ) ;
#882 = FACE_BOUND ( 'NONE', #1363, .T. ) ;
#883 = ORIENTED_EDGE ( 'NONE', *, *, #964, .F. ) ;
#884 = DIRECTION ( 'NONE',  ( -2.220446049250313081E-16, -0.000000000000000000, -1.000000000000000000 ) ) ;
#885 = ORIENTED_EDGE ( 'NONE', *, *, #173, .T. ) ;
#886 = EDGE_CURVE ( 'NONE', #950, #161, #1593, .T. ) ;
#887 = ADVANCED_FACE ( 'NONE', ( #327 ), #455, .F. ) ;
#888 = ORIENTED_EDGE ( 'NONE', *, *, #407, .T. ) ;
#889 = AXIS2_PLACEMENT_3D ( 'NONE', #899, #203, #766 ) ;
#890 = CARTESIAN_POINT ( 'NONE',  ( 15.00000000000001066, 10.00000000000000000, 80.00000000000000000 ) ) ;
#891 = AXIS2_PLACEMENT_3D ( 'NONE', #389, #1197, #1747 ) ;
#892 = DIRECTION ( 'NONE',  ( 0.000000000000000000, 0.000000000000000000, -1.000000000000000000 ) ) ;
#893 = DIRECTION ( 'NONE',  ( -0.000000000000000000, 1.000000000000000000, -0.000000000000000000 ) ) ;
#894 = APPLICATION_CONTEXT ( 'automotive_design' ) ;
#895 = ORIENTED_EDGE ( 'NONE', *, *, #2, .T. ) ;
#896 = EDGE_LOOP ( 'NONE', ( #1397, #1445, #1673, #255 ) ) ;
#897 = DIRECTION ( 'NONE',  ( -0.000000000000000000, 1.000000000000000000, 0.000000000000000000 ) ) ;
#898 = DIRECTION ( 'NONE',  ( -0.000000000000000000, 1.000000000000000000, 0.000000000000000000 ) ) ;
#899 = CARTESIAN_POINT ( 'NONE',  ( 65.00000000000001421, 10.00000000000000000, 82.49999999999998579 ) ) ;
#900 = VERTEX_POINT ( 'NONE', #188 ) ;
#901 = VERTEX_POINT ( 'NONE', #1251 ) ;
#902 = VECTOR ( 'NONE', #1563, 1000.000000000000000 ) ;
#903 = DIRECTION ( 'NONE',  ( 0.000000000000000000, 1.000000000000000000, -0.000000000000000000 ) ) ;
#904 = AXIS2_PLACEMENT_3D ( 'NONE', #249, #397, #100 ) ;
#905 = ORIENTED_EDGE ( 'NONE', *, *, #754, .T. ) ;
#906 = VECTOR ( 'NONE', #1099, 1000.000000000000000 ) ;
#907 = DIRECTION ( 'NONE',  ( 0.000000000000000000, 0.000000000000000000, -1.000000000000000000 ) ) ;
#908 = CIRCLE ( 'NONE', #1717, 2.199999999999993516 ) ;
#909 = EDGE_CURVE ( 'NONE', #428, #244, #13, .T. ) ;
#910 = ORIENTED_EDGE ( 'NONE', *, *, #679, .F. ) ;
#911 = CARTESIAN_POINT ( 'NONE',  ( -100.0000000000000142, 0.000000000000000000, 57.50000000000000000 ) ) ;
#912 = ORIENTED_EDGE ( 'NONE', *, *, #1441, .F. ) ;
#913 = EDGE_LOOP ( 'NONE', ( #1508, #143, #744, #876 ) ) ;
#914 = CIRCLE ( 'NONE', #1783, 4.999999999999997335 ) ;
#915 = AXIS2_PLACEMENT_3D ( 'NONE', #82, #626, #454 ) ;
#916 = DIRECTION ( 'NONE',  ( 0.000000000000000000, 0.000000000000000000, 1.000000000000000000 ) ) ;
#917 = DIRECTION ( 'NONE',  ( 8.326672684688675039E-16, -0.000000000000000000, 1.000000000000000000 ) ) ;
#918 = CARTESIAN_POINT ( 'NONE',  ( 104.9999999999999858, 10.00000000000000000, -65.00000000000002842 ) ) ;
#919 = DIRECTION ( 'NONE',  ( 0.000000000000000000, 1.000000000000000000, 0.000000000000000000 ) ) ;
#920 = EDGE_CURVE ( 'NONE', #337, #900, #411, .T. ) ;
#921 = ADVANCED_FACE ( 'NONE', ( #1007 ), #289, .F. ) ;
#922 = ORIENTED_EDGE ( 'NONE', *, *, #1344, .F. ) ;
#923 = DIRECTION ( 'NONE',  ( 0.000000000000000000, 1.000000000000000000, 0.000000000000000000 ) ) ;
#924 = ORIENTED_EDGE ( 'NONE', *, *, #1050, .T. ) ;
#925 = CARTESIAN_POINT ( 'NONE',  ( -100.0000000000000142, 0.000000000000000000, -62.50000000000001421 ) ) ;
#926 = FACE_BOUND ( 'NONE', #1155, .T. ) ;
#927 = DIRECTION ( 'NONE',  ( 0.000000000000000000, 0.000000000000000000, 1.000000000000000000 ) ) ;
#928 = LINE ( 'NONE', #1474, #761 ) ;
#929 = VERTEX_POINT ( 'NONE', #443 ) ;
#930 = EDGE_CURVE ( 'NONE', #1572, #206, #1555, .T. ) ;
#931 = DIRECTION ( 'NONE',  ( 0.000000000000000000, 1.000000000000000000, 0.000000000000000000 ) ) ;
#932 = ORIENTED_EDGE ( 'NONE', *, *, #851, .F. ) ;
#933 = CARTESIAN_POINT ( 'NONE',  ( -23.56999999999998252, 0.000000000000000000, 155.7699999999999818 ) ) ;
#934 = CIRCLE ( 'NONE', #263, 2.500000000000002220 ) ;
#935 = CYLINDRICAL_SURFACE ( 'NONE', #48, 20.00000000000001776 ) ;
#936 = AXIS2_PLACEMENT_3D ( 'NONE', #563, #460, #850 ) ;
#937 = DIRECTION ( 'NONE',  ( -0.000000000000000000, -1.000000000000000000, -0.000000000000000000 ) ) ;
#938 = CYLINDRICAL_SURFACE ( 'NONE', #1684, 1.699999999999999956 ) ;
#939 = VERTEX_POINT ( 'NONE', #28 ) ;
#940 = CARTESIAN_POINT ( 'NONE',  ( 45.00000000000000000, 0.000000000000000000, -1.571166602479409884E-13 ) ) ;
#941 = EDGE_CURVE ( 'NONE', #286, #1131, #961, .T. ) ;
#942 = ADVANCED_FACE ( 'NONE', ( #427 ), #1416, .T. ) ;
#943 = ORIENTED_EDGE ( 'NONE', *, *, #668, .T. ) ;
#944 = LINE ( 'NONE', #1619, #1595 ) ;
#945 = FACE_OUTER_BOUND ( 'NONE', #759, .T. ) ;
#946 = DIRECTION ( 'NONE',  ( 0.000000000000000000, 0.000000000000000000, 1.000000000000000000 ) ) ;
#947 = CARTESIAN_POINT ( 'NONE',  ( -110.0000000000000142, 10.00000000000000000, -70.00000000000000000 ) ) ;
#948 = ORIENTED_EDGE ( 'NONE', *, *, #296, .F. ) ;
#949 = DIRECTION ( 'NONE',  ( 0.000000000000000000, 1.000000000000000000, 0.000000000000000000 ) ) ;
#950 = VERTEX_POINT ( 'NONE', #740 ) ;
#951 = DIRECTION ( 'NONE',  ( 0.000000000000000000, 0.000000000000000000, 1.000000000000000000 ) ) ;
#952 = DIRECTION ( 'NONE',  ( 0.000000000000000000, 1.000000000000000000, 0.000000000000000000 ) ) ;
#953 = DIRECTION ( 'NONE',  ( -0.000000000000000000, -1.000000000000000000, -0.000000000000000000 ) ) ;
#954 = DIRECTION ( 'NONE',  ( 1.000000000000000000, 0.000000000000000000, -1.261617073437677999E-16 ) ) ;
#955 = ORIENTED_EDGE ( 'NONE', *, *, #87, .T. ) ;
#956 = CARTESIAN_POINT ( 'NONE',  ( -109.9999999999999858, 0.000000000000000000, 180.0000000000000000 ) ) ;
#957 = VERTEX_POINT ( 'NONE', #317 ) ;
#958 = DIRECTION ( 'NONE',  ( 0.000000000000000000, 1.000000000000000000, 0.000000000000000000 ) ) ;
#959 = DIRECTION ( 'NONE',  ( 0.000000000000000000, 0.000000000000000000, 1.000000000000000000 ) ) ;
#960 = LINE ( 'NONE', #703, #1695 ) ;
#961 = CIRCLE ( 'NONE', #1224, 2.200000000000007283 ) ;
#962 = CARTESIAN_POINT ( 'NONE',  ( -45.00000000000000000, 0.000000000000000000, -1.699999999999528555 ) ) ;
#963 = ADVANCED_FACE ( 'NONE', ( #863 ), #870, .F. ) ;
#964 = EDGE_CURVE ( 'NONE', #291, #383, #177, .T. ) ;
#965 = CIRCLE ( 'NONE', #1688, 1.699999999999999956 ) ;
#966 = ORIENTED_EDGE ( 'NONE', *, *, #1017, .T. ) ;
#967 = AXIS2_PLACEMENT_3D ( 'NONE', #209, #1191, #339 ) ;
#968 = VERTEX_POINT ( 'NONE', #729 ) ;
#969 = LINE ( 'NONE', #140, #384 ) ;
#970 = CIRCLE ( 'NONE', #999, 2.500000000000043965 ) ;
#971 = LINE ( 'NONE', #280, #1029 ) ;
#972 = LINE ( 'NONE', #1523, #902 ) ;
#973 = EDGE_LOOP ( 'NONE', ( #553, #1429 ) ) ;
#974 = AXIS2_PLACEMENT_3D ( 'NONE', #1472, #917, #665 ) ;
#975 = ORIENTED_EDGE ( 'NONE', *, *, #275, .F. ) ;
#976 = DIRECTION ( 'NONE',  ( -0.000000000000000000, -1.000000000000000000, -0.000000000000000000 ) ) ;
#977 = VERTEX_POINT ( 'NONE', #436 ) ;
#978 = DIRECTION ( 'NONE',  ( -0.000000000000000000, -1.000000000000000000, -0.000000000000000000 ) ) ;
#979 = CARTESIAN_POINT ( 'NONE',  ( -23.56999999999998252, 0.000000000000000000, 151.3699999999999761 ) ) ;
#980 = CARTESIAN_POINT ( 'NONE',  ( -105.0000000000000142, 10.00000000000000000, -65.00000000000000000 ) ) ;
#981 = ORIENTED_EDGE ( 'NONE', *, *, #1692, .T. ) ;
#982 =( NAMED_UNIT ( * ) PLANE_ANGLE_UNIT ( ) SI_UNIT ( $, .RADIAN. ) );
#983 = ADVANCED_FACE ( 'NONE', ( #47 ), #987, .T. ) ;
#984 = VERTEX_POINT ( 'NONE', #38 ) ;
#985 = DIRECTION ( 'NONE',  ( 0.000000000000000000, 0.000000000000000000, 1.000000000000000000 ) ) ;
#986 = CARTESIAN_POINT ( 'NONE',  ( -14.99999999999998757, 10.00000000000000000, 82.50000000000004263 ) ) ;
#987 = PLANE ( 'NONE',  #529 ) ;
#988 = ORIENTED_EDGE ( 'NONE', *, *, #736, .F. ) ;
#989 = AXIS2_PLACEMENT_3D ( 'NONE', #1700, #919, #1605 ) ;
#990 = VERTEX_POINT ( 'NONE', #592 ) ;
#991 = AXIS2_PLACEMENT_3D ( 'NONE', #589, #702, #727 ) ;
#992 = LINE ( 'NONE', #413, #1143 ) ;
#993 = VERTEX_POINT ( 'NONE', #1053 ) ;
#994 = EDGE_CURVE ( 'NONE', #183, #1672, #507, .T. ) ;
#995 = ADVANCED_FACE ( 'NONE', ( #1063 ), #62, .T. ) ;
#996 = DIRECTION ( 'NONE',  ( 0.000000000000000000, 1.000000000000000000, 0.000000000000000000 ) ) ;
#997 = FACE_OUTER_BOUND ( 'NONE', #707, .T. ) ;
#998 = DIRECTION ( 'NONE',  ( -5.551115123125781716E-16, 0.000000000000000000, 1.000000000000000000 ) ) ;
#999 = AXIS2_PLACEMENT_3D ( 'NONE', #1368, #235, #1617 ) ;
#1000 = VERTEX_POINT ( 'NONE', #1186 ) ;
#1001 = VECTOR ( 'NONE', #1613, 1000.000000000000000 ) ;
#1002 = FACE_BOUND ( 'NONE', #1480, .T. ) ;
#1003 = PRODUCT_CONTEXT ( 'NONE', #1535, 'mechanical' ) ;
#1004 = ORIENTED_EDGE ( 'NONE', *, *, #332, .F. ) ;
#1005 = CYLINDRICAL_SURFACE ( 'NONE', #531, 2.500000000000009326 ) ;
#1006 = CARTESIAN_POINT ( 'NONE',  ( 100.0000000000000000, 0.000000000000000000, 57.49999999999995737 ) ) ;
#1007 = FACE_OUTER_BOUND ( 'NONE', #318, .T. ) ;
#1008 = EDGE_CURVE ( 'NONE', #25, #1146, #764, .T. ) ;
#1009 = ORIENTED_EDGE ( 'NONE', *, *, #668, .F. ) ;
#1010 = ORIENTED_EDGE ( 'NONE', *, *, #547, .T. ) ;
#1011 = FACE_OUTER_BOUND ( 'NONE', #84, .T. ) ;
#1012 = EDGE_LOOP ( 'NONE', ( #305, #651, #70, #1774 ) ) ;
#1013 = CARTESIAN_POINT ( 'NONE',  ( 45.00000000000000000, 0.000000000000000000, -1.700000000000157163 ) ) ;
#1014 = DIRECTION ( 'NONE',  ( 0.000000000000000000, 0.000000000000000000, 1.000000000000000000 ) ) ;
#1015 = DIRECTION ( 'NONE',  ( 0.000000000000000000, 1.000000000000000000, 0.000000000000000000 ) ) ;
#1016 = DIRECTION ( 'NONE',  ( 0.000000000000000000, 0.000000000000000000, 1.000000000000000000 ) ) ;
#1017 = EDGE_CURVE ( 'NONE', #1036, #845, #934, .T. ) ;
#1018 = EDGE_CURVE ( 'NONE', #1000, #1672, #965, .T. ) ;
#1019 = ORIENTED_EDGE ( 'NONE', *, *, #522, .T. ) ;
#1020 = AXIS2_PLACEMENT_3D ( 'NONE', #1217, #836, #1515 ) ;
#1021 = ORIENTED_EDGE ( 'NONE', *, *, #202, .F. ) ;
#1022 = DIRECTION ( 'NONE',  ( 0.000000000000000000, 0.000000000000000000, 1.000000000000000000 ) ) ;
#1023 = AXIS2_PLACEMENT_3D ( 'NONE', #940, #367, #793 ) ;
#1024 = VERTEX_POINT ( 'NONE', #369 ) ;
#1025 = CARTESIAN_POINT ( 'NONE',  ( -100.0000000000000142, 0.000000000000000000, 54.99999999999999289 ) ) ;
#1026 = ORIENTED_EDGE ( 'NONE', *, *, #809, .F. ) ;
#1027 = ORIENTED_EDGE ( 'NONE', *, *, #599, .F. ) ;
#1028 = EDGE_LOOP ( 'NONE', ( #1311, #1310 ) ) ;
#1029 = VECTOR ( 'NONE', #1536, 1000.000000000000000 ) ;
#1030 = EDGE_CURVE ( 'NONE', #792, #1000, #1461, .T. ) ;
#1031 = DIRECTION ( 'NONE',  ( 0.000000000000000000, 1.000000000000000000, 0.000000000000000000 ) ) ;
#1032 = FACE_BOUND ( 'NONE', #1253, .T. ) ;
#1033 = CARTESIAN_POINT ( 'NONE',  ( -64.99999999999998579, 10.00000000000000000, 82.50000000000000000 ) ) ;
#1034 = CARTESIAN_POINT ( 'NONE',  ( 15.00000000000001066, 10.00000000000000000, 82.50000000000002842 ) ) ;
#1035 = ORIENTED_EDGE ( 'NONE', *, *, #285, .T. ) ;
#1036 = VERTEX_POINT ( 'NONE', #1734 ) ;
#1037 = CARTESIAN_POINT ( 'NONE',  ( 0.000000000000000000, 0.000000000000000000, -45.00000000000000000 ) ) ;
#1038 = EDGE_CURVE ( 'NONE', #1385, #1458, #1306, .T. ) ;
#1039 = FACE_BOUND ( 'NONE', #1780, .T. ) ;
#1040 = DIRECTION ( 'NONE',  ( 0.000000000000000000, 1.000000000000000000, 0.000000000000000000 ) ) ;
#1041 = ORIENTED_EDGE ( 'NONE', *, *, #1713, .T. ) ;
#1042 = DIRECTION ( 'NONE',  ( -0.000000000000000000, -1.000000000000000000, -0.000000000000000000 ) ) ;
#1043 = EDGE_LOOP ( 'NONE', ( #883, #311, #1010, #377 ) ) ;
#1044 = ORIENTED_EDGE ( 'NONE', *, *, #420, .F. ) ;
#1045 = CIRCLE ( 'NONE', #733, 2.500000000000002220 ) ;
#1046 = DIRECTION ( 'NONE',  ( -0.000000000000000000, 1.000000000000000000, -0.000000000000000000 ) ) ;
#1047 = AXIS2_PLACEMENT_3D ( 'NONE', #748, #1746, #1727 ) ;
#1048 = VERTEX_POINT ( 'NONE', #925 ) ;
#1049 = ORIENTED_EDGE ( 'NONE', *, *, #1410, .F. ) ;
#1050 = EDGE_CURVE ( 'NONE', #1283, #1103, #233, .T. ) ;
#1051 = PRODUCT ( 'Part5', 'Part5', '', ( #1003 ) ) ;
#1052 = AXIS2_PLACEMENT_3D ( 'NONE', #450, #834, #425 ) ;
#1053 = CARTESIAN_POINT ( 'NONE',  ( -99.99999999999998579, 10.00000000000000000, 172.5000000000000000 ) ) ;
#1054 = FACE_BOUND ( 'NONE', #805, .T. ) ;
#1055 = EDGE_CURVE ( 'NONE', #577, #993, #95, .T. ) ;
#1056 = ORIENTED_EDGE ( 'NONE', *, *, #643, .F. ) ;
#1057 = DIRECTION ( 'NONE',  ( 0.000000000000000000, -1.000000000000000000, 0.000000000000000000 ) ) ;
#1058 = EDGE_LOOP ( 'NONE', ( #604, #403, #1166, #1203 ) ) ;
#1059 = LINE ( 'NONE', #1635, #328 ) ;
#1060 = CIRCLE ( 'NONE', #745, 1.700000000000000178 ) ;
#1061 = ORIENTED_EDGE ( 'NONE', *, *, #1517, .T. ) ;
#1062 = AXIS2_PLACEMENT_3D ( 'NONE', #541, #1220, #682 ) ;
#1063 = FACE_OUTER_BOUND ( 'NONE', #1586, .T. ) ;
#1064 = DIRECTION ( 'NONE',  ( 0.000000000000000000, 0.000000000000000000, -1.000000000000000000 ) ) ;
#1065 = CARTESIAN_POINT ( 'NONE',  ( 105.0000000000000426, 0.000000000000000000, 179.9999999999999716 ) ) ;
#1066 = FACE_BOUND ( 'NONE', #331, .T. ) ;
#1067 = EDGE_CURVE ( 'NONE', #957, #98, #1329, .T. ) ;
#1068 = ORIENTED_EDGE ( 'NONE', *, *, #1733, .T. ) ;
#1069 = LINE ( 'NONE', #1507, #159 ) ;
#1070 = VERTEX_POINT ( 'NONE', #637 ) ;
#1071 = LINE ( 'NONE', #1648, #680 ) ;
#1072 = LINE ( 'NONE', #1206, #1579 ) ;
#1073 = DIRECTION ( 'NONE',  ( -0.000000000000000000, -1.000000000000000000, -0.000000000000000000 ) ) ;
#1074 = PLANE ( 'NONE',  #1446 ) ;
#1075 = EDGE_CURVE ( 'NONE', #900, #337, #560, .T. ) ;
#1076 = ORIENTED_EDGE ( 'NONE', *, *, #731, .F. ) ;
#1077 = EDGE_CURVE ( 'NONE', #1633, #483, #788, .T. ) ;
#1078 = DIRECTION ( 'NONE',  ( 0.000000000000000000, 1.000000000000000000, 0.000000000000000000 ) ) ;
#1079 = ORIENTED_EDGE ( 'NONE', *, *, #1526, .T. ) ;
#1080 = FACE_OUTER_BOUND ( 'NONE', #596, .T. ) ;
#1081 = VECTOR ( 'NONE', #179, 1000.000000000000000 ) ;
#1082 = FACE_OUTER_BOUND ( 'NONE', #524, .T. ) ;
#1083 = CIRCLE ( 'NONE', #904, 4.999999999999997335 ) ;
#1084 = FACE_OUTER_BOUND ( 'NONE', #1528, .T. ) ;
#1085 = DIRECTION ( 'NONE',  ( -1.000000000000000000, 0.000000000000000000, 2.220446049250313081E-16 ) ) ;
#1086 = VECTOR ( 'NONE', #306, 1000.000000000000000 ) ;
#1087 = ORIENTED_EDGE ( 'NONE', *, *, #598, .F. ) ;
#1088 = LINE ( 'NONE', #1609, #1451 ) ;
#1089 = ORIENTED_EDGE ( 'NONE', *, *, #251, .T. ) ;
#1090 = CIRCLE ( 'NONE', #1634, 4.999999999999997335 ) ;
#1091 = CARTESIAN_POINT ( 'NONE',  ( 2.081899558550500280E-16, 0.000000000000000000, -46.69999999999999574 ) ) ;
#1092 = CARTESIAN_POINT ( 'NONE',  ( 23.57000000000001450, 10.00000000000000000, 106.4299999999999926 ) ) ;
#1093 = CARTESIAN_POINT ( 'NONE',  ( 100.0000000000000000, 10.00000000000000000, 52.49999999999997158 ) ) ;
#1094 = FACE_OUTER_BOUND ( 'NONE', #1559, .T. ) ;
#1095 = ORIENTED_EDGE ( 'NONE', *, *, #753, .F. ) ;
#1096 = CARTESIAN_POINT ( 'NONE',  ( -100.0000000000000142, 0.000000000000000000, 57.50000000000000000 ) ) ;
#1097 = ORIENTED_EDGE ( 'NONE', *, *, #1327, .F. ) ;
#1098 = EDGE_CURVE ( 'NONE', #483, #1633, #1419, .T. ) ;
#1099 = DIRECTION ( 'NONE',  ( 1.110223024625156540E-16, 0.000000000000000000, 1.000000000000000000 ) ) ;
#1100 = FACE_OUTER_BOUND ( 'NONE', #633, .T. ) ;
#1101 = CARTESIAN_POINT ( 'NONE',  ( 0.000000000000000000, 0.000000000000000000, -45.00000000000000000 ) ) ;
#1102 = CARTESIAN_POINT ( 'NONE',  ( -100.0000000000000142, 10.00000000000000000, -62.50000000000001421 ) ) ;
#1103 = VERTEX_POINT ( 'NONE', #1159 ) ;
#1104 = LINE ( 'NONE', #167, #1170 ) ;
#1105 = ORIENTED_EDGE ( 'NONE', *, *, #1581, .F. ) ;
#1106 = DIRECTION ( 'NONE',  ( -1.000000000000000000, -0.000000000000000000, 8.326672684688676025E-16 ) ) ;
#1107 = EDGE_CURVE ( 'NONE', #872, #558, #468, .T. ) ;
#1108 = DIRECTION ( 'NONE',  ( -0.000000000000000000, 1.000000000000000000, 0.000000000000000000 ) ) ;
#1109 = AXIS2_PLACEMENT_3D ( 'NONE', #1444, #1042, #41 ) ;
#1110 = CARTESIAN_POINT ( 'NONE',  ( 1.836970198721030062E-14, 10.00000000000000000, 150.0000000000000284 ) ) ;
#1111 = AXIS2_PLACEMENT_3D ( 'NONE', #1500, #1370, #256 ) ;
#1112 = ORIENTED_EDGE ( 'NONE', *, *, #494, .T. ) ;
#1113 = COLOUR_RGB ( '',0.7921568627450980005, 0.8196078431372548767, 0.9333333333333333481 ) ;
#1114 = ORIENTED_EDGE ( 'NONE', *, *, #1151, .F. ) ;
#1115 = DIRECTION ( 'NONE',  ( -0.000000000000000000, -1.000000000000000000, -0.000000000000000000 ) ) ;
#1116 = DIRECTION ( 'NONE',  ( -2.220446049250313081E-16, -0.000000000000000000, -1.000000000000000000 ) ) ;
#1117 = CARTESIAN_POINT ( 'NONE',  ( 100.0000000000000000, 0.000000000000000000, 52.49999999999997158 ) ) ;
#1118 = AXIS2_PLACEMENT_3D ( 'NONE', #230, #789, #810 ) ;
#1119 = EDGE_LOOP ( 'NONE', ( #534, #1754, #175, #955 ) ) ;
#1120 = AXIS2_PLACEMENT_3D ( 'NONE', #1660, #1522, #762 ) ;
#1121 = ADVANCED_FACE ( 'NONE', ( #1453 ), #194, .T. ) ;
#1122 = CARTESIAN_POINT ( 'NONE',  ( -99.99999999999998579, 0.000000000000000000, 169.9999999999999716 ) ) ;
#1123 = ORIENTED_EDGE ( 'NONE', *, *, #941, .F. ) ;
#1124 = CARTESIAN_POINT ( 'NONE',  ( -109.9999999999999858, 10.00000000000000000, 175.0000000000000000 ) ) ;
#1125 = CARTESIAN_POINT ( 'NONE',  ( 65.00000000000001421, 10.00000000000000000, 82.49999999999998579 ) ) ;
#1126 = CARTESIAN_POINT ( 'NONE',  ( 0.000000000000000000, 0.000000000000000000, -45.00000000000000000 ) ) ;
#1127 = ORIENTED_EDGE ( 'NONE', *, *, #1249, .T. ) ;
#1128 = ADVANCED_FACE ( 'NONE', ( #1433 ), #480, .F. ) ;
#1129 = EDGE_CURVE ( 'NONE', #872, #623, #212, .T. ) ;
#1130 = ORIENTED_EDGE ( 'NONE', *, *, #1468, .T. ) ;
#1131 = VERTEX_POINT ( 'NONE', #933 ) ;
#1132 = CYLINDRICAL_SURFACE ( 'NONE', #821, 2.500000000000043965 ) ;
#1133 = CARTESIAN_POINT ( 'NONE',  ( -109.9999999999999858, 10.00000000000000000, 180.0000000000000000 ) ) ;
#1134 = CARTESIAN_POINT ( 'NONE',  ( 1.592040838891559450E-14, 10.00000000000000000, 130.0000000000000000 ) ) ;
#1135 = ORIENTED_EDGE ( 'NONE', *, *, #930, .F. ) ;
#1136 = AXIS2_PLACEMENT_3D ( 'NONE', #404, #958, #806 ) ;
#1137 = CIRCLE ( 'NONE', #650, 2.500000000000002220 ) ;
#1138 = ORIENTED_EDGE ( 'NONE', *, *, #260, .T. ) ;
#1139 = LINE ( 'NONE', #1544, #763 ) ;
#1140 = EDGE_CURVE ( 'NONE', #990, #516, #1083, .T. ) ;
#1141 = DIRECTION ( 'NONE',  ( 1.000000000000000000, 0.000000000000000000, -1.110223024625156540E-16 ) ) ;
#1142 = DIRECTION ( 'NONE',  ( 0.000000000000000000, 0.000000000000000000, -1.000000000000000000 ) ) ;
#1143 = VECTOR ( 'NONE', #725, 1000.000000000000000 ) ;
#1144 = EDGE_LOOP ( 'NONE', ( #497, #1527, #79, #1569 ) ) ;
#1145 = CIRCLE ( 'NONE', #570, 1.700000000000000178 ) ;
#1146 = VERTEX_POINT ( 'NONE', #1755 ) ;
#1147 = CIRCLE ( 'NONE', #859, 2.499999999999995115 ) ;
#1148 = FACE_BOUND ( 'NONE', #750, .T. ) ;
#1149 = ORIENTED_EDGE ( 'NONE', *, *, #485, .F. ) ;
#1150 = FACE_OUTER_BOUND ( 'NONE', #1666, .T. ) ;
#1151 = EDGE_CURVE ( 'NONE', #1382, #1146, #123, .T. ) ;
#1152 = EDGE_CURVE ( 'NONE', #1411, #1194, #535, .T. ) ;
#1153 = DIRECTION ( 'NONE',  ( -0.000000000000000000, -1.000000000000000000, -0.000000000000000000 ) ) ;
#1154 = DIRECTION ( 'NONE',  ( -0.000000000000000000, 1.000000000000000000, -0.000000000000000000 ) ) ;
#1155 = EDGE_LOOP ( 'NONE', ( #1271, #31 ) ) ;
#1156 = ORIENTED_EDGE ( 'NONE', *, *, #1240, .T. ) ;
#1157 =( LENGTH_UNIT ( ) NAMED_UNIT ( * ) SI_UNIT ( .MILLI., .METRE. ) );
#1158 = CARTESIAN_POINT ( 'NONE',  ( 3.673940397442059178E-15, 0.000000000000000000, 30.00000000000000000 ) ) ;
#1159 = CARTESIAN_POINT ( 'NONE',  ( -23.56999999999998607, 0.000000000000000000, 104.2300000000000040 ) ) ;
#1160 = EDGE_LOOP ( 'NONE', ( #723, #358, #121, #1278 ) ) ;
#1161 = ORIENTED_EDGE ( 'NONE', *, *, #1674, .F. ) ;
#1162 = VECTOR ( 'NONE', #281, 1000.000000000000000 ) ;
#1163 = EDGE_LOOP ( 'NONE', ( #671, #1790 ) ) ;
#1164 = CARTESIAN_POINT ( 'NONE',  ( 100.0000000000000426, 10.00000000000000000, 169.9999999999999432 ) ) ;
#1165 = VECTOR ( 'NONE', #641, 1000.000000000000000 ) ;
#1166 = ORIENTED_EDGE ( 'NONE', *, *, #295, .T. ) ;
#1167 = CARTESIAN_POINT ( 'NONE',  ( -23.56999999999998252, 0.000000000000000000, 153.5699999999999932 ) ) ;
#1168 = DIRECTION ( 'NONE',  ( 0.000000000000000000, -1.000000000000000000, 0.000000000000000000 ) ) ;
#1169 = DIRECTION ( 'NONE',  ( -0.000000000000000000, 1.000000000000000000, -0.000000000000000000 ) ) ;
#1170 = VECTOR ( 'NONE', #552, 1000.000000000000000 ) ;
#1171 = ORIENTED_EDGE ( 'NONE', *, *, #930, .T. ) ;
#1172 = EDGE_CURVE ( 'NONE', #60, #506, #1627, .T. ) ;
#1173 = ORIENTED_EDGE ( 'NONE', *, *, #842, .F. ) ;
#1174 = CYLINDRICAL_SURFACE ( 'NONE', #1394, 2.499999999999995115 ) ;
#1175 = AXIS2_PLACEMENT_3D ( 'NONE', #1233, #1372, #1787 ) ;
#1176 = EDGE_LOOP ( 'NONE', ( #459, #698 ) ) ;
#1177 = DIRECTION ( 'NONE',  ( 5.551115123125782702E-16, 0.000000000000000000, -1.000000000000000000 ) ) ;
#1178 = ORIENTED_EDGE ( 'NONE', *, *, #1309, .F. ) ;
#1179 = FACE_BOUND ( 'NONE', #1699, .T. ) ;
#1180 = ORIENTED_EDGE ( 'NONE', *, *, #182, .T. ) ;
#1181 = EDGE_CURVE ( 'NONE', #1185, #1347, #1657, .T. ) ;
#1182 = EDGE_CURVE ( 'NONE', #60, #1103, #1071, .T. ) ;
#1183 = ORIENTED_EDGE ( 'NONE', *, *, #1172, .T. ) ;
#1184 = DIRECTION ( 'NONE',  ( -0.000000000000000000, 1.000000000000000000, 0.000000000000000000 ) ) ;
#1185 = VERTEX_POINT ( 'NONE', #1350 ) ;
#1186 = CARTESIAN_POINT ( 'NONE',  ( -45.00000000000000000, 10.00000000000000000, -1.699999999999528555 ) ) ;
#1187 = DIRECTION ( 'NONE',  ( 0.000000000000000000, 0.000000000000000000, 1.000000000000000000 ) ) ;
#1188 = EDGE_LOOP ( 'NONE', ( #114, #1437 ) ) ;
#1189 = FACE_BOUND ( 'NONE', #694, .T. ) ;
#1190 = ORIENTED_EDGE ( 'NONE', *, *, #1172, .F. ) ;
#1191 = DIRECTION ( 'NONE',  ( -0.000000000000000000, -1.000000000000000000, -0.000000000000000000 ) ) ;
#1192 = EDGE_CURVE ( 'NONE', #1222, #1382, #1205, .T. ) ;
#1193 = AXIS2_PLACEMENT_3D ( 'NONE', #1575, #1168, #892 ) ;
#1194 = VERTEX_POINT ( 'NONE', #685 ) ;
#1195 = EDGE_CURVE ( 'NONE', #824, #77, #796, .T. ) ;
#1196 = CARTESIAN_POINT ( 'NONE',  ( 0.000000000000000000, 10.00000000000000000, 0.000000000000000000 ) ) ;
#1197 = DIRECTION ( 'NONE',  ( 0.000000000000000000, 1.000000000000000000, 0.000000000000000000 ) ) ;
#1198 = DIRECTION ( 'NONE',  ( -0.000000000000000000, -1.000000000000000000, -0.000000000000000000 ) ) ;
#1199 = FACE_OUTER_BOUND ( 'NONE', #820, .T. ) ;
#1200 = ORIENTED_EDGE ( 'NONE', *, *, #420, .T. ) ;
#1201 = LINE ( 'NONE', #956, #1459 ) ;
#1202 = VECTOR ( 'NONE', #537, 1000.000000000000000 ) ;
#1203 = ORIENTED_EDGE ( 'NONE', *, *, #909, .T. ) ;
#1204 = AXIS2_PLACEMENT_3D ( 'NONE', #1092, #398, #1064 ) ;
#1205 = LINE ( 'NONE', #1223, #1539 ) ;
#1206 = CARTESIAN_POINT ( 'NONE',  ( -23.56999999999998252, 10.00000000000000000, 155.7699999999999818 ) ) ;
#1207 = EDGE_CURVE ( 'NONE', #383, #291, #588, .T. ) ;
#1208 = EDGE_CURVE ( 'NONE', #9, #1376, #117, .T. ) ;
#1209 = FACE_OUTER_BOUND ( 'NONE', #1395, .T. ) ;
#1210 = FACE_OUTER_BOUND ( 'NONE', #719, .T. ) ;
#1211 = ORIENTED_EDGE ( 'NONE', *, *, #1502, .F. ) ;
#1212 = DIRECTION ( 'NONE',  ( 0.000000000000000000, 0.000000000000000000, -1.000000000000000000 ) ) ;
#1213 = EDGE_LOOP ( 'NONE', ( #1336, #254, #293, #1706 ) ) ;
#1214 = DIRECTION ( 'NONE',  ( 1.000000000000000000, -0.000000000000000000, -8.326672684688672081E-16 ) ) ;
#1215 = CARTESIAN_POINT ( 'NONE',  ( 23.57000000000001805, 0.000000000000000000, 151.3699999999999761 ) ) ;
#1216 = CARTESIAN_POINT ( 'NONE',  ( 2.081899558550500033E-16, 10.00000000000000000, 43.29999999999999716 ) ) ;
#1217 = CARTESIAN_POINT ( 'NONE',  ( 100.0000000000000000, 10.00000000000000000, 54.99999999999996447 ) ) ;
#1218 = ORIENTED_EDGE ( 'NONE', *, *, #498, .F. ) ;
#1219 = EDGE_CURVE ( 'NONE', #483, #593, #944, .T. ) ;
#1220 = DIRECTION ( 'NONE',  ( -0.000000000000000000, 1.000000000000000000, -0.000000000000000000 ) ) ;
#1221 = DIRECTION ( 'NONE',  ( 0.000000000000000000, 0.000000000000000000, 1.000000000000000000 ) ) ;
#1222 = VERTEX_POINT ( 'NONE', #1510 ) ;
#1223 = CARTESIAN_POINT ( 'NONE',  ( -104.9999999999999858, 10.00000000000000000, 180.0000000000000000 ) ) ;
#1224 = AXIS2_PLACEMENT_3D ( 'NONE', #844, #1671, #171 ) ;
#1225 = FACE_OUTER_BOUND ( 'NONE', #392, .T. ) ;
#1226 = VECTOR ( 'NONE', #1314, 1000.000000000000000 ) ;
#1227 = DIRECTION ( 'NONE',  ( 0.000000000000000000, -1.000000000000000000, -0.000000000000000000 ) ) ;
#1228 = DIRECTION ( 'NONE',  ( 0.000000000000000000, 0.000000000000000000, 1.000000000000000000 ) ) ;
#1229 = ORIENTED_EDGE ( 'NONE', *, *, #1354, .F. ) ;
#1230 = CARTESIAN_POINT ( 'NONE',  ( -23.56999999999998607, 10.00000000000000000, 106.4299999999999926 ) ) ;
#1231 = VERTEX_POINT ( 'NONE', #1763 ) ;
#1232 = CARTESIAN_POINT ( 'NONE',  ( -23.56999999999998252, 10.00000000000000000, 153.5699999999999932 ) ) ;
#1233 = CARTESIAN_POINT ( 'NONE',  ( -100.0000000000000142, 0.000000000000000000, 54.99999999999999289 ) ) ;
#1234 = AXIS2_PLACEMENT_3D ( 'NONE', #1757, #130, #946 ) ;
#1235 = CARTESIAN_POINT ( 'NONE',  ( -14.99999999999998757, 10.00000000000000000, 82.50000000000004263 ) ) ;
#1236 = CARTESIAN_POINT ( 'NONE',  ( 2.081899558550500033E-16, 0.000000000000000000, -46.69999999999999574 ) ) ;
#1237 = ORIENTED_EDGE ( 'NONE', *, *, #599, .T. ) ;
#1238 = DIRECTION ( 'NONE',  ( -0.000000000000000000, 1.000000000000000000, -0.000000000000000000 ) ) ;
#1239 = EDGE_CURVE ( 'NONE', #1785, #81, #877, .T. ) ;
#1240 = EDGE_CURVE ( 'NONE', #161, #1458, #228, .T. ) ;
#1241 = ORIENTED_EDGE ( 'NONE', *, *, #182, .F. ) ;
#1242 = DIRECTION ( 'NONE',  ( -0.000000000000000000, -1.000000000000000000, -0.000000000000000000 ) ) ;
#1243 = LINE ( 'NONE', #1685, #361 ) ;
#1244 = CARTESIAN_POINT ( 'NONE',  ( -64.99999999999998579, 0.000000000000000000, 82.50000000000000000 ) ) ;
#1245 = ORIENTED_EDGE ( 'NONE', *, *, #567, .T. ) ;
#1246 = CYLINDRICAL_SURFACE ( 'NONE', #1749, 30.00000000000000000 ) ;
#1247 = ORIENTED_EDGE ( 'NONE', *, *, #643, .T. ) ;
#1248 = DIRECTION ( 'NONE',  ( 0.000000000000000000, 0.000000000000000000, -1.000000000000000000 ) ) ;
#1249 = EDGE_CURVE ( 'NONE', #742, #77, #847, .T. ) ;
#1250 = DIRECTION ( 'NONE',  ( -0.000000000000000000, -1.000000000000000000, -0.000000000000000000 ) ) ;
#1251 = CARTESIAN_POINT ( 'NONE',  ( -99.99999999999998579, 0.000000000000000000, 167.4999999999999716 ) ) ;
#1252 = CIRCLE ( 'NONE', #66, 1.699999999999999956 ) ;
#1253 = EDGE_LOOP ( 'NONE', ( #283, #663 ) ) ;
#1254 = VECTOR ( 'NONE', #1719, 1000.000000000000000 ) ;
#1255 = ORIENTED_EDGE ( 'NONE', *, *, #1636, .T. ) ;
#1256 = DIRECTION ( 'NONE',  ( 0.000000000000000000, 0.000000000000000000, 1.000000000000000000 ) ) ;
#1257 = ORIENTED_EDGE ( 'NONE', *, *, #1767, .F. ) ;
#1258 = CARTESIAN_POINT ( 'NONE',  ( -99.99999999999998579, 0.000000000000000000, 169.9999999999999716 ) ) ;
#1259 = CARTESIAN_POINT ( 'NONE',  ( 3.673940397442059178E-15, 10.00000000000000000, 30.00000000000000000 ) ) ;
#1260 = DIRECTION ( 'NONE',  ( -0.000000000000000000, -1.000000000000000000, -0.000000000000000000 ) ) ;
#1261 = ADVANCED_FACE ( 'NONE', ( #1080 ), #825, .F. ) ;
#1262 = EDGE_CURVE ( 'NONE', #593, #669, #1511, .T. ) ;
#1263 = VECTOR ( 'NONE', #308, 1000.000000000000000 ) ;
#1264 = ORIENTED_EDGE ( 'NONE', *, *, #310, .F. ) ;
#1265 = CIRCLE ( 'NONE', #364, 2.500000000000009326 ) ;
#1266 = ORIENTED_EDGE ( 'NONE', *, *, #216, .T. ) ;
#1267 = ORIENTED_EDGE ( 'NONE', *, *, #809, .T. ) ;
#1268 = LINE ( 'NONE', #1274, #1513 ) ;
#1269 = LINE ( 'NONE', #986, #105 ) ;
#1270 = DIRECTION ( 'NONE',  ( 0.000000000000000000, 0.000000000000000000, 1.000000000000000000 ) ) ;
#1271 = ORIENTED_EDGE ( 'NONE', *, *, #1282, .F. ) ;
#1272 = EDGE_CURVE ( 'NONE', #172, #813, #969, .T. ) ;
#1273 = ORIENTED_EDGE ( 'NONE', *, *, #473, .F. ) ;
#1274 = CARTESIAN_POINT ( 'NONE',  ( 100.0000000000000426, 0.000000000000000000, 172.4999999999999716 ) ) ;
#1275 = CARTESIAN_POINT ( 'NONE',  ( -105.0000000000000142, 10.00000000000000000, -70.00000000000000000 ) ) ;
#1276 = DIRECTION ( 'NONE',  ( 1.000000000000000000, 0.000000000000000000, 5.551115123125781716E-16 ) ) ;
#1277 = VECTOR ( 'NONE', #1375, 1000.000000000000000 ) ;
#1278 = ORIENTED_EDGE ( 'NONE', *, *, #1526, .F. ) ;
#1279 = AXIS2_PLACEMENT_3D ( 'NONE', #72, #83, #916 ) ;
#1280 = FACE_BOUND ( 'NONE', #40, .T. ) ;
#1281 = EDGE_CURVE ( 'NONE', #929, #94, #1252, .T. ) ;
#1282 = EDGE_CURVE ( 'NONE', #1411, #471, #1740, .T. ) ;
#1283 = VERTEX_POINT ( 'NONE', #316 ) ;
#1284 = CARTESIAN_POINT ( 'NONE',  ( 0.000000000000000000, 0.000000000000000000, 45.00000000000000000 ) ) ;
#1285 = DIRECTION ( 'NONE',  ( -0.000000000000000000, -1.000000000000000000, -0.000000000000000000 ) ) ;
#1286 = DIRECTION ( 'NONE',  ( -1.000000000000000000, -0.000000000000000000, 1.261617073437677999E-16 ) ) ;
#1287 = AXIS2_PLACEMENT_3D ( 'NONE', #336, #1576, #342 ) ;
#1288 = AXIS2_PLACEMENT_3D ( 'NONE', #1649, #405, #959 ) ;
#1289 = ORIENTED_EDGE ( 'NONE', *, *, #1219, .F. ) ;
#1290 = SURFACE_SIDE_STYLE ('',( #1732 ) ) ;
#1291 = CARTESIAN_POINT ( 'NONE',  ( -45.00000000000000000, 10.00000000000000000, 4.713499807438230156E-13 ) ) ;
#1292 = DIRECTION ( 'NONE',  ( 0.000000000000000000, 0.000000000000000000, 1.000000000000000000 ) ) ;
#1293 = EDGE_LOOP ( 'NONE', ( #678, #625 ) ) ;
#1294 = ORIENTED_EDGE ( 'NONE', *, *, #1272, .F. ) ;
#1295 = DIRECTION ( 'NONE',  ( 0.000000000000000000, 0.000000000000000000, -1.000000000000000000 ) ) ;
#1296 = LINE ( 'NONE', #211, #1373 ) ;
#1297 = DIRECTION ( 'NONE',  ( 0.000000000000000000, 1.000000000000000000, 0.000000000000000000 ) ) ;
#1298 = EDGE_CURVE ( 'NONE', #98, #957, #1715, .T. ) ;
#1299 = FACE_OUTER_BOUND ( 'NONE', #248, .T. ) ;
#1300 = ORIENTED_EDGE ( 'NONE', *, *, #1492, .T. ) ;
#1301 = ORIENTED_EDGE ( 'NONE', *, *, #1713, .F. ) ;
#1302 = AXIS2_PLACEMENT_3D ( 'NONE', #490, #349, #907 ) ;
#1303 = CYLINDRICAL_SURFACE ( 'NONE', #967, 2.199999999999993516 ) ;
#1304 = AXIS2_PLACEMENT_3D ( 'NONE', #1562, #897, #770 ) ;
#1305 = DIRECTION ( 'NONE',  ( -0.000000000000000000, 1.000000000000000000, 0.000000000000000000 ) ) ;
#1306 = LINE ( 'NONE', #1471, #37 ) ;
#1307 = CARTESIAN_POINT ( 'NONE',  ( 2.081899558550500033E-16, 10.00000000000000000, -46.69999999999999574 ) ) ;
#1308 = LINE ( 'NONE', #174, #747 ) ;
#1309 = EDGE_CURVE ( 'NONE', #1431, #539, #34, .T. ) ;
#1310 = ORIENTED_EDGE ( 'NONE', *, *, #99, .T. ) ;
#1311 = ORIENTED_EDGE ( 'NONE', *, *, #1440, .T. ) ;
#1312 = CIRCLE ( 'NONE', #540, 2.500000000000009326 ) ;
#1313 = FILL_AREA_STYLE ('',( #1450 ) ) ;
#1314 = DIRECTION ( 'NONE',  ( -0.000000000000000000, -1.000000000000000000, -0.000000000000000000 ) ) ;
#1315 = DIRECTION ( 'NONE',  ( -1.000000000000000000, 0.000000000000000000, 1.047444401652942689E-14 ) ) ;
#1316 = CARTESIAN_POINT ( 'NONE',  ( 0.000000000000000000, 0.000000000000000000, -30.00000000000000000 ) ) ;
#1317 = ORIENTED_EDGE ( 'NONE', *, *, #375, .T. ) ;
#1318 = ADVANCED_FACE ( 'NONE', ( #737 ), #279, .F. ) ;
#1319 = CARTESIAN_POINT ( 'NONE',  ( 15.00000000000000888, 0.000000000000000000, 77.49999999999995737 ) ) ;
#1320 = DIRECTION ( 'NONE',  ( 0.000000000000000000, 0.000000000000000000, 1.000000000000000000 ) ) ;
#1321 = DIRECTION ( 'NONE',  ( 0.000000000000000000, 1.000000000000000000, 0.000000000000000000 ) ) ;
#1322 = CARTESIAN_POINT ( 'NONE',  ( -100.0000000000000142, 10.00000000000000000, -60.00000000000000711 ) ) ;
#1323 = LINE ( 'NONE', #911, #325 ) ;
#1324 = ORIENTED_EDGE ( 'NONE', *, *, #320, .T. ) ;
#1325 = CIRCLE ( 'NONE', #1738, 1.700000000000000178 ) ;
#1326 = CARTESIAN_POINT ( 'NONE',  ( 15.00000000000001066, 0.000000000000000000, 80.00000000000000000 ) ) ;
#1327 = EDGE_CURVE ( 'NONE', #104, #661, #1388, .T. ) ;
#1328 = ADVANCED_FACE ( 'NONE', ( #1667 ), #169, .F. ) ;
#1329 = CIRCLE ( 'NONE', #1279, 1.700000000000000178 ) ;
#1330 = ORIENTED_EDGE ( 'NONE', *, *, #1195, .T. ) ;
#1331 = CIRCLE ( 'NONE', #234, 2.500000000000002220 ) ;
#1332 = DIRECTION ( 'NONE',  ( -0.000000000000000000, 1.000000000000000000, 0.000000000000000000 ) ) ;
#1333 = DIRECTION ( 'NONE',  ( -0.000000000000000000, 1.000000000000000000, -0.000000000000000000 ) ) ;
#1334 = DIRECTION ( 'NONE',  ( 0.000000000000000000, 0.000000000000000000, -1.000000000000000000 ) ) ;
#1335 = FACE_OUTER_BOUND ( 'NONE', #139, .T. ) ;
#1336 = ORIENTED_EDGE ( 'NONE', *, *, #1603, .F. ) ;
#1337 = AXIS2_PLACEMENT_3D ( 'NONE', #699, #858, #1654 ) ;
#1338 = CARTESIAN_POINT ( 'NONE',  ( 23.57000000000001450, 0.000000000000000000, 104.2300000000000040 ) ) ;
#1339 = DIRECTION ( 'NONE',  ( 0.000000000000000000, 0.000000000000000000, 1.000000000000000000 ) ) ;
#1340 = EDGE_LOOP ( 'NONE', ( #932, #191, #734, #1655 ) ) ;
#1341 = CIRCLE ( 'NONE', #277, 2.500000000000002220 ) ;
#1342 = DIRECTION ( 'NONE',  ( -0.000000000000000000, 1.000000000000000000, -0.000000000000000000 ) ) ;
#1343 = CARTESIAN_POINT ( 'NONE',  ( 1.592040838891559450E-14, 0.000000000000000000, 130.0000000000000000 ) ) ;
#1344 = EDGE_CURVE ( 'NONE', #845, #838, #1139, .T. ) ;
#1345 = CYLINDRICAL_SURFACE ( 'NONE', #1118, 2.200000000000007283 ) ;
#1346 = FACE_OUTER_BOUND ( 'NONE', #116, .T. ) ;
#1347 = VERTEX_POINT ( 'NONE', #1124 ) ;
#1348 = DIRECTION ( 'NONE',  ( -0.000000000000000000, -1.000000000000000000, -0.000000000000000000 ) ) ;
#1349 = ORIENTED_EDGE ( 'NONE', *, *, #1262, .T. ) ;
#1350 = CARTESIAN_POINT ( 'NONE',  ( -110.0000000000000142, 10.00000000000000000, -65.00000000000000000 ) ) ;
#1351 = CYLINDRICAL_SURFACE ( 'NONE', #1521, 2.499999999999995115 ) ;
#1352 = CARTESIAN_POINT ( 'NONE',  ( 105.0000000000000426, 0.000000000000000000, 174.9999999999999716 ) ) ;
#1353 = CARTESIAN_POINT ( 'NONE',  ( -104.9999999999999858, 10.00000000000000000, 175.0000000000000000 ) ) ;
#1354 = EDGE_CURVE ( 'NONE', #464, #824, #1773, .T. ) ;
#1355 = ORIENTED_EDGE ( 'NONE', *, *, #1784, .T. ) ;
#1356 = ORIENTED_EDGE ( 'NONE', *, *, #320, .F. ) ;
#1357 = CIRCLE ( 'NONE', #846, 2.500000000000002220 ) ;
#1358 = DIRECTION ( 'NONE',  ( 0.000000000000000000, 0.000000000000000000, 1.000000000000000000 ) ) ;
#1359 = VECTOR ( 'NONE', #416, 1000.000000000000000 ) ;
#1360 = CARTESIAN_POINT ( 'NONE',  ( -64.99999999999998579, 10.00000000000000000, 82.50000000000000000 ) ) ;
#1361 = LINE ( 'NONE', #1765, #1001 ) ;
#1362 = DIRECTION ( 'NONE',  ( 0.000000000000000000, 1.000000000000000000, 0.000000000000000000 ) ) ;
#1363 = EDGE_LOOP ( 'NONE', ( #1490, #1596 ) ) ;
#1364 = LINE ( 'NONE', #1567, #1697 ) ;
#1365 = ADVANCED_FACE ( 'NONE', ( #1150 ), #1005, .F. ) ;
#1366 = ADVANCED_FACE ( 'NONE', ( #1379 ), #297, .F. ) ;
#1367 = CIRCLE ( 'NONE', #1487, 2.500000000000043965 ) ;
#1368 = CARTESIAN_POINT ( 'NONE',  ( -14.99999999999998934, 0.000000000000000000, 80.00000000000000000 ) ) ;
#1369 = ORIENTED_EDGE ( 'NONE', *, *, #332, .T. ) ;
#1370 = DIRECTION ( 'NONE',  ( -0.000000000000000000, 1.000000000000000000, 0.000000000000000000 ) ) ;
#1371 = AXIS2_PLACEMENT_3D ( 'NONE', #1591, #1154, #1016 ) ;
#1372 = DIRECTION ( 'NONE',  ( -0.000000000000000000, 1.000000000000000000, -0.000000000000000000 ) ) ;
#1373 = VECTOR ( 'NONE', #606, 1000.000000000000000 ) ;
#1374 = CARTESIAN_POINT ( 'NONE',  ( -99.99999999999998579, 0.000000000000000000, 167.4999999999999716 ) ) ;
#1375 = DIRECTION ( 'NONE',  ( -1.000000000000000000, 0.000000000000000000, -5.551115123125781716E-16 ) ) ;
#1376 = VERTEX_POINT ( 'NONE', #152 ) ;
#1377 = EDGE_CURVE ( 'NONE', #1048, #148, #414, .T. ) ;
#1378 = ORIENTED_EDGE ( 'NONE', *, *, #236, .T. ) ;
#1379 = FACE_OUTER_BOUND ( 'NONE', #1160, .T. ) ;
#1380 = DIRECTION ( 'NONE',  ( 0.000000000000000000, -1.000000000000000000, 0.000000000000000000 ) ) ;
#1381 = DIRECTION ( 'NONE',  ( -1.261617073437677752E-16, 0.000000000000000000, -1.000000000000000000 ) ) ;
#1382 = VERTEX_POINT ( 'NONE', #1406 ) ;
#1383 = ORIENTED_EDGE ( 'NONE', *, *, #1077, .F. ) ;
#1384 = DIRECTION ( 'NONE',  ( 0.000000000000000000, -1.000000000000000000, -0.000000000000000000 ) ) ;
#1385 = VERTEX_POINT ( 'NONE', #1553 ) ;
#1386 = EDGE_CURVE ( 'NONE', #939, #505, #1268, .T. ) ;
#1387 = ADVANCED_FACE ( 'NONE', ( #145 ), #1132, .F. ) ;
#1388 = LINE ( 'NONE', #579, #615 ) ;
#1389 = CARTESIAN_POINT ( 'NONE',  ( 1.592040838891559450E-14, 10.00000000000000000, 130.0000000000000000 ) ) ;
#1390 = AXIS2_PLACEMENT_3D ( 'NONE', #1703, #1531, #1687 ) ;
#1391 = DIRECTION ( 'NONE',  ( 0.000000000000000000, -1.000000000000000000, 0.000000000000000000 ) ) ;
#1392 = VECTOR ( 'NONE', #517, 1000.000000000000000 ) ;
#1393 = ORIENTED_EDGE ( 'NONE', *, *, #1767, .T. ) ;
#1394 = AXIS2_PLACEMENT_3D ( 'NONE', #1725, #1046, #752 ) ;
#1395 = EDGE_LOOP ( 'NONE', ( #562, #1229, #1180, #1127 ) ) ;
#1396 = APPLICATION_PROTOCOL_DEFINITION ( 'draft international standard', 'automotive_design', 1998, #1535 ) ;
#1397 = ORIENTED_EDGE ( 'NONE', *, *, #1075, .T. ) ;
#1398 = DIRECTION ( 'NONE',  ( 0.000000000000000000, 0.000000000000000000, 1.000000000000000000 ) ) ;
#1399 = CARTESIAN_POINT ( 'NONE',  ( 45.00000000000000000, 0.000000000000000000, -1.700000000000157163 ) ) ;
#1400 = CARTESIAN_POINT ( 'NONE',  ( 99.99999999999998579, 0.000000000000000000, -57.50000000000002132 ) ) ;
#1401 = ORIENTED_EDGE ( 'NONE', *, *, #225, .T. ) ;
#1402 = AXIS2_PLACEMENT_3D ( 'NONE', #536, #686, #826 ) ;
#1403 = ORIENTED_EDGE ( 'NONE', *, *, #429, .T. ) ;
#1404 = CARTESIAN_POINT ( 'NONE',  ( 104.9999999999999858, 0.000000000000000000, -65.00000000000002842 ) ) ;
#1405 = ORIENTED_EDGE ( 'NONE', *, *, #270, .T. ) ;
#1406 = CARTESIAN_POINT ( 'NONE',  ( -104.9999999999999858, 0.000000000000000000, 180.0000000000000000 ) ) ;
#1407 = CARTESIAN_POINT ( 'NONE',  ( -110.0000000000000142, 10.00000000000000000, -70.00000000000000000 ) ) ;
#1408 = DIRECTION ( 'NONE',  ( 0.000000000000000000, 0.000000000000000000, 1.000000000000000000 ) ) ;
#1409 = ORIENTED_EDGE ( 'NONE', *, *, #1571, .F. ) ;
#1410 = EDGE_CURVE ( 'NONE', #901, #1682, #207, .T. ) ;
#1411 = VERTEX_POINT ( 'NONE', #10 ) ;
#1412 = DIRECTION ( 'NONE',  ( 1.000000000000000000, 0.000000000000000000, -3.491481338843137300E-15 ) ) ;
#1413 = CARTESIAN_POINT ( 'NONE',  ( 0.000000000000000000, 0.000000000000000000, 0.000000000000000000 ) ) ;
#1414 = EDGE_LOOP ( 'NONE', ( #1497, #1019, #1123, #1679 ) ) ;
#1415 = CARTESIAN_POINT ( 'NONE',  ( 15.00000000000001066, 10.00000000000000000, 80.00000000000000000 ) ) ;
#1416 = CYLINDRICAL_SURFACE ( 'NONE', #613, 5.000000000000004441 ) ;
#1417 = AXIS2_PLACEMENT_3D ( 'NONE', #704, #1779, #800 ) ;
#1418 = ORIENTED_EDGE ( 'NONE', *, *, #78, .T. ) ;
#1419 = CIRCLE ( 'NONE', #1568, 2.500000000000009326 ) ;
#1420 = EDGE_CURVE ( 'NONE', #1231, #957, #440, .T. ) ;
#1421 = ORIENTED_EDGE ( 'NONE', *, *, #842, .T. ) ;
#1422 = CIRCLE ( 'NONE', #1304, 5.000000000000004441 ) ;
#1423 = ORIENTED_EDGE ( 'NONE', *, *, #236, .F. ) ;
#1424 = FACE_OUTER_BOUND ( 'NONE', #238, .T. ) ;
#1425 = ORIENTED_EDGE ( 'NONE', *, *, #347, .T. ) ;
#1426 = DIRECTION ( 'NONE',  ( 0.000000000000000000, 0.000000000000000000, -1.000000000000000000 ) ) ;
#1427 = LINE ( 'NONE', #1728, #478 ) ;
#1428 = CIRCLE ( 'NONE', #1234, 2.499999999999995115 ) ;
#1429 = ORIENTED_EDGE ( 'NONE', *, *, #1441, .T. ) ;
#1430 = CIRCLE ( 'NONE', #1491, 2.200000000000007283 ) ;
#1431 = VERTEX_POINT ( 'NONE', #841 ) ;
#1432 = LINE ( 'NONE', #1460, #1165 ) ;
#1433 = FACE_OUTER_BOUND ( 'NONE', #56, .T. ) ;
#1434 = PLANE ( 'NONE',  #889 ) ;
#1435 = CARTESIAN_POINT ( 'NONE',  ( 109.9999999999999858, 10.00000000000000000, -70.00000000000002842 ) ) ;
#1436 = ORIENTED_EDGE ( 'NONE', *, *, #1377, .F. ) ;
#1437 = ORIENTED_EDGE ( 'NONE', *, *, #1018, .F. ) ;
#1438 = LINE ( 'NONE', #878, #1254 ) ;
#1439 = ORIENTED_EDGE ( 'NONE', *, *, #1502, .T. ) ;
#1440 = EDGE_CURVE ( 'NONE', #984, #1572, #1597, .T. ) ;
#1441 = EDGE_CURVE ( 'NONE', #726, #583, #908, .T. ) ;
#1442 = DIRECTION ( 'NONE',  ( 0.000000000000000000, 0.000000000000000000, 1.000000000000000000 ) ) ;
#1443 = ORIENTED_EDGE ( 'NONE', *, *, #1008, .F. ) ;
#1444 = CARTESIAN_POINT ( 'NONE',  ( 65.00000000000001421, 10.00000000000000000, 80.00000000000000000 ) ) ;
#1445 = ORIENTED_EDGE ( 'NONE', *, *, #598, .T. ) ;
#1446 = AXIS2_PLACEMENT_3D ( 'NONE', #538, #1381, #391 ) ;
#1447 = ORIENTED_EDGE ( 'NONE', *, *, #1008, .T. ) ;
#1448 = PRODUCT_DEFINITION_SHAPE ( 'NONE', 'NONE',  #831 ) ;
#1449 = AXIS2_PLACEMENT_3D ( 'NONE', #1025, #1040, #55 ) ;
#1450 = FILL_AREA_STYLE_COLOUR ( '', #1113 ) ;
#1451 = VECTOR ( 'NONE', #1348, 1000.000000000000000 ) ;
#1452 = FACE_BOUND ( 'NONE', #210, .T. ) ;
#1453 = FACE_OUTER_BOUND ( 'NONE', #1540, .T. ) ;
#1454 = CARTESIAN_POINT ( 'NONE',  ( -45.00000000000000000, 0.000000000000000000, 4.713499807438230156E-13 ) ) ;
#1455 = CIRCLE ( 'NONE', #1721, 2.500000000000002220 ) ;
#1456 = DIRECTION ( 'NONE',  ( 0.000000000000000000, -0.000000000000000000, 1.000000000000000000 ) ) ;
#1457 = ADVANCED_FACE ( 'NONE', ( #80 ), #1303, .F. ) ;
#1458 = VERTEX_POINT ( 'NONE', #1319 ) ;
#1459 = VECTOR ( 'NONE', #107, 1000.000000000000000 ) ;
#1460 = CARTESIAN_POINT ( 'NONE',  ( 2.081899558550500280E-16, 0.000000000000000000, 43.29999999999999716 ) ) ;
#1461 = LINE ( 'NONE', #1611, #1686 ) ;
#1462 = DIRECTION ( 'NONE',  ( 0.000000000000000000, -0.000000000000000000, 1.000000000000000000 ) ) ;
#1463 = CARTESIAN_POINT ( 'NONE',  ( 23.57000000000001805, 10.00000000000000000, 153.5699999999999932 ) ) ;
#1464 = DIRECTION ( 'NONE',  ( 0.000000000000000000, 0.000000000000000000, 1.000000000000000000 ) ) ;
#1465 = ADVANCED_BREP_SHAPE_REPRESENTATION ( 'Part5', ( #1573, #854 ), #184 ) ;
#1466 = EDGE_CURVE ( 'NONE', #1701, #98, #1432, .T. ) ;
#1467 = ORIENTED_EDGE ( 'NONE', *, *, #216, .F. ) ;
#1468 = EDGE_CURVE ( 'NONE', #813, #1036, #1438, .T. ) ;
#1469 = FACE_OUTER_BOUND ( 'NONE', #860, .T. ) ;
#1470 = ORIENTED_EDGE ( 'NONE', *, *, #494, .F. ) ;
#1471 = CARTESIAN_POINT ( 'NONE',  ( 15.00000000000000888, 10.00000000000000000, 77.49999999999995737 ) ) ;
#1472 = CARTESIAN_POINT ( 'NONE',  ( -64.99999999999998579, 10.00000000000000000, 77.50000000000000000 ) ) ;
#1473 = LINE ( 'NONE', #1778, #1202 ) ;
#1474 = CARTESIAN_POINT ( 'NONE',  ( 65.00000000000001421, 0.000000000000000000, 82.49999999999998579 ) ) ;
#1475 = ORIENTED_EDGE ( 'NONE', *, *, #1784, .F. ) ;
#1476 = CARTESIAN_POINT ( 'NONE',  ( -99.99999999999998579, 10.00000000000000000, 167.4999999999999716 ) ) ;
#1477 = DIRECTION ( 'NONE',  ( 0.000000000000000000, 0.000000000000000000, 1.000000000000000000 ) ) ;
#1478 = VECTOR ( 'NONE', #1786, 1000.000000000000000 ) ;
#1479 = EDGE_CURVE ( 'NONE', #330, #929, #635, .T. ) ;
#1480 = EDGE_LOOP ( 'NONE', ( #144, #924 ) ) ;
#1481 = AXIS2_PLACEMENT_3D ( 'NONE', #465, #185, #324 ) ;
#1482 = CARTESIAN_POINT ( 'NONE',  ( 1.592040838891559450E-14, 10.00000000000000000, 109.9999999999999858 ) ) ;
#1483 = CARTESIAN_POINT ( 'NONE',  ( 1.836970198721030062E-14, 10.00000000000000000, 150.0000000000000284 ) ) ;
#1484 = LINE ( 'NONE', #390, #218 ) ;
#1485 = CARTESIAN_POINT ( 'NONE',  ( -45.00000000000000000, 0.000000000000000000, 4.713499807438230156E-13 ) ) ;
#1486 = ORIENTED_EDGE ( 'NONE', *, *, #1602, .T. ) ;
#1487 = AXIS2_PLACEMENT_3D ( 'NONE', #1326, #1753, #1212 ) ;
#1488 = CARTESIAN_POINT ( 'NONE',  ( 100.0000000000000426, 0.000000000000000000, 169.9999999999999432 ) ) ;
#1489 = VECTOR ( 'NONE', #591, 1000.000000000000000 ) ;
#1490 = ORIENTED_EDGE ( 'NONE', *, *, #396, .F. ) ;
#1491 = AXIS2_PLACEMENT_3D ( 'NONE', #1167, #1726, #1554 ) ;
#1492 = EDGE_CURVE ( 'NONE', #505, #871, #1137, .T. ) ;
#1493 = CARTESIAN_POINT ( 'NONE',  ( -99.99999999999998579, 0.000000000000000000, 169.9999999999999716 ) ) ;
#1494 = FACE_BOUND ( 'NONE', #29, .T. ) ;
#1495 = CARTESIAN_POINT ( 'NONE',  ( -23.56999999999998252, 10.00000000000000000, 153.5699999999999932 ) ) ;
#1496 = DIRECTION ( 'NONE',  ( 0.000000000000000000, 1.000000000000000000, 0.000000000000000000 ) ) ;
#1497 = ORIENTED_EDGE ( 'NONE', *, *, #731, .T. ) ;
#1498 = LINE ( 'NONE', #823, #479 ) ;
#1499 = ORIENTED_EDGE ( 'NONE', *, *, #1107, .T. ) ;
#1500 = CARTESIAN_POINT ( 'NONE',  ( -100.0000000000000142, 10.00000000000000000, 54.99999999999999289 ) ) ;
#1501 = CARTESIAN_POINT ( 'NONE',  ( -100.0000000000000142, 0.000000000000000000, -60.00000000000000711 ) ) ;
#1502 = EDGE_CURVE ( 'NONE', #661, #768, #1422, .T. ) ;
#1503 = EDGE_CURVE ( 'NONE', #824, #464, #848, .T. ) ;
#1504 = CARTESIAN_POINT ( 'NONE',  ( -23.56999999999998252, 10.00000000000000000, 151.3699999999999761 ) ) ;
#1505 = DIRECTION ( 'NONE',  ( -0.000000000000000000, 1.000000000000000000, 0.000000000000000000 ) ) ;
#1506 = ORIENTED_EDGE ( 'NONE', *, *, #296, .T. ) ;
#1507 = CARTESIAN_POINT ( 'NONE',  ( -23.56999999999998607, 10.00000000000000000, 108.6299999999999955 ) ) ;
#1508 = ORIENTED_EDGE ( 'NONE', *, *, #1466, .F. ) ;
#1509 = VECTOR ( 'NONE', #755, 1000.000000000000000 ) ;
#1510 = CARTESIAN_POINT ( 'NONE',  ( -104.9999999999999858, 10.00000000000000000, 180.0000000000000000 ) ) ;
#1511 = CIRCLE ( 'NONE', #1111, 2.500000000000009326 ) ;
#1512 = FACE_OUTER_BOUND ( 'NONE', #684, .T. ) ;
#1513 = VECTOR ( 'NONE', #712, 1000.000000000000000 ) ;
#1514 = CARTESIAN_POINT ( 'NONE',  ( 15.00000000000001066, 0.000000000000000000, 82.50000000000004263 ) ) ;
#1515 = DIRECTION ( 'NONE',  ( 0.000000000000000000, 0.000000000000000000, 1.000000000000000000 ) ) ;
#1516 = ORIENTED_EDGE ( 'NONE', *, *, #1281, .T. ) ;
#1517 = EDGE_CURVE ( 'NONE', #1672, #1000, #69, .T. ) ;
#1518 = ORIENTED_EDGE ( 'NONE', *, *, #1182, .F. ) ;
#1519 = DIRECTION ( 'NONE',  ( -0.000000000000000000, 1.000000000000000000, -0.000000000000000000 ) ) ;
#1520 = AXIS2_PLACEMENT_3D ( 'NONE', #1705, #893, #1292 ) ;
#1521 = AXIS2_PLACEMENT_3D ( 'NONE', #118, #673, #1777 ) ;
#1522 = DIRECTION ( 'NONE',  ( -0.000000000000000000, 1.000000000000000000, 0.000000000000000000 ) ) ;
#1523 = CARTESIAN_POINT ( 'NONE',  ( 110.0000000000000426, 10.00000000000000000, 174.9999999999999716 ) ) ;
#1524 = ORIENTED_EDGE ( 'NONE', *, *, #736, .T. ) ;
#1525 = ADVANCED_FACE ( 'NONE', ( #1742 ), #1574, .F. ) ;
#1526 = EDGE_CURVE ( 'NONE', #419, #623, #1741, .T. ) ;
#1527 = ORIENTED_EDGE ( 'NONE', *, *, #1207, .F. ) ;
#1528 = EDGE_LOOP ( 'NONE', ( #1582, #1423, #1257, #329 ) ) ;
#1529 = CARTESIAN_POINT ( 'NONE',  ( 0.000000000000000000, 0.000000000000000000, 46.69999999999999574 ) ) ;
#1530 = DIRECTION ( 'NONE',  ( 0.000000000000000000, 0.000000000000000000, 1.000000000000000000 ) ) ;
#1531 = DIRECTION ( 'NONE',  ( 0.000000000000000000, 1.000000000000000000, -0.000000000000000000 ) ) ;
#1532 = EDGE_LOOP ( 'NONE', ( #42, #315 ) ) ;
#1533 = ORIENTED_EDGE ( 'NONE', *, *, #864, .F. ) ;
#1534 = DIRECTION ( 'NONE',  ( 0.000000000000000000, 0.000000000000000000, 1.000000000000000000 ) ) ;
#1535 = APPLICATION_CONTEXT ( 'automotive_design' ) ;
#1536 = DIRECTION ( 'NONE',  ( -1.000000000000000000, -0.000000000000000000, 1.261617073437677999E-16 ) ) ;
#1537 = VECTOR ( 'NONE', #334, 1000.000000000000000 ) ;
#1538 = LINE ( 'NONE', #1400, #1656 ) ;
#1539 = VECTOR ( 'NONE', #239, 1000.000000000000000 ) ;
#1540 = EDGE_LOOP ( 'NONE', ( #1211, #1097, #321, #1533 ) ) ;
#1541 = AXIS2_PLACEMENT_3D ( 'NONE', #488, #1598, #1588 ) ;
#1542 = ORIENTED_EDGE ( 'NONE', *, *, #1219, .T. ) ;
#1543 = EDGE_LOOP ( 'NONE', ( #431, #168 ) ) ;
#1544 = CARTESIAN_POINT ( 'NONE',  ( -64.99999999999998579, 0.000000000000000000, 82.50000000000000000 ) ) ;
#1545 = CIRCLE ( 'NONE', #1337, 2.199999999999993516 ) ;
#1546 = EDGE_CURVE ( 'NONE', #558, #872, #710, .T. ) ;
#1547 = PLANE ( 'NONE',  #393 ) ;
#1548 = CARTESIAN_POINT ( 'NONE',  ( 100.0000000000000426, 10.00000000000000000, 167.4999999999999432 ) ) ;
#1549 = CIRCLE ( 'NONE', #20, 1.700000000000000178 ) ;
#1550 = EDGE_LOOP ( 'NONE', ( #197, #401, #1267, #1266 ) ) ;
#1551 = DIRECTION ( 'NONE',  ( 0.000000000000000000, 1.000000000000000000, 0.000000000000000000 ) ) ;
#1552 = EDGE_LOOP ( 'NONE', ( #227, #14 ) ) ;
#1553 = CARTESIAN_POINT ( 'NONE',  ( 15.00000000000000888, 10.00000000000000000, 77.49999999999995737 ) ) ;
#1554 = DIRECTION ( 'NONE',  ( 0.000000000000000000, 0.000000000000000000, 1.000000000000000000 ) ) ;
#1555 = LINE ( 'NONE', #1117, #466 ) ;
#1556 = ADVANCED_FACE ( 'NONE', ( #1424 ), #1174, .F. ) ;
#1557 = EDGE_CURVE ( 'NONE', #1385, #9, #879, .T. ) ;
#1558 = ORIENTED_EDGE ( 'NONE', *, *, #275, .T. ) ;
#1559 = EDGE_LOOP ( 'NONE', ( #803, #1689, #1401, #200 ) ) ;
#1560 = DIRECTION ( 'NONE',  ( -0.000000000000000000, 1.000000000000000000, 0.000000000000000000 ) ) ;
#1561 = ORIENTED_EDGE ( 'NONE', *, *, #1479, .T. ) ;
#1562 = CARTESIAN_POINT ( 'NONE',  ( 105.0000000000000426, 10.00000000000000000, 174.9999999999999716 ) ) ;
#1563 = DIRECTION ( 'NONE',  ( 0.000000000000000000, -1.000000000000000000, 0.000000000000000000 ) ) ;
#1564 = FACE_BOUND ( 'NONE', #611, .T. ) ;
#1565 = AXIS2_PLACEMENT_3D ( 'NONE', #400, #1622, #811 ) ;
#1566 = CARTESIAN_POINT ( 'NONE',  ( 99.99999999999998579, 10.00000000000000000, -62.50000000000004263 ) ) ;
#1567 = CARTESIAN_POINT ( 'NONE',  ( 23.57000000000001450, 10.00000000000000000, 108.6299999999999955 ) ) ;
#1568 = AXIS2_PLACEMENT_3D ( 'NONE', #341, #89, #628 ) ;
#1569 = ORIENTED_EDGE ( 'NONE', *, *, #396, .T. ) ;
#1570 = AXIS2_PLACEMENT_3D ( 'NONE', #1230, #683, #1477 ) ;
#1571 = EDGE_CURVE ( 'NONE', #632, #539, #385, .T. ) ;
#1572 = VERTEX_POINT ( 'NONE', #345 ) ;
#1573 = MANIFOLD_SOLID_BREP ( 'CirPattern1', #627 ) ;
#1574 = CYLINDRICAL_SURFACE ( 'NONE', #1481, 2.500000000000043965 ) ;
#1575 = CARTESIAN_POINT ( 'NONE',  ( 105.0000000000000426, 10.00000000000000000, 174.9999999999999716 ) ) ;
#1576 = DIRECTION ( 'NONE',  ( 0.000000000000000000, 1.000000000000000000, 0.000000000000000000 ) ) ;
#1577 = AXIS2_PLACEMENT_3D ( 'NONE', #190, #1169, #49 ) ;
#1578 = ORIENTED_EDGE ( 'NONE', *, *, #45, .F. ) ;
#1579 = VECTOR ( 'NONE', #526, 1000.000000000000000 ) ;
#1580 = ADVANCED_FACE ( 'NONE', ( #1782 ), #746, .F. ) ;
#1581 = EDGE_CURVE ( 'NONE', #1070, #1431, #125, .T. ) ;
#1582 = ORIENTED_EDGE ( 'NONE', *, *, #1140, .F. ) ;
#1583 = DIRECTION ( 'NONE',  ( 0.000000000000000000, 1.000000000000000000, 0.000000000000000000 ) ) ;
#1584 = CARTESIAN_POINT ( 'NONE',  ( -64.99999999999998579, 0.000000000000000000, 80.00000000000001421 ) ) ;
#1585 = CARTESIAN_POINT ( 'NONE',  ( -110.0000000000000142, 0.000000000000000000, -65.00000000000000000 ) ) ;
#1586 = EDGE_LOOP ( 'NONE', ( #922, #1467, #1355, #1558 ) ) ;
#1587 = VERTEX_POINT ( 'NONE', #124 ) ;
#1588 = DIRECTION ( 'NONE',  ( 0.000000000000000000, 0.000000000000000000, 1.000000000000000000 ) ) ;
#1589 = ORIENTED_EDGE ( 'NONE', *, *, #754, .F. ) ;
#1590 = CARTESIAN_POINT ( 'NONE',  ( -99.99999999999998579, 10.00000000000000000, 169.9999999999999716 ) ) ;
#1591 = CARTESIAN_POINT ( 'NONE',  ( -99.99999999999998579, 0.000000000000000000, 169.9999999999999716 ) ) ;
#1592 = DIRECTION ( 'NONE',  ( 0.000000000000000000, 0.000000000000000000, 1.000000000000000000 ) ) ;
#1593 = CIRCLE ( 'NONE', #1390, 2.500000000000002220 ) ;
#1594 = ORIENTED_EDGE ( 'NONE', *, *, #1637, .T. ) ;
#1595 = VECTOR ( 'NONE', #1342, 1000.000000000000000 ) ;
#1596 = ORIENTED_EDGE ( 'NONE', *, *, #547, .F. ) ;
#1597 = CIRCLE ( 'NONE', #127, 2.499999999999995115 ) ;
#1598 = DIRECTION ( 'NONE',  ( 0.000000000000000000, 1.000000000000000000, 0.000000000000000000 ) ) ;
#1599 = DIRECTION ( 'NONE',  ( -0.000000000000000000, 1.000000000000000000, 0.000000000000000000 ) ) ;
#1600 = UNCERTAINTY_MEASURE_WITH_UNIT (LENGTH_MEASURE( 1.000000000000000082E-05 ), #1157, 'distance_accuracy_value', 'NONE');
#1601 = DIRECTION ( 'NONE',  ( 0.000000000000000000, 1.000000000000000000, 0.000000000000000000 ) ) ;
#1602 = EDGE_CURVE ( 'NONE', #1024, #161, #1088, .T. ) ;
#1603 = EDGE_CURVE ( 'NONE', #1701, #1231, #1690, .T. ) ;
#1604 = ORIENTED_EDGE ( 'NONE', *, *, #964, .T. ) ;
#1605 = DIRECTION ( 'NONE',  ( 0.000000000000000000, 0.000000000000000000, 1.000000000000000000 ) ) ;
#1606 = ORIENTED_EDGE ( 'NONE', *, *, #1733, .F. ) ;
#1607 = CIRCLE ( 'NONE', #717, 20.00000000000001776 ) ;
#1608 = CIRCLE ( 'NONE', #891, 2.200000000000007283 ) ;
#1609 = CARTESIAN_POINT ( 'NONE',  ( 65.00000000000001421, 10.00000000000000000, 77.49999999999998579 ) ) ;
#1610 = ORIENTED_EDGE ( 'NONE', *, *, #851, .T. ) ;
#1611 = CARTESIAN_POINT ( 'NONE',  ( -45.00000000000000000, 0.000000000000000000, -1.699999999999528555 ) ) ;
#1612 = CARTESIAN_POINT ( 'NONE',  ( 100.0000000000000426, 10.00000000000000000, 172.4999999999999716 ) ) ;
#1613 = DIRECTION ( 'NONE',  ( -0.000000000000000000, -1.000000000000000000, -0.000000000000000000 ) ) ;
#1614 = CARTESIAN_POINT ( 'NONE',  ( 0.000000000000000000, 0.000000000000000000, 0.000000000000000000 ) ) ;
#1615 = ORIENTED_EDGE ( 'NONE', *, *, #1055, .F. ) ;
#1616 = CARTESIAN_POINT ( 'NONE',  ( -105.0000000000000142, 0.000000000000000000, -65.00000000000000000 ) ) ;
#1617 = DIRECTION ( 'NONE',  ( 0.000000000000000000, 0.000000000000000000, 1.000000000000000000 ) ) ;
#1618 = ORIENTED_EDGE ( 'NONE', *, *, #1181, .F. ) ;
#1619 = CARTESIAN_POINT ( 'NONE',  ( -100.0000000000000142, 0.000000000000000000, 52.49999999999998579 ) ) ;
#1620 = DIRECTION ( 'NONE',  ( -0.000000000000000000, 1.000000000000000000, 0.000000000000000000 ) ) ;
#1621 = CARTESIAN_POINT ( 'NONE',  ( 65.00000000000001421, 0.000000000000000000, 77.49999999999998579 ) ) ;
#1622 = DIRECTION ( 'NONE',  ( -0.000000000000000000, -1.000000000000000000, -0.000000000000000000 ) ) ;
#1623 = EDGE_LOOP ( 'NONE', ( #1506, #1418 ) ) ;
#1624 = EDGE_CURVE ( 'NONE', #94, #929, #590, .T. ) ;
#1625 = CIRCLE ( 'NONE', #989, 20.00000000000001776 ) ;
#1626 = DIRECTION ( 'NONE',  ( 0.000000000000000000, 0.000000000000000000, 1.000000000000000000 ) ) ;
#1627 = CIRCLE ( 'NONE', #1136, 2.199999999999993516 ) ;
#1628 = ORIENTED_EDGE ( 'NONE', *, *, #544, .T. ) ;
#1629 = DIRECTION ( 'NONE',  ( 0.000000000000000000, 1.000000000000000000, 0.000000000000000000 ) ) ;
#1630 = DIRECTION ( 'NONE',  ( 0.000000000000000000, 0.000000000000000000, -1.000000000000000000 ) ) ;
#1631 = DIRECTION ( 'NONE',  ( 0.000000000000000000, 0.000000000000000000, -1.000000000000000000 ) ) ;
#1632 = DIRECTION ( 'NONE',  ( -0.000000000000000000, -1.000000000000000000, -0.000000000000000000 ) ) ;
#1633 = VERTEX_POINT ( 'NONE', #1096 ) ;
#1634 = AXIS2_PLACEMENT_3D ( 'NONE', #1404, #1384, #1256 ) ;
#1635 = CARTESIAN_POINT ( 'NONE',  ( -100.0000000000000142, 0.000000000000000000, -57.49999999999999289 ) ) ;
#1636 = EDGE_CURVE ( 'NONE', #148, #758, #1059, .T. ) ;
#1637 = EDGE_CURVE ( 'NONE', #449, #939, #1331, .T. ) ;
#1638 = AXIS2_PLACEMENT_3D ( 'NONE', #181, #757, #630 ) ;
#1639 = ORIENTED_EDGE ( 'NONE', *, *, #1038, .T. ) ;
#1640 = AXIS2_PLACEMENT_3D ( 'NONE', #1616, #1781, #1771 ) ;
#1641 = DIRECTION ( 'NONE',  ( 0.000000000000000000, 1.000000000000000000, 0.000000000000000000 ) ) ;
#1642 = DIRECTION ( 'NONE',  ( -0.000000000000000000, 1.000000000000000000, 0.000000000000000000 ) ) ;
#1643 = DIRECTION ( 'NONE',  ( 0.000000000000000000, 0.000000000000000000, 1.000000000000000000 ) ) ;
#1644 = FACE_OUTER_BOUND ( 'NONE', #1058, .T. ) ;
#1645 = ORIENTED_EDGE ( 'NONE', *, *, #909, .F. ) ;
#1646 = DIRECTION ( 'NONE',  ( -1.000000000000000000, -0.000000000000000000, 8.326672684688676025E-16 ) ) ;
#1647 = ORIENTED_EDGE ( 'NONE', *, *, #1181, .T. ) ;
#1648 = CARTESIAN_POINT ( 'NONE',  ( -23.56999999999998607, 10.00000000000000000, 104.2300000000000040 ) ) ;
#1649 = CARTESIAN_POINT ( 'NONE',  ( 99.99999999999998579, 10.00000000000000000, -60.00000000000003553 ) ) ;
#1650 = EDGE_CURVE ( 'NONE', #506, #60, #561, .T. ) ;
#1651 = CARTESIAN_POINT ( 'NONE',  ( -45.00000000000000000, 0.000000000000000000, 1.700000000000471356 ) ) ;
#1652 = CARTESIAN_POINT ( 'NONE',  ( 65.00000000000001421, 10.00000000000000000, 77.49999999999998579 ) ) ;
#1653 = ORIENTED_EDGE ( 'NONE', *, *, #1298, .F. ) ;
#1654 = DIRECTION ( 'NONE',  ( 0.000000000000000000, 0.000000000000000000, 1.000000000000000000 ) ) ;
#1655 = ORIENTED_EDGE ( 'NONE', *, *, #621, .F. ) ;
#1656 = VECTOR ( 'NONE', #576, 1000.000000000000000 ) ;
#1657 = LINE ( 'NONE', #4, #906 ) ;
#1658 = VECTOR ( 'NONE', #1214, 1000.000000000000000 ) ;
#1659 = AXIS2_PLACEMENT_3D ( 'NONE', #193, #1184, #52 ) ;
#1660 = CARTESIAN_POINT ( 'NONE',  ( -100.0000000000000142, 10.00000000000000000, 54.99999999999999289 ) ) ;
#1661 = LINE ( 'NONE', #259, #262 ) ;
#1662 = EDGE_CURVE ( 'NONE', #1743, #1036, #653, .T. ) ;
#1663 = ADVANCED_FACE ( 'NONE', ( #1469 ), #542, .F. ) ;
#1664 = ORIENTED_EDGE ( 'NONE', *, *, #1030, .F. ) ;
#1665 = CYLINDRICAL_SURFACE ( 'NONE', #475, 2.500000000000009326 ) ;
#1666 = EDGE_LOOP ( 'NONE', ( #1436, #1237, #282, #594 ) ) ;
#1667 = FACE_OUTER_BOUND ( 'NONE', #366, .T. ) ;
#1668 = VECTOR ( 'NONE', #252, 1000.000000000000000 ) ;
#1669 = AXIS2_PLACEMENT_3D ( 'NONE', #1343, #1601, #646 ) ;
#1670 = DIRECTION ( 'NONE',  ( 0.000000000000000000, 0.000000000000000000, 1.000000000000000000 ) ) ;
#1671 = DIRECTION ( 'NONE',  ( 0.000000000000000000, 1.000000000000000000, 0.000000000000000000 ) ) ;
#1672 = VERTEX_POINT ( 'NONE', #692 ) ;
#1673 = ORIENTED_EDGE ( 'NONE', *, *, #406, .F. ) ;
#1674 = EDGE_CURVE ( 'NONE', #1185, #25, #1498, .T. ) ;
#1675 = ORIENTED_EDGE ( 'NONE', *, *, #45, .T. ) ;
#1676 = CARTESIAN_POINT ( 'NONE',  ( 0.000000000000000000, 0.000000000000000000, -45.00000000000000000 ) ) ;
#1677 = CARTESIAN_POINT ( 'NONE',  ( 99.99999999999998579, 0.000000000000000000, -60.00000000000003553 ) ) ;
#1678 = DIRECTION ( 'NONE',  ( 0.000000000000000000, 0.000000000000000000, 1.000000000000000000 ) ) ;
#1679 = ORIENTED_EDGE ( 'NONE', *, *, #225, .F. ) ;
#1680 = CARTESIAN_POINT ( 'NONE',  ( -23.56999999999998252, 10.00000000000000000, 155.7699999999999818 ) ) ;
#1681 = EDGE_CURVE ( 'NONE', #1382, #104, #1201, .T. ) ;
#1682 = VERTEX_POINT ( 'NONE', #115 ) ;
#1683 = DIRECTION ( 'NONE',  ( 0.000000000000000000, 1.000000000000000000, 0.000000000000000000 ) ) ;
#1684 = AXIS2_PLACEMENT_3D ( 'NONE', #1485, #120, #676 ) ;
#1685 = CARTESIAN_POINT ( 'NONE',  ( -14.99999999999999112, 10.00000000000000000, 77.49999999999995737 ) ) ;
#1686 = VECTOR ( 'NONE', #1720, 1000.000000000000000 ) ;
#1687 = DIRECTION ( 'NONE',  ( 0.000000000000000000, 0.000000000000000000, -1.000000000000000000 ) ) ;
#1688 = AXIS2_PLACEMENT_3D ( 'NONE', #1291, #898, #1442 ) ;
#1689 = ORIENTED_EDGE ( 'NONE', *, *, #1239, .T. ) ;
#1690 = CIRCLE ( 'NONE', #354, 1.700000000000000178 ) ;
#1691 = ORIENTED_EDGE ( 'NONE', *, *, #87, .F. ) ;
#1692 = EDGE_CURVE ( 'NONE', #506, #1283, #1069, .T. ) ;
#1693 = EDGE_CURVE ( 'NONE', #1458, #312, #1367, .T. ) ;
#1694 = DIRECTION ( 'NONE',  ( 0.000000000000000000, 0.000000000000000000, -1.000000000000000000 ) ) ;
#1695 = VECTOR ( 'NONE', #1116, 1000.000000000000000 ) ;
#1696 = DIRECTION ( 'NONE',  ( 0.000000000000000000, 1.000000000000000000, 0.000000000000000000 ) ) ;
#1697 = VECTOR ( 'NONE', #357, 1000.000000000000000 ) ;
#1698 = ORIENTED_EDGE ( 'NONE', *, *, #407, .F. ) ;
#1699 = EDGE_LOOP ( 'NONE', ( #1041, #1079 ) ) ;
#1700 = CARTESIAN_POINT ( 'NONE',  ( 1.592040838891559450E-14, 0.000000000000000000, 130.0000000000000000 ) ) ;
#1701 = VERTEX_POINT ( 'NONE', #247 ) ;
#1702 = CARTESIAN_POINT ( 'NONE',  ( -100.0000000000000142, 0.000000000000000000, -60.00000000000000711 ) ) ;
#1703 = CARTESIAN_POINT ( 'NONE',  ( 65.00000000000001421, 0.000000000000000000, 80.00000000000000000 ) ) ;
#1704 = EDGE_CURVE ( 'NONE', #838, #1743, #970, .T. ) ;
#1705 = CARTESIAN_POINT ( 'NONE',  ( 100.0000000000000426, 0.000000000000000000, 169.9999999999999432 ) ) ;
#1706 = ORIENTED_EDGE ( 'NONE', *, *, #1420, .F. ) ;
#1707 = ORIENTED_EDGE ( 'NONE', *, *, #375, .F. ) ;
#1708 = CARTESIAN_POINT ( 'NONE',  ( 0.000000000000000000, 10.00000000000000000, 0.000000000000000000 ) ) ;
#1709 = DIRECTION ( 'NONE',  ( -0.000000000000000000, 1.000000000000000000, -0.000000000000000000 ) ) ;
#1710 = DIRECTION ( 'NONE',  ( 0.000000000000000000, 1.000000000000000000, 0.000000000000000000 ) ) ;
#1711 = AXIS2_PLACEMENT_3D ( 'NONE', #1033, #1177, #607 ) ;
#1712 = FACE_OUTER_BOUND ( 'NONE', #1718, .T. ) ;
#1713 = EDGE_CURVE ( 'NONE', #623, #419, #445, .T. ) ;
#1714 = ADVANCED_FACE ( 'NONE', ( #1772 ), #1665, .F. ) ;
#1715 = CIRCLE ( 'NONE', #936, 1.700000000000000178 ) ;
#1716 = ORIENTED_EDGE ( 'NONE', *, *, #310, .T. ) ;
#1717 = AXIS2_PLACEMENT_3D ( 'NONE', #861, #1583, #1022 ) ;
#1718 = EDGE_LOOP ( 'NONE', ( #261, #888, #1628, #587 ) ) ;
#1719 = DIRECTION ( 'NONE',  ( -0.000000000000000000, -1.000000000000000000, -0.000000000000000000 ) ) ;
#1720 = DIRECTION ( 'NONE',  ( -0.000000000000000000, 1.000000000000000000, -0.000000000000000000 ) ) ;
#1721 = AXIS2_PLACEMENT_3D ( 'NONE', #1122, #314, #276 ) ;
#1722 = FACE_OUTER_BOUND ( 'NONE', #421, .T. ) ;
#1723 = ORIENTED_EDGE ( 'NONE', *, *, #1207, .T. ) ;
#1724 = ORIENTED_EDGE ( 'NONE', *, *, #634, .T. ) ;
#1725 = CARTESIAN_POINT ( 'NONE',  ( 100.0000000000000000, 0.000000000000000000, 54.99999999999996447 ) ) ;
#1726 = DIRECTION ( 'NONE',  ( 0.000000000000000000, 1.000000000000000000, 0.000000000000000000 ) ) ;
#1727 = DIRECTION ( 'NONE',  ( 0.000000000000000000, 0.000000000000000000, 1.000000000000000000 ) ) ;
#1728 = CARTESIAN_POINT ( 'NONE',  ( -110.0000000000000142, 10.00000000000000000, -70.00000000000000000 ) ) ;
#1729 = CARTESIAN_POINT ( 'NONE',  ( -100.0000000000000142, 0.000000000000000000, 54.99999999999999289 ) ) ;
#1730 = EDGE_LOOP ( 'NONE', ( #1247, #1594 ) ) ;
#1731 = ORIENTED_EDGE ( 'NONE', *, *, #154, .T. ) ;
#1732 = SURFACE_STYLE_FILL_AREA ( #1313 ) ;
#1733 = EDGE_CURVE ( 'NONE', #1682, #993, #149, .T. ) ;
#1734 = CARTESIAN_POINT ( 'NONE',  ( -64.99999999999998579, 0.000000000000000000, 77.50000000000000000 ) ) ;
#1735 = PLANE ( 'NONE',  #974 ) ;
#1736 = ORIENTED_EDGE ( 'NONE', *, *, #1745, .F. ) ;
#1737 = DIRECTION ( 'NONE',  ( -0.000000000000000000, 1.000000000000000000, -0.000000000000000000 ) ) ;
#1738 = AXIS2_PLACEMENT_3D ( 'NONE', #231, #867, #1412 ) ;
#1739 = ORIENTED_EDGE ( 'NONE', *, *, #295, .F. ) ;
#1740 = CIRCLE ( 'NONE', #708, 20.00000000000001776 ) ;
#1741 = CIRCLE ( 'NONE', #618, 30.00000000000000000 ) ;
#1742 = FACE_OUTER_BOUND ( 'NONE', #457, .T. ) ;
#1743 = VERTEX_POINT ( 'NONE', #709 ) ;
#1744 = EDGE_CURVE ( 'NONE', #1146, #1347, #1104, .T. ) ;
#1745 = EDGE_CURVE ( 'NONE', #1103, #1283, #1545, .T. ) ;
#1746 = DIRECTION ( 'NONE',  ( 0.000000000000000000, 1.000000000000000000, 0.000000000000000000 ) ) ;
#1747 = DIRECTION ( 'NONE',  ( 0.000000000000000000, 0.000000000000000000, 1.000000000000000000 ) ) ;
#1748 = DIRECTION ( 'NONE',  ( -0.000000000000000000, 1.000000000000000000, 0.000000000000000000 ) ) ;
#1749 = AXIS2_PLACEMENT_3D ( 'NONE', #432, #976, #8 ) ;
#1750 = FACE_BOUND ( 'NONE', #973, .T. ) ;
#1751 = EDGE_LOOP ( 'NONE', ( #1499, #622, #1301, #1760 ) ) ;
#1752 = CIRCLE ( 'NONE', #1638, 1.700000000000000178 ) ;
#1753 = DIRECTION ( 'NONE',  ( 0.000000000000000000, 1.000000000000000000, -0.000000000000000000 ) ) ;
#1754 = ORIENTED_EDGE ( 'NONE', *, *, #1038, .F. ) ;
#1755 = CARTESIAN_POINT ( 'NONE',  ( -109.9999999999999858, 0.000000000000000000, 175.0000000000000000 ) ) ;
#1756 = FACE_OUTER_BOUND ( 'NONE', #273, .T. ) ;
#1757 = CARTESIAN_POINT ( 'NONE',  ( 100.0000000000000000, 0.000000000000000000, 54.99999999999996447 ) ) ;
#1758 = CARTESIAN_POINT ( 'NONE',  ( 109.9999999999999858, 0.000000000000000000, -65.00000000000002842 ) ) ;
#1759 = EDGE_CURVE ( 'NONE', #1682, #901, #1455, .T. ) ;
#1760 = ORIENTED_EDGE ( 'NONE', *, *, #1129, .F. ) ;
#1761 = CARTESIAN_POINT ( 'NONE',  ( 23.57000000000001805, 10.00000000000000000, 153.5699999999999932 ) ) ;
#1762 = ORIENTED_EDGE ( 'NONE', *, *, #1503, .F. ) ;
#1763 = CARTESIAN_POINT ( 'NONE',  ( 0.000000000000000000, 0.000000000000000000, 46.69999999999999574 ) ) ;
#1764 = CARTESIAN_POINT ( 'NONE',  ( 104.9999999999999858, 10.00000000000000000, -70.00000000000002842 ) ) ;
#1765 = CARTESIAN_POINT ( 'NONE',  ( 15.00000000000001066, 10.00000000000000000, 82.50000000000004263 ) ) ;
#1766 = FACE_OUTER_BOUND ( 'NONE', #196, .T. ) ;
#1767 = EDGE_CURVE ( 'NONE', #1587, #711, #1090, .T. ) ;
#1768 = ORIENTED_EDGE ( 'NONE', *, *, #1309, .T. ) ;
#1769 = ADVANCED_FACE ( 'NONE', ( #16 ), #1246, .F. ) ;
#1770 = CIRCLE ( 'NONE', #1020, 2.499999999999995115 ) ;
#1771 = DIRECTION ( 'NONE',  ( 0.000000000000000000, 0.000000000000000000, 1.000000000000000000 ) ) ;
#1772 = FACE_OUTER_BOUND ( 'NONE', #1144, .T. ) ;
#1773 = CIRCLE ( 'NONE', #205, 1.700000000000000178 ) ;
#1774 = ORIENTED_EDGE ( 'NONE', *, *, #1050, .F. ) ;
#1775 = MECHANICAL_DESIGN_GEOMETRIC_PRESENTATION_REPRESENTATION (  '', ( #180 ), #264 ) ;
#1776 = CARTESIAN_POINT ( 'NONE',  ( 65.00000000000001421, 0.000000000000000000, 77.49999999999998579 ) ) ;
#1777 = DIRECTION ( 'NONE',  ( 0.000000000000000000, 0.000000000000000000, 1.000000000000000000 ) ) ;
#1778 = CARTESIAN_POINT ( 'NONE',  ( 0.000000000000000000, 0.000000000000000000, -43.29999999999999716 ) ) ;
#1779 = DIRECTION ( 'NONE',  ( 0.000000000000000000, 1.000000000000000000, -0.000000000000000000 ) ) ;
#1780 = EDGE_LOOP ( 'NONE', ( #1, #1653 ) ) ;
#1781 = DIRECTION ( 'NONE',  ( 0.000000000000000000, -1.000000000000000000, -0.000000000000000000 ) ) ;
#1782 = FACE_OUTER_BOUND ( 'NONE', #812, .T. ) ;
#1783 = AXIS2_PLACEMENT_3D ( 'NONE', #146, #408, #1530 ) ;
#1784 = EDGE_CURVE ( 'NONE', #487, #86, #992, .T. ) ;
#1785 = VERTEX_POINT ( 'NONE', #1680 ) ;
#1786 = DIRECTION ( 'NONE',  ( -1.000000000000000000, 0.000000000000000000, -5.551115123125781716E-16 ) ) ;
#1787 = DIRECTION ( 'NONE',  ( 0.000000000000000000, 0.000000000000000000, 1.000000000000000000 ) ) ;
#1788 = CARTESIAN_POINT ( 'NONE',  ( 0.000000000000000000, 10.00000000000000000, -45.00000000000000000 ) ) ;
#1789 = CARTESIAN_POINT ( 'NONE',  ( 109.9999999999999858, 10.00000000000000000, -70.00000000000002842 ) ) ;
#1790 = ORIENTED_EDGE ( 'NONE', *, *, #1410, .T. ) ;
#1791 = CARTESIAN_POINT ( 'NONE',  ( -99.99999999999998579, 0.000000000000000000, 172.5000000000000000 ) ) ;
ENDSEC;
END-ISO-10303-21;
