ISO-10303-21;
HEADER;
FILE_DESCRIPTION (( 'STEP AP214' ),
    '1' );
FILE_NAME ('SpurGear 1.step',
    '2026-08-28T16:14:42',
    ( '' ),
    ( '' ),
    'SwSTEP 2.0',
    'SolidWorks 2024',
    '' );
FILE_SCHEMA (( 'AUTOMOTIVE_DESIGN' ));
ENDSEC;

DATA;
#1 = CYLINDRICAL_SURFACE ( 'NONE', #3097, 23.25000000000000000 ) ;
#2 = CARTESIAN_POINT ( 'NONE',  ( 11.15907515923863613, 5.000000000000000000, 17.12307628312791863 ) ) ;
#3 = ORIENTED_EDGE ( 'NONE', *, *, #3255, .F. ) ;
#4 = FACE_BOUND ( 'NONE', #2649, .T. ) ;
#5 = CARTESIAN_POINT ( 'NONE',  ( 0.000000000000000000, 5.000000000000000000, 0.000000000000000000 ) ) ;
#6 = DIRECTION ( 'NONE',  ( 0.000000000000000000, 1.000000000000000000, -0.000000000000000000 ) ) ;
#7 = ORIENTED_EDGE ( 'NONE', *, *, #3465, .F. ) ;
#8 = ORIENTED_EDGE ( 'NONE', *, *, #3616, .F. ) ;
#9 = EDGE_CURVE ( 'NONE', #1569, #2615, #2420, .T. ) ;
#10 = ADVANCED_FACE ( 'NONE', ( #1257 ), #1627, .T. ) ;
#11 = CARTESIAN_POINT ( 'NONE',  ( 0.000000000000000000, 5.000000000000000000, 0.000000000000000000 ) ) ;
#12 = ORIENTED_EDGE ( 'NONE', *, *, #3041, .F. ) ;
#13 = DIRECTION ( 'NONE',  ( -0.2149704402110113599, 0.000000000000000000, 0.9766205557100894330 ) ) ;
#14 = CARTESIAN_POINT ( 'NONE',  ( 0.000000000000000000, -5.000000000000000000, 0.000000000000000000 ) ) ;
#15 = CIRCLE ( 'NONE', #2761, 8.699999999995647215 ) ;
#16 = CARTESIAN_POINT ( 'NONE',  ( -0.6968799923040714939, -5.000000000000000000, -19.86177822542411064 ) ) ;
#17 = ORIENTED_EDGE ( 'NONE', *, *, #594, .F. ) ;
#18 = ORIENTED_EDGE ( 'NONE', *, *, #3100, .T. ) ;
#19 = CIRCLE ( 'NONE', #3892, 8.699999999995652544 ) ;
#20 = CARTESIAN_POINT ( 'NONE',  ( 7.910253213374677905, -5.000000000000000000, -18.84549266821247215 ) ) ;
#21 = DIRECTION ( 'NONE',  ( 0.000000000000000000, 0.000000000000000000, -1.000000000000000000 ) ) ;
#22 = AXIS2_PLACEMENT_3D ( 'NONE', #2439, #1781, #711 ) ;
#23 = AXIS2_PLACEMENT_3D ( 'NONE', #632, #1707, #978 ) ;
#24 = CARTESIAN_POINT ( 'NONE',  ( -20.43491049491754552, -5.000000000000000000, -0.3730051903971902671 ) ) ;
#25 = ORIENTED_EDGE ( 'NONE', *, *, #4369, .F. ) ;
#26 = DIRECTION ( 'NONE',  ( 0.000000000000000000, 1.000000000000000000, 0.000000000000000000 ) ) ;
#27 = CIRCLE ( 'NONE', #1062, 8.699999999995648992 ) ;
#28 = AXIS2_PLACEMENT_3D ( 'NONE', #4357, #704, #2134 ) ;
#29 = VERTEX_POINT ( 'NONE', #163 ) ;
#30 = FACE_OUTER_BOUND ( 'NONE', #1470, .T. ) ;
#31 = FACE_OUTER_BOUND ( 'NONE', #4322, .T. ) ;
#32 = CIRCLE ( 'NONE', #3317, 19.87399999999006184 ) ;
#33 = AXIS2_PLACEMENT_3D ( 'NONE', #2717, #3059, #1290 ) ;
#34 = DIRECTION ( 'NONE',  ( 0.000000000000000000, -1.000000000000000000, -0.000000000000000000 ) ) ;
#35 = ORIENTED_EDGE ( 'NONE', *, *, #2293, .F. ) ;
#36 = EDGE_CURVE ( 'NONE', #286, #2516, #3173, .T. ) ;
#37 = CARTESIAN_POINT ( 'NONE',  ( 19.48896180620493368, -5.000000000000000000, -12.67844106017318140 ) ) ;
#38 = VECTOR ( 'NONE', #787, 1000.000000000000000 ) ;
#39 = VERTEX_POINT ( 'NONE', #2329 ) ;
#40 = DIRECTION ( 'NONE',  ( 0.000000000000000000, 1.000000000000000000, -0.000000000000000000 ) ) ;
#41 = CIRCLE ( 'NONE', #332, 23.25000000000000000 ) ;
#42 = AXIS2_PLACEMENT_3D ( 'NONE', #1912, #2989, #3751 ) ;
#43 = EDGE_CURVE ( 'NONE', #478, #3313, #2307, .T. ) ;
#44 = AXIS2_PLACEMENT_3D ( 'NONE', #3821, #1972, #586 ) ;
#45 = EDGE_LOOP ( 'NONE', ( #4087, #1950, #2283, #492 ) ) ;
#46 = ORIENTED_EDGE ( 'NONE', *, *, #1575, .T. ) ;
#47 = DIRECTION ( 'NONE',  ( 0.000000000000000000, -1.000000000000000000, 0.000000000000000000 ) ) ;
#48 = LINE ( 'NONE', #3657, #4430 ) ;
#49 = VERTEX_POINT ( 'NONE', #1567 ) ;
#50 = EDGE_CURVE ( 'NONE', #260, #4612, #336, .T. ) ;
#51 = CARTESIAN_POINT ( 'NONE',  ( 0.000000000000000000, 5.000000000000000000, 0.000000000000000000 ) ) ;
#52 = ORIENTED_EDGE ( 'NONE', *, *, #130, .F. ) ;
#53 = CARTESIAN_POINT ( 'NONE',  ( 12.57461737942575120, -5.000000000000000000, -15.39009011541676841 ) ) ;
#54 = VERTEX_POINT ( 'NONE', #471 ) ;
#55 = CARTESIAN_POINT ( 'NONE',  ( -1.478781897386961752, 5.000000000000000000, 20.38474684432737760 ) ) ;
#56 = ADVANCED_FACE ( 'NONE', ( #3021 ), #4450, .F. ) ;
#57 = DIRECTION ( 'NONE',  ( 0.000000000000000000, 0.000000000000000000, 1.000000000000000000 ) ) ;
#58 = LINE ( 'NONE', #2951, #2471 ) ;
#59 = ORIENTED_EDGE ( 'NONE', *, *, #753, .T. ) ;
#60 = CARTESIAN_POINT ( 'NONE',  ( -22.86785546975294281, 5.000000000000000000, -4.198057433443507236 ) ) ;
#61 = ORIENTED_EDGE ( 'NONE', *, *, #3671, .F. ) ;
#62 = EDGE_LOOP ( 'NONE', ( #713, #1418, #1614, #1547 ) ) ;
#63 = DIRECTION ( 'NONE',  ( -0.000000000000000000, 1.000000000000000000, 0.000000000000000000 ) ) ;
#64 = ORIENTED_EDGE ( 'NONE', *, *, #2830, .T. ) ;
#65 = VERTEX_POINT ( 'NONE', #1243 ) ;
#66 = CARTESIAN_POINT ( 'NONE',  ( 0.000000000000000000, -5.000000000000000000, 12.00000000000000178 ) ) ;
#68 = EDGE_CURVE ( 'NONE', #427, #71, #2270, .T. ) ;
#67 = CARTESIAN_POINT ( 'NONE',  ( 18.99158496090864290, 0.000000000000000000, -13.41201702476508828 ) ) ;
#69 = ORIENTED_EDGE ( 'NONE', *, *, #755, .F. ) ;
#70 = FACE_OUTER_BOUND ( 'NONE', #2141, .T. ) ;
#71 = VERTEX_POINT ( 'NONE', #1897 ) ;
#72 = DIRECTION ( 'NONE',  ( 0.000000000000000000, -1.000000000000000000, 0.000000000000000000 ) ) ;
#73 = VERTEX_POINT ( 'NONE', #1549 ) ;
#74 = DIRECTION ( 'NONE',  ( -0.000000000000000000, -1.000000000000000000, -0.000000000000000000 ) ) ;
#75 = FACE_OUTER_BOUND ( 'NONE', #1106, .T. ) ;
#76 = DIRECTION ( 'NONE',  ( -0.9985334138511233748, 0.000000000000000000, 0.05413890858542831641 ) ) ;
#77 = EDGE_LOOP ( 'NONE', ( #631, #3569, #1304, #3456 ) ) ;
#78 = CARTESIAN_POINT ( 'NONE',  ( 20.03733873341299798, -5.000000000000000000, 4.028617168436590568 ) ) ;
#79 = ORIENTED_EDGE ( 'NONE', *, *, #4496, .F. ) ;
#80 = DIRECTION ( 'NONE',  ( 0.000000000000000000, -1.000000000000000000, -0.000000000000000000 ) ) ;
#81 = ADVANCED_FACE ( 'NONE', ( #4094 ), #1916, .F. ) ;
#82 = ORIENTED_EDGE ( 'NONE', *, *, #2249, .T. ) ;
#83 = CARTESIAN_POINT ( 'NONE',  ( 1.454641113956085530, -5.000000000000000000, 19.82069361120326079 ) ) ;
#84 = CIRCLE ( 'NONE', #1267, 19.87399999999006184 ) ;
#85 = LINE ( 'NONE', #67, #2555 ) ;
#86 = ORIENTED_EDGE ( 'NONE', *, *, #798, .T. ) ;
#87 = VECTOR ( 'NONE', #3481, 1000.000000000000000 ) ;
#88 = DIRECTION ( 'NONE',  ( 0.000000000000000000, 1.000000000000000000, 0.000000000000000000 ) ) ;
#89 = ORIENTED_EDGE ( 'NONE', *, *, #426, .T. ) ;
#90 = CARTESIAN_POINT ( 'NONE',  ( 16.49382366668131539, -5.000000000000000000, 12.06973407576895063 ) ) ;
#91 = ORIENTED_EDGE ( 'NONE', *, *, #1632, .F. ) ;
#92 = AXIS2_PLACEMENT_3D ( 'NONE', #3722, #4454, #1599 ) ;
#93 = DIRECTION ( 'NONE',  ( 0.000000000000000000, -1.000000000000000000, 0.000000000000000000 ) ) ;
#94 = DIRECTION ( 'NONE',  ( 0.9868265225415255859, 0.000000000000000000, -0.1617819965527684534 ) ) ;
#95 = CARTESIAN_POINT ( 'NONE',  ( -17.31749543725608120, -5.000000000000000000, 10.85490910086166849 ) ) ;
#96 = ORIENTED_EDGE ( 'NONE', *, *, #930, .F. ) ;
#97 = CIRCLE ( 'NONE', #92, 8.699999999995647215 ) ;
#98 = AXIS2_PLACEMENT_3D ( 'NONE', #4264, #3807, #3136 ) ;
#99 = FACE_OUTER_BOUND ( 'NONE', #2408, .T. ) ;
#100 = ORIENTED_EDGE ( 'NONE', *, *, #1101, .F. ) ;
#101 = AXIS2_PLACEMENT_3D ( 'NONE', #2879, #4311, #4329 ) ;
#102 = CYLINDRICAL_SURFACE ( 'NONE', #1064, 23.25000000000000000 ) ;
#103 = VECTOR ( 'NONE', #2010, 1000.000000000000000 ) ;
#104 = CIRCLE ( 'NONE', #3321, 8.699999999995648992 ) ;
#105 = EDGE_LOOP ( 'NONE', ( #4149, #3412, #338, #3054 ) ) ;
#106 = CARTESIAN_POINT ( 'NONE',  ( 0.000000000000000000, -5.000000000000000000, 0.000000000000000000 ) ) ;
#107 = CIRCLE ( 'NONE', #1224, 23.25000000000000000 ) ;
#108 = AXIS2_PLACEMENT_3D ( 'NONE', #2022, #3857, #592 ) ;
#109 = DIRECTION ( 'NONE',  ( 0.000000000000000000, -1.000000000000000000, 0.000000000000000000 ) ) ;
#110 = VERTEX_POINT ( 'NONE', #3756 ) ;
#111 = AXIS2_PLACEMENT_3D ( 'NONE', #2976, #3351, #1995 ) ;
#112 = DIRECTION ( 'NONE',  ( 0.000000000000000000, -1.000000000000000000, 0.000000000000000000 ) ) ;
#113 = AXIS2_PLACEMENT_3D ( 'NONE', #3346, #1237, #137 ) ;
#114 = EDGE_LOOP ( 'NONE', ( #1763, #4438, #3109, #2935 ) ) ;
#115 = EDGE_CURVE ( 'NONE', #2396, #65, #1298, .T. ) ;
#116 = CARTESIAN_POINT ( 'NONE',  ( 0.7338656050839710288, 5.000000000000000000, -20.42513503213698201 ) ) ;
#117 = AXIS2_PLACEMENT_3D ( 'NONE', #2611, #4045, #835 ) ;
#118 = ORIENTED_EDGE ( 'NONE', *, *, #1620, .F. ) ;
#119 = CIRCLE ( 'NONE', #4446, 23.25000000000000000 ) ;
#120 = DIRECTION ( 'NONE',  ( 0.000000000000000000, 0.000000000000000000, 1.000000000000000000 ) ) ;
#121 = CARTESIAN_POINT ( 'NONE',  ( -19.79492089438830149, -5.000000000000000000, -1.771152953449950829 ) ) ;
#122 = DIRECTION ( 'NONE',  ( 0.000000000000000000, -1.000000000000000000, 0.000000000000000000 ) ) ;
#123 = ORIENTED_EDGE ( 'NONE', *, *, #3761, .T. ) ;
#124 = DIRECTION ( 'NONE',  ( 0.000000000000000000, 0.000000000000000000, 1.000000000000000000 ) ) ;
#125 = DIRECTION ( 'NONE',  ( 0.000000000000000000, 1.000000000000000000, -0.000000000000000000 ) ) ;
#126 = DIRECTION ( 'NONE',  ( 0.000000000000000000, 0.000000000000000000, -1.000000000000000000 ) ) ;
#127 = ADVANCED_FACE ( 'NONE', ( #3697 ), #3392, .T. ) ;
#128 = ORIENTED_EDGE ( 'NONE', *, *, #4549, .F. ) ;
#129 = DIRECTION ( 'NONE',  ( 0.000000000000000000, 0.000000000000000000, 1.000000000000000000 ) ) ;
#130 = EDGE_CURVE ( 'NONE', #3279, #3622, #2244, .T. ) ;
#131 = DIRECTION ( 'NONE',  ( -0.9289767198167950824, 0.000000000000000000, -0.3701381553399053503 ) ) ;
#132 = ORIENTED_EDGE ( 'NONE', *, *, #2370, .T. ) ;
#133 = EDGE_CURVE ( 'NONE', #1846, #366, #3838, .T. ) ;
#134 = CARTESIAN_POINT ( 'NONE',  ( -12.00000000000000178, 5.000000000000000000, 2.100000000000125766 ) ) ;
#135 = ORIENTED_EDGE ( 'NONE', *, *, #547, .T. ) ;
#136 = DIRECTION ( 'NONE',  ( -0.000000000000000000, -1.000000000000000000, -0.000000000000000000 ) ) ;
#137 = DIRECTION ( 'NONE',  ( 0.000000000000000000, 0.000000000000000000, 1.000000000000000000 ) ) ;
#138 = CARTESIAN_POINT ( 'NONE',  ( 14.68674316162189974, -5.000000000000000000, -13.38937830162989329 ) ) ;
#139 = ORIENTED_EDGE ( 'NONE', *, *, #333, .T. ) ;
#140 = ORIENTED_EDGE ( 'NONE', *, *, #3994, .T. ) ;
#141 = FACE_OUTER_BOUND ( 'NONE', #241, .T. ) ;
#142 = ORIENTED_EDGE ( 'NONE', *, *, #3671, .T. ) ;
#143 = DIRECTION ( 'NONE',  ( 0.000000000000000000, 0.000000000000000000, 1.000000000000000000 ) ) ;
#144 = ORIENTED_EDGE ( 'NONE', *, *, #1664, .F. ) ;
#145 = ORIENTED_EDGE ( 'NONE', *, *, #4277, .F. ) ;
#146 = CYLINDRICAL_SURFACE ( 'NONE', #848, 19.87399999999006184 ) ;
#147 = CARTESIAN_POINT ( 'NONE',  ( -17.22169581572794073, -5.000000000000000000, -9.919126434830021211 ) ) ;
#148 = EDGE_CURVE ( 'NONE', #730, #3320, #4140, .T. ) ;
#149 = ADVANCED_FACE ( 'NONE', ( #967 ), #4534, .T. ) ;
#150 = ORIENTED_EDGE ( 'NONE', *, *, #1451, .T. ) ;
#151 = CARTESIAN_POINT ( 'NONE',  ( 20.43491049491754552, 5.000000000000000000, -0.3730051903974591077 ) ) ;
#152 = EDGE_CURVE ( 'NONE', #278, #2265, #1463, .T. ) ;
#153 = AXIS2_PLACEMENT_3D ( 'NONE', #281, #3804, #4219 ) ;
#154 = CARTESIAN_POINT ( 'NONE',  ( -17.22169581572794073, 5.000000000000000000, -9.919126434830021211 ) ) ;
#155 = ORIENTED_EDGE ( 'NONE', *, *, #3789, .F. ) ;
#156 = CIRCLE ( 'NONE', #2765, 19.87399999999006539 ) ;
#157 = DIRECTION ( 'NONE',  ( -0.6051742151937556935, 0.000000000000000000, 0.7960930657056508597 ) ) ;
#158 = DIRECTION ( 'NONE',  ( -0.6876994588534295350, 0.000000000000000000, -0.7259954919231248471 ) ) ;
#159 = ORIENTED_EDGE ( 'NONE', *, *, #412, .F. ) ;
#160 = AXIS2_PLACEMENT_3D ( 'NONE', #4524, #1635, #3027 ) ;
#161 = VERTEX_POINT ( 'NONE', #1721 ) ;
#162 = CARTESIAN_POINT ( 'NONE',  ( 0.4431471036981851075, 5.000000000000000000, 23.24577640442418058 ) ) ;
#163 = CARTESIAN_POINT ( 'NONE',  ( -11.46505472042138685, -5.000000000000000000, -16.23355772027032629 ) ) ;
#164 = AXIS2_PLACEMENT_3D ( 'NONE', #4196, #2460, #680 ) ;
#165 = AXIS2_PLACEMENT_3D ( 'NONE', #2601, #3987, #732 ) ;
#166 = CARTESIAN_POINT ( 'NONE',  ( 0.000000000000000000, 5.000000000000000000, 4.250000000000000000 ) ) ;
#167 = VERTEX_POINT ( 'NONE', #944 ) ;
#168 = ADVANCED_FACE ( 'NONE', ( #2397 ), #3154, .T. ) ;
#169 = CIRCLE ( 'NONE', #2561, 8.699999999995645439 ) ;
#170 = ADVANCED_FACE ( 'NONE', ( #4582 ), #2703, .T. ) ;
#171 = DIRECTION ( 'NONE',  ( 0.9868265225415253639, 0.000000000000000000, -0.1617819965527684811 ) ) ;
#172 = EDGE_CURVE ( 'NONE', #3450, #3313, #3921, .T. ) ;
#173 = DIRECTION ( 'NONE',  ( 0.000000000000000000, 1.000000000000000000, 0.000000000000000000 ) ) ;
#174 = VECTOR ( 'NONE', #1634, 1000.000000000000000 ) ;
#175 = VERTEX_POINT ( 'NONE', #3128 ) ;
#176 = VECTOR ( 'NONE', #4443, 1000.000000000000000 ) ;
#177 = CIRCLE ( 'NONE', #2494, 8.699999999995647215 ) ;
#178 = DIRECTION ( 'NONE',  ( 0.000000000000000000, 0.000000000000000000, -1.000000000000000000 ) ) ;
#179 = AXIS2_PLACEMENT_3D ( 'NONE', #203, #2073, #4138 ) ;
#180 = EDGE_CURVE ( 'NONE', #1486, #2912, #1901, .T. ) ;
#181 = AXIS2_PLACEMENT_3D ( 'NONE', #2659, #4027, #2262 ) ;
#182 = LINE ( 'NONE', #3446, #1828 ) ;
#183 = CARTESIAN_POINT ( 'NONE',  ( -12.00000000000000178, 5.000000000000000000, 1.256933281983528260E-13 ) ) ;
#184 = CIRCLE ( 'NONE', #4002, 8.699999999995648992 ) ;
#185 = AXIS2_PLACEMENT_3D ( 'NONE', #3660, #829, #2967 ) ;
#186 = ORIENTED_EDGE ( 'NONE', *, *, #1296, .T. ) ;
#187 = DIRECTION ( 'NONE',  ( -0.000000000000000000, 1.000000000000000000, -0.000000000000000000 ) ) ;
#188 = ADVANCED_FACE ( 'NONE', ( #1750 ), #4555, .T. ) ;
#189 = CARTESIAN_POINT ( 'NONE',  ( 0.000000000000000000, -5.000000000000000000, 0.000000000000000000 ) ) ;
#190 = DIRECTION ( 'NONE',  ( -0.000000000000000000, -1.000000000000000000, -0.000000000000000000 ) ) ;
#191 = VERTEX_POINT ( 'NONE', #2803 ) ;
#192 = EDGE_LOOP ( 'NONE', ( #3695, #2859, #17, #1338 ) ) ;
#193 = LINE ( 'NONE', #4543, #3245 ) ;
#194 = CARTESIAN_POINT ( 'NONE',  ( 16.83045535880659926, 5.000000000000000000, 10.56937313253833821 ) ) ;
#195 = ORIENTED_EDGE ( 'NONE', *, *, #3956, .T. ) ;
#196 = LINE ( 'NONE', #3029, #3010 ) ;
#197 = ADVANCED_FACE ( 'NONE', ( #1349 ), #4510, .T. ) ;
#198 = EDGE_CURVE ( 'NONE', #4017, #3731, #2715, .T. ) ;
#199 = DIRECTION ( 'NONE',  ( 0.000000000000000000, 0.000000000000000000, 1.000000000000000000 ) ) ;
#200 = CARTESIAN_POINT ( 'NONE',  ( 0.000000000000000000, -5.000000000000000000, 0.000000000000000000 ) ) ;
#201 = ORIENTED_EDGE ( 'NONE', *, *, #1807, .T. ) ;
#202 = CARTESIAN_POINT ( 'NONE',  ( 0.000000000000000000, 5.000000000000000000, 0.000000000000000000 ) ) ;
#203 = CARTESIAN_POINT ( 'NONE',  ( 0.000000000000000000, -5.000000000000000000, 0.000000000000000000 ) ) ;
#204 = CARTESIAN_POINT ( 'NONE',  ( -7.842361733251425271, 0.000000000000000000, -21.88743617797282326 ) ) ;
#205 = DIRECTION ( 'NONE',  ( 0.000000000000000000, 1.000000000000000000, -0.000000000000000000 ) ) ;
#206 = ORIENTED_EDGE ( 'NONE', *, *, #4115, .F. ) ;
#207 = EDGE_CURVE ( 'NONE', #1943, #2919, #2773, .T. ) ;
#208 = EDGE_CURVE ( 'NONE', #3313, #2919, #4303, .T. ) ;
#209 = EDGE_CURVE ( 'NONE', #2265, #2940, #994, .T. ) ;
#210 = VERTEX_POINT ( 'NONE', #2428 ) ;
#211 = CARTESIAN_POINT ( 'NONE',  ( -16.30783065349377026, 0.000000000000000000, -16.57157685245941536 ) ) ;
#212 = CARTESIAN_POINT ( 'NONE',  ( 20.33034959196420388, 5.000000000000000000, 11.28004368203070840 ) ) ;
#213 = CARTESIAN_POINT ( 'NONE',  ( 0.000000000000000000, 5.000000000000000000, 0.000000000000000000 ) ) ;
#214 = EDGE_LOOP ( 'NONE', ( #2968, #4342, #4116, #89 ) ) ;
#215 = CYLINDRICAL_SURFACE ( 'NONE', #2781, 23.25000000000000000 ) ;
#216 = DIRECTION ( 'NONE',  ( -0.000000000000000000, -1.000000000000000000, -0.000000000000000000 ) ) ;
#217 = CARTESIAN_POINT ( 'NONE',  ( 0.000000000000000000, 5.000000000000000000, 0.000000000000000000 ) ) ;
#218 = CARTESIAN_POINT ( 'NONE',  ( 18.70907146042785385, -5.000000000000000000, 6.704216664772190803 ) ) ;
#219 = AXIS2_PLACEMENT_3D ( 'NONE', #3837, #3485, #3506 ) ;
#220 = ORIENTED_EDGE ( 'NONE', *, *, #1523, .T. ) ;
#222 = EDGE_CURVE ( 'NONE', #1851, #559, #4592, .T. ) ;
#221 = DIRECTION ( 'NONE',  ( -0.000000000000000000, 1.000000000000000000, 0.000000000000000000 ) ) ;
#223 = CARTESIAN_POINT ( 'NONE',  ( 17.70210396656872121, 5.000000000000000000, -10.21568475258250075 ) ) ;
#224 = EDGE_CURVE ( 'NONE', #1659, #659, #3620, .T. ) ;
#225 = DIRECTION ( 'NONE',  ( 0.000000000000000000, -1.000000000000000000, 0.000000000000000000 ) ) ;
#226 = DIRECTION ( 'NONE',  ( 0.000000000000000000, -1.000000000000000000, 0.000000000000000000 ) ) ;
#227 = CIRCLE ( 'NONE', #2996, 8.699999999995645439 ) ;
#228 = ORIENTED_EDGE ( 'NONE', *, *, #824, .T. ) ;
#229 = VERTEX_POINT ( 'NONE', #926 ) ;
#230 = AXIS2_PLACEMENT_3D ( 'NONE', #2982, #1857, #1469 ) ;
#231 = CARTESIAN_POINT ( 'NONE',  ( -3.589107883145906452, 5.000000000000000000, -19.54722948662405813 ) ) ;
#232 = DIRECTION ( 'NONE',  ( -0.000000000000000000, -1.000000000000000000, 0.000000000000000000 ) ) ;
#233 = AXIS2_PLACEMENT_3D ( 'NONE', #3197, #2486, #2082 ) ;
#234 = EDGE_CURVE ( 'NONE', #1462, #2476, #2122, .T. ) ;
#235 = ORIENTED_EDGE ( 'NONE', *, *, #3971, .F. ) ;
#236 = ORIENTED_EDGE ( 'NONE', *, *, #1039, .T. ) ;
#237 = VECTOR ( 'NONE', #620, 1000.000000000000000 ) ;
#238 = CARTESIAN_POINT ( 'NONE',  ( 22.86785546975288952, 0.000000000000000000, -4.198057433443809217 ) ) ;
#239 = DIRECTION ( 'NONE',  ( 0.2149704402110245438, 0.000000000000000000, 0.9766205557100865464 ) ) ;
#240 = CARTESIAN_POINT ( 'NONE',  ( -14.57913742957703462, -5.000000000000000000, 14.32387697576535146 ) ) ;
#241 = EDGE_LOOP ( 'NONE', ( #1703, #3364, #3153, #1223 ) ) ;
#242 = CIRCLE ( 'NONE', #4362, 23.25000000000000000 ) ;
#243 = AXIS2_PLACEMENT_3D ( 'NONE', #11, #3957, #3237 ) ;
#244 = SHAPE_DEFINITION_REPRESENTATION ( #1679, #3411 ) ;
#245 = DIRECTION ( 'NONE',  ( 0.000000000000000000, 0.000000000000000000, 1.000000000000000000 ) ) ;
#246 = VECTOR ( 'NONE', #4060, 1000.000000000000000 ) ;
#247 = AXIS2_PLACEMENT_3D ( 'NONE', #1456, #2151, #57 ) ;
#248 = DIRECTION ( 'NONE',  ( 0.000000000000000000, 0.000000000000000000, 1.000000000000000000 ) ) ;
#249 = DIRECTION ( 'NONE',  ( -0.7621620551276288014, 0.000000000000000000, 0.6473862847818367960 ) ) ;
#250 = VERTEX_POINT ( 'NONE', #3597 ) ;
#251 = CIRCLE ( 'NONE', #919, 23.25000000000000000 ) ;
#252 = CARTESIAN_POINT ( 'NONE',  ( -13.51357118764021870, 5.000000000000000000, 15.33323493474011201 ) ) ;
#253 = DIRECTION ( 'NONE',  ( 0.000000000000000000, 0.000000000000000000, 1.000000000000000000 ) ) ;
#254 = AXIS2_PLACEMENT_3D ( 'NONE', #55, #3572, #429 ) ;
#255 = FACE_OUTER_BOUND ( 'NONE', #2994, .T. ) ;
#256 = ORIENTED_EDGE ( 'NONE', *, *, #4483, .T. ) ;
#257 = VERTEX_POINT ( 'NONE', #2921 ) ;
#258 = DIRECTION ( 'NONE',  ( -0.000000000000000000, -1.000000000000000000, 0.000000000000000000 ) ) ;
#259 = DIRECTION ( 'NONE',  ( -0.000000000000000000, 1.000000000000000000, -0.000000000000000000 ) ) ;
#260 = VERTEX_POINT ( 'NONE', #3627 ) ;
#261 = DIRECTION ( 'NONE',  ( -0.000000000000000000, -1.000000000000000000, 0.000000000000000000 ) ) ;
#262 = CARTESIAN_POINT ( 'NONE',  ( 11.60473591247369463, 5.000000000000000000, -20.14677652632657257 ) ) ;
#263 = EDGE_CURVE ( 'NONE', #2058, #2763, #1597, .T. ) ;
#264 = DIRECTION ( 'NONE',  ( 0.000000000000000000, -1.000000000000000000, -0.000000000000000000 ) ) ;
#265 = DIRECTION ( 'NONE',  ( 0.7621620551276375721, 0.000000000000000000, 0.6473862847818262489 ) ) ;
#266 = EDGE_LOOP ( 'NONE', ( #1393, #2149, #1880, #2801 ) ) ;
#267 = EDGE_LOOP ( 'NONE', ( #2523, #1931 ) ) ;
#268 = CARTESIAN_POINT ( 'NONE',  ( 0.000000000000000000, 5.000000000000000000, 0.000000000000000000 ) ) ;
#269 = EDGE_CURVE ( 'NONE', #210, #286, #2473, .T. ) ;
#270 = EDGE_CURVE ( 'NONE', #4010, #2377, #2341, .T. ) ;
#271 = SURFACE_SIDE_STYLE ('',( #3474 ) ) ;
#272 = DIRECTION ( 'NONE',  ( 0.000000000000000000, 1.000000000000000000, 0.000000000000000000 ) ) ;
#273 = CARTESIAN_POINT ( 'NONE',  ( 19.48430886138778462, -5.000000000000000000, -6.171418637671569840 ) ) ;
#274 = ORIENTED_EDGE ( 'NONE', *, *, #1240, .T. ) ;
#275 = DIRECTION ( 'NONE',  ( 0.9289767198167897533, 0.000000000000000000, -0.3701381553399183399 ) ) ;
#276 = DIRECTION ( 'NONE',  ( -0.8276889981568954502, 0.000000000000000000, -0.5611870653623751704 ) ) ;
#277 = CARTESIAN_POINT ( 'NONE',  ( -21.75881076528358093, 5.000000000000000000, -8.192475454987913963 ) ) ;
#278 = VERTEX_POINT ( 'NONE', #1146 ) ;
#279 = ORIENTED_EDGE ( 'NONE', *, *, #753, .F. ) ;
#280 = CARTESIAN_POINT ( 'NONE',  ( 12.00000000000000178, 5.000000000000000000, -4.189777606611760657E-14 ) ) ;
#281 = CARTESIAN_POINT ( 'NONE',  ( 5.107508504281732975, -5.000000000000000000, -19.78984731335854619 ) ) ;
#282 = ORIENTED_EDGE ( 'NONE', *, *, #966, .F. ) ;
#283 = DIRECTION ( 'NONE',  ( 0.000000000000000000, -1.000000000000000000, 0.000000000000000000 ) ) ;
#284 = CARTESIAN_POINT ( 'NONE',  ( 10.16283758813933780, -5.000000000000000000, 20.91122263659163494 ) ) ;
#285 = DIRECTION ( 'NONE',  ( 0.000000000000000000, 0.000000000000000000, 1.000000000000000000 ) ) ;
#286 = VERTEX_POINT ( 'NONE', #1497 ) ;
#287 = EDGE_LOOP ( 'NONE', ( #3405, #3575, #3794, #3849 ) ) ;
#288 = CARTESIAN_POINT ( 'NONE',  ( -18.38960165409003267, -5.000000000000000000, -8.918926550389542740 ) ) ;
#289 = ADVANCED_FACE ( 'NONE', ( #1044 ), #3646, .T. ) ;
#290 = EDGE_CURVE ( 'NONE', #3864, #2727, #2958, .T. ) ;
#291 = CYLINDRICAL_SURFACE ( 'NONE', #2423, 8.699999999995650768 ) ;
#292 = DIRECTION ( 'NONE',  ( -0.000000000000000000, 1.000000000000000000, 0.000000000000000000 ) ) ;
#293 = CARTESIAN_POINT ( 'NONE',  ( 0.000000000000000000, -5.000000000000000000, 0.000000000000000000 ) ) ;
#294 = VERTEX_POINT ( 'NONE', #723 ) ;
#295 = DIRECTION ( 'NONE',  ( -0.9289767198167950824, 0.000000000000000000, -0.3701381553399054058 ) ) ;
#296 = CARTESIAN_POINT ( 'NONE',  ( -16.04829528322468590, 5.000000000000000000, 11.72297293787003802 ) ) ;
#297 = CARTESIAN_POINT ( 'NONE',  ( 12.00000000000000178, -5.000000000000000000, -2.100000000000041833 ) ) ;
#298 = ORIENTED_EDGE ( 'NONE', *, *, #2310, .T. ) ;
#299 = VERTEX_POINT ( 'NONE', #1422 ) ;
#300 = DIRECTION ( 'NONE',  ( -0.9635499925192201331, 0.000000000000000000, 0.2675283385292311911 ) ) ;
#301 = DIRECTION ( 'NONE',  ( 0.000000000000000000, 1.000000000000000000, 0.000000000000000000 ) ) ;
#302 = AXIS2_PLACEMENT_3D ( 'NONE', #4213, #226, #1652 ) ;
#303 = ORIENTED_EDGE ( 'NONE', *, *, #2830, .F. ) ;
#304 = DIRECTION ( 'NONE',  ( -0.9868265225415278064, 0.000000000000000000, -0.1617819965527551307 ) ) ;
#305 = ADVANCED_FACE ( 'NONE', ( #1103 ), #2574, .T. ) ;
#306 = VECTOR ( 'NONE', #439, 1000.000000000000000 ) ;
#307 = FACE_OUTER_BOUND ( 'NONE', #4038, .T. ) ;
#308 = CARTESIAN_POINT ( 'NONE',  ( 9.242329982407264666, -5.000000000000000000, -18.22920832904299004 ) ) ;
#309 = ORIENTED_EDGE ( 'NONE', *, *, #1926, .F. ) ;
#310 = EDGE_CURVE ( 'NONE', #3625, #2707, #1823, .T. ) ;
#311 = AXIS2_PLACEMENT_3D ( 'NONE', #2780, #599, #4539 ) ;
#312 = ORIENTED_EDGE ( 'NONE', *, *, #718, .F. ) ;
#313 = VECTOR ( 'NONE', #4594, 1000.000000000000000 ) ;
#314 = EDGE_CURVE ( 'NONE', #2747, #3652, #2796, .T. ) ;
#315 = DIRECTION ( 'NONE',  ( -0.3193015301359869995, 0.000000000000000000, -0.9476531711828000137 ) ) ;
#316 = CYLINDRICAL_SURFACE ( 'NONE', #3157, 23.25000000000000000 ) ;
#317 = CIRCLE ( 'NONE', #4203, 8.699999999995645439 ) ;
#318 = VECTOR ( 'NONE', #3390, 1000.000000000000000 ) ;
#319 = DIRECTION ( 'NONE',  ( 0.000000000000000000, 0.000000000000000000, 1.000000000000000000 ) ) ;
#320 = DIRECTION ( 'NONE',  ( 0.000000000000000000, 1.000000000000000000, 0.000000000000000000 ) ) ;
#321 = AXIS2_PLACEMENT_3D ( 'NONE', #4066, #859, #2918 ) ;
#322 = DIRECTION ( 'NONE',  ( 0.000000000000000000, 1.000000000000000000, -0.000000000000000000 ) ) ;
#323 = EDGE_CURVE ( 'NONE', #2145, #3238, #709, .T. ) ;
#324 = ORIENTED_EDGE ( 'NONE', *, *, #2315, .T. ) ;
#325 = DIRECTION ( 'NONE',  ( 0.000000000000000000, 0.000000000000000000, 1.000000000000000000 ) ) ;
#326 = AXIS2_PLACEMENT_3D ( 'NONE', #3515, #2493, #315 ) ;
#327 = DIRECTION ( 'NONE',  ( 0.000000000000000000, -1.000000000000000000, 0.000000000000000000 ) ) ;
#328 = DIRECTION ( 'NONE',  ( 0.000000000000000000, 0.000000000000000000, 1.000000000000000000 ) ) ;
#329 = ORIENTED_EDGE ( 'NONE', *, *, #1926, .T. ) ;
#330 = ORIENTED_EDGE ( 'NONE', *, *, #3376, .T. ) ;
#331 = VECTOR ( 'NONE', #863, 1000.000000000000000 ) ;
#333 = EDGE_CURVE ( 'NONE', #2094, #2145, #1454, .T. ) ;
#332 = AXIS2_PLACEMENT_3D ( 'NONE', #3976, #1795, #2450 ) ;
#334 = FACE_OUTER_BOUND ( 'NONE', #4414, .T. ) ;
#335 = CARTESIAN_POINT ( 'NONE',  ( -3.589107883145906452, -5.000000000000000000, -19.54722948662405813 ) ) ;
#336 = CIRCLE ( 'NONE', #3258, 19.87399999999006894 ) ;
#337 = AXIS2_PLACEMENT_3D ( 'NONE', #2224, #3648, #490 ) ;
#338 = ORIENTED_EDGE ( 'NONE', *, *, #133, .T. ) ;
#339 = LINE ( 'NONE', #2813, #1359 ) ;
#340 = CIRCLE ( 'NONE', #785, 23.25000000000000000 ) ;
#341 = CIRCLE ( 'NONE', #2045, 19.87399999999006539 ) ;
#342 = CARTESIAN_POINT ( 'NONE',  ( -23.23567597126657702, -5.000000000000000000, 0.8160037734624200345 ) ) ;
#343 = FACE_OUTER_BOUND ( 'NONE', #2154, .T. ) ;
#344 = ORIENTED_EDGE ( 'NONE', *, *, #3692, .F. ) ;
#345 = VERTEX_POINT ( 'NONE', #353 ) ;
#346 = DIRECTION ( 'NONE',  ( 0.3193015301359741764, 0.000000000000000000, -0.9476531711828043436 ) ) ;
#347 = CARTESIAN_POINT ( 'NONE',  ( 0.000000000000000000, -5.000000000000000000, 0.000000000000000000 ) ) ;
#348 = CARTESIAN_POINT ( 'NONE',  ( 0.000000000000000000, 5.000000000000000000, 0.000000000000000000 ) ) ;
#349 = EDGE_CURVE ( 'NONE', #2568, #1637, #184, .T. ) ;
#350 = EDGE_CURVE ( 'NONE', #3611, #1060, #340, .T. ) ;
#351 = FACE_BOUND ( 'NONE', #3911, .T. ) ;
#352 = ORIENTED_EDGE ( 'NONE', *, *, #2308, .F. ) ;
#353 = CARTESIAN_POINT ( 'NONE',  ( 20.33034959196420388, -5.000000000000000000, 11.28004368203070840 ) ) ;
#354 = DIRECTION ( 'NONE',  ( -0.8835120444460178302, 0.000000000000000000, 0.4684084406997996441 ) ) ;
#355 = DIRECTION ( 'NONE',  ( 0.000000000000000000, 0.000000000000000000, 1.000000000000000000 ) ) ;
#356 = ORIENTED_EDGE ( 'NONE', *, *, #3257, .T. ) ;
#357 = ORIENTED_EDGE ( 'NONE', *, *, #3839, .F. ) ;
#358 = DIRECTION ( 'NONE',  ( 0.000000000000000000, 0.000000000000000000, 1.000000000000000000 ) ) ;
#359 = ORIENTED_EDGE ( 'NONE', *, *, #384, .T. ) ;
#360 = DIRECTION ( 'NONE',  ( -0.000000000000000000, 1.000000000000000000, -0.000000000000000000 ) ) ;
#361 = EDGE_CURVE ( 'NONE', #4048, #2591, #1832, .T. ) ;
#362 = ADVANCED_FACE ( 'NONE', ( #4, #2851, #2503, #4331, #3930, #30 ), #4313, .F. ) ;
#363 = DIRECTION ( 'NONE',  ( 0.000000000000000000, -1.000000000000000000, -0.000000000000000000 ) ) ;
#364 = DIRECTION ( 'NONE',  ( 0.000000000000000000, 1.000000000000000000, -0.000000000000000000 ) ) ;
#365 = EDGE_LOOP ( 'NONE', ( #4470, #1167, #2778, #3209 ) ) ;
#366 = VERTEX_POINT ( 'NONE', #2546 ) ;
#367 = CARTESIAN_POINT ( 'NONE',  ( 0.000000000000000000, 5.000000000000000000, 0.000000000000000000 ) ) ;
#368 = CARTESIAN_POINT ( 'NONE',  ( -22.51702208896280055, -5.000000000000000000, 5.791909550844301258 ) ) ;
#369 = CARTESIAN_POINT ( 'NONE',  ( -21.75881076528358093, -5.000000000000000000, -8.192475454987913963 ) ) ;
#370 = VERTEX_POINT ( 'NONE', #3975 ) ;
#371 = DIRECTION ( 'NONE',  ( 0.000000000000000000, 1.000000000000000000, -0.000000000000000000 ) ) ;
#372 = EDGE_LOOP ( 'NONE', ( #1048, #282, #564, #1286 ) ) ;
#373 = CARTESIAN_POINT ( 'NONE',  ( -19.32425140702124366, -5.000000000000000000, -4.642109817512131364 ) ) ;
#374 = CARTESIAN_POINT ( 'NONE',  ( -5.681495643958494490, -5.000000000000000000, 19.04459196851656699 ) ) ;
#375 = CARTESIAN_POINT ( 'NONE',  ( 18.70284328263654317, -5.000000000000000000, 8.241865865960935622 ) ) ;
#376 = ORIENTED_EDGE ( 'NONE', *, *, #1389, .T. ) ;
#377 = EDGE_CURVE ( 'NONE', #584, #1193, #1089, .T. ) ;
#378 = DIRECTION ( 'NONE',  ( 0.000000000000000000, 0.000000000000000000, -1.000000000000000000 ) ) ;
#379 = EDGE_CURVE ( 'NONE', #817, #493, #3334, .T. ) ;
#380 = ORIENTED_EDGE ( 'NONE', *, *, #2616, .F. ) ;
#381 = ORIENTED_EDGE ( 'NONE', *, *, #633, .T. ) ;
#382 = DIRECTION ( 'NONE',  ( -0.000000000000000000, 1.000000000000000000, 0.000000000000000000 ) ) ;
#383 = CIRCLE ( 'NONE', #1506, 2.099999999999999645 ) ;
#384 = EDGE_CURVE ( 'NONE', #161, #467, #3416, .T. ) ;
#385 = CARTESIAN_POINT ( 'NONE',  ( 16.30783065349354999, -5.000000000000000000, -16.57157685245963918 ) ) ;
#386 = ORIENTED_EDGE ( 'NONE', *, *, #3218, .T. ) ;
#387 = ORIENTED_EDGE ( 'NONE', *, *, #2907, .T. ) ;
#388 = AXIS2_PLACEMENT_3D ( 'NONE', #4151, #173, #1317 ) ;
#389 = DIRECTION ( 'NONE',  ( 0.000000000000000000, 1.000000000000000000, -0.000000000000000000 ) ) ;
#390 = DIRECTION ( 'NONE',  ( 0.8276889981568879007, 0.000000000000000000, -0.5611870653623863836 ) ) ;
#391 = ORIENTED_EDGE ( 'NONE', *, *, #3438, .T. ) ;
#392 = VECTOR ( 'NONE', #2002, 1000.000000000000000 ) ;
#393 = AXIS2_PLACEMENT_3D ( 'NONE', #4578, #2392, #1344 ) ;
#394 = CYLINDRICAL_SURFACE ( 'NONE', #4146, 8.699999999995647215 ) ;
#395 = ORIENTED_EDGE ( 'NONE', *, *, #755, .T. ) ;
#396 = CARTESIAN_POINT ( 'NONE',  ( 20.35544912910228277, -5.000000000000000000, 6.861416153693347120 ) ) ;
#397 = AXIS2_PLACEMENT_3D ( 'NONE', #2092, #4279, #1073 ) ;
#398 = CIRCLE ( 'NONE', #243, 23.25000000000000000 ) ;
#399 = ORIENTED_EDGE ( 'NONE', *, *, #1684, .F. ) ;
#400 = DIRECTION ( 'NONE',  ( 0.000000000000000000, 0.000000000000000000, 1.000000000000000000 ) ) ;
#401 = CARTESIAN_POINT ( 'NONE',  ( -20.03733873341293759, -5.000000000000000000, 4.028617168436855245 ) ) ;
#402 = CIRCLE ( 'NONE', #3823, 4.250000000000000000 ) ;
#403 = CARTESIAN_POINT ( 'NONE',  ( 18.70284328263654317, 5.000000000000000000, 8.241865865960935622 ) ) ;
#404 = ORIENTED_EDGE ( 'NONE', *, *, #1151, .F. ) ;
#405 = DIRECTION ( 'NONE',  ( -0.000000000000000000, -1.000000000000000000, 0.000000000000000000 ) ) ;
#406 = VECTOR ( 'NONE', #4471, 1000.000000000000000 ) ;
#407 = VERTEX_POINT ( 'NONE', #3687 ) ;
#408 = ORIENTED_EDGE ( 'NONE', *, *, #2713, .F. ) ;
#409 = CIRCLE ( 'NONE', #989, 19.87399999999006184 ) ;
#410 = CARTESIAN_POINT ( 'NONE',  ( 0.000000000000000000, 5.000000000000000000, 0.000000000000000000 ) ) ;
#411 = CIRCLE ( 'NONE', #3019, 8.699999999995650768 ) ;
#412 = EDGE_CURVE ( 'NONE', #1196, #1863, #4152, .T. ) ;
#413 = AXIS2_PLACEMENT_3D ( 'NONE', #591, #3524, #4211 ) ;
#414 = ORIENTED_EDGE ( 'NONE', *, *, #3512, .F. ) ;
#415 = UNCERTAINTY_MEASURE_WITH_UNIT (LENGTH_MEASURE( 1.000000000000000082E-05 ), #1558, 'distance_accuracy_value', 'NONE');
#416 = ORIENTED_EDGE ( 'NONE', *, *, #4082, .T. ) ;
#417 = AXIS2_PLACEMENT_3D ( 'NONE', #1864, #74, #4352 ) ;
#418 = ADVANCED_FACE ( 'NONE', ( #563 ), #2740, .T. ) ;
#419 = AXIS2_PLACEMENT_3D ( 'NONE', #1492, #3707, #2607 ) ;
#420 = DIRECTION ( 'NONE',  ( 0.000000000000000000, 0.000000000000000000, 1.000000000000000000 ) ) ;
#421 = DIRECTION ( 'NONE',  ( 0.000000000000000000, -1.000000000000000000, -0.000000000000000000 ) ) ;
#422 = EDGE_LOOP ( 'NONE', ( #3275, #457, #4445, #3850 ) ) ;
#423 = DIRECTION ( 'NONE',  ( -0.8835120444460178302, 0.000000000000000000, 0.4684084406997996441 ) ) ;
#424 = EDGE_LOOP ( 'NONE', ( #4269, #1564, #3397, #2897 ) ) ;
#425 = FACE_OUTER_BOUND ( 'NONE', #372, .T. ) ;
#426 = EDGE_CURVE ( 'NONE', #2562, #2591, #935, .T. ) ;
#427 = VERTEX_POINT ( 'NONE', #3786 ) ;
#428 = EDGE_CURVE ( 'NONE', #505, #2591, #1163, .T. ) ;
#429 = DIRECTION ( 'NONE',  ( 0.5155538571770170719, 0.000000000000000000, -0.8568571761675920495 ) ) ;
#430 = DIRECTION ( 'NONE',  ( 0.000000000000000000, 0.000000000000000000, -1.000000000000000000 ) ) ;
#431 = CARTESIAN_POINT ( 'NONE',  ( -0.6968799923040783773, -5.000000000000000000, -19.86177822542411064 ) ) ;
#432 = ORIENTED_EDGE ( 'NONE', *, *, #4459, .F. ) ;
#433 = CYLINDRICAL_SURFACE ( 'NONE', #607, 8.699999999995647215 ) ;
#434 = ORIENTED_EDGE ( 'NONE', *, *, #2535, .F. ) ;
#435 = ORIENTED_EDGE ( 'NONE', *, *, #783, .T. ) ;
#436 = DIRECTION ( 'NONE',  ( 0.000000000000000000, 1.000000000000000000, 0.000000000000000000 ) ) ;
#437 = EDGE_LOOP ( 'NONE', ( #4215, #2049, #1313, #2628 ) ) ;
#438 = CARTESIAN_POINT ( 'NONE',  ( -2.953859883738002345, 5.000000000000000000, -23.06159603729202701 ) ) ;
#439 = DIRECTION ( 'NONE',  ( 0.000000000000000000, -1.000000000000000000, 0.000000000000000000 ) ) ;
#440 = ORIENTED_EDGE ( 'NONE', *, *, #4148, .F. ) ;
#441 = CARTESIAN_POINT ( 'NONE',  ( 0.000000000000000000, -5.000000000000000000, 0.000000000000000000 ) ) ;
#442 = EDGE_LOOP ( 'NONE', ( #2573, #3051, #2298, #1932 ) ) ;
#443 = DIRECTION ( 'NONE',  ( 0.000000000000000000, 0.000000000000000000, 1.000000000000000000 ) ) ;
#444 = ORIENTED_EDGE ( 'NONE', *, *, #4310, .T. ) ;
#445 = DIRECTION ( 'NONE',  ( -0.000000000000000000, 1.000000000000000000, 0.000000000000000000 ) ) ;
#446 = CARTESIAN_POINT ( 'NONE',  ( 0.000000000000000000, 5.000000000000000000, 0.000000000000000000 ) ) ;
#447 = DIRECTION ( 'NONE',  ( -0.000000000000000000, 1.000000000000000000, -0.000000000000000000 ) ) ;
#448 = ORIENTED_EDGE ( 'NONE', *, *, #3886, .F. ) ;
#449 = DIRECTION ( 'NONE',  ( 0.000000000000000000, 1.000000000000000000, -0.000000000000000000 ) ) ;
#450 = ORIENTED_EDGE ( 'NONE', *, *, #3771, .F. ) ;
#451 = DIRECTION ( 'NONE',  ( 0.000000000000000000, 0.000000000000000000, 1.000000000000000000 ) ) ;
#452 = ADVANCED_FACE ( 'NONE', ( #1521 ), #813, .T. ) ;
#453 = ORIENTED_EDGE ( 'NONE', *, *, #36, .F. ) ;
#454 = LINE ( 'NONE', #1135, #38 ) ;
#455 = AXIS2_PLACEMENT_3D ( 'NONE', #1437, #2139, #2867 ) ;
#456 = DIRECTION ( 'NONE',  ( 0.000000000000000000, 0.000000000000000000, 1.000000000000000000 ) ) ;
#457 = ORIENTED_EDGE ( 'NONE', *, *, #3012, .F. ) ;
#458 = AXIS2_PLACEMENT_3D ( 'NONE', #95, #2903, #1174 ) ;
#459 = DIRECTION ( 'NONE',  ( -0.000000000000000000, 1.000000000000000000, -0.000000000000000000 ) ) ;
#460 = ORIENTED_EDGE ( 'NONE', *, *, #2415, .F. ) ;
#461 = DIRECTION ( 'NONE',  ( -0.000000000000000000, 1.000000000000000000, 0.000000000000000000 ) ) ;
#462 = EDGE_LOOP ( 'NONE', ( #2169, #726 ) ) ;
#463 = CIRCLE ( 'NONE', #601, 8.699999999995650768 ) ;
#464 = DIRECTION ( 'NONE',  ( -0.000000000000000000, -1.000000000000000000, -0.000000000000000000 ) ) ;
#465 = CARTESIAN_POINT ( 'NONE',  ( 0.000000000000000000, -5.000000000000000000, 0.000000000000000000 ) ) ;
#466 = CARTESIAN_POINT ( 'NONE',  ( 0.000000000000000000, -5.000000000000000000, 0.000000000000000000 ) ) ;
#467 = VERTEX_POINT ( 'NONE', #4123 ) ;
#468 = AXIS2_PLACEMENT_3D ( 'NONE', #4252, #1041, #692 ) ;
#469 = EDGE_CURVE ( 'NONE', #2382, #3279, #1752, .T. ) ;
#470 = CYLINDRICAL_SURFACE ( 'NONE', #4360, 19.87399999999006184 ) ;
#471 = CARTESIAN_POINT ( 'NONE',  ( -19.79492089438830149, 5.000000000000000000, -1.771152953449950829 ) ) ;
#472 = CIRCLE ( 'NONE', #984, 19.87399999999006539 ) ;
#473 = AXIS2_PLACEMENT_3D ( 'NONE', #2926, #4614, #1406 ) ;
#474 = CARTESIAN_POINT ( 'NONE',  ( 9.642689752178753793, -5.000000000000000000, 17.37798637192560136 ) ) ;
#475 = ADVANCED_FACE ( 'NONE', ( #610 ), #1985, .T. ) ;
#476 = CIRCLE ( 'NONE', #1072, 8.699999999995650768 ) ;
#477 = AXIS2_PLACEMENT_3D ( 'NONE', #2705, #4139, #2355 ) ;
#478 = VERTEX_POINT ( 'NONE', #3093 ) ;
#479 = CYLINDRICAL_SURFACE ( 'NONE', #4433, 19.87399999999006184 ) ;
#480 = AXIS2_PLACEMENT_3D ( 'NONE', #217, #2368, #921 ) ;
#481 = CIRCLE ( 'NONE', #2119, 8.699999999995650768 ) ;
#482 = CARTESIAN_POINT ( 'NONE',  ( 8.972215365938000176, 5.000000000000000000, -17.73344939448699265 ) ) ;
#483 = ORIENTED_EDGE ( 'NONE', *, *, #3123, .T. ) ;
#484 = AXIS2_PLACEMENT_3D ( 'NONE', #2373, #1676, #3075 ) ;
#485 = LINE ( 'NONE', #4088, #2185 ) ;
#486 = ORIENTED_EDGE ( 'NONE', *, *, #1971, .T. ) ;
#487 = PRODUCT_DEFINITION_FORMATION_WITH_SPECIFIED_SOURCE ( 'ANY', '', #3799, .NOT_KNOWN. ) ;
#488 = CARTESIAN_POINT ( 'NONE',  ( 19.48896180620493368, 0.000000000000000000, -12.67844106017317962 ) ) ;
#489 = ADVANCED_FACE ( 'NONE', ( #2689 ), #3768, .F. ) ;
#490 = DIRECTION ( 'NONE',  ( 0.000000000000000000, 0.000000000000000000, 1.000000000000000000 ) ) ;
#491 = CARTESIAN_POINT ( 'NONE',  ( -13.71495815577551092, -5.000000000000000000, 18.77398260320187973 ) ) ;
#492 = ORIENTED_EDGE ( 'NONE', *, *, #180, .T. ) ;
#493 = VERTEX_POINT ( 'NONE', #4495 ) ;
#494 = DIRECTION ( 'NONE',  ( -0.000000000000000000, 1.000000000000000000, -0.000000000000000000 ) ) ;
#495 = CARTESIAN_POINT ( 'NONE',  ( 0.000000000000000000, 5.000000000000000000, -12.00000000000000178 ) ) ;
#496 = CARTESIAN_POINT ( 'NONE',  ( -2.072761170959537491, -5.000000000000000000, -23.15742129703051333 ) ) ;
#497 = EDGE_LOOP ( 'NONE', ( #2432, #1189, #1999, #3234 ) ) ;
#498 = EDGE_CURVE ( 'NONE', #1625, #1466, #1904, .T. ) ;
#499 = EDGE_LOOP ( 'NONE', ( #1236, #3736, #1513, #3955 ) ) ;
#500 = DIRECTION ( 'NONE',  ( 0.000000000000000000, 1.000000000000000000, -0.000000000000000000 ) ) ;
#501 = CARTESIAN_POINT ( 'NONE',  ( 15.58904425993496545, -5.000000000000000000, -12.32710732740628856 ) ) ;
#502 = ORIENTED_EDGE ( 'NONE', *, *, #4177, .F. ) ;
#503 = CARTESIAN_POINT ( 'NONE',  ( -17.22169581572794073, -5.000000000000000000, -9.919126434830021211 ) ) ;
#504 = DIRECTION ( 'NONE',  ( 0.000000000000000000, -1.000000000000000000, 0.000000000000000000 ) ) ;
#505 = VERTEX_POINT ( 'NONE', #1889 ) ;
#506 = ADVANCED_FACE ( 'NONE', ( #3325 ), #957, .T. ) ;
#507 = DIRECTION ( 'NONE',  ( 0.000000000000000000, -1.000000000000000000, 0.000000000000000000 ) ) ;
#508 = CARTESIAN_POINT ( 'NONE',  ( 5.826326801115686571, 5.000000000000000000, 19.59026839565899536 ) ) ;
#509 = EDGE_LOOP ( 'NONE', ( #4581, #1487, #3429, #875 ) ) ;
#510 = VERTEX_POINT ( 'NONE', #3665 ) ;
#511 = DIRECTION ( 'NONE',  ( -0.000000000000000000, 1.000000000000000000, 0.000000000000000000 ) ) ;
#512 = DIRECTION ( 'NONE',  ( 0.000000000000000000, 0.000000000000000000, 1.000000000000000000 ) ) ;
#513 = CARTESIAN_POINT ( 'NONE',  ( 12.36416346427679080, -5.000000000000000000, -19.68984412910988269 ) ) ;
#514 = ADVANCED_FACE ( 'NONE', ( #2594 ), #4395, .T. ) ;
#515 = ORIENTED_EDGE ( 'NONE', *, *, #3353, .T. ) ;
#516 = CARTESIAN_POINT ( 'NONE',  ( -16.49382366668114486, 5.000000000000000000, 12.06973407576916735 ) ) ;
#517 = EDGE_CURVE ( 'NONE', #2492, #161, #2128, .T. ) ;
#518 = DIRECTION ( 'NONE',  ( -0.2149704402110113599, 0.000000000000000000, 0.9766205557100894330 ) ) ;
#519 = VERTEX_POINT ( 'NONE', #2261 ) ;
#520 = CIRCLE ( 'NONE', #3730, 8.699999999995647215 ) ;
#521 = ADVANCED_FACE ( 'NONE', ( #3563 ), #1032, .T. ) ;
#522 = DIRECTION ( 'NONE',  ( 0.000000000000000000, 1.000000000000000000, -0.000000000000000000 ) ) ;
#523 = AXIS2_PLACEMENT_3D ( 'NONE', #969, #1753, #4258 ) ;
#524 = FACE_OUTER_BOUND ( 'NONE', #3210, .T. ) ;
#525 = DIRECTION ( 'NONE',  ( -0.000000000000000000, 1.000000000000000000, 0.000000000000000000 ) ) ;
#526 = VERTEX_POINT ( 'NONE', #2816 ) ;
#527 = AXIS2_PLACEMENT_3D ( 'NONE', #4250, #716, #3567 ) ;
#528 = ORIENTED_EDGE ( 'NONE', *, *, #826, .F. ) ;
#529 = DIRECTION ( 'NONE',  ( -0.000000000000000000, -1.000000000000000000, -0.000000000000000000 ) ) ;
#530 = DIRECTION ( 'NONE',  ( -0.000000000000000000, 1.000000000000000000, -0.000000000000000000 ) ) ;
#531 = CIRCLE ( 'NONE', #311, 2.099999999999999645 ) ;
#532 = CIRCLE ( 'NONE', #3151, 23.25000000000000000 ) ;
#533 = DIRECTION ( 'NONE',  ( -0.8276889981568954502, 0.000000000000000000, -0.5611870653623751704 ) ) ;
#534 = ORIENTED_EDGE ( 'NONE', *, *, #1720, .T. ) ;
#535 = AXIS2_PLACEMENT_3D ( 'NONE', #1176, #2663, #3034 ) ;
#536 = ADVANCED_FACE ( 'NONE', ( #1059 ), #3867, .T. ) ;
#537 = ORIENTED_EDGE ( 'NONE', *, *, #3532, .T. ) ;
#538 = AXIS2_PLACEMENT_3D ( 'NONE', #4249, #47, #4231 ) ;
#539 = DIRECTION ( 'NONE',  ( 0.000000000000000000, 0.000000000000000000, -1.000000000000000000 ) ) ;
#540 = DIRECTION ( 'NONE',  ( 0.000000000000000000, -1.000000000000000000, 0.000000000000000000 ) ) ;
#541 = AXIS2_PLACEMENT_3D ( 'NONE', #4171, #1288, #2005 ) ;
#542 = ORIENTED_EDGE ( 'NONE', *, *, #3182, .F. ) ;
#543 = AXIS2_PLACEMENT_3D ( 'NONE', #2303, #1215, #3711 ) ;
#544 = CARTESIAN_POINT ( 'NONE',  ( -23.01124191615862813, -5.000000000000000000, -3.323438802810151582 ) ) ;
#545 = VECTOR ( 'NONE', #1847, 1000.000000000000000 ) ;
#546 = CIRCLE ( 'NONE', #4298, 19.87399999999006184 ) ;
#547 = EDGE_CURVE ( 'NONE', #3422, #1570, #4266, .T. ) ;
#548 = CARTESIAN_POINT ( 'NONE',  ( -19.48896180620510066, -5.000000000000000000, -12.67844106017292738 ) ) ;
#549 = CARTESIAN_POINT ( 'NONE',  ( -17.43016136035848263, -5.000000000000000000, 15.38674673060768150 ) ) ;
#550 = CARTESIAN_POINT ( 'NONE',  ( 12.00000000000000178, -5.000000000000000000, 2.099999999999957900 ) ) ;
#551 = VECTOR ( 'NONE', #93, 1000.000000000000000 ) ;
#552 = AXIS2_PLACEMENT_3D ( 'NONE', #1040, #2467, #2497 ) ;
#553 = ADVANCED_FACE ( 'NONE', ( #1092 ), #2461, .F. ) ;
#554 = EDGE_LOOP ( 'NONE', ( #309, #1034, #3160, #3381 ) ) ;
#555 = CARTESIAN_POINT ( 'NONE',  ( -18.99158496090882764, 0.000000000000000000, -13.41201702476483426 ) ) ;
#556 = CARTESIAN_POINT ( 'NONE',  ( -1.478781897386961752, -5.000000000000000000, 20.38474684432737760 ) ) ;
#557 = FACE_OUTER_BOUND ( 'NONE', #1112, .T. ) ;
#558 = DIRECTION ( 'NONE',  ( -0.9635499925192201331, 0.000000000000000000, 0.2675283385292312466 ) ) ;
#559 = VERTEX_POINT ( 'NONE', #2417 ) ;
#560 = VERTEX_POINT ( 'NONE', #4299 ) ;
#561 = CARTESIAN_POINT ( 'NONE',  ( -21.43075946226955253, -5.000000000000000000, -9.015822140567328447 ) ) ;
#562 = DIRECTION ( 'NONE',  ( 0.1081190184239352592, 0.000000000000000000, -0.9941379571543603744 ) ) ;
#563 = FACE_OUTER_BOUND ( 'NONE', #3318, .T. ) ;
#564 = ORIENTED_EDGE ( 'NONE', *, *, #1727, .T. ) ;
#565 = FACE_OUTER_BOUND ( 'NONE', #3637, .T. ) ;
#566 = ADVANCED_FACE ( 'NONE', ( #2083 ), #4267, .T. ) ;
#567 =( NAMED_UNIT ( * ) PLANE_ANGLE_UNIT ( ) SI_UNIT ( $, .RADIAN. ) );
#568 = DIRECTION ( 'NONE',  ( 0.1081190184239352592, 0.000000000000000000, -0.9941379571543603744 ) ) ;
#569 = CARTESIAN_POINT ( 'NONE',  ( 19.87696855345151192, 5.000000000000000000, -4.757186241094032653 ) ) ;
#570 = EDGE_CURVE ( 'NONE', #4452, #1060, #657, .T. ) ;
#571 = ORIENTED_EDGE ( 'NONE', *, *, #2843, .T. ) ;
#572 = DIRECTION ( 'NONE',  ( 0.000000000000000000, 1.000000000000000000, 0.000000000000000000 ) ) ;
#573 = DIRECTION ( 'NONE',  ( 0.000000000000000000, -1.000000000000000000, -0.000000000000000000 ) ) ;
#574 = DIRECTION ( 'NONE',  ( 0.000000000000000000, 0.000000000000000000, 1.000000000000000000 ) ) ;
#575 = CARTESIAN_POINT ( 'NONE',  ( -19.48738690117363959, -5.000000000000000000, 3.900977795831606976 ) ) ;
#576 = ORIENTED_EDGE ( 'NONE', *, *, #3724, .F. ) ;
#577 = ORIENTED_EDGE ( 'NONE', *, *, #3255, .T. ) ;
#578 = DIRECTION ( 'NONE',  ( -0.000000000000000000, 1.000000000000000000, -0.000000000000000000 ) ) ;
#579 = CARTESIAN_POINT ( 'NONE',  ( 14.16486587031516819, -5.000000000000000000, 13.94031745964149671 ) ) ;
#580 = EDGE_LOOP ( 'NONE', ( #941, #3354, #3323, #2838 ) ) ;
#581 = FACE_OUTER_BOUND ( 'NONE', #1981, .T. ) ;
#582 = LINE ( 'NONE', #3437, #1577 ) ;
#583 = DIRECTION ( 'NONE',  ( -0.7621620551276286903, 0.000000000000000000, 0.6473862847818366850 ) ) ;
#584 = VERTEX_POINT ( 'NONE', #1365 ) ;
#585 = LINE ( 'NONE', #4176, #1591 ) ;
#586 = DIRECTION ( 'NONE',  ( -0.4198891015602527754, 0.000000000000000000, 0.9075754196709624466 ) ) ;
#587 = DIRECTION ( 'NONE',  ( 0.000000000000000000, 0.000000000000000000, 1.000000000000000000 ) ) ;
#588 = CARTESIAN_POINT ( 'NONE',  ( 12.00000000000000178, -5.000000000000000000, 2.099999999999957900 ) ) ;
#589 = AXIS2_PLACEMENT_3D ( 'NONE', #1705, #3164, #2456 ) ;
#590 = ORIENTED_EDGE ( 'NONE', *, *, #2310, .F. ) ;
#591 = CARTESIAN_POINT ( 'NONE',  ( 0.000000000000000000, 5.000000000000000000, 0.000000000000000000 ) ) ;
#592 = DIRECTION ( 'NONE',  ( 0.000000000000000000, 0.000000000000000000, 1.000000000000000000 ) ) ;
#593 = CYLINDRICAL_SURFACE ( 'NONE', #4416, 8.699999999995645439 ) ;
#594 = EDGE_CURVE ( 'NONE', #2304, #4080, #751, .T. ) ;
#595 = AXIS2_PLACEMENT_3D ( 'NONE', #2577, #3629, #355 ) ;
#596 = VERTEX_POINT ( 'NONE', #2111 ) ;
#597 = ORIENTED_EDGE ( 'NONE', *, *, #1988, .T. ) ;
#598 = AXIS2_PLACEMENT_3D ( 'NONE', #1556, #1249, #239 ) ;
#599 = DIRECTION ( 'NONE',  ( 0.000000000000000000, 1.000000000000000000, 0.000000000000000000 ) ) ;
#600 = CARTESIAN_POINT ( 'NONE',  ( 0.000000000000000000, -5.000000000000000000, 0.000000000000000000 ) ) ;
#601 = AXIS2_PLACEMENT_3D ( 'NONE', #1311, #1385, #3862 ) ;
#602 = CIRCLE ( 'NONE', #763, 19.87399999999006539 ) ;
#603 = ORIENTED_EDGE ( 'NONE', *, *, #2489, .T. ) ;
#604 = CARTESIAN_POINT ( 'NONE',  ( 8.972215365938000176, -5.000000000000000000, -17.73344939448699265 ) ) ;
#605 = EDGE_CURVE ( 'NONE', #2072, #4553, #2515, .T. ) ;
#606 = CARTESIAN_POINT ( 'NONE',  ( -5.826326801115413900, 5.000000000000000000, 19.59026839565907352 ) ) ;
#607 = AXIS2_PLACEMENT_3D ( 'NONE', #4009, #3558, #358 ) ;
#609 = EDGE_CURVE ( 'NONE', #3979, #899, #2789, .T. ) ;
#608 = LINE ( 'NONE', #1708, #2624 ) ;
#610 = FACE_OUTER_BOUND ( 'NONE', #1503, .T. ) ;
#611 = ORIENTED_EDGE ( 'NONE', *, *, #3978, .F. ) ;
#612 = CIRCLE ( 'NONE', #4208, 23.25000000000000000 ) ;
#613 = VECTOR ( 'NONE', #4404, 1000.000000000000000 ) ;
#614 = FACE_OUTER_BOUND ( 'NONE', #1482, .T. ) ;
#615 = CIRCLE ( 'NONE', #4131, 8.699999999995652544 ) ;
#616 = AXIS2_PLACEMENT_3D ( 'NONE', #508, #1930, #158 ) ;
#617 = CYLINDRICAL_SURFACE ( 'NONE', #3023, 19.87399999999006184 ) ;
#618 = VECTOR ( 'NONE', #3573, 1000.000000000000000 ) ;
#619 = DIRECTION ( 'NONE',  ( 0.000000000000000000, -1.000000000000000000, -0.000000000000000000 ) ) ;
#620 = DIRECTION ( 'NONE',  ( -0.000000000000000000, 1.000000000000000000, -0.000000000000000000 ) ) ;
#621 = EDGE_LOOP ( 'NONE', ( #2230, #2098, #4383, #4288 ) ) ;
#622 = AXIS2_PLACEMENT_3D ( 'NONE', #2595, #1214, #4442 ) ;
#623 = DIRECTION ( 'NONE',  ( 0.000000000000000000, 0.000000000000000000, 1.000000000000000000 ) ) ;
#624 = DIRECTION ( 'NONE',  ( -0.000000000000000000, 1.000000000000000000, 0.000000000000000000 ) ) ;
#625 = AXIS2_PLACEMENT_3D ( 'NONE', #1219, #4052, #3371 ) ;
#626 = DIRECTION ( 'NONE',  ( -0.9985334138511233748, 0.000000000000000000, 0.05413890858542822621 ) ) ;
#627 = ORIENTED_EDGE ( 'NONE', *, *, #2218, .F. ) ;
#628 = EDGE_LOOP ( 'NONE', ( #2635, #2974, #435, #705 ) ) ;
#629 = DIRECTION ( 'NONE',  ( 0.000000000000000000, 0.000000000000000000, 1.000000000000000000 ) ) ;
#630 = CARTESIAN_POINT ( 'NONE',  ( 19.48738690117368932, -5.000000000000000000, 3.900977795831357398 ) ) ;
#631 = ORIENTED_EDGE ( 'NONE', *, *, #379, .T. ) ;
#632 = CARTESIAN_POINT ( 'NONE',  ( -16.49382366668114486, -5.000000000000000000, 12.06973407576916735 ) ) ;
#633 = EDGE_CURVE ( 'NONE', #71, #1754, #2920, .T. ) ;
#634 = EDGE_CURVE ( 'NONE', #3979, #1429, #520, .T. ) ;
#635 = CARTESIAN_POINT ( 'NONE',  ( 13.71495815577575961, -5.000000000000000000, 18.77398260320169854 ) ) ;
#636 = FACE_OUTER_BOUND ( 'NONE', #4541, .T. ) ;
#637 = ORIENTED_EDGE ( 'NONE', *, *, #1604, .F. ) ;
#638 = ORIENTED_EDGE ( 'NONE', *, *, #1247, .F. ) ;
#639 = DIRECTION ( 'NONE',  ( -0.000000000000000000, 1.000000000000000000, -0.000000000000000000 ) ) ;
#640 = DIRECTION ( 'NONE',  ( 0.000000000000000000, 0.000000000000000000, 1.000000000000000000 ) ) ;
#641 = CYLINDRICAL_SURFACE ( 'NONE', #480, 23.25000000000000000 ) ;
#642 = CARTESIAN_POINT ( 'NONE',  ( 14.42053082845884049, 0.000000000000000000, 18.23762020180999244 ) ) ;
#643 = ORIENTED_EDGE ( 'NONE', *, *, #1720, .F. ) ;
#644 = EDGE_CURVE ( 'NONE', #1141, #1841, #4197, .T. ) ;
#645 = DIRECTION ( 'NONE',  ( 0.000000000000000000, -1.000000000000000000, 0.000000000000000000 ) ) ;
#646 = DIRECTION ( 'NONE',  ( 0.2149704402110246271, 0.000000000000000000, 0.9766205557100864354 ) ) ;
#647 = CARTESIAN_POINT ( 'NONE',  ( 0.000000000000000000, 5.000000000000000000, 0.000000000000000000 ) ) ;
#648 = ORIENTED_EDGE ( 'NONE', *, *, #695, .T. ) ;
#649 = EDGE_LOOP ( 'NONE', ( #638, #777, #1918, #1108 ) ) ;
#650 = CARTESIAN_POINT ( 'NONE',  ( 2.937909204315279688, -5.000000000000000000, 20.22605718657381146 ) ) ;
#651 = ADVANCED_FACE ( 'NONE', ( #636 ), #2062, .T. ) ;
#652 = CARTESIAN_POINT ( 'NONE',  ( -7.707273062986899070, 5.000000000000000000, -18.31867402221464403 ) ) ;
#653 = ADVANCED_FACE ( 'NONE', ( #343 ), #2488, .T. ) ;
#654 = VERTEX_POINT ( 'NONE', #1762 ) ;
#655 = FACE_OUTER_BOUND ( 'NONE', #1097, .T. ) ;
#656 = DIRECTION ( 'NONE',  ( 0.9635499925192236859, 0.000000000000000000, 0.2675283385292181459 ) ) ;
#657 = LINE ( 'NONE', #3470, #4408 ) ;
#658 = VERTEX_POINT ( 'NONE', #3198 ) ;
#659 = VERTEX_POINT ( 'NONE', #4621 ) ;
#660 = EDGE_CURVE ( 'NONE', #467, #735, #1201, .T. ) ;
#661 = DIRECTION ( 'NONE',  ( 0.000000000000000000, -1.000000000000000000, 0.000000000000000000 ) ) ;
#662 = FACE_OUTER_BOUND ( 'NONE', #1217, .T. ) ;
#663 = DIRECTION ( 'NONE',  ( 0.000000000000000000, 0.000000000000000000, 1.000000000000000000 ) ) ;
#664 = EDGE_CURVE ( 'NONE', #1196, #3374, #1427, .T. ) ;
#665 = DIRECTION ( 'NONE',  ( 0.000000000000000000, 0.000000000000000000, 1.000000000000000000 ) ) ;
#666 = CYLINDRICAL_SURFACE ( 'NONE', #397, 4.250000000000000000 ) ;
#667 = VERTEX_POINT ( 'NONE', #385 ) ;
#668 = DIRECTION ( 'NONE',  ( 0.000000000000000000, 1.000000000000000000, -0.000000000000000000 ) ) ;
#669 = CARTESIAN_POINT ( 'NONE',  ( -14.16486587031498345, -5.000000000000000000, 13.94031745964168323 ) ) ;
#670 = LINE ( 'NONE', #2451, #87 ) ;
#671 = ORIENTED_EDGE ( 'NONE', *, *, #718, .T. ) ;
#672 = ORIENTED_EDGE ( 'NONE', *, *, #4147, .F. ) ;
#673 = VECTOR ( 'NONE', #232, 1000.000000000000000 ) ;
#674 = DIRECTION ( 'NONE',  ( -0.000000000000000000, 1.000000000000000000, -0.000000000000000000 ) ) ;
#675 = CARTESIAN_POINT ( 'NONE',  ( -16.04235741995750431, 5.000000000000000000, -12.66362776686399982 ) ) ;
#676 = AXIS2_PLACEMENT_3D ( 'NONE', #1327, #1678, #2475 ) ;
#677 = EDGE_LOOP ( 'NONE', ( #2027, #3633, #2661, #128 ) ) ;
#678 = FACE_OUTER_BOUND ( 'NONE', #2839, .T. ) ;
#679 = AXIS2_PLACEMENT_3D ( 'NONE', #3882, #674, #950 ) ;
#680 = DIRECTION ( 'NONE',  ( 0.000000000000000000, 0.000000000000000000, 1.000000000000000000 ) ) ;
#681 = EDGE_CURVE ( 'NONE', #526, #3702, #1806, .T. ) ;
#682 = DIRECTION ( 'NONE',  ( 0.000000000000000000, 0.000000000000000000, 1.000000000000000000 ) ) ;
#683 = EDGE_CURVE ( 'NONE', #110, #2586, #1198, .T. ) ;
#684 = ORIENTED_EDGE ( 'NONE', *, *, #148, .F. ) ;
#685 = AXIS2_PLACEMENT_3D ( 'NONE', #4580, #2543, #2823 ) ;
#686 = EDGE_LOOP ( 'NONE', ( #2589, #1808, #3283, #2156 ) ) ;
#687 = CARTESIAN_POINT ( 'NONE',  ( 0.000000000000000000, 5.000000000000000000, 0.000000000000000000 ) ) ;
#688 = CIRCLE ( 'NONE', #3738, 8.699999999995652544 ) ;
#689 = CYLINDRICAL_SURFACE ( 'NONE', #757, 8.699999999995647215 ) ;
#690 = AXIS2_PLACEMENT_3D ( 'NONE', #1126, #2552, #3936 ) ;
#691 = CARTESIAN_POINT ( 'NONE',  ( 0.000000000000000000, -5.000000000000000000, 0.000000000000000000 ) ) ;
#692 = DIRECTION ( 'NONE',  ( 0.000000000000000000, 0.000000000000000000, 1.000000000000000000 ) ) ;
#693 = CARTESIAN_POINT ( 'NONE',  ( 0.000000000000000000, -5.000000000000000000, 0.000000000000000000 ) ) ;
#694 = VERTEX_POINT ( 'NONE', #630 ) ;
#695 = EDGE_CURVE ( 'NONE', #1029, #4292, #15, .T. ) ;
#696 = DIRECTION ( 'NONE',  ( 0.000000000000000000, 0.000000000000000000, 1.000000000000000000 ) ) ;
#697 = CIRCLE ( 'NONE', #1153, 8.699999999995650768 ) ;
#698 = EDGE_CURVE ( 'NONE', #4168, #1846, #2379, .T. ) ;
#699 = DIRECTION ( 'NONE',  ( -0.3193015301359869995, 0.000000000000000000, -0.9476531711828000137 ) ) ;
#700 = DIRECTION ( 'NONE',  ( -0.000000000000000000, -1.000000000000000000, 0.000000000000000000 ) ) ;
#701 = ORIENTED_EDGE ( 'NONE', *, *, #2338, .F. ) ;
#702 = ORIENTED_EDGE ( 'NONE', *, *, #1942, .T. ) ;
#703 = VECTOR ( 'NONE', #927, 1000.000000000000000 ) ;
#704 = DIRECTION ( 'NONE',  ( 0.000000000000000000, -1.000000000000000000, -0.000000000000000000 ) ) ;
#705 = ORIENTED_EDGE ( 'NONE', *, *, #4223, .T. ) ;
#706 = STYLED_ITEM ( 'NONE', ( #1321 ), #4280 ) ;
#707 = ORIENTED_EDGE ( 'NONE', *, *, #4447, .F. ) ;
#708 = CARTESIAN_POINT ( 'NONE',  ( 0.000000000000000000, 5.000000000000000000, 0.000000000000000000 ) ) ;
#709 = CIRCLE ( 'NONE', #3095, 2.100000000000000089 ) ;
#710 = AXIS2_PLACEMENT_3D ( 'NONE', #3621, #88, #3319 ) ;
#711 = DIRECTION ( 'NONE',  ( 0.000000000000000000, 0.000000000000000000, 1.000000000000000000 ) ) ;
#712 = DIRECTION ( 'NONE',  ( -0.000000000000000000, -1.000000000000000000, -0.000000000000000000 ) ) ;
#713 = ORIENTED_EDGE ( 'NONE', *, *, #2468, .F. ) ;
#714 = ORIENTED_EDGE ( 'NONE', *, *, #3827, .F. ) ;
#715 = LINE ( 'NONE', #1713, #1525 ) ;
#716 = DIRECTION ( 'NONE',  ( -0.000000000000000000, -1.000000000000000000, -0.000000000000000000 ) ) ;
#717 = CARTESIAN_POINT ( 'NONE',  ( -20.27479121899671810, -5.000000000000000000, 2.580221082281170197 ) ) ;
#718 = EDGE_CURVE ( 'NONE', #2966, #3650, #1793, .T. ) ;
#719 = ORIENTED_EDGE ( 'NONE', *, *, #3182, .T. ) ;
#720 = FACE_BOUND ( 'NONE', #2992, .T. ) ;
#721 = EDGE_CURVE ( 'NONE', #3890, #3422, #1006, .T. ) ;
#722 = VERTEX_POINT ( 'NONE', #4540 ) ;
#723 = CARTESIAN_POINT ( 'NONE',  ( -1.454641113955830845, -5.000000000000000000, 19.82069361120327855 ) ) ;
#724 = DIRECTION ( 'NONE',  ( 0.000000000000000000, -1.000000000000000000, 0.000000000000000000 ) ) ;
#725 = DIRECTION ( 'NONE',  ( -0.000000000000000000, 1.000000000000000000, 0.000000000000000000 ) ) ;
#726 = ORIENTED_EDGE ( 'NONE', *, *, #9, .F. ) ;
#727 = ORIENTED_EDGE ( 'NONE', *, *, #1180, .T. ) ;
#728 = EDGE_CURVE ( 'NONE', #2072, #3979, #84, .T. ) ;
#729 = LINE ( 'NONE', #1084, #4126 ) ;
#730 = VERTEX_POINT ( 'NONE', #1683 ) ;
#731 = VERTEX_POINT ( 'NONE', #4615 ) ;
#732 = DIRECTION ( 'NONE',  ( -0.6051742151937556935, 0.000000000000000000, 0.7960930657056508597 ) ) ;
#733 = CARTESIAN_POINT ( 'NONE',  ( 0.000000000000000000, 5.000000000000000000, 0.000000000000000000 ) ) ;
#734 = EDGE_LOOP ( 'NONE', ( #4200, #3491, #2174, #4240 ) ) ;
#735 = VERTEX_POINT ( 'NONE', #652 ) ;
#736 = CARTESIAN_POINT ( 'NONE',  ( 18.99158496090864645, 5.000000000000000000, -13.41201702476509183 ) ) ;
#737 = DIRECTION ( 'NONE',  ( 0.000000000000000000, -1.000000000000000000, 0.000000000000000000 ) ) ;
#738 = ORIENTED_EDGE ( 'NONE', *, *, #2308, .T. ) ;
#739 = CARTESIAN_POINT ( 'NONE',  ( -19.87696855345157232, 5.000000000000000000, -4.757186241093761758 ) ) ;
#740 = VERTEX_POINT ( 'NONE', #4517 ) ;
#741 = LINE ( 'NONE', #2446, #2023 ) ;
#742 = ORIENTED_EDGE ( 'NONE', *, *, #855, .T. ) ;
#743 = DIRECTION ( 'NONE',  ( 0.000000000000000000, 1.000000000000000000, 0.000000000000000000 ) ) ;
#744 = LINE ( 'NONE', #2826, #1077 ) ;
#745 = DIRECTION ( 'NONE',  ( -0.000000000000000000, 1.000000000000000000, -0.000000000000000000 ) ) ;
#746 = ORIENTED_EDGE ( 'NONE', *, *, #2547, .T. ) ;
#747 = DIRECTION ( 'NONE',  ( -0.8276889981568954502, 0.000000000000000000, -0.5611870653623751704 ) ) ;
#748 = ORIENTED_EDGE ( 'NONE', *, *, #3725, .F. ) ;
#749 = EDGE_CURVE ( 'NONE', #4546, #832, #383, .T. ) ;
#750 = DIRECTION ( 'NONE',  ( -0.000000000000000000, 1.000000000000000000, -0.000000000000000000 ) ) ;
#751 = CIRCLE ( 'NONE', #1130, 8.699999999995652544 ) ;
#752 = AXIS2_PLACEMENT_3D ( 'NONE', #4095, #3053, #1997 ) ;
#753 = EDGE_CURVE ( 'NONE', #110, #2727, #2407, .T. ) ;
#754 = EDGE_LOOP ( 'NONE', ( #3094, #460, #2946, #159 ) ) ;
#755 = EDGE_CURVE ( 'NONE', #49, #467, #4562, .T. ) ;
#756 = ORIENTED_EDGE ( 'NONE', *, *, #3145, .T. ) ;
#757 = AXIS2_PLACEMENT_3D ( 'NONE', #1814, #1840, #4344 ) ;
#758 = CARTESIAN_POINT ( 'NONE',  ( -5.107508504281993211, -5.000000000000000000, -19.78984731335847869 ) ) ;
#759 = EDGE_CURVE ( 'NONE', #1764, #2008, #1407, .T. ) ;
#760 = LINE ( 'NONE', #2190, #1944 ) ;
#761 = ORIENTED_EDGE ( 'NONE', *, *, #2522, .T. ) ;
#762 = VECTOR ( 'NONE', #3217, 1000.000000000000000 ) ;
#763 = AXIS2_PLACEMENT_3D ( 'NONE', #4193, #2137, #2106 ) ;
#764 = CARTESIAN_POINT ( 'NONE',  ( 0.000000000000000000, 5.000000000000000000, 0.000000000000000000 ) ) ;
#765 = ORIENTED_EDGE ( 'NONE', *, *, #3631, .T. ) ;
#766 = PLANE ( 'NONE',  #979 ) ;
#767 = CIRCLE ( 'NONE', #3677, 2.100000000000000089 ) ;
#768 = VERTEX_POINT ( 'NONE', #2031 ) ;
#769 = CARTESIAN_POINT ( 'NONE',  ( 0.000000000000000000, 5.000000000000000000, 0.000000000000000000 ) ) ;
#770 = DIRECTION ( 'NONE',  ( -0.000000000000000000, 1.000000000000000000, -0.000000000000000000 ) ) ;
#771 = CIRCLE ( 'NONE', #2029, 23.25000000000000000 ) ;
#772 = CARTESIAN_POINT ( 'NONE',  ( 19.71287217419893523, -5.000000000000000000, 2.525578476962956564 ) ) ;
#773 = ORIENTED_EDGE ( 'NONE', *, *, #3743, .T. ) ;
#774 = DIRECTION ( 'NONE',  ( 0.000000000000000000, 0.000000000000000000, 1.000000000000000000 ) ) ;
#775 = CIRCLE ( 'NONE', #2491, 2.100000000000000089 ) ;
#776 = VERTEX_POINT ( 'NONE', #1758 ) ;
#777 = ORIENTED_EDGE ( 'NONE', *, *, #1836, .T. ) ;
#778 = DIRECTION ( 'NONE',  ( 0.000000000000000000, -1.000000000000000000, 0.000000000000000000 ) ) ;
#779 = CIRCLE ( 'NONE', #2269, 8.699999999995650768 ) ;
#780 = AXIS2_PLACEMENT_3D ( 'NONE', #1610, #4110, #1934 ) ;
#781 = AXIS2_PLACEMENT_3D ( 'NONE', #1622, #4503, #4476 ) ;
#782 = EDGE_CURVE ( 'NONE', #2640, #776, #2683, .T. ) ;
#783 = EDGE_CURVE ( 'NONE', #2662, #872, #4262, .T. ) ;
#784 = VERTEX_POINT ( 'NONE', #974 ) ;
#785 = AXIS2_PLACEMENT_3D ( 'NONE', #2199, #743, #2883 ) ;
#786 = AXIS2_PLACEMENT_3D ( 'NONE', #1447, #2876, #663 ) ;
#787 = DIRECTION ( 'NONE',  ( 0.000000000000000000, -1.000000000000000000, 0.000000000000000000 ) ) ;
#788 = DIRECTION ( 'NONE',  ( 0.000000000000000000, 1.000000000000000000, -0.000000000000000000 ) ) ;
#789 = VERTEX_POINT ( 'NONE', #2003 ) ;
#790 = CARTESIAN_POINT ( 'NONE',  ( 9.642689752178753793, -5.000000000000000000, 17.37798637192560136 ) ) ;
#791 = ORIENTED_EDGE ( 'NONE', *, *, #1235, .F. ) ;
#792 = DIRECTION ( 'NONE',  ( 0.000000000000000000, -1.000000000000000000, 0.000000000000000000 ) ) ;
#793 = ORIENTED_EDGE ( 'NONE', *, *, #1261, .T. ) ;
#794 = CARTESIAN_POINT ( 'NONE',  ( 0.000000000000000000, 5.000000000000000000, 0.000000000000000000 ) ) ;
#795 = DIRECTION ( 'NONE',  ( 0.000000000000000000, -1.000000000000000000, 0.000000000000000000 ) ) ;
#796 = DIRECTION ( 'NONE',  ( 0.000000000000000000, -1.000000000000000000, 0.000000000000000000 ) ) ;
#797 = ORIENTED_EDGE ( 'NONE', *, *, #2107, .T. ) ;
#798 = EDGE_CURVE ( 'NONE', #3450, #722, #1028, .T. ) ;
#799 = LINE ( 'NONE', #3651, #3528 ) ;
#800 = ORIENTED_EDGE ( 'NONE', *, *, #3337, .T. ) ;
#801 = CARTESIAN_POINT ( 'NONE',  ( 12.00000000000000178, 5.000000000000000000, 2.099999999999957900 ) ) ;
#802 = ADVANCED_FACE ( 'NONE', ( #3112 ), #1331, .T. ) ;
#803 = EDGE_CURVE ( 'NONE', #1141, #3901, #1638, .T. ) ;
#804 = ORIENTED_EDGE ( 'NONE', *, *, #3994, .F. ) ;
#805 = CARTESIAN_POINT ( 'NONE',  ( 0.000000000000000000, 5.000000000000000000, 0.000000000000000000 ) ) ;
#806 = CARTESIAN_POINT ( 'NONE',  ( -19.79492089438830149, -5.000000000000000000, -1.771152953449950829 ) ) ;
#807 = VERTEX_POINT ( 'NONE', #3134 ) ;
#808 = EDGE_CURVE ( 'NONE', #3763, #4452, #2844, .T. ) ;
#809 = FACE_OUTER_BOUND ( 'NONE', #867, .T. ) ;
#810 = ORIENTED_EDGE ( 'NONE', *, *, #4584, .F. ) ;
#811 = DIRECTION ( 'NONE',  ( 0.000000000000000000, -1.000000000000000000, 0.000000000000000000 ) ) ;
#812 = VERTEX_POINT ( 'NONE', #1386 ) ;
#813 = CYLINDRICAL_SURFACE ( 'NONE', #3624, 8.699999999995647215 ) ;
#814 = EDGE_CURVE ( 'NONE', #3254, #1637, #3888, .T. ) ;
#815 = FACE_OUTER_BOUND ( 'NONE', #4358, .T. ) ;
#816 = DIRECTION ( 'NONE',  ( -0.4198891015602528309, 0.000000000000000000, 0.9075754196709623356 ) ) ;
#817 = VERTEX_POINT ( 'NONE', #3352 ) ;
#818 = DIRECTION ( 'NONE',  ( 0.000000000000000000, -1.000000000000000000, 0.000000000000000000 ) ) ;
#819 = DIRECTION ( 'NONE',  ( 0.000000000000000000, 0.000000000000000000, 1.000000000000000000 ) ) ;
#820 = CARTESIAN_POINT ( 'NONE',  ( -2.840230817817676279, -5.000000000000000000, 19.67000164974888676 ) ) ;
#821 = ORIENTED_EDGE ( 'NONE', *, *, #222, .T. ) ;
#822 = CYLINDRICAL_SURFACE ( 'NONE', #4583, 23.25000000000000000 ) ;
#823 = VECTOR ( 'NONE', #3848, 1000.000000000000000 ) ;
#824 = EDGE_CURVE ( 'NONE', #3560, #954, #2620, .T. ) ;
#826 = EDGE_CURVE ( 'NONE', #210, #2605, #3139, .T. ) ;
#825 = FACE_OUTER_BOUND ( 'NONE', #1348, .T. ) ;
#827 = ORIENTED_EDGE ( 'NONE', *, *, #1782, .F. ) ;
#828 = AXIS2_PLACEMENT_3D ( 'NONE', #3158, #3879, #4586 ) ;
#829 = DIRECTION ( 'NONE',  ( -0.000000000000000000, 1.000000000000000000, -0.000000000000000000 ) ) ;
#830 = VECTOR ( 'NONE', #4370, 1000.000000000000000 ) ;
#831 = LINE ( 'NONE', #3708, #4426 ) ;
#832 = VERTEX_POINT ( 'NONE', #1281 ) ;
#833 = AXIS2_PLACEMENT_3D ( 'NONE', #4619, #3916, #3116 ) ;
#834 = VECTOR ( 'NONE', #750, 1000.000000000000000 ) ;
#835 = DIRECTION ( 'NONE',  ( 0.4198891015602653765, 0.000000000000000000, 0.9075754196709566735 ) ) ;
#836 = CARTESIAN_POINT ( 'NONE',  ( 18.19318771073841390, -5.000000000000000000, 7.998987243485383480 ) ) ;
#837 = DIRECTION ( 'NONE',  ( 0.000000000000000000, -1.000000000000000000, -0.000000000000000000 ) ) ;
#838 = ORIENTED_EDGE ( 'NONE', *, *, #1621, .T. ) ;
#839 = VECTOR ( 'NONE', #2426, 1000.000000000000000 ) ;
#840 = ADVANCED_FACE ( 'NONE', ( #3022 ), #1917, .T. ) ;
#841 = ORIENTED_EDGE ( 'NONE', *, *, #1766, .F. ) ;
#842 = DIRECTION ( 'NONE',  ( 0.000000000000000000, 0.000000000000000000, -1.000000000000000000 ) ) ;
#843 = EDGE_CURVE ( 'NONE', #510, #735, #4079, .T. ) ;
#844 = CARTESIAN_POINT ( 'NONE',  ( -18.19318771073830376, -5.000000000000000000, 7.998987243485623289 ) ) ;
#845 = AXIS2_PLACEMENT_3D ( 'NONE', #2742, #4457, #3046 ) ;
#846 = CIRCLE ( 'NONE', #1656, 19.87399999999006184 ) ;
#847 = CARTESIAN_POINT ( 'NONE',  ( 20.27479121899674652, 5.000000000000000000, 2.580221082280897971 ) ) ;
#848 = AXIS2_PLACEMENT_3D ( 'NONE', #4015, #3271, #1200 ) ;
#849 = AXIS2_PLACEMENT_3D ( 'NONE', #2412, #3843, #1335 ) ;
#850 = VERTEX_POINT ( 'NONE', #496 ) ;
#851 = FACE_OUTER_BOUND ( 'NONE', #4143, .T. ) ;
#852 = CIRCLE ( 'NONE', #2198, 8.699999999995652544 ) ;
#853 = CIRCLE ( 'NONE', #2273, 8.699999999995650768 ) ;
#855 = EDGE_CURVE ( 'NONE', #4337, #1574, #868, .T. ) ;
#854 = LINE ( 'NONE', #1662, #4195 ) ;
#856 = VERTEX_POINT ( 'NONE', #3758 ) ;
#857 = CARTESIAN_POINT ( 'NONE',  ( 5.826326801115686571, -5.000000000000000000, 19.59026839565899536 ) ) ;
#858 = VECTOR ( 'NONE', #3642, 1000.000000000000000 ) ;
#859 = DIRECTION ( 'NONE',  ( 0.000000000000000000, -1.000000000000000000, -0.000000000000000000 ) ) ;
#860 = ORIENTED_EDGE ( 'NONE', *, *, #3719, .T. ) ;
#861 = ADVANCED_FACE ( 'NONE', ( #928 ), #2290, .T. ) ;
#862 = DIRECTION ( 'NONE',  ( -0.000000000000000000, -1.000000000000000000, -0.000000000000000000 ) ) ;
#863 = DIRECTION ( 'NONE',  ( 0.000000000000000000, -1.000000000000000000, -0.000000000000000000 ) ) ;
#864 = ORIENTED_EDGE ( 'NONE', *, *, #4519, .T. ) ;
#865 = VERTEX_POINT ( 'NONE', #513 ) ;
#866 = CYLINDRICAL_SURFACE ( 'NONE', #535, 8.699999999995647215 ) ;
#867 = EDGE_LOOP ( 'NONE', ( #3559, #3492, #2671, #4376 ) ) ;
#868 = LINE ( 'NONE', #4141, #4479 ) ;
#869 = EDGE_CURVE ( 'NONE', #1008, #519, #1935, .T. ) ;
#870 = VERTEX_POINT ( 'NONE', #2272 ) ;
#871 = EDGE_CURVE ( 'NONE', #3611, #2655, #2175, .T. ) ;
#872 = VERTEX_POINT ( 'NONE', #166 ) ;
#873 = CARTESIAN_POINT ( 'NONE',  ( 0.000000000000000000, -5.000000000000000000, 0.000000000000000000 ) ) ;
#874 = CYLINDRICAL_SURFACE ( 'NONE', #4417, 23.25000000000000000 ) ;
#875 = ORIENTED_EDGE ( 'NONE', *, *, #3362, .F. ) ;
#876 = CARTESIAN_POINT ( 'NONE',  ( 0.000000000000000000, 5.000000000000000000, 0.000000000000000000 ) ) ;
#877 = CARTESIAN_POINT ( 'NONE',  ( -13.71495815577551092, 5.000000000000000000, 18.77398260320187973 ) ) ;
#878 = CARTESIAN_POINT ( 'NONE',  ( -17.43016136035847907, 0.000000000000000000, 15.38674673060767795 ) ) ;
#879 = ORIENTED_EDGE ( 'NONE', *, *, #1204, .T. ) ;
#880 = EDGE_LOOP ( 'NONE', ( #3585, #1426, #1960, #2287 ) ) ;
#881 = FACE_OUTER_BOUND ( 'NONE', #2161, .T. ) ;
#882 = EDGE_CURVE ( 'NONE', #2291, #3349, #227, .T. ) ;
#883 = ORIENTED_EDGE ( 'NONE', *, *, #570, .T. ) ;
#884 = CARTESIAN_POINT ( 'NONE',  ( 14.57913742957722114, 5.000000000000000000, 14.32387697576515073 ) ) ;
#885 = ORIENTED_EDGE ( 'NONE', *, *, #1289, .F. ) ;
#886 = ADVANCED_FACE ( 'NONE', ( #4451 ), #1244, .T. ) ;
#887 = ORIENTED_EDGE ( 'NONE', *, *, #3777, .T. ) ;
#888 = DIRECTION ( 'NONE',  ( 0.5155538571770170719, 0.000000000000000000, -0.8568571761675920495 ) ) ;
#889 = EDGE_CURVE ( 'NONE', #2990, #4452, #3968, .T. ) ;
#890 = CARTESIAN_POINT ( 'NONE',  ( 0.000000000000000000, 5.000000000000000000, 0.000000000000000000 ) ) ;
#891 = EDGE_LOOP ( 'NONE', ( #3912, #4341, #2570, #1210 ) ) ;
#892 = EDGE_CURVE ( 'NONE', #505, #4159, #1052, .T. ) ;
#893 = DIRECTION ( 'NONE',  ( 0.000000000000000000, 1.000000000000000000, 0.000000000000000000 ) ) ;
#894 = AXIS2_PLACEMENT_3D ( 'NONE', #375, #34, #3282 ) ;
#895 = FACE_OUTER_BOUND ( 'NONE', #45, .T. ) ;
#896 = DIRECTION ( 'NONE',  ( 0.000000000000000000, 0.000000000000000000, 1.000000000000000000 ) ) ;
#897 = DIRECTION ( 'NONE',  ( 0.000000000000000000, -1.000000000000000000, -0.000000000000000000 ) ) ;
#898 = AXIS2_PLACEMENT_3D ( 'NONE', #1512, #2914, #390 ) ;
#899 = VERTEX_POINT ( 'NONE', #2309 ) ;
#900 = DIRECTION ( 'NONE',  ( 0.8276889981568877896, 0.000000000000000000, -0.5611870653623862726 ) ) ;
#901 = DIRECTION ( 'NONE',  ( -0.5155538571770286183, 0.000000000000000000, -0.8568571761675850551 ) ) ;
#902 = CYLINDRICAL_SURFACE ( 'NONE', #3391, 23.25000000000000000 ) ;
#903 = AXIS2_PLACEMENT_3D ( 'NONE', #650, #3459, #1356 ) ;
#904 = AXIS2_PLACEMENT_3D ( 'NONE', #2557, #778, #2863 ) ;
#905 = CARTESIAN_POINT ( 'NONE',  ( -5.826326801115413900, -5.000000000000000000, 19.59026839565907352 ) ) ;
#906 = ORIENTED_EDGE ( 'NONE', *, *, #1039, .F. ) ;
#907 = AXIS2_PLACEMENT_3D ( 'NONE', #200, #4180, #1254 ) ;
#908 = VECTOR ( 'NONE', #187, 1000.000000000000000 ) ;
#909 = ORIENTED_EDGE ( 'NONE', *, *, #4023, .T. ) ;
#910 = AXIS2_PLACEMENT_3D ( 'NONE', #116, #3343, #2300 ) ;
#911 = CARTESIAN_POINT ( 'NONE',  ( 12.00000000000000178, 5.000000000000000000, -4.189777606611760657E-14 ) ) ;
#912 = DIRECTION ( 'NONE',  ( -0.4198891015602527754, 0.000000000000000000, 0.9075754196709624466 ) ) ;
#913 = DIRECTION ( 'NONE',  ( 0.000000000000000000, -1.000000000000000000, -0.000000000000000000 ) ) ;
#914 = ORIENTED_EDGE ( 'NONE', *, *, #2401, .F. ) ;
#915 = DIRECTION ( 'NONE',  ( 1.000000000000000000, 0.000000000000000000, 0.000000000000000000 ) ) ;
#916 = AXIS2_PLACEMENT_3D ( 'NONE', #2973, #3691, #4090 ) ;
#917 = CIRCLE ( 'NONE', #1158, 8.699999999995648992 ) ;
#918 = DIRECTION ( 'NONE',  ( 0.000000000000000000, 0.000000000000000000, 1.000000000000000000 ) ) ;
#919 = AXIS2_PLACEMENT_3D ( 'NONE', #3628, #1147, #4006 ) ;
#920 = CARTESIAN_POINT ( 'NONE',  ( -12.36416346427704482, 5.000000000000000000, -19.68984412910971926 ) ) ;
#921 = DIRECTION ( 'NONE',  ( 0.000000000000000000, 0.000000000000000000, -1.000000000000000000 ) ) ;
#922 = CARTESIAN_POINT ( 'NONE',  ( 18.95138111403043979, 5.000000000000000000, -5.985067240255158794 ) ) ;
#923 = AXIS2_PLACEMENT_3D ( 'NONE', #1016, #3179, #2444 ) ;
#924 = ORIENTED_EDGE ( 'NONE', *, *, #938, .T. ) ;
#925 = DIRECTION ( 'NONE',  ( -0.000000000000000000, -1.000000000000000000, 0.000000000000000000 ) ) ;
#926 = CARTESIAN_POINT ( 'NONE',  ( 4.564368216031376768, -5.000000000000000000, 22.79756659796133889 ) ) ;
#927 = DIRECTION ( 'NONE',  ( -0.000000000000000000, 1.000000000000000000, 0.000000000000000000 ) ) ;
#928 = FACE_OUTER_BOUND ( 'NONE', #1504, .T. ) ;
#929 = ORIENTED_EDGE ( 'NONE', *, *, #4494, .F. ) ;
#930 = EDGE_CURVE ( 'NONE', #1539, #2542, #1875, .T. ) ;
#931 = DIRECTION ( 'NONE',  ( 0.000000000000000000, -1.000000000000000000, 0.000000000000000000 ) ) ;
#932 = ORIENTED_EDGE ( 'NONE', *, *, #728, .F. ) ;
#933 = CARTESIAN_POINT ( 'NONE',  ( 19.48738690117368932, -5.000000000000000000, 3.900977795831357398 ) ) ;
#934 = CARTESIAN_POINT ( 'NONE',  ( -7.002296713240109938, -5.000000000000000000, 18.59956227278889074 ) ) ;
#935 = LINE ( 'NONE', #3812, #3177 ) ;
#936 = ORIENTED_EDGE ( 'NONE', *, *, #4320, .F. ) ;
#937 = DIRECTION ( 'NONE',  ( 0.000000000000000000, 0.000000000000000000, 1.000000000000000000 ) ) ;
#938 = EDGE_CURVE ( 'NONE', #1725, #872, #4271, .T. ) ;
#939 = CARTESIAN_POINT ( 'NONE',  ( 0.000000000000000000, -5.000000000000000000, 0.000000000000000000 ) ) ;
#940 = DIRECTION ( 'NONE',  ( 0.8276889981568877896, 0.000000000000000000, -0.5611870653623862726 ) ) ;
#941 = ORIENTED_EDGE ( 'NONE', *, *, #2811, .F. ) ;
#942 = CARTESIAN_POINT ( 'NONE',  ( 21.43075946226943529, -5.000000000000000000, -9.015822140567607335 ) ) ;
#943 = EDGE_CURVE ( 'NONE', #2387, #286, #3669, .T. ) ;
#944 = CARTESIAN_POINT ( 'NONE',  ( -7.002462217011601098, 5.000000000000000000, -22.17043127454504514 ) ) ;
#945 = DIRECTION ( 'NONE',  ( -0.8276889981568954502, 0.000000000000000000, -0.5611870653623752814 ) ) ;
#946 = CARTESIAN_POINT ( 'NONE',  ( -17.87454475682800847, -5.000000000000000000, -8.687722701361810351 ) ) ;
#947 = ORIENTED_EDGE ( 'NONE', *, *, #2366, .F. ) ;
#948 = ORIENTED_EDGE ( 'NONE', *, *, #269, .F. ) ;
#949 = EDGE_CURVE ( 'NONE', #1425, #3349, #1939, .T. ) ;
#950 = DIRECTION ( 'NONE',  ( 0.000000000000000000, 0.000000000000000000, 1.000000000000000000 ) ) ;
#951 = DIRECTION ( 'NONE',  ( -0.000000000000000000, -1.000000000000000000, 0.000000000000000000 ) ) ;
#952 = ORIENTED_EDGE ( 'NONE', *, *, #3761, .F. ) ;
#953 = DIRECTION ( 'NONE',  ( 0.000000000000000000, 0.000000000000000000, 1.000000000000000000 ) ) ;
#954 = VERTEX_POINT ( 'NONE', #3906 ) ;
#955 = CARTESIAN_POINT ( 'NONE',  ( 15.09216836474836398, -5.000000000000000000, -13.78227680238077646 ) ) ;
#956 = DIRECTION ( 'NONE',  ( 0.000000000000000000, 1.000000000000000000, -0.000000000000000000 ) ) ;
#957 = CYLINDRICAL_SURFACE ( 'NONE', #4145, 19.87399999999006184 ) ;
#958 = ORIENTED_EDGE ( 'NONE', *, *, #2021, .T. ) ;
#959 = CYLINDRICAL_SURFACE ( 'NONE', #1445, 23.25000000000000000 ) ;
#960 = VECTOR ( 'NONE', #2440, 1000.000000000000000 ) ;
#961 = CARTESIAN_POINT ( 'NONE',  ( 10.83694299684547602, -5.000000000000000000, 16.65942803588187360 ) ) ;
#962 = CARTESIAN_POINT ( 'NONE',  ( -11.77653974393297709, 5.000000000000000000, -16.70442490680004255 ) ) ;
#963 = DIRECTION ( 'NONE',  ( 0.000000000000000000, -1.000000000000000000, -0.000000000000000000 ) ) ;
#964 = CIRCLE ( 'NONE', #828, 8.699999999995648992 ) ;
#965 = ORIENTED_EDGE ( 'NONE', *, *, #2032, .T. ) ;
#966 = EDGE_CURVE ( 'NONE', #1132, #784, #2093, .T. ) ;
#967 = FACE_OUTER_BOUND ( 'NONE', #1184, .T. ) ;
#968 = DIRECTION ( 'NONE',  ( 0.000000000000000000, -1.000000000000000000, 0.000000000000000000 ) ) ;
#969 = CARTESIAN_POINT ( 'NONE',  ( 11.15907515923863613, -5.000000000000000000, 17.12307628312791863 ) ) ;
#970 = ORIENTED_EDGE ( 'NONE', *, *, #698, .F. ) ;
#971 = VERTEX_POINT ( 'NONE', #1046 ) ;
#972 = CIRCLE ( 'NONE', #3375, 8.699999999995652544 ) ;
#973 = FACE_OUTER_BOUND ( 'NONE', #192, .T. ) ;
#974 = CARTESIAN_POINT ( 'NONE',  ( 5.681495643958737851, -5.000000000000000000, 19.04459196851649594 ) ) ;
#975 = CIRCLE ( 'NONE', #3307, 23.25000000000000000 ) ;
#976 = AXIS2_PLACEMENT_3D ( 'NONE', #2758, #283, #1433 ) ;
#977 = ORIENTED_EDGE ( 'NONE', *, *, #1411, .F. ) ;
#978 = DIRECTION ( 'NONE',  ( 0.000000000000000000, 0.000000000000000000, 1.000000000000000000 ) ) ;
#979 = AXIS2_PLACEMENT_3D ( 'NONE', #1769, #26, #3549 ) ;
#980 = DIRECTION ( 'NONE',  ( -0.000000000000000000, -1.000000000000000000, -0.000000000000000000 ) ) ;
#981 = DIRECTION ( 'NONE',  ( 0.000000000000000000, -1.000000000000000000, 0.000000000000000000 ) ) ;
#982 = CARTESIAN_POINT ( 'NONE',  ( 9.901439139121102073, -5.000000000000000000, 17.87977076982911129 ) ) ;
#983 = ORIENTED_EDGE ( 'NONE', *, *, #4482, .T. ) ;
#984 = AXIS2_PLACEMENT_3D ( 'NONE', #3851, #986, #2672 ) ;
#985 = ORIENTED_EDGE ( 'NONE', *, *, #2055, .F. ) ;
#986 = DIRECTION ( 'NONE',  ( 0.000000000000000000, -1.000000000000000000, 0.000000000000000000 ) ) ;
#987 = EDGE_CURVE ( 'NONE', #789, #2655, #1403, .T. ) ;
#988 = VECTOR ( 'NONE', #2685, 1000.000000000000000 ) ;
#989 = AXIS2_PLACEMENT_3D ( 'NONE', #2697, #2285, #4132 ) ;
#990 = CARTESIAN_POINT ( 'NONE',  ( 0.000000000000000000, -5.000000000000000000, 0.000000000000000000 ) ) ;
#991 = CARTESIAN_POINT ( 'NONE',  ( 22.51702208896287516, -5.000000000000000000, 5.791909550843999277 ) ) ;
#992 = CARTESIAN_POINT ( 'NONE',  ( -20.03733873341293759, 5.000000000000000000, 4.028617168436855245 ) ) ;
#993 = EDGE_CURVE ( 'NONE', #856, #2291, #1801, .T. ) ;
#994 = CIRCLE ( 'NONE', #1963, 8.699999999995652544 ) ;
#995 = EDGE_LOOP ( 'NONE', ( #1116, #2737, #386, #2862 ) ) ;
#996 = EDGE_CURVE ( 'NONE', #3110, #3127, #19, .T. ) ;
#997 = CIRCLE ( 'NONE', #1598, 8.699999999995650768 ) ;
#998 = CARTESIAN_POINT ( 'NONE',  ( 20.35544912910228277, 5.000000000000000000, -1.838583846302302982 ) ) ;
#999 = CARTESIAN_POINT ( 'NONE',  ( 12.00000000000000178, -5.000000000000000000, -2.100000000000041833 ) ) ;
#1000 = AXIS2_PLACEMENT_3D ( 'NONE', #4005, #2223, #400 ) ;
#1001 = CARTESIAN_POINT ( 'NONE',  ( -19.48896180620510066, 5.000000000000000000, -12.67844106017292738 ) ) ;
#1002 = ORIENTED_EDGE ( 'NONE', *, *, #2364, .F. ) ;
#1004 = EDGE_LOOP ( 'NONE', ( #841, #2808, #2736, #132 ) ) ;
#1003 = AXIS2_PLACEMENT_3D ( 'NONE', #717, #1715, #2118 ) ;
#1005 = CYLINDRICAL_SURFACE ( 'NONE', #903, 8.699999999995648992 ) ;
#1006 = LINE ( 'NONE', #579, #3510 ) ;
#1007 = EDGE_CURVE ( 'NONE', #899, #1861, #1430, .T. ) ;
#1008 = VERTEX_POINT ( 'NONE', #1351 ) ;
#1009 = CARTESIAN_POINT ( 'NONE',  ( 0.4431471036981877165, 0.000000000000000000, 23.24577640442417703 ) ) ;
#1010 = DIRECTION ( 'NONE',  ( 0.000000000000000000, 0.000000000000000000, 1.000000000000000000 ) ) ;
#1011 = ADVANCED_FACE ( 'NONE', ( #3798 ), #593, .T. ) ;
#1012 = DIRECTION ( 'NONE',  ( 0.3193015301359743430, 0.000000000000000000, -0.9476531711828043436 ) ) ;
#1013 = ORIENTED_EDGE ( 'NONE', *, *, #2218, .T. ) ;
#1014 = EDGE_LOOP ( 'NONE', ( #2339, #59, #1368, #1080 ) ) ;
#1015 = DIRECTION ( 'NONE',  ( -0.7621620551276286903, 0.000000000000000000, 0.6473862847818366850 ) ) ;
#1016 = CARTESIAN_POINT ( 'NONE',  ( 0.000000000000000000, -5.000000000000000000, 0.000000000000000000 ) ) ;
#1017 = DIRECTION ( 'NONE',  ( 0.000000000000000000, 1.000000000000000000, 0.000000000000000000 ) ) ;
#1018 = DIRECTION ( 'NONE',  ( -0.000000000000000000, 1.000000000000000000, -0.000000000000000000 ) ) ;
#1019 = ORIENTED_EDGE ( 'NONE', *, *, #172, .T. ) ;
#1020 = DIRECTION ( 'NONE',  ( -0.9868265225415276953, 0.000000000000000000, -0.1617819965527551307 ) ) ;
#1021 = CARTESIAN_POINT ( 'NONE',  ( 0.6968799923040851496, 5.000000000000000000, -19.86177822542411064 ) ) ;
#1022 = DIRECTION ( 'NONE',  ( -0.000000000000000000, 1.000000000000000000, 0.000000000000000000 ) ) ;
#1023 = ORIENTED_EDGE ( 'NONE', *, *, #3090, .T. ) ;
#1024 = ORIENTED_EDGE ( 'NONE', *, *, #4406, .T. ) ;
#1025 = EDGE_CURVE ( 'NONE', #2586, #3600, #2751, .T. ) ;
#1026 = EDGE_CURVE ( 'NONE', #229, #4186, #4565, .T. ) ;
#1027 = CARTESIAN_POINT ( 'NONE',  ( 0.000000000000000000, 5.000000000000000000, 0.000000000000000000 ) ) ;
#1028 = LINE ( 'NONE', #3431, #673 ) ;
#1029 = VERTEX_POINT ( 'NONE', #4163 ) ;
#1030 = DIRECTION ( 'NONE',  ( -0.9289767198167950824, 0.000000000000000000, -0.3701381553399054058 ) ) ;
#1031 = DIRECTION ( 'NONE',  ( 0.000000000000000000, 0.000000000000000000, 1.000000000000000000 ) ) ;
#1032 = CYLINDRICAL_SURFACE ( 'NONE', #2506, 8.699999999995645439 ) ;
#1033 = ORIENTED_EDGE ( 'NONE', *, *, #1025, .T. ) ;
#1034 = ORIENTED_EDGE ( 'NONE', *, *, #3989, .T. ) ;
#1035 = LINE ( 'NONE', #3248, #3904 ) ;
#1036 = EDGE_CURVE ( 'NONE', #2610, #856, #4114, .T. ) ;
#1037 = DIRECTION ( 'NONE',  ( 0.4198891015602653209, 0.000000000000000000, 0.9075754196709566735 ) ) ;
#1038 = ADVANCED_FACE ( 'NONE', ( #255 ), #2430, .T. ) ;
#1039 = EDGE_CURVE ( 'NONE', #768, #299, #2247, .T. ) ;
#1040 = CARTESIAN_POINT ( 'NONE',  ( 0.000000000000000000, -5.000000000000000000, 0.000000000000000000 ) ) ;
#1041 = DIRECTION ( 'NONE',  ( 0.000000000000000000, 1.000000000000000000, -0.000000000000000000 ) ) ;
#1042 = CARTESIAN_POINT ( 'NONE',  ( -9.642689752178528195, -5.000000000000000000, 17.37798637192572571 ) ) ;
#1043 = ORIENTED_EDGE ( 'NONE', *, *, #3872, .F. ) ;
#1044 = FACE_OUTER_BOUND ( 'NONE', #4392, .T. ) ;
#1045 = FACE_OUTER_BOUND ( 'NONE', #880, .T. ) ;
#1046 = CARTESIAN_POINT ( 'NONE',  ( 21.75881076528347080, -5.000000000000000000, -8.192475454988201733 ) ) ;
#1047 = ORIENTED_EDGE ( 'NONE', *, *, #115, .F. ) ;
#1048 = ORIENTED_EDGE ( 'NONE', *, *, #1453, .F. ) ;
#1049 = VECTOR ( 'NONE', #259, 1000.000000000000000 ) ;
#1050 = CARTESIAN_POINT ( 'NONE',  ( 0.000000000000000000, 5.000000000000000000, 0.000000000000000000 ) ) ;
#1051 = CARTESIAN_POINT ( 'NONE',  ( 0.000000000000000000, -5.000000000000000000, -12.00000000000000178 ) ) ;
#1052 = CIRCLE ( 'NONE', #3735, 8.699999999995652544 ) ;
#1053 = CIRCLE ( 'NONE', #230, 23.25000000000000000 ) ;
#1054 = VERTEX_POINT ( 'NONE', #2052 ) ;
#1055 = CARTESIAN_POINT ( 'NONE',  ( 20.35544912910228277, -5.000000000000000000, -1.838583846302302982 ) ) ;
#1056 = CIRCLE ( 'NONE', #3001, 8.699999999995648992 ) ;
#1057 = CARTESIAN_POINT ( 'NONE',  ( -7.002296713240109938, -5.000000000000000000, 18.59956227278889074 ) ) ;
#1058 = EDGE_CURVE ( 'NONE', #768, #2476, #670, .T. ) ;
#1059 = FACE_OUTER_BOUND ( 'NONE', #3171, .T. ) ;
#1060 = VERTEX_POINT ( 'NONE', #277 ) ;
#1061 = EDGE_CURVE ( 'NONE', #345, #39, #2925, .T. ) ;
#1062 = AXIS2_PLACEMENT_3D ( 'NONE', #90, #2985, #4409 ) ;
#1063 = VERTEX_POINT ( 'NONE', #1001 ) ;
#1064 = AXIS2_PLACEMENT_3D ( 'NONE', #410, #1854, #126 ) ;
#1065 = DIRECTION ( 'NONE',  ( 0.6051742151937661296, 0.000000000000000000, 0.7960930657056429771 ) ) ;
#1066 = FACE_OUTER_BOUND ( 'NONE', #2160, .T. ) ;
#1067 = CIRCLE ( 'NONE', #3241, 8.699999999995650768 ) ;
#1068 = AXIS2_PLACEMENT_3D ( 'NONE', #3370, #1915, #4382 ) ;
#1069 = EDGE_CURVE ( 'NONE', #2763, #3645, #3144, .T. ) ;
#1070 = CARTESIAN_POINT ( 'NONE',  ( 15.66438505440642359, -5.000000000000000000, -17.18108089927081750 ) ) ;
#1071 = ORIENTED_EDGE ( 'NONE', *, *, #843, .F. ) ;
#1072 = AXIS2_PLACEMENT_3D ( 'NONE', #2360, #980, #4194 ) ;
#1073 = DIRECTION ( 'NONE',  ( 0.000000000000000000, 0.000000000000000000, 1.000000000000000000 ) ) ;
#1074 = APPLICATION_CONTEXT ( 'automotive_design' ) ;
#1075 = EDGE_LOOP ( 'NONE', ( #3996, #3962, #3712, #1674 ) ) ;
#1076 = DIRECTION ( 'NONE',  ( 0.2149704402110245438, 0.000000000000000000, 0.9766205557100866574 ) ) ;
#1077 = VECTOR ( 'NONE', #724, 1000.000000000000000 ) ;
#1078 = CARTESIAN_POINT ( 'NONE',  ( 0.000000000000000000, -5.000000000000000000, 0.000000000000000000 ) ) ;
#1079 = CYLINDRICAL_SURFACE ( 'NONE', #2646, 8.699999999995650768 ) ;
#1080 = ORIENTED_EDGE ( 'NONE', *, *, #1025, .F. ) ;
#1081 = VERTEX_POINT ( 'NONE', #297 ) ;
#1082 = AXIS2_PLACEMENT_3D ( 'NONE', #2445, #272, #3180 ) ;
#1083 = VECTOR ( 'NONE', #795, 1000.000000000000000 ) ;
#1084 = CARTESIAN_POINT ( 'NONE',  ( -13.71495815577550736, 0.000000000000000000, 18.77398260320187973 ) ) ;
#1085 = ORIENTED_EDGE ( 'NONE', *, *, #43, .F. ) ;
#1086 = CIRCLE ( 'NONE', #1902, 4.250000000000000000 ) ;
#1087 = ORIENTED_EDGE ( 'NONE', *, *, #3433, .T. ) ;
#1088 = DIRECTION ( 'NONE',  ( -0.000000000000000000, 1.000000000000000000, -0.000000000000000000 ) ) ;
#1089 = CIRCLE ( 'NONE', #1968, 19.87399999999006184 ) ;
#1090 = AXIS2_PLACEMENT_3D ( 'NONE', #4373, #3969, #2193 ) ;
#1091 = LINE ( 'NONE', #3941, #4275 ) ;
#1092 = FACE_OUTER_BOUND ( 'NONE', #4247, .T. ) ;
#1093 = VERTEX_POINT ( 'NONE', #1723 ) ;
#1094 = EDGE_LOOP ( 'NONE', ( #1644, #727, #1920, #1387 ) ) ;
#1095 = DIRECTION ( 'NONE',  ( -0.000000000000000000, 1.000000000000000000, -0.000000000000000000 ) ) ;
#1096 = CARTESIAN_POINT ( 'NONE',  ( -12.00000000000000178, -5.000000000000000000, -2.099999999999873967 ) ) ;
#1097 = EDGE_LOOP ( 'NONE', ( #2442, #3273, #2327, #3292 ) ) ;
#1098 = FACE_OUTER_BOUND ( 'NONE', #1903, .T. ) ;
#1099 = ORIENTED_EDGE ( 'NONE', *, *, #2875, .F. ) ;
#1100 = DIRECTION ( 'NONE',  ( -0.000000000000000000, -1.000000000000000000, 0.000000000000000000 ) ) ;
#1101 = EDGE_CURVE ( 'NONE', #1955, #257, #964, .T. ) ;
#1102 = ORIENTED_EDGE ( 'NONE', *, *, #3872, .T. ) ;
#1103 = FACE_OUTER_BOUND ( 'NONE', #2537, .T. ) ;
#1104 = CYLINDRICAL_SURFACE ( 'NONE', #247, 19.87399999999006184 ) ;
#1105 = DIRECTION ( 'NONE',  ( 0.000000000000000000, 0.000000000000000000, 1.000000000000000000 ) ) ;
#1106 = EDGE_LOOP ( 'NONE', ( #3891, #486, #1324, #3188 ) ) ;
#1107 = DIRECTION ( 'NONE',  ( -0.000000000000000000, 1.000000000000000000, -0.000000000000000000 ) ) ;
#1108 = ORIENTED_EDGE ( 'NONE', *, *, #4607, .F. ) ;
#1109 = ADVANCED_FACE ( 'NONE', ( #1381 ), #2097, .T. ) ;
#1110 = CARTESIAN_POINT ( 'NONE',  ( 0.000000000000000000, -5.000000000000000000, 0.000000000000000000 ) ) ;
#1111 = EDGE_CURVE ( 'NONE', #3110, #2136, #1572, .T. ) ;
#1112 = EDGE_LOOP ( 'NONE', ( #4058, #1377, #4000, #2752 ) ) ;
#1113 = ORIENTED_EDGE ( 'NONE', *, *, #469, .F. ) ;
#1114 = FACE_OUTER_BOUND ( 'NONE', #3457, .T. ) ;
#1115 = CARTESIAN_POINT ( 'NONE',  ( 5.429941357381150802, -5.000000000000000000, 22.60703954204092625 ) ) ;
#1116 = ORIENTED_EDGE ( 'NONE', *, *, #4310, .F. ) ;
#1117 = LINE ( 'NONE', #2631, #4377 ) ;
#1118 = ORIENTED_EDGE ( 'NONE', *, *, #1473, .F. ) ;
#1119 = DIRECTION ( 'NONE',  ( -0.000000000000000000, 1.000000000000000000, -0.000000000000000000 ) ) ;
#1120 = ORIENTED_EDGE ( 'NONE', *, *, #814, .F. ) ;
#1121 = DIRECTION ( 'NONE',  ( 0.000000000000000000, -0.000000000000000000, 1.000000000000000000 ) ) ;
#1122 = DIRECTION ( 'NONE',  ( -0.000000000000000000, 1.000000000000000000, -0.000000000000000000 ) ) ;
#1123 = CARTESIAN_POINT ( 'NONE',  ( -0.7338656050842493617, -5.000000000000000000, -20.42513503213696424 ) ) ;
#1124 = VERTEX_POINT ( 'NONE', #3264 ) ;
#1125 = EDGE_CURVE ( 'NONE', #4080, #1486, #1526, .T. ) ;
#1126 = CARTESIAN_POINT ( 'NONE',  ( 7.910253213374677905, -5.000000000000000000, -18.84549266821247215 ) ) ;
#1127 = ADVANCED_FACE ( 'NONE', ( #2225 ), #3301, .T. ) ;
#1128 = ORIENTED_EDGE ( 'NONE', *, *, #4469, .T. ) ;
#1129 = DIRECTION ( 'NONE',  ( 0.5155538571770170719, 0.000000000000000000, -0.8568571761675921605 ) ) ;
#1130 = AXIS2_PLACEMENT_3D ( 'NONE', #3511, #1412, #1012 ) ;
#1131 = AXIS2_PLACEMENT_3D ( 'NONE', #4333, #1773, #3574 ) ;
#1132 = VERTEX_POINT ( 'NONE', #3599 ) ;
#1133 = ORIENTED_EDGE ( 'NONE', *, *, #2066, .T. ) ;
#1134 = CIRCLE ( 'NONE', #2100, 19.87399999999006894 ) ;
#1135 = CARTESIAN_POINT ( 'NONE',  ( 7.842361733251128619, -8.673617379884035472E-16, -21.88743617797292984 ) ) ;
#1136 = CARTESIAN_POINT ( 'NONE',  ( -21.43075946226954542, -8.673617379884035472E-16, -9.015822140567330223 ) ) ;
#1137 = ORIENTED_EDGE ( 'NONE', *, *, #350, .F. ) ;
#1138 = CIRCLE ( 'NONE', #3441, 2.099999999999999645 ) ;
#1139 = AXIS2_PLACEMENT_3D ( 'NONE', #4551, #1017, #2725 ) ;
#1140 = LINE ( 'NONE', #4039, #1303 ) ;
#1141 = VERTEX_POINT ( 'NONE', #431 ) ;
#1142 = EDGE_CURVE ( 'NONE', #3991, #1955, #156, .T. ) ;
#1143 = CYLINDRICAL_SURFACE ( 'NONE', #2629, 8.699999999995647215 ) ;
#1144 = AXIS2_PLACEMENT_3D ( 'NONE', #3875, #1821, #3950 ) ;
#1145 = ORIENTED_EDGE ( 'NONE', *, *, #798, .F. ) ;
#1146 = CARTESIAN_POINT ( 'NONE',  ( 22.27991327221014117, 5.000000000000000000, 6.645898327750304091 ) ) ;
#1147 = DIRECTION ( 'NONE',  ( 0.000000000000000000, 1.000000000000000000, 0.000000000000000000 ) ) ;
#1148 = DIRECTION ( 'NONE',  ( 0.1081190184239353008, 0.000000000000000000, -0.9941379571543602633 ) ) ;
#1149 = EDGE_CURVE ( 'NONE', #3702, #1029, #1269, .T. ) ;
#1150 = ORIENTED_EDGE ( 'NONE', *, *, #1007, .T. ) ;
#1151 = EDGE_CURVE ( 'NONE', #3801, #3320, #1866, .T. ) ;
#1152 = FACE_OUTER_BOUND ( 'NONE', #77, .T. ) ;
#1153 = AXIS2_PLACEMENT_3D ( 'NONE', #606, #4099, #1615 ) ;
#1154 = ORIENTED_EDGE ( 'NONE', *, *, #1270, .F. ) ;
#1155 = ORIENTED_EDGE ( 'NONE', *, *, #996, .F. ) ;
#1156 = CIRCLE ( 'NONE', #2947, 2.100000000000000089 ) ;
#1157 = DIRECTION ( 'NONE',  ( 0.000000000000000000, 0.000000000000000000, 1.000000000000000000 ) ) ;
#1158 = AXIS2_PLACEMENT_3D ( 'NONE', #2902, #327, #2474 ) ;
#1159 = AXIS2_PLACEMENT_3D ( 'NONE', #1699, #4161, #295 ) ;
#1160 = EDGE_CURVE ( 'NONE', #294, #1834, #1718, .T. ) ;
#1161 = CIRCLE ( 'NONE', #181, 23.25000000000000000 ) ;
#1162 = ORIENTED_EDGE ( 'NONE', *, *, #4013, .T. ) ;
#1163 = CIRCLE ( 'NONE', #1601, 23.25000000000000000 ) ;
#1164 = CARTESIAN_POINT ( 'NONE',  ( -20.35544912910231119, -5.000000000000000000, -1.838583846302023650 ) ) ;
#1165 = EDGE_CURVE ( 'NONE', #299, #175, #2316, .T. ) ;
#1166 = CARTESIAN_POINT ( 'NONE',  ( 23.01124191615858194, -8.673617379884035472E-16, -3.323438802810460224 ) ) ;
#1167 = ORIENTED_EDGE ( 'NONE', *, *, #749, .F. ) ;
#1168 = CYLINDRICAL_SURFACE ( 'NONE', #1673, 19.87399999999006184 ) ;
#1169 = ORIENTED_EDGE ( 'NONE', *, *, #3294, .T. ) ;
#1170 = CYLINDRICAL_SURFACE ( 'NONE', #1809, 8.699999999995647215 ) ;
#1171 = ORIENTED_EDGE ( 'NONE', *, *, #4157, .F. ) ;
#1172 = DIRECTION ( 'NONE',  ( 0.000000000000000000, 0.000000000000000000, 1.000000000000000000 ) ) ;
#1173 = CARTESIAN_POINT ( 'NONE',  ( 16.04829528322483867, -5.000000000000000000, 11.72297293786983374 ) ) ;
#1174 = DIRECTION ( 'NONE',  ( 0.000000000000000000, 0.000000000000000000, 1.000000000000000000 ) ) ;
#1175 = ORIENTED_EDGE ( 'NONE', *, *, #310, .F. ) ;
#1176 = CARTESIAN_POINT ( 'NONE',  ( -20.35544912910231119, -5.000000000000000000, -1.838583846302023650 ) ) ;
#1177 = VERTEX_POINT ( 'NONE', #1457 ) ;
#1178 = DIRECTION ( 'NONE',  ( -0.000000000000000000, -1.000000000000000000, -0.000000000000000000 ) ) ;
#1179 = ADVANCED_FACE ( 'NONE', ( #4028 ), #4007, .T. ) ;
#1180 = EDGE_CURVE ( 'NONE', #2890, #2568, #58, .T. ) ;
#1181 = VERTEX_POINT ( 'NONE', #3954 ) ;
#1182 = DIRECTION ( 'NONE',  ( 0.000000000000000000, 0.000000000000000000, -1.000000000000000000 ) ) ;
#1183 = DIRECTION ( 'NONE',  ( -0.5155538571770285072, 0.000000000000000000, -0.8568571761675849441 ) ) ;
#1184 = EDGE_LOOP ( 'NONE', ( #1019, #1085, #1384, #1145 ) ) ;
#1185 = ORIENTED_EDGE ( 'NONE', *, *, #1296, .F. ) ;
#1186 = EDGE_CURVE ( 'NONE', #278, #3576, #4380, .T. ) ;
#1187 = CARTESIAN_POINT ( 'NONE',  ( -16.04235741995750431, -5.000000000000000000, -12.66362776686399982 ) ) ;
#1188 = EDGE_CURVE ( 'NONE', #2499, #191, #688, .T. ) ;
#1189 = ORIENTED_EDGE ( 'NONE', *, *, #987, .F. ) ;
#1190 = DIRECTION ( 'NONE',  ( 0.000000000000000000, 0.000000000000000000, -1.000000000000000000 ) ) ;
#1191 = CARTESIAN_POINT ( 'NONE',  ( 13.51357118764043541, -5.000000000000000000, 15.33323493473993260 ) ) ;
#1192 = CARTESIAN_POINT ( 'NONE',  ( 5.429941357381150802, 0.000000000000000000, 22.60703954204091559 ) ) ;
#1193 = VERTEX_POINT ( 'NONE', #2885 ) ;
#1194 = ORIENTED_EDGE ( 'NONE', *, *, #3701, .F. ) ;
#1195 = LINE ( 'NONE', #1566, #318 ) ;
#1196 = VERTEX_POINT ( 'NONE', #3554 ) ;
#1197 = DIRECTION ( 'NONE',  ( 0.000000000000000000, 1.000000000000000000, 0.000000000000000000 ) ) ;
#1198 = CIRCLE ( 'NONE', #153, 8.699999999995647215 ) ;
#1199 = EDGE_LOOP ( 'NONE', ( #3918, #4537, #1759, #2260 ) ) ;
#1200 = DIRECTION ( 'NONE',  ( 0.000000000000000000, 0.000000000000000000, 1.000000000000000000 ) ) ;
#1201 = CIRCLE ( 'NONE', #3805, 19.87399999999006539 ) ;
#1202 = EDGE_CURVE ( 'NONE', #2033, #1764, #3310, .T. ) ;
#1203 = CARTESIAN_POINT ( 'NONE',  ( 19.24610660530289863, 5.000000000000000000, 6.878377740766389969 ) ) ;
#1204 = EDGE_CURVE ( 'NONE', #4263, #366, #3604, .T. ) ;
#1205 = EDGE_LOOP ( 'NONE', ( #2233, #2878, #3113, #2463 ) ) ;
#1206 = VECTOR ( 'NONE', #745, 1000.000000000000000 ) ;
#1207 = DIRECTION ( 'NONE',  ( 0.8276889981568877896, 0.000000000000000000, -0.5611870653623862726 ) ) ;
#1208 = AXIS2_PLACEMENT_3D ( 'NONE', #1203, #737, #4324 ) ;
#1209 = DIRECTION ( 'NONE',  ( -0.000000000000000000, -1.000000000000000000, -0.000000000000000000 ) ) ;
#1210 = ORIENTED_EDGE ( 'NONE', *, *, #2167, .T. ) ;
#1211 = VECTOR ( 'NONE', #3133, 1000.000000000000000 ) ;
#1212 = AXIS2_PLACEMENT_3D ( 'NONE', #1872, #4339, #1129 ) ;
#1213 = ADVANCED_FACE ( 'NONE', ( #1850 ), #1079, .T. ) ;
#1214 = DIRECTION ( 'NONE',  ( 0.000000000000000000, -1.000000000000000000, 0.000000000000000000 ) ) ;
#1215 = DIRECTION ( 'NONE',  ( 0.000000000000000000, -1.000000000000000000, -0.000000000000000000 ) ) ;
#1216 = ORIENTED_EDGE ( 'NONE', *, *, #3100, .F. ) ;
#1217 = EDGE_LOOP ( 'NONE', ( #1328, #4507, #3499, #3483 ) ) ;
#1218 = CYLINDRICAL_SURFACE ( 'NONE', #2700, 23.25000000000000000 ) ;
#1219 = CARTESIAN_POINT ( 'NONE',  ( 20.27479121899674652, 5.000000000000000000, 2.580221082280897971 ) ) ;
#1220 = CIRCLE ( 'NONE', #2484, 8.699999999995652544 ) ;
#1221 = CIRCLE ( 'NONE', #1208, 8.699999999995650768 ) ;
#1222 = CARTESIAN_POINT ( 'NONE',  ( 20.27479121899674652, -5.000000000000000000, 2.580221082280897971 ) ) ;
#1223 = ORIENTED_EDGE ( 'NONE', *, *, #1246, .T. ) ;
#1224 = AXIS2_PLACEMENT_3D ( 'NONE', #1272, #2614, #1973 ) ;
#1225 = VECTOR ( 'NONE', #2804, 1000.000000000000000 ) ;
#1226 = ORIENTED_EDGE ( 'NONE', *, *, #3303, .T. ) ;
#1227 = CARTESIAN_POINT ( 'NONE',  ( 4.564368216031376768, 5.000000000000000000, 22.79756659796133889 ) ) ;
#1228 = AXIS2_PLACEMENT_3D ( 'NONE', #2679, #4484, #2645 ) ;
#1229 = CIRCLE ( 'NONE', #113, 23.25000000000000000 ) ;
#1230 = CARTESIAN_POINT ( 'NONE',  ( 18.00393607450847355, 0.000000000000000000, 14.71124691605074020 ) ) ;
#1231 = ORIENTED_EDGE ( 'NONE', *, *, #4418, .T. ) ;
#1232 = AXIS2_PLACEMENT_3D ( 'NONE', #3733, #530, #2600 ) ;
#1233 = AXIS2_PLACEMENT_3D ( 'NONE', #857, #112, #2569 ) ;
#1234 = DIRECTION ( 'NONE',  ( -0.000000000000000000, 1.000000000000000000, -0.000000000000000000 ) ) ;
#1235 = EDGE_CURVE ( 'NONE', #870, #2855, #1530, .T. ) ;
#1236 = ORIENTED_EDGE ( 'NONE', *, *, #4365, .T. ) ;
#1237 = DIRECTION ( 'NONE',  ( 0.000000000000000000, 1.000000000000000000, 0.000000000000000000 ) ) ;
#1238 = CYLINDRICAL_SURFACE ( 'NONE', #3387, 8.699999999995645439 ) ;
#1239 = ORIENTED_EDGE ( 'NONE', *, *, #3550, .T. ) ;
#1240 = EDGE_CURVE ( 'NONE', #29, #4170, #2041, .T. ) ;
#1241 = ORIENTED_EDGE ( 'NONE', *, *, #2350, .T. ) ;
#1242 = CARTESIAN_POINT ( 'NONE',  ( 0.000000000000000000, 5.000000000000000000, 0.000000000000000000 ) ) ;
#1243 = CARTESIAN_POINT ( 'NONE',  ( 18.99158496090864645, -5.000000000000000000, -13.41201702476509183 ) ) ;
#1244 = CYLINDRICAL_SURFACE ( 'NONE', #2011, 8.699999999995650768 ) ;
#1245 = ORIENTED_EDGE ( 'NONE', *, *, #1111, .F. ) ;
#1246 = EDGE_CURVE ( 'NONE', #1429, #1861, #4071, .T. ) ;
#1247 = EDGE_CURVE ( 'NONE', #1834, #807, #3461, .T. ) ;
#1248 = CARTESIAN_POINT ( 'NONE',  ( 17.31749543725622686, -5.000000000000000000, 10.85490910086143579 ) ) ;
#1249 = DIRECTION ( 'NONE',  ( -0.000000000000000000, -1.000000000000000000, 0.000000000000000000 ) ) ;
#1250 = EDGE_LOOP ( 'NONE', ( #2533, #1853, #2237, #4124 ) ) ;
#1251 = CARTESIAN_POINT ( 'NONE',  ( 19.71287217419893523, 5.000000000000000000, 2.525578476962956564 ) ) ;
#1252 = CYLINDRICAL_SURFACE ( 'NONE', #2793, 23.25000000000000000 ) ;
#1253 = LINE ( 'NONE', #2674, #331 ) ;
#1254 = DIRECTION ( 'NONE',  ( 0.000000000000000000, 0.000000000000000000, 1.000000000000000000 ) ) ;
#1255 = EDGE_LOOP ( 'NONE', ( #2602, #4024 ) ) ;
#1256 = FACE_OUTER_BOUND ( 'NONE', #1884, .T. ) ;
#1257 = FACE_OUTER_BOUND ( 'NONE', #4318, .T. ) ;
#1258 = CARTESIAN_POINT ( 'NONE',  ( 0.000000000000000000, 5.000000000000000000, 0.000000000000000000 ) ) ;
#1259 = CARTESIAN_POINT ( 'NONE',  ( 0.000000000000000000, 5.000000000000000000, 0.000000000000000000 ) ) ;
#1260 = ORIENTED_EDGE ( 'NONE', *, *, #2167, .F. ) ;
#1261 = EDGE_CURVE ( 'NONE', #2431, #493, #4461, .T. ) ;
#1262 = ORIENTED_EDGE ( 'NONE', *, *, #808, .T. ) ;
#1263 = CARTESIAN_POINT ( 'NONE',  ( -9.642689752178528195, -5.000000000000000000, 17.37798637192572571 ) ) ;
#1264 = DIRECTION ( 'NONE',  ( 0.000000000000000000, -1.000000000000000000, 0.000000000000000000 ) ) ;
#1265 = DIRECTION ( 'NONE',  ( 0.000000000000000000, 0.000000000000000000, -1.000000000000000000 ) ) ;
#1266 = VERTEX_POINT ( 'NONE', #1546 ) ;
#1267 = AXIS2_PLACEMENT_3D ( 'NONE', #600, #1657, #3460 ) ;
#1268 = DIRECTION ( 'NONE',  ( 0.000000000000000000, -1.000000000000000000, 0.000000000000000000 ) ) ;
#1269 = CIRCLE ( 'NONE', #1131, 19.87399999999006184 ) ;
#1270 = EDGE_CURVE ( 'NONE', #1863, #65, #107, .T. ) ;
#1271 = DIRECTION ( 'NONE',  ( -0.000000000000000000, 1.000000000000000000, -0.000000000000000000 ) ) ;
#1272 = CARTESIAN_POINT ( 'NONE',  ( 0.000000000000000000, -5.000000000000000000, 0.000000000000000000 ) ) ;
#1273 = DIRECTION ( 'NONE',  ( -0.000000000000000000, -1.000000000000000000, -0.000000000000000000 ) ) ;
#1274 = CIRCLE ( 'NONE', #2103, 8.699999999995652544 ) ;
#1275 = ORIENTED_EDGE ( 'NONE', *, *, #3613, .F. ) ;
#1276 = CARTESIAN_POINT ( 'NONE',  ( 0.000000000000000000, -5.000000000000000000, -12.00000000000000178 ) ) ;
#1277 = CARTESIAN_POINT ( 'NONE',  ( 0.000000000000000000, 5.000000000000000000, 0.000000000000000000 ) ) ;
#1278 = CARTESIAN_POINT ( 'NONE',  ( 15.58904425993496545, -5.000000000000000000, -12.32710732740628856 ) ) ;
#1279 = CIRCLE ( 'NONE', #2108, 8.699999999995652544 ) ;
#1280 = CIRCLE ( 'NONE', #4054, 19.87399999999006184 ) ;
#1281 = CARTESIAN_POINT ( 'NONE',  ( 2.571758278209441957E-16, -5.000000000000000000, -14.10000000000000142 ) ) ;
#1282 = ORIENTED_EDGE ( 'NONE', *, *, #3101, .F. ) ;
#1283 = CARTESIAN_POINT ( 'NONE',  ( 12.36416346427679080, 5.000000000000000000, -19.68984412910988269 ) ) ;
#1284 = CIRCLE ( 'NONE', #2405, 8.699999999995648992 ) ;
#1285 = AXIS2_PLACEMENT_3D ( 'NONE', #2618, #2975, #4399 ) ;
#1286 = ORIENTED_EDGE ( 'NONE', *, *, #2438, .T. ) ;
#1287 = CIRCLE ( 'NONE', #1815, 8.699999999995648992 ) ;
#1288 = DIRECTION ( 'NONE',  ( -0.000000000000000000, 1.000000000000000000, -0.000000000000000000 ) ) ;
#1289 = EDGE_CURVE ( 'NONE', #2817, #3410, #2874, .T. ) ;
#1290 = DIRECTION ( 'NONE',  ( 0.9868265225415255859, 0.000000000000000000, -0.1617819965527684811 ) ) ;
#1291 = AXIS2_PLACEMENT_3D ( 'NONE', #3545, #639, #3222 ) ;
#1292 = DIRECTION ( 'NONE',  ( 0.000000000000000000, -1.000000000000000000, -0.000000000000000000 ) ) ;
#1293 = EDGE_LOOP ( 'NONE', ( #1282, #1702, #1618, #2917 ) ) ;
#1294 = AXIS2_PLACEMENT_3D ( 'NONE', #466, #1563, #896 ) ;
#1296 = EDGE_CURVE ( 'NONE', #1266, #3652, #4047, .T. ) ;
#1295 = AXIS2_PLACEMENT_3D ( 'NONE', #3129, #624, #3480 ) ;
#1297 = DIRECTION ( 'NONE',  ( 0.000000000000000000, 1.000000000000000000, 0.000000000000000000 ) ) ;
#1298 = CIRCLE ( 'NONE', #2501, 8.699999999995645439 ) ;
#1299 = CARTESIAN_POINT ( 'NONE',  ( 9.242329982407264666, -5.000000000000000000, -18.22920832904299004 ) ) ;
#1300 = CYLINDRICAL_SURFACE ( 'NONE', #4201, 19.87399999999006184 ) ;
#1301 = DIRECTION ( 'NONE',  ( 0.9635499925192235748, 0.000000000000000000, 0.2675283385292182015 ) ) ;
#1302 = AXIS2_PLACEMENT_3D ( 'NONE', #240, #4378, #1544 ) ;
#1303 = VECTOR ( 'NONE', #1540, 1000.000000000000000 ) ;
#1304 = ORIENTED_EDGE ( 'NONE', *, *, #3376, .F. ) ;
#1305 = LINE ( 'NONE', #3946, #2563 ) ;
#1306 = CARTESIAN_POINT ( 'NONE',  ( 17.70210396656872121, -5.000000000000000000, -10.21568475258250075 ) ) ;
#1307 = CARTESIAN_POINT ( 'NONE',  ( -15.66438505440664919, 5.000000000000000000, -17.18108089927061854 ) ) ;
#1308 = DIRECTION ( 'NONE',  ( -0.000000000000000000, -1.000000000000000000, 0.000000000000000000 ) ) ;
#1309 = ORIENTED_EDGE ( 'NONE', *, *, #4177, .T. ) ;
#1310 = EDGE_LOOP ( 'NONE', ( #1448, #1724 ) ) ;
#1311 = CARTESIAN_POINT ( 'NONE',  ( 17.70210396656872121, -5.000000000000000000, -10.21568475258250075 ) ) ;
#1312 = CARTESIAN_POINT ( 'NONE',  ( 0.000000000000000000, -5.000000000000000000, 0.000000000000000000 ) ) ;
#1313 = ORIENTED_EDGE ( 'NONE', *, *, #3358, .F. ) ;
#1314 = EDGE_CURVE ( 'NONE', #3907, #4400, #1253, .T. ) ;
#1315 = EDGE_LOOP ( 'NONE', ( #4229, #4325, #1194, #7 ) ) ;
#1316 = CYLINDRICAL_SURFACE ( 'NONE', #541, 8.699999999995645439 ) ;
#1317 = DIRECTION ( 'NONE',  ( 0.000000000000000000, 0.000000000000000000, 1.000000000000000000 ) ) ;
#1318 = DIRECTION ( 'NONE',  ( 0.000000000000000000, 1.000000000000000000, 0.000000000000000000 ) ) ;
#1319 = ORIENTED_EDGE ( 'NONE', *, *, #1142, .T. ) ;
#1320 = DIRECTION ( 'NONE',  ( 0.000000000000000000, 1.000000000000000000, 0.000000000000000000 ) ) ;
#1321 = PRESENTATION_STYLE_ASSIGNMENT (( #2013 ) ) ;
#1322 = DIRECTION ( 'NONE',  ( 0.000000000000000000, 1.000000000000000000, -0.000000000000000000 ) ) ;
#1323 = DIRECTION ( 'NONE',  ( 0.000000000000000000, 0.000000000000000000, 1.000000000000000000 ) ) ;
#1324 = ORIENTED_EDGE ( 'NONE', *, *, #224, .T. ) ;
#1325 = DIRECTION ( 'NONE',  ( -0.000000000000000000, 1.000000000000000000, -0.000000000000000000 ) ) ;
#1326 = FACE_OUTER_BOUND ( 'NONE', #4356, .T. ) ;
#1327 = CARTESIAN_POINT ( 'NONE',  ( 0.000000000000000000, -5.000000000000000000, 0.000000000000000000 ) ) ;
#1328 = ORIENTED_EDGE ( 'NONE', *, *, #3041, .T. ) ;
#1329 = ORIENTED_EDGE ( 'NONE', *, *, #3871, .T. ) ;
#1330 = CARTESIAN_POINT ( 'NONE',  ( 0.000000000000000000, -5.000000000000000000, 12.00000000000000178 ) ) ;
#1331 = CYLINDRICAL_SURFACE ( 'NONE', #219, 19.87399999999006184 ) ;
#1332 = ORIENTED_EDGE ( 'NONE', *, *, #2678, .F. ) ;
#1333 = CARTESIAN_POINT ( 'NONE',  ( -0.4431471036978762434, -5.000000000000000000, 23.24577640442418414 ) ) ;
#1334 = EDGE_CURVE ( 'NONE', #519, #73, #409, .T. ) ;
#1335 = DIRECTION ( 'NONE',  ( 0.000000000000000000, 0.000000000000000000, 1.000000000000000000 ) ) ;
#1336 = DIRECTION ( 'NONE',  ( 0.000000000000000000, 0.000000000000000000, -1.000000000000000000 ) ) ;
#1337 = DIRECTION ( 'NONE',  ( 0.6876994588534194319, 0.000000000000000000, -0.7259954919231345061 ) ) ;
#1338 = ORIENTED_EDGE ( 'NONE', *, *, #1675, .F. ) ;
#1339 = ORIENTED_EDGE ( 'NONE', *, *, #3982, .F. ) ;
#1340 = EDGE_CURVE ( 'NONE', #2080, #2891, #852, .T. ) ;
#1341 = DIRECTION ( 'NONE',  ( 0.000000000000000000, 0.000000000000000000, 1.000000000000000000 ) ) ;
#1342 = VECTOR ( 'NONE', #205, 1000.000000000000000 ) ;
#1343 = CARTESIAN_POINT ( 'NONE',  ( 2.953859883737702585, 5.000000000000000000, -23.06159603729206609 ) ) ;
#1344 = DIRECTION ( 'NONE',  ( 0.000000000000000000, 0.000000000000000000, 1.000000000000000000 ) ) ;
#1345 = DIRECTION ( 'NONE',  ( 0.000000000000000000, 0.000000000000000000, -1.000000000000000000 ) ) ;
#1346 = ADVANCED_FACE ( 'NONE', ( #2241 ), #1238, .T. ) ;
#1347 = AXIS2_PLACEMENT_3D ( 'NONE', #3734, #3372, #2332 ) ;
#1348 = EDGE_LOOP ( 'NONE', ( #3808, #4101, #4092, #4559 ) ) ;
#1349 = FACE_OUTER_BOUND ( 'NONE', #1315, .T. ) ;
#1350 = DIRECTION ( 'NONE',  ( -0.000000000000000000, 1.000000000000000000, -0.000000000000000000 ) ) ;
#1351 = CARTESIAN_POINT ( 'NONE',  ( -19.48738690117363959, -5.000000000000000000, 3.900977795831606976 ) ) ;
#1352 = EDGE_LOOP ( 'NONE', ( #4289, #756, #1719, #4174 ) ) ;
#1353 = VERTEX_POINT ( 'NONE', #1892 ) ;
#1354 = CIRCLE ( 'NONE', #527, 8.699999999995650768 ) ;
#1355 = EDGE_CURVE ( 'NONE', #850, #2586, #4068, .T. ) ;
#1356 = DIRECTION ( 'NONE',  ( 0.000000000000000000, 0.000000000000000000, 1.000000000000000000 ) ) ;
#1357 = CARTESIAN_POINT ( 'NONE',  ( 0.000000000000000000, -5.000000000000000000, 0.000000000000000000 ) ) ;
#1358 = AXIS2_PLACEMENT_3D ( 'NONE', #1761, #3169, #1336 ) ;
#1359 = VECTOR ( 'NONE', #4244, 1000.000000000000000 ) ;
#1360 = VERTEX_POINT ( 'NONE', #491 ) ;
#1361 = DIRECTION ( 'NONE',  ( 0.000000000000000000, -1.000000000000000000, -0.000000000000000000 ) ) ;
#1362 = AXIS2_PLACEMENT_3D ( 'NONE', #273, #1671, #4478 ) ;
#1363 = AXIS2_PLACEMENT_3D ( 'NONE', #1242, #529, #842 ) ;
#1364 = CARTESIAN_POINT ( 'NONE',  ( 0.000000000000000000, -5.000000000000000000, 0.000000000000000000 ) ) ;
#1365 = CARTESIAN_POINT ( 'NONE',  ( 11.46505472042118257, 5.000000000000000000, -16.23355772027047195 ) ) ;
#1366 = ORIENTED_EDGE ( 'NONE', *, *, #3161, .T. ) ;
#1367 = CIRCLE ( 'NONE', #3070, 19.87399999999006539 ) ;
#1368 = ORIENTED_EDGE ( 'NONE', *, *, #2366, .T. ) ;
#1369 = DIRECTION ( 'NONE',  ( -0.8276889981568954502, 0.000000000000000000, -0.5611870653623751704 ) ) ;
#1370 = CIRCLE ( 'NONE', #4435, 19.87399999999006184 ) ;
#1371 = DIRECTION ( 'NONE',  ( 0.000000000000000000, 0.000000000000000000, 1.000000000000000000 ) ) ;
#1372 = AXIS2_PLACEMENT_3D ( 'NONE', #1402, #1825, #4610 ) ;
#1373 = DIRECTION ( 'NONE',  ( -0.000000000000000000, -1.000000000000000000, 0.000000000000000000 ) ) ;
#1374 = ADVANCED_FACE ( 'NONE', ( #4397 ), #4413, .F. ) ;
#1375 = CYLINDRICAL_SURFACE ( 'NONE', #2481, 19.87399999999006184 ) ;
#1376 = AXIS2_PLACEMENT_3D ( 'NONE', #556, #4031, #819 ) ;
#1377 = ORIENTED_EDGE ( 'NONE', *, *, #3725, .T. ) ;
#1378 = DIRECTION ( 'NONE',  ( 0.000000000000000000, -1.000000000000000000, 0.000000000000000000 ) ) ;
#1379 = CARTESIAN_POINT ( 'NONE',  ( 18.19318771073841390, -5.000000000000000000, 7.998987243485383480 ) ) ;
#1380 = VECTOR ( 'NONE', #2362, 1000.000000000000000 ) ;
#1381 = FACE_OUTER_BOUND ( 'NONE', #4425, .T. ) ;
#1382 = ORIENTED_EDGE ( 'NONE', *, *, #323, .T. ) ;
#1384 = ORIENTED_EDGE ( 'NONE', *, *, #2504, .F. ) ;
#1383 = AXIS2_PLACEMENT_3D ( 'NONE', #151, #3361, #423 ) ;
#1385 = DIRECTION ( 'NONE',  ( 0.000000000000000000, -1.000000000000000000, -0.000000000000000000 ) ) ;
#1386 = CARTESIAN_POINT ( 'NONE',  ( 15.66438505440642359, 5.000000000000000000, -17.18108089927081750 ) ) ;
#1387 = ORIENTED_EDGE ( 'NONE', *, *, #2800, .F. ) ;
#1388 = CARTESIAN_POINT ( 'NONE',  ( 15.58904425993496545, 5.000000000000000000, -12.32710732740628856 ) ) ;
#1389 = EDGE_CURVE ( 'NONE', #2228, #3270, #4105, .T. ) ;
#1391 = EDGE_CURVE ( 'NONE', #1193, #812, #4134, .T. ) ;
#1390 = CARTESIAN_POINT ( 'NONE',  ( 19.48430886138778462, -5.000000000000000000, -6.171418637671569840 ) ) ;
#1392 = DIRECTION ( 'NONE',  ( 0.000000000000000000, 0.000000000000000000, 1.000000000000000000 ) ) ;
#1393 = ORIENTED_EDGE ( 'NONE', *, *, #889, .F. ) ;
#1394 = VERTEX_POINT ( 'NONE', #3366 ) ;
#1395 = CARTESIAN_POINT ( 'NONE',  ( 22.86785546975289307, -5.000000000000000000, -4.198057433443809217 ) ) ;
#1396 = CARTESIAN_POINT ( 'NONE',  ( 11.15907515923863613, -5.000000000000000000, 17.12307628312791863 ) ) ;
#1397 = DIRECTION ( 'NONE',  ( 0.000000000000000000, -1.000000000000000000, 0.000000000000000000 ) ) ;
#1398 = CARTESIAN_POINT ( 'NONE',  ( -4.564368216031076564, 5.000000000000000000, 22.79756659796139928 ) ) ;
#1399 = CARTESIAN_POINT ( 'NONE',  ( 19.32425140702118682, 5.000000000000000000, -4.642109817512380943 ) ) ;
#1400 = ORIENTED_EDGE ( 'NONE', *, *, #4081, .F. ) ;
#1401 = CARTESIAN_POINT ( 'NONE',  ( 0.000000000000000000, 5.000000000000000000, 0.000000000000000000 ) ) ;
#1402 = CARTESIAN_POINT ( 'NONE',  ( 0.000000000000000000, 5.000000000000000000, 0.000000000000000000 ) ) ;
#1403 = LINE ( 'NONE', #946, #1508 ) ;
#1404 = ORIENTED_EDGE ( 'NONE', *, *, #4157, .T. ) ;
#1405 = ORIENTED_EDGE ( 'NONE', *, *, #2411, .F. ) ;
#1406 = DIRECTION ( 'NONE',  ( 0.000000000000000000, 0.000000000000000000, 1.000000000000000000 ) ) ;
#1407 = LINE ( 'NONE', #2756, #3368 ) ;
#1408 = ORIENTED_EDGE ( 'NONE', *, *, #2802, .F. ) ;
#1409 = CYLINDRICAL_SURFACE ( 'NONE', #98, 8.699999999995647215 ) ;
#1411 = EDGE_CURVE ( 'NONE', #1570, #1774, #2641, .T. ) ;
#1410 = CARTESIAN_POINT ( 'NONE',  ( -11.15907515923841054, 5.000000000000000000, 17.12307628312807140 ) ) ;
#1412 = DIRECTION ( 'NONE',  ( 0.000000000000000000, -1.000000000000000000, 0.000000000000000000 ) ) ;
#1413 = ORIENTED_EDGE ( 'NONE', *, *, #2907, .F. ) ;
#1414 = ORIENTED_EDGE ( 'NONE', *, *, #3616, .T. ) ;
#1415 = DIRECTION ( 'NONE',  ( 0.000000000000000000, -1.000000000000000000, 0.000000000000000000 ) ) ;
#1416 = CARTESIAN_POINT ( 'NONE',  ( -12.00000000000000178, 5.000000000000000000, -2.099999999999873967 ) ) ;
#1417 = DIRECTION ( 'NONE',  ( 0.6876994588534194319, 0.000000000000000000, -0.7259954919231345061 ) ) ;
#1418 = ORIENTED_EDGE ( 'NONE', *, *, #2795, .F. ) ;
#1419 = LINE ( 'NONE', #53, #3007 ) ;
#1420 = ORIENTED_EDGE ( 'NONE', *, *, #1988, .F. ) ;
#1421 = ADVANCED_FACE ( 'NONE', ( #1582 ), #2323, .T. ) ;
#1422 = CARTESIAN_POINT ( 'NONE',  ( 19.87037753878501078, -5.000000000000000000, -0.3794370379303422802 ) ) ;
#1423 = DIRECTION ( 'NONE',  ( 0.1081190184239353008, 0.000000000000000000, -0.9941379571543602633 ) ) ;
#1424 = CARTESIAN_POINT ( 'NONE',  ( 22.27991327221013762, -8.673617379884035472E-16, 6.645898327750304091 ) ) ;
#1425 = VERTEX_POINT ( 'NONE', #3386 ) ;
#1426 = ORIENTED_EDGE ( 'NONE', *, *, #1646, .F. ) ;
#1427 = CIRCLE ( 'NONE', #3298, 23.25000000000000000 ) ;
#1428 = CARTESIAN_POINT ( 'NONE',  ( -0.6968799923040714939, 5.000000000000000000, -19.86177822542411064 ) ) ;
#1429 = VERTEX_POINT ( 'NONE', #549 ) ;
#1430 = CIRCLE ( 'NONE', #302, 8.699999999995647215 ) ;
#1431 = AXIS2_PLACEMENT_3D ( 'NONE', #4016, #1879, #1183 ) ;
#1432 = ORIENTED_EDGE ( 'NONE', *, *, #3688, .F. ) ;
#1433 = DIRECTION ( 'NONE',  ( 0.9289767198167897533, 0.000000000000000000, -0.3701381553399182289 ) ) ;
#1434 = CIRCLE ( 'NONE', #2694, 19.87399999999006539 ) ;
#1435 = AXIS2_PLACEMENT_3D ( 'NONE', #2081, #2381, #304 ) ;
#1436 = CARTESIAN_POINT ( 'NONE',  ( 0.000000000000000000, -5.000000000000000000, 4.250000000000000000 ) ) ;
#1437 = CARTESIAN_POINT ( 'NONE',  ( 0.000000000000000000, -5.000000000000000000, 0.000000000000000000 ) ) ;
#1438 = ORIENTED_EDGE ( 'NONE', *, *, #3145, .F. ) ;
#1439 = ORIENTED_EDGE ( 'NONE', *, *, #2869, .T. ) ;
#1440 = AXIS2_PLACEMENT_3D ( 'NONE', #1050, #2479, #3909 ) ;
#1441 = EDGE_CURVE ( 'NONE', #3238, #2145, #1156, .T. ) ;
#1442 = FACE_OUTER_BOUND ( 'NONE', #2520, .T. ) ;
#1443 = VECTOR ( 'NONE', #796, 1000.000000000000000 ) ;
#1444 = DIRECTION ( 'NONE',  ( 0.000000000000000000, 0.000000000000000000, 1.000000000000000000 ) ) ;
#1445 = AXIS2_PLACEMENT_3D ( 'NONE', #2347, #1970, #178 ) ;
#1446 = CIRCLE ( 'NONE', #4427, 23.25000000000000000 ) ;
#1447 = CARTESIAN_POINT ( 'NONE',  ( 0.000000000000000000, -5.000000000000000000, 0.000000000000000000 ) ) ;
#1448 = ORIENTED_EDGE ( 'NONE', *, *, #4223, .F. ) ;
#1449 = AXIS2_PLACEMENT_3D ( 'NONE', #3964, #4343, #4034 ) ;
#1450 = DIRECTION ( 'NONE',  ( -0.000000000000000000, 1.000000000000000000, -0.000000000000000000 ) ) ;
#1451 = EDGE_CURVE ( 'NONE', #2447, #2094, #3834, .T. ) ;
#1452 = VERTEX_POINT ( 'NONE', #3874 ) ;
#1453 = EDGE_CURVE ( 'NONE', #784, #3006, #3149, .T. ) ;
#1454 = LINE ( 'NONE', #2126, #1672 ) ;
#1455 = CIRCLE ( 'NONE', #849, 23.25000000000000000 ) ;
#1456 = CARTESIAN_POINT ( 'NONE',  ( 0.000000000000000000, -5.000000000000000000, 0.000000000000000000 ) ) ;
#1457 = CARTESIAN_POINT ( 'NONE',  ( -23.23567597126657702, 5.000000000000000000, 0.8160037734624200345 ) ) ;
#1458 = ORIENTED_EDGE ( 'NONE', *, *, #208, .T. ) ;
#1459 = VECTOR ( 'NONE', #3347, 1000.000000000000000 ) ;
#1460 = MECHANICAL_DESIGN_GEOMETRIC_PRESENTATION_REPRESENTATION (  '', ( #706 ), #4069 ) ;
#1461 = DIRECTION ( 'NONE',  ( 0.000000000000000000, 1.000000000000000000, -0.000000000000000000 ) ) ;
#1462 = VERTEX_POINT ( 'NONE', #4531 ) ;
#1463 = CIRCLE ( 'NONE', #1159, 8.699999999995652544 ) ;
#1464 = AXIS2_PLACEMENT_3D ( 'NONE', #691, #3495, #2896 ) ;
#1465 = CARTESIAN_POINT ( 'NONE',  ( 18.70907146042785385, -5.000000000000000000, 6.704216664772190803 ) ) ;
#1466 = VERTEX_POINT ( 'NONE', #1398 ) ;
#1467 = ORIENTED_EDGE ( 'NONE', *, *, #3067, .T. ) ;
#1468 = CARTESIAN_POINT ( 'NONE',  ( 21.75881076528347080, -8.673617379884035472E-16, -8.192475454988201733 ) ) ;
#1469 = DIRECTION ( 'NONE',  ( 0.000000000000000000, 0.000000000000000000, 1.000000000000000000 ) ) ;
#1470 = EDGE_LOOP ( 'NONE', ( #2682, #603, #1480, #1553, #3530, #274, #4514, #4374, #1013, #444, #1245, #2345, #4254, #2194, #4381, #3578, #3555, #1565, #1822, #765, #4623, #1680, #502, #3038, #1837, #761, #432, #2771, #4029, #4321, #714, #330, #2556, #3056, #1154, #2643, #1692, #1691, #3400, #2250, #3737, #3630, #885, #3583, #236, #1712, #3360, #3967, #515, #483, #4243, #46, #4462, #1560, #2553, #2619, #3135, #2676, #2517, #1329, #4003, #1536, #387, #2477, #2783, #142, #3061, #1241, #3783, #4067, #3531, #2997, #827, #2530, #719, #3706, #1600, #3086, #2085, #4330, #3159, #2419, #2084, #1792, #206, #2482, #3970, #2124, #8, #1914, #1748, #3643, #3963, #800, #1231, #983, #3118, #4538, #4328, #2206, #4350, #1239, #3729, #4084, #416, #2277, #1583, #4593, #3832, #3775, #4608, #140, #2818, #2593, #4405, #2452, #3881, #1023, #3654, #2888 ) ) ;
#1471 = CARTESIAN_POINT ( 'NONE',  ( -15.66438505440664919, -5.000000000000000000, -17.18108089927061854 ) ) ;
#1472 = VERTEX_POINT ( 'NONE', #3853 ) ;
#1473 = EDGE_CURVE ( 'NONE', #1452, #2453, #1370, .T. ) ;
#1474 = DIRECTION ( 'NONE',  ( -0.000000000000000000, 1.000000000000000000, -0.000000000000000000 ) ) ;
#1475 = EDGE_CURVE ( 'NONE', #3614, #2509, #2496, .T. ) ;
#1476 = ORIENTED_EDGE ( 'NONE', *, *, #2337, .F. ) ;
#1477 = DIRECTION ( 'NONE',  ( 0.000000000000000000, -1.000000000000000000, 0.000000000000000000 ) ) ;
#1478 = FACE_OUTER_BOUND ( 'NONE', #3556, .T. ) ;
#1479 = CARTESIAN_POINT ( 'NONE',  ( -19.87696855345157232, -5.000000000000000000, -4.757186241093761758 ) ) ;
#1480 = ORIENTED_EDGE ( 'NONE', *, *, #3914, .F. ) ;
#1481 = FACE_OUTER_BOUND ( 'NONE', #509, .T. ) ;
#1482 = EDGE_LOOP ( 'NONE', ( #2418, #4281, #2881, #4302 ) ) ;
#1483 = VERTEX_POINT ( 'NONE', #3420 ) ;
#1484 = LINE ( 'NONE', #2534, #3815 ) ;
#1485 = ADVANCED_FACE ( 'NONE', ( #1641 ), #1745, .T. ) ;
#1486 = VERTEX_POINT ( 'NONE', #2745 ) ;
#1487 = ORIENTED_EDGE ( 'NONE', *, *, #3121, .T. ) ;
#1488 = DIRECTION ( 'NONE',  ( 0.000000000000000000, 1.000000000000000000, 0.000000000000000000 ) ) ;
#1489 = DIRECTION ( 'NONE',  ( -0.000000000000000000, 1.000000000000000000, -0.000000000000000000 ) ) ;
#1490 = EDGE_CURVE ( 'NONE', #1081, #2854, #3084, .T. ) ;
#1491 = ORIENTED_EDGE ( 'NONE', *, *, #4121, .F. ) ;
#1492 = CARTESIAN_POINT ( 'NONE',  ( 0.000000000000000000, -5.000000000000000000, 0.000000000000000000 ) ) ;
#1493 = ADVANCED_FACE ( 'NONE', ( #2798 ), #641, .T. ) ;
#1494 = VERTEX_POINT ( 'NONE', #991 ) ;
#1495 = DIRECTION ( 'NONE',  ( 0.000000000000000000, 0.000000000000000000, 1.000000000000000000 ) ) ;
#1496 = ORIENTED_EDGE ( 'NONE', *, *, #871, .F. ) ;
#1497 = CARTESIAN_POINT ( 'NONE',  ( 20.27479121899674652, 5.000000000000000000, 11.28022108227654918 ) ) ;
#1498 = LINE ( 'NONE', #2922, #1083 ) ;
#1499 = CARTESIAN_POINT ( 'NONE',  ( -3.674092034174476940, -5.000000000000000000, -20.10536613771980896 ) ) ;
#1500 = ORIENTED_EDGE ( 'NONE', *, *, #1858, .F. ) ;
#1501 = ADVANCED_FACE ( 'NONE', ( #3792 ), #2091, .T. ) ;
#1502 = CARTESIAN_POINT ( 'NONE',  ( -16.04829528322468590, -5.000000000000000000, 11.72297293787003802 ) ) ;
#1503 = EDGE_LOOP ( 'NONE', ( #1876, #3513, #1491, #4268 ) ) ;
#1504 = EDGE_LOOP ( 'NONE', ( #2812, #4063, #448, #4480 ) ) ;
#1505 = DIRECTION ( 'NONE',  ( -0.9635499925192201331, 0.000000000000000000, 0.2675283385292312466 ) ) ;
#1506 = AXIS2_PLACEMENT_3D ( 'NONE', #1051, #2480, #2057 ) ;
#1507 = EDGE_CURVE ( 'NONE', #3172, #1063, #1898, .T. ) ;
#1508 = VECTOR ( 'NONE', #2375, 1000.000000000000000 ) ;
#1509 = ORIENTED_EDGE ( 'NONE', *, *, #68, .T. ) ;
#1510 = CIRCLE ( 'NONE', #898, 8.699999999995650768 ) ;
#1511 = CARTESIAN_POINT ( 'NONE',  ( -0.4431471036978762990, 5.000000000000000000, 23.24577640442418769 ) ) ;
#1512 = CARTESIAN_POINT ( 'NONE',  ( -9.901439139120858712, 5.000000000000000000, 17.87977076982923919 ) ) ;
#1513 = ORIENTED_EDGE ( 'NONE', *, *, #1202, .F. ) ;
#1514 = VECTOR ( 'NONE', #956, 1000.000000000000000 ) ;
#1515 = VECTOR ( 'NONE', #40, 1000.000000000000000 ) ;
#1516 = CARTESIAN_POINT ( 'NONE',  ( 0.000000000000000000, -5.000000000000000000, 0.000000000000000000 ) ) ;
#1517 = ORIENTED_EDGE ( 'NONE', *, *, #4482, .F. ) ;
#1518 = FACE_OUTER_BOUND ( 'NONE', #677, .T. ) ;
#1519 = CIRCLE ( 'NONE', #1362, 8.699999999995652544 ) ;
#1520 = VERTEX_POINT ( 'NONE', #1696 ) ;
#1521 = FACE_OUTER_BOUND ( 'NONE', #995, .T. ) ;
#1522 = ADVANCED_FACE ( 'NONE', ( #4505 ), #1300, .T. ) ;
#1523 = EDGE_CURVE ( 'NONE', #2662, #2962, #3003, .T. ) ;
#1524 = CARTESIAN_POINT ( 'NONE',  ( 19.24610660530289863, -5.000000000000000000, 6.878377740766389969 ) ) ;
#1525 = VECTOR ( 'NONE', #2794, 1000.000000000000000 ) ;
#1526 = LINE ( 'NONE', #3932, #2388 ) ;
#1527 = ORIENTED_EDGE ( 'NONE', *, *, #3353, .F. ) ;
#1528 = CARTESIAN_POINT ( 'NONE',  ( 20.27479121899674652, -5.000000000000000000, 2.580221082280897971 ) ) ;
#1529 = ORIENTED_EDGE ( 'NONE', *, *, #1617, .F. ) ;
#1530 = CIRCLE ( 'NONE', #2710, 8.699999999995647215 ) ;
#1531 = CARTESIAN_POINT ( 'NONE',  ( -20.33034959196404756, 0.000000000000000000, 11.28004368203097663 ) ) ;
#1532 = CIRCLE ( 'NONE', #4137, 8.699999999995650768 ) ;
#1533 = VECTOR ( 'NONE', #2391, 1000.000000000000000 ) ;
#1534 = EDGE_CURVE ( 'NONE', #2953, #1429, #3066, .T. ) ;
#1535 = ADVANCED_FACE ( 'NONE', ( #4156 ), #2014, .T. ) ;
#1536 = ORIENTED_EDGE ( 'NONE', *, *, #4083, .T. ) ;
#1537 = DIRECTION ( 'NONE',  ( -0.000000000000000000, -1.000000000000000000, -0.000000000000000000 ) ) ;
#1538 = CARTESIAN_POINT ( 'NONE',  ( -0.7338656050842493617, 5.000000000000000000, -20.42513503213696424 ) ) ;
#1539 = VERTEX_POINT ( 'NONE', #2070 ) ;
#1540 = DIRECTION ( 'NONE',  ( 0.000000000000000000, 1.000000000000000000, -0.000000000000000000 ) ) ;
#1541 = VERTEX_POINT ( 'NONE', #3475 ) ;
#1542 = CARTESIAN_POINT ( 'NONE',  ( -4.950282533840406174, -5.000000000000000000, -19.24761228918433176 ) ) ;
#1543 = VERTEX_POINT ( 'NONE', #2767 ) ;
#1544 = DIRECTION ( 'NONE',  ( 0.3193015301359741764, 0.000000000000000000, -0.9476531711828043436 ) ) ;
#1545 = CARTESIAN_POINT ( 'NONE',  ( 3.674092034174213151, 5.000000000000000000, -20.10536613771984804 ) ) ;
#1546 = CARTESIAN_POINT ( 'NONE',  ( 11.60473591247369463, -5.000000000000000000, -20.14677652632657257 ) ) ;
#1547 = ORIENTED_EDGE ( 'NONE', *, *, #1552, .T. ) ;
#1548 = FACE_OUTER_BOUND ( 'NONE', #3395, .T. ) ;
#1549 = CARTESIAN_POINT ( 'NONE',  ( -19.71287217419889970, 5.000000000000000000, 2.525578476963209695 ) ) ;
#1550 = DIRECTION ( 'NONE',  ( 0.000000000000000000, -1.000000000000000000, 0.000000000000000000 ) ) ;
#1551 = EDGE_CURVE ( 'NONE', #3349, #559, #2425, .T. ) ;
#1552 = EDGE_CURVE ( 'NONE', #2655, #3172, #2017, .T. ) ;
#1553 = ORIENTED_EDGE ( 'NONE', *, *, #3478, .T. ) ;
#1554 = CARTESIAN_POINT ( 'NONE',  ( -19.32425140702124366, -5.000000000000000000, -4.642109817512131364 ) ) ;
#1555 = ADVANCED_FACE ( 'NONE', ( #3897 ), #2120, .T. ) ;
#1556 = CARTESIAN_POINT ( 'NONE',  ( 5.107508504281732975, 5.000000000000000000, -19.78984731335854619 ) ) ;
#1557 = ORIENTED_EDGE ( 'NONE', *, *, #148, .T. ) ;
#1558 =( LENGTH_UNIT ( ) NAMED_UNIT ( * ) SI_UNIT ( .MILLI., .METRE. ) );
#1559 = CARTESIAN_POINT ( 'NONE',  ( 0.000000000000000000, -5.000000000000000000, 0.000000000000000000 ) ) ;
#1560 = ORIENTED_EDGE ( 'NONE', *, *, #4147, .T. ) ;
#1561 = CARTESIAN_POINT ( 'NONE',  ( 0.000000000000000000, 5.000000000000000000, 0.000000000000000000 ) ) ;
#1562 = DIRECTION ( 'NONE',  ( 0.000000000000000000, 0.000000000000000000, 1.000000000000000000 ) ) ;
#1563 = DIRECTION ( 'NONE',  ( 0.000000000000000000, 1.000000000000000000, 0.000000000000000000 ) ) ;
#1564 = ORIENTED_EDGE ( 'NONE', *, *, #993, .F. ) ;
#1565 = ORIENTED_EDGE ( 'NONE', *, *, #4320, .T. ) ;
#1566 = CARTESIAN_POINT ( 'NONE',  ( 17.43016136035868868, 0.000000000000000000, 15.38674673060744169 ) ) ;
#1567 = CARTESIAN_POINT ( 'NONE',  ( -11.60473591247396641, 5.000000000000000000, -20.14677652632641625 ) ) ;
#1568 = CARTESIAN_POINT ( 'NONE',  ( -7.707273062986899070, -5.000000000000000000, -18.31867402221464403 ) ) ;
#1569 = VERTEX_POINT ( 'NONE', #4542 ) ;
#1570 = VERTEX_POINT ( 'NONE', #3193 ) ;
#1571 = FACE_OUTER_BOUND ( 'NONE', #424, .T. ) ;
#1572 = CIRCLE ( 'NONE', #595, 23.25000000000000000 ) ;
#1573 = CARTESIAN_POINT ( 'NONE',  ( 19.79492089438828373, 5.000000000000000000, -1.771152953450214174 ) ) ;
#1574 = VERTEX_POINT ( 'NONE', #2059 ) ;
#1575 = EDGE_CURVE ( 'NONE', #3576, #1658, #3602, .T. ) ;
#1576 = DIRECTION ( 'NONE',  ( -0.9289767198167949713, 0.000000000000000000, -0.3701381553399054058 ) ) ;
#1577 = VECTOR ( 'NONE', #2297, 1000.000000000000000 ) ;
#1578 = LINE ( 'NONE', #3685, #1650 ) ;
#1579 = ORIENTED_EDGE ( 'NONE', *, *, #3777, .F. ) ;
#1580 = CIRCLE ( 'NONE', #3980, 8.699999999995648992 ) ;
#1581 = LINE ( 'NONE', #121, #3617 ) ;
#1582 = FACE_OUTER_BOUND ( 'NONE', #3295, .T. ) ;
#1583 = ORIENTED_EDGE ( 'NONE', *, *, #3278, .F. ) ;
#1584 = VECTOR ( 'NONE', #3752, 1000.000000000000000 ) ;
#1585 = EDGE_CURVE ( 'NONE', #560, #54, #1280, .T. ) ;
#1586 = AXIS2_PLACEMENT_3D ( 'NONE', #2353, #2117, #3546 ) ;
#1587 = ADVANCED_FACE ( 'NONE', ( #3216 ), #1760, .T. ) ;
#1588 = ORIENTED_EDGE ( 'NONE', *, *, #234, .T. ) ;
#1589 = CARTESIAN_POINT ( 'NONE',  ( 21.75881076528347080, 5.000000000000000000, -8.192475454988201733 ) ) ;
#1590 = DIRECTION ( 'NONE',  ( 0.000000000000000000, 1.000000000000000000, -0.000000000000000000 ) ) ;
#1591 = VECTOR ( 'NONE', #1603, 1000.000000000000000 ) ;
#1592 = DIRECTION ( 'NONE',  ( 0.9985334138511241520, 0.000000000000000000, 0.05413890858541436923 ) ) ;
#1593 = ORIENTED_EDGE ( 'NONE', *, *, #377, .F. ) ;
#1594 = AXIS2_PLACEMENT_3D ( 'NONE', #2549, #4287, #2853 ) ;
#1595 = CIRCLE ( 'NONE', #337, 23.25000000000000000 ) ;
#1596 = CYLINDRICAL_SURFACE ( 'NONE', #1891, 19.87399999999006184 ) ;
#1597 = CIRCLE ( 'NONE', #254, 8.699999999995650768 ) ;
#1598 = AXIS2_PLACEMENT_3D ( 'NONE', #739, #2821, #1743 ) ;
#1599 = DIRECTION ( 'NONE',  ( 0.7621620551276375721, 0.000000000000000000, 0.6473862847818262489 ) ) ;
#1600 = ORIENTED_EDGE ( 'NONE', *, *, #224, .F. ) ;
#1601 = AXIS2_PLACEMENT_3D ( 'NONE', #213, #2007, #120 ) ;
#1602 = CIRCLE ( 'NONE', #3178, 8.699999999995648992 ) ;
#1603 = DIRECTION ( 'NONE',  ( -0.000000000000000000, 1.000000000000000000, -0.000000000000000000 ) ) ;
#1604 = EDGE_CURVE ( 'NONE', #49, #2492, #2459, .T. ) ;
#1605 = CARTESIAN_POINT ( 'NONE',  ( 0.000000000000000000, 5.000000000000000000, 0.000000000000000000 ) ) ;
#1606 = CARTESIAN_POINT ( 'NONE',  ( 11.60473591247369107, 0.000000000000000000, -20.14677652632656901 ) ) ;
#1607 = ADVANCED_FACE ( 'NONE', ( #4618 ), #1409, .T. ) ;
#1608 = ORIENTED_EDGE ( 'NONE', *, *, #3020, .T. ) ;
#1609 = LINE ( 'NONE', #555, #4576 ) ;
#1610 = CARTESIAN_POINT ( 'NONE',  ( 20.27479121899674652, -5.000000000000000000, 2.580221082280897971 ) ) ;
#1611 = CARTESIAN_POINT ( 'NONE',  ( 1.454641113956085530, 5.000000000000000000, 19.82069361120326079 ) ) ;
#1612 = DIRECTION ( 'NONE',  ( -0.000000000000000000, 1.000000000000000000, 0.000000000000000000 ) ) ;
#1613 = EDGE_LOOP ( 'NONE', ( #1923, #4301, #61, #3753 ) ) ;
#1614 = ORIENTED_EDGE ( 'NONE', *, *, #987, .T. ) ;
#1615 = DIRECTION ( 'NONE',  ( 0.6876994588534194319, 0.000000000000000000, -0.7259954919231346171 ) ) ;
#1617 = EDGE_CURVE ( 'NONE', #4337, #2757, #2626, .T. ) ;
#1616 = DIRECTION ( 'NONE',  ( -0.000000000000000000, -1.000000000000000000, -0.000000000000000000 ) ) ;
#1618 = ORIENTED_EDGE ( 'NONE', *, *, #1186, .F. ) ;
#1619 = DIRECTION ( 'NONE',  ( 0.000000000000000000, -1.000000000000000000, 0.000000000000000000 ) ) ;
#1620 = EDGE_CURVE ( 'NONE', #2919, #1483, #3741, .T. ) ;
#1621 = EDGE_CURVE ( 'NONE', #1054, #2363, #2784, .T. ) ;
#1622 = CARTESIAN_POINT ( 'NONE',  ( 0.7338656050839710288, -5.000000000000000000, -20.42513503213698201 ) ) ;
#1623 = CARTESIAN_POINT ( 'NONE',  ( -12.00000000000000178, -5.000000000000000000, 1.256933281983528260E-13 ) ) ;
#1624 = CARTESIAN_POINT ( 'NONE',  ( 4.950282533840161037, -5.000000000000000000, -19.24761228918439571 ) ) ;
#1625 = VERTEX_POINT ( 'NONE', #3114 ) ;
#1626 = DIRECTION ( 'NONE',  ( 0.000000000000000000, 0.000000000000000000, 1.000000000000000000 ) ) ;
#1627 = CYLINDRICAL_SURFACE ( 'NONE', #780, 8.699999999995650768 ) ;
#1628 = CARTESIAN_POINT ( 'NONE',  ( 11.46505472042118257, -5.000000000000000000, -16.23355772027047195 ) ) ;
#1629 = DIRECTION ( 'NONE',  ( 0.000000000000000000, -1.000000000000000000, 0.000000000000000000 ) ) ;
#1630 = ADVANCED_FACE ( 'NONE', ( #655 ), #3561, .T. ) ;
#1631 = ORIENTED_EDGE ( 'NONE', *, *, #3790, .T. ) ;
#1632 = EDGE_CURVE ( 'NONE', #3320, #250, #1805, .T. ) ;
#1633 = ORIENTED_EDGE ( 'NONE', *, *, #3195, .F. ) ;
#1634 = DIRECTION ( 'NONE',  ( -0.000000000000000000, 1.000000000000000000, 0.000000000000000000 ) ) ;
#1635 = DIRECTION ( 'NONE',  ( 0.000000000000000000, -1.000000000000000000, 0.000000000000000000 ) ) ;
#1636 = CARTESIAN_POINT ( 'NONE',  ( 0.000000000000000000, -5.000000000000000000, 12.00000000000000178 ) ) ;
#1637 = VERTEX_POINT ( 'NONE', #3488 ) ;
#1638 = CIRCLE ( 'NONE', #589, 19.87399999999006184 ) ;
#1639 = CARTESIAN_POINT ( 'NONE',  ( 0.000000000000000000, -5.000000000000000000, 0.000000000000000000 ) ) ;
#1640 = AXIS2_PLACEMENT_3D ( 'NONE', #1538, #421, #2588 ) ;
#1641 = FACE_OUTER_BOUND ( 'NONE', #2550, .T. ) ;
#1642 = CARTESIAN_POINT ( 'NONE',  ( 17.87454475682790189, -5.000000000000000000, -8.687722701362034172 ) ) ;
#1643 = AXIS2_PLACEMENT_3D ( 'NONE', #1330, #578, #3162 ) ;
#1644 = ORIENTED_EDGE ( 'NONE', *, *, #2455, .F. ) ;
#1645 = FACE_OUTER_BOUND ( 'NONE', #3463, .T. ) ;
#1646 = EDGE_CURVE ( 'NONE', #3471, #2890, #602, .T. ) ;
#1647 = ADVANCED_FACE ( 'NONE', ( #2034 ), #2409, .T. ) ;
#1648 = DIRECTION ( 'NONE',  ( -0.9985334138511233748, 0.000000000000000000, 0.05413890858542829559 ) ) ;
#1649 = CARTESIAN_POINT ( 'NONE',  ( 0.000000000000000000, -5.000000000000000000, 0.000000000000000000 ) ) ;
#1650 = VECTOR ( 'NONE', #4041, 1000.000000000000000 ) ;
#1651 = CIRCLE ( 'NONE', #904, 8.699999999995652544 ) ;
#1652 = DIRECTION ( 'NONE',  ( 0.6876994588534194319, 0.000000000000000000, -0.7259954919231345061 ) ) ;
#1653 = ORIENTED_EDGE ( 'NONE', *, *, #749, .T. ) ;
#1654 = ORIENTED_EDGE ( 'NONE', *, *, #4561, .T. ) ;
#1655 = DIRECTION ( 'NONE',  ( 0.000000000000000000, 1.000000000000000000, 0.000000000000000000 ) ) ;
#1656 = AXIS2_PLACEMENT_3D ( 'NONE', #3266, #405, #2581 ) ;
#1657 = DIRECTION ( 'NONE',  ( 0.000000000000000000, -1.000000000000000000, 0.000000000000000000 ) ) ;
#1658 = VERTEX_POINT ( 'NONE', #3885 ) ;
#1659 = VERTEX_POINT ( 'NONE', #1333 ) ;
#1660 = CIRCLE ( 'NONE', #4291, 19.87399999999006184 ) ;
#1661 = DIRECTION ( 'NONE',  ( 0.000000000000000000, 0.000000000000000000, 1.000000000000000000 ) ) ;
#1662 = CARTESIAN_POINT ( 'NONE',  ( 5.204748896376250699E-16, -5.000000000000000000, -4.250000000000000000 ) ) ;
#1663 = DIRECTION ( 'NONE',  ( -0.000000000000000000, 1.000000000000000000, -0.000000000000000000 ) ) ;
#1664 = EDGE_CURVE ( 'NONE', #659, #2026, #4222, .T. ) ;
#1665 = VERTEX_POINT ( 'NONE', #1731 ) ;
#1666 = AXIS2_PLACEMENT_3D ( 'NONE', #2047, #3069, #248 ) ;
#1667 = AXIS2_PLACEMENT_3D ( 'NONE', #2613, #3365, #1562 ) ;
#1668 = CARTESIAN_POINT ( 'NONE',  ( 0.000000000000000000, -5.000000000000000000, 0.000000000000000000 ) ) ;
#1669 = DIRECTION ( 'NONE',  ( -0.000000000000000000, -1.000000000000000000, 0.000000000000000000 ) ) ;
#1670 = DIRECTION ( 'NONE',  ( -0.000000000000000000, 1.000000000000000000, -0.000000000000000000 ) ) ;
#1671 = DIRECTION ( 'NONE',  ( 0.000000000000000000, -1.000000000000000000, 0.000000000000000000 ) ) ;
#1672 = VECTOR ( 'NONE', #3552, 1000.000000000000000 ) ;
#1673 = AXIS2_PLACEMENT_3D ( 'NONE', #441, #2281, #2257 ) ;
#1674 = ORIENTED_EDGE ( 'NONE', *, *, #426, .F. ) ;
#1675 = EDGE_CURVE ( 'NONE', #1625, #2304, #1780, .T. ) ;
#1676 = DIRECTION ( 'NONE',  ( -0.000000000000000000, 1.000000000000000000, -0.000000000000000000 ) ) ;
#1677 = DIRECTION ( 'NONE',  ( 0.000000000000000000, 0.000000000000000000, 1.000000000000000000 ) ) ;
#1678 = DIRECTION ( 'NONE',  ( 0.000000000000000000, -1.000000000000000000, 0.000000000000000000 ) ) ;
#1679 = PRODUCT_DEFINITION_SHAPE ( 'NONE', 'NONE',  #3194 ) ;
#1680 = ORIENTED_EDGE ( 'NONE', *, *, #2455, .T. ) ;
#1681 = VERTEX_POINT ( 'NONE', #1388 ) ;
#1682 = DIRECTION ( 'NONE',  ( 0.000000000000000000, 0.000000000000000000, 1.000000000000000000 ) ) ;
#1683 = CARTESIAN_POINT ( 'NONE',  ( 23.18769297019259668, 5.000000000000000000, 1.700998154049783828 ) ) ;
#1684 = EDGE_CURVE ( 'NONE', #4170, #4292, #339, .T. ) ;
#1685 = ORIENTED_EDGE ( 'NONE', *, *, #207, .F. ) ;
#1686 = DIRECTION ( 'NONE',  ( 0.9985334138511240409, 0.000000000000000000, 0.05413890858541428597 ) ) ;
#1687 = ADVANCED_FACE ( 'NONE', ( #678 ), #2835, .T. ) ;
#1688 = CARTESIAN_POINT ( 'NONE',  ( 0.000000000000000000, 5.000000000000000000, 0.000000000000000000 ) ) ;
#1689 = CARTESIAN_POINT ( 'NONE',  ( 0.000000000000000000, -5.000000000000000000, 0.000000000000000000 ) ) ;
#1690 = DIRECTION ( 'NONE',  ( 0.000000000000000000, -1.000000000000000000, 0.000000000000000000 ) ) ;
#1691 = ORIENTED_EDGE ( 'NONE', *, *, #2616, .T. ) ;
#1692 = ORIENTED_EDGE ( 'NONE', *, *, #4554, .T. ) ;
#1693 = EDGE_CURVE ( 'NONE', #865, #3959, #4492, .T. ) ;
#1694 = CARTESIAN_POINT ( 'NONE',  ( 0.000000000000000000, -5.000000000000000000, 0.000000000000000000 ) ) ;
#1695 = EDGE_CURVE ( 'NONE', #2854, #1081, #4423, .T. ) ;
#1696 = CARTESIAN_POINT ( 'NONE',  ( -14.42053082845859002, -5.000000000000000000, 18.23762020181019494 ) ) ;
#1697 = CARTESIAN_POINT ( 'NONE',  ( -7.910253213374934589, -5.000000000000000000, -18.84549266821236913 ) ) ;
#1698 = ORIENTED_EDGE ( 'NONE', *, *, #3847, .T. ) ;
#1699 = CARTESIAN_POINT ( 'NONE',  ( 20.35544912910228277, 5.000000000000000000, -1.838583846302302982 ) ) ;
#1700 = DIRECTION ( 'NONE',  ( 0.9635499925192235748, 0.000000000000000000, 0.2675283385292181459 ) ) ;
#1701 = CARTESIAN_POINT ( 'NONE',  ( 0.000000000000000000, -5.000000000000000000, 0.000000000000000000 ) ) ;
#1702 = ORIENTED_EDGE ( 'NONE', *, *, #1575, .F. ) ;
#1703 = ORIENTED_EDGE ( 'NONE', *, *, #2565, .F. ) ;
#1704 = CARTESIAN_POINT ( 'NONE',  ( 20.03733873341299798, -5.000000000000000000, 4.028617168436590568 ) ) ;
#1705 = CARTESIAN_POINT ( 'NONE',  ( 0.000000000000000000, -5.000000000000000000, 0.000000000000000000 ) ) ;
#1706 = VERTEX_POINT ( 'NONE', #1465 ) ;
#1707 = DIRECTION ( 'NONE',  ( 0.000000000000000000, 1.000000000000000000, -0.000000000000000000 ) ) ;
#1708 = CARTESIAN_POINT ( 'NONE',  ( -7.002462217011601098, -8.673617379884035472E-16, -22.17043127454504514 ) ) ;
#1709 = DIRECTION ( 'NONE',  ( 0.000000000000000000, -1.000000000000000000, 0.000000000000000000 ) ) ;
#1710 = EDGE_CURVE ( 'NONE', #1785, #2267, #3634, .T. ) ;
#1711 = ORIENTED_EDGE ( 'NONE', *, *, #721, .T. ) ;
#1712 = ORIENTED_EDGE ( 'NONE', *, *, #1165, .T. ) ;
#1713 = CARTESIAN_POINT ( 'NONE',  ( 12.36416346427679080, 0.000000000000000000, -19.68984412910988269 ) ) ;
#1714 = ADVANCED_FACE ( 'NONE', ( #3336 ), #102, .T. ) ;
#1715 = DIRECTION ( 'NONE',  ( 0.000000000000000000, 1.000000000000000000, -0.000000000000000000 ) ) ;
#1716 = CARTESIAN_POINT ( 'NONE',  ( 0.000000000000000000, 5.000000000000000000, 0.000000000000000000 ) ) ;
#1717 = CARTESIAN_POINT ( 'NONE',  ( 0.000000000000000000, -5.000000000000000000, 0.000000000000000000 ) ) ;
#1718 = CIRCLE ( 'NONE', #4346, 19.87399999999006894 ) ;
#1719 = ORIENTED_EDGE ( 'NONE', *, *, #2055, .T. ) ;
#1720 = EDGE_CURVE ( 'NONE', #2891, #2966, #3236, .T. ) ;
#1721 = CARTESIAN_POINT ( 'NONE',  ( -8.972215365938232878, -5.000000000000000000, -17.73344939448687541 ) ) ;
#1722 = DIRECTION ( 'NONE',  ( 0.000000000000000000, -1.000000000000000000, 0.000000000000000000 ) ) ;
#1723 = CARTESIAN_POINT ( 'NONE',  ( -22.51702208896280055, 5.000000000000000000, 5.791909550844301258 ) ) ;
#1724 = ORIENTED_EDGE ( 'NONE', *, *, #938, .F. ) ;
#1725 = VERTEX_POINT ( 'NONE', #3653 ) ;
#1726 = AXIS2_PLACEMENT_3D ( 'NONE', #2702, #925, #1037 ) ;
#1727 = EDGE_CURVE ( 'NONE', #1132, #4159, #2909, .T. ) ;
#1728 = LINE ( 'NONE', #2709, #1211 ) ;
#1729 = DIRECTION ( 'NONE',  ( -0.000000000000000000, 1.000000000000000000, 0.000000000000000000 ) ) ;
#1730 = ORIENTED_EDGE ( 'NONE', *, *, #4388, .F. ) ;
#1731 = CARTESIAN_POINT ( 'NONE',  ( -18.95138111403051440, 5.000000000000000000, -5.985067240254914545 ) ) ;
#1732 = AXIS2_PLACEMENT_3D ( 'NONE', #693, #2121, #4253 ) ;
#1733 = AXIS2_PLACEMENT_3D ( 'NONE', #78, #1107, #774 ) ;
#1734 = CYLINDRICAL_SURFACE ( 'NONE', #3601, 8.699999999995650768 ) ;
#1735 = DIRECTION ( 'NONE',  ( -0.000000000000000000, 1.000000000000000000, 0.000000000000000000 ) ) ;
#1736 = ORIENTED_EDGE ( 'NONE', *, *, #1151, .T. ) ;
#1737 = VECTOR ( 'NONE', #389, 1000.000000000000000 ) ;
#1738 = VERTEX_POINT ( 'NONE', #801 ) ;
#1739 = FACE_OUTER_BOUND ( 'NONE', #3920, .T. ) ;
#1740 = CIRCLE ( 'NONE', #1449, 23.25000000000000000 ) ;
#1741 = DIRECTION ( 'NONE',  ( 0.000000000000000000, -1.000000000000000000, -0.000000000000000000 ) ) ;
#1742 = EDGE_CURVE ( 'NONE', #2313, #4042, #1651, .T. ) ;
#1743 = DIRECTION ( 'NONE',  ( 0.7621620551276374611, 0.000000000000000000, 0.6473862847818262489 ) ) ;
#1744 = CIRCLE ( 'NONE', #1959, 23.25000000000000000 ) ;
#1745 = CYLINDRICAL_SURFACE ( 'NONE', #2413, 8.699999999995648992 ) ;
#1746 = CYLINDRICAL_SURFACE ( 'NONE', #1732, 4.250000000000000000 ) ;
#1747 = AXIS2_PLACEMENT_3D ( 'NONE', #2020, #3877, #3106 ) ;
#1748 = ORIENTED_EDGE ( 'NONE', *, *, #728, .T. ) ;
#1749 = CIRCLE ( 'NONE', #1667, 23.25000000000000000 ) ;
#1750 = FACE_OUTER_BOUND ( 'NONE', #1909, .T. ) ;
#1751 = DIRECTION ( 'NONE',  ( 0.000000000000000000, -1.000000000000000000, -0.000000000000000000 ) ) ;
#1752 = CIRCLE ( 'NONE', #1302, 8.699999999995648992 ) ;
#1753 = DIRECTION ( 'NONE',  ( 0.000000000000000000, -1.000000000000000000, 0.000000000000000000 ) ) ;
#1754 = VERTEX_POINT ( 'NONE', #4294 ) ;
#1756 = EDGE_LOOP ( 'NONE', ( #2834, #1509, #381, #450 ) ) ;
#1755 = CIRCLE ( 'NONE', #1090, 19.87399999999006184 ) ;
#1757 = CYLINDRICAL_SURFACE ( 'NONE', #1643, 2.099999999999999645 ) ;
#1758 = CARTESIAN_POINT ( 'NONE',  ( 14.42053082845884049, -5.000000000000000000, 18.23762020180999954 ) ) ;
#1759 = ORIENTED_EDGE ( 'NONE', *, *, #2964, .T. ) ;
#1760 = CYLINDRICAL_SURFACE ( 'NONE', #23, 8.699999999995648992 ) ;
#1761 = CARTESIAN_POINT ( 'NONE',  ( 0.000000000000000000, 5.000000000000000000, 0.000000000000000000 ) ) ;
#1762 = CARTESIAN_POINT ( 'NONE',  ( -14.42053082845859002, 5.000000000000000000, 18.23762020181019494 ) ) ;
#1763 = ORIENTED_EDGE ( 'NONE', *, *, #4023, .F. ) ;
#1764 = VERTEX_POINT ( 'NONE', #3676 ) ;
#1765 = CYLINDRICAL_SURFACE ( 'NONE', #1820, 19.87399999999006184 ) ;
#1766 = EDGE_CURVE ( 'NONE', #4612, #4048, #1835, .T. ) ;
#1767 = CYLINDRICAL_SURFACE ( 'NONE', #3986, 19.87399999999006184 ) ;
#1768 = DIRECTION ( 'NONE',  ( -0.000000000000000000, -1.000000000000000000, -0.000000000000000000 ) ) ;
#1769 = CARTESIAN_POINT ( 'NONE',  ( 0.000000000000000000, 5.000000000000000000, 0.000000000000000000 ) ) ;
#1770 = ORIENTED_EDGE ( 'NONE', *, *, #270, .T. ) ;
#1771 = DIRECTION ( 'NONE',  ( -0.2149704402110113599, 0.000000000000000000, 0.9766205557100894330 ) ) ;
#1772 = CARTESIAN_POINT ( 'NONE',  ( 10.83694299684547602, 5.000000000000000000, 16.65942803588187360 ) ) ;
#1773 = DIRECTION ( 'NONE',  ( -0.000000000000000000, -1.000000000000000000, 0.000000000000000000 ) ) ;
#1774 = VERTEX_POINT ( 'NONE', #1899 ) ;
#1775 = EDGE_LOOP ( 'NONE', ( #3522, #3984, #2112, #2357 ) ) ;
#1776 = CARTESIAN_POINT ( 'NONE',  ( 16.04829528322483867, 5.000000000000000000, 11.72297293786983374 ) ) ;
#1777 = ORIENTED_EDGE ( 'NONE', *, *, #2292, .F. ) ;
#1778 = EDGE_CURVE ( 'NONE', #3731, #596, #1946, .T. ) ;
#1779 = ORIENTED_EDGE ( 'NONE', *, *, #721, .F. ) ;
#1780 = LINE ( 'NONE', #3166, #313 ) ;
#1781 = DIRECTION ( 'NONE',  ( 0.000000000000000000, 1.000000000000000000, 0.000000000000000000 ) ) ;
#1782 = EDGE_CURVE ( 'NONE', #229, #2228, #532, .T. ) ;
#1783 = CARTESIAN_POINT ( 'NONE',  ( -19.24610660530280981, -5.000000000000000000, 6.878377740766657311 ) ) ;
#1784 = EDGE_LOOP ( 'NONE', ( #2511, #2064, #3017, #2870 ) ) ;
#1785 = VERTEX_POINT ( 'NONE', #2931 ) ;
#1786 = CYLINDRICAL_SURFACE ( 'NONE', #1291, 19.87399999999006184 ) ;
#1787 = ADVANCED_FACE ( 'NONE', ( #2513 ), #3581, .T. ) ;
#1788 = CYLINDRICAL_SURFACE ( 'NONE', #1586, 8.699999999995648992 ) ;
#1789 = DIRECTION ( 'NONE',  ( 0.000000000000000000, 1.000000000000000000, 0.000000000000000000 ) ) ;
#1790 = ORIENTED_EDGE ( 'NONE', *, *, #2815, .T. ) ;
#1791 = FACE_OUTER_BOUND ( 'NONE', #3028, .T. ) ;
#1792 = ORIENTED_EDGE ( 'NONE', *, *, #469, .T. ) ;
#1793 = CIRCLE ( 'NONE', #2385, 8.699999999995648992 ) ;
#1794 = CARTESIAN_POINT ( 'NONE',  ( -12.00000000000000178, 5.000000000000000000, 1.256933281983528260E-13 ) ) ;
#1795 = DIRECTION ( 'NONE',  ( 0.000000000000000000, 1.000000000000000000, 0.000000000000000000 ) ) ;
#1796 = DIRECTION ( 'NONE',  ( 0.8276889981568877896, 0.000000000000000000, -0.5611870653623862726 ) ) ;
#1797 = ORIENTED_EDGE ( 'NONE', *, *, #1632, .T. ) ;
#1798 = AXIS2_PLACEMENT_3D ( 'NONE', #3858, #3108, #4238 ) ;
#1799 = CARTESIAN_POINT ( 'NONE',  ( 0.000000000000000000, -5.000000000000000000, 0.000000000000000000 ) ) ;
#1800 = ORIENTED_EDGE ( 'NONE', *, *, #2176, .T. ) ;
#1801 = CIRCLE ( 'NONE', #3810, 19.87399999999006184 ) ;
#1802 = CIRCLE ( 'NONE', #160, 19.87399999999006894 ) ;
#1803 = CYLINDRICAL_SURFACE ( 'NONE', #4120, 8.699999999995647215 ) ;
#1804 = AXIS2_PLACEMENT_3D ( 'NONE', #14, #2739, #3469 ) ;
#1805 = CIRCLE ( 'NONE', #1435, 19.87399999999006539 ) ;
#1806 = LINE ( 'NONE', #4167, #2089 ) ;
#1807 = EDGE_CURVE ( 'NONE', #4307, #1063, #1484, .T. ) ;
#1808 = ORIENTED_EDGE ( 'NONE', *, *, #2114, .T. ) ;
#1809 = AXIS2_PLACEMENT_3D ( 'NONE', #3662, #1234, #2282 ) ;
#1810 = ORIENTED_EDGE ( 'NONE', *, *, #3579, .F. ) ;
#1811 = CIRCLE ( 'NONE', #2187, 8.699999999995648992 ) ;
#1812 = DIRECTION ( 'NONE',  ( 0.000000000000000000, -1.000000000000000000, -0.000000000000000000 ) ) ;
#1813 = ADVANCED_FACE ( 'NONE', ( #3308 ), #1803, .T. ) ;
#1814 = CARTESIAN_POINT ( 'NONE',  ( 19.87696855345151192, -5.000000000000000000, -4.757186241094032653 ) ) ;
#1815 = AXIS2_PLACEMENT_3D ( 'NONE', #4304, #2162, #4624 ) ;
#1816 = AXIS2_PLACEMENT_3D ( 'NONE', #1276, #1976, #3406 ) ;
#1817 = ORIENTED_EDGE ( 'NONE', *, *, #695, .F. ) ;
#1818 = CARTESIAN_POINT ( 'NONE',  ( -17.70210396656885976, -5.000000000000000000, -10.21568475258225739 ) ) ;
#1819 = ORIENTED_EDGE ( 'NONE', *, *, #1858, .T. ) ;
#1820 = AXIS2_PLACEMENT_3D ( 'NONE', #3201, #2065, #3494 ) ;
#1821 = DIRECTION ( 'NONE',  ( -0.000000000000000000, -1.000000000000000000, 0.000000000000000000 ) ) ;
#1822 = ORIENTED_EDGE ( 'NONE', *, *, #4406, .F. ) ;
#1823 = LINE ( 'NONE', #373, #4224 ) ;
#1824 = AXIS2_PLACEMENT_3D ( 'NONE', #3903, #3931, #699 ) ;
#1825 = DIRECTION ( 'NONE',  ( 0.000000000000000000, -1.000000000000000000, -0.000000000000000000 ) ) ;
#1826 = DIRECTION ( 'NONE',  ( 0.000000000000000000, -1.000000000000000000, -0.000000000000000000 ) ) ;
#1827 = ORIENTED_EDGE ( 'NONE', *, *, #4415, .F. ) ;
#1828 = VECTOR ( 'NONE', #1271, 1000.000000000000000 ) ;
#1829 = ADVANCED_FACE ( 'NONE', ( #3608 ), #4011, .T. ) ;
#1830 = DIRECTION ( 'NONE',  ( 0.000000000000000000, -1.000000000000000000, 0.000000000000000000 ) ) ;
#1831 = ORIENTED_EDGE ( 'NONE', *, *, #1807, .F. ) ;
#1832 = CIRCLE ( 'NONE', #2207, 8.699999999995650768 ) ;
#1833 = VECTOR ( 'NONE', #3873, 1000.000000000000000 ) ;
#1834 = VERTEX_POINT ( 'NONE', #820 ) ;
#1835 = LINE ( 'NONE', #474, #3442 ) ;
#1836 = EDGE_CURVE ( 'NONE', #1834, #407, #2245, .T. ) ;
#1837 = ORIENTED_EDGE ( 'NONE', *, *, #4415, .T. ) ;
#1838 = ORIENTED_EDGE ( 'NONE', *, *, #1977, .F. ) ;
#1839 = LINE ( 'NONE', #3655, #3612 ) ;
#1840 = DIRECTION ( 'NONE',  ( -0.000000000000000000, 1.000000000000000000, -0.000000000000000000 ) ) ;
#1841 = VERTEX_POINT ( 'NONE', #1428 ) ;
#1842 = ADVANCED_FACE ( 'NONE', ( #4336 ), #1852, .T. ) ;
#1843 = LINE ( 'NONE', #3274, #3626 ) ;
#1844 = ORIENTED_EDGE ( 'NONE', *, *, #2147, .T. ) ;
#1845 = LINE ( 'NONE', #1042, #3745 ) ;
#1846 = VERTEX_POINT ( 'NONE', #1776 ) ;
#1847 = DIRECTION ( 'NONE',  ( -0.000000000000000000, 1.000000000000000000, -0.000000000000000000 ) ) ;
#1848 = EDGE_CURVE ( 'NONE', #2058, #4017, #799, .T. ) ;
#1849 = DIRECTION ( 'NONE',  ( -0.000000000000000000, 1.000000000000000000, -0.000000000000000000 ) ) ;
#1850 = FACE_OUTER_BOUND ( 'NONE', #3713, .T. ) ;
#1851 = VERTEX_POINT ( 'NONE', #60 ) ;
#1852 = CYLINDRICAL_SURFACE ( 'NONE', #2630, 23.25000000000000000 ) ;
#1853 = ORIENTED_EDGE ( 'NONE', *, *, #412, .T. ) ;
#1854 = DIRECTION ( 'NONE',  ( -0.000000000000000000, -1.000000000000000000, -0.000000000000000000 ) ) ;
#1855 = ORIENTED_EDGE ( 'NONE', *, *, #207, .T. ) ;
#1856 = LINE ( 'NONE', #83, #246 ) ;
#1858 = EDGE_CURVE ( 'NONE', #1360, #4164, #729, .T. ) ;
#1857 = DIRECTION ( 'NONE',  ( 0.000000000000000000, 1.000000000000000000, 0.000000000000000000 ) ) ;
#1859 = ORIENTED_EDGE ( 'NONE', *, *, #1391, .F. ) ;
#1860 = DIRECTION ( 'NONE',  ( -0.000000000000000000, -1.000000000000000000, -0.000000000000000000 ) ) ;
#1861 = VERTEX_POINT ( 'NONE', #3212 ) ;
#1862 = DIRECTION ( 'NONE',  ( 0.000000000000000000, 0.000000000000000000, 1.000000000000000000 ) ) ;
#1863 = VERTEX_POINT ( 'NONE', #37 ) ;
#1864 = CARTESIAN_POINT ( 'NONE',  ( 9.242329982407264666, 5.000000000000000000, -18.22920832904299004 ) ) ;
#1865 = DIRECTION ( 'NONE',  ( 0.9868265225415253639, 0.000000000000000000, -0.1617819965527684811 ) ) ;
#1866 = LINE ( 'NONE', #772, #1206 ) ;
#1867 = ORIENTED_EDGE ( 'NONE', *, *, #2642, .F. ) ;
#1868 = EDGE_CURVE ( 'NONE', #2476, #870, #1887, .T. ) ;
#1869 = CARTESIAN_POINT ( 'NONE',  ( 16.30783065349354999, 0.000000000000000000, -16.57157685245963918 ) ) ;
#1870 = ADVANCED_FACE ( 'NONE', ( #1152 ), #2510, .T. ) ;
#1871 = ORIENTED_EDGE ( 'NONE', *, *, #4270, .F. ) ;
#1872 = CARTESIAN_POINT ( 'NONE',  ( 0.000000000000000000, -5.000000000000000000, 0.000000000000000000 ) ) ;
#1873 = EDGE_CURVE ( 'NONE', #526, #29, #846, .T. ) ;
#1874 = AXIS2_PLACEMENT_3D ( 'NONE', #1222, #2647, #533 ) ;
#1875 = CIRCLE ( 'NONE', #2621, 19.87399999999006539 ) ;
#1876 = ORIENTED_EDGE ( 'NONE', *, *, #1111, .T. ) ;
#1877 = CIRCLE ( 'NONE', #833, 23.25000000000000000 ) ;
#1878 = DIRECTION ( 'NONE',  ( -0.000000000000000000, 1.000000000000000000, -0.000000000000000000 ) ) ;
#1879 = DIRECTION ( 'NONE',  ( 0.000000000000000000, -1.000000000000000000, 0.000000000000000000 ) ) ;
#1880 = ORIENTED_EDGE ( 'NONE', *, *, #3839, .T. ) ;
#1881 = AXIS2_PLACEMENT_3D ( 'NONE', #2048, #3404, #940 ) ;
#1882 = AXIS2_PLACEMENT_3D ( 'NONE', #4206, #320, #587 ) ;
#1883 = CARTESIAN_POINT ( 'NONE',  ( 15.66438505440642359, 0.000000000000000000, -17.18108089927081750 ) ) ;
#1884 = EDGE_LOOP ( 'NONE', ( #2983, #4515, #3049, #952 ) ) ;
#1885 = DIRECTION ( 'NONE',  ( -0.000000000000000000, 1.000000000000000000, -0.000000000000000000 ) ) ;
#1886 = VECTOR ( 'NONE', #2538, 1000.000000000000000 ) ;
#1887 = CIRCLE ( 'NONE', #28, 19.87399999999006539 ) ;
#1888 = ORIENTED_EDGE ( 'NONE', *, *, #4444, .F. ) ;
#1889 = CARTESIAN_POINT ( 'NONE',  ( 9.358458750909923296, 5.000000000000000000, 21.28336791505324044 ) ) ;
#1890 = CYLINDRICAL_SURFACE ( 'NONE', #3091, 8.699999999995645439 ) ;
#1891 = AXIS2_PLACEMENT_3D ( 'NONE', #873, #3466, #1661 ) ;
#1892 = CARTESIAN_POINT ( 'NONE',  ( 20.74549727965184687, 5.000000000000000000, 10.49699207487352837 ) ) ;
#1893 = ADVANCED_FACE ( 'NONE', ( #3983 ), #433, .T. ) ;
#1894 = EDGE_LOOP ( 'NONE', ( #3016, #864, #3813, #2829 ) ) ;
#1895 = DIRECTION ( 'NONE',  ( -0.000000000000000000, -1.000000000000000000, 0.000000000000000000 ) ) ;
#1896 = AXIS2_PLACEMENT_3D ( 'NONE', #955, #1983, #2652 ) ;
#1897 = CARTESIAN_POINT ( 'NONE',  ( -14.68674316162207383, 5.000000000000000000, -13.38937830162970144 ) ) ;
#1898 = CIRCLE ( 'NONE', #2271, 8.699999999995645439 ) ;
#1899 = CARTESIAN_POINT ( 'NONE',  ( 14.42053082845884049, 5.000000000000000000, 18.23762020180999954 ) ) ;
#1900 = EDGE_CURVE ( 'NONE', #1177, #954, #1446, .T. ) ;
#1901 = CIRCLE ( 'NONE', #1747, 19.87399999999006894 ) ;
#1902 = AXIS2_PLACEMENT_3D ( 'NONE', #446, #2240, #3666 ) ;
#1903 = EDGE_LOOP ( 'NONE', ( #3215, #123, #3369, #228 ) ) ;
#1904 = CIRCLE ( 'NONE', #3844, 23.25000000000000000 ) ;
#1905 = DIRECTION ( 'NONE',  ( 0.000000000000000000, -1.000000000000000000, 0.000000000000000000 ) ) ;
#1906 = DIRECTION ( 'NONE',  ( 0.000000000000000000, -1.000000000000000000, 0.000000000000000000 ) ) ;
#1907 = ORIENTED_EDGE ( 'NONE', *, *, #1475, .T. ) ;
#1908 = DIRECTION ( 'NONE',  ( 0.000000000000000000, 0.000000000000000000, -1.000000000000000000 ) ) ;
#1909 = EDGE_LOOP ( 'NONE', ( #3482, #887, #4533, #1936 ) ) ;
#1910 = DIRECTION ( 'NONE',  ( -0.6051742151937556935, 0.000000000000000000, 0.7960930657056509707 ) ) ;
#1911 = DIRECTION ( 'NONE',  ( -0.9289767198167950824, 0.000000000000000000, -0.3701381553399053503 ) ) ;
#1912 = CARTESIAN_POINT ( 'NONE',  ( 12.00000000000000178, -5.000000000000000000, -4.189777606611760657E-14 ) ) ;
#1913 = ORIENTED_EDGE ( 'NONE', *, *, #2370, .F. ) ;
#1914 = ORIENTED_EDGE ( 'NONE', *, *, #3886, .T. ) ;
#1915 = DIRECTION ( 'NONE',  ( 0.000000000000000000, 1.000000000000000000, 0.000000000000000000 ) ) ;
#1916 = CYLINDRICAL_SURFACE ( 'NONE', #1232, 2.100000000000000089 ) ;
#1917 = CYLINDRICAL_SURFACE ( 'NONE', #3432, 23.25000000000000000 ) ;
#1918 = ORIENTED_EDGE ( 'NONE', *, *, #2535, .T. ) ;
#1919 = EDGE_CURVE ( 'NONE', #3536, #3991, #3632, .T. ) ;
#1920 = ORIENTED_EDGE ( 'NONE', *, *, #349, .T. ) ;
#1921 = CYLINDRICAL_SURFACE ( 'NONE', #1957, 2.099999999999999645 ) ;
#1922 = CARTESIAN_POINT ( 'NONE',  ( -12.00000000000000178, -5.000000000000000000, 2.100000000000125766 ) ) ;
#1923 = ORIENTED_EDGE ( 'NONE', *, *, #1742, .T. ) ;
#1924 = EDGE_CURVE ( 'NONE', #2605, #4168, #3314, .T. ) ;
#1925 = FACE_OUTER_BOUND ( 'NONE', #2352, .T. ) ;
#1926 = EDGE_CURVE ( 'NONE', #2313, #1774, #398, .T. ) ;
#1927 = DIRECTION ( 'NONE',  ( -0.1081190184239487484, 0.000000000000000000, -0.9941379571543588201 ) ) ;
#1928 = EDGE_LOOP ( 'NONE', ( #4600, #3760, #648, #399 ) ) ;
#1929 = DIRECTION ( 'NONE',  ( 0.000000000000000000, -1.000000000000000000, 0.000000000000000000 ) ) ;
#1930 = DIRECTION ( 'NONE',  ( 0.000000000000000000, -1.000000000000000000, 0.000000000000000000 ) ) ;
#1931 = ORIENTED_EDGE ( 'NONE', *, *, #323, .F. ) ;
#1932 = ORIENTED_EDGE ( 'NONE', *, *, #1551, .F. ) ;
#1933 = DIRECTION ( 'NONE',  ( 0.000000000000000000, -1.000000000000000000, -0.000000000000000000 ) ) ;
#1934 = DIRECTION ( 'NONE',  ( 0.000000000000000000, 0.000000000000000000, 1.000000000000000000 ) ) ;
#1935 = LINE ( 'NONE', #575, #4044 ) ;
#1936 = ORIENTED_EDGE ( 'NONE', *, *, #2348, .F. ) ;
#1937 = AXIS2_PLACEMENT_3D ( 'NONE', #4598, #4246, #682 ) ;
#1938 = DIRECTION ( 'NONE',  ( -0.000000000000000000, -1.000000000000000000, 0.000000000000000000 ) ) ;
#1939 = CIRCLE ( 'NONE', #3373, 23.25000000000000000 ) ;
#1940 = CARTESIAN_POINT ( 'NONE',  ( 2.072761170959543708, 5.000000000000000000, -23.15742129703050978 ) ) ;
#1941 = ADVANCED_FACE ( 'NONE', ( #2887 ), #4317, .T. ) ;
#1942 = EDGE_CURVE ( 'NONE', #817, #667, #2532, .T. ) ;
#1943 = VERTEX_POINT ( 'NONE', #3603 ) ;
#1944 = VECTOR ( 'NONE', #3340, 1000.000000000000000 ) ;
#1945 = CARTESIAN_POINT ( 'NONE',  ( -18.00393607450827460, 0.000000000000000000, 14.71124691605098178 ) ) ;
#1946 = CIRCLE ( 'NONE', #1212, 19.87399999999006184 ) ;
#1947 = CYLINDRICAL_SURFACE ( 'NONE', #2125, 23.25000000000000000 ) ;
#1948 = DIRECTION ( 'NONE',  ( 0.000000000000000000, 0.000000000000000000, 1.000000000000000000 ) ) ;
#1949 = AXIS2_PLACEMENT_3D ( 'NONE', #992, #4532, #1301 ) ;
#1950 = ORIENTED_EDGE ( 'NONE', *, *, #3427, .F. ) ;
#1951 = CARTESIAN_POINT ( 'NONE',  ( 0.000000000000000000, -5.000000000000000000, 0.000000000000000000 ) ) ;
#1952 = DIRECTION ( 'NONE',  ( -0.7621620551276288014, 0.000000000000000000, 0.6473862847818367960 ) ) ;
#1953 = AXIS2_PLACEMENT_3D ( 'NONE', #876, #1209, #1908 ) ;
#1954 = CARTESIAN_POINT ( 'NONE',  ( 0.000000000000000000, -5.000000000000000000, 0.000000000000000000 ) ) ;
#1955 = VERTEX_POINT ( 'NONE', #2205 ) ;
#1956 = ADVANCED_FACE ( 'NONE', ( #1481 ), #2905, .T. ) ;
#1957 = AXIS2_PLACEMENT_3D ( 'NONE', #2213, #1878, #129 ) ;
#1958 = AXIS2_PLACEMENT_3D ( 'NONE', #1623, #3125, #3447 ) ;
#1959 = AXIS2_PLACEMENT_3D ( 'NONE', #2730, #4162, #1677 ) ;
#1960 = ORIENTED_EDGE ( 'NONE', *, *, #4616, .T. ) ;
#1961 = ADVANCED_FACE ( 'NONE', ( #2832 ), #4261, .T. ) ;
#1962 = DIRECTION ( 'NONE',  ( -0.000000000000000000, 1.000000000000000000, -0.000000000000000000 ) ) ;
#1963 = AXIS2_PLACEMENT_3D ( 'NONE', #998, #3500, #3185 ) ;
#1964 = ADVANCED_FACE ( 'NONE', ( #1548 ), #866, .T. ) ;
#1965 = CIRCLE ( 'NONE', #781, 8.699999999995647215 ) ;
#1966 = DIRECTION ( 'NONE',  ( 0.9289767198167897533, 0.000000000000000000, -0.3701381553399183399 ) ) ;
#1967 = ORIENTED_EDGE ( 'NONE', *, *, #2961, .F. ) ;
#1968 = AXIS2_PLACEMENT_3D ( 'NONE', #769, #913, #1910 ) ;
#1969 = CIRCLE ( 'NONE', #4075, 23.25000000000000000 ) ;
#1970 = DIRECTION ( 'NONE',  ( -0.000000000000000000, -1.000000000000000000, -0.000000000000000000 ) ) ;
#1971 = EDGE_CURVE ( 'NONE', #3614, #1659, #4093, .T. ) ;
#1972 = DIRECTION ( 'NONE',  ( 0.000000000000000000, -1.000000000000000000, -0.000000000000000000 ) ) ;
#1973 = DIRECTION ( 'NONE',  ( 0.000000000000000000, 0.000000000000000000, 1.000000000000000000 ) ) ;
#1974 = CARTESIAN_POINT ( 'NONE',  ( 0.000000000000000000, 5.000000000000000000, 0.000000000000000000 ) ) ;
#1975 = ORIENTED_EDGE ( 'NONE', *, *, #547, .F. ) ;
#1976 = DIRECTION ( 'NONE',  ( -0.000000000000000000, 1.000000000000000000, -0.000000000000000000 ) ) ;
#1977 = EDGE_CURVE ( 'NONE', #4263, #1472, #1195, .T. ) ;
#1978 = DIRECTION ( 'NONE',  ( 0.000000000000000000, -1.000000000000000000, 0.000000000000000000 ) ) ;
#1979 = CARTESIAN_POINT ( 'NONE',  ( 17.87454475682790189, -5.000000000000000000, -8.687722701362034172 ) ) ;
#1980 = DIRECTION ( 'NONE',  ( 0.000000000000000000, 0.000000000000000000, 1.000000000000000000 ) ) ;
#1981 = EDGE_LOOP ( 'NONE', ( #2915, #3504, #2184, #4617 ) ) ;
#1982 = ORIENTED_EDGE ( 'NONE', *, *, #2979, .T. ) ;
#1983 = DIRECTION ( 'NONE',  ( 0.000000000000000000, -1.000000000000000000, -0.000000000000000000 ) ) ;
#1984 = DIRECTION ( 'NONE',  ( -0.000000000000000000, 1.000000000000000000, -0.000000000000000000 ) ) ;
#1985 = CYLINDRICAL_SURFACE ( 'NONE', #4306, 23.25000000000000000 ) ;
#1986 = ORIENTED_EDGE ( 'NONE', *, *, #4365, .F. ) ;
#1987 = DIRECTION ( 'NONE',  ( 0.7621620551276377942, 0.000000000000000000, 0.6473862847818262489 ) ) ;
#1988 = EDGE_CURVE ( 'NONE', #3869, #2026, #4499, .T. ) ;
#1989 = ADVANCED_FACE ( 'NONE', ( #881 ), #470, .T. ) ;
#1990 = CARTESIAN_POINT ( 'NONE',  ( -14.42053082845859002, 0.000000000000000000, 18.23762020181019139 ) ) ;
#1991 = CARTESIAN_POINT ( 'NONE',  ( 5.681495643958737851, -5.000000000000000000, 19.04459196851649594 ) ) ;
#1992 = CARTESIAN_POINT ( 'NONE',  ( -18.70907146042775793, 5.000000000000000000, 6.704216664772438605 ) ) ;
#1993 = ORIENTED_EDGE ( 'NONE', *, *, #2964, .F. ) ;
#1994 = CARTESIAN_POINT ( 'NONE',  ( 0.000000000000000000, -5.000000000000000000, 0.000000000000000000 ) ) ;
#1995 = DIRECTION ( 'NONE',  ( -0.8276889981568954502, 0.000000000000000000, -0.5611870653623752814 ) ) ;
#1996 = CARTESIAN_POINT ( 'NONE',  ( -4.950282533840406174, 5.000000000000000000, -19.24761228918433176 ) ) ;
#1997 = DIRECTION ( 'NONE',  ( 0.9635499925192235748, 0.000000000000000000, 0.2675283385292181459 ) ) ;
#1998 = ORIENTED_EDGE ( 'NONE', *, *, #2147, .F. ) ;
#1999 = ORIENTED_EDGE ( 'NONE', *, *, #2320, .F. ) ;
#2000 = ADVANCED_FACE ( 'NONE', ( #3714 ), #4420, .T. ) ;
#2001 = EDGE_CURVE ( 'NONE', #1483, #2651, #2485, .T. ) ;
#2002 = DIRECTION ( 'NONE',  ( -0.000000000000000000, 1.000000000000000000, -0.000000000000000000 ) ) ;
#2003 = CARTESIAN_POINT ( 'NONE',  ( -17.87454475682800847, -5.000000000000000000, -8.687722701361810351 ) ) ;
#2004 = EDGE_LOOP ( 'NONE', ( #1588, #3265, #1332, #1777 ) ) ;
#2005 = DIRECTION ( 'NONE',  ( 0.000000000000000000, 0.000000000000000000, 1.000000000000000000 ) ) ;
#2006 = FACE_OUTER_BOUND ( 'NONE', #4312, .T. ) ;
#2007 = DIRECTION ( 'NONE',  ( 0.000000000000000000, 1.000000000000000000, 0.000000000000000000 ) ) ;
#2008 = VERTEX_POINT ( 'NONE', #4051 ) ;
#2009 = AXIS2_PLACEMENT_3D ( 'NONE', #905, #4055, #3717 ) ;
#2010 = DIRECTION ( 'NONE',  ( -0.000000000000000000, -1.000000000000000000, 0.000000000000000000 ) ) ;
#2011 = AXIS2_PLACEMENT_3D ( 'NONE', #2665, #3037, #4113 ) ;
#2012 = AXIS2_PLACEMENT_3D ( 'NONE', #2604, #1906, #131 ) ;
#2013 = SURFACE_STYLE_USAGE ( .BOTH. , #271 ) ;
#2014 = CYLINDRICAL_SURFACE ( 'NONE', #393, 19.87399999999006184 ) ;
#2015 = CYLINDRICAL_SURFACE ( 'NONE', #4359, 23.25000000000000000 ) ;
#2016 = CIRCLE ( 'NONE', #2251, 8.699999999995652544 ) ;
#2017 = CIRCLE ( 'NONE', #2395, 19.87399999999006539 ) ;
#2018 = ORIENTED_EDGE ( 'NONE', *, *, #1490, .F. ) ;
#2019 = ADVANCED_FACE ( 'NONE', ( #1256 ), #3732, .T. ) ;
#2020 = CARTESIAN_POINT ( 'NONE',  ( 0.000000000000000000, 5.000000000000000000, 0.000000000000000000 ) ) ;
#2021 = EDGE_CURVE ( 'NONE', #1124, #2377, #2268, .T. ) ;
#2022 = CARTESIAN_POINT ( 'NONE',  ( 0.000000000000000000, -5.000000000000000000, 0.000000000000000000 ) ) ;
#2023 = VECTOR ( 'NONE', #2168, 1000.000000000000000 ) ;
#2024 = CIRCLE ( 'NONE', #3820, 19.87399999999006184 ) ;
#2025 = CARTESIAN_POINT ( 'NONE',  ( -18.70284328263641882, -5.000000000000000000, 8.241865865961189641 ) ) ;
#2026 = VERTEX_POINT ( 'NONE', #162 ) ;
#2027 = ORIENTED_EDGE ( 'NONE', *, *, #3247, .F. ) ;
#2028 = CARTESIAN_POINT ( 'NONE',  ( 3.589107883145656874, 5.000000000000000000, -19.54722948662410431 ) ) ;
#2029 = AXIS2_PLACEMENT_3D ( 'NONE', #2321, #3120, #245 ) ;
#2030 = CIRCLE ( 'NONE', #33, 8.699999999995647215 ) ;
#2031 = CARTESIAN_POINT ( 'NONE',  ( 19.79492089438828373, -5.000000000000000000, -1.771152953450214174 ) ) ;
#2032 = EDGE_CURVE ( 'NONE', #3302, #2033, #1609, .T. ) ;
#2033 = VERTEX_POINT ( 'NONE', #3696 ) ;
#2034 = FACE_OUTER_BOUND ( 'NONE', #754, .T. ) ;
#2035 = FACE_OUTER_BOUND ( 'NONE', #3937, .T. ) ;
#2036 = CARTESIAN_POINT ( 'NONE',  ( 19.32425140702118682, -5.000000000000000000, -4.642109817512380943 ) ) ;
#2037 = CIRCLE ( 'NONE', #3755, 8.699999999995650768 ) ;
#2038 = DIRECTION ( 'NONE',  ( -0.000000000000000000, -1.000000000000000000, 0.000000000000000000 ) ) ;
#2039 = ORIENTED_EDGE ( 'NONE', *, *, #4111, .F. ) ;
#2040 = ORIENTED_EDGE ( 'NONE', *, *, #1919, .F. ) ;
#2041 = CIRCLE ( 'NONE', #4368, 8.699999999995647215 ) ;
#2042 = AXIS2_PLACEMENT_3D ( 'NONE', #3690, #862, #430 ) ;
#2043 = DIRECTION ( 'NONE',  ( -0.000000000000000000, -1.000000000000000000, -0.000000000000000000 ) ) ;
#2044 = AXIS2_PLACEMENT_3D ( 'NONE', #4183, #1325, #2748 ) ;
#2045 = AXIS2_PLACEMENT_3D ( 'NONE', #764, #2216, #1576 ) ;
#2046 = DIRECTION ( 'NONE',  ( -0.000000000000000000, 1.000000000000000000, -0.000000000000000000 ) ) ;
#2047 = CARTESIAN_POINT ( 'NONE',  ( 0.000000000000000000, -5.000000000000000000, 0.000000000000000000 ) ) ;
#2048 = CARTESIAN_POINT ( 'NONE',  ( -20.27479121899671810, -5.000000000000000000, 2.580221082281170197 ) ) ;
#2049 = ORIENTED_EDGE ( 'NONE', *, *, #130, .T. ) ;
#2050 = DIRECTION ( 'NONE',  ( 0.5155538571770170719, 0.000000000000000000, -0.8568571761675920495 ) ) ;
#2051 = CARTESIAN_POINT ( 'NONE',  ( 9.901439139121102073, -5.000000000000000000, 17.87977076982911129 ) ) ;
#2052 = CARTESIAN_POINT ( 'NONE',  ( 8.972215365938000176, -5.000000000000000000, -17.73344939448699265 ) ) ;
#2053 = ORIENTED_EDGE ( 'NONE', *, *, #2802, .T. ) ;
#2054 = ORIENTED_EDGE ( 'NONE', *, *, #3362, .T. ) ;
#2055 = EDGE_CURVE ( 'NONE', #257, #2267, #1811, .T. ) ;
#2056 = CARTESIAN_POINT ( 'NONE',  ( -16.83045535880646071, -5.000000000000000000, 10.56937313253855315 ) ) ;
#2057 = DIRECTION ( 'NONE',  ( 0.000000000000000000, 0.000000000000000000, -1.000000000000000000 ) ) ;
#2058 = VERTEX_POINT ( 'NONE', #3305 ) ;
#2059 = CARTESIAN_POINT ( 'NONE',  ( 2.953859883737702585, -5.000000000000000000, -23.06159603729206609 ) ) ;
#2060 = EDGE_CURVE ( 'NONE', #1181, #3600, #3905, .T. ) ;
#2061 = CARTESIAN_POINT ( 'NONE',  ( 4.950282533840161037, 5.000000000000000000, -19.24761228918439571 ) ) ;
#2062 = CYLINDRICAL_SURFACE ( 'NONE', #3224, 23.25000000000000000 ) ;
#2063 = ORIENTED_EDGE ( 'NONE', *, *, #1695, .T. ) ;
#2064 = ORIENTED_EDGE ( 'NONE', *, *, #1453, .T. ) ;
#2065 = DIRECTION ( 'NONE',  ( 0.000000000000000000, 1.000000000000000000, -0.000000000000000000 ) ) ;
#2066 = EDGE_CURVE ( 'NONE', #493, #1681, #2024, .T. ) ;
#2067 = ADVANCED_FACE ( 'NONE', ( #99 ), #3350, .T. ) ;
#2068 = ADVANCED_FACE ( 'NONE', ( #141 ), #1218, .T. ) ;
#2069 = CARTESIAN_POINT ( 'NONE',  ( -16.83045535880646071, -5.000000000000000000, 10.56937313253855315 ) ) ;
#2070 = CARTESIAN_POINT ( 'NONE',  ( 18.95138111403043979, -5.000000000000000000, -5.985067240255158794 ) ) ;
#2071 = LINE ( 'NONE', #550, #3239 ) ;
#2072 = VERTEX_POINT ( 'NONE', #4077 ) ;
#2073 = DIRECTION ( 'NONE',  ( 0.000000000000000000, 1.000000000000000000, 0.000000000000000000 ) ) ;
#2074 = CARTESIAN_POINT ( 'NONE',  ( 0.6968799923040851496, -5.000000000000000000, -19.86177822542411064 ) ) ;
#2075 = DIRECTION ( 'NONE',  ( 0.000000000000000000, -1.000000000000000000, 0.000000000000000000 ) ) ;
#2076 = ORIENTED_EDGE ( 'NONE', *, *, #1061, .T. ) ;
#2077 = ORIENTED_EDGE ( 'NONE', *, *, #660, .F. ) ;
#2078 = DIRECTION ( 'NONE',  ( 0.000000000000000000, 1.000000000000000000, 0.000000000000000000 ) ) ;
#2079 = CARTESIAN_POINT ( 'NONE',  ( 0.000000000000000000, -5.000000000000000000, 4.250000000000000000 ) ) ;
#2080 = VERTEX_POINT ( 'NONE', #1589 ) ;
#2081 = CARTESIAN_POINT ( 'NONE',  ( 0.000000000000000000, 5.000000000000000000, 0.000000000000000000 ) ) ;
#2082 = DIRECTION ( 'NONE',  ( 0.000000000000000000, 0.000000000000000000, 1.000000000000000000 ) ) ;
#2083 = FACE_OUTER_BOUND ( 'NONE', #1928, .T. ) ;
#2084 = ORIENTED_EDGE ( 'NONE', *, *, #3427, .T. ) ;
#2085 = ORIENTED_EDGE ( 'NONE', *, *, #1160, .T. ) ;
#2086 = DIRECTION ( 'NONE',  ( 0.6051742151937661296, 0.000000000000000000, 0.7960930657056429771 ) ) ;
#2087 = DIRECTION ( 'NONE',  ( -0.000000000000000000, 1.000000000000000000, -0.000000000000000000 ) ) ;
#2088 = ADVANCED_FACE ( 'NONE', ( #3018 ), #1788, .T. ) ;
#2089 = VECTOR ( 'NONE', #1729, 1000.000000000000000 ) ;
#2090 = DIRECTION ( 'NONE',  ( -0.000000000000000000, 1.000000000000000000, -0.000000000000000000 ) ) ;
#2091 = CYLINDRICAL_SURFACE ( 'NONE', #1666, 19.87399999999006184 ) ;
#2092 = CARTESIAN_POINT ( 'NONE',  ( 0.000000000000000000, -5.000000000000000000, 0.000000000000000000 ) ) ;
#2093 = CIRCLE ( 'NONE', #676, 19.87399999999006894 ) ;
#2094 = VERTEX_POINT ( 'NONE', #1096 ) ;
#2095 = DIRECTION ( 'NONE',  ( -0.000000000000000000, 1.000000000000000000, -0.000000000000000000 ) ) ;
#2096 = CARTESIAN_POINT ( 'NONE',  ( 0.000000000000000000, -5.000000000000000000, 0.000000000000000000 ) ) ;
#2097 = CYLINDRICAL_SURFACE ( 'NONE', #2848, 19.87399999999006184 ) ;
#2098 = ORIENTED_EDGE ( 'NONE', *, *, #3673, .T. ) ;
#2099 = ORIENTED_EDGE ( 'NONE', *, *, #4388, .T. ) ;
#2100 = AXIS2_PLACEMENT_3D ( 'NONE', #890, #1264, #4432 ) ;
#2101 = DIRECTION ( 'NONE',  ( 0.000000000000000000, 0.000000000000000000, 1.000000000000000000 ) ) ;
#2102 = DIRECTION ( 'NONE',  ( -0.000000000000000000, -1.000000000000000000, 0.000000000000000000 ) ) ;
#2103 = AXIS2_PLACEMENT_3D ( 'NONE', #2384, #981, #3811 ) ;
#2104 = AXIS2_PLACEMENT_3D ( 'NONE', #4384, #1178, #4032 ) ;
#2105 = ORIENTED_EDGE ( 'NONE', *, *, #2979, .F. ) ;
#2106 = DIRECTION ( 'NONE',  ( -0.2149704402110114432, 0.000000000000000000, 0.9766205557100895440 ) ) ;
#2107 = EDGE_CURVE ( 'NONE', #278, #3428, #3072, .T. ) ;
#2108 = AXIS2_PLACEMENT_3D ( 'NONE', #2, #4234, #3520 ) ;
#2109 = AXIS2_PLACEMENT_3D ( 'NONE', #1528, #2956, #4030 ) ;
#2110 = DIRECTION ( 'NONE',  ( -0.000000000000000000, 1.000000000000000000, 0.000000000000000000 ) ) ;
#2111 = CARTESIAN_POINT ( 'NONE',  ( -10.83694299684526108, -5.000000000000000000, 16.65942803588200860 ) ) ;
#2112 = ORIENTED_EDGE ( 'NONE', *, *, #4447, .T. ) ;
#2113 = CIRCLE ( 'NONE', #3163, 8.699999999995647215 ) ;
#2114 = EDGE_CURVE ( 'NONE', #1851, #1425, #4136, .T. ) ;
#2115 = ORIENTED_EDGE ( 'NONE', *, *, #1977, .T. ) ;
#2116 = DIRECTION ( 'NONE',  ( 0.000000000000000000, 1.000000000000000000, 0.000000000000000000 ) ) ;
#2117 = DIRECTION ( 'NONE',  ( 0.000000000000000000, 1.000000000000000000, -0.000000000000000000 ) ) ;
#2118 = DIRECTION ( 'NONE',  ( 0.000000000000000000, 0.000000000000000000, 1.000000000000000000 ) ) ;
#2119 = AXIS2_PLACEMENT_3D ( 'NONE', #2331, #3501, #276 ) ;
#2120 = CYLINDRICAL_SURFACE ( 'NONE', #468, 8.699999999995647215 ) ;
#2121 = DIRECTION ( 'NONE',  ( -0.000000000000000000, 1.000000000000000000, -0.000000000000000000 ) ) ;
#2122 = CIRCLE ( 'NONE', #4512, 8.699999999995650768 ) ;
#2123 = EDGE_CURVE ( 'NONE', #2140, #3011, #2259, .T. ) ;
#2124 = ORIENTED_EDGE ( 'NONE', *, *, #3195, .T. ) ;
#2125 = AXIS2_PLACEMENT_3D ( 'NONE', #1605, #3568, #3518 ) ;
#2126 = CARTESIAN_POINT ( 'NONE',  ( -12.00000000000000178, -5.000000000000000000, -2.099999999999873967 ) ) ;
#2127 = CARTESIAN_POINT ( 'NONE',  ( -10.16283758813906068, -5.000000000000000000, 20.91122263659176284 ) ) ;
#2128 = CIRCLE ( 'NONE', #117, 8.699999999995650768 ) ;
#2129 = DIRECTION ( 'NONE',  ( 0.9985334138511240409, 0.000000000000000000, 0.05413890858541428597 ) ) ;
#2130 = ORIENTED_EDGE ( 'NONE', *, *, #2060, .T. ) ;
#2132 = ORIENTED_EDGE ( 'NONE', *, *, #3688, .T. ) ;
#2131 = AXIS2_PLACEMENT_3D ( 'NONE', #2845, #4232, #640 ) ;
#2133 = ADVANCED_FACE ( 'NONE', ( #2495 ), #1767, .T. ) ;
#2134 = DIRECTION ( 'NONE',  ( -0.9985334138511233748, 0.000000000000000000, 0.05413890858542822621 ) ) ;
#2135 = ORIENTED_EDGE ( 'NONE', *, *, #2487, .T. ) ;
#2136 = VERTEX_POINT ( 'NONE', #4508 ) ;
#2137 = DIRECTION ( 'NONE',  ( 0.000000000000000000, -1.000000000000000000, -0.000000000000000000 ) ) ;
#2138 = CYLINDRICAL_SURFACE ( 'NONE', #1358, 23.25000000000000000 ) ;
#2139 = DIRECTION ( 'NONE',  ( -0.000000000000000000, 1.000000000000000000, 0.000000000000000000 ) ) ;
#2140 = VERTEX_POINT ( 'NONE', #368 ) ;
#2141 = EDGE_LOOP ( 'NONE', ( #2582, #965, #3693, #201 ) ) ;
#2142 = CARTESIAN_POINT ( 'NONE',  ( 14.16486587031516819, 5.000000000000000000, 13.94031745964149671 ) ) ;
#2143 = DIRECTION ( 'NONE',  ( -0.000000000000000000, -1.000000000000000000, -0.000000000000000000 ) ) ;
#2144 = LINE ( 'NONE', #2069, #1833 ) ;
#2145 = VERTEX_POINT ( 'NONE', #1416 ) ;
#2146 = ADVANCED_FACE ( 'NONE', ( #1645 ), #316, .T. ) ;
#2147 = EDGE_CURVE ( 'NONE', #2387, #345, #1305, .T. ) ;
#2148 = CARTESIAN_POINT ( 'NONE',  ( 19.32425140702118682, -5.000000000000000000, -4.642109817512380943 ) ) ;
#2149 = ORIENTED_EDGE ( 'NONE', *, *, #2811, .T. ) ;
#2150 = CARTESIAN_POINT ( 'NONE',  ( 12.94499038266721413, 5.000000000000000000, -15.81619182357144382 ) ) ;
#2151 = DIRECTION ( 'NONE',  ( -0.000000000000000000, 1.000000000000000000, 0.000000000000000000 ) ) ;
#2152 = DIRECTION ( 'NONE',  ( 0.7621620551276374611, 0.000000000000000000, 0.6473862847818262489 ) ) ;
#2153 = ORIENTED_EDGE ( 'NONE', *, *, #1873, .F. ) ;
#2154 = EDGE_LOOP ( 'NONE', ( #936, #4091, #1770, #2186 ) ) ;
#2155 = DIRECTION ( 'NONE',  ( 0.000000000000000000, 0.000000000000000000, 1.000000000000000000 ) ) ;
#2156 = ORIENTED_EDGE ( 'NONE', *, *, #1551, .T. ) ;
#2157 = DIRECTION ( 'NONE',  ( 1.000000000000000000, 0.000000000000000000, -3.491481338843133750E-15 ) ) ;
#2158 = ADVANCED_FACE ( 'NONE', ( #3202 ), #4603, .F. ) ;
#2159 = DIRECTION ( 'NONE',  ( 0.000000000000000000, 0.000000000000000000, 1.000000000000000000 ) ) ;
#2160 = EDGE_LOOP ( 'NONE', ( #2623, #2039, #3682, #3214 ) ) ;
#2161 = EDGE_LOOP ( 'NONE', ( #2235, #96, #1226, #534 ) ) ;
#2162 = DIRECTION ( 'NONE',  ( 0.000000000000000000, -1.000000000000000000, 0.000000000000000000 ) ) ;
#2163 = CARTESIAN_POINT ( 'NONE',  ( -20.43491049491754552, -5.000000000000000000, -0.3730051903971902671 ) ) ;
#2164 = EDGE_LOOP ( 'NONE', ( #2305, #1033, #2403, #3769 ) ) ;
#2165 = LINE ( 'NONE', #3548, #4596 ) ;
#2166 = ORIENTED_EDGE ( 'NONE', *, *, #498, .F. ) ;
#2167 = EDGE_CURVE ( 'NONE', #1841, #4010, #3670, .T. ) ;
#2168 = DIRECTION ( 'NONE',  ( -0.000000000000000000, -1.000000000000000000, 0.000000000000000000 ) ) ;
#2169 = ORIENTED_EDGE ( 'NONE', *, *, #2722, .F. ) ;
#2170 = AXIS2_PLACEMENT_3D ( 'NONE', #675, #2102, #2434 ) ;
#2171 = DIRECTION ( 'NONE',  ( 0.000000000000000000, 0.000000000000000000, -1.000000000000000000 ) ) ;
#2172 = CARTESIAN_POINT ( 'NONE',  ( 0.000000000000000000, -5.000000000000000000, 0.000000000000000000 ) ) ;
#2173 = DIRECTION ( 'NONE',  ( 0.000000000000000000, -1.000000000000000000, -0.000000000000000000 ) ) ;
#2174 = ORIENTED_EDGE ( 'NONE', *, *, #3478, .F. ) ;
#2175 = CIRCLE ( 'NONE', #1347, 8.699999999995650768 ) ;
#2176 = EDGE_CURVE ( 'NONE', #832, #4546, #3517, .T. ) ;
#2177 = DIRECTION ( 'NONE',  ( 0.000000000000000000, -1.000000000000000000, 0.000000000000000000 ) ) ;
#2178 = ORIENTED_EDGE ( 'NONE', *, *, #1778, .F. ) ;
#2179 = VECTOR ( 'NONE', #3359, 1000.000000000000000 ) ;
#2180 = CARTESIAN_POINT ( 'NONE',  ( 7.217226936875296595, -5.000000000000000000, 19.12161957442402738 ) ) ;
#2181 = VECTOR ( 'NONE', #1984, 1000.000000000000000 ) ;
#2182 = AXIS2_PLACEMENT_3D ( 'NONE', #3268, #63, #2889 ) ;
#2183 = ADVANCED_FACE ( 'NONE', ( #1066 ), #3223, .T. ) ;
#2184 = ORIENTED_EDGE ( 'NONE', *, *, #1411, .T. ) ;
#2185 = VECTOR ( 'NONE', #504, 1000.000000000000000 ) ;
#2186 = ORIENTED_EDGE ( 'NONE', *, *, #2021, .F. ) ;
#2187 = AXIS2_PLACEMENT_3D ( 'NONE', #4463, #818, #900 ) ;
#2188 = CYLINDRICAL_SURFACE ( 'NONE', #2263, 23.25000000000000000 ) ;
#2189 = EDGE_CURVE ( 'NONE', #850, #1141, #1354, .T. ) ;
#2190 = CARTESIAN_POINT ( 'NONE',  ( 19.87037753878501078, -5.000000000000000000, -0.3794370379303422802 ) ) ;
#2191 = AXIS2_PLACEMENT_3D ( 'NONE', #1187, #461, #4393 ) ;
#2192 = VERTEX_POINT ( 'NONE', #3074 ) ;
#2193 = DIRECTION ( 'NONE',  ( -0.8835120444460178302, 0.000000000000000000, 0.4684084406997997552 ) ) ;
#2194 = ORIENTED_EDGE ( 'NONE', *, *, #683, .T. ) ;
#2195 = AXIS2_PLACEMENT_3D ( 'NONE', #1688, #3378, #2383 ) ;
#2196 = CARTESIAN_POINT ( 'NONE',  ( -22.27991327221005591, -5.000000000000000000, 6.645898327750606072 ) ) ;
#2197 = VERTEX_POINT ( 'NONE', #942 ) ;
#2198 = AXIS2_PLACEMENT_3D ( 'NONE', #2639, #837, #3330 ) ;
#2199 = CARTESIAN_POINT ( 'NONE',  ( 0.000000000000000000, 5.000000000000000000, 0.000000000000000000 ) ) ;
#2200 = CIRCLE ( 'NONE', #3458, 8.699999999995652544 ) ;
#2201 = DIRECTION ( 'NONE',  ( 0.000000000000000000, 0.000000000000000000, 1.000000000000000000 ) ) ;
#2202 = CARTESIAN_POINT ( 'NONE',  ( 0.000000000000000000, -5.000000000000000000, 0.000000000000000000 ) ) ;
#2203 = EDGE_LOOP ( 'NONE', ( #1633, #577, #4019, #1500 ) ) ;
#2204 = AXIS2_PLACEMENT_3D ( 'NONE', #51, #4276, #1417 ) ;
#2205 = CARTESIAN_POINT ( 'NONE',  ( -16.83045535880646071, 5.000000000000000000, 10.56937313253855315 ) ) ;
#2206 = ORIENTED_EDGE ( 'NONE', *, *, #3971, .T. ) ;
#2207 = AXIS2_PLACEMENT_3D ( 'NONE', #3206, #1477, #2901 ) ;
#2208 = CIRCLE ( 'NONE', #710, 2.099999999999999645 ) ;
#2209 = ORIENTED_EDGE ( 'NONE', *, *, #4496, .T. ) ;
#2210 = CARTESIAN_POINT ( 'NONE',  ( 7.002296713240348858, -5.000000000000000000, 18.59956227278880192 ) ) ;
#2211 = EDGE_CURVE ( 'NONE', #3614, #2026, #3974, .T. ) ;
#2212 = ORIENTED_EDGE ( 'NONE', *, *, #1235, .T. ) ;
#2213 = CARTESIAN_POINT ( 'NONE',  ( 0.000000000000000000, -5.000000000000000000, -12.00000000000000178 ) ) ;
#2214 = DIRECTION ( 'NONE',  ( 0.000000000000000000, 0.000000000000000000, 1.000000000000000000 ) ) ;
#2215 = ORIENTED_EDGE ( 'NONE', *, *, #605, .T. ) ;
#2216 = DIRECTION ( 'NONE',  ( 0.000000000000000000, -1.000000000000000000, 0.000000000000000000 ) ) ;
#2217 = EDGE_LOOP ( 'NONE', ( #150, #3868 ) ) ;
#2218 = EDGE_CURVE ( 'NONE', #161, #510, #2406, .T. ) ;
#2219 = ADVANCED_FACE ( 'NONE', ( #662 ), #3924, .T. ) ;
#2220 = CYLINDRICAL_SURFACE ( 'NONE', #1953, 23.25000000000000000 ) ;
#2221 = ORIENTED_EDGE ( 'NONE', *, *, #234, .F. ) ;
#2222 = ADVANCED_FACE ( 'NONE', ( #2873 ), #689, .T. ) ;
#2223 = DIRECTION ( 'NONE',  ( -0.000000000000000000, 1.000000000000000000, -0.000000000000000000 ) ) ;
#2224 = CARTESIAN_POINT ( 'NONE',  ( 0.000000000000000000, -5.000000000000000000, 0.000000000000000000 ) ) ;
#2225 = FACE_OUTER_BOUND ( 'NONE', #2526, .T. ) ;
#2226 = ORIENTED_EDGE ( 'NONE', *, *, #2998, .F. ) ;
#2227 = DIRECTION ( 'NONE',  ( -0.000000000000000000, -1.000000000000000000, -0.000000000000000000 ) ) ;
#2228 = VERTEX_POINT ( 'NONE', #1115 ) ;
#2229 = CARTESIAN_POINT ( 'NONE',  ( 12.00000000000000178, -5.000000000000000000, -4.189777606611760657E-14 ) ) ;
#2230 = ORIENTED_EDGE ( 'NONE', *, *, #3641, .F. ) ;
#2231 = CARTESIAN_POINT ( 'NONE',  ( -16.04829528322468590, -5.000000000000000000, 11.72297293787003802 ) ) ;
#2232 = CARTESIAN_POINT ( 'NONE',  ( 13.71495815577575605, 5.000000000000000000, 18.77398260320169499 ) ) ;
#2233 = ORIENTED_EDGE ( 'NONE', *, *, #2843, .F. ) ;
#2234 = CYLINDRICAL_SURFACE ( 'NONE', #185, 8.699999999995650768 ) ;
#2235 = ORIENTED_EDGE ( 'NONE', *, *, #3020, .F. ) ;
#2236 = FACE_OUTER_BOUND ( 'NONE', #1014, .T. ) ;
#2237 = ORIENTED_EDGE ( 'NONE', *, *, #1270, .T. ) ;
#2238 = EDGE_CURVE ( 'NONE', #2492, #4170, #1053, .T. ) ;
#2239 = CARTESIAN_POINT ( 'NONE',  ( 20.43491049491754552, -5.000000000000000000, -0.3730051903974591077 ) ) ;
#2240 = DIRECTION ( 'NONE',  ( 0.000000000000000000, 1.000000000000000000, 0.000000000000000000 ) ) ;
#2241 = FACE_OUTER_BOUND ( 'NONE', #3079, .T. ) ;
#2242 = ORIENTED_EDGE ( 'NONE', *, *, #2866, .T. ) ;
#2243 = CARTESIAN_POINT ( 'NONE',  ( 0.000000000000000000, 5.000000000000000000, 0.000000000000000000 ) ) ;
#2244 = LINE ( 'NONE', #3674, #4073 ) ;
#2245 = LINE ( 'NONE', #3240, #1515 ) ;
#2246 = VECTOR ( 'NONE', #2810, 1000.000000000000000 ) ;
#2247 = CIRCLE ( 'NONE', #4411, 19.87399999999006539 ) ;
#2248 = CIRCLE ( 'NONE', #4272, 23.25000000000000000 ) ;
#2249 = EDGE_CURVE ( 'NONE', #730, #2790, #48, .T. ) ;
#2250 = ORIENTED_EDGE ( 'NONE', *, *, #3701, .T. ) ;
#2251 = AXIS2_PLACEMENT_3D ( 'NONE', #2343, #3767, #562 ) ;
#2252 = CARTESIAN_POINT ( 'NONE',  ( -23.18769297019257536, -5.000000000000000000, 1.700998154050085587 ) ) ;
#2253 = CARTESIAN_POINT ( 'NONE',  ( 0.000000000000000000, 5.000000000000000000, 0.000000000000000000 ) ) ;
#2254 = EDGE_LOOP ( 'NONE', ( #2684, #86, #1654, #3267 ) ) ;
#2255 = VECTOR ( 'NONE', #3476, 1000.000000000000000 ) ;
#2256 = AXIS2_PLACEMENT_3D ( 'NONE', #1055, #3913, #1030 ) ;
#2257 = DIRECTION ( 'NONE',  ( 0.000000000000000000, 0.000000000000000000, 1.000000000000000000 ) ) ;
#2258 = CARTESIAN_POINT ( 'NONE',  ( 2.840230817817929410, -5.000000000000000000, 19.67000164974885124 ) ) ;
#2259 = CIRCLE ( 'NONE', #4204, 23.25000000000000000 ) ;
#2260 = ORIENTED_EDGE ( 'NONE', *, *, #3765, .T. ) ;
#2261 = CARTESIAN_POINT ( 'NONE',  ( -19.48738690117363959, 5.000000000000000000, 3.900977795831606976 ) ) ;
#2262 = DIRECTION ( 'NONE',  ( 0.000000000000000000, 0.000000000000000000, 1.000000000000000000 ) ) ;
#2263 = AXIS2_PLACEMENT_3D ( 'NONE', #805, #4367, #1182 ) ;
#2264 = DIRECTION ( 'NONE',  ( 0.000000000000000000, 0.000000000000000000, 1.000000000000000000 ) ) ;
#2265 = VERTEX_POINT ( 'NONE', #3250 ) ;
#2266 = EDGE_CURVE ( 'NONE', #3611, #3763, #3639, .T. ) ;
#2267 = VERTEX_POINT ( 'NONE', #2627 ) ;
#2268 = LINE ( 'NONE', #2328, #908 ) ;
#2269 = AXIS2_PLACEMENT_3D ( 'NONE', #4511, #225, #3757 ) ;
#2270 = LINE ( 'NONE', #3035, #3467 ) ;
#2271 = AXIS2_PLACEMENT_3D ( 'NONE', #962, #3519, #3773 ) ;
#2272 = CARTESIAN_POINT ( 'NONE',  ( 19.87037753878501078, 5.000000000000000000, -0.3794370379303422802 ) ) ;
#2273 = AXIS2_PLACEMENT_3D ( 'NONE', #1545, #2972, #157 ) ;
#2274 = ADVANCED_FACE ( 'NONE', ( #825 ), #3618, .T. ) ;
#2275 = AXIS2_PLACEMENT_3D ( 'NONE', #1306, #3424, #623 ) ;
#2276 = EDGE_CURVE ( 'NONE', #1658, #1706, #972, .T. ) ;
#2277 = ORIENTED_EDGE ( 'NONE', *, *, #2411, .T. ) ;
#2278 = FACE_OUTER_BOUND ( 'NONE', #3440, .T. ) ;
#2279 = DIRECTION ( 'NONE',  ( -0.000000000000000000, 1.000000000000000000, -0.000000000000000000 ) ) ;
#2280 = EDGE_LOOP ( 'NONE', ( #1438, #1517, #2986, #3580 ) ) ;
#2281 = DIRECTION ( 'NONE',  ( -0.000000000000000000, 1.000000000000000000, -0.000000000000000000 ) ) ;
#2282 = DIRECTION ( 'NONE',  ( 0.000000000000000000, 0.000000000000000000, 1.000000000000000000 ) ) ;
#2283 = ORIENTED_EDGE ( 'NONE', *, *, #1125, .T. ) ;
#2284 = CARTESIAN_POINT ( 'NONE',  ( 2.840230817817929410, -5.000000000000000000, 19.67000164974885124 ) ) ;
#2285 = DIRECTION ( 'NONE',  ( 0.000000000000000000, -1.000000000000000000, 0.000000000000000000 ) ) ;
#2286 = ORIENTED_EDGE ( 'NONE', *, *, #350, .T. ) ;
#2287 = ORIENTED_EDGE ( 'NONE', *, *, #3982, .T. ) ;
#2288 = DIRECTION ( 'NONE',  ( 0.000000000000000000, 0.000000000000000000, -1.000000000000000000 ) ) ;
#2289 = DIRECTION ( 'NONE',  ( 0.000000000000000000, 1.000000000000000000, 0.000000000000000000 ) ) ;
#2290 = CYLINDRICAL_SURFACE ( 'NONE', #2009, 8.699999999995652544 ) ;
#2291 = VERTEX_POINT ( 'NONE', #806 ) ;
#2292 = EDGE_CURVE ( 'NONE', #1462, #2817, #3316, .T. ) ;
#2293 = EDGE_CURVE ( 'NONE', #3254, #1394, #3242, .T. ) ;
#2294 = PRODUCT_RELATED_PRODUCT_CATEGORY ( 'part', '', ( #3799 ) ) ;
#2295 = ORIENTED_EDGE ( 'NONE', *, *, #1069, .T. ) ;
#2296 = CARTESIAN_POINT ( 'NONE',  ( 16.83045535880659926, -5.000000000000000000, 10.56937313253833821 ) ) ;
#2297 = DIRECTION ( 'NONE',  ( -0.000000000000000000, 1.000000000000000000, -0.000000000000000000 ) ) ;
#2298 = ORIENTED_EDGE ( 'NONE', *, *, #4300, .T. ) ;
#2299 = DIRECTION ( 'NONE',  ( 0.000000000000000000, 0.000000000000000000, 1.000000000000000000 ) ) ;
#2300 = DIRECTION ( 'NONE',  ( 0.4198891015602654320, 0.000000000000000000, 0.9075754196709566735 ) ) ;
#2301 = EDGE_CURVE ( 'NONE', #3341, #1570, #3589, .T. ) ;
#2302 = DIRECTION ( 'NONE',  ( 0.000000000000000000, 1.000000000000000000, -0.000000000000000000 ) ) ;
#2303 = CARTESIAN_POINT ( 'NONE',  ( 18.38960165408991898, 5.000000000000000000, -8.918926550389786101 ) ) ;
#2304 = VERTEX_POINT ( 'NONE', #3966 ) ;
#2305 = ORIENTED_EDGE ( 'NONE', *, *, #1355, .T. ) ;
#2306 = CARTESIAN_POINT ( 'NONE',  ( -20.35544912910231119, 5.000000000000000000, -1.838583846302023650 ) ) ;
#2307 = LINE ( 'NONE', #844, #2880 ) ;
#2308 = EDGE_CURVE ( 'NONE', #4263, #3422, #1221, .T. ) ;
#2309 = CARTESIAN_POINT ( 'NONE',  ( -14.16486587031498345, 5.000000000000000000, 13.94031745964168323 ) ) ;
#2310 = EDGE_CURVE ( 'NONE', #299, #870, #760, .T. ) ;
#2311 = ORIENTED_EDGE ( 'NONE', *, *, #3382, .T. ) ;
#2312 = VECTOR ( 'NONE', #1612, 1000.000000000000000 ) ;
#2313 = VERTEX_POINT ( 'NONE', #2232 ) ;
#2314 = LINE ( 'NONE', #238, #406 ) ;
#2315 = EDGE_CURVE ( 'NONE', #2387, #1353, #2248, .T. ) ;
#2316 = CIRCLE ( 'NONE', #894, 8.699999999995647215 ) ;
#2317 = DIRECTION ( 'NONE',  ( -0.000000000000000000, 1.000000000000000000, -0.000000000000000000 ) ) ;
#2318 = ORIENTED_EDGE ( 'NONE', *, *, #314, .F. ) ;
#2319 = AXIS2_PLACEMENT_3D ( 'NONE', #202, #2143, #2728 ) ;
#2320 = EDGE_CURVE ( 'NONE', #3763, #789, #2850, .T. ) ;
#2321 = CARTESIAN_POINT ( 'NONE',  ( 0.000000000000000000, 5.000000000000000000, 0.000000000000000000 ) ) ;
#2322 = FACE_OUTER_BOUND ( 'NONE', #4033, .T. ) ;
#2323 = CYLINDRICAL_SURFACE ( 'NONE', #4296, 8.699999999995648992 ) ;
#2324 = VECTOR ( 'NONE', #1450, 1000.000000000000000 ) ;
#2326 = AXIS2_PLACEMENT_3D ( 'NONE', #3754, #511, #124 ) ;
#2325 = LINE ( 'NONE', #3449, #839 ) ;
#2327 = ORIENTED_EDGE ( 'NONE', *, *, #2364, .T. ) ;
#2328 = CARTESIAN_POINT ( 'NONE',  ( 2.072761170959543708, 0.000000000000000000, -23.15742129703050978 ) ) ;
#2329 = CARTESIAN_POINT ( 'NONE',  ( 20.74549727965184687, -5.000000000000000000, 10.49699207487352837 ) ) ;
#2330 = CIRCLE ( 'NONE', #4130, 23.25000000000000000 ) ;
#2331 = CARTESIAN_POINT ( 'NONE',  ( 20.27479121899674652, -5.000000000000000000, 2.580221082280897971 ) ) ;
#2332 = DIRECTION ( 'NONE',  ( 0.8835120444460239364, 0.000000000000000000, 0.4684084406997879868 ) ) ;
#2333 = ORIENTED_EDGE ( 'NONE', *, *, #428, .T. ) ;
#2334 = CIRCLE ( 'NONE', #4364, 8.699999999995650768 ) ;
#2335 = VECTOR ( 'NONE', #3032, 1000.000000000000000 ) ;
#2336 = VECTOR ( 'NONE', #2429, 1000.000000000000000 ) ;
#2337 = EDGE_CURVE ( 'NONE', #65, #3374, #85, .T. ) ;
#2338 = EDGE_CURVE ( 'NONE', #2192, #3991, #1510, .T. ) ;
#2339 = ORIENTED_EDGE ( 'NONE', *, *, #683, .F. ) ;
#2340 = CARTESIAN_POINT ( 'NONE',  ( -17.31749543725608120, 5.000000000000000000, 10.85490910086166849 ) ) ;
#2341 = CIRCLE ( 'NONE', #417, 8.699999999995647215 ) ;
#2342 = AXIS2_PLACEMENT_3D ( 'NONE', #3749, #1669, #3102 ) ;
#2343 = CARTESIAN_POINT ( 'NONE',  ( 7.217226936875296595, -5.000000000000000000, 19.12161957442402738 ) ) ;
#2344 = DIRECTION ( 'NONE',  ( -0.000000000000000000, 1.000000000000000000, -0.000000000000000000 ) ) ;
#2345 = ORIENTED_EDGE ( 'NONE', *, *, #996, .T. ) ;
#2346 = AXIS2_PLACEMENT_3D ( 'NONE', #4283, #3262, #4609 ) ;
#2347 = CARTESIAN_POINT ( 'NONE',  ( 0.000000000000000000, 5.000000000000000000, 0.000000000000000000 ) ) ;
#2348 = EDGE_CURVE ( 'NONE', #1494, #3428, #3995, .T. ) ;
#2349 = DIRECTION ( 'NONE',  ( 0.000000000000000000, -1.000000000000000000, 0.000000000000000000 ) ) ;
#2350 = EDGE_CURVE ( 'NONE', #4612, #2562, #3147, .T. ) ;
#2351 = DIRECTION ( 'NONE',  ( 0.000000000000000000, 0.000000000000000000, 1.000000000000000000 ) ) ;
#2352 = EDGE_LOOP ( 'NONE', ( #1888, #3619, #3132, #1319 ) ) ;
#2353 = CARTESIAN_POINT ( 'NONE',  ( -11.15907515923841054, -5.000000000000000000, 17.12307628312807140 ) ) ;
#2354 = DIRECTION ( 'NONE',  ( 0.000000000000000000, 0.000000000000000000, 1.000000000000000000 ) ) ;
#2355 = DIRECTION ( 'NONE',  ( 0.9289767198167898643, 0.000000000000000000, -0.3701381553399182844 ) ) ;
#2356 = CARTESIAN_POINT ( 'NONE',  ( -17.70210396656885976, -5.000000000000000000, -10.21568475258225739 ) ) ;
#2357 = ORIENTED_EDGE ( 'NONE', *, *, #1441, .T. ) ;
#2358 = LINE ( 'NONE', #3782, #392 ) ;
#2359 = EDGE_LOOP ( 'NONE', ( #970, #3565, #860, #2311 ) ) ;
#2360 = CARTESIAN_POINT ( 'NONE',  ( -9.242329982407259337, 5.000000000000000000, -18.22920832904298649 ) ) ;
#2361 = CARTESIAN_POINT ( 'NONE',  ( 17.87454475682790189, 5.000000000000000000, -8.687722701362034172 ) ) ;
#2362 = DIRECTION ( 'NONE',  ( -0.000000000000000000, 1.000000000000000000, 0.000000000000000000 ) ) ;
#2363 = VERTEX_POINT ( 'NONE', #482 ) ;
#2364 = EDGE_CURVE ( 'NONE', #3934, #1353, #4049, .T. ) ;
#2365 = CARTESIAN_POINT ( 'NONE',  ( 5.429941357381150802, 5.000000000000000000, 22.60703954204092625 ) ) ;
#2366 = EDGE_CURVE ( 'NONE', #2727, #3600, #2622, .T. ) ;
#2367 = DIRECTION ( 'NONE',  ( -0.000000000000000000, -1.000000000000000000, -0.000000000000000000 ) ) ;
#2368 = DIRECTION ( 'NONE',  ( -0.000000000000000000, -1.000000000000000000, -0.000000000000000000 ) ) ;
#2369 = LINE ( 'NONE', #1642, #2255 ) ;
#2370 = EDGE_CURVE ( 'NONE', #4042, #4048, #1134, .T. ) ;
#2371 = ORIENTED_EDGE ( 'NONE', *, *, #314, .T. ) ;
#2372 = CARTESIAN_POINT ( 'NONE',  ( 0.000000000000000000, 5.000000000000000000, 0.000000000000000000 ) ) ;
#2373 = CARTESIAN_POINT ( 'NONE',  ( -9.242329982407259337, -5.000000000000000000, -18.22920832904298649 ) ) ;
#2374 = CARTESIAN_POINT ( 'NONE',  ( 18.19318771073841390, 5.000000000000000000, 7.998987243485383480 ) ) ;
#2375 = DIRECTION ( 'NONE',  ( -0.000000000000000000, 1.000000000000000000, 0.000000000000000000 ) ) ;
#2376 = ORIENTED_EDGE ( 'NONE', *, *, #3382, .F. ) ;
#2377 = VERTEX_POINT ( 'NONE', #1940 ) ;
#2378 = DIRECTION ( 'NONE',  ( 0.8835120444460239364, 0.000000000000000000, 0.4684084406997879868 ) ) ;
#2379 = LINE ( 'NONE', #4190, #2246 ) ;
#2380 = ORIENTED_EDGE ( 'NONE', *, *, #3451, .F. ) ;
#2381 = DIRECTION ( 'NONE',  ( 0.000000000000000000, -1.000000000000000000, 0.000000000000000000 ) ) ;
#2382 = VERTEX_POINT ( 'NONE', #934 ) ;
#2383 = DIRECTION ( 'NONE',  ( 0.000000000000000000, 0.000000000000000000, -1.000000000000000000 ) ) ;
#2384 = CARTESIAN_POINT ( 'NONE',  ( 2.937909204315279688, 5.000000000000000000, 20.22605718657381146 ) ) ;
#2385 = AXIS2_PLACEMENT_3D ( 'NONE', #2735, #2782, #4242 ) ;
#2386 = CARTESIAN_POINT ( 'NONE',  ( 0.000000000000000000, -5.000000000000000000, 0.000000000000000000 ) ) ;
#2387 = VERTEX_POINT ( 'NONE', #212 ) ;
#2388 = VECTOR ( 'NONE', #6, 1000.000000000000000 ) ;
#2389 = CARTESIAN_POINT ( 'NONE',  ( 7.842361733251128619, 5.000000000000000000, -21.88743617797292984 ) ) ;
#2390 = CIRCLE ( 'NONE', #388, 23.25000000000000000 ) ;
#2391 = DIRECTION ( 'NONE',  ( -0.000000000000000000, 1.000000000000000000, -0.000000000000000000 ) ) ;
#2392 = DIRECTION ( 'NONE',  ( -0.000000000000000000, 1.000000000000000000, -0.000000000000000000 ) ) ;
#2393 = DIRECTION ( 'NONE',  ( -0.7621620551276288014, 0.000000000000000000, 0.6473862847818366850 ) ) ;
#2394 = AXIS2_PLACEMENT_3D ( 'NONE', #3484, #258, #2378 ) ;
#2395 = AXIS2_PLACEMENT_3D ( 'NONE', #1716, #1373, #2469 ) ;
#2396 = VERTEX_POINT ( 'NONE', #501 ) ;
#2397 = FACE_OUTER_BOUND ( 'NONE', #287, .T. ) ;
#2398 = CARTESIAN_POINT ( 'NONE',  ( -12.94499038266742197, 5.000000000000000000, -15.81619182357126441 ) ) ;
#2399 = CIRCLE ( 'NONE', #4490, 19.87399999999006184 ) ;
#2400 = CARTESIAN_POINT ( 'NONE',  ( 0.000000000000000000, -5.000000000000000000, 0.000000000000000000 ) ) ;
#2401 = EDGE_CURVE ( 'NONE', #3959, #584, #2670, .T. ) ;
#2402 = ORIENTED_EDGE ( 'NONE', *, *, #2815, .F. ) ;
#2403 = ORIENTED_EDGE ( 'NONE', *, *, #2060, .F. ) ;
#2404 = CARTESIAN_POINT ( 'NONE',  ( -9.642689752178528195, 5.000000000000000000, 17.37798637192572571 ) ) ;
#2405 = AXIS2_PLACEMENT_3D ( 'NONE', #3566, #661, #346 ) ;
#2406 = CIRCLE ( 'NONE', #1726, 19.87399999999006539 ) ;
#2407 = LINE ( 'NONE', #335, #3802 ) ;
#2408 = EDGE_LOOP ( 'NONE', ( #948, #2791, #1998, #3220 ) ) ;
#2409 = CYLINDRICAL_SURFACE ( 'NONE', #2770, 8.699999999995650768 ) ;
#2410 = CIRCLE ( 'NONE', #3167, 8.699999999995652544 ) ;
#2411 = EDGE_CURVE ( 'NONE', #4135, #3560, #2030, .T. ) ;
#2412 = CARTESIAN_POINT ( 'NONE',  ( 0.000000000000000000, 5.000000000000000000, 0.000000000000000000 ) ) ;
#2413 = AXIS2_PLACEMENT_3D ( 'NONE', #4179, #1322, #665 ) ;
#2415 = EDGE_CURVE ( 'NONE', #740, #1452, #2653, .T. ) ;
#2414 = CARTESIAN_POINT ( 'NONE',  ( -19.71287217419889970, -5.000000000000000000, 2.525578476963209695 ) ) ;
#2416 = AXIS2_PLACEMENT_3D ( 'NONE', #2096, #3526, #94 ) ;
#2417 = CARTESIAN_POINT ( 'NONE',  ( -23.01124191615862813, 5.000000000000000000, -3.323438802810151582 ) ) ;
#2418 = ORIENTED_EDGE ( 'NONE', *, *, #892, .T. ) ;
#2419 = ORIENTED_EDGE ( 'NONE', *, *, #594, .T. ) ;
#2420 = CIRCLE ( 'NONE', #2792, 2.099999999999999645 ) ;
#2421 = CIRCLE ( 'NONE', #2342, 8.699999999995645439 ) ;
#2422 = LINE ( 'NONE', #1945, #103 ) ;
#2423 = AXIS2_PLACEMENT_3D ( 'NONE', #24, #3592, #1371 ) ;
#2424 = CARTESIAN_POINT ( 'NONE',  ( -20.27479121899671810, -5.000000000000000000, 2.580221082281170197 ) ) ;
#2425 = LINE ( 'NONE', #3497, #2861 ) ;
#2426 = DIRECTION ( 'NONE',  ( -0.000000000000000000, 1.000000000000000000, -0.000000000000000000 ) ) ;
#2427 = ORIENTED_EDGE ( 'NONE', *, *, #3961, .T. ) ;
#2428 = CARTESIAN_POINT ( 'NONE',  ( 20.27479121899674652, -5.000000000000000000, 11.28022108227654918 ) ) ;
#2429 = DIRECTION ( 'NONE',  ( 0.000000000000000000, 1.000000000000000000, -0.000000000000000000 ) ) ;
#2430 = CYLINDRICAL_SURFACE ( 'NONE', #1798, 8.699999999995650768 ) ;
#2431 = VERTEX_POINT ( 'NONE', #3380 ) ;
#2432 = ORIENTED_EDGE ( 'NONE', *, *, #871, .T. ) ;
#2433 = CARTESIAN_POINT ( 'NONE',  ( -2.072761170959537491, 0.000000000000000000, -23.15742129703051333 ) ) ;
#2434 = DIRECTION ( 'NONE',  ( 0.4198891015602653765, 0.000000000000000000, 0.9075754196709566735 ) ) ;
#2435 = ORIENTED_EDGE ( 'NONE', *, *, #4175, .F. ) ;
#2436 = DIRECTION ( 'NONE',  ( -0.000000000000000000, 1.000000000000000000, -0.000000000000000000 ) ) ;
#2437 = ADVANCED_FACE ( 'NONE', ( #2006 ), #874, .T. ) ;
#2438 = EDGE_CURVE ( 'NONE', #4159, #3006, #1802, .T. ) ;
#2439 = CARTESIAN_POINT ( 'NONE',  ( 0.000000000000000000, 5.000000000000000000, 0.000000000000000000 ) ) ;
#2440 = DIRECTION ( 'NONE',  ( 0.000000000000000000, 1.000000000000000000, -0.000000000000000000 ) ) ;
#2441 = ORIENTED_EDGE ( 'NONE', *, *, #36, .T. ) ;
#2442 = ORIENTED_EDGE ( 'NONE', *, *, #4103, .F. ) ;
#2443 = CARTESIAN_POINT ( 'NONE',  ( 22.51702208896287516, 5.000000000000000000, 5.791909550843999277 ) ) ;
#2444 = DIRECTION ( 'NONE',  ( -0.4198891015602528309, 0.000000000000000000, 0.9075754196709624466 ) ) ;
#2445 = CARTESIAN_POINT ( 'NONE',  ( 12.00000000000000178, -5.000000000000000000, -4.189777606611760657E-14 ) ) ;
#2446 = CARTESIAN_POINT ( 'NONE',  ( -22.51702208896279345, -8.673617379884035472E-16, 5.791909550844299481 ) ) ;
#2447 = VERTEX_POINT ( 'NONE', #1922 ) ;
#2448 = EDGE_CURVE ( 'NONE', #1093, #2651, #2390, .T. ) ;
#2449 = DIRECTION ( 'NONE',  ( 0.000000000000000000, 1.000000000000000000, -0.000000000000000000 ) ) ;
#2450 = DIRECTION ( 'NONE',  ( 0.000000000000000000, 0.000000000000000000, 1.000000000000000000 ) ) ;
#2451 = CARTESIAN_POINT ( 'NONE',  ( 19.79492089438828373, -5.000000000000000000, -1.771152953450214174 ) ) ;
#2452 = ORIENTED_EDGE ( 'NONE', *, *, #2320, .T. ) ;
#2453 = VERTEX_POINT ( 'NONE', #2361 ) ;
#2454 = CYLINDRICAL_SURFACE ( 'NONE', #679, 8.699999999995645439 ) ;
#2455 = EDGE_CURVE ( 'NONE', #2890, #3205, #3596, .T. ) ;
#2456 = DIRECTION ( 'NONE',  ( 0.000000000000000000, 0.000000000000000000, 1.000000000000000000 ) ) ;
#2457 = EDGE_CURVE ( 'NONE', #4546, #2615, #582, .T. ) ;
#2458 = ORIENTED_EDGE ( 'NONE', *, *, #3557, .F. ) ;
#2459 = LINE ( 'NONE', #3865, #2559 ) ;
#2460 = DIRECTION ( 'NONE',  ( 0.000000000000000000, 1.000000000000000000, 0.000000000000000000 ) ) ;
#2461 = CYLINDRICAL_SURFACE ( 'NONE', #3965, 2.100000000000000089 ) ;
#2462 = ORIENTED_EDGE ( 'NONE', *, *, #824, .F. ) ;
#2463 = ORIENTED_EDGE ( 'NONE', *, *, #1473, .T. ) ;
#2464 = EDGE_CURVE ( 'NONE', #2962, #1725, #854, .T. ) ;
#2465 = CYLINDRICAL_SURFACE ( 'NONE', #3385, 19.87399999999006184 ) ;
#2466 = DIRECTION ( 'NONE',  ( 0.000000000000000000, 0.000000000000000000, 1.000000000000000000 ) ) ;
#2467 = DIRECTION ( 'NONE',  ( 0.000000000000000000, -1.000000000000000000, 0.000000000000000000 ) ) ;
#2468 = EDGE_CURVE ( 'NONE', #4587, #3172, #3092, .T. ) ;
#2469 = DIRECTION ( 'NONE',  ( 0.8835120444460239364, 0.000000000000000000, 0.4684084406997879868 ) ) ;
#2470 = CARTESIAN_POINT ( 'NONE',  ( -1.454641113955830845, -5.000000000000000000, 19.82069361120327855 ) ) ;
#2471 = VECTOR ( 'NONE', #2596, 1000.000000000000000 ) ;
#2472 = ORIENTED_EDGE ( 'NONE', *, *, #1188, .F. ) ;
#2473 = LINE ( 'NONE', #3280, #545 ) ;
#2474 = DIRECTION ( 'NONE',  ( 0.9289767198167897533, 0.000000000000000000, -0.3701381553399182289 ) ) ;
#2475 = DIRECTION ( 'NONE',  ( -0.3193015301359870550, 0.000000000000000000, -0.9476531711828000137 ) ) ;
#2476 = VERTEX_POINT ( 'NONE', #1573 ) ;
#2477 = ORIENTED_EDGE ( 'NONE', *, *, #4522, .T. ) ;
#2478 = AXIS2_PLACEMENT_3D ( 'NONE', #1689, #3866, #656 ) ;
#2479 = DIRECTION ( 'NONE',  ( -0.000000000000000000, -1.000000000000000000, -0.000000000000000000 ) ) ;
#2480 = DIRECTION ( 'NONE',  ( 0.000000000000000000, 1.000000000000000000, 0.000000000000000000 ) ) ;
#2481 = AXIS2_PLACEMENT_3D ( 'NONE', #3927, #1018, #2524 ) ;
#2482 = ORIENTED_EDGE ( 'NONE', *, *, #198, .T. ) ;
#2483 = CARTESIAN_POINT ( 'NONE',  ( 13.51357118764043541, -5.000000000000000000, 15.33323493473993260 ) ) ;
#2484 = AXIS2_PLACEMENT_3D ( 'NONE', #3296, #72, #3322 ) ;
#2485 = CIRCLE ( 'NONE', #2936, 8.699999999995648992 ) ;
#2486 = DIRECTION ( 'NONE',  ( -0.000000000000000000, 1.000000000000000000, -0.000000000000000000 ) ) ;
#2487 = EDGE_CURVE ( 'NONE', #3507, #366, #3005, .T. ) ;
#2488 = CYLINDRICAL_SURFACE ( 'NONE', #3055, 8.699999999995647215 ) ;
#2489 = EDGE_CURVE ( 'NONE', #427, #658, #97, .T. ) ;
#2490 = ORIENTED_EDGE ( 'NONE', *, *, #208, .F. ) ;
#2491 = AXIS2_PLACEMENT_3D ( 'NONE', #911, #3088, #3057 ) ;
#2492 = VERTEX_POINT ( 'NONE', #4472 ) ;
#2493 = DIRECTION ( 'NONE',  ( 0.000000000000000000, -1.000000000000000000, 0.000000000000000000 ) ) ;
#2494 = AXIS2_PLACEMENT_3D ( 'NONE', #2051, #968, #945 ) ;
#2495 = FACE_OUTER_BOUND ( 'NONE', #580, .T. ) ;
#2496 = CIRCLE ( 'NONE', #3168, 8.699999999995652544 ) ;
#2497 = DIRECTION ( 'NONE',  ( 0.8276889981568877896, 0.000000000000000000, -0.5611870653623862726 ) ) ;
#2498 = AXIS2_PLACEMENT_3D ( 'NONE', #4212, #3036, #1700 ) ;
#2499 = VERTEX_POINT ( 'NONE', #4100 ) ;
#2500 = DIRECTION ( 'NONE',  ( 0.8835120444460241584, 0.000000000000000000, 0.4684084406997879868 ) ) ;
#2501 = AXIS2_PLACEMENT_3D ( 'NONE', #4421, #4464, #1952 ) ;
#2502 = ORIENTED_EDGE ( 'NONE', *, *, #3579, .T. ) ;
#2503 = FACE_BOUND ( 'NONE', #2217, .T. ) ;
#2504 = EDGE_CURVE ( 'NONE', #722, #478, #3675, .T. ) ;
#2505 = DIRECTION ( 'NONE',  ( 0.000000000000000000, 0.000000000000000000, 1.000000000000000000 ) ) ;
#2506 = AXIS2_PLACEMENT_3D ( 'NONE', #982, #3117, #285 ) ;
#2507 = CARTESIAN_POINT ( 'NONE',  ( -12.94499038266742197, -5.000000000000000000, -15.81619182357126441 ) ) ;
#2508 = ORIENTED_EDGE ( 'NONE', *, *, #2176, .F. ) ;
#2509 = VERTEX_POINT ( 'NONE', #3399 ) ;
#2510 = CYLINDRICAL_SURFACE ( 'NONE', #690, 8.699999999995650768 ) ;
#2511 = ORIENTED_EDGE ( 'NONE', *, *, #3523, .F. ) ;
#2512 = ORIENTED_EDGE ( 'NONE', *, *, #172, .F. ) ;
#2513 = FACE_OUTER_BOUND ( 'NONE', #4260, .T. ) ;
#2514 = CYLINDRICAL_SURFACE ( 'NONE', #3063, 8.699999999995650768 ) ;
#2515 = LINE ( 'NONE', #3942, #4188 ) ;
#2516 = VERTEX_POINT ( 'NONE', #194 ) ;
#2517 = ORIENTED_EDGE ( 'NONE', *, *, #1924, .T. ) ;
#2518 = DIRECTION ( 'NONE',  ( 0.000000000000000000, 0.000000000000000000, 1.000000000000000000 ) ) ;
#2519 = DIRECTION ( 'NONE',  ( -0.000000000000000000, -1.000000000000000000, -0.000000000000000000 ) ) ;
#2520 = EDGE_LOOP ( 'NONE', ( #2664, #932, #2215, #2764 ) ) ;
#2521 = DIRECTION ( 'NONE',  ( 0.9868265225415255859, 0.000000000000000000, -0.1617819965527684811 ) ) ;
#2522 = EDGE_CURVE ( 'NONE', #1054, #1266, #3521, .T. ) ;
#2523 = ORIENTED_EDGE ( 'NONE', *, *, #1441, .F. ) ;
#2524 = DIRECTION ( 'NONE',  ( 0.000000000000000000, 0.000000000000000000, 1.000000000000000000 ) ) ;
#2525 = EDGE_CURVE ( 'NONE', #1659, #294, #2016, .T. ) ;
#2526 = EDGE_LOOP ( 'NONE', ( #590, #906, #4434, #2980 ) ) ;
#2527 = CARTESIAN_POINT ( 'NONE',  ( 0.000000000000000000, -5.000000000000000000, 0.000000000000000000 ) ) ;
#2528 = LINE ( 'NONE', #1379, #1225 ) ;
#2529 = DIRECTION ( 'NONE',  ( 0.000000000000000000, -1.000000000000000000, 0.000000000000000000 ) ) ;
#2530 = ORIENTED_EDGE ( 'NONE', *, *, #1026, .T. ) ;
#2531 = EDGE_CURVE ( 'NONE', #4135, #73, #3489, .T. ) ;
#2532 = LINE ( 'NONE', #1869, #2864 ) ;
#2533 = ORIENTED_EDGE ( 'NONE', *, *, #664, .F. ) ;
#2534 = CARTESIAN_POINT ( 'NONE',  ( -19.48896180620509710, 0.000000000000000000, -12.67844106017292560 ) ) ;
#2535 = EDGE_CURVE ( 'NONE', #407, #1466, #1056, .T. ) ;
#2536 = ORIENTED_EDGE ( 'NONE', *, *, #180, .F. ) ;
#2537 = EDGE_LOOP ( 'NONE', ( #3929, #298, #2212, #1871 ) ) ;
#2538 = DIRECTION ( 'NONE',  ( 0.000000000000000000, -1.000000000000000000, 0.000000000000000000 ) ) ;
#2539 = CARTESIAN_POINT ( 'NONE',  ( 20.35544912910228277, -5.000000000000000000, -1.838583846302302982 ) ) ;
#2540 = ORIENTED_EDGE ( 'NONE', *, *, #4459, .T. ) ;
#2541 = CYLINDRICAL_SURFACE ( 'NONE', #4225, 23.25000000000000000 ) ;
#2542 = VERTEX_POINT ( 'NONE', #2036 ) ;
#2543 = DIRECTION ( 'NONE',  ( 0.000000000000000000, -1.000000000000000000, -0.000000000000000000 ) ) ;
#2544 = ORIENTED_EDGE ( 'NONE', *, *, #1693, .F. ) ;
#2545 = AXIS2_PLACEMENT_3D ( 'NONE', #2995, #3780, #143 ) ;
#2546 = CARTESIAN_POINT ( 'NONE',  ( 18.00393607450847355, 5.000000000000000000, 14.71124691605074020 ) ) ;
#2547 = EDGE_CURVE ( 'NONE', #4337, #2377, #3814, .T. ) ;
#2548 = FACE_OUTER_BOUND ( 'NONE', #1205, .T. ) ;
#2549 = CARTESIAN_POINT ( 'NONE',  ( 0.000000000000000000, 5.000000000000000000, 0.000000000000000000 ) ) ;
#2550 = EDGE_LOOP ( 'NONE', ( #3503, #2040, #4216, #3244 ) ) ;
#2551 = AXIS2_PLACEMENT_3D ( 'NONE', #1259, #2681, #1980 ) ;
#2552 = DIRECTION ( 'NONE',  ( -0.000000000000000000, 1.000000000000000000, -0.000000000000000000 ) ) ;
#2553 = ORIENTED_EDGE ( 'NONE', *, *, #4103, .T. ) ;
#2554 = ADVANCED_FACE ( 'NONE', ( #4245 ), #2138, .T. ) ;
#2555 = VECTOR ( 'NONE', #1489, 1000.000000000000000 ) ;
#2556 = ORIENTED_EDGE ( 'NONE', *, *, #2961, .T. ) ;
#2557 = CARTESIAN_POINT ( 'NONE',  ( 17.31749543725622686, 5.000000000000000000, 10.85490910086143579 ) ) ;
#2558 = AXIS2_PLACEMENT_3D ( 'NONE', #4241, #2078, #3803 ) ;
#2559 = VECTOR ( 'NONE', #4567, 1000.000000000000000 ) ;
#2560 = EDGE_CURVE ( 'NONE', #1543, #2562, #3895, .T. ) ;
#2561 = AXIS2_PLACEMENT_3D ( 'NONE', #569, #897, #249 ) ;
#2562 = VERTEX_POINT ( 'NONE', #284 ) ;
#2563 = VECTOR ( 'NONE', #4625, 1000.000000000000000 ) ;
#2564 = CARTESIAN_POINT ( 'NONE',  ( -10.83694299684526108, 5.000000000000000000, 16.65942803588200860 ) ) ;
#2565 = EDGE_CURVE ( 'NONE', #2192, #1861, #4053, .T. ) ;
#2566 = DIRECTION ( 'NONE',  ( -0.9289767198167950824, 0.000000000000000000, -0.3701381553399054058 ) ) ;
#2567 = AXIS2_PLACEMENT_3D ( 'NONE', #367, #1415, #1369 ) ;
#2568 = VERTEX_POINT ( 'NONE', #2061 ) ;
#2569 = DIRECTION ( 'NONE',  ( -0.6876994588534295350, 0.000000000000000000, -0.7259954919231248471 ) ) ;
#2570 = ORIENTED_EDGE ( 'NONE', *, *, #644, .T. ) ;
#2571 = AXIS2_PLACEMENT_3D ( 'NONE', #106, #2963, #2587 ) ;
#2572 = CYLINDRICAL_SURFACE ( 'NONE', #2191, 8.699999999995650768 ) ;
#2573 = ORIENTED_EDGE ( 'NONE', *, *, #882, .F. ) ;
#2574 = CYLINDRICAL_SURFACE ( 'NONE', #1000, 8.699999999995648992 ) ;
#2575 = CIRCLE ( 'NONE', #4295, 19.87399999999006894 ) ;
#2576 = CARTESIAN_POINT ( 'NONE',  ( -19.71287217419889970, -5.000000000000000000, 2.525578476963209695 ) ) ;
#2577 = CARTESIAN_POINT ( 'NONE',  ( 0.000000000000000000, -5.000000000000000000, 0.000000000000000000 ) ) ;
#2578 = ORIENTED_EDGE ( 'NONE', *, *, #3358, .T. ) ;
#2579 = AXIS2_PLACEMENT_3D ( 'NONE', #1277, #3856, #2354 ) ;
#2580 = AXIS2_PLACEMENT_3D ( 'NONE', #1299, #2367, #3124 ) ;
#2581 = DIRECTION ( 'NONE',  ( 0.6051742151937662406, 0.000000000000000000, 0.7960930657056429771 ) ) ;
#2582 = ORIENTED_EDGE ( 'NONE', *, *, #2612, .F. ) ;
#2583 = ADVANCED_FACE ( 'NONE', ( #4226 ), #2836, .T. ) ;
#2584 = AXIS2_PLACEMENT_3D ( 'NONE', #1401, #4256, #2171 ) ;
#2585 = DIRECTION ( 'NONE',  ( 0.000000000000000000, 0.000000000000000000, 1.000000000000000000 ) ) ;
#2586 = VERTEX_POINT ( 'NONE', #4597 ) ;
#2587 = DIRECTION ( 'NONE',  ( 0.2149704402110245438, 0.000000000000000000, 0.9766205557100866574 ) ) ;
#2588 = DIRECTION ( 'NONE',  ( -0.4198891015602528309, 0.000000000000000000, 0.9075754196709623356 ) ) ;
#2589 = ORIENTED_EDGE ( 'NONE', *, *, #222, .F. ) ;
#2590 = DIRECTION ( 'NONE',  ( -0.000000000000000000, 1.000000000000000000, -0.000000000000000000 ) ) ;
#2591 = VERTEX_POINT ( 'NONE', #4265 ) ;
#2592 = CARTESIAN_POINT ( 'NONE',  ( 17.31749543725622686, -5.000000000000000000, 10.85490910086143579 ) ) ;
#2593 = ORIENTED_EDGE ( 'NONE', *, *, #889, .T. ) ;
#2594 = FACE_OUTER_BOUND ( 'NONE', #2911, .T. ) ;
#2595 = CARTESIAN_POINT ( 'NONE',  ( 0.000000000000000000, -5.000000000000000000, 0.000000000000000000 ) ) ;
#2596 = DIRECTION ( 'NONE',  ( -0.000000000000000000, 1.000000000000000000, -0.000000000000000000 ) ) ;
#2597 = ORIENTED_EDGE ( 'NONE', *, *, #2525, .F. ) ;
#2598 = EDGE_CURVE ( 'NONE', #2382, #2912, #4172, .T. ) ;
#2599 = DIRECTION ( 'NONE',  ( -0.7621620551276288014, 0.000000000000000000, 0.6473862847818366850 ) ) ;
#2600 = DIRECTION ( 'NONE',  ( 0.000000000000000000, 0.000000000000000000, 1.000000000000000000 ) ) ;
#2601 = CARTESIAN_POINT ( 'NONE',  ( 3.674092034174213151, -5.000000000000000000, -20.10536613771984804 ) ) ;
#2602 = ORIENTED_EDGE ( 'NONE', *, *, #2713, .T. ) ;
#2603 = FACE_OUTER_BOUND ( 'NONE', #3973, .T. ) ;
#2604 = CARTESIAN_POINT ( 'NONE',  ( 13.51357118764043541, 5.000000000000000000, 15.33323493473993260 ) ) ;
#2605 = VERTEX_POINT ( 'NONE', #3538 ) ;
#2606 = ADVANCED_FACE ( 'NONE', ( #3846 ), #3562, .T. ) ;
#2607 = DIRECTION ( 'NONE',  ( 0.000000000000000000, 0.000000000000000000, 1.000000000000000000 ) ) ;
#2608 = ORIENTED_EDGE ( 'NONE', *, *, #3276, .T. ) ;
#2609 = LINE ( 'NONE', #2258, #3748 ) ;
#2610 = VERTEX_POINT ( 'NONE', #342 ) ;
#2611 = CARTESIAN_POINT ( 'NONE',  ( -16.04235741995750431, -5.000000000000000000, -12.66362776686399982 ) ) ;
#2612 = EDGE_CURVE ( 'NONE', #3302, #1063, #1877, .T. ) ;
#2613 = CARTESIAN_POINT ( 'NONE',  ( 0.000000000000000000, 5.000000000000000000, 0.000000000000000000 ) ) ;
#2614 = DIRECTION ( 'NONE',  ( 0.000000000000000000, 1.000000000000000000, 0.000000000000000000 ) ) ;
#2615 = VERTEX_POINT ( 'NONE', #2760 ) ;
#2616 = EDGE_CURVE ( 'NONE', #3943, #2197, #1580, .T. ) ;
#2617 = ORIENTED_EDGE ( 'NONE', *, *, #2943, .F. ) ;
#2618 = CARTESIAN_POINT ( 'NONE',  ( -7.217226936875042576, 5.000000000000000000, 19.12161957442413041 ) ) ;
#2619 = ORIENTED_EDGE ( 'NONE', *, *, #1061, .F. ) ;
#2620 = LINE ( 'NONE', #4424, #1342 ) ;
#2621 = AXIS2_PLACEMENT_3D ( 'NONE', #1954, #4466, #558 ) ;
#2622 = CIRCLE ( 'NONE', #598, 8.699999999995647215 ) ;
#2623 = ORIENTED_EDGE ( 'NONE', *, *, #3030, .F. ) ;
#2624 = VECTOR ( 'NONE', #264, 1000.000000000000000 ) ;
#2625 = CARTESIAN_POINT ( 'NONE',  ( 2.840230817817929410, 5.000000000000000000, 19.67000164974885124 ) ) ;
#2626 = CIRCLE ( 'NONE', #3379, 8.699999999995652544 ) ;
#2627 = CARTESIAN_POINT ( 'NONE',  ( -20.33034959196405467, 5.000000000000000000, 11.28004368203097663 ) ) ;
#2628 = ORIENTED_EDGE ( 'NONE', *, *, #1848, .T. ) ;
#2629 = AXIS2_PLACEMENT_3D ( 'NONE', #2632, #3009, #443 ) ;
#2630 = AXIS2_PLACEMENT_3D ( 'NONE', #2858, #2227, #378 ) ;
#2631 = CARTESIAN_POINT ( 'NONE',  ( 2.571758278209441464E-16, -5.000000000000000000, -14.10000000000000142 ) ) ;
#2632 = CARTESIAN_POINT ( 'NONE',  ( -15.09216836474855050, -5.000000000000000000, -13.78227680238057395 ) ) ;
#2633 = AXIS2_PLACEMENT_3D ( 'NONE', #3418, #1619, #4475 ) ;
#2634 = VECTOR ( 'NONE', #3414, 1000.000000000000000 ) ;
#2635 = ORIENTED_EDGE ( 'NONE', *, *, #2464, .F. ) ;
#2636 = EDGE_CURVE ( 'NONE', #1625, #1486, #1274, .T. ) ;
#2637 = DIRECTION ( 'NONE',  ( 0.000000000000000000, -1.000000000000000000, 0.000000000000000000 ) ) ;
#2638 = AXIS2_PLACEMENT_3D ( 'NONE', #3435, #3721, #539 ) ;
#2639 = CARTESIAN_POINT ( 'NONE',  ( 15.09216836474836398, 5.000000000000000000, -13.78227680238077646 ) ) ;
#2640 = VERTEX_POINT ( 'NONE', #635 ) ;
#2641 = CIRCLE ( 'NONE', #616, 8.699999999995647215 ) ;
#2642 = EDGE_CURVE ( 'NONE', #167, #3110, #608, .T. ) ;
#2643 = ORIENTED_EDGE ( 'NONE', *, *, #4025, .T. ) ;
#2644 = DIRECTION ( 'NONE',  ( 0.000000000000000000, -1.000000000000000000, 0.000000000000000000 ) ) ;
#2645 = DIRECTION ( 'NONE',  ( 0.000000000000000000, 0.000000000000000000, 1.000000000000000000 ) ) ;
#2646 = AXIS2_PLACEMENT_3D ( 'NONE', #2507, #725, #1105 ) ;
#2647 = DIRECTION ( 'NONE',  ( 0.000000000000000000, -1.000000000000000000, 0.000000000000000000 ) ) ;
#2649 = EDGE_LOOP ( 'NONE', ( #2063, #3105 ) ) ;
#2648 = CIRCLE ( 'NONE', #2955, 8.699999999995652544 ) ;
#2650 = CLOSED_SHELL ( 'NONE', ( #553, #3584, #81, #489, #3039, #1956, #1607, #2606, #10, #3040, #362, #3635, #4528, #475, #1493, #3309, #3196, #4385, #840, #1714, #4353, #3647, #2068, #2146, #4181, #4282, #2000, #2831, #514, #289, #1829, #1961, #3935, #651, #1842, #3587, #2554, #2437, #3355, #3658, #653, #168, #1535, #3122, #1213, #4035, #521, #2067, #3817, #3656, #4037, #506, #1630, #886, #3486, #188, #2658, #4557, #305, #170, #1127, #1941, #197, #1989, #2222, #1870, #4043, #418, #1647, #4021, #1893, #3940, #3328, #3142, #1038, #2183, #4327, #4620, #4020, #1011, #3152, #1522, #2772, #3287, #3098, #4207, #2219, #3636, #2088, #1787, #3525, #1346, #861, #3493, #4441, #1485, #4602, #1179, #127, #802, #1813, #2688, #4340, #1964, #149, #3715, #1555, #1587, #2274, #4467, #2019, #3610, #3137, #1421, #2133, #566, #3928, #2583, #452, #3211, #1109, #1687, #4458, #1501, #2899, #2668, #536, #2978, #2692, #56, #2158, #1374 ) ) ;
#2651 = VERTEX_POINT ( 'NONE', #3138 ) ;
#2652 = DIRECTION ( 'NONE',  ( -0.9635499925192201331, 0.000000000000000000, 0.2675283385292311911 ) ) ;
#2654 = EDGE_CURVE ( 'NONE', #3625, #2990, #2769, .T. ) ;
#2653 = LINE ( 'NONE', #4493, #2634 ) ;
#2655 = VERTEX_POINT ( 'NONE', #3509 ) ;
#2656 = FACE_OUTER_BOUND ( 'NONE', #3221, .T. ) ;
#2657 = EDGE_LOOP ( 'NONE', ( #2132, #3703, #2435, #1216 ) ) ;
#2658 = ADVANCED_FACE ( 'NONE', ( #307 ), #1734, .T. ) ;
#2659 = CARTESIAN_POINT ( 'NONE',  ( 0.000000000000000000, 5.000000000000000000, 0.000000000000000000 ) ) ;
#2660 = DIRECTION ( 'NONE',  ( 0.1081190184239353008, 0.000000000000000000, -0.9941379571543603744 ) ) ;
#2661 = ORIENTED_EDGE ( 'NONE', *, *, #1391, .T. ) ;
#2662 = VERTEX_POINT ( 'NONE', #1436 ) ;
#2663 = DIRECTION ( 'NONE',  ( 0.000000000000000000, 1.000000000000000000, -0.000000000000000000 ) ) ;
#2664 = ORIENTED_EDGE ( 'NONE', *, *, #609, .F. ) ;
#2665 = CARTESIAN_POINT ( 'NONE',  ( 20.35544912910228277, -5.000000000000000000, -1.838583846302302982 ) ) ;
#2666 = EDGE_CURVE ( 'NONE', #3901, #4010, #1091, .T. ) ;
#2667 = ORIENTED_EDGE ( 'NONE', *, *, #3388, .F. ) ;
#2668 = ADVANCED_FACE ( 'NONE', ( #2865 ), #2514, .T. ) ;
#2669 = DIRECTION ( 'NONE',  ( 0.000000000000000000, -1.000000000000000000, 0.000000000000000000 ) ) ;
#2670 = LINE ( 'NONE', #4086, #4059 ) ;
#2671 = ORIENTED_EDGE ( 'NONE', *, *, #3631, .F. ) ;
#2672 = DIRECTION ( 'NONE',  ( -0.1081190184239487484, 0.000000000000000000, -0.9941379571543588201 ) ) ;
#2673 = FILL_AREA_STYLE_COLOUR ( '', #2716 ) ;
#2674 = CARTESIAN_POINT ( 'NONE',  ( -15.66438505440664564, 0.000000000000000000, -17.18108089927061854 ) ) ;
#2675 = CARTESIAN_POINT ( 'NONE',  ( -18.00393607450827460, -5.000000000000000000, 14.71124691605098000 ) ) ;
#2676 = ORIENTED_EDGE ( 'NONE', *, *, #826, .T. ) ;
#2677 = CARTESIAN_POINT ( 'NONE',  ( 0.000000000000000000, 5.000000000000000000, 0.000000000000000000 ) ) ;
#2678 = EDGE_CURVE ( 'NONE', #2817, #768, #463, .T. ) ;
#2679 = CARTESIAN_POINT ( 'NONE',  ( -12.00000000000000178, -5.000000000000000000, 1.256933281983528260E-13 ) ) ;
#2680 = CARTESIAN_POINT ( 'NONE',  ( 14.16486587031516819, -5.000000000000000000, 13.94031745964149671 ) ) ;
#2681 = DIRECTION ( 'NONE',  ( 0.000000000000000000, 1.000000000000000000, 0.000000000000000000 ) ) ;
#2682 = ORIENTED_EDGE ( 'NONE', *, *, #3291, .T. ) ;
#2683 = CIRCLE ( 'NONE', #4107, 23.25000000000000000 ) ;
#2684 = ORIENTED_EDGE ( 'NONE', *, *, #3438, .F. ) ;
#2685 = DIRECTION ( 'NONE',  ( 0.000000000000000000, -1.000000000000000000, -0.000000000000000000 ) ) ;
#2686 = VECTOR ( 'NONE', #4536, 1000.000000000000000 ) ;
#2687 = CARTESIAN_POINT ( 'NONE',  ( 16.04235741995733378, -5.000000000000000000, -12.66362776686422187 ) ) ;
#2688 = ADVANCED_FACE ( 'NONE', ( #973 ), #1005, .T. ) ;
#2689 = FACE_OUTER_BOUND ( 'NONE', #621, .T. ) ;
#2690 = EDGE_CURVE ( 'NONE', #2542, #3410, #2932, .T. ) ;
#2691 = ORIENTED_EDGE ( 'NONE', *, *, #4128, .T. ) ;
#2692 = ADVANCED_FACE ( 'NONE', ( #334 ), #1757, .F. ) ;
#2693 = FACE_OUTER_BOUND ( 'NONE', #2164, .T. ) ;
#2694 = AXIS2_PLACEMENT_3D ( 'NONE', #1027, #3505, #2755 ) ;
#2695 = VECTOR ( 'NONE', #4169, 1000.000000000000000 ) ;
#2696 = FILL_AREA_STYLE ('',( #2673 ) ) ;
#2697 = CARTESIAN_POINT ( 'NONE',  ( 0.000000000000000000, 5.000000000000000000, 0.000000000000000000 ) ) ;
#2698 = CIRCLE ( 'NONE', #101, 19.87399999999006539 ) ;
#2700 = AXIS2_PLACEMENT_3D ( 'NONE', #2243, #3672, #2288 ) ;
#2699 = DIRECTION ( 'NONE',  ( 0.000000000000000000, 0.000000000000000000, 1.000000000000000000 ) ) ;
#2701 = ORIENTED_EDGE ( 'NONE', *, *, #4270, .T. ) ;
#2702 = CARTESIAN_POINT ( 'NONE',  ( 0.000000000000000000, -5.000000000000000000, 0.000000000000000000 ) ) ;
#2703 = CYLINDRICAL_SURFACE ( 'NONE', #2275, 8.699999999995650768 ) ;
#2704 = CIRCLE ( 'NONE', #3910, 19.87399999999006539 ) ;
#2705 = CARTESIAN_POINT ( 'NONE',  ( 0.000000000000000000, -5.000000000000000000, 0.000000000000000000 ) ) ;
#2706 = CARTESIAN_POINT ( 'NONE',  ( 0.000000000000000000, 5.000000000000000000, 0.000000000000000000 ) ) ;
#2707 = VERTEX_POINT ( 'NONE', #2809 ) ;
#2708 = CIRCLE ( 'NONE', #3014, 2.099999999999999645 ) ;
#2709 = CARTESIAN_POINT ( 'NONE',  ( 20.74549727965184331, 0.000000000000000000, 10.49699207487352481 ) ) ;
#2710 = AXIS2_PLACEMENT_3D ( 'NONE', #403, #1826, #76 ) ;
#2711 = AXIS2_PLACEMENT_3D ( 'NONE', #4556, #1350, #574 ) ;
#2712 = ORIENTED_EDGE ( 'NONE', *, *, #2547, .F. ) ;
#2713 = EDGE_CURVE ( 'NONE', #731, #2904, #2856, .T. ) ;
#2714 = CYLINDRICAL_SURFACE ( 'NONE', #2638, 23.25000000000000000 ) ;
#2715 = CIRCLE ( 'NONE', #4439, 8.699999999995650768 ) ;
#2716 = COLOUR_RGB ( '',0.7921568627450980005, 0.8196078431372548767, 0.9333333333333333481 ) ;
#2717 = CARTESIAN_POINT ( 'NONE',  ( -19.48430886138786988, -5.000000000000000000, -6.171418637671311380 ) ) ;
#2718 = CARTESIAN_POINT ( 'NONE',  ( -8.972215365938232878, -5.000000000000000000, -17.73344939448687541 ) ) ;
#2719 = VERTEX_POINT ( 'NONE', #4218 ) ;
#2720 = AXIS2_PLACEMENT_3D ( 'NONE', #4026, #464, #1190 ) ;
#2721 = VECTOR ( 'NONE', #2590, 1000.000000000000000 ) ;
#2722 = EDGE_CURVE ( 'NONE', #2615, #1569, #1138, .T. ) ;
#2723 = DIRECTION ( 'NONE',  ( 0.000000000000000000, 1.000000000000000000, 0.000000000000000000 ) ) ;
#2724 =( LENGTH_UNIT ( ) NAMED_UNIT ( * ) SI_UNIT ( .MILLI., .METRE. ) );
#2725 = DIRECTION ( 'NONE',  ( 0.000000000000000000, 0.000000000000000000, 1.000000000000000000 ) ) ;
#2726 = CARTESIAN_POINT ( 'NONE',  ( 18.70907146042785385, 5.000000000000000000, 6.704216664772190803 ) ) ;
#2727 = VERTEX_POINT ( 'NONE', #231 ) ;
#2728 = DIRECTION ( 'NONE',  ( 0.000000000000000000, 0.000000000000000000, 1.000000000000000000 ) ) ;
#2729 = CARTESIAN_POINT ( 'NONE',  ( 15.09216836474836398, -5.000000000000000000, -13.78227680238077646 ) ) ;
#2730 = CARTESIAN_POINT ( 'NONE',  ( 0.000000000000000000, -5.000000000000000000, 0.000000000000000000 ) ) ;
#2731 = DIRECTION ( 'NONE',  ( 0.000000000000000000, 0.000000000000000000, 1.000000000000000000 ) ) ;
#2732 = EDGE_LOOP ( 'NONE', ( #2617, #2153, #3855, #2900 ) ) ;
#2733 = ORIENTED_EDGE ( 'NONE', *, *, #4455, .F. ) ;
#2734 = CARTESIAN_POINT ( 'NONE',  ( 0.000000000000000000, 5.000000000000000000, -12.00000000000000178 ) ) ;
#2735 = CARTESIAN_POINT ( 'NONE',  ( 20.03733873341299798, 5.000000000000000000, 4.028617168436590568 ) ) ;
#2736 = ORIENTED_EDGE ( 'NONE', *, *, #4335, .T. ) ;
#2737 = ORIENTED_EDGE ( 'NONE', *, *, #843, .T. ) ;
#2738 = FACE_OUTER_BOUND ( 'NONE', #3659, .T. ) ;
#2739 = DIRECTION ( 'NONE',  ( 0.000000000000000000, 1.000000000000000000, 0.000000000000000000 ) ) ;
#2740 = CYLINDRICAL_SURFACE ( 'NONE', #4595, 8.699999999995647215 ) ;
#2741 = ORIENTED_EDGE ( 'NONE', *, *, #2910, .T. ) ;
#2742 = CARTESIAN_POINT ( 'NONE',  ( 14.57913742957722114, -5.000000000000000000, 14.32387697576515073 ) ) ;
#2743 = EDGE_CURVE ( 'NONE', #4419, #1541, #531, .T. ) ;
#2744 = DIRECTION ( 'NONE',  ( 0.000000000000000000, 0.000000000000000000, 1.000000000000000000 ) ) ;
#2745 = CARTESIAN_POINT ( 'NONE',  ( -5.681495643958494490, 5.000000000000000000, 19.04459196851656699 ) ) ;
#2746 = DIRECTION ( 'NONE',  ( -0.000000000000000000, 1.000000000000000000, 0.000000000000000000 ) ) ;
#2747 = VERTEX_POINT ( 'NONE', #1283 ) ;
#2748 = DIRECTION ( 'NONE',  ( 0.000000000000000000, 0.000000000000000000, 1.000000000000000000 ) ) ;
#2749 = FACE_OUTER_BOUND ( 'NONE', #734, .T. ) ;
#2750 = EDGE_CURVE ( 'NONE', #2707, #1665, #1434, .T. ) ;
#2751 = LINE ( 'NONE', #2777, #2686 ) ;
#2752 = ORIENTED_EDGE ( 'NONE', *, *, #2292, .T. ) ;
#2753 = VERTEX_POINT ( 'NONE', #2056 ) ;
#2754 = EDGE_CURVE ( 'NONE', #39, #1353, #1728, .T. ) ;
#2755 = DIRECTION ( 'NONE',  ( 0.9635499925192236859, 0.000000000000000000, 0.2675283385292181459 ) ) ;
#2756 = CARTESIAN_POINT ( 'NONE',  ( -15.58904425993512355, -5.000000000000000000, -12.32710732740608606 ) ) ;
#2757 = VERTEX_POINT ( 'NONE', #2028 ) ;
#2758 = CARTESIAN_POINT ( 'NONE',  ( -20.35544912910231119, 5.000000000000000000, -1.838583846302023650 ) ) ;
#2759 = CARTESIAN_POINT ( 'NONE',  ( 19.71287217419893523, -5.000000000000000000, 2.525578476962956564 ) ) ;
#2760 = CARTESIAN_POINT ( 'NONE',  ( 0.000000000000000000, 5.000000000000000000, -9.900000000000002132 ) ) ;
#2761 = AXIS2_PLACEMENT_3D ( 'NONE', #3883, #951, #3191 ) ;
#2762 = DIRECTION ( 'NONE',  ( 0.000000000000000000, 1.000000000000000000, -0.000000000000000000 ) ) ;
#2763 = VERTEX_POINT ( 'NONE', #2404 ) ;
#2764 = ORIENTED_EDGE ( 'NONE', *, *, #4369, .T. ) ;
#2765 = AXIS2_PLACEMENT_3D ( 'NONE', #3977, #4355, #1796 ) ;
#2766 = DIRECTION ( 'NONE',  ( 0.000000000000000000, 0.000000000000000000, 1.000000000000000000 ) ) ;
#2767 = CARTESIAN_POINT ( 'NONE',  ( 9.358458750909921520, -5.000000000000000000, 21.28336791505323689 ) ) ;
#2768 = DIRECTION ( 'NONE',  ( -0.6876994588534295350, 0.000000000000000000, -0.7259954919231249582 ) ) ;
#2769 = CIRCLE ( 'NONE', #2478, 19.87399999999006539 ) ;
#2770 = AXIS2_PLACEMENT_3D ( 'NONE', #3842, #3464, #3537 ) ;
#2771 = ORIENTED_EDGE ( 'NONE', *, *, #1693, .T. ) ;
#2772 = ADVANCED_FACE ( 'NONE', ( #4590 ), #2454, .T. ) ;
#2773 = LINE ( 'NONE', #3479, #4372 ) ;
#2774 = EDGE_CURVE ( 'NONE', #1181, #850, #4144, .T. ) ;
#2775 = LINE ( 'NONE', #999, #2336 ) ;
#2776 = CIRCLE ( 'NONE', #1881, 8.699999999995648992 ) ;
#2777 = CARTESIAN_POINT ( 'NONE',  ( -2.953859883738002345, 0.000000000000000000, -23.06159603729202701 ) ) ;
#2778 = ORIENTED_EDGE ( 'NONE', *, *, #2457, .T. ) ;
#2779 = ORIENTED_EDGE ( 'NONE', *, *, #2565, .T. ) ;
#2780 = CARTESIAN_POINT ( 'NONE',  ( 0.000000000000000000, 5.000000000000000000, 12.00000000000000178 ) ) ;
#2781 = AXIS2_PLACEMENT_3D ( 'NONE', #4501, #2043, #3473 ) ;
#2782 = DIRECTION ( 'NONE',  ( 0.000000000000000000, -1.000000000000000000, -0.000000000000000000 ) ) ;
#2783 = ORIENTED_EDGE ( 'NONE', *, *, #782, .F. ) ;
#2784 = LINE ( 'NONE', #604, #2695 ) ;
#2785 = AXIS2_PLACEMENT_3D ( 'NONE', #2340, #3043, #888 ) ;
#2786 = VECTOR ( 'NONE', #3103, 1000.000000000000000 ) ;
#2787 = DIRECTION ( 'NONE',  ( -0.8835120444460178302, 0.000000000000000000, 0.4684084406997996441 ) ) ;
#2788 = AXIS2_PLACEMENT_3D ( 'NONE', #1258, #3454, #253 ) ;
#2789 = LINE ( 'NONE', #3540, #960 ) ;
#2790 = VERTEX_POINT ( 'NONE', #3836 ) ;
#2791 = ORIENTED_EDGE ( 'NONE', *, *, #3861, .F. ) ;
#2792 = AXIS2_PLACEMENT_3D ( 'NONE', #495, #2289, #512 ) ;
#2793 = AXIS2_PLACEMENT_3D ( 'NONE', #4104, #216, #3068 ) ;
#2794 = DIRECTION ( 'NONE',  ( 0.000000000000000000, -1.000000000000000000, 0.000000000000000000 ) ) ;
#2795 = EDGE_CURVE ( 'NONE', #789, #4587, #4199, .T. ) ;
#2796 = CIRCLE ( 'NONE', #2346, 23.25000000000000000 ) ;
#2797 = DIRECTION ( 'NONE',  ( 0.000000000000000000, 0.000000000000000000, 1.000000000000000000 ) ) ;
#2798 = FACE_OUTER_BOUND ( 'NONE', #114, .T. ) ;
#2799 = CARTESIAN_POINT ( 'NONE',  ( 5.681495643958737851, 5.000000000000000000, 19.04459196851649594 ) ) ;
#2800 = EDGE_CURVE ( 'NONE', #3205, #1637, #2358, .T. ) ;
#2801 = ORIENTED_EDGE ( 'NONE', *, *, #570, .F. ) ;
#2802 = EDGE_CURVE ( 'NONE', #730, #2855, #975, .T. ) ;
#2803 = CARTESIAN_POINT ( 'NONE',  ( 7.707273062986660150, -5.000000000000000000, -18.31867402221474350 ) ) ;
#2804 = DIRECTION ( 'NONE',  ( -0.000000000000000000, 1.000000000000000000, -0.000000000000000000 ) ) ;
#2805 = APPLICATION_CONTEXT ( 'automotive_design' ) ;
#2806 = CARTESIAN_POINT ( 'NONE',  ( 0.000000000000000000, -5.000000000000000000, 0.000000000000000000 ) ) ;
#2807 = ORIENTED_EDGE ( 'NONE', *, *, #361, .F. ) ;
#2808 = ORIENTED_EDGE ( 'NONE', *, *, #50, .F. ) ;
#2809 = CARTESIAN_POINT ( 'NONE',  ( -19.32425140702124366, 5.000000000000000000, -4.642109817512131364 ) ) ;
#2810 = DIRECTION ( 'NONE',  ( -0.000000000000000000, 1.000000000000000000, -0.000000000000000000 ) ) ;
#2811 = EDGE_CURVE ( 'NONE', #2990, #1665, #3082, .T. ) ;
#2812 = ORIENTED_EDGE ( 'NONE', *, *, #3692, .T. ) ;
#2813 = CARTESIAN_POINT ( 'NONE',  ( -12.36416346427704482, 0.000000000000000000, -19.68984412910971926 ) ) ;
#2814 = DIRECTION ( 'NONE',  ( -0.000000000000000000, 1.000000000000000000, -0.000000000000000000 ) ) ;
#2815 = EDGE_CURVE ( 'NONE', #370, #1738, #767, .T. ) ;
#2816 = CARTESIAN_POINT ( 'NONE',  ( -12.57461737942594304, -5.000000000000000000, -15.39009011541660854 ) ) ;
#2817 = VERTEX_POINT ( 'NONE', #4133 ) ;
#2818 = ORIENTED_EDGE ( 'NONE', *, *, #2654, .T. ) ;
#2819 = CARTESIAN_POINT ( 'NONE',  ( 0.000000000000000000, -5.000000000000000000, 0.000000000000000000 ) ) ;
#2820 = DIRECTION ( 'NONE',  ( -0.000000000000000000, 1.000000000000000000, -0.000000000000000000 ) ) ;
#2821 = DIRECTION ( 'NONE',  ( -0.000000000000000000, -1.000000000000000000, 0.000000000000000000 ) ) ;
#2822 = CARTESIAN_POINT ( 'NONE',  ( 7.217226936875296595, 5.000000000000000000, 19.12161957442402738 ) ) ;
#2823 = DIRECTION ( 'NONE',  ( -0.8835120444460178302, 0.000000000000000000, 0.4684084406997996441 ) ) ;
#2824 = ORIENTED_EDGE ( 'NONE', *, *, #1585, .F. ) ;
#2825 = DIRECTION ( 'NONE',  ( 0.000000000000000000, 1.000000000000000000, 0.000000000000000000 ) ) ;
#2826 = CARTESIAN_POINT ( 'NONE',  ( 13.71495815577575961, 0.000000000000000000, 18.77398260320169854 ) ) ;
#2827 = CARTESIAN_POINT ( 'NONE',  ( 1.478781897387235977, -5.000000000000000000, 20.38474684432737050 ) ) ;
#2828 = VERTEX_POINT ( 'NONE', #3071 ) ;
#2829 = ORIENTED_EDGE ( 'NONE', *, *, #3465, .T. ) ;
#2830 = EDGE_CURVE ( 'NONE', #1706, #2940, #3421, .T. ) ;
#2831 = ADVANCED_FACE ( 'NONE', ( #3793 ), #2015, .T. ) ;
#2832 = FACE_OUTER_BOUND ( 'NONE', #1250, .T. ) ;
#2833 = DIRECTION ( 'NONE',  ( 0.000000000000000000, 0.000000000000000000, 1.000000000000000000 ) ) ;
#2834 = ORIENTED_EDGE ( 'NONE', *, *, #2489, .F. ) ;
#2835 = CYLINDRICAL_SURFACE ( 'NONE', #2182, 8.699999999995647215 ) ;
#2836 = CYLINDRICAL_SURFACE ( 'NONE', #4488, 19.87399999999006184 ) ;
#2837 = CARTESIAN_POINT ( 'NONE',  ( 0.000000000000000000, 5.000000000000000000, 0.000000000000000000 ) ) ;
#2838 = ORIENTED_EDGE ( 'NONE', *, *, #2750, .T. ) ;
#2839 = EDGE_LOOP ( 'NONE', ( #4239, #4309, #3640, #1831 ) ) ;
#2840 = CARTESIAN_POINT ( 'NONE',  ( 21.43075946226943529, 5.000000000000000000, -9.015822140567607335 ) ) ;
#2841 = EDGE_CURVE ( 'NONE', #2719, #1785, #2776, .T. ) ;
#2842 = CARTESIAN_POINT ( 'NONE',  ( 0.000000000000000000, -5.000000000000000000, -12.00000000000000178 ) ) ;
#2843 = EDGE_CURVE ( 'NONE', #3943, #2453, #2369, .T. ) ;
#2844 = CIRCLE ( 'NONE', #2991, 23.25000000000000000 ) ;
#2845 = CARTESIAN_POINT ( 'NONE',  ( 0.000000000000000000, 5.000000000000000000, 12.00000000000000178 ) ) ;
#2846 = ORIENTED_EDGE ( 'NONE', *, *, #1149, .F. ) ;
#2847 = FACE_BOUND ( 'NONE', #462, .T. ) ;
#2848 = AXIS2_PLACEMENT_3D ( 'NONE', #2806, #1022, #328 ) ;
#2849 = EDGE_LOOP ( 'NONE', ( #2906, #3367, #2957, #303 ) ) ;
#2850 = CIRCLE ( 'NONE', #3230, 8.699999999995650768 ) ;
#2851 = FACE_BOUND ( 'NONE', #3787, .T. ) ;
#2852 = FACE_OUTER_BOUND ( 'NONE', #3333, .T. ) ;
#2853 = DIRECTION ( 'NONE',  ( 0.000000000000000000, 0.000000000000000000, 1.000000000000000000 ) ) ;
#2854 = VERTEX_POINT ( 'NONE', #588 ) ;
#2855 = VERTEX_POINT ( 'NONE', #3150 ) ;
#2856 = CIRCLE ( 'NONE', #2558, 2.099999999999999645 ) ;
#2857 = VECTOR ( 'NONE', #2436, 1000.000000000000000 ) ;
#2858 = CARTESIAN_POINT ( 'NONE',  ( 0.000000000000000000, 5.000000000000000000, 0.000000000000000000 ) ) ;
#2859 = ORIENTED_EDGE ( 'NONE', *, *, #1125, .F. ) ;
#2860 = CIRCLE ( 'NONE', #907, 23.25000000000000000 ) ;
#2861 = VECTOR ( 'NONE', #292, 1000.000000000000000 ) ;
#2862 = ORIENTED_EDGE ( 'NONE', *, *, #3958, .F. ) ;
#2863 = DIRECTION ( 'NONE',  ( -0.5155538571770285072, 0.000000000000000000, -0.8568571761675850551 ) ) ;
#2864 = VECTOR ( 'NONE', #2177, 1000.000000000000000 ) ;
#2865 = FACE_OUTER_BOUND ( 'NONE', #499, .T. ) ;
#2866 = EDGE_CURVE ( 'NONE', #2304, #807, #2860, .T. ) ;
#2867 = DIRECTION ( 'NONE',  ( 0.000000000000000000, 0.000000000000000000, 1.000000000000000000 ) ) ;
#2868 = ORIENTED_EDGE ( 'NONE', *, *, #1971, .F. ) ;
#2869 = EDGE_CURVE ( 'NONE', #731, #1541, #2325, .T. ) ;
#2870 = ORIENTED_EDGE ( 'NONE', *, *, #1389, .F. ) ;
#2871 = DIRECTION ( 'NONE',  ( 0.000000000000000000, 1.000000000000000000, 0.000000000000000000 ) ) ;
#2872 = VECTOR ( 'NONE', #3425, 1000.000000000000000 ) ;
#2873 = FACE_OUTER_BOUND ( 'NONE', #4096, .T. ) ;
#2874 = CIRCLE ( 'NONE', #1294, 23.25000000000000000 ) ;
#2875 = EDGE_CURVE ( 'NONE', #2790, #3801, #1519, .T. ) ;
#2876 = DIRECTION ( 'NONE',  ( 0.000000000000000000, 1.000000000000000000, 0.000000000000000000 ) ) ;
#2877 = VECTOR ( 'NONE', #3419, 1000.000000000000000 ) ;
#2878 = ORIENTED_EDGE ( 'NONE', *, *, #4554, .F. ) ;
#2879 = CARTESIAN_POINT ( 'NONE',  ( 0.000000000000000000, 5.000000000000000000, 0.000000000000000000 ) ) ;
#2880 = VECTOR ( 'NONE', #1590, 1000.000000000000000 ) ;
#2881 = ORIENTED_EDGE ( 'NONE', *, *, #3181, .F. ) ;
#2882 = CIRCLE ( 'NONE', #1383, 8.699999999995648992 ) ;
#2883 = DIRECTION ( 'NONE',  ( 0.000000000000000000, 0.000000000000000000, 1.000000000000000000 ) ) ;
#2884 = DIRECTION ( 'NONE',  ( -0.000000000000000000, -1.000000000000000000, 0.000000000000000000 ) ) ;
#2885 = CARTESIAN_POINT ( 'NONE',  ( 12.57461737942575120, 5.000000000000000000, -15.39009011541676841 ) ) ;
#2886 = ORIENTED_EDGE ( 'NONE', *, *, #209, .F. ) ;
#2887 = FACE_OUTER_BOUND ( 'NONE', #4040, .T. ) ;
#2888 = ORIENTED_EDGE ( 'NONE', *, *, #1202, .T. ) ;
#2889 = DIRECTION ( 'NONE',  ( 0.000000000000000000, 0.000000000000000000, 1.000000000000000000 ) ) ;
#2890 = VERTEX_POINT ( 'NONE', #1624 ) ;
#2891 = VERTEX_POINT ( 'NONE', #922 ) ;
#2892 = CARTESIAN_POINT ( 'NONE',  ( 3.589107883145656874, -5.000000000000000000, -19.54722948662410431 ) ) ;
#2894 = EDGE_CURVE ( 'NONE', #2790, #175, #3312, .T. ) ;
#2893 = CARTESIAN_POINT ( 'NONE',  ( 13.15300240466680215, -5.000000000000000000, 14.89880544682809038 ) ) ;
#2895 = ORIENTED_EDGE ( 'NONE', *, *, #1620, .T. ) ;
#2896 = DIRECTION ( 'NONE',  ( 0.000000000000000000, 0.000000000000000000, 1.000000000000000000 ) ) ;
#2897 = ORIENTED_EDGE ( 'NONE', *, *, #1585, .T. ) ;
#2898 = CARTESIAN_POINT ( 'NONE',  ( -7.002462217011601098, -5.000000000000000000, -22.17043127454504514 ) ) ;
#2899 = ADVANCED_FACE ( 'NONE', ( #4209 ), #4552, .T. ) ;
#2900 = ORIENTED_EDGE ( 'NONE', *, *, #1149, .T. ) ;
#2901 = DIRECTION ( 'NONE',  ( -0.5155538571770285072, 0.000000000000000000, -0.8568571761675849441 ) ) ;
#2902 = CARTESIAN_POINT ( 'NONE',  ( -20.35544912910231119, -5.000000000000000000, -1.838583846302023650 ) ) ;
#2903 = DIRECTION ( 'NONE',  ( 0.000000000000000000, 1.000000000000000000, -0.000000000000000000 ) ) ;
#2904 = VERTEX_POINT ( 'NONE', #3774 ) ;
#2905 = CYLINDRICAL_SURFACE ( 'NONE', #473, 8.699999999995647215 ) ;
#2906 = ORIENTED_EDGE ( 'NONE', *, *, #2276, .F. ) ;
#2907 = EDGE_CURVE ( 'NONE', #3890, #3341, #2399, .T. ) ;
#2908 = ORIENTED_EDGE ( 'NONE', *, *, #1675, .T. ) ;
#2909 = LINE ( 'NONE', #2210, #834 ) ;
#2910 = EDGE_CURVE ( 'NONE', #1681, #3374, #169, .T. ) ;
#2911 = EDGE_LOOP ( 'NONE', ( #3663, #4248, #1171, #702 ) ) ;
#2912 = VERTEX_POINT ( 'NONE', #3104 ) ;
#2913 = DIRECTION ( 'NONE',  ( 0.000000000000000000, 0.000000000000000000, 1.000000000000000000 ) ) ;
#2914 = DIRECTION ( 'NONE',  ( 0.000000000000000000, -1.000000000000000000, 0.000000000000000000 ) ) ;
#2915 = ORIENTED_EDGE ( 'NONE', *, *, #4522, .F. ) ;
#2916 = CYLINDRICAL_SURFACE ( 'NONE', #3694, 19.87399999999006184 ) ;
#2917 = ORIENTED_EDGE ( 'NONE', *, *, #152, .T. ) ;
#2918 = DIRECTION ( 'NONE',  ( -0.6051742151937556935, 0.000000000000000000, 0.7960930657056509707 ) ) ;
#2919 = VERTEX_POINT ( 'NONE', #1992 ) ;
#2920 = CIRCLE ( 'NONE', #3588, 8.699999999995647215 ) ;
#2921 = CARTESIAN_POINT ( 'NONE',  ( -20.27479121899671810, 5.000000000000000000, 11.28022108227681741 ) ) ;
#2922 = CARTESIAN_POINT ( 'NONE',  ( 9.358458750909917967, 0.000000000000000000, 21.28336791505323689 ) ) ;
#2923 = DIRECTION ( 'NONE',  ( -0.000000000000000000, -1.000000000000000000, 0.000000000000000000 ) ) ;
#2924 = EDGE_LOOP ( 'NONE', ( #3, #2178, #4008, #2295 ) ) ;
#2925 = CIRCLE ( 'NONE', #3304, 23.25000000000000000 ) ;
#2926 = CARTESIAN_POINT ( 'NONE',  ( -20.35544912910231119, -5.000000000000000000, -1.838583846302023650 ) ) ;
#2927 = EDGE_CURVE ( 'NONE', #1851, #2707, #4125, .T. ) ;
#2928 = ORIENTED_EDGE ( 'NONE', *, *, #2910, .F. ) ;
#2929 = VECTOR ( 'NONE', #2938, 1000.000000000000000 ) ;
#2930 = ORIENTED_EDGE ( 'NONE', *, *, #4607, .T. ) ;
#2931 = CARTESIAN_POINT ( 'NONE',  ( -20.33034959196405467, -5.000000000000000000, 11.28004368203097663 ) ) ;
#2932 = CIRCLE ( 'NONE', #3235, 8.699999999995648992 ) ;
#2933 = AXIS2_PLACEMENT_3D ( 'NONE', #2180, #4361, #1157 ) ;
#2934 = VECTOR ( 'NONE', #2746, 1000.000000000000000 ) ;
#2935 = ORIENTED_EDGE ( 'NONE', *, *, #1684, .T. ) ;
#2936 = AXIS2_PLACEMENT_3D ( 'NONE', #2306, #2644, #2993 ) ;
#2937 = CARTESIAN_POINT ( 'NONE',  ( -9.358458750909637303, 5.000000000000000000, 21.28336791505336123 ) ) ;
#2938 = DIRECTION ( 'NONE',  ( -0.000000000000000000, 1.000000000000000000, -0.000000000000000000 ) ) ;
#2939 = CIRCLE ( 'NONE', #538, 19.87399999999006894 ) ;
#2940 = VERTEX_POINT ( 'NONE', #2726 ) ;
#2941 = LINE ( 'NONE', #3342, #2721 ) ;
#2942 = ORIENTED_EDGE ( 'NONE', *, *, #4455, .T. ) ;
#2943 = EDGE_CURVE ( 'NONE', #29, #1029, #3498, .T. ) ;
#2944 = AXIS2_PLACEMENT_3D ( 'NONE', #758, #4387, #3289 ) ;
#2945 = CARTESIAN_POINT ( 'NONE',  ( -17.31749543725608120, -5.000000000000000000, 10.85490910086166849 ) ) ;
#2946 = ORIENTED_EDGE ( 'NONE', *, *, #4025, .F. ) ;
#2947 = AXIS2_PLACEMENT_3D ( 'NONE', #183, #3403, #199 ) ;
#2948 = DIRECTION ( 'NONE',  ( 0.000000000000000000, 0.000000000000000000, 1.000000000000000000 ) ) ;
#2949 = CIRCLE ( 'NONE', #108, 23.25000000000000000 ) ;
#2950 = CARTESIAN_POINT ( 'NONE',  ( 16.49382366668131539, 5.000000000000000000, 12.06973407576895063 ) ) ;
#2951 = CARTESIAN_POINT ( 'NONE',  ( 4.950282533840161037, -5.000000000000000000, -19.24761228918439571 ) ) ;
#2952 = EDGE_CURVE ( 'NONE', #776, #1774, #3048, .T. ) ;
#2953 = VERTEX_POINT ( 'NONE', #2675 ) ;
#2954 = AXIS2_PLACEMENT_3D ( 'NONE', #3778, #645, #1020 ) ;
#2955 = AXIS2_PLACEMENT_3D ( 'NONE', #4412, #2637, #1865 ) ;
#2956 = DIRECTION ( 'NONE',  ( -0.000000000000000000, 1.000000000000000000, -0.000000000000000000 ) ) ;
#2957 = ORIENTED_EDGE ( 'NONE', *, *, #209, .T. ) ;
#2958 = CIRCLE ( 'NONE', #3025, 19.87399999999006539 ) ;
#2959 = CIRCLE ( 'NONE', #552, 19.87399999999006539 ) ;
#2960 = CARTESIAN_POINT ( 'NONE',  ( -14.57913742957703462, -5.000000000000000000, 14.32387697576535146 ) ) ;
#2961 = EDGE_CURVE ( 'NONE', #2431, #2396, #4575, .T. ) ;
#2962 = VERTEX_POINT ( 'NONE', #3824 ) ;
#2963 = DIRECTION ( 'NONE',  ( -0.000000000000000000, -1.000000000000000000, 0.000000000000000000 ) ) ;
#2964 = EDGE_CURVE ( 'NONE', #2854, #1738, #2071, .T. ) ;
#2965 = CARTESIAN_POINT ( 'NONE',  ( 22.51702208896287161, 0.000000000000000000, 5.791909550843997501 ) ) ;
#2966 = VERTEX_POINT ( 'NONE', #1399 ) ;
#2967 = DIRECTION ( 'NONE',  ( 0.000000000000000000, 0.000000000000000000, 1.000000000000000000 ) ) ;
#2968 = ORIENTED_EDGE ( 'NONE', *, *, #428, .F. ) ;
#2969 = CARTESIAN_POINT ( 'NONE',  ( 7.002462217011303558, -5.000000000000000000, -22.17043127454513751 ) ) ;
#2970 = ORIENTED_EDGE ( 'NONE', *, *, #1142, .F. ) ;
#2971 = DIRECTION ( 'NONE',  ( -0.000000000000000000, 1.000000000000000000, -0.000000000000000000 ) ) ;
#2972 = DIRECTION ( 'NONE',  ( 0.000000000000000000, -1.000000000000000000, -0.000000000000000000 ) ) ;
#2973 = CARTESIAN_POINT ( 'NONE',  ( 0.000000000000000000, -5.000000000000000000, 0.000000000000000000 ) ) ;
#2974 = ORIENTED_EDGE ( 'NONE', *, *, #1523, .F. ) ;
#2975 = DIRECTION ( 'NONE',  ( 0.000000000000000000, -1.000000000000000000, 0.000000000000000000 ) ) ;
#2976 = CARTESIAN_POINT ( 'NONE',  ( 9.901439139121102073, 5.000000000000000000, 17.87977076982911129 ) ) ;
#2977 = CARTESIAN_POINT ( 'NONE',  ( 0.000000000000000000, -5.000000000000000000, 0.000000000000000000 ) ) ;
#2978 = ADVANCED_FACE ( 'NONE', ( #4606 ), #666, .F. ) ;
#2979 = EDGE_CURVE ( 'NONE', #294, #2509, #3204, .T. ) ;
#2980 = ORIENTED_EDGE ( 'NONE', *, *, #1868, .T. ) ;
#2981 = CARTESIAN_POINT ( 'NONE',  ( 22.27991327221014117, -5.000000000000000000, 6.645898327750304091 ) ) ;
#2982 = CARTESIAN_POINT ( 'NONE',  ( 0.000000000000000000, -5.000000000000000000, 0.000000000000000000 ) ) ;
#2983 = ORIENTED_EDGE ( 'NONE', *, *, #3004, .T. ) ;
#2984 =( NAMED_UNIT ( * ) PLANE_ANGLE_UNIT ( ) SI_UNIT ( $, .RADIAN. ) );
#2985 = DIRECTION ( 'NONE',  ( 0.000000000000000000, -1.000000000000000000, 0.000000000000000000 ) ) ;
#2986 = ORIENTED_EDGE ( 'NONE', *, *, #4444, .T. ) ;
#2987 = CARTESIAN_POINT ( 'NONE',  ( 0.7338656050839710288, -5.000000000000000000, -20.42513503213698201 ) ) ;
#2988 = CARTESIAN_POINT ( 'NONE',  ( 0.000000000000000000, -5.000000000000000000, 0.000000000000000000 ) ) ;
#2989 = DIRECTION ( 'NONE',  ( 0.000000000000000000, 1.000000000000000000, -0.000000000000000000 ) ) ;
#2990 = VERTEX_POINT ( 'NONE', #3183 ) ;
#2991 = AXIS2_PLACEMENT_3D ( 'NONE', #1357, #301, #4591 ) ;
#2992 = EDGE_LOOP ( 'NONE', ( #4050, #2402 ) ) ;
#2993 = DIRECTION ( 'NONE',  ( 0.9289767198167897533, 0.000000000000000000, -0.3701381553399182289 ) ) ;
#2994 = EDGE_LOOP ( 'NONE', ( #2691, #914, #2544, #2667 ) ) ;
#2995 = CARTESIAN_POINT ( 'NONE',  ( 0.000000000000000000, 5.000000000000000000, 0.000000000000000000 ) ) ;
#2996 = AXIS2_PLACEMENT_3D ( 'NONE', #2356, #3700, #1592 ) ;
#2997 = ORIENTED_EDGE ( 'NONE', *, *, #3523, .T. ) ;
#2998 = EDGE_CURVE ( 'NONE', #1196, #1452, #3156, .T. ) ;
#2999 = AXIS2_PLACEMENT_3D ( 'NONE', #3785, #4061, #518 ) ;
#3000 = ORIENTED_EDGE ( 'NONE', *, *, #2293, .T. ) ;
#3001 = AXIS2_PLACEMENT_3D ( 'NONE', #1410, #4569, #3887 ) ;
#3002 = DIRECTION ( 'NONE',  ( -0.000000000000000000, 1.000000000000000000, 0.000000000000000000 ) ) ;
#3003 = CIRCLE ( 'NONE', #1139, 4.250000000000000000 ) ;
#3004 = EDGE_CURVE ( 'NONE', #1177, #560, #3819, .T. ) ;
#3005 = LINE ( 'NONE', #1230, #2181 ) ;
#3006 = VERTEX_POINT ( 'NONE', #2799 ) ;
#3007 = VECTOR ( 'NONE', #1119, 1000.000000000000000 ) ;
#3008 = VECTOR ( 'NONE', #1895, 1000.000000000000000 ) ;
#3009 = DIRECTION ( 'NONE',  ( -0.000000000000000000, 1.000000000000000000, 0.000000000000000000 ) ) ;
#3010 = VECTOR ( 'NONE', #3401, 1000.000000000000000 ) ;
#3011 = VERTEX_POINT ( 'NONE', #2196 ) ;
#3012 = EDGE_CURVE ( 'NONE', #3731, #2763, #1845, .T. ) ;
#3013 = DIRECTION ( 'NONE',  ( 0.000000000000000000, -1.000000000000000000, 0.000000000000000000 ) ) ;
#3014 = AXIS2_PLACEMENT_3D ( 'NONE', #66, #1488, #2913 ) ;
#3015 = CARTESIAN_POINT ( 'NONE',  ( -19.24610660530280981, -5.000000000000000000, 6.878377740766657311 ) ) ;
#3016 = ORIENTED_EDGE ( 'NONE', *, *, #4098, .T. ) ;
#3017 = ORIENTED_EDGE ( 'NONE', *, *, #4012, .T. ) ;
#3018 = FACE_OUTER_BOUND ( 'NONE', #649, .T. ) ;
#3020 = EDGE_CURVE ( 'NONE', #2542, #2966, #3256, .T. ) ;
#3019 = AXIS2_PLACEMENT_3D ( 'NONE', #1524, #507, #3300 ) ;
#3021 = FACE_OUTER_BOUND ( 'NONE', #1775, .T. ) ;
#3022 = FACE_OUTER_BOUND ( 'NONE', #3571, .T. ) ;
#3024 = ORIENTED_EDGE ( 'NONE', *, *, #4494, .T. ) ;
#3023 = AXIS2_PLACEMENT_3D ( 'NONE', #4205, #2302, #3727 ) ;
#3025 = AXIS2_PLACEMENT_3D ( 'NONE', #794, #3902, #1076 ) ;
#3026 = DIRECTION ( 'NONE',  ( 0.7621620551276377942, 0.000000000000000000, 0.6473862847818262489 ) ) ;
#3027 = DIRECTION ( 'NONE',  ( -0.3193015301359870550, 0.000000000000000000, -0.9476531711828000137 ) ) ;
#3028 = EDGE_LOOP ( 'NONE', ( #3880, #3590, #924, #4402 ) ) ;
#3029 = CARTESIAN_POINT ( 'NONE',  ( -10.83694299684526108, -5.000000000000000000, 16.65942803588200860 ) ) ;
#3030 = EDGE_CURVE ( 'NONE', #3542, #1193, #1419, .T. ) ;
#3031 = LINE ( 'NONE', #1990, #2877 ) ;
#3032 = DIRECTION ( 'NONE',  ( 0.000000000000000000, 1.000000000000000000, -0.000000000000000000 ) ) ;
#3033 = ORIENTED_EDGE ( 'NONE', *, *, #892, .F. ) ;
#3034 = DIRECTION ( 'NONE',  ( 0.000000000000000000, 0.000000000000000000, 1.000000000000000000 ) ) ;
#3035 = CARTESIAN_POINT ( 'NONE',  ( -14.68674316162207383, -5.000000000000000000, -13.38937830162970144 ) ) ;
#3036 = DIRECTION ( 'NONE',  ( -0.000000000000000000, -1.000000000000000000, 0.000000000000000000 ) ) ;
#3037 = DIRECTION ( 'NONE',  ( -0.000000000000000000, 1.000000000000000000, -0.000000000000000000 ) ) ;
#3038 = ORIENTED_EDGE ( 'NONE', *, *, #1188, .T. ) ;
#3039 = ADVANCED_FACE ( 'NONE', ( #1791 ), #1746, .F. ) ;
#3040 = ADVANCED_FACE ( 'NONE', ( #720, #2847, #3972, #351, #3227, #3570 ), #766, .T. ) ;
#3041 = EDGE_CURVE ( 'NONE', #3595, #3541, #1279, .T. ) ;
#3042 = EDGE_LOOP ( 'NONE', ( #1137, #3709, #1262, #883 ) ) ;
#3043 = DIRECTION ( 'NONE',  ( 0.000000000000000000, -1.000000000000000000, 0.000000000000000000 ) ) ;
#3044 = DIRECTION ( 'NONE',  ( 0.000000000000000000, 0.000000000000000000, -1.000000000000000000 ) ) ;
#3045 = ORIENTED_EDGE ( 'NONE', *, *, #4012, .F. ) ;
#3046 = DIRECTION ( 'NONE',  ( 0.000000000000000000, 0.000000000000000000, 1.000000000000000000 ) ) ;
#3047 = CARTESIAN_POINT ( 'NONE',  ( -11.15907515923841054, -5.000000000000000000, 17.12307628312807140 ) ) ;
#3048 = LINE ( 'NONE', #642, #1584 ) ;
#3049 = ORIENTED_EDGE ( 'NONE', *, *, #1036, .F. ) ;
#3050 = CARTESIAN_POINT ( 'NONE',  ( 0.000000000000000000, -5.000000000000000000, 0.000000000000000000 ) ) ;
#3051 = ORIENTED_EDGE ( 'NONE', *, *, #4097, .T. ) ;
#3052 = DIRECTION ( 'NONE',  ( -0.000000000000000000, -1.000000000000000000, 0.000000000000000000 ) ) ;
#3053 = DIRECTION ( 'NONE',  ( -0.000000000000000000, -1.000000000000000000, 0.000000000000000000 ) ) ;
#3054 = ORIENTED_EDGE ( 'NONE', *, *, #2487, .F. ) ;
#3055 = AXIS2_PLACEMENT_3D ( 'NONE', #308, #3170, #3490 ) ;
#3056 = ORIENTED_EDGE ( 'NONE', *, *, #115, .T. ) ;
#3057 = DIRECTION ( 'NONE',  ( 0.000000000000000000, 0.000000000000000000, 1.000000000000000000 ) ) ;
#3058 = AXIS2_PLACEMENT_3D ( 'NONE', #2372, #3795, #1626 ) ;
#3059 = DIRECTION ( 'NONE',  ( 0.000000000000000000, -1.000000000000000000, 0.000000000000000000 ) ) ;
#3060 = DIRECTION ( 'NONE',  ( 0.000000000000000000, 0.000000000000000000, 1.000000000000000000 ) ) ;
#3061 = ORIENTED_EDGE ( 'NONE', *, *, #50, .T. ) ;
#3062 = CARTESIAN_POINT ( 'NONE',  ( 0.000000000000000000, 0.000000000000000000, 0.000000000000000000 ) ) ;
#3063 = AXIS2_PLACEMENT_3D ( 'NONE', #3533, #3111, #2101 ) ;
#3064 = DIRECTION ( 'NONE',  ( -0.9868265225415278064, 0.000000000000000000, -0.1617819965527551307 ) ) ;
#3065 = AXIS2_PLACEMENT_3D ( 'NONE', #3726, #3644, #1495 ) ;
#3066 = CIRCLE ( 'NONE', #1882, 23.25000000000000000 ) ;
#3067 = EDGE_CURVE ( 'NONE', #1394, #2363, #2698, .T. ) ;
#3068 = DIRECTION ( 'NONE',  ( 0.000000000000000000, 0.000000000000000000, -1.000000000000000000 ) ) ;
#3069 = DIRECTION ( 'NONE',  ( -0.000000000000000000, 1.000000000000000000, 0.000000000000000000 ) ) ;
#3070 = AXIS2_PLACEMENT_3D ( 'NONE', #1559, #792, #1927 ) ;
#3072 = CIRCLE ( 'NONE', #4286, 23.25000000000000000 ) ;
#3071 = CARTESIAN_POINT ( 'NONE',  ( -20.35544912910231119, -5.000000000000000000, 6.861416153693623343 ) ) ;
#3073 = ORIENTED_EDGE ( 'NONE', *, *, #4300, .F. ) ;
#3074 = CARTESIAN_POINT ( 'NONE',  ( -18.00393607450827815, 5.000000000000000000, 14.71124691605098178 ) ) ;
#3075 = DIRECTION ( 'NONE',  ( 0.000000000000000000, 0.000000000000000000, 1.000000000000000000 ) ) ;
#3076 = VECTOR ( 'NONE', #3784, 1000.000000000000000 ) ;
#3077 = DIRECTION ( 'NONE',  ( -0.000000000000000000, 1.000000000000000000, -0.000000000000000000 ) ) ;
#3078 = CARTESIAN_POINT ( 'NONE',  ( -12.94499038266742197, -5.000000000000000000, -15.81619182357126441 ) ) ;
#3079 = EDGE_LOOP ( 'NONE', ( #3686, #4448, #1150, #4390 ) ) ;
#3080 = ORIENTED_EDGE ( 'NONE', *, *, #3433, .F. ) ;
#3081 = CIRCLE ( 'NONE', #1372, 19.87399999999006539 ) ;
#3082 = LINE ( 'NONE', #4189, #3606 ) ;
#3083 = DIRECTION ( 'NONE',  ( -0.000000000000000000, 1.000000000000000000, -0.000000000000000000 ) ) ;
#3084 = CIRCLE ( 'NONE', #1082, 2.099999999999999645 ) ;
#3085 = CIRCLE ( 'NONE', #3999, 8.699999999995648992 ) ;
#3086 = ORIENTED_EDGE ( 'NONE', *, *, #2525, .T. ) ;
#3087 = ORIENTED_EDGE ( 'NONE', *, *, #4121, .T. ) ;
#3088 = DIRECTION ( 'NONE',  ( 0.000000000000000000, 1.000000000000000000, 0.000000000000000000 ) ) ;
#3089 = AXIS2_PLACEMENT_3D ( 'NONE', #252, #1378, #275 ) ;
#3090 = EDGE_CURVE ( 'NONE', #4587, #4307, #317, .T. ) ;
#3091 = AXIS2_PLACEMENT_3D ( 'NONE', #3710, #1849, #3281 ) ;
#3092 = LINE ( 'NONE', #147, #2179 ) ;
#3093 = CARTESIAN_POINT ( 'NONE',  ( -18.19318771073830376, -5.000000000000000000, 7.998987243485623289 ) ) ;
#3094 = ORIENTED_EDGE ( 'NONE', *, *, #2998, .T. ) ;
#3095 = AXIS2_PLACEMENT_3D ( 'NONE', #1794, #2825, #696 ) ;
#3096 =( NAMED_UNIT ( * ) SI_UNIT ( $, .STERADIAN. ) SOLID_ANGLE_UNIT ( ) );
#3097 = AXIS2_PLACEMENT_3D ( 'NONE', #4604, #1768, #3896 ) ;
#3098 = ADVANCED_FACE ( 'NONE', ( #425 ), #1375, .T. ) ;
#3099 = CARTESIAN_POINT ( 'NONE',  ( 13.15300240466680215, -5.000000000000000000, 14.89880544682809038 ) ) ;
#3100 = EDGE_CURVE ( 'NONE', #1093, #2140, #741, .T. ) ;
#3101 = EDGE_CURVE ( 'NONE', #1658, #2265, #3594, .T. ) ;
#3102 = DIRECTION ( 'NONE',  ( 0.9985334138511241520, 0.000000000000000000, 0.05413890858541436923 ) ) ;
#3103 = DIRECTION ( 'NONE',  ( -0.000000000000000000, 1.000000000000000000, -0.000000000000000000 ) ) ;
#3104 = CARTESIAN_POINT ( 'NONE',  ( -7.002296713240109938, 5.000000000000000000, 18.59956227278889074 ) ) ;
#3105 = ORIENTED_EDGE ( 'NONE', *, *, #1490, .T. ) ;
#3106 = DIRECTION ( 'NONE',  ( 0.3193015301359742319, 0.000000000000000000, -0.9476531711828043436 ) ) ;
#3107 = CARTESIAN_POINT ( 'NONE',  ( 0.000000000000000000, 5.000000000000000000, 0.000000000000000000 ) ) ;
#3108 = DIRECTION ( 'NONE',  ( -0.000000000000000000, 1.000000000000000000, -0.000000000000000000 ) ) ;
#3109 = ORIENTED_EDGE ( 'NONE', *, *, #2238, .T. ) ;
#3110 = VERTEX_POINT ( 'NONE', #2898 ) ;
#3111 = DIRECTION ( 'NONE',  ( -0.000000000000000000, 1.000000000000000000, 0.000000000000000000 ) ) ;
#3112 = FACE_OUTER_BOUND ( 'NONE', #2924, .T. ) ;
#3113 = ORIENTED_EDGE ( 'NONE', *, *, #2415, .T. ) ;
#3114 = CARTESIAN_POINT ( 'NONE',  ( -5.429941357380852374, 5.000000000000000000, 22.60703954204099020 ) ) ;
#3115 = CYLINDRICAL_SURFACE ( 'NONE', #2195, 23.25000000000000000 ) ;
#3116 = DIRECTION ( 'NONE',  ( 0.000000000000000000, 0.000000000000000000, 1.000000000000000000 ) ) ;
#3117 = DIRECTION ( 'NONE',  ( -0.000000000000000000, 1.000000000000000000, -0.000000000000000000 ) ) ;
#3118 = ORIENTED_EDGE ( 'NONE', *, *, #2841, .T. ) ;
#3119 = ORIENTED_EDGE ( 'NONE', *, *, #2612, .T. ) ;
#3120 = DIRECTION ( 'NONE',  ( 0.000000000000000000, 1.000000000000000000, 0.000000000000000000 ) ) ;
#3121 = EDGE_CURVE ( 'NONE', #2828, #1483, #1578, .T. ) ;
#3122 = ADVANCED_FACE ( 'NONE', ( #2236 ), #4349, .T. ) ;
#3123 = EDGE_CURVE ( 'NONE', #694, #1494, #27, .T. ) ;
#3124 = DIRECTION ( 'NONE',  ( 0.000000000000000000, 0.000000000000000000, 1.000000000000000000 ) ) ;
#3125 = DIRECTION ( 'NONE',  ( 0.000000000000000000, 1.000000000000000000, 0.000000000000000000 ) ) ;
#3126 = DIRECTION ( 'NONE',  ( -0.000000000000000000, 1.000000000000000000, 0.000000000000000000 ) ) ;
#3127 = VERTEX_POINT ( 'NONE', #1542 ) ;
#3128 = CARTESIAN_POINT ( 'NONE',  ( 23.23567597126659123, -5.000000000000000000, 0.8160037734621033989 ) ) ;
#3129 = CARTESIAN_POINT ( 'NONE',  ( -18.38960165409003267, -5.000000000000000000, -8.918926550389542740 ) ) ;
#3130 = DIRECTION ( 'NONE',  ( 0.000000000000000000, 1.000000000000000000, 0.000000000000000000 ) ) ;
#3131 = ORIENTED_EDGE ( 'NONE', *, *, #2927, .F. ) ;
#3132 = ORIENTED_EDGE ( 'NONE', *, *, #1919, .T. ) ;
#3133 = DIRECTION ( 'NONE',  ( -0.000000000000000000, 1.000000000000000000, -0.000000000000000000 ) ) ;
#3134 = CARTESIAN_POINT ( 'NONE',  ( -4.564368216031076564, -5.000000000000000000, 22.79756659796139928 ) ) ;
#3135 = ORIENTED_EDGE ( 'NONE', *, *, #3861, .T. ) ;
#3136 = DIRECTION ( 'NONE',  ( 0.000000000000000000, 0.000000000000000000, 1.000000000000000000 ) ) ;
#3137 = ADVANCED_FACE ( 'NONE', ( #4001 ), #1143, .T. ) ;
#3138 = CARTESIAN_POINT ( 'NONE',  ( -22.27991327221005591, 5.000000000000000000, 6.645898327750606072 ) ) ;
#3139 = CIRCLE ( 'NONE', #1874, 8.699999999995650768 ) ;
#3140 = DIRECTION ( 'NONE',  ( -0.6876994588534295350, 0.000000000000000000, -0.7259954919231249582 ) ) ;
#3141 = EDGE_LOOP ( 'NONE', ( #1113, #4489, #1087, #52 ) ) ;
#3142 = ADVANCED_FACE ( 'NONE', ( #1518 ), #1170, .T. ) ;
#3143 = ORIENTED_EDGE ( 'NONE', *, *, #2531, .T. ) ;
#3144 = CIRCLE ( 'NONE', #3228, 19.87399999999006184 ) ;
#3145 = EDGE_CURVE ( 'NONE', #2719, #257, #831, .T. ) ;
#3146 = CARTESIAN_POINT ( 'NONE',  ( 18.00393607450847355, -5.000000000000000000, 14.71124691605074020 ) ) ;
#3147 = CIRCLE ( 'NONE', #1431, 8.699999999995650768 ) ;
#3148 = FACE_OUTER_BOUND ( 'NONE', #497, .T. ) ;
#3149 = LINE ( 'NONE', #1991, #2786 ) ;
#3150 = CARTESIAN_POINT ( 'NONE',  ( 23.23567597126659123, 5.000000000000000000, 0.8160037734621033989 ) ) ;
#3151 = AXIS2_PLACEMENT_3D ( 'NONE', #1110, #3939, #451 ) ;
#3152 = ADVANCED_FACE ( 'NONE', ( #4437 ), #3363, .T. ) ;
#3153 = ORIENTED_EDGE ( 'NONE', *, *, #1534, .T. ) ;
#3154 = CYLINDRICAL_SURFACE ( 'NONE', #484, 8.699999999995650768 ) ;
#3155 = DIRECTION ( 'NONE',  ( 0.000000000000000000, 0.000000000000000000, 1.000000000000000000 ) ) ;
#3156 = CIRCLE ( 'NONE', #685, 8.699999999995650768 ) ;
#3157 = AXIS2_PLACEMENT_3D ( 'NONE', #3176, #2519, #21 ) ;
#3158 = CARTESIAN_POINT ( 'NONE',  ( -20.27479121899671810, 5.000000000000000000, 2.580221082281170197 ) ) ;
#3159 = ORIENTED_EDGE ( 'NONE', *, *, #2866, .F. ) ;
#3160 = ORIENTED_EDGE ( 'NONE', *, *, #782, .T. ) ;
#3161 = EDGE_CURVE ( 'NONE', #3595, #229, #485, .T. ) ;
#3162 = DIRECTION ( 'NONE',  ( 0.000000000000000000, 0.000000000000000000, 1.000000000000000000 ) ) ;
#3163 = AXIS2_PLACEMENT_3D ( 'NONE', #2945, #811, #4375 ) ;
#3164 = DIRECTION ( 'NONE',  ( -0.000000000000000000, -1.000000000000000000, -0.000000000000000000 ) ) ;
#3165 = ORIENTED_EDGE ( 'NONE', *, *, #2315, .F. ) ;
#3166 = CARTESIAN_POINT ( 'NONE',  ( -5.429941357380852374, -8.673617379884035472E-16, 22.60703954204099020 ) ) ;
#3167 = AXIS2_PLACEMENT_3D ( 'NONE', #516, #3809, #171 ) ;
#3168 = AXIS2_PLACEMENT_3D ( 'NONE', #2822, #2349, #568 ) ;
#3169 = DIRECTION ( 'NONE',  ( -0.000000000000000000, -1.000000000000000000, -0.000000000000000000 ) ) ;
#3170 = DIRECTION ( 'NONE',  ( -0.000000000000000000, 1.000000000000000000, -0.000000000000000000 ) ) ;
#3171 = EDGE_LOOP ( 'NONE', ( #3859, #4278, #4429, #773 ) ) ;
#3172 = VERTEX_POINT ( 'NONE', #154 ) ;
#3173 = CIRCLE ( 'NONE', #625, 8.699999999995650768 ) ;
#3174 = CIRCLE ( 'NONE', #3253, 23.25000000000000000 ) ;
#3175 = DIRECTION ( 'NONE',  ( 0.000000000000000000, 0.000000000000000000, 1.000000000000000000 ) ) ;
#3176 = CARTESIAN_POINT ( 'NONE',  ( 0.000000000000000000, 5.000000000000000000, 0.000000000000000000 ) ) ;
#3177 = VECTOR ( 'NONE', #1663, 1000.000000000000000 ) ;
#3178 = AXIS2_PLACEMENT_3D ( 'NONE', #2424, #1397, #1207 ) ;
#3179 = DIRECTION ( 'NONE',  ( 0.000000000000000000, -1.000000000000000000, -0.000000000000000000 ) ) ;
#3180 = DIRECTION ( 'NONE',  ( 1.000000000000000000, 0.000000000000000000, -3.491481338843133750E-15 ) ) ;
#3181 = EDGE_CURVE ( 'NONE', #1543, #1132, #1220, .T. ) ;
#3182 = EDGE_CURVE ( 'NONE', #4186, #4316, #1367, .T. ) ;
#3183 = CARTESIAN_POINT ( 'NONE',  ( -18.95138111403051440, -5.000000000000000000, -5.985067240254914545 ) ) ;
#3184 = ORIENTED_EDGE ( 'NONE', *, *, #384, .F. ) ;
#3185 = DIRECTION ( 'NONE',  ( -0.9289767198167950824, 0.000000000000000000, -0.3701381553399054058 ) ) ;
#3186 = DIRECTION ( 'NONE',  ( 0.000000000000000000, 0.000000000000000000, 1.000000000000000000 ) ) ;
#3187 = CARTESIAN_POINT ( 'NONE',  ( 0.000000000000000000, -5.000000000000000000, 0.000000000000000000 ) ) ;
#3188 = ORIENTED_EDGE ( 'NONE', *, *, #1664, .T. ) ;
#3189 = ORIENTED_EDGE ( 'NONE', *, *, #4255, .T. ) ;
#3190 = DIRECTION ( 'NONE',  ( 0.000000000000000000, 1.000000000000000000, 0.000000000000000000 ) ) ;
#3191 = DIRECTION ( 'NONE',  ( 0.6051742151937661296, 0.000000000000000000, 0.7960930657056430881 ) ) ;
#3192 = ORIENTED_EDGE ( 'NONE', *, *, #1552, .F. ) ;
#3193 = CARTESIAN_POINT ( 'NONE',  ( 13.15300240466680215, 5.000000000000000000, 14.89880544682809038 ) ) ;
#3194 = PRODUCT_DEFINITION ( 'UNKNOWN', '', #487, #3764 ) ;
#3195 = EDGE_CURVE ( 'NONE', #596, #1360, #2113, .T. ) ;
#3196 = ADVANCED_FACE ( 'NONE', ( #4022 ), #2220, .T. ) ;
#3197 = CARTESIAN_POINT ( 'NONE',  ( 20.35544912910228277, -5.000000000000000000, -1.838583846302302982 ) ) ;
#3198 = CARTESIAN_POINT ( 'NONE',  ( -16.30783065349377026, -5.000000000000000000, -16.57157685245941892 ) ) ;
#3199 = ORIENTED_EDGE ( 'NONE', *, *, #2636, .F. ) ;
#3200 = EDGE_LOOP ( 'NONE', ( #1128, #3593, #3806, #3348 ) ) ;
#3201 = CARTESIAN_POINT ( 'NONE',  ( 0.000000000000000000, -5.000000000000000000, 0.000000000000000000 ) ) ;
#3202 = FACE_OUTER_BOUND ( 'NONE', #365, .T. ) ;
#3203 = CARTESIAN_POINT ( 'NONE',  ( -19.48430886138786988, 5.000000000000000000, -6.171418637671311380 ) ) ;
#3204 = LINE ( 'NONE', #2470, #3444 ) ;
#3205 = VERTEX_POINT ( 'NONE', #2969 ) ;
#3206 = CARTESIAN_POINT ( 'NONE',  ( 1.478781897387235977, 5.000000000000000000, 20.38474684432737050 ) ) ;
#3207 = CARTESIAN_POINT ( 'NONE',  ( -19.87037753878501078, -5.000000000000000000, -0.3794370379300781582 ) ) ;
#3208 = CARTESIAN_POINT ( 'NONE',  ( 0.000000000000000000, -5.000000000000000000, 0.000000000000000000 ) ) ;
#3209 = ORIENTED_EDGE ( 'NONE', *, *, #2722, .T. ) ;
#3210 = EDGE_LOOP ( 'NONE', ( #1414, #1819, #2733, #3189 ) ) ;
#3211 = ADVANCED_FACE ( 'NONE', ( #2656 ), #2572, .T. ) ;
#3212 = CARTESIAN_POINT ( 'NONE',  ( -17.43016136035848263, 5.000000000000000000, 15.38674673060768150 ) ) ;
#3213 = EDGE_CURVE ( 'NONE', #4186, #3541, #2609, .T. ) ;
#3214 = ORIENTED_EDGE ( 'NONE', *, *, #377, .T. ) ;
#3215 = ORIENTED_EDGE ( 'NONE', *, *, #1900, .F. ) ;
#3216 = FACE_OUTER_BOUND ( 'NONE', #2657, .T. ) ;
#3218 = EDGE_CURVE ( 'NONE', #735, #3417, #4579, .T. ) ;
#3217 = DIRECTION ( 'NONE',  ( 0.000000000000000000, 1.000000000000000000, -0.000000000000000000 ) ) ;
#3219 = DIRECTION ( 'NONE',  ( 0.000000000000000000, 0.000000000000000000, -1.000000000000000000 ) ) ;
#3220 = ORIENTED_EDGE ( 'NONE', *, *, #943, .T. ) ;
#3221 = EDGE_LOOP ( 'NONE', ( #395, #3184, #3514, #637 ) ) ;
#3222 = DIRECTION ( 'NONE',  ( 0.000000000000000000, 0.000000000000000000, 1.000000000000000000 ) ) ;
#3223 = CYLINDRICAL_SURFACE ( 'NONE', #3825, 19.87399999999006184 ) ;
#3224 = AXIS2_PLACEMENT_3D ( 'NONE', #4228, #712, #3219 ) ;
#3225 = DIRECTION ( 'NONE',  ( 0.000000000000000000, 0.000000000000000000, 1.000000000000000000 ) ) ;
#3226 = ORIENTED_EDGE ( 'NONE', *, *, #3790, .F. ) ;
#3227 = FACE_BOUND ( 'NONE', #1310, .T. ) ;
#3228 = AXIS2_PLACEMENT_3D ( 'NONE', #647, #2075, #3502 ) ;
#3229 = ORIENTED_EDGE ( 'NONE', *, *, #2743, .F. ) ;
#3230 = AXIS2_PLACEMENT_3D ( 'NONE', #2163, #3681, #3290 ) ;
#3231 = DIRECTION ( 'NONE',  ( 0.000000000000000000, -1.000000000000000000, -0.000000000000000000 ) ) ;
#3232 = DIRECTION ( 'NONE',  ( -0.000000000000000000, 1.000000000000000000, -0.000000000000000000 ) ) ;
#3233 = DIRECTION ( 'NONE',  ( 0.000000000000000000, 0.000000000000000000, 1.000000000000000000 ) ) ;
#3234 = ORIENTED_EDGE ( 'NONE', *, *, #2266, .F. ) ;
#3235 = AXIS2_PLACEMENT_3D ( 'NONE', #1704, #4166, #300 ) ;
#3236 = CIRCLE ( 'NONE', #4573, 19.87399999999006539 ) ;
#3237 = DIRECTION ( 'NONE',  ( 0.000000000000000000, 0.000000000000000000, 1.000000000000000000 ) ) ;
#3238 = VERTEX_POINT ( 'NONE', #134 ) ;
#3239 = VECTOR ( 'NONE', #371, 1000.000000000000000 ) ;
#3240 = CARTESIAN_POINT ( 'NONE',  ( -2.840230817817676279, -5.000000000000000000, 19.67000164974888676 ) ) ;
#3241 = AXIS2_PLACEMENT_3D ( 'NONE', #20, #1812, #1015 ) ;
#3242 = CIRCLE ( 'NONE', #1640, 8.699999999995652544 ) ;
#3243 = DIRECTION ( 'NONE',  ( 0.4198891015602653209, 0.000000000000000000, 0.9075754196709566735 ) ) ;
#3244 = ORIENTED_EDGE ( 'NONE', *, *, #3261, .F. ) ;
#3245 = VECTOR ( 'NONE', #1962, 1000.000000000000000 ) ;
#3246 = ORIENTED_EDGE ( 'NONE', *, *, #664, .T. ) ;
#3247 = EDGE_CURVE ( 'NONE', #3542, #4410, #4285, .T. ) ;
#3248 = CARTESIAN_POINT ( 'NONE',  ( 7.707273062986660150, -5.000000000000000000, -18.31867402221474350 ) ) ;
#3249 = AXIS2_PLACEMENT_3D ( 'NONE', #1078, #770, #2201 ) ;
#3250 = CARTESIAN_POINT ( 'NONE',  ( 20.35544912910228277, 5.000000000000000000, 6.861416153693347120 ) ) ;
#3251 = ORIENTED_EDGE ( 'NONE', *, *, #3673, .F. ) ;
#3252 = CYLINDRICAL_SURFACE ( 'NONE', #1003, 8.699999999995647215 ) ;
#3253 = AXIS2_PLACEMENT_3D ( 'NONE', #465, #3384, #3402 ) ;
#3254 = VERTEX_POINT ( 'NONE', #2389 ) ;
#3255 = EDGE_CURVE ( 'NONE', #596, #3645, #196, .T. ) ;
#3256 = LINE ( 'NONE', #2148, #2324 ) ;
#3257 = EDGE_CURVE ( 'NONE', #2080, #3389, #771, .T. ) ;
#3258 = AXIS2_PLACEMENT_3D ( 'NONE', #189, #1978, #901 ) ;
#3259 = ORIENTED_EDGE ( 'NONE', *, *, #3294, .F. ) ;
#3260 = CIRCLE ( 'NONE', #786, 23.25000000000000000 ) ;
#3261 = EDGE_CURVE ( 'NONE', #2192, #2953, #2422, .T. ) ;
#3262 = DIRECTION ( 'NONE',  ( 0.000000000000000000, 1.000000000000000000, 0.000000000000000000 ) ) ;
#3263 = CYLINDRICAL_SURFACE ( 'NONE', #3835, 19.87399999999006184 ) ;
#3264 = CARTESIAN_POINT ( 'NONE',  ( 2.072761170959543708, -5.000000000000000000, -23.15742129703050978 ) ) ;
#3265 = ORIENTED_EDGE ( 'NONE', *, *, #1058, .F. ) ;
#3266 = CARTESIAN_POINT ( 'NONE',  ( 0.000000000000000000, -5.000000000000000000, 0.000000000000000000 ) ) ;
#3267 = ORIENTED_EDGE ( 'NONE', *, *, #1710, .T. ) ;
#3268 = CARTESIAN_POINT ( 'NONE',  ( -11.77653974393297709, -5.000000000000000000, -16.70442490680004255 ) ) ;
#3269 = ORIENTED_EDGE ( 'NONE', *, *, #2448, .F. ) ;
#3270 = VERTEX_POINT ( 'NONE', #2365 ) ;
#3271 = DIRECTION ( 'NONE',  ( -0.000000000000000000, 1.000000000000000000, 0.000000000000000000 ) ) ;
#3272 = DIRECTION ( 'NONE',  ( 0.000000000000000000, 1.000000000000000000, 0.000000000000000000 ) ) ;
#3273 = ORIENTED_EDGE ( 'NONE', *, *, #4081, .T. ) ;
#3274 = CARTESIAN_POINT ( 'NONE',  ( 21.43075946226943174, 0.000000000000000000, -9.015822140567607335 ) ) ;
#3275 = ORIENTED_EDGE ( 'NONE', *, *, #263, .T. ) ;
#3276 = EDGE_CURVE ( 'NONE', #3541, #3869, #472, .T. ) ;
#3277 = DIRECTION ( 'NONE',  ( -0.000000000000000000, 1.000000000000000000, -0.000000000000000000 ) ) ;
#3278 = EDGE_CURVE ( 'NONE', #2610, #3560, #242, .T. ) ;
#3279 = VERTEX_POINT ( 'NONE', #4102 ) ;
#3280 = CARTESIAN_POINT ( 'NONE',  ( 20.27479121899674652, -5.000000000000000000, 11.28022108227654918 ) ) ;
#3281 = DIRECTION ( 'NONE',  ( 0.000000000000000000, 0.000000000000000000, 1.000000000000000000 ) ) ;
#3282 = DIRECTION ( 'NONE',  ( -0.9985334138511233748, 0.000000000000000000, 0.05413890858542831641 ) ) ;
#3283 = ORIENTED_EDGE ( 'NONE', *, *, #949, .T. ) ;
#3284 = DIRECTION ( 'NONE',  ( 0.000000000000000000, 1.000000000000000000, 0.000000000000000000 ) ) ;
#3285 = ORIENTED_EDGE ( 'NONE', *, *, #2249, .F. ) ;
#3286 = CARTESIAN_POINT ( 'NONE',  ( 0.000000000000000000, 5.000000000000000000, 0.000000000000000000 ) ) ;
#3287 = ADVANCED_FACE ( 'NONE', ( #614 ), #3443, .T. ) ;
#3288 = ORIENTED_EDGE ( 'NONE', *, *, #1621, .F. ) ;
#3289 = DIRECTION ( 'NONE',  ( -0.2149704402110113599, 0.000000000000000000, 0.9766205557100894330 ) ) ;
#3290 = DIRECTION ( 'NONE',  ( 0.8835120444460239364, 0.000000000000000000, 0.4684084406997879868 ) ) ;
#3291 = EDGE_CURVE ( 'NONE', #1764, #427, #32, .T. ) ;
#3292 = ORIENTED_EDGE ( 'NONE', *, *, #2754, .F. ) ;
#3293 = FACE_OUTER_BOUND ( 'NONE', #4108, .T. ) ;
#3294 = EDGE_CURVE ( 'NONE', #3907, #1754, #3448, .T. ) ;
#3295 = EDGE_LOOP ( 'NONE', ( #3860, #1175, #804, #3723 ) ) ;
#3296 = CARTESIAN_POINT ( 'NONE',  ( 14.57913742957722114, -5.000000000000000000, 14.32387697576515073 ) ) ;
#3297 = ORIENTED_EDGE ( 'NONE', *, *, #4013, .F. ) ;
#3298 = AXIS2_PLACEMENT_3D ( 'NONE', #733, #3582, #2159 ) ;
#3299 = DIRECTION ( 'NONE',  ( -0.000000000000000000, 1.000000000000000000, -0.000000000000000000 ) ) ;
#3300 = DIRECTION ( 'NONE',  ( -0.6876994588534295350, 0.000000000000000000, -0.7259954919231248471 ) ) ;
#3301 = CYLINDRICAL_SURFACE ( 'NONE', #3591, 19.87399999999006184 ) ;
#3302 = VERTEX_POINT ( 'NONE', #4548 ) ;
#3303 = EDGE_CURVE ( 'NONE', #1539, #2891, #585, .T. ) ;
#3304 = AXIS2_PLACEMENT_3D ( 'NONE', #1701, #3130, #4558 ) ;
#3305 = CARTESIAN_POINT ( 'NONE',  ( -10.16283758813906068, 5.000000000000000000, 20.91122263659176284 ) ) ;
#3306 = ORIENTED_EDGE ( 'NONE', *, *, #133, .F. ) ;
#3307 = AXIS2_PLACEMENT_3D ( 'NONE', #3430, #1655, #629 ) ;
#3308 = FACE_OUTER_BOUND ( 'NONE', #3141, .T. ) ;
#3309 = ADVANCED_FACE ( 'NONE', ( #3383 ), #959, .T. ) ;
#3310 = CIRCLE ( 'NONE', #3818, 8.699999999995650768 ) ;
#3311 = AXIS2_PLACEMENT_3D ( 'NONE', #2229, #436, #2157 ) ;
#3312 = CIRCLE ( 'NONE', #3985, 23.25000000000000000 ) ;
#3313 = VERTEX_POINT ( 'NONE', #3770 ) ;
#3314 = CIRCLE ( 'NONE', #3445, 19.87399999999006184 ) ;
#3315 = CARTESIAN_POINT ( 'NONE',  ( -21.43075946226955253, 5.000000000000000000, -9.015822140567328447 ) ) ;
#3316 = LINE ( 'NONE', #1166, #306 ) ;
#3317 = AXIS2_PLACEMENT_3D ( 'NONE', #1694, #4529, #1987 ) ;
#3318 = EDGE_LOOP ( 'NONE', ( #380, #571, #3024, #4259 ) ) ;
#3319 = DIRECTION ( 'NONE',  ( -1.000000000000000000, 0.000000000000000000, 1.047444401652939849E-14 ) ) ;
#3320 = VERTEX_POINT ( 'NONE', #1251 ) ;
#3321 = AXIS2_PLACEMENT_3D ( 'NONE', #1164, #1905, #4431 ) ;
#3322 = DIRECTION ( 'NONE',  ( -0.3193015301359871660, 0.000000000000000000, -0.9476531711828000137 ) ) ;
#3323 = ORIENTED_EDGE ( 'NONE', *, *, #310, .T. ) ;
#3324 = AXIS2_PLACEMENT_3D ( 'NONE', #3047, #122, #2660 ) ;
#3325 = FACE_OUTER_BOUND ( 'NONE', #3884, .T. ) ;
#3326 = AXIS2_PLACEMENT_3D ( 'NONE', #3953, #1122, #3186 ) ;
#3327 = EDGE_CURVE ( 'NONE', #2962, #2662, #402, .T. ) ;
#3328 = ADVANCED_FACE ( 'NONE', ( #565 ), #4154, .T. ) ;
#3329 = DIRECTION ( 'NONE',  ( -0.6051742151937556935, 0.000000000000000000, 0.7960930657056509707 ) ) ;
#3330 = DIRECTION ( 'NONE',  ( -0.9635499925192201331, 0.000000000000000000, 0.2675283385292311911 ) ) ;
#3331 = ORIENTED_EDGE ( 'NONE', *, *, #4083, .F. ) ;
#3332 = CARTESIAN_POINT ( 'NONE',  ( -0.4431471036978771871, -8.673617379884035472E-16, 23.24577640442418414 ) ) ;
#3333 = EDGE_LOOP ( 'NONE', ( #4386, #1967, #793, #1133 ) ) ;
#3334 = CIRCLE ( 'NONE', #3698, 8.699999999995650768 ) ;
#3335 = AXIS2_PLACEMENT_3D ( 'NONE', #3062, #2299, #915 ) ;
#3336 = FACE_OUTER_BOUND ( 'NONE', #437, .T. ) ;
#3337 = EDGE_CURVE ( 'NONE', #2953, #3536, #4057, .T. ) ;
#3338 = ORIENTED_EDGE ( 'NONE', *, *, #4227, .T. ) ;
#3339 = CARTESIAN_POINT ( 'NONE',  ( 0.000000000000000000, 5.000000000000000000, 0.000000000000000000 ) ) ;
#3340 = DIRECTION ( 'NONE',  ( -0.000000000000000000, 1.000000000000000000, -0.000000000000000000 ) ) ;
#3341 = VERTEX_POINT ( 'NONE', #3099 ) ;
#3342 = CARTESIAN_POINT ( 'NONE',  ( 3.589107883145656874, -5.000000000000000000, -19.54722948662410431 ) ) ;
#3343 = DIRECTION ( 'NONE',  ( -0.000000000000000000, -1.000000000000000000, 0.000000000000000000 ) ) ;
#3344 = ORIENTED_EDGE ( 'NONE', *, *, #1340, .F. ) ;
#3345 = DIRECTION ( 'NONE',  ( 0.000000000000000000, 0.000000000000000000, 1.000000000000000000 ) ) ;
#3346 = CARTESIAN_POINT ( 'NONE',  ( 0.000000000000000000, -5.000000000000000000, 0.000000000000000000 ) ) ;
#3347 = DIRECTION ( 'NONE',  ( -0.000000000000000000, 1.000000000000000000, -0.000000000000000000 ) ) ;
#3348 = ORIENTED_EDGE ( 'NONE', *, *, #1186, .T. ) ;
#3349 = VERTEX_POINT ( 'NONE', #544 ) ;
#3350 = CYLINDRICAL_SURFACE ( 'NONE', #2109, 8.699999999995650768 ) ;
#3351 = DIRECTION ( 'NONE',  ( 0.000000000000000000, -1.000000000000000000, 0.000000000000000000 ) ) ;
#3352 = CARTESIAN_POINT ( 'NONE',  ( 16.30783065349354999, 5.000000000000000000, -16.57157685245963918 ) ) ;
#3353 = EDGE_CURVE ( 'NONE', #3801, #694, #2704, .T. ) ;
#3354 = ORIENTED_EDGE ( 'NONE', *, *, #2654, .F. ) ;
#3355 = ADVANCED_FACE ( 'NONE', ( #2693 ), #215, .T. ) ;
#3356 = EDGE_LOOP ( 'NONE', ( #3605, #3949, #1986, #3119, #4599, #3192, #1496, #2286, #357, #4235, #3131, #821, #3073, #2824, #3668, #4118, #3947, #3718, #1432, #3472, #3477, #118, #2490, #2512, #391, #985, #100, #2970, #701, #2779, #3434, #25, #344, #2942, #576, #3720, #4210, #2578, #3080, #2536, #3199, #3926, #434, #3297, #4014, #4456, #1420, #3800, #12, #1631, #3045, #3661, #3033, #2333, #2807, #1913, #4622, #329, #977, #1975, #352, #879, #3306, #2376, #453, #3841, #324, #1002, #79, #2886, #4566, #797, #440, #91, #684, #2053, #791, #4293, #2221, #1698, #312, #643, #3344, #356, #929, #1118, #2226, #3246, #2928, #4076, #3564, #1404, #1859, #1593, #4338, #2371, #145, #4572, #35, #4468, #3938, #1339, #1529, #746, #4394, #1260, #155, #2130, #947, #4571, #1043, #3087, #3551, #2077, #69, #909, #1817, #2846, #414, #1169 ) ) ;
#3357 = DIRECTION ( 'NONE',  ( 0.000000000000000000, 0.000000000000000000, 1.000000000000000000 ) ) ;
#3358 = EDGE_CURVE ( 'NONE', #2058, #3622, #612, .T. ) ;
#3359 = DIRECTION ( 'NONE',  ( -0.000000000000000000, 1.000000000000000000, 0.000000000000000000 ) ) ;
#3360 = ORIENTED_EDGE ( 'NONE', *, *, #2894, .F. ) ;
#3361 = DIRECTION ( 'NONE',  ( 0.000000000000000000, -1.000000000000000000, -0.000000000000000000 ) ) ;
#3362 = EDGE_CURVE ( 'NONE', #3011, #2651, #4601, .T. ) ;
#3363 = CYLINDRICAL_SURFACE ( 'NONE', #3988, 8.699999999995652544 ) ;
#3364 = ORIENTED_EDGE ( 'NONE', *, *, #3261, .T. ) ;
#3365 = DIRECTION ( 'NONE',  ( 0.000000000000000000, 1.000000000000000000, 0.000000000000000000 ) ) ;
#3366 = CARTESIAN_POINT ( 'NONE',  ( 7.707273062986660150, 5.000000000000000000, -18.31867402221474350 ) ) ;
#3367 = ORIENTED_EDGE ( 'NONE', *, *, #3101, .T. ) ;
#3368 = VECTOR ( 'NONE', #3863, 1000.000000000000000 ) ;
#3369 = ORIENTED_EDGE ( 'NONE', *, *, #3278, .T. ) ;
#3370 = CARTESIAN_POINT ( 'NONE',  ( 0.000000000000000000, 5.000000000000000000, 0.000000000000000000 ) ) ;
#3371 = DIRECTION ( 'NONE',  ( -0.8276889981568954502, 0.000000000000000000, -0.5611870653623751704 ) ) ;
#3372 = DIRECTION ( 'NONE',  ( -0.000000000000000000, -1.000000000000000000, 0.000000000000000000 ) ) ;
#3373 = AXIS2_PLACEMENT_3D ( 'NONE', #2977, #1197, #4611 ) ;
#3374 = VERTEX_POINT ( 'NONE', #736 ) ;
#3375 = AXIS2_PLACEMENT_3D ( 'NONE', #2539, #4036, #2566 ) ;
#3376 = EDGE_CURVE ( 'NONE', #667, #2431, #1067, .T. ) ;
#3377 = AXIS2_PLACEMENT_3D ( 'NONE', #3742, #540, #1966 ) ;
#3378 = DIRECTION ( 'NONE',  ( -0.000000000000000000, -1.000000000000000000, -0.000000000000000000 ) ) ;
#3379 = AXIS2_PLACEMENT_3D ( 'NONE', #3508, #1361, #13 ) ;
#3380 = CARTESIAN_POINT ( 'NONE',  ( 14.68674316162189974, -5.000000000000000000, -13.38937830162989329 ) ) ;
#3381 = ORIENTED_EDGE ( 'NONE', *, *, #2952, .T. ) ;
#3382 = EDGE_CURVE ( 'NONE', #2516, #1846, #3534, .T. ) ;
#3383 = FACE_OUTER_BOUND ( 'NONE', #3042, .T. ) ;
#3384 = DIRECTION ( 'NONE',  ( 0.000000000000000000, 1.000000000000000000, 0.000000000000000000 ) ) ;
#3385 = AXIS2_PLACEMENT_3D ( 'NONE', #3893, #500, #3357 ) ;
#3386 = CARTESIAN_POINT ( 'NONE',  ( -22.86785546975294281, -5.000000000000000000, -4.198057433443507236 ) ) ;
#3387 = AXIS2_PLACEMENT_3D ( 'NONE', #3015, #3667, #2264 ) ;
#3388 = EDGE_CURVE ( 'NONE', #2747, #865, #715, .T. ) ;
#3389 = VERTEX_POINT ( 'NONE', #2840 ) ;
#3390 = DIRECTION ( 'NONE',  ( 0.000000000000000000, -1.000000000000000000, 0.000000000000000000 ) ) ;
#3391 = AXIS2_PLACEMENT_3D ( 'NONE', #3107, #4112, #4535 ) ;
#3392 = CYLINDRICAL_SURFACE ( 'NONE', #1376, 8.699999999995652544 ) ;
#3393 = DIRECTION ( 'NONE',  ( 0.000000000000000000, 0.000000000000000000, -1.000000000000000000 ) ) ;
#3395 = EDGE_LOOP ( 'NONE', ( #4187, #611, #1855, #2895 ) ) ;
#3394 = AXIS2_PLACEMENT_3D ( 'NONE', #4550, #2046, #2744 ) ;
#3396 = AXIS2_PLACEMENT_3D ( 'NONE', #2527, #3952, #1121 ) ;
#3397 = ORIENTED_EDGE ( 'NONE', *, *, #4074, .T. ) ;
#3398 = LINE ( 'NONE', #2296, #4504 ) ;
#3399 = CARTESIAN_POINT ( 'NONE',  ( -1.454641113955830845, 5.000000000000000000, 19.82069361120327855 ) ) ;
#3400 = ORIENTED_EDGE ( 'NONE', *, *, #4098, .F. ) ;
#3401 = DIRECTION ( 'NONE',  ( 0.000000000000000000, 1.000000000000000000, -0.000000000000000000 ) ) ;
#3402 = DIRECTION ( 'NONE',  ( 0.000000000000000000, 0.000000000000000000, 1.000000000000000000 ) ) ;
#3403 = DIRECTION ( 'NONE',  ( 0.000000000000000000, 1.000000000000000000, 0.000000000000000000 ) ) ;
#3404 = DIRECTION ( 'NONE',  ( 0.000000000000000000, -1.000000000000000000, 0.000000000000000000 ) ) ;
#3405 = ORIENTED_EDGE ( 'NONE', *, *, #3789, .T. ) ;
#3406 = DIRECTION ( 'NONE',  ( 0.000000000000000000, 0.000000000000000000, 1.000000000000000000 ) ) ;
#3407 = ORIENTED_EDGE ( 'NONE', *, *, #2301, .F. ) ;
#3408 = LINE ( 'NONE', #204, #703 ) ;
#3409 = DIRECTION ( 'NONE',  ( 0.000000000000000000, -1.000000000000000000, 0.000000000000000000 ) ) ;
#3410 = VERTEX_POINT ( 'NONE', #1395 ) ;
#3411 = ADVANCED_BREP_SHAPE_REPRESENTATION ( 'SpurGear 1', ( #4280, #3335 ), #3845 ) ;
#3412 = ORIENTED_EDGE ( 'NONE', *, *, #698, .T. ) ;
#3413 = LINE ( 'NONE', #4119, #988 ) ;
#3415 = EDGE_CURVE ( 'NONE', #4316, #659, #1287, .T. ) ;
#3414 = DIRECTION ( 'NONE',  ( -0.000000000000000000, 1.000000000000000000, -0.000000000000000000 ) ) ;
#3416 = LINE ( 'NONE', #2718, #1380 ) ;
#3417 = VERTEX_POINT ( 'NONE', #3870 ) ;
#3418 = CARTESIAN_POINT ( 'NONE',  ( -9.901439139120858712, -5.000000000000000000, 17.87977076982923919 ) ) ;
#3419 = DIRECTION ( 'NONE',  ( -0.000000000000000000, -1.000000000000000000, 0.000000000000000000 ) ) ;
#3420 = CARTESIAN_POINT ( 'NONE',  ( -20.35544912910231119, 5.000000000000000000, 6.861416153693623343 ) ) ;
#3421 = LINE ( 'NONE', #218, #237 ) ;
#3422 = VERTEX_POINT ( 'NONE', #2142 ) ;
#3423 = DIRECTION ( 'NONE',  ( 0.000000000000000000, 0.000000000000000000, 1.000000000000000000 ) ) ;
#3424 = DIRECTION ( 'NONE',  ( -0.000000000000000000, 1.000000000000000000, -0.000000000000000000 ) ) ;
#3425 = DIRECTION ( 'NONE',  ( -0.000000000000000000, 1.000000000000000000, -0.000000000000000000 ) ) ;
#3426 = DIRECTION ( 'NONE',  ( -0.8276889981568954502, 0.000000000000000000, -0.5611870653623751704 ) ) ;
#3427 = EDGE_CURVE ( 'NONE', #4080, #2382, #2939, .T. ) ;
#3428 = VERTEX_POINT ( 'NONE', #2443 ) ;
#3429 = ORIENTED_EDGE ( 'NONE', *, *, #2001, .T. ) ;
#3430 = CARTESIAN_POINT ( 'NONE',  ( 0.000000000000000000, 5.000000000000000000, 0.000000000000000000 ) ) ;
#3431 = CARTESIAN_POINT ( 'NONE',  ( -20.74549727965170476, -8.673617379884035472E-16, 10.49699207487381258 ) ) ;
#3432 = AXIS2_PLACEMENT_3D ( 'NONE', #2706, #190, #3393 ) ;
#3433 = EDGE_CURVE ( 'NONE', #2912, #3622, #1284, .T. ) ;
#3434 = ORIENTED_EDGE ( 'NONE', *, *, #1007, .F. ) ;
#3435 = CARTESIAN_POINT ( 'NONE',  ( 0.000000000000000000, 5.000000000000000000, 0.000000000000000000 ) ) ;
#3436 = AXIS2_PLACEMENT_3D ( 'NONE', #847, #1629, #3426 ) ;
#3438 = EDGE_CURVE ( 'NONE', #3450, #2267, #2330, .T. ) ;
#3437 = CARTESIAN_POINT ( 'NONE',  ( 0.000000000000000000, -5.000000000000000000, -9.900000000000002132 ) ) ;
#3439 = DIRECTION ( 'NONE',  ( -0.000000000000000000, 1.000000000000000000, 0.000000000000000000 ) ) ;
#3440 = EDGE_LOOP ( 'NONE', ( #4588, #4526, #3259, #4520 ) ) ;
#3441 = AXIS2_PLACEMENT_3D ( 'NONE', #2734, #3190, #1682 ) ;
#3442 = VECTOR ( 'NONE', #1088, 1000.000000000000000 ) ;
#3443 = CYLINDRICAL_SURFACE ( 'NONE', #845, 8.699999999995650768 ) ;
#3444 = VECTOR ( 'NONE', #322, 1000.000000000000000 ) ;
#3445 = AXIS2_PLACEMENT_3D ( 'NONE', #1799, #1830, #747 ) ;
#3446 = CARTESIAN_POINT ( 'NONE',  ( 23.23567597126658413, 0.000000000000000000, 0.8160037734621008454 ) ) ;
#3447 = DIRECTION ( 'NONE',  ( -1.000000000000000000, 0.000000000000000000, 1.047444401652939849E-14 ) ) ;
#3448 = CIRCLE ( 'NONE', #4428, 23.25000000000000000 ) ;
#3449 = CARTESIAN_POINT ( 'NONE',  ( 0.000000000000000000, -5.000000000000000000, 14.10000000000000142 ) ) ;
#3450 = VERTEX_POINT ( 'NONE', #3586 ) ;
#3451 = EDGE_CURVE ( 'NONE', #191, #1394, #1035, .T. ) ;
#3452 = CARTESIAN_POINT ( 'NONE',  ( -13.51357118764021870, -5.000000000000000000, 15.33323493474011201 ) ) ;
#3453 = AXIS2_PLACEMENT_3D ( 'NONE', #2819, #2871, #2518 ) ;
#3454 = DIRECTION ( 'NONE',  ( 0.000000000000000000, 1.000000000000000000, 0.000000000000000000 ) ) ;
#3455 = DIRECTION ( 'NONE',  ( 0.9985334138511239299, 0.000000000000000000, 0.05413890858541433454 ) ) ;
#3456 = ORIENTED_EDGE ( 'NONE', *, *, #1942, .F. ) ;
#3457 = EDGE_LOOP ( 'NONE', ( #1400, #672, #64, #2209 ) ) ;
#3458 = AXIS2_PLACEMENT_3D ( 'NONE', #2398, #3052, #646 ) ;
#3459 = DIRECTION ( 'NONE',  ( 0.000000000000000000, 1.000000000000000000, -0.000000000000000000 ) ) ;
#3460 = DIRECTION ( 'NONE',  ( 0.6876994588534194319, 0.000000000000000000, -0.7259954919231345061 ) ) ;
#3461 = CIRCLE ( 'NONE', #3324, 8.699999999995648992 ) ;
#3462 = PRESENTATION_LAYER_ASSIGNMENT (  '', '', ( #706 ) ) ;
#3463 = EDGE_LOOP ( 'NONE', ( #2166, #2908, #2242, #2930 ) ) ;
#3464 = DIRECTION ( 'NONE',  ( -0.000000000000000000, 1.000000000000000000, -0.000000000000000000 ) ) ;
#3465 = EDGE_CURVE ( 'NONE', #2080, #971, #4323, .T. ) ;
#3466 = DIRECTION ( 'NONE',  ( 0.000000000000000000, 1.000000000000000000, -0.000000000000000000 ) ) ;
#3467 = VECTOR ( 'NONE', #4078, 1000.000000000000000 ) ;
#3468 = CIRCLE ( 'NONE', #1464, 23.25000000000000000 ) ;
#3469 = DIRECTION ( 'NONE',  ( 0.000000000000000000, 0.000000000000000000, 1.000000000000000000 ) ) ;
#3470 = CARTESIAN_POINT ( 'NONE',  ( -21.75881076528357738, 0.000000000000000000, -8.192475454987913963 ) ) ;
#3471 = VERTEX_POINT ( 'NONE', #2892 ) ;
#3472 = ORIENTED_EDGE ( 'NONE', *, *, #2448, .T. ) ;
#3473 = DIRECTION ( 'NONE',  ( 0.000000000000000000, 0.000000000000000000, -1.000000000000000000 ) ) ;
#3474 = SURFACE_STYLE_FILL_AREA ( #2696 ) ;
#3475 = CARTESIAN_POINT ( 'NONE',  ( 0.000000000000000000, 5.000000000000000000, 14.10000000000000142 ) ) ;
#3476 = DIRECTION ( 'NONE',  ( -0.000000000000000000, 1.000000000000000000, -0.000000000000000000 ) ) ;
#3477 = ORIENTED_EDGE ( 'NONE', *, *, #2001, .F. ) ;
#3478 = EDGE_CURVE ( 'NONE', #4400, #526, #4498, .T. ) ;
#3479 = CARTESIAN_POINT ( 'NONE',  ( -18.70907146042775793, -5.000000000000000000, 6.704216664772438605 ) ) ;
#3480 = DIRECTION ( 'NONE',  ( 0.000000000000000000, 0.000000000000000000, 1.000000000000000000 ) ) ;
#3481 = DIRECTION ( 'NONE',  ( -0.000000000000000000, 1.000000000000000000, -0.000000000000000000 ) ) ;
#3482 = ORIENTED_EDGE ( 'NONE', *, *, #3123, .F. ) ;
#3483 = ORIENTED_EDGE ( 'NONE', *, *, #3161, .F. ) ;
#3484 = CARTESIAN_POINT ( 'NONE',  ( 0.000000000000000000, -5.000000000000000000, 0.000000000000000000 ) ) ;
#3485 = DIRECTION ( 'NONE',  ( 0.000000000000000000, 1.000000000000000000, -0.000000000000000000 ) ) ;
#3486 = ADVANCED_FACE ( 'NONE', ( #1114 ), #1786, .T. ) ;
#3487 = EDGE_LOOP ( 'NONE', ( #1810, #542, #3716, #2608 ) ) ;
#3488 = CARTESIAN_POINT ( 'NONE',  ( 7.002462217011303558, 5.000000000000000000, -22.17043127454513751 ) ) ;
#3489 = LINE ( 'NONE', #2414, #762 ) ;
#3490 = DIRECTION ( 'NONE',  ( 0.000000000000000000, 0.000000000000000000, 1.000000000000000000 ) ) ;
#3491 = ORIENTED_EDGE ( 'NONE', *, *, #681, .F. ) ;
#3492 = ORIENTED_EDGE ( 'NONE', *, *, #4616, .F. ) ;
#3493 = ADVANCED_FACE ( 'NONE', ( #1442 ), #1765, .T. ) ;
#3494 = DIRECTION ( 'NONE',  ( 0.000000000000000000, 0.000000000000000000, 1.000000000000000000 ) ) ;
#3495 = DIRECTION ( 'NONE',  ( 0.000000000000000000, 1.000000000000000000, 0.000000000000000000 ) ) ;
#3496 = EDGE_CURVE ( 'NONE', #2033, #4307, #3750, .T. ) ;
#3497 = CARTESIAN_POINT ( 'NONE',  ( -23.01124191615862813, 0.000000000000000000, -3.323438802810148918 ) ) ;
#3498 = LINE ( 'NONE', #4158, #2934 ) ;
#3499 = ORIENTED_EDGE ( 'NONE', *, *, #1026, .F. ) ;
#3500 = DIRECTION ( 'NONE',  ( 0.000000000000000000, -1.000000000000000000, 0.000000000000000000 ) ) ;
#3501 = DIRECTION ( 'NONE',  ( 0.000000000000000000, -1.000000000000000000, 0.000000000000000000 ) ) ;
#3502 = DIRECTION ( 'NONE',  ( 0.5155538571770170719, 0.000000000000000000, -0.8568571761675921605 ) ) ;
#3503 = ORIENTED_EDGE ( 'NONE', *, *, #2338, .T. ) ;
#3504 = ORIENTED_EDGE ( 'NONE', *, *, #2301, .T. ) ;
#3505 = DIRECTION ( 'NONE',  ( -0.000000000000000000, -1.000000000000000000, 0.000000000000000000 ) ) ;
#3506 = DIRECTION ( 'NONE',  ( 0.000000000000000000, 0.000000000000000000, 1.000000000000000000 ) ) ;
#3507 = VERTEX_POINT ( 'NONE', #3146 ) ;
#3508 = CARTESIAN_POINT ( 'NONE',  ( -5.107508504281993211, 5.000000000000000000, -19.78984731335847869 ) ) ;
#3509 = CARTESIAN_POINT ( 'NONE',  ( -17.87454475682800847, 5.000000000000000000, -8.687722701361810351 ) ) ;
#3510 = VECTOR ( 'NONE', #3083, 1000.000000000000000 ) ;
#3511 = CARTESIAN_POINT ( 'NONE',  ( 2.937909204315279688, -5.000000000000000000, 20.22605718657381146 ) ) ;
#3512 = EDGE_CURVE ( 'NONE', #3907, #3702, #2334, .T. ) ;
#3513 = ORIENTED_EDGE ( 'NONE', *, *, #3958, .T. ) ;
#3514 = ORIENTED_EDGE ( 'NONE', *, *, #517, .F. ) ;
#3515 = CARTESIAN_POINT ( 'NONE',  ( -2.937909204315011014, -5.000000000000000000, 20.22605718657385410 ) ) ;
#3516 = CARTESIAN_POINT ( 'NONE',  ( 0.000000000000000000, 5.000000000000000000, 0.000000000000000000 ) ) ;
#3517 = CIRCLE ( 'NONE', #4117, 2.099999999999999645 ) ;
#3518 = DIRECTION ( 'NONE',  ( 0.000000000000000000, 0.000000000000000000, -1.000000000000000000 ) ) ;
#3519 = DIRECTION ( 'NONE',  ( -0.000000000000000000, -1.000000000000000000, 0.000000000000000000 ) ) ;
#3520 = DIRECTION ( 'NONE',  ( -0.1081190184239488039, 0.000000000000000000, -0.9941379571543589311 ) ) ;
#3521 = CIRCLE ( 'NONE', #3739, 8.699999999995647215 ) ;
#3522 = ORIENTED_EDGE ( 'NONE', *, *, #333, .F. ) ;
#3523 = EDGE_CURVE ( 'NONE', #784, #2228, #4062, .T. ) ;
#3524 = DIRECTION ( 'NONE',  ( 0.000000000000000000, -1.000000000000000000, 0.000000000000000000 ) ) ;
#3525 = ADVANCED_FACE ( 'NONE', ( #1739 ), #2465, .T. ) ;
#3526 = DIRECTION ( 'NONE',  ( 0.000000000000000000, -1.000000000000000000, 0.000000000000000000 ) ) ;
#3527 = AXIS2_PLACEMENT_3D ( 'NONE', #1697, #3126, #2351 ) ;
#3528 = VECTOR ( 'NONE', #4290, 1000.000000000000000 ) ;
#3529 = DIRECTION ( 'NONE',  ( 0.2149704402110246271, 0.000000000000000000, 0.9766205557100864354 ) ) ;
#3530 = ORIENTED_EDGE ( 'NONE', *, *, #1873, .T. ) ;
#3531 = ORIENTED_EDGE ( 'NONE', *, *, #966, .T. ) ;
#3532 = EDGE_CURVE ( 'NONE', #3127, #3864, #1839, .T. ) ;
#3533 = CARTESIAN_POINT ( 'NONE',  ( -19.87696855345157232, -5.000000000000000000, -4.757186241093761758 ) ) ;
#3534 = CIRCLE ( 'NONE', #2567, 19.87399999999006184 ) ;
#3535 = DIRECTION ( 'NONE',  ( -0.000000000000000000, 1.000000000000000000, 0.000000000000000000 ) ) ;
#3536 = VERTEX_POINT ( 'NONE', #2231 ) ;
#3537 = DIRECTION ( 'NONE',  ( 0.000000000000000000, 0.000000000000000000, 1.000000000000000000 ) ) ;
#3538 = CARTESIAN_POINT ( 'NONE',  ( 16.83045535880659926, -5.000000000000000000, 10.56937313253833821 ) ) ;
#3539 = AXIS2_PLACEMENT_3D ( 'NONE', #2172, #4314, #2505 ) ;
#3540 = CARTESIAN_POINT ( 'NONE',  ( -14.16486587031498345, -5.000000000000000000, 13.94031745964168323 ) ) ;
#3541 = VERTEX_POINT ( 'NONE', #2625 ) ;
#3542 = VERTEX_POINT ( 'NONE', #3704 ) ;
#3543 = AXIS2_PLACEMENT_3D ( 'NONE', #3452, #2449, #325 ) ;
#3544 = CIRCLE ( 'NONE', #2580, 8.699999999995647215 ) ;
#3545 = CARTESIAN_POINT ( 'NONE',  ( 0.000000000000000000, -5.000000000000000000, 0.000000000000000000 ) ) ;
#3546 = DIRECTION ( 'NONE',  ( 0.000000000000000000, 0.000000000000000000, 1.000000000000000000 ) ) ;
#3547 = AXIS2_PLACEMENT_3D ( 'NONE', #1636, #2971, #3060 ) ;
#3548 = CARTESIAN_POINT ( 'NONE',  ( -12.00000000000000178, -5.000000000000000000, 2.100000000000125766 ) ) ;
#3549 = DIRECTION ( 'NONE',  ( 0.000000000000000000, -0.000000000000000000, 1.000000000000000000 ) ) ;
#3550 = EDGE_CURVE ( 'NONE', #2828, #3011, #104, .T. ) ;
#3551 = ORIENTED_EDGE ( 'NONE', *, *, #3218, .F. ) ;
#3552 = DIRECTION ( 'NONE',  ( -0.000000000000000000, 1.000000000000000000, -0.000000000000000000 ) ) ;
#3553 = CARTESIAN_POINT ( 'NONE',  ( 0.000000000000000000, -5.000000000000000000, 0.000000000000000000 ) ) ;
#3554 = CARTESIAN_POINT ( 'NONE',  ( 19.48896180620493368, 5.000000000000000000, -12.67844106017318140 ) ) ;
#3555 = ORIENTED_EDGE ( 'NONE', *, *, #803, .T. ) ;
#3556 = EDGE_LOOP ( 'NONE', ( #738, #1779, #3331, #1838 ) ) ;
#3557 = EDGE_CURVE ( 'NONE', #3254, #2499, #454, .T. ) ;
#3558 = DIRECTION ( 'NONE',  ( -0.000000000000000000, 1.000000000000000000, -0.000000000000000000 ) ) ;
#3559 = ORIENTED_EDGE ( 'NONE', *, *, #1617, .T. ) ;
#3560 = VERTEX_POINT ( 'NONE', #2252 ) ;
#3561 = CYLINDRICAL_SURFACE ( 'NONE', #3900, 8.699999999995648992 ) ;
#3562 = CYLINDRICAL_SURFACE ( 'NONE', #233, 8.699999999995650768 ) ;
#3563 = FACE_OUTER_BOUND ( 'NONE', #105, .T. ) ;
#3564 = ORIENTED_EDGE ( 'NONE', *, *, #379, .F. ) ;
#3565 = ORIENTED_EDGE ( 'NONE', *, *, #1924, .F. ) ;
#3566 = CARTESIAN_POINT ( 'NONE',  ( -14.57913742957703462, 5.000000000000000000, 14.32387697576535146 ) ) ;
#3567 = DIRECTION ( 'NONE',  ( 0.000000000000000000, 0.000000000000000000, 1.000000000000000000 ) ) ;
#3568 = DIRECTION ( 'NONE',  ( -0.000000000000000000, -1.000000000000000000, -0.000000000000000000 ) ) ;
#3569 = ORIENTED_EDGE ( 'NONE', *, *, #1261, .F. ) ;
#3570 = FACE_OUTER_BOUND ( 'NONE', #3356, .T. ) ;
#3571 = EDGE_LOOP ( 'NONE', ( #3269, #18, #3876, #2054 ) ) ;
#3572 = DIRECTION ( 'NONE',  ( 0.000000000000000000, -1.000000000000000000, 0.000000000000000000 ) ) ;
#3573 = DIRECTION ( 'NONE',  ( -0.000000000000000000, 1.000000000000000000, 0.000000000000000000 ) ) ;
#3574 = DIRECTION ( 'NONE',  ( 0.6051742151937662406, 0.000000000000000000, 0.7960930657056429771 ) ) ;
#3575 = ORIENTED_EDGE ( 'NONE', *, *, #644, .F. ) ;
#3576 = VERTEX_POINT ( 'NONE', #2981 ) ;
#3577 = CARTESIAN_POINT ( 'NONE',  ( 0.000000000000000000, 5.000000000000000000, 0.000000000000000000 ) ) ;
#3578 = ORIENTED_EDGE ( 'NONE', *, *, #2189, .T. ) ;
#3579 = EDGE_CURVE ( 'NONE', #4316, #3869, #1856, .T. ) ;
#3580 = ORIENTED_EDGE ( 'NONE', *, *, #1101, .T. ) ;
#3581 = CYLINDRICAL_SURFACE ( 'NONE', #2933, 8.699999999995648992 ) ;
#3582 = DIRECTION ( 'NONE',  ( 0.000000000000000000, 1.000000000000000000, 0.000000000000000000 ) ) ;
#3583 = ORIENTED_EDGE ( 'NONE', *, *, #2678, .T. ) ;
#3584 = ADVANCED_FACE ( 'NONE', ( #2603 ), #1921, .F. ) ;
#3585 = ORIENTED_EDGE ( 'NONE', *, *, #1180, .F. ) ;
#3586 = CARTESIAN_POINT ( 'NONE',  ( -20.74549727965170476, 5.000000000000000000, 10.49699207487381436 ) ) ;
#3587 = ADVANCED_FACE ( 'NONE', ( #851 ), #822, .T. ) ;
#3588 = AXIS2_PLACEMENT_3D ( 'NONE', #4545, #2038, #265 ) ;
#3589 = LINE ( 'NONE', #2893, #2929 ) ;
#3590 = ORIENTED_EDGE ( 'NONE', *, *, #2464, .T. ) ;
#3591 = AXIS2_PLACEMENT_3D ( 'NONE', #2202, #447, #3233 ) ;
#3592 = DIRECTION ( 'NONE',  ( -0.000000000000000000, 1.000000000000000000, 0.000000000000000000 ) ) ;
#3593 = ORIENTED_EDGE ( 'NONE', *, *, #2348, .T. ) ;
#3594 = LINE ( 'NONE', #396, #3899 ) ;
#3595 = VERTEX_POINT ( 'NONE', #1227 ) ;
#3596 = CIRCLE ( 'NONE', #2999, 8.699999999995648992 ) ;
#3597 = CARTESIAN_POINT ( 'NONE',  ( 19.48738690117368932, 5.000000000000000000, 3.900977795831357398 ) ) ;
#3598 = CYLINDRICAL_SURFACE ( 'NONE', #3326, 8.699999999995648992 ) ;
#3599 = CARTESIAN_POINT ( 'NONE',  ( 7.002296713240348858, -5.000000000000000000, 18.59956227278880192 ) ) ;
#3600 = VERTEX_POINT ( 'NONE', #438 ) ;
#3601 = AXIS2_PLACEMENT_3D ( 'NONE', #1390, #2814, #1031 ) ;
#3602 = CIRCLE ( 'NONE', #2256, 8.699999999995652544 ) ;
#3603 = CARTESIAN_POINT ( 'NONE',  ( -18.70907146042775793, -5.000000000000000000, 6.704216664772438605 ) ) ;
#3604 = CIRCLE ( 'NONE', #1594, 23.25000000000000000 ) ;
#3605 = ORIENTED_EDGE ( 'NONE', *, *, #633, .F. ) ;
#3606 = VECTOR ( 'NONE', #4516, 1000.000000000000000 ) ;
#3607 = VECTOR ( 'NONE', #1741, 1000.000000000000000 ) ;
#3608 = FACE_OUTER_BOUND ( 'NONE', #1894, .T. ) ;
#3609 = AXIS2_PLACEMENT_3D ( 'NONE', #3747, #3816, #2766 ) ;
#3610 = ADVANCED_FACE ( 'NONE', ( #1571 ), #146, .T. ) ;
#3611 = VERTEX_POINT ( 'NONE', #3315 ) ;
#3612 = VECTOR ( 'NONE', #3002, 1000.000000000000000 ) ;
#3613 = EDGE_CURVE ( 'NONE', #3127, #110, #3829, .T. ) ;
#3614 = VERTEX_POINT ( 'NONE', #1511 ) ;
#3615 = DIRECTION ( 'NONE',  ( -0.000000000000000000, 1.000000000000000000, -0.000000000000000000 ) ) ;
#3616 = EDGE_CURVE ( 'NONE', #1520, #1360, #1740, .T. ) ;
#3617 = VECTOR ( 'NONE', #4046, 1000.000000000000000 ) ;
#3618 = CYLINDRICAL_SURFACE ( 'NONE', #4568, 19.87399999999006184 ) ;
#3619 = ORIENTED_EDGE ( 'NONE', *, *, #4418, .F. ) ;
#3620 = CIRCLE ( 'NONE', #179, 23.25000000000000000 ) ;
#3621 = CARTESIAN_POINT ( 'NONE',  ( -12.00000000000000178, -5.000000000000000000, 1.256933281983528260E-13 ) ) ;
#3622 = VERTEX_POINT ( 'NONE', #2937 ) ;
#3623 = CARTESIAN_POINT ( 'NONE',  ( -11.77653974393297709, -5.000000000000000000, -16.70442490680004255 ) ) ;
#3624 = AXIS2_PLACEMENT_3D ( 'NONE', #2987, #3439, #4173 ) ;
#3625 = VERTEX_POINT ( 'NONE', #1554 ) ;
#3626 = VECTOR ( 'NONE', #459, 1000.000000000000000 ) ;
#3627 = CARTESIAN_POINT ( 'NONE',  ( 10.83694299684547602, -5.000000000000000000, 16.65942803588187360 ) ) ;
#3628 = CARTESIAN_POINT ( 'NONE',  ( 0.000000000000000000, -5.000000000000000000, 0.000000000000000000 ) ) ;
#3629 = DIRECTION ( 'NONE',  ( 0.000000000000000000, 1.000000000000000000, 0.000000000000000000 ) ) ;
#3630 = ORIENTED_EDGE ( 'NONE', *, *, #2690, .T. ) ;
#3631 = EDGE_CURVE ( 'NONE', #1574, #3471, #3990, .T. ) ;
#3632 = LINE ( 'NONE', #1502, #3746 ) ;
#3633 = ORIENTED_EDGE ( 'NONE', *, *, #3030, .T. ) ;
#3634 = LINE ( 'NONE', #1531, #3981 ) ;
#3635 = ADVANCED_FACE ( 'NONE', ( #2278 ), #2188, .T. ) ;
#3636 = ADVANCED_FACE ( 'NONE', ( #3680 ), #479, .T. ) ;
#3637 = EDGE_LOOP ( 'NONE', ( #3288, #1827, #4348, #1467 ) ) ;
#3638 = DIRECTION ( 'NONE',  ( 0.000000000000000000, 0.000000000000000000, -1.000000000000000000 ) ) ;
#3639 = LINE ( 'NONE', #1136, #613 ) ;
#3640 = ORIENTED_EDGE ( 'NONE', *, *, #1507, .T. ) ;
#3641 = EDGE_CURVE ( 'NONE', #2904, #731, #2708, .T. ) ;
#3642 = DIRECTION ( 'NONE',  ( -0.000000000000000000, 1.000000000000000000, -0.000000000000000000 ) ) ;
#3643 = ORIENTED_EDGE ( 'NONE', *, *, #634, .T. ) ;
#3644 = DIRECTION ( 'NONE',  ( -0.000000000000000000, 1.000000000000000000, 0.000000000000000000 ) ) ;
#3645 = VERTEX_POINT ( 'NONE', #2564 ) ;
#3646 = CYLINDRICAL_SURFACE ( 'NONE', #2584, 23.25000000000000000 ) ;
#3647 = ADVANCED_FACE ( 'NONE', ( #3992 ), #3115, .T. ) ;
#3648 = DIRECTION ( 'NONE',  ( 0.000000000000000000, 1.000000000000000000, 0.000000000000000000 ) ) ;
#3649 = DIRECTION ( 'NONE',  ( 0.6051742151937661296, 0.000000000000000000, 0.7960930657056430881 ) ) ;
#3650 = VERTEX_POINT ( 'NONE', #3740 ) ;
#3651 = CARTESIAN_POINT ( 'NONE',  ( -10.16283758813906068, -8.673617379884035472E-16, 20.91122263659176284 ) ) ;
#3652 = VERTEX_POINT ( 'NONE', #262 ) ;
#3653 = CARTESIAN_POINT ( 'NONE',  ( 5.204748896376250699E-16, 5.000000000000000000, -4.250000000000000000 ) ) ;
#3654 = ORIENTED_EDGE ( 'NONE', *, *, #3496, .F. ) ;
#3655 = CARTESIAN_POINT ( 'NONE',  ( -4.950282533840406174, -5.000000000000000000, -19.24761228918433176 ) ) ;
#3656 = ADVANCED_FACE ( 'NONE', ( #581 ), #1316, .T. ) ;
#3658 = ADVANCED_FACE ( 'NONE', ( #2738 ), #2714, .T. ) ;
#3657 = CARTESIAN_POINT ( 'NONE',  ( 23.18769297019260023, -8.673617379884035472E-16, 1.700998154049782052 ) ) ;
#3659 = EDGE_LOOP ( 'NONE', ( #2712, #742, #1024, #958 ) ) ;
#3660 = CARTESIAN_POINT ( 'NONE',  ( -5.107508504281993211, -5.000000000000000000, -19.78984731335847869 ) ) ;
#3661 = ORIENTED_EDGE ( 'NONE', *, *, #2438, .F. ) ;
#3662 = CARTESIAN_POINT ( 'NONE',  ( 18.38960165408991898, -5.000000000000000000, -8.918926550389786101 ) ) ;
#3663 = ORIENTED_EDGE ( 'NONE', *, *, #3827, .T. ) ;
#3664 = AXIS2_PLACEMENT_3D ( 'NONE', #4570, #1709, #3140 ) ;
#3665 = CARTESIAN_POINT ( 'NONE',  ( -7.707273062986899070, -5.000000000000000000, -18.31867402221464403 ) ) ;
#3666 = DIRECTION ( 'NONE',  ( 0.000000000000000000, 0.000000000000000000, 1.000000000000000000 ) ) ;
#3667 = DIRECTION ( 'NONE',  ( 0.000000000000000000, 1.000000000000000000, -0.000000000000000000 ) ) ;
#3668 = ORIENTED_EDGE ( 'NONE', *, *, #3004, .F. ) ;
#3669 = CIRCLE ( 'NONE', #3436, 8.699999999995650768 ) ;
#3670 = CIRCLE ( 'NONE', #2319, 19.87399999999006184 ) ;
#3671 = EDGE_CURVE ( 'NONE', #2640, #260, #615, .T. ) ;
#3672 = DIRECTION ( 'NONE',  ( -0.000000000000000000, -1.000000000000000000, -0.000000000000000000 ) ) ;
#3673 = EDGE_CURVE ( 'NONE', #2904, #4419, #193, .T. ) ;
#3674 = CARTESIAN_POINT ( 'NONE',  ( -9.358458750909633750, 0.000000000000000000, 21.28336791505335768 ) ) ;
#3675 = CIRCLE ( 'NONE', #3377, 8.699999999995652544 ) ;
#3676 = CARTESIAN_POINT ( 'NONE',  ( -15.58904425993512355, -5.000000000000000000, -12.32710732740608606 ) ) ;
#3677 = AXIS2_PLACEMENT_3D ( 'NONE', #280, #4563, #2699 ) ;
#3678 = AXIS2_PLACEMENT_3D ( 'NONE', #288, #4273, #1065 ) ;
#3679 = ORIENTED_EDGE ( 'NONE', *, *, #4363, .T. ) ;
#3680 = FACE_OUTER_BOUND ( 'NONE', #3487, .T. ) ;
#3681 = DIRECTION ( 'NONE',  ( -0.000000000000000000, -1.000000000000000000, 0.000000000000000000 ) ) ;
#3682 = ORIENTED_EDGE ( 'NONE', *, *, #2401, .T. ) ;
#3683 = CARTESIAN_POINT ( 'NONE',  ( 0.000000000000000000, -5.000000000000000000, -9.900000000000002132 ) ) ;
#3684 = CIRCLE ( 'NONE', #1824, 8.699999999995648992 ) ;
#3685 = CARTESIAN_POINT ( 'NONE',  ( -20.35544912910231119, -5.000000000000000000, 6.861416153693623343 ) ) ;
#3686 = ORIENTED_EDGE ( 'NONE', *, *, #634, .F. ) ;
#3687 = CARTESIAN_POINT ( 'NONE',  ( -2.840230817817676279, 5.000000000000000000, 19.67000164974888676 ) ) ;
#3688 = EDGE_CURVE ( 'NONE', #1093, #519, #2410, .T. ) ;
#3689 = AXIS2_PLACEMENT_3D ( 'NONE', #1191, #1929, #1911 ) ;
#3690 = CARTESIAN_POINT ( 'NONE',  ( 0.000000000000000000, 5.000000000000000000, 0.000000000000000000 ) ) ;
#3691 = DIRECTION ( 'NONE',  ( 0.000000000000000000, 1.000000000000000000, 0.000000000000000000 ) ) ;
#3692 = EDGE_CURVE ( 'NONE', #654, #4553, #697, .T. ) ;
#3693 = ORIENTED_EDGE ( 'NONE', *, *, #3496, .T. ) ;
#3694 = AXIS2_PLACEMENT_3D ( 'NONE', #1516, #4391, #4018 ) ;
#3695 = ORIENTED_EDGE ( 'NONE', *, *, #2636, .T. ) ;
#3696 = CARTESIAN_POINT ( 'NONE',  ( -18.99158496090882409, -5.000000000000000000, -13.41201702476483426 ) ) ;
#3697 = FACE_OUTER_BOUND ( 'NONE', #422, .T. ) ;
#3698 = AXIS2_PLACEMENT_3D ( 'NONE', #4473, #1292, #583 ) ;
#3699 = CIRCLE ( 'NONE', #2131, 2.099999999999999645 ) ;
#3700 = DIRECTION ( 'NONE',  ( -0.000000000000000000, -1.000000000000000000, 0.000000000000000000 ) ) ;
#3701 = EDGE_CURVE ( 'NONE', #971, #1539, #3915, .T. ) ;
#3702 = VERTEX_POINT ( 'NONE', #4085 ) ;
#3703 = ORIENTED_EDGE ( 'NONE', *, *, #869, .F. ) ;
#3704 = CARTESIAN_POINT ( 'NONE',  ( 12.57461737942575120, -5.000000000000000000, -15.39009011541676841 ) ) ;
#3705 = CARTESIAN_POINT ( 'NONE',  ( 0.000000000000000000, 5.000000000000000000, 0.000000000000000000 ) ) ;
#3706 = ORIENTED_EDGE ( 'NONE', *, *, #3415, .T. ) ;
#3707 = DIRECTION ( 'NONE',  ( 0.000000000000000000, 1.000000000000000000, 0.000000000000000000 ) ) ;
#3708 = CARTESIAN_POINT ( 'NONE',  ( -20.27479121899671810, -5.000000000000000000, 11.28022108227681741 ) ) ;
#3709 = ORIENTED_EDGE ( 'NONE', *, *, #2266, .T. ) ;
#3710 = CARTESIAN_POINT ( 'NONE',  ( -7.217226936875042576, -5.000000000000000000, 19.12161957442413041 ) ) ;
#3711 = DIRECTION ( 'NONE',  ( -0.6051742151937556935, 0.000000000000000000, 0.7960930657056509707 ) ) ;
#3712 = ORIENTED_EDGE ( 'NONE', *, *, #361, .T. ) ;
#3713 = EDGE_LOOP ( 'NONE', ( #1102, #3833, #1155, #1867 ) ) ;
#3714 = FACE_OUTER_BOUND ( 'NONE', #214, .T. ) ;
#3715 = ADVANCED_FACE ( 'NONE', ( #2035 ), #1596, .T. ) ;
#3716 = ORIENTED_EDGE ( 'NONE', *, *, #3213, .T. ) ;
#3717 = DIRECTION ( 'NONE',  ( 0.000000000000000000, 0.000000000000000000, 1.000000000000000000 ) ) ;
#3718 = ORIENTED_EDGE ( 'NONE', *, *, #1334, .F. ) ;
#3719 = EDGE_CURVE ( 'NONE', #2605, #2516, #3398, .T. ) ;
#3720 = ORIENTED_EDGE ( 'NONE', *, *, #1069, .F. ) ;
#3721 = DIRECTION ( 'NONE',  ( -0.000000000000000000, -1.000000000000000000, -0.000000000000000000 ) ) ;
#3722 = CARTESIAN_POINT ( 'NONE',  ( -7.910253213374934589, -5.000000000000000000, -18.84549266821236913 ) ) ;
#3723 = ORIENTED_EDGE ( 'NONE', *, *, #2114, .F. ) ;
#3724 = EDGE_CURVE ( 'NONE', #3645, #4164, #4502, .T. ) ;
#3725 = EDGE_CURVE ( 'NONE', #3410, #3650, #2314, .T. ) ;
#3726 = CARTESIAN_POINT ( 'NONE',  ( 5.107508504281732975, -5.000000000000000000, -19.78984731335854619 ) ) ;
#3727 = DIRECTION ( 'NONE',  ( 0.000000000000000000, 0.000000000000000000, 1.000000000000000000 ) ) ;
#3728 = CARTESIAN_POINT ( 'NONE',  ( -20.03733873341293759, -5.000000000000000000, 4.028617168436855245 ) ) ;
#3729 = ORIENTED_EDGE ( 'NONE', *, *, #2123, .F. ) ;
#3730 = AXIS2_PLACEMENT_3D ( 'NONE', #1783, #1690, #1337 ) ;
#3731 = VERTEX_POINT ( 'NONE', #1263 ) ;
#3732 = CYLINDRICAL_SURFACE ( 'NONE', #2326, 8.699999999995652544 ) ;
#3733 = CARTESIAN_POINT ( 'NONE',  ( -12.00000000000000178, -5.000000000000000000, 1.256933281983528260E-13 ) ) ;
#3734 = CARTESIAN_POINT ( 'NONE',  ( -20.43491049491754552, 5.000000000000000000, -0.3730051903971902671 ) ) ;
#3735 = AXIS2_PLACEMENT_3D ( 'NONE', #884, #1550, #4486 ) ;
#3736 = ORIENTED_EDGE ( 'NONE', *, *, #759, .F. ) ;
#3737 = ORIENTED_EDGE ( 'NONE', *, *, #930, .T. ) ;
#3738 = AXIS2_PLACEMENT_3D ( 'NONE', #1123, #2173, #816 ) ;
#3739 = AXIS2_PLACEMENT_3D ( 'NONE', #2687, #4122, #912 ) ;
#3740 = CARTESIAN_POINT ( 'NONE',  ( 22.86785546975289307, 5.000000000000000000, -4.198057433443809217 ) ) ;
#3741 = CIRCLE ( 'NONE', #976, 8.699999999995648992 ) ;
#3742 = CARTESIAN_POINT ( 'NONE',  ( -13.51357118764021870, -5.000000000000000000, 15.33323493474011201 ) ) ;
#3743 = EDGE_CURVE ( 'NONE', #2008, #71, #1660, .T. ) ;
#3744 = ORIENTED_EDGE ( 'NONE', *, *, #290, .T. ) ;
#3745 = VECTOR ( 'NONE', #3898, 1000.000000000000000 ) ;
#3746 = VECTOR ( 'NONE', #1461, 1000.000000000000000 ) ;
#3747 = CARTESIAN_POINT ( 'NONE',  ( 0.000000000000000000, -5.000000000000000000, 0.000000000000000000 ) ) ;
#3748 = VECTOR ( 'NONE', #1885, 1000.000000000000000 ) ;
#3749 = CARTESIAN_POINT ( 'NONE',  ( -17.70210396656885976, 5.000000000000000000, -10.21568475258225739 ) ) ;
#3750 = CIRCLE ( 'NONE', #3453, 23.25000000000000000 ) ;
#3751 = DIRECTION ( 'NONE',  ( 0.000000000000000000, 0.000000000000000000, 1.000000000000000000 ) ) ;
#3752 = DIRECTION ( 'NONE',  ( -0.000000000000000000, 1.000000000000000000, -0.000000000000000000 ) ) ;
#3753 = ORIENTED_EDGE ( 'NONE', *, *, #3989, .F. ) ;
#3754 = CARTESIAN_POINT ( 'NONE',  ( -18.70284328263641882, -5.000000000000000000, 8.241865865961189641 ) ) ;
#3755 = AXIS2_PLACEMENT_3D ( 'NONE', #401, #2884, #4257 ) ;
#3756 = CARTESIAN_POINT ( 'NONE',  ( -3.589107883145906452, -5.000000000000000000, -19.54722948662405813 ) ) ;
#3757 = DIRECTION ( 'NONE',  ( 0.6876994588534194319, 0.000000000000000000, -0.7259954919231346171 ) ) ;
#3758 = CARTESIAN_POINT ( 'NONE',  ( -19.87037753878501078, -5.000000000000000000, -0.3794370379300781582 ) ) ;
#3760 = ORIENTED_EDGE ( 'NONE', *, *, #2943, .T. ) ;
#3759 = CIRCLE ( 'NONE', #3689, 8.699999999995648992 ) ;
#3761 = EDGE_CURVE ( 'NONE', #1177, #2610, #3413, .T. ) ;
#3762 = CIRCLE ( 'NONE', #419, 23.25000000000000000 ) ;
#3763 = VERTEX_POINT ( 'NONE', #561 ) ;
#3764 = PRODUCT_DEFINITION_CONTEXT ( 'detailed design', #1074, 'design' ) ;
#3765 = EDGE_CURVE ( 'NONE', #1738, #370, #775, .T. ) ;
#3766 = CARTESIAN_POINT ( 'NONE',  ( 0.000000000000000000, 5.000000000000000000, 0.000000000000000000 ) ) ;
#3767 = DIRECTION ( 'NONE',  ( 0.000000000000000000, -1.000000000000000000, 0.000000000000000000 ) ) ;
#3768 = CYLINDRICAL_SURFACE ( 'NONE', #3547, 2.099999999999999645 ) ;
#3769 = ORIENTED_EDGE ( 'NONE', *, *, #2774, .T. ) ;
#3770 = CARTESIAN_POINT ( 'NONE',  ( -18.19318771073830376, 5.000000000000000000, 7.998987243485623289 ) ) ;
#3771 = EDGE_CURVE ( 'NONE', #658, #1754, #4523, .T. ) ;
#3772 = CARTESIAN_POINT ( 'NONE',  ( 1.454641113956085530, -5.000000000000000000, 19.82069361120326079 ) ) ;
#3773 = DIRECTION ( 'NONE',  ( 0.8835120444460241584, 0.000000000000000000, 0.4684084406997879868 ) ) ;
#3774 = CARTESIAN_POINT ( 'NONE',  ( 2.571758278209441957E-16, -5.000000000000000000, 9.900000000000002132 ) ) ;
#3775 = ORIENTED_EDGE ( 'NONE', *, *, #882, .T. ) ;
#3776 = DIRECTION ( 'NONE',  ( 0.000000000000000000, 0.000000000000000000, 1.000000000000000000 ) ) ;
#3777 = EDGE_CURVE ( 'NONE', #694, #250, #4491, .T. ) ;
#3778 = CARTESIAN_POINT ( 'NONE',  ( 19.48430886138778462, 5.000000000000000000, -6.171418637671569840 ) ) ;
#3779 = FACE_OUTER_BOUND ( 'NONE', #2359, .T. ) ;
#3780 = DIRECTION ( 'NONE',  ( 0.000000000000000000, 1.000000000000000000, 0.000000000000000000 ) ) ;
#3781 = ORIENTED_EDGE ( 'NONE', *, *, #2690, .F. ) ;
#3782 = CARTESIAN_POINT ( 'NONE',  ( 7.002462217011302670, 0.000000000000000000, -22.17043127454513396 ) ) ;
#3783 = ORIENTED_EDGE ( 'NONE', *, *, #2560, .F. ) ;
#3784 = DIRECTION ( 'NONE',  ( -0.000000000000000000, 1.000000000000000000, -0.000000000000000000 ) ) ;
#3785 = CARTESIAN_POINT ( 'NONE',  ( 12.94499038266721413, -5.000000000000000000, -15.81619182357144382 ) ) ;
#3786 = CARTESIAN_POINT ( 'NONE',  ( -14.68674316162207383, -5.000000000000000000, -13.38937830162970144 ) ) ;
#3787 = EDGE_LOOP ( 'NONE', ( #1653, #1800 ) ) ;
#3788 = CARTESIAN_POINT ( 'NONE',  ( 0.000000000000000000, 5.000000000000000000, 0.000000000000000000 ) ) ;
#3789 = EDGE_CURVE ( 'NONE', #1181, #1841, #476, .T. ) ;
#3790 = EDGE_CURVE ( 'NONE', #3595, #3270, #1455, .T. ) ;
#3791 = CYLINDRICAL_SURFACE ( 'NONE', #3394, 8.699999999995647215 ) ;
#3792 = FACE_OUTER_BOUND ( 'NONE', #62, .T. ) ;
#3793 = FACE_OUTER_BOUND ( 'NONE', #4613, .T. ) ;
#3794 = ORIENTED_EDGE ( 'NONE', *, *, #2189, .F. ) ;
#3795 = DIRECTION ( 'NONE',  ( 0.000000000000000000, 1.000000000000000000, 0.000000000000000000 ) ) ;
#3796 = CARTESIAN_POINT ( 'NONE',  ( -1.478781897386961752, -5.000000000000000000, 20.38474684432737760 ) ) ;
#3797 = DIRECTION ( 'NONE',  ( 0.000000000000000000, 0.000000000000000000, 1.000000000000000000 ) ) ;
#3798 = FACE_OUTER_BOUND ( 'NONE', #1075, .T. ) ;
#3799 = PRODUCT ( 'SpurGear 1', 'SpurGear 1', '', ( #4527 ) ) ;
#3800 = ORIENTED_EDGE ( 'NONE', *, *, #3276, .F. ) ;
#3801 = VERTEX_POINT ( 'NONE', #2759 ) ;
#3802 = VECTOR ( 'NONE', #3535, 1000.000000000000000 ) ;
#3803 = DIRECTION ( 'NONE',  ( 0.000000000000000000, 0.000000000000000000, 1.000000000000000000 ) ) ;
#3804 = DIRECTION ( 'NONE',  ( -0.000000000000000000, -1.000000000000000000, 0.000000000000000000 ) ) ;
#3805 = AXIS2_PLACEMENT_3D ( 'NONE', #2837, #3917, #3243 ) ;
#3806 = ORIENTED_EDGE ( 'NONE', *, *, #2107, .F. ) ;
#3807 = DIRECTION ( 'NONE',  ( 0.000000000000000000, 1.000000000000000000, -0.000000000000000000 ) ) ;
#3808 = ORIENTED_EDGE ( 'NONE', *, *, #2531, .F. ) ;
#3809 = DIRECTION ( 'NONE',  ( 0.000000000000000000, -1.000000000000000000, 0.000000000000000000 ) ) ;
#3810 = AXIS2_PLACEMENT_3D ( 'NONE', #3187, #700, #2129 ) ;
#3811 = DIRECTION ( 'NONE',  ( 0.3193015301359743430, 0.000000000000000000, -0.9476531711828043436 ) ) ;
#3812 = CARTESIAN_POINT ( 'NONE',  ( 10.16283758813933780, 0.000000000000000000, 20.91122263659163139 ) ) ;
#3813 = ORIENTED_EDGE ( 'NONE', *, *, #3257, .F. ) ;
#3814 = CIRCLE ( 'NONE', #22, 23.25000000000000000 ) ;
#3815 = VECTOR ( 'NONE', #382, 1000.000000000000000 ) ;
#3816 = DIRECTION ( 'NONE',  ( -0.000000000000000000, 1.000000000000000000, -0.000000000000000000 ) ) ;
#3817 = ADVANCED_FACE ( 'NONE', ( #3779 ), #4184, .T. ) ;
#3818 = AXIS2_PLACEMENT_3D ( 'NONE', #1479, #4315, #2152 ) ;
#3819 = CIRCLE ( 'NONE', #1144, 8.699999999995650768 ) ;
#3820 = AXIS2_PLACEMENT_3D ( 'NONE', #2677, #4109, #2599 ) ;
#3821 = CARTESIAN_POINT ( 'NONE',  ( 16.04235741995733378, 5.000000000000000000, -12.66362776686422187 ) ) ;
#3822 = CARTESIAN_POINT ( 'NONE',  ( 0.000000000000000000, 5.000000000000000000, 0.000000000000000000 ) ) ;
#3823 = AXIS2_PLACEMENT_3D ( 'NONE', #1639, #893, #1341 ) ;
#3825 = AXIS2_PLACEMENT_3D ( 'NONE', #347, #2087, #1444 ) ;
#3824 = CARTESIAN_POINT ( 'NONE',  ( 5.204748896376250699E-16, -5.000000000000000000, -4.250000000000000000 ) ) ;
#3826 = ORIENTED_EDGE ( 'NONE', *, *, #1204, .F. ) ;
#3827 = EDGE_CURVE ( 'NONE', #667, #4410, #2949, .T. ) ;
#3828 = DIRECTION ( 'NONE',  ( 0.000000000000000000, 0.000000000000000000, 1.000000000000000000 ) ) ;
#3829 = CIRCLE ( 'NONE', #2571, 19.87399999999006539 ) ;
#3830 = CYLINDRICAL_SURFACE ( 'NONE', #2711, 8.699999999995650768 ) ;
#3831 = DIRECTION ( 'NONE',  ( 0.000000000000000000, -1.000000000000000000, -0.000000000000000000 ) ) ;
#3832 = ORIENTED_EDGE ( 'NONE', *, *, #993, .T. ) ;
#3833 = ORIENTED_EDGE ( 'NONE', *, *, #3532, .F. ) ;
#3834 = CIRCLE ( 'NONE', #1958, 2.099999999999999645 ) ;
#3835 = AXIS2_PLACEMENT_3D ( 'NONE', #3553, #3232, #3155 ) ;
#3836 = CARTESIAN_POINT ( 'NONE',  ( 23.18769297019259668, -5.000000000000000000, 1.700998154049783828 ) ) ;
#3837 = CARTESIAN_POINT ( 'NONE',  ( 0.000000000000000000, -5.000000000000000000, 0.000000000000000000 ) ) ;
#3838 = CIRCLE ( 'NONE', #111, 8.699999999995647215 ) ;
#3839 = EDGE_CURVE ( 'NONE', #1665, #1060, #4509, .T. ) ;
#3840 = CIRCLE ( 'NONE', #622, 19.87399999999006539 ) ;
#3841 = ORIENTED_EDGE ( 'NONE', *, *, #943, .F. ) ;
#3842 = CARTESIAN_POINT ( 'NONE',  ( 11.77653974393275504, -5.000000000000000000, -16.70442490680019176 ) ) ;
#3843 = DIRECTION ( 'NONE',  ( 0.000000000000000000, 1.000000000000000000, 0.000000000000000000 ) ) ;
#3844 = AXIS2_PLACEMENT_3D ( 'NONE', #4525, #1318, #1172 ) ;
#3845 =( GEOMETRIC_REPRESENTATION_CONTEXT ( 3 ) GLOBAL_UNCERTAINTY_ASSIGNED_CONTEXT ( ( #415 ) ) GLOBAL_UNIT_ASSIGNED_CONTEXT ( ( #1558, #2984, #3096 ) ) REPRESENTATION_CONTEXT ( 'NONE', 'WORKASPACE' ) );
#3846 = FACE_OUTER_BOUND ( 'NONE', #2849, .T. ) ;
#3847 = EDGE_CURVE ( 'NONE', #1462, #3650, #4065, .T. ) ;
#3848 = DIRECTION ( 'NONE',  ( -0.000000000000000000, 1.000000000000000000, -0.000000000000000000 ) ) ;
#3849 = ORIENTED_EDGE ( 'NONE', *, *, #2774, .F. ) ;
#3850 = ORIENTED_EDGE ( 'NONE', *, *, #1848, .F. ) ;
#3851 = CARTESIAN_POINT ( 'NONE',  ( 0.000000000000000000, 5.000000000000000000, 0.000000000000000000 ) ) ;
#3852 = CARTESIAN_POINT ( 'NONE',  ( 2.571758278209441957E-16, 5.000000000000000000, 9.900000000000002132 ) ) ;
#3853 = CARTESIAN_POINT ( 'NONE',  ( 17.43016136035868868, -5.000000000000000000, 15.38674673060744169 ) ) ;
#3854 = DIRECTION ( 'NONE',  ( 0.000000000000000000, -1.000000000000000000, 0.000000000000000000 ) ) ;
#3855 = ORIENTED_EDGE ( 'NONE', *, *, #681, .T. ) ;
#3856 = DIRECTION ( 'NONE',  ( 0.000000000000000000, 1.000000000000000000, 0.000000000000000000 ) ) ;
#3857 = DIRECTION ( 'NONE',  ( 0.000000000000000000, 1.000000000000000000, 0.000000000000000000 ) ) ;
#3858 = CARTESIAN_POINT ( 'NONE',  ( 3.674092034174213151, -5.000000000000000000, -20.10536613771984804 ) ) ;
#3859 = ORIENTED_EDGE ( 'NONE', *, *, #68, .F. ) ;
#3860 = ORIENTED_EDGE ( 'NONE', *, *, #2927, .T. ) ;
#3861 = EDGE_CURVE ( 'NONE', #345, #210, #481, .T. ) ;
#3862 = DIRECTION ( 'NONE',  ( -0.9985334138511233748, 0.000000000000000000, 0.05413890858542829559 ) ) ;
#3863 = DIRECTION ( 'NONE',  ( -0.000000000000000000, 1.000000000000000000, 0.000000000000000000 ) ) ;
#3864 = VERTEX_POINT ( 'NONE', #1996 ) ;
#3865 = CARTESIAN_POINT ( 'NONE',  ( -11.60473591247396641, 0.000000000000000000, -20.14677652632641625 ) ) ;
#3866 = DIRECTION ( 'NONE',  ( -0.000000000000000000, -1.000000000000000000, 0.000000000000000000 ) ) ;
#3867 = CYLINDRICAL_SURFACE ( 'NONE', #455, 19.87399999999006184 ) ;
#3868 = ORIENTED_EDGE ( 'NONE', *, *, #4584, .T. ) ;
#3869 = VERTEX_POINT ( 'NONE', #1611 ) ;
#3870 = CARTESIAN_POINT ( 'NONE',  ( -7.842361733251425271, 5.000000000000000000, -21.88743617797282681 ) ) ;
#3871 = EDGE_CURVE ( 'NONE', #4168, #3507, #177, .T. ) ;
#3872 = EDGE_CURVE ( 'NONE', #167, #3864, #2200, .T. ) ;
#3873 = DIRECTION ( 'NONE',  ( 0.000000000000000000, 1.000000000000000000, -0.000000000000000000 ) ) ;
#3874 = CARTESIAN_POINT ( 'NONE',  ( 17.22169581572781638, 5.000000000000000000, -9.919126434830237926 ) ) ;
#3875 = CARTESIAN_POINT ( 'NONE',  ( -18.70284328263641882, 5.000000000000000000, 8.241865865961189641 ) ) ;
#3876 = ORIENTED_EDGE ( 'NONE', *, *, #2123, .T. ) ;
#3877 = DIRECTION ( 'NONE',  ( 0.000000000000000000, -1.000000000000000000, 0.000000000000000000 ) ) ;
#3878 = CARTESIAN_POINT ( 'NONE',  ( 9.642689752178753793, 5.000000000000000000, 17.37798637192560136 ) ) ;
#3879 = DIRECTION ( 'NONE',  ( 0.000000000000000000, -1.000000000000000000, 0.000000000000000000 ) ) ;
#3880 = ORIENTED_EDGE ( 'NONE', *, *, #3327, .F. ) ;
#3881 = ORIENTED_EDGE ( 'NONE', *, *, #2795, .T. ) ;
#3882 = CARTESIAN_POINT ( 'NONE',  ( -2.937909204315011014, -5.000000000000000000, 20.22605718657385410 ) ) ;
#3883 = CARTESIAN_POINT ( 'NONE',  ( -3.674092034174476940, 5.000000000000000000, -20.10536613771980896 ) ) ;
#3884 = EDGE_LOOP ( 'NONE', ( #3407, #1413, #1711, #135 ) ) ;
#3885 = CARTESIAN_POINT ( 'NONE',  ( 20.35544912910228277, -5.000000000000000000, 6.861416153693347120 ) ) ;
#3886 = EDGE_CURVE ( 'NONE', #1520, #2072, #779, .T. ) ;
#3887 = DIRECTION ( 'NONE',  ( 0.1081190184239353008, 0.000000000000000000, -0.9941379571543603744 ) ) ;
#3888 = CIRCLE ( 'NONE', #2545, 23.25000000000000000 ) ;
#3889 = CARTESIAN_POINT ( 'NONE',  ( 12.00000000000000178, -5.000000000000000000, -4.189777606611760657E-14 ) ) ;
#3890 = VERTEX_POINT ( 'NONE', #2680 ) ;
#3891 = ORIENTED_EDGE ( 'NONE', *, *, #2211, .F. ) ;
#3892 = AXIS2_PLACEMENT_3D ( 'NONE', #3078, #4185, #3529 ) ;
#3893 = CARTESIAN_POINT ( 'NONE',  ( 0.000000000000000000, -5.000000000000000000, 0.000000000000000000 ) ) ;
#3894 = DIRECTION ( 'NONE',  ( 0.000000000000000000, 1.000000000000000000, 0.000000000000000000 ) ) ;
#3895 = CIRCLE ( 'NONE', #1804, 23.25000000000000000 ) ;
#3896 = DIRECTION ( 'NONE',  ( 0.000000000000000000, 0.000000000000000000, -1.000000000000000000 ) ) ;
#3897 = FACE_OUTER_BOUND ( 'NONE', #4560, .T. ) ;
#3898 = DIRECTION ( 'NONE',  ( 0.000000000000000000, 1.000000000000000000, -0.000000000000000000 ) ) ;
#3899 = VECTOR ( 'NONE', #1474, 1000.000000000000000 ) ;
#3900 = AXIS2_PLACEMENT_3D ( 'NONE', #2483, #360, #953 ) ;
#3901 = VERTEX_POINT ( 'NONE', #2074 ) ;
#3902 = DIRECTION ( 'NONE',  ( -0.000000000000000000, -1.000000000000000000, 0.000000000000000000 ) ) ;
#3903 = CARTESIAN_POINT ( 'NONE',  ( -2.937909204315011014, 5.000000000000000000, 20.22605718657385410 ) ) ;
#3904 = VECTOR ( 'NONE', #1095, 1000.000000000000000 ) ;
#3905 = CIRCLE ( 'NONE', #1068, 23.25000000000000000 ) ;
#3906 = CARTESIAN_POINT ( 'NONE',  ( -23.18769297019257536, 5.000000000000000000, 1.700998154050085587 ) ) ;
#3907 = VERTEX_POINT ( 'NONE', #1307 ) ;
#3908 = EDGE_LOOP ( 'NONE', ( #810, #139, #1382, #707 ) ) ;
#3909 = DIRECTION ( 'NONE',  ( 0.000000000000000000, 0.000000000000000000, -1.000000000000000000 ) ) ;
#3910 = AXIS2_PLACEMENT_3D ( 'NONE', #4202, #1268, #3064 ) ;
#3911 = EDGE_LOOP ( 'NONE', ( #1730, #3229 ) ) ;
#3912 = ORIENTED_EDGE ( 'NONE', *, *, #2666, .F. ) ;
#3913 = DIRECTION ( 'NONE',  ( 0.000000000000000000, -1.000000000000000000, 0.000000000000000000 ) ) ;
#3914 = EDGE_CURVE ( 'NONE', #4400, #658, #1744, .T. ) ;
#3915 = CIRCLE ( 'NONE', #1896, 8.699999999995652544 ) ;
#3916 = DIRECTION ( 'NONE',  ( 0.000000000000000000, 1.000000000000000000, 0.000000000000000000 ) ) ;
#3917 = DIRECTION ( 'NONE',  ( -0.000000000000000000, -1.000000000000000000, 0.000000000000000000 ) ) ;
#3918 = ORIENTED_EDGE ( 'NONE', *, *, #3956, .F. ) ;
#3919 = UNCERTAINTY_MEASURE_WITH_UNIT (LENGTH_MEASURE( 1.000000000000000082E-05 ), #2724, 'distance_accuracy_value', 'NONE');
#3920 = EDGE_LOOP ( 'NONE', ( #4230, #4165, #1982, #1162 ) ) ;
#3921 = CIRCLE ( 'NONE', #3089, 8.699999999995652544 ) ;
#3922 = AXIS2_PLACEMENT_3D ( 'NONE', #3203, #4308, #2521 ) ;
#3923 = CARTESIAN_POINT ( 'NONE',  ( -22.27991327221005591, 0.000000000000000000, 6.645898327750606072 ) ) ;
#3924 = CYLINDRICAL_SURFACE ( 'NONE', #4351, 8.699999999995648992 ) ;
#3925 = FACE_OUTER_BOUND ( 'NONE', #2280, .T. ) ;
#3926 = ORIENTED_EDGE ( 'NONE', *, *, #498, .T. ) ;
#3927 = CARTESIAN_POINT ( 'NONE',  ( 0.000000000000000000, -5.000000000000000000, 0.000000000000000000 ) ) ;
#3928 = ADVANCED_FACE ( 'NONE', ( #2749 ), #4465, .T. ) ;
#3929 = ORIENTED_EDGE ( 'NONE', *, *, #1165, .F. ) ;
#3930 = FACE_BOUND ( 'NONE', #4371, .T. ) ;
#3931 = DIRECTION ( 'NONE',  ( 0.000000000000000000, -1.000000000000000000, 0.000000000000000000 ) ) ;
#3932 = CARTESIAN_POINT ( 'NONE',  ( -5.681495643958494490, -5.000000000000000000, 19.04459196851656699 ) ) ;
#3933 = ORIENTED_EDGE ( 'NONE', *, *, #3719, .F. ) ;
#3934 = VERTEX_POINT ( 'NONE', #2374 ) ;
#3935 = ADVANCED_FACE ( 'NONE', ( #557 ), #902, .T. ) ;
#3936 = DIRECTION ( 'NONE',  ( 0.000000000000000000, 0.000000000000000000, 1.000000000000000000 ) ) ;
#3937 = EDGE_LOOP ( 'NONE', ( #1685, #235, #4547, #1458 ) ) ;
#3938 = ORIENTED_EDGE ( 'NONE', *, *, #349, .F. ) ;
#3939 = DIRECTION ( 'NONE',  ( 0.000000000000000000, 1.000000000000000000, 0.000000000000000000 ) ) ;
#3940 = ADVANCED_FACE ( 'NONE', ( #1326 ), #3830, .T. ) ;
#3941 = CARTESIAN_POINT ( 'NONE',  ( 0.6968799923040851496, -5.000000000000000000, -19.86177822542411064 ) ) ;
#3942 = CARTESIAN_POINT ( 'NONE',  ( -13.15300240466660497, -5.000000000000000000, 14.89880544682826269 ) ) ;
#3943 = VERTEX_POINT ( 'NONE', #1979 ) ;
#3944 = ORIENTED_EDGE ( 'NONE', *, *, #2800, .T. ) ;
#3945 = DIRECTION ( 'NONE',  ( -0.000000000000000000, -1.000000000000000000, 0.000000000000000000 ) ) ;
#3946 = CARTESIAN_POINT ( 'NONE',  ( 20.33034959196420388, -8.673617379884035472E-16, 11.28004368203070662 ) ) ;
#3947 = ORIENTED_EDGE ( 'NONE', *, *, #4363, .F. ) ;
#3948 = FACE_OUTER_BOUND ( 'NONE', #442, .T. ) ;
#3949 = ORIENTED_EDGE ( 'NONE', *, *, #3743, .F. ) ;
#3950 = DIRECTION ( 'NONE',  ( 0.9985334138511239299, 0.000000000000000000, 0.05413890858541433454 ) ) ;
#3951 = ORIENTED_EDGE ( 'NONE', *, *, #1782, .T. ) ;
#3952 = DIRECTION ( 'NONE',  ( 0.000000000000000000, 1.000000000000000000, 0.000000000000000000 ) ) ;
#3953 = CARTESIAN_POINT ( 'NONE',  ( 19.24610660530289863, -5.000000000000000000, 6.878377740766389969 ) ) ;
#3954 = CARTESIAN_POINT ( 'NONE',  ( -2.072761170959537491, 5.000000000000000000, -23.15742129703051333 ) ) ;
#3955 = ORIENTED_EDGE ( 'NONE', *, *, #2032, .F. ) ;
#3956 = EDGE_CURVE ( 'NONE', #1081, #370, #2775, .T. ) ;
#3957 = DIRECTION ( 'NONE',  ( 0.000000000000000000, 1.000000000000000000, 0.000000000000000000 ) ) ;
#3958 = EDGE_CURVE ( 'NONE', #2136, #3417, #3408, .T. ) ;
#3959 = VERTEX_POINT ( 'NONE', #1628 ) ;
#3960 = DIRECTION ( 'NONE',  ( 0.000000000000000000, 1.000000000000000000, -0.000000000000000000 ) ) ;
#3961 = EDGE_CURVE ( 'NONE', #2396, #1681, #4485, .T. ) ;
#3962 = ORIENTED_EDGE ( 'NONE', *, *, #1766, .T. ) ;
#3963 = ORIENTED_EDGE ( 'NONE', *, *, #1534, .F. ) ;
#3964 = CARTESIAN_POINT ( 'NONE',  ( 0.000000000000000000, -5.000000000000000000, 0.000000000000000000 ) ) ;
#3965 = AXIS2_PLACEMENT_3D ( 'NONE', #3889, #2762, #1392 ) ;
#3966 = CARTESIAN_POINT ( 'NONE',  ( -5.429941357380852374, -5.000000000000000000, 22.60703954204099020 ) ) ;
#3967 = ORIENTED_EDGE ( 'NONE', *, *, #2875, .T. ) ;
#3968 = CIRCLE ( 'NONE', #752, 8.699999999995648992 ) ;
#3969 = DIRECTION ( 'NONE',  ( 0.000000000000000000, -1.000000000000000000, -0.000000000000000000 ) ) ;
#3970 = ORIENTED_EDGE ( 'NONE', *, *, #1778, .T. ) ;
#3971 = EDGE_CURVE ( 'NONE', #478, #1943, #4217, .T. ) ;
#3972 = FACE_BOUND ( 'NONE', #267, .T. ) ;
#3973 = EDGE_LOOP ( 'NONE', ( #2508, #256, #4497, #4398 ) ) ;
#3974 = CIRCLE ( 'NONE', #3058, 23.25000000000000000 ) ;
#3975 = CARTESIAN_POINT ( 'NONE',  ( 12.00000000000000178, 5.000000000000000000, -2.100000000000041833 ) ) ;
#3976 = CARTESIAN_POINT ( 'NONE',  ( 0.000000000000000000, 5.000000000000000000, 0.000000000000000000 ) ) ;
#3977 = CARTESIAN_POINT ( 'NONE',  ( 0.000000000000000000, 5.000000000000000000, 0.000000000000000000 ) ) ;
#3978 = EDGE_CURVE ( 'NONE', #1943, #2828, #917, .T. ) ;
#3979 = VERTEX_POINT ( 'NONE', #669 ) ;
#3980 = AXIS2_PLACEMENT_3D ( 'NONE', #4544, #363, #2787 ) ;
#3981 = VECTOR ( 'NONE', #4319, 1000.000000000000000 ) ;
#3982 = EDGE_CURVE ( 'NONE', #2757, #2568, #3081, .T. ) ;
#3983 = FACE_OUTER_BOUND ( 'NONE', #4487, .T. ) ;
#3984 = ORIENTED_EDGE ( 'NONE', *, *, #1451, .F. ) ;
#3985 = AXIS2_PLACEMENT_3D ( 'NONE', #1717, #4506, #1323 ) ;
#3986 = AXIS2_PLACEMENT_3D ( 'NONE', #3050, #221, #4305 ) ;
#3987 = DIRECTION ( 'NONE',  ( 0.000000000000000000, -1.000000000000000000, -0.000000000000000000 ) ) ;
#3988 = AXIS2_PLACEMENT_3D ( 'NONE', #2592, #3277, #1862 ) ;
#3989 = EDGE_CURVE ( 'NONE', #2313, #2640, #744, .T. ) ;
#3990 = CIRCLE ( 'NONE', #2944, 8.699999999995652544 ) ;
#3991 = VERTEX_POINT ( 'NONE', #296 ) ;
#3992 = FACE_OUTER_BOUND ( 'NONE', #2254, .T. ) ;
#3994 = EDGE_CURVE ( 'NONE', #1425, #3625, #2037, .T. ) ;
#3993 = AXIS2_PLACEMENT_3D ( 'NONE', #1649, #3077, #3797 ) ;
#3995 = LINE ( 'NONE', #2965, #830 ) ;
#3996 = ORIENTED_EDGE ( 'NONE', *, *, #2350, .F. ) ;
#3997 = AXIS2_PLACEMENT_3D ( 'NONE', #2729, #2095, #3828 ) ;
#3998 = DIRECTION ( 'NONE',  ( 0.000000000000000000, 0.000000000000000000, -1.000000000000000000 ) ) ;
#3999 = AXIS2_PLACEMENT_3D ( 'NONE', #2950, #3013, #4379 ) ;
#4000 = ORIENTED_EDGE ( 'NONE', *, *, #3847, .F. ) ;
#4001 = FACE_OUTER_BOUND ( 'NONE', #266, .T. ) ;
#4002 = AXIS2_PLACEMENT_3D ( 'NONE', #2150, #3231, #1771 ) ;
#4003 = ORIENTED_EDGE ( 'NONE', *, *, #4227, .F. ) ;
#4004 = CIRCLE ( 'NONE', #1233, 8.699999999995647215 ) ;
#4005 = CARTESIAN_POINT ( 'NONE',  ( 18.70284328263654317, -5.000000000000000000, 8.241865865960935622 ) ) ;
#4006 = DIRECTION ( 'NONE',  ( 0.000000000000000000, 0.000000000000000000, 1.000000000000000000 ) ) ;
#4007 = CYLINDRICAL_SURFACE ( 'NONE', #458, 8.699999999995648992 ) ;
#4008 = ORIENTED_EDGE ( 'NONE', *, *, #3012, .T. ) ;
#4009 = CARTESIAN_POINT ( 'NONE',  ( 16.04235741995733378, -5.000000000000000000, -12.66362776686422187 ) ) ;
#4010 = VERTEX_POINT ( 'NONE', #1021 ) ;
#4011 = CYLINDRICAL_SURFACE ( 'NONE', #2104, 23.25000000000000000 ) ;
#4012 = EDGE_CURVE ( 'NONE', #3006, #3270, #3684, .T. ) ;
#4013 = EDGE_CURVE ( 'NONE', #2509, #407, #2575, .T. ) ;
#4014 = ORIENTED_EDGE ( 'NONE', *, *, #1475, .F. ) ;
#4015 = CARTESIAN_POINT ( 'NONE',  ( 0.000000000000000000, -5.000000000000000000, 0.000000000000000000 ) ) ;
#4016 = CARTESIAN_POINT ( 'NONE',  ( 1.478781897387235977, -5.000000000000000000, 20.38474684432737050 ) ) ;
#4017 = VERTEX_POINT ( 'NONE', #2127 ) ;
#4018 = DIRECTION ( 'NONE',  ( 0.000000000000000000, 0.000000000000000000, 1.000000000000000000 ) ) ;
#4019 = ORIENTED_EDGE ( 'NONE', *, *, #3724, .T. ) ;
#4020 = ADVANCED_FACE ( 'NONE', ( #1045 ), #3263, .T. ) ;
#4021 = ADVANCED_FACE ( 'NONE', ( #2548 ), #4237, .T. ) ;
#4022 = FACE_OUTER_BOUND ( 'NONE', #686, .T. ) ;
#4023 = EDGE_CURVE ( 'NONE', #49, #4292, #41, .T. ) ;
#4024 = ORIENTED_EDGE ( 'NONE', *, *, #3641, .T. ) ;
#4025 = EDGE_CURVE ( 'NONE', #1863, #740, #1532, .T. ) ;
#4026 = CARTESIAN_POINT ( 'NONE',  ( 0.000000000000000000, 5.000000000000000000, 0.000000000000000000 ) ) ;
#4027 = DIRECTION ( 'NONE',  ( 0.000000000000000000, 1.000000000000000000, 0.000000000000000000 ) ) ;
#4028 = FACE_OUTER_BOUND ( 'NONE', #2203, .T. ) ;
#4029 = ORIENTED_EDGE ( 'NONE', *, *, #4111, .T. ) ;
#4030 = DIRECTION ( 'NONE',  ( 0.000000000000000000, 0.000000000000000000, 1.000000000000000000 ) ) ;
#4031 = DIRECTION ( 'NONE',  ( 0.000000000000000000, 1.000000000000000000, -0.000000000000000000 ) ) ;
#4032 = DIRECTION ( 'NONE',  ( 0.000000000000000000, 0.000000000000000000, -1.000000000000000000 ) ) ;
#4033 = EDGE_LOOP ( 'NONE', ( #3226, #1366, #3951, #376 ) ) ;
#4034 = DIRECTION ( 'NONE',  ( 0.000000000000000000, 0.000000000000000000, 1.000000000000000000 ) ) ;
#4035 = ADVANCED_FACE ( 'NONE', ( #31 ), #1104, .T. ) ;
#4036 = DIRECTION ( 'NONE',  ( 0.000000000000000000, -1.000000000000000000, 0.000000000000000000 ) ) ;
#4037 = ADVANCED_FACE ( 'NONE', ( #1478 ), #3598, .T. ) ;
#4038 = EDGE_LOOP ( 'NONE', ( #1557, #404, #1099, #3285 ) ) ;
#4039 = CARTESIAN_POINT ( 'NONE',  ( -4.564368216031072123, 0.000000000000000000, 22.79756659796139218 ) ) ;
#4040 = EDGE_LOOP ( 'NONE', ( #3781, #1608, #671, #748 ) ) ;
#4041 = DIRECTION ( 'NONE',  ( 0.000000000000000000, 1.000000000000000000, -0.000000000000000000 ) ) ;
#4042 = VERTEX_POINT ( 'NONE', #1772 ) ;
#4043 = ADVANCED_FACE ( 'NONE', ( #2852 ), #4284, .T. ) ;
#4044 = VECTOR ( 'NONE', #4401, 1000.000000000000000 ) ;
#4045 = DIRECTION ( 'NONE',  ( -0.000000000000000000, -1.000000000000000000, 0.000000000000000000 ) ) ;
#4046 = DIRECTION ( 'NONE',  ( -0.000000000000000000, 1.000000000000000000, 0.000000000000000000 ) ) ;
#4047 = LINE ( 'NONE', #1606, #4589 ) ;
#4048 = VERTEX_POINT ( 'NONE', #3878 ) ;
#4049 = CIRCLE ( 'NONE', #2012, 8.699999999995648992 ) ;
#4050 = ORIENTED_EDGE ( 'NONE', *, *, #3765, .F. ) ;
#4051 = CARTESIAN_POINT ( 'NONE',  ( -15.58904425993512355, 5.000000000000000000, -12.32710732740608606 ) ) ;
#4052 = DIRECTION ( 'NONE',  ( 0.000000000000000000, -1.000000000000000000, 0.000000000000000000 ) ) ;
#4053 = CIRCLE ( 'NONE', #164, 23.25000000000000000 ) ;
#4054 = AXIS2_PLACEMENT_3D ( 'NONE', #708, #261, #1686 ) ;
#4055 = DIRECTION ( 'NONE',  ( 0.000000000000000000, 1.000000000000000000, -0.000000000000000000 ) ) ;
#4056 = AXIS2_PLACEMENT_3D ( 'NONE', #4106, #963, #2393 ) ;
#4057 = CIRCLE ( 'NONE', #2633, 8.699999999995650768 ) ;
#4058 = ORIENTED_EDGE ( 'NONE', *, *, #1289, .T. ) ;
#4059 = VECTOR ( 'NONE', #2317, 1000.000000000000000 ) ;
#4060 = DIRECTION ( 'NONE',  ( -0.000000000000000000, 1.000000000000000000, -0.000000000000000000 ) ) ;
#4061 = DIRECTION ( 'NONE',  ( 0.000000000000000000, -1.000000000000000000, -0.000000000000000000 ) ) ;
#4062 = CIRCLE ( 'NONE', #326, 8.699999999995648992 ) ;
#4063 = ORIENTED_EDGE ( 'NONE', *, *, #605, .F. ) ;
#4064 = CARTESIAN_POINT ( 'NONE',  ( -13.15300240466660497, 5.000000000000000000, 14.89880544682826269 ) ) ;
#4065 = CIRCLE ( 'NONE', #2788, 23.25000000000000000 ) ;
#4066 = CARTESIAN_POINT ( 'NONE',  ( 18.38960165408991898, -5.000000000000000000, -8.918926550389786101 ) ) ;
#4067 = ORIENTED_EDGE ( 'NONE', *, *, #3181, .T. ) ;
#4068 = CIRCLE ( 'NONE', #916, 23.25000000000000000 ) ;
#4069 =( GEOMETRIC_REPRESENTATION_CONTEXT ( 3 ) GLOBAL_UNCERTAINTY_ASSIGNED_CONTEXT ( ( #3919 ) ) GLOBAL_UNIT_ASSIGNED_CONTEXT ( ( #2724, #567, #4155 ) ) REPRESENTATION_CONTEXT ( 'NONE', 'WORKASPACE' ) );
#4070 = CYLINDRICAL_SURFACE ( 'NONE', #2042, 23.25000000000000000 ) ;
#4071 = LINE ( 'NONE', #878, #2335 ) ;
#4072 = ORIENTED_EDGE ( 'NONE', *, *, #2522, .F. ) ;
#4073 = VECTOR ( 'NONE', #125, 1000.000000000000000 ) ;
#4074 = EDGE_CURVE ( 'NONE', #856, #560, #4585, .T. ) ;
#4075 = AXIS2_PLACEMENT_3D ( 'NONE', #990, #4251, #2797 ) ;
#4076 = ORIENTED_EDGE ( 'NONE', *, *, #2066, .F. ) ;
#4077 = CARTESIAN_POINT ( 'NONE',  ( -13.15300240466660497, -5.000000000000000000, 14.89880544682826269 ) ) ;
#4078 = DIRECTION ( 'NONE',  ( -0.000000000000000000, 1.000000000000000000, 0.000000000000000000 ) ) ;
#4079 = LINE ( 'NONE', #1568, #2312 ) ;
#4080 = VERTEX_POINT ( 'NONE', #374 ) ;
#4081 = EDGE_CURVE ( 'NONE', #4153, #3934, #2528, .T. ) ;
#4082 = EDGE_CURVE ( 'NONE', #1008, #4135, #4436, .T. ) ;
#4083 = EDGE_CURVE ( 'NONE', #1472, #3890, #411, .T. ) ;
#4084 = ORIENTED_EDGE ( 'NONE', *, *, #4175, .T. ) ;
#4085 = CARTESIAN_POINT ( 'NONE',  ( -12.57461737942594304, 5.000000000000000000, -15.39009011541660854 ) ) ;
#4086 = CARTESIAN_POINT ( 'NONE',  ( 11.46505472042118257, -5.000000000000000000, -16.23355772027047195 ) ) ;
#4087 = ORIENTED_EDGE ( 'NONE', *, *, #2598, .F. ) ;
#4088 = CARTESIAN_POINT ( 'NONE',  ( 4.564368216031376768, -8.673617379884035472E-16, 22.79756659796133889 ) ) ;
#4089 = CARTESIAN_POINT ( 'NONE',  ( 7.002296713240348858, 5.000000000000000000, 18.59956227278880192 ) ) ;
#4090 = DIRECTION ( 'NONE',  ( 0.000000000000000000, 0.000000000000000000, 1.000000000000000000 ) ) ;
#4091 = ORIENTED_EDGE ( 'NONE', *, *, #2666, .T. ) ;
#4092 = ORIENTED_EDGE ( 'NONE', *, *, #869, .T. ) ;
#4093 = LINE ( 'NONE', #3332, #3008 ) ;
#4094 = FACE_OUTER_BOUND ( 'NONE', #3908, .T. ) ;
#4095 = CARTESIAN_POINT ( 'NONE',  ( -15.09216836474855050, -5.000000000000000000, -13.78227680238057395 ) ) ;
#4096 = EDGE_LOOP ( 'NONE', ( #1047, #2427, #2741, #1476 ) ) ;
#4097 = EDGE_CURVE ( 'NONE', #2291, #54, #1581, .T. ) ;
#4098 = EDGE_CURVE ( 'NONE', #971, #2197, #1595, .T. ) ;
#4099 = DIRECTION ( 'NONE',  ( 0.000000000000000000, -1.000000000000000000, 0.000000000000000000 ) ) ;
#4100 = CARTESIAN_POINT ( 'NONE',  ( 7.842361733251128619, -5.000000000000000000, -21.88743617797292984 ) ) ;
#4101 = ORIENTED_EDGE ( 'NONE', *, *, #4082, .F. ) ;
#4102 = CARTESIAN_POINT ( 'NONE',  ( -9.358458750909637303, -5.000000000000000000, 21.28336791505336123 ) ) ;
#4103 = EDGE_CURVE ( 'NONE', #4153, #39, #3759, .T. ) ;
#4104 = CARTESIAN_POINT ( 'NONE',  ( 0.000000000000000000, 5.000000000000000000, 0.000000000000000000 ) ) ;
#4105 = LINE ( 'NONE', #1192, #1459 ) ;
#4106 = CARTESIAN_POINT ( 'NONE',  ( 0.000000000000000000, -5.000000000000000000, 0.000000000000000000 ) ) ;
#4107 = AXIS2_PLACEMENT_3D ( 'NONE', #1312, #4564, #2833 ) ;
#4108 = EDGE_LOOP ( 'NONE', ( #1579, #1527, #1736, #1797 ) ) ;
#4109 = DIRECTION ( 'NONE',  ( 0.000000000000000000, -1.000000000000000000, -0.000000000000000000 ) ) ;
#4110 = DIRECTION ( 'NONE',  ( -0.000000000000000000, 1.000000000000000000, -0.000000000000000000 ) ) ;
#4111 = EDGE_CURVE ( 'NONE', #3959, #3542, #546, .T. ) ;
#4112 = DIRECTION ( 'NONE',  ( -0.000000000000000000, -1.000000000000000000, -0.000000000000000000 ) ) ;
#4113 = DIRECTION ( 'NONE',  ( 0.000000000000000000, 0.000000000000000000, 1.000000000000000000 ) ) ;
#4114 = CIRCLE ( 'NONE', #4191, 8.699999999995650768 ) ;
#4115 = EDGE_CURVE ( 'NONE', #4017, #3279, #1229, .T. ) ;
#4116 = ORIENTED_EDGE ( 'NONE', *, *, #2560, .T. ) ;
#4117 = AXIS2_PLACEMENT_3D ( 'NONE', #2842, #572, #4274 ) ;
#4118 = ORIENTED_EDGE ( 'NONE', *, *, #1900, .T. ) ;
#4119 = CARTESIAN_POINT ( 'NONE',  ( -23.23567597126657702, -8.673617379884035472E-16, 0.8160037734624200345 ) ) ;
#4120 = AXIS2_PLACEMENT_3D ( 'NONE', #2960, #3960, #2585 ) ;
#4121 = EDGE_CURVE ( 'NONE', #167, #3417, #1749, .T. ) ;
#4122 = DIRECTION ( 'NONE',  ( 0.000000000000000000, -1.000000000000000000, -0.000000000000000000 ) ) ;
#4123 = CARTESIAN_POINT ( 'NONE',  ( -8.972215365938232878, 5.000000000000000000, -17.73344939448687541 ) ) ;
#4124 = ORIENTED_EDGE ( 'NONE', *, *, #2337, .T. ) ;
#4125 = CIRCLE ( 'NONE', #1949, 8.699999999995650768 ) ;
#4126 = VECTOR ( 'NONE', #449, 1000.000000000000000 ) ;
#4127 = APPLICATION_PROTOCOL_DEFINITION ( 'draft international standard', 'automotive_design', 1998, #1074 ) ;
#4128 = EDGE_CURVE ( 'NONE', #2747, #584, #853, .T. ) ;
#4129 = DIRECTION ( 'NONE',  ( 0.000000000000000000, 0.000000000000000000, 1.000000000000000000 ) ) ;
#4130 = AXIS2_PLACEMENT_3D ( 'NONE', #687, #2116, #3175 ) ;
#4131 = AXIS2_PLACEMENT_3D ( 'NONE', #1248, #2669, #4150 ) ;
#4132 = DIRECTION ( 'NONE',  ( 0.9868265225415255859, 0.000000000000000000, -0.1617819965527684534 ) ) ;
#4133 = CARTESIAN_POINT ( 'NONE',  ( 23.01124191615858194, -5.000000000000000000, -3.323438802810459336 ) ) ;
#4134 = CIRCLE ( 'NONE', #543, 8.699999999995647215 ) ;
#4135 = VERTEX_POINT ( 'NONE', #2576 ) ;
#4136 = LINE ( 'NONE', #4481, #3607 ) ;
#4137 = AXIS2_PLACEMENT_3D ( 'NONE', #4332, #1751, #354 ) ;
#4138 = DIRECTION ( 'NONE',  ( 0.000000000000000000, 0.000000000000000000, 1.000000000000000000 ) ) ;
#4139 = DIRECTION ( 'NONE',  ( 0.000000000000000000, -1.000000000000000000, 0.000000000000000000 ) ) ;
#4140 = CIRCLE ( 'NONE', #2954, 8.699999999995652544 ) ;
#4141 = CARTESIAN_POINT ( 'NONE',  ( 2.953859883737702585, -8.673617379884035472E-16, -23.06159603729206609 ) ) ;
#4143 = EDGE_LOOP ( 'NONE', ( #2076, #4192, #3165, #1844 ) ) ;
#4142 = CIRCLE ( 'NONE', #3922, 8.699999999995647215 ) ;
#4144 = LINE ( 'NONE', #2433, #4422 ) ;
#4145 = AXIS2_PLACEMENT_3D ( 'NONE', #2386, #3299, #2948 ) ;
#4146 = AXIS2_PLACEMENT_3D ( 'NONE', #1818, #4577, #319 ) ;
#4147 = EDGE_CURVE ( 'NONE', #1706, #4153, #3840, .T. ) ;
#4148 = EDGE_CURVE ( 'NONE', #250, #3428, #3085, .T. ) ;
#4149 = ORIENTED_EDGE ( 'NONE', *, *, #3871, .F. ) ;
#4150 = DIRECTION ( 'NONE',  ( -0.5155538571770285072, 0.000000000000000000, -0.8568571761675850551 ) ) ;
#4151 = CARTESIAN_POINT ( 'NONE',  ( 0.000000000000000000, 5.000000000000000000, 0.000000000000000000 ) ) ;
#4152 = LINE ( 'NONE', #488, #551 ) ;
#4153 = VERTEX_POINT ( 'NONE', #836 ) ;
#4154 = CYLINDRICAL_SURFACE ( 'NONE', #3609, 19.87399999999006184 ) ;
#4155 =( NAMED_UNIT ( * ) SI_UNIT ( $, .STERADIAN. ) SOLID_ANGLE_UNIT ( ) );
#4156 = FACE_OUTER_BOUND ( 'NONE', #891, .T. ) ;
#4157 = EDGE_CURVE ( 'NONE', #817, #812, #1161, .T. ) ;
#4158 = CARTESIAN_POINT ( 'NONE',  ( -11.46505472042138685, -5.000000000000000000, -16.23355772027032629 ) ) ;
#4159 = VERTEX_POINT ( 'NONE', #4089 ) ;
#4160 = DIRECTION ( 'NONE',  ( 0.000000000000000000, 1.000000000000000000, 0.000000000000000000 ) ) ;
#4161 = DIRECTION ( 'NONE',  ( 0.000000000000000000, -1.000000000000000000, 0.000000000000000000 ) ) ;
#4162 = DIRECTION ( 'NONE',  ( 0.000000000000000000, 1.000000000000000000, 0.000000000000000000 ) ) ;
#4163 = CARTESIAN_POINT ( 'NONE',  ( -11.46505472042138685, 5.000000000000000000, -16.23355772027032629 ) ) ;
#4164 = VERTEX_POINT ( 'NONE', #877 ) ;
#4165 = ORIENTED_EDGE ( 'NONE', *, *, #1160, .F. ) ;
#4166 = DIRECTION ( 'NONE',  ( 0.000000000000000000, -1.000000000000000000, -0.000000000000000000 ) ) ;
#4167 = CARTESIAN_POINT ( 'NONE',  ( -12.57461737942594304, -5.000000000000000000, -15.39009011541660854 ) ) ;
#4168 = VERTEX_POINT ( 'NONE', #1173 ) ;
#4169 = DIRECTION ( 'NONE',  ( -0.000000000000000000, 1.000000000000000000, -0.000000000000000000 ) ) ;
#4170 = VERTEX_POINT ( 'NONE', #4396 ) ;
#4171 = CARTESIAN_POINT ( 'NONE',  ( 5.826326801115686571, -5.000000000000000000, 19.59026839565899536 ) ) ;
#4172 = LINE ( 'NONE', #1057, #1514 ) ;
#4173 = DIRECTION ( 'NONE',  ( 0.000000000000000000, 0.000000000000000000, 1.000000000000000000 ) ) ;
#4174 = ORIENTED_EDGE ( 'NONE', *, *, #1710, .F. ) ;
#4175 = EDGE_CURVE ( 'NONE', #2140, #1008, #2648, .T. ) ;
#4176 = CARTESIAN_POINT ( 'NONE',  ( 18.95138111403043979, -5.000000000000000000, -5.985067240255158794 ) ) ;
#4177 = EDGE_CURVE ( 'NONE', #2499, #3205, #251, .T. ) ;
#4178 = LINE ( 'NONE', #961, #1533 ) ;
#4179 = CARTESIAN_POINT ( 'NONE',  ( -9.901439139120858712, -5.000000000000000000, 17.87977076982923919 ) ) ;
#4180 = DIRECTION ( 'NONE',  ( 0.000000000000000000, 1.000000000000000000, 0.000000000000000000 ) ) ;
#4181 = ADVANCED_FACE ( 'NONE', ( #75 ), #4070, .T. ) ;
#4182 = ORIENTED_EDGE ( 'NONE', *, *, #2894, .T. ) ;
#4183 = CARTESIAN_POINT ( 'NONE',  ( 16.49382366668131539, -5.000000000000000000, 12.06973407576895063 ) ) ;
#4184 = CYLINDRICAL_SURFACE ( 'NONE', #3993, 19.87399999999006184 ) ;
#4185 = DIRECTION ( 'NONE',  ( -0.000000000000000000, -1.000000000000000000, 0.000000000000000000 ) ) ;
#4186 = VERTEX_POINT ( 'NONE', #2284 ) ;
#4187 = ORIENTED_EDGE ( 'NONE', *, *, #3121, .F. ) ;
#4188 = VECTOR ( 'NONE', #364, 1000.000000000000000 ) ;
#4189 = CARTESIAN_POINT ( 'NONE',  ( -18.95138111403051440, -5.000000000000000000, -5.985067240254914545 ) ) ;
#4190 = CARTESIAN_POINT ( 'NONE',  ( 16.04829528322483867, -5.000000000000000000, 11.72297293786983374 ) ) ;
#4191 = AXIS2_PLACEMENT_3D ( 'NONE', #2025, #1308, #3455 ) ;
#4192 = ORIENTED_EDGE ( 'NONE', *, *, #2754, .T. ) ;
#4193 = CARTESIAN_POINT ( 'NONE',  ( 0.000000000000000000, -5.000000000000000000, 0.000000000000000000 ) ) ;
#4194 = DIRECTION ( 'NONE',  ( 0.000000000000000000, 0.000000000000000000, 1.000000000000000000 ) ) ;
#4195 = VECTOR ( 'NONE', #2279, 1000.000000000000000 ) ;
#4196 = CARTESIAN_POINT ( 'NONE',  ( 0.000000000000000000, 5.000000000000000000, 0.000000000000000000 ) ) ;
#4197 = LINE ( 'NONE', #16, #823 ) ;
#4198 = ORIENTED_EDGE ( 'NONE', *, *, #4277, .T. ) ;
#4199 = CIRCLE ( 'NONE', #2394, 19.87399999999006539 ) ;
#4200 = ORIENTED_EDGE ( 'NONE', *, *, #3512, .T. ) ;
#4201 = AXIS2_PLACEMENT_3D ( 'NONE', #939, #1670, #4233 ) ;
#4202 = CARTESIAN_POINT ( 'NONE',  ( 0.000000000000000000, -5.000000000000000000, 0.000000000000000000 ) ) ;
#4203 = AXIS2_PLACEMENT_3D ( 'NONE', #3623, #1100, #2500 ) ;
#4204 = AXIS2_PLACEMENT_3D ( 'NONE', #1994, #4160, #3423 ) ;
#4205 = CARTESIAN_POINT ( 'NONE',  ( 0.000000000000000000, -5.000000000000000000, 0.000000000000000000 ) ) ;
#4206 = CARTESIAN_POINT ( 'NONE',  ( 0.000000000000000000, -5.000000000000000000, 0.000000000000000000 ) ) ;
#4207 = ADVANCED_FACE ( 'NONE', ( #815 ), #1890, .T. ) ;
#4208 = AXIS2_PLACEMENT_3D ( 'NONE', #268, #1297, #937 ) ;
#4209 = FACE_OUTER_BOUND ( 'NONE', #1756, .T. ) ;
#4210 = ORIENTED_EDGE ( 'NONE', *, *, #263, .F. ) ;
#4211 = DIRECTION ( 'NONE',  ( 0.9289767198167898643, 0.000000000000000000, -0.3701381553399182844 ) ) ;
#4212 = CARTESIAN_POINT ( 'NONE',  ( -15.09216836474855050, 5.000000000000000000, -13.78227680238057395 ) ) ;
#4213 = CARTESIAN_POINT ( 'NONE',  ( -19.24610660530280981, 5.000000000000000000, 6.878377740766657311 ) ) ;
#4214 = EDGE_CURVE ( 'NONE', #505, #1543, #1498, .T. ) ;
#4215 = ORIENTED_EDGE ( 'NONE', *, *, #4115, .T. ) ;
#4216 = ORIENTED_EDGE ( 'NONE', *, *, #3337, .F. ) ;
#4217 = CIRCLE ( 'NONE', #477, 19.87399999999006539 ) ;
#4218 = CARTESIAN_POINT ( 'NONE',  ( -20.27479121899671810, -5.000000000000000000, 11.28022108227681741 ) ) ;
#4219 = DIRECTION ( 'NONE',  ( 0.2149704402110245438, 0.000000000000000000, 0.9766205557100865464 ) ) ;
#4220 = CIRCLE ( 'NONE', #2204, 19.87399999999006184 ) ;
#4221 = ORIENTED_EDGE ( 'NONE', *, *, #3327, .T. ) ;
#4222 = LINE ( 'NONE', #1009, #2857 ) ;
#4223 = EDGE_CURVE ( 'NONE', #872, #1725, #1086, .T. ) ;
#4224 = VECTOR ( 'NONE', #445, 1000.000000000000000 ) ;
#4225 = AXIS2_PLACEMENT_3D ( 'NONE', #4407, #1860, #3998 ) ;
#4227 = EDGE_CURVE ( 'NONE', #1472, #3507, #3174, .T. ) ;
#4226 = FACE_OUTER_BOUND ( 'NONE', #2732, .T. ) ;
#4228 = CARTESIAN_POINT ( 'NONE',  ( 0.000000000000000000, 5.000000000000000000, 0.000000000000000000 ) ) ;
#4229 = ORIENTED_EDGE ( 'NONE', *, *, #1340, .T. ) ;
#4230 = ORIENTED_EDGE ( 'NONE', *, *, #1836, .F. ) ;
#4231 = DIRECTION ( 'NONE',  ( 0.3193015301359742319, 0.000000000000000000, -0.9476531711828043436 ) ) ;
#4232 = DIRECTION ( 'NONE',  ( 0.000000000000000000, 1.000000000000000000, 0.000000000000000000 ) ) ;
#4233 = DIRECTION ( 'NONE',  ( 0.000000000000000000, 0.000000000000000000, 1.000000000000000000 ) ) ;
#4234 = DIRECTION ( 'NONE',  ( 0.000000000000000000, -1.000000000000000000, 0.000000000000000000 ) ) ;
#4235 = ORIENTED_EDGE ( 'NONE', *, *, #2750, .F. ) ;
#4236 = DIRECTION ( 'NONE',  ( 0.000000000000000000, -1.000000000000000000, 0.000000000000000000 ) ) ;
#4237 = CYLINDRICAL_SURFACE ( 'NONE', #3539, 19.87399999999006184 ) ;
#4238 = DIRECTION ( 'NONE',  ( 0.000000000000000000, 0.000000000000000000, 1.000000000000000000 ) ) ;
#4239 = ORIENTED_EDGE ( 'NONE', *, *, #3090, .F. ) ;
#4240 = ORIENTED_EDGE ( 'NONE', *, *, #1314, .F. ) ;
#4241 = CARTESIAN_POINT ( 'NONE',  ( 0.000000000000000000, -5.000000000000000000, 12.00000000000000178 ) ) ;
#4242 = DIRECTION ( 'NONE',  ( -0.9635499925192201331, 0.000000000000000000, 0.2675283385292311911 ) ) ;
#4243 = ORIENTED_EDGE ( 'NONE', *, *, #4469, .F. ) ;
#4244 = DIRECTION ( 'NONE',  ( -0.000000000000000000, 1.000000000000000000, 0.000000000000000000 ) ) ;
#4245 = FACE_OUTER_BOUND ( 'NONE', #554, .T. ) ;
#4246 = DIRECTION ( 'NONE',  ( -0.000000000000000000, 1.000000000000000000, 0.000000000000000000 ) ) ;
#4247 = EDGE_LOOP ( 'NONE', ( #2018, #195, #1790, #1993 ) ) ;
#4248 = ORIENTED_EDGE ( 'NONE', *, *, #4549, .T. ) ;
#4249 = CARTESIAN_POINT ( 'NONE',  ( 0.000000000000000000, -5.000000000000000000, 0.000000000000000000 ) ) ;
#4250 = CARTESIAN_POINT ( 'NONE',  ( -9.242329982407259337, -5.000000000000000000, -18.22920832904298649 ) ) ;
#4251 = DIRECTION ( 'NONE',  ( 0.000000000000000000, 1.000000000000000000, 0.000000000000000000 ) ) ;
#4252 = CARTESIAN_POINT ( 'NONE',  ( -19.48430886138786988, -5.000000000000000000, -6.171418637671311380 ) ) ;
#4253 = DIRECTION ( 'NONE',  ( 0.000000000000000000, 0.000000000000000000, 1.000000000000000000 ) ) ;
#4254 = ORIENTED_EDGE ( 'NONE', *, *, #3613, .T. ) ;
#4255 = EDGE_CURVE ( 'NONE', #654, #1520, #3031, .T. ) ;
#4256 = DIRECTION ( 'NONE',  ( -0.000000000000000000, -1.000000000000000000, -0.000000000000000000 ) ) ;
#4257 = DIRECTION ( 'NONE',  ( 0.9635499925192235748, 0.000000000000000000, 0.2675283385292182015 ) ) ;
#4258 = DIRECTION ( 'NONE',  ( -0.1081190184239488039, 0.000000000000000000, -0.9941379571543589311 ) ) ;
#4259 = ORIENTED_EDGE ( 'NONE', *, *, #4519, .F. ) ;
#4260 = EDGE_LOOP ( 'NONE', ( #1907, #2105, #2597, #2868 ) ) ;
#4261 = CYLINDRICAL_SURFACE ( 'NONE', #1440, 23.25000000000000000 ) ;
#4262 = LINE ( 'NONE', #2079, #1049 ) ;
#4263 = VERTEX_POINT ( 'NONE', #4460 ) ;
#4264 = CARTESIAN_POINT ( 'NONE',  ( -20.27479121899671810, -5.000000000000000000, 2.580221082281170197 ) ) ;
#4265 = CARTESIAN_POINT ( 'NONE',  ( 10.16283758813933780, 5.000000000000000000, 20.91122263659163494 ) ) ;
#4266 = CIRCLE ( 'NONE', #3664, 19.87399999999006184 ) ;
#4267 = CYLINDRICAL_SURFACE ( 'NONE', #1937, 8.699999999995647215 ) ;
#4268 = ORIENTED_EDGE ( 'NONE', *, *, #2642, .T. ) ;
#4269 = ORIENTED_EDGE ( 'NONE', *, *, #4097, .F. ) ;
#4270 = EDGE_CURVE ( 'NONE', #175, #2855, #182, .T. ) ;
#4271 = CIRCLE ( 'NONE', #2551, 4.250000000000000000 ) ;
#4272 = AXIS2_PLACEMENT_3D ( 'NONE', #2253, #3272, #456 ) ;
#4273 = DIRECTION ( 'NONE',  ( -0.000000000000000000, -1.000000000000000000, 0.000000000000000000 ) ) ;
#4274 = DIRECTION ( 'NONE',  ( 0.000000000000000000, 0.000000000000000000, -1.000000000000000000 ) ) ;
#4275 = VECTOR ( 'NONE', #4297, 1000.000000000000000 ) ;
#4276 = DIRECTION ( 'NONE',  ( 0.000000000000000000, -1.000000000000000000, 0.000000000000000000 ) ) ;
#4277 = EDGE_CURVE ( 'NONE', #2363, #3652, #4440, .T. ) ;
#4278 = ORIENTED_EDGE ( 'NONE', *, *, #3291, .F. ) ;
#4279 = DIRECTION ( 'NONE',  ( -0.000000000000000000, 1.000000000000000000, -0.000000000000000000 ) ) ;
#4280 = MANIFOLD_SOLID_BREP ( 'CirPattern2', #2650 ) ;
#4281 = ORIENTED_EDGE ( 'NONE', *, *, #1727, .F. ) ;
#4282 = ADVANCED_FACE ( 'NONE', ( #2322 ), #1252, .T. ) ;
#4283 = CARTESIAN_POINT ( 'NONE',  ( 0.000000000000000000, 5.000000000000000000, 0.000000000000000000 ) ) ;
#4284 = CYLINDRICAL_SURFACE ( 'NONE', #3249, 19.87399999999006184 ) ;
#4285 = CIRCLE ( 'NONE', #321, 8.699999999995647215 ) ;
#4286 = AXIS2_PLACEMENT_3D ( 'NONE', #3516, #3894, #3776 ) ;
#4287 = DIRECTION ( 'NONE',  ( 0.000000000000000000, 1.000000000000000000, 0.000000000000000000 ) ) ;
#4288 = ORIENTED_EDGE ( 'NONE', *, *, #2869, .F. ) ;
#4289 = ORIENTED_EDGE ( 'NONE', *, *, #2841, .F. ) ;
#4290 = DIRECTION ( 'NONE',  ( -0.000000000000000000, -1.000000000000000000, 0.000000000000000000 ) ) ;
#4291 = AXIS2_PLACEMENT_3D ( 'NONE', #3766, #1938, #3026 ) ;
#4292 = VERTEX_POINT ( 'NONE', #920 ) ;
#4293 = ORIENTED_EDGE ( 'NONE', *, *, #1868, .F. ) ;
#4294 = CARTESIAN_POINT ( 'NONE',  ( -16.30783065349377026, 5.000000000000000000, -16.57157685245941892 ) ) ;
#4295 = AXIS2_PLACEMENT_3D ( 'NONE', #5, #1722, #1423 ) ;
#4296 = AXIS2_PLACEMENT_3D ( 'NONE', #3728, #525, #1948 ) ;
#4297 = DIRECTION ( 'NONE',  ( -0.000000000000000000, 1.000000000000000000, -0.000000000000000000 ) ) ;
#4298 = AXIS2_PLACEMENT_3D ( 'NONE', #2988, #4354, #3329 ) ;
#4299 = CARTESIAN_POINT ( 'NONE',  ( -19.87037753878501078, 5.000000000000000000, -0.3794370379300781582 ) ) ;
#4300 = EDGE_CURVE ( 'NONE', #54, #559, #2421, .T. ) ;
#4301 = ORIENTED_EDGE ( 'NONE', *, *, #4335, .F. ) ;
#4302 = ORIENTED_EDGE ( 'NONE', *, *, #4214, .F. ) ;
#4303 = CIRCLE ( 'NONE', #413, 19.87399999999006539 ) ;
#4304 = CARTESIAN_POINT ( 'NONE',  ( -7.217226936875042576, -5.000000000000000000, 19.12161957442413041 ) ) ;
#4305 = DIRECTION ( 'NONE',  ( 0.000000000000000000, 0.000000000000000000, 1.000000000000000000 ) ) ;
#4306 = AXIS2_PLACEMENT_3D ( 'NONE', #1561, #136, #1265 ) ;
#4307 = VERTEX_POINT ( 'NONE', #548 ) ;
#4308 = DIRECTION ( 'NONE',  ( 0.000000000000000000, -1.000000000000000000, 0.000000000000000000 ) ) ;
#4309 = ORIENTED_EDGE ( 'NONE', *, *, #2468, .T. ) ;
#4310 = EDGE_CURVE ( 'NONE', #510, #2136, #1965, .T. ) ;
#4311 = DIRECTION ( 'NONE',  ( 0.000000000000000000, -1.000000000000000000, -0.000000000000000000 ) ) ;
#4312 = EDGE_LOOP ( 'NONE', ( #3826, #2115, #3338, #2135 ) ) ;
#4313 = PLANE ( 'NONE',  #3396 ) ;
#4314 = DIRECTION ( 'NONE',  ( -0.000000000000000000, 1.000000000000000000, -0.000000000000000000 ) ) ;
#4315 = DIRECTION ( 'NONE',  ( -0.000000000000000000, -1.000000000000000000, 0.000000000000000000 ) ) ;
#4316 = VERTEX_POINT ( 'NONE', #3772 ) ;
#4317 = CYLINDRICAL_SURFACE ( 'NONE', #1733, 8.699999999995648992 ) ;
#4318 = EDGE_LOOP ( 'NONE', ( #528, #4474, #2441, #3933 ) ) ;
#4319 = DIRECTION ( 'NONE',  ( 0.000000000000000000, 1.000000000000000000, -0.000000000000000000 ) ) ;
#4320 = EDGE_CURVE ( 'NONE', #3901, #1124, #3544, .T. ) ;
#4321 = ORIENTED_EDGE ( 'NONE', *, *, #3247, .T. ) ;
#4322 = EDGE_LOOP ( 'NONE', ( #279, #1275, #537, #3744 ) ) ;
#4323 = LINE ( 'NONE', #1468, #1886 ) ;
#4324 = DIRECTION ( 'NONE',  ( -0.6876994588534295350, 0.000000000000000000, -0.7259954919231248471 ) ) ;
#4325 = ORIENTED_EDGE ( 'NONE', *, *, #3303, .F. ) ;
#4326 = LINE ( 'NONE', #1883, #858 ) ;
#4327 = ADVANCED_FACE ( 'NONE', ( #4530 ), #3791, .T. ) ;
#4328 = ORIENTED_EDGE ( 'NONE', *, *, #2504, .T. ) ;
#4329 = DIRECTION ( 'NONE',  ( -0.4198891015602528309, 0.000000000000000000, 0.9075754196709624466 ) ) ;
#4330 = ORIENTED_EDGE ( 'NONE', *, *, #1247, .T. ) ;
#4331 = FACE_BOUND ( 'NONE', #1255, .T. ) ;
#4332 = CARTESIAN_POINT ( 'NONE',  ( 11.77653974393275504, -5.000000000000000000, -16.70442490680019176 ) ) ;
#4333 = CARTESIAN_POINT ( 'NONE',  ( 0.000000000000000000, 5.000000000000000000, 0.000000000000000000 ) ) ;
#4334 = ORIENTED_EDGE ( 'NONE', *, *, #3415, .F. ) ;
#4335 = EDGE_CURVE ( 'NONE', #260, #4042, #4178, .T. ) ;
#4336 = FACE_OUTER_BOUND ( 'NONE', #3200, .T. ) ;
#4337 = VERTEX_POINT ( 'NONE', #1343 ) ;
#4338 = ORIENTED_EDGE ( 'NONE', *, *, #4128, .F. ) ;
#4339 = DIRECTION ( 'NONE',  ( 0.000000000000000000, -1.000000000000000000, 0.000000000000000000 ) ) ;
#4340 = ADVANCED_FACE ( 'NONE', ( #895 ), #617, .T. ) ;
#4341 = ORIENTED_EDGE ( 'NONE', *, *, #803, .F. ) ;
#4342 = ORIENTED_EDGE ( 'NONE', *, *, #4214, .T. ) ;
#4343 = DIRECTION ( 'NONE',  ( 0.000000000000000000, 1.000000000000000000, 0.000000000000000000 ) ) ;
#4344 = DIRECTION ( 'NONE',  ( 0.000000000000000000, 0.000000000000000000, 1.000000000000000000 ) ) ;
#4345 = ORIENTED_EDGE ( 'NONE', *, *, #660, .T. ) ;
#4346 = AXIS2_PLACEMENT_3D ( 'NONE', #3208, #2529, #1148 ) ;
#4347 = DIRECTION ( 'NONE',  ( -0.000000000000000000, 1.000000000000000000, -0.000000000000000000 ) ) ;
#4348 = ORIENTED_EDGE ( 'NONE', *, *, #3451, .T. ) ;
#4349 = CYLINDRICAL_SURFACE ( 'NONE', #3065, 8.699999999995647215 ) ;
#4350 = ORIENTED_EDGE ( 'NONE', *, *, #3978, .T. ) ;
#4351 = AXIS2_PLACEMENT_3D ( 'NONE', #1396, #2820, #2466 ) ;
#4352 = DIRECTION ( 'NONE',  ( 0.000000000000000000, 0.000000000000000000, 1.000000000000000000 ) ) ;
#4353 = ADVANCED_FACE ( 'NONE', ( #524 ), #1947, .T. ) ;
#4354 = DIRECTION ( 'NONE',  ( 0.000000000000000000, -1.000000000000000000, -0.000000000000000000 ) ) ;
#4355 = DIRECTION ( 'NONE',  ( 0.000000000000000000, -1.000000000000000000, 0.000000000000000000 ) ) ;
#4356 = EDGE_LOOP ( 'NONE', ( #3000, #2380, #2472, #2458 ) ) ;
#4357 = CARTESIAN_POINT ( 'NONE',  ( 0.000000000000000000, 5.000000000000000000, 0.000000000000000000 ) ) ;
#4358 = EDGE_LOOP ( 'NONE', ( #4334, #2502, #597, #144 ) ) ;
#4359 = AXIS2_PLACEMENT_3D ( 'NONE', #1974, #1273, #1345 ) ;
#4360 = AXIS2_PLACEMENT_3D ( 'NONE', #1951, #494, #4449 ) ;
#4361 = DIRECTION ( 'NONE',  ( 0.000000000000000000, 1.000000000000000000, -0.000000000000000000 ) ) ;
#4362 = AXIS2_PLACEMENT_3D ( 'NONE', #1668, #1320, #4129 ) ;
#4363 = EDGE_CURVE ( 'NONE', #73, #954, #4142, .T. ) ;
#4364 = AXIS2_PLACEMENT_3D ( 'NONE', #4574, #3945, #2086 ) ;
#4365 = EDGE_CURVE ( 'NONE', #3302, #2008, #997, .T. ) ;
#4366 = ORIENTED_EDGE ( 'NONE', *, *, #3388, .T. ) ;
#4367 = DIRECTION ( 'NONE',  ( -0.000000000000000000, -1.000000000000000000, -0.000000000000000000 ) ) ;
#4368 = AXIS2_PLACEMENT_3D ( 'NONE', #1499, #2923, #3649 ) ;
#4369 = EDGE_CURVE ( 'NONE', #4553, #899, #4220, .T. ) ;
#4370 = DIRECTION ( 'NONE',  ( -0.000000000000000000, 1.000000000000000000, -0.000000000000000000 ) ) ;
#4371 = EDGE_LOOP ( 'NONE', ( #220, #4221 ) ) ;
#4372 = VECTOR ( 'NONE', #668, 1000.000000000000000 ) ;
#4373 = CARTESIAN_POINT ( 'NONE',  ( 0.000000000000000000, -5.000000000000000000, 0.000000000000000000 ) ) ;
#4374 = ORIENTED_EDGE ( 'NONE', *, *, #517, .T. ) ;
#4375 = DIRECTION ( 'NONE',  ( 0.5155538571770170719, 0.000000000000000000, -0.8568571761675920495 ) ) ;
#4376 = ORIENTED_EDGE ( 'NONE', *, *, #855, .F. ) ;
#4377 = VECTOR ( 'NONE', #4347, 1000.000000000000000 ) ;
#4378 = DIRECTION ( 'NONE',  ( 0.000000000000000000, -1.000000000000000000, 0.000000000000000000 ) ) ;
#4379 = DIRECTION ( 'NONE',  ( -0.9868265225415276953, 0.000000000000000000, -0.1617819965527551862 ) ) ;
#4380 = LINE ( 'NONE', #1424, #1443 ) ;
#4381 = ORIENTED_EDGE ( 'NONE', *, *, #1355, .F. ) ;
#4382 = DIRECTION ( 'NONE',  ( 0.000000000000000000, 0.000000000000000000, 1.000000000000000000 ) ) ;
#4383 = ORIENTED_EDGE ( 'NONE', *, *, #2743, .T. ) ;
#4384 = CARTESIAN_POINT ( 'NONE',  ( 0.000000000000000000, 5.000000000000000000, 0.000000000000000000 ) ) ;
#4385 = ADVANCED_FACE ( 'NONE', ( #1098 ), #1, .T. ) ;
#4386 = ORIENTED_EDGE ( 'NONE', *, *, #3961, .F. ) ;
#4387 = DIRECTION ( 'NONE',  ( 0.000000000000000000, -1.000000000000000000, -0.000000000000000000 ) ) ;
#4388 = EDGE_CURVE ( 'NONE', #1541, #4419, #3699, .T. ) ;
#4389 = CARTESIAN_POINT ( 'NONE',  ( 0.000000000000000000, -5.000000000000000000, 0.000000000000000000 ) ) ;
#4390 = ORIENTED_EDGE ( 'NONE', *, *, #1246, .F. ) ;
#4391 = DIRECTION ( 'NONE',  ( 0.000000000000000000, 1.000000000000000000, -0.000000000000000000 ) ) ;
#4392 = EDGE_LOOP ( 'NONE', ( #2318, #4366, #2540, #186 ) ) ;
#4393 = DIRECTION ( 'NONE',  ( 0.000000000000000000, 0.000000000000000000, 1.000000000000000000 ) ) ;
#4394 = ORIENTED_EDGE ( 'NONE', *, *, #270, .F. ) ;
#4395 = CYLINDRICAL_SURFACE ( 'NONE', #2720, 23.25000000000000000 ) ;
#4396 = CARTESIAN_POINT ( 'NONE',  ( -12.36416346427704482, -5.000000000000000000, -19.68984412910971926 ) ) ;
#4397 = FACE_OUTER_BOUND ( 'NONE', #1199, .T. ) ;
#4398 = ORIENTED_EDGE ( 'NONE', *, *, #2457, .F. ) ;
#4399 = DIRECTION ( 'NONE',  ( -0.1081190184239487623, 0.000000000000000000, -0.9941379571543589311 ) ) ;
#4400 = VERTEX_POINT ( 'NONE', #1471 ) ;
#4401 = DIRECTION ( 'NONE',  ( 0.000000000000000000, 1.000000000000000000, -0.000000000000000000 ) ) ;
#4402 = ORIENTED_EDGE ( 'NONE', *, *, #783, .F. ) ;
#4403 = CARTESIAN_POINT ( 'NONE',  ( 0.000000000000000000, -5.000000000000000000, 0.000000000000000000 ) ) ;
#4404 = DIRECTION ( 'NONE',  ( 0.000000000000000000, -1.000000000000000000, -0.000000000000000000 ) ) ;
#4405 = ORIENTED_EDGE ( 'NONE', *, *, #808, .F. ) ;
#4406 = EDGE_CURVE ( 'NONE', #1574, #1124, #3468, .T. ) ;
#4407 = CARTESIAN_POINT ( 'NONE',  ( 0.000000000000000000, 5.000000000000000000, 0.000000000000000000 ) ) ;
#4408 = VECTOR ( 'NONE', #1735, 1000.000000000000000 ) ;
#4409 = DIRECTION ( 'NONE',  ( -0.9868265225415276953, 0.000000000000000000, -0.1617819965527551862 ) ) ;
#4410 = VERTEX_POINT ( 'NONE', #1070 ) ;
#4411 = AXIS2_PLACEMENT_3D ( 'NONE', #2400, #3831, #626 ) ;
#4412 = CARTESIAN_POINT ( 'NONE',  ( -16.49382366668114486, -5.000000000000000000, 12.06973407576916735 ) ) ;
#4413 = CYLINDRICAL_SURFACE ( 'NONE', #42, 2.100000000000000089 ) ;
#4414 = EDGE_LOOP ( 'NONE', ( #3251, #408, #1439, #2099 ) ) ;
#4415 = EDGE_CURVE ( 'NONE', #191, #1054, #4518, .T. ) ;
#4416 = AXIS2_PLACEMENT_3D ( 'NONE', #2827, #4513, #2731 ) ;
#4417 = AXIS2_PLACEMENT_3D ( 'NONE', #3705, #1616, #3044 ) ;
#4418 = EDGE_CURVE ( 'NONE', #3536, #2753, #2959, .T. ) ;
#4419 = VERTEX_POINT ( 'NONE', #3852 ) ;
#4420 = CYLINDRICAL_SURFACE ( 'NONE', #1363, 23.25000000000000000 ) ;
#4421 = CARTESIAN_POINT ( 'NONE',  ( 19.87696855345151192, -5.000000000000000000, -4.757186241094032653 ) ) ;
#4422 = VECTOR ( 'NONE', #931, 1000.000000000000000 ) ;
#4423 = CIRCLE ( 'NONE', #3311, 2.099999999999999645 ) ;
#4424 = CARTESIAN_POINT ( 'NONE',  ( -23.18769297019256825, 0.000000000000000000, 1.700998154050089139 ) ) ;
#4425 = EDGE_LOOP ( 'NONE', ( #1071, #627, #359, #4345 ) ) ;
#4426 = VECTOR ( 'NONE', #522, 1000.000000000000000 ) ;
#4427 = AXIS2_PLACEMENT_3D ( 'NONE', #3577, #3284, #2155 ) ;
#4428 = AXIS2_PLACEMENT_3D ( 'NONE', #3788, #2723, #918 ) ;
#4429 = ORIENTED_EDGE ( 'NONE', *, *, #759, .T. ) ;
#4430 = VECTOR ( 'NONE', #109, 1000.000000000000000 ) ;
#4431 = DIRECTION ( 'NONE',  ( 0.9289767198167897533, 0.000000000000000000, -0.3701381553399182289 ) ) ;
#4432 = DIRECTION ( 'NONE',  ( -0.5155538571770286183, 0.000000000000000000, -0.8568571761675850551 ) ) ;
#4433 = AXIS2_PLACEMENT_3D ( 'NONE', #4403, #3615, #420 ) ;
#4434 = ORIENTED_EDGE ( 'NONE', *, *, #1058, .T. ) ;
#4435 = AXIS2_PLACEMENT_3D ( 'NONE', #3822, #619, #4605 ) ;
#4436 = CIRCLE ( 'NONE', #2416, 19.87399999999006184 ) ;
#4437 = FACE_OUTER_BOUND ( 'NONE', #1613, .T. ) ;
#4438 = ORIENTED_EDGE ( 'NONE', *, *, #1604, .T. ) ;
#4439 = AXIS2_PLACEMENT_3D ( 'NONE', #3796, #4236, #2050 ) ;
#4440 = CIRCLE ( 'NONE', #44, 8.699999999995647215 ) ;
#4441 = ADVANCED_FACE ( 'NONE', ( #3925 ), #3252, .T. ) ;
#4442 = DIRECTION ( 'NONE',  ( -0.9289767198167949713, 0.000000000000000000, -0.3701381553399054058 ) ) ;
#4443 = DIRECTION ( 'NONE',  ( -0.000000000000000000, 1.000000000000000000, -0.000000000000000000 ) ) ;
#4444 = EDGE_CURVE ( 'NONE', #2753, #1955, #2144, .T. ) ;
#4445 = ORIENTED_EDGE ( 'NONE', *, *, #198, .F. ) ;
#4446 = AXIS2_PLACEMENT_3D ( 'NONE', #348, #1789, #3225 ) ;
#4447 = EDGE_CURVE ( 'NONE', #2447, #3238, #2165, .T. ) ;
#4448 = ORIENTED_EDGE ( 'NONE', *, *, #609, .T. ) ;
#4449 = DIRECTION ( 'NONE',  ( 0.000000000000000000, 0.000000000000000000, 1.000000000000000000 ) ) ;
#4450 = CYLINDRICAL_SURFACE ( 'NONE', #1228, 2.100000000000000089 ) ;
#4451 = FACE_OUTER_BOUND ( 'NONE', #1293, .T. ) ;
#4452 = VERTEX_POINT ( 'NONE', #369 ) ;
#4453 = DIRECTION ( 'NONE',  ( -0.000000000000000000, 1.000000000000000000, -0.000000000000000000 ) ) ;
#4455 = EDGE_CURVE ( 'NONE', #654, #4164, #119, .T. ) ;
#4454 = DIRECTION ( 'NONE',  ( -0.000000000000000000, -1.000000000000000000, 0.000000000000000000 ) ) ;
#4456 = ORIENTED_EDGE ( 'NONE', *, *, #2211, .T. ) ;
#4457 = DIRECTION ( 'NONE',  ( -0.000000000000000000, 1.000000000000000000, -0.000000000000000000 ) ) ;
#4458 = ADVANCED_FACE ( 'NONE', ( #3148 ), #291, .T. ) ;
#4459 = EDGE_CURVE ( 'NONE', #865, #1266, #3260, .T. ) ;
#4460 = CARTESIAN_POINT ( 'NONE',  ( 17.43016136035868868, 5.000000000000000000, 15.38674673060744169 ) ) ;
#4461 = LINE ( 'NONE', #138, #176 ) ;
#4462 = ORIENTED_EDGE ( 'NONE', *, *, #2276, .T. ) ;
#4463 = CARTESIAN_POINT ( 'NONE',  ( -20.27479121899671810, 5.000000000000000000, 2.580221082281170197 ) ) ;
#4464 = DIRECTION ( 'NONE',  ( 0.000000000000000000, -1.000000000000000000, -0.000000000000000000 ) ) ;
#4465 = CYLINDRICAL_SURFACE ( 'NONE', #1295, 8.699999999995650768 ) ;
#4466 = DIRECTION ( 'NONE',  ( 0.000000000000000000, -1.000000000000000000, -0.000000000000000000 ) ) ;
#4467 = ADVANCED_FACE ( 'NONE', ( #3948 ), #394, .T. ) ;
#4468 = ORIENTED_EDGE ( 'NONE', *, *, #814, .T. ) ;
#4469 = EDGE_CURVE ( 'NONE', #3576, #1494, #1969, .T. ) ;
#4470 = ORIENTED_EDGE ( 'NONE', *, *, #4483, .F. ) ;
#4471 = DIRECTION ( 'NONE',  ( -0.000000000000000000, 1.000000000000000000, -0.000000000000000000 ) ) ;
#4472 = CARTESIAN_POINT ( 'NONE',  ( -11.60473591247396641, -5.000000000000000000, -20.14677652632641625 ) ) ;
#4473 = CARTESIAN_POINT ( 'NONE',  ( 7.910253213374677905, 5.000000000000000000, -18.84549266821247215 ) ) ;
#4474 = ORIENTED_EDGE ( 'NONE', *, *, #269, .T. ) ;
#4475 = DIRECTION ( 'NONE',  ( 0.8276889981568879007, 0.000000000000000000, -0.5611870653623863836 ) ) ;
#4476 = DIRECTION ( 'NONE',  ( 0.4198891015602654320, 0.000000000000000000, 0.9075754196709566735 ) ) ;
#4477 = DIRECTION ( 'NONE',  ( -0.000000000000000000, 1.000000000000000000, -0.000000000000000000 ) ) ;
#4478 = DIRECTION ( 'NONE',  ( -0.9868265225415276953, 0.000000000000000000, -0.1617819965527551307 ) ) ;
#4479 = VECTOR ( 'NONE', #3409, 1000.000000000000000 ) ;
#4480 = ORIENTED_EDGE ( 'NONE', *, *, #4255, .F. ) ;
#4481 = CARTESIAN_POINT ( 'NONE',  ( -22.86785546975294636, -8.673617379884035472E-16, -4.198057433443505460 ) ) ;
#4482 = EDGE_CURVE ( 'NONE', #2753, #2719, #1602, .T. ) ;
#4483 = EDGE_CURVE ( 'NONE', #832, #1569, #1117, .T. ) ;
#4484 = DIRECTION ( 'NONE',  ( -0.000000000000000000, 1.000000000000000000, -0.000000000000000000 ) ) ;
#4485 = LINE ( 'NONE', #1278, #2872 ) ;
#4486 = DIRECTION ( 'NONE',  ( -0.3193015301359871660, 0.000000000000000000, -0.9476531711828000137 ) ) ;
#4487 = EDGE_LOOP ( 'NONE', ( #4072, #838, #4198, #1185 ) ) ;
#4488 = AXIS2_PLACEMENT_3D ( 'NONE', #1364, #2110, #1010 ) ;
#4489 = ORIENTED_EDGE ( 'NONE', *, *, #2598, .T. ) ;
#4490 = AXIS2_PLACEMENT_3D ( 'NONE', #293, #3854, #2768 ) ;
#4491 = LINE ( 'NONE', #933, #3076 ) ;
#4492 = CIRCLE ( 'NONE', #165, 8.699999999995650768 ) ;
#4493 = CARTESIAN_POINT ( 'NONE',  ( 17.22169581572781638, -5.000000000000000000, -9.919126434830237926 ) ) ;
#4494 = EDGE_CURVE ( 'NONE', #2453, #3389, #2882, .T. ) ;
#4495 = CARTESIAN_POINT ( 'NONE',  ( 14.68674316162189974, 5.000000000000000000, -13.38937830162989329 ) ) ;
#4496 = EDGE_CURVE ( 'NONE', #2940, #3934, #341, .T. ) ;
#4497 = ORIENTED_EDGE ( 'NONE', *, *, #9, .T. ) ;
#4498 = CIRCLE ( 'NONE', #3678, 8.699999999995650768 ) ;
#4499 = CIRCLE ( 'NONE', #1285, 8.699999999995648992 ) ;
#4500 = APPLICATION_PROTOCOL_DEFINITION ( 'draft international standard', 'automotive_design', 1998, #2805 ) ;
#4501 = CARTESIAN_POINT ( 'NONE',  ( 0.000000000000000000, 5.000000000000000000, 0.000000000000000000 ) ) ;
#4502 = CIRCLE ( 'NONE', #2785, 8.699999999995647215 ) ;
#4503 = DIRECTION ( 'NONE',  ( -0.000000000000000000, -1.000000000000000000, 0.000000000000000000 ) ) ;
#4504 = VECTOR ( 'NONE', #4453, 1000.000000000000000 ) ;
#4505 = FACE_OUTER_BOUND ( 'NONE', #1004, .T. ) ;
#4506 = DIRECTION ( 'NONE',  ( 0.000000000000000000, 1.000000000000000000, 0.000000000000000000 ) ) ;
#4507 = ORIENTED_EDGE ( 'NONE', *, *, #3213, .F. ) ;
#4508 = CARTESIAN_POINT ( 'NONE',  ( -7.842361733251425271, -5.000000000000000000, -21.88743617797282681 ) ) ;
#4509 = CIRCLE ( 'NONE', #2498, 8.699999999995648992 ) ;
#4510 = CYLINDRICAL_SURFACE ( 'NONE', #3997, 8.699999999995650768 ) ;
#4511 = CARTESIAN_POINT ( 'NONE',  ( -5.826326801115413900, -5.000000000000000000, 19.59026839565907352 ) ) ;
#4512 = AXIS2_PLACEMENT_3D ( 'NONE', #223, #573, #1648 ) ;
#4513 = DIRECTION ( 'NONE',  ( -0.000000000000000000, 1.000000000000000000, -0.000000000000000000 ) ) ;
#4514 = ORIENTED_EDGE ( 'NONE', *, *, #2238, .F. ) ;
#4515 = ORIENTED_EDGE ( 'NONE', *, *, #4074, .F. ) ;
#4516 = DIRECTION ( 'NONE',  ( -0.000000000000000000, 1.000000000000000000, 0.000000000000000000 ) ) ;
#4517 = CARTESIAN_POINT ( 'NONE',  ( 17.22169581572781638, -5.000000000000000000, -9.919126434830237926 ) ) ;
#4518 = CIRCLE ( 'NONE', #923, 19.87399999999006539 ) ;
#4519 = EDGE_CURVE ( 'NONE', #2197, #3389, #1843, .T. ) ;
#4520 = ORIENTED_EDGE ( 'NONE', *, *, #1314, .T. ) ;
#4521 = ORIENTED_EDGE ( 'NONE', *, *, #3557, .T. ) ;
#4522 = EDGE_CURVE ( 'NONE', #3341, #776, #4004, .T. ) ;
#4523 = LINE ( 'NONE', #211, #174 ) ;
#4524 = CARTESIAN_POINT ( 'NONE',  ( 0.000000000000000000, 5.000000000000000000, 0.000000000000000000 ) ) ;
#4525 = CARTESIAN_POINT ( 'NONE',  ( 0.000000000000000000, 5.000000000000000000, 0.000000000000000000 ) ) ;
#4526 = ORIENTED_EDGE ( 'NONE', *, *, #3771, .T. ) ;
#4527 = PRODUCT_CONTEXT ( 'NONE', #2805, 'mechanical' ) ;
#4528 = ADVANCED_FACE ( 'NONE', ( #70 ), #2541, .T. ) ;
#4529 = DIRECTION ( 'NONE',  ( -0.000000000000000000, -1.000000000000000000, 0.000000000000000000 ) ) ;
#4530 = FACE_OUTER_BOUND ( 'NONE', #1094, .T. ) ;
#4531 = CARTESIAN_POINT ( 'NONE',  ( 23.01124191615858194, 5.000000000000000000, -3.323438802810459336 ) ) ;
#4532 = DIRECTION ( 'NONE',  ( -0.000000000000000000, -1.000000000000000000, 0.000000000000000000 ) ) ;
#4533 = ORIENTED_EDGE ( 'NONE', *, *, #4148, .T. ) ;
#4534 = CYLINDRICAL_SURFACE ( 'NONE', #3543, 8.699999999995648992 ) ;
#4535 = DIRECTION ( 'NONE',  ( 0.000000000000000000, 0.000000000000000000, -1.000000000000000000 ) ) ;
#4536 = DIRECTION ( 'NONE',  ( -0.000000000000000000, 1.000000000000000000, 0.000000000000000000 ) ) ;
#4537 = ORIENTED_EDGE ( 'NONE', *, *, #1695, .F. ) ;
#4538 = ORIENTED_EDGE ( 'NONE', *, *, #4561, .F. ) ;
#4539 = DIRECTION ( 'NONE',  ( 0.000000000000000000, 0.000000000000000000, 1.000000000000000000 ) ) ;
#4540 = CARTESIAN_POINT ( 'NONE',  ( -20.74549727965170476, -5.000000000000000000, 10.49699207487381436 ) ) ;
#4541 = EDGE_LOOP ( 'NONE', ( #4182, #2701, #1408, #82 ) ) ;
#4542 = CARTESIAN_POINT ( 'NONE',  ( 2.571758278209441957E-16, 5.000000000000000000, -14.10000000000000142 ) ) ;
#4543 = CARTESIAN_POINT ( 'NONE',  ( 2.571758278209441464E-16, -5.000000000000000000, 9.900000000000002132 ) ) ;
#4544 = CARTESIAN_POINT ( 'NONE',  ( 20.43491049491754552, -5.000000000000000000, -0.3730051903974591077 ) ) ;
#4545 = CARTESIAN_POINT ( 'NONE',  ( -7.910253213374934589, 5.000000000000000000, -18.84549266821236913 ) ) ;
#4546 = VERTEX_POINT ( 'NONE', #3683 ) ;
#4547 = ORIENTED_EDGE ( 'NONE', *, *, #43, .T. ) ;
#4548 = CARTESIAN_POINT ( 'NONE',  ( -18.99158496090882409, 5.000000000000000000, -13.41201702476483426 ) ) ;
#4549 = EDGE_CURVE ( 'NONE', #4410, #812, #4326, .T. ) ;
#4550 = CARTESIAN_POINT ( 'NONE',  ( 12.94499038266721413, -5.000000000000000000, -15.81619182357144382 ) ) ;
#4551 = CARTESIAN_POINT ( 'NONE',  ( 0.000000000000000000, -5.000000000000000000, 0.000000000000000000 ) ) ;
#4552 = CYLINDRICAL_SURFACE ( 'NONE', #3527, 8.699999999995647215 ) ;
#4553 = VERTEX_POINT ( 'NONE', #4064 ) ;
#4554 = EDGE_CURVE ( 'NONE', #740, #3943, #1755, .T. ) ;
#4555 = CYLINDRICAL_SURFACE ( 'NONE', #2044, 8.699999999995647215 ) ;
#4556 = CARTESIAN_POINT ( 'NONE',  ( -0.7338656050842493617, -5.000000000000000000, -20.42513503213696424 ) ) ;
#4557 = ADVANCED_FACE ( 'NONE', ( #3293 ), #1168, .T. ) ;
#4558 = DIRECTION ( 'NONE',  ( 0.000000000000000000, 0.000000000000000000, 1.000000000000000000 ) ) ;
#4559 = ORIENTED_EDGE ( 'NONE', *, *, #1334, .T. ) ;
#4560 = EDGE_LOOP ( 'NONE', ( #1405, #3143, #3679, #2462 ) ) ;
#4561 = EDGE_CURVE ( 'NONE', #722, #1785, #3762, .T. ) ;
#4562 = CIRCLE ( 'NONE', #2170, 8.699999999995650768 ) ;
#4563 = DIRECTION ( 'NONE',  ( 0.000000000000000000, 1.000000000000000000, 0.000000000000000000 ) ) ;
#4564 = DIRECTION ( 'NONE',  ( 0.000000000000000000, 1.000000000000000000, 0.000000000000000000 ) ) ;
#4565 = CIRCLE ( 'NONE', #523, 8.699999999995652544 ) ;
#4566 = ORIENTED_EDGE ( 'NONE', *, *, #152, .F. ) ;
#4567 = DIRECTION ( 'NONE',  ( 0.000000000000000000, -1.000000000000000000, -0.000000000000000000 ) ) ;
#4568 = AXIS2_PLACEMENT_3D ( 'NONE', #4389, #788, #2214 ) ;
#4569 = DIRECTION ( 'NONE',  ( 0.000000000000000000, -1.000000000000000000, 0.000000000000000000 ) ) ;
#4570 = CARTESIAN_POINT ( 'NONE',  ( 0.000000000000000000, 5.000000000000000000, 0.000000000000000000 ) ) ;
#4571 = ORIENTED_EDGE ( 'NONE', *, *, #290, .F. ) ;
#4572 = ORIENTED_EDGE ( 'NONE', *, *, #3067, .F. ) ;
#4573 = AXIS2_PLACEMENT_3D ( 'NONE', #3286, #80, #1505 ) ;
#4574 = CARTESIAN_POINT ( 'NONE',  ( -18.38960165409003267, 5.000000000000000000, -8.918926550389542740 ) ) ;
#4575 = CIRCLE ( 'NONE', #4056, 19.87399999999006184 ) ;
#4576 = VECTOR ( 'NONE', #1933, 1000.000000000000000 ) ;
#4577 = DIRECTION ( 'NONE',  ( -0.000000000000000000, 1.000000000000000000, 0.000000000000000000 ) ) ;
#4578 = CARTESIAN_POINT ( 'NONE',  ( 0.000000000000000000, -5.000000000000000000, 0.000000000000000000 ) ) ;
#4579 = CIRCLE ( 'NONE', #910, 8.699999999995647215 ) ;
#4580 = CARTESIAN_POINT ( 'NONE',  ( 11.77653974393275504, 5.000000000000000000, -16.70442490680019176 ) ) ;
#4581 = ORIENTED_EDGE ( 'NONE', *, *, #3550, .F. ) ;
#4582 = FACE_OUTER_BOUND ( 'NONE', #2004, .T. ) ;
#4583 = AXIS2_PLACEMENT_3D ( 'NONE', #3339, #1537, #3638 ) ;
#4584 = EDGE_CURVE ( 'NONE', #2094, #2447, #2208, .T. ) ;
#4585 = LINE ( 'NONE', #3207, #618 ) ;
#4586 = DIRECTION ( 'NONE',  ( 0.8276889981568877896, 0.000000000000000000, -0.5611870653623862726 ) ) ;
#4587 = VERTEX_POINT ( 'NONE', #503 ) ;
#4588 = ORIENTED_EDGE ( 'NONE', *, *, #3914, .T. ) ;
#4589 = VECTOR ( 'NONE', #4477, 1000.000000000000000 ) ;
#4590 = FACE_OUTER_BOUND ( 'NONE', #1784, .T. ) ;
#4591 = DIRECTION ( 'NONE',  ( 0.000000000000000000, 0.000000000000000000, 1.000000000000000000 ) ) ;
#4592 = CIRCLE ( 'NONE', #2579, 23.25000000000000000 ) ;
#4593 = ORIENTED_EDGE ( 'NONE', *, *, #1036, .T. ) ;
#4594 = DIRECTION ( 'NONE',  ( -0.000000000000000000, -1.000000000000000000, 0.000000000000000000 ) ) ;
#4595 = AXIS2_PLACEMENT_3D ( 'NONE', #2239, #2344, #3345 ) ;
#4596 = VECTOR ( 'NONE', #2090, 1000.000000000000000 ) ;
#4597 = CARTESIAN_POINT ( 'NONE',  ( -2.953859883738002345, -5.000000000000000000, -23.06159603729202701 ) ) ;
#4598 = CARTESIAN_POINT ( 'NONE',  ( -3.674092034174476940, -5.000000000000000000, -20.10536613771980896 ) ) ;
#4599 = ORIENTED_EDGE ( 'NONE', *, *, #1507, .F. ) ;
#4600 = ORIENTED_EDGE ( 'NONE', *, *, #1240, .F. ) ;
#4601 = LINE ( 'NONE', #3923, #1737 ) ;
#4602 = ADVANCED_FACE ( 'NONE', ( #1925 ), #2916, .T. ) ;
#4603 = CYLINDRICAL_SURFACE ( 'NONE', #1816, 2.099999999999999645 ) ;
#4604 = CARTESIAN_POINT ( 'NONE',  ( 0.000000000000000000, 5.000000000000000000, 0.000000000000000000 ) ) ;
#4605 = DIRECTION ( 'NONE',  ( -0.8835120444460178302, 0.000000000000000000, 0.4684084406997997552 ) ) ;
#4606 = FACE_OUTER_BOUND ( 'NONE', #628, .T. ) ;
#4607 = EDGE_CURVE ( 'NONE', #807, #1466, #1140, .T. ) ;
#4608 = ORIENTED_EDGE ( 'NONE', *, *, #949, .F. ) ;
#4609 = DIRECTION ( 'NONE',  ( 0.000000000000000000, 0.000000000000000000, 1.000000000000000000 ) ) ;
#4610 = DIRECTION ( 'NONE',  ( -0.2149704402110114432, 0.000000000000000000, 0.9766205557100895440 ) ) ;
#4611 = DIRECTION ( 'NONE',  ( 0.000000000000000000, 0.000000000000000000, 1.000000000000000000 ) ) ;
#4612 = VERTEX_POINT ( 'NONE', #790 ) ;
#4613 = EDGE_LOOP ( 'NONE', ( #1309, #3944, #1120, #4521 ) ) ;
#4614 = DIRECTION ( 'NONE',  ( 0.000000000000000000, 1.000000000000000000, -0.000000000000000000 ) ) ;
#4615 = CARTESIAN_POINT ( 'NONE',  ( 0.000000000000000000, -5.000000000000000000, 14.10000000000000142 ) ) ;
#4616 = EDGE_CURVE ( 'NONE', #3471, #2757, #2941, .T. ) ;
#4617 = ORIENTED_EDGE ( 'NONE', *, *, #2952, .F. ) ;
#4618 = FACE_OUTER_BOUND ( 'NONE', #1352, .T. ) ;
#4619 = CARTESIAN_POINT ( 'NONE',  ( 0.000000000000000000, 5.000000000000000000, 0.000000000000000000 ) ) ;
#4620 = ADVANCED_FACE ( 'NONE', ( #809 ), #2234, .T. ) ;
#4621 = CARTESIAN_POINT ( 'NONE',  ( 0.4431471036981851075, -5.000000000000000000, 23.24577640442418058 ) ) ;
#4622 = ORIENTED_EDGE ( 'NONE', *, *, #1742, .F. ) ;
#4623 = ORIENTED_EDGE ( 'NONE', *, *, #1646, .T. ) ;
#4624 = DIRECTION ( 'NONE',  ( -0.1081190184239487623, 0.000000000000000000, -0.9941379571543589311 ) ) ;
#4625 = DIRECTION ( 'NONE',  ( 0.000000000000000000, -1.000000000000000000, 0.000000000000000000 ) ) ;
ENDSEC;
END-ISO-10303-21;
