ISO-10303-21;
HEADER;
FILE_DESCRIPTION (( 'STEP AP214' ),
    '1' );
FILE_NAME ('TPU 1.step',
    '2026-08-28T16:15:51',
    ( '' ),
    ( '' ),
    'SwSTEP 2.0',
    'SolidWorks 2024',
    '' );
FILE_SCHEMA (( 'AUTOMOTIVE_DESIGN' ));
ENDSEC;

DATA;
#1 = CARTESIAN_POINT ( 'NONE',  ( 62.83493649053892227, 20.00000000000000000, 6.250000000000000888 ) ) ;
#2 = STYLED_ITEM ( 'NONE', ( #909 ), #247 ) ;
#3 = AXIS2_PLACEMENT_3D ( 'NONE', #2427, #2441, #877 ) ;
#4 = DIRECTION ( 'NONE',  ( -0.000000000000000000, -1.000000000000000000, -0.000000000000000000 ) ) ;
#5 = VERTEX_POINT ( 'NONE', #1385 ) ;
#6 = CARTESIAN_POINT ( 'NONE',  ( 31.83012701892221230, 0.000000000000000000, 5.000000000000000888 ) ) ;
#7 = ADVANCED_FACE ( 'NONE', ( #8 ), #985, .T. ) ;
#8 = FACE_OUTER_BOUND ( 'NONE', #1109, .T. ) ;
#9 = ADVANCED_FACE ( 'NONE', ( #1752 ), #375, .T. ) ;
#10 = EDGE_LOOP ( 'NONE', ( #279, #1308, #128, #409 ) ) ;
#11 = DIRECTION ( 'NONE',  ( -0.000000000000000000, -1.000000000000000000, -0.000000000000000000 ) ) ;
#12 = CARTESIAN_POINT ( 'NONE',  ( 1.250000000000009770, 20.00000000000000000, 7.431759166101048919 ) ) ;
#13 = DIRECTION ( 'NONE',  ( -0.000000000000000000, -0.000000000000000000, 1.000000000000000000 ) ) ;
#14 = CARTESIAN_POINT ( 'NONE',  ( 55.33493649053891517, 0.000000000000000000, 6.250000000000000888 ) ) ;
#15 = DIRECTION ( 'NONE',  ( 0.000000000000000000, 0.000000000000000000, -1.000000000000000000 ) ) ;
#16 = ADVANCED_FACE ( 'NONE', ( #581 ), #43, .T. ) ;
#17 = VERTEX_POINT ( 'NONE', #218 ) ;
#18 = EDGE_CURVE ( 'NONE', #51, #2405, #1298, .T. ) ;
#19 = AXIS2_PLACEMENT_3D ( 'NONE', #1067, #1290, #538 ) ;
#20 = AXIS2_PLACEMENT_3D ( 'NONE', #763, #2306, #246 ) ;
#21 = FACE_OUTER_BOUND ( 'NONE', #338, .T. ) ;
#22 = CARTESIAN_POINT ( 'NONE',  ( -2.499999999999988454, 0.000000000000000000, 7.500000000000000888 ) ) ;
#23 = AXIS2_PLACEMENT_3D ( 'NONE', #2173, #1393, #1032 ) ;
#24 = CARTESIAN_POINT ( 'NONE',  ( -65.66987298107778770, 0.000000000000000000, 5.000000000000000888 ) ) ;
#25 = ORIENTED_EDGE ( 'NONE', *, *, #132, .F. ) ;
#26 = AXIS2_PLACEMENT_3D ( 'NONE', #1801, #2333, #2362 ) ;
#27 = DIRECTION ( 'NONE',  ( -0.000000000000000000, 1.000000000000000000, -0.000000000000000000 ) ) ;
#28 = DIRECTION ( 'NONE',  ( -0.000000000000000000, 1.000000000000000000, -0.000000000000000000 ) ) ;
#29 = CARTESIAN_POINT ( 'NONE',  ( -12.16506350946108839, 20.00000000000000000, 6.250000000000000888 ) ) ;
#30 = ORIENTED_EDGE ( 'NONE', *, *, #88, .T. ) ;
#31 = EDGE_CURVE ( 'NONE', #406, #1494, #2354, .T. ) ;
#32 = CARTESIAN_POINT ( 'NONE',  ( 9.330127018922205195, 0.000000000000000000, 5.000000000000000888 ) ) ;
#33 = DIRECTION ( 'NONE',  ( 0.000000000000000000, 0.000000000000000000, -1.000000000000000000 ) ) ;
#34 = VERTEX_POINT ( 'NONE', #2330 ) ;
#35 = VECTOR ( 'NONE', #2258, 1000.000000000000000 ) ;
#36 = VERTEX_POINT ( 'NONE', #789 ) ;
#37 = CARTESIAN_POINT ( 'NONE',  ( 14.66506350946109016, 20.00000000000000000, 6.250000000000000888 ) ) ;
#38 = ORIENTED_EDGE ( 'NONE', *, *, #235, .T. ) ;
#39 = AXIS2_PLACEMENT_3D ( 'NONE', #1340, #599, #15 ) ;
#40 = AXIS2_PLACEMENT_3D ( 'NONE', #948, #378, #185 ) ;
#41 = CARTESIAN_POINT ( 'NONE',  ( 59.66506350946110615, 0.000000000000000000, 6.250000000000000888 ) ) ;
#42 = VECTOR ( 'NONE', #2084, 1000.000000000000000 ) ;
#43 = CYLINDRICAL_SURFACE ( 'NONE', #1609, 2.500000000000003997 ) ;
#44 = DIRECTION ( 'NONE',  ( 0.000000000000000000, 0.000000000000000000, -1.000000000000000000 ) ) ;
#45 = VERTEX_POINT ( 'NONE', #1555 ) ;
#46 = EDGE_CURVE ( 'NONE', #5, #1343, #1163, .T. ) ;
#47 = VERTEX_POINT ( 'NONE', #1949 ) ;
#48 = CARTESIAN_POINT ( 'NONE',  ( -54.99999999999999289, 0.000000000000000000, 7.500000000000000888 ) ) ;
#49 = DIRECTION ( 'NONE',  ( -0.000000000000000000, 1.000000000000000000, -0.000000000000000000 ) ) ;
#50 = PRODUCT_DEFINITION ( 'UNKNOWN', '', #944, #2371 ) ;
#51 = VERTEX_POINT ( 'NONE', #974 ) ;
#52 = VERTEX_POINT ( 'NONE', #994 ) ;
#53 = DIRECTION ( 'NONE',  ( 0.000000000000000000, 0.000000000000000000, 1.000000000000000000 ) ) ;
#54 = ORIENTED_EDGE ( 'NONE', *, *, #349, .F. ) ;
#55 = FACE_OUTER_BOUND ( 'NONE', #1489, .T. ) ;
#56 = ADVANCED_FACE ( 'NONE', ( #1736 ), #1544, .T. ) ;
#57 = DIRECTION ( 'NONE',  ( 0.000000000000000000, -1.000000000000000000, 0.000000000000000000 ) ) ;
#58 = CARTESIAN_POINT ( 'NONE',  ( -44.33012701892219098, 0.000000000000000000, 5.000000000000002665 ) ) ;
#59 = ORIENTED_EDGE ( 'NONE', *, *, #253, .F. ) ;
#60 = DIRECTION ( 'NONE',  ( 1.000000000000000000, 0.000000000000000000, -0.000000000000000000 ) ) ;
#61 = CARTESIAN_POINT ( 'NONE',  ( -64.99999999999998579, 20.00000000000000000, -7.499999999999999112 ) ) ;
#62 = ORIENTED_EDGE ( 'NONE', *, *, #88, .F. ) ;
#63 = CIRCLE ( 'NONE', #590, 2.500000000000004885 ) ;
#64 = ORIENTED_EDGE ( 'NONE', *, *, #1064, .F. ) ;
#65 = FACE_OUTER_BOUND ( 'NONE', #1635, .T. ) ;
#66 = EDGE_LOOP ( 'NONE', ( #1450, #459, #2417, #1762 ) ) ;
#67 = DIRECTION ( 'NONE',  ( 0.000000000000000000, 1.000000000000000000, 0.000000000000000000 ) ) ;
#68 = AXIS2_PLACEMENT_3D ( 'NONE', #542, #296, #2057 ) ;
#69 = EDGE_CURVE ( 'NONE', #1092, #1916, #978, .T. ) ;
#70 = AXIS2_PLACEMENT_3D ( 'NONE', #415, #1377, #648 ) ;
#71 = CARTESIAN_POINT ( 'NONE',  ( -15.33493649053890096, 0.000000000000000000, 6.250000000000000888 ) ) ;
#72 = CARTESIAN_POINT ( 'NONE',  ( 42.49999999999999289, 0.000000000000000000, 7.500000000000000888 ) ) ;
#73 = ORIENTED_EDGE ( 'NONE', *, *, #2287, .F. ) ;
#74 = LINE ( 'NONE', #262, #1237 ) ;
#75 = DIRECTION ( 'NONE',  ( 0.000000000000000000, 1.000000000000000000, 0.000000000000000000 ) ) ;
#76 = ORIENTED_EDGE ( 'NONE', *, *, #1293, .T. ) ;
#77 = DIRECTION ( 'NONE',  ( -0.000000000000000000, -1.000000000000000000, 0.000000000000000000 ) ) ;
#78 = ORIENTED_EDGE ( 'NONE', *, *, #1952, .F. ) ;
#79 = DIRECTION ( 'NONE',  ( 0.000000000000000000, 0.000000000000000000, 1.000000000000000000 ) ) ;
#80 = AXIS2_PLACEMENT_3D ( 'NONE', #1087, #556, #1326 ) ;
#81 = VECTOR ( 'NONE', #2404, 1000.000000000000000 ) ;
#82 = AXIS2_PLACEMENT_3D ( 'NONE', #1307, #2040, #2018 ) ;
#83 = CARTESIAN_POINT ( 'NONE',  ( -17.49999999999999645, 0.000000000000000000, 7.500000000000000888 ) ) ;
#84 = DIRECTION ( 'NONE',  ( 0.000000000000000000, 0.000000000000000000, -1.000000000000000000 ) ) ;
#85 = ADVANCED_FACE ( 'NONE', ( #411 ), #2319, .T. ) ;
#86 = CIRCLE ( 'NONE', #1459, 2.500000000000004885 ) ;
#87 = VERTEX_POINT ( 'NONE', #617 ) ;
#88 = EDGE_CURVE ( 'NONE', #1274, #398, #2185, .T. ) ;
#89 = DIRECTION ( 'NONE',  ( 0.000000000000000000, 0.000000000000000000, 1.000000000000000000 ) ) ;
#90 = CARTESIAN_POINT ( 'NONE',  ( -58.16987298107779480, 20.00000000000000000, 5.000000000000000888 ) ) ;
#91 = ORIENTED_EDGE ( 'NONE', *, *, #541, .F. ) ;
#92 = CARTESIAN_POINT ( 'NONE',  ( 69.33012701892221230, 0.000000000000000000, 5.000000000000000888 ) ) ;
#93 = LINE ( 'NONE', #1261, #2038 ) ;
#94 = VERTEX_POINT ( 'NONE', #2369 ) ;
#95 = EDGE_CURVE ( 'NONE', #1269, #2368, #198, .T. ) ;
#96 = DIRECTION ( 'NONE',  ( 0.000000000000000000, 0.000000000000000000, 1.000000000000000000 ) ) ;
#97 = DIRECTION ( 'NONE',  ( -0.000000000000000000, 1.000000000000000000, -0.000000000000000000 ) ) ;
#98 = ORIENTED_EDGE ( 'NONE', *, *, #2048, .T. ) ;
#99 = EDGE_CURVE ( 'NONE', #2119, #1408, #884, .T. ) ;
#100 = PLANE ( 'NONE',  #2107 ) ;
#101 = LINE ( 'NONE', #138, #402 ) ;
#102 = ORIENTED_EDGE ( 'NONE', *, *, #1754, .T. ) ;
#103 = DIRECTION ( 'NONE',  ( 0.000000000000000000, 1.000000000000000000, 0.000000000000000000 ) ) ;
#104 = LINE ( 'NONE', #2195, #1812 ) ;
#105 = AXIS2_PLACEMENT_3D ( 'NONE', #507, #1278, #618 ) ;
#106 = DIRECTION ( 'NONE',  ( 0.000000000000000000, 1.000000000000000000, 0.000000000000000000 ) ) ;
#107 = DIRECTION ( 'NONE',  ( -0.000000000000000000, 1.000000000000000000, -0.000000000000000000 ) ) ;
#108 = AXIS2_PLACEMENT_3D ( 'NONE', #92, #1982, #639 ) ;
#109 = ORIENTED_EDGE ( 'NONE', *, *, #1477, .T. ) ;
#110 = ORIENTED_EDGE ( 'NONE', *, *, #2311, .T. ) ;
#111 = FACE_OUTER_BOUND ( 'NONE', #328, .T. ) ;
#112 = DIRECTION ( 'NONE',  ( 0.000000000000000000, 0.000000000000000000, 1.000000000000000000 ) ) ;
#113 = ORIENTED_EDGE ( 'NONE', *, *, #520, .F. ) ;
#114 = EDGE_CURVE ( 'NONE', #1106, #1195, #2201, .T. ) ;
#115 = DIRECTION ( 'NONE',  ( 0.000000000000000000, 0.000000000000000000, 1.000000000000000000 ) ) ;
#116 = DIRECTION ( 'NONE',  ( -0.000000000000000000, -1.000000000000000000, 0.000000000000000000 ) ) ;
#117 = EDGE_CURVE ( 'NONE', #2428, #1436, #680, .T. ) ;
#118 = CARTESIAN_POINT ( 'NONE',  ( 40.33493649053890096, 0.000000000000000000, 6.250000000000000888 ) ) ;
#119 = FACE_OUTER_BOUND ( 'NONE', #66, .T. ) ;
#120 = AXIS2_PLACEMENT_3D ( 'NONE', #2447, #1711, #1868 ) ;
#121 = ORIENTED_EDGE ( 'NONE', *, *, #349, .T. ) ;
#122 = CIRCLE ( 'NONE', #82, 2.499999999999996003 ) ;
#123 = VECTOR ( 'NONE', #142, 1000.000000000000000 ) ;
#124 = EDGE_CURVE ( 'NONE', #36, #930, #2176, .T. ) ;
#125 = VERTEX_POINT ( 'NONE', #1975 ) ;
#126 = DIRECTION ( 'NONE',  ( 0.000000000000000000, 0.000000000000000000, 1.000000000000000000 ) ) ;
#127 = CARTESIAN_POINT ( 'NONE',  ( -0.3349364905388951819, 0.000000000000000000, 6.250000000000000888 ) ) ;
#128 = ORIENTED_EDGE ( 'NONE', *, *, #499, .F. ) ;
#129 = FACE_OUTER_BOUND ( 'NONE', #210, .T. ) ;
#130 = DIRECTION ( 'NONE',  ( 0.000000000000000000, 0.000000000000000000, 1.000000000000000000 ) ) ;
#131 = ORIENTED_EDGE ( 'NONE', *, *, #707, .F. ) ;
#132 = EDGE_CURVE ( 'NONE', #1990, #1092, #286, .T. ) ;
#133 = CARTESIAN_POINT ( 'NONE',  ( -43.16987298107779480, 20.00000000000000000, 5.000000000000000888 ) ) ;
#134 = DIRECTION ( 'NONE',  ( -0.000000000000000000, -1.000000000000000000, 0.000000000000000000 ) ) ;
#135 = ORIENTED_EDGE ( 'NONE', *, *, #2247, .F. ) ;
#136 = ORIENTED_EDGE ( 'NONE', *, *, #117, .F. ) ;
#137 = CARTESIAN_POINT ( 'NONE',  ( -13.74999999999999289, 0.000000000000000000, 7.431759166101048919 ) ) ;
#138 = CARTESIAN_POINT ( 'NONE',  ( 70.00000000000001421, 0.000000000000000000, 6.703125096583006481 ) ) ;
#139 = ORIENTED_EDGE ( 'NONE', *, *, #1706, .T. ) ;
#140 = CARTESIAN_POINT ( 'NONE',  ( 50.00000000000000000, 0.000000000000000000, 7.500000000000000888 ) ) ;
#141 = DIRECTION ( 'NONE',  ( 0.000000000000000000, 0.000000000000000000, -1.000000000000000000 ) ) ;
#142 = DIRECTION ( 'NONE',  ( -0.000000000000000000, 1.000000000000000000, -0.000000000000000000 ) ) ;
#143 = LINE ( 'NONE', #1488, #1729 ) ;
#144 = AXIS2_PLACEMENT_3D ( 'NONE', #48, #1417, #2170 ) ;
#145 = EDGE_CURVE ( 'NONE', #1343, #1204, #1257, .T. ) ;
#146 = CIRCLE ( 'NONE', #1322, 2.499999999999996003 ) ;
#147 = VERTEX_POINT ( 'NONE', #1644 ) ;
#148 = ORIENTED_EDGE ( 'NONE', *, *, #1867, .T. ) ;
#149 = AXIS2_PLACEMENT_3D ( 'NONE', #340, #1118, #150 ) ;
#150 = DIRECTION ( 'NONE',  ( 0.000000000000000000, 0.000000000000000000, -1.000000000000000000 ) ) ;
#151 = DIRECTION ( 'NONE',  ( -0.000000000000000000, 1.000000000000000000, -0.000000000000000000 ) ) ;
#152 = ORIENTED_EDGE ( 'NONE', *, *, #2373, .T. ) ;
#153 = CARTESIAN_POINT ( 'NONE',  ( 8.750000000000001776, 20.00000000000000000, 7.431759166101048919 ) ) ;
#154 = CARTESIAN_POINT ( 'NONE',  ( 30.66987298107780191, 0.000000000000000000, 5.000000000000002665 ) ) ;
#155 = EDGE_CURVE ( 'NONE', #1703, #1269, #2280, .T. ) ;
#156 = FACE_OUTER_BOUND ( 'NONE', #306, .T. ) ;
#157 = FACE_OUTER_BOUND ( 'NONE', #878, .T. ) ;
#158 = ORIENTED_EDGE ( 'NONE', *, *, #1430, .F. ) ;
#159 = EDGE_CURVE ( 'NONE', #1251, #750, #1603, .T. ) ;
#160 = AXIS2_PLACEMENT_3D ( 'NONE', #1160, #1914, #1048 ) ;
#161 = AXIS2_PLACEMENT_3D ( 'NONE', #2391, #1959, #79 ) ;
#162 = VERTEX_POINT ( 'NONE', #1036 ) ;
#163 = AXIS2_PLACEMENT_3D ( 'NONE', #668, #2343, #1249 ) ;
#164 = AXIS2_PLACEMENT_3D ( 'NONE', #1992, #824, #1585 ) ;
#165 = EDGE_CURVE ( 'NONE', #1390, #1018, #1962, .T. ) ;
#166 = CARTESIAN_POINT ( 'NONE',  ( -62.49999999999999289, 0.000000000000000000, 7.500000000000000888 ) ) ;
#167 = AXIS2_PLACEMENT_3D ( 'NONE', #1513, #897, #1660 ) ;
#168 = DIRECTION ( 'NONE',  ( -0.000000000000000000, 1.000000000000000000, -0.000000000000000000 ) ) ;
#169 = FACE_OUTER_BOUND ( 'NONE', #1669, .T. ) ;
#170 = VERTEX_POINT ( 'NONE', #832 ) ;
#171 =( LENGTH_UNIT ( ) NAMED_UNIT ( * ) SI_UNIT ( .MILLI., .METRE. ) );
#172 = CARTESIAN_POINT ( 'NONE',  ( 54.33012701892220520, 0.000000000000000000, 5.000000000000000888 ) ) ;
#173 = ORIENTED_EDGE ( 'NONE', *, *, #1885, .F. ) ;
#174 = ORIENTED_EDGE ( 'NONE', *, *, #998, .F. ) ;
#175 = CARTESIAN_POINT ( 'NONE',  ( -27.16506350946108839, 0.000000000000000000, 6.250000000000000888 ) ) ;
#176 = ADVANCED_FACE ( 'NONE', ( #477 ), #1225, .T. ) ;
#177 = DIRECTION ( 'NONE',  ( 0.000000000000000000, 0.000000000000000000, 1.000000000000000000 ) ) ;
#178 = DIRECTION ( 'NONE',  ( -0.000000000000000000, 1.000000000000000000, -0.000000000000000000 ) ) ;
#179 = DIRECTION ( 'NONE',  ( -0.000000000000000000, 1.000000000000000000, -0.000000000000000000 ) ) ;
#180 = VERTEX_POINT ( 'NONE', #1997 ) ;
#181 = DIRECTION ( 'NONE',  ( 0.000000000000000000, 0.000000000000000000, 1.000000000000000000 ) ) ;
#182 = VERTEX_POINT ( 'NONE', #1262 ) ;
#183 = AXIS2_PLACEMENT_3D ( 'NONE', #463, #1263, #1987 ) ;
#184 = ORIENTED_EDGE ( 'NONE', *, *, #1923, .T. ) ;
#185 = DIRECTION ( 'NONE',  ( 0.000000000000000000, 0.000000000000000000, -1.000000000000000000 ) ) ;
#186 = CYLINDRICAL_SURFACE ( 'NONE', #2189, 2.499999999999996003 ) ;
#187 = CARTESIAN_POINT ( 'NONE',  ( -36.83012701892219098, 20.00000000000000000, 5.000000000000002665 ) ) ;
#188 = EDGE_CURVE ( 'NONE', #365, #493, #1140, .T. ) ;
#189 = CARTESIAN_POINT ( 'NONE',  ( -47.49999999999999289, 20.00000000000000000, 7.500000000000000888 ) ) ;
#190 = CARTESIAN_POINT ( 'NONE',  ( -34.66506350946108483, 0.000000000000000000, 6.250000000000000888 ) ) ;
#191 = ADVANCED_FACE ( 'NONE', ( #656 ), #1423, .T. ) ;
#192 = ORIENTED_EDGE ( 'NONE', *, *, #544, .F. ) ;
#193 = VECTOR ( 'NONE', #1883, 1000.000000000000000 ) ;
#194 = VERTEX_POINT ( 'NONE', #1061 ) ;
#195 = VECTOR ( 'NONE', #1927, 1000.000000000000000 ) ;
#196 = CIRCLE ( 'NONE', #1765, 2.499999999999996003 ) ;
#197 = EDGE_CURVE ( 'NONE', #2146, #2349, #1499, .T. ) ;
#198 = CIRCLE ( 'NONE', #366, 2.500000000000003997 ) ;
#199 = AXIS2_PLACEMENT_3D ( 'NONE', #2054, #1468, #1279 ) ;
#200 = DIRECTION ( 'NONE',  ( 0.000000000000000000, 1.000000000000000000, 0.000000000000000000 ) ) ;
#201 = CARTESIAN_POINT ( 'NONE',  ( -13.74999999999999289, 10.00000000000000000, 7.431759166101048919 ) ) ;
#202 = CIRCLE ( 'NONE', #2443, 2.500000000000003997 ) ;
#203 = AXIS2_PLACEMENT_3D ( 'NONE', #2155, #1598, #1043 ) ;
#204 = ORIENTED_EDGE ( 'NONE', *, *, #567, .F. ) ;
#205 = EDGE_CURVE ( 'NONE', #1106, #1703, #1349, .T. ) ;
#206 = DIRECTION ( 'NONE',  ( 0.000000000000000000, 0.000000000000000000, 1.000000000000000000 ) ) ;
#207 = ORIENTED_EDGE ( 'NONE', *, *, #1327, .F. ) ;
#208 = DIRECTION ( 'NONE',  ( 0.000000000000000000, 0.000000000000000000, 1.000000000000000000 ) ) ;
#209 = EDGE_CURVE ( 'NONE', #1251, #2140, #693, .T. ) ;
#210 = EDGE_LOOP ( 'NONE', ( #2346, #372, #1211, #76 ) ) ;
#211 = ORIENTED_EDGE ( 'NONE', *, *, #2230, .T. ) ;
#212 = CARTESIAN_POINT ( 'NONE',  ( 0.000000000000000000, 0.000000000000000000, -2.499999999999998668 ) ) ;
#213 = CARTESIAN_POINT ( 'NONE',  ( 62.83493649053892227, 0.000000000000000000, 6.250000000000000888 ) ) ;
#214 = EDGE_LOOP ( 'NONE', ( #738, #2288, #326, #723 ) ) ;
#215 = DIRECTION ( 'NONE',  ( -0.000000000000000000, -1.000000000000000000, -0.000000000000000000 ) ) ;
#216 = ORIENTED_EDGE ( 'NONE', *, *, #1352, .T. ) ;
#217 = DIRECTION ( 'NONE',  ( -0.000000000000000000, -1.000000000000000000, -0.000000000000000000 ) ) ;
#218 = CARTESIAN_POINT ( 'NONE',  ( 47.83493649053890806, 0.000000000000000000, 6.250000000000000888 ) ) ;
#219 = CARTESIAN_POINT ( 'NONE',  ( -5.669872981077794805, 20.00000000000000000, 5.000000000000000888 ) ) ;
#220 = EDGE_CURVE ( 'NONE', #2174, #1456, #2397, .T. ) ;
#221 = ORIENTED_EDGE ( 'NONE', *, *, #879, .F. ) ;
#222 = AXIS2_PLACEMENT_3D ( 'NONE', #1613, #1388, #836 ) ;
#223 = CIRCLE ( 'NONE', #183, 2.500000000000003997 ) ;
#224 = CARTESIAN_POINT ( 'NONE',  ( -69.99999999999998579, 20.00000000000000000, -7.499999999999999112 ) ) ;
#225 = DIRECTION ( 'NONE',  ( -0.000000000000000000, 1.000000000000000000, -0.000000000000000000 ) ) ;
#226 = AXIS2_PLACEMENT_3D ( 'NONE', #562, #968, #2309 ) ;
#227 = EDGE_LOOP ( 'NONE', ( #1203, #2424, #1132, #2026 ) ) ;
#228 = DIRECTION ( 'NONE',  ( -0.000000000000000000, -1.000000000000000000, 0.000000000000000000 ) ) ;
#229 = ORIENTED_EDGE ( 'NONE', *, *, #1623, .F. ) ;
#230 = CARTESIAN_POINT ( 'NONE',  ( -37.83493649053890096, 0.000000000000000000, 6.250000000000000888 ) ) ;
#231 = DIRECTION ( 'NONE',  ( 0.000000000000000000, 0.000000000000000000, 1.000000000000000000 ) ) ;
#232 = CYLINDRICAL_SURFACE ( 'NONE', #1357, 2.499999999999996003 ) ;
#233 = EDGE_CURVE ( 'NONE', #34, #1204, #1086, .T. ) ;
#234 = ORIENTED_EDGE ( 'NONE', *, *, #2073, .F. ) ;
#235 = EDGE_CURVE ( 'NONE', #1837, #1946, #1815, .T. ) ;
#236 = FACE_OUTER_BOUND ( 'NONE', #699, .T. ) ;
#237 = DIRECTION ( 'NONE',  ( -0.000000000000000000, 1.000000000000000000, -0.000000000000000000 ) ) ;
#238 = ORIENTED_EDGE ( 'NONE', *, *, #1907, .F. ) ;
#239 = AXIS2_PLACEMENT_3D ( 'NONE', #371, #798, #1157 ) ;
#240 = ORIENTED_EDGE ( 'NONE', *, *, #1127, .F. ) ;
#241 = DIRECTION ( 'NONE',  ( 0.000000000000000000, 0.000000000000000000, 1.000000000000000000 ) ) ;
#242 = ORIENTED_EDGE ( 'NONE', *, *, #69, .T. ) ;
#243 = CARTESIAN_POINT ( 'NONE',  ( 35.00000000000000000, 20.00000000000000000, 7.500000000000000888 ) ) ;
#244 = CIRCLE ( 'NONE', #1501, 2.500000000000004885 ) ;
#245 = CARTESIAN_POINT ( 'NONE',  ( 2.834936490538911169, 0.000000000000000000, 6.250000000000000888 ) ) ;
#246 = DIRECTION ( 'NONE',  ( 0.000000000000000000, 0.000000000000000000, 1.000000000000000000 ) ) ;
#247 = MANIFOLD_SOLID_BREP ( 'Fillet2', #1732 ) ;
#248 = EDGE_CURVE ( 'NONE', #2140, #825, #748, .T. ) ;
#249 = EDGE_LOOP ( 'NONE', ( #2178, #335, #1901, #540 ) ) ;
#250 = FACE_OUTER_BOUND ( 'NONE', #2442, .T. ) ;
#251 = DIRECTION ( 'NONE',  ( 0.000000000000000000, 0.000000000000000000, -1.000000000000000000 ) ) ;
#252 = VERTEX_POINT ( 'NONE', #501 ) ;
#253 = EDGE_CURVE ( 'NONE', #1456, #636, #575, .T. ) ;
#254 = ORIENTED_EDGE ( 'NONE', *, *, #425, .F. ) ;
#255 = CARTESIAN_POINT ( 'NONE',  ( 24.33012701892220520, 20.00000000000000000, 5.000000000000000888 ) ) ;
#256 = EDGE_LOOP ( 'NONE', ( #1465, #382, #1539, #2188 ) ) ;
#257 = CYLINDRICAL_SURFACE ( 'NONE', #161, 2.500000000000004885 ) ;
#258 = DIRECTION ( 'NONE',  ( -0.000000000000000000, 1.000000000000000000, -0.000000000000000000 ) ) ;
#259 = FACE_OUTER_BOUND ( 'NONE', #1662, .T. ) ;
#260 = ORIENTED_EDGE ( 'NONE', *, *, #159, .F. ) ;
#261 = ORIENTED_EDGE ( 'NONE', *, *, #1264, .F. ) ;
#262 = CARTESIAN_POINT ( 'NONE',  ( -69.99999999999998579, 20.00000000000000000, -7.499999999999999112 ) ) ;
#263 = CIRCLE ( 'NONE', #714, 1.799999999999993605 ) ;
#264 = CARTESIAN_POINT ( 'NONE',  ( 65.00000000000001421, 0.000000000000000000, -2.499999999999998668 ) ) ;
#265 = VERTEX_POINT ( 'NONE', #118 ) ;
#266 = AXIS2_PLACEMENT_3D ( 'NONE', #1372, #561, #742 ) ;
#267 = EDGE_CURVE ( 'NONE', #1916, #990, #1260, .T. ) ;
#268 = CARTESIAN_POINT ( 'NONE',  ( -57.16506350946108483, 20.00000000000000000, 6.250000000000000888 ) ) ;
#269 = ORIENTED_EDGE ( 'NONE', *, *, #2406, .F. ) ;
#270 = CARTESIAN_POINT ( 'NONE',  ( 29.66506350946110260, 0.000000000000000000, 6.250000000000000888 ) ) ;
#271 = CIRCLE ( 'NONE', #387, 1.799999999999993605 ) ;
#272 = AXIS2_PLACEMENT_3D ( 'NONE', #480, #1107, #2231 ) ;
#273 = ADVANCED_FACE ( 'NONE', ( #1302 ), #2260, .T. ) ;
#274 = DIRECTION ( 'NONE',  ( 0.000000000000000000, 0.000000000000000000, -1.000000000000000000 ) ) ;
#275 = DIRECTION ( 'NONE',  ( 0.000000000000000000, 0.000000000000000000, 1.000000000000000000 ) ) ;
#276 = ORIENTED_EDGE ( 'NONE', *, *, #248, .F. ) ;
#277 = CARTESIAN_POINT ( 'NONE',  ( 17.83493649053891161, 0.000000000000000000, 6.250000000000000888 ) ) ;
#278 = CARTESIAN_POINT ( 'NONE',  ( 68.75000000000000000, 20.00000000000000000, 7.431759166101047143 ) ) ;
#279 = ORIENTED_EDGE ( 'NONE', *, *, #610, .T. ) ;
#280 = ADVANCED_FACE ( 'NONE', ( #360 ), #2407, .T. ) ;
#281 = CARTESIAN_POINT ( 'NONE',  ( -0.3349364905388951819, 20.00000000000000000, 6.250000000000000888 ) ) ;
#282 = DIRECTION ( 'NONE',  ( -0.000000000000000000, -1.000000000000000000, 0.000000000000000000 ) ) ;
#283 = CIRCLE ( 'NONE', #1096, 2.500000000000003997 ) ;
#284 = VECTOR ( 'NONE', #2268, 1000.000000000000000 ) ;
#285 = ADVANCED_FACE ( 'NONE', ( #1102 ), #718, .F. ) ;
#286 = CIRCLE ( 'NONE', #1697, 2.499999999999996003 ) ;
#287 =( GEOMETRIC_REPRESENTATION_CONTEXT ( 3 ) GLOBAL_UNCERTAINTY_ASSIGNED_CONTEXT ( ( #631 ) ) GLOBAL_UNIT_ASSIGNED_CONTEXT ( ( #574, #2463, #764 ) ) REPRESENTATION_CONTEXT ( 'NONE', 'WORKASPACE' ) );
#288 = DIRECTION ( 'NONE',  ( -0.000000000000000000, 1.000000000000000000, -0.000000000000000000 ) ) ;
#289 = CARTESIAN_POINT ( 'NONE',  ( 29.66506350946110260, 0.000000000000000000, 6.250000000000000888 ) ) ;
#290 = AXIS2_PLACEMENT_3D ( 'NONE', #1355, #395, #1522 ) ;
#291 = EDGE_CURVE ( 'NONE', #1800, #990, #336, .T. ) ;
#292 = VERTEX_POINT ( 'NONE', #923 ) ;
#293 = LINE ( 'NONE', #2005, #790 ) ;
#294 = CARTESIAN_POINT ( 'NONE',  ( -64.99999999999998579, 20.00000000000000000, 1.909830056250535035 ) ) ;
#295 = ORIENTED_EDGE ( 'NONE', *, *, #1155, .T. ) ;
#296 = DIRECTION ( 'NONE',  ( -0.000000000000000000, 1.000000000000000000, -0.000000000000000000 ) ) ;
#297 = DIRECTION ( 'NONE',  ( 0.000000000000000000, 0.000000000000000000, 1.000000000000000000 ) ) ;
#298 = ORIENTED_EDGE ( 'NONE', *, *, #188, .T. ) ;
#299 = CARTESIAN_POINT ( 'NONE',  ( 30.66987298107780191, 20.00000000000000000, 5.000000000000002665 ) ) ;
#300 = CARTESIAN_POINT ( 'NONE',  ( 32.83493649053890806, 20.00000000000000000, 6.250000000000000888 ) ) ;
#301 = ORIENTED_EDGE ( 'NONE', *, *, #453, .T. ) ;
#302 = EDGE_CURVE ( 'NONE', #413, #858, #492, .T. ) ;
#303 = ORIENTED_EDGE ( 'NONE', *, *, #345, .T. ) ;
#304 = DIRECTION ( 'NONE',  ( 0.000000000000000000, 0.000000000000000000, 1.000000000000000000 ) ) ;
#305 = CARTESIAN_POINT ( 'NONE',  ( 27.50000000000001066, 0.000000000000000000, 7.500000000000000888 ) ) ;
#306 = EDGE_LOOP ( 'NONE', ( #1854, #2332, #1478, #1884, #64, #760, #1401, #551, #1026, #1394, #2016, #331, #438, #1387, #25, #464, #904, #1089, #816, #229, #2467, #721, #1412, #2364, #729, #482, #2092, #261, #2218, #708, #1783, #2473, #1719, #1864, #771, #674, #254, #1965, #173, #1770, #1817, #2110, #192, #1578, #1069, #1039, #2086, #1044, #470, #1905, #954, #1562, #2461, #1419, #174, #1077, #1786, #1558, #1886, #1366, #900, #2450, #1595 ) ) ;
#307 = DIRECTION ( 'NONE',  ( -0.000000000000000000, 1.000000000000000000, -0.000000000000000000 ) ) ;
#308 = DIRECTION ( 'NONE',  ( 0.000000000000000000, 1.000000000000000000, 0.000000000000000000 ) ) ;
#309 = AXIS2_PLACEMENT_3D ( 'NONE', #58, #1632, #2072 ) ;
#310 = DIRECTION ( 'NONE',  ( 0.000000000000000000, 0.000000000000000000, 1.000000000000000000 ) ) ;
#311 = DIRECTION ( 'NONE',  ( 0.000000000000000000, 0.000000000000000000, 1.000000000000000000 ) ) ;
#312 = CIRCLE ( 'NONE', #1721, 2.500000000000004885 ) ;
#313 = ORIENTED_EDGE ( 'NONE', *, *, #1952, .T. ) ;
#314 = ADVANCED_FACE ( 'NONE', ( #2060, #346, #1882, #156 ), #1700, .F. ) ;
#315 = ORIENTED_EDGE ( 'NONE', *, *, #2042, .T. ) ;
#316 = DIRECTION ( 'NONE',  ( -0.000000000000000000, 1.000000000000000000, -0.000000000000000000 ) ) ;
#317 = DIRECTION ( 'NONE',  ( 0.000000000000000000, 0.000000000000000000, 1.000000000000000000 ) ) ;
#318 = VERTEX_POINT ( 'NONE', #971 ) ;
#319 = ADVANCED_FACE ( 'NONE', ( #1563 ), #1169, .T. ) ;
#320 = CARTESIAN_POINT ( 'NONE',  ( -28.74999999999999289, 10.00000000000000000, 7.431759166101049807 ) ) ;
#321 = CARTESIAN_POINT ( 'NONE',  ( 38.16987298107779480, 0.000000000000000000, 5.000000000000002665 ) ) ;
#322 = VERTEX_POINT ( 'NONE', #1159 ) ;
#323 = DIRECTION ( 'NONE',  ( 0.000000000000000000, 0.000000000000000000, 1.000000000000000000 ) ) ;
#324 = CARTESIAN_POINT ( 'NONE',  ( 65.00000000000001421, 0.000000000000000000, 7.500000000000000888 ) ) ;
#325 = CIRCLE ( 'NONE', #400, 2.499999999999996003 ) ;
#326 = ORIENTED_EDGE ( 'NONE', *, *, #2469, .T. ) ;
#327 = AXIS2_PLACEMENT_3D ( 'NONE', #1418, #2334, #33 ) ;
#328 = EDGE_LOOP ( 'NONE', ( #506, #663, #1895, #2103 ) ) ;
#329 = DIRECTION ( 'NONE',  ( 0.000000000000000000, 0.000000000000000000, 1.000000000000000000 ) ) ;
#330 = CARTESIAN_POINT ( 'NONE',  ( 45.66987298107780191, 0.000000000000000000, 5.000000000000002665 ) ) ;
#331 = ORIENTED_EDGE ( 'NONE', *, *, #407, .F. ) ;
#332 = DIRECTION ( 'NONE',  ( 0.000000000000000000, 0.000000000000000000, 1.000000000000000000 ) ) ;
#333 = LINE ( 'NONE', #358, #81 ) ;
#334 = EDGE_CURVE ( 'NONE', #2256, #292, #1893, .T. ) ;
#335 = ORIENTED_EDGE ( 'NONE', *, *, #998, .T. ) ;
#336 = LINE ( 'NONE', #1114, #123 ) ;
#337 = DIRECTION ( 'NONE',  ( 0.000000000000000000, 0.000000000000000000, 1.000000000000000000 ) ) ;
#338 = EDGE_LOOP ( 'NONE', ( #2055, #917, #1666, #356 ) ) ;
#339 = EDGE_LOOP ( 'NONE', ( #1351, #1903, #1971, #2269 ) ) ;
#340 = CARTESIAN_POINT ( 'NONE',  ( -14.33012701892219454, 0.000000000000000000, 5.000000000000002665 ) ) ;
#341 = CARTESIAN_POINT ( 'NONE',  ( 14.66506350946109016, 0.000000000000000000, 6.250000000000000888 ) ) ;
#342 = ORIENTED_EDGE ( 'NONE', *, *, #46, .F. ) ;
#343 = CARTESIAN_POINT ( 'NONE',  ( 45.66987298107780191, 20.00000000000000000, 5.000000000000002665 ) ) ;
#344 = DIRECTION ( 'NONE',  ( 0.000000000000000000, 0.000000000000000000, -1.000000000000000000 ) ) ;
#345 = EDGE_CURVE ( 'NONE', #825, #1018, #536, .T. ) ;
#346 = FACE_BOUND ( 'NONE', #886, .T. ) ;
#347 = CARTESIAN_POINT ( 'NONE',  ( -27.16506350946108839, 20.00000000000000000, 6.250000000000000888 ) ) ;
#348 = AXIS2_PLACEMENT_3D ( 'NONE', #1873, #1254, #1090 ) ;
#349 = EDGE_CURVE ( 'NONE', #942, #1408, #2358, .T. ) ;
#350 = CIRCLE ( 'NONE', #1398, 2.499999999999996003 ) ;
#351 = ORIENTED_EDGE ( 'NONE', *, *, #1391, .T. ) ;
#352 = VECTOR ( 'NONE', #552, 1000.000000000000000 ) ;
#353 = ORIENTED_EDGE ( 'NONE', *, *, #660, .T. ) ;
#354 = CARTESIAN_POINT ( 'NONE',  ( 16.25000000000000000, 0.000000000000000000, 7.431759166101050695 ) ) ;
#355 = DIRECTION ( 'NONE',  ( 0.000000000000000000, 0.000000000000000000, 1.000000000000000000 ) ) ;
#356 = ORIENTED_EDGE ( 'NONE', *, *, #291, .T. ) ;
#357 = CARTESIAN_POINT ( 'NONE',  ( 1.830127018922211857, 20.00000000000000000, 5.000000000000000888 ) ) ;
#358 = CARTESIAN_POINT ( 'NONE',  ( 70.00000000000001421, 20.00000000000000000, -2.499999999999997780 ) ) ;
#359 = VERTEX_POINT ( 'NONE', #2314 ) ;
#360 = FACE_OUTER_BOUND ( 'NONE', #774, .T. ) ;
#361 = DIRECTION ( 'NONE',  ( 0.000000000000000000, 0.000000000000000000, -1.000000000000000000 ) ) ;
#362 = ORIENTED_EDGE ( 'NONE', *, *, #675, .T. ) ;
#363 = ADVANCED_FACE ( 'NONE', ( #2105 ), #2093, .T. ) ;
#364 = AXIS2_PLACEMENT_3D ( 'NONE', #243, #67, #842 ) ;
#365 = VERTEX_POINT ( 'NONE', #383 ) ;
#366 = AXIS2_PLACEMENT_3D ( 'NONE', #2356, #490, #274 ) ;
#367 = VECTOR ( 'NONE', #866, 1000.000000000000000 ) ;
#368 = CARTESIAN_POINT ( 'NONE',  ( 38.75000000000000711, 0.000000000000000000, 7.431759166101047143 ) ) ;
#369 = AXIS2_PLACEMENT_3D ( 'NONE', #2284, #2457, #799 ) ;
#370 = DIRECTION ( 'NONE',  ( 0.000000000000000000, 1.000000000000000000, 0.000000000000000000 ) ) ;
#371 = CARTESIAN_POINT ( 'NONE',  ( -58.16987298107779480, 0.000000000000000000, 5.000000000000000888 ) ) ;
#372 = ORIENTED_EDGE ( 'NONE', *, *, #1580, .F. ) ;
#373 = DIRECTION ( 'NONE',  ( 0.000000000000000000, 0.000000000000000000, 1.000000000000000000 ) ) ;
#374 = DIRECTION ( 'NONE',  ( -0.000000000000000000, 1.000000000000000000, -0.000000000000000000 ) ) ;
#375 = CYLINDRICAL_SURFACE ( 'NONE', #39, 5.000000000000000000 ) ;
#376 = EDGE_CURVE ( 'NONE', #1833, #942, #2203, .T. ) ;
#377 = ORIENTED_EDGE ( 'NONE', *, *, #1168, .T. ) ;
#378 = DIRECTION ( 'NONE',  ( -0.000000000000000000, -1.000000000000000000, 0.000000000000000000 ) ) ;
#379 = EDGE_CURVE ( 'NONE', #1195, #1269, #1741, .T. ) ;
#380 = DIRECTION ( 'NONE',  ( 0.000000000000000000, 0.000000000000000000, 1.000000000000000000 ) ) ;
#381 = LINE ( 'NONE', #416, #1336 ) ;
#382 = ORIENTED_EDGE ( 'NONE', *, *, #755, .T. ) ;
#383 = CARTESIAN_POINT ( 'NONE',  ( -65.00000000000000000, 0.000000000000000000, -0.7000000000000050626 ) ) ;
#384 = DIRECTION ( 'NONE',  ( 0.000000000000000000, 1.000000000000000000, 0.000000000000000000 ) ) ;
#385 = DIRECTION ( 'NONE',  ( 0.000000000000000000, 1.000000000000000000, 0.000000000000000000 ) ) ;
#386 = ORIENTED_EDGE ( 'NONE', *, *, #658, .F. ) ;
#387 = AXIS2_PLACEMENT_3D ( 'NONE', #1122, #1878, #1270 ) ;
#388 = SHAPE_DEFINITION_REPRESENTATION ( #605, #1733 ) ;
#389 = PRODUCT_RELATED_PRODUCT_CATEGORY ( 'part', '', ( #1768 ) ) ;
#390 = AXIS2_PLACEMENT_3D ( 'NONE', #454, #1228, #1306 ) ;
#391 = DIRECTION ( 'NONE',  ( -0.000000000000000000, -1.000000000000000000, -0.000000000000000000 ) ) ;
#392 = CYLINDRICAL_SURFACE ( 'NONE', #2435, 2.499999999999996003 ) ;
#393 = ORIENTED_EDGE ( 'NONE', *, *, #583, .F. ) ;
#394 = EDGE_CURVE ( 'NONE', #17, #1191, #202, .T. ) ;
#395 = DIRECTION ( 'NONE',  ( -0.000000000000000000, 1.000000000000000000, -0.000000000000000000 ) ) ;
#396 = CARTESIAN_POINT ( 'NONE',  ( -60.33493649053890096, 0.000000000000000000, 6.250000000000000888 ) ) ;
#397 = DIRECTION ( 'NONE',  ( -0.000000000000000000, -1.000000000000000000, -0.000000000000000000 ) ) ;
#398 = VERTEX_POINT ( 'NONE', #565 ) ;
#399 = VECTOR ( 'NONE', #678, 1000.000000000000000 ) ;
#400 = AXIS2_PLACEMENT_3D ( 'NONE', #22, #595, #1520 ) ;
#401 = DIRECTION ( 'NONE',  ( 1.000000000000000000, 0.000000000000000000, 0.000000000000000000 ) ) ;
#402 = VECTOR ( 'NONE', #2029, 1000.000000000000000 ) ;
#403 = CARTESIAN_POINT ( 'NONE',  ( -69.99999999999998579, 20.00000000000000000, 1.909830056250535035 ) ) ;
#404 = PLANE ( 'NONE',  #573 ) ;
#405 = CIRCLE ( 'NONE', #1818, 2.500000000000003997 ) ;
#406 = VERTEX_POINT ( 'NONE', #1912 ) ;
#407 = EDGE_CURVE ( 'NONE', #990, #45, #899, .T. ) ;
#408 = DIRECTION ( 'NONE',  ( -0.000000000000000000, -1.000000000000000000, -0.000000000000000000 ) ) ;
#409 = ORIENTED_EDGE ( 'NONE', *, *, #1655, .T. ) ;
#410 = LINE ( 'NONE', #1348, #1137 ) ;
#411 = FACE_OUTER_BOUND ( 'NONE', #214, .T. ) ;
#412 = DIRECTION ( 'NONE',  ( 0.000000000000000000, 0.000000000000000000, 1.000000000000000000 ) ) ;
#413 = VERTEX_POINT ( 'NONE', #1335 ) ;
#414 = EDGE_LOOP ( 'NONE', ( #432, #184, #1906, #670 ) ) ;
#415 = CARTESIAN_POINT ( 'NONE',  ( 61.83012701892221230, 20.00000000000000000, 5.000000000000000888 ) ) ;
#416 = CARTESIAN_POINT ( 'NONE',  ( -7.834936490538901843, 0.000000000000000000, 6.250000000000000888 ) ) ;
#417 = EDGE_CURVE ( 'NONE', #1849, #2225, #1720, .T. ) ;
#418 = ORIENTED_EDGE ( 'NONE', *, *, #474, .T. ) ;
#419 = DIRECTION ( 'NONE',  ( 0.000000000000000000, 0.000000000000000000, 1.000000000000000000 ) ) ;
#420 = ORIENTED_EDGE ( 'NONE', *, *, #248, .T. ) ;
#421 = LINE ( 'NONE', #598, #2035 ) ;
#422 = EDGE_CURVE ( 'NONE', #2152, #2256, #2302, .T. ) ;
#423 = VERTEX_POINT ( 'NONE', #1551 ) ;
#424 = FACE_OUTER_BOUND ( 'NONE', #1617, .T. ) ;
#425 = EDGE_CURVE ( 'NONE', #398, #479, #2398, .T. ) ;
#426 = EDGE_LOOP ( 'NONE', ( #559, #2252 ) ) ;
#427 = CIRCLE ( 'NONE', #1124, 2.500000000000004885 ) ;
#428 = CARTESIAN_POINT ( 'NONE',  ( -62.49999999999999289, 20.00000000000000000, 7.500000000000000888 ) ) ;
#429 = DIRECTION ( 'NONE',  ( 0.000000000000000000, 0.000000000000000000, 1.000000000000000000 ) ) ;
#430 = EDGE_LOOP ( 'NONE', ( #2321, #445, #2214, #2068 ) ) ;
#431 = AXIS2_PLACEMENT_3D ( 'NONE', #255, #1205, #2145 ) ;
#432 = ORIENTED_EDGE ( 'NONE', *, *, #1381, .F. ) ;
#433 = DIRECTION ( 'NONE',  ( 0.000000000000000000, 0.000000000000000000, 1.000000000000000000 ) ) ;
#434 = ORIENTED_EDGE ( 'NONE', *, *, #1559, .T. ) ;
#435 = DIRECTION ( 'NONE',  ( -0.000000000000000000, 1.000000000000000000, -0.000000000000000000 ) ) ;
#436 = DIRECTION ( 'NONE',  ( 0.000000000000000000, 1.000000000000000000, 0.000000000000000000 ) ) ;
#437 = DIRECTION ( 'NONE',  ( -0.000000000000000000, 1.000000000000000000, -0.000000000000000000 ) ) ;
#438 = ORIENTED_EDGE ( 'NONE', *, *, #267, .F. ) ;
#439 = EDGE_CURVE ( 'NONE', #1750, #2063, #86, .T. ) ;
#440 = DIRECTION ( 'NONE',  ( 0.000000000000000000, 0.000000000000000000, 1.000000000000000000 ) ) ;
#441 = CARTESIAN_POINT ( 'NONE',  ( 37.16506350946109904, 0.000000000000000000, 6.250000000000000888 ) ) ;
#442 = ORIENTED_EDGE ( 'NONE', *, *, #592, .T. ) ;
#443 = CIRCLE ( 'NONE', #937, 2.500000000000003997 ) ;
#444 = AXIS2_PLACEMENT_3D ( 'NONE', #321, #921, #2430 ) ;
#445 = ORIENTED_EDGE ( 'NONE', *, *, #571, .T. ) ;
#446 = CARTESIAN_POINT ( 'NONE',  ( -64.66506350946107773, 20.00000000000000000, 6.250000000000000888 ) ) ;
#447 = EDGE_LOOP ( 'NONE', ( #1870, #73, #2386, #2030 ) ) ;
#448 = AXIS2_PLACEMENT_3D ( 'NONE', #1773, #635, #1068 ) ;
#449 = DIRECTION ( 'NONE',  ( 0.000000000000000000, 0.000000000000000000, -1.000000000000000000 ) ) ;
#450 = DIRECTION ( 'NONE',  ( 0.000000000000000000, 0.000000000000000000, 1.000000000000000000 ) ) ;
#451 = CARTESIAN_POINT ( 'NONE',  ( 0.6698729810778042415, 0.000000000000000000, 5.000000000000002665 ) ) ;
#452 = ORIENTED_EDGE ( 'NONE', *, *, #740, .F. ) ;
#453 = EDGE_CURVE ( 'NONE', #2335, #1922, #1932, .T. ) ;
#454 = CARTESIAN_POINT ( 'NONE',  ( -66.83012701892218388, 20.00000000000000000, 5.000000000000002665 ) ) ;
#455 = FACE_OUTER_BOUND ( 'NONE', #1615, .T. ) ;
#456 = ORIENTED_EDGE ( 'NONE', *, *, #2377, .F. ) ;
#457 = EDGE_CURVE ( 'NONE', #2368, #406, #244, .T. ) ;
#458 = CYLINDRICAL_SURFACE ( 'NONE', #2464, 2.500000000000003997 ) ;
#459 = ORIENTED_EDGE ( 'NONE', *, *, #165, .T. ) ;
#460 = CARTESIAN_POINT ( 'NONE',  ( 0.000000000000000000, 20.00000000000000000, -2.499999999999998668 ) ) ;
#461 = CIRCLE ( 'NONE', #1253, 2.499999999999996003 ) ;
#462 = CARTESIAN_POINT ( 'NONE',  ( -64.99999999999998579, 0.000000000000000000, -2.499999999999997780 ) ) ;
#463 = CARTESIAN_POINT ( 'NONE',  ( -29.33012701892219454, 0.000000000000000000, 5.000000000000002665 ) ) ;
#464 = ORIENTED_EDGE ( 'NONE', *, *, #592, .F. ) ;
#465 = ORIENTED_EDGE ( 'NONE', *, *, #2083, .T. ) ;
#466 = DIRECTION ( 'NONE',  ( -0.000000000000000000, 1.000000000000000000, -0.000000000000000000 ) ) ;
#467 = AXIS2_PLACEMENT_3D ( 'NONE', #1427, #466, #89 ) ;
#468 = DIRECTION ( 'NONE',  ( 0.000000000000000000, 0.000000000000000000, -1.000000000000000000 ) ) ;
#469 = EDGE_CURVE ( 'NONE', #636, #2067, #405, .T. ) ;
#470 = ORIENTED_EDGE ( 'NONE', *, *, #1706, .F. ) ;
#471 = AXIS2_PLACEMENT_3D ( 'NONE', #478, #107, #1796 ) ;
#472 = FACE_OUTER_BOUND ( 'NONE', #1807, .T. ) ;
#473 = CARTESIAN_POINT ( 'NONE',  ( -45.33493649053890096, 0.000000000000000000, 6.250000000000000888 ) ) ;
#474 = EDGE_CURVE ( 'NONE', #841, #180, #739, .T. ) ;
#475 = AXIS2_PLACEMENT_3D ( 'NONE', #625, #2183, #1431 ) ;
#476 = CIRCLE ( 'NONE', #1121, 2.499999999999996003 ) ;
#477 = FACE_OUTER_BOUND ( 'NONE', #227, .T. ) ;
#478 = CARTESIAN_POINT ( 'NONE',  ( 24.33012701892220520, 0.000000000000000000, 5.000000000000000888 ) ) ;
#479 = VERTEX_POINT ( 'NONE', #37 ) ;
#480 = CARTESIAN_POINT ( 'NONE',  ( -24.99999999999999289, 0.000000000000000000, 7.500000000000000888 ) ) ;
#481 = DIRECTION ( 'NONE',  ( -0.000000000000000000, 1.000000000000000000, -0.000000000000000000 ) ) ;
#482 = ORIENTED_EDGE ( 'NONE', *, *, #2089, .F. ) ;
#483 = CYLINDRICAL_SURFACE ( 'NONE', #2341, 2.500000000000004885 ) ;
#484 = DIRECTION ( 'NONE',  ( 0.000000000000000000, 0.000000000000000000, -1.000000000000000000 ) ) ;
#485 = CIRCLE ( 'NONE', #1252, 2.500000000000003997 ) ;
#486 = CIRCLE ( 'NONE', #1607, 2.499999999999996003 ) ;
#487 = ADVANCED_FACE ( 'NONE', ( #65 ), #1058, .F. ) ;
#488 = AXIS2_PLACEMENT_3D ( 'NONE', #1566, #1174, #1743 ) ;
#489 = VECTOR ( 'NONE', #49, 1000.000000000000000 ) ;
#490 = DIRECTION ( 'NONE',  ( -0.000000000000000000, -1.000000000000000000, 0.000000000000000000 ) ) ;
#491 = LINE ( 'NONE', #2357, #759 ) ;
#492 = CIRCLE ( 'NONE', #1376, 2.499999999999996003 ) ;
#493 = VERTEX_POINT ( 'NONE', #1222 ) ;
#494 = ORIENTED_EDGE ( 'NONE', *, *, #1019, .T. ) ;
#495 = DIRECTION ( 'NONE',  ( -0.000000000000000000, 1.000000000000000000, -0.000000000000000000 ) ) ;
#496 = CARTESIAN_POINT ( 'NONE',  ( -12.16506350946108839, 0.000000000000000000, 6.250000000000000888 ) ) ;
#497 = ORIENTED_EDGE ( 'NONE', *, *, #1938, .F. ) ;
#498 = DIRECTION ( 'NONE',  ( -0.000000000000000000, 1.000000000000000000, -0.000000000000000000 ) ) ;
#499 = EDGE_CURVE ( 'NONE', #1958, #841, #2004, .T. ) ;
#500 = CARTESIAN_POINT ( 'NONE',  ( -7.834936490538901843, 0.000000000000000000, 6.250000000000000888 ) ) ;
#501 = CARTESIAN_POINT ( 'NONE',  ( -69.99999999999998579, 0.000000000000000000, 1.909830056250535035 ) ) ;
#502 = DIRECTION ( 'NONE',  ( 0.000000000000000000, 1.000000000000000000, 0.000000000000000000 ) ) ;
#503 = ADVANCED_FACE ( 'NONE', ( #472 ), #458, .T. ) ;
#504 = ORIENTED_EDGE ( 'NONE', *, *, #2123, .T. ) ;
#505 = EDGE_CURVE ( 'NONE', #1922, #1983, #2266, .T. ) ;
#506 = ORIENTED_EDGE ( 'NONE', *, *, #31, .T. ) ;
#507 = CARTESIAN_POINT ( 'NONE',  ( 12.49999999999999645, 0.000000000000000000, 7.500000000000000888 ) ) ;
#508 = DIRECTION ( 'NONE',  ( 0.000000000000000000, 0.000000000000000000, 1.000000000000000000 ) ) ;
#509 = ORIENTED_EDGE ( 'NONE', *, *, #2361, .T. ) ;
#510 = CARTESIAN_POINT ( 'NONE',  ( -43.16987298107779480, 0.000000000000000000, 5.000000000000000888 ) ) ;
#511 = DIRECTION ( 'NONE',  ( -0.000000000000000000, -1.000000000000000000, 0.000000000000000000 ) ) ;
#512 = VERTEX_POINT ( 'NONE', #817 ) ;
#513 = CIRCLE ( 'NONE', #1634, 2.499999999999996003 ) ;
#514 = FILL_AREA_STYLE ('',( #1125 ) ) ;
#515 = CIRCLE ( 'NONE', #475, 2.500000000000003997 ) ;
#516 = CARTESIAN_POINT ( 'NONE',  ( 0.6698729810778042415, 20.00000000000000000, 5.000000000000002665 ) ) ;
#517 = CIRCLE ( 'NONE', #839, 5.000000000000000000 ) ;
#518 = ORIENTED_EDGE ( 'NONE', *, *, #235, .F. ) ;
#519 = VERTEX_POINT ( 'NONE', #857 ) ;
#520 = EDGE_CURVE ( 'NONE', #1274, #2376, #1200, .T. ) ;
#521 = ORIENTED_EDGE ( 'NONE', *, *, #1788, .T. ) ;
#522 = CARTESIAN_POINT ( 'NONE',  ( 0.000000000000000000, 20.00000000000000000, -2.499999999999998668 ) ) ;
#523 = FACE_OUTER_BOUND ( 'NONE', #665, .T. ) ;
#524 = ORIENTED_EDGE ( 'NONE', *, *, #99, .F. ) ;
#525 = AXIS2_PLACEMENT_3D ( 'NONE', #172, #1139, #2236 ) ;
#526 = DIRECTION ( 'NONE',  ( -0.000000000000000000, -1.000000000000000000, -0.000000000000000000 ) ) ;
#527 = DIRECTION ( 'NONE',  ( -0.000000000000000000, -1.000000000000000000, 0.000000000000000000 ) ) ;
#528 = VERTEX_POINT ( 'NONE', #2327 ) ;
#529 = DIRECTION ( 'NONE',  ( 0.000000000000000000, 0.000000000000000000, 1.000000000000000000 ) ) ;
#530 = AXIS2_PLACEMENT_3D ( 'NONE', #1904, #374, #2122 ) ;
#531 = VECTOR ( 'NONE', #1890, 1000.000000000000000 ) ;
#532 = CARTESIAN_POINT ( 'NONE',  ( -67.83493649053889385, 20.00000000000000000, 6.250000000000000888 ) ) ;
#533 = AXIS2_PLACEMENT_3D ( 'NONE', #1621, #870, #450 ) ;
#534 = AXIS2_PLACEMENT_3D ( 'NONE', #264, #1968, #251 ) ;
#535 = ORIENTED_EDGE ( 'NONE', *, *, #1605, .T. ) ;
#536 = CIRCLE ( 'NONE', #369, 2.499999999999996003 ) ;
#537 = EDGE_LOOP ( 'NONE', ( #2156, #1939, #452, #234 ) ) ;
#538 = DIRECTION ( 'NONE',  ( 0.000000000000000000, 0.000000000000000000, 1.000000000000000000 ) ) ;
#539 = CARTESIAN_POINT ( 'NONE',  ( -57.16506350946108483, 0.000000000000000000, 6.250000000000000888 ) ) ;
#540 = ORIENTED_EDGE ( 'NONE', *, *, #2240, .F. ) ;
#541 = EDGE_CURVE ( 'NONE', #874, #2152, #515, .T. ) ;
#542 = CARTESIAN_POINT ( 'NONE',  ( -20.66987298107779480, 0.000000000000000000, 5.000000000000000888 ) ) ;
#543 = CARTESIAN_POINT ( 'NONE',  ( 23.75000000000000711, 10.00000000000000000, 7.431759166101050695 ) ) ;
#544 = EDGE_CURVE ( 'NONE', #1204, #806, #312, .T. ) ;
#545 = DIRECTION ( 'NONE',  ( 0.000000000000000000, 0.000000000000000000, 1.000000000000000000 ) ) ;
#546 = DIRECTION ( 'NONE',  ( 0.000000000000000000, 0.000000000000000000, -1.000000000000000000 ) ) ;
#547 = ORIENTED_EDGE ( 'NONE', *, *, #1896, .T. ) ;
#548 = EDGE_LOOP ( 'NONE', ( #1505, #139, #1928, #207 ) ) ;
#549 = FACE_OUTER_BOUND ( 'NONE', #2275, .T. ) ;
#550 = LINE ( 'NONE', #903, #1612 ) ;
#551 = ORIENTED_EDGE ( 'NONE', *, *, #984, .F. ) ;
#552 = DIRECTION ( 'NONE',  ( -0.000000000000000000, 1.000000000000000000, -0.000000000000000000 ) ) ;
#553 = CARTESIAN_POINT ( 'NONE',  ( 65.00000000000000000, 0.000000000000000000, -2.499999999999998668 ) ) ;
#554 = EDGE_CURVE ( 'NONE', #1833, #2007, #1246, .T. ) ;
#555 =( NAMED_UNIT ( * ) SI_UNIT ( $, .STERADIAN. ) SOLID_ANGLE_UNIT ( ) );
#556 = DIRECTION ( 'NONE',  ( -0.000000000000000000, 1.000000000000000000, -0.000000000000000000 ) ) ;
#557 = VECTOR ( 'NONE', #1503, 1000.000000000000000 ) ;
#558 = CIRCLE ( 'NONE', #309, 2.500000000000003997 ) ;
#559 = ORIENTED_EDGE ( 'NONE', *, *, #1687, .F. ) ;
#560 = ORIENTED_EDGE ( 'NONE', *, *, #1231, .F. ) ;
#561 = DIRECTION ( 'NONE',  ( -0.000000000000000000, 1.000000000000000000, -0.000000000000000000 ) ) ;
#562 = CARTESIAN_POINT ( 'NONE',  ( 65.00000000000001421, 0.000000000000000000, 7.500000000000000888 ) ) ;
#563 = FACE_OUTER_BOUND ( 'NONE', #1180, .T. ) ;
#564 = VERTEX_POINT ( 'NONE', #2158 ) ;
#565 = CARTESIAN_POINT ( 'NONE',  ( 16.25000000000000000, 20.00000000000000000, 7.431759166101050695 ) ) ;
#566 = CARTESIAN_POINT ( 'NONE',  ( -69.99999999999998579, 20.00000000000000000, -2.499999999999997780 ) ) ;
#567 = EDGE_CURVE ( 'NONE', #2152, #125, #637, .T. ) ;
#568 = EDGE_LOOP ( 'NONE', ( #1915, #1240, #386, #315 ) ) ;
#569 = CIRCLE ( 'NONE', #2117, 2.500000000000003997 ) ;
#570 = AXIS2_PLACEMENT_3D ( 'NONE', #980, #1717, #1918 ) ;
#571 = EDGE_CURVE ( 'NONE', #1983, #1766, #1797, .T. ) ;
#572 = ORIENTED_EDGE ( 'NONE', *, *, #1827, .F. ) ;
#573 = AXIS2_PLACEMENT_3D ( 'NONE', #2091, #1758, #2323 ) ;
#574 =( LENGTH_UNIT ( ) NAMED_UNIT ( * ) SI_UNIT ( .MILLI., .METRE. ) );
#575 = CIRCLE ( 'NONE', #1657, 2.499999999999996003 ) ;
#576 = CARTESIAN_POINT ( 'NONE',  ( 70.00000000000001421, 20.00000000000000000, 7.500000000000000888 ) ) ;
#577 = CARTESIAN_POINT ( 'NONE',  ( -69.99999999999998579, 0.000000000000000000, 7.500000000000000888 ) ) ;
#578 = EDGE_LOOP ( 'NONE', ( #783, #1223, #703, #895 ) ) ;
#579 = DIRECTION ( 'NONE',  ( -0.000000000000000000, -1.000000000000000000, -0.000000000000000000 ) ) ;
#580 = DIRECTION ( 'NONE',  ( 0.000000000000000000, 0.000000000000000000, 1.000000000000000000 ) ) ;
#581 = FACE_OUTER_BOUND ( 'NONE', #1516, .T. ) ;
#582 = VERTEX_POINT ( 'NONE', #268 ) ;
#583 = EDGE_CURVE ( 'NONE', #2376, #36, #1636, .T. ) ;
#584 = CARTESIAN_POINT ( 'NONE',  ( -47.49999999999999289, 0.000000000000000000, 7.500000000000000888 ) ) ;
#585 = DIRECTION ( 'NONE',  ( -0.000000000000000000, 1.000000000000000000, -0.000000000000000000 ) ) ;
#586 = CARTESIAN_POINT ( 'NONE',  ( -69.99999999999998579, 20.00000000000000000, 7.500000000000000888 ) ) ;
#587 = DIRECTION ( 'NONE',  ( -0.000000000000000000, -1.000000000000000000, 0.000000000000000000 ) ) ;
#588 = ORIENTED_EDGE ( 'NONE', *, *, #1076, .F. ) ;
#589 = AXIS2_PLACEMENT_3D ( 'NONE', #428, #1953, #1772 ) ;
#590 = AXIS2_PLACEMENT_3D ( 'NONE', #846, #2177, #1604 ) ;
#591 = VERTEX_POINT ( 'NONE', #446 ) ;
#592 = EDGE_CURVE ( 'NONE', #162, #1990, #1241, .T. ) ;
#593 = AXIS2_PLACEMENT_3D ( 'NONE', #357, #11, #380 ) ;
#594 = CARTESIAN_POINT ( 'NONE',  ( 29.66506350946110260, 20.00000000000000000, 6.250000000000000888 ) ) ;
#595 = DIRECTION ( 'NONE',  ( 0.000000000000000000, 1.000000000000000000, 0.000000000000000000 ) ) ;
#596 = EDGE_LOOP ( 'NONE', ( #1876, #1843, #509, #1981 ) ) ;
#597 = CARTESIAN_POINT ( 'NONE',  ( -19.66506350946108839, 0.000000000000000000, 6.250000000000000888 ) ) ;
#598 = CARTESIAN_POINT ( 'NONE',  ( -69.99999999999998579, 0.000000000000000000, 7.500000000000000888 ) ) ;
#599 = DIRECTION ( 'NONE',  ( 0.000000000000000000, -1.000000000000000000, 0.000000000000000000 ) ) ;
#600 = DIRECTION ( 'NONE',  ( 0.000000000000000000, 0.000000000000000000, -1.000000000000000000 ) ) ;
#601 = ORIENTED_EDGE ( 'NONE', *, *, #646, .T. ) ;
#602 = ADVANCED_FACE ( 'NONE', ( #828 ), #1761, .F. ) ;
#603 = AXIS2_PLACEMENT_3D ( 'NONE', #2136, #769, #181 ) ;
#604 = CIRCLE ( 'NONE', #2239, 2.500000000000003997 ) ;
#605 = PRODUCT_DEFINITION_SHAPE ( 'NONE', 'NONE',  #50 ) ;
#606 = VECTOR ( 'NONE', #1371, 1000.000000000000000 ) ;
#607 = CIRCLE ( 'NONE', #327, 2.500000000000003997 ) ;
#608 = DIRECTION ( 'NONE',  ( -0.000000000000000000, 1.000000000000000000, -0.000000000000000000 ) ) ;
#609 = CARTESIAN_POINT ( 'NONE',  ( 70.00000000000001421, 20.00000000000000000, -2.499999999999997780 ) ) ;
#610 = EDGE_CURVE ( 'NONE', #519, #1334, #1402, .T. ) ;
#611 = VERTEX_POINT ( 'NONE', #281 ) ;
#612 = ORIENTED_EDGE ( 'NONE', *, *, #2230, .F. ) ;
#613 = DIRECTION ( 'NONE',  ( 0.000000000000000000, 0.000000000000000000, -1.000000000000000000 ) ) ;
#614 = ORIENTED_EDGE ( 'NONE', *, *, #908, .T. ) ;
#615 = DIRECTION ( 'NONE',  ( 0.000000000000000000, 0.000000000000000000, 1.000000000000000000 ) ) ;
#616 = EDGE_CURVE ( 'NONE', #1800, #1120, #2069, .T. ) ;
#617 = CARTESIAN_POINT ( 'NONE',  ( -42.16506350946108483, 0.000000000000000000, 6.250000000000000888 ) ) ;
#618 = DIRECTION ( 'NONE',  ( 0.000000000000000000, 0.000000000000000000, 1.000000000000000000 ) ) ;
#619 = ORIENTED_EDGE ( 'NONE', *, *, #1808, .T. ) ;
#620 = ORIENTED_EDGE ( 'NONE', *, *, #2287, .T. ) ;
#621 = FACE_OUTER_BOUND ( 'NONE', #687, .T. ) ;
#622 = DIRECTION ( 'NONE',  ( -0.000000000000000000, -1.000000000000000000, -0.000000000000000000 ) ) ;
#623 = ORIENTED_EDGE ( 'NONE', *, *, #1672, .T. ) ;
#624 = ORIENTED_EDGE ( 'NONE', *, *, #926, .F. ) ;
#625 = CARTESIAN_POINT ( 'NONE',  ( 68.16987298107778770, 0.000000000000000000, 5.000000000000002665 ) ) ;
#626 = VERTEX_POINT ( 'NONE', #1444 ) ;
#627 = CARTESIAN_POINT ( 'NONE',  ( -64.99999999999998579, 20.00000000000000000, -7.499999999999999112 ) ) ;
#628 = ADVANCED_FACE ( 'NONE', ( #2194 ), #483, .T. ) ;
#629 = DIRECTION ( 'NONE',  ( 0.000000000000000000, 0.000000000000000000, 1.000000000000000000 ) ) ;
#630 = FACE_OUTER_BOUND ( 'NONE', #1482, .T. ) ;
#631 = UNCERTAINTY_MEASURE_WITH_UNIT (LENGTH_MEASURE( 1.000000000000000082E-05 ), #574, 'distance_accuracy_value', 'NONE');
#632 = VERTEX_POINT ( 'NONE', #2234 ) ;
#633 = VECTOR ( 'NONE', #804, 1000.000000000000000 ) ;
#634 = FACE_OUTER_BOUND ( 'NONE', #414, .T. ) ;
#635 = DIRECTION ( 'NONE',  ( -0.000000000000000000, -1.000000000000000000, -0.000000000000000000 ) ) ;
#636 = VERTEX_POINT ( 'NONE', #2031 ) ;
#637 = CIRCLE ( 'NONE', #108, 2.500000000000004885 ) ;
#638 = ORIENTED_EDGE ( 'NONE', *, *, #1775, .T. ) ;
#639 = DIRECTION ( 'NONE',  ( 0.000000000000000000, 0.000000000000000000, 1.000000000000000000 ) ) ;
#640 = ORIENTED_EDGE ( 'NONE', *, *, #2015, .F. ) ;
#641 = DIRECTION ( 'NONE',  ( 0.000000000000000000, 0.000000000000000000, 1.000000000000000000 ) ) ;
#642 = CARTESIAN_POINT ( 'NONE',  ( -44.33012701892219098, 0.000000000000000000, 5.000000000000002665 ) ) ;
#643 = DIRECTION ( 'NONE',  ( -0.000000000000000000, 1.000000000000000000, -0.000000000000000000 ) ) ;
#644 = EDGE_CURVE ( 'NONE', #1692, #1800, #2187, .T. ) ;
#645 = ORIENTED_EDGE ( 'NONE', *, *, #1659, .F. ) ;
#646 = EDGE_CURVE ( 'NONE', #2210, #1837, #679, .T. ) ;
#647 = AXIS2_PLACEMENT_3D ( 'NONE', #1731, #1194, #1742 ) ;
#648 = DIRECTION ( 'NONE',  ( 0.000000000000000000, 0.000000000000000000, 1.000000000000000000 ) ) ;
#649 = FACE_OUTER_BOUND ( 'NONE', #1648, .T. ) ;
#650 = ORIENTED_EDGE ( 'NONE', *, *, #1938, .T. ) ;
#651 = CIRCLE ( 'NONE', #239, 2.500000000000004885 ) ;
#652 = CARTESIAN_POINT ( 'NONE',  ( 57.50000000000000711, 0.000000000000000000, 7.500000000000000888 ) ) ;
#653 = ORIENTED_EDGE ( 'NONE', *, *, #675, .F. ) ;
#654 = CIRCLE ( 'NONE', #199, 2.500000000000004885 ) ;
#655 = DIRECTION ( 'NONE',  ( -0.000000000000000000, -1.000000000000000000, 0.000000000000000000 ) ) ;
#656 = FACE_OUTER_BOUND ( 'NONE', #1525, .T. ) ;
#657 = DIRECTION ( 'NONE',  ( -0.000000000000000000, 1.000000000000000000, -0.000000000000000000 ) ) ;
#658 = EDGE_CURVE ( 'NONE', #2253, #2052, #1877, .T. ) ;
#659 = ORIENTED_EDGE ( 'NONE', *, *, #1844, .T. ) ;
#660 = EDGE_CURVE ( 'NONE', #1861, #322, #1282, .T. ) ;
#661 = CARTESIAN_POINT ( 'NONE',  ( -45.33493649053890096, 20.00000000000000000, 6.250000000000000888 ) ) ;
#662 = LINE ( 'NONE', #853, #489 ) ;
#663 = ORIENTED_EDGE ( 'NONE', *, *, #1923, .F. ) ;
#664 = CARTESIAN_POINT ( 'NONE',  ( -9.999999999999994671, 0.000000000000000000, 7.500000000000000888 ) ) ;
#665 = EDGE_LOOP ( 'NONE', ( #1142, #1002, #2410, #2088 ) ) ;
#666 = FACE_OUTER_BOUND ( 'NONE', #1826, .T. ) ;
#667 = ORIENTED_EDGE ( 'NONE', *, *, #417, .F. ) ;
#668 = CARTESIAN_POINT ( 'NONE',  ( -65.00000000000000000, 0.000000000000000000, -2.499999999999998668 ) ) ;
#669 = CARTESIAN_POINT ( 'NONE',  ( 9.330127018922205195, 20.00000000000000000, 5.000000000000000888 ) ) ;
#670 = ORIENTED_EDGE ( 'NONE', *, *, #660, .F. ) ;
#671 = LINE ( 'NONE', #2387, #1553 ) ;
#672 = CIRCLE ( 'NONE', #1557, 2.499999999999996003 ) ;
#673 = CARTESIAN_POINT ( 'NONE',  ( -69.99999999999998579, 20.00000000000000000, 1.909830056250535035 ) ) ;
#674 = ORIENTED_EDGE ( 'NONE', *, *, #2083, .F. ) ;
#675 = EDGE_CURVE ( 'NONE', #87, #1092, #2415, .T. ) ;
#676 = AXIS2_PLACEMENT_3D ( 'NONE', #2012, #1424, #1236 ) ;
#677 = DIRECTION ( 'NONE',  ( -0.000000000000000000, 1.000000000000000000, -0.000000000000000000 ) ) ;
#678 = DIRECTION ( 'NONE',  ( -0.000000000000000000, 1.000000000000000000, -0.000000000000000000 ) ) ;
#679 = CIRCLE ( 'NONE', #882, 2.500000000000003997 ) ;
#680 = LINE ( 'NONE', #2165, #809 ) ;
#681 = CARTESIAN_POINT ( 'NONE',  ( -0.3349364905388951819, 0.000000000000000000, 6.250000000000000888 ) ) ;
#682 = ORIENTED_EDGE ( 'NONE', *, *, #929, .F. ) ;
#683 = EDGE_CURVE ( 'NONE', #1120, #45, #2044, .T. ) ;
#684 = ORIENTED_EDGE ( 'NONE', *, *, #740, .T. ) ;
#685 = DIRECTION ( 'NONE',  ( -0.000000000000000000, -1.000000000000000000, -0.000000000000000000 ) ) ;
#686 = CARTESIAN_POINT ( 'NONE',  ( -21.24999999999999289, 20.00000000000000000, 7.431759166101049807 ) ) ;
#687 = EDGE_LOOP ( 'NONE', ( #1442, #1504, #276, #2157 ) ) ;
#688 = EDGE_CURVE ( 'NONE', #858, #1145, #964, .T. ) ;
#689 = FACE_OUTER_BOUND ( 'NONE', #2127, .T. ) ;
#690 = LINE ( 'NONE', #2379, #399 ) ;
#691 = CIRCLE ( 'NONE', #1172, 2.499999999999996003 ) ;
#692 = CIRCLE ( 'NONE', #2353, 1.799999999999999600 ) ;
#693 = CIRCLE ( 'NONE', #2081, 2.500000000000004885 ) ;
#694 = CIRCLE ( 'NONE', #40, 2.500000000000003997 ) ;
#695 = EDGE_CURVE ( 'NONE', #1075, #1106, #2227, .T. ) ;
#696 = DIRECTION ( 'NONE',  ( -0.000000000000000000, 1.000000000000000000, -0.000000000000000000 ) ) ;
#697 = CYLINDRICAL_SURFACE ( 'NONE', #1239, 2.500000000000004885 ) ;
#698 = AXIS2_PLACEMENT_3D ( 'NONE', #2271, #1924, #206 ) ;
#699 = EDGE_LOOP ( 'NONE', ( #2075, #269, #59, #977 ) ) ;
#700 = ORIENTED_EDGE ( 'NONE', *, *, #1381, .T. ) ;
#701 = DIRECTION ( 'NONE',  ( 0.000000000000000000, 0.000000000000000000, 1.000000000000000000 ) ) ;
#702 = DIRECTION ( 'NONE',  ( 0.000000000000000000, 0.000000000000000000, 1.000000000000000000 ) ) ;
#703 = ORIENTED_EDGE ( 'NONE', *, *, #1311, .F. ) ;
#704 = DIRECTION ( 'NONE',  ( -0.000000000000000000, 1.000000000000000000, -0.000000000000000000 ) ) ;
#705 = CYLINDRICAL_SURFACE ( 'NONE', #1453, 2.500000000000004885 ) ;
#706 = DIRECTION ( 'NONE',  ( -0.000000000000000000, 1.000000000000000000, -0.000000000000000000 ) ) ;
#707 = EDGE_CURVE ( 'NONE', #1047, #194, #1641, .T. ) ;
#708 = ORIENTED_EDGE ( 'NONE', *, *, #1702, .F. ) ;
#709 = ORIENTED_EDGE ( 'NONE', *, *, #1400, .F. ) ;
#710 = ORIENTED_EDGE ( 'NONE', *, *, #1702, .T. ) ;
#711 = DIRECTION ( 'NONE',  ( -0.000000000000000000, -1.000000000000000000, 0.000000000000000000 ) ) ;
#712 = DIRECTION ( 'NONE',  ( -0.000000000000000000, -1.000000000000000000, -0.000000000000000000 ) ) ;
#713 = ORIENTED_EDGE ( 'NONE', *, *, #124, .T. ) ;
#714 = AXIS2_PLACEMENT_3D ( 'NONE', #811, #1967, #1784 ) ;
#715 = FACE_OUTER_BOUND ( 'NONE', #1589, .T. ) ;
#716 = LINE ( 'NONE', #1283, #35 ) ;
#717 = ORIENTED_EDGE ( 'NONE', *, *, #2073, .T. ) ;
#718 = CYLINDRICAL_SURFACE ( 'NONE', #1611, 1.799999999999993605 ) ;
#719 = VECTOR ( 'NONE', #2453, 1000.000000000000000 ) ;
#720 = CYLINDRICAL_SURFACE ( 'NONE', #2474, 2.500000000000004885 ) ;
#721 = ORIENTED_EDGE ( 'NONE', *, *, #457, .F. ) ;
#722 = AXIS2_PLACEMENT_3D ( 'NONE', #1479, #685, #304 ) ;
#723 = ORIENTED_EDGE ( 'NONE', *, *, #1464, .F. ) ;
#724 = ADVANCED_FACE ( 'NONE', ( #129 ), #1497, .F. ) ;
#725 = VERTEX_POINT ( 'NONE', #880 ) ;
#726 = ADVANCED_FACE ( 'NONE', ( #715 ), #1681, .T. ) ;
#727 = FACE_OUTER_BOUND ( 'NONE', #2295, .T. ) ;
#728 = CARTESIAN_POINT ( 'NONE',  ( 8.169872981077796581, 0.000000000000000000, 5.000000000000002665 ) ) ;
#729 = ORIENTED_EDGE ( 'NONE', *, *, #796, .F. ) ;
#730 = CARTESIAN_POINT ( 'NONE',  ( -13.16987298107779480, 0.000000000000000000, 5.000000000000000888 ) ) ;
#731 = CARTESIAN_POINT ( 'NONE',  ( -37.83493649053890096, 20.00000000000000000, 6.250000000000000888 ) ) ;
#732 = SURFACE_STYLE_FILL_AREA ( #514 ) ;
#733 = AXIS2_PLACEMENT_3D ( 'NONE', #516, #2222, #361 ) ;
#734 = CIRCLE ( 'NONE', #1813, 2.500000000000003997 ) ;
#735 = DIRECTION ( 'NONE',  ( 0.000000000000000000, 1.000000000000000000, 0.000000000000000000 ) ) ;
#736 = AXIS2_PLACEMENT_3D ( 'NONE', #1670, #1487, #2211 ) ;
#737 = AXIS2_PLACEMENT_3D ( 'NONE', #837, #481, #1573 ) ;
#738 = ORIENTED_EDGE ( 'NONE', *, *, #2169, .F. ) ;
#739 = CIRCLE ( 'NONE', #2124, 2.500000000000003997 ) ;
#740 = EDGE_CURVE ( 'NONE', #1675, #512, #1484, .T. ) ;
#741 = ORIENTED_EDGE ( 'NONE', *, *, #926, .T. ) ;
#742 = DIRECTION ( 'NONE',  ( 0.000000000000000000, 0.000000000000000000, -1.000000000000000000 ) ) ;
#743 = CARTESIAN_POINT ( 'NONE',  ( 65.00000000000000000, 0.000000000000000000, -4.299999999999992717 ) ) ;
#744 = ORIENTED_EDGE ( 'NONE', *, *, #1844, .F. ) ;
#745 = EDGE_CURVE ( 'NONE', #1436, #423, #271, .T. ) ;
#746 = LINE ( 'NONE', #2257, #352 ) ;
#747 = CARTESIAN_POINT ( 'NONE',  ( 5.000000000000004441, 0.000000000000000000, 7.500000000000000888 ) ) ;
#748 = LINE ( 'NONE', #951, #2082 ) ;
#749 = DIRECTION ( 'NONE',  ( 0.000000000000000000, 0.000000000000000000, 1.000000000000000000 ) ) ;
#750 = VERTEX_POINT ( 'NONE', #153 ) ;
#751 = ORIENTED_EDGE ( 'NONE', *, *, #1490, .T. ) ;
#752 = CARTESIAN_POINT ( 'NONE',  ( 61.83012701892221230, 0.000000000000000000, 5.000000000000000888 ) ) ;
#753 = DIRECTION ( 'NONE',  ( 0.000000000000000000, -1.000000000000000000, 0.000000000000000000 ) ) ;
#754 = DIRECTION ( 'NONE',  ( -0.000000000000000000, 1.000000000000000000, -0.000000000000000000 ) ) ;
#755 = EDGE_CURVE ( 'NONE', #2421, #1276, #1695, .T. ) ;
#756 = ORIENTED_EDGE ( 'NONE', *, *, #1788, .F. ) ;
#757 = DIRECTION ( 'NONE',  ( -0.000000000000000000, -1.000000000000000000, 0.000000000000000000 ) ) ;
#758 = DIRECTION ( 'NONE',  ( -1.000000000000000000, 0.000000000000000000, 0.000000000000000000 ) ) ;
#759 = VECTOR ( 'NONE', #97, 1000.000000000000000 ) ;
#760 = ORIENTED_EDGE ( 'NONE', *, *, #1049, .F. ) ;
#761 = VECTOR ( 'NONE', #307, 1000.000000000000000 ) ;
#762 = ORIENTED_EDGE ( 'NONE', *, *, #554, .F. ) ;
#763 = CARTESIAN_POINT ( 'NONE',  ( 30.66987298107780191, 0.000000000000000000, 5.000000000000002665 ) ) ;
#764 =( NAMED_UNIT ( * ) SI_UNIT ( $, .STERADIAN. ) SOLID_ANGLE_UNIT ( ) );
#765 = DIRECTION ( 'NONE',  ( 0.000000000000000000, 1.000000000000000000, 0.000000000000000000 ) ) ;
#766 = LINE ( 'NONE', #989, #1299 ) ;
#767 = EDGE_CURVE ( 'NONE', #872, #2368, #746, .T. ) ;
#768 = DIRECTION ( 'NONE',  ( 0.000000000000000000, 0.000000000000000000, -1.000000000000000000 ) ) ;
#769 = DIRECTION ( 'NONE',  ( 0.000000000000000000, 1.000000000000000000, 0.000000000000000000 ) ) ;
#770 = EDGE_CURVE ( 'NONE', #1456, #1265, #1070, .T. ) ;
#771 = ORIENTED_EDGE ( 'NONE', *, *, #1135, .F. ) ;
#772 = CIRCLE ( 'NONE', #1010, 1.799999999999993605 ) ;
#773 = AXIS2_PLACEMENT_3D ( 'NONE', #747, #1866, #1696 ) ;
#774 = EDGE_LOOP ( 'NONE', ( #221, #524, #1564, #1737 ) ) ;
#775 = AXIS2_PLACEMENT_3D ( 'NONE', #299, #2149, #1448 ) ;
#776 = AXIS2_PLACEMENT_3D ( 'NONE', #889, #2401, #702 ) ;
#777 = CARTESIAN_POINT ( 'NONE',  ( 70.00000000000001421, 0.000000000000000000, 6.703125096583006481 ) ) ;
#778 = CARTESIAN_POINT ( 'NONE',  ( -68.33333333333332860, 20.00000000000000000, 5.636610018750177531 ) ) ;
#779 = CARTESIAN_POINT ( 'NONE',  ( -65.66987298107778770, 0.000000000000000000, 5.000000000000000888 ) ) ;
#780 = DIRECTION ( 'NONE',  ( 0.000000000000000000, 0.000000000000000000, -1.000000000000000000 ) ) ;
#781 = DIRECTION ( 'NONE',  ( 0.000000000000000000, 0.000000000000000000, 1.000000000000000000 ) ) ;
#782 = ADVANCED_FACE ( 'NONE', ( #689 ), #1458, .T. ) ;
#783 = ORIENTED_EDGE ( 'NONE', *, *, #1885, .T. ) ;
#784 = LINE ( 'NONE', #1178, #1680 ) ;
#785 = FACE_BOUND ( 'NONE', #1230, .T. ) ;
#786 = ORIENTED_EDGE ( 'NONE', *, *, #2196, .T. ) ;
#787 = CARTESIAN_POINT ( 'NONE',  ( 68.75000000000000000, 10.00000000000000000, 7.431759166101047143 ) ) ;
#788 = FACE_OUTER_BOUND ( 'NONE', #339, .T. ) ;
#789 = CARTESIAN_POINT ( 'NONE',  ( 10.33493649053890451, 0.000000000000000000, 6.250000000000000888 ) ) ;
#790 = VECTOR ( 'NONE', #2190, 1000.000000000000000 ) ;
#791 = AXIS2_PLACEMENT_3D ( 'NONE', #752, #2265, #1963 ) ;
#792 = EDGE_CURVE ( 'NONE', #1104, #2133, #1133, .T. ) ;
#793 = EDGE_LOOP ( 'NONE', ( #2014, #1830, #2125, #1897 ) ) ;
#794 = VECTOR ( 'NONE', #2390, 1000.000000000000000 ) ;
#795 = CIRCLE ( 'NONE', #2098, 2.500000000000004885 ) ;
#796 = EDGE_CURVE ( 'NONE', #1476, #1703, #2384, .T. ) ;
#797 = FACE_OUTER_BOUND ( 'NONE', #2224, .T. ) ;
#798 = DIRECTION ( 'NONE',  ( -0.000000000000000000, -1.000000000000000000, -0.000000000000000000 ) ) ;
#799 = DIRECTION ( 'NONE',  ( 0.000000000000000000, 0.000000000000000000, 1.000000000000000000 ) ) ;
#800 = ORIENTED_EDGE ( 'NONE', *, *, #1400, .T. ) ;
#801 = DIRECTION ( 'NONE',  ( 0.000000000000000000, 0.000000000000000000, -1.000000000000000000 ) ) ;
#802 = CIRCLE ( 'NONE', #525, 2.500000000000004885 ) ;
#803 = DIRECTION ( 'NONE',  ( 0.000000000000000000, 0.000000000000000000, 1.000000000000000000 ) ) ;
#804 = DIRECTION ( 'NONE',  ( 0.000000000000000000, -1.000000000000000000, 0.000000000000000000 ) ) ;
#805 = EDGE_CURVE ( 'NONE', #1191, #1145, #784, .T. ) ;
#806 = VERTEX_POINT ( 'NONE', #594 ) ;
#807 = AXIS2_PLACEMENT_3D ( 'NONE', #6, #27, #615 ) ;
#808 = CIRCLE ( 'NONE', #2355, 2.500000000000003997 ) ;
#809 = VECTOR ( 'NONE', #845, 1000.000000000000000 ) ;
#810 = VECTOR ( 'NONE', #1268, 1000.000000000000000 ) ;
#811 = CARTESIAN_POINT ( 'NONE',  ( 65.00000000000000000, 20.00000000000000000, -2.499999999999998668 ) ) ;
#812 = DIRECTION ( 'NONE',  ( -0.000000000000000000, 1.000000000000000000, -0.000000000000000000 ) ) ;
#813 = AXIS2_PLACEMENT_3D ( 'NONE', #1347, #1150, #1749 ) ;
#814 = EDGE_LOOP ( 'NONE', ( #298, #1362 ) ) ;
#815 = ADVANCED_FACE ( 'NONE', ( #2299 ), #1332, .T. ) ;
#816 = ORIENTED_EDGE ( 'NONE', *, *, #873, .F. ) ;
#817 = CARTESIAN_POINT ( 'NONE',  ( -60.33493649053890096, 20.00000000000000000, 6.250000000000000888 ) ) ;
#818 = VERTEX_POINT ( 'NONE', #1364 ) ;
#819 = DIRECTION ( 'NONE',  ( 0.000000000000000000, 0.000000000000000000, 1.000000000000000000 ) ) ;
#820 = DIRECTION ( 'NONE',  ( 0.000000000000000000, 0.000000000000000000, 1.000000000000000000 ) ) ;
#821 = CARTESIAN_POINT ( 'NONE',  ( 42.49999999999999289, 0.000000000000000000, 7.500000000000000888 ) ) ;
#822 = EDGE_LOOP ( 'NONE', ( #1020, #620, #1688, #2047 ) ) ;
#823 = CYLINDRICAL_SURFACE ( 'NONE', #2296, 2.500000000000004885 ) ;
#824 = DIRECTION ( 'NONE',  ( 0.000000000000000000, 1.000000000000000000, 0.000000000000000000 ) ) ;
#825 = VERTEX_POINT ( 'NONE', #949 ) ;
#826 = ORIENTED_EDGE ( 'NONE', *, *, #1980, .T. ) ;
#827 = ADVANCED_FACE ( 'NONE', ( #957 ), #2113, .F. ) ;
#828 = FACE_OUTER_BOUND ( 'NONE', #578, .T. ) ;
#829 = VERTEX_POINT ( 'NONE', #1707 ) ;
#830 = CYLINDRICAL_SURFACE ( 'NONE', #1138, 5.000000000000000000 ) ;
#831 = ADVANCED_FACE ( 'NONE', ( #797 ), #1726, .F. ) ;
#832 = CARTESIAN_POINT ( 'NONE',  ( 38.75000000000000711, 20.00000000000000000, 7.431759166101047143 ) ) ;
#833 = DIRECTION ( 'NONE',  ( 0.000000000000000000, 0.000000000000000000, 1.000000000000000000 ) ) ;
#834 = ORIENTED_EDGE ( 'NONE', *, *, #2059, .T. ) ;
#835 = AXIS2_PLACEMENT_3D ( 'NONE', #1855, #103, #1865 ) ;
#836 = DIRECTION ( 'NONE',  ( 0.000000000000000000, 0.000000000000000000, 1.000000000000000000 ) ) ;
#837 = CARTESIAN_POINT ( 'NONE',  ( -39.99999999999999289, 0.000000000000000000, 7.500000000000000888 ) ) ;
#838 = ORIENTED_EDGE ( 'NONE', *, *, #695, .T. ) ;
#839 = AXIS2_PLACEMENT_3D ( 'NONE', #1540, #753, #1519 ) ;
#840 = DIRECTION ( 'NONE',  ( 0.000000000000000000, 0.000000000000000000, 1.000000000000000000 ) ) ;
#841 = VERTEX_POINT ( 'NONE', #1528 ) ;
#842 = DIRECTION ( 'NONE',  ( 0.000000000000000000, 0.000000000000000000, 1.000000000000000000 ) ) ;
#843 = EDGE_CURVE ( 'NONE', #252, #2225, #2090, .T. ) ;
#844 = APPLICATION_CONTEXT ( 'automotive_design' ) ;
#845 = DIRECTION ( 'NONE',  ( -0.000000000000000000, 1.000000000000000000, -0.000000000000000000 ) ) ;
#846 = CARTESIAN_POINT ( 'NONE',  ( 54.33012701892220520, 20.00000000000000000, 5.000000000000000888 ) ) ;
#847 = EDGE_CURVE ( 'NONE', #1315, #170, #2465, .T. ) ;
#848 = ORIENTED_EDGE ( 'NONE', *, *, #1437, .T. ) ;
#849 = ORIENTED_EDGE ( 'NONE', *, *, #1264, .T. ) ;
#850 = AXIS2_PLACEMENT_3D ( 'NONE', #1152, #384, #208 ) ;
#851 = AXIS2_PLACEMENT_3D ( 'NONE', #1083, #2445, #2046 ) ;
#852 = DIRECTION ( 'NONE',  ( -1.000000000000000000, -0.000000000000000000, -0.000000000000000000 ) ) ;
#853 = CARTESIAN_POINT ( 'NONE',  ( 65.00000000000000000, 0.000000000000000000, -0.7000000000000050626 ) ) ;
#854 = VERTEX_POINT ( 'NONE', #2476 ) ;
#855 = AXIS2_PLACEMENT_3D ( 'NONE', #462, #1073, #1794 ) ;
#856 = CIRCLE ( 'NONE', #448, 2.500000000000004885 ) ;
#857 = CARTESIAN_POINT ( 'NONE',  ( 59.66506350946110615, 20.00000000000000000, 6.250000000000000888 ) ) ;
#858 = VERTEX_POINT ( 'NONE', #2070 ) ;
#859 = AXIS2_PLACEMENT_3D ( 'NONE', #779, #982, #1902 ) ;
#860 = CARTESIAN_POINT ( 'NONE',  ( -28.74999999999999289, 0.000000000000000000, 7.431759166101049807 ) ) ;
#861 = DIRECTION ( 'NONE',  ( 0.000000000000000000, 0.000000000000000000, 1.000000000000000000 ) ) ;
#862 = DIRECTION ( 'NONE',  ( -0.000000000000000000, -1.000000000000000000, 0.000000000000000000 ) ) ;
#863 = ORIENTED_EDGE ( 'NONE', *, *, #1446, .T. ) ;
#864 = EDGE_CURVE ( 'NONE', #2143, #611, #1319, .T. ) ;
#865 = CYLINDRICAL_SURFACE ( 'NONE', #26, 1.799999999999999600 ) ;
#866 = DIRECTION ( 'NONE',  ( -0.000000000000000000, 1.000000000000000000, -0.000000000000000000 ) ) ;
#867 = ORIENTED_EDGE ( 'NONE', *, *, #1970, .F. ) ;
#868 = CARTESIAN_POINT ( 'NONE',  ( -35.66987298107779480, 20.00000000000000000, 5.000000000000000888 ) ) ;
#869 = LINE ( 'NONE', #1445, #2199 ) ;
#870 = DIRECTION ( 'NONE',  ( -0.000000000000000000, 1.000000000000000000, -0.000000000000000000 ) ) ;
#871 = DIRECTION ( 'NONE',  ( 0.000000000000000000, 0.000000000000000000, 1.000000000000000000 ) ) ;
#872 = VERTEX_POINT ( 'NONE', #1156 ) ;
#873 = EDGE_CURVE ( 'NONE', #322, #52, #795, .T. ) ;
#874 = VERTEX_POINT ( 'NONE', #777 ) ;
#875 = DIRECTION ( 'NONE',  ( 0.000000000000000000, 0.000000000000000000, -1.000000000000000000 ) ) ;
#876 = VECTOR ( 'NONE', #1337, 1000.000000000000000 ) ;
#877 = DIRECTION ( 'NONE',  ( 0.000000000000000000, 0.000000000000000000, 1.000000000000000000 ) ) ;
#878 = EDGE_LOOP ( 'NONE', ( #2001, #152, #1583, #650 ) ) ;
#879 = EDGE_CURVE ( 'NONE', #1408, #252, #517, .T. ) ;
#880 = CARTESIAN_POINT ( 'NONE',  ( -65.00000000000000000, 20.00000000000000000, -4.299999999999992717 ) ) ;
#881 = DIRECTION ( 'NONE',  ( -0.000000000000000000, 1.000000000000000000, -0.000000000000000000 ) ) ;
#882 = AXIS2_PLACEMENT_3D ( 'NONE', #1656, #2219, #2403 ) ;
#883 = ORIENTED_EDGE ( 'NONE', *, *, #1185, .F. ) ;
#884 = LINE ( 'NONE', #1235, #2438 ) ;
#885 = CYLINDRICAL_SURFACE ( 'NONE', #676, 2.500000000000004885 ) ;
#886 = EDGE_LOOP ( 'NONE', ( #744, #240 ) ) ;
#887 = ORIENTED_EDGE ( 'NONE', *, *, #1146, .T. ) ;
#888 = FACE_OUTER_BOUND ( 'NONE', #1755, .T. ) ;
#889 = CARTESIAN_POINT ( 'NONE',  ( 27.50000000000001066, 0.000000000000000000, 7.500000000000000888 ) ) ;
#890 = ORIENTED_EDGE ( 'NONE', *, *, #2294, .T. ) ;
#891 = DIRECTION ( 'NONE',  ( 0.000000000000000000, 0.000000000000000000, 1.000000000000000000 ) ) ;
#892 = CARTESIAN_POINT ( 'NONE',  ( 68.16987298107778770, 20.00000000000000000, 5.000000000000002665 ) ) ;
#893 = EDGE_CURVE ( 'NONE', #1265, #582, #476, .T. ) ;
#894 = AXIS2_PLACEMENT_3D ( 'NONE', #1149, #225, #2300 ) ;
#895 = ORIENTED_EDGE ( 'NONE', *, *, #1066, .T. ) ;
#896 = VECTOR ( 'NONE', #1433, 1000.000000000000000 ) ;
#897 = DIRECTION ( 'NONE',  ( -0.000000000000000000, 1.000000000000000000, -0.000000000000000000 ) ) ;
#898 = DIRECTION ( 'NONE',  ( 0.000000000000000000, 0.000000000000000000, 1.000000000000000000 ) ) ;
#899 = CIRCLE ( 'NONE', #1219, 2.499999999999996003 ) ;
#900 = ORIENTED_EDGE ( 'NONE', *, *, #1185, .T. ) ;
#901 = ORIENTED_EDGE ( 'NONE', *, *, #879, .T. ) ;
#902 = CYLINDRICAL_SURFACE ( 'NONE', #1881, 1.799999999999993605 ) ;
#903 = CARTESIAN_POINT ( 'NONE',  ( -4.665063509461081281, 0.000000000000000000, 6.250000000000000888 ) ) ;
#904 = ORIENTED_EDGE ( 'NONE', *, *, #2059, .F. ) ;
#905 = DIRECTION ( 'NONE',  ( 0.000000000000000000, 0.000000000000000000, 1.000000000000000000 ) ) ;
#906 = CARTESIAN_POINT ( 'NONE',  ( -22.83493649053890096, 0.000000000000000000, 6.250000000000000888 ) ) ;
#907 = ORIENTED_EDGE ( 'NONE', *, *, #1127, .T. ) ;
#908 = EDGE_CURVE ( 'NONE', #829, #1047, #1683, .T. ) ;
#909 = PRESENTATION_STYLE_ASSIGNMENT (( #1502 ) ) ;
#910 = CYLINDRICAL_SURFACE ( 'NONE', #80, 2.500000000000004885 ) ;
#911 = ADVANCED_FACE ( 'NONE', ( #21 ), #186, .F. ) ;
#912 = ORIENTED_EDGE ( 'NONE', *, *, #1744, .F. ) ;
#913 = ORIENTED_EDGE ( 'NONE', *, *, #1208, .T. ) ;
#914 = ORIENTED_EDGE ( 'NONE', *, *, #1659, .T. ) ;
#915 = FACE_OUTER_BOUND ( 'NONE', #1292, .T. ) ;
#916 = CARTESIAN_POINT ( 'NONE',  ( -64.99999999999998579, 0.000000000000000000, -7.499999999999999112 ) ) ;
#917 = ORIENTED_EDGE ( 'NONE', *, *, #683, .F. ) ;
#918 = VECTOR ( 'NONE', #608, 1000.000000000000000 ) ;
#919 = DIRECTION ( 'NONE',  ( -0.000000000000000000, 1.000000000000000000, -0.000000000000000000 ) ) ;
#920 = EDGE_CURVE ( 'NONE', #1861, #2253, #1361, .T. ) ;
#921 = DIRECTION ( 'NONE',  ( -0.000000000000000000, -1.000000000000000000, 0.000000000000000000 ) ) ;
#922 = CIRCLE ( 'NONE', #266, 5.000000000000000000 ) ;
#923 = CARTESIAN_POINT ( 'NONE',  ( 67.16506350946110615, 20.00000000000000000, 6.250000000000000888 ) ) ;
#924 = VECTOR ( 'NONE', #765, 1000.000000000000000 ) ;
#925 = LINE ( 'NONE', #566, #876 ) ;
#926 = EDGE_CURVE ( 'NONE', #2140, #1390, #2303, .T. ) ;
#927 = CIRCLE ( 'NONE', #149, 2.500000000000003997 ) ;
#928 = ORIENTED_EDGE ( 'NONE', *, *, #1836, .T. ) ;
#929 = EDGE_CURVE ( 'NONE', #423, #1436, #263, .T. ) ;
#930 = VERTEX_POINT ( 'NONE', #1572 ) ;
#931 = CARTESIAN_POINT ( 'NONE',  ( 44.66506350946109194, 0.000000000000000000, 6.250000000000000888 ) ) ;
#932 = CARTESIAN_POINT ( 'NONE',  ( -36.83012701892219098, 0.000000000000000000, 5.000000000000002665 ) ) ;
#933 = ORIENTED_EDGE ( 'NONE', *, *, #1367, .T. ) ;
#934 = DIRECTION ( 'NONE',  ( -0.000000000000000000, -1.000000000000000000, -0.000000000000000000 ) ) ;
#935 = DIRECTION ( 'NONE',  ( -0.000000000000000000, 1.000000000000000000, -0.000000000000000000 ) ) ;
#936 =( NAMED_UNIT ( * ) PLANE_ANGLE_UNIT ( ) SI_UNIT ( $, .RADIAN. ) );
#937 = AXIS2_PLACEMENT_3D ( 'NONE', #1947, #1579, #780 ) ;
#938 = AXIS2_PLACEMENT_3D ( 'NONE', #154, #527, #1297 ) ;
#939 = CARTESIAN_POINT ( 'NONE',  ( 70.00000000000001421, 20.00000000000000000, 7.500000000000000888 ) ) ;
#940 = AXIS2_PLACEMENT_3D ( 'NONE', #1581, #385, #820 ) ;
#941 = AXIS2_PLACEMENT_3D ( 'NONE', #330, #1638, #1108 ) ;
#942 = VERTEX_POINT ( 'NONE', #2322 ) ;
#943 = AXIS2_PLACEMENT_3D ( 'NONE', #664, #677, #1259 ) ;
#944 = PRODUCT_DEFINITION_FORMATION_WITH_SPECIFIED_SOURCE ( 'ANY', '', #1768, .NOT_KNOWN. ) ;
#945 = ADVANCED_FACE ( 'NONE', ( #250 ), #2154, .F. ) ;
#946 = ORIENTED_EDGE ( 'NONE', *, *, #616, .T. ) ;
#947 = DIRECTION ( 'NONE',  ( 0.000000000000000000, 1.000000000000000000, 0.000000000000000000 ) ) ;
#948 = CARTESIAN_POINT ( 'NONE',  ( -51.83012701892219098, 20.00000000000000000, 5.000000000000002665 ) ) ;
#949 = CARTESIAN_POINT ( 'NONE',  ( 7.165063509461097269, 20.00000000000000000, 6.250000000000000888 ) ) ;
#950 = DIRECTION ( 'NONE',  ( -0.000000000000000000, 1.000000000000000000, -0.000000000000000000 ) ) ;
#951 = CARTESIAN_POINT ( 'NONE',  ( 7.165063509461097269, 0.000000000000000000, 6.250000000000000888 ) ) ;
#952 = DIRECTION ( 'NONE',  ( 0.000000000000000000, 0.000000000000000000, 1.000000000000000000 ) ) ;
#953 = ORIENTED_EDGE ( 'NONE', *, *, #541, .T. ) ;
#954 = ORIENTED_EDGE ( 'NONE', *, *, #302, .F. ) ;
#955 = CARTESIAN_POINT ( 'NONE',  ( -19.66506350946108839, 20.00000000000000000, 6.250000000000000888 ) ) ;
#956 = ADVANCED_FACE ( 'NONE', ( #1597 ), #865, .F. ) ;
#957 = FACE_OUTER_BOUND ( 'NONE', #447, .T. ) ;
#958 = DIRECTION ( 'NONE',  ( -0.000000000000000000, -1.000000000000000000, 0.000000000000000000 ) ) ;
#959 = ORIENTED_EDGE ( 'NONE', *, *, #18, .T. ) ;
#960 = ADVANCED_FACE ( 'NONE', ( #621 ), #823, .T. ) ;
#961 = DIRECTION ( 'NONE',  ( 0.000000000000000000, 0.000000000000000000, 1.000000000000000000 ) ) ;
#962 = LINE ( 'NONE', #41, #195 ) ;
#963 = VECTOR ( 'NONE', #1567, 1000.000000000000000 ) ;
#964 = CIRCLE ( 'NONE', #1084, 2.500000000000003997 ) ;
#965 = ORIENTED_EDGE ( 'NONE', *, *, #1248, .T. ) ;
#966 = VECTOR ( 'NONE', #1003, 1000.000000000000000 ) ;
#967 = ORIENTED_EDGE ( 'NONE', *, *, #132, .T. ) ;
#968 = DIRECTION ( 'NONE',  ( -0.000000000000000000, 1.000000000000000000, -0.000000000000000000 ) ) ;
#969 = CYLINDRICAL_SURFACE ( 'NONE', #894, 2.499999999999996003 ) ;
#970 = EDGE_CURVE ( 'NONE', #818, #1663, #74, .T. ) ;
#971 = CARTESIAN_POINT ( 'NONE',  ( -7.834936490538901843, 20.00000000000000000, 6.250000000000000888 ) ) ;
#972 = CYLINDRICAL_SURFACE ( 'NONE', #1495, 2.500000000000003997 ) ;
#973 = VECTOR ( 'NONE', #1356, 1000.000000000000000 ) ;
#974 = CARTESIAN_POINT ( 'NONE',  ( 1.250000000000009770, 0.000000000000000000, 7.431759166101048919 ) ) ;
#975 = AXIS2_PLACEMENT_3D ( 'NONE', #2197, #2011, #1136 ) ;
#976 = AXIS2_PLACEMENT_3D ( 'NONE', #892, #116, #141 ) ;
#977 = ORIENTED_EDGE ( 'NONE', *, *, #770, .T. ) ;
#978 = CIRCLE ( 'NONE', #488, 2.500000000000003997 ) ;
#979 = CARTESIAN_POINT ( 'NONE',  ( -28.16987298107779480, 0.000000000000000000, 5.000000000000000888 ) ) ;
#980 = CARTESIAN_POINT ( 'NONE',  ( -50.66987298107779480, 20.00000000000000000, 5.000000000000000888 ) ) ;
#981 = EDGE_LOOP ( 'NONE', ( #1933, #2339, #2399, #912 ) ) ;
#982 = DIRECTION ( 'NONE',  ( -0.000000000000000000, 1.000000000000000000, -0.000000000000000000 ) ) ;
#983 = CARTESIAN_POINT ( 'NONE',  ( -15.33493649053890096, 20.00000000000000000, 6.250000000000000888 ) ) ;
#984 = EDGE_CURVE ( 'NONE', #582, #1031, #1799, .T. ) ;
#985 = CYLINDRICAL_SURFACE ( 'NONE', #1653, 2.500000000000003997 ) ;
#986 = ADVANCED_FACE ( 'NONE', ( #634 ), #1217, .T. ) ;
#987 = ORIENTED_EDGE ( 'NONE', *, *, #1827, .T. ) ;
#988 = DIRECTION ( 'NONE',  ( 0.000000000000000000, 1.000000000000000000, 0.000000000000000000 ) ) ;
#989 = CARTESIAN_POINT ( 'NONE',  ( -36.24999999999999289, 10.00000000000000000, 7.431759166101048919 ) ) ;
#990 = VERTEX_POINT ( 'NONE', #661 ) ;
#991 = CARTESIAN_POINT ( 'NONE',  ( -20.66987298107779480, 20.00000000000000000, 5.000000000000000888 ) ) ;
#992 = ORIENTED_EDGE ( 'NONE', *, *, #2013, .T. ) ;
#993 = DIRECTION ( 'NONE',  ( -0.000000000000000000, 1.000000000000000000, -0.000000000000000000 ) ) ;
#994 = CARTESIAN_POINT ( 'NONE',  ( -30.33493649053890096, 20.00000000000000000, 6.250000000000000888 ) ) ;
#995 = DIRECTION ( 'NONE',  ( 0.000000000000000000, 0.000000000000000000, 1.000000000000000000 ) ) ;
#996 = CIRCLE ( 'NONE', #1518, 2.500000000000003997 ) ;
#997 = ORIENTED_EDGE ( 'NONE', *, *, #379, .F. ) ;
#998 = EDGE_CURVE ( 'NONE', #854, #519, #1038, .T. ) ;
#999 = AXIS2_PLACEMENT_3D ( 'NONE', #1082, #1845, #115 ) ;
#1000 = CARTESIAN_POINT ( 'NONE',  ( 2.834936490538911169, 20.00000000000000000, 6.250000000000000888 ) ) ;
#1001 = FACE_OUTER_BOUND ( 'NONE', #1944, .T. ) ;
#1002 = ORIENTED_EDGE ( 'NONE', *, *, #1580, .T. ) ;
#1003 = DIRECTION ( 'NONE',  ( -0.000000000000000000, 1.000000000000000000, -0.000000000000000000 ) ) ;
#1004 = ORIENTED_EDGE ( 'NONE', *, *, #767, .T. ) ;
#1005 = CARTESIAN_POINT ( 'NONE',  ( -65.00000000000000000, 20.00000000000000000, -2.499999999999998668 ) ) ;
#1006 = VERTEX_POINT ( 'NONE', #1978 ) ;
#1007 = LINE ( 'NONE', #2126, #633 ) ;
#1008 = UNCERTAINTY_MEASURE_WITH_UNIT (LENGTH_MEASURE( 1.000000000000000082E-05 ), #171, 'distance_accuracy_value', 'NONE');
#1009 = ORIENTED_EDGE ( 'NONE', *, *, #2449, .F. ) ;
#1010 = AXIS2_PLACEMENT_3D ( 'NONE', #1005, #1170, #1534 ) ;
#1011 = CIRCLE ( 'NONE', #444, 2.500000000000003997 ) ;
#1012 = ADVANCED_FACE ( 'NONE', ( #1015 ), #1940, .F. ) ;
#1013 = VECTOR ( 'NONE', #1809, 1000.000000000000000 ) ;
#1014 = AXIS2_PLACEMENT_3D ( 'NONE', #728, #151, #355 ) ;
#1015 = FACE_OUTER_BOUND ( 'NONE', #568, .T. ) ;
#1016 = CYLINDRICAL_SURFACE ( 'NONE', #737, 2.499999999999996003 ) ;
#1017 = AXIS2_PLACEMENT_3D ( 'NONE', #1473, #1312, #529 ) ;
#1018 = VERTEX_POINT ( 'NONE', #1000 ) ;
#1019 = EDGE_CURVE ( 'NONE', #1469, #2119, #672, .T. ) ;
#1020 = ORIENTED_EDGE ( 'NONE', *, *, #1559, .F. ) ;
#1021 = CARTESIAN_POINT ( 'NONE',  ( 16.83012701892219809, 0.000000000000000000, 5.000000000000000888 ) ) ;
#1022 = ORIENTED_EDGE ( 'NONE', *, *, #2247, .T. ) ;
#1023 = DIRECTION ( 'NONE',  ( 0.000000000000000000, 1.000000000000000000, 0.000000000000000000 ) ) ;
#1024 = DIRECTION ( 'NONE',  ( -0.000000000000000000, 1.000000000000000000, -0.000000000000000000 ) ) ;
#1025 = CARTESIAN_POINT ( 'NONE',  ( 46.83012701892219809, 0.000000000000000000, 5.000000000000000888 ) ) ;
#1026 = ORIENTED_EDGE ( 'NONE', *, *, #893, .F. ) ;
#1027 = DIRECTION ( 'NONE',  ( 0.000000000000000000, 0.000000000000000000, 1.000000000000000000 ) ) ;
#1028 = LINE ( 'NONE', #61, #1734 ) ;
#1029 = EDGE_CURVE ( 'NONE', #1776, #632, #1991, .T. ) ;
#1030 = ORIENTED_EDGE ( 'NONE', *, *, #2129, .T. ) ;
#1031 = VERTEX_POINT ( 'NONE', #1819 ) ;
#1032 = DIRECTION ( 'NONE',  ( 0.000000000000000000, 0.000000000000000000, 1.000000000000000000 ) ) ;
#1033 = ORIENTED_EDGE ( 'NONE', *, *, #124, .F. ) ;
#1034 = FACE_OUTER_BOUND ( 'NONE', #1686, .T. ) ;
#1035 = EDGE_CURVE ( 'NONE', #170, #2325, #2380, .T. ) ;
#1036 = CARTESIAN_POINT ( 'NONE',  ( -36.24999999999999289, 20.00000000000000000, 7.431759166101048919 ) ) ;
#1037 = CARTESIAN_POINT ( 'NONE',  ( 65.00000000000000000, 20.00000000000000000, -4.299999999999992717 ) ) ;
#1038 = CIRCLE ( 'NONE', #70, 2.500000000000004885 ) ;
#1039 = ORIENTED_EDGE ( 'NONE', *, *, #1035, .F. ) ;
#1040 = VECTOR ( 'NONE', #1810, 1000.000000000000000 ) ;
#1041 = AXIS2_PLACEMENT_3D ( 'NONE', #1746, #1889, #1548 ) ;
#1042 = DIRECTION ( 'NONE',  ( -0.000000000000000000, -1.000000000000000000, 0.000000000000000000 ) ) ;
#1043 = DIRECTION ( 'NONE',  ( 0.000000000000000000, 0.000000000000000000, 1.000000000000000000 ) ) ;
#1044 = ORIENTED_EDGE ( 'NONE', *, *, #1808, .F. ) ;
#1045 = CIRCLE ( 'NONE', #589, 2.499999999999996003 ) ;
#1046 = DIRECTION ( 'NONE',  ( -0.000000000000000000, -1.000000000000000000, -0.000000000000000000 ) ) ;
#1047 = VERTEX_POINT ( 'NONE', #1201 ) ;
#1048 = DIRECTION ( 'NONE',  ( 0.000000000000000000, 0.000000000000000000, 1.000000000000000000 ) ) ;
#1049 = EDGE_CURVE ( 'NONE', #512, #591, #1045, .T. ) ;
#1050 = DIRECTION ( 'NONE',  ( -0.000000000000000000, -1.000000000000000000, -0.000000000000000000 ) ) ;
#1051 = DIRECTION ( 'NONE',  ( -0.000000000000000000, -1.000000000000000000, -0.000000000000000000 ) ) ;
#1052 = ORIENTED_EDGE ( 'NONE', *, *, #499, .T. ) ;
#1053 = CIRCLE ( 'NONE', #570, 2.500000000000004885 ) ;
#1054 = DIRECTION ( 'NONE',  ( -0.000000000000000000, 1.000000000000000000, -0.000000000000000000 ) ) ;
#1055 = DIRECTION ( 'NONE',  ( -0.000000000000000000, -1.000000000000000000, 0.000000000000000000 ) ) ;
#1056 = ORIENTED_EDGE ( 'NONE', *, *, #2456, .F. ) ;
#1057 = AXIS2_PLACEMENT_3D ( 'NONE', #1080, #1651, #2066 ) ;
#1058 = CYLINDRICAL_SURFACE ( 'NONE', #943, 2.499999999999996003 ) ;
#1059 = ADVANCED_FACE ( 'NONE', ( #236 ), #2347, .F. ) ;
#1060 = DIRECTION ( 'NONE',  ( -0.000000000000000000, 1.000000000000000000, -0.000000000000000000 ) ) ;
#1061 = CARTESIAN_POINT ( 'NONE',  ( 2.204364238465235083E-16, 20.00000000000000000, -4.299999999999998046 ) ) ;
#1062 = LINE ( 'NONE', #1781, #2065 ) ;
#1063 = ORIENTED_EDGE ( 'NONE', *, *, #1135, .T. ) ;
#1064 = EDGE_CURVE ( 'NONE', #591, #2007, #1164, .T. ) ;
#1065 = VERTEX_POINT ( 'NONE', #1862 ) ;
#1066 = EDGE_CURVE ( 'NONE', #2063, #1766, #293, .T. ) ;
#1067 = CARTESIAN_POINT ( 'NONE',  ( 68.16987298107778770, 0.000000000000000000, 5.000000000000002665 ) ) ;
#1068 = DIRECTION ( 'NONE',  ( 0.000000000000000000, 0.000000000000000000, 1.000000000000000000 ) ) ;
#1069 = ORIENTED_EDGE ( 'NONE', *, *, #1754, .F. ) ;
#1070 = LINE ( 'NONE', #1831, #794 ) ;
#1071 = DIRECTION ( 'NONE',  ( 0.000000000000000000, 0.000000000000000000, -1.000000000000000000 ) ) ;
#1072 = ORIENTED_EDGE ( 'NONE', *, *, #1327, .T. ) ;
#1073 = DIRECTION ( 'NONE',  ( 0.000000000000000000, -1.000000000000000000, 0.000000000000000000 ) ) ;
#1074 = CARTESIAN_POINT ( 'NONE',  ( -9.999999999999994671, 0.000000000000000000, 7.500000000000000888 ) ) ;
#1075 = VERTEX_POINT ( 'NONE', #137 ) ;
#1076 = EDGE_CURVE ( 'NONE', #872, #1065, #1871, .T. ) ;
#1077 = ORIENTED_EDGE ( 'NONE', *, *, #2182, .F. ) ;
#1078 = FACE_OUTER_BOUND ( 'NONE', #1188, .T. ) ;
#1079 = CIRCLE ( 'NONE', #1438, 2.500000000000003997 ) ;
#1080 = CARTESIAN_POINT ( 'NONE',  ( -39.99999999999999289, 0.000000000000000000, 7.500000000000000888 ) ) ;
#1081 = ORIENTED_EDGE ( 'NONE', *, *, #745, .T. ) ;
#1082 = CARTESIAN_POINT ( 'NONE',  ( -50.66987298107779480, 0.000000000000000000, 5.000000000000000888 ) ) ;
#1083 = CARTESIAN_POINT ( 'NONE',  ( -64.99999999999998579, 20.00000000000000000, -2.499999999999997780 ) ) ;
#1084 = AXIS2_PLACEMENT_3D ( 'NONE', #343, #1296, #1470 ) ;
#1085 = ORIENTED_EDGE ( 'NONE', *, *, #453, .F. ) ;
#1086 = LINE ( 'NONE', #1462, #2242 ) ;
#1087 = CARTESIAN_POINT ( 'NONE',  ( 1.830127018922211857, 0.000000000000000000, 5.000000000000000888 ) ) ;
#1088 = ORIENTED_EDGE ( 'NONE', *, *, #1360, .T. ) ;
#1089 = ORIENTED_EDGE ( 'NONE', *, *, #2326, .F. ) ;
#1090 = DIRECTION ( 'NONE',  ( 0.000000000000000000, 0.000000000000000000, 1.000000000000000000 ) ) ;
#1091 = DIRECTION ( 'NONE',  ( -0.000000000000000000, 1.000000000000000000, -0.000000000000000000 ) ) ;
#1092 = VERTEX_POINT ( 'NONE', #1852 ) ;
#1093 = ADVANCED_FACE ( 'NONE', ( #111 ), #2039, .F. ) ;
#1094 = DIRECTION ( 'NONE',  ( -0.000000000000000000, 1.000000000000000000, -0.000000000000000000 ) ) ;
#1095 = LINE ( 'NONE', #906, #1961 ) ;
#1096 = AXIS2_PLACEMENT_3D ( 'NONE', #2458, #2433, #1524 ) ;
#1097 = CIRCLE ( 'NONE', #2475, 1.799999999999993605 ) ;
#1098 = ORIENTED_EDGE ( 'NONE', *, *, #46, .T. ) ;
#1099 = ADVANCED_FACE ( 'NONE', ( #915 ), #902, .F. ) ;
#1100 = COLOUR_RGB ( '',0.7921568627450980005, 0.8196078431372548767, 0.9333333333333333481 ) ;
#1101 = AXIS2_PLACEMENT_3D ( 'NONE', #1863, #712, #317 ) ;
#1102 = FACE_OUTER_BOUND ( 'NONE', #2024, .T. ) ;
#1103 = DIRECTION ( 'NONE',  ( 0.000000000000000000, 0.000000000000000000, 1.000000000000000000 ) ) ;
#1104 = VERTEX_POINT ( 'NONE', #2426 ) ;
#1105 = ADVANCED_FACE ( 'NONE', ( #1078 ), #1841, .T. ) ;
#1106 = VERTEX_POINT ( 'NONE', #2412 ) ;
#1107 = DIRECTION ( 'NONE',  ( -0.000000000000000000, 1.000000000000000000, -0.000000000000000000 ) ) ;
#1108 = DIRECTION ( 'NONE',  ( 0.000000000000000000, 0.000000000000000000, 1.000000000000000000 ) ) ;
#1109 = EDGE_LOOP ( 'NONE', ( #1009, #1724, #965, #62 ) ) ;
#1110 = ADVANCED_FACE ( 'NONE', ( #888 ), #1267, .F. ) ;
#1111 = CARTESIAN_POINT ( 'NONE',  ( 46.83012701892219809, 0.000000000000000000, 5.000000000000000888 ) ) ;
#1112 = CARTESIAN_POINT ( 'NONE',  ( -37.83493649053890096, 0.000000000000000000, 6.250000000000000888 ) ) ;
#1113 = ADVANCED_FACE ( 'NONE', ( #727 ), #100, .F. ) ;
#1114 = CARTESIAN_POINT ( 'NONE',  ( -45.33493649053890096, 0.000000000000000000, 6.250000000000000888 ) ) ;
#1115 = CARTESIAN_POINT ( 'NONE',  ( -51.24999999999999289, 10.00000000000000000, 7.431759166101048919 ) ) ;
#1116 = EDGE_LOOP ( 'NONE', ( #1129, #1085, #1056, #148 ) ) ;
#1117 = EDGE_LOOP ( 'NONE', ( #465, #1033, #393, #1220 ) ) ;
#1118 = DIRECTION ( 'NONE',  ( -0.000000000000000000, -1.000000000000000000, 0.000000000000000000 ) ) ;
#1119 = FACE_OUTER_BOUND ( 'NONE', #1486, .T. ) ;
#1120 = VERTEX_POINT ( 'NONE', #1664 ) ;
#1121 = AXIS2_PLACEMENT_3D ( 'NONE', #1909, #370, #1148 ) ;
#1122 = CARTESIAN_POINT ( 'NONE',  ( 65.00000000000000000, 20.00000000000000000, -2.499999999999998668 ) ) ;
#1123 = CARTESIAN_POINT ( 'NONE',  ( 0.000000000000000000, 0.000000000000000000, -0.6999999999999992895 ) ) ;
#1124 = AXIS2_PLACEMENT_3D ( 'NONE', #1411, #1051, #833 ) ;
#1125 = FILL_AREA_STYLE_COLOUR ( '', #1100 ) ;
#1126 = CARTESIAN_POINT ( 'NONE',  ( -52.83493649053890096, 0.000000000000000000, 6.250000000000000888 ) ) ;
#1127 = EDGE_CURVE ( 'NONE', #194, #182, #1435, .T. ) ;
#1128 = ORIENTED_EDGE ( 'NONE', *, *, #2042, .F. ) ;
#1129 = ORIENTED_EDGE ( 'NONE', *, *, #2213, .T. ) ;
#1130 = CARTESIAN_POINT ( 'NONE',  ( -64.66506350946107773, 0.000000000000000000, 6.250000000000000888 ) ) ;
#1131 = CARTESIAN_POINT ( 'NONE',  ( 0.000000000000000000, 0.000000000000000000, 0.000000000000000000 ) ) ;
#1132 = ORIENTED_EDGE ( 'NONE', *, *, #95, .T. ) ;
#1133 = LINE ( 'NONE', #576, #719 ) ;
#1134 = CARTESIAN_POINT ( 'NONE',  ( 20.00000000000000355, 20.00000000000000000, 7.500000000000000888 ) ) ;
#1135 = EDGE_CURVE ( 'NONE', #930, #750, #1284, .T. ) ;
#1136 = DIRECTION ( 'NONE',  ( 0.000000000000000000, 0.000000000000000000, 1.000000000000000000 ) ) ;
#1137 = VECTOR ( 'NONE', #993, 1000.000000000000000 ) ;
#1138 = AXIS2_PLACEMENT_3D ( 'NONE', #1234, #655, #484 ) ;
#1139 = DIRECTION ( 'NONE',  ( -0.000000000000000000, -1.000000000000000000, -0.000000000000000000 ) ) ;
#1140 = CIRCLE ( 'NONE', #163, 1.799999999999993605 ) ;
#1141 = CIRCLE ( 'NONE', #2359, 5.000000000000000000 ) ;
#1142 = ORIENTED_EDGE ( 'NONE', *, *, #394, .F. ) ;
#1143 = ADVANCED_FACE ( 'NONE', ( #2053 ), #1650, .T. ) ;
#1144 = VECTOR ( 'NONE', #13, 1000.000000000000000 ) ;
#1145 = VERTEX_POINT ( 'NONE', #1637 ) ;
#1146 = EDGE_CURVE ( 'NONE', #2421, #1075, #927, .T. ) ;
#1147 = CARTESIAN_POINT ( 'NONE',  ( 70.00000000000001421, 0.000000000000000000, 7.500000000000000888 ) ) ;
#1148 = DIRECTION ( 'NONE',  ( 0.000000000000000000, 0.000000000000000000, 1.000000000000000000 ) ) ;
#1149 = CARTESIAN_POINT ( 'NONE',  ( -2.499999999999988454, 0.000000000000000000, 7.500000000000000888 ) ) ;
#1150 = DIRECTION ( 'NONE',  ( 0.000000000000000000, 1.000000000000000000, 0.000000000000000000 ) ) ;
#1151 = ORIENTED_EDGE ( 'NONE', *, *, #646, .F. ) ;
#1152 = CARTESIAN_POINT ( 'NONE',  ( -2.499999999999988454, 20.00000000000000000, 7.500000000000000888 ) ) ;
#1153 = CARTESIAN_POINT ( 'NONE',  ( -6.830127018922188320, 0.000000000000000000, 5.000000000000002665 ) ) ;
#1154 = VERTEX_POINT ( 'NONE', #1690 ) ;
#1155 = EDGE_CURVE ( 'NONE', #359, #1006, #1467, .T. ) ;
#1156 = CARTESIAN_POINT ( 'NONE',  ( -21.24999999999999289, 0.000000000000000000, 7.431759166101049807 ) ) ;
#1157 = DIRECTION ( 'NONE',  ( 0.000000000000000000, 0.000000000000000000, 1.000000000000000000 ) ) ;
#1158 = ORIENTED_EDGE ( 'NONE', *, *, #908, .F. ) ;
#1159 = CARTESIAN_POINT ( 'NONE',  ( -28.74999999999999289, 20.00000000000000000, 7.431759166101049807 ) ) ;
#1160 = CARTESIAN_POINT ( 'NONE',  ( 57.50000000000000711, 0.000000000000000000, 7.500000000000000888 ) ) ;
#1161 = AXIS2_PLACEMENT_3D ( 'NONE', #2139, #437, #1210 ) ;
#1162 = VECTOR ( 'NONE', #1094, 1000.000000000000000 ) ;
#1163 = LINE ( 'NONE', #2305, #606 ) ;
#1164 = CIRCLE ( 'NONE', #390, 2.500000000000003997 ) ;
#1165 = ORIENTED_EDGE ( 'NONE', *, *, #457, .T. ) ;
#1166 = DIRECTION ( 'NONE',  ( 0.000000000000000000, 0.000000000000000000, 1.000000000000000000 ) ) ;
#1167 = CARTESIAN_POINT ( 'NONE',  ( 12.49999999999999645, 20.00000000000000000, 7.500000000000000888 ) ) ;
#1168 = EDGE_CURVE ( 'NONE', #265, #528, #671, .T. ) ;
#1169 = CYLINDRICAL_SURFACE ( 'NONE', #290, 2.500000000000004885 ) ;
#1170 = DIRECTION ( 'NONE',  ( 0.000000000000000000, 1.000000000000000000, 0.000000000000000000 ) ) ;
#1171 = ADVANCED_FACE ( 'NONE', ( #2205 ), #2216, .F. ) ;
#1172 = AXIS2_PLACEMENT_3D ( 'NONE', #1602, #1023, #1832 ) ;
#1173 = CIRCLE ( 'NONE', #1496, 2.499999999999996003 ) ;
#1174 = DIRECTION ( 'NONE',  ( -0.000000000000000000, -1.000000000000000000, 0.000000000000000000 ) ) ;
#1175 = VECTOR ( 'NONE', #812, 1000.000000000000000 ) ;
#1176 = ORIENTED_EDGE ( 'NONE', *, *, #422, .F. ) ;
#1177 = AXIS2_PLACEMENT_3D ( 'NONE', #1368, #4, #373 ) ;
#1178 = CARTESIAN_POINT ( 'NONE',  ( 46.25000000000000711, 10.00000000000000000, 7.431759166101048919 ) ) ;
#1179 = CARTESIAN_POINT ( 'NONE',  ( -34.66506350946108483, 0.000000000000000000, 6.250000000000000888 ) ) ;
#1180 = EDGE_LOOP ( 'NONE', ( #710, #1379, #1280, #216 ) ) ;
#1181 = EDGE_CURVE ( 'NONE', #1587, #591, #1556, .T. ) ;
#1182 = DIRECTION ( 'NONE',  ( 0.000000000000000000, 0.000000000000000000, 1.000000000000000000 ) ) ;
#1183 = EDGE_LOOP ( 'NONE', ( #2245, #849, #1704, #518 ) ) ;
#1184 = LINE ( 'NONE', #190, #973 ) ;
#1185 = EDGE_CURVE ( 'NONE', #2133, #818, #922, .T. ) ;
#1186 = CARTESIAN_POINT ( 'NONE',  ( -51.83012701892219098, 0.000000000000000000, 5.000000000000002665 ) ) ;
#1187 = DIRECTION ( 'NONE',  ( 0.000000000000000000, 0.000000000000000000, 1.000000000000000000 ) ) ;
#1188 = EDGE_LOOP ( 'NONE', ( #2200, #1176, #91, #1973 ) ) ;
#1189 = DIRECTION ( 'NONE',  ( 0.000000000000000000, 0.000000000000000000, -1.000000000000000000 ) ) ;
#1190 = DIRECTION ( 'NONE',  ( 0.000000000000000000, 0.000000000000000000, -1.000000000000000000 ) ) ;
#1191 = VERTEX_POINT ( 'NONE', #2331 ) ;
#1192 = CARTESIAN_POINT ( 'NONE',  ( -59.33012701892219098, 0.000000000000000000, 5.000000000000002665 ) ) ;
#1193 = ORIENTED_EDGE ( 'NONE', *, *, #755, .F. ) ;
#1194 = DIRECTION ( 'NONE',  ( -0.000000000000000000, 1.000000000000000000, -0.000000000000000000 ) ) ;
#1195 = VERTEX_POINT ( 'NONE', #1767 ) ;
#1196 = VECTOR ( 'NONE', #44, 1000.000000000000000 ) ;
#1197 = CARTESIAN_POINT ( 'NONE',  ( 35.00000000000000000, 0.000000000000000000, 7.500000000000000888 ) ) ;
#1198 = EDGE_CURVE ( 'NONE', #818, #1154, #1007, .T. ) ;
#1199 = ORIENTED_EDGE ( 'NONE', *, *, #583, .T. ) ;
#1200 = CIRCLE ( 'NONE', #1523, 2.500000000000004885 ) ;
#1201 = CARTESIAN_POINT ( 'NONE',  ( 2.204364238465235083E-16, 0.000000000000000000, -4.299999999999998046 ) ) ;
#1202 = CARTESIAN_POINT ( 'NONE',  ( -30.33493649053890096, 0.000000000000000000, 6.250000000000000888 ) ) ;
#1203 = ORIENTED_EDGE ( 'NONE', *, *, #1640, .F. ) ;
#1204 = VERTEX_POINT ( 'NONE', #2462 ) ;
#1205 = DIRECTION ( 'NONE',  ( -0.000000000000000000, -1.000000000000000000, -0.000000000000000000 ) ) ;
#1206 = ORIENTED_EDGE ( 'NONE', *, *, #1198, .F. ) ;
#1207 = CARTESIAN_POINT ( 'NONE',  ( -66.24999999999998579, 0.000000000000000000, 7.431759166101050695 ) ) ;
#1208 = EDGE_CURVE ( 'NONE', #2274, #5, #513, .T. ) ;
#1209 = CARTESIAN_POINT ( 'NONE',  ( 10.33493649053890451, 0.000000000000000000, 6.250000000000000888 ) ) ;
#1210 = DIRECTION ( 'NONE',  ( 0.000000000000000000, 0.000000000000000000, 1.000000000000000000 ) ) ;
#1211 = ORIENTED_EDGE ( 'NONE', *, *, #1756, .F. ) ;
#1212 = AXIS2_PLACEMENT_3D ( 'NONE', #1806, #2352, #1071 ) ;
#1213 = AXIS2_PLACEMENT_3D ( 'NONE', #553, #1511, #130 ) ;
#1214 = AXIS2_PLACEMENT_3D ( 'NONE', #642, #258, #1410 ) ;
#1215 = AXIS2_PLACEMENT_3D ( 'NONE', #2180, #1055, #2191 ) ;
#1216 = ADVANCED_FACE ( 'NONE', ( #424 ), #1950, .T. ) ;
#1217 = CYLINDRICAL_SURFACE ( 'NONE', #222, 2.500000000000003997 ) ;
#1218 = DIRECTION ( 'NONE',  ( 0.000000000000000000, 0.000000000000000000, 1.000000000000000000 ) ) ;
#1219 = AXIS2_PLACEMENT_3D ( 'NONE', #189, #1728, #1382 ) ;
#1220 = ORIENTED_EDGE ( 'NONE', *, *, #1430, .T. ) ;
#1221 = ORIENTED_EDGE ( 'NONE', *, *, #2025, .T. ) ;
#1222 = CARTESIAN_POINT ( 'NONE',  ( -65.00000000000000000, 0.000000000000000000, -4.299999999999992717 ) ) ;
#1223 = ORIENTED_EDGE ( 'NONE', *, *, #1029, .F. ) ;
#1224 = LINE ( 'NONE', #270, #1295 ) ;
#1225 = CYLINDRICAL_SURFACE ( 'NONE', #533, 2.500000000000003997 ) ;
#1226 = CARTESIAN_POINT ( 'NONE',  ( -51.24999999999999289, 20.00000000000000000, 7.431759166101048919 ) ) ;
#1227 = ORIENTED_EDGE ( 'NONE', *, *, #422, .T. ) ;
#1228 = DIRECTION ( 'NONE',  ( -0.000000000000000000, -1.000000000000000000, 0.000000000000000000 ) ) ;
#1229 = DIRECTION ( 'NONE',  ( -0.000000000000000000, -1.000000000000000000, 0.000000000000000000 ) ) ;
#1230 = EDGE_LOOP ( 'NONE', ( #614, #890 ) ) ;
#1231 = EDGE_CURVE ( 'NONE', #874, #564, #2254, .T. ) ;
#1232 = DIRECTION ( 'NONE',  ( 0.000000000000000000, 0.000000000000000000, -1.000000000000000000 ) ) ;
#1233 = ORIENTED_EDGE ( 'NONE', *, *, #2409, .T. ) ;
#1234 = CARTESIAN_POINT ( 'NONE',  ( -64.99999999999998579, 20.00000000000000000, -2.499999999999997780 ) ) ;
#1235 = CARTESIAN_POINT ( 'NONE',  ( -68.33333333333332860, 0.000000000000000000, 5.636610018750178419 ) ) ;
#1236 = DIRECTION ( 'NONE',  ( 0.000000000000000000, 0.000000000000000000, 1.000000000000000000 ) ) ;
#1237 = VECTOR ( 'NONE', #852, 1000.000000000000000 ) ;
#1238 = EDGE_LOOP ( 'NONE', ( #2003, #997, #2315, #1405 ) ) ;
#1239 = AXIS2_PLACEMENT_3D ( 'NONE', #2212, #2022, #311 ) ;
#1240 = ORIENTED_EDGE ( 'NONE', *, *, #1672, .F. ) ;
#1241 = CIRCLE ( 'NONE', #1840, 2.500000000000004885 ) ;
#1242 = DIRECTION ( 'NONE',  ( 0.000000000000000000, 0.000000000000000000, 1.000000000000000000 ) ) ;
#1243 = DIRECTION ( 'NONE',  ( 0.000000000000000000, 0.000000000000000000, 1.000000000000000000 ) ) ;
#1244 = ORIENTED_EDGE ( 'NONE', *, *, #1293, .F. ) ;
#1245 = ADVANCED_FACE ( 'NONE', ( #549 ), #232, .F. ) ;
#1246 = LINE ( 'NONE', #2008, #966 ) ;
#1247 = CARTESIAN_POINT ( 'NONE',  ( 65.00000000000000000, 0.000000000000000000, -2.499999999999998668 ) ) ;
#1248 = EDGE_CURVE ( 'NONE', #632, #398, #996, .T. ) ;
#1249 = DIRECTION ( 'NONE',  ( 0.000000000000000000, 0.000000000000000000, 1.000000000000000000 ) ) ;
#1250 = DIRECTION ( 'NONE',  ( 0.000000000000000000, 1.000000000000000000, 0.000000000000000000 ) ) ;
#1251 = VERTEX_POINT ( 'NONE', #1753 ) ;
#1252 = AXIS2_PLACEMENT_3D ( 'NONE', #2329, #587, #801 ) ;
#1253 = AXIS2_PLACEMENT_3D ( 'NONE', #1642, #1422, #2175 ) ;
#1254 = DIRECTION ( 'NONE',  ( -0.000000000000000000, 1.000000000000000000, -0.000000000000000000 ) ) ;
#1255 = CYLINDRICAL_SURFACE ( 'NONE', #203, 2.500000000000003997 ) ;
#1256 = ORIENTED_EDGE ( 'NONE', *, *, #1367, .F. ) ;
#1257 = CIRCLE ( 'NONE', #775, 2.500000000000003997 ) ;
#1258 = CIRCLE ( 'NONE', #1215, 2.500000000000003997 ) ;
#1259 = DIRECTION ( 'NONE',  ( 0.000000000000000000, 0.000000000000000000, 1.000000000000000000 ) ) ;
#1260 = CIRCLE ( 'NONE', #1699, 2.500000000000004885 ) ;
#1261 = CARTESIAN_POINT ( 'NONE',  ( 53.75000000000001421, 10.00000000000000000, 7.431759166101048919 ) ) ;
#1262 = CARTESIAN_POINT ( 'NONE',  ( 0.000000000000000000, 20.00000000000000000, -0.6999999999999992895 ) ) ;
#1263 = DIRECTION ( 'NONE',  ( -0.000000000000000000, -1.000000000000000000, 0.000000000000000000 ) ) ;
#1264 = EDGE_CURVE ( 'NONE', #94, #318, #1795, .T. ) ;
#1265 = VERTEX_POINT ( 'NONE', #2064 ) ;
#1266 = ORIENTED_EDGE ( 'NONE', *, *, #439, .T. ) ;
#1267 = CYLINDRICAL_SURFACE ( 'NONE', #348, 2.499999999999996003 ) ;
#1268 = DIRECTION ( 'NONE',  ( -0.000000000000000000, 1.000000000000000000, -0.000000000000000000 ) ) ;
#1269 = VERTEX_POINT ( 'NONE', #955 ) ;
#1270 = DIRECTION ( 'NONE',  ( 0.000000000000000000, 0.000000000000000000, 1.000000000000000000 ) ) ;
#1271 = LINE ( 'NONE', #1668, #1921 ) ;
#1272 = SURFACE_SIDE_STYLE ('',( #732 ) ) ;
#1273 = DIRECTION ( 'NONE',  ( -0.000000000000000000, -1.000000000000000000, -0.000000000000000000 ) ) ;
#1274 = VERTEX_POINT ( 'NONE', #354 ) ;
#1275 = ADVANCED_FACE ( 'NONE', ( #630 ), #1887, .F. ) ;
#1276 = VERTEX_POINT ( 'NONE', #29 ) ;
#1277 = ADVANCED_FACE ( 'NONE', ( #1399 ), #2451, .T. ) ;
#1278 = DIRECTION ( 'NONE',  ( -0.000000000000000000, 1.000000000000000000, -0.000000000000000000 ) ) ;
#1279 = DIRECTION ( 'NONE',  ( 0.000000000000000000, 0.000000000000000000, 1.000000000000000000 ) ) ;
#1280 = ORIENTED_EDGE ( 'NONE', *, *, #2048, .F. ) ;
#1281 = AXIS2_PLACEMENT_3D ( 'NONE', #730, #526, #1667 ) ;
#1282 = LINE ( 'NONE', #320, #2342 ) ;
#1283 = CARTESIAN_POINT ( 'NONE',  ( 61.25000000000002132, 10.00000000000000000, 7.431759166101048919 ) ) ;
#1284 = CIRCLE ( 'NONE', #2425, 2.500000000000003997 ) ;
#1285 = ORIENTED_EDGE ( 'NONE', *, *, #658, .T. ) ;
#1286 = CARTESIAN_POINT ( 'NONE',  ( -54.99999999999999289, 0.000000000000000000, 7.500000000000000888 ) ) ;
#1287 = CARTESIAN_POINT ( 'NONE',  ( -43.16987298107779480, 0.000000000000000000, 5.000000000000000888 ) ) ;
#1288 = VERTEX_POINT ( 'NONE', #175 ) ;
#1289 = ORIENTED_EDGE ( 'NONE', *, *, #474, .F. ) ;
#1290 = DIRECTION ( 'NONE',  ( -0.000000000000000000, 1.000000000000000000, -0.000000000000000000 ) ) ;
#1291 = CYLINDRICAL_SURFACE ( 'NONE', #941, 2.500000000000003997 ) ;
#1292 = EDGE_LOOP ( 'NONE', ( #1639, #2411, #1740, #756 ) ) ;
#1293 = EDGE_CURVE ( 'NONE', #626, #413, #2150, .T. ) ;
#1294 = CIRCLE ( 'NONE', #120, 1.799999999999993605 ) ;
#1295 = VECTOR ( 'NONE', #1618, 1000.000000000000000 ) ;
#1296 = DIRECTION ( 'NONE',  ( -0.000000000000000000, -1.000000000000000000, 0.000000000000000000 ) ) ;
#1297 = DIRECTION ( 'NONE',  ( 0.000000000000000000, 0.000000000000000000, -1.000000000000000000 ) ) ;
#1298 = CIRCLE ( 'NONE', #1415, 2.500000000000004885 ) ;
#1299 = VECTOR ( 'NONE', #178, 1000.000000000000000 ) ;
#1300 =( GEOMETRIC_REPRESENTATION_CONTEXT ( 3 ) GLOBAL_UNCERTAINTY_ASSIGNED_CONTEXT ( ( #1008 ) ) GLOBAL_UNIT_ASSIGNED_CONTEXT ( ( #171, #936, #555 ) ) REPRESENTATION_CONTEXT ( 'NONE', 'WORKASPACE' ) );
#1301 = AXIS2_PLACEMENT_3D ( 'NONE', #90, #1627, #1218 ) ;
#1302 = FACE_OUTER_BOUND ( 'NONE', #1318, .T. ) ;
#1303 = CARTESIAN_POINT ( 'NONE',  ( -64.66506350946107773, 0.000000000000000000, 6.250000000000000888 ) ) ;
#1304 = ORIENTED_EDGE ( 'NONE', *, *, #2436, .T. ) ;
#1305 = EDGE_LOOP ( 'NONE', ( #612, #301, #2135, #2168 ) ) ;
#1306 = DIRECTION ( 'NONE',  ( 0.000000000000000000, 0.000000000000000000, -1.000000000000000000 ) ) ;
#1307 = CARTESIAN_POINT ( 'NONE',  ( -32.49999999999999289, 20.00000000000000000, 7.500000000000000888 ) ) ;
#1308 = ORIENTED_EDGE ( 'NONE', *, *, #1605, .F. ) ;
#1309 = CARTESIAN_POINT ( 'NONE',  ( -49.66506350946108483, 0.000000000000000000, 6.250000000000000888 ) ) ;
#1310 = CARTESIAN_POINT ( 'NONE',  ( -66.24999999999998579, 20.00000000000000000, 7.431759166101049807 ) ) ;
#1311 = EDGE_CURVE ( 'NONE', #2063, #1776, #2223, .T. ) ;
#1312 = DIRECTION ( 'NONE',  ( -0.000000000000000000, 1.000000000000000000, -0.000000000000000000 ) ) ;
#1313 = DIRECTION ( 'NONE',  ( -0.000000000000000000, 1.000000000000000000, -0.000000000000000000 ) ) ;
#1314 = ORIENTED_EDGE ( 'NONE', *, *, #1064, .T. ) ;
#1315 = VERTEX_POINT ( 'NONE', #368 ) ;
#1316 = DIRECTION ( 'NONE',  ( -0.000000000000000000, -1.000000000000000000, -0.000000000000000000 ) ) ;
#1317 = CARTESIAN_POINT ( 'NONE',  ( 65.00000000000000000, 0.000000000000000000, -2.499999999999998668 ) ) ;
#1318 = EDGE_LOOP ( 'NONE', ( #1227, #1929, #1955, #204 ) ) ;
#1319 = CIRCLE ( 'NONE', #593, 2.500000000000004885 ) ;
#1320 = CARTESIAN_POINT ( 'NONE',  ( -42.16506350946108483, 0.000000000000000000, 6.250000000000000888 ) ) ;
#1321 = CARTESIAN_POINT ( 'NONE',  ( -43.74999999999999289, 20.00000000000000000, 7.431759166101048919 ) ) ;
#1322 = AXIS2_PLACEMENT_3D ( 'NONE', #72, #1250, #871 ) ;
#1323 = ADVANCED_FACE ( 'NONE', ( #1898 ), #2320, .F. ) ;
#1324 = DIRECTION ( 'NONE',  ( -0.000000000000000000, -1.000000000000000000, -0.000000000000000000 ) ) ;
#1325 = AXIS2_PLACEMENT_3D ( 'NONE', #1899, #1560, #177 ) ;
#1326 = DIRECTION ( 'NONE',  ( 0.000000000000000000, 0.000000000000000000, 1.000000000000000000 ) ) ;
#1327 = EDGE_CURVE ( 'NONE', #1191, #359, #2336, .T. ) ;
#1328 = ORIENTED_EDGE ( 'NONE', *, *, #2013, .F. ) ;
#1329 = ADVANCED_FACE ( 'NONE', ( #1998 ), #885, .T. ) ;
#1330 = ORIENTED_EDGE ( 'NONE', *, *, #843, .T. ) ;
#1331 = DIRECTION ( 'NONE',  ( 0.000000000000000000, 0.000000000000000000, 1.000000000000000000 ) ) ;
#1332 = CYLINDRICAL_SURFACE ( 'NONE', #1325, 2.500000000000004885 ) ;
#1333 = CARTESIAN_POINT ( 'NONE',  ( -30.33493649053890096, 0.000000000000000000, 6.250000000000000888 ) ) ;
#1334 = VERTEX_POINT ( 'NONE', #2383 ) ;
#1335 = CARTESIAN_POINT ( 'NONE',  ( 52.16506350946109904, 20.00000000000000000, 6.250000000000000888 ) ) ;
#1336 = VECTOR ( 'NONE', #585, 1000.000000000000000 ) ;
#1337 = DIRECTION ( 'NONE',  ( -0.000000000000000000, -1.000000000000000000, 0.000000000000000000 ) ) ;
#1338 = MECHANICAL_DESIGN_GEOMETRIC_PRESENTATION_REPRESENTATION (  '', ( #2 ), #1300 ) ;
#1339 = CIRCLE ( 'NONE', #1457, 2.500000000000004885 ) ;
#1340 = CARTESIAN_POINT ( 'NONE',  ( 65.00000000000001421, 20.00000000000000000, -2.499999999999998668 ) ) ;
#1341 = VECTOR ( 'NONE', #2470, 1000.000000000000000 ) ;
#1342 = EDGE_CURVE ( 'NONE', #34, #1392, #427, .T. ) ;
#1343 = VERTEX_POINT ( 'NONE', #300 ) ;
#1344 = DIRECTION ( 'NONE',  ( 0.000000000000000000, 0.000000000000000000, 1.000000000000000000 ) ) ;
#1345 = LINE ( 'NONE', #201, #2312 ) ;
#1346 = ORIENTED_EDGE ( 'NONE', *, *, #1342, .T. ) ;
#1347 = CARTESIAN_POINT ( 'NONE',  ( -69.99999999999998579, 0.000000000000000000, 7.500000000000000888 ) ) ;
#1348 = CARTESIAN_POINT ( 'NONE',  ( -6.249999999999990230, 10.00000000000000000, 7.431759166101050695 ) ) ;
#1349 = LINE ( 'NONE', #71, #2167 ) ;
#1350 = EDGE_CURVE ( 'NONE', #2402, #413, #63, .T. ) ;
#1351 = ORIENTED_EDGE ( 'NONE', *, *, #233, .T. ) ;
#1352 = EDGE_CURVE ( 'NONE', #2405, #611, #2370, .T. ) ;
#1353 = DIRECTION ( 'NONE',  ( -0.000000000000000000, 1.000000000000000000, -0.000000000000000000 ) ) ;
#1354 = DIRECTION ( 'NONE',  ( -0.000000000000000000, 1.000000000000000000, -0.000000000000000000 ) ) ;
#1355 = CARTESIAN_POINT ( 'NONE',  ( 39.33012701892220520, 0.000000000000000000, 5.000000000000000888 ) ) ;
#1356 = DIRECTION ( 'NONE',  ( -0.000000000000000000, 1.000000000000000000, -0.000000000000000000 ) ) ;
#1357 = AXIS2_PLACEMENT_3D ( 'NONE', #821, #1937, #1187 ) ;
#1358 = AXIS2_PLACEMENT_3D ( 'NONE', #140, #919, #332 ) ;
#1359 = CARTESIAN_POINT ( 'NONE',  ( 1.830127018922211857, 0.000000000000000000, 5.000000000000000888 ) ) ;
#1360 = EDGE_CURVE ( 'NONE', #942, #1469, #491, .T. ) ;
#1361 = CIRCLE ( 'NONE', #1443, 2.500000000000004885 ) ;
#1362 = ORIENTED_EDGE ( 'NONE', *, *, #2009, .T. ) ;
#1363 = ADVANCED_FACE ( 'NONE', ( #1449 ), #2344, .T. ) ;
#1364 = CARTESIAN_POINT ( 'NONE',  ( 65.00000000000001421, 20.00000000000000000, -7.499999999999999112 ) ) ;
#1365 = CARTESIAN_POINT ( 'NONE',  ( 7.165063509461097269, 0.000000000000000000, 6.250000000000000888 ) ) ;
#1366 = ORIENTED_EDGE ( 'NONE', *, *, #792, .T. ) ;
#1367 = EDGE_CURVE ( 'NONE', #2052, #1633, #1079, .T. ) ;
#1368 = CARTESIAN_POINT ( 'NONE',  ( 16.83012701892219809, 20.00000000000000000, 5.000000000000000888 ) ) ;
#1369 = CARTESIAN_POINT ( 'NONE',  ( -43.74999999999999289, 0.000000000000000000, 7.431759166101048919 ) ) ;
#1370 = VECTOR ( 'NONE', #1354, 1000.000000000000000 ) ;
#1371 = DIRECTION ( 'NONE',  ( -0.000000000000000000, 1.000000000000000000, -0.000000000000000000 ) ) ;
#1372 = CARTESIAN_POINT ( 'NONE',  ( 65.00000000000001421, 20.00000000000000000, -2.499999999999998668 ) ) ;
#1373 = AXIS2_PLACEMENT_3D ( 'NONE', #83, #436, #861 ) ;
#1374 = CIRCLE ( 'NONE', #776, 2.499999999999996003 ) ;
#1375 = ORIENTED_EDGE ( 'NONE', *, *, #99, .T. ) ;
#1376 = AXIS2_PLACEMENT_3D ( 'NONE', #1684, #2432, #545 ) ;
#1377 = DIRECTION ( 'NONE',  ( -0.000000000000000000, -1.000000000000000000, -0.000000000000000000 ) ) ;
#1378 = CARTESIAN_POINT ( 'NONE',  ( -69.99999999999998579, 0.000000000000000000, -2.499999999999997780 ) ) ;
#1379 = ORIENTED_EDGE ( 'NONE', *, *, #2311, .F. ) ;
#1380 = EDGE_LOOP ( 'NONE', ( #682, #2262 ) ) ;
#1381 = EDGE_CURVE ( 'NONE', #1288, #1861, #223, .T. ) ;
#1382 = DIRECTION ( 'NONE',  ( 0.000000000000000000, 0.000000000000000000, 1.000000000000000000 ) ) ;
#1383 = ORIENTED_EDGE ( 'NONE', *, *, #1547, .T. ) ;
#1384 = DIRECTION ( 'NONE',  ( -0.000000000000000000, 1.000000000000000000, -0.000000000000000000 ) ) ;
#1385 = CARTESIAN_POINT ( 'NONE',  ( 32.83493649053890806, 0.000000000000000000, 6.250000000000000888 ) ) ;
#1386 = CARTESIAN_POINT ( 'NONE',  ( 52.16506350946109904, 0.000000000000000000, 6.250000000000000888 ) ) ;
#1387 = ORIENTED_EDGE ( 'NONE', *, *, #69, .F. ) ;
#1388 = DIRECTION ( 'NONE',  ( -0.000000000000000000, 1.000000000000000000, -0.000000000000000000 ) ) ;
#1389 = CARTESIAN_POINT ( 'NONE',  ( 60.66987298107781612, 20.00000000000000000, 5.000000000000002665 ) ) ;
#1390 = VERTEX_POINT ( 'NONE', #2166 ) ;
#1391 = EDGE_CURVE ( 'NONE', #1390, #51, #2420, .T. ) ;
#1392 = VERTEX_POINT ( 'NONE', #289 ) ;
#1393 = DIRECTION ( 'NONE',  ( 0.000000000000000000, 1.000000000000000000, 0.000000000000000000 ) ) ;
#1394 = ORIENTED_EDGE ( 'NONE', *, *, #2115, .F. ) ;
#1395 = CARTESIAN_POINT ( 'NONE',  ( 23.16987298107780902, 0.000000000000000000, 5.000000000000002665 ) ) ;
#1396 = EDGE_CURVE ( 'NONE', #750, #825, #2460, .T. ) ;
#1397 = CARTESIAN_POINT ( 'NONE',  ( 8.750000000000001776, 10.00000000000000000, 7.431759166101048919 ) ) ;
#1398 = AXIS2_PLACEMENT_3D ( 'NONE', #1074, #502, #1434 ) ;
#1399 = FACE_OUTER_BOUND ( 'NONE', #249, .T. ) ;
#1400 = EDGE_CURVE ( 'NONE', #1946, #2421, #350, .T. ) ;
#1401 = ORIENTED_EDGE ( 'NONE', *, *, #2297, .F. ) ;
#1402 = CIRCLE ( 'NONE', #1483, 2.499999999999996003 ) ;
#1403 = DIRECTION ( 'NONE',  ( 0.000000000000000000, 0.000000000000000000, 1.000000000000000000 ) ) ;
#1404 = CARTESIAN_POINT ( 'NONE',  ( 67.16506350946110615, 0.000000000000000000, 6.250000000000000888 ) ) ;
#1405 = ORIENTED_EDGE ( 'NONE', *, *, #205, .T. ) ;
#1406 = ORIENTED_EDGE ( 'NONE', *, *, #1181, .T. ) ;
#1407 = CARTESIAN_POINT ( 'NONE',  ( 31.83012701892221230, 20.00000000000000000, 5.000000000000000888 ) ) ;
#1408 = VERTEX_POINT ( 'NONE', #1835 ) ;
#1409 = CARTESIAN_POINT ( 'NONE',  ( -69.99999999999998579, 20.00000000000000000, -2.499999999999997780 ) ) ;
#1410 = DIRECTION ( 'NONE',  ( 0.000000000000000000, 0.000000000000000000, 1.000000000000000000 ) ) ;
#1411 = CARTESIAN_POINT ( 'NONE',  ( 31.83012701892221230, 0.000000000000000000, 5.000000000000000888 ) ) ;
#1412 = ORIENTED_EDGE ( 'NONE', *, *, #95, .F. ) ;
#1413 = ADVANCED_FACE ( 'NONE', ( #1463 ), #1976, .T. ) ;
#1414 = VECTOR ( 'NONE', #1549, 1000.000000000000000 ) ;
#1415 = AXIS2_PLACEMENT_3D ( 'NONE', #1359, #397, #2095 ) ;
#1416 = AXIS2_PLACEMENT_3D ( 'NONE', #1441, #75, #429 ) ;
#1417 = DIRECTION ( 'NONE',  ( -0.000000000000000000, 1.000000000000000000, -0.000000000000000000 ) ) ;
#1418 = CARTESIAN_POINT ( 'NONE',  ( -51.83012701892219098, 0.000000000000000000, 5.000000000000002665 ) ) ;
#1419 = ORIENTED_EDGE ( 'NONE', *, *, #610, .F. ) ;
#1420 = DIRECTION ( 'NONE',  ( -0.000000000000000000, 1.000000000000000000, -0.000000000000000000 ) ) ;
#1421 = ORIENTED_EDGE ( 'NONE', *, *, #847, .T. ) ;
#1422 = DIRECTION ( 'NONE',  ( 0.000000000000000000, 1.000000000000000000, 0.000000000000000000 ) ) ;
#1423 = CYLINDRICAL_SURFACE ( 'NONE', #1214, 2.500000000000003997 ) ;
#1424 = DIRECTION ( 'NONE',  ( -0.000000000000000000, 1.000000000000000000, -0.000000000000000000 ) ) ;
#1425 = VERTEX_POINT ( 'NONE', #1226 ) ;
#1426 = ADVANCED_FACE ( 'NONE', ( #259 ), #697, .T. ) ;
#1427 = CARTESIAN_POINT ( 'NONE',  ( -32.49999999999999289, 0.000000000000000000, 7.500000000000000888 ) ) ;
#1428 = CARTESIAN_POINT ( 'NONE',  ( -35.66987298107779480, 0.000000000000000000, 5.000000000000000888 ) ) ;
#1429 = ORIENTED_EDGE ( 'NONE', *, *, #1640, .T. ) ;
#1430 = EDGE_CURVE ( 'NONE', #2376, #479, #1062, .T. ) ;
#1431 = DIRECTION ( 'NONE',  ( 0.000000000000000000, 0.000000000000000000, -1.000000000000000000 ) ) ;
#1432 = DIRECTION ( 'NONE',  ( 0.000000000000000000, 1.000000000000000000, 0.000000000000000000 ) ) ;
#1433 = DIRECTION ( 'NONE',  ( -0.000000000000000000, 1.000000000000000000, -0.000000000000000000 ) ) ;
#1434 = DIRECTION ( 'NONE',  ( 0.000000000000000000, 0.000000000000000000, 1.000000000000000000 ) ) ;
#1435 = CIRCLE ( 'NONE', #1748, 1.799999999999999600 ) ;
#1436 = VERTEX_POINT ( 'NONE', #1037 ) ;
#1437 = EDGE_CURVE ( 'NONE', #359, #265, #146, .T. ) ;
#1438 = AXIS2_PLACEMENT_3D ( 'NONE', #2198, #2394, #84 ) ;
#1439 = VECTOR ( 'NONE', #2444, 1000.000000000000000 ) ;
#1440 = DIRECTION ( 'NONE',  ( 0.000000000000000000, 1.000000000000000000, 0.000000000000000000 ) ) ;
#1441 = CARTESIAN_POINT ( 'NONE',  ( 65.00000000000001421, 20.00000000000000000, 7.500000000000000888 ) ) ;
#1442 = ORIENTED_EDGE ( 'NONE', *, *, #159, .T. ) ;
#1443 = AXIS2_PLACEMENT_3D ( 'NONE', #979, #391, #1166 ) ;
#1444 = CARTESIAN_POINT ( 'NONE',  ( 52.16506350946109904, 0.000000000000000000, 6.250000000000000888 ) ) ;
#1445 = CARTESIAN_POINT ( 'NONE',  ( -58.74999999999999289, 10.00000000000000000, 7.431759166101048919 ) ) ;
#1446 = EDGE_CURVE ( 'NONE', #87, #1692, #558, .T. ) ;
#1447 = ORIENTED_EDGE ( 'NONE', *, *, #2456, .T. ) ;
#1448 = DIRECTION ( 'NONE',  ( 0.000000000000000000, 0.000000000000000000, -1.000000000000000000 ) ) ;
#1449 = FACE_OUTER_BOUND ( 'NONE', #2360, .T. ) ;
#1450 = ORIENTED_EDGE ( 'NONE', *, *, #1391, .F. ) ;
#1451 = ORIENTED_EDGE ( 'NONE', *, *, #2294, .F. ) ;
#1452 = CIRCLE ( 'NONE', #364, 2.499999999999996003 ) ;
#1453 = AXIS2_PLACEMENT_3D ( 'NONE', #1471, #950, #1880 ) ;
#1454 = DIRECTION ( 'NONE',  ( -0.000000000000000000, 1.000000000000000000, -0.000000000000000000 ) ) ;
#1455 = CYLINDRICAL_SURFACE ( 'NONE', #2202, 2.499999999999996003 ) ;
#1456 = VERTEX_POINT ( 'NONE', #1126 ) ;
#1457 = AXIS2_PLACEMENT_3D ( 'NONE', #1428, #622, #1243 ) ;
#1458 = CYLINDRICAL_SURFACE ( 'NONE', #999, 2.500000000000004885 ) ;
#1459 = AXIS2_PLACEMENT_3D ( 'NONE', #2118, #408, #1182 ) ;
#1460 = DIRECTION ( 'NONE',  ( 0.000000000000000000, 0.000000000000000000, 1.000000000000000000 ) ) ;
#1461 = ADVANCED_FACE ( 'NONE', ( #119 ), #1894, .T. ) ;
#1462 = CARTESIAN_POINT ( 'NONE',  ( 31.25000000000001421, 10.00000000000000000, 7.431759166101047143 ) ) ;
#1463 = FACE_OUTER_BOUND ( 'NONE', #430, .T. ) ;
#1464 = EDGE_CURVE ( 'NONE', #2174, #1425, #2272, .T. ) ;
#1465 = ORIENTED_EDGE ( 'NONE', *, *, #1146, .F. ) ;
#1466 = ORIENTED_EDGE ( 'NONE', *, *, #1198, .T. ) ;
#1467 = LINE ( 'NONE', #931, #1715 ) ;
#1468 = DIRECTION ( 'NONE',  ( -0.000000000000000000, -1.000000000000000000, -0.000000000000000000 ) ) ;
#1469 = VERTEX_POINT ( 'NONE', #532 ) ;
#1470 = DIRECTION ( 'NONE',  ( 0.000000000000000000, 0.000000000000000000, -1.000000000000000000 ) ) ;
#1471 = CARTESIAN_POINT ( 'NONE',  ( 54.33012701892220520, 0.000000000000000000, 5.000000000000000888 ) ) ;
#1472 = ORIENTED_EDGE ( 'NONE', *, *, #2449, .T. ) ;
#1473 = CARTESIAN_POINT ( 'NONE',  ( -64.99999999999998579, 0.000000000000000000, 1.909830056250535035 ) ) ;
#1474 = FACE_OUTER_BOUND ( 'NONE', #793, .T. ) ;
#1475 = EDGE_CURVE ( 'NONE', #1849, #2146, #925, .T. ) ;
#1476 = VERTEX_POINT ( 'NONE', #1514 ) ;
#1477 = EDGE_CURVE ( 'NONE', #125, #2132, #2263, .T. ) ;
#1478 = ORIENTED_EDGE ( 'NONE', *, *, #1019, .F. ) ;
#1479 = CARTESIAN_POINT ( 'NONE',  ( -20.66987298107779480, 0.000000000000000000, 5.000000000000000888 ) ) ;
#1480 = AXIS2_PLACEMENT_3D ( 'NONE', #451, #862, #1622 ) ;
#1481 = CARTESIAN_POINT ( 'NONE',  ( 37.16506350946109904, 20.00000000000000000, 6.250000000000000888 ) ) ;
#1482 = EDGE_LOOP ( 'NONE', ( #2448, #2116, #572, #684 ) ) ;
#1483 = AXIS2_PLACEMENT_3D ( 'NONE', #1588, #1777, #53 ) ;
#1484 = LINE ( 'NONE', #1510, #1594 ) ;
#1485 = DIRECTION ( 'NONE',  ( -0.000000000000000000, 1.000000000000000000, -0.000000000000000000 ) ) ;
#1486 = EDGE_LOOP ( 'NONE', ( #1491, #713, #1063, #260 ) ) ;
#1487 = DIRECTION ( 'NONE',  ( -0.000000000000000000, -1.000000000000000000, -0.000000000000000000 ) ) ;
#1488 = CARTESIAN_POINT ( 'NONE',  ( 47.83493649053890806, 0.000000000000000000, 6.250000000000000888 ) ) ;
#1489 = EDGE_LOOP ( 'NONE', ( #1646, #135, #2389, #2215 ) ) ;
#1490 = EDGE_CURVE ( 'NONE', #180, #626, #802, .T. ) ;
#1491 = ORIENTED_EDGE ( 'NONE', *, *, #1574, .F. ) ;
#1492 = DIRECTION ( 'NONE',  ( 1.000000000000000000, -0.000000000000000000, 0.000000000000000000 ) ) ;
#1493 = DIRECTION ( 'NONE',  ( 0.000000000000000000, 0.000000000000000000, -1.000000000000000000 ) ) ;
#1494 = VERTEX_POINT ( 'NONE', #347 ) ;
#1495 = AXIS2_PLACEMENT_3D ( 'NONE', #1395, #1763, #819 ) ;
#1496 = AXIS2_PLACEMENT_3D ( 'NONE', #1167, #1747, #1931 ) ;
#1497 = CYLINDRICAL_SURFACE ( 'NONE', #1358, 2.499999999999996003 ) ;
#1498 = LINE ( 'NONE', #543, #2164 ) ;
#1499 = CIRCLE ( 'NONE', #855, 5.000000000000000000 ) ;
#1500 = CIRCLE ( 'NONE', #534, 5.000000000000000000 ) ;
#1501 = AXIS2_PLACEMENT_3D ( 'NONE', #991, #215, #419 ) ;
#1502 = SURFACE_STYLE_USAGE ( .BOTH. , #1272 ) ;
#1503 = DIRECTION ( 'NONE',  ( -0.000000000000000000, 1.000000000000000000, -0.000000000000000000 ) ) ;
#1504 = ORIENTED_EDGE ( 'NONE', *, *, #1396, .T. ) ;
#1505 = ORIENTED_EDGE ( 'NONE', *, *, #805, .T. ) ;
#1506 = CARTESIAN_POINT ( 'NONE',  ( 15.66987298107780369, 20.00000000000000000, 5.000000000000002665 ) ) ;
#1507 = CARTESIAN_POINT ( 'NONE',  ( 53.75000000000001421, 20.00000000000000000, 7.431759166101048919 ) ) ;
#1508 = ORIENTED_EDGE ( 'NONE', *, *, #1625, .T. ) ;
#1509 = EDGE_CURVE ( 'NONE', #2428, #47, #2112, .T. ) ;
#1510 = CARTESIAN_POINT ( 'NONE',  ( -60.33493649053890096, 0.000000000000000000, 6.250000000000000888 ) ) ;
#1511 = DIRECTION ( 'NONE',  ( 0.000000000000000000, 1.000000000000000000, 0.000000000000000000 ) ) ;
#1512 = EDGE_CURVE ( 'NONE', #1692, #1916, #2033, .T. ) ;
#1513 = CARTESIAN_POINT ( 'NONE',  ( 69.33012701892221230, 0.000000000000000000, 5.000000000000000888 ) ) ;
#1514 = CARTESIAN_POINT ( 'NONE',  ( -13.74999999999999289, 20.00000000000000000, 7.431759166101048919 ) ) ;
#1515 = ORIENTED_EDGE ( 'NONE', *, *, #1509, .F. ) ;
#1516 = EDGE_LOOP ( 'NONE', ( #1151, #110, #1383, #2036 ) ) ;
#1517 = CARTESIAN_POINT ( 'NONE',  ( 20.00000000000000355, 0.000000000000000000, 7.500000000000000888 ) ) ;
#1518 = AXIS2_PLACEMENT_3D ( 'NONE', #1506, #1582, #600 ) ;
#1519 = DIRECTION ( 'NONE',  ( 0.000000000000000000, 0.000000000000000000, -1.000000000000000000 ) ) ;
#1520 = DIRECTION ( 'NONE',  ( 0.000000000000000000, 0.000000000000000000, 1.000000000000000000 ) ) ;
#1521 = ADVANCED_FACE ( 'NONE', ( #157 ), #1701, .F. ) ;
#1522 = DIRECTION ( 'NONE',  ( 0.000000000000000000, 0.000000000000000000, 1.000000000000000000 ) ) ;
#1523 = AXIS2_PLACEMENT_3D ( 'NONE', #1021, #1972, #433 ) ;
#1524 = DIRECTION ( 'NONE',  ( 0.000000000000000000, 0.000000000000000000, -1.000000000000000000 ) ) ;
#1525 = EDGE_LOOP ( 'NONE', ( #2431, #362, #242, #2264 ) ) ;
#1526 = EDGE_LOOP ( 'NONE', ( #303, #1570, #624, #420 ) ) ;
#1527 = PRODUCT_CONTEXT ( 'NONE', #1709, 'mechanical' ) ;
#1528 = CARTESIAN_POINT ( 'NONE',  ( 55.33493649053891517, 0.000000000000000000, 6.250000000000000888 ) ) ;
#1529 = LINE ( 'NONE', #2279, #284 ) ;
#1530 = ORIENTED_EDGE ( 'NONE', *, *, #2015, .T. ) ;
#1531 = DIRECTION ( 'NONE',  ( -0.000000000000000000, -1.000000000000000000, 0.000000000000000000 ) ) ;
#1532 = CIRCLE ( 'NONE', #733, 2.500000000000003997 ) ;
#1533 = AXIS2_PLACEMENT_3D ( 'NONE', #1247, #935, #2249 ) ;
#1534 = DIRECTION ( 'NONE',  ( 0.000000000000000000, 0.000000000000000000, 1.000000000000000000 ) ) ;
#1535 = EDGE_CURVE ( 'NONE', #725, #1956, #1294, .T. ) ;
#1536 = AXIS2_PLACEMENT_3D ( 'NONE', #932, #1875, #508 ) ;
#1537 = DIRECTION ( 'NONE',  ( 0.000000000000000000, 0.000000000000000000, 1.000000000000000000 ) ) ;
#1538 = ADVANCED_FACE ( 'NONE', ( #2261 ), #910, .T. ) ;
#1539 = ORIENTED_EDGE ( 'NONE', *, *, #2089, .T. ) ;
#1540 = CARTESIAN_POINT ( 'NONE',  ( -64.99999999999998579, 0.000000000000000000, 1.909830056250535035 ) ) ;
#1541 = CARTESIAN_POINT ( 'NONE',  ( 37.16506350946109904, 0.000000000000000000, 6.250000000000000888 ) ) ;
#1542 = CARTESIAN_POINT ( 'NONE',  ( 45.66987298107780191, 0.000000000000000000, 5.000000000000002665 ) ) ;
#1543 = DIRECTION ( 'NONE',  ( -1.000000000000000000, -0.000000000000000000, -0.000000000000000000 ) ) ;
#1544 = CYLINDRICAL_SURFACE ( 'NONE', #1891, 2.500000000000003997 ) ;
#1545 = EDGE_CURVE ( 'NONE', #1018, #2143, #1532, .T. ) ;
#1546 = ORIENTED_EDGE ( 'NONE', *, *, #18, .F. ) ;
#1547 = EDGE_CURVE ( 'NONE', #147, #94, #283, .T. ) ;
#1548 = DIRECTION ( 'NONE',  ( 0.000000000000000000, 0.000000000000000000, 1.000000000000000000 ) ) ;
#1549 = DIRECTION ( 'NONE',  ( -0.000000000000000000, 1.000000000000000000, -0.000000000000000000 ) ) ;
#1550 = ORIENTED_EDGE ( 'NONE', *, *, #220, .F. ) ;
#1551 = CARTESIAN_POINT ( 'NONE',  ( 65.00000000000000000, 20.00000000000000000, -0.7000000000000050626 ) ) ;
#1552 = FACE_OUTER_BOUND ( 'NONE', #10, .T. ) ;
#1553 = VECTOR ( 'NONE', #1454, 1000.000000000000000 ) ;
#1554 = AXIS2_PLACEMENT_3D ( 'NONE', #510, #934, #891 ) ;
#1555 = CARTESIAN_POINT ( 'NONE',  ( -49.66506350946108483, 20.00000000000000000, 6.250000000000000888 ) ) ;
#1556 = LINE ( 'NONE', #1130, #2100 ) ;
#1557 = AXIS2_PLACEMENT_3D ( 'NONE', #1757, #2141, #1242 ) ;
#1558 = ORIENTED_EDGE ( 'NONE', *, *, #334, .F. ) ;
#1559 = EDGE_CURVE ( 'NONE', #2132, #1745, #569, .T. ) ;
#1560 = DIRECTION ( 'NONE',  ( -0.000000000000000000, 1.000000000000000000, -0.000000000000000000 ) ) ;
#1561 = FACE_OUTER_BOUND ( 'NONE', #1860, .T. ) ;
#1562 = ORIENTED_EDGE ( 'NONE', *, *, #1350, .F. ) ;
#1563 = FACE_OUTER_BOUND ( 'NONE', #1778, .T. ) ;
#1564 = ORIENTED_EDGE ( 'NONE', *, *, #2162, .F. ) ;
#1565 = DIRECTION ( 'NONE',  ( -0.000000000000000000, -0.000000000000000000, 1.000000000000000000 ) ) ;
#1566 = CARTESIAN_POINT ( 'NONE',  ( -44.33012701892219098, 20.00000000000000000, 5.000000000000002665 ) ) ;
#1567 = DIRECTION ( 'NONE',  ( -0.000000000000000000, 1.000000000000000000, -0.000000000000000000 ) ) ;
#1568 = VECTOR ( 'NONE', #1780, 1000.000000000000000 ) ;
#1569 = CIRCLE ( 'NONE', #164, 1.799999999999999600 ) ;
#1570 = ORIENTED_EDGE ( 'NONE', *, *, #165, .F. ) ;
#1571 = ADVANCED_FACE ( 'NONE', ( #1474 ), #720, .T. ) ;
#1572 = CARTESIAN_POINT ( 'NONE',  ( 10.33493649053890451, 20.00000000000000000, 6.250000000000000888 ) ) ;
#1573 = DIRECTION ( 'NONE',  ( 0.000000000000000000, 0.000000000000000000, 1.000000000000000000 ) ) ;
#1574 = EDGE_CURVE ( 'NONE', #36, #1251, #1693, .T. ) ;
#1575 = ORIENTED_EDGE ( 'NONE', *, *, #2196, .F. ) ;
#1576 = ORIENTED_EDGE ( 'NONE', *, *, #2056, .F. ) ;
#1577 = DIRECTION ( 'NONE',  ( 0.000000000000000000, 0.000000000000000000, 1.000000000000000000 ) ) ;
#1578 = ORIENTED_EDGE ( 'NONE', *, *, #145, .F. ) ;
#1579 = DIRECTION ( 'NONE',  ( -0.000000000000000000, -1.000000000000000000, 0.000000000000000000 ) ) ;
#1580 = EDGE_CURVE ( 'NONE', #17, #858, #143, .T. ) ;
#1581 = CARTESIAN_POINT ( 'NONE',  ( -24.99999999999999289, 20.00000000000000000, 7.500000000000000888 ) ) ;
#1582 = DIRECTION ( 'NONE',  ( -0.000000000000000000, -1.000000000000000000, 0.000000000000000000 ) ) ;
#1583 = ORIENTED_EDGE ( 'NONE', *, *, #1231, .T. ) ;
#1584 = DIRECTION ( 'NONE',  ( -0.000000000000000000, 1.000000000000000000, -0.000000000000000000 ) ) ;
#1585 = DIRECTION ( 'NONE',  ( 0.000000000000000000, 0.000000000000000000, 1.000000000000000000 ) ) ;
#1586 = ORIENTED_EDGE ( 'NONE', *, *, #707, .T. ) ;
#1587 = VERTEX_POINT ( 'NONE', #1303 ) ;
#1588 = CARTESIAN_POINT ( 'NONE',  ( 57.50000000000000711, 20.00000000000000000, 7.500000000000000888 ) ) ;
#1589 = EDGE_LOOP ( 'NONE', ( #1004, #1165, #238, #588 ) ) ;
#1590 = CARTESIAN_POINT ( 'NONE',  ( 23.75000000000000711, 0.000000000000000000, 7.431759166101050695 ) ) ;
#1591 = ADVANCED_FACE ( 'NONE', ( #2061 ), #2050, .T. ) ;
#1592 = CARTESIAN_POINT ( 'NONE',  ( -17.49999999999999645, 20.00000000000000000, 7.500000000000000888 ) ) ;
#1593 = DIRECTION ( 'NONE',  ( -0.000000000000000000, -1.000000000000000000, -0.000000000000000000 ) ) ;
#1594 = VECTOR ( 'NONE', #2429, 1000.000000000000000 ) ;
#1595 = ORIENTED_EDGE ( 'NONE', *, *, #1966, .T. ) ;
#1596 = AXIS2_PLACEMENT_3D ( 'NONE', #2400, #2028, #701 ) ;
#1597 = FACE_OUTER_BOUND ( 'NONE', #1821, .T. ) ;
#1598 = DIRECTION ( 'NONE',  ( -0.000000000000000000, 1.000000000000000000, -0.000000000000000000 ) ) ;
#1599 = ORIENTED_EDGE ( 'NONE', *, *, #1647, .T. ) ;
#1600 = CARTESIAN_POINT ( 'NONE',  ( -66.83012701892218388, 0.000000000000000000, 5.000000000000002665 ) ) ;
#1601 = ORIENTED_EDGE ( 'NONE', *, *, #2377, .T. ) ;
#1602 = CARTESIAN_POINT ( 'NONE',  ( 50.00000000000000000, 0.000000000000000000, 7.500000000000000888 ) ) ;
#1603 = LINE ( 'NONE', #1397, #1568 ) ;
#1604 = DIRECTION ( 'NONE',  ( 0.000000000000000000, 0.000000000000000000, 1.000000000000000000 ) ) ;
#1605 = EDGE_CURVE ( 'NONE', #841, #1334, #1751, .T. ) ;
#1606 = CIRCLE ( 'NONE', #2238, 2.500000000000004885 ) ;
#1607 = AXIS2_PLACEMENT_3D ( 'NONE', #1134, #308, #2021 ) ;
#1608 = ORIENTED_EDGE ( 'NONE', *, *, #1793, .F. ) ;
#1609 = AXIS2_PLACEMENT_3D ( 'NONE', #1153, #2138, #781 ) ;
#1610 = ADVANCED_FACE ( 'NONE', ( #2108 ), #2317, .T. ) ;
#1611 = AXIS2_PLACEMENT_3D ( 'NONE', #2049, #2221, #2250 ) ;
#1612 = VECTOR ( 'NONE', #2232, 1000.000000000000000 ) ;
#1613 = CARTESIAN_POINT ( 'NONE',  ( -29.33012701892219454, 0.000000000000000000, 5.000000000000002665 ) ) ;
#1614 = LINE ( 'NONE', #2363, #1175 ) ;
#1615 = EDGE_LOOP ( 'NONE', ( #1289, #535, #2062, #2337 ) ) ;
#1616 = DIRECTION ( 'NONE',  ( -0.000000000000000000, 1.000000000000000000, -0.000000000000000000 ) ) ;
#1617 = EDGE_LOOP ( 'NONE', ( #78, #1098, #1951, #2459 ) ) ;
#1618 = DIRECTION ( 'NONE',  ( -0.000000000000000000, 1.000000000000000000, -0.000000000000000000 ) ) ;
#1619 = ORIENTED_EDGE ( 'NONE', *, *, #1464, .T. ) ;
#1620 = ADVANCED_FACE ( 'NONE', ( #788 ), #2292, .T. ) ;
#1621 = CARTESIAN_POINT ( 'NONE',  ( -21.83012701892219454, 0.000000000000000000, 5.000000000000002665 ) ) ;
#1622 = DIRECTION ( 'NONE',  ( 0.000000000000000000, 0.000000000000000000, -1.000000000000000000 ) ) ;
#1623 = EDGE_CURVE ( 'NONE', #1494, #322, #443, .T. ) ;
#1624 = ORIENTED_EDGE ( 'NONE', *, *, #253, .T. ) ;
#1625 = EDGE_CURVE ( 'NONE', #1154, #2349, #2304, .T. ) ;
#1626 = CARTESIAN_POINT ( 'NONE',  ( 39.33012701892220520, 20.00000000000000000, 5.000000000000000888 ) ) ;
#1627 = DIRECTION ( 'NONE',  ( -0.000000000000000000, -1.000000000000000000, -0.000000000000000000 ) ) ;
#1628 = EDGE_LOOP ( 'NONE', ( #1030, #1988, #2313, #1546 ) ) ;
#1629 = DIRECTION ( 'NONE',  ( 0.000000000000000000, 1.000000000000000000, 0.000000000000000000 ) ) ;
#1630 = CYLINDRICAL_SURFACE ( 'NONE', #2163, 2.500000000000003997 ) ;
#1631 = CARTESIAN_POINT ( 'NONE',  ( 9.330127018922205195, 0.000000000000000000, 5.000000000000000888 ) ) ;
#1632 = DIRECTION ( 'NONE',  ( -0.000000000000000000, -1.000000000000000000, 0.000000000000000000 ) ) ;
#1633 = VERTEX_POINT ( 'NONE', #2471 ) ;
#1634 = AXIS2_PLACEMENT_3D ( 'NONE', #1197, #947, #412 ) ;
#1635 = EDGE_LOOP ( 'NONE', ( #1233, #1193, #709, #1221 ) ) ;
#1636 = CIRCLE ( 'NONE', #23, 2.499999999999996003 ) ;
#1637 = CARTESIAN_POINT ( 'NONE',  ( 46.25000000000000711, 20.00000000000000000, 7.431759166101048919 ) ) ;
#1638 = DIRECTION ( 'NONE',  ( -0.000000000000000000, 1.000000000000000000, -0.000000000000000000 ) ) ;
#1639 = ORIENTED_EDGE ( 'NONE', *, *, #2009, .F. ) ;
#1640 = EDGE_CURVE ( 'NONE', #1195, #872, #485, .T. ) ;
#1641 = LINE ( 'NONE', #2248, #1162 ) ;
#1642 = CARTESIAN_POINT ( 'NONE',  ( 42.49999999999999289, 20.00000000000000000, 7.500000000000000888 ) ) ;
#1643 = EDGE_LOOP ( 'NONE', ( #967, #653, #2307, #2437 ) ) ;
#1644 = CARTESIAN_POINT ( 'NONE',  ( -4.665063509461081281, 20.00000000000000000, 6.250000000000000888 ) ) ;
#1645 = DIRECTION ( 'NONE',  ( 0.000000000000000000, 0.000000000000000000, 1.000000000000000000 ) ) ;
#1646 = ORIENTED_EDGE ( 'NONE', *, *, #1966, .F. ) ;
#1647 = EDGE_CURVE ( 'NONE', #1065, #1288, #1920, .T. ) ;
#1648 = EDGE_LOOP ( 'NONE', ( #1256, #623, #834, #1576 ) ) ;
#1649 = AXIS2_PLACEMENT_3D ( 'NONE', #1859, #134, #2418 ) ;
#1650 = CYLINDRICAL_SURFACE ( 'NONE', #1596, 2.500000000000003997 ) ;
#1651 = DIRECTION ( 'NONE',  ( 0.000000000000000000, 1.000000000000000000, 0.000000000000000000 ) ) ;
#1652 = ORIENTED_EDGE ( 'NONE', *, *, #197, .T. ) ;
#1653 = AXIS2_PLACEMENT_3D ( 'NONE', #2472, #2286, #1537 ) ;
#1654 = CIRCLE ( 'NONE', #1101, 2.500000000000004885 ) ;
#1655 = EDGE_CURVE ( 'NONE', #1958, #519, #962, .T. ) ;
#1656 = CARTESIAN_POINT ( 'NONE',  ( -6.830127018922188320, 0.000000000000000000, 5.000000000000002665 ) ) ;
#1657 = AXIS2_PLACEMENT_3D ( 'NONE', #1286, #2393, #310 ) ;
#1658 = CARTESIAN_POINT ( 'NONE',  ( 23.75000000000000711, 20.00000000000000000, 7.431759166101050695 ) ) ;
#1659 = EDGE_CURVE ( 'NONE', #2146, #252, #421, .T. ) ;
#1660 = DIRECTION ( 'NONE',  ( 0.000000000000000000, 0.000000000000000000, 1.000000000000000000 ) ) ;
#1661 = DIRECTION ( 'NONE',  ( -0.000000000000000000, -1.000000000000000000, 0.000000000000000000 ) ) ;
#1662 = EDGE_LOOP ( 'NONE', ( #1805, #442, #867, #1575 ) ) ;
#1663 = VERTEX_POINT ( 'NONE', #627 ) ;
#1664 = CARTESIAN_POINT ( 'NONE',  ( -49.66506350946108483, 0.000000000000000000, 6.250000000000000888 ) ) ;
#1665 = CARTESIAN_POINT ( 'NONE',  ( -34.66506350946108483, 20.00000000000000000, 6.250000000000000888 ) ) ;
#1666 = ORIENTED_EDGE ( 'NONE', *, *, #616, .F. ) ;
#1667 = DIRECTION ( 'NONE',  ( 0.000000000000000000, 0.000000000000000000, 1.000000000000000000 ) ) ;
#1668 = CARTESIAN_POINT ( 'NONE',  ( -27.16506350946108839, 0.000000000000000000, 6.250000000000000888 ) ) ;
#1669 = EDGE_LOOP ( 'NONE', ( #928, #2281, #1244, #2228 ) ) ;
#1670 = CARTESIAN_POINT ( 'NONE',  ( -5.669872981077794805, 0.000000000000000000, 5.000000000000000888 ) ) ;
#1671 = CARTESIAN_POINT ( 'NONE',  ( 65.00000000000000000, 0.000000000000000000, -2.499999999999998668 ) ) ;
#1672 = EDGE_CURVE ( 'NONE', #2052, #2328, #1184, .T. ) ;
#1673 = VERTEX_POINT ( 'NONE', #230 ) ;
#1674 = VECTOR ( 'NONE', #1054, 1000.000000000000000 ) ;
#1675 = VERTEX_POINT ( 'NONE', #396 ) ;
#1676 = CARTESIAN_POINT ( 'NONE',  ( -65.00000000000000000, 0.000000000000000000, -2.499999999999998668 ) ) ;
#1677 = AXIS2_PLACEMENT_3D ( 'NONE', #1517, #2076, #1331 ) ;
#1678 = CYLINDRICAL_SURFACE ( 'NONE', #1014, 2.500000000000003997 ) ;
#1679 = ORIENTED_EDGE ( 'NONE', *, *, #469, .T. ) ;
#1680 = VECTOR ( 'NONE', #168, 1000.000000000000000 ) ;
#1681 = CYLINDRICAL_SURFACE ( 'NONE', #68, 2.500000000000004885 ) ;
#1682 = CARTESIAN_POINT ( 'NONE',  ( 59.66506350946110615, 0.000000000000000000, 6.250000000000000888 ) ) ;
#1683 = CIRCLE ( 'NONE', #1792, 1.799999999999999600 ) ;
#1684 = CARTESIAN_POINT ( 'NONE',  ( 50.00000000000000000, 20.00000000000000000, 7.500000000000000888 ) ) ;
#1685 = CARTESIAN_POINT ( 'NONE',  ( -43.74999999999999289, 10.00000000000000000, 7.431759166101048919 ) ) ;
#1686 = EDGE_LOOP ( 'NONE', ( #1782, #2414, #2455, #1936 ) ) ;
#1687 = EDGE_CURVE ( 'NONE', #1956, #725, #772, .T. ) ;
#1688 = ORIENTED_EDGE ( 'NONE', *, *, #2182, .T. ) ;
#1689 = ADVANCED_FACE ( 'NONE', ( #1934 ), #972, .T. ) ;
#1690 = CARTESIAN_POINT ( 'NONE',  ( 65.00000000000001421, 0.000000000000000000, -7.499999999999999112 ) ) ;
#1691 = DIRECTION ( 'NONE',  ( 0.000000000000000000, 0.000000000000000000, 1.000000000000000000 ) ) ;
#1692 = VERTEX_POINT ( 'NONE', #1369 ) ;
#1693 = CIRCLE ( 'NONE', #1649, 2.500000000000003997 ) ;
#1694 = CIRCLE ( 'NONE', #938, 2.500000000000003997 ) ;
#1695 = LINE ( 'NONE', #2020, #1439 ) ;
#1696 = DIRECTION ( 'NONE',  ( 0.000000000000000000, 0.000000000000000000, 1.000000000000000000 ) ) ;
#1697 = AXIS2_PLACEMENT_3D ( 'NONE', #1824, #106, #96 ) ;
#1698 = AXIS2_PLACEMENT_3D ( 'NONE', #2142, #1785, #2375 ) ;
#1699 = AXIS2_PLACEMENT_3D ( 'NONE', #133, #1324, #323 ) ;
#1700 = PLANE ( 'NONE',  #1771 ) ;
#1701 = PLANE ( 'NONE',  #1764 ) ;
#1702 = EDGE_CURVE ( 'NONE', #611, #147, #1999, .T. ) ;
#1703 = VERTEX_POINT ( 'NONE', #983 ) ;
#1704 = ORIENTED_EDGE ( 'NONE', *, *, #2025, .F. ) ;
#1705 = DIRECTION ( 'NONE',  ( 0.000000000000000000, 0.000000000000000000, 1.000000000000000000 ) ) ;
#1706 = EDGE_CURVE ( 'NONE', #1145, #1006, #1606, .T. ) ;
#1707 = CARTESIAN_POINT ( 'NONE',  ( 0.000000000000000000, 0.000000000000000000, -0.6999999999999992895 ) ) ;
#1708 = DIRECTION ( 'NONE',  ( -0.000000000000000000, 1.000000000000000000, -0.000000000000000000 ) ) ;
#1709 = APPLICATION_CONTEXT ( 'automotive_design' ) ;
#1710 = CARTESIAN_POINT ( 'NONE',  ( 53.16987298107780902, 0.000000000000000000, 5.000000000000002665 ) ) ;
#1711 = DIRECTION ( 'NONE',  ( 0.000000000000000000, 1.000000000000000000, 0.000000000000000000 ) ) ;
#1712 = ORIENTED_EDGE ( 'NONE', *, *, #1475, .T. ) ;
#1713 = ORIENTED_EDGE ( 'NONE', *, *, #1980, .F. ) ;
#1714 = DIRECTION ( 'NONE',  ( -0.000000000000000000, 1.000000000000000000, -0.000000000000000000 ) ) ;
#1715 = VECTOR ( 'NONE', #316, 1000.000000000000000 ) ;
#1716 = CARTESIAN_POINT ( 'NONE',  ( 0.000000000000000000, 0.000000000000000000, -2.499999999999998668 ) ) ;
#1717 = DIRECTION ( 'NONE',  ( -0.000000000000000000, -1.000000000000000000, -0.000000000000000000 ) ) ;
#1718 = EDGE_CURVE ( 'NONE', #1837, #94, #410, .T. ) ;
#1719 = ORIENTED_EDGE ( 'NONE', *, *, #345, .F. ) ;
#1720 = LINE ( 'NONE', #586, #1144 ) ;
#1721 = AXIS2_PLACEMENT_3D ( 'NONE', #1407, #1957, #1822 ) ;
#1722 = CARTESIAN_POINT ( 'NONE',  ( -69.99999999999998579, 0.000000000000000000, -7.499999999999999112 ) ) ;
#1723 = ADVANCED_FACE ( 'NONE', ( #1552 ), #2094, .F. ) ;
#1724 = ORIENTED_EDGE ( 'NONE', *, *, #1029, .T. ) ;
#1725 = ORIENTED_EDGE ( 'NONE', *, *, #873, .T. ) ;
#1726 = CYLINDRICAL_SURFACE ( 'NONE', #1948, 1.799999999999999600 ) ;
#1727 = CARTESIAN_POINT ( 'NONE',  ( -14.33012701892219454, 20.00000000000000000, 5.000000000000002665 ) ) ;
#1728 = DIRECTION ( 'NONE',  ( 0.000000000000000000, 1.000000000000000000, 0.000000000000000000 ) ) ;
#1729 = VECTOR ( 'NONE', #1313, 1000.000000000000000 ) ;
#1730 = CIRCLE ( 'NONE', #851, 5.000000000000000000 ) ;
#1731 = CARTESIAN_POINT ( 'NONE',  ( -58.16987298107779480, 0.000000000000000000, 5.000000000000000888 ) ) ;
#1732 = CLOSED_SHELL ( 'NONE', ( #1099, #956, #1869, #314, #2151, #1521, #945, #1113, #2392, #831, #285, #9, #1838, #2099, #363, #1105, #503, #1610, #1275, #782, #56, #1059, #1571, #85, #911, #1426, #191, #2259, #1329, #2308, #1012, #726, #986, #1093, #1811, #176, #1323, #815, #1735, #487, #1538, #16, #2087, #960, #1461, #1935, #1591, #2422, #1171, #1413, #7, #602, #1620, #1689, #2452, #319, #1216, #1110, #628, #1363, #1245, #1985, #2345, #724, #1277, #2153, #1723, #273, #1143, #827, #280 ) ) ;
#1733 = ADVANCED_BREP_SHAPE_REPRESENTATION ( 'TPU 1', ( #247, #2045 ), #287 ) ;
#1734 = VECTOR ( 'NONE', #237, 1000.000000000000000 ) ;
#1735 = ADVANCED_FACE ( 'NONE', ( #1995 ), #1630, .T. ) ;
#1736 = FACE_OUTER_BOUND ( 'NONE', #981, .T. ) ;
#1737 = ORIENTED_EDGE ( 'NONE', *, *, #843, .F. ) ;
#1738 = DIRECTION ( 'NONE',  ( 0.000000000000000000, 0.000000000000000000, 1.000000000000000000 ) ) ;
#1739 = DIRECTION ( 'NONE',  ( -0.000000000000000000, 1.000000000000000000, -0.000000000000000000 ) ) ;
#1740 = ORIENTED_EDGE ( 'NONE', *, *, #1535, .T. ) ;
#1741 = LINE ( 'NONE', #597, #2283 ) ;
#1742 = DIRECTION ( 'NONE',  ( 0.000000000000000000, 0.000000000000000000, 1.000000000000000000 ) ) ;
#1743 = DIRECTION ( 'NONE',  ( 0.000000000000000000, 0.000000000000000000, -1.000000000000000000 ) ) ;
#1744 = EDGE_CURVE ( 'NONE', #2067, #1031, #869, .T. ) ;
#1745 = VERTEX_POINT ( 'NONE', #1791 ) ;
#1746 = CARTESIAN_POINT ( 'NONE',  ( -13.16987298107779480, 20.00000000000000000, 5.000000000000000888 ) ) ;
#1747 = DIRECTION ( 'NONE',  ( 0.000000000000000000, 1.000000000000000000, 0.000000000000000000 ) ) ;
#1748 = AXIS2_PLACEMENT_3D ( 'NONE', #522, #1440, #126 ) ;
#1749 = DIRECTION ( 'NONE',  ( 0.000000000000000000, 0.000000000000000000, 1.000000000000000000 ) ) ;
#1750 = VERTEX_POINT ( 'NONE', #1590 ) ;
#1751 = LINE ( 'NONE', #14, #2077 ) ;
#1752 = FACE_OUTER_BOUND ( 'NONE', #1814, .T. ) ;
#1753 = CARTESIAN_POINT ( 'NONE',  ( 8.750000000000001776, 0.000000000000000000, 7.431759166101048919 ) ) ;
#1754 = EDGE_CURVE ( 'NONE', #2325, #1343, #1452, .T. ) ;
#1755 = EDGE_LOOP ( 'NONE', ( #102, #342, #2204, #504 ) ) ;
#1756 = EDGE_CURVE ( 'NONE', #626, #17, #691, .T. ) ;
#1757 = CARTESIAN_POINT ( 'NONE',  ( -69.99999999999998579, 20.00000000000000000, 7.500000000000000888 ) ) ;
#1758 = DIRECTION ( 'NONE',  ( 0.000000000000000000, -1.000000000000000000, 0.000000000000000000 ) ) ;
#1759 = ORIENTED_EDGE ( 'NONE', *, *, #567, .T. ) ;
#1760 = EDGE_LOOP ( 'NONE', ( #30, #1774, #158, #113 ) ) ;
#1761 = CYLINDRICAL_SURFACE ( 'NONE', #2027, 2.499999999999996003 ) ;
#1762 = ORIENTED_EDGE ( 'NONE', *, *, #2129, .F. ) ;
#1763 = DIRECTION ( 'NONE',  ( -0.000000000000000000, 1.000000000000000000, -0.000000000000000000 ) ) ;
#1764 = AXIS2_PLACEMENT_3D ( 'NONE', #939, #758, #952 ) ;
#1765 = AXIS2_PLACEMENT_3D ( 'NONE', #2147, #1432, #641 ) ;
#1766 = VERTEX_POINT ( 'NONE', #2010 ) ;
#1767 = CARTESIAN_POINT ( 'NONE',  ( -19.66506350946108839, 0.000000000000000000, 6.250000000000000888 ) ) ;
#1768 = PRODUCT ( 'TPU 1', 'TPU 1', '', ( #1527 ) ) ;
#1769 = CIRCLE ( 'NONE', #1301, 2.500000000000004885 ) ;
#1770 = ORIENTED_EDGE ( 'NONE', *, *, #571, .F. ) ;
#1771 = AXIS2_PLACEMENT_3D ( 'NONE', #2446, #1945, #2291 ) ;
#1772 = DIRECTION ( 'NONE',  ( 0.000000000000000000, 0.000000000000000000, 1.000000000000000000 ) ) ;
#1773 = CARTESIAN_POINT ( 'NONE',  ( 61.83012701892221230, 0.000000000000000000, 5.000000000000000888 ) ) ;
#1774 = ORIENTED_EDGE ( 'NONE', *, *, #425, .T. ) ;
#1775 = EDGE_CURVE ( 'NONE', #528, #170, #2276, .T. ) ;
#1776 = VERTEX_POINT ( 'NONE', #2367 ) ;
#1777 = DIRECTION ( 'NONE',  ( 0.000000000000000000, 1.000000000000000000, 0.000000000000000000 ) ) ;
#1778 = EDGE_LOOP ( 'NONE', ( #1421, #2041, #2351, #456 ) ) ;
#1779 = DIRECTION ( 'NONE',  ( -0.000000000000000000, 1.000000000000000000, -0.000000000000000000 ) ) ;
#1780 = DIRECTION ( 'NONE',  ( -0.000000000000000000, 1.000000000000000000, -0.000000000000000000 ) ) ;
#1781 = CARTESIAN_POINT ( 'NONE',  ( 14.66506350946109016, 0.000000000000000000, 6.250000000000000888 ) ) ;
#1782 = ORIENTED_EDGE ( 'NONE', *, *, #2137, .T. ) ;
#1783 = ORIENTED_EDGE ( 'NONE', *, *, #864, .F. ) ;
#1784 = DIRECTION ( 'NONE',  ( 0.000000000000000000, 0.000000000000000000, 1.000000000000000000 ) ) ;
#1785 = DIRECTION ( 'NONE',  ( 0.000000000000000000, 1.000000000000000000, 0.000000000000000000 ) ) ;
#1786 = ORIENTED_EDGE ( 'NONE', *, *, #2226, .F. ) ;
#1787 = ORIENTED_EDGE ( 'NONE', *, *, #970, .F. ) ;
#1788 = EDGE_CURVE ( 'NONE', #365, #1956, #690, .T. ) ;
#1789 = CARTESIAN_POINT ( 'NONE',  ( -47.49999999999999289, 0.000000000000000000, 7.500000000000000888 ) ) ;
#1790 = ORIENTED_EDGE ( 'NONE', *, *, #1756, .T. ) ;
#1791 = CARTESIAN_POINT ( 'NONE',  ( 61.25000000000002132, 0.000000000000000000, 7.431759166101048919 ) ) ;
#1792 = AXIS2_PLACEMENT_3D ( 'NONE', #212, #988, #2289 ) ;
#1793 = EDGE_CURVE ( 'NONE', #493, #725, #104, .T. ) ;
#1794 = DIRECTION ( 'NONE',  ( 0.000000000000000000, 0.000000000000000000, -1.000000000000000000 ) ) ;
#1795 = CIRCLE ( 'NONE', #2023, 2.500000000000004885 ) ;
#1796 = DIRECTION ( 'NONE',  ( 0.000000000000000000, 0.000000000000000000, 1.000000000000000000 ) ) ;
#1797 = CIRCLE ( 'NONE', #431, 2.500000000000004885 ) ;
#1798 = ORIENTED_EDGE ( 'NONE', *, *, #209, .T. ) ;
#1799 = CIRCLE ( 'NONE', #2229, 2.500000000000003997 ) ;
#1800 = VERTEX_POINT ( 'NONE', #473 ) ;
#1801 = CARTESIAN_POINT ( 'NONE',  ( 0.000000000000000000, 0.000000000000000000, -2.499999999999998668 ) ) ;
#1802 = CARTESIAN_POINT ( 'NONE',  ( -4.665063509461081281, 0.000000000000000000, 6.250000000000000888 ) ) ;
#1803 = ORIENTED_EDGE ( 'NONE', *, *, #2115, .T. ) ;
#1804 = CARTESIAN_POINT ( 'NONE',  ( 23.16987298107780902, 20.00000000000000000, 5.000000000000002665 ) ) ;
#1805 = ORIENTED_EDGE ( 'NONE', *, *, #2056, .T. ) ;
#1806 = CARTESIAN_POINT ( 'NONE',  ( 38.16987298107779480, 20.00000000000000000, 5.000000000000002665 ) ) ;
#1807 = EDGE_LOOP ( 'NONE', ( #1328, #1406, #1314, #762 ) ) ;
#1808 = EDGE_CURVE ( 'NONE', #1006, #528, #461, .T. ) ;
#1809 = DIRECTION ( 'NONE',  ( -0.000000000000000000, 1.000000000000000000, -0.000000000000000000 ) ) ;
#1810 = DIRECTION ( 'NONE',  ( -0.000000000000000000, 1.000000000000000000, -0.000000000000000000 ) ) ;
#1811 = ADVANCED_FACE ( 'NONE', ( #1034 ), #257, .T. ) ;
#1812 = VECTOR ( 'NONE', #1779, 1000.000000000000000 ) ;
#1813 = AXIS2_PLACEMENT_3D ( 'NONE', #1727, #958, #1900 ) ;
#1814 = EDGE_LOOP ( 'NONE', ( #883, #497, #2181, #1206 ) ) ;
#1815 = CIRCLE ( 'NONE', #736, 2.500000000000004885 ) ;
#1816 = CIRCLE ( 'NONE', #1698, 2.499999999999996003 ) ;
#1817 = ORIENTED_EDGE ( 'NONE', *, *, #505, .F. ) ;
#1818 = AXIS2_PLACEMENT_3D ( 'NONE', #1192, #228, #768 ) ;
#1819 = CARTESIAN_POINT ( 'NONE',  ( -58.74999999999999289, 20.00000000000000000, 7.431759166101048919 ) ) ;
#1820 = CARTESIAN_POINT ( 'NONE',  ( 68.75000000000000000, 0.000000000000000000, 7.431759166101047143 ) ) ;
#1821 = EDGE_LOOP ( 'NONE', ( #1451, #1586, #907, #640 ) ) ;
#1822 = DIRECTION ( 'NONE',  ( 0.000000000000000000, 0.000000000000000000, 1.000000000000000000 ) ) ;
#1823 = CARTESIAN_POINT ( 'NONE',  ( -6.249999999999990230, 0.000000000000000000, 7.431759166101050695 ) ) ;
#1824 = CARTESIAN_POINT ( 'NONE',  ( -39.99999999999999289, 20.00000000000000000, 7.500000000000000888 ) ) ;
#1825 = CARTESIAN_POINT ( 'NONE',  ( 38.16987298107779480, 0.000000000000000000, 5.000000000000002665 ) ) ;
#1826 = EDGE_LOOP ( 'NONE', ( #1515, #2372, #1081, #2324 ) ) ;
#1827 = EDGE_CURVE ( 'NONE', #1675, #1587, #196, .T. ) ;
#1828 = CARTESIAN_POINT ( 'NONE',  ( -69.99999999999998579, 20.00000000000000000, 7.500000000000000888 ) ) ;
#1829 = CARTESIAN_POINT ( 'NONE',  ( 15.66987298107780369, 0.000000000000000000, 5.000000000000002665 ) ) ;
#1830 = ORIENTED_EDGE ( 'NONE', *, *, #267, .T. ) ;
#1831 = CARTESIAN_POINT ( 'NONE',  ( -52.83493649053890096, 0.000000000000000000, 6.250000000000000888 ) ) ;
#1832 = DIRECTION ( 'NONE',  ( 0.000000000000000000, 0.000000000000000000, 1.000000000000000000 ) ) ;
#1833 = VERTEX_POINT ( 'NONE', #1207 ) ;
#1834 = CARTESIAN_POINT ( 'NONE',  ( 16.25000000000000000, 10.00000000000000000, 7.431759166101050695 ) ) ;
#1835 = CARTESIAN_POINT ( 'NONE',  ( -68.33333333333332860, 0.000000000000000000, 5.636610018750177531 ) ) ;
#1836 = EDGE_CURVE ( 'NONE', #180, #2402, #93, .T. ) ;
#1837 = VERTEX_POINT ( 'NONE', #1823 ) ;
#1838 = ADVANCED_FACE ( 'NONE', ( #55 ), #830, .T. ) ;
#1839 = ORIENTED_EDGE ( 'NONE', *, *, #2240, .T. ) ;
#1840 = AXIS2_PLACEMENT_3D ( 'NONE', #868, #1046, #241 ) ;
#1841 = CYLINDRICAL_SURFACE ( 'NONE', #19, 2.500000000000003997 ) ;
#1842 = DIRECTION ( 'NONE',  ( -0.000000000000000000, 1.000000000000000000, -0.000000000000000000 ) ) ;
#1843 = ORIENTED_EDGE ( 'NONE', *, *, #554, .T. ) ;
#1844 = EDGE_CURVE ( 'NONE', #182, #194, #692, .T. ) ;
#1845 = DIRECTION ( 'NONE',  ( -0.000000000000000000, 1.000000000000000000, -0.000000000000000000 ) ) ;
#1846 = LINE ( 'NONE', #1112, #531 ) ;
#1847 = CARTESIAN_POINT ( 'NONE',  ( 60.66987298107781612, 0.000000000000000000, 5.000000000000002665 ) ) ;
#1848 = AXIS2_PLACEMENT_3D ( 'NONE', #324, #735, #749 ) ;
#1849 = VERTEX_POINT ( 'NONE', #1409 ) ;
#1850 = ORIENTED_EDGE ( 'NONE', *, *, #1311, .T. ) ;
#1851 = ORIENTED_EDGE ( 'NONE', *, *, #376, .T. ) ;
#1852 = CARTESIAN_POINT ( 'NONE',  ( -42.16506350946108483, 20.00000000000000000, 6.250000000000000888 ) ) ;
#1853 = FACE_OUTER_BOUND ( 'NONE', #2192, .T. ) ;
#1854 = ORIENTED_EDGE ( 'NONE', *, *, #417, .T. ) ;
#1855 = CARTESIAN_POINT ( 'NONE',  ( -32.49999999999999289, 0.000000000000000000, 7.500000000000000888 ) ) ;
#1856 = FACE_OUTER_BOUND ( 'NONE', #1526, .T. ) ;
#1857 = EDGE_CURVE ( 'NONE', #1334, #2402, #2000, .T. ) ;
#1858 = DIRECTION ( 'NONE',  ( -0.000000000000000000, 1.000000000000000000, -0.000000000000000000 ) ) ;
#1859 = CARTESIAN_POINT ( 'NONE',  ( 8.169872981077796581, 0.000000000000000000, 5.000000000000002665 ) ) ;
#1860 = EDGE_LOOP ( 'NONE', ( #494, #1375, #54, #1088 ) ) ;
#1861 = VERTEX_POINT ( 'NONE', #860 ) ;
#1862 = CARTESIAN_POINT ( 'NONE',  ( -22.83493649053890096, 0.000000000000000000, 6.250000000000000888 ) ) ;
#1863 = CARTESIAN_POINT ( 'NONE',  ( 39.33012701892220520, 0.000000000000000000, 5.000000000000000888 ) ) ;
#1864 = ORIENTED_EDGE ( 'NONE', *, *, #1396, .F. ) ;
#1865 = DIRECTION ( 'NONE',  ( 0.000000000000000000, 0.000000000000000000, 1.000000000000000000 ) ) ;
#1866 = DIRECTION ( 'NONE',  ( -0.000000000000000000, 1.000000000000000000, -0.000000000000000000 ) ) ;
#1867 = EDGE_CURVE ( 'NONE', #1392, #806, #1224, .T. ) ;
#1868 = DIRECTION ( 'NONE',  ( 0.000000000000000000, 0.000000000000000000, 1.000000000000000000 ) ) ;
#1869 = ADVANCED_FACE ( 'NONE', ( #666 ), #2184, .F. ) ;
#1870 = ORIENTED_EDGE ( 'NONE', *, *, #2226, .T. ) ;
#1871 = CIRCLE ( 'NONE', #722, 2.500000000000004885 ) ;
#1872 = ORIENTED_EDGE ( 'NONE', *, *, #1076, .T. ) ;
#1873 = CARTESIAN_POINT ( 'NONE',  ( 35.00000000000000000, 0.000000000000000000, 7.500000000000000888 ) ) ;
#1874 = AXIS2_PLACEMENT_3D ( 'NONE', #166, #1714, #1705 ) ;
#1875 = DIRECTION ( 'NONE',  ( -0.000000000000000000, 1.000000000000000000, -0.000000000000000000 ) ) ;
#1876 = ORIENTED_EDGE ( 'NONE', *, *, #376, .F. ) ;
#1877 = CIRCLE ( 'NONE', #835, 2.499999999999996003 ) ;
#1878 = DIRECTION ( 'NONE',  ( 0.000000000000000000, 1.000000000000000000, 0.000000000000000000 ) ) ;
#1879 = EDGE_CURVE ( 'NONE', #1745, #854, #716, .T. ) ;
#1880 = DIRECTION ( 'NONE',  ( 0.000000000000000000, 0.000000000000000000, 1.000000000000000000 ) ) ;
#1881 = AXIS2_PLACEMENT_3D ( 'NONE', #1676, #495, #329 ) ;
#1882 = FACE_BOUND ( 'NONE', #1380, .T. ) ;
#1883 = DIRECTION ( 'NONE',  ( -0.000000000000000000, 1.000000000000000000, -0.000000000000000000 ) ) ;
#1884 = ORIENTED_EDGE ( 'NONE', *, *, #2361, .F. ) ;
#1885 = EDGE_CURVE ( 'NONE', #1766, #632, #486, .T. ) ;
#1886 = ORIENTED_EDGE ( 'NONE', *, *, #1911, .F. ) ;
#1887 = CYLINDRICAL_SURFACE ( 'NONE', #1874, 2.499999999999996003 ) ;
#1888 = CIRCLE ( 'NONE', #976, 2.500000000000003997 ) ;
#1889 = DIRECTION ( 'NONE',  ( -0.000000000000000000, -1.000000000000000000, -0.000000000000000000 ) ) ;
#1890 = DIRECTION ( 'NONE',  ( -0.000000000000000000, 1.000000000000000000, -0.000000000000000000 ) ) ;
#1891 = AXIS2_PLACEMENT_3D ( 'NONE', #2293, #2109, #231 ) ;
#1892 = CIRCLE ( 'NONE', #1926, 2.500000000000003997 ) ;
#1893 = CIRCLE ( 'NONE', #698, 2.500000000000004885 ) ;
#1894 = CYLINDRICAL_SURFACE ( 'NONE', #1943, 2.500000000000003997 ) ;
#1895 = ORIENTED_EDGE ( 'NONE', *, *, #1647, .F. ) ;
#1896 = EDGE_CURVE ( 'NONE', #47, #2428, #2277, .T. ) ;
#1897 = ORIENTED_EDGE ( 'NONE', *, *, #644, .F. ) ;
#1898 = FACE_OUTER_BOUND ( 'NONE', #1238, .T. ) ;
#1899 = CARTESIAN_POINT ( 'NONE',  ( -5.669872981077794805, 0.000000000000000000, 5.000000000000000888 ) ) ;
#1900 = DIRECTION ( 'NONE',  ( 0.000000000000000000, 0.000000000000000000, -1.000000000000000000 ) ) ;
#1901 = ORIENTED_EDGE ( 'NONE', *, *, #1655, .F. ) ;
#1902 = DIRECTION ( 'NONE',  ( 0.000000000000000000, 0.000000000000000000, 1.000000000000000000 ) ) ;
#1903 = ORIENTED_EDGE ( 'NONE', *, *, #544, .T. ) ;
#1904 = CARTESIAN_POINT ( 'NONE',  ( 16.83012701892219809, 0.000000000000000000, 5.000000000000000888 ) ) ;
#1905 = ORIENTED_EDGE ( 'NONE', *, *, #688, .F. ) ;
#1906 = ORIENTED_EDGE ( 'NONE', *, *, #1623, .T. ) ;
#1907 = EDGE_CURVE ( 'NONE', #1065, #406, #1095, .T. ) ;
#1908 = AXIS2_PLACEMENT_3D ( 'NONE', #1025, #1593, #2186 ) ;
#1909 = CARTESIAN_POINT ( 'NONE',  ( -54.99999999999999289, 20.00000000000000000, 7.500000000000000888 ) ) ;
#1910 = CARTESIAN_POINT ( 'NONE',  ( 22.16506350946109549, 0.000000000000000000, 6.250000000000000888 ) ) ;
#1911 = EDGE_CURVE ( 'NONE', #1104, #2256, #1888, .T. ) ;
#1912 = CARTESIAN_POINT ( 'NONE',  ( -22.83493649053890096, 20.00000000000000000, 6.250000000000000888 ) ) ;
#1913 = AXIS2_PLACEMENT_3D ( 'NONE', #224, #1027, #60 ) ;
#1914 = DIRECTION ( 'NONE',  ( -0.000000000000000000, 1.000000000000000000, -0.000000000000000000 ) ) ;
#1915 = ORIENTED_EDGE ( 'NONE', *, *, #2326, .T. ) ;
#1916 = VERTEX_POINT ( 'NONE', #1321 ) ;
#1917 = CARTESIAN_POINT ( 'NONE',  ( 5.000000000000004441, 0.000000000000000000, 7.500000000000000888 ) ) ;
#1918 = DIRECTION ( 'NONE',  ( 0.000000000000000000, 0.000000000000000000, 1.000000000000000000 ) ) ;
#1919 = ORIENTED_EDGE ( 'NONE', *, *, #920, .F. ) ;
#1920 = CIRCLE ( 'NONE', #603, 2.499999999999996003 ) ;
#1921 = VECTOR ( 'NONE', #2071, 1000.000000000000000 ) ;
#1922 = VERTEX_POINT ( 'NONE', #2209 ) ;
#1923 = EDGE_CURVE ( 'NONE', #1288, #1494, #1271, .T. ) ;
#1924 = DIRECTION ( 'NONE',  ( -0.000000000000000000, -1.000000000000000000, -0.000000000000000000 ) ) ;
#1925 = AXIS2_PLACEMENT_3D ( 'NONE', #1592, #1986, #629 ) ;
#1926 = AXIS2_PLACEMENT_3D ( 'NONE', #1389, #1229, #1979 ) ;
#1927 = DIRECTION ( 'NONE',  ( -0.000000000000000000, 1.000000000000000000, -0.000000000000000000 ) ) ;
#1928 = ORIENTED_EDGE ( 'NONE', *, *, #1155, .F. ) ;
#1929 = ORIENTED_EDGE ( 'NONE', *, *, #334, .T. ) ;
#1930 = DIRECTION ( 'NONE',  ( -0.000000000000000000, -1.000000000000000000, -0.000000000000000000 ) ) ;
#1931 = DIRECTION ( 'NONE',  ( 0.000000000000000000, 0.000000000000000000, 1.000000000000000000 ) ) ;
#1932 = LINE ( 'NONE', #2134, #1341 ) ;
#1933 = ORIENTED_EDGE ( 'NONE', *, *, #469, .F. ) ;
#1934 = FACE_OUTER_BOUND ( 'NONE', #1305, .T. ) ;
#1935 = ADVANCED_FACE ( 'NONE', ( #1856 ), #2235, .F. ) ;
#1936 = ORIENTED_EDGE ( 'NONE', *, *, #695, .F. ) ;
#1937 = DIRECTION ( 'NONE',  ( -0.000000000000000000, 1.000000000000000000, -0.000000000000000000 ) ) ;
#1938 = EDGE_CURVE ( 'NONE', #564, #2133, #333, .T. ) ;
#1939 = ORIENTED_EDGE ( 'NONE', *, *, #2297, .T. ) ;
#1940 = CYLINDRICAL_SURFACE ( 'NONE', #467, 2.499999999999996003 ) ;
#1941 = DIRECTION ( 'NONE',  ( -0.000000000000000000, 1.000000000000000000, -0.000000000000000000 ) ) ;
#1942 = ORIENTED_EDGE ( 'NONE', *, *, #847, .F. ) ;
#1943 = AXIS2_PLACEMENT_3D ( 'NONE', #2408, #706, #337 ) ;
#1944 = EDGE_LOOP ( 'NONE', ( #121, #901, #645, #1652, #2106, #2396, #560, #953, #1759, #109, #434, #1839, #1052, #418, #751, #1790, #2301, #1072, #848, #826, #1601, #913, #313, #1346, #1447, #211, #1266, #1850, #1472, #1993, #1199, #1969, #1798, #741, #351, #959, #98, #601, #38, #800, #887, #838, #2144, #1429, #1872, #1599, #700, #2034, #1285, #933, #786, #1304, #863, #2207, #946, #2366, #2468, #1624, #1679, #717, #987, #992, #1851 ) ) ;
#1945 = DIRECTION ( 'NONE',  ( 0.000000000000000000, -1.000000000000000000, 0.000000000000000000 ) ) ;
#1946 = VERTEX_POINT ( 'NONE', #500 ) ;
#1947 = CARTESIAN_POINT ( 'NONE',  ( -29.33012701892219454, 20.00000000000000000, 5.000000000000002665 ) ) ;
#1948 = AXIS2_PLACEMENT_3D ( 'NONE', #1716, #2079, #1344 ) ;
#1949 = CARTESIAN_POINT ( 'NONE',  ( 65.00000000000000000, 0.000000000000000000, -0.7000000000000050626 ) ) ;
#1950 = CYLINDRICAL_SURFACE ( 'NONE', #20, 2.500000000000003997 ) ;
#1951 = ORIENTED_EDGE ( 'NONE', *, *, #145, .T. ) ;
#1952 = EDGE_CURVE ( 'NONE', #5, #34, #1694, .T. ) ;
#1953 = DIRECTION ( 'NONE',  ( 0.000000000000000000, 1.000000000000000000, 0.000000000000000000 ) ) ;
#1954 = FACE_OUTER_BOUND ( 'NONE', #1643, .T. ) ;
#1955 = ORIENTED_EDGE ( 'NONE', *, *, #2273, .F. ) ;
#1956 = VERTEX_POINT ( 'NONE', #2416 ) ;
#1957 = DIRECTION ( 'NONE',  ( -0.000000000000000000, -1.000000000000000000, -0.000000000000000000 ) ) ;
#1958 = VERTEX_POINT ( 'NONE', #1682 ) ;
#1959 = DIRECTION ( 'NONE',  ( -0.000000000000000000, 1.000000000000000000, -0.000000000000000000 ) ) ;
#1960 = VECTOR ( 'NONE', #1543, 1000.000000000000000 ) ;
#1961 = VECTOR ( 'NONE', #1485, 1000.000000000000000 ) ;
#1962 = LINE ( 'NONE', #245, #2002 ) ;
#1963 = DIRECTION ( 'NONE',  ( 0.000000000000000000, 0.000000000000000000, 1.000000000000000000 ) ) ;
#1964 = AXIS2_PLACEMENT_3D ( 'NONE', #1317, #1091, #1691 ) ;
#1965 = ORIENTED_EDGE ( 'NONE', *, *, #1248, .F. ) ;
#1966 = EDGE_CURVE ( 'NONE', #1663, #1849, #1730, .T. ) ;
#1967 = DIRECTION ( 'NONE',  ( 0.000000000000000000, 1.000000000000000000, 0.000000000000000000 ) ) ;
#1968 = DIRECTION ( 'NONE',  ( 0.000000000000000000, -1.000000000000000000, 0.000000000000000000 ) ) ;
#1969 = ORIENTED_EDGE ( 'NONE', *, *, #1574, .T. ) ;
#1970 = EDGE_CURVE ( 'NONE', #1673, #1990, #1846, .T. ) ;
#1971 = ORIENTED_EDGE ( 'NONE', *, *, #1867, .F. ) ;
#1972 = DIRECTION ( 'NONE',  ( -0.000000000000000000, -1.000000000000000000, -0.000000000000000000 ) ) ;
#1973 = ORIENTED_EDGE ( 'NONE', *, *, #2373, .F. ) ;
#1974 = CARTESIAN_POINT ( 'NONE',  ( -14.33012701892219454, 0.000000000000000000, 5.000000000000002665 ) ) ;
#1975 = CARTESIAN_POINT ( 'NONE',  ( 67.16506350946110615, 0.000000000000000000, 6.250000000000000888 ) ) ;
#1976 = CYLINDRICAL_SURFACE ( 'NONE', #471, 2.500000000000004885 ) ;
#1977 = ORIENTED_EDGE ( 'NONE', *, *, #1509, .T. ) ;
#1978 = CARTESIAN_POINT ( 'NONE',  ( 44.66506350946109194, 20.00000000000000000, 6.250000000000000888 ) ) ;
#1979 = DIRECTION ( 'NONE',  ( 0.000000000000000000, 0.000000000000000000, -1.000000000000000000 ) ) ;
#1980 = EDGE_CURVE ( 'NONE', #265, #1315, #1011, .T. ) ;
#1981 = ORIENTED_EDGE ( 'NONE', *, *, #1360, .F. ) ;
#1982 = DIRECTION ( 'NONE',  ( -0.000000000000000000, -1.000000000000000000, -0.000000000000000000 ) ) ;
#1983 = VERTEX_POINT ( 'NONE', #1658 ) ;
#1984 = DIRECTION ( 'NONE',  ( 0.000000000000000000, 0.000000000000000000, 1.000000000000000000 ) ) ;
#1985 = ADVANCED_FACE ( 'NONE', ( #169 ), #705, .T. ) ;
#1986 = DIRECTION ( 'NONE',  ( 0.000000000000000000, 1.000000000000000000, 0.000000000000000000 ) ) ;
#1987 = DIRECTION ( 'NONE',  ( 0.000000000000000000, 0.000000000000000000, -1.000000000000000000 ) ) ;
#1988 = ORIENTED_EDGE ( 'NONE', *, *, #864, .T. ) ;
#1989 = AXIS2_PLACEMENT_3D ( 'NONE', #1626, #2374, #2130 ) ;
#1990 = VERTEX_POINT ( 'NONE', #731 ) ;
#1991 = LINE ( 'NONE', #277, #1674 ) ;
#1992 = CARTESIAN_POINT ( 'NONE',  ( 0.000000000000000000, 0.000000000000000000, -2.499999999999998668 ) ) ;
#1993 = ORIENTED_EDGE ( 'NONE', *, *, #520, .T. ) ;
#1994 = DIRECTION ( 'NONE',  ( 0.000000000000000000, 0.000000000000000000, 1.000000000000000000 ) ) ;
#1995 = FACE_OUTER_BOUND ( 'NONE', #256, .T. ) ;
#1996 = EDGE_CURVE ( 'NONE', #1750, #1983, #1498, .T. ) ;
#1997 = CARTESIAN_POINT ( 'NONE',  ( 53.75000000000001421, 0.000000000000000000, 7.431759166101048919 ) ) ;
#1998 = FACE_OUTER_BOUND ( 'NONE', #2385, .T. ) ;
#1999 = CIRCLE ( 'NONE', #850, 2.499999999999996003 ) ;
#2000 = CIRCLE ( 'NONE', #2078, 2.500000000000003997 ) ;
#2001 = ORIENTED_EDGE ( 'NONE', *, *, #792, .F. ) ;
#2002 = VECTOR ( 'NONE', #1024, 1000.000000000000000 ) ;
#2003 = ORIENTED_EDGE ( 'NONE', *, *, #155, .T. ) ;
#2004 = CIRCLE ( 'NONE', #2318, 2.499999999999996003 ) ;
#2005 = CARTESIAN_POINT ( 'NONE',  ( 22.16506350946109549, 0.000000000000000000, 6.250000000000000888 ) ) ;
#2006 = DIRECTION ( 'NONE',  ( -0.000000000000000000, 1.000000000000000000, -0.000000000000000000 ) ) ;
#2007 = VERTEX_POINT ( 'NONE', #1310 ) ;
#2008 = CARTESIAN_POINT ( 'NONE',  ( -66.24999999999998579, 10.00000000000000000, 7.431759166101050695 ) ) ;
#2009 = EDGE_CURVE ( 'NONE', #493, #365, #1097, .T. ) ;
#2010 = CARTESIAN_POINT ( 'NONE',  ( 22.16506350946109549, 20.00000000000000000, 6.250000000000000888 ) ) ;
#2011 = DIRECTION ( 'NONE',  ( -0.000000000000000000, -1.000000000000000000, -0.000000000000000000 ) ) ;
#2012 = CARTESIAN_POINT ( 'NONE',  ( -28.16987298107779480, 0.000000000000000000, 5.000000000000000888 ) ) ;
#2013 = EDGE_CURVE ( 'NONE', #1587, #1833, #808, .T. ) ;
#2014 = ORIENTED_EDGE ( 'NONE', *, *, #1512, .T. ) ;
#2015 = EDGE_CURVE ( 'NONE', #829, #182, #2032, .T. ) ;
#2016 = ORIENTED_EDGE ( 'NONE', *, *, #2469, .F. ) ;
#2017 = CARTESIAN_POINT ( 'NONE',  ( 8.169872981077796581, 20.00000000000000000, 5.000000000000002665 ) ) ;
#2018 = DIRECTION ( 'NONE',  ( 0.000000000000000000, 0.000000000000000000, 1.000000000000000000 ) ) ;
#2019 = ORIENTED_EDGE ( 'NONE', *, *, #1896, .F. ) ;
#2020 = CARTESIAN_POINT ( 'NONE',  ( -12.16506350946108839, 0.000000000000000000, 6.250000000000000888 ) ) ;
#2021 = DIRECTION ( 'NONE',  ( 0.000000000000000000, 0.000000000000000000, 1.000000000000000000 ) ) ;
#2022 = DIRECTION ( 'NONE',  ( -0.000000000000000000, 1.000000000000000000, -0.000000000000000000 ) ) ;
#2023 = AXIS2_PLACEMENT_3D ( 'NONE', #219, #1316, #995 ) ;
#2024 = EDGE_LOOP ( 'NONE', ( #1608, #2237, #521, #2051 ) ) ;
#2025 = EDGE_CURVE ( 'NONE', #1946, #318, #381, .T. ) ;
#2026 = ORIENTED_EDGE ( 'NONE', *, *, #767, .F. ) ;
#2027 = AXIS2_PLACEMENT_3D ( 'NONE', #2365, #1616, #1994 ) ;
#2028 = DIRECTION ( 'NONE',  ( -0.000000000000000000, 1.000000000000000000, -0.000000000000000000 ) ) ;
#2029 = DIRECTION ( 'NONE',  ( 0.000000000000000000, -1.000000000000000000, 0.000000000000000000 ) ) ;
#2030 = ORIENTED_EDGE ( 'NONE', *, *, #2273, .T. ) ;
#2031 = CARTESIAN_POINT ( 'NONE',  ( -57.16506350946108483, 0.000000000000000000, 6.250000000000000888 ) ) ;
#2032 = LINE ( 'NONE', #1123, #2395 ) ;
#2033 = LINE ( 'NONE', #1685, #193 ) ;
#2034 = ORIENTED_EDGE ( 'NONE', *, *, #920, .T. ) ;
#2035 = VECTOR ( 'NONE', #1565, 1000.000000000000000 ) ;
#2036 = ORIENTED_EDGE ( 'NONE', *, *, #1718, .F. ) ;
#2037 = AXIS2_PLACEMENT_3D ( 'NONE', #1186, #28, #803 ) ;
#2038 = VECTOR ( 'NONE', #435, 1000.000000000000000 ) ;
#2039 = CYLINDRICAL_SURFACE ( 'NONE', #272, 2.499999999999996003 ) ;
#2040 = DIRECTION ( 'NONE',  ( 0.000000000000000000, 1.000000000000000000, 0.000000000000000000 ) ) ;
#2041 = ORIENTED_EDGE ( 'NONE', *, *, #1035, .T. ) ;
#2042 = EDGE_CURVE ( 'NONE', #2253, #52, #2290, .T. ) ;
#2043 = CIRCLE ( 'NONE', #1416, 2.499999999999996003 ) ;
#2044 = LINE ( 'NONE', #1309, #2148 ) ;
#2045 = AXIS2_PLACEMENT_3D ( 'NONE', #1131, #2111, #401 ) ;
#2046 = DIRECTION ( 'NONE',  ( 0.000000000000000000, 0.000000000000000000, -1.000000000000000000 ) ) ;
#2047 = ORIENTED_EDGE ( 'NONE', *, *, #1879, .F. ) ;
#2048 = EDGE_CURVE ( 'NONE', #2405, #2210, #325, .T. ) ;
#2049 = CARTESIAN_POINT ( 'NONE',  ( -65.00000000000000000, 0.000000000000000000, -2.499999999999998668 ) ) ;
#2050 = CYLINDRICAL_SURFACE ( 'NONE', #530, 2.500000000000004885 ) ;
#2051 = ORIENTED_EDGE ( 'NONE', *, *, #1687, .T. ) ;
#2052 = VERTEX_POINT ( 'NONE', #1179 ) ;
#2053 = FACE_OUTER_BOUND ( 'NONE', #822, .T. ) ;
#2054 = CARTESIAN_POINT ( 'NONE',  ( -65.66987298107778770, 20.00000000000000000, 5.000000000000000888 ) ) ;
#2055 = ORIENTED_EDGE ( 'NONE', *, *, #407, .T. ) ;
#2056 = EDGE_CURVE ( 'NONE', #1633, #162, #766, .T. ) ;
#2057 = DIRECTION ( 'NONE',  ( 0.000000000000000000, 0.000000000000000000, 1.000000000000000000 ) ) ;
#2058 = CARTESIAN_POINT ( 'NONE',  ( -66.83012701892218388, 0.000000000000000000, 5.000000000000002665 ) ) ;
#2059 = EDGE_CURVE ( 'NONE', #2328, #162, #604, .T. ) ;
#2060 = FACE_BOUND ( 'NONE', #426, .T. ) ;
#2061 = FACE_OUTER_BOUND ( 'NONE', #1760, .T. ) ;
#2062 = ORIENTED_EDGE ( 'NONE', *, *, #1857, .T. ) ;
#2063 = VERTEX_POINT ( 'NONE', #1910 ) ;
#2064 = CARTESIAN_POINT ( 'NONE',  ( -52.83493649053890096, 20.00000000000000000, 6.250000000000000888 ) ) ;
#2065 = VECTOR ( 'NONE', #657, 1000.000000000000000 ) ;
#2066 = DIRECTION ( 'NONE',  ( 0.000000000000000000, 0.000000000000000000, 1.000000000000000000 ) ) ;
#2067 = VERTEX_POINT ( 'NONE', #2102 ) ;
#2068 = ORIENTED_EDGE ( 'NONE', *, *, #439, .F. ) ;
#2069 = CIRCLE ( 'NONE', #2104, 2.499999999999996003 ) ;
#2070 = CARTESIAN_POINT ( 'NONE',  ( 47.83493649053890806, 20.00000000000000000, 6.250000000000000888 ) ) ;
#2071 = DIRECTION ( 'NONE',  ( -0.000000000000000000, 1.000000000000000000, -0.000000000000000000 ) ) ;
#2072 = DIRECTION ( 'NONE',  ( 0.000000000000000000, 0.000000000000000000, -1.000000000000000000 ) ) ;
#2073 = EDGE_CURVE ( 'NONE', #2067, #1675, #651, .T. ) ;
#2074 = EDGE_LOOP ( 'NONE', ( #547, #1977 ) ) ;
#2075 = ORIENTED_EDGE ( 'NONE', *, *, #893, .T. ) ;
#2076 = DIRECTION ( 'NONE',  ( 0.000000000000000000, 1.000000000000000000, 0.000000000000000000 ) ) ;
#2077 = VECTOR ( 'NONE', #1384, 1000.000000000000000 ) ;
#2078 = AXIS2_PLACEMENT_3D ( 'NONE', #2160, #282, #449 ) ;
#2079 = DIRECTION ( 'NONE',  ( -0.000000000000000000, 1.000000000000000000, -0.000000000000000000 ) ) ;
#2080 = DIRECTION ( 'NONE',  ( -0.000000000000000000, -1.000000000000000000, 0.000000000000000000 ) ) ;
#2081 = AXIS2_PLACEMENT_3D ( 'NONE', #1631, #1050, #2381 ) ;
#2082 = VECTOR ( 'NONE', #696, 1000.000000000000000 ) ;
#2083 = EDGE_CURVE ( 'NONE', #479, #930, #1173, .T. ) ;
#2084 = DIRECTION ( 'NONE',  ( -0.000000000000000000, 1.000000000000000000, -0.000000000000000000 ) ) ;
#2085 = DIRECTION ( 'NONE',  ( 0.000000000000000000, 1.000000000000000000, 0.000000000000000000 ) ) ;
#2086 = ORIENTED_EDGE ( 'NONE', *, *, #1775, .F. ) ;
#2087 = ADVANCED_FACE ( 'NONE', ( #563 ), #969, .F. ) ;
#2088 = ORIENTED_EDGE ( 'NONE', *, *, #805, .F. ) ;
#2089 = EDGE_CURVE ( 'NONE', #1276, #1476, #734, .T. ) ;
#2090 = LINE ( 'NONE', #403, #924 ) ;
#2091 = CARTESIAN_POINT ( 'NONE',  ( 0.000000000000000000, 0.000000000000000000, 0.000000000000000000 ) ) ;
#2092 = ORIENTED_EDGE ( 'NONE', *, *, #2409, .F. ) ;
#2093 = CYLINDRICAL_SURFACE ( 'NONE', #859, 2.500000000000004885 ) ;
#2094 = CYLINDRICAL_SURFACE ( 'NONE', #160, 2.499999999999996003 ) ;
#2095 = DIRECTION ( 'NONE',  ( 0.000000000000000000, 0.000000000000000000, 1.000000000000000000 ) ) ;
#2096 = VERTEX_POINT ( 'NONE', #1 ) ;
#2097 = APPLICATION_PROTOCOL_DEFINITION ( 'draft international standard', 'automotive_design', 1998, #844 ) ;
#2098 = AXIS2_PLACEMENT_3D ( 'NONE', #2267, #1930, #1738 ) ;
#2099 = ADVANCED_FACE ( 'NONE', ( #1561 ), #392, .F. ) ;
#2100 = VECTOR ( 'NONE', #2440, 1000.000000000000000 ) ;
#2101 = DIRECTION ( 'NONE',  ( 0.000000000000000000, 0.000000000000000000, 1.000000000000000000 ) ) ;
#2102 = CARTESIAN_POINT ( 'NONE',  ( -58.74999999999999289, 0.000000000000000000, 7.431759166101048919 ) ) ;
#2103 = ORIENTED_EDGE ( 'NONE', *, *, #1907, .T. ) ;
#2104 = AXIS2_PLACEMENT_3D ( 'NONE', #1789, #1629, #2378 ) ;
#2105 = FACE_OUTER_BOUND ( 'NONE', #596, .T. ) ;
#2106 = ORIENTED_EDGE ( 'NONE', *, *, #1625, .F. ) ;
#2107 = AXIS2_PLACEMENT_3D ( 'NONE', #1828, #1492, #875 ) ;
#2108 = FACE_OUTER_BOUND ( 'NONE', #537, .T. ) ;
#2109 = DIRECTION ( 'NONE',  ( -0.000000000000000000, 1.000000000000000000, -0.000000000000000000 ) ) ;
#2110 = ORIENTED_EDGE ( 'NONE', *, *, #2213, .F. ) ;
#2111 = DIRECTION ( 'NONE',  ( 0.000000000000000000, 0.000000000000000000, 1.000000000000000000 ) ) ;
#2112 = CIRCLE ( 'NONE', #2161, 1.799999999999993605 ) ;
#2113 = CYLINDRICAL_SURFACE ( 'NONE', #226, 2.499999999999996003 ) ;
#2114 = FACE_BOUND ( 'NONE', #814, .T. ) ;
#2115 = EDGE_CURVE ( 'NONE', #1425, #1265, #1053, .T. ) ;
#2116 = ORIENTED_EDGE ( 'NONE', *, *, #1181, .F. ) ;
#2117 = AXIS2_PLACEMENT_3D ( 'NONE', #1847, #1661, #546 ) ;
#2118 = CARTESIAN_POINT ( 'NONE',  ( 24.33012701892220520, 0.000000000000000000, 5.000000000000000888 ) ) ;
#2119 = VERTEX_POINT ( 'NONE', #778 ) ;
#2120 = PRESENTATION_LAYER_ASSIGNMENT (  '', '', ( #2 ) ) ;
#2121 = CIRCLE ( 'NONE', #3, 2.499999999999996003 ) ;
#2122 = DIRECTION ( 'NONE',  ( 0.000000000000000000, 0.000000000000000000, 1.000000000000000000 ) ) ;
#2123 = EDGE_CURVE ( 'NONE', #2274, #2325, #2466, .T. ) ;
#2124 = AXIS2_PLACEMENT_3D ( 'NONE', #1710, #1531, #2338 ) ;
#2125 = ORIENTED_EDGE ( 'NONE', *, *, #291, .F. ) ;
#2126 = CARTESIAN_POINT ( 'NONE',  ( 65.00000000000001421, 20.00000000000000000, -7.499999999999999112 ) ) ;
#2127 = EDGE_LOOP ( 'NONE', ( #1619, #1803, #2434, #1550 ) ) ;
#2128 = APPLICATION_PROTOCOL_DEFINITION ( 'draft international standard', 'automotive_design', 1998, #1709 ) ;
#2129 = EDGE_CURVE ( 'NONE', #51, #2143, #1529, .T. ) ;
#2130 = DIRECTION ( 'NONE',  ( 0.000000000000000000, 0.000000000000000000, 1.000000000000000000 ) ) ;
#2131 = FACE_BOUND ( 'NONE', #2074, .T. ) ;
#2132 = VERTEX_POINT ( 'NONE', #213 ) ;
#2133 = VERTEX_POINT ( 'NONE', #609 ) ;
#2134 = CARTESIAN_POINT ( 'NONE',  ( 25.33493649053891872, 0.000000000000000000, 6.250000000000000888 ) ) ;
#2135 = ORIENTED_EDGE ( 'NONE', *, *, #505, .T. ) ;
#2136 = CARTESIAN_POINT ( 'NONE',  ( -24.99999999999999289, 0.000000000000000000, 7.500000000000000888 ) ) ;
#2137 = EDGE_CURVE ( 'NONE', #1075, #1476, #1345, .T. ) ;
#2138 = DIRECTION ( 'NONE',  ( -0.000000000000000000, 1.000000000000000000, -0.000000000000000000 ) ) ;
#2139 = CARTESIAN_POINT ( 'NONE',  ( -17.49999999999999645, 0.000000000000000000, 7.500000000000000888 ) ) ;
#2140 = VERTEX_POINT ( 'NONE', #1365 ) ;
#2141 = DIRECTION ( 'NONE',  ( 0.000000000000000000, 1.000000000000000000, 0.000000000000000000 ) ) ;
#2142 = CARTESIAN_POINT ( 'NONE',  ( 27.50000000000001066, 20.00000000000000000, 7.500000000000000888 ) ) ;
#2143 = VERTEX_POINT ( 'NONE', #12 ) ;
#2144 = ORIENTED_EDGE ( 'NONE', *, *, #114, .T. ) ;
#2145 = DIRECTION ( 'NONE',  ( 0.000000000000000000, 0.000000000000000000, 1.000000000000000000 ) ) ;
#2146 = VERTEX_POINT ( 'NONE', #1378 ) ;
#2147 = CARTESIAN_POINT ( 'NONE',  ( -62.49999999999999289, 0.000000000000000000, 7.500000000000000888 ) ) ;
#2148 = VECTOR ( 'NONE', #704, 1000.000000000000000 ) ;
#2149 = DIRECTION ( 'NONE',  ( -0.000000000000000000, -1.000000000000000000, 0.000000000000000000 ) ) ;
#2150 = LINE ( 'NONE', #1386, #963 ) ;
#2151 = ADVANCED_FACE ( 'NONE', ( #2131, #785, #2114, #1001 ), #404, .T. ) ;
#2152 = VERTEX_POINT ( 'NONE', #1820 ) ;
#2153 = ADVANCED_FACE ( 'NONE', ( #455 ), #1255, .T. ) ;
#2154 = PLANE ( 'NONE',  #1913 ) ;
#2155 = CARTESIAN_POINT ( 'NONE',  ( 53.16987298107780902, 0.000000000000000000, 5.000000000000002665 ) ) ;
#2156 = ORIENTED_EDGE ( 'NONE', *, *, #1744, .T. ) ;
#2157 = ORIENTED_EDGE ( 'NONE', *, *, #209, .F. ) ;
#2158 = CARTESIAN_POINT ( 'NONE',  ( 70.00000000000001421, 0.000000000000000000, -2.499999999999997780 ) ) ;
#2159 = ORIENTED_EDGE ( 'NONE', *, *, #1168, .F. ) ;
#2160 = CARTESIAN_POINT ( 'NONE',  ( 53.16987298107780902, 20.00000000000000000, 5.000000000000002665 ) ) ;
#2161 = AXIS2_PLACEMENT_3D ( 'NONE', #1671, #2085, #898 ) ;
#2162 = EDGE_CURVE ( 'NONE', #2225, #2119, #1141, .T. ) ;
#2163 = AXIS2_PLACEMENT_3D ( 'NONE', #1974, #1060, #297 ) ;
#2164 = VECTOR ( 'NONE', #1708, 1000.000000000000000 ) ;
#2165 = CARTESIAN_POINT ( 'NONE',  ( 65.00000000000000000, 0.000000000000000000, -4.299999999999991829 ) ) ;
#2166 = CARTESIAN_POINT ( 'NONE',  ( 2.834936490538911169, 0.000000000000000000, 6.250000000000000888 ) ) ;
#2167 = VECTOR ( 'NONE', #288, 1000.000000000000000 ) ;
#2168 = ORIENTED_EDGE ( 'NONE', *, *, #1996, .F. ) ;
#2169 = EDGE_CURVE ( 'NONE', #1120, #2174, #607, .T. ) ;
#2170 = DIRECTION ( 'NONE',  ( 0.000000000000000000, 0.000000000000000000, 1.000000000000000000 ) ) ;
#2171 = CARTESIAN_POINT ( 'NONE',  ( -51.24999999999999289, 0.000000000000000000, 7.431759166101048919 ) ) ;
#2172 = ORIENTED_EDGE ( 'NONE', *, *, #1437, .F. ) ;
#2173 = CARTESIAN_POINT ( 'NONE',  ( 12.49999999999999645, 0.000000000000000000, 7.500000000000000888 ) ) ;
#2174 = VERTEX_POINT ( 'NONE', #2171 ) ;
#2175 = DIRECTION ( 'NONE',  ( 0.000000000000000000, 0.000000000000000000, 1.000000000000000000 ) ) ;
#2176 = LINE ( 'NONE', #1209, #896 ) ;
#2177 = DIRECTION ( 'NONE',  ( -0.000000000000000000, -1.000000000000000000, -0.000000000000000000 ) ) ;
#2178 = ORIENTED_EDGE ( 'NONE', *, *, #1879, .T. ) ;
#2179 = CARTESIAN_POINT ( 'NONE',  ( -59.33012701892219098, 20.00000000000000000, 5.000000000000002665 ) ) ;
#2180 = CARTESIAN_POINT ( 'NONE',  ( 23.16987298107780902, 0.000000000000000000, 5.000000000000002665 ) ) ;
#2181 = ORIENTED_EDGE ( 'NONE', *, *, #2193, .F. ) ;
#2182 = EDGE_CURVE ( 'NONE', #2096, #854, #1892, .T. ) ;
#2183 = DIRECTION ( 'NONE',  ( -0.000000000000000000, -1.000000000000000000, 0.000000000000000000 ) ) ;
#2184 = CYLINDRICAL_SURFACE ( 'NONE', #1533, 1.799999999999993605 ) ;
#2185 = LINE ( 'NONE', #1834, #1013 ) ;
#2186 = DIRECTION ( 'NONE',  ( 0.000000000000000000, 0.000000000000000000, 1.000000000000000000 ) ) ;
#2187 = CIRCLE ( 'NONE', #1554, 2.500000000000004885 ) ;
#2188 = ORIENTED_EDGE ( 'NONE', *, *, #2137, .F. ) ;
#2189 = AXIS2_PLACEMENT_3D ( 'NONE', #584, #1353, #2101 ) ;
#2190 = DIRECTION ( 'NONE',  ( -0.000000000000000000, 1.000000000000000000, -0.000000000000000000 ) ) ;
#2191 = DIRECTION ( 'NONE',  ( 0.000000000000000000, 0.000000000000000000, -1.000000000000000000 ) ) ;
#2192 = EDGE_LOOP ( 'NONE', ( #136, #2019, #2241, #2233 ) ) ;
#2193 = EDGE_CURVE ( 'NONE', #1154, #564, #1500, .T. ) ;
#2194 = FACE_OUTER_BOUND ( 'NONE', #548, .T. ) ;
#2195 = CARTESIAN_POINT ( 'NONE',  ( -65.00000000000000000, 0.000000000000000000, -4.299999999999991829 ) ) ;
#2196 = EDGE_CURVE ( 'NONE', #1633, #1673, #1339, .T. ) ;
#2197 = CARTESIAN_POINT ( 'NONE',  ( -50.66987298107779480, 0.000000000000000000, 5.000000000000000888 ) ) ;
#2198 = CARTESIAN_POINT ( 'NONE',  ( -36.83012701892219098, 0.000000000000000000, 5.000000000000002665 ) ) ;
#2199 = VECTOR ( 'NONE', #881, 1000.000000000000000 ) ;
#2200 = ORIENTED_EDGE ( 'NONE', *, *, #1911, .T. ) ;
#2201 = CIRCLE ( 'NONE', #1373, 2.499999999999996003 ) ;
#2202 = AXIS2_PLACEMENT_3D ( 'NONE', #305, #1842, #112 ) ;
#2203 = CIRCLE ( 'NONE', #2246, 2.500000000000004885 ) ;
#2204 = ORIENTED_EDGE ( 'NONE', *, *, #1208, .F. ) ;
#2205 = FACE_OUTER_BOUND ( 'NONE', #1117, .T. ) ;
#2206 = CYLINDRICAL_SURFACE ( 'NONE', #1964, 1.799999999999993605 ) ;
#2207 = ORIENTED_EDGE ( 'NONE', *, *, #644, .T. ) ;
#2208 = DIRECTION ( 'NONE',  ( -0.000000000000000000, 1.000000000000000000, -0.000000000000000000 ) ) ;
#2209 = CARTESIAN_POINT ( 'NONE',  ( 25.33493649053891872, 20.00000000000000000, 6.250000000000000888 ) ) ;
#2210 = VERTEX_POINT ( 'NONE', #1802 ) ;
#2211 = DIRECTION ( 'NONE',  ( 0.000000000000000000, 0.000000000000000000, 1.000000000000000000 ) ) ;
#2212 = CARTESIAN_POINT ( 'NONE',  ( -35.66987298107779480, 0.000000000000000000, 5.000000000000000888 ) ) ;
#2213 = EDGE_CURVE ( 'NONE', #806, #1922, #1816, .T. ) ;
#2214 = ORIENTED_EDGE ( 'NONE', *, *, #1066, .F. ) ;
#2215 = ORIENTED_EDGE ( 'NONE', *, *, #1475, .F. ) ;
#2216 = CYLINDRICAL_SURFACE ( 'NONE', #105, 2.499999999999996003 ) ;
#2217 = CARTESIAN_POINT ( 'NONE',  ( 25.33493649053891872, 0.000000000000000000, 6.250000000000000888 ) ) ;
#2218 = ORIENTED_EDGE ( 'NONE', *, *, #1547, .F. ) ;
#2219 = DIRECTION ( 'NONE',  ( -0.000000000000000000, -1.000000000000000000, 0.000000000000000000 ) ) ;
#2220 = DIRECTION ( 'NONE',  ( 0.000000000000000000, 1.000000000000000000, 0.000000000000000000 ) ) ;
#2221 = DIRECTION ( 'NONE',  ( -0.000000000000000000, 1.000000000000000000, -0.000000000000000000 ) ) ;
#2222 = DIRECTION ( 'NONE',  ( -0.000000000000000000, -1.000000000000000000, 0.000000000000000000 ) ) ;
#2223 = CIRCLE ( 'NONE', #1677, 2.499999999999996003 ) ;
#2224 = EDGE_LOOP ( 'NONE', ( #131, #1158, #1530, #659 ) ) ;
#2225 = VERTEX_POINT ( 'NONE', #673 ) ;
#2226 = EDGE_CURVE ( 'NONE', #292, #2096, #2043, .T. ) ;
#2227 = CIRCLE ( 'NONE', #1281, 2.500000000000004885 ) ;
#2228 = ORIENTED_EDGE ( 'NONE', *, *, #1490, .F. ) ;
#2229 = AXIS2_PLACEMENT_3D ( 'NONE', #2179, #1042, #1189 ) ;
#2230 = EDGE_CURVE ( 'NONE', #2335, #1750, #1258, .T. ) ;
#2231 = DIRECTION ( 'NONE',  ( 0.000000000000000000, 0.000000000000000000, 1.000000000000000000 ) ) ;
#2232 = DIRECTION ( 'NONE',  ( -0.000000000000000000, 1.000000000000000000, -0.000000000000000000 ) ) ;
#2233 = ORIENTED_EDGE ( 'NONE', *, *, #929, .T. ) ;
#2234 = CARTESIAN_POINT ( 'NONE',  ( 17.83493649053891161, 20.00000000000000000, 6.250000000000000888 ) ) ;
#2235 = CYLINDRICAL_SURFACE ( 'NONE', #773, 2.499999999999996003 ) ;
#2236 = DIRECTION ( 'NONE',  ( 0.000000000000000000, 0.000000000000000000, 1.000000000000000000 ) ) ;
#2237 = ORIENTED_EDGE ( 'NONE', *, *, #188, .F. ) ;
#2238 = AXIS2_PLACEMENT_3D ( 'NONE', #2285, #217, #580 ) ;
#2239 = AXIS2_PLACEMENT_3D ( 'NONE', #187, #2080, #1190 ) ;
#2240 = EDGE_CURVE ( 'NONE', #1745, #1958, #856, .T. ) ;
#2241 = ORIENTED_EDGE ( 'NONE', *, *, #2270, .T. ) ;
#2242 = VECTOR ( 'NONE', #1858, 1000.000000000000000 ) ;
#2243 = DIRECTION ( 'NONE',  ( 0.000000000000000000, 0.000000000000000000, -1.000000000000000000 ) ) ;
#2244 = CYLINDRICAL_SURFACE ( 'NONE', #1536, 2.500000000000003997 ) ;
#2245 = ORIENTED_EDGE ( 'NONE', *, *, #1718, .T. ) ;
#2246 = AXIS2_PLACEMENT_3D ( 'NONE', #24, #579, #961 ) ;
#2247 = EDGE_CURVE ( 'NONE', #2349, #1663, #1028, .T. ) ;
#2248 = CARTESIAN_POINT ( 'NONE',  ( 2.204364238465235083E-16, 0.000000000000000000, -4.299999999999998046 ) ) ;
#2249 = DIRECTION ( 'NONE',  ( 0.000000000000000000, 0.000000000000000000, 1.000000000000000000 ) ) ;
#2250 = DIRECTION ( 'NONE',  ( 0.000000000000000000, 0.000000000000000000, 1.000000000000000000 ) ) ;
#2251 = DIRECTION ( 'NONE',  ( -0.000000000000000000, 1.000000000000000000, -0.000000000000000000 ) ) ;
#2252 = ORIENTED_EDGE ( 'NONE', *, *, #1535, .F. ) ;
#2253 = VERTEX_POINT ( 'NONE', #1202 ) ;
#2254 = LINE ( 'NONE', #1147, #1196 ) ;
#2255 = DIRECTION ( 'NONE',  ( -0.000000000000000000, -1.000000000000000000, 0.000000000000000000 ) ) ;
#2256 = VERTEX_POINT ( 'NONE', #278 ) ;
#2257 = CARTESIAN_POINT ( 'NONE',  ( -21.24999999999999289, 10.00000000000000000, 7.431759166101049807 ) ) ;
#2258 = DIRECTION ( 'NONE',  ( -0.000000000000000000, 1.000000000000000000, -0.000000000000000000 ) ) ;
#2259 = ADVANCED_FACE ( 'NONE', ( #1954 ), #1016, .F. ) ;
#2260 = CYLINDRICAL_SURFACE ( 'NONE', #167, 2.500000000000004885 ) ;
#2261 = FACE_OUTER_BOUND ( 'NONE', #1628, .T. ) ;
#2262 = ORIENTED_EDGE ( 'NONE', *, *, #745, .F. ) ;
#2263 = CIRCLE ( 'NONE', #1848, 2.499999999999996003 ) ;
#2264 = ORIENTED_EDGE ( 'NONE', *, *, #1512, .F. ) ;
#2265 = DIRECTION ( 'NONE',  ( -0.000000000000000000, 1.000000000000000000, -0.000000000000000000 ) ) ;
#2266 = CIRCLE ( 'NONE', #2423, 2.500000000000003997 ) ;
#2267 = CARTESIAN_POINT ( 'NONE',  ( -28.16987298107779480, 20.00000000000000000, 5.000000000000000888 ) ) ;
#2268 = DIRECTION ( 'NONE',  ( -0.000000000000000000, 1.000000000000000000, -0.000000000000000000 ) ) ;
#2269 = ORIENTED_EDGE ( 'NONE', *, *, #1342, .F. ) ;
#2270 = EDGE_CURVE ( 'NONE', #47, #423, #662, .T. ) ;
#2271 = CARTESIAN_POINT ( 'NONE',  ( 69.33012701892221230, 20.00000000000000000, 5.000000000000000888 ) ) ;
#2272 = LINE ( 'NONE', #1115, #557 ) ;
#2273 = EDGE_CURVE ( 'NONE', #125, #292, #2348, .T. ) ;
#2274 = VERTEX_POINT ( 'NONE', #441 ) ;
#2275 = EDGE_LOOP ( 'NONE', ( #619, #2159, #2172, #295 ) ) ;
#2276 = CIRCLE ( 'NONE', #1212, 2.500000000000003997 ) ;
#2277 = CIRCLE ( 'NONE', #1213, 1.799999999999993605 ) ;
#2278 = CARTESIAN_POINT ( 'NONE',  ( 38.75000000000000711, 10.00000000000000000, 7.431759166101047143 ) ) ;
#2279 = CARTESIAN_POINT ( 'NONE',  ( 1.250000000000010214, 10.00000000000000000, 7.431759166101048919 ) ) ;
#2280 = CIRCLE ( 'NONE', #1925, 2.499999999999996003 ) ;
#2281 = ORIENTED_EDGE ( 'NONE', *, *, #1350, .T. ) ;
#2282 = CIRCLE ( 'NONE', #1057, 2.499999999999996003 ) ;
#2283 = VECTOR ( 'NONE', #179, 1000.000000000000000 ) ;
#2284 = CARTESIAN_POINT ( 'NONE',  ( 5.000000000000004441, 20.00000000000000000, 7.500000000000000888 ) ) ;
#2285 = CARTESIAN_POINT ( 'NONE',  ( 46.83012701892219809, 20.00000000000000000, 5.000000000000000888 ) ) ;
#2286 = DIRECTION ( 'NONE',  ( -0.000000000000000000, 1.000000000000000000, -0.000000000000000000 ) ) ;
#2287 = EDGE_CURVE ( 'NONE', #2132, #2096, #1614, .T. ) ;
#2288 = ORIENTED_EDGE ( 'NONE', *, *, #683, .T. ) ;
#2289 = DIRECTION ( 'NONE',  ( 0.000000000000000000, 0.000000000000000000, 1.000000000000000000 ) ) ;
#2290 = LINE ( 'NONE', #1333, #1414 ) ;
#2291 = DIRECTION ( 'NONE',  ( 0.000000000000000000, -0.000000000000000000, -1.000000000000000000 ) ) ;
#2292 = CYLINDRICAL_SURFACE ( 'NONE', #807, 2.500000000000004885 ) ;
#2293 = CARTESIAN_POINT ( 'NONE',  ( -59.33012701892219098, 0.000000000000000000, 5.000000000000002665 ) ) ;
#2294 = EDGE_CURVE ( 'NONE', #1047, #829, #1569, .T. ) ;
#2295 = EDGE_LOOP ( 'NONE', ( #914, #1330, #667, #1712 ) ) ;
#2296 = AXIS2_PLACEMENT_3D ( 'NONE', #32, #1584, #440 ) ;
#2297 = EDGE_CURVE ( 'NONE', #1031, #512, #1769, .T. ) ;
#2298 = AXIS2_PLACEMENT_3D ( 'NONE', #1825, #643, #1645 ) ;
#2299 = FACE_OUTER_BOUND ( 'NONE', #1183, .T. ) ;
#2300 = DIRECTION ( 'NONE',  ( 0.000000000000000000, 0.000000000000000000, 1.000000000000000000 ) ) ;
#2301 = ORIENTED_EDGE ( 'NONE', *, *, #394, .T. ) ;
#2302 = LINE ( 'NONE', #787, #42 ) ;
#2303 = CIRCLE ( 'NONE', #2419, 2.499999999999996003 ) ;
#2304 = LINE ( 'NONE', #1722, #1960 ) ;
#2305 = CARTESIAN_POINT ( 'NONE',  ( 32.83493649053890806, 0.000000000000000000, 6.250000000000000888 ) ) ;
#2306 = DIRECTION ( 'NONE',  ( -0.000000000000000000, 1.000000000000000000, -0.000000000000000000 ) ) ;
#2307 = ORIENTED_EDGE ( 'NONE', *, *, #2436, .F. ) ;
#2308 = ADVANCED_FACE ( 'NONE', ( #649 ), #2244, .T. ) ;
#2309 = DIRECTION ( 'NONE',  ( 0.000000000000000000, 0.000000000000000000, 1.000000000000000000 ) ) ;
#2310 = DIRECTION ( 'NONE',  ( 0.000000000000000000, 0.000000000000000000, 1.000000000000000000 ) ) ;
#2311 = EDGE_CURVE ( 'NONE', #2210, #147, #550, .T. ) ;
#2312 = VECTOR ( 'NONE', #1739, 1000.000000000000000 ) ;
#2313 = ORIENTED_EDGE ( 'NONE', *, *, #1352, .F. ) ;
#2314 = CARTESIAN_POINT ( 'NONE',  ( 44.66506350946109194, 0.000000000000000000, 6.250000000000000888 ) ) ;
#2315 = ORIENTED_EDGE ( 'NONE', *, *, #114, .F. ) ;
#2316 = AXIS2_PLACEMENT_3D ( 'NONE', #1829, #2255, #1493 ) ;
#2317 = CYLINDRICAL_SURFACE ( 'NONE', #647, 2.500000000000004885 ) ;
#2318 = AXIS2_PLACEMENT_3D ( 'NONE', #652, #2350, #840 ) ;
#2319 = CYLINDRICAL_SURFACE ( 'NONE', #2037, 2.500000000000003997 ) ;
#2320 = CYLINDRICAL_SURFACE ( 'NONE', #1161, 2.499999999999996003 ) ;
#2321 = ORIENTED_EDGE ( 'NONE', *, *, #1996, .T. ) ;
#2322 = CARTESIAN_POINT ( 'NONE',  ( -67.83493649053889385, 0.000000000000000000, 6.250000000000000888 ) ) ;
#2323 = DIRECTION ( 'NONE',  ( 0.000000000000000000, -0.000000000000000000, -1.000000000000000000 ) ) ;
#2324 = ORIENTED_EDGE ( 'NONE', *, *, #2270, .F. ) ;
#2325 = VERTEX_POINT ( 'NONE', #1481 ) ;
#2326 = EDGE_CURVE ( 'NONE', #52, #2328, #122, .T. ) ;
#2327 = CARTESIAN_POINT ( 'NONE',  ( 40.33493649053890096, 20.00000000000000000, 6.250000000000000888 ) ) ;
#2328 = VERTEX_POINT ( 'NONE', #1665 ) ;
#2329 = CARTESIAN_POINT ( 'NONE',  ( -21.83012701892219454, 0.000000000000000000, 5.000000000000002665 ) ) ;
#2330 = CARTESIAN_POINT ( 'NONE',  ( 31.25000000000001421, 0.000000000000000000, 7.431759166101047143 ) ) ;
#2331 = CARTESIAN_POINT ( 'NONE',  ( 46.25000000000000711, 0.000000000000000000, 7.431759166101048919 ) ) ;
#2332 = ORIENTED_EDGE ( 'NONE', *, *, #2162, .T. ) ;
#2333 = DIRECTION ( 'NONE',  ( -0.000000000000000000, 1.000000000000000000, -0.000000000000000000 ) ) ;
#2334 = DIRECTION ( 'NONE',  ( -0.000000000000000000, -1.000000000000000000, 0.000000000000000000 ) ) ;
#2335 = VERTEX_POINT ( 'NONE', #2217 ) ;
#2336 = CIRCLE ( 'NONE', #1908, 2.500000000000004885 ) ;
#2337 = ORIENTED_EDGE ( 'NONE', *, *, #1836, .F. ) ;
#2338 = DIRECTION ( 'NONE',  ( 0.000000000000000000, 0.000000000000000000, -1.000000000000000000 ) ) ;
#2339 = ORIENTED_EDGE ( 'NONE', *, *, #2406, .T. ) ;
#2340 = DIRECTION ( 'NONE',  ( 0.000000000000000000, 1.000000000000000000, 0.000000000000000000 ) ) ;
#2341 = AXIS2_PLACEMENT_3D ( 'NONE', #1111, #2208, #905 ) ;
#2342 = VECTOR ( 'NONE', #498, 1000.000000000000000 ) ;
#2343 = DIRECTION ( 'NONE',  ( 0.000000000000000000, 1.000000000000000000, 0.000000000000000000 ) ) ;
#2344 = CYLINDRICAL_SURFACE ( 'NONE', #2298, 2.500000000000003997 ) ;
#2345 = ADVANCED_FACE ( 'NONE', ( #523 ), #1291, .T. ) ;
#2346 = ORIENTED_EDGE ( 'NONE', *, *, #302, .T. ) ;
#2347 = CYLINDRICAL_SURFACE ( 'NONE', #144, 2.499999999999996003 ) ;
#2348 = LINE ( 'NONE', #1404, #367 ) ;
#2349 = VERTEX_POINT ( 'NONE', #916 ) ;
#2350 = DIRECTION ( 'NONE',  ( 0.000000000000000000, 1.000000000000000000, 0.000000000000000000 ) ) ;
#2351 = ORIENTED_EDGE ( 'NONE', *, *, #2123, .F. ) ;
#2352 = DIRECTION ( 'NONE',  ( -0.000000000000000000, -1.000000000000000000, 0.000000000000000000 ) ) ;
#2353 = AXIS2_PLACEMENT_3D ( 'NONE', #460, #2340, #1984 ) ;
#2354 = CIRCLE ( 'NONE', #940, 2.499999999999996003 ) ;
#2355 = AXIS2_PLACEMENT_3D ( 'NONE', #2058, #511, #344 ) ;
#2356 = CARTESIAN_POINT ( 'NONE',  ( -21.83012701892219454, 20.00000000000000000, 5.000000000000002665 ) ) ;
#2357 = CARTESIAN_POINT ( 'NONE',  ( -67.83493649053889385, 0.000000000000000000, 6.250000000000000888 ) ) ;
#2358 = CIRCLE ( 'NONE', #813, 2.499999999999996003 ) ;
#2359 = AXIS2_PLACEMENT_3D ( 'NONE', #294, #2006, #468 ) ;
#2360 = EDGE_LOOP ( 'NONE', ( #1713, #377, #638, #1942 ) ) ;
#2361 = EDGE_CURVE ( 'NONE', #2007, #1469, #654, .T. ) ;
#2362 = DIRECTION ( 'NONE',  ( 0.000000000000000000, 0.000000000000000000, 1.000000000000000000 ) ) ;
#2363 = CARTESIAN_POINT ( 'NONE',  ( 62.83493649053892227, 0.000000000000000000, 6.250000000000000888 ) ) ;
#2364 = ORIENTED_EDGE ( 'NONE', *, *, #155, .F. ) ;
#2365 = CARTESIAN_POINT ( 'NONE',  ( 20.00000000000000355, 0.000000000000000000, 7.500000000000000888 ) ) ;
#2366 = ORIENTED_EDGE ( 'NONE', *, *, #2169, .T. ) ;
#2367 = CARTESIAN_POINT ( 'NONE',  ( 17.83493649053891161, 0.000000000000000000, 6.250000000000000888 ) ) ;
#2368 = VERTEX_POINT ( 'NONE', #686 ) ;
#2369 = CARTESIAN_POINT ( 'NONE',  ( -6.249999999999990230, 20.00000000000000000, 7.431759166101050695 ) ) ;
#2370 = LINE ( 'NONE', #681, #1040 ) ;
#2371 = PRODUCT_DEFINITION_CONTEXT ( 'detailed design', #844, 'design' ) ;
#2372 = ORIENTED_EDGE ( 'NONE', *, *, #117, .T. ) ;
#2373 = EDGE_CURVE ( 'NONE', #1104, #874, #101, .T. ) ;
#2374 = DIRECTION ( 'NONE',  ( -0.000000000000000000, -1.000000000000000000, -0.000000000000000000 ) ) ;
#2375 = DIRECTION ( 'NONE',  ( 0.000000000000000000, 0.000000000000000000, 1.000000000000000000 ) ) ;
#2376 = VERTEX_POINT ( 'NONE', #341 ) ;
#2377 = EDGE_CURVE ( 'NONE', #1315, #2274, #1654, .T. ) ;
#2378 = DIRECTION ( 'NONE',  ( 0.000000000000000000, 0.000000000000000000, 1.000000000000000000 ) ) ;
#2379 = CARTESIAN_POINT ( 'NONE',  ( -65.00000000000000000, 0.000000000000000000, -0.7000000000000050626 ) ) ;
#2380 = CIRCLE ( 'NONE', #1989, 2.500000000000004885 ) ;
#2381 = DIRECTION ( 'NONE',  ( 0.000000000000000000, 0.000000000000000000, 1.000000000000000000 ) ) ;
#2382 = AXIS2_PLACEMENT_3D ( 'NONE', #669, #1273, #275 ) ;
#2383 = CARTESIAN_POINT ( 'NONE',  ( 55.33493649053891517, 20.00000000000000000, 6.250000000000000888 ) ) ;
#2384 = CIRCLE ( 'NONE', #1041, 2.500000000000004885 ) ;
#2385 = EDGE_LOOP ( 'NONE', ( #353, #1725, #1128, #1919 ) ) ;
#2386 = ORIENTED_EDGE ( 'NONE', *, *, #1477, .F. ) ;
#2387 = CARTESIAN_POINT ( 'NONE',  ( 40.33493649053890096, 0.000000000000000000, 6.250000000000000888 ) ) ;
#2388 = FACE_OUTER_BOUND ( 'NONE', #1116, .T. ) ;
#2389 = ORIENTED_EDGE ( 'NONE', *, *, #197, .F. ) ;
#2390 = DIRECTION ( 'NONE',  ( -0.000000000000000000, 1.000000000000000000, -0.000000000000000000 ) ) ;
#2391 = CARTESIAN_POINT ( 'NONE',  ( -13.16987298107779480, 0.000000000000000000, 5.000000000000000888 ) ) ;
#2392 = ADVANCED_FACE ( 'NONE', ( #1853 ), #2206, .F. ) ;
#2393 = DIRECTION ( 'NONE',  ( 0.000000000000000000, 1.000000000000000000, 0.000000000000000000 ) ) ;
#2394 = DIRECTION ( 'NONE',  ( -0.000000000000000000, -1.000000000000000000, 0.000000000000000000 ) ) ;
#2395 = VECTOR ( 'NONE', #1941, 1000.000000000000000 ) ;
#2396 = ORIENTED_EDGE ( 'NONE', *, *, #2193, .T. ) ;
#2397 = CIRCLE ( 'NONE', #975, 2.500000000000004885 ) ;
#2398 = CIRCLE ( 'NONE', #1177, 2.500000000000004885 ) ;
#2399 = ORIENTED_EDGE ( 'NONE', *, *, #984, .T. ) ;
#2400 = CARTESIAN_POINT ( 'NONE',  ( 60.66987298107781612, 0.000000000000000000, 5.000000000000002665 ) ) ;
#2401 = DIRECTION ( 'NONE',  ( 0.000000000000000000, 1.000000000000000000, 0.000000000000000000 ) ) ;
#2402 = VERTEX_POINT ( 'NONE', #1507 ) ;
#2403 = DIRECTION ( 'NONE',  ( 0.000000000000000000, 0.000000000000000000, -1.000000000000000000 ) ) ;
#2404 = DIRECTION ( 'NONE',  ( -0.000000000000000000, 1.000000000000000000, -0.000000000000000000 ) ) ;
#2405 = VERTEX_POINT ( 'NONE', #127 ) ;
#2406 = EDGE_CURVE ( 'NONE', #636, #582, #2413, .T. ) ;
#2407 = CYLINDRICAL_SURFACE ( 'NONE', #1017, 5.000000000000000000 ) ;
#2408 = CARTESIAN_POINT ( 'NONE',  ( 0.6698729810778042415, 0.000000000000000000, 5.000000000000002665 ) ) ;
#2409 = EDGE_CURVE ( 'NONE', #318, #1276, #2121, .T. ) ;
#2410 = ORIENTED_EDGE ( 'NONE', *, *, #688, .T. ) ;
#2411 = ORIENTED_EDGE ( 'NONE', *, *, #1793, .T. ) ;
#2412 = CARTESIAN_POINT ( 'NONE',  ( -15.33493649053890096, 0.000000000000000000, 6.250000000000000888 ) ) ;
#2413 = LINE ( 'NONE', #539, #810 ) ;
#2414 = ORIENTED_EDGE ( 'NONE', *, *, #796, .T. ) ;
#2415 = LINE ( 'NONE', #1320, #761 ) ;
#2416 = CARTESIAN_POINT ( 'NONE',  ( -65.00000000000000000, 20.00000000000000000, -0.7000000000000050626 ) ) ;
#2417 = ORIENTED_EDGE ( 'NONE', *, *, #1545, .T. ) ;
#2418 = DIRECTION ( 'NONE',  ( 0.000000000000000000, 0.000000000000000000, -1.000000000000000000 ) ) ;
#2419 = AXIS2_PLACEMENT_3D ( 'NONE', #1917, #200, #1403 ) ;
#2420 = CIRCLE ( 'NONE', #1480, 2.500000000000003997 ) ;
#2421 = VERTEX_POINT ( 'NONE', #496 ) ;
#2422 = ADVANCED_FACE ( 'NONE', ( #1119 ), #1678, .T. ) ;
#2423 = AXIS2_PLACEMENT_3D ( 'NONE', #1804, #77, #1232 ) ;
#2424 = ORIENTED_EDGE ( 'NONE', *, *, #379, .T. ) ;
#2425 = AXIS2_PLACEMENT_3D ( 'NONE', #2017, #711, #2243 ) ;
#2426 = CARTESIAN_POINT ( 'NONE',  ( 70.00000000000001421, 20.00000000000000000, 6.703125096583006481 ) ) ;
#2427 = CARTESIAN_POINT ( 'NONE',  ( -9.999999999999994671, 20.00000000000000000, 7.500000000000000888 ) ) ;
#2428 = VERTEX_POINT ( 'NONE', #743 ) ;
#2429 = DIRECTION ( 'NONE',  ( -0.000000000000000000, 1.000000000000000000, -0.000000000000000000 ) ) ;
#2430 = DIRECTION ( 'NONE',  ( 0.000000000000000000, 0.000000000000000000, -1.000000000000000000 ) ) ;
#2431 = ORIENTED_EDGE ( 'NONE', *, *, #1446, .F. ) ;
#2432 = DIRECTION ( 'NONE',  ( 0.000000000000000000, 1.000000000000000000, 0.000000000000000000 ) ) ;
#2433 = DIRECTION ( 'NONE',  ( -0.000000000000000000, -1.000000000000000000, 0.000000000000000000 ) ) ;
#2434 = ORIENTED_EDGE ( 'NONE', *, *, #770, .F. ) ;
#2435 = AXIS2_PLACEMENT_3D ( 'NONE', #577, #754, #2310 ) ;
#2436 = EDGE_CURVE ( 'NONE', #1673, #87, #2282, .T. ) ;
#2437 = ORIENTED_EDGE ( 'NONE', *, *, #1970, .T. ) ;
#2438 = VECTOR ( 'NONE', #57, 1000.000000000000000 ) ;
#2439 = CIRCLE ( 'NONE', #2316, 2.500000000000003997 ) ;
#2440 = DIRECTION ( 'NONE',  ( -0.000000000000000000, 1.000000000000000000, -0.000000000000000000 ) ) ;
#2441 = DIRECTION ( 'NONE',  ( 0.000000000000000000, 1.000000000000000000, 0.000000000000000000 ) ) ;
#2442 = EDGE_LOOP ( 'NONE', ( #1787, #1466, #1508, #1022 ) ) ;
#2443 = AXIS2_PLACEMENT_3D ( 'NONE', #1542, #757, #613 ) ;
#2444 = DIRECTION ( 'NONE',  ( -0.000000000000000000, 1.000000000000000000, -0.000000000000000000 ) ) ;
#2445 = DIRECTION ( 'NONE',  ( -0.000000000000000000, 1.000000000000000000, -0.000000000000000000 ) ) ;
#2446 = CARTESIAN_POINT ( 'NONE',  ( 0.000000000000000000, 20.00000000000000000, 0.000000000000000000 ) ) ;
#2447 = CARTESIAN_POINT ( 'NONE',  ( -65.00000000000000000, 20.00000000000000000, -2.499999999999998668 ) ) ;
#2448 = ORIENTED_EDGE ( 'NONE', *, *, #1049, .T. ) ;
#2449 = EDGE_CURVE ( 'NONE', #1776, #1274, #2439, .T. ) ;
#2450 = ORIENTED_EDGE ( 'NONE', *, *, #970, .T. ) ;
#2451 = CYLINDRICAL_SURFACE ( 'NONE', #791, 2.500000000000004885 ) ;
#2452 = ADVANCED_FACE ( 'NONE', ( #2388 ), #1455, .F. ) ;
#2453 = DIRECTION ( 'NONE',  ( 0.000000000000000000, 0.000000000000000000, -1.000000000000000000 ) ) ;
#2454 = CARTESIAN_POINT ( 'NONE',  ( -65.00000000000000000, 0.000000000000000000, -2.499999999999998668 ) ) ;
#2455 = ORIENTED_EDGE ( 'NONE', *, *, #205, .F. ) ;
#2456 = EDGE_CURVE ( 'NONE', #1392, #2335, #1374, .T. ) ;
#2457 = DIRECTION ( 'NONE',  ( 0.000000000000000000, 1.000000000000000000, 0.000000000000000000 ) ) ;
#2458 = CARTESIAN_POINT ( 'NONE',  ( -6.830127018922188320, 20.00000000000000000, 5.000000000000002665 ) ) ;
#2459 = ORIENTED_EDGE ( 'NONE', *, *, #233, .F. ) ;
#2460 = CIRCLE ( 'NONE', #2382, 2.500000000000004885 ) ;
#2461 = ORIENTED_EDGE ( 'NONE', *, *, #1857, .F. ) ;
#2462 = CARTESIAN_POINT ( 'NONE',  ( 31.25000000000001421, 20.00000000000000000, 7.431759166101047143 ) ) ;
#2463 =( NAMED_UNIT ( * ) PLANE_ANGLE_UNIT ( ) SI_UNIT ( $, .RADIAN. ) );
#2464 = AXIS2_PLACEMENT_3D ( 'NONE', #1600, #1420, #1577 ) ;
#2465 = LINE ( 'NONE', #2278, #918 ) ;
#2466 = LINE ( 'NONE', #1541, #1370 ) ;
#2467 = ORIENTED_EDGE ( 'NONE', *, *, #31, .F. ) ;
#2468 = ORIENTED_EDGE ( 'NONE', *, *, #220, .T. ) ;
#2469 = EDGE_CURVE ( 'NONE', #45, #1425, #694, .T. ) ;
#2470 = DIRECTION ( 'NONE',  ( -0.000000000000000000, 1.000000000000000000, -0.000000000000000000 ) ) ;
#2471 = CARTESIAN_POINT ( 'NONE',  ( -36.24999999999999289, 0.000000000000000000, 7.431759166101048919 ) ) ;
#2472 = CARTESIAN_POINT ( 'NONE',  ( 15.66987298107780369, 0.000000000000000000, 5.000000000000002665 ) ) ;
#2473 = ORIENTED_EDGE ( 'NONE', *, *, #1545, .F. ) ;
#2474 = AXIS2_PLACEMENT_3D ( 'NONE', #1287, #2251, #1103 ) ;
#2475 = AXIS2_PLACEMENT_3D ( 'NONE', #2454, #2220, #1460 ) ;
#2476 = CARTESIAN_POINT ( 'NONE',  ( 61.25000000000002132, 20.00000000000000000, 7.431759166101048919 ) ) ;
ENDSEC;
END-ISO-10303-21;
