ISO-10303-21;
HEADER;
FILE_DESCRIPTION (( 'STEP AP214' ),
    '1' );
FILE_NAME ('GripperBaseButtom.step',
    '2026-08-28T16:11:12',
    ( '' ),
    ( '' ),
    'SwSTEP 2.0',
    'SolidWorks 2024',
    '' );
FILE_SCHEMA (( 'AUTOMOTIVE_DESIGN' ));
ENDSEC;

DATA;
#1 = CARTESIAN_POINT ( 'NONE',  ( -39.99999999999999289, 0.000000000000000000, 88.40000000000000568 ) ) ;
#2 = ORIENTED_EDGE ( 'NONE', *, *, #987, .T. ) ;
#3 = DIRECTION ( 'NONE',  ( 0.000000000000000000, -1.000000000000000000, 0.000000000000000000 ) ) ;
#4 = ORIENTED_EDGE ( 'NONE', *, *, #62, .T. ) ;
#5 = CARTESIAN_POINT ( 'NONE',  ( -29.99999999999999289, 10.00000000000000000, 0.000000000000000000 ) ) ;
#6 = DIRECTION ( 'NONE',  ( -0.000000000000000000, 1.000000000000000000, -0.000000000000000000 ) ) ;
#7 = CIRCLE ( 'NONE', #96, 1.599999999999997202 ) ;
#8 = VERTEX_POINT ( 'NONE', #653 ) ;
#9 = EDGE_CURVE ( 'NONE', #899, #8, #325, .T. ) ;
#10 = FACE_BOUND ( 'NONE', #779, .T. ) ;
#11 = CARTESIAN_POINT ( 'NONE',  ( 40.00000000000000711, 0.000000000000000000, 120.0000000000000142 ) ) ;
#12 = ORIENTED_EDGE ( 'NONE', *, *, #311, .F. ) ;
#13 = CARTESIAN_POINT ( 'NONE',  ( 0.000000000000000000, 0.000000000000000000, 15.00000000000000000 ) ) ;
#14 = AXIS2_PLACEMENT_3D ( 'NONE', #87, #1115, #200 ) ;
#15 = CYLINDRICAL_SURFACE ( 'NONE', #962, 1.599999999999997202 ) ;
#16 = ORIENTED_EDGE ( 'NONE', *, *, #840, .T. ) ;
#17 = VECTOR ( 'NONE', #1164, 1000.000000000000000 ) ;
#18 = CARTESIAN_POINT ( 'NONE',  ( 30.00000000000000711, 0.000000000000000000, 89.99999999999998579 ) ) ;
#19 = LINE ( 'NONE', #805, #37 ) ;
#20 = ADVANCED_FACE ( 'NONE', ( #173 ), #1427, .F. ) ;
#21 = DIRECTION ( 'NONE',  ( 0.000000000000000000, 0.000000000000000000, -1.000000000000000000 ) ) ;
#22 = ORIENTED_EDGE ( 'NONE', *, *, #1260, .F. ) ;
#23 = FACE_BOUND ( 'NONE', #285, .T. ) ;
#24 = DIRECTION ( 'NONE',  ( -0.000000000000000000, 1.000000000000000000, 0.000000000000000000 ) ) ;
#25 = EDGE_CURVE ( 'NONE', #238, #581, #731, .T. ) ;
#26 = DIRECTION ( 'NONE',  ( -0.000000000000000000, 1.000000000000000000, -0.000000000000000000 ) ) ;
#27 = ORIENTED_EDGE ( 'NONE', *, *, #347, .F. ) ;
#28 = ADVANCED_FACE ( 'NONE', ( #1202 ), #1456, .F. ) ;
#29 = DIRECTION ( 'NONE',  ( 0.000000000000000000, 1.000000000000000000, 0.000000000000000000 ) ) ;
#30 = CARTESIAN_POINT ( 'NONE',  ( 20.00000000000000355, 10.00000000000000000, 79.99999999999998579 ) ) ;
#31 = FACE_OUTER_BOUND ( 'NONE', #574, .T. ) ;
#32 = EDGE_CURVE ( 'NONE', #758, #596, #397, .T. ) ;
#33 = ORIENTED_EDGE ( 'NONE', *, *, #575, .F. ) ;
#34 = CIRCLE ( 'NONE', #470, 1.599999999999997202 ) ;
#35 = VECTOR ( 'NONE', #547, 1000.000000000000000 ) ;
#36 = FACE_BOUND ( 'NONE', #540, .T. ) ;
#37 = VECTOR ( 'NONE', #924, 1000.000000000000000 ) ;
#38 = CYLINDRICAL_SURFACE ( 'NONE', #913, 15.00000000000000000 ) ;
#39 = DIRECTION ( 'NONE',  ( -0.000000000000000000, 1.000000000000000000, -0.000000000000000000 ) ) ;
#40 = EDGE_LOOP ( 'NONE', ( #480, #1183, #1099, #567 ) ) ;
#41 = EDGE_CURVE ( 'NONE', #1035, #208, #154, .T. ) ;
#42 = DIRECTION ( 'NONE',  ( 0.000000000000000000, 0.000000000000000000, 1.000000000000000000 ) ) ;
#43 = VERTEX_POINT ( 'NONE', #982 ) ;
#44 = FACE_OUTER_BOUND ( 'NONE', #348, .T. ) ;
#45 = CARTESIAN_POINT ( 'NONE',  ( 30.00000000000000000, 0.000000000000000000, 10.00000000000000178 ) ) ;
#46 = VERTEX_POINT ( 'NONE', #1332 ) ;
#47 = AXIS2_PLACEMENT_3D ( 'NONE', #1328, #410, #301 ) ;
#48 = ADVANCED_FACE ( 'NONE', ( #1107 ), #1342, .F. ) ;
#49 = CYLINDRICAL_SURFACE ( 'NONE', #613, 9.999999999999994671 ) ;
#50 = CARTESIAN_POINT ( 'NONE',  ( -29.99999999999999289, 0.000000000000000000, 130.0000000000000000 ) ) ;
#51 = EDGE_LOOP ( 'NONE', ( #1400, #677, #100, #1156 ) ) ;
#52 = DIRECTION ( 'NONE',  ( 0.000000000000000000, 0.000000000000000000, -1.000000000000000000 ) ) ;
#53 = AXIS2_PLACEMENT_3D ( 'NONE', #1016, #94, #1128 ) ;
#54 = CARTESIAN_POINT ( 'NONE',  ( 40.00000000000001421, 0.000000000000000000, 120.0000000000000000 ) ) ;
#55 = CIRCLE ( 'NONE', #1411, 1.599999999999997202 ) ;
#56 = CARTESIAN_POINT ( 'NONE',  ( -39.99999999999999289, 0.000000000000000000, 120.0000000000000284 ) ) ;
#57 = ORIENTED_EDGE ( 'NONE', *, *, #233, .F. ) ;
#58 = ORIENTED_EDGE ( 'NONE', *, *, #925, .F. ) ;
#59 = DIRECTION ( 'NONE',  ( -0.000000000000000000, 1.000000000000000000, -0.000000000000000000 ) ) ;
#60 = DIRECTION ( 'NONE',  ( -0.000000000000000000, 1.000000000000000000, -0.000000000000000000 ) ) ;
#61 = DIRECTION ( 'NONE',  ( 0.000000000000000000, -1.000000000000000000, 0.000000000000000000 ) ) ;
#62 = EDGE_CURVE ( 'NONE', #310, #763, #591, .T. ) ;
#63 = VERTEX_POINT ( 'NONE', #739 ) ;
#64 = CARTESIAN_POINT ( 'NONE',  ( 40.00000000000000711, 0.000000000000000000, 90.00000000000000000 ) ) ;
#65 = DIRECTION ( 'NONE',  ( -0.000000000000000000, 0.000000000000000000, 1.000000000000000000 ) ) ;
#66 = CIRCLE ( 'NONE', #772, 1.599999999999997202 ) ;
#67 = CARTESIAN_POINT ( 'NONE',  ( -39.99999999999999289, 10.00000000000000000, 91.60000000000000853 ) ) ;
#68 = VERTEX_POINT ( 'NONE', #745 ) ;
#69 = ORIENTED_EDGE ( 'NONE', *, *, #162, .F. ) ;
#70 = DIRECTION ( 'NONE',  ( -0.000000000000000000, 1.000000000000000000, -0.000000000000000000 ) ) ;
#71 = FACE_OUTER_BOUND ( 'NONE', #1186, .T. ) ;
#72 = EDGE_CURVE ( 'NONE', #723, #530, #1188, .T. ) ;
#73 = DIRECTION ( 'NONE',  ( 0.000000000000000000, -1.000000000000000000, 0.000000000000000000 ) ) ;
#74 = EDGE_CURVE ( 'NONE', #199, #63, #626, .T. ) ;
#75 = CARTESIAN_POINT ( 'NONE',  ( 40.00000000000000711, 0.000000000000000000, 91.59999999999999432 ) ) ;
#76 = EDGE_LOOP ( 'NONE', ( #1221, #1341 ) ) ;
#77 = CARTESIAN_POINT ( 'NONE',  ( -39.99999999999999289, 10.00000000000000000, 90.00000000000001421 ) ) ;
#78 = VECTOR ( 'NONE', #776, 1000.000000000000000 ) ;
#79 = VECTOR ( 'NONE', #461, 1000.000000000000000 ) ;
#80 = ORIENTED_EDGE ( 'NONE', *, *, #237, .F. ) ;
#81 = CYLINDRICAL_SURFACE ( 'NONE', #1304, 1.599999999999997202 ) ;
#82 = FACE_BOUND ( 'NONE', #172, .T. ) ;
#83 = VERTEX_POINT ( 'NONE', #1100 ) ;
#84 = EDGE_CURVE ( 'NONE', #587, #396, #704, .T. ) ;
#85 = CARTESIAN_POINT ( 'NONE',  ( 30.00000000000000000, 0.000000000000000000, 10.00000000000000178 ) ) ;
#86 = EDGE_LOOP ( 'NONE', ( #775, #1355 ) ) ;
#87 = CARTESIAN_POINT ( 'NONE',  ( -39.99999999999999289, 0.000000000000000000, 120.0000000000000284 ) ) ;
#88 = VERTEX_POINT ( 'NONE', #751 ) ;
#89 = CYLINDRICAL_SURFACE ( 'NONE', #1227, 1.599999999999997202 ) ;
#90 = FACE_OUTER_BOUND ( 'NONE', #684, .T. ) ;
#91 = EDGE_LOOP ( 'NONE', ( #646, #724, #57, #1488 ) ) ;
#92 = CARTESIAN_POINT ( 'NONE',  ( 40.00000000000001421, 0.000000000000000000, -50.00000000000000000 ) ) ;
#93 = ADVANCED_FACE ( 'NONE', ( #71 ), #180, .F. ) ;
#94 = DIRECTION ( 'NONE',  ( 0.000000000000000000, 1.000000000000000000, 0.000000000000000000 ) ) ;
#95 = EDGE_LOOP ( 'NONE', ( #810, #213, #1252, #318 ) ) ;
#96 = AXIS2_PLACEMENT_3D ( 'NONE', #131, #487, #1393 ) ;
#97 = ORIENTED_EDGE ( 'NONE', *, *, #74, .T. ) ;
#98 = DIRECTION ( 'NONE',  ( 0.000000000000000000, 0.000000000000000000, -1.000000000000000000 ) ) ;
#99 = CARTESIAN_POINT ( 'NONE',  ( 40.00000000000001421, 0.000000000000000000, -50.00000000000000000 ) ) ;
#100 = ORIENTED_EDGE ( 'NONE', *, *, #662, .F. ) ;
#101 = DIRECTION ( 'NONE',  ( 0.000000000000000000, 0.000000000000000000, -1.000000000000000000 ) ) ;
#102 = DIRECTION ( 'NONE',  ( -0.000000000000000000, 1.000000000000000000, -0.000000000000000000 ) ) ;
#103 = ORIENTED_EDGE ( 'NONE', *, *, #970, .T. ) ;
#104 = AXIS2_PLACEMENT_3D ( 'NONE', #262, #120, #607 ) ;
#105 = ADVANCED_FACE ( 'NONE', ( #519 ), #81, .F. ) ;
#106 = VERTEX_POINT ( 'NONE', #1094 ) ;
#107 = CARTESIAN_POINT ( 'NONE',  ( -39.99999999999998579, 0.000000000000000000, 51.60000000000000142 ) ) ;
#108 = DIRECTION ( 'NONE',  ( 0.000000000000000000, -1.000000000000000000, 0.000000000000000000 ) ) ;
#109 = VECTOR ( 'NONE', #822, 1000.000000000000000 ) ;
#110 = EDGE_CURVE ( 'NONE', #1421, #1402, #286, .T. ) ;
#111 = VECTOR ( 'NONE', #1251, 1000.000000000000000 ) ;
#112 = CARTESIAN_POINT ( 'NONE',  ( -30.00000000000000000, 0.000000000000000000, -9.999999999999998224 ) ) ;
#113 = CARTESIAN_POINT ( 'NONE',  ( 0.000000000000000000, 10.00000000000000000, 15.00000000000000000 ) ) ;
#114 = ORIENTED_EDGE ( 'NONE', *, *, #151, .T. ) ;
#115 = FACE_OUTER_BOUND ( 'NONE', #1265, .T. ) ;
#116 = ADVANCED_FACE ( 'NONE', ( #403 ), #855, .F. ) ;
#117 = ORIENTED_EDGE ( 'NONE', *, *, #1102, .F. ) ;
#118 = CARTESIAN_POINT ( 'NONE',  ( 40.00000000000001421, 10.00000000000000000, 50.00000000000000000 ) ) ;
#119 = EDGE_LOOP ( 'NONE', ( #510, #1142, #438, #1353 ) ) ;
#120 = DIRECTION ( 'NONE',  ( -0.000000000000000000, 1.000000000000000000, -0.000000000000000000 ) ) ;
#121 = EDGE_LOOP ( 'NONE', ( #1165, #1414, #1056, #1140 ) ) ;
#122 = DIRECTION ( 'NONE',  ( 0.000000000000000000, -1.000000000000000000, 0.000000000000000000 ) ) ;
#123 = CARTESIAN_POINT ( 'NONE',  ( -39.99999999999999289, 10.00000000000000000, 120.0000000000000284 ) ) ;
#124 = CIRCLE ( 'NONE', #929, 10.00000000000000178 ) ;
#125 = VERTEX_POINT ( 'NONE', #1350 ) ;
#126 = DIRECTION ( 'NONE',  ( 0.000000000000000000, 0.000000000000000000, -1.000000000000000000 ) ) ;
#127 = ORIENTED_EDGE ( 'NONE', *, *, #1182, .T. ) ;
#128 = ORIENTED_EDGE ( 'NONE', *, *, #381, .F. ) ;
#129 = DIRECTION ( 'NONE',  ( 1.156482317317871478E-16, 0.000000000000000000, 1.000000000000000000 ) ) ;
#130 = AXIS2_PLACEMENT_3D ( 'NONE', #45, #1434, #845 ) ;
#131 = CARTESIAN_POINT ( 'NONE',  ( 40.00000000000001421, 0.000000000000000000, -50.00000000000000000 ) ) ;
#132 = APPLICATION_PROTOCOL_DEFINITION ( 'draft international standard', 'automotive_design', 1998, #1311 ) ;
#133 = VERTEX_POINT ( 'NONE', #1010 ) ;
#134 = CIRCLE ( 'NONE', #496, 10.00000000000000178 ) ;
#135 = CARTESIAN_POINT ( 'NONE',  ( -30.00000000000000000, 0.000000000000000000, -9.999999999999998224 ) ) ;
#136 = ADVANCED_FACE ( 'NONE', ( #564 ), #89, .F. ) ;
#137 = VECTOR ( 'NONE', #440, 1000.000000000000000 ) ;
#138 = ORIENTED_EDGE ( 'NONE', *, *, #1358, .F. ) ;
#139 = CARTESIAN_POINT ( 'NONE',  ( 50.00000000000001421, 10.00000000000000000, 120.0000000000000000 ) ) ;
#140 = DIRECTION ( 'NONE',  ( 0.000000000000000000, 0.000000000000000000, -1.000000000000000000 ) ) ;
#141 = EDGE_LOOP ( 'NONE', ( #1195, #464 ) ) ;
#142 = CARTESIAN_POINT ( 'NONE',  ( 30.00000000000000711, 0.000000000000000000, 120.0000000000000142 ) ) ;
#143 = ADVANCED_FACE ( 'NONE', ( #888 ), #897, .F. ) ;
#144 = LINE ( 'NONE', #1151, #1176 ) ;
#145 = DIRECTION ( 'NONE',  ( 0.000000000000000000, -1.000000000000000000, 0.000000000000000000 ) ) ;
#146 = ORIENTED_EDGE ( 'NONE', *, *, #495, .F. ) ;
#147 = AXIS2_PLACEMENT_3D ( 'NONE', #808, #1262, #235 ) ;
#148 = LINE ( 'NONE', #606, #137 ) ;
#149 = CARTESIAN_POINT ( 'NONE',  ( -30.00000000000000000, 0.000000000000000000, 11.59999999999999964 ) ) ;
#150 = CARTESIAN_POINT ( 'NONE',  ( 0.000000000000000000, 10.00000000000000000, 0.000000000000000000 ) ) ;
#151 = EDGE_CURVE ( 'NONE', #8, #88, #448, .T. ) ;
#152 = VERTEX_POINT ( 'NONE', #1465 ) ;
#153 = EDGE_CURVE ( 'NONE', #899, #1121, #1356, .T. ) ;
#154 = CIRCLE ( 'NONE', #655, 1.600000000000004086 ) ;
#155 = LINE ( 'NONE', #641, #734 ) ;
#156 = AXIS2_PLACEMENT_3D ( 'NONE', #112, #977, #418 ) ;
#157 = CARTESIAN_POINT ( 'NONE',  ( -39.99999999999998579, 0.000000000000000000, 120.0000000000000142 ) ) ;
#158 = AXIS2_PLACEMENT_3D ( 'NONE', #1025, #344, #573 ) ;
#159 = ORIENTED_EDGE ( 'NONE', *, *, #857, .F. ) ;
#160 = DIRECTION ( 'NONE',  ( 0.000000000000000000, 0.000000000000000000, -1.000000000000000000 ) ) ;
#161 = ORIENTED_EDGE ( 'NONE', *, *, #867, .T. ) ;
#162 = EDGE_CURVE ( 'NONE', #165, #361, #1178, .T. ) ;
#163 = CARTESIAN_POINT ( 'NONE',  ( -39.99999999999999289, 0.000000000000000000, 90.00000000000001421 ) ) ;
#164 = LINE ( 'NONE', #388, #289 ) ;
#165 = VERTEX_POINT ( 'NONE', #1383 ) ;
#166 = EDGE_LOOP ( 'NONE', ( #1479, #452, #1483, #117 ) ) ;
#167 = DIRECTION ( 'NONE',  ( -0.000000000000000000, 1.000000000000000000, -0.000000000000000000 ) ) ;
#168 = CIRCLE ( 'NONE', #1005, 1.599999999999997202 ) ;
#169 = CARTESIAN_POINT ( 'NONE',  ( -29.99999999999999289, 0.000000000000000000, 89.99999999999998579 ) ) ;
#170 = CYLINDRICAL_SURFACE ( 'NONE', #890, 9.999999999999994671 ) ;
#171 = ORIENTED_EDGE ( 'NONE', *, *, #416, .T. ) ;
#172 = EDGE_LOOP ( 'NONE', ( #453, #1477 ) ) ;
#173 = FACE_OUTER_BOUND ( 'NONE', #1365, .T. ) ;
#174 = CARTESIAN_POINT ( 'NONE',  ( -49.99999999999998579, 10.00000000000000000, 120.0000000000000142 ) ) ;
#175 = EDGE_CURVE ( 'NONE', #763, #658, #1122, .T. ) ;
#176 = CIRCLE ( 'NONE', #707, 1.599999999999997202 ) ;
#177 = DIRECTION ( 'NONE',  ( 0.000000000000000000, 0.000000000000000000, 1.000000000000000000 ) ) ;
#178 = AXIS2_PLACEMENT_3D ( 'NONE', #532, #1457, #542 ) ;
#179 = ORIENTED_EDGE ( 'NONE', *, *, #290, .F. ) ;
#180 = CYLINDRICAL_SURFACE ( 'NONE', #417, 1.599999999999997202 ) ;
#181 = FACE_BOUND ( 'NONE', #631, .T. ) ;
#182 = DIRECTION ( 'NONE',  ( -0.000000000000000000, 1.000000000000000000, -0.000000000000000000 ) ) ;
#183 = EDGE_CURVE ( 'NONE', #231, #1385, #535, .T. ) ;
#184 = DIRECTION ( 'NONE',  ( 0.000000000000000000, 0.000000000000000000, 1.000000000000000000 ) ) ;
#185 = EDGE_CURVE ( 'NONE', #958, #587, #1481, .T. ) ;
#186 = DIRECTION ( 'NONE',  ( -0.000000000000000000, 1.000000000000000000, -0.000000000000000000 ) ) ;
#187 = DIRECTION ( 'NONE',  ( 0.000000000000000000, 0.000000000000000000, 1.000000000000000000 ) ) ;
#188 = CIRCLE ( 'NONE', #1296, 15.00000000000000000 ) ;
#189 = DIRECTION ( 'NONE',  ( 0.000000000000000000, 0.000000000000000000, 1.000000000000000000 ) ) ;
#190 = DIRECTION ( 'NONE',  ( -0.000000000000000000, 1.000000000000000000, -0.000000000000000000 ) ) ;
#191 = ORIENTED_EDGE ( 'NONE', *, *, #1020, .T. ) ;
#192 = CARTESIAN_POINT ( 'NONE',  ( -30.00000000000000000, 0.000000000000000000, 11.59999999999999964 ) ) ;
#193 = CARTESIAN_POINT ( 'NONE',  ( -30.00000000000000000, 0.000000000000000000, -9.999999999999998224 ) ) ;
#194 = EDGE_CURVE ( 'NONE', #581, #1187, #902, .T. ) ;
#195 = ORIENTED_EDGE ( 'NONE', *, *, #1381, .F. ) ;
#196 = MANIFOLD_SOLID_BREP ( 'Fillet1', #1283 ) ;
#197 = DIRECTION ( 'NONE',  ( 0.000000000000000000, 0.000000000000000000, -1.000000000000000000 ) ) ;
#198 = VECTOR ( 'NONE', #895, 1000.000000000000000 ) ;
#199 = VERTEX_POINT ( 'NONE', #1130 ) ;
#200 = DIRECTION ( 'NONE',  ( 0.000000000000000000, 0.000000000000000000, 1.000000000000000000 ) ) ;
#201 = VECTOR ( 'NONE', #640, 1000.000000000000000 ) ;
#202 = CIRCLE ( 'NONE', #1132, 1.600000000000004086 ) ;
#203 = VERTEX_POINT ( 'NONE', #1250 ) ;
#204 = DIRECTION ( 'NONE',  ( 0.000000000000000000, 0.000000000000000000, -1.000000000000000000 ) ) ;
#205 = CIRCLE ( 'NONE', #636, 9.999999999999994671 ) ;
#206 = EDGE_CURVE ( 'NONE', #624, #1462, #905, .T. ) ;
#207 = FACE_OUTER_BOUND ( 'NONE', #578, .T. ) ;
#208 = VERTEX_POINT ( 'NONE', #1145 ) ;
#209 = DIRECTION ( 'NONE',  ( 0.000000000000000000, -1.000000000000000000, 0.000000000000000000 ) ) ;
#210 = ORIENTED_EDGE ( 'NONE', *, *, #1379, .F. ) ;
#211 = CARTESIAN_POINT ( 'NONE',  ( 40.00000000000001421, 0.000000000000000000, -50.00000000000000000 ) ) ;
#212 = DIRECTION ( 'NONE',  ( 0.000000000000000000, -1.000000000000000000, 0.000000000000000000 ) ) ;
#213 = ORIENTED_EDGE ( 'NONE', *, *, #733, .T. ) ;
#214 = AXIS2_PLACEMENT_3D ( 'NONE', #56, #1092, #644 ) ;
#215 = EDGE_LOOP ( 'NONE', ( #171, #687 ) ) ;
#216 = DIRECTION ( 'NONE',  ( -0.000000000000000000, 1.000000000000000000, -0.000000000000000000 ) ) ;
#217 = EDGE_LOOP ( 'NONE', ( #563, #887, #991, #1395, #1009, #16, #4, #966, #859, #549, #1446, #760, #455, #345 ) ) ;
#218 = DIRECTION ( 'NONE',  ( 0.000000000000000000, 0.000000000000000000, -1.000000000000000000 ) ) ;
#219 = DIRECTION ( 'NONE',  ( -0.000000000000000000, 1.000000000000000000, -0.000000000000000000 ) ) ;
#220 = EDGE_CURVE ( 'NONE', #199, #758, #696, .T. ) ;
#221 = FACE_OUTER_BOUND ( 'NONE', #355, .T. ) ;
#222 = ORIENTED_EDGE ( 'NONE', *, *, #194, .T. ) ;
#223 = EDGE_CURVE ( 'NONE', #125, #46, #462, .T. ) ;
#224 = CARTESIAN_POINT ( 'NONE',  ( 1.836970198721029589E-15, 0.000000000000000000, -15.00000000000000000 ) ) ;
#225 = AXIS2_PLACEMENT_3D ( 'NONE', #1469, #1105, #681 ) ;
#226 = EDGE_LOOP ( 'NONE', ( #1345, #1067, #373, #1349 ) ) ;
#227 = SURFACE_STYLE_USAGE ( .BOTH. , #1366 ) ;
#228 = DIRECTION ( 'NONE',  ( 0.000000000000000000, 0.000000000000000000, -1.000000000000000000 ) ) ;
#229 = VERTEX_POINT ( 'NONE', #598 ) ;
#230 = FACE_BOUND ( 'NONE', #1051, .T. ) ;
#231 = VERTEX_POINT ( 'NONE', #372 ) ;
#232 = LINE ( 'NONE', #364, #17 ) ;
#233 = EDGE_CURVE ( 'NONE', #523, #511, #188, .T. ) ;
#234 = ORIENTED_EDGE ( 'NONE', *, *, #1110, .F. ) ;
#235 = DIRECTION ( 'NONE',  ( 0.000000000000000000, 0.000000000000000000, -1.000000000000000000 ) ) ;
#236 = CARTESIAN_POINT ( 'NONE',  ( -30.00000000000000000, 10.00000000000000000, -11.59999999999999609 ) ) ;
#237 = EDGE_CURVE ( 'NONE', #1159, #203, #824, .T. ) ;
#238 = VERTEX_POINT ( 'NONE', #1166 ) ;
#239 = CARTESIAN_POINT ( 'NONE',  ( -19.99999999999998934, 0.000000000000000000, 89.99999999999998579 ) ) ;
#240 = EDGE_LOOP ( 'NONE', ( #1114, #420 ) ) ;
#241 = LINE ( 'NONE', #689, #981 ) ;
#242 = DIRECTION ( 'NONE',  ( 0.000000000000000000, -1.000000000000000000, 0.000000000000000000 ) ) ;
#243 = AXIS2_PLACEMENT_3D ( 'NONE', #1439, #1199, #278 ) ;
#244 = VERTEX_POINT ( 'NONE', #13 ) ;
#245 = EDGE_CURVE ( 'NONE', #943, #876, #608, .T. ) ;
#246 = DIRECTION ( 'NONE',  ( 0.000000000000000000, 0.000000000000000000, -1.000000000000000000 ) ) ;
#247 = ORIENTED_EDGE ( 'NONE', *, *, #1171, .F. ) ;
#248 = LINE ( 'NONE', #139, #109 ) ;
#249 = ORIENTED_EDGE ( 'NONE', *, *, #407, .F. ) ;
#250 = DIRECTION ( 'NONE',  ( 0.000000000000000000, 0.000000000000000000, -1.000000000000000000 ) ) ;
#251 = ORIENTED_EDGE ( 'NONE', *, *, #1307, .F. ) ;
#252 = AXIS2_PLACEMENT_3D ( 'NONE', #77, #791, #1241 ) ;
#253 = EDGE_CURVE ( 'NONE', #909, #876, #882, .T. ) ;
#254 = VECTOR ( 'NONE', #408, 1000.000000000000000 ) ;
#255 = LINE ( 'NONE', #710, #1066 ) ;
#256 = CIRCLE ( 'NONE', #1286, 1.599999999999997202 ) ;
#257 = VERTEX_POINT ( 'NONE', #920 ) ;
#258 = LINE ( 'NONE', #1049, #1255 ) ;
#259 = CYLINDRICAL_SURFACE ( 'NONE', #406, 10.00000000000000178 ) ;
#260 = EDGE_LOOP ( 'NONE', ( #1309, #838 ) ) ;
#261 = DIRECTION ( 'NONE',  ( 0.000000000000000000, 0.000000000000000000, 1.000000000000000000 ) ) ;
#262 = CARTESIAN_POINT ( 'NONE',  ( -19.99999999999998934, 0.000000000000000000, 89.99999999999998579 ) ) ;
#263 = EDGE_CURVE ( 'NONE', #1331, #1187, #168, .T. ) ;
#264 = LINE ( 'NONE', #716, #836 ) ;
#265 = EDGE_CURVE ( 'NONE', #447, #125, #818, .T. ) ;
#266 = EDGE_LOOP ( 'NONE', ( #234, #128, #222, #814 ) ) ;
#267 = DIRECTION ( 'NONE',  ( 0.000000000000000000, 1.000000000000000000, 0.000000000000000000 ) ) ;
#268 = CARTESIAN_POINT ( 'NONE',  ( 30.00000000000000000, 10.00000000000000000, -11.59999999999999609 ) ) ;
#269 = EDGE_CURVE ( 'NONE', #351, #244, #366, .T. ) ;
#270 = ORIENTED_EDGE ( 'NONE', *, *, #269, .T. ) ;
#271 = DIRECTION ( 'NONE',  ( 0.000000000000000000, 0.000000000000000000, -1.000000000000000000 ) ) ;
#272 = ORIENTED_EDGE ( 'NONE', *, *, #478, .T. ) ;
#273 = VECTOR ( 'NONE', #742, 1000.000000000000000 ) ;
#274 = COLOUR_RGB ( '',0.7921568627450980005, 0.8196078431372548767, 0.9333333333333333481 ) ;
#275 = CIRCLE ( 'NONE', #1305, 1.599999999999997202 ) ;
#276 = FACE_OUTER_BOUND ( 'NONE', #1058, .T. ) ;
#277 = VECTOR ( 'NONE', #1101, 1000.000000000000000 ) ;
#278 = DIRECTION ( 'NONE',  ( 0.000000000000000000, 0.000000000000000000, 1.000000000000000000 ) ) ;
#279 = ORIENTED_EDGE ( 'NONE', *, *, #766, .F. ) ;
#280 = DIRECTION ( 'NONE',  ( 0.000000000000000000, 0.000000000000000000, 1.000000000000000000 ) ) ;
#281 = EDGE_CURVE ( 'NONE', #976, #723, #1191, .T. ) ;
#282 = PLANE ( 'NONE',  #961 ) ;
#283 = DIRECTION ( 'NONE',  ( 0.000000000000000000, 0.000000000000000000, 1.000000000000000000 ) ) ;
#284 = ORIENTED_EDGE ( 'NONE', *, *, #788, .T. ) ;
#285 = EDGE_LOOP ( 'NONE', ( #714, #1173 ) ) ;
#286 = LINE ( 'NONE', #1196, #201 ) ;
#287 = CIRCLE ( 'NONE', #1124, 1.600000000000004086 ) ;
#288 = ADVANCED_FACE ( 'NONE', ( #31 ), #259, .T. ) ;
#289 = VECTOR ( 'NONE', #70, 1000.000000000000000 ) ;
#290 = EDGE_CURVE ( 'NONE', #1385, #231, #1098, .T. ) ;
#291 = DIRECTION ( 'NONE',  ( -0.000000000000000000, 1.000000000000000000, 0.000000000000000000 ) ) ;
#292 = DIRECTION ( 'NONE',  ( -0.000000000000000000, 1.000000000000000000, -0.000000000000000000 ) ) ;
#293 = ORIENTED_EDGE ( 'NONE', *, *, #404, .F. ) ;
#294 = ORIENTED_EDGE ( 'NONE', *, *, #398, .F. ) ;
#295 = CARTESIAN_POINT ( 'NONE',  ( 40.00000000000001421, 0.000000000000000000, 51.60000000000000142 ) ) ;
#296 = DIRECTION ( 'NONE',  ( 0.000000000000000000, 1.000000000000000000, 0.000000000000000000 ) ) ;
#297 = EDGE_CURVE ( 'NONE', #976, #1278, #365, .T. ) ;
#298 = AXIS2_PLACEMENT_3D ( 'NONE', #960, #1323, #280 ) ;
#299 = CARTESIAN_POINT ( 'NONE',  ( 0.000000000000000000, 10.00000000000000000, 79.99999999999998579 ) ) ;
#300 = AXIS2_PLACEMENT_3D ( 'NONE', #1211, #773, #189 ) ;
#301 = DIRECTION ( 'NONE',  ( 0.000000000000000000, 0.000000000000000000, 1.000000000000000000 ) ) ;
#302 = EDGE_LOOP ( 'NONE', ( #1024, #712, #993, #1436 ) ) ;
#303 = ORIENTED_EDGE ( 'NONE', *, *, #729, .T. ) ;
#304 = DIRECTION ( 'NONE',  ( -0.000000000000000000, 1.000000000000000000, -0.000000000000000000 ) ) ;
#305 = CARTESIAN_POINT ( 'NONE',  ( -50.00000000000000711, 10.00000000000000000, -49.99999999999999289 ) ) ;
#306 = CYLINDRICAL_SURFACE ( 'NONE', #354, 9.999999999999994671 ) ;
#307 = VERTEX_POINT ( 'NONE', #360 ) ;
#308 = EDGE_CURVE ( 'NONE', #1167, #782, #7, .T. ) ;
#309 = CARTESIAN_POINT ( 'NONE',  ( 30.00000000000000000, 0.000000000000000000, 11.59999999999999964 ) ) ;
#310 = VERTEX_POINT ( 'NONE', #1293 ) ;
#311 = EDGE_CURVE ( 'NONE', #396, #310, #264, .T. ) ;
#312 = DIRECTION ( 'NONE',  ( 0.000000000000000000, 1.000000000000000000, 0.000000000000000000 ) ) ;
#313 = CARTESIAN_POINT ( 'NONE',  ( 40.00000000000000711, 0.000000000000000000, 90.00000000000000000 ) ) ;
#314 = AXIS2_PLACEMENT_3D ( 'NONE', #1081, #61, #516 ) ;
#315 = DIRECTION ( 'NONE',  ( -0.000000000000000000, 1.000000000000000000, -0.000000000000000000 ) ) ;
#316 = FACE_OUTER_BOUND ( 'NONE', #861, .T. ) ;
#317 = ADVANCED_FACE ( 'NONE', ( #722 ), #705, .F. ) ;
#318 = ORIENTED_EDGE ( 'NONE', *, *, #110, .T. ) ;
#319 = CARTESIAN_POINT ( 'NONE',  ( -50.00000000000000711, 10.00000000000000000, -60.00000000000000000 ) ) ;
#320 = CARTESIAN_POINT ( 'NONE',  ( 40.00000000000000711, 10.00000000000000000, 91.59999999999999432 ) ) ;
#321 = ORIENTED_EDGE ( 'NONE', *, *, #233, .T. ) ;
#322 = CARTESIAN_POINT ( 'NONE',  ( 40.00000000000001421, 10.00000000000000000, -49.99999999999999289 ) ) ;
#323 = ORIENTED_EDGE ( 'NONE', *, *, #501, .T. ) ;
#324 = DIRECTION ( 'NONE',  ( 2.081668171172169697E-15, 0.000000000000000000, -1.000000000000000000 ) ) ;
#325 = CIRCLE ( 'NONE', #1062, 1.600000000000004086 ) ;
#326 = VECTOR ( 'NONE', #1089, 1000.000000000000000 ) ;
#327 = ORIENTED_EDGE ( 'NONE', *, *, #950, .F. ) ;
#328 = CARTESIAN_POINT ( 'NONE',  ( 40.00000000000001421, 10.00000000000000000, -50.00000000000000000 ) ) ;
#329 = PLANE ( 'NONE',  #158 ) ;
#330 = CIRCLE ( 'NONE', #421, 1.600000000000004086 ) ;
#331 = DIRECTION ( 'NONE',  ( -1.000000000000000000, 0.000000000000000000, 0.000000000000000000 ) ) ;
#332 = ORIENTED_EDGE ( 'NONE', *, *, #237, .T. ) ;
#333 = DIRECTION ( 'NONE',  ( -0.000000000000000000, 1.000000000000000000, -0.000000000000000000 ) ) ;
#334 = EDGE_LOOP ( 'NONE', ( #694, #980, #912, #414 ) ) ;
#335 = CARTESIAN_POINT ( 'NONE',  ( -39.99999999999999289, 0.000000000000000000, 121.6000000000000227 ) ) ;
#336 = CARTESIAN_POINT ( 'NONE',  ( 0.000000000000000000, 0.000000000000000000, 15.00000000000000000 ) ) ;
#337 = EDGE_CURVE ( 'NONE', #1441, #518, #385, .T. ) ;
#338 = DIRECTION ( 'NONE',  ( 0.000000000000000000, 1.000000000000000000, 0.000000000000000000 ) ) ;
#339 = PRODUCT_RELATED_PRODUCT_CATEGORY ( 'part', '', ( #968 ) ) ;
#340 = AXIS2_PLACEMENT_3D ( 'NONE', #1225, #1057, #140 ) ;
#341 = CARTESIAN_POINT ( 'NONE',  ( 40.00000000000001421, 10.00000000000000000, 50.00000000000000000 ) ) ;
#342 = ORIENTED_EDGE ( 'NONE', *, *, #1325, .T. ) ;
#343 = FILL_AREA_STYLE_COLOUR ( '', #274 ) ;
#344 = DIRECTION ( 'NONE',  ( 1.000000000000000000, 0.000000000000000000, -9.912705577010325549E-17 ) ) ;
#345 = ORIENTED_EDGE ( 'NONE', *, *, #585, .T. ) ;
#346 = LINE ( 'NONE', #922, #732 ) ;
#347 = EDGE_CURVE ( 'NONE', #584, #1200, #1149, .T. ) ;
#348 = EDGE_LOOP ( 'NONE', ( #80, #599, #272, #1404 ) ) ;
#349 = DIRECTION ( 'NONE',  ( 0.000000000000000000, 1.000000000000000000, 0.000000000000000000 ) ) ;
#350 = ADVANCED_FACE ( 'NONE', ( #1152 ), #592, .F. ) ;
#351 = VERTEX_POINT ( 'NONE', #1425 ) ;
#352 = VECTOR ( 'NONE', #1018, 1000.000000000000000 ) ;
#353 = CARTESIAN_POINT ( 'NONE',  ( -30.00000000000000000, 0.000000000000000000, -11.59999999999999609 ) ) ;
#354 = AXIS2_PLACEMENT_3D ( 'NONE', #1282, #29, #261 ) ;
#355 = EDGE_LOOP ( 'NONE', ( #459, #384, #743, #435 ) ) ;
#356 = AXIS2_PLACEMENT_3D ( 'NONE', #493, #1161, #1065 ) ;
#357 = LINE ( 'NONE', #1150, #566 ) ;
#358 = DIRECTION ( 'NONE',  ( 0.000000000000000000, 1.000000000000000000, 0.000000000000000000 ) ) ;
#359 = EDGE_CURVE ( 'NONE', #876, #909, #930, .T. ) ;
#360 = CARTESIAN_POINT ( 'NONE',  ( -19.99999999999998934, 0.000000000000000000, 79.99999999999998579 ) ) ;
#361 = VERTEX_POINT ( 'NONE', #851 ) ;
#362 = DIRECTION ( 'NONE',  ( 0.000000000000000000, 1.000000000000000000, 0.000000000000000000 ) ) ;
#363 = ORIENTED_EDGE ( 'NONE', *, *, #495, .T. ) ;
#364 = CARTESIAN_POINT ( 'NONE',  ( -29.99999999999999289, 0.000000000000000000, 79.99999999999998579 ) ) ;
#365 = LINE ( 'NONE', #1420, #550 ) ;
#366 = CIRCLE ( 'NONE', #649, 15.00000000000000000 ) ;
#367 = EDGE_CURVE ( 'NONE', #546, #518, #164, .T. ) ;
#368 = ORIENTED_EDGE ( 'NONE', *, *, #840, .F. ) ;
#369 = FACE_OUTER_BOUND ( 'NONE', #708, .T. ) ;
#370 = ORIENTED_EDGE ( 'NONE', *, *, #1297, .T. ) ;
#371 = CARTESIAN_POINT ( 'NONE',  ( -29.99999999999999289, 10.00000000000000000, 120.0000000000000142 ) ) ;
#372 = CARTESIAN_POINT ( 'NONE',  ( 40.00000000000000711, 10.00000000000000000, 88.39999999999999147 ) ) ;
#373 = ORIENTED_EDGE ( 'NONE', *, *, #1260, .T. ) ;
#374 = EDGE_CURVE ( 'NONE', #1077, #447, #602, .T. ) ;
#375 = DIRECTION ( 'NONE',  ( 0.000000000000000000, 0.000000000000000000, -1.000000000000000000 ) ) ;
#376 = VECTOR ( 'NONE', #465, 1000.000000000000000 ) ;
#377 = CARTESIAN_POINT ( 'NONE',  ( -30.00000000000000000, 10.00000000000000000, 10.00000000000000178 ) ) ;
#378 = CARTESIAN_POINT ( 'NONE',  ( -39.99999999999998579, 10.00000000000000000, 50.00000000000000000 ) ) ;
#379 = ORIENTED_EDGE ( 'NONE', *, *, #32, .F. ) ;
#380 = CARTESIAN_POINT ( 'NONE',  ( -39.99999999999998579, 10.00000000000000000, 120.0000000000000142 ) ) ;
#381 = EDGE_CURVE ( 'NONE', #581, #238, #670, .T. ) ;
#382 = CARTESIAN_POINT ( 'NONE',  ( -39.99999999999998579, 0.000000000000000000, 50.00000000000000000 ) ) ;
#383 = DIRECTION ( 'NONE',  ( 0.000000000000000000, -1.000000000000000000, 0.000000000000000000 ) ) ;
#384 = ORIENTED_EDGE ( 'NONE', *, *, #1297, .F. ) ;
#385 = CIRCLE ( 'NONE', #1376, 1.599999999999997202 ) ;
#386 = ADVANCED_BREP_SHAPE_REPRESENTATION ( 'GripperBaseButtom', ( #196, #356 ), #1389 ) ;
#387 = DIRECTION ( 'NONE',  ( 0.000000000000000000, 0.000000000000000000, -1.000000000000000000 ) ) ;
#388 = CARTESIAN_POINT ( 'NONE',  ( 30.00000000000000000, 0.000000000000000000, 8.400000000000003908 ) ) ;
#389 = VERTEX_POINT ( 'NONE', #841 ) ;
#390 = CARTESIAN_POINT ( 'NONE',  ( -30.00000000000000000, 0.000000000000000000, -9.999999999999998224 ) ) ;
#391 = CIRCLE ( 'NONE', #1302, 1.599999999999997202 ) ;
#392 = CIRCLE ( 'NONE', #1360, 9.999999999999994671 ) ;
#393 = DIRECTION ( 'NONE',  ( 0.000000000000000000, 0.000000000000000000, 1.000000000000000000 ) ) ;
#394 = DIRECTION ( 'NONE',  ( -0.000000000000000000, 1.000000000000000000, -0.000000000000000000 ) ) ;
#395 = EDGE_CURVE ( 'NONE', #8, #899, #1053, .T. ) ;
#396 = VERTEX_POINT ( 'NONE', #622 ) ;
#397 = LINE ( 'NONE', #872, #612 ) ;
#398 = EDGE_CURVE ( 'NONE', #244, #351, #1422, .T. ) ;
#399 = CARTESIAN_POINT ( 'NONE',  ( -39.99999999999998579, 10.00000000000000000, 120.0000000000000142 ) ) ;
#400 = DIRECTION ( 'NONE',  ( -0.000000000000000000, 1.000000000000000000, -0.000000000000000000 ) ) ;
#401 = VERTEX_POINT ( 'NONE', #860 ) ;
#402 = ORIENTED_EDGE ( 'NONE', *, *, #1381, .T. ) ;
#403 = FACE_OUTER_BOUND ( 'NONE', #226, .T. ) ;
#404 = EDGE_CURVE ( 'NONE', #518, #1441, #66, .T. ) ;
#405 = FACE_BOUND ( 'NONE', #1137, .T. ) ;
#406 = AXIS2_PLACEMENT_3D ( 'NONE', #941, #1413, #1064 ) ;
#407 = EDGE_CURVE ( 'NONE', #133, #1421, #124, .T. ) ;
#408 = DIRECTION ( 'NONE',  ( 0.000000000000000000, -1.000000000000000000, 0.000000000000000000 ) ) ;
#409 = EDGE_LOOP ( 'NONE', ( #699, #342 ) ) ;
#410 = DIRECTION ( 'NONE',  ( 0.000000000000000000, 1.000000000000000000, 0.000000000000000000 ) ) ;
#411 = EDGE_LOOP ( 'NONE', ( #33, #1322, #619, #1397 ) ) ;
#412 = CARTESIAN_POINT ( 'NONE',  ( 20.00000000000000355, 0.000000000000000000, 89.99999999999998579 ) ) ;
#413 = CARTESIAN_POINT ( 'NONE',  ( 40.00000000000001421, 0.000000000000000000, 50.00000000000000000 ) ) ;
#414 = ORIENTED_EDGE ( 'NONE', *, *, #797, .F. ) ;
#415 = AXIS2_PLACEMENT_3D ( 'NONE', #1291, #697, #1143 ) ;
#416 = EDGE_CURVE ( 'NONE', #1200, #584, #952, .T. ) ;
#417 = AXIS2_PLACEMENT_3D ( 'NONE', #531, #769, #1217 ) ;
#418 = DIRECTION ( 'NONE',  ( 0.000000000000000000, 0.000000000000000000, 1.000000000000000000 ) ) ;
#419 = AXIS2_PLACEMENT_3D ( 'NONE', #1229, #1363, #789 ) ;
#420 = ORIENTED_EDGE ( 'NONE', *, *, #427, .T. ) ;
#421 = AXIS2_PLACEMENT_3D ( 'NONE', #313, #296, #42 ) ;
#422 = FACE_OUTER_BOUND ( 'NONE', #121, .T. ) ;
#423 = ORIENTED_EDGE ( 'NONE', *, *, #468, .F. ) ;
#424 = DIRECTION ( 'NONE',  ( 0.000000000000000000, 0.000000000000000000, -1.000000000000000000 ) ) ;
#425 = CARTESIAN_POINT ( 'NONE',  ( -39.99999999999998579, 0.000000000000000000, -50.00000000000000000 ) ) ;
#426 = DIRECTION ( 'NONE',  ( 0.000000000000000000, 0.000000000000000000, -1.000000000000000000 ) ) ;
#427 = EDGE_CURVE ( 'NONE', #203, #949, #287, .T. ) ;
#428 = EDGE_LOOP ( 'NONE', ( #1001, #1382 ) ) ;
#429 = DIRECTION ( 'NONE',  ( 0.000000000000000000, 0.000000000000000000, -1.000000000000000000 ) ) ;
#430 = ORIENTED_EDGE ( 'NONE', *, *, #62, .F. ) ;
#431 = DIRECTION ( 'NONE',  ( -0.000000000000000000, 1.000000000000000000, -0.000000000000000000 ) ) ;
#432 = DIRECTION ( 'NONE',  ( 0.000000000000000000, 0.000000000000000000, 1.000000000000000000 ) ) ;
#433 = ORIENTED_EDGE ( 'NONE', *, *, #74, .F. ) ;
#434 = DIRECTION ( 'NONE',  ( -6.938893903907227392E-16, 0.000000000000000000, -1.000000000000000000 ) ) ;
#435 = ORIENTED_EDGE ( 'NONE', *, *, #437, .F. ) ;
#436 = CARTESIAN_POINT ( 'NONE',  ( 40.00000000000001421, 10.00000000000000000, 120.0000000000000000 ) ) ;
#437 = EDGE_CURVE ( 'NONE', #1406, #1370, #625, .T. ) ;
#438 = ORIENTED_EDGE ( 'NONE', *, *, #1459, .F. ) ;
#439 =( LENGTH_UNIT ( ) NAMED_UNIT ( * ) SI_UNIT ( .MILLI., .METRE. ) );
#440 = DIRECTION ( 'NONE',  ( -0.000000000000000000, 1.000000000000000000, -0.000000000000000000 ) ) ;
#441 = CIRCLE ( 'NONE', #1428, 15.00000000000000000 ) ;
#442 = CARTESIAN_POINT ( 'NONE',  ( 30.00000000000000711, 10.00000000000000000, 89.99999999999998579 ) ) ;
#443 = VECTOR ( 'NONE', #1284, 1000.000000000000000 ) ;
#444 = ORIENTED_EDGE ( 'NONE', *, *, #1432, .T. ) ;
#445 = CARTESIAN_POINT ( 'NONE',  ( -30.00000000000000000, 0.000000000000000000, -8.400000000000000355 ) ) ;
#446 = AXIS2_PLACEMENT_3D ( 'NONE', #54, #515, #1418 ) ;
#447 = VERTEX_POINT ( 'NONE', #964 ) ;
#448 = LINE ( 'NONE', #1002, #352 ) ;
#449 = CARTESIAN_POINT ( 'NONE',  ( -40.00000000000000711, 10.00000000000000000, -60.00000000000000000 ) ) ;
#450 = EDGE_CURVE ( 'NONE', #758, #199, #1348, .T. ) ;
#451 = DIRECTION ( 'NONE',  ( 0.000000000000000000, 1.000000000000000000, 0.000000000000000000 ) ) ;
#452 = ORIENTED_EDGE ( 'NONE', *, *, #265, .T. ) ;
#453 = ORIENTED_EDGE ( 'NONE', *, *, #290, .T. ) ;
#454 = FACE_OUTER_BOUND ( 'NONE', #51, .T. ) ;
#455 = ORIENTED_EDGE ( 'NONE', *, *, #683, .T. ) ;
#456 = ORIENTED_EDGE ( 'NONE', *, *, #778, .F. ) ;
#457 = DIRECTION ( 'NONE',  ( 0.000000000000000000, 0.000000000000000000, 1.000000000000000000 ) ) ;
#458 = DIRECTION ( 'NONE',  ( -0.000000000000000000, 1.000000000000000000, -0.000000000000000000 ) ) ;
#459 = ORIENTED_EDGE ( 'NONE', *, *, #1417, .F. ) ;
#460 = ADVANCED_FACE ( 'NONE', ( #422 ), #1076, .F. ) ;
#461 = DIRECTION ( 'NONE',  ( -0.000000000000000000, -1.000000000000000000, 0.000000000000000000 ) ) ;
#462 = CIRCLE ( 'NONE', #340, 1.600000000000004086 ) ;
#463 = DIRECTION ( 'NONE',  ( -0.000000000000000000, 1.000000000000000000, -0.000000000000000000 ) ) ;
#464 = ORIENTED_EDGE ( 'NONE', *, *, #162, .T. ) ;
#465 = DIRECTION ( 'NONE',  ( -0.000000000000000000, 1.000000000000000000, -0.000000000000000000 ) ) ;
#466 = VERTEX_POINT ( 'NONE', #508 ) ;
#467 = CARTESIAN_POINT ( 'NONE',  ( 0.000000000000000000, 0.000000000000000000, 0.000000000000000000 ) ) ;
#468 = EDGE_CURVE ( 'NONE', #257, #1441, #957, .T. ) ;
#469 = DIRECTION ( 'NONE',  ( 0.000000000000000000, 0.000000000000000000, 1.000000000000000000 ) ) ;
#470 = AXIS2_PLACEMENT_3D ( 'NONE', #341, #209, #666 ) ;
#471 = ORIENTED_EDGE ( 'NONE', *, *, #610, .F. ) ;
#472 = PRESENTATION_LAYER_ASSIGNMENT (  '', '', ( #1109 ) ) ;
#473 = CARTESIAN_POINT ( 'NONE',  ( -30.00000000000000000, 0.000000000000000000, 10.00000000000000178 ) ) ;
#474 = UNCERTAINTY_MEASURE_WITH_UNIT (LENGTH_MEASURE( 1.000000000000000082E-05 ), #1482, 'distance_accuracy_value', 'NONE');
#475 = AXIS2_PLACEMENT_3D ( 'NONE', #536, #543, #426 ) ;
#476 = ORIENTED_EDGE ( 'NONE', *, *, #1459, .T. ) ;
#477 = LINE ( 'NONE', #1163, #917 ) ;
#478 = EDGE_CURVE ( 'NONE', #1270, #949, #1181, .T. ) ;
#479 = DIRECTION ( 'NONE',  ( 0.000000000000000000, 0.000000000000000000, -1.000000000000000000 ) ) ;
#480 = ORIENTED_EDGE ( 'NONE', *, *, #700, .F. ) ;
#481 = CARTESIAN_POINT ( 'NONE',  ( 40.00000000000000711, 0.000000000000000000, 118.4000000000000057 ) ) ;
#482 = ORIENTED_EDGE ( 'NONE', *, *, #1449, .T. ) ;
#483 = FACE_OUTER_BOUND ( 'NONE', #484, .T. ) ;
#484 = EDGE_LOOP ( 'NONE', ( #853, #768, #1258, #58 ) ) ;
#485 = FACE_OUTER_BOUND ( 'NONE', #1084, .T. ) ;
#486 = VECTOR ( 'NONE', #394, 1000.000000000000000 ) ;
#487 = DIRECTION ( 'NONE',  ( 0.000000000000000000, 1.000000000000000000, 0.000000000000000000 ) ) ;
#488 = ORIENTED_EDGE ( 'NONE', *, *, #308, .F. ) ;
#489 = CARTESIAN_POINT ( 'NONE',  ( 30.00000000000000000, 0.000000000000000000, -9.999999999999998224 ) ) ;
#490 = DIRECTION ( 'NONE',  ( -0.000000000000000000, -0.000000000000000000, -1.000000000000000000 ) ) ;
#491 = DIRECTION ( 'NONE',  ( 0.000000000000000000, -1.000000000000000000, 0.000000000000000000 ) ) ;
#492 = CIRCLE ( 'NONE', #252, 1.600000000000004086 ) ;
#493 = CARTESIAN_POINT ( 'NONE',  ( 0.000000000000000000, 0.000000000000000000, 0.000000000000000000 ) ) ;
#494 = EDGE_LOOP ( 'NONE', ( #954, #1220 ) ) ;
#495 = EDGE_CURVE ( 'NONE', #257, #546, #1174, .T. ) ;
#496 = AXIS2_PLACEMENT_3D ( 'NONE', #322, #1012, #434 ) ;
#497 = DIRECTION ( 'NONE',  ( 0.000000000000000000, 0.000000000000000000, 1.000000000000000000 ) ) ;
#498 = CARTESIAN_POINT ( 'NONE',  ( 0.000000000000000000, 0.000000000000000000, 0.000000000000000000 ) ) ;
#499 = DIRECTION ( 'NONE',  ( -0.000000000000000000, 1.000000000000000000, -0.000000000000000000 ) ) ;
#500 = ORIENTED_EDGE ( 'NONE', *, *, #1247, .F. ) ;
#501 = EDGE_CURVE ( 'NONE', #1069, #1200, #522, .T. ) ;
#502 = DIRECTION ( 'NONE',  ( 0.000000000000000000, 0.000000000000000000, 1.000000000000000000 ) ) ;
#503 = CARTESIAN_POINT ( 'NONE',  ( -40.00000000000000711, 0.000000000000000000, -49.99999999999999289 ) ) ;
#504 = ORIENTED_EDGE ( 'NONE', *, *, #437, .T. ) ;
#505 = AXIS2_PLACEMENT_3D ( 'NONE', #972, #1097, #1208 ) ;
#506 = DIRECTION ( 'NONE',  ( 0.000000000000000000, 0.000000000000000000, 1.000000000000000000 ) ) ;
#507 = ADVANCED_FACE ( 'NONE', ( #1192 ), #170, .T. ) ;
#508 = CARTESIAN_POINT ( 'NONE',  ( 50.00000000000001421, 0.000000000000000000, 120.0000000000000000 ) ) ;
#509 = EDGE_CURVE ( 'NONE', #511, #523, #441, .T. ) ;
#510 = ORIENTED_EDGE ( 'NONE', *, *, #1154, .F. ) ;
#511 = VERTEX_POINT ( 'NONE', #1354 ) ;
#512 = DIRECTION ( 'NONE',  ( -0.000000000000000000, 1.000000000000000000, -0.000000000000000000 ) ) ;
#513 = VECTOR ( 'NONE', #167, 1000.000000000000000 ) ;
#514 = AXIS2_PLACEMENT_3D ( 'NONE', #157, #616, #1096 ) ;
#515 = DIRECTION ( 'NONE',  ( 0.000000000000000000, -1.000000000000000000, 0.000000000000000000 ) ) ;
#516 = DIRECTION ( 'NONE',  ( 0.000000000000000000, 0.000000000000000000, -1.000000000000000000 ) ) ;
#517 = EDGE_LOOP ( 'NONE', ( #665, #571 ) ) ;
#518 = VERTEX_POINT ( 'NONE', #1023 ) ;
#519 = FACE_OUTER_BOUND ( 'NONE', #119, .T. ) ;
#520 = FACE_OUTER_BOUND ( 'NONE', #1321, .T. ) ;
#521 = DIRECTION ( 'NONE',  ( 0.000000000000000000, 0.000000000000000000, -1.000000000000000000 ) ) ;
#522 = LINE ( 'NONE', #1445, #273 ) ;
#523 = VERTEX_POINT ( 'NONE', #113 ) ;
#524 = DIRECTION ( 'NONE',  ( 0.000000000000000000, -1.000000000000000000, 0.000000000000000000 ) ) ;
#525 = DIRECTION ( 'NONE',  ( 0.000000000000000000, 0.000000000000000000, -1.000000000000000000 ) ) ;
#526 = ADVANCED_FACE ( 'NONE', ( #316 ), #570, .F. ) ;
#527 = AXIS2_PLACEMENT_3D ( 'NONE', #831, #145, #1160 ) ;
#528 = DIRECTION ( 'NONE',  ( 0.000000000000000000, 0.000000000000000000, 1.000000000000000000 ) ) ;
#529 = CARTESIAN_POINT ( 'NONE',  ( 0.000000000000000000, 0.000000000000000000, 0.000000000000000000 ) ) ;
#530 = VERTEX_POINT ( 'NONE', #659 ) ;
#531 = CARTESIAN_POINT ( 'NONE',  ( 30.00000000000000000, 0.000000000000000000, -9.999999999999998224 ) ) ;
#532 = CARTESIAN_POINT ( 'NONE',  ( 40.00000000000000711, 0.000000000000000000, 120.0000000000000142 ) ) ;
#533 = EDGE_CURVE ( 'NONE', #351, #511, #774, .T. ) ;
#534 = CIRCLE ( 'NONE', #1419, 1.600000000000004086 ) ;
#535 = CIRCLE ( 'NONE', #1386, 1.600000000000004086 ) ;
#536 = CARTESIAN_POINT ( 'NONE',  ( 30.00000000000000711, 0.000000000000000000, 130.0000000000000000 ) ) ;
#537 = CIRCLE ( 'NONE', #1387, 1.599999999999997202 ) ;
#538 = ORIENTED_EDGE ( 'NONE', *, *, #1148, .F. ) ;
#539 = CARTESIAN_POINT ( 'NONE',  ( 30.00000000000000711, 0.000000000000000000, 89.99999999999998579 ) ) ;
#540 = EDGE_LOOP ( 'NONE', ( #1212, #191 ) ) ;
#541 = DIRECTION ( 'NONE',  ( 0.000000000000000000, 1.000000000000000000, 0.000000000000000000 ) ) ;
#542 = DIRECTION ( 'NONE',  ( 0.000000000000000000, 0.000000000000000000, -1.000000000000000000 ) ) ;
#543 = DIRECTION ( 'NONE',  ( 1.000000000000000000, 0.000000000000000000, 0.000000000000000000 ) ) ;
#544 = ORIENTED_EDGE ( 'NONE', *, *, #804, .T. ) ;
#545 = LINE ( 'NONE', #1000, #198 ) ;
#546 = VERTEX_POINT ( 'NONE', #900 ) ;
#547 = DIRECTION ( 'NONE',  ( -0.000000000000000000, 1.000000000000000000, -0.000000000000000000 ) ) ;
#548 = LINE ( 'NONE', #801, #111 ) ;
#549 = ORIENTED_EDGE ( 'NONE', *, *, #906, .T. ) ;
#550 = VECTOR ( 'NONE', #26, 1000.000000000000000 ) ;
#551 = CARTESIAN_POINT ( 'NONE',  ( 50.00000000000001421, 10.00000000000000000, -60.00000000000000000 ) ) ;
#552 = ORIENTED_EDGE ( 'NONE', *, *, #693, .F. ) ;
#553 = EDGE_CURVE ( 'NONE', #1471, #1370, #1476, .T. ) ;
#554 = CARTESIAN_POINT ( 'NONE',  ( -29.99999999999999289, 0.000000000000000000, 120.0000000000000142 ) ) ;
#555 = ORIENTED_EDGE ( 'NONE', *, *, #153, .T. ) ;
#556 = DIRECTION ( 'NONE',  ( 1.000000000000000000, 0.000000000000000000, -0.000000000000000000 ) ) ;
#557 = DIRECTION ( 'NONE',  ( 0.000000000000000000, 0.000000000000000000, -1.000000000000000000 ) ) ;
#558 = LINE ( 'NONE', #1113, #1087 ) ;
#559 = CIRCLE ( 'NONE', #53, 1.599999999999997202 ) ;
#560 = CARTESIAN_POINT ( 'NONE',  ( -30.00000000000000000, 0.000000000000000000, 10.00000000000000178 ) ) ;
#561 = CIRCLE ( 'NONE', #893, 1.600000000000004086 ) ;
#562 = EDGE_CURVE ( 'NONE', #782, #361, #545, .T. ) ;
#563 = ORIENTED_EDGE ( 'NONE', *, *, #1171, .T. ) ;
#564 = FACE_OUTER_BOUND ( 'NONE', #667, .T. ) ;
#565 = DIRECTION ( 'NONE',  ( -0.000000000000000000, 1.000000000000000000, -0.000000000000000000 ) ) ;
#566 = VECTOR ( 'NONE', #375, 1000.000000000000000 ) ;
#567 = ORIENTED_EDGE ( 'NONE', *, *, #944, .T. ) ;
#568 = DIRECTION ( 'NONE',  ( 0.000000000000000000, -1.000000000000000000, 0.000000000000000000 ) ) ;
#569 = ORIENTED_EDGE ( 'NONE', *, *, #398, .T. ) ;
#570 = CYLINDRICAL_SURFACE ( 'NONE', #14, 1.600000000000004086 ) ;
#571 = ORIENTED_EDGE ( 'NONE', *, *, #25, .T. ) ;
#572 = CARTESIAN_POINT ( 'NONE',  ( -29.99999999999999289, 0.000000000000000000, 130.0000000000000000 ) ) ;
#573 = DIRECTION ( 'NONE',  ( -9.912705577010325549E-17, 0.000000000000000000, -1.000000000000000000 ) ) ;
#574 = EDGE_LOOP ( 'NONE', ( #1014, #1073, #249, #771 ) ) ;
#575 = EDGE_CURVE ( 'NONE', #943, #152, #559, .T. ) ;
#576 = ADVANCED_FACE ( 'NONE', ( #1364 ), #798, .F. ) ;
#577 = FACE_BOUND ( 'NONE', #1045, .T. ) ;
#578 = EDGE_LOOP ( 'NONE', ( #1301, #1216, #247, #854 ) ) ;
#579 = AXIS2_PLACEMENT_3D ( 'NONE', #629, #1313, #638 ) ;
#580 = LINE ( 'NONE', #1157, #443 ) ;
#581 = VERTEX_POINT ( 'NONE', #1222 ) ;
#582 = DIRECTION ( 'NONE',  ( 0.000000000000000000, 0.000000000000000000, -1.000000000000000000 ) ) ;
#583 = CARTESIAN_POINT ( 'NONE',  ( 30.00000000000000000, 10.00000000000000000, 11.59999999999999964 ) ) ;
#584 = VERTEX_POINT ( 'NONE', #1135 ) ;
#585 = EDGE_CURVE ( 'NONE', #1299, #765, #823, .T. ) ;
#586 = DIRECTION ( 'NONE',  ( 0.000000000000000000, 1.000000000000000000, 0.000000000000000000 ) ) ;
#587 = VERTEX_POINT ( 'NONE', #554 ) ;
#588 = DIRECTION ( 'NONE',  ( -0.000000000000000000, 1.000000000000000000, -0.000000000000000000 ) ) ;
#589 = CIRCLE ( 'NONE', #1429, 9.999999999999994671 ) ;
#590 = ORIENTED_EDGE ( 'NONE', *, *, #533, .F. ) ;
#591 = CIRCLE ( 'NONE', #1254, 9.999999999999994671 ) ;
#592 = CYLINDRICAL_SURFACE ( 'NONE', #1245, 1.600000000000004086 ) ;
#593 = AXIS2_PLACEMENT_3D ( 'NONE', #650, #212, #892 ) ;
#594 = ORIENTED_EDGE ( 'NONE', *, *, #374, .F. ) ;
#595 = FACE_BOUND ( 'NONE', #879, .T. ) ;
#596 = VERTEX_POINT ( 'NONE', #885 ) ;
#597 = DIRECTION ( 'NONE',  ( 0.000000000000000000, -1.000000000000000000, 0.000000000000000000 ) ) ;
#598 = CARTESIAN_POINT ( 'NONE',  ( -49.99999999999998579, 10.00000000000000000, 120.0000000000000000 ) ) ;
#599 = ORIENTED_EDGE ( 'NONE', *, *, #740, .F. ) ;
#600 = CARTESIAN_POINT ( 'NONE',  ( 0.000000000000000000, 0.000000000000000000, 0.000000000000000000 ) ) ;
#601 = DIRECTION ( 'NONE',  ( 0.000000000000000000, 0.000000000000000000, 1.000000000000000000 ) ) ;
#602 = CIRCLE ( 'NONE', #47, 1.600000000000004086 ) ;
#603 = ADVANCED_FACE ( 'NONE', ( #1120 ), #784, .F. ) ;
#604 = CARTESIAN_POINT ( 'NONE',  ( 30.00000000000000000, 0.000000000000000000, -11.59999999999999609 ) ) ;
#605 = ORIENTED_EDGE ( 'NONE', *, *, #395, .F. ) ;
#606 = CARTESIAN_POINT ( 'NONE',  ( 40.00000000000000711, 0.000000000000000000, 88.39999999999999147 ) ) ;
#607 = DIRECTION ( 'NONE',  ( 0.000000000000000000, 0.000000000000000000, -1.000000000000000000 ) ) ;
#608 = LINE ( 'NONE', #604, #1470 ) ;
#609 = CIRCLE ( 'NONE', #1451, 1.600000000000004086 ) ;
#610 = EDGE_CURVE ( 'NONE', #63, #596, #34, .T. ) ;
#611 = ORIENTED_EDGE ( 'NONE', *, *, #206, .T. ) ;
#612 = VECTOR ( 'NONE', #632, 1000.000000000000000 ) ;
#613 = AXIS2_PLACEMENT_3D ( 'NONE', #844, #291, #741 ) ;
#614 = AXIS2_PLACEMENT_3D ( 'NONE', #380, #880, #770 ) ;
#615 = FACE_BOUND ( 'NONE', #240, .T. ) ;
#616 = DIRECTION ( 'NONE',  ( 0.000000000000000000, -1.000000000000000000, 0.000000000000000000 ) ) ;
#617 = ORIENTED_EDGE ( 'NONE', *, *, #194, .F. ) ;
#618 = DIRECTION ( 'NONE',  ( 0.000000000000000000, 0.000000000000000000, -1.000000000000000000 ) ) ;
#619 = ORIENTED_EDGE ( 'NONE', *, *, #253, .F. ) ;
#620 = EDGE_CURVE ( 'NONE', #949, #203, #492, .T. ) ;
#621 = DIRECTION ( 'NONE',  ( 0.000000000000000000, 1.000000000000000000, 0.000000000000000000 ) ) ;
#622 = CARTESIAN_POINT ( 'NONE',  ( -39.99999999999999289, 0.000000000000000000, 130.0000000000000000 ) ) ;
#623 = ORIENTED_EDGE ( 'NONE', *, *, #1148, .T. ) ;
#624 = VERTEX_POINT ( 'NONE', #539 ) ;
#625 = CIRCLE ( 'NONE', #505, 1.599999999999997202 ) ;
#626 = LINE ( 'NONE', #295, #1431 ) ;
#627 = EDGE_CURVE ( 'NONE', #1402, #1267, #1327, .T. ) ;
#628 = CYLINDRICAL_SURFACE ( 'NONE', #1484, 1.599999999999997202 ) ;
#629 = CARTESIAN_POINT ( 'NONE',  ( 30.00000000000000000, 10.00000000000000000, -9.999999999999998224 ) ) ;
#630 = ORIENTED_EDGE ( 'NONE', *, *, #509, .F. ) ;
#631 = EDGE_LOOP ( 'NONE', ( #1261, #1047 ) ) ;
#632 = DIRECTION ( 'NONE',  ( -0.000000000000000000, 1.000000000000000000, -0.000000000000000000 ) ) ;
#633 = AXIS2_PLACEMENT_3D ( 'NONE', #1030, #597, #830 ) ;
#634 = VECTOR ( 'NONE', #1312, 1000.000000000000000 ) ;
#635 = CARTESIAN_POINT ( 'NONE',  ( 40.00000000000001421, 0.000000000000000000, -51.60000000000000142 ) ) ;
#636 = AXIS2_PLACEMENT_3D ( 'NONE', #654, #648, #525 ) ;
#637 = EDGE_CURVE ( 'NONE', #763, #587, #1380, .T. ) ;
#638 = DIRECTION ( 'NONE',  ( 0.000000000000000000, 0.000000000000000000, -1.000000000000000000 ) ) ;
#639 = ORIENTED_EDGE ( 'NONE', *, *, #1083, .T. ) ;
#640 = DIRECTION ( 'NONE',  ( -0.000000000000000000, 1.000000000000000000, -0.000000000000000000 ) ) ;
#641 = CARTESIAN_POINT ( 'NONE',  ( 30.00000000000000711, 10.00000000000000000, 0.000000000000000000 ) ) ;
#642 = CYLINDRICAL_SURFACE ( 'NONE', #1041, 1.600000000000004086 ) ;
#643 = EDGE_LOOP ( 'NONE', ( #904, #737, #179, #22 ) ) ;
#644 = DIRECTION ( 'NONE',  ( 0.000000000000000000, 0.000000000000000000, 1.000000000000000000 ) ) ;
#645 = ADVANCED_FACE ( 'NONE', ( #454 ), #652, .F. ) ;
#646 = ORIENTED_EDGE ( 'NONE', *, *, #269, .F. ) ;
#647 = CARTESIAN_POINT ( 'NONE',  ( -39.99999999999999289, 10.00000000000000000, 120.0000000000000142 ) ) ;
#648 = DIRECTION ( 'NONE',  ( 0.000000000000000000, -1.000000000000000000, 0.000000000000000000 ) ) ;
#649 = AXIS2_PLACEMENT_3D ( 'NONE', #837, #1271, #728 ) ;
#650 = CARTESIAN_POINT ( 'NONE',  ( 40.00000000000001421, 0.000000000000000000, -49.99999999999999289 ) ) ;
#651 = EDGE_LOOP ( 'NONE', ( #1276, #1249 ) ) ;
#652 = CYLINDRICAL_SURFACE ( 'NONE', #1060, 1.599999999999997202 ) ;
#653 = CARTESIAN_POINT ( 'NONE',  ( -39.99999999999999289, 0.000000000000000000, 118.4000000000000199 ) ) ;
#654 = CARTESIAN_POINT ( 'NONE',  ( 20.00000000000000355, 10.00000000000000000, 89.99999999999998579 ) ) ;
#655 = AXIS2_PLACEMENT_3D ( 'NONE', #1078, #312, #973 ) ;
#656 = FACE_OUTER_BOUND ( 'NONE', #832, .T. ) ;
#657 = CIRCLE ( 'NONE', #593, 10.00000000000000178 ) ;
#658 = VERTEX_POINT ( 'NONE', #1347 ) ;
#659 = CARTESIAN_POINT ( 'NONE',  ( -30.00000000000000000, 10.00000000000000000, 11.59999999999999964 ) ) ;
#660 = EDGE_LOOP ( 'NONE', ( #1239, #1273, #552, #617 ) ) ;
#661 = CYLINDRICAL_SURFACE ( 'NONE', #1362, 1.599999999999997202 ) ;
#662 = EDGE_CURVE ( 'NONE', #530, #1278, #391, .T. ) ;
#663 = CARTESIAN_POINT ( 'NONE',  ( -30.00000000000000000, 0.000000000000000000, 8.400000000000003908 ) ) ;
#664 = ORIENTED_EDGE ( 'NONE', *, *, #478, .F. ) ;
#665 = ORIENTED_EDGE ( 'NONE', *, *, #381, .T. ) ;
#666 = DIRECTION ( 'NONE',  ( 0.000000000000000000, 0.000000000000000000, -1.000000000000000000 ) ) ;
#667 = EDGE_LOOP ( 'NONE', ( #195, #846, #703, #1242 ) ) ;
#668 =( NAMED_UNIT ( * ) SI_UNIT ( $, .STERADIAN. ) SOLID_ANGLE_UNIT ( ) );
#669 = CARTESIAN_POINT ( 'NONE',  ( 40.00000000000001421, 10.00000000000000000, -49.99999999999999289 ) ) ;
#670 = CIRCLE ( 'NONE', #795, 1.599999999999997202 ) ;
#671 = CYLINDRICAL_SURFACE ( 'NONE', #866, 1.599999999999997202 ) ;
#672 = EDGE_CURVE ( 'NONE', #1462, #307, #232, .T. ) ;
#673 = EDGE_LOOP ( 'NONE', ( #1230, #482, #1116, #2 ) ) ;
#674 = CARTESIAN_POINT ( 'NONE',  ( -29.99999999999999289, 0.000000000000000000, 120.0000000000000142 ) ) ;
#675 = EDGE_CURVE ( 'NONE', #1299, #389, #580, .T. ) ;
#676 = EDGE_LOOP ( 'NONE', ( #605, #114, #159, #827 ) ) ;
#677 = ORIENTED_EDGE ( 'NONE', *, *, #297, .T. ) ;
#678 = CYLINDRICAL_SURFACE ( 'NONE', #942, 10.00000000000000178 ) ;
#679 = CARTESIAN_POINT ( 'NONE',  ( -39.99999999999998579, 0.000000000000000000, -48.40000000000000568 ) ) ;
#680 = ORIENTED_EDGE ( 'NONE', *, *, #404, .T. ) ;
#681 = DIRECTION ( 'NONE',  ( 0.000000000000000000, 0.000000000000000000, 1.000000000000000000 ) ) ;
#682 = CIRCLE ( 'NONE', #1063, 1.599999999999997202 ) ;
#683 = EDGE_CURVE ( 'NONE', #83, #1299, #589, .T. ) ;
#684 = EDGE_LOOP ( 'NONE', ( #1338, #251, #1464, #1487 ) ) ;
#685 = CARTESIAN_POINT ( 'NONE',  ( -39.99999999999998579, 0.000000000000000000, -50.00000000000000000 ) ) ;
#686 = DIRECTION ( 'NONE',  ( -1.000000000000000000, -0.000000000000000000, -0.000000000000000000 ) ) ;
#687 = ORIENTED_EDGE ( 'NONE', *, *, #347, .T. ) ;
#688 = FACE_BOUND ( 'NONE', #494, .T. ) ;
#689 = CARTESIAN_POINT ( 'NONE',  ( -50.00000000000000711, 10.00000000000000000, -60.00000000000000000 ) ) ;
#690 = EDGE_LOOP ( 'NONE', ( #1223, #847 ) ) ;
#691 = SURFACE_STYLE_FILL_AREA ( #1492 ) ;
#692 = CARTESIAN_POINT ( 'NONE',  ( 20.00000000000000355, 10.00000000000000000, 79.99999999999998579 ) ) ;
#693 = EDGE_CURVE ( 'NONE', #1187, #1331, #1281, .T. ) ;
#694 = ORIENTED_EDGE ( 'NONE', *, *, #585, .F. ) ;
#695 = DIRECTION ( 'NONE',  ( 0.000000000000000000, 0.000000000000000000, 1.000000000000000000 ) ) ;
#696 = CIRCLE ( 'NONE', #744, 1.599999999999997202 ) ;
#697 = DIRECTION ( 'NONE',  ( 0.000000000000000000, -1.000000000000000000, 0.000000000000000000 ) ) ;
#698 = DIRECTION ( 'NONE',  ( 0.000000000000000000, 0.000000000000000000, -1.000000000000000000 ) ) ;
#699 = ORIENTED_EDGE ( 'NONE', *, *, #41, .T. ) ;
#700 = EDGE_CURVE ( 'NONE', #1267, #229, #241, .T. ) ;
#701 = DIRECTION ( 'NONE',  ( 0.000000000000000000, 0.000000000000000000, 1.000000000000000000 ) ) ;
#702 = CARTESIAN_POINT ( 'NONE',  ( 40.00000000000001421, 0.000000000000000000, 48.40000000000000568 ) ) ;
#703 = ORIENTED_EDGE ( 'NONE', *, *, #416, .F. ) ;
#704 = CIRCLE ( 'NONE', #865, 9.999999999999994671 ) ;
#705 = CYLINDRICAL_SURFACE ( 'NONE', #1274, 1.599999999999997202 ) ;
#706 = PRODUCT_CONTEXT ( 'NONE', #1292, 'mechanical' ) ;
#707 = AXIS2_PLACEMENT_3D ( 'NONE', #1475, #996, #197 ) ;
#708 = EDGE_LOOP ( 'NONE', ( #799, #738, #456, #103, #990, #1118, #611, #1426, #303, #819, #1346, #161, #1104, #1335 ) ) ;
#709 = AXIS2_PLACEMENT_3D ( 'NONE', #1357, #108, #228 ) ;
#710 = CARTESIAN_POINT ( 'NONE',  ( 40.00000000000000711, 0.000000000000000000, 91.59999999999999432 ) ) ;
#711 = EDGE_CURVE ( 'NONE', #658, #43, #753, .T. ) ;
#712 = ORIENTED_EDGE ( 'NONE', *, *, #933, .F. ) ;
#713 = CARTESIAN_POINT ( 'NONE',  ( -50.00000000000000711, 10.00000000000000000, -49.99999999999999289 ) ) ;
#714 = ORIENTED_EDGE ( 'NONE', *, *, #374, .T. ) ;
#715 = PRODUCT_DEFINITION ( 'UNKNOWN', '', #988, #1193 ) ;
#716 = CARTESIAN_POINT ( 'NONE',  ( -39.99999999999999289, 10.00000000000000000, 130.0000000000000000 ) ) ;
#717 = ORIENTED_EDGE ( 'NONE', *, *, #450, .F. ) ;
#718 = FACE_BOUND ( 'NONE', #86, .T. ) ;
#719 = ADVANCED_FACE ( 'NONE', ( #485 ), #1403, .F. ) ;
#720 = DIRECTION ( 'NONE',  ( 0.000000000000000000, 0.000000000000000000, 1.000000000000000000 ) ) ;
#721 = AXIS2_PLACEMENT_3D ( 'NONE', #529, #736, #184 ) ;
#722 = FACE_OUTER_BOUND ( 'NONE', #1372, .T. ) ;
#723 = VERTEX_POINT ( 'NONE', #149 ) ;
#724 = ORIENTED_EDGE ( 'NONE', *, *, #533, .T. ) ;
#725 = FACE_BOUND ( 'NONE', #1201, .T. ) ;
#726 = CARTESIAN_POINT ( 'NONE',  ( -49.99999999999999289, 0.000000000000000000, 59.99999999999999289 ) ) ;
#727 = VERTEX_POINT ( 'NONE', #1391 ) ;
#728 = DIRECTION ( 'NONE',  ( 0.000000000000000000, 0.000000000000000000, 1.000000000000000000 ) ) ;
#729 = EDGE_CURVE ( 'NONE', #307, #958, #938, .T. ) ;
#730 = VERTEX_POINT ( 'NONE', #30 ) ;
#731 = CIRCLE ( 'NONE', #298, 1.599999999999997202 ) ;
#732 = VECTOR ( 'NONE', #1256, 1000.000000000000000 ) ;
#733 = EDGE_CURVE ( 'NONE', #401, #919, #144, .T. ) ;
#734 = VECTOR ( 'NONE', #65, 1000.000000000000000 ) ;
#735 = DIRECTION ( 'NONE',  ( 0.000000000000000000, 1.000000000000000000, 0.000000000000000000 ) ) ;
#736 = DIRECTION ( 'NONE',  ( 0.000000000000000000, 1.000000000000000000, 0.000000000000000000 ) ) ;
#737 = ORIENTED_EDGE ( 'NONE', *, *, #1390, .T. ) ;
#738 = ORIENTED_EDGE ( 'NONE', *, *, #1027, .T. ) ;
#739 = CARTESIAN_POINT ( 'NONE',  ( 40.00000000000001421, 10.00000000000000000, 51.60000000000000142 ) ) ;
#740 = EDGE_CURVE ( 'NONE', #1270, #1159, #609, .T. ) ;
#741 = DIRECTION ( 'NONE',  ( 0.000000000000000000, 0.000000000000000000, 1.000000000000000000 ) ) ;
#742 = DIRECTION ( 'NONE',  ( -0.000000000000000000, 1.000000000000000000, -0.000000000000000000 ) ) ;
#743 = ORIENTED_EDGE ( 'NONE', *, *, #553, .T. ) ;
#744 = AXIS2_PLACEMENT_3D ( 'NONE', #1442, #541, #994 ) ;
#745 = CARTESIAN_POINT ( 'NONE',  ( 50.00000000000001421, 0.000000000000000000, -49.99999999999999289 ) ) ;
#746 = LINE ( 'NONE', #299, #1111 ) ;
#747 = DIRECTION ( 'NONE',  ( 0.000000000000000000, -1.000000000000000000, 0.000000000000000000 ) ) ;
#748 = EDGE_LOOP ( 'NONE', ( #279, #332, #1054, #664 ) ) ;
#749 = ORIENTED_EDGE ( 'NONE', *, *, #562, .F. ) ;
#750 = VECTOR ( 'NONE', #333, 1000.000000000000000 ) ;
#751 = CARTESIAN_POINT ( 'NONE',  ( -39.99999999999999289, 10.00000000000000000, 118.4000000000000199 ) ) ;
#752 = CARTESIAN_POINT ( 'NONE',  ( -39.99999999999998579, 10.00000000000000000, 48.40000000000000568 ) ) ;
#753 = CIRCLE ( 'NONE', #415, 9.999999999999994671 ) ;
#754 = VECTOR ( 'NONE', #458, 1000.000000000000000 ) ;
#755 = CARTESIAN_POINT ( 'NONE',  ( -30.00000000000000000, 0.000000000000000000, 10.00000000000000178 ) ) ;
#756 = ADVANCED_FACE ( 'NONE', ( #817 ), #38, .F. ) ;
#757 = CIRCLE ( 'NONE', #709, 1.599999999999997202 ) ;
#758 = VERTEX_POINT ( 'NONE', #702 ) ;
#759 = DIRECTION ( 'NONE',  ( 0.000000000000000000, -1.000000000000000000, 0.000000000000000000 ) ) ;
#760 = ORIENTED_EDGE ( 'NONE', *, *, #1361, .T. ) ;
#761 = DIRECTION ( 'NONE',  ( -0.000000000000000000, 1.000000000000000000, -0.000000000000000000 ) ) ;
#762 = FACE_BOUND ( 'NONE', #1043, .T. ) ;
#763 = VERTEX_POINT ( 'NONE', #371 ) ;
#764 = DIRECTION ( 'NONE',  ( 0.000000000000000000, -1.000000000000000000, -0.000000000000000000 ) ) ;
#765 = VERTEX_POINT ( 'NONE', #1398 ) ;
#766 = EDGE_CURVE ( 'NONE', #1159, #1270, #534, .T. ) ;
#767 = DIRECTION ( 'NONE',  ( 0.000000000000000000, -1.000000000000000000, 0.000000000000000000 ) ) ;
#768 = ORIENTED_EDGE ( 'NONE', *, *, #987, .F. ) ;
#769 = DIRECTION ( 'NONE',  ( -0.000000000000000000, 1.000000000000000000, -0.000000000000000000 ) ) ;
#770 = DIRECTION ( 'NONE',  ( 0.000000000000000000, 0.000000000000000000, -1.000000000000000000 ) ) ;
#771 = ORIENTED_EDGE ( 'NONE', *, *, #820, .F. ) ;
#772 = AXIS2_PLACEMENT_3D ( 'NONE', #1452, #1306, #160 ) ;
#773 = DIRECTION ( 'NONE',  ( -0.000000000000000000, 1.000000000000000000, -0.000000000000000000 ) ) ;
#774 = LINE ( 'NONE', #224, #750 ) ;
#775 = ORIENTED_EDGE ( 'NONE', *, *, #9, .T. ) ;
#776 = DIRECTION ( 'NONE',  ( -0.000000000000000000, -0.000000000000000000, 1.000000000000000000 ) ) ;
#777 = CARTESIAN_POINT ( 'NONE',  ( -30.00000000000000000, 10.00000000000000000, -8.400000000000000355 ) ) ;
#778 = EDGE_CURVE ( 'NONE', #466, #68, #1269, .T. ) ;
#779 = EDGE_LOOP ( 'NONE', ( #569, #270 ) ) ;
#780 = DIRECTION ( 'NONE',  ( 0.000000000000000000, 0.000000000000000000, 1.000000000000000000 ) ) ;
#781 = CIRCLE ( 'NONE', #446, 9.999999999999994671 ) ;
#782 = VERTEX_POINT ( 'NONE', #937 ) ;
#783 = CIRCLE ( 'NONE', #1015, 1.599999999999997202 ) ;
#784 = CYLINDRICAL_SURFACE ( 'NONE', #1224, 1.600000000000004086 ) ;
#785 = EDGE_LOOP ( 'NONE', ( #590, #294, #444, #630 ) ) ;
#786 = DIRECTION ( 'NONE',  ( -0.000000000000000000, 1.000000000000000000, -0.000000000000000000 ) ) ;
#787 = LINE ( 'NONE', #336, #376 ) ;
#788 = EDGE_CURVE ( 'NONE', #152, #909, #19, .T. ) ;
#789 = DIRECTION ( 'NONE',  ( 0.000000000000000000, 0.000000000000000000, 1.000000000000000000 ) ) ;
#790 = ORIENTED_EDGE ( 'NONE', *, *, #359, .F. ) ;
#791 = DIRECTION ( 'NONE',  ( 0.000000000000000000, -1.000000000000000000, 0.000000000000000000 ) ) ;
#792 = ORIENTED_EDGE ( 'NONE', *, *, #1083, .F. ) ;
#793 = DIRECTION ( 'NONE',  ( -0.000000000000000000, 1.000000000000000000, -0.000000000000000000 ) ) ;
#794 = LINE ( 'NONE', #692, #1412 ) ;
#795 = AXIS2_PLACEMENT_3D ( 'NONE', #1185, #953, #283 ) ;
#796 = CARTESIAN_POINT ( 'NONE',  ( -39.99999999999998579, 0.000000000000000000, 48.40000000000000568 ) ) ;
#797 = EDGE_CURVE ( 'NONE', #765, #466, #248, .T. ) ;
#798 = CYLINDRICAL_SURFACE ( 'NONE', #225, 1.599999999999997202 ) ;
#799 = ORIENTED_EDGE ( 'NONE', *, *, #1415, .F. ) ;
#800 =( NAMED_UNIT ( * ) PLANE_ANGLE_UNIT ( ) SI_UNIT ( $, .RADIAN. ) );
#801 = CARTESIAN_POINT ( 'NONE',  ( -39.99999999999998579, 0.000000000000000000, -51.60000000000000142 ) ) ;
#802 = EDGE_LOOP ( 'NONE', ( #327, #1125, #1294, #69 ) ) ;
#803 = CYLINDRICAL_SURFACE ( 'NONE', #918, 15.00000000000000000 ) ;
#804 = EDGE_CURVE ( 'NONE', #1144, #83, #258, .T. ) ;
#805 = CARTESIAN_POINT ( 'NONE',  ( 30.00000000000000000, 0.000000000000000000, -8.400000000000000355 ) ) ;
#806 = AXIS2_PLACEMENT_3D ( 'NONE', #1095, #73, #1333 ) ;
#807 = EDGE_LOOP ( 'NONE', ( #379, #875, #97, #538 ) ) ;
#808 = CARTESIAN_POINT ( 'NONE',  ( 20.00000000000000355, 0.000000000000000000, 89.99999999999998579 ) ) ;
#809 = CARTESIAN_POINT ( 'NONE',  ( -40.00000000000000711, 0.000000000000000000, -60.00000000000000000 ) ) ;
#810 = ORIENTED_EDGE ( 'NONE', *, *, #1189, .F. ) ;
#811 = DIRECTION ( 'NONE',  ( 0.000000000000000000, 0.000000000000000000, 1.000000000000000000 ) ) ;
#812 = CARTESIAN_POINT ( 'NONE',  ( -39.99999999999999289, 0.000000000000000000, 90.00000000000001421 ) ) ;
#813 = CARTESIAN_POINT ( 'NONE',  ( -39.99999999999998579, 10.00000000000000000, -50.00000000000000000 ) ) ;
#814 = ORIENTED_EDGE ( 'NONE', *, *, #263, .F. ) ;
#815 = DIRECTION ( 'NONE',  ( 0.000000000000000000, -1.000000000000000000, 0.000000000000000000 ) ) ;
#816 = VECTOR ( 'NONE', #1032, 1000.000000000000000 ) ;
#817 = FACE_OUTER_BOUND ( 'NONE', #91, .T. ) ;
#818 = LINE ( 'NONE', #481, #1169 ) ;
#819 = ORIENTED_EDGE ( 'NONE', *, *, #185, .T. ) ;
#820 = EDGE_CURVE ( 'NONE', #1267, #133, #931, .T. ) ;
#821 = CARTESIAN_POINT ( 'NONE',  ( 50.00000000000001421, 10.00000000000000000, -49.99999999999998579 ) ) ;
#822 = DIRECTION ( 'NONE',  ( 0.000000000000000000, -1.000000000000000000, 0.000000000000000000 ) ) ;
#823 = CIRCLE ( 'NONE', #1082, 9.999999999999994671 ) ;
#824 = LINE ( 'NONE', #1287, #816 ) ;
#825 = APPLICATION_PROTOCOL_DEFINITION ( 'draft international standard', 'automotive_design', 1998, #1292 ) ;
#826 = VECTOR ( 'NONE', #764, 1000.000000000000000 ) ;
#827 = ORIENTED_EDGE ( 'NONE', *, *, #153, .F. ) ;
#828 = ADVANCED_FACE ( 'NONE', ( #44 ), #642, .F. ) ;
#829 = CARTESIAN_POINT ( 'NONE',  ( -39.99999999999998579, 10.00000000000000000, 51.60000000000000142 ) ) ;
#830 = DIRECTION ( 'NONE',  ( 0.000000000000000000, 0.000000000000000000, -1.000000000000000000 ) ) ;
#831 = CARTESIAN_POINT ( 'NONE',  ( 40.00000000000000711, 10.00000000000000000, 90.00000000000000000 ) ) ;
#832 = EDGE_LOOP ( 'NONE', ( #934, #127, #500, #544 ) ) ;
#833 = DIRECTION ( 'NONE',  ( 0.000000000000000000, 0.000000000000000000, 1.000000000000000000 ) ) ;
#834 = FACE_OUTER_BOUND ( 'NONE', #660, .T. ) ;
#835 = ADVANCED_FACE ( 'NONE', ( #1177 ), #282, .F. ) ;
#836 = VECTOR ( 'NONE', #1279, 1000.000000000000000 ) ;
#837 = CARTESIAN_POINT ( 'NONE',  ( 0.000000000000000000, 0.000000000000000000, 0.000000000000000000 ) ) ;
#838 = ORIENTED_EDGE ( 'NONE', *, *, #450, .T. ) ;
#839 = DIRECTION ( 'NONE',  ( 1.000000000000000000, 0.000000000000000000, 0.000000000000000000 ) ) ;
#840 = EDGE_CURVE ( 'NONE', #229, #310, #392, .T. ) ;
#841 = CARTESIAN_POINT ( 'NONE',  ( 40.00000000000000711, 0.000000000000000000, 130.0000000000000000 ) ) ;
#842 = ORIENTED_EDGE ( 'NONE', *, *, #245, .F. ) ;
#843 = DIRECTION ( 'NONE',  ( 0.000000000000000000, 0.000000000000000000, 1.000000000000000000 ) ) ;
#844 = CARTESIAN_POINT ( 'NONE',  ( 40.00000000000000711, 0.000000000000000000, 120.0000000000000142 ) ) ;
#845 = DIRECTION ( 'NONE',  ( 0.000000000000000000, 0.000000000000000000, 1.000000000000000000 ) ) ;
#846 = ORIENTED_EDGE ( 'NONE', *, *, #1468, .T. ) ;
#847 = ORIENTED_EDGE ( 'NONE', *, *, #575, .T. ) ;
#848 = DIRECTION ( 'NONE',  ( 0.000000000000000000, 0.000000000000000000, 1.000000000000000000 ) ) ;
#849 = PRODUCT_DEFINITION_SHAPE ( 'NONE', 'NONE',  #715 ) ;
#850 = CARTESIAN_POINT ( 'NONE',  ( -29.99999999999999289, 0.000000000000000000, 79.99999999999998579 ) ) ;
#851 = CARTESIAN_POINT ( 'NONE',  ( 40.00000000000001421, 10.00000000000000000, -48.40000000000000568 ) ) ;
#852 = AXIS2_PLACEMENT_3D ( 'NONE', #932, #491, #271 ) ;
#853 = ORIENTED_EDGE ( 'NONE', *, *, #729, .F. ) ;
#854 = ORIENTED_EDGE ( 'NONE', *, *, #797, .T. ) ;
#855 = CYLINDRICAL_SURFACE ( 'NONE', #891, 1.600000000000004086 ) ;
#856 = FACE_OUTER_BOUND ( 'NONE', #217, .T. ) ;
#857 = EDGE_CURVE ( 'NONE', #1121, #88, #202, .T. ) ;
#858 = LINE ( 'NONE', #726, #1228 ) ;
#859 = ORIENTED_EDGE ( 'NONE', *, *, #711, .T. ) ;
#860 = CARTESIAN_POINT ( 'NONE',  ( 40.00000000000001421, 10.00000000000000000, -60.00000000000000000 ) ) ;
#861 = EDGE_LOOP ( 'NONE', ( #999, #1162, #555, #1494 ) ) ;
#862 = AXIS2_PLACEMENT_3D ( 'NONE', #908, #216, #992 ) ;
#863 = CARTESIAN_POINT ( 'NONE',  ( -30.00000000000000000, 0.000000000000000000, 10.00000000000000178 ) ) ;
#864 = FACE_BOUND ( 'NONE', #1206, .T. ) ;
#865 = AXIS2_PLACEMENT_3D ( 'NONE', #955, #1447, #52 ) ;
#866 = AXIS2_PLACEMENT_3D ( 'NONE', #1103, #1246, #780 ) ;
#867 = EDGE_CURVE ( 'NONE', #396, #1490, #1285, .T. ) ;
#868 = AXIS2_PLACEMENT_3D ( 'NONE', #1343, #267, #432 ) ;
#869 = FACE_OUTER_BOUND ( 'NONE', #1314, .T. ) ;
#870 = DIRECTION ( 'NONE',  ( -1.000000000000000000, 0.000000000000000000, -0.000000000000000000 ) ) ;
#871 = ORIENTED_EDGE ( 'NONE', *, *, #32, .T. ) ;
#872 = CARTESIAN_POINT ( 'NONE',  ( 40.00000000000001421, 0.000000000000000000, 48.40000000000000568 ) ) ;
#873 = DIRECTION ( 'NONE',  ( 0.000000000000000000, 1.000000000000000000, 0.000000000000000000 ) ) ;
#874 = CARTESIAN_POINT ( 'NONE',  ( 40.00000000000000711, 0.000000000000000000, 121.6000000000000085 ) ) ;
#875 = ORIENTED_EDGE ( 'NONE', *, *, #220, .F. ) ;
#876 = VERTEX_POINT ( 'NONE', #268 ) ;
#877 = EDGE_CURVE ( 'NONE', #133, #1490, #858, .T. ) ;
#878 = DIRECTION ( 'NONE',  ( 0.000000000000000000, 0.000000000000000000, 1.000000000000000000 ) ) ;
#879 = EDGE_LOOP ( 'NONE', ( #370, #921 ) ) ;
#880 = DIRECTION ( 'NONE',  ( 0.000000000000000000, -1.000000000000000000, 0.000000000000000000 ) ) ;
#881 = EDGE_LOOP ( 'NONE', ( #488, #1194, #896, #749 ) ) ;
#882 = CIRCLE ( 'NONE', #852, 1.599999999999997202 ) ;
#883 = CYLINDRICAL_SURFACE ( 'NONE', #419, 1.600000000000004086 ) ;
#884 = VECTOR ( 'NONE', #400, 1000.000000000000000 ) ;
#885 = CARTESIAN_POINT ( 'NONE',  ( 40.00000000000001421, 10.00000000000000000, 48.40000000000000568 ) ) ;
#886 = ADVANCED_FACE ( 'NONE', ( #276 ), #49, .T. ) ;
#887 = ORIENTED_EDGE ( 'NONE', *, *, #1048, .T. ) ;
#888 = FACE_OUTER_BOUND ( 'NONE', #95, .T. ) ;
#889 = DIRECTION ( 'NONE',  ( -0.000000000000000000, 1.000000000000000000, 0.000000000000000000 ) ) ;
#890 = AXIS2_PLACEMENT_3D ( 'NONE', #1248, #3, #429 ) ;
#891 = AXIS2_PLACEMENT_3D ( 'NONE', #64, #786, #457 ) ;
#892 = DIRECTION ( 'NONE',  ( 0.000000000000000000, 0.000000000000000000, -1.000000000000000000 ) ) ;
#893 = AXIS2_PLACEMENT_3D ( 'NONE', #1344, #1450, #101 ) ;
#894 = CIRCLE ( 'NONE', #1334, 1.600000000000004086 ) ;
#895 = DIRECTION ( 'NONE',  ( -0.000000000000000000, 1.000000000000000000, -0.000000000000000000 ) ) ;
#896 = ORIENTED_EDGE ( 'NONE', *, *, #1197, .F. ) ;
#897 = PLANE ( 'NONE',  #984 ) ;
#898 = DIRECTION ( 'NONE',  ( -0.000000000000000000, 1.000000000000000000, -0.000000000000000000 ) ) ;
#899 = VERTEX_POINT ( 'NONE', #1326 ) ;
#900 = CARTESIAN_POINT ( 'NONE',  ( 30.00000000000000000, 0.000000000000000000, 8.400000000000003908 ) ) ;
#901 = ORIENTED_EDGE ( 'NONE', *, *, #1102, .T. ) ;
#902 = LINE ( 'NONE', #107, #915 ) ;
#903 = CYLINDRICAL_SURFACE ( 'NONE', #1458, 1.599999999999997202 ) ;
#904 = ORIENTED_EDGE ( 'NONE', *, *, #1325, .F. ) ;
#905 = CIRCLE ( 'NONE', #147, 9.999999999999994671 ) ;
#906 = EDGE_CURVE ( 'NONE', #43, #730, #746, .T. ) ;
#907 = CARTESIAN_POINT ( 'NONE',  ( -39.99999999999998579, 10.00000000000000000, -48.40000000000000568 ) ) ;
#908 = CARTESIAN_POINT ( 'NONE',  ( -40.00000000000000711, 10.00000000000000000, -49.99999999999999289 ) ) ;
#909 = VERTEX_POINT ( 'NONE', #1079 ) ;
#910 = DIRECTION ( 'NONE',  ( 0.000000000000000000, 0.000000000000000000, 1.000000000000000000 ) ) ;
#911 = FACE_OUTER_BOUND ( 'NONE', #802, .T. ) ;
#912 = ORIENTED_EDGE ( 'NONE', *, *, #970, .F. ) ;
#913 = AXIS2_PLACEMENT_3D ( 'NONE', #498, #916, #946 ) ;
#914 = DIRECTION ( 'NONE',  ( 0.000000000000000000, -1.000000000000000000, 0.000000000000000000 ) ) ;
#915 = VECTOR ( 'NONE', #793, 1000.000000000000000 ) ;
#916 = DIRECTION ( 'NONE',  ( -0.000000000000000000, 1.000000000000000000, -0.000000000000000000 ) ) ;
#917 = VECTOR ( 'NONE', #1275, 1000.000000000000000 ) ;
#918 = AXIS2_PLACEMENT_3D ( 'NONE', #600, #1155, #695 ) ;
#919 = VERTEX_POINT ( 'NONE', #1430 ) ;
#920 = CARTESIAN_POINT ( 'NONE',  ( 30.00000000000000000, 0.000000000000000000, 11.59999999999999964 ) ) ;
#921 = ORIENTED_EDGE ( 'NONE', *, *, #1154, .T. ) ;
#922 = CARTESIAN_POINT ( 'NONE',  ( 50.00000000000001421, 10.00000000000000000, 130.0000000000000000 ) ) ;
#923 = ORIENTED_EDGE ( 'NONE', *, *, #337, .T. ) ;
#924 = DIRECTION ( 'NONE',  ( -0.000000000000000000, 1.000000000000000000, -0.000000000000000000 ) ) ;
#925 = EDGE_CURVE ( 'NONE', #958, #658, #1303, .T. ) ;
#926 = DIRECTION ( 'NONE',  ( -0.000000000000000000, 1.000000000000000000, -0.000000000000000000 ) ) ;
#927 = ORIENTED_EDGE ( 'NONE', *, *, #637, .F. ) ;
#928 = CYLINDRICAL_SURFACE ( 'NONE', #1134, 9.999999999999994671 ) ;
#929 = AXIS2_PLACEMENT_3D ( 'NONE', #503, #759, #618 ) ;
#930 = CIRCLE ( 'NONE', #579, 1.599999999999997202 ) ;
#931 = LINE ( 'NONE', #713, #254 ) ;
#932 = CARTESIAN_POINT ( 'NONE',  ( 30.00000000000000000, 10.00000000000000000, -9.999999999999998224 ) ) ;
#933 = EDGE_CURVE ( 'NONE', #723, #976, #1433, .T. ) ;
#934 = ORIENTED_EDGE ( 'NONE', *, *, #1361, .F. ) ;
#935 = ADVANCED_FACE ( 'NONE', ( #951 ), #1423, .F. ) ;
#936 = FACE_BOUND ( 'NONE', #260, .T. ) ;
#937 = CARTESIAN_POINT ( 'NONE',  ( 40.00000000000001421, 0.000000000000000000, -48.40000000000000568 ) ) ;
#938 = CIRCLE ( 'NONE', #104, 9.999999999999994671 ) ;
#939 = EDGE_LOOP ( 'NONE', ( #1280, #146, #1315, #293 ) ) ;
#940 = AXIS2_PLACEMENT_3D ( 'NONE', #963, #1074, #506 ) ;
#941 = CARTESIAN_POINT ( 'NONE',  ( -40.00000000000000711, 10.00000000000000000, -49.99999999999999289 ) ) ;
#942 = AXIS2_PLACEMENT_3D ( 'NONE', #669, #1264, #557 ) ;
#943 = VERTEX_POINT ( 'NONE', #1438 ) ;
#944 = EDGE_CURVE ( 'NONE', #1490, #229, #956, .T. ) ;
#945 = CARTESIAN_POINT ( 'NONE',  ( -39.99999999999999289, 0.000000000000000000, 91.60000000000000853 ) ) ;
#946 = DIRECTION ( 'NONE',  ( 0.000000000000000000, 0.000000000000000000, 1.000000000000000000 ) ) ;
#947 = DIRECTION ( 'NONE',  ( 0.000000000000000000, 1.000000000000000000, 0.000000000000000000 ) ) ;
#948 = SHAPE_DEFINITION_REPRESENTATION ( #849, #386 ) ;
#949 = VERTEX_POINT ( 'NONE', #67 ) ;
#950 = EDGE_CURVE ( 'NONE', #1167, #165, #1190, .T. ) ;
#951 = FACE_OUTER_BOUND ( 'NONE', #939, .T. ) ;
#952 = CIRCLE ( 'NONE', #314, 1.599999999999997202 ) ;
#953 = DIRECTION ( 'NONE',  ( 0.000000000000000000, 1.000000000000000000, 0.000000000000000000 ) ) ;
#954 = ORIENTED_EDGE ( 'NONE', *, *, #740, .T. ) ;
#955 = CARTESIAN_POINT ( 'NONE',  ( -39.99999999999999289, 0.000000000000000000, 120.0000000000000142 ) ) ;
#956 = LINE ( 'NONE', #174, #634 ) ;
#957 = LINE ( 'NONE', #309, #486 ) ;
#958 = VERTEX_POINT ( 'NONE', #169 ) ;
#959 = AXIS2_PLACEMENT_3D ( 'NONE', #863, #304, #843 ) ;
#960 = CARTESIAN_POINT ( 'NONE',  ( -39.99999999999998579, 0.000000000000000000, 50.00000000000000000 ) ) ;
#961 = AXIS2_PLACEMENT_3D ( 'NONE', #850, #971, #1198 ) ;
#962 = AXIS2_PLACEMENT_3D ( 'NONE', #1117, #565, #1375 ) ;
#963 = CARTESIAN_POINT ( 'NONE',  ( 30.00000000000000000, 0.000000000000000000, 10.00000000000000178 ) ) ;
#964 = CARTESIAN_POINT ( 'NONE',  ( 40.00000000000000711, 0.000000000000000000, 118.4000000000000057 ) ) ;
#965 = ADVANCED_FACE ( 'NONE', ( #1205 ), #628, .F. ) ;
#966 = ORIENTED_EDGE ( 'NONE', *, *, #175, .T. ) ;
#967 = CARTESIAN_POINT ( 'NONE',  ( -39.99999999999999289, 0.000000000000000000, 120.0000000000000284 ) ) ;
#968 = PRODUCT ( 'GripperBaseButtom', 'GripperBaseButtom', '', ( #706 ) ) ;
#969 = FACE_BOUND ( 'NONE', #141, .T. ) ;
#970 = EDGE_CURVE ( 'NONE', #466, #389, #781, .T. ) ;
#971 = DIRECTION ( 'NONE',  ( 0.000000000000000000, 0.000000000000000000, -1.000000000000000000 ) ) ;
#972 = CARTESIAN_POINT ( 'NONE',  ( -30.00000000000000000, 10.00000000000000000, -9.999999999999998224 ) ) ;
#973 = DIRECTION ( 'NONE',  ( 0.000000000000000000, 0.000000000000000000, 1.000000000000000000 ) ) ;
#974 = ADVANCED_FACE ( 'NONE', ( #834 ), #671, .F. ) ;
#975 = FACE_OUTER_BOUND ( 'NONE', #807, .T. ) ;
#976 = VERTEX_POINT ( 'NONE', #663 ) ;
#977 = DIRECTION ( 'NONE',  ( -0.000000000000000000, 1.000000000000000000, -0.000000000000000000 ) ) ;
#978 = ORIENTED_EDGE ( 'NONE', *, *, #367, .T. ) ;
#979 = DIRECTION ( 'NONE',  ( 0.000000000000000000, 0.000000000000000000, -1.000000000000000000 ) ) ;
#980 = ORIENTED_EDGE ( 'NONE', *, *, #675, .T. ) ;
#981 = VECTOR ( 'NONE', #129, 1000.000000000000000 ) ;
#982 = CARTESIAN_POINT ( 'NONE',  ( -19.99999999999998934, 10.00000000000000000, 79.99999999999998579 ) ) ;
#983 = CARTESIAN_POINT ( 'NONE',  ( 50.00000000000001421, 10.00000000000000000, -49.99999999999999289 ) ) ;
#984 = AXIS2_PLACEMENT_3D ( 'NONE', #319, #1138, #556 ) ;
#985 = CIRCLE ( 'NONE', #1180, 1.599999999999997202 ) ;
#986 = ADVANCED_FACE ( 'NONE', ( #207 ), #1236, .F. ) ;
#987 = EDGE_CURVE ( 'NONE', #43, #307, #1336, .T. ) ;
#988 = PRODUCT_DEFINITION_FORMATION_WITH_SPECIFIED_SOURCE ( 'ANY', '', #968, .NOT_KNOWN. ) ;
#989 = DIRECTION ( 'NONE',  ( 0.000000000000000000, 0.000000000000000000, 1.000000000000000000 ) ) ;
#990 = ORIENTED_EDGE ( 'NONE', *, *, #1379, .T. ) ;
#991 = ORIENTED_EDGE ( 'NONE', *, *, #1189, .T. ) ;
#992 = DIRECTION ( 'NONE',  ( 0.000000000000000000, 0.000000000000000000, -1.000000000000000000 ) ) ;
#993 = ORIENTED_EDGE ( 'NONE', *, *, #72, .T. ) ;
#994 = DIRECTION ( 'NONE',  ( 0.000000000000000000, 0.000000000000000000, 1.000000000000000000 ) ) ;
#995 = FACE_BOUND ( 'NONE', #651, .T. ) ;
#996 = DIRECTION ( 'NONE',  ( 0.000000000000000000, -1.000000000000000000, 0.000000000000000000 ) ) ;
#997 = ADVANCED_FACE ( 'NONE', ( #1119 ), #1006, .F. ) ;
#998 = VECTOR ( 'NONE', #490, 1000.000000000000000 ) ;
#999 = ORIENTED_EDGE ( 'NONE', *, *, #151, .F. ) ;
#1000 = CARTESIAN_POINT ( 'NONE',  ( 40.00000000000001421, 0.000000000000000000, -48.40000000000000568 ) ) ;
#1001 = ORIENTED_EDGE ( 'NONE', *, *, #253, .T. ) ;
#1002 = CARTESIAN_POINT ( 'NONE',  ( -39.99999999999999289, 0.000000000000000000, 118.4000000000000199 ) ) ;
#1003 = DIRECTION ( 'NONE',  ( 0.000000000000000000, 0.000000000000000000, 1.000000000000000000 ) ) ;
#1004 = ORIENTED_EDGE ( 'NONE', *, *, #804, .F. ) ;
#1005 = AXIS2_PLACEMENT_3D ( 'NONE', #378, #383, #21 ) ;
#1006 = CYLINDRICAL_SURFACE ( 'NONE', #300, 1.599999999999997202 ) ;
#1007 = ORIENTED_EDGE ( 'NONE', *, *, #1182, .F. ) ;
#1008 = DIRECTION ( 'NONE',  ( 0.000000000000000000, 0.000000000000000000, -1.000000000000000000 ) ) ;
#1009 = ORIENTED_EDGE ( 'NONE', *, *, #700, .T. ) ;
#1010 = CARTESIAN_POINT ( 'NONE',  ( -50.00000000000000711, 0.000000000000000000, -49.99999999999999289 ) ) ;
#1011 = DIRECTION ( 'NONE',  ( 0.000000000000000000, 0.000000000000000000, -1.000000000000000000 ) ) ;
#1012 = DIRECTION ( 'NONE',  ( -0.000000000000000000, 1.000000000000000000, -0.000000000000000000 ) ) ;
#1013 = AXIS2_PLACEMENT_3D ( 'NONE', #551, #331, #989 ) ;
#1014 = ORIENTED_EDGE ( 'NONE', *, *, #627, .F. ) ;
#1015 = AXIS2_PLACEMENT_3D ( 'NONE', #1175, #1324, #187 ) ;
#1016 = CARTESIAN_POINT ( 'NONE',  ( 30.00000000000000000, 0.000000000000000000, -9.999999999999998224 ) ) ;
#1017 = ORIENTED_EDGE ( 'NONE', *, *, #1367, .F. ) ;
#1018 = DIRECTION ( 'NONE',  ( -0.000000000000000000, 1.000000000000000000, -0.000000000000000000 ) ) ;
#1019 = FACE_OUTER_BOUND ( 'NONE', #40, .T. ) ;
#1020 = EDGE_CURVE ( 'NONE', #1278, #530, #176, .T. ) ;
#1021 = ORIENTED_EDGE ( 'NONE', *, *, #683, .F. ) ;
#1022 = DIRECTION ( 'NONE',  ( -0.000000000000000000, 1.000000000000000000, -0.000000000000000000 ) ) ;
#1023 = CARTESIAN_POINT ( 'NONE',  ( 30.00000000000000000, 10.00000000000000000, 8.400000000000003908 ) ) ;
#1024 = ORIENTED_EDGE ( 'NONE', *, *, #297, .F. ) ;
#1025 = CARTESIAN_POINT ( 'NONE',  ( -49.99999999999999289, 10.00000000000000000, 59.99999999999999289 ) ) ;
#1026 = VERTEX_POINT ( 'NONE', #442 ) ;
#1027 = EDGE_CURVE ( 'NONE', #919, #68, #657, .T. ) ;
#1028 =( GEOMETRIC_REPRESENTATION_CONTEXT ( 3 ) GLOBAL_UNCERTAINTY_ASSIGNED_CONTEXT ( ( #1263 ) ) GLOBAL_UNIT_ASSIGNED_CONTEXT ( ( #439, #800, #668 ) ) REPRESENTATION_CONTEXT ( 'NONE', 'WORKASPACE' ) );
#1029 = FACE_BOUND ( 'NONE', #76, .T. ) ;
#1030 = CARTESIAN_POINT ( 'NONE',  ( -39.99999999999998579, 10.00000000000000000, 50.00000000000000000 ) ) ;
#1031 = ORIENTED_EDGE ( 'NONE', *, *, #223, .F. ) ;
#1032 = DIRECTION ( 'NONE',  ( -0.000000000000000000, 1.000000000000000000, -0.000000000000000000 ) ) ;
#1033 = DIRECTION ( 'NONE',  ( 0.000000000000000000, -1.000000000000000000, 0.000000000000000000 ) ) ;
#1034 = ORIENTED_EDGE ( 'NONE', *, *, #509, .T. ) ;
#1035 = VERTEX_POINT ( 'NONE', #75 ) ;
#1036 = VECTOR ( 'NONE', #1213, 1000.000000000000000 ) ;
#1037 = CARTESIAN_POINT ( 'NONE',  ( 40.00000000000001421, 0.000000000000000000, -51.60000000000000142 ) ) ;
#1038 = ADVANCED_FACE ( 'NONE', ( #656 ), #1219, .F. ) ;
#1039 = MECHANICAL_DESIGN_GEOMETRIC_PRESENTATION_REPRESENTATION (  '', ( #1109 ), #1028 ) ;
#1040 = DIRECTION ( 'NONE',  ( 0.000000000000000000, -1.000000000000000000, 0.000000000000000000 ) ) ;
#1041 = AXIS2_PLACEMENT_3D ( 'NONE', #163, #1319, #393 ) ;
#1042 = CIRCLE ( 'NONE', #178, 9.999999999999994671 ) ;
#1043 = EDGE_LOOP ( 'NONE', ( #923, #680 ) ) ;
#1044 = CARTESIAN_POINT ( 'NONE',  ( 40.00000000000000711, 0.000000000000000000, 90.00000000000000000 ) ) ;
#1045 = EDGE_LOOP ( 'NONE', ( #1085, #402 ) ) ;
#1046 = FACE_BOUND ( 'NONE', #1106, .T. ) ;
#1047 = ORIENTED_EDGE ( 'NONE', *, *, #223, .T. ) ;
#1048 = EDGE_CURVE ( 'NONE', #1237, #401, #134, .T. ) ;
#1049 = CARTESIAN_POINT ( 'NONE',  ( 30.00000000000000711, 0.000000000000000000, 120.0000000000000142 ) ) ;
#1050 = DIRECTION ( 'NONE',  ( 0.000000000000000000, -1.000000000000000000, 0.000000000000000000 ) ) ;
#1051 = EDGE_LOOP ( 'NONE', ( #363, #639 ) ) ;
#1052 = LINE ( 'NONE', #18, #79 ) ;
#1053 = CIRCLE ( 'NONE', #214, 1.600000000000004086 ) ;
#1054 = ORIENTED_EDGE ( 'NONE', *, *, #620, .F. ) ;
#1055 = CARTESIAN_POINT ( 'NONE',  ( 50.00000000000001421, 0.000000000000000000, -60.00000000000000000 ) ) ;
#1056 = ORIENTED_EDGE ( 'NONE', *, *, #175, .F. ) ;
#1057 = DIRECTION ( 'NONE',  ( 0.000000000000000000, -1.000000000000000000, 0.000000000000000000 ) ) ;
#1058 = EDGE_LOOP ( 'NONE', ( #1268, #1021, #1004, #210 ) ) ;
#1059 = DIRECTION ( 'NONE',  ( -0.000000000000000000, 1.000000000000000000, -0.000000000000000000 ) ) ;
#1060 = AXIS2_PLACEMENT_3D ( 'NONE', #560, #1489, #1463 ) ;
#1061 = CARTESIAN_POINT ( 'NONE',  ( -39.99999999999999289, 0.000000000000000000, 90.00000000000001421 ) ) ;
#1062 = AXIS2_PLACEMENT_3D ( 'NONE', #967, #1086, #848 ) ;
#1063 = AXIS2_PLACEMENT_3D ( 'NONE', #85, #451, #1126 ) ;
#1064 = DIRECTION ( 'NONE',  ( 0.000000000000000000, 0.000000000000000000, -1.000000000000000000 ) ) ;
#1065 = DIRECTION ( 'NONE',  ( 1.000000000000000000, 0.000000000000000000, 0.000000000000000000 ) ) ;
#1066 = VECTOR ( 'NONE', #1022, 1000.000000000000000 ) ;
#1067 = ORIENTED_EDGE ( 'NONE', *, *, #41, .F. ) ;
#1068 = EDGE_CURVE ( 'NONE', #782, #1167, #55, .T. ) ;
#1069 = VERTEX_POINT ( 'NONE', #679 ) ;
#1070 = DIRECTION ( 'NONE',  ( 0.000000000000000000, 1.000000000000000000, 0.000000000000000000 ) ) ;
#1071 = CARTESIAN_POINT ( 'NONE',  ( -29.99999999999999289, 10.00000000000000000, 89.99999999999998579 ) ) ;
#1072 = CARTESIAN_POINT ( 'NONE',  ( -39.99999999999999289, 0.000000000000000000, 91.60000000000000853 ) ) ;
#1073 = ORIENTED_EDGE ( 'NONE', *, *, #110, .F. ) ;
#1074 = DIRECTION ( 'NONE',  ( -0.000000000000000000, 1.000000000000000000, -0.000000000000000000 ) ) ;
#1075 = AXIS2_PLACEMENT_3D ( 'NONE', #50, #870, #1339 ) ;
#1076 = PLANE ( 'NONE',  #1075 ) ;
#1077 = VERTEX_POINT ( 'NONE', #874 ) ;
#1078 = CARTESIAN_POINT ( 'NONE',  ( 40.00000000000000711, 0.000000000000000000, 90.00000000000000000 ) ) ;
#1079 = CARTESIAN_POINT ( 'NONE',  ( 30.00000000000000000, 10.00000000000000000, -8.400000000000000355 ) ) ;
#1080 = ADVANCED_FACE ( 'NONE', ( #1352 ), #883, .F. ) ;
#1081 = CARTESIAN_POINT ( 'NONE',  ( -39.99999999999998579, 10.00000000000000000, -50.00000000000000000 ) ) ;
#1082 = AXIS2_PLACEMENT_3D ( 'NONE', #436, #102, #324 ) ;
#1083 = EDGE_CURVE ( 'NONE', #546, #257, #682, .T. ) ;
#1084 = EDGE_LOOP ( 'NONE', ( #1147, #594, #901, #1031 ) ) ;
#1085 = ORIENTED_EDGE ( 'NONE', *, *, #1358, .T. ) ;
#1086 = DIRECTION ( 'NONE',  ( 0.000000000000000000, 1.000000000000000000, 0.000000000000000000 ) ) ;
#1087 = VECTOR ( 'NONE', #315, 1000.000000000000000 ) ;
#1088 = AXIS2_PLACEMENT_3D ( 'NONE', #413, #1059, #833 ) ;
#1089 = DIRECTION ( 'NONE',  ( -0.000000000000000000, 1.000000000000000000, -0.000000000000000000 ) ) ;
#1090 = ORIENTED_EDGE ( 'NONE', *, *, #693, .T. ) ;
#1091 = EDGE_CURVE ( 'NONE', #46, #125, #561, .T. ) ;
#1092 = DIRECTION ( 'NONE',  ( 0.000000000000000000, 1.000000000000000000, 0.000000000000000000 ) ) ;
#1093 = ORIENTED_EDGE ( 'NONE', *, *, #1207, .F. ) ;
#1094 = CARTESIAN_POINT ( 'NONE',  ( -30.00000000000000000, 0.000000000000000000, -11.59999999999999609 ) ) ;
#1095 = CARTESIAN_POINT ( 'NONE',  ( 0.000000000000000000, 10.00000000000000000, 0.000000000000000000 ) ) ;
#1096 = DIRECTION ( 'NONE',  ( 0.000000000000000000, 0.000000000000000000, -1.000000000000000000 ) ) ;
#1097 = DIRECTION ( 'NONE',  ( 0.000000000000000000, -1.000000000000000000, 0.000000000000000000 ) ) ;
#1098 = CIRCLE ( 'NONE', #527, 1.600000000000004086 ) ;
#1099 = ORIENTED_EDGE ( 'NONE', *, *, #877, .T. ) ;
#1100 = CARTESIAN_POINT ( 'NONE',  ( 30.00000000000000711, 10.00000000000000000, 120.0000000000000142 ) ) ;
#1101 = DIRECTION ( 'NONE',  ( -0.000000000000000000, 1.000000000000000000, -0.000000000000000000 ) ) ;
#1102 = EDGE_CURVE ( 'NONE', #1077, #46, #558, .T. ) ;
#1103 = CARTESIAN_POINT ( 'NONE',  ( -39.99999999999998579, 0.000000000000000000, 50.00000000000000000 ) ) ;
#1104 = ORIENTED_EDGE ( 'NONE', *, *, #877, .F. ) ;
#1105 = DIRECTION ( 'NONE',  ( -0.000000000000000000, 1.000000000000000000, -0.000000000000000000 ) ) ;
#1106 = EDGE_LOOP ( 'NONE', ( #1288, #1392 ) ) ;
#1107 = FACE_OUTER_BOUND ( 'NONE', #676, .T. ) ;
#1108 = CARTESIAN_POINT ( 'NONE',  ( -30.00000000000000000, 10.00000000000000000, 8.400000000000003908 ) ) ;
#1109 = STYLED_ITEM ( 'NONE', ( #1243 ), #196 ) ;
#1110 = EDGE_CURVE ( 'NONE', #238, #1331, #1467, .T. ) ;
#1111 = VECTOR ( 'NONE', #839, 1000.000000000000000 ) ;
#1112 = CIRCLE ( 'NONE', #868, 1.600000000000004086 ) ;
#1113 = CARTESIAN_POINT ( 'NONE',  ( 40.00000000000000711, 0.000000000000000000, 121.6000000000000085 ) ) ;
#1114 = ORIENTED_EDGE ( 'NONE', *, *, #620, .T. ) ;
#1115 = DIRECTION ( 'NONE',  ( -0.000000000000000000, 1.000000000000000000, -0.000000000000000000 ) ) ;
#1116 = ORIENTED_EDGE ( 'NONE', *, *, #906, .F. ) ;
#1117 = CARTESIAN_POINT ( 'NONE',  ( 30.00000000000000000, 0.000000000000000000, 10.00000000000000178 ) ) ;
#1118 = ORIENTED_EDGE ( 'NONE', *, *, #1247, .T. ) ;
#1119 = FACE_OUTER_BOUND ( 'NONE', #411, .T. ) ;
#1120 = FACE_OUTER_BOUND ( 'NONE', #166, .T. ) ;
#1121 = VERTEX_POINT ( 'NONE', #1368 ) ;
#1122 = LINE ( 'NONE', #5, #1131 ) ;
#1123 = CARTESIAN_POINT ( 'NONE',  ( -50.00000000000000711, 0.000000000000000000, -60.00000000000000000 ) ) ;
#1124 = AXIS2_PLACEMENT_3D ( 'NONE', #1320, #747, #979 ) ;
#1125 = ORIENTED_EDGE ( 'NONE', *, *, #1068, .F. ) ;
#1126 = DIRECTION ( 'NONE',  ( 0.000000000000000000, 0.000000000000000000, 1.000000000000000000 ) ) ;
#1127 = ADVANCED_FACE ( 'NONE', ( #221 ), #1133, .F. ) ;
#1128 = DIRECTION ( 'NONE',  ( 0.000000000000000000, 0.000000000000000000, 1.000000000000000000 ) ) ;
#1129 = ORIENTED_EDGE ( 'NONE', *, *, #84, .F. ) ;
#1130 = CARTESIAN_POINT ( 'NONE',  ( 40.00000000000001421, 0.000000000000000000, 51.60000000000000142 ) ) ;
#1131 = VECTOR ( 'NONE', #204, 1000.000000000000000 ) ;
#1132 = AXIS2_PLACEMENT_3D ( 'NONE', #1184, #1444, #521 ) ;
#1133 = CYLINDRICAL_SURFACE ( 'NONE', #156, 1.599999999999997202 ) ;
#1134 = AXIS2_PLACEMENT_3D ( 'NONE', #239, #914, #1388 ) ;
#1135 = CARTESIAN_POINT ( 'NONE',  ( -39.99999999999998579, 10.00000000000000000, -51.60000000000000142 ) ) ;
#1136 = ADVANCED_FACE ( 'NONE', ( #869 ), #306, .T. ) ;
#1137 = EDGE_LOOP ( 'NONE', ( #321, #1034 ) ) ;
#1138 = DIRECTION ( 'NONE',  ( 0.000000000000000000, 0.000000000000000000, 1.000000000000000000 ) ) ;
#1139 = FACE_OUTER_BOUND ( 'NONE', #881, .T. ) ;
#1140 = ORIENTED_EDGE ( 'NONE', *, *, #637, .T. ) ;
#1141 = FACE_BOUND ( 'NONE', #409, .T. ) ;
#1142 = ORIENTED_EDGE ( 'NONE', *, *, #1417, .T. ) ;
#1143 = DIRECTION ( 'NONE',  ( 0.000000000000000000, 0.000000000000000000, -1.000000000000000000 ) ) ;
#1144 = VERTEX_POINT ( 'NONE', #142 ) ;
#1145 = CARTESIAN_POINT ( 'NONE',  ( 40.00000000000000711, 0.000000000000000000, 88.39999999999999147 ) ) ;
#1146 = CARTESIAN_POINT ( 'NONE',  ( -49.99999999999998579, 0.000000000000000000, 120.0000000000000142 ) ) ;
#1147 = ORIENTED_EDGE ( 'NONE', *, *, #265, .F. ) ;
#1148 = EDGE_CURVE ( 'NONE', #596, #63, #985, .T. ) ;
#1149 = CIRCLE ( 'NONE', #1214, 1.599999999999997202 ) ;
#1150 = CARTESIAN_POINT ( 'NONE',  ( 30.00000000000000711, 0.000000000000000000, 130.0000000000000000 ) ) ;
#1151 = CARTESIAN_POINT ( 'NONE',  ( 40.00000000000001421, 10.00000000000000000, -60.00000000000000000 ) ) ;
#1152 = FACE_OUTER_BOUND ( 'NONE', #643, .T. ) ;
#1153 = ORIENTED_EDGE ( 'NONE', *, *, #337, .F. ) ;
#1154 = EDGE_CURVE ( 'NONE', #106, #1471, #537, .T. ) ;
#1155 = DIRECTION ( 'NONE',  ( -0.000000000000000000, 1.000000000000000000, -0.000000000000000000 ) ) ;
#1156 = ORIENTED_EDGE ( 'NONE', *, *, #72, .F. ) ;
#1157 = CARTESIAN_POINT ( 'NONE',  ( 40.00000000000000711, 10.00000000000000000, 130.0000000000000000 ) ) ;
#1158 = CIRCLE ( 'NONE', #1204, 1.599999999999997202 ) ;
#1159 = VERTEX_POINT ( 'NONE', #1 ) ;
#1160 = DIRECTION ( 'NONE',  ( 0.000000000000000000, 0.000000000000000000, -1.000000000000000000 ) ) ;
#1161 = DIRECTION ( 'NONE',  ( 0.000000000000000000, 0.000000000000000000, 1.000000000000000000 ) ) ;
#1162 = ORIENTED_EDGE ( 'NONE', *, *, #9, .F. ) ;
#1163 = CARTESIAN_POINT ( 'NONE',  ( -50.00000000000000711, 10.00000000000000000, -60.00000000000000000 ) ) ;
#1164 = DIRECTION ( 'NONE',  ( -1.000000000000000000, -0.000000000000000000, -0.000000000000000000 ) ) ;
#1165 = ORIENTED_EDGE ( 'NONE', *, *, #185, .F. ) ;
#1166 = CARTESIAN_POINT ( 'NONE',  ( -39.99999999999998579, 0.000000000000000000, 48.40000000000000568 ) ) ;
#1167 = VERTEX_POINT ( 'NONE', #1037 ) ;
#1168 = PLANE ( 'NONE',  #1257 ) ;
#1169 = VECTOR ( 'NONE', #926, 1000.000000000000000 ) ;
#1170 = DIRECTION ( 'NONE',  ( 0.000000000000000000, 0.000000000000000000, -1.000000000000000000 ) ) ;
#1171 = EDGE_CURVE ( 'NONE', #765, #1237, #346, .T. ) ;
#1172 = CARTESIAN_POINT ( 'NONE',  ( 30.00000000000000000, 10.00000000000000000, 10.00000000000000178 ) ) ;
#1173 = ORIENTED_EDGE ( 'NONE', *, *, #1317, .T. ) ;
#1174 = CIRCLE ( 'NONE', #130, 1.599999999999997202 ) ;
#1175 = CARTESIAN_POINT ( 'NONE',  ( -39.99999999999998579, 0.000000000000000000, -50.00000000000000000 ) ) ;
#1176 = VECTOR ( 'NONE', #1040, 1000.000000000000000 ) ;
#1177 = FACE_OUTER_BOUND ( 'NONE', #673, .T. ) ;
#1178 = CIRCLE ( 'NONE', #1329, 1.599999999999997202 ) ;
#1179 = ORIENTED_EDGE ( 'NONE', *, *, #944, .F. ) ;
#1180 = AXIS2_PLACEMENT_3D ( 'NONE', #118, #1401, #126 ) ;
#1181 = LINE ( 'NONE', #1072, #884 ) ;
#1182 = EDGE_CURVE ( 'NONE', #1026, #624, #1052, .T. ) ;
#1183 = ORIENTED_EDGE ( 'NONE', *, *, #820, .T. ) ;
#1184 = CARTESIAN_POINT ( 'NONE',  ( -39.99999999999999289, 10.00000000000000000, 120.0000000000000284 ) ) ;
#1185 = CARTESIAN_POINT ( 'NONE',  ( -39.99999999999998579, 0.000000000000000000, 50.00000000000000000 ) ) ;
#1186 = EDGE_LOOP ( 'NONE', ( #842, #1093, #284, #790 ) ) ;
#1187 = VERTEX_POINT ( 'NONE', #829 ) ;
#1188 = LINE ( 'NONE', #192, #513 ) ;
#1189 = EDGE_CURVE ( 'NONE', #401, #1402, #477, .T. ) ;
#1190 = LINE ( 'NONE', #635, #326 ) ;
#1191 = CIRCLE ( 'NONE', #1318, 1.599999999999997202 ) ;
#1192 = FACE_OUTER_BOUND ( 'NONE', #334, .T. ) ;
#1193 = PRODUCT_DEFINITION_CONTEXT ( 'detailed design', #1311, 'design' ) ;
#1194 = ORIENTED_EDGE ( 'NONE', *, *, #950, .T. ) ;
#1195 = ORIENTED_EDGE ( 'NONE', *, *, #1197, .T. ) ;
#1196 = CARTESIAN_POINT ( 'NONE',  ( -40.00000000000000711, 10.00000000000000000, -60.00000000000000000 ) ) ;
#1197 = EDGE_CURVE ( 'NONE', #361, #165, #275, .T. ) ;
#1198 = DIRECTION ( 'NONE',  ( -1.000000000000000000, 0.000000000000000000, -0.000000000000000000 ) ) ;
#1199 = DIRECTION ( 'NONE',  ( 0.000000000000000000, 1.000000000000000000, 0.000000000000000000 ) ) ;
#1200 = VERTEX_POINT ( 'NONE', #907 ) ;
#1201 = EDGE_LOOP ( 'NONE', ( #1090, #1491 ) ) ;
#1202 = FACE_OUTER_BOUND ( 'NONE', #302, .T. ) ;
#1203 = PLANE ( 'NONE',  #806 ) ;
#1204 = AXIS2_PLACEMENT_3D ( 'NONE', #425, #873, #1466 ) ;
#1205 = FACE_OUTER_BOUND ( 'NONE', #266, .T. ) ;
#1206 = EDGE_LOOP ( 'NONE', ( #476, #504 ) ) ;
#1207 = EDGE_CURVE ( 'NONE', #152, #943, #256, .T. ) ;
#1208 = DIRECTION ( 'NONE',  ( 0.000000000000000000, 0.000000000000000000, -1.000000000000000000 ) ) ;
#1209 = DIRECTION ( 'NONE',  ( 0.000000000000000000, 0.000000000000000000, 1.000000000000000000 ) ) ;
#1210 = FACE_BOUND ( 'NONE', #215, .T. ) ;
#1211 = CARTESIAN_POINT ( 'NONE',  ( 30.00000000000000000, 0.000000000000000000, -9.999999999999998224 ) ) ;
#1212 = ORIENTED_EDGE ( 'NONE', *, *, #662, .T. ) ;
#1213 = DIRECTION ( 'NONE',  ( -0.000000000000000000, -1.000000000000000000, -0.000000000000000000 ) ) ;
#1214 = AXIS2_PLACEMENT_3D ( 'NONE', #813, #242, #698 ) ;
#1215 = ADVANCED_FACE ( 'NONE', ( #1378 ), #803, .F. ) ;
#1216 = ORIENTED_EDGE ( 'NONE', *, *, #1307, .T. ) ;
#1217 = DIRECTION ( 'NONE',  ( 0.000000000000000000, 0.000000000000000000, 1.000000000000000000 ) ) ;
#1218 = CARTESIAN_POINT ( 'NONE',  ( 40.00000000000000711, 10.00000000000000000, 130.0000000000000000 ) ) ;
#1219 = PLANE ( 'NONE',  #475 ) ;
#1220 = ORIENTED_EDGE ( 'NONE', *, *, #766, .T. ) ;
#1221 = ORIENTED_EDGE ( 'NONE', *, *, #1068, .T. ) ;
#1222 = CARTESIAN_POINT ( 'NONE',  ( -39.99999999999998579, 0.000000000000000000, 51.60000000000000142 ) ) ;
#1223 = ORIENTED_EDGE ( 'NONE', *, *, #1207, .T. ) ;
#1224 = AXIS2_PLACEMENT_3D ( 'NONE', #1231, #463, #878 ) ;
#1225 = CARTESIAN_POINT ( 'NONE',  ( 40.00000000000000711, 10.00000000000000000, 120.0000000000000142 ) ) ;
#1226 =( NAMED_UNIT ( * ) SI_UNIT ( $, .STERADIAN. ) SOLID_ANGLE_UNIT ( ) );
#1227 = AXIS2_PLACEMENT_3D ( 'NONE', #685, #431, #910 ) ;
#1228 = VECTOR ( 'NONE', #1298, 1000.000000000000000 ) ;
#1229 = CARTESIAN_POINT ( 'NONE',  ( -39.99999999999999289, 0.000000000000000000, 90.00000000000001421 ) ) ;
#1230 = ORIENTED_EDGE ( 'NONE', *, *, #672, .F. ) ;
#1231 = CARTESIAN_POINT ( 'NONE',  ( 40.00000000000000711, 0.000000000000000000, 120.0000000000000142 ) ) ;
#1232 = EDGE_LOOP ( 'NONE', ( #717, #871, #471, #433 ) ) ;
#1233 = DIRECTION ( 'NONE',  ( 0.000000000000000000, -1.000000000000000000, 0.000000000000000000 ) ) ;
#1234 = CARTESIAN_POINT ( 'NONE',  ( -30.00000000000000000, 0.000000000000000000, -8.400000000000000355 ) ) ;
#1235 = ADVANCED_FACE ( 'NONE', ( #1046, #1266, #230, #595, #369, #1141, #688, #23, #718, #577, #1029, #936, #1289, #10 ), #1168, .T. ) ;
#1236 = PLANE ( 'NONE',  #1013 ) ;
#1237 = VERTEX_POINT ( 'NONE', #821 ) ;
#1238 = ADVANCED_FACE ( 'NONE', ( #483 ), #928, .F. ) ;
#1239 = ORIENTED_EDGE ( 'NONE', *, *, #25, .F. ) ;
#1240 = ORIENTED_EDGE ( 'NONE', *, *, #1449, .F. ) ;
#1241 = DIRECTION ( 'NONE',  ( 0.000000000000000000, 0.000000000000000000, -1.000000000000000000 ) ) ;
#1242 = ORIENTED_EDGE ( 'NONE', *, *, #501, .F. ) ;
#1243 = PRESENTATION_STYLE_ASSIGNMENT (( #227 ) ) ;
#1244 = LINE ( 'NONE', #1123, #1308 ) ;
#1245 = AXIS2_PLACEMENT_3D ( 'NONE', #1044, #292, #177 ) ;
#1246 = DIRECTION ( 'NONE',  ( -0.000000000000000000, 1.000000000000000000, -0.000000000000000000 ) ) ;
#1247 = EDGE_CURVE ( 'NONE', #1144, #624, #357, .T. ) ;
#1248 = CARTESIAN_POINT ( 'NONE',  ( 40.00000000000001421, 10.00000000000000000, 120.0000000000000000 ) ) ;
#1249 = ORIENTED_EDGE ( 'NONE', *, *, #1495, .T. ) ;
#1250 = CARTESIAN_POINT ( 'NONE',  ( -39.99999999999999289, 10.00000000000000000, 88.40000000000000568 ) ) ;
#1251 = DIRECTION ( 'NONE',  ( -0.000000000000000000, 1.000000000000000000, -0.000000000000000000 ) ) ;
#1252 = ORIENTED_EDGE ( 'NONE', *, *, #1415, .T. ) ;
#1253 = AXIS2_PLACEMENT_3D ( 'NONE', #11, #588, #469 ) ;
#1254 = AXIS2_PLACEMENT_3D ( 'NONE', #647, #59, #1316 ) ;
#1255 = VECTOR ( 'NONE', #24, 1000.000000000000000 ) ;
#1256 = DIRECTION ( 'NONE',  ( 0.000000000000000000, 0.000000000000000000, -1.000000000000000000 ) ) ;
#1257 = AXIS2_PLACEMENT_3D ( 'NONE', #467, #568, #1408 ) ;
#1258 = ORIENTED_EDGE ( 'NONE', *, *, #711, .F. ) ;
#1259 = DIRECTION ( 'NONE',  ( -0.000000000000000000, 1.000000000000000000, -0.000000000000000000 ) ) ;
#1260 = EDGE_CURVE ( 'NONE', #1035, #1385, #255, .T. ) ;
#1261 = ORIENTED_EDGE ( 'NONE', *, *, #1091, .T. ) ;
#1262 = DIRECTION ( 'NONE',  ( -0.000000000000000000, 1.000000000000000000, -0.000000000000000000 ) ) ;
#1263 = UNCERTAINTY_MEASURE_WITH_UNIT (LENGTH_MEASURE( 1.000000000000000082E-05 ), #439, 'distance_accuracy_value', 'NONE');
#1264 = DIRECTION ( 'NONE',  ( 0.000000000000000000, -1.000000000000000000, 0.000000000000000000 ) ) ;
#1265 = EDGE_LOOP ( 'NONE', ( #792, #978, #1153, #423 ) ) ;
#1266 = FACE_BOUND ( 'NONE', #690, .T. ) ;
#1267 = VERTEX_POINT ( 'NONE', #305 ) ;
#1268 = ORIENTED_EDGE ( 'NONE', *, *, #675, .F. ) ;
#1269 = LINE ( 'NONE', #1055, #998 ) ;
#1270 = VERTEX_POINT ( 'NONE', #945 ) ;
#1271 = DIRECTION ( 'NONE',  ( 0.000000000000000000, 1.000000000000000000, 0.000000000000000000 ) ) ;
#1272 = ADVANCED_FACE ( 'NONE', ( #520 ), #1416, .T. ) ;
#1273 = ORIENTED_EDGE ( 'NONE', *, *, #1110, .T. ) ;
#1274 = AXIS2_PLACEMENT_3D ( 'NONE', #1405, #499, #1300 ) ;
#1275 = DIRECTION ( 'NONE',  ( -1.000000000000000000, -0.000000000000000000, -0.000000000000000000 ) ) ;
#1276 = ORIENTED_EDGE ( 'NONE', *, *, #857, .T. ) ;
#1277 = DIRECTION ( 'NONE',  ( 0.000000000000000000, -1.000000000000000000, 0.000000000000000000 ) ) ;
#1278 = VERTEX_POINT ( 'NONE', #1108 ) ;
#1279 = DIRECTION ( 'NONE',  ( 0.000000000000000000, 1.000000000000000000, 0.000000000000000000 ) ) ;
#1280 = ORIENTED_EDGE ( 'NONE', *, *, #367, .F. ) ;
#1281 = CIRCLE ( 'NONE', #633, 1.599999999999997202 ) ;
#1282 = CARTESIAN_POINT ( 'NONE',  ( -39.99999999999999289, 10.00000000000000000, 120.0000000000000142 ) ) ;
#1283 = CLOSED_SHELL ( 'NONE', ( #645, #997, #1424, #105, #350, #1080, #603, #48, #136, #1407, #576, #974, #756, #986, #143, #1461, #1337, #1235, #1215, #965, #1290, #1472, #317, #526, #719, #828, #116, #1038, #460, #835, #1127, #935, #93, #28, #20, #1238, #1478, #288, #1136, #1272, #886, #507 ) ) ;
#1284 = DIRECTION ( 'NONE',  ( -0.000000000000000000, -1.000000000000000000, -0.000000000000000000 ) ) ;
#1285 = CIRCLE ( 'NONE', #514, 9.999999999999994671 ) ;
#1286 = AXIS2_PLACEMENT_3D ( 'NONE', #489, #362, #701 ) ;
#1287 = CARTESIAN_POINT ( 'NONE',  ( -39.99999999999999289, 0.000000000000000000, 88.40000000000000568 ) ) ;
#1288 = ORIENTED_EDGE ( 'NONE', *, *, #933, .T. ) ;
#1289 = FACE_BOUND ( 'NONE', #517, .T. ) ;
#1290 = ADVANCED_FACE ( 'NONE', ( #975 ), #1448, .F. ) ;
#1291 = CARTESIAN_POINT ( 'NONE',  ( -19.99999999999998934, 10.00000000000000000, 89.99999999999998579 ) ) ;
#1292 = APPLICATION_CONTEXT ( 'automotive_design' ) ;
#1293 = CARTESIAN_POINT ( 'NONE',  ( -39.99999999999999289, 10.00000000000000000, 130.0000000000000000 ) ) ;
#1294 = ORIENTED_EDGE ( 'NONE', *, *, #562, .T. ) ;
#1295 = LINE ( 'NONE', #983, #277 ) ;
#1296 = AXIS2_PLACEMENT_3D ( 'NONE', #150, #1050, #250 ) ;
#1297 = EDGE_CURVE ( 'NONE', #1471, #106, #1485, .T. ) ;
#1298 = DIRECTION ( 'NONE',  ( 9.912705577010325549E-17, 0.000000000000000000, 1.000000000000000000 ) ) ;
#1299 = VERTEX_POINT ( 'NONE', #1218 ) ;
#1300 = DIRECTION ( 'NONE',  ( 0.000000000000000000, 0.000000000000000000, 1.000000000000000000 ) ) ;
#1301 = ORIENTED_EDGE ( 'NONE', *, *, #778, .T. ) ;
#1302 = AXIS2_PLACEMENT_3D ( 'NONE', #377, #1277, #479 ) ;
#1303 = LINE ( 'NONE', #1071, #1454 ) ;
#1304 = AXIS2_PLACEMENT_3D ( 'NONE', #390, #512, #1437 ) ;
#1305 = AXIS2_PLACEMENT_3D ( 'NONE', #1396, #815, #246 ) ;
#1306 = DIRECTION ( 'NONE',  ( 0.000000000000000000, -1.000000000000000000, 0.000000000000000000 ) ) ;
#1307 = EDGE_CURVE ( 'NONE', #68, #1237, #1295, .T. ) ;
#1308 = VECTOR ( 'NONE', #686, 1000.000000000000000 ) ;
#1309 = ORIENTED_EDGE ( 'NONE', *, *, #220, .T. ) ;
#1310 = CARTESIAN_POINT ( 'NONE',  ( -39.99999999999999289, 0.000000000000000000, 120.0000000000000284 ) ) ;
#1311 = APPLICATION_CONTEXT ( 'automotive_design' ) ;
#1312 = DIRECTION ( 'NONE',  ( -0.000000000000000000, 1.000000000000000000, -0.000000000000000000 ) ) ;
#1313 = DIRECTION ( 'NONE',  ( 0.000000000000000000, -1.000000000000000000, 0.000000000000000000 ) ) ;
#1314 = EDGE_LOOP ( 'NONE', ( #927, #430, #12, #1129 ) ) ;
#1315 = ORIENTED_EDGE ( 'NONE', *, *, #468, .T. ) ;
#1316 = DIRECTION ( 'NONE',  ( 0.000000000000000000, 0.000000000000000000, -1.000000000000000000 ) ) ;
#1317 = EDGE_CURVE ( 'NONE', #447, #1077, #1112, .T. ) ;
#1318 = AXIS2_PLACEMENT_3D ( 'NONE', #473, #947, #1399 ) ;
#1319 = DIRECTION ( 'NONE',  ( -0.000000000000000000, 1.000000000000000000, -0.000000000000000000 ) ) ;
#1320 = CARTESIAN_POINT ( 'NONE',  ( -39.99999999999999289, 10.00000000000000000, 90.00000000000001421 ) ) ;
#1321 = EDGE_LOOP ( 'NONE', ( #368, #1179, #1340, #1377 ) ) ;
#1322 = ORIENTED_EDGE ( 'NONE', *, *, #245, .T. ) ;
#1323 = DIRECTION ( 'NONE',  ( 0.000000000000000000, 1.000000000000000000, 0.000000000000000000 ) ) ;
#1324 = DIRECTION ( 'NONE',  ( 0.000000000000000000, 1.000000000000000000, 0.000000000000000000 ) ) ;
#1325 = EDGE_CURVE ( 'NONE', #208, #1035, #330, .T. ) ;
#1326 = CARTESIAN_POINT ( 'NONE',  ( -39.99999999999999289, 0.000000000000000000, 121.6000000000000227 ) ) ;
#1327 = CIRCLE ( 'NONE', #862, 10.00000000000000178 ) ;
#1328 = CARTESIAN_POINT ( 'NONE',  ( 40.00000000000000711, 0.000000000000000000, 120.0000000000000142 ) ) ;
#1329 = AXIS2_PLACEMENT_3D ( 'NONE', #328, #1233, #218 ) ;
#1330 = AXIS2_PLACEMENT_3D ( 'NONE', #755, #735, #502 ) ;
#1331 = VERTEX_POINT ( 'NONE', #752 ) ;
#1332 = CARTESIAN_POINT ( 'NONE',  ( 40.00000000000000711, 10.00000000000000000, 121.6000000000000085 ) ) ;
#1333 = DIRECTION ( 'NONE',  ( 0.000000000000000000, -0.000000000000000000, -1.000000000000000000 ) ) ;
#1334 = AXIS2_PLACEMENT_3D ( 'NONE', #123, #1033, #1011 ) ;
#1335 = ORIENTED_EDGE ( 'NONE', *, *, #407, .T. ) ;
#1336 = LINE ( 'NONE', #1460, #826 ) ;
#1337 = ADVANCED_FACE ( 'NONE', ( #36, #1443, #762, #864, #82, #615, #181, #995, #1210, #969, #1351, #725, #405, #856 ), #1203, .F. ) ;
#1338 = ORIENTED_EDGE ( 'NONE', *, *, #1048, .F. ) ;
#1339 = DIRECTION ( 'NONE',  ( -0.000000000000000000, 0.000000000000000000, 1.000000000000000000 ) ) ;
#1340 = ORIENTED_EDGE ( 'NONE', *, *, #867, .F. ) ;
#1341 = ORIENTED_EDGE ( 'NONE', *, *, #308, .T. ) ;
#1342 = CYLINDRICAL_SURFACE ( 'NONE', #1359, 1.600000000000004086 ) ;
#1343 = CARTESIAN_POINT ( 'NONE',  ( 40.00000000000000711, 0.000000000000000000, 120.0000000000000142 ) ) ;
#1344 = CARTESIAN_POINT ( 'NONE',  ( 40.00000000000000711, 10.00000000000000000, 120.0000000000000142 ) ) ;
#1345 = ORIENTED_EDGE ( 'NONE', *, *, #1390, .F. ) ;
#1346 = ORIENTED_EDGE ( 'NONE', *, *, #84, .T. ) ;
#1347 = CARTESIAN_POINT ( 'NONE',  ( -29.99999999999999289, 10.00000000000000000, 89.99999999999998579 ) ) ;
#1348 = CIRCLE ( 'NONE', #243, 1.599999999999997202 ) ;
#1349 = ORIENTED_EDGE ( 'NONE', *, *, #183, .F. ) ;
#1350 = CARTESIAN_POINT ( 'NONE',  ( 40.00000000000000711, 10.00000000000000000, 118.4000000000000057 ) ) ;
#1351 = FACE_BOUND ( 'NONE', #1369, .T. ) ;
#1352 = FACE_OUTER_BOUND ( 'NONE', #748, .T. ) ;
#1353 = ORIENTED_EDGE ( 'NONE', *, *, #553, .F. ) ;
#1354 = CARTESIAN_POINT ( 'NONE',  ( 1.836970198721029589E-15, 10.00000000000000000, -15.00000000000000000 ) ) ;
#1355 = ORIENTED_EDGE ( 'NONE', *, *, #395, .T. ) ;
#1356 = LINE ( 'NONE', #335, #35 ) ;
#1357 = CARTESIAN_POINT ( 'NONE',  ( -30.00000000000000000, 10.00000000000000000, -9.999999999999998224 ) ) ;
#1358 = EDGE_CURVE ( 'NONE', #1069, #727, #783, .T. ) ;
#1359 = AXIS2_PLACEMENT_3D ( 'NONE', #1310, #761, #1209 ) ;
#1360 = AXIS2_PLACEMENT_3D ( 'NONE', #399, #60, #387 ) ;
#1361 = EDGE_CURVE ( 'NONE', #1026, #83, #155, .T. ) ;
#1362 = AXIS2_PLACEMENT_3D ( 'NONE', #211, #219, #1384 ) ;
#1363 = DIRECTION ( 'NONE',  ( -0.000000000000000000, 1.000000000000000000, -0.000000000000000000 ) ) ;
#1364 = FACE_OUTER_BOUND ( 'NONE', #1232, .T. ) ;
#1365 = EDGE_LOOP ( 'NONE', ( #1373, #1007, #1017, #1240 ) ) ;
#1366 = SURFACE_SIDE_STYLE ('',( #691 ) ) ;
#1367 = EDGE_CURVE ( 'NONE', #730, #1026, #205, .T. ) ;
#1368 = CARTESIAN_POINT ( 'NONE',  ( -39.99999999999999289, 10.00000000000000000, 121.6000000000000227 ) ) ;
#1369 = EDGE_LOOP ( 'NONE', ( #1455, #623 ) ) ;
#1370 = VERTEX_POINT ( 'NONE', #777 ) ;
#1371 = CARTESIAN_POINT ( 'NONE',  ( 0.000000000000000000, 10.00000000000000000, 0.000000000000000000 ) ) ;
#1372 = EDGE_LOOP ( 'NONE', ( #1440, #138, #323, #27 ) ) ;
#1373 = ORIENTED_EDGE ( 'NONE', *, *, #206, .F. ) ;
#1374 = DIRECTION ( 'NONE',  ( 0.000000000000000000, -1.000000000000000000, 0.000000000000000000 ) ) ;
#1375 = DIRECTION ( 'NONE',  ( 0.000000000000000000, 0.000000000000000000, 1.000000000000000000 ) ) ;
#1376 = AXIS2_PLACEMENT_3D ( 'NONE', #1172, #122, #582 ) ;
#1377 = ORIENTED_EDGE ( 'NONE', *, *, #311, .T. ) ;
#1378 = FACE_OUTER_BOUND ( 'NONE', #785, .T. ) ;
#1379 = EDGE_CURVE ( 'NONE', #389, #1144, #1042, .T. ) ;
#1380 = LINE ( 'NONE', #674, #1036 ) ;
#1381 = EDGE_CURVE ( 'NONE', #727, #1069, #1158, .T. ) ;
#1382 = ORIENTED_EDGE ( 'NONE', *, *, #359, .T. ) ;
#1383 = CARTESIAN_POINT ( 'NONE',  ( 40.00000000000001421, 10.00000000000000000, -51.60000000000000142 ) ) ;
#1384 = DIRECTION ( 'NONE',  ( 0.000000000000000000, 0.000000000000000000, 1.000000000000000000 ) ) ;
#1385 = VERTEX_POINT ( 'NONE', #320 ) ;
#1386 = AXIS2_PLACEMENT_3D ( 'NONE', #1473, #1374, #98 ) ;
#1387 = AXIS2_PLACEMENT_3D ( 'NONE', #135, #586, #811 ) ;
#1388 = DIRECTION ( 'NONE',  ( 0.000000000000000000, 0.000000000000000000, -1.000000000000000000 ) ) ;
#1389 =( GEOMETRIC_REPRESENTATION_CONTEXT ( 3 ) GLOBAL_UNCERTAINTY_ASSIGNED_CONTEXT ( ( #474 ) ) GLOBAL_UNIT_ASSIGNED_CONTEXT ( ( #1482, #1394, #1226 ) ) REPRESENTATION_CONTEXT ( 'NONE', 'WORKASPACE' ) );
#1390 = EDGE_CURVE ( 'NONE', #208, #231, #148, .T. ) ;
#1391 = CARTESIAN_POINT ( 'NONE',  ( -39.99999999999998579, 0.000000000000000000, -51.60000000000000142 ) ) ;
#1392 = ORIENTED_EDGE ( 'NONE', *, *, #281, .T. ) ;
#1393 = DIRECTION ( 'NONE',  ( 0.000000000000000000, 0.000000000000000000, 1.000000000000000000 ) ) ;
#1394 =( NAMED_UNIT ( * ) PLANE_ANGLE_UNIT ( ) SI_UNIT ( $, .RADIAN. ) );
#1395 = ORIENTED_EDGE ( 'NONE', *, *, #627, .T. ) ;
#1396 = CARTESIAN_POINT ( 'NONE',  ( 40.00000000000001421, 10.00000000000000000, -50.00000000000000000 ) ) ;
#1397 = ORIENTED_EDGE ( 'NONE', *, *, #788, .F. ) ;
#1398 = CARTESIAN_POINT ( 'NONE',  ( 50.00000000000001421, 10.00000000000000000, 120.0000000000000000 ) ) ;
#1399 = DIRECTION ( 'NONE',  ( 0.000000000000000000, 0.000000000000000000, 1.000000000000000000 ) ) ;
#1400 = ORIENTED_EDGE ( 'NONE', *, *, #281, .F. ) ;
#1401 = DIRECTION ( 'NONE',  ( 0.000000000000000000, -1.000000000000000000, 0.000000000000000000 ) ) ;
#1402 = VERTEX_POINT ( 'NONE', #449 ) ;
#1403 = CYLINDRICAL_SURFACE ( 'NONE', #1253, 1.600000000000004086 ) ;
#1404 = ORIENTED_EDGE ( 'NONE', *, *, #427, .F. ) ;
#1405 = CARTESIAN_POINT ( 'NONE',  ( -39.99999999999998579, 0.000000000000000000, -50.00000000000000000 ) ) ;
#1406 = VERTEX_POINT ( 'NONE', #236 ) ;
#1407 = ADVANCED_FACE ( 'NONE', ( #1139 ), #903, .F. ) ;
#1408 = DIRECTION ( 'NONE',  ( 0.000000000000000000, -0.000000000000000000, -1.000000000000000000 ) ) ;
#1409 = VECTOR ( 'NONE', #898, 1000.000000000000000 ) ;
#1410 = CARTESIAN_POINT ( 'NONE',  ( 40.00000000000000711, 10.00000000000000000, 120.0000000000000142 ) ) ;
#1411 = AXIS2_PLACEMENT_3D ( 'NONE', #92, #338, #1486 ) ;
#1412 = VECTOR ( 'NONE', #889, 1000.000000000000000 ) ;
#1413 = DIRECTION ( 'NONE',  ( 0.000000000000000000, -1.000000000000000000, 0.000000000000000000 ) ) ;
#1414 = ORIENTED_EDGE ( 'NONE', *, *, #925, .T. ) ;
#1415 = EDGE_CURVE ( 'NONE', #919, #1421, #1244, .T. ) ;
#1416 = CYLINDRICAL_SURFACE ( 'NONE', #614, 9.999999999999994671 ) ;
#1417 = EDGE_CURVE ( 'NONE', #106, #1406, #1493, .T. ) ;
#1418 = DIRECTION ( 'NONE',  ( 0.000000000000000000, 0.000000000000000000, -1.000000000000000000 ) ) ;
#1419 = AXIS2_PLACEMENT_3D ( 'NONE', #812, #349, #601 ) ;
#1420 = CARTESIAN_POINT ( 'NONE',  ( -30.00000000000000000, 0.000000000000000000, 8.400000000000003908 ) ) ;
#1421 = VERTEX_POINT ( 'NONE', #809 ) ;
#1422 = CIRCLE ( 'NONE', #721, 15.00000000000000000 ) ;
#1423 = CYLINDRICAL_SURFACE ( 'NONE', #940, 1.599999999999997202 ) ;
#1424 = ADVANCED_FACE ( 'NONE', ( #115 ), #15, .F. ) ;
#1425 = CARTESIAN_POINT ( 'NONE',  ( 1.836970198721029589E-15, 0.000000000000000000, -15.00000000000000000 ) ) ;
#1426 = ORIENTED_EDGE ( 'NONE', *, *, #672, .T. ) ;
#1427 = CYLINDRICAL_SURFACE ( 'NONE', #1453, 9.999999999999994671 ) ;
#1428 = AXIS2_PLACEMENT_3D ( 'NONE', #1371, #767, #1008 ) ;
#1429 = AXIS2_PLACEMENT_3D ( 'NONE', #1410, #1259, #1170 ) ;
#1430 = CARTESIAN_POINT ( 'NONE',  ( 40.00000000000001421, 0.000000000000000000, -60.00000000000000000 ) ) ;
#1431 = VECTOR ( 'NONE', #186, 1000.000000000000000 ) ;
#1432 = EDGE_CURVE ( 'NONE', #244, #523, #787, .T. ) ;
#1433 = CIRCLE ( 'NONE', #1330, 1.599999999999997202 ) ;
#1434 = DIRECTION ( 'NONE',  ( 0.000000000000000000, 1.000000000000000000, 0.000000000000000000 ) ) ;
#1435 = AXIS2_PLACEMENT_3D ( 'NONE', #193, #1070, #497 ) ;
#1436 = ORIENTED_EDGE ( 'NONE', *, *, #1020, .F. ) ;
#1437 = DIRECTION ( 'NONE',  ( 0.000000000000000000, 0.000000000000000000, 1.000000000000000000 ) ) ;
#1438 = CARTESIAN_POINT ( 'NONE',  ( 30.00000000000000000, 0.000000000000000000, -11.59999999999999609 ) ) ;
#1439 = CARTESIAN_POINT ( 'NONE',  ( 40.00000000000001421, 0.000000000000000000, 50.00000000000000000 ) ) ;
#1440 = ORIENTED_EDGE ( 'NONE', *, *, #1468, .F. ) ;
#1441 = VERTEX_POINT ( 'NONE', #583 ) ;
#1442 = CARTESIAN_POINT ( 'NONE',  ( 40.00000000000001421, 0.000000000000000000, 50.00000000000000000 ) ) ;
#1443 = FACE_BOUND ( 'NONE', #428, .T. ) ;
#1444 = DIRECTION ( 'NONE',  ( 0.000000000000000000, -1.000000000000000000, 0.000000000000000000 ) ) ;
#1445 = CARTESIAN_POINT ( 'NONE',  ( -39.99999999999998579, 0.000000000000000000, -48.40000000000000568 ) ) ;
#1446 = ORIENTED_EDGE ( 'NONE', *, *, #1367, .T. ) ;
#1447 = DIRECTION ( 'NONE',  ( 0.000000000000000000, -1.000000000000000000, 0.000000000000000000 ) ) ;
#1448 = CYLINDRICAL_SURFACE ( 'NONE', #1088, 1.599999999999997202 ) ;
#1449 = EDGE_CURVE ( 'NONE', #1462, #730, #794, .T. ) ;
#1450 = DIRECTION ( 'NONE',  ( 0.000000000000000000, -1.000000000000000000, 0.000000000000000000 ) ) ;
#1451 = AXIS2_PLACEMENT_3D ( 'NONE', #1061, #358, #720 ) ;
#1452 = CARTESIAN_POINT ( 'NONE',  ( 30.00000000000000000, 10.00000000000000000, 10.00000000000000178 ) ) ;
#1453 = AXIS2_PLACEMENT_3D ( 'NONE', #412, #524, #424 ) ;
#1454 = VECTOR ( 'NONE', #621, 1000.000000000000000 ) ;
#1455 = ORIENTED_EDGE ( 'NONE', *, *, #610, .T. ) ;
#1456 = CYLINDRICAL_SURFACE ( 'NONE', #959, 1.599999999999997202 ) ;
#1457 = DIRECTION ( 'NONE',  ( 0.000000000000000000, -1.000000000000000000, 0.000000000000000000 ) ) ;
#1458 = AXIS2_PLACEMENT_3D ( 'NONE', #99, #6, #1003 ) ;
#1459 = EDGE_CURVE ( 'NONE', #1370, #1406, #757, .T. ) ;
#1460 = CARTESIAN_POINT ( 'NONE',  ( -19.99999999999998934, 0.000000000000000000, 79.99999999999998579 ) ) ;
#1461 = ADVANCED_FACE ( 'NONE', ( #1019 ), #329, .F. ) ;
#1462 = VERTEX_POINT ( 'NONE', #1474 ) ;
#1463 = DIRECTION ( 'NONE',  ( 0.000000000000000000, 0.000000000000000000, 1.000000000000000000 ) ) ;
#1464 = ORIENTED_EDGE ( 'NONE', *, *, #1027, .F. ) ;
#1465 = CARTESIAN_POINT ( 'NONE',  ( 30.00000000000000000, 0.000000000000000000, -8.400000000000000355 ) ) ;
#1466 = DIRECTION ( 'NONE',  ( 0.000000000000000000, 0.000000000000000000, 1.000000000000000000 ) ) ;
#1467 = LINE ( 'NONE', #796, #1409 ) ;
#1468 = EDGE_CURVE ( 'NONE', #727, #584, #548, .T. ) ;
#1469 = CARTESIAN_POINT ( 'NONE',  ( 40.00000000000001421, 0.000000000000000000, 50.00000000000000000 ) ) ;
#1470 = VECTOR ( 'NONE', #39, 1000.000000000000000 ) ;
#1471 = VERTEX_POINT ( 'NONE', #1234 ) ;
#1472 = ADVANCED_FACE ( 'NONE', ( #911 ), #661, .F. ) ;
#1473 = CARTESIAN_POINT ( 'NONE',  ( 40.00000000000000711, 10.00000000000000000, 90.00000000000000000 ) ) ;
#1474 = CARTESIAN_POINT ( 'NONE',  ( 20.00000000000000355, 0.000000000000000000, 79.99999999999998579 ) ) ;
#1475 = CARTESIAN_POINT ( 'NONE',  ( -30.00000000000000000, 10.00000000000000000, 10.00000000000000178 ) ) ;
#1476 = LINE ( 'NONE', #445, #1480 ) ;
#1477 = ORIENTED_EDGE ( 'NONE', *, *, #183, .T. ) ;
#1478 = ADVANCED_FACE ( 'NONE', ( #90 ), #678, .T. ) ;
#1479 = ORIENTED_EDGE ( 'NONE', *, *, #1317, .F. ) ;
#1480 = VECTOR ( 'NONE', #190, 1000.000000000000000 ) ;
#1481 = LINE ( 'NONE', #572, #78 ) ;
#1482 =( LENGTH_UNIT ( ) NAMED_UNIT ( * ) SI_UNIT ( .MILLI., .METRE. ) );
#1483 = ORIENTED_EDGE ( 'NONE', *, *, #1091, .F. ) ;
#1484 = AXIS2_PLACEMENT_3D ( 'NONE', #382, #182, #528 ) ;
#1485 = CIRCLE ( 'NONE', #1435, 1.599999999999997202 ) ;
#1486 = DIRECTION ( 'NONE',  ( 0.000000000000000000, 0.000000000000000000, 1.000000000000000000 ) ) ;
#1487 = ORIENTED_EDGE ( 'NONE', *, *, #733, .F. ) ;
#1488 = ORIENTED_EDGE ( 'NONE', *, *, #1432, .F. ) ;
#1489 = DIRECTION ( 'NONE',  ( -0.000000000000000000, 1.000000000000000000, -0.000000000000000000 ) ) ;
#1490 = VERTEX_POINT ( 'NONE', #1146 ) ;
#1491 = ORIENTED_EDGE ( 'NONE', *, *, #263, .T. ) ;
#1492 = FILL_AREA_STYLE ('',( #343 ) ) ;
#1493 = LINE ( 'NONE', #353, #754 ) ;
#1494 = ORIENTED_EDGE ( 'NONE', *, *, #1495, .F. ) ;
#1495 = EDGE_CURVE ( 'NONE', #88, #1121, #894, .T. ) ;
ENDSEC;
END-ISO-10303-21;
