ISO-10303-21;
HEADER;
FILE_DESCRIPTION (( 'STEP AP214' ),
    '1' );
FILE_NAME ('GripperBase V2.step',
    '2026-08-28T16:10:54',
    ( '' ),
    ( '' ),
    'SwSTEP 2.0',
    'SolidWorks 2024',
    '' );
FILE_SCHEMA (( 'AUTOMOTIVE_DESIGN' ));
ENDSEC;

DATA;
#1 = CARTESIAN_POINT ( 'NONE',  ( 40.00000000000000711, 15.00000000000000000, -98.19999999999998863 ) ) ;
#2 = ORIENTED_EDGE ( 'NONE', *, *, #2892, .T. ) ;
#3 = DIRECTION ( 'NONE',  ( 0.000000000000000000, 0.000000000000000000, 1.000000000000000000 ) ) ;
#4 = EDGE_CURVE ( 'NONE', #1345, #1113, #899, .T. ) ;
#5 = DIRECTION ( 'NONE',  ( 0.000000000000000000, 1.000000000000000000, 0.000000000000000000 ) ) ;
#6 = EDGE_CURVE ( 'NONE', #225, #562, #1931, .T. ) ;
#7 = CARTESIAN_POINT ( 'NONE',  ( 40.00000000000000711, -30.00000000000000000, -71.79999999999998295 ) ) ;
#8 = VERTEX_POINT ( 'NONE', #2898 ) ;
#9 = CYLINDRICAL_SURFACE ( 'NONE', #561, 10.00000000000000000 ) ;
#10 = AXIS2_PLACEMENT_3D ( 'NONE', #1289, #1036, #2269 ) ;
#11 = ORIENTED_EDGE ( 'NONE', *, *, #2332, .F. ) ;
#12 = AXIS2_PLACEMENT_3D ( 'NONE', #2547, #2564, #1361 ) ;
#13 = ORIENTED_EDGE ( 'NONE', *, *, #1198, .T. ) ;
#14 = CYLINDRICAL_SURFACE ( 'NONE', #1393, 10.00000000000000178 ) ;
#15 = CARTESIAN_POINT ( 'NONE',  ( 39.99999999999998579, 30.00000000000000000, -110.0000000000000000 ) ) ;
#16 = CARTESIAN_POINT ( 'NONE',  ( 40.00000000000000711, -30.00000000000000000, -69.99999999999998579 ) ) ;
#17 = DIRECTION ( 'NONE',  ( 1.000000000000000000, 0.000000000000000000, 0.000000000000000000 ) ) ;
#18 = ORIENTED_EDGE ( 'NONE', *, *, #23, .T. ) ;
#19 = CARTESIAN_POINT ( 'NONE',  ( -50.00000000000000000, -9.999999999999998224, -75.00000000000000000 ) ) ;
#20 = DIRECTION ( 'NONE',  ( 0.000000000000000000, 0.000000000000000000, 1.000000000000000000 ) ) ;
#21 = CIRCLE ( 'NONE', #1374, 9.999999999999994671 ) ;
#22 = DIRECTION ( 'NONE',  ( 1.000000000000000000, 0.000000000000000000, 0.000000000000000000 ) ) ;
#23 = EDGE_CURVE ( 'NONE', #2732, #2555, #1902, .T. ) ;
#24 = ORIENTED_EDGE ( 'NONE', *, *, #2714, .T. ) ;
#25 = DIRECTION ( 'NONE',  ( 0.000000000000000000, -1.000000000000000000, 0.000000000000000000 ) ) ;
#26 = ORIENTED_EDGE ( 'NONE', *, *, #3074, .T. ) ;
#27 = ORIENTED_EDGE ( 'NONE', *, *, #3023, .T. ) ;
#28 = CIRCLE ( 'NONE', #1383, 17.50000000000000355 ) ;
#29 = CYLINDRICAL_SURFACE ( 'NONE', #2202, 9.999999999999994671 ) ;
#30 = FACE_OUTER_BOUND ( 'NONE', #2719, .T. ) ;
#31 = AXIS2_PLACEMENT_3D ( 'NONE', #2189, #938, #1900 ) ;
#32 = CARTESIAN_POINT ( 'NONE',  ( 40.00000000000000711, 30.00000000000000000, -98.19999999999998863 ) ) ;
#33 = PLANE ( 'NONE',  #2163 ) ;
#34 = ORIENTED_EDGE ( 'NONE', *, *, #1555, .F. ) ;
#35 = PLANE ( 'NONE',  #1885 ) ;
#36 = DIRECTION ( 'NONE',  ( 0.000000000000000000, -1.000000000000000000, 0.000000000000000000 ) ) ;
#37 = CARTESIAN_POINT ( 'NONE',  ( 30.00000000000000711, -9.999999999999998224, -64.99999999999998579 ) ) ;
#38 = ORIENTED_EDGE ( 'NONE', *, *, #958, .F. ) ;
#39 = DIRECTION ( 'NONE',  ( -0.000000000000000000, 1.000000000000000000, -0.000000000000000000 ) ) ;
#40 = AXIS2_PLACEMENT_3D ( 'NONE', #2131, #926, #691 ) ;
#41 = VERTEX_POINT ( 'NONE', #219 ) ;
#42 = DIRECTION ( 'NONE',  ( -0.000000000000000000, -1.000000000000000000, -0.000000000000000000 ) ) ;
#43 = LINE ( 'NONE', #1197, #2146 ) ;
#44 = ADVANCED_FACE ( 'NONE', ( #2644 ), #1658, .F. ) ;
#45 = CARTESIAN_POINT ( 'NONE',  ( 40.00000000000000711, -9.999999999999998224, -69.99999999999998579 ) ) ;
#46 = CARTESIAN_POINT ( 'NONE',  ( -30.00000000000000711, -30.00000000000000000, -29.99999999999999289 ) ) ;
#47 = VERTEX_POINT ( 'NONE', #513 ) ;
#48 = CARTESIAN_POINT ( 'NONE',  ( -30.00000000000000711, -15.00000000000000000, -105.0000000000000000 ) ) ;
#49 = FACE_BOUND ( 'NONE', #2274, .T. ) ;
#50 = FACE_OUTER_BOUND ( 'NONE', #1061, .T. ) ;
#51 = CARTESIAN_POINT ( 'NONE',  ( -50.00000000000000000, -9.999999999999998224, -64.99999999999998579 ) ) ;
#52 = ORIENTED_EDGE ( 'NONE', *, *, #1753, .T. ) ;
#53 = LINE ( 'NONE', #1781, #2528 ) ;
#54 = EDGE_CURVE ( 'NONE', #372, #1151, #1185, .T. ) ;
#55 = EDGE_LOOP ( 'NONE', ( #1742, #904, #1672, #1414 ) ) ;
#56 = DIRECTION ( 'NONE',  ( 0.000000000000000000, 1.000000000000000000, 0.000000000000000000 ) ) ;
#57 = CARTESIAN_POINT ( 'NONE',  ( -50.00000000000000711, 15.00000000000000000, -99.99999999999998579 ) ) ;
#58 = CARTESIAN_POINT ( 'NONE',  ( 40.00000000000000711, -30.00000000000000000, -98.19999999999998863 ) ) ;
#59 = AXIS2_PLACEMENT_3D ( 'NONE', #324, #813, #2501 ) ;
#60 = EDGE_CURVE ( 'NONE', #2785, #795, #2664, .T. ) ;
#61 = ORIENTED_EDGE ( 'NONE', *, *, #2919, .T. ) ;
#62 = CARTESIAN_POINT ( 'NONE',  ( -50.00000000000000711, 15.00000000000000000, -94.99999999999998579 ) ) ;
#63 = CARTESIAN_POINT ( 'NONE',  ( 0.000000000000000000, 12.00000000000000000, -10.00000000000000000 ) ) ;
#64 = EDGE_LOOP ( 'NONE', ( #1530, #604, #1807, #1730 ) ) ;
#65 = CIRCLE ( 'NONE', #213, 1.799999999999996048 ) ;
#66 = LINE ( 'NONE', #1028, #760 ) ;
#67 = FACE_OUTER_BOUND ( 'NONE', #847, .T. ) ;
#68 = AXIS2_PLACEMENT_3D ( 'NONE', #1619, #1190, #2101 ) ;
#69 = AXIS2_PLACEMENT_3D ( 'NONE', #1973, #1763, #584 ) ;
#70 = VERTEX_POINT ( 'NONE', #748 ) ;
#71 = CARTESIAN_POINT ( 'NONE',  ( 50.00000000000000000, -9.999999999999998224, -64.99999999999998579 ) ) ;
#72 = ORIENTED_EDGE ( 'NONE', *, *, #6, .F. ) ;
#73 = LINE ( 'NONE', #573, #2403 ) ;
#74 = DIRECTION ( 'NONE',  ( 0.000000000000000000, 1.000000000000000000, 0.000000000000000000 ) ) ;
#75 = DIRECTION ( 'NONE',  ( -0.000000000000000000, -1.000000000000000000, -0.000000000000000000 ) ) ;
#76 = VECTOR ( 'NONE', #1406, 1000.000000000000000 ) ;
#77 = VERTEX_POINT ( 'NONE', #2613 ) ;
#78 = CYLINDRICAL_SURFACE ( 'NONE', #2795, 9.999999999999994671 ) ;
#79 = EDGE_CURVE ( 'NONE', #3111, #1445, #939, .T. ) ;
#80 = FACE_BOUND ( 'NONE', #2439, .T. ) ;
#81 = CIRCLE ( 'NONE', #132, 9.999999999999994671 ) ;
#82 = VERTEX_POINT ( 'NONE', #236 ) ;
#83 = LINE ( 'NONE', #2510, #2561 ) ;
#84 = DIRECTION ( 'NONE',  ( 0.000000000000000000, -1.000000000000000000, 0.000000000000000000 ) ) ;
#85 = EDGE_CURVE ( 'NONE', #2364, #463, #1475, .T. ) ;
#86 = ORIENTED_EDGE ( 'NONE', *, *, #1636, .T. ) ;
#87 = PLANE ( 'NONE',  #2381 ) ;
#88 = EDGE_CURVE ( 'NONE', #588, #357, #2389, .T. ) ;
#89 = AXIS2_PLACEMENT_3D ( 'NONE', #1353, #2819, #1597 ) ;
#90 = VERTEX_POINT ( 'NONE', #1675 ) ;
#91 = DIRECTION ( 'NONE',  ( 0.000000000000000000, 0.000000000000000000, 1.000000000000000000 ) ) ;
#92 = CARTESIAN_POINT ( 'NONE',  ( -50.00000000000000000, 9.999999999999998224, -75.00000000000000000 ) ) ;
#93 = DIRECTION ( 'NONE',  ( 0.000000000000000000, -1.000000000000000000, 0.000000000000000000 ) ) ;
#94 = CARTESIAN_POINT ( 'NONE',  ( -12.00000000000000000, 4.189777606611760026E-14, -5.000000000000000000 ) ) ;
#95 = EDGE_LOOP ( 'NONE', ( #2767, #698, #402, #1934 ) ) ;
#96 = DIRECTION ( 'NONE',  ( 0.000000000000000000, 0.000000000000000000, 1.000000000000000000 ) ) ;
#97 = ADVANCED_FACE ( 'NONE', ( #1951 ), #2883, .F. ) ;
#98 = ORIENTED_EDGE ( 'NONE', *, *, #512, .F. ) ;
#99 = CARTESIAN_POINT ( 'NONE',  ( -1.799999999999999822, 12.00000000000000000, -10.00000000000000000 ) ) ;
#100 = ADVANCED_FACE ( 'NONE', ( #3087, #1417 ), #1887, .T. ) ;
#101 = DIRECTION ( 'NONE',  ( 0.000000000000000000, 0.000000000000000000, 1.000000000000000000 ) ) ;
#102 = EDGE_CURVE ( 'NONE', #2741, #955, #2398, .T. ) ;
#103 = ORIENTED_EDGE ( 'NONE', *, *, #1198, .F. ) ;
#104 = FACE_BOUND ( 'NONE', #1110, .T. ) ;
#105 = ORIENTED_EDGE ( 'NONE', *, *, #331, .T. ) ;
#106 = FACE_OUTER_BOUND ( 'NONE', #171, .T. ) ;
#107 = CARTESIAN_POINT ( 'NONE',  ( 39.99999999999998579, 30.00000000000000000, -100.0000000000000000 ) ) ;
#108 = DIRECTION ( 'NONE',  ( 1.000000000000000000, 0.000000000000000000, 0.000000000000000000 ) ) ;
#109 = VERTEX_POINT ( 'NONE', #32 ) ;
#110 = LINE ( 'NONE', #2505, #626 ) ;
#111 = DIRECTION ( 'NONE',  ( -0.000000000000000000, 1.000000000000000000, -0.000000000000000000 ) ) ;
#112 = AXIS2_PLACEMENT_3D ( 'NONE', #1535, #782, #799 ) ;
#113 = VERTEX_POINT ( 'NONE', #986 ) ;
#114 = DIRECTION ( 'NONE',  ( 0.000000000000000000, 0.000000000000000000, -1.000000000000000000 ) ) ;
#115 = DIRECTION ( 'NONE',  ( -0.000000000000000000, 1.000000000000000000, -0.000000000000000000 ) ) ;
#116 = VECTOR ( 'NONE', #2921, 1000.000000000000000 ) ;
#117 = DIRECTION ( 'NONE',  ( 0.000000000000000000, 0.000000000000000000, -1.000000000000000000 ) ) ;
#118 = EDGE_CURVE ( 'NONE', #1454, #1072, #2175, .T. ) ;
#119 = VERTEX_POINT ( 'NONE', #2161 ) ;
#120 = AXIS2_PLACEMENT_3D ( 'NONE', #3102, #2628, #467 ) ;
#121 =( GEOMETRIC_REPRESENTATION_CONTEXT ( 3 ) GLOBAL_UNCERTAINTY_ASSIGNED_CONTEXT ( ( #2050 ) ) GLOBAL_UNIT_ASSIGNED_CONTEXT ( ( #2492, #1806, #345 ) ) REPRESENTATION_CONTEXT ( 'NONE', 'WORKASPACE' ) );
#122 = DIRECTION ( 'NONE',  ( 0.000000000000000000, 0.000000000000000000, 1.000000000000000000 ) ) ;
#123 = LINE ( 'NONE', #1490, #1815 ) ;
#124 = ORIENTED_EDGE ( 'NONE', *, *, #1962, .F. ) ;
#125 = CARTESIAN_POINT ( 'NONE',  ( -13.79999999999999893, 4.211821248996412858E-14, -10.00000000000000000 ) ) ;
#126 = APPLICATION_CONTEXT ( 'automotive_design' ) ;
#127 = FACE_OUTER_BOUND ( 'NONE', #2607, .T. ) ;
#128 = ORIENTED_EDGE ( 'NONE', *, *, #1329, .F. ) ;
#129 = DIRECTION ( 'NONE',  ( -0.000000000000000000, -0.000000000000000000, 1.000000000000000000 ) ) ;
#130 = CARTESIAN_POINT ( 'NONE',  ( 40.00000000000000711, -30.00000000000000000, -69.99999999999998579 ) ) ;
#131 = VECTOR ( 'NONE', #2475, 1000.000000000000000 ) ;
#132 = AXIS2_PLACEMENT_3D ( 'NONE', #2818, #2550, #2786 ) ;
#133 = CARTESIAN_POINT ( 'NONE',  ( -40.00000000000000711, -30.00000000000000000, -99.99999999999998579 ) ) ;
#134 = DIRECTION ( 'NONE',  ( -0.000000000000000000, -1.000000000000000000, -0.000000000000000000 ) ) ;
#135 = EDGE_LOOP ( 'NONE', ( #2293, #1998, #2810, #1656 ) ) ;
#136 = FACE_OUTER_BOUND ( 'NONE', #3020, .T. ) ;
#137 = ORIENTED_EDGE ( 'NONE', *, *, #2872, .T. ) ;
#138 = ORIENTED_EDGE ( 'NONE', *, *, #181, .F. ) ;
#139 = EDGE_CURVE ( 'NONE', #2555, #2115, #925, .T. ) ;
#140 = FACE_BOUND ( 'NONE', #530, .T. ) ;
#141 = DIRECTION ( 'NONE',  ( -0.000000000000000000, 1.000000000000000000, -0.000000000000000000 ) ) ;
#142 = EDGE_LOOP ( 'NONE', ( #1552, #805, #629, #2610 ) ) ;
#143 = LINE ( 'NONE', #392, #395 ) ;
#144 = DIRECTION ( 'NONE',  ( 0.000000000000000000, 1.000000000000000000, 0.000000000000000000 ) ) ;
#145 = AXIS2_PLACEMENT_3D ( 'NONE', #1570, #1076, #114 ) ;
#146 = CARTESIAN_POINT ( 'NONE',  ( -50.00000000000000711, 15.00000000000000000, -105.0000000000000000 ) ) ;
#147 = VERTEX_POINT ( 'NONE', #2913 ) ;
#148 = EDGE_CURVE ( 'NONE', #1799, #1127, #201, .T. ) ;
#149 = DIRECTION ( 'NONE',  ( -0.000000000000000000, -0.000000000000000000, -1.000000000000000000 ) ) ;
#150 = VERTEX_POINT ( 'NONE', #2130 ) ;
#151 = VERTEX_POINT ( 'NONE', #2856 ) ;
#152 = DIRECTION ( 'NONE',  ( 1.000000000000000000, 0.000000000000000000, -0.000000000000000000 ) ) ;
#153 = EDGE_CURVE ( 'NONE', #936, #1130, #689, .T. ) ;
#154 = VERTEX_POINT ( 'NONE', #545 ) ;
#155 = DIRECTION ( 'NONE',  ( 0.000000000000000000, 0.000000000000000000, 1.000000000000000000 ) ) ;
#156 = ORIENTED_EDGE ( 'NONE', *, *, #212, .F. ) ;
#157 = CARTESIAN_POINT ( 'NONE',  ( 0.000000000000000000, 0.000000000000000000, 0.000000000000000000 ) ) ;
#158 = AXIS2_PLACEMENT_3D ( 'NONE', #2061, #857, #1814 ) ;
#159 = CARTESIAN_POINT ( 'NONE',  ( -17.50000000000000355, 2.143131898507868643E-15, -5.000000000000000000 ) ) ;
#160 = LINE ( 'NONE', #1330, #1278 ) ;
#161 = ORIENTED_EDGE ( 'NONE', *, *, #1312, .T. ) ;
#162 = PLANE ( 'NONE',  #2980 ) ;
#163 = CIRCLE ( 'NONE', #2632, 1.799999999999996048 ) ;
#164 = AXIS2_PLACEMENT_3D ( 'NONE', #334, #115, #1325 ) ;
#165 = VERTEX_POINT ( 'NONE', #2993 ) ;
#166 = ORIENTED_EDGE ( 'NONE', *, *, #1112, .F. ) ;
#167 = CARTESIAN_POINT ( 'NONE',  ( 30.00000000000000711, -15.00000000000000000, -64.99999999999998579 ) ) ;
#168 = CARTESIAN_POINT ( 'NONE',  ( 50.00000000000000711, 9.999999999999998224, -94.99999999999998579 ) ) ;
#169 = ORIENTED_EDGE ( 'NONE', *, *, #3093, .F. ) ;
#170 = DIRECTION ( 'NONE',  ( 1.000000000000000000, 0.000000000000000000, 0.000000000000000000 ) ) ;
#171 = EDGE_LOOP ( 'NONE', ( #1639, #412, #2946, #1653 ) ) ;
#172 = CARTESIAN_POINT ( 'NONE',  ( -50.00000000000000711, 30.00000000000000000, -99.99999999999998579 ) ) ;
#173 = ADVANCED_FACE ( 'NONE', ( #2001 ), #829, .T. ) ;
#174 = CARTESIAN_POINT ( 'NONE',  ( 30.00000000000000711, -9.999999999999998224, -94.99999999999998579 ) ) ;
#175 = VECTOR ( 'NONE', #943, 1000.000000000000000 ) ;
#176 = EDGE_CURVE ( 'NONE', #1405, #2669, #815, .T. ) ;
#177 = FACE_OUTER_BOUND ( 'NONE', #777, .T. ) ;
#178 = DIRECTION ( 'NONE',  ( -1.000000000000000000, 0.000000000000000000, 0.000000000000000000 ) ) ;
#179 = ORIENTED_EDGE ( 'NONE', *, *, #1764, .F. ) ;
#180 = CARTESIAN_POINT ( 'NONE',  ( -50.00000000000000711, 15.00000000000000000, -94.99999999999998579 ) ) ;
#181 = EDGE_CURVE ( 'NONE', #892, #109, #1757, .T. ) ;
#182 = ORIENTED_EDGE ( 'NONE', *, *, #2238, .F. ) ;
#183 = ORIENTED_EDGE ( 'NONE', *, *, #2714, .F. ) ;
#184 = FACE_OUTER_BOUND ( 'NONE', #900, .T. ) ;
#185 = ORIENTED_EDGE ( 'NONE', *, *, #1859, .F. ) ;
#186 = FACE_OUTER_BOUND ( 'NONE', #962, .T. ) ;
#187 = EDGE_LOOP ( 'NONE', ( #2474, #1462 ) ) ;
#188 = DIRECTION ( 'NONE',  ( 0.000000000000000000, 1.000000000000000000, 0.000000000000000000 ) ) ;
#189 = CIRCLE ( 'NONE', #1950, 1.799999999999996048 ) ;
#190 = EDGE_CURVE ( 'NONE', #3008, #225, #2290, .T. ) ;
#191 = DIRECTION ( 'NONE',  ( -0.000000000000000000, -1.000000000000000000, -0.000000000000000000 ) ) ;
#192 = EDGE_CURVE ( 'NONE', #2601, #304, #1774, .T. ) ;
#193 = CARTESIAN_POINT ( 'NONE',  ( -40.00000000000000711, -30.00000000000000000, -98.19999999999998863 ) ) ;
#194 = ORIENTED_EDGE ( 'NONE', *, *, #2793, .F. ) ;
#195 = LINE ( 'NONE', #2450, #1179 ) ;
#196 = CARTESIAN_POINT ( 'NONE',  ( -0.000000000000000000, 12.00000000000000000, -5.000000000000000000 ) ) ;
#197 = LINE ( 'NONE', #2623, #2553 ) ;
#198 = VERTEX_POINT ( 'NONE', #1290 ) ;
#199 = EDGE_LOOP ( 'NONE', ( #1369, #397, #1802, #2779 ) ) ;
#200 = CARTESIAN_POINT ( 'NONE',  ( -40.00000000000000711, -30.00000000000000000, -68.20000000000000284 ) ) ;
#201 = LINE ( 'NONE', #1166, #368 ) ;
#202 = DIRECTION ( 'NONE',  ( 0.000000000000000000, 1.000000000000000000, 0.000000000000000000 ) ) ;
#203 = VERTEX_POINT ( 'NONE', #2960 ) ;
#204 = CARTESIAN_POINT ( 'NONE',  ( 50.00000000000000000, -9.999999999999998224, -75.00000000000000000 ) ) ;
#205 = VECTOR ( 'NONE', #1578, 1000.000000000000000 ) ;
#206 = DIRECTION ( 'NONE',  ( -0.000000000000000000, -1.000000000000000000, -0.000000000000000000 ) ) ;
#207 = AXIS2_PLACEMENT_3D ( 'NONE', #1235, #2138, #444 ) ;
#208 = ORIENTED_EDGE ( 'NONE', *, *, #2678, .T. ) ;
#209 = CARTESIAN_POINT ( 'NONE',  ( -40.00000000000000711, 30.00000000000000000, -99.99999999999998579 ) ) ;
#210 = DIRECTION ( 'NONE',  ( 0.000000000000000000, 0.000000000000000000, -1.000000000000000000 ) ) ;
#211 = VECTOR ( 'NONE', #320, 1000.000000000000000 ) ;
#212 = EDGE_CURVE ( 'NONE', #553, #605, #3091, .T. ) ;
#213 = AXIS2_PLACEMENT_3D ( 'NONE', #514, #1478, #1201 ) ;
#214 = CARTESIAN_POINT ( 'NONE',  ( -13.79999999999999893, 4.211821248996412858E-14, -10.00000000000000000 ) ) ;
#215 = ORIENTED_EDGE ( 'NONE', *, *, #794, .F. ) ;
#216 = ORIENTED_EDGE ( 'NONE', *, *, #552, .F. ) ;
#217 = LINE ( 'NONE', #2882, #609 ) ;
#218 = AXIS2_PLACEMENT_3D ( 'NONE', #1236, #535, #2665 ) ;
#219 = CARTESIAN_POINT ( 'NONE',  ( -40.00000000000000711, -9.999999999999998224, -68.20000000000000284 ) ) ;
#220 = CARTESIAN_POINT ( 'NONE',  ( 0.000000000000000000, -12.00000000000000000, -5.000000000000000000 ) ) ;
#221 = ORIENTED_EDGE ( 'NONE', *, *, #1269, .T. ) ;
#222 = DIRECTION ( 'NONE',  ( 0.000000000000000000, 0.000000000000000000, -1.000000000000000000 ) ) ;
#223 = VECTOR ( 'NONE', #294, 1000.000000000000000 ) ;
#224 = EDGE_CURVE ( 'NONE', #263, #335, #1984, .T. ) ;
#225 = VERTEX_POINT ( 'NONE', #2722 ) ;
#226 = CARTESIAN_POINT ( 'NONE',  ( -30.00000000000000711, -9.999999999999998224, -94.99999999999998579 ) ) ;
#227 = VERTEX_POINT ( 'NONE', #2488 ) ;
#228 = LINE ( 'NONE', #697, #1870 ) ;
#229 = EDGE_CURVE ( 'NONE', #70, #1405, #2239, .T. ) ;
#230 = AXIS2_PLACEMENT_3D ( 'NONE', #311, #2460, #592 ) ;
#231 = EDGE_CURVE ( 'NONE', #1333, #1953, #1537, .T. ) ;
#232 = ORIENTED_EDGE ( 'NONE', *, *, #2171, .F. ) ;
#233 = ORIENTED_EDGE ( 'NONE', *, *, #2988, .F. ) ;
#234 = CARTESIAN_POINT ( 'NONE',  ( 12.00000000000000000, -1.256933281983528008E-13, -5.000000000000000000 ) ) ;
#235 = CARTESIAN_POINT ( 'NONE',  ( 39.99999999999998579, 9.999999999999998224, -110.0000000000000000 ) ) ;
#236 = CARTESIAN_POINT ( 'NONE',  ( 19.99999999999999645, 30.00000000000000000, -20.00000000000000000 ) ) ;
#237 = CARTESIAN_POINT ( 'NONE',  ( 29.99999999999998934, -30.00000000000000000, -100.0000000000000000 ) ) ;
#238 = EDGE_CURVE ( 'NONE', #433, #1047, #1020, .T. ) ;
#239 = VERTEX_POINT ( 'NONE', #1038 ) ;
#240 = FACE_OUTER_BOUND ( 'NONE', #1542, .T. ) ;
#241 = AXIS2_PLACEMENT_3D ( 'NONE', #2336, #2643, #2640 ) ;
#242 = VERTEX_POINT ( 'NONE', #279 ) ;
#243 = CARTESIAN_POINT ( 'NONE',  ( -40.00000000000000711, -9.999999999999994671, -99.99999999999998579 ) ) ;
#244 = ORIENTED_EDGE ( 'NONE', *, *, #2468, .T. ) ;
#245 = VERTEX_POINT ( 'NONE', #2444 ) ;
#246 = DIRECTION ( 'NONE',  ( 0.000000000000000000, 0.000000000000000000, -1.000000000000000000 ) ) ;
#247 = FACE_OUTER_BOUND ( 'NONE', #2401, .T. ) ;
#248 = DIRECTION ( 'NONE',  ( -0.000000000000000000, 1.000000000000000000, -0.000000000000000000 ) ) ;
#249 = CARTESIAN_POINT ( 'NONE',  ( -50.00000000000000711, -9.999999999999998224, -94.99999999999998579 ) ) ;
#250 = VERTEX_POINT ( 'NONE', #560 ) ;
#251 = FACE_BOUND ( 'NONE', #2025, .T. ) ;
#252 = EDGE_CURVE ( 'NONE', #463, #1345, #1274, .T. ) ;
#253 = ORIENTED_EDGE ( 'NONE', *, *, #1788, .F. ) ;
#254 = DIRECTION ( 'NONE',  ( 0.000000000000000000, 0.000000000000000000, 1.000000000000000000 ) ) ;
#255 = CIRCLE ( 'NONE', #1363, 9.999999999999994671 ) ;
#256 = AXIS2_PLACEMENT_3D ( 'NONE', #284, #36, #534 ) ;
#257 = ORIENTED_EDGE ( 'NONE', *, *, #267, .T. ) ;
#258 = VECTOR ( 'NONE', #272, 1000.000000000000000 ) ;
#259 = ORIENTED_EDGE ( 'NONE', *, *, #4, .F. ) ;
#260 = DIRECTION ( 'NONE',  ( 0.000000000000000000, -1.000000000000000000, 0.000000000000000000 ) ) ;
#261 = DIRECTION ( 'NONE',  ( 0.000000000000000000, 0.000000000000000000, 1.000000000000000000 ) ) ;
#262 = CARTESIAN_POINT ( 'NONE',  ( -50.00000000000000000, -9.999999999999998224, -75.00000000000000000 ) ) ;
#263 = VERTEX_POINT ( 'NONE', #2207 ) ;
#264 = LINE ( 'NONE', #516, #175 ) ;
#265 = DIRECTION ( 'NONE',  ( 0.000000000000000000, 0.000000000000000000, 1.000000000000000000 ) ) ;
#266 = CARTESIAN_POINT ( 'NONE',  ( -40.00000000000000711, -30.00000000000000000, -99.99999999999998579 ) ) ;
#267 = EDGE_CURVE ( 'NONE', #491, #2348, #2737, .T. ) ;
#268 = AXIS2_PLACEMENT_3D ( 'NONE', #312, #111, #2242 ) ;
#269 = CARTESIAN_POINT ( 'NONE',  ( -30.00000000000000711, -9.999999999999998224, -74.99999999999998579 ) ) ;
#270 = EDGE_CURVE ( 'NONE', #1319, #1918, #1668, .T. ) ;
#271 = VERTEX_POINT ( 'NONE', #2945 ) ;
#272 = DIRECTION ( 'NONE',  ( -0.000000000000000000, 1.000000000000000000, -0.000000000000000000 ) ) ;
#273 = ORIENTED_EDGE ( 'NONE', *, *, #1451, .F. ) ;
#274 = VECTOR ( 'NONE', #1463, 1000.000000000000000 ) ;
#275 = EDGE_CURVE ( 'NONE', #433, #227, #2032, .T. ) ;
#276 = CARTESIAN_POINT ( 'NONE',  ( 40.00000000000000711, -9.999999999999998224, -101.7999999999999829 ) ) ;
#277 = CARTESIAN_POINT ( 'NONE',  ( 39.99999999999998579, 30.00000000000000000, -100.0000000000000000 ) ) ;
#278 = VECTOR ( 'NONE', #1228, 1000.000000000000000 ) ;
#279 = CARTESIAN_POINT ( 'NONE',  ( -50.00000000000000000, 15.00000000000000000, -75.00000000000000000 ) ) ;
#280 = DIRECTION ( 'NONE',  ( -0.000000000000000000, -1.000000000000000000, -0.000000000000000000 ) ) ;
#281 = ORIENTED_EDGE ( 'NONE', *, *, #1045, .T. ) ;
#282 = CARTESIAN_POINT ( 'NONE',  ( -50.00000000000000000, 15.00000000000000000, -64.99999999999998579 ) ) ;
#283 = CARTESIAN_POINT ( 'NONE',  ( -40.00000000000000711, -30.00000000000000000, -68.20000000000000284 ) ) ;
#284 = CARTESIAN_POINT ( 'NONE',  ( 39.99999999999998579, 30.00000000000000000, -100.0000000000000000 ) ) ;
#285 = EDGE_CURVE ( 'NONE', #997, #1549, #163, .T. ) ;
#286 = DIRECTION ( 'NONE',  ( -0.000000000000000000, 0.000000000000000000, -1.000000000000000000 ) ) ;
#287 = CIRCLE ( 'NONE', #2152, 9.999999999999994671 ) ;
#288 = ORIENTED_EDGE ( 'NONE', *, *, #872, .T. ) ;
#289 = CARTESIAN_POINT ( 'NONE',  ( -30.00000000000000711, 30.00000000000000000, -29.99999999999999289 ) ) ;
#290 = EDGE_CURVE ( 'NONE', #2696, #1873, #568, .T. ) ;
#291 = ORIENTED_EDGE ( 'NONE', *, *, #2851, .F. ) ;
#292 = DIRECTION ( 'NONE',  ( -1.000000000000000000, 0.000000000000000000, -6.938893903907230350E-16 ) ) ;
#293 = VECTOR ( 'NONE', #806, 1000.000000000000000 ) ;
#294 = DIRECTION ( 'NONE',  ( -1.000000000000000000, 0.000000000000000000, 0.000000000000000000 ) ) ;
#295 = ORIENTED_EDGE ( 'NONE', *, *, #1697, .F. ) ;
#296 = CARTESIAN_POINT ( 'NONE',  ( 30.00000000000000711, 15.00000000000000000, -100.0000000000000000 ) ) ;
#297 = DIRECTION ( 'NONE',  ( -6.938893903907229610E-17, 0.000000000000000000, -1.000000000000000000 ) ) ;
#298 = EDGE_CURVE ( 'NONE', #1445, #1217, #765, .T. ) ;
#299 = ORIENTED_EDGE ( 'NONE', *, *, #1949, .F. ) ;
#300 = DIRECTION ( 'NONE',  ( -0.000000000000000000, -1.000000000000000000, -0.000000000000000000 ) ) ;
#301 = DIRECTION ( 'NONE',  ( -0.000000000000000000, 1.000000000000000000, -0.000000000000000000 ) ) ;
#302 = ORIENTED_EDGE ( 'NONE', *, *, #267, .F. ) ;
#303 = CYLINDRICAL_SURFACE ( 'NONE', #1070, 9.999999999999994671 ) ;
#304 = VERTEX_POINT ( 'NONE', #174 ) ;
#305 = EDGE_CURVE ( 'NONE', #2566, #892, #617, .T. ) ;
#306 = DIRECTION ( 'NONE',  ( 0.000000000000000000, -1.000000000000000000, 0.000000000000000000 ) ) ;
#307 = DIRECTION ( 'NONE',  ( -0.000000000000000000, 1.000000000000000000, -0.000000000000000000 ) ) ;
#308 = CARTESIAN_POINT ( 'NONE',  ( -40.00000000000000711, -15.00000000000000000, -99.99999999999998579 ) ) ;
#309 = CIRCLE ( 'NONE', #2074, 1.799999999999996048 ) ;
#310 = EDGE_LOOP ( 'NONE', ( #1558, #1905 ) ) ;
#311 = CARTESIAN_POINT ( 'NONE',  ( 40.00000000000000000, 30.00000000000000000, -10.00000000000001776 ) ) ;
#312 = CARTESIAN_POINT ( 'NONE',  ( -40.00000000000000711, -30.00000000000000000, -69.99999999999998579 ) ) ;
#313 = ORIENTED_EDGE ( 'NONE', *, *, #290, .T. ) ;
#314 = DIRECTION ( 'NONE',  ( -0.000000000000000000, -1.000000000000000000, -0.000000000000000000 ) ) ;
#315 = CARTESIAN_POINT ( 'NONE',  ( -50.00000000000000000, 30.00000000000000000, -9.999999999999994671 ) ) ;
#316 = EDGE_CURVE ( 'NONE', #1614, #147, #1023, .T. ) ;
#317 = CIRCLE ( 'NONE', #2887, 5.000000000000000000 ) ;
#318 = VECTOR ( 'NONE', #1411, 1000.000000000000000 ) ;
#319 = ORIENTED_EDGE ( 'NONE', *, *, #238, .F. ) ;
#320 = DIRECTION ( 'NONE',  ( -0.000000000000000000, 1.000000000000000000, -0.000000000000000000 ) ) ;
#321 = ORIENTED_EDGE ( 'NONE', *, *, #362, .T. ) ;
#322 = EDGE_CURVE ( 'NONE', #1873, #8, #2799, .T. ) ;
#323 = CARTESIAN_POINT ( 'NONE',  ( -50.00000000000000711, 30.00000000000000000, -99.99999999999998579 ) ) ;
#324 = CARTESIAN_POINT ( 'NONE',  ( -40.00000000000000711, 15.00000000000000000, -99.99999999999998579 ) ) ;
#325 = EDGE_CURVE ( 'NONE', #936, #654, #2782, .T. ) ;
#326 = DIRECTION ( 'NONE',  ( 1.000000000000000000, 0.000000000000000000, 0.000000000000000000 ) ) ;
#327 = VECTOR ( 'NONE', #1107, 1000.000000000000000 ) ;
#328 = ORIENTED_EDGE ( 'NONE', *, *, #2642, .F. ) ;
#329 = FACE_OUTER_BOUND ( 'NONE', #135, .T. ) ;
#330 = DIRECTION ( 'NONE',  ( -0.000000000000000000, 1.000000000000000000, -0.000000000000000000 ) ) ;
#331 = EDGE_CURVE ( 'NONE', #165, #2615, #317, .T. ) ;
#332 = ORIENTED_EDGE ( 'NONE', *, *, #1165, .T. ) ;
#333 = LINE ( 'NONE', #3026, #293 ) ;
#334 = CARTESIAN_POINT ( 'NONE',  ( -40.00000000000000711, -9.999999999999998224, -69.99999999999998579 ) ) ;
#335 = VERTEX_POINT ( 'NONE', #1557 ) ;
#336 = LINE ( 'NONE', #758, #2434 ) ;
#337 = AXIS2_PLACEMENT_3D ( 'NONE', #428, #2357, #1652 ) ;
#338 = ORIENTED_EDGE ( 'NONE', *, *, #2603, .T. ) ;
#339 = AXIS2_PLACEMENT_3D ( 'NONE', #468, #2323, #155 ) ;
#340 = DIRECTION ( 'NONE',  ( 0.000000000000000000, 0.000000000000000000, 1.000000000000000000 ) ) ;
#341 = CARTESIAN_POINT ( 'NONE',  ( -40.00000000000000711, 15.00000000000000000, -99.99999999999998579 ) ) ;
#342 = DIRECTION ( 'NONE',  ( 1.156482317317871478E-16, -0.000000000000000000, 1.000000000000000000 ) ) ;
#343 = ORIENTED_EDGE ( 'NONE', *, *, #2335, .F. ) ;
#344 = LINE ( 'NONE', #1306, #1033 ) ;
#345 =( NAMED_UNIT ( * ) SI_UNIT ( $, .STERADIAN. ) SOLID_ANGLE_UNIT ( ) );
#346 = EDGE_LOOP ( 'NONE', ( #685, #903, #2724, #295 ) ) ;
#347 = CARTESIAN_POINT ( 'NONE',  ( 40.00000000000000711, -15.00000000000000000, -101.7999999999999829 ) ) ;
#348 = DIRECTION ( 'NONE',  ( 1.000000000000000000, 0.000000000000000000, -8.673617379884035472E-17 ) ) ;
#349 = ADVANCED_FACE ( 'NONE', ( #600 ), #411, .F. ) ;
#350 = FACE_OUTER_BOUND ( 'NONE', #2595, .T. ) ;
#351 = ORIENTED_EDGE ( 'NONE', *, *, #2277, .F. ) ;
#352 = DIRECTION ( 'NONE',  ( 0.000000000000000000, 0.000000000000000000, -1.000000000000000000 ) ) ;
#353 = CYLINDRICAL_SURFACE ( 'NONE', #2672, 9.999999999999994671 ) ;
#354 = ORIENTED_EDGE ( 'NONE', *, *, #2833, .T. ) ;
#355 = CYLINDRICAL_SURFACE ( 'NONE', #1938, 10.00000000000000178 ) ;
#356 = VECTOR ( 'NONE', #1786, 1000.000000000000000 ) ;
#357 = VERTEX_POINT ( 'NONE', #366 ) ;
#358 = FACE_OUTER_BOUND ( 'NONE', #64, .T. ) ;
#359 = LINE ( 'NONE', #807, #2286 ) ;
#360 = AXIS2_PLACEMENT_3D ( 'NONE', #711, #2609, #210 ) ;
#361 = CIRCLE ( 'NONE', #1423, 9.999999999999994671 ) ;
#362 = EDGE_CURVE ( 'NONE', #915, #1946, #160, .T. ) ;
#363 = LINE ( 'NONE', #2825, #387 ) ;
#364 = CIRCLE ( 'NONE', #969, 1.799999999999996048 ) ;
#365 = EDGE_CURVE ( 'NONE', #1047, #393, #887, .T. ) ;
#366 = CARTESIAN_POINT ( 'NONE',  ( 40.00000000000000711, -30.00000000000000000, -71.79999999999998295 ) ) ;
#367 = ORIENTED_EDGE ( 'NONE', *, *, #424, .T. ) ;
#368 = VECTOR ( 'NONE', #2382, 1000.000000000000000 ) ;
#369 = DIRECTION ( 'NONE',  ( -0.000000000000000000, -0.000000000000000000, -1.000000000000000000 ) ) ;
#370 = LINE ( 'NONE', #1605, #814 ) ;
#371 = ORIENTED_EDGE ( 'NONE', *, *, #1529, .T. ) ;
#372 = VERTEX_POINT ( 'NONE', #2106 ) ;
#373 = PLANE ( 'NONE',  #3001 ) ;
#374 = DIRECTION ( 'NONE',  ( -0.000000000000000000, 1.000000000000000000, -0.000000000000000000 ) ) ;
#375 = ORIENTED_EDGE ( 'NONE', *, *, #1933, .T. ) ;
#376 = CARTESIAN_POINT ( 'NONE',  ( 40.00000000000000711, -30.00000000000000000, -68.20000000000000284 ) ) ;
#377 = DIRECTION ( 'NONE',  ( 1.000000000000000000, 0.000000000000000000, 0.000000000000000000 ) ) ;
#378 = CIRCLE ( 'NONE', #931, 1.799999999999996048 ) ;
#379 = EDGE_CURVE ( 'NONE', #508, #745, #2483, .T. ) ;
#380 = DIRECTION ( 'NONE',  ( 0.000000000000000000, 0.000000000000000000, 1.000000000000000000 ) ) ;
#381 = EDGE_LOOP ( 'NONE', ( #2905, #328 ) ) ;
#382 = DIRECTION ( 'NONE',  ( -0.000000000000000000, -1.000000000000000000, -0.000000000000000000 ) ) ;
#383 = EDGE_CURVE ( 'NONE', #304, #1042, #869, .T. ) ;
#384 = VECTOR ( 'NONE', #369, 1000.000000000000000 ) ;
#385 = DIRECTION ( 'NONE',  ( -0.000000000000000000, -1.000000000000000000, -0.000000000000000000 ) ) ;
#386 = ORIENTED_EDGE ( 'NONE', *, *, #2102, .T. ) ;
#387 = VECTOR ( 'NONE', #3046, 1000.000000000000000 ) ;
#388 = ORIENTED_EDGE ( 'NONE', *, *, #1726, .T. ) ;
#389 = FACE_BOUND ( 'NONE', #2680, .T. ) ;
#390 = LINE ( 'NONE', #3068, #1741 ) ;
#391 = EDGE_LOOP ( 'NONE', ( #2989, #1377, #1684, #2164 ) ) ;
#392 = CARTESIAN_POINT ( 'NONE',  ( -30.00000000000000711, 30.00000000000000000, -19.99999999999999289 ) ) ;
#393 = VERTEX_POINT ( 'NONE', #1830 ) ;
#394 = CARTESIAN_POINT ( 'NONE',  ( -30.00000000000000711, 9.999999999999998224, -64.99999999999998579 ) ) ;
#395 = VECTOR ( 'NONE', #2523, 1000.000000000000000 ) ;
#396 = LINE ( 'NONE', #159, #3009 ) ;
#397 = ORIENTED_EDGE ( 'NONE', *, *, #1084, .F. ) ;
#398 = CARTESIAN_POINT ( 'NONE',  ( -50.00000000000000711, -9.999999999999998224, -94.99999999999998579 ) ) ;
#399 = EDGE_CURVE ( 'NONE', #372, #2816, #1068, .T. ) ;
#400 = ORIENTED_EDGE ( 'NONE', *, *, #2840, .T. ) ;
#401 = DIRECTION ( 'NONE',  ( 0.000000000000000000, 0.000000000000000000, -1.000000000000000000 ) ) ;
#402 = ORIENTED_EDGE ( 'NONE', *, *, #2181, .T. ) ;
#403 = CARTESIAN_POINT ( 'NONE',  ( -40.00000000000000711, -30.00000000000000000, -99.99999999999998579 ) ) ;
#404 = ADVANCED_FACE ( 'NONE', ( #2328 ), #650, .T. ) ;
#405 = ORIENTED_EDGE ( 'NONE', *, *, #325, .F. ) ;
#406 = LINE ( 'NONE', #678, #978 ) ;
#407 = CIRCLE ( 'NONE', #1170, 10.00000000000000178 ) ;
#408 = AXIS2_PLACEMENT_3D ( 'NONE', #2955, #571, #1531 ) ;
#409 = ADVANCED_FACE ( 'NONE', ( #2663 ), #680, .T. ) ;
#410 = DIRECTION ( 'NONE',  ( -0.000000000000000000, 1.000000000000000000, -0.000000000000000000 ) ) ;
#411 = CYLINDRICAL_SURFACE ( 'NONE', #2082, 1.799999999999996048 ) ;
#412 = ORIENTED_EDGE ( 'NONE', *, *, #1773, .F. ) ;
#413 = CARTESIAN_POINT ( 'NONE',  ( -50.00000000000000000, -9.999999999999998224, -75.00000000000000000 ) ) ;
#414 = AXIS2_PLACEMENT_3D ( 'NONE', #430, #1713, #2120 ) ;
#415 = EDGE_CURVE ( 'NONE', #1380, #1431, #1877, .T. ) ;
#416 = ORIENTED_EDGE ( 'NONE', *, *, #2794, .F. ) ;
#417 = ORIENTED_EDGE ( 'NONE', *, *, #450, .T. ) ;
#418 = CARTESIAN_POINT ( 'NONE',  ( 0.000000000000000000, 15.00000000000000000, 0.000000000000000000 ) ) ;
#419 = ADVANCED_FACE ( 'NONE', ( #1637, #1282, #2436, #2245, #50 ), #1695, .F. ) ;
#420 = VERTEX_POINT ( 'NONE', #1958 ) ;
#421 = FACE_OUTER_BOUND ( 'NONE', #2288, .T. ) ;
#422 = ORIENTED_EDGE ( 'NONE', *, *, #1555, .T. ) ;
#423 = DIRECTION ( 'NONE',  ( 0.000000000000000000, 0.000000000000000000, 1.000000000000000000 ) ) ;
#424 = EDGE_CURVE ( 'NONE', #82, #2423, #2917, .T. ) ;
#425 = CARTESIAN_POINT ( 'NONE',  ( -0.000000000000000000, 12.00000000000000000, -5.000000000000000000 ) ) ;
#426 = VECTOR ( 'NONE', #1874, 1000.000000000000000 ) ;
#427 = VECTOR ( 'NONE', #2519, 1000.000000000000000 ) ;
#428 = CARTESIAN_POINT ( 'NONE',  ( -12.00000000000000000, 4.189777606611760026E-14, -10.00000000000000000 ) ) ;
#429 = ORIENTED_EDGE ( 'NONE', *, *, #2326, .F. ) ;
#430 = CARTESIAN_POINT ( 'NONE',  ( 0.000000000000000000, 12.00000000000000000, -10.00000000000000000 ) ) ;
#431 = LINE ( 'NONE', #180, #1609 ) ;
#432 = ORIENTED_EDGE ( 'NONE', *, *, #231, .T. ) ;
#433 = VERTEX_POINT ( 'NONE', #1409 ) ;
#434 = AXIS2_PLACEMENT_3D ( 'NONE', #2015, #589, #2973 ) ;
#435 = DIRECTION ( 'NONE',  ( -0.000000000000000000, 1.000000000000000000, -0.000000000000000000 ) ) ;
#436 = DIRECTION ( 'NONE',  ( 0.000000000000000000, 0.000000000000000000, 1.000000000000000000 ) ) ;
#437 = VECTOR ( 'NONE', #1358, 1000.000000000000000 ) ;
#438 = DIRECTION ( 'NONE',  ( -6.938893903907230350E-16, 0.000000000000000000, 1.000000000000000000 ) ) ;
#439 = ORIENTED_EDGE ( 'NONE', *, *, #275, .F. ) ;
#440 = CARTESIAN_POINT ( 'NONE',  ( -40.00000000000000711, -30.00000000000000000, -101.7999999999999829 ) ) ;
#441 = VECTOR ( 'NONE', #1839, 1000.000000000000000 ) ;
#442 = EDGE_CURVE ( 'NONE', #1881, #1683, #2675, .T. ) ;
#443 = LINE ( 'NONE', #7, #2648 ) ;
#444 = DIRECTION ( 'NONE',  ( 0.000000000000000000, 0.000000000000000000, 1.000000000000000000 ) ) ;
#445 = EDGE_LOOP ( 'NONE', ( #859, #253, #319, #1240 ) ) ;
#446 = DIRECTION ( 'NONE',  ( 0.000000000000000000, 0.000000000000000000, -1.000000000000000000 ) ) ;
#447 = LINE ( 'NONE', #1412, #1714 ) ;
#448 = ORIENTED_EDGE ( 'NONE', *, *, #316, .T. ) ;
#449 = ORIENTED_EDGE ( 'NONE', *, *, #2335, .T. ) ;
#450 = EDGE_CURVE ( 'NONE', #3025, #454, #3075, .T. ) ;
#451 = CARTESIAN_POINT ( 'NONE',  ( 40.00000000000000711, 9.999999999999998224, -105.0000000000000000 ) ) ;
#452 = CARTESIAN_POINT ( 'NONE',  ( 29.99999999999998934, 30.00000000000000000, -100.0000000000000000 ) ) ;
#453 = DIRECTION ( 'NONE',  ( -0.000000000000000000, 0.000000000000000000, 1.000000000000000000 ) ) ;
#454 = VERTEX_POINT ( 'NONE', #914 ) ;
#455 = PLANE ( 'NONE',  #2298 ) ;
#456 = CARTESIAN_POINT ( 'NONE',  ( 30.00000000000000711, 9.999999999999998224, -94.99999999999998579 ) ) ;
#457 = EDGE_CURVE ( 'NONE', #77, #8, #2127, .T. ) ;
#458 = AXIS2_PLACEMENT_3D ( 'NONE', #1983, #2237, #543 ) ;
#459 = ORIENTED_EDGE ( 'NONE', *, *, #886, .T. ) ;
#460 = DIRECTION ( 'NONE',  ( 0.000000000000000000, 1.000000000000000000, 0.000000000000000000 ) ) ;
#461 = EDGE_CURVE ( 'NONE', #1928, #1677, #2526, .T. ) ;
#462 = AXIS2_PLACEMENT_3D ( 'NONE', #2211, #2902, #753 ) ;
#463 = VERTEX_POINT ( 'NONE', #501 ) ;
#464 = ORIENTED_EDGE ( 'NONE', *, *, #597, .T. ) ;
#465 = DIRECTION ( 'NONE',  ( 0.000000000000000000, 0.000000000000000000, -1.000000000000000000 ) ) ;
#466 = AXIS2_PLACEMENT_3D ( 'NONE', #2017, #2975, #2926 ) ;
#467 = DIRECTION ( 'NONE',  ( 0.000000000000000000, 0.000000000000000000, -1.000000000000000000 ) ) ;
#468 = CARTESIAN_POINT ( 'NONE',  ( -40.00000000000000711, -30.00000000000000000, -69.99999999999998579 ) ) ;
#469 = EDGE_LOOP ( 'NONE', ( #166, #1584, #2393, #1604 ) ) ;
#470 = DIRECTION ( 'NONE',  ( -1.000000000000000000, 0.000000000000000000, 0.000000000000000000 ) ) ;
#471 = CARTESIAN_POINT ( 'NONE',  ( 12.00000000000000000, -1.256933281983528008E-13, -5.000000000000000000 ) ) ;
#472 = AXIS2_PLACEMENT_3D ( 'NONE', #2258, #2995, #834 ) ;
#473 = ORIENTED_EDGE ( 'NONE', *, *, #2356, .T. ) ;
#474 = CARTESIAN_POINT ( 'NONE',  ( -40.00000000000000711, -30.00000000000000000, -101.7999999999999829 ) ) ;
#475 = CIRCLE ( 'NONE', #1888, 1.799999999999996048 ) ;
#476 = ORIENTED_EDGE ( 'NONE', *, *, #902, .T. ) ;
#477 = ORIENTED_EDGE ( 'NONE', *, *, #192, .F. ) ;
#478 = EDGE_CURVE ( 'NONE', #2789, #915, #1991, .T. ) ;
#479 = CARTESIAN_POINT ( 'NONE',  ( -1.799999999999999822, 12.00000000000000000, -10.00000000000000000 ) ) ;
#480 = DIRECTION ( 'NONE',  ( 0.000000000000000000, 0.000000000000000000, 1.000000000000000000 ) ) ;
#481 = DIRECTION ( 'NONE',  ( 8.673617379884035472E-17, 0.000000000000000000, 1.000000000000000000 ) ) ;
#482 = CARTESIAN_POINT ( 'NONE',  ( -40.00000000000000711, 30.00000000000000000, -99.99999999999998579 ) ) ;
#483 = ORIENTED_EDGE ( 'NONE', *, *, #1726, .F. ) ;
#484 = LINE ( 'NONE', #3105, #2347 ) ;
#485 = AXIS2_PLACEMENT_3D ( 'NONE', #2268, #56, #122 ) ;
#486 = CIRCLE ( 'NONE', #2358, 1.799999999999996048 ) ;
#487 = APPLICATION_PROTOCOL_DEFINITION ( 'draft international standard', 'automotive_design', 1998, #2824 ) ;
#488 = ORIENTED_EDGE ( 'NONE', *, *, #1758, .T. ) ;
#489 = DIRECTION ( 'NONE',  ( 0.000000000000000000, 0.000000000000000000, 1.000000000000000000 ) ) ;
#490 = ORIENTED_EDGE ( 'NONE', *, *, #1346, .T. ) ;
#491 = VERTEX_POINT ( 'NONE', #994 ) ;
#492 = CARTESIAN_POINT ( 'NONE',  ( 50.00000000000000000, 30.00000000000000000, -1.836970198721029747E-14 ) ) ;
#493 = CARTESIAN_POINT ( 'NONE',  ( 40.00000000000000711, -30.00000000000000000, -68.20000000000000284 ) ) ;
#494 = ADVANCED_FACE ( 'NONE', ( #755 ), #2682, .T. ) ;
#495 = AXIS2_PLACEMENT_3D ( 'NONE', #2838, #2599, #436 ) ;
#496 = CARTESIAN_POINT ( 'NONE',  ( 50.00000000000000000, 9.999999999999998224, -75.00000000000000000 ) ) ;
#497 = DIRECTION ( 'NONE',  ( 0.000000000000000000, 0.000000000000000000, -1.000000000000000000 ) ) ;
#498 = EDGE_LOOP ( 'NONE', ( #26, #2484 ) ) ;
#499 = CARTESIAN_POINT ( 'NONE',  ( -10.20000000000000107, 4.189777606611760026E-14, -5.000000000000000000 ) ) ;
#500 = EDGE_CURVE ( 'NONE', #2601, #239, #2845, .T. ) ;
#501 = CARTESIAN_POINT ( 'NONE',  ( 50.00000000000000711, 9.999999999999998224, -100.0000000000000000 ) ) ;
#502 = CARTESIAN_POINT ( 'NONE',  ( 1.799999999999999822, -12.00000000000000000, -5.000000000000000000 ) ) ;
#503 = ADVANCED_FACE ( 'NONE', ( #2936 ), #773, .T. ) ;
#504 = ORIENTED_EDGE ( 'NONE', *, *, #2793, .T. ) ;
#505 = DIRECTION ( 'NONE',  ( -1.000000000000000000, 0.000000000000000000, 0.000000000000000000 ) ) ;
#506 = VECTOR ( 'NONE', #2346, 1000.000000000000000 ) ;
#507 = VECTOR ( 'NONE', #738, 1000.000000000000000 ) ;
#508 = VERTEX_POINT ( 'NONE', #2225 ) ;
#509 = AXIS2_PLACEMENT_3D ( 'NONE', #2776, #2297, #1811 ) ;
#510 = EDGE_LOOP ( 'NONE', ( #2093, #488, #2961, #2877 ) ) ;
#511 = DIRECTION ( 'NONE',  ( -0.000000000000000000, 1.000000000000000000, -0.000000000000000000 ) ) ;
#512 = EDGE_CURVE ( 'NONE', #2430, #2007, #66, .T. ) ;
#513 = CARTESIAN_POINT ( 'NONE',  ( 30.00000000000000711, -9.999999999999998224, -64.99999999999998579 ) ) ;
#514 = CARTESIAN_POINT ( 'NONE',  ( 40.00000000000000711, -30.00000000000000000, -99.99999999999998579 ) ) ;
#515 = ORIENTED_EDGE ( 'NONE', *, *, #252, .T. ) ;
#516 = CARTESIAN_POINT ( 'NONE',  ( 50.00000000000000711, 15.00000000000000000, -94.99999999999998579 ) ) ;
#517 = DIRECTION ( 'NONE',  ( -0.000000000000000000, 1.000000000000000000, -0.000000000000000000 ) ) ;
#518 = DIRECTION ( 'NONE',  ( 0.000000000000000000, 0.000000000000000000, 1.000000000000000000 ) ) ;
#519 = VECTOR ( 'NONE', #784, 1000.000000000000000 ) ;
#520 = STYLED_ITEM ( 'NONE', ( #2036 ), #993 ) ;
#521 = LINE ( 'NONE', #51, #823 ) ;
#522 = EDGE_CURVE ( 'NONE', #420, #2621, #2431, .T. ) ;
#523 = ORIENTED_EDGE ( 'NONE', *, *, #1607, .T. ) ;
#524 = DIRECTION ( 'NONE',  ( -0.000000000000000000, -0.000000000000000000, 1.000000000000000000 ) ) ;
#525 = ORIENTED_EDGE ( 'NONE', *, *, #2413, .F. ) ;
#526 = CIRCLE ( 'NONE', #3000, 1.799999999999996048 ) ;
#527 = DIRECTION ( 'NONE',  ( -3.469446951953615175E-16, 0.000000000000000000, -1.000000000000000000 ) ) ;
#528 = AXIS2_PLACEMENT_3D ( 'NONE', #1657, #2174, #985 ) ;
#529 = DIRECTION ( 'NONE',  ( -0.000000000000000000, -1.000000000000000000, 0.000000000000000000 ) ) ;
#530 = EDGE_LOOP ( 'NONE', ( #2414, #105 ) ) ;
#531 = LINE ( 'NONE', #19, #2849 ) ;
#532 = FACE_BOUND ( 'NONE', #2637, .T. ) ;
#533 = EDGE_LOOP ( 'NONE', ( #2586, #2033, #1141, #13 ) ) ;
#534 = DIRECTION ( 'NONE',  ( 0.000000000000000000, -0.000000000000000000, -1.000000000000000000 ) ) ;
#535 = DIRECTION ( 'NONE',  ( -0.000000000000000000, 1.000000000000000000, -0.000000000000000000 ) ) ;
#536 = AXIS2_PLACEMENT_3D ( 'NONE', #2218, #306, #542 ) ;
#537 = ADVANCED_FACE ( 'NONE', ( #2478 ), #2008, .T. ) ;
#538 = AXIS2_PLACEMENT_3D ( 'NONE', #2542, #2812, #3030 ) ;
#539 = ORIENTED_EDGE ( 'NONE', *, *, #2774, .F. ) ;
#540 = CARTESIAN_POINT ( 'NONE',  ( -30.00000000000000711, 9.999999999999998224, -74.99999999999998579 ) ) ;
#541 = EDGE_LOOP ( 'NONE', ( #321, #2178, #1515, #1595 ) ) ;
#542 = DIRECTION ( 'NONE',  ( 0.000000000000000000, 0.000000000000000000, -1.000000000000000000 ) ) ;
#543 = DIRECTION ( 'NONE',  ( 0.000000000000000000, 0.000000000000000000, 1.000000000000000000 ) ) ;
#544 = AXIS2_PLACEMENT_3D ( 'NONE', #1324, #1106, #2998 ) ;
#545 = CARTESIAN_POINT ( 'NONE',  ( 40.00000000000000711, -15.00000000000000000, -98.19999999999998863 ) ) ;
#546 = EDGE_CURVE ( 'NONE', #242, #227, #2742, .T. ) ;
#547 = ORIENTED_EDGE ( 'NONE', *, *, #1685, .T. ) ;
#548 = DIRECTION ( 'NONE',  ( -1.000000000000000000, 0.000000000000000000, -0.000000000000000000 ) ) ;
#549 = ORIENTED_EDGE ( 'NONE', *, *, #1859, .T. ) ;
#550 = DIRECTION ( 'NONE',  ( 0.000000000000000000, -1.000000000000000000, 0.000000000000000000 ) ) ;
#551 = CARTESIAN_POINT ( 'NONE',  ( 39.99999999999998579, -9.999999999999994671, -100.0000000000000000 ) ) ;
#552 = EDGE_CURVE ( 'NONE', #2816, #1176, #333, .T. ) ;
#553 = VERTEX_POINT ( 'NONE', #1762 ) ;
#554 = DIRECTION ( 'NONE',  ( 0.000000000000000000, 0.000000000000000000, 1.000000000000000000 ) ) ;
#555 = PRODUCT_RELATED_PRODUCT_CATEGORY ( 'part', '', ( #1153 ) ) ;
#556 = ORIENTED_EDGE ( 'NONE', *, *, #2438, .F. ) ;
#557 = CARTESIAN_POINT ( 'NONE',  ( 50.00000000000000711, -9.999999999999994671, -100.0000000000000000 ) ) ;
#558 = DIRECTION ( 'NONE',  ( 6.938893903907230350E-16, 0.000000000000000000, -1.000000000000000000 ) ) ;
#559 = EDGE_CURVE ( 'NONE', #198, #1348, #2727, .T. ) ;
#560 = CARTESIAN_POINT ( 'NONE',  ( -40.00000000000000711, -9.999999999999998224, -71.79999999999998295 ) ) ;
#561 = AXIS2_PLACEMENT_3D ( 'NONE', #1925, #2622, #2667 ) ;
#562 = VERTEX_POINT ( 'NONE', #2761 ) ;
#563 = DIRECTION ( 'NONE',  ( 0.000000000000000000, 1.000000000000000000, 0.000000000000000000 ) ) ;
#564 = CARTESIAN_POINT ( 'NONE',  ( 30.00000000000000711, -15.00000000000000000, -94.99999999999998579 ) ) ;
#565 = ORIENTED_EDGE ( 'NONE', *, *, #1967, .F. ) ;
#566 = DIRECTION ( 'NONE',  ( -0.000000000000000000, 1.000000000000000000, -0.000000000000000000 ) ) ;
#567 = DIRECTION ( 'NONE',  ( 1.000000000000000000, 0.000000000000000000, 0.000000000000000000 ) ) ;
#568 = CIRCLE ( 'NONE', #466, 1.799999999999996048 ) ;
#569 = CIRCLE ( 'NONE', #2684, 1.799999999999996048 ) ;
#570 = ORIENTED_EDGE ( 'NONE', *, *, #2410, .T. ) ;
#571 = DIRECTION ( 'NONE',  ( 0.000000000000000000, -1.000000000000000000, 0.000000000000000000 ) ) ;
#572 = ORIENTED_EDGE ( 'NONE', *, *, #839, .T. ) ;
#573 = CARTESIAN_POINT ( 'NONE',  ( 30.00000000000000711, 9.999999999999998224, -74.99999999999998579 ) ) ;
#574 = DIRECTION ( 'NONE',  ( -0.000000000000000000, -1.000000000000000000, -0.000000000000000000 ) ) ;
#575 = DIRECTION ( 'NONE',  ( -0.000000000000000000, -1.000000000000000000, -0.000000000000000000 ) ) ;
#576 = VECTOR ( 'NONE', #2193, 1000.000000000000000 ) ;
#577 = EDGE_CURVE ( 'NONE', #2423, #1242, #1904, .T. ) ;
#578 = VECTOR ( 'NONE', #2350, 1000.000000000000000 ) ;
#579 = ORIENTED_EDGE ( 'NONE', *, *, #2102, .F. ) ;
#580 = CARTESIAN_POINT ( 'NONE',  ( -50.00000000000000000, 30.00000000000000000, 0.000000000000000000 ) ) ;
#581 = DIRECTION ( 'NONE',  ( 0.000000000000000000, 1.000000000000000000, 0.000000000000000000 ) ) ;
#582 = ORIENTED_EDGE ( 'NONE', *, *, #3023, .F. ) ;
#583 = CARTESIAN_POINT ( 'NONE',  ( 40.00000000000000711, -30.00000000000000000, -71.79999999999998295 ) ) ;
#584 = DIRECTION ( 'NONE',  ( 0.000000000000000000, 0.000000000000000000, 1.000000000000000000 ) ) ;
#585 = EDGE_CURVE ( 'NONE', #151, #198, #2712, .T. ) ;
#586 = CIRCLE ( 'NONE', #2454, 1.799999999999996048 ) ;
#587 = DIRECTION ( 'NONE',  ( -0.000000000000000000, -0.000000000000000000, 1.000000000000000000 ) ) ;
#588 = VERTEX_POINT ( 'NONE', #376 ) ;
#589 = DIRECTION ( 'NONE',  ( -0.000000000000000000, 1.000000000000000000, -0.000000000000000000 ) ) ;
#590 = DIRECTION ( 'NONE',  ( 0.000000000000000000, 0.000000000000000000, 1.000000000000000000 ) ) ;
#591 = ORIENTED_EDGE ( 'NONE', *, *, #1666, .F. ) ;
#592 = DIRECTION ( 'NONE',  ( 2.081668171172168513E-15, 0.000000000000000000, -1.000000000000000000 ) ) ;
#593 = CARTESIAN_POINT ( 'NONE',  ( -30.00000000000000711, 9.999999999999998224, -64.99999999999998579 ) ) ;
#594 = ORIENTED_EDGE ( 'NONE', *, *, #2048, .F. ) ;
#595 = DIRECTION ( 'NONE',  ( 0.000000000000000000, 1.000000000000000000, 0.000000000000000000 ) ) ;
#596 = FACE_BOUND ( 'NONE', #1452, .T. ) ;
#597 = EDGE_CURVE ( 'NONE', #2865, #2184, #143, .T. ) ;
#598 = DIRECTION ( 'NONE',  ( 0.000000000000000000, 0.000000000000000000, 1.000000000000000000 ) ) ;
#599 = PRODUCT_DEFINITION_SHAPE ( 'NONE', 'NONE',  #1536 ) ;
#600 = FACE_OUTER_BOUND ( 'NONE', #907, .T. ) ;
#601 = VERTEX_POINT ( 'NONE', #1043 ) ;
#602 = LINE ( 'NONE', #1050, #988 ) ;
#603 = DIRECTION ( 'NONE',  ( 0.000000000000000000, 0.000000000000000000, 1.000000000000000000 ) ) ;
#604 = ORIENTED_EDGE ( 'NONE', *, *, #2417, .F. ) ;
#605 = VERTEX_POINT ( 'NONE', #1295 ) ;
#606 = CARTESIAN_POINT ( 'NONE',  ( 39.99999999999998579, 30.00000000000000000, -100.0000000000000000 ) ) ;
#607 = EDGE_CURVE ( 'NONE', #2209, #795, #1355, .T. ) ;
#608 = FACE_BOUND ( 'NONE', #2360, .T. ) ;
#609 = VECTOR ( 'NONE', #2409, 1000.000000000000000 ) ;
#610 = EDGE_LOOP ( 'NONE', ( #947, #949, #1232, #1499, #2997 ) ) ;
#611 = CARTESIAN_POINT ( 'NONE',  ( -50.00000000000000000, -15.00000000000000000, -75.00000000000000000 ) ) ;
#612 = DIRECTION ( 'NONE',  ( 0.000000000000000000, 0.000000000000000000, -1.000000000000000000 ) ) ;
#613 = CIRCLE ( 'NONE', #1563, 1.799999999999996048 ) ;
#614 = CIRCLE ( 'NONE', #3080, 1.799999999999999822 ) ;
#615 = ADVANCED_FACE ( 'NONE', ( #358 ), #1543, .F. ) ;
#616 = CYLINDRICAL_SURFACE ( 'NONE', #2754, 17.50000000000000355 ) ;
#617 = CIRCLE ( 'NONE', #68, 1.799999999999996048 ) ;
#618 = AXIS2_PLACEMENT_3D ( 'NONE', #1483, #301, #776 ) ;
#619 = ORIENTED_EDGE ( 'NONE', *, *, #442, .F. ) ;
#620 = AXIS2_PLACEMENT_3D ( 'NONE', #1787, #575, #1052 ) ;
#621 = CARTESIAN_POINT ( 'NONE',  ( 49.99999999999997158, 30.00000000000000000, -100.0000000000000000 ) ) ;
#622 = EDGE_LOOP ( 'NONE', ( #1479, #942, #2548, #1457 ) ) ;
#623 = ORIENTED_EDGE ( 'NONE', *, *, #1207, .F. ) ;
#624 = CARTESIAN_POINT ( 'NONE',  ( 49.99999999999997158, 15.00000000000000000, -75.00000000000000000 ) ) ;
#625 = DIRECTION ( 'NONE',  ( 0.000000000000000000, 0.000000000000000000, -1.000000000000000000 ) ) ;
#626 = VECTOR ( 'NONE', #786, 1000.000000000000000 ) ;
#627 = ORIENTED_EDGE ( 'NONE', *, *, #1685, .F. ) ;
#628 = LINE ( 'NONE', #611, #2864 ) ;
#629 = ORIENTED_EDGE ( 'NONE', *, *, #729, .T. ) ;
#630 = LINE ( 'NONE', #394, #877 ) ;
#631 = CIRCLE ( 'NONE', #2042, 1.799999999999999822 ) ;
#632 = PLANE ( 'NONE',  #538 ) ;
#633 = EDGE_CURVE ( 'NONE', #1181, #1865, #3110, .T. ) ;
#634 = DIRECTION ( 'NONE',  ( -0.000000000000000000, -1.000000000000000000, -0.000000000000000000 ) ) ;
#635 = ORIENTED_EDGE ( 'NONE', *, *, #298, .T. ) ;
#636 = LINE ( 'NONE', #3005, #2575 ) ;
#637 = VECTOR ( 'NONE', #1547, 1000.000000000000000 ) ;
#638 = EDGE_CURVE ( 'NONE', #1181, #1614, #853, .T. ) ;
#639 = ORIENTED_EDGE ( 'NONE', *, *, #2419, .F. ) ;
#640 = EDGE_LOOP ( 'NONE', ( #2497, #124, #3053, #351 ) ) ;
#641 = DIRECTION ( 'NONE',  ( 0.000000000000000000, 0.000000000000000000, 1.000000000000000000 ) ) ;
#642 = EDGE_CURVE ( 'NONE', #1960, #2369, #83, .T. ) ;
#643 = VERTEX_POINT ( 'NONE', #1823 ) ;
#644 = DIRECTION ( 'NONE',  ( 0.000000000000000000, 1.000000000000000000, 0.000000000000000000 ) ) ;
#645 = ORIENTED_EDGE ( 'NONE', *, *, #2967, .T. ) ;
#646 = DIRECTION ( 'NONE',  ( 0.000000000000000000, 0.000000000000000000, 1.000000000000000000 ) ) ;
#647 = CARTESIAN_POINT ( 'NONE',  ( 12.00000000000000000, -1.256933281983528008E-13, -10.00000000000000000 ) ) ;
#648 = ADVANCED_FACE ( 'NONE', ( #2038 ), #1058, .F. ) ;
#649 = VECTOR ( 'NONE', #248, 1000.000000000000000 ) ;
#650 = PLANE ( 'NONE',  #1469 ) ;
#651 = VERTEX_POINT ( 'NONE', #2022 ) ;
#652 = EDGE_CURVE ( 'NONE', #304, #1217, #837, .T. ) ;
#653 = DIRECTION ( 'NONE',  ( 0.000000000000000000, 0.000000000000000000, 1.000000000000000000 ) ) ;
#654 = VERTEX_POINT ( 'NONE', #1808 ) ;
#655 = VERTEX_POINT ( 'NONE', #347 ) ;
#656 = EDGE_CURVE ( 'NONE', #601, #2624, #946, .T. ) ;
#657 = CARTESIAN_POINT ( 'NONE',  ( 39.99999999999998579, 30.00000000000000000, -110.0000000000000000 ) ) ;
#658 = LINE ( 'NONE', #2788, #2956 ) ;
#659 = ORIENTED_EDGE ( 'NONE', *, *, #1108, .F. ) ;
#660 = DIRECTION ( 'NONE',  ( 0.000000000000000000, 0.000000000000000000, 1.000000000000000000 ) ) ;
#661 = ORIENTED_EDGE ( 'NONE', *, *, #2005, .F. ) ;
#662 = CARTESIAN_POINT ( 'NONE',  ( 50.00000000000000711, -15.00000000000000000, -105.0000000000000000 ) ) ;
#663 = AXIS2_PLACEMENT_3D ( 'NONE', #451, #2160, #3113 ) ;
#664 = AXIS2_PLACEMENT_3D ( 'NONE', #2212, #518, #2449 ) ;
#665 = VECTOR ( 'NONE', #3078, 1000.000000000000000 ) ;
#666 = CARTESIAN_POINT ( 'NONE',  ( 29.99999999999998934, 15.00000000000000000, -94.99999999999998579 ) ) ;
#667 = ORIENTED_EDGE ( 'NONE', *, *, #1443, .T. ) ;
#668 = CARTESIAN_POINT ( 'NONE',  ( 40.00000000000000711, 9.999999999999994671, -71.79999999999998295 ) ) ;
#669 = CARTESIAN_POINT ( 'NONE',  ( -40.00000000000000711, -30.00000000000000000, -99.99999999999998579 ) ) ;
#670 = EDGE_LOOP ( 'NONE', ( #18, #2157, #2522, #405, #416 ) ) ;
#671 = ORIENTED_EDGE ( 'NONE', *, *, #2851, .T. ) ;
#672 = DIRECTION ( 'NONE',  ( 0.000000000000000000, 0.000000000000000000, -1.000000000000000000 ) ) ;
#673 = FACE_OUTER_BOUND ( 'NONE', #1182, .T. ) ;
#674 = EDGE_CURVE ( 'NONE', #1431, #245, #628, .T. ) ;
#675 = EDGE_LOOP ( 'NONE', ( #338, #692, #982, #216 ) ) ;
#676 = DIRECTION ( 'NONE',  ( -0.000000000000000000, 1.000000000000000000, -0.000000000000000000 ) ) ;
#677 = ORIENTED_EDGE ( 'NONE', *, *, #1810, .T. ) ;
#678 = CARTESIAN_POINT ( 'NONE',  ( -50.00000000000000711, -15.00000000000000000, -105.0000000000000000 ) ) ;
#679 = AXIS2_PLACEMENT_3D ( 'NONE', #418, #2094, #1131 ) ;
#680 = CYLINDRICAL_SURFACE ( 'NONE', #1868, 9.999999999999994671 ) ;
#681 = ORIENTED_EDGE ( 'NONE', *, *, #2603, .F. ) ;
#682 = FACE_OUTER_BOUND ( 'NONE', #1146, .T. ) ;
#683 = DIRECTION ( 'NONE',  ( -0.000000000000000000, 1.000000000000000000, -0.000000000000000000 ) ) ;
#684 = EDGE_LOOP ( 'NONE', ( #635, #2885, #1746, #2267, #880, #1354, #281, #1360, #1271, #1031, #2481, #1854 ) ) ;
#685 = ORIENTED_EDGE ( 'NONE', *, *, #3114, .F. ) ;
#686 = CIRCLE ( 'NONE', #1945, 1.799999999999996048 ) ;
#687 = DIRECTION ( 'NONE',  ( 1.000000000000000000, 0.000000000000000000, 0.000000000000000000 ) ) ;
#688 = LINE ( 'NONE', #168, #775 ) ;
#689 = LINE ( 'NONE', #1646, #2136 ) ;
#690 =( GEOMETRIC_REPRESENTATION_CONTEXT ( 3 ) GLOBAL_UNCERTAINTY_ASSIGNED_CONTEXT ( ( #849 ) ) GLOBAL_UNIT_ASSIGNED_CONTEXT ( ( #707, #1154, #2633 ) ) REPRESENTATION_CONTEXT ( 'NONE', 'WORKASPACE' ) );
#691 = DIRECTION ( 'NONE',  ( 1.000000000000000000, 0.000000000000000000, 0.000000000000000000 ) ) ;
#692 = ORIENTED_EDGE ( 'NONE', *, *, #54, .T. ) ;
#693 = PLANE ( 'NONE',  #1237 ) ;
#694 = ADVANCED_FACE ( 'NONE', ( #2982 ), #1310, .T. ) ;
#695 = EDGE_CURVE ( 'NONE', #2986, #2139, #1298, .T. ) ;
#696 = ORIENTED_EDGE ( 'NONE', *, *, #2417, .T. ) ;
#697 = CARTESIAN_POINT ( 'NONE',  ( 50.00000000000000000, -15.00000000000000000, -64.99999999999998579 ) ) ;
#698 = ORIENTED_EDGE ( 'NONE', *, *, #2390, .T. ) ;
#699 = ORIENTED_EDGE ( 'NONE', *, *, #2171, .T. ) ;
#700 = DIRECTION ( 'NONE',  ( 0.000000000000000000, 0.000000000000000000, -1.000000000000000000 ) ) ;
#701 = DIRECTION ( 'NONE',  ( 0.000000000000000000, 1.000000000000000000, 0.000000000000000000 ) ) ;
#702 = DIRECTION ( 'NONE',  ( 0.000000000000000000, 0.000000000000000000, 1.000000000000000000 ) ) ;
#703 = ORIENTED_EDGE ( 'NONE', *, *, #872, .F. ) ;
#704 = DIRECTION ( 'NONE',  ( 0.000000000000000000, -1.000000000000000000, 0.000000000000000000 ) ) ;
#705 = EDGE_CURVE ( 'NONE', #553, #964, #2600, .T. ) ;
#706 = DIRECTION ( 'NONE',  ( -0.000000000000000000, 0.000000000000000000, -1.000000000000000000 ) ) ;
#707 =( LENGTH_UNIT ( ) NAMED_UNIT ( * ) SI_UNIT ( .MILLI., .METRE. ) );
#708 = CIRCLE ( 'NONE', #2124, 1.799999999999996048 ) ;
#709 = EDGE_CURVE ( 'NONE', #964, #1503, #995, .T. ) ;
#710 = ORIENTED_EDGE ( 'NONE', *, *, #88, .F. ) ;
#711 = CARTESIAN_POINT ( 'NONE',  ( 39.99999999999998579, -30.00000000000000000, -100.0000000000000000 ) ) ;
#712 = VERTEX_POINT ( 'NONE', #1386 ) ;
#713 = ORIENTED_EDGE ( 'NONE', *, *, #252, .F. ) ;
#714 = CARTESIAN_POINT ( 'NONE',  ( 19.99999999999999645, 30.00000000000000000, -30.00000000000000000 ) ) ;
#715 = VECTOR ( 'NONE', #2071, 1000.000000000000000 ) ;
#716 = CIRCLE ( 'NONE', #1670, 1.799999999999996048 ) ;
#717 = DIRECTION ( 'NONE',  ( 0.000000000000000000, 0.000000000000000000, 1.000000000000000000 ) ) ;
#718 = DIRECTION ( 'NONE',  ( 0.000000000000000000, 0.000000000000000000, 1.000000000000000000 ) ) ;
#719 = ORIENTED_EDGE ( 'NONE', *, *, #270, .T. ) ;
#720 = LINE ( 'NONE', #282, #274 ) ;
#721 = PRODUCT_CONTEXT ( 'NONE', #2824, 'mechanical' ) ;
#722 = VECTOR ( 'NONE', #2325, 1000.000000000000000 ) ;
#723 = ORIENTED_EDGE ( 'NONE', *, *, #224, .F. ) ;
#724 = DIRECTION ( 'NONE',  ( 0.000000000000000000, -0.000000000000000000, 1.000000000000000000 ) ) ;
#725 = ADVANCED_FACE ( 'NONE', ( #186 ), #1370, .T. ) ;
#726 = ORIENTED_EDGE ( 'NONE', *, *, #522, .T. ) ;
#727 = ORIENTED_EDGE ( 'NONE', *, *, #1671, .F. ) ;
#728 = DIRECTION ( 'NONE',  ( 0.000000000000000000, 0.000000000000000000, 1.000000000000000000 ) ) ;
#729 = EDGE_CURVE ( 'NONE', #2748, #2785, #2839, .T. ) ;
#730 = CARTESIAN_POINT ( 'NONE',  ( 0.000000000000000000, 0.000000000000000000, -110.0000000000000000 ) ) ;
#731 = CARTESIAN_POINT ( 'NONE',  ( 40.00000000000000711, 9.999999999999994671, -68.20000000000000284 ) ) ;
#732 = LINE ( 'NONE', #1932, #1018 ) ;
#733 = EDGE_LOOP ( 'NONE', ( #1064, #1338, #726, #38 ) ) ;
#734 = CYLINDRICAL_SURFACE ( 'NONE', #1484, 17.50000000000000355 ) ;
#735 = ADVANCED_FACE ( 'NONE', ( #1167 ), #2338, .T. ) ;
#736 = DIRECTION ( 'NONE',  ( -0.000000000000000000, 1.000000000000000000, -0.000000000000000000 ) ) ;
#737 = PRODUCT_DEFINITION_FORMATION_WITH_SPECIFIED_SOURCE ( 'ANY', '', #1153, .NOT_KNOWN. ) ;
#738 = DIRECTION ( 'NONE',  ( -1.000000000000000000, 0.000000000000000000, -6.938893903907229364E-16 ) ) ;
#739 = AXIS2_PLACEMENT_3D ( 'NONE', #1120, #2571, #3088 ) ;
#740 = CARTESIAN_POINT ( 'NONE',  ( -40.00000000000000000, 30.00000000000000000, -1.836970198721029983E-15 ) ) ;
#741 = VERTEX_POINT ( 'NONE', #2114 ) ;
#742 = FACE_BOUND ( 'NONE', #2515, .T. ) ;
#743 = ADVANCED_FACE ( 'NONE', ( #1615 ), #3103, .F. ) ;
#744 = ORIENTED_EDGE ( 'NONE', *, *, #794, .T. ) ;
#745 = VERTEX_POINT ( 'NONE', #1404 ) ;
#746 = LINE ( 'NONE', #2881, #1589 ) ;
#747 = DIRECTION ( 'NONE',  ( 0.000000000000000000, 0.000000000000000000, -1.000000000000000000 ) ) ;
#748 = CARTESIAN_POINT ( 'NONE',  ( 30.00000000000000711, -9.999999999999998224, -74.99999999999998579 ) ) ;
#749 = LINE ( 'NONE', #1707, #2132 ) ;
#750 = EDGE_CURVE ( 'NONE', #2555, #150, #1872, .T. ) ;
#751 = EDGE_LOOP ( 'NONE', ( #1394, #1011, #504, #1784 ) ) ;
#752 = DIRECTION ( 'NONE',  ( -0.000000000000000000, -1.000000000000000000, -0.000000000000000000 ) ) ;
#753 = DIRECTION ( 'NONE',  ( 0.000000000000000000, -0.000000000000000000, -1.000000000000000000 ) ) ;
#754 = ORIENTED_EDGE ( 'NONE', *, *, #79, .F. ) ;
#755 = FACE_OUTER_BOUND ( 'NONE', #1643, .T. ) ;
#756 = CARTESIAN_POINT ( 'NONE',  ( -50.00000000000000000, 9.999999999999998224, -64.99999999999998579 ) ) ;
#757 = ORIENTED_EDGE ( 'NONE', *, *, #415, .T. ) ;
#758 = CARTESIAN_POINT ( 'NONE',  ( -30.00000000000000711, 15.00000000000000000, -74.99999999999998579 ) ) ;
#759 = CIRCLE ( 'NONE', #1421, 1.799999999999999822 ) ;
#760 = VECTOR ( 'NONE', #2951, 1000.000000000000000 ) ;
#761 = VERTEX_POINT ( 'NONE', #1186 ) ;
#762 = CIRCLE ( 'NONE', #2932, 9.999999999999994671 ) ;
#763 = DIRECTION ( 'NONE',  ( 0.000000000000000000, 1.000000000000000000, -0.000000000000000000 ) ) ;
#764 = AXIS2_PLACEMENT_3D ( 'NONE', #2167, #5, #1465 ) ;
#765 = LINE ( 'NONE', #2692, #1979 ) ;
#766 = PLANE ( 'NONE',  #764 ) ;
#767 = ORIENTED_EDGE ( 'NONE', *, *, #1717, .T. ) ;
#768 = LINE ( 'NONE', #2886, #2496 ) ;
#769 = VECTOR ( 'NONE', #2213, 1000.000000000000000 ) ;
#770 = EDGE_CURVE ( 'NONE', #1873, #2696, #486, .T. ) ;
#771 = CARTESIAN_POINT ( 'NONE',  ( 50.00000000000000000, 9.999999999999998224, -75.00000000000000000 ) ) ;
#772 = ORIENTED_EDGE ( 'NONE', *, *, #2277, .T. ) ;
#773 = CYLINDRICAL_SURFACE ( 'NONE', #2026, 9.999999999999994671 ) ;
#774 = AXIS2_PLACEMENT_3D ( 'NONE', #16, #2868, #261 ) ;
#775 = VECTOR ( 'NONE', #374, 1000.000000000000000 ) ;
#776 = DIRECTION ( 'NONE',  ( 0.000000000000000000, 0.000000000000000000, 1.000000000000000000 ) ) ;
#777 = EDGE_LOOP ( 'NONE', ( #2391, #2446 ) ) ;
#778 = CARTESIAN_POINT ( 'NONE',  ( 40.00000000000000711, -30.00000000000000000, -101.7999999999999829 ) ) ;
#779 = ADVANCED_FACE ( 'NONE', ( #1855 ), #2821, .F. ) ;
#780 = EDGE_LOOP ( 'NONE', ( #894, #1846, #2817, #483, #259 ) ) ;
#781 = CARTESIAN_POINT ( 'NONE',  ( -30.00000000000000711, -9.999999999999998224, -64.99999999999998579 ) ) ;
#782 = DIRECTION ( 'NONE',  ( 0.000000000000000000, 1.000000000000000000, 0.000000000000000000 ) ) ;
#783 = CIRCLE ( 'NONE', #2544, 1.799999999999996048 ) ;
#784 = DIRECTION ( 'NONE',  ( 1.000000000000000000, 0.000000000000000000, -6.938893903907229364E-16 ) ) ;
#785 = ORIENTED_EDGE ( 'NONE', *, *, #2653, .F. ) ;
#786 = DIRECTION ( 'NONE',  ( -0.000000000000000000, -1.000000000000000000, -0.000000000000000000 ) ) ;
#787 = EDGE_CURVE ( 'NONE', #335, #643, #2757, .T. ) ;
#788 = SURFACE_STYLE_USAGE ( .BOTH. , #804 ) ;
#789 = ORIENTED_EDGE ( 'NONE', *, *, #2745, .T. ) ;
#790 = CARTESIAN_POINT ( 'NONE',  ( -40.00000000000000711, -15.00000000000000000, -69.99999999999998579 ) ) ;
#791 = ADVANCED_FACE ( 'NONE', ( #421 ), #1889, .F. ) ;
#792 = DIRECTION ( 'NONE',  ( -0.000000000000000000, -1.000000000000000000, -0.000000000000000000 ) ) ;
#793 = AXIS2_PLACEMENT_3D ( 'NONE', #1785, #2750, #352 ) ;
#794 = EDGE_CURVE ( 'NONE', #2986, #1942, #2383, .T. ) ;
#795 = VERTEX_POINT ( 'NONE', #1903 ) ;
#796 = CARTESIAN_POINT ( 'NONE',  ( -50.00000000000000000, -9.999999999999998224, -64.99999999999998579 ) ) ;
#797 = ORIENTED_EDGE ( 'NONE', *, *, #882, .F. ) ;
#798 = DIRECTION ( 'NONE',  ( -0.000000000000000000, -0.000000000000000000, 1.000000000000000000 ) ) ;
#799 = DIRECTION ( 'NONE',  ( 0.000000000000000000, 0.000000000000000000, 1.000000000000000000 ) ) ;
#800 = VECTOR ( 'NONE', #566, 1000.000000000000000 ) ;
#801 = DIRECTION ( 'NONE',  ( 0.000000000000000000, 0.000000000000000000, -1.000000000000000000 ) ) ;
#802 = ORIENTED_EDGE ( 'NONE', *, *, #1967, .T. ) ;
#803 = FACE_OUTER_BOUND ( 'NONE', #2535, .T. ) ;
#804 = SURFACE_SIDE_STYLE ('',( #1744 ) ) ;
#805 = ORIENTED_EDGE ( 'NONE', *, *, #1749, .F. ) ;
#806 = DIRECTION ( 'NONE',  ( -0.000000000000000000, 1.000000000000000000, -0.000000000000000000 ) ) ;
#807 = CARTESIAN_POINT ( 'NONE',  ( 50.00000000000000000, 9.999999999999998224, -64.99999999999998579 ) ) ;
#808 = ORIENTED_EDGE ( 'NONE', *, *, #1664, .T. ) ;
#809 = CARTESIAN_POINT ( 'NONE',  ( 40.00000000000000711, 15.00000000000000000, -69.99999999999998579 ) ) ;
#810 = ADVANCED_FACE ( 'NONE', ( #1659 ), #2629, .F. ) ;
#811 = ORIENTED_EDGE ( 'NONE', *, *, #2426, .T. ) ;
#812 = CARTESIAN_POINT ( 'NONE',  ( 50.00000000000000711, 9.999999999999998224, -105.0000000000000000 ) ) ;
#813 = DIRECTION ( 'NONE',  ( 0.000000000000000000, 1.000000000000000000, -0.000000000000000000 ) ) ;
#814 = VECTOR ( 'NONE', #2362, 1000.000000000000000 ) ;
#815 = LINE ( 'NONE', #1260, #519 ) ;
#816 = AXIS2_PLACEMENT_3D ( 'NONE', #1896, #724, #1682 ) ;
#817 = ORIENTED_EDGE ( 'NONE', *, *, #1533, .T. ) ;
#818 = CARTESIAN_POINT ( 'NONE',  ( -30.00000000000000711, -30.00000000000000000, -99.99999999999998579 ) ) ;
#819 = DIRECTION ( 'NONE',  ( 0.000000000000000000, 0.000000000000000000, 1.000000000000000000 ) ) ;
#820 = EDGE_LOOP ( 'NONE', ( #2153, #2003, #2934, #1371 ) ) ;
#821 = DIRECTION ( 'NONE',  ( -0.000000000000000000, -1.000000000000000000, -0.000000000000000000 ) ) ;
#822 = DIRECTION ( 'NONE',  ( -0.000000000000000000, -0.000000000000000000, 1.000000000000000000 ) ) ;
#823 = VECTOR ( 'NONE', #22, 1000.000000000000000 ) ;
#824 = DIRECTION ( 'NONE',  ( -0.000000000000000000, -1.000000000000000000, -0.000000000000000000 ) ) ;
#825 = VERTEX_POINT ( 'NONE', #3041 ) ;
#826 = EDGE_CURVE ( 'NONE', #109, #1569, #189, .T. ) ;
#827 = CARTESIAN_POINT ( 'NONE',  ( 40.00000000000000711, -9.999999999999998224, -98.19999999999998863 ) ) ;
#828 = CARTESIAN_POINT ( 'NONE',  ( 50.00000000000000000, 9.999999999999998224, -75.00000000000000000 ) ) ;
#829 = CYLINDRICAL_SURFACE ( 'NONE', #620, 9.999999999999994671 ) ;
#830 = VECTOR ( 'NONE', #1891, 1000.000000000000000 ) ;
#831 = AXIS2_PLACEMENT_3D ( 'NONE', #2867, #1448, #2380 ) ;
#832 = EDGE_LOOP ( 'NONE', ( #2407, #1444, #922, #2110 ) ) ;
#833 = ADVANCED_FACE ( 'NONE', ( #2429 ), #33, .T. ) ;
#834 = DIRECTION ( 'NONE',  ( 1.000000000000000000, 0.000000000000000000, 0.000000000000000000 ) ) ;
#835 = LINE ( 'NONE', #1551, #2441 ) ;
#836 = ORIENTED_EDGE ( 'NONE', *, *, #2872, .F. ) ;
#837 = LINE ( 'NONE', #1339, #2314 ) ;
#838 = CARTESIAN_POINT ( 'NONE',  ( 40.00000000000000711, -15.00000000000000000, -69.99999999999998579 ) ) ;
#839 = EDGE_CURVE ( 'NONE', #1865, #1181, #614, .T. ) ;
#840 = DIRECTION ( 'NONE',  ( -3.854941057726238689E-15, -1.000000000000000000, 0.000000000000000000 ) ) ;
#841 = CIRCLE ( 'NONE', #1196, 1.799999999999996048 ) ;
#842 = DIRECTION ( 'NONE',  ( -0.000000000000000000, 1.000000000000000000, -0.000000000000000000 ) ) ;
#843 = EDGE_LOOP ( 'NONE', ( #1520, #24, #2536, #2352 ) ) ;
#844 = EDGE_CURVE ( 'NONE', #2630, #761, #1917, .T. ) ;
#845 = CARTESIAN_POINT ( 'NONE',  ( 50.00000000000000711, 9.999999999999998224, -94.99999999999998579 ) ) ;
#846 = CARTESIAN_POINT ( 'NONE',  ( 50.00000000000000711, -9.999999999999998224, -94.99999999999998579 ) ) ;
#847 = EDGE_LOOP ( 'NONE', ( #858, #2249, #2406, #3082 ) ) ;
#848 = CARTESIAN_POINT ( 'NONE',  ( 39.99999999999998579, 15.00000000000000000, -110.0000000000000000 ) ) ;
#849 = UNCERTAINTY_MEASURE_WITH_UNIT (LENGTH_MEASURE( 1.000000000000000082E-05 ), #707, 'distance_accuracy_value', 'NONE');
#850 = CYLINDRICAL_SURFACE ( 'NONE', #268, 1.799999999999996048 ) ;
#851 = EDGE_CURVE ( 'NONE', #1348, #1242, #2899, .T. ) ;
#852 = ORIENTED_EDGE ( 'NONE', *, *, #2985, .T. ) ;
#853 = LINE ( 'NONE', #99, #1751 ) ;
#854 = DIRECTION ( 'NONE',  ( 0.000000000000000000, 0.000000000000000000, 1.000000000000000000 ) ) ;
#855 = DIRECTION ( 'NONE',  ( 0.000000000000000000, 0.000000000000000000, 1.000000000000000000 ) ) ;
#856 = ORIENTED_EDGE ( 'NONE', *, *, #2781, .F. ) ;
#857 = DIRECTION ( 'NONE',  ( -0.000000000000000000, -0.000000000000000000, 1.000000000000000000 ) ) ;
#858 = ORIENTED_EDGE ( 'NONE', *, *, #1541, .F. ) ;
#859 = ORIENTED_EDGE ( 'NONE', *, *, #1962, .T. ) ;
#860 = DIRECTION ( 'NONE',  ( 0.000000000000000000, 1.000000000000000000, -0.000000000000000000 ) ) ;
#861 = CARTESIAN_POINT ( 'NONE',  ( 29.99999999999999645, 30.00000000000000000, -30.00000000000000000 ) ) ;
#862 = ORIENTED_EDGE ( 'NONE', *, *, #2815, .F. ) ;
#863 = CARTESIAN_POINT ( 'NONE',  ( 0.000000000000000000, 12.00000000000000000, -10.00000000000000000 ) ) ;
#864 = ORIENTED_EDGE ( 'NONE', *, *, #399, .F. ) ;
#865 = CARTESIAN_POINT ( 'NONE',  ( 0.000000000000000000, 0.000000000000000000, -20.00000000000000355 ) ) ;
#866 = EDGE_CURVE ( 'NONE', #1865, #147, #732, .T. ) ;
#867 = LINE ( 'NONE', #2070, #2206 ) ;
#868 = VECTOR ( 'NONE', #1266, 1000.000000000000000 ) ;
#869 = LINE ( 'NONE', #2300, #2828 ) ;
#870 = VERTEX_POINT ( 'NONE', #1216 ) ;
#871 = DIRECTION ( 'NONE',  ( -0.000000000000000000, -1.000000000000000000, -0.000000000000000000 ) ) ;
#872 = EDGE_CURVE ( 'NONE', #2364, #1113, #2928, .T. ) ;
#873 = VERTEX_POINT ( 'NONE', #2412 ) ;
#874 = EDGE_LOOP ( 'NONE', ( #2666, #2638, #671, #2920 ) ) ;
#875 = DIRECTION ( 'NONE',  ( 0.000000000000000000, -0.000000000000000000, 1.000000000000000000 ) ) ;
#876 = CARTESIAN_POINT ( 'NONE',  ( -40.00000000000000711, 9.999999999999994671, -99.99999999999998579 ) ) ;
#877 = VECTOR ( 'NONE', #1587, 1000.000000000000000 ) ;
#878 = VERTEX_POINT ( 'NONE', #2177 ) ;
#879 = CARTESIAN_POINT ( 'NONE',  ( 40.00000000000000711, 30.00000000000000000, -99.99999999999998579 ) ) ;
#880 = ORIENTED_EDGE ( 'NONE', *, *, #559, .T. ) ;
#881 = FACE_OUTER_BOUND ( 'NONE', #1923, .T. ) ;
#882 = EDGE_CURVE ( 'NONE', #2711, #932, #1719, .T. ) ;
#883 = VECTOR ( 'NONE', #511, 1000.000000000000000 ) ;
#884 = EDGE_CURVE ( 'NONE', #825, #2107, #65, .T. ) ;
#885 = CARTESIAN_POINT ( 'NONE',  ( 0.000000000000000000, 0.000000000000000000, -5.000000000000000000 ) ) ;
#886 = EDGE_CURVE ( 'NONE', #271, #1799, #361, .T. ) ;
#887 = LINE ( 'NONE', #2545, #715 ) ;
#888 = ORIENTED_EDGE ( 'NONE', *, *, #1307, .F. ) ;
#889 = DIRECTION ( 'NONE',  ( -0.000000000000000000, 0.000000000000000000, -1.000000000000000000 ) ) ;
#890 = AXIS2_PLACEMENT_3D ( 'NONE', #2720, #2958, #1504 ) ;
#891 = AXIS2_PLACEMENT_3D ( 'NONE', #2585, #2809, #2857 ) ;
#892 = VERTEX_POINT ( 'NONE', #1 ) ;
#893 = DIRECTION ( 'NONE',  ( 1.000000000000000000, 0.000000000000000000, 0.000000000000000000 ) ) ;
#894 = ORIENTED_EDGE ( 'NONE', *, *, #1521, .T. ) ;
#895 = CARTESIAN_POINT ( 'NONE',  ( -50.00000000000000000, -9.999999999999998224, -75.00000000000000000 ) ) ;
#896 = EDGE_LOOP ( 'NONE', ( #128, #2589, #1473, #244 ) ) ;
#897 = LINE ( 'NONE', #1857, #76 ) ;
#898 = DIRECTION ( 'NONE',  ( 0.000000000000000000, 0.000000000000000000, 1.000000000000000000 ) ) ;
#899 = CIRCLE ( 'NONE', #495, 9.999999999999994671 ) ;
#900 = EDGE_LOOP ( 'NONE', ( #1895, #1617, #713, #161, #2862, #1075, #302, #2452, #2893, #2125, #785, #2063 ) ) ;
#901 = CARTESIAN_POINT ( 'NONE',  ( 40.00000000000000711, -30.00000000000000000, -99.99999999999998579 ) ) ;
#902 = EDGE_CURVE ( 'NONE', #2348, #1163, #1461, .T. ) ;
#903 = ORIENTED_EDGE ( 'NONE', *, *, #2514, .T. ) ;
#904 = ORIENTED_EDGE ( 'NONE', *, *, #1576, .F. ) ;
#905 = FACE_BOUND ( 'NONE', #2354, .T. ) ;
#906 = DIRECTION ( 'NONE',  ( 0.000000000000000000, 0.000000000000000000, -1.000000000000000000 ) ) ;
#907 = EDGE_LOOP ( 'NONE', ( #767, #137, #2611, #594 ) ) ;
#908 = DIRECTION ( 'NONE',  ( 0.000000000000000000, 0.000000000000000000, 1.000000000000000000 ) ) ;
#909 = ORIENTED_EDGE ( 'NONE', *, *, #6, .T. ) ;
#910 = CARTESIAN_POINT ( 'NONE',  ( 30.00000000000000711, -9.999999999999998224, -74.99999999999998579 ) ) ;
#911 = VECTOR ( 'NONE', #1008, 1000.000000000000000 ) ;
#912 = AXIS2_PLACEMENT_3D ( 'NONE', #1159, #460, #1641 ) ;
#913 = AXIS2_PLACEMENT_3D ( 'NONE', #2461, #1908, #265 ) ;
#914 = CARTESIAN_POINT ( 'NONE',  ( -40.00000000000000711, 9.999999999999994671, -68.20000000000000284 ) ) ;
#915 = VERTEX_POINT ( 'NONE', #1231 ) ;
#916 = DIRECTION ( 'NONE',  ( -0.000000000000000000, 1.000000000000000000, -0.000000000000000000 ) ) ;
#917 = DIRECTION ( 'NONE',  ( 0.000000000000000000, 1.000000000000000000, 0.000000000000000000 ) ) ;
#918 = CIRCLE ( 'NONE', #164, 1.799999999999996048 ) ;
#919 = VECTOR ( 'NONE', #1230, 1000.000000000000000 ) ;
#920 = EDGE_CURVE ( 'NONE', #2865, #2430, #2445, .T. ) ;
#921 = ORIENTED_EDGE ( 'NONE', *, *, #1886, .F. ) ;
#922 = ORIENTED_EDGE ( 'NONE', *, *, #866, .T. ) ;
#923 = CARTESIAN_POINT ( 'NONE',  ( 40.00000000000000711, 15.00000000000000000, -71.79999999999998295 ) ) ;
#924 = CARTESIAN_POINT ( 'NONE',  ( 13.79999999999999893, -1.256933281983528008E-13, -5.000000000000000000 ) ) ;
#925 = LINE ( 'NONE', #1449, #1326 ) ;
#926 = DIRECTION ( 'NONE',  ( -0.000000000000000000, -0.000000000000000000, 1.000000000000000000 ) ) ;
#927 = EDGE_CURVE ( 'NONE', #263, #2007, #749, .T. ) ;
#928 = ORIENTED_EDGE ( 'NONE', *, *, #2563, .T. ) ;
#929 = DIRECTION ( 'NONE',  ( -1.000000000000000000, 0.000000000000000000, -6.938893903907229364E-16 ) ) ;
#930 = CIRCLE ( 'NONE', #1679, 1.799999999999996048 ) ;
#931 = AXIS2_PLACEMENT_3D ( 'NONE', #1262, #2004, #1508 ) ;
#932 = VERTEX_POINT ( 'NONE', #1246 ) ;
#933 = CARTESIAN_POINT ( 'NONE',  ( -17.50000000000000355, 2.143131898507868643E-15, 0.000000000000000000 ) ) ;
#934 = ADVANCED_FACE ( 'NONE', ( #2208, #1966 ), #766, .F. ) ;
#935 = ORIENTED_EDGE ( 'NONE', *, *, #60, .T. ) ;
#936 = VERTEX_POINT ( 'NONE', #2416 ) ;
#937 = CARTESIAN_POINT ( 'NONE',  ( -40.00000000000000000, 30.00000000000000000, -10.00000000000000178 ) ) ;
#938 = DIRECTION ( 'NONE',  ( -0.000000000000000000, -0.000000000000000000, -1.000000000000000000 ) ) ;
#939 = LINE ( 'NONE', #1916, #1700 ) ;
#940 = AXIS2_PLACEMENT_3D ( 'NONE', #133, #410, #898 ) ;
#941 = DIRECTION ( 'NONE',  ( 0.000000000000000000, 0.000000000000000000, 1.000000000000000000 ) ) ;
#942 = ORIENTED_EDGE ( 'NONE', *, *, #607, .T. ) ;
#943 = DIRECTION ( 'NONE',  ( -1.000000000000000000, 0.000000000000000000, 0.000000000000000000 ) ) ;
#944 = ADVANCED_FACE ( 'NONE', ( #1970, #957, #974, #532, #1921 ), #1937, .T. ) ;
#945 = ORIENTED_EDGE ( 'NONE', *, *, #787, .T. ) ;
#946 = CIRCLE ( 'NONE', #1253, 9.999999999999994671 ) ;
#947 = ORIENTED_EDGE ( 'NONE', *, *, #2419, .T. ) ;
#948 = CARTESIAN_POINT ( 'NONE',  ( 30.00000000000000711, 9.999999999999998224, -64.99999999999998579 ) ) ;
#949 = ORIENTED_EDGE ( 'NONE', *, *, #656, .T. ) ;
#950 = ORIENTED_EDGE ( 'NONE', *, *, #2376, .T. ) ;
#951 = LINE ( 'NONE', #1899, #2752 ) ;
#952 = DIRECTION ( 'NONE',  ( -0.000000000000000000, -1.000000000000000000, 0.000000000000000000 ) ) ;
#953 = DIRECTION ( 'NONE',  ( -0.000000000000000000, 1.000000000000000000, -0.000000000000000000 ) ) ;
#954 = DIRECTION ( 'NONE',  ( -1.000000000000000000, 0.000000000000000000, 0.000000000000000000 ) ) ;
#955 = VERTEX_POINT ( 'NONE', #771 ) ;
#956 = CARTESIAN_POINT ( 'NONE',  ( -30.00000000000000711, 30.00000000000000000, -99.99999999999998579 ) ) ;
#957 = FACE_BOUND ( 'NONE', #1401, .T. ) ;
#958 = EDGE_CURVE ( 'NONE', #2187, #2621, #1710, .T. ) ;
#959 = CARTESIAN_POINT ( 'NONE',  ( -50.00000000000000711, -15.00000000000000000, -75.00000000000000000 ) ) ;
#960 = VECTOR ( 'NONE', #307, 1000.000000000000000 ) ;
#961 = ADVANCED_FACE ( 'NONE', ( #1234, #2435, #1694 ), #2662, .F. ) ;
#962 = EDGE_LOOP ( 'NONE', ( #1101, #1415, #1708, #375 ) ) ;
#963 = CARTESIAN_POINT ( 'NONE',  ( -40.00000000000000711, -30.00000000000000000, -101.7999999999999829 ) ) ;
#964 = VERTEX_POINT ( 'NONE', #1006 ) ;
#965 = EDGE_LOOP ( 'NONE', ( #772, #2977, #3003, #354 ) ) ;
#966 = EDGE_CURVE ( 'NONE', #2755, #1667, #992, .T. ) ;
#967 = DIRECTION ( 'NONE',  ( -0.000000000000000000, -1.000000000000000000, -0.000000000000000000 ) ) ;
#968 = DIRECTION ( 'NONE',  ( -0.000000000000000000, -1.000000000000000000, 0.000000000000000000 ) ) ;
#969 = AXIS2_PLACEMENT_3D ( 'NONE', #1571, #792, #2715 ) ;
#970 = DIRECTION ( 'NONE',  ( -0.000000000000000000, 1.000000000000000000, -0.000000000000000000 ) ) ;
#971 = DIRECTION ( 'NONE',  ( 8.673617379884035472E-17, 0.000000000000000000, 1.000000000000000000 ) ) ;
#972 = ORIENTED_EDGE ( 'NONE', *, *, #3093, .T. ) ;
#973 = DIRECTION ( 'NONE',  ( -0.000000000000000000, -0.000000000000000000, 1.000000000000000000 ) ) ;
#974 = FACE_BOUND ( 'NONE', #2866, .T. ) ;
#975 = DIRECTION ( 'NONE',  ( 0.000000000000000000, 0.000000000000000000, 1.000000000000000000 ) ) ;
#976 = EDGE_CURVE ( 'NONE', #2333, #873, #1956, .T. ) ;
#977 = CYLINDRICAL_SURFACE ( 'NONE', #618, 1.799999999999996048 ) ;
#978 = VECTOR ( 'NONE', #3027, 1000.000000000000000 ) ;
#979 = ORIENTED_EDGE ( 'NONE', *, *, #424, .F. ) ;
#980 = DIRECTION ( 'NONE',  ( 0.000000000000000000, 0.000000000000000000, 1.000000000000000000 ) ) ;
#981 = ADVANCED_FACE ( 'NONE', ( #49, #1481 ), #1249, .F. ) ;
#982 = ORIENTED_EDGE ( 'NONE', *, *, #2235, .T. ) ;
#983 = ORIENTED_EDGE ( 'NONE', *, *, #2798, .T. ) ;
#984 = LINE ( 'NONE', #1703, #2309 ) ;
#985 = DIRECTION ( 'NONE',  ( 1.000000000000000000, 0.000000000000000000, -0.000000000000000000 ) ) ;
#986 = CARTESIAN_POINT ( 'NONE',  ( 50.00000000000000000, 15.00000000000000000, -64.99999999999998579 ) ) ;
#987 = DIRECTION ( 'NONE',  ( 0.000000000000000000, 0.000000000000000000, 1.000000000000000000 ) ) ;
#988 = VECTOR ( 'NONE', #2942, 1000.000000000000000 ) ;
#989 = ORIENTED_EDGE ( 'NONE', *, *, #1350, .F. ) ;
#990 = CARTESIAN_POINT ( 'NONE',  ( 40.00000000000000711, 15.00000000000000000, -105.0000000000000000 ) ) ;
#991 = ADVANCED_FACE ( 'NONE', ( #1540 ), #2020, .F. ) ;
#992 = LINE ( 'NONE', #1189, #1173 ) ;
#993 = MANIFOLD_SOLID_BREP ( 'Mirror2', #2968 ) ;
#994 = CARTESIAN_POINT ( 'NONE',  ( 49.99999999999997158, 30.00000000000000000, -100.0000000000000000 ) ) ;
#995 = CIRCLE ( 'NONE', #2506, 1.799999999999999822 ) ;
#996 = CARTESIAN_POINT ( 'NONE',  ( 40.00000000000000711, -9.999999999999998224, -68.20000000000000284 ) ) ;
#997 = VERTEX_POINT ( 'NONE', #1263 ) ;
#998 = DIRECTION ( 'NONE',  ( 0.000000000000000000, 1.000000000000000000, 0.000000000000000000 ) ) ;
#999 = ORIENTED_EDGE ( 'NONE', *, *, #1297, .T. ) ;
#1000 = ADVANCED_FACE ( 'NONE', ( #2476, #608 ), #2758, .F. ) ;
#1001 = CARTESIAN_POINT ( 'NONE',  ( 50.00000000000000711, 15.00000000000000000, -100.0000000000000000 ) ) ;
#1002 = DIRECTION ( 'NONE',  ( 0.000000000000000000, 0.000000000000000000, -1.000000000000000000 ) ) ;
#1003 = DIRECTION ( 'NONE',  ( 0.000000000000000000, 0.000000000000000000, 1.000000000000000000 ) ) ;
#1004 = ORIENTED_EDGE ( 'NONE', *, *, #102, .F. ) ;
#1005 = CARTESIAN_POINT ( 'NONE',  ( -40.00000000000000711, 30.00000000000000000, -98.19999999999998863 ) ) ;
#1006 = CARTESIAN_POINT ( 'NONE',  ( -1.799999999999999822, -12.00000000000000000, -5.000000000000000000 ) ) ;
#1007 = ORIENTED_EDGE ( 'NONE', *, *, #1165, .F. ) ;
#1008 = DIRECTION ( 'NONE',  ( -0.000000000000000000, -1.000000000000000000, -0.000000000000000000 ) ) ;
#1009 = CYLINDRICAL_SURFACE ( 'NONE', #69, 1.799999999999996048 ) ;
#1010 = EDGE_CURVE ( 'NONE', #3076, #2096, #2292, .T. ) ;
#1011 = ORIENTED_EDGE ( 'NONE', *, *, #153, .T. ) ;
#1012 = DIRECTION ( 'NONE',  ( 0.000000000000000000, 0.000000000000000000, 1.000000000000000000 ) ) ;
#1013 = AXIS2_PLACEMENT_3D ( 'NONE', #1184, #2144, #2943 ) ;
#1014 = ORIENTED_EDGE ( 'NONE', *, *, #642, .T. ) ;
#1015 = CIRCLE ( 'NONE', #1613, 1.799999999999996048 ) ;
#1016 = LINE ( 'NONE', #812, #637 ) ;
#1017 = FACE_BOUND ( 'NONE', #2738, .T. ) ;
#1018 = VECTOR ( 'NONE', #1691, 1000.000000000000000 ) ;
#1019 = ADVANCED_FACE ( 'NONE', ( #2223 ), #850, .F. ) ;
#1020 = LINE ( 'NONE', #1477, #1425 ) ;
#1021 = ORIENTED_EDGE ( 'NONE', *, *, #1390, .T. ) ;
#1022 = CYLINDRICAL_SURFACE ( 'NONE', #1085, 1.799999999999996048 ) ;
#1023 = CIRCLE ( 'NONE', #1125, 1.799999999999999822 ) ;
#1024 = AXIS2_PLACEMENT_3D ( 'NONE', #94, #2618, #840 ) ;
#1025 = DIRECTION ( 'NONE',  ( 1.000000000000000000, 0.000000000000000000, 0.000000000000000000 ) ) ;
#1026 = ADVANCED_FACE ( 'NONE', ( #80, #2260, #1074 ), #1041, .F. ) ;
#1027 = ORIENTED_EDGE ( 'NONE', *, *, #3045, .T. ) ;
#1028 = CARTESIAN_POINT ( 'NONE',  ( -30.00000000000000711, -30.00000000000000000, -19.99999999999999289 ) ) ;
#1029 = AXIS2_PLACEMENT_3D ( 'NONE', #1871, #1304, #326 ) ;
#1030 = FACE_BOUND ( 'NONE', #2373, .T. ) ;
#1031 = ORIENTED_EDGE ( 'NONE', *, *, #1010, .F. ) ;
#1032 = CARTESIAN_POINT ( 'NONE',  ( -40.00000000000000711, 30.00000000000000000, -71.79999999999998295 ) ) ;
#1033 = VECTOR ( 'NONE', #1776, 1000.000000000000000 ) ;
#1034 = ORIENTED_EDGE ( 'NONE', *, *, #1221, .T. ) ;
#1035 = DIRECTION ( 'NONE',  ( 0.000000000000000000, 0.000000000000000000, 1.000000000000000000 ) ) ;
#1036 = DIRECTION ( 'NONE',  ( 0.000000000000000000, -1.000000000000000000, 0.000000000000000000 ) ) ;
#1037 = CIRCLE ( 'NONE', #831, 10.00000000000000178 ) ;
#1038 = CARTESIAN_POINT ( 'NONE',  ( 50.00000000000000711, -15.00000000000000000, -94.99999999999998579 ) ) ;
#1039 = ORIENTED_EDGE ( 'NONE', *, *, #1428, .T. ) ;
#1040 = DIRECTION ( 'NONE',  ( 0.000000000000000000, 0.000000000000000000, -1.000000000000000000 ) ) ;
#1041 = PLANE ( 'NONE',  #1725 ) ;
#1042 = VERTEX_POINT ( 'NONE', #564 ) ;
#1043 = CARTESIAN_POINT ( 'NONE',  ( -40.00000000000000711, 15.00000000000000000, -109.9999999999999858 ) ) ;
#1044 = CARTESIAN_POINT ( 'NONE',  ( 49.99999999999997158, -30.00000000000000000, -100.0000000000000000 ) ) ;
#1045 = EDGE_CURVE ( 'NONE', #1242, #1072, #1525, .T. ) ;
#1046 = VECTOR ( 'NONE', #1800, 1000.000000000000000 ) ;
#1047 = VERTEX_POINT ( 'NONE', #593 ) ;
#1048 = CARTESIAN_POINT ( 'NONE',  ( 50.00000000000000000, -9.999999999999998224, -75.00000000000000000 ) ) ;
#1049 = ORIENTED_EDGE ( 'NONE', *, *, #1207, .T. ) ;
#1050 = CARTESIAN_POINT ( 'NONE',  ( 50.00000000000000000, 15.00000000000000000, -75.00000000000000000 ) ) ;
#1051 = DIRECTION ( 'NONE',  ( -0.000000000000000000, -1.000000000000000000, 0.000000000000000000 ) ) ;
#1052 = DIRECTION ( 'NONE',  ( 0.000000000000000000, 0.000000000000000000, -1.000000000000000000 ) ) ;
#1053 = ORIENTED_EDGE ( 'NONE', *, *, #1238, .F. ) ;
#1054 = CARTESIAN_POINT ( 'NONE',  ( -17.50000000000000355, 2.143131898507868643E-15, -5.000000000000000000 ) ) ;
#1055 = AXIS2_PLACEMENT_3D ( 'NONE', #2367, #953, #1706 ) ;
#1056 = CYLINDRICAL_SURFACE ( 'NONE', #1876, 1.799999999999999822 ) ;
#1057 = ORIENTED_EDGE ( 'NONE', *, *, #1651, .T. ) ;
#1058 = CYLINDRICAL_SURFACE ( 'NONE', #1102, 1.799999999999999600 ) ;
#1059 = DIRECTION ( 'NONE',  ( 0.000000000000000000, 1.000000000000000000, 0.000000000000000000 ) ) ;
#1060 = ADVANCED_FACE ( 'NONE', ( #2948 ), #1056, .F. ) ;
#1061 = EDGE_LOOP ( 'NONE', ( #1210, #386, #1034, #2768, #570, #1187, #1737, #3081, #950, #464, #1097, #459, #3064, #699 ) ) ;
#1062 = FACE_OUTER_BOUND ( 'NONE', #2894, .T. ) ;
#1063 = EDGE_CURVE ( 'NONE', #1042, #198, #835, .T. ) ;
#1064 = ORIENTED_EDGE ( 'NONE', *, *, #1255, .F. ) ;
#1065 = CYLINDRICAL_SURFACE ( 'NONE', #1842, 5.000000000000000000 ) ;
#1066 = CARTESIAN_POINT ( 'NONE',  ( 39.99999999999998579, 30.00000000000000000, -100.0000000000000000 ) ) ;
#1067 = CIRCLE ( 'NONE', #10, 1.799999999999996048 ) ;
#1068 = CIRCLE ( 'NONE', #1562, 1.799999999999996048 ) ;
#1069 = DIRECTION ( 'NONE',  ( 1.000000000000000000, 0.000000000000000000, 0.000000000000000000 ) ) ;
#1070 = AXIS2_PLACEMENT_3D ( 'NONE', #2467, #1736, #2702 ) ;
#1071 = ADVANCED_FACE ( 'NONE', ( #127 ), #1989, .F. ) ;
#1072 = VERTEX_POINT ( 'NONE', #861 ) ;
#1073 = CARTESIAN_POINT ( 'NONE',  ( 40.00000000000000711, 9.999999999999994671, -101.7999999999999829 ) ) ;
#1074 = FACE_BOUND ( 'NONE', #2469, .T. ) ;
#1075 = ORIENTED_EDGE ( 'NONE', *, *, #902, .F. ) ;
#1076 = DIRECTION ( 'NONE',  ( 0.000000000000000000, 1.000000000000000000, -0.000000000000000000 ) ) ;
#1077 = DIRECTION ( 'NONE',  ( 0.000000000000000000, 0.000000000000000000, -1.000000000000000000 ) ) ;
#1078 = AXIS2_PLACEMENT_3D ( 'NONE', #876, #1837, #1337 ) ;
#1079 = ADVANCED_FACE ( 'NONE', ( #1612 ), #2855, .F. ) ;
#1080 = DIRECTION ( 'NONE',  ( -0.000000000000000000, -0.000000000000000000, 1.000000000000000000 ) ) ;
#1081 = VERTEX_POINT ( 'NONE', #3024 ) ;
#1082 = DIRECTION ( 'NONE',  ( 0.000000000000000000, 0.000000000000000000, 1.000000000000000000 ) ) ;
#1083 = FACE_BOUND ( 'NONE', #2363, .T. ) ;
#1084 = EDGE_CURVE ( 'NONE', #1995, #1163, #688, .T. ) ;
#1085 = AXIS2_PLACEMENT_3D ( 'NONE', #1539, #1494, #1987 ) ;
#1086 = CIRCLE ( 'NONE', #31, 5.000000000000000000 ) ;
#1087 = VERTEX_POINT ( 'NONE', #924 ) ;
#1088 = FACE_OUTER_BOUND ( 'NONE', #843, .T. ) ;
#1089 = CARTESIAN_POINT ( 'NONE',  ( 40.00000000000000711, -30.00000000000000000, -99.99999999999998579 ) ) ;
#1090 = ORIENTED_EDGE ( 'NONE', *, *, #1183, .F. ) ;
#1091 = CARTESIAN_POINT ( 'NONE',  ( -12.00000000000000000, 4.189777606611760026E-14, -10.00000000000000000 ) ) ;
#1092 = DIRECTION ( 'NONE',  ( -0.000000000000000000, 1.000000000000000000, -0.000000000000000000 ) ) ;
#1093 = CIRCLE ( 'NONE', #2604, 1.799999999999999822 ) ;
#1094 = CARTESIAN_POINT ( 'NONE',  ( -40.00000000000000711, 9.999999999999994671, -71.79999999999998295 ) ) ;
#1095 = CIRCLE ( 'NONE', #2103, 1.799999999999999822 ) ;
#1096 = CARTESIAN_POINT ( 'NONE',  ( -40.00000000000000711, -9.999999999999998224, -99.99999999999998579 ) ) ;
#1097 = ORIENTED_EDGE ( 'NONE', *, *, #2122, .T. ) ;
#1098 = FACE_OUTER_BOUND ( 'NONE', #1489, .T. ) ;
#1099 = EDGE_CURVE ( 'NONE', #1176, #1151, #2035, .T. ) ;
#1100 = ORIENTED_EDGE ( 'NONE', *, *, #457, .T. ) ;
#1101 = ORIENTED_EDGE ( 'NONE', *, *, #415, .F. ) ;
#1102 = AXIS2_PLACEMENT_3D ( 'NONE', #1091, #2054, #3014 ) ;
#1103 = DIRECTION ( 'NONE',  ( 0.000000000000000000, 0.000000000000000000, 1.000000000000000000 ) ) ;
#1104 = DIRECTION ( 'NONE',  ( 0.000000000000000000, 0.000000000000000000, -1.000000000000000000 ) ) ;
#1105 = ORIENTED_EDGE ( 'NONE', *, *, #1408, .T. ) ;
#1106 = DIRECTION ( 'NONE',  ( -0.000000000000000000, 1.000000000000000000, -0.000000000000000000 ) ) ;
#1107 = DIRECTION ( 'NONE',  ( -0.000000000000000000, 1.000000000000000000, -0.000000000000000000 ) ) ;
#1108 = EDGE_CURVE ( 'NONE', #1667, #1130, #1476, .T. ) ;
#1109 = DIRECTION ( 'NONE',  ( 0.000000000000000000, 1.000000000000000000, -0.000000000000000000 ) ) ;
#1110 = EDGE_LOOP ( 'NONE', ( #2113, #719 ) ) ;
#1111 = CYLINDRICAL_SURFACE ( 'NONE', #3029, 1.799999999999996048 ) ;
#1112 = EDGE_CURVE ( 'NONE', #2149, #1405, #390, .T. ) ;
#1113 = VERTEX_POINT ( 'NONE', #1117 ) ;
#1114 = ORIENTED_EDGE ( 'NONE', *, *, #770, .F. ) ;
#1115 = LINE ( 'NONE', #1381, #578 ) ;
#1116 = EDGE_CURVE ( 'NONE', #655, #154, #686, .T. ) ;
#1117 = CARTESIAN_POINT ( 'NONE',  ( 39.99999999999998579, -9.999999999999994671, -110.0000000000000000 ) ) ;
#1118 = AXIS2_PLACEMENT_3D ( 'NONE', #2766, #1142, #603 ) ;
#1119 = ORIENTED_EDGE ( 'NONE', *, *, #2281, .F. ) ;
#1120 = CARTESIAN_POINT ( 'NONE',  ( 39.99999999999998579, 30.00000000000000000, -100.0000000000000000 ) ) ;
#1121 = ORIENTED_EDGE ( 'NONE', *, *, #316, .F. ) ;
#1122 = DIRECTION ( 'NONE',  ( 1.000000000000000000, 0.000000000000000000, 0.000000000000000000 ) ) ;
#1123 = ADVANCED_FACE ( 'NONE', ( #1132, #2307 ), #1852, .T. ) ;
#1124 = CYLINDRICAL_SURFACE ( 'NONE', #940, 1.799999999999996048 ) ;
#1125 = AXIS2_PLACEMENT_3D ( 'NONE', #425, #2560, #178 ) ;
#1126 = AXIS2_PLACEMENT_3D ( 'NONE', #1780, #2295, #1077 ) ;
#1127 = VERTEX_POINT ( 'NONE', #2351 ) ;
#1128 = DIRECTION ( 'NONE',  ( 0.000000000000000000, 0.000000000000000000, -1.000000000000000000 ) ) ;
#1129 = ORIENTED_EDGE ( 'NONE', *, *, #2105, .F. ) ;
#1130 = VERTEX_POINT ( 'NONE', #2837 ) ;
#1131 = DIRECTION ( 'NONE',  ( 0.000000000000000000, 0.000000000000000000, 1.000000000000000000 ) ) ;
#1132 = FACE_OUTER_BOUND ( 'NONE', #55, .T. ) ;
#1133 = VECTOR ( 'NONE', #1480, 1000.000000000000000 ) ;
#1134 = ORIENTED_EDGE ( 'NONE', *, *, #2376, .F. ) ;
#1135 = DIRECTION ( 'NONE',  ( 0.000000000000000000, 0.000000000000000000, 1.000000000000000000 ) ) ;
#1136 = ORIENTED_EDGE ( 'NONE', *, *, #1541, .T. ) ;
#1137 = DIRECTION ( 'NONE',  ( 0.000000000000000000, 1.000000000000000000, 0.000000000000000000 ) ) ;
#1138 = ADVANCED_FACE ( 'NONE', ( #673 ), #2128, .F. ) ;
#1139 = DIRECTION ( 'NONE',  ( 1.000000000000000000, 0.000000000000000000, 0.000000000000000000 ) ) ;
#1140 = DIRECTION ( 'NONE',  ( 0.000000000000000000, -0.000000000000000000, -1.000000000000000000 ) ) ;
#1141 = ORIENTED_EDGE ( 'NONE', *, *, #2880, .T. ) ;
#1142 = DIRECTION ( 'NONE',  ( 0.000000000000000000, 1.000000000000000000, 0.000000000000000000 ) ) ;
#1143 = VECTOR ( 'NONE', #1206, 1000.000000000000000 ) ;
#1144 = AXIS2_PLACEMENT_3D ( 'NONE', #3055, #1633, #2869 ) ;
#1145 = ORIENTED_EDGE ( 'NONE', *, *, #695, .F. ) ;
#1146 = EDGE_LOOP ( 'NONE', ( #2764, #2379, #448, #1331 ) ) ;
#1147 = FACE_BOUND ( 'NONE', #510, .T. ) ;
#1148 = DIRECTION ( 'NONE',  ( 0.000000000000000000, 0.000000000000000000, 1.000000000000000000 ) ) ;
#1149 = ORIENTED_EDGE ( 'NONE', *, *, #633, .T. ) ;
#1150 = DIRECTION ( 'NONE',  ( -0.000000000000000000, 1.000000000000000000, -0.000000000000000000 ) ) ;
#1151 = VERTEX_POINT ( 'NONE', #2805 ) ;
#1152 = CARTESIAN_POINT ( 'NONE',  ( 40.00000000000000711, 15.00000000000000000, -69.99999999999998579 ) ) ;
#1153 = PRODUCT ( 'GripperBase V2', 'GripperBase V2', '', ( #721 ) ) ;
#1154 =( NAMED_UNIT ( * ) PLANE_ANGLE_UNIT ( ) SI_UNIT ( $, .RADIAN. ) );
#1155 = EDGE_CURVE ( 'NONE', #1454, #2096, #658, .T. ) ;
#1156 = CARTESIAN_POINT ( 'NONE',  ( -40.00000000000000711, -30.00000000000000000, -69.99999999999998579 ) ) ;
#1157 = ORIENTED_EDGE ( 'NONE', *, *, #3101, .F. ) ;
#1158 = DIRECTION ( 'NONE',  ( -0.000000000000000000, -1.000000000000000000, -0.000000000000000000 ) ) ;
#1159 = CARTESIAN_POINT ( 'NONE',  ( 0.000000000000000000, 9.999999999999998224, 0.000000000000000000 ) ) ;
#1160 = EDGE_CURVE ( 'NONE', #2621, #420, #586, .T. ) ;
#1161 = CARTESIAN_POINT ( 'NONE',  ( 39.99999999999998579, -15.00000000000000000, -100.0000000000000000 ) ) ;
#1162 = ORIENTED_EDGE ( 'NONE', *, *, #1108, .T. ) ;
#1163 = VERTEX_POINT ( 'NONE', #1884 ) ;
#1164 = FACE_BOUND ( 'NONE', #1824, .T. ) ;
#1165 = EDGE_CURVE ( 'NONE', #2096, #2072, #287, .T. ) ;
#1166 = CARTESIAN_POINT ( 'NONE',  ( -50.00000000000000711, 30.00000000000000000, -99.99999999999998579 ) ) ;
#1167 = FACE_OUTER_BOUND ( 'NONE', #199, .T. ) ;
#1168 = ORIENTED_EDGE ( 'NONE', *, *, #1625, .T. ) ;
#1169 = DIRECTION ( 'NONE',  ( 0.000000000000000000, 0.000000000000000000, 1.000000000000000000 ) ) ;
#1170 = AXIS2_PLACEMENT_3D ( 'NONE', #1847, #2814, #2073 ) ;
#1171 = AXIS2_PLACEMENT_3D ( 'NONE', #1712, #1496, #975 ) ;
#1172 = VECTOR ( 'NONE', #2012, 1000.000000000000000 ) ;
#1173 = VECTOR ( 'NONE', #706, 1000.000000000000000 ) ;
#1174 = ADVANCED_FACE ( 'NONE', ( #1583, #2078 ), #3039, .T. ) ;
#1175 = DIRECTION ( 'NONE',  ( 0.000000000000000000, 1.000000000000000000, -0.000000000000000000 ) ) ;
#1176 = VERTEX_POINT ( 'NONE', #3099 ) ;
#1177 = CARTESIAN_POINT ( 'NONE',  ( -30.00000000000000711, -15.00000000000000000, -74.99999999999998579 ) ) ;
#1178 = CARTESIAN_POINT ( 'NONE',  ( 50.00000000000000000, -15.00000000000000000, -75.00000000000000000 ) ) ;
#1179 = VECTOR ( 'NONE', #2699, 1000.000000000000000 ) ;
#1180 = VECTOR ( 'NONE', #2753, 1000.000000000000000 ) ;
#1181 = VERTEX_POINT ( 'NONE', #479 ) ;
#1182 = EDGE_LOOP ( 'NONE', ( #811, #1049, #52, #2784 ) ) ;
#1183 = EDGE_CURVE ( 'NONE', #2423, #2333, #951, .T. ) ;
#1184 = CARTESIAN_POINT ( 'NONE',  ( -20.00000000000000355, 30.00000000000000000, -29.99999999999999289 ) ) ;
#1185 = LINE ( 'NONE', #1215, #3065 ) ;
#1186 = CARTESIAN_POINT ( 'NONE',  ( -50.00000000000000000, -9.999999999999998224, -64.99999999999998579 ) ) ;
#1187 = ORIENTED_EDGE ( 'NONE', *, *, #118, .T. ) ;
#1188 = CARTESIAN_POINT ( 'NONE',  ( 1.799999999999999822, 12.00000000000000000, -10.00000000000000000 ) ) ;
#1189 = CARTESIAN_POINT ( 'NONE',  ( -30.00000000000000711, -9.999999999999998224, -105.0000000000000000 ) ) ;
#1190 = DIRECTION ( 'NONE',  ( 0.000000000000000000, -1.000000000000000000, 0.000000000000000000 ) ) ;
#1191 = VECTOR ( 'NONE', #1704, 1000.000000000000000 ) ;
#1192 = ORIENTED_EDGE ( 'NONE', *, *, #2426, .F. ) ;
#1193 = DIRECTION ( 'NONE',  ( -1.000000000000000000, 0.000000000000000000, 0.000000000000000000 ) ) ;
#1194 = EDGE_LOOP ( 'NONE', ( #2922, #945, #1864, #1014, #1913 ) ) ;
#1195 = ORIENTED_EDGE ( 'NONE', *, *, #585, .T. ) ;
#1196 = AXIS2_PLACEMENT_3D ( 'NONE', #2284, #1738, #1035 ) ;
#1197 = CARTESIAN_POINT ( 'NONE',  ( -30.00000000000000711, 30.00000000000000000, -99.99999999999998579 ) ) ;
#1198 = EDGE_CURVE ( 'NONE', #1087, #1735, #1093, .T. ) ;
#1199 = DIRECTION ( 'NONE',  ( -0.000000000000000000, -0.000000000000000000, 1.000000000000000000 ) ) ;
#1200 = AXIS2_PLACEMENT_3D ( 'NONE', #2117, #1680, #2873 ) ;
#1201 = DIRECTION ( 'NONE',  ( 0.000000000000000000, 0.000000000000000000, 1.000000000000000000 ) ) ;
#1202 = ORIENTED_EDGE ( 'NONE', *, *, #2749, .T. ) ;
#1203 = LINE ( 'NONE', #2931, #1133 ) ;
#1204 = ADVANCED_FACE ( 'NONE', ( #1914 ), #29, .T. ) ;
#1205 = VECTOR ( 'NONE', #821, 1000.000000000000000 ) ;
#1206 = DIRECTION ( 'NONE',  ( 0.000000000000000000, 0.000000000000000000, 1.000000000000000000 ) ) ;
#1207 = EDGE_CURVE ( 'NONE', #997, #1493, #746, .T. ) ;
#1208 = ORIENTED_EDGE ( 'NONE', *, *, #2235, .F. ) ;
#1209 = PLANE ( 'NONE',  #912 ) ;
#1210 = ORIENTED_EDGE ( 'NONE', *, *, #2141, .T. ) ;
#1211 = EDGE_LOOP ( 'NONE', ( #1792, #1145, #744, #1039 ) ) ;
#1212 = DIRECTION ( 'NONE',  ( 0.000000000000000000, 0.000000000000000000, -1.000000000000000000 ) ) ;
#1213 = PLANE ( 'NONE',  #2195 ) ;
#1214 = ADVANCED_FACE ( 'NONE', ( #2408 ), #14, .T. ) ;
#1215 = CARTESIAN_POINT ( 'NONE',  ( -40.00000000000000711, -30.00000000000000000, -101.7999999999999829 ) ) ;
#1216 = CARTESIAN_POINT ( 'NONE',  ( 49.99999999999997158, -15.00000000000000000, -100.0000000000000000 ) ) ;
#1217 = VERTEX_POINT ( 'NONE', #1929 ) ;
#1218 = LINE ( 'NONE', #1729, #1833 ) ;
#1219 = EDGE_CURVE ( 'NONE', #2964, #420, #984, .T. ) ;
#1220 = CIRCLE ( 'NONE', #2428, 9.999999999999994671 ) ;
#1221 = EDGE_CURVE ( 'NONE', #1673, #491, #2923, .T. ) ;
#1222 = CIRCLE ( 'NONE', #2129, 1.799999999999999822 ) ;
#1223 = ORIENTED_EDGE ( 'NONE', *, *, #674, .F. ) ;
#1224 = DIRECTION ( 'NONE',  ( -0.000000000000000000, -1.000000000000000000, 0.000000000000000000 ) ) ;
#1225 = VERTEX_POINT ( 'NONE', #276 ) ;
#1226 = ORIENTED_EDGE ( 'NONE', *, *, #285, .T. ) ;
#1227 = DIRECTION ( 'NONE',  ( 0.000000000000000000, -1.000000000000000000, 0.000000000000000000 ) ) ;
#1228 = DIRECTION ( 'NONE',  ( -1.000000000000000000, -0.000000000000000000, -6.938893903907229364E-16 ) ) ;
#1229 = CIRCLE ( 'NONE', #1024, 1.799999999999999822 ) ;
#1230 = DIRECTION ( 'NONE',  ( 1.000000000000000000, -0.000000000000000000, -6.938893903907229364E-16 ) ) ;
#1231 = CARTESIAN_POINT ( 'NONE',  ( 29.99999999999999289, 15.00000000000000000, -64.99999999999998579 ) ) ;
#1232 = ORIENTED_EDGE ( 'NONE', *, *, #1390, .F. ) ;
#1233 = CARTESIAN_POINT ( 'NONE',  ( 50.00000000000000711, 9.999999999999998224, -94.99999999999998579 ) ) ;
#1234 = FACE_BOUND ( 'NONE', #820, .T. ) ;
#1235 = CARTESIAN_POINT ( 'NONE',  ( -40.00000000000000711, 9.999999999999994671, -69.99999999999998579 ) ) ;
#1236 = CARTESIAN_POINT ( 'NONE',  ( 40.00000000000000711, -30.00000000000000000, -99.99999999999998579 ) ) ;
#1237 = AXIS2_PLACEMENT_3D ( 'NONE', #3043, #188, #2602 ) ;
#1238 = EDGE_CURVE ( 'NONE', #2908, #2981, #2424, .T. ) ;
#1239 = AXIS2_PLACEMENT_3D ( 'NONE', #2537, #435, #1819 ) ;
#1240 = ORIENTED_EDGE ( 'NONE', *, *, #275, .T. ) ;
#1241 = LINE ( 'NONE', #1254, #1172 ) ;
#1242 = VERTEX_POINT ( 'NONE', #1243 ) ;
#1243 = CARTESIAN_POINT ( 'NONE',  ( 29.99999999999999645, -30.00000000000000000, -30.00000000000000000 ) ) ;
#1244 = CARTESIAN_POINT ( 'NONE',  ( -50.00000000000000000, 15.00000000000000000, -75.00000000000000000 ) ) ;
#1245 = CARTESIAN_POINT ( 'NONE',  ( 49.99999999999997158, 30.00000000000000000, -100.0000000000000000 ) ) ;
#1246 = CARTESIAN_POINT ( 'NONE',  ( 17.50000000000000355, 0.000000000000000000, 0.000000000000000000 ) ) ;
#1247 = ORIENTED_EDGE ( 'NONE', *, *, #522, .F. ) ;
#1248 = LINE ( 'NONE', #1906, #2592 ) ;
#1249 = PLANE ( 'NONE',  #2230 ) ;
#1250 = CARTESIAN_POINT ( 'NONE',  ( 50.00000000000000711, -9.999999999999998224, -94.99999999999998579 ) ) ;
#1251 = LINE ( 'NONE', #740, #3086 ) ;
#1252 = VERTEX_POINT ( 'NONE', #2735 ) ;
#1253 = AXIS2_PLACEMENT_3D ( 'NONE', #2772, #2068, #2790 ) ;
#1254 = CARTESIAN_POINT ( 'NONE',  ( -50.00000000000000711, 30.00000000000000000, -99.99999999999998579 ) ) ;
#1255 = EDGE_CURVE ( 'NONE', #2964, #2187, #1793, .T. ) ;
#1256 = DIRECTION ( 'NONE',  ( -0.000000000000000000, 0.000000000000000000, 1.000000000000000000 ) ) ;
#1257 = ORIENTED_EDGE ( 'NONE', *, *, #322, .T. ) ;
#1258 = FACE_OUTER_BOUND ( 'NONE', #2957, .T. ) ;
#1259 = EDGE_CURVE ( 'NONE', #643, #1683, #2470, .T. ) ;
#1260 = CARTESIAN_POINT ( 'NONE',  ( 50.00000000000000000, -15.00000000000000000, -75.00000000000000000 ) ) ;
#1261 = EDGE_LOOP ( 'NONE', ( #1822, #2339 ) ) ;
#1262 = CARTESIAN_POINT ( 'NONE',  ( 40.00000000000000711, 9.999999999999994671, -69.99999999999998579 ) ) ;
#1263 = CARTESIAN_POINT ( 'NONE',  ( 40.00000000000000711, -9.999999999999998224, -71.79999999999998295 ) ) ;
#1264 = EDGE_LOOP ( 'NONE', ( #754, #1856, #1471, #1349, #627 ) ) ;
#1265 = DIRECTION ( 'NONE',  ( 0.000000000000000000, 0.000000000000000000, -1.000000000000000000 ) ) ;
#1266 = DIRECTION ( 'NONE',  ( -0.000000000000000000, -1.000000000000000000, -0.000000000000000000 ) ) ;
#1267 = ORIENTED_EDGE ( 'NONE', *, *, #2048, .T. ) ;
#1268 = CARTESIAN_POINT ( 'NONE',  ( -30.00000000000000711, 15.00000000000000000, -94.99999999999998579 ) ) ;
#1269 = EDGE_CURVE ( 'NONE', #1333, #1225, #1492, .T. ) ;
#1270 = AXIS2_PLACEMENT_3D ( 'NONE', #1505, #74, #1332 ) ;
#1271 = ORIENTED_EDGE ( 'NONE', *, *, #1155, .T. ) ;
#1272 = CARTESIAN_POINT ( 'NONE',  ( -50.00000000000000000, -30.00000000000000000, -10.00000000000002309 ) ) ;
#1273 = FACE_OUTER_BOUND ( 'NONE', #965, .T. ) ;
#1274 = LINE ( 'NONE', #1245, #2232 ) ;
#1275 = ADVANCED_FACE ( 'NONE', ( #106 ), #1065, .F. ) ;
#1276 = VERTEX_POINT ( 'NONE', #781 ) ;
#1277 = CARTESIAN_POINT ( 'NONE',  ( -40.00000000000000711, 30.00000000000000000, -99.99999999999998579 ) ) ;
#1278 = VECTOR ( 'NONE', #1140, 1000.000000000000000 ) ;
#1279 = CIRCLE ( 'NONE', #2084, 1.799999999999996048 ) ;
#1280 = DIRECTION ( 'NONE',  ( 0.000000000000000000, -0.000000000000000000, -1.000000000000000000 ) ) ;
#1281 = ORIENTED_EDGE ( 'NONE', *, *, #2156, .T. ) ;
#1282 = FACE_BOUND ( 'NONE', #1980, .T. ) ;
#1283 = DIRECTION ( 'NONE',  ( -0.000000000000000000, -1.000000000000000000, -0.000000000000000000 ) ) ;
#1284 = ORIENTED_EDGE ( 'NONE', *, *, #1116, .F. ) ;
#1285 = DIRECTION ( 'NONE',  ( 0.000000000000000000, 1.000000000000000000, 0.000000000000000000 ) ) ;
#1286 = VECTOR ( 'NONE', #1969, 1000.000000000000000 ) ;
#1287 = ORIENTED_EDGE ( 'NONE', *, *, #2988, .T. ) ;
#1288 = CYLINDRICAL_SURFACE ( 'NONE', #1894, 1.799999999999996048 ) ;
#1289 = CARTESIAN_POINT ( 'NONE',  ( 40.00000000000000711, -9.999999999999998224, -69.99999999999998579 ) ) ;
#1290 = CARTESIAN_POINT ( 'NONE',  ( 30.00000000000000711, -15.00000000000000000, -100.0000000000000000 ) ) ;
#1291 = ORIENTED_EDGE ( 'NONE', *, *, #851, .F. ) ;
#1292 = LINE ( 'NONE', #2947, #131 ) ;
#1293 = ADVANCED_FACE ( 'NONE', ( #1982 ), #1288, .F. ) ;
#1294 = EDGE_LOOP ( 'NONE', ( #1364, #1284 ) ) ;
#1295 = CARTESIAN_POINT ( 'NONE',  ( 1.799999999999999822, -12.00000000000000000, -10.00000000000000000 ) ) ;
#1296 = CARTESIAN_POINT ( 'NONE',  ( -50.00000000000000711, -30.00000000000000000, -99.99999999999998579 ) ) ;
#1297 = EDGE_CURVE ( 'NONE', #41, #250, #2255, .T. ) ;
#1298 = CIRCLE ( 'NONE', #2907, 1.799999999999999822 ) ;
#1299 = ORIENTED_EDGE ( 'NONE', *, *, #2228, .F. ) ;
#1300 = CARTESIAN_POINT ( 'NONE',  ( -30.00000000000000711, -9.999999999999998224, -64.99999999999998579 ) ) ;
#1301 = ORIENTED_EDGE ( 'NONE', *, *, #2734, .T. ) ;
#1302 = DIRECTION ( 'NONE',  ( -0.000000000000000000, -1.000000000000000000, -0.000000000000000000 ) ) ;
#1303 = CARTESIAN_POINT ( 'NONE',  ( 19.99999999999999645, -30.00000000000000000, -20.00000000000000000 ) ) ;
#1304 = DIRECTION ( 'NONE',  ( 0.000000000000000000, 0.000000000000000000, 1.000000000000000000 ) ) ;
#1305 = ORIENTED_EDGE ( 'NONE', *, *, #1219, .F. ) ;
#1306 = CARTESIAN_POINT ( 'NONE',  ( -50.00000000000000000, 9.999999999999998224, -75.00000000000000000 ) ) ;
#1307 = EDGE_CURVE ( 'NONE', #2021, #1953, #1447, .T. ) ;
#1308 = FILL_AREA_STYLE_COLOUR ( '', #2282 ) ;
#1309 = EDGE_LOOP ( 'NONE', ( #2579, #2240, #549, #1692 ) ) ;
#1310 = CYLINDRICAL_SURFACE ( 'NONE', #739, 9.999999999999994671 ) ;
#1311 = CYLINDRICAL_SURFACE ( 'NONE', #1722, 1.799999999999999822 ) ;
#1312 = EDGE_CURVE ( 'NONE', #463, #1995, #1016, .T. ) ;
#1313 = LINE ( 'NONE', #146, #1745 ) ;
#1314 = ORIENTED_EDGE ( 'NONE', *, *, #1099, .F. ) ;
#1315 = FACE_OUTER_BOUND ( 'NONE', #2172, .T. ) ;
#1316 = DIRECTION ( 'NONE',  ( 0.000000000000000000, 0.000000000000000000, -1.000000000000000000 ) ) ;
#1317 = AXIS2_PLACEMENT_3D ( 'NONE', #2057, #3060, #3031 ) ;
#1318 = CIRCLE ( 'NONE', #408, 1.799999999999996048 ) ;
#1319 = VERTEX_POINT ( 'NONE', #2704 ) ;
#1320 = VECTOR ( 'NONE', #971, 1000.000000000000000 ) ;
#1321 = FACE_OUTER_BOUND ( 'NONE', #2322, .T. ) ;
#1322 = FILL_AREA_STYLE ('',( #1308 ) ) ;
#1323 = VERTEX_POINT ( 'NONE', #1272 ) ;
#1324 = CARTESIAN_POINT ( 'NONE',  ( -40.00000000000000711, -30.00000000000000000, -99.99999999999998579 ) ) ;
#1325 = DIRECTION ( 'NONE',  ( 0.000000000000000000, 0.000000000000000000, -1.000000000000000000 ) ) ;
#1326 = VECTOR ( 'NONE', #970, 1000.000000000000000 ) ;
#1327 = AXIS2_PLACEMENT_3D ( 'NONE', #2582, #2366, #1148 ) ;
#1328 = CARTESIAN_POINT ( 'NONE',  ( 50.00000000000000000, -30.00000000000000000, -10.00000000000001776 ) ) ;
#1329 = EDGE_CURVE ( 'NONE', #1946, #2158, #602, .T. ) ;
#1330 = CARTESIAN_POINT ( 'NONE',  ( 30.00000000000000711, 15.00000000000000000, -74.99999999999998579 ) ) ;
#1331 = ORIENTED_EDGE ( 'NONE', *, *, #866, .F. ) ;
#1332 = DIRECTION ( 'NONE',  ( 0.000000000000000000, 0.000000000000000000, 1.000000000000000000 ) ) ;
#1333 = VERTEX_POINT ( 'NONE', #827 ) ;
#1334 = CIRCLE ( 'NONE', #1994, 1.799999999999999822 ) ;
#1335 = EDGE_LOOP ( 'NONE', ( #582, #2649, #2518, #2315 ) ) ;
#1336 = FACE_BOUND ( 'NONE', #2490, .T. ) ;
#1337 = DIRECTION ( 'NONE',  ( 0.000000000000000000, 0.000000000000000000, -1.000000000000000000 ) ) ;
#1338 = ORIENTED_EDGE ( 'NONE', *, *, #1219, .T. ) ;
#1339 = CARTESIAN_POINT ( 'NONE',  ( 30.00000000000000711, -9.999999999999998224, -105.0000000000000000 ) ) ;
#1340 = CYLINDRICAL_SURFACE ( 'NONE', #2733, 1.799999999999996048 ) ;
#1341 = AXIS2_PLACEMENT_3D ( 'NONE', #1534, #2500, #340 ) ;
#1342 = PLANE ( 'NONE',  #1398 ) ;
#1343 = EDGE_CURVE ( 'NONE', #2741, #1946, #73, .T. ) ;
#1344 = AXIS2_PLACEMENT_3D ( 'NONE', #2527, #1545, #2279 ) ;
#1345 = VERTEX_POINT ( 'NONE', #557 ) ;
#1346 = EDGE_CURVE ( 'NONE', #8, #77, #841, .T. ) ;
#1347 = FACE_OUTER_BOUND ( 'NONE', #346, .T. ) ;
#1348 = VERTEX_POINT ( 'NONE', #1517 ) ;
#1349 = ORIENTED_EDGE ( 'NONE', *, *, #85, .F. ) ;
#1350 = EDGE_CURVE ( 'NONE', #2941, #712, #3006, .T. ) ;
#1351 = VECTOR ( 'NONE', #2310, 1000.000000000000000 ) ;
#1352 = FACE_BOUND ( 'NONE', #2531, .T. ) ;
#1353 = CARTESIAN_POINT ( 'NONE',  ( 40.00000000000000711, -30.00000000000000000, -69.99999999999998579 ) ) ;
#1354 = ORIENTED_EDGE ( 'NONE', *, *, #851, .T. ) ;
#1355 = LINE ( 'NONE', #583, #800 ) ;
#1356 = EDGE_LOOP ( 'NONE', ( #2858, #449, #1007, #2584 ) ) ;
#1357 = LINE ( 'NONE', #1841, #722 ) ;
#1358 = DIRECTION ( 'NONE',  ( -0.000000000000000000, -0.000000000000000000, 1.000000000000000000 ) ) ;
#1359 = DIRECTION ( 'NONE',  ( 0.000000000000000000, 0.000000000000000000, 1.000000000000000000 ) ) ;
#1360 = ORIENTED_EDGE ( 'NONE', *, *, #118, .F. ) ;
#1361 = DIRECTION ( 'NONE',  ( 0.000000000000000000, 0.000000000000000000, 1.000000000000000000 ) ) ;
#1362 = ORIENTED_EDGE ( 'NONE', *, *, #3107, .T. ) ;
#1363 = AXIS2_PLACEMENT_3D ( 'NONE', #1066, #763, #2471 ) ;
#1364 = ORIENTED_EDGE ( 'NONE', *, *, #1620, .F. ) ;
#1365 = CARTESIAN_POINT ( 'NONE',  ( 0.000000000000000000, -12.00000000000000000, -10.00000000000000000 ) ) ;
#1366 = DIRECTION ( 'NONE',  ( 0.000000000000000000, -1.000000000000000000, 0.000000000000000000 ) ) ;
#1367 = AXIS2_PLACEMENT_3D ( 'NONE', #1915, #968, #2897 ) ;
#1368 = ADVANCED_FACE ( 'NONE', ( #1315 ), #1771, .F. ) ;
#1369 = ORIENTED_EDGE ( 'NONE', *, *, #1988, .F. ) ;
#1370 = PLANE ( 'NONE',  #1844 ) ;
#1371 = ORIENTED_EDGE ( 'NONE', *, *, #2833, .F. ) ;
#1372 = CARTESIAN_POINT ( 'NONE',  ( -50.00000000000000000, -9.999999999999998224, -75.00000000000000000 ) ) ;
#1373 = DIRECTION ( 'NONE',  ( 0.000000000000000000, 0.000000000000000000, 1.000000000000000000 ) ) ;
#1374 = AXIS2_PLACEMENT_3D ( 'NONE', #1161, #1413, #2377 ) ;
#1375 = ADVANCED_FACE ( 'NONE', ( #2030 ), #2990, .T. ) ;
#1376 = DIRECTION ( 'NONE',  ( 0.000000000000000000, 0.000000000000000000, -1.000000000000000000 ) ) ;
#1377 = ORIENTED_EDGE ( 'NONE', *, *, #399, .T. ) ;
#1378 = CARTESIAN_POINT ( 'NONE',  ( -50.00000000000000711, 30.00000000000000000, -99.99999999999998579 ) ) ;
#1379 = ORIENTED_EDGE ( 'NONE', *, *, #2559, .F. ) ;
#1380 = VERTEX_POINT ( 'NONE', #2044 ) ;
#1381 = CARTESIAN_POINT ( 'NONE',  ( 40.00000000000000711, -30.00000000000000000, -101.7999999999999829 ) ) ;
#1382 = CARTESIAN_POINT ( 'NONE',  ( 40.00000000000000711, -15.00000000000000000, -99.99999999999998579 ) ) ;
#1383 = AXIS2_PLACEMENT_3D ( 'NONE', #157, #3073, #1122 ) ;
#1384 = EDGE_LOOP ( 'NONE', ( #2655, #1816, #1579, #591 ) ) ;
#1385 = AXIS2_PLACEMENT_3D ( 'NONE', #3067, #875, #1836 ) ;
#1386 = CARTESIAN_POINT ( 'NONE',  ( -40.00000000000000711, 30.00000000000000000, -68.20000000000000284 ) ) ;
#1387 = ORIENTED_EDGE ( 'NONE', *, *, #927, .F. ) ;
#1388 = CARTESIAN_POINT ( 'NONE',  ( 0.000000000000000000, -12.00000000000000000, -10.00000000000000000 ) ) ;
#1389 = EDGE_CURVE ( 'NONE', #1995, #3111, #3004, .T. ) ;
#1390 = EDGE_CURVE ( 'NONE', #2852, #2624, #2765, .T. ) ;
#1391 = DIRECTION ( 'NONE',  ( -0.000000000000000000, 1.000000000000000000, -0.000000000000000000 ) ) ;
#1392 = DIRECTION ( 'NONE',  ( -0.000000000000000000, -1.000000000000000000, 0.000000000000000000 ) ) ;
#1393 = AXIS2_PLACEMENT_3D ( 'NONE', #937, #1227, #246 ) ;
#1394 = ORIENTED_EDGE ( 'NONE', *, *, #2794, .T. ) ;
#1395 = DIRECTION ( 'NONE',  ( 0.000000000000000000, 0.000000000000000000, 1.000000000000000000 ) ) ;
#1396 = CARTESIAN_POINT ( 'NONE',  ( -40.00000000000000711, -9.999999999999998224, -99.99999999999998579 ) ) ;
#1397 = EDGE_CURVE ( 'NONE', #113, #915, #197, .T. ) ;
#1398 = AXIS2_PLACEMENT_3D ( 'NONE', #2056, #380, #2763 ) ;
#1399 = AXIS2_PLACEMENT_3D ( 'NONE', #2368, #676, #660 ) ;
#1400 = ORIENTED_EDGE ( 'NONE', *, *, #2520, .F. ) ;
#1401 = EDGE_LOOP ( 'NONE', ( #710, #1655 ) ) ;
#1402 = CARTESIAN_POINT ( 'NONE',  ( -40.00000000000000000, 30.00000000000000000, -10.00000000000000178 ) ) ;
#1403 = ORIENTED_EDGE ( 'NONE', *, *, #1820, .F. ) ;
#1404 = CARTESIAN_POINT ( 'NONE',  ( 40.00000000000000711, -15.00000000000000000, -71.79999999999998295 ) ) ;
#1405 = VERTEX_POINT ( 'NONE', #2594 ) ;
#1406 = DIRECTION ( 'NONE',  ( -0.000000000000000000, -0.000000000000000000, 1.000000000000000000 ) ) ;
#1407 = EDGE_CURVE ( 'NONE', #870, #151, #21, .T. ) ;
#1408 = EDGE_CURVE ( 'NONE', #2139, #1252, #2876, .T. ) ;
#1409 = CARTESIAN_POINT ( 'NONE',  ( -50.00000000000000000, 9.999999999999998224, -64.99999999999998579 ) ) ;
#1410 = EDGE_LOOP ( 'NONE', ( #1440, #2915, #2037, #1379 ) ) ;
#1411 = DIRECTION ( 'NONE',  ( -0.000000000000000000, -1.000000000000000000, -0.000000000000000000 ) ) ;
#1412 = CARTESIAN_POINT ( 'NONE',  ( 30.00000000000000711, 9.999999999999998224, -74.99999999999998579 ) ) ;
#1413 = DIRECTION ( 'NONE',  ( 0.000000000000000000, 1.000000000000000000, 0.000000000000000000 ) ) ;
#1414 = ORIENTED_EDGE ( 'NONE', *, *, #1828, .F. ) ;
#1415 = ORIENTED_EDGE ( 'NONE', *, *, #2060, .F. ) ;
#1416 = CYLINDRICAL_SURFACE ( 'NONE', #1013, 10.00000000000000178 ) ;
#1417 = FACE_OUTER_BOUND ( 'NONE', #2703, .T. ) ;
#1418 = DIRECTION ( 'NONE',  ( 1.000000000000000000, 0.000000000000000000, 6.938893903907230350E-16 ) ) ;
#1419 = ORIENTED_EDGE ( 'NONE', *, *, #844, .T. ) ;
#1420 = CARTESIAN_POINT ( 'NONE',  ( -40.00000000000000711, -15.00000000000000000, -105.0000000000000000 ) ) ;
#1421 = AXIS2_PLACEMENT_3D ( 'NONE', #2854, #728, #687 ) ;
#1422 = ORIENTED_EDGE ( 'NONE', *, *, #2342, .T. ) ;
#1423 = AXIS2_PLACEMENT_3D ( 'NONE', #482, #2658, #497 ) ;
#1424 = ORIENTED_EDGE ( 'NONE', *, *, #1749, .T. ) ;
#1425 = VECTOR ( 'NONE', #108, 1000.000000000000000 ) ;
#1426 = LINE ( 'NONE', #1472, #1769 ) ;
#1427 = VECTOR ( 'NONE', #286, 1000.000000000000000 ) ;
#1428 = EDGE_CURVE ( 'NONE', #1942, #1252, #1229, .T. ) ;
#1429 = VECTOR ( 'NONE', #481, 1000.000000000000000 ) ;
#1430 = ORIENTED_EDGE ( 'NONE', *, *, #2156, .F. ) ;
#1431 = VERTEX_POINT ( 'NONE', #959 ) ;
#1432 = LINE ( 'NONE', #15, #1191 ) ;
#1433 = DIRECTION ( 'NONE',  ( 1.000000000000000000, 0.000000000000000000, 0.000000000000000000 ) ) ;
#1434 = DIRECTION ( 'NONE',  ( -0.000000000000000000, -1.000000000000000000, -0.000000000000000000 ) ) ;
#1435 = VERTEX_POINT ( 'NONE', #731 ) ;
#1436 = CARTESIAN_POINT ( 'NONE',  ( -40.00000000000000711, -30.00000000000000000, -109.9999999999999858 ) ) ;
#1437 = CIRCLE ( 'NONE', #1630, 5.000000000000000000 ) ;
#1438 = ADVANCED_FACE ( 'NONE', ( #2937 ), #977, .F. ) ;
#1439 = AXIS2_PLACEMENT_3D ( 'NONE', #714, #952, #465 ) ;
#1440 = ORIENTED_EDGE ( 'NONE', *, *, #2919, .F. ) ;
#1441 = LINE ( 'NONE', #963, #665 ) ;
#1442 = EDGE_CURVE ( 'NONE', #878, #1081, #1251, .T. ) ;
#1443 = EDGE_CURVE ( 'NONE', #150, #2852, #2226, .T. ) ;
#1444 = ORIENTED_EDGE ( 'NONE', *, *, #839, .F. ) ;
#1445 = VERTEX_POINT ( 'NONE', #1498 ) ;
#1446 = DIRECTION ( 'NONE',  ( 0.000000000000000000, 0.000000000000000000, 1.000000000000000000 ) ) ;
#1447 = CIRCLE ( 'NONE', #536, 1.799999999999996048 ) ;
#1448 = DIRECTION ( 'NONE',  ( -0.000000000000000000, -1.000000000000000000, 0.000000000000000000 ) ) ;
#1449 = CARTESIAN_POINT ( 'NONE',  ( -50.00000000000000711, 9.999999999999998224, -94.99999999999998579 ) ) ;
#1450 = DIRECTION ( 'NONE',  ( 0.000000000000000000, 0.000000000000000000, -1.000000000000000000 ) ) ;
#1451 = EDGE_CURVE ( 'NONE', #47, #2149, #2374, .T. ) ;
#1452 = EDGE_LOOP ( 'NONE', ( #2580, #1634, #2283, #2626 ) ) ;
#1453 = CARTESIAN_POINT ( 'NONE',  ( -40.00000000000000711, -30.00000000000000000, -98.19999999999998863 ) ) ;
#1454 = VERTEX_POINT ( 'NONE', #3077 ) ;
#1455 = CARTESIAN_POINT ( 'NONE',  ( 30.00000000000000711, 9.999999999999998224, -74.99999999999998579 ) ) ;
#1456 = ORIENTED_EDGE ( 'NONE', *, *, #2889, .T. ) ;
#1457 = ORIENTED_EDGE ( 'NONE', *, *, #729, .F. ) ;
#1458 = DIRECTION ( 'NONE',  ( -3.469446951953615175E-16, 0.000000000000000000, -1.000000000000000000 ) ) ;
#1459 = DIRECTION ( 'NONE',  ( 0.000000000000000000, 1.000000000000000000, -0.000000000000000000 ) ) ;
#1460 = DIRECTION ( 'NONE',  ( 0.000000000000000000, -0.000000000000000000, -1.000000000000000000 ) ) ;
#1461 = LINE ( 'NONE', #2884, #1818 ) ;
#1462 = ORIENTED_EDGE ( 'NONE', *, *, #709, .F. ) ;
#1463 = DIRECTION ( 'NONE',  ( 1.000000000000000000, 0.000000000000000000, 0.000000000000000000 ) ) ;
#1464 = EDGE_CURVE ( 'NONE', #2158, #113, #195, .T. ) ;
#1465 = DIRECTION ( 'NONE',  ( 0.000000000000000000, 0.000000000000000000, -1.000000000000000000 ) ) ;
#1466 = DIRECTION ( 'NONE',  ( -0.000000000000000000, 1.000000000000000000, -0.000000000000000000 ) ) ;
#1467 = CARTESIAN_POINT ( 'NONE',  ( 50.00000000000000000, -9.999999999999998224, -75.00000000000000000 ) ) ;
#1468 = VECTOR ( 'NONE', #871, 1000.000000000000000 ) ;
#1469 = AXIS2_PLACEMENT_3D ( 'NONE', #2713, #2903, #1972 ) ;
#1470 = VECTOR ( 'NONE', #824, 1000.000000000000000 ) ;
#1471 = ORIENTED_EDGE ( 'NONE', *, *, #1312, .F. ) ;
#1472 = CARTESIAN_POINT ( 'NONE',  ( 50.00000000000000000, 9.999999999999998224, -75.00000000000000000 ) ) ;
#1473 = ORIENTED_EDGE ( 'NONE', *, *, #102, .T. ) ;
#1474 = LINE ( 'NONE', #1244, #278 ) ;
#1475 = CIRCLE ( 'NONE', #120, 9.999999999999994671 ) ;
#1476 = CIRCLE ( 'NONE', #1327, 9.999999999999994671 ) ;
#1477 = CARTESIAN_POINT ( 'NONE',  ( -50.00000000000000000, 9.999999999999998224, -64.99999999999998579 ) ) ;
#1478 = DIRECTION ( 'NONE',  ( -0.000000000000000000, -1.000000000000000000, -0.000000000000000000 ) ) ;
#1479 = ORIENTED_EDGE ( 'NONE', *, *, #2860, .F. ) ;
#1480 = DIRECTION ( 'NONE',  ( -0.000000000000000000, 1.000000000000000000, -0.000000000000000000 ) ) ;
#1481 = FACE_OUTER_BOUND ( 'NONE', #469, .T. ) ;
#1482 = CARTESIAN_POINT ( 'NONE',  ( 19.99999999999999645, -30.00000000000000000, -20.00000000000000000 ) ) ;
#1483 = CARTESIAN_POINT ( 'NONE',  ( -40.00000000000000711, -30.00000000000000000, -99.99999999999998579 ) ) ;
#1484 = AXIS2_PLACEMENT_3D ( 'NONE', #2901, #1709, #2661 ) ;
#1485 = CIRCLE ( 'NONE', #2399, 9.999999999999994671 ) ;
#1486 = ADVANCED_FACE ( 'NONE', ( #2918 ), #2830, .F. ) ;
#1487 = EDGE_LOOP ( 'NONE', ( #836, #2771, #1267, #2596 ) ) ;
#1488 = LINE ( 'NONE', #2453, #116 ) ;
#1489 = EDGE_LOOP ( 'NONE', ( #2693, #1281, #2059, #921 ) ) ;
#1490 = CARTESIAN_POINT ( 'NONE',  ( 50.00000000000000000, -30.00000000000000000, -1.836970198721029747E-14 ) ) ;
#1491 = DIRECTION ( 'NONE',  ( -0.000000000000000000, -1.000000000000000000, -0.000000000000000000 ) ) ;
#1492 = CIRCLE ( 'NONE', #485, 1.799999999999996048 ) ;
#1493 = VERTEX_POINT ( 'NONE', #668 ) ;
#1494 = DIRECTION ( 'NONE',  ( -0.000000000000000000, 1.000000000000000000, -0.000000000000000000 ) ) ;
#1495 = ORIENTED_EDGE ( 'NONE', *, *, #3069, .T. ) ;
#1496 = DIRECTION ( 'NONE',  ( 0.000000000000000000, 1.000000000000000000, 0.000000000000000000 ) ) ;
#1497 = ADVANCED_FACE ( 'NONE', ( #67 ), #1623, .T. ) ;
#1498 = CARTESIAN_POINT ( 'NONE',  ( 30.00000000000000711, 9.999999999999998224, -100.0000000000000000 ) ) ;
#1499 = ORIENTED_EDGE ( 'NONE', *, *, #2620, .F. ) ;
#1500 = AXIS2_PLACEMENT_3D ( 'NONE', #2965, #2275, #1779 ) ;
#1501 = DIRECTION ( 'NONE',  ( -6.938893903907230350E-16, 0.000000000000000000, -1.000000000000000000 ) ) ;
#1502 = ADVANCED_FACE ( 'NONE', ( #682 ), #2590, .F. ) ;
#1503 = VERTEX_POINT ( 'NONE', #502 ) ;
#1504 = DIRECTION ( 'NONE',  ( 0.000000000000000000, 0.000000000000000000, 1.000000000000000000 ) ) ;
#1505 = CARTESIAN_POINT ( 'NONE',  ( 40.00000000000000711, -9.999999999999998224, -99.99999999999998579 ) ) ;
#1506 = CARTESIAN_POINT ( 'NONE',  ( 50.00000000000000711, -9.999999999999998224, -94.99999999999998579 ) ) ;
#1507 = ORIENTED_EDGE ( 'NONE', *, *, #2296, .F. ) ;
#1508 = DIRECTION ( 'NONE',  ( 0.000000000000000000, 0.000000000000000000, 1.000000000000000000 ) ) ;
#1509 = ORIENTED_EDGE ( 'NONE', *, *, #2653, .T. ) ;
#1510 = DIRECTION ( 'NONE',  ( 0.000000000000000000, 0.000000000000000000, -1.000000000000000000 ) ) ;
#1511 = CARTESIAN_POINT ( 'NONE',  ( -30.00000000000000711, -9.999999999999994671, -99.99999999999998579 ) ) ;
#1512 = ORIENTED_EDGE ( 'NONE', *, *, #1636, .F. ) ;
#1513 = CARTESIAN_POINT ( 'NONE',  ( -30.00000000000000711, 15.00000000000000000, -75.00000000000000000 ) ) ;
#1514 = AXIS2_PLACEMENT_3D ( 'NONE', #107, #2456, #2721 ) ;
#1515 = ORIENTED_EDGE ( 'NONE', *, *, #1464, .T. ) ;
#1516 = ADVANCED_FACE ( 'NONE', ( #2465 ), #1640, .F. ) ;
#1517 = CARTESIAN_POINT ( 'NONE',  ( 29.99999999999998934, -30.00000000000000000, -100.0000000000000000 ) ) ;
#1518 = FACE_OUTER_BOUND ( 'NONE', #1761, .T. ) ;
#1519 = CARTESIAN_POINT ( 'NONE',  ( 0.000000000000000000, 0.000000000000000000, -20.00000000000000355 ) ) ;
#1520 = ORIENTED_EDGE ( 'NONE', *, *, #290, .F. ) ;
#1521 = EDGE_CURVE ( 'NONE', #1345, #2601, #1732, .T. ) ;
#1522 = DIRECTION ( 'NONE',  ( 0.000000000000000000, 0.000000000000000000, 1.000000000000000000 ) ) ;
#1523 = VECTOR ( 'NONE', #1965, 1000.000000000000000 ) ;
#1524 = VECTOR ( 'NONE', #1158, 1000.000000000000000 ) ;
#1525 = LINE ( 'NONE', #2996, #2137 ) ;
#1526 = ORIENTED_EDGE ( 'NONE', *, *, #229, .T. ) ;
#1527 = CARTESIAN_POINT ( 'NONE',  ( 29.99999999999998934, 30.00000000000000000, -100.0000000000000000 ) ) ;
#1528 = CARTESIAN_POINT ( 'NONE',  ( 40.00000000000000711, -30.00000000000000000, -68.20000000000000284 ) ) ;
#1529 = EDGE_CURVE ( 'NONE', #741, #2669, #1861, .T. ) ;
#1530 = ORIENTED_EDGE ( 'NONE', *, *, #1848, .F. ) ;
#1531 = DIRECTION ( 'NONE',  ( 0.000000000000000000, 0.000000000000000000, -1.000000000000000000 ) ) ;
#1532 = ORIENTED_EDGE ( 'NONE', *, *, #1407, .F. ) ;
#1533 = EDGE_CURVE ( 'NONE', #1276, #3061, #2437, .T. ) ;
#1534 = CARTESIAN_POINT ( 'NONE',  ( -40.00000000000000711, -30.00000000000000000, -69.99999999999998579 ) ) ;
#1535 = CARTESIAN_POINT ( 'NONE',  ( -40.00000000000000711, -30.00000000000000000, -69.99999999999998579 ) ) ;
#1536 = PRODUCT_DEFINITION ( 'UNKNOWN', '', #737, #2770 ) ;
#1537 = LINE ( 'NONE', #2707, #2687 ) ;
#1538 = EDGE_LOOP ( 'NONE', ( #183, #1114, #1257, #1957 ) ) ;
#1539 = CARTESIAN_POINT ( 'NONE',  ( -40.00000000000000711, -30.00000000000000000, -99.99999999999998579 ) ) ;
#1540 = FACE_OUTER_BOUND ( 'NONE', #874, .T. ) ;
#1541 = EDGE_CURVE ( 'NONE', #271, #601, #2683, .T. ) ;
#1542 = EDGE_LOOP ( 'NONE', ( #3089, #1287, #2835, #1897 ) ) ;
#1543 = CYLINDRICAL_SURFACE ( 'NONE', #544, 1.799999999999996048 ) ;
#1544 = CARTESIAN_POINT ( 'NONE',  ( 10.20000000000000107, -1.254728917745062725E-13, -10.00000000000000000 ) ) ;
#1545 = DIRECTION ( 'NONE',  ( 0.000000000000000000, 0.000000000000000000, 1.000000000000000000 ) ) ;
#1546 = EDGE_LOOP ( 'NONE', ( #2466, #2660, #1594, #1817, #1644, #619, #2562, #98, #2969, #1090, #2337, #1291, #1610, #2318 ) ) ;
#1547 = DIRECTION ( 'NONE',  ( 0.000000000000000000, 0.000000000000000000, 1.000000000000000000 ) ) ;
#1548 = FACE_OUTER_BOUND ( 'NONE', #533, .T. ) ;
#1549 = VERTEX_POINT ( 'NONE', #996 ) ;
#1550 = LINE ( 'NONE', #580, #427 ) ;
#1551 = CARTESIAN_POINT ( 'NONE',  ( 30.00000000000000711, -15.00000000000000000, -105.0000000000000000 ) ) ;
#1552 = ORIENTED_EDGE ( 'NONE', *, *, #607, .F. ) ;
#1553 = CARTESIAN_POINT ( 'NONE',  ( 39.99999999999998579, -15.00000000000000000, -100.0000000000000000 ) ) ;
#1554 = LINE ( 'NONE', #315, #1827 ) ;
#1555 = EDGE_CURVE ( 'NONE', #90, #1380, #1959, .T. ) ;
#1556 = CARTESIAN_POINT ( 'NONE',  ( -40.00000000000000711, -30.00000000000000000, -71.79999999999998295 ) ) ;
#1557 = CARTESIAN_POINT ( 'NONE',  ( -40.00000000000000711, -15.00000000000000000, -109.9999999999999858 ) ) ;
#1558 = ORIENTED_EDGE ( 'NONE', *, *, #2317, .T. ) ;
#1559 = DIRECTION ( 'NONE',  ( -0.000000000000000000, 1.000000000000000000, -0.000000000000000000 ) ) ;
#1560 = CARTESIAN_POINT ( 'NONE',  ( 40.00000000000000711, -9.999999999999998224, -105.0000000000000000 ) ) ;
#1561 = CIRCLE ( 'NONE', #59, 1.799999999999996048 ) ;
#1562 = AXIS2_PLACEMENT_3D ( 'NONE', #1096, #634, #1359 ) ;
#1563 = AXIS2_PLACEMENT_3D ( 'NONE', #2987, #1285, #554 ) ;
#1564 = ORIENTED_EDGE ( 'NONE', *, *, #1407, .T. ) ;
#1565 = ORIENTED_EDGE ( 'NONE', *, *, #1010, .T. ) ;
#1566 = VECTOR ( 'NONE', #736, 1000.000000000000000 ) ;
#1567 = CARTESIAN_POINT ( 'NONE',  ( -30.00000000000000711, 30.00000000000000000, -99.99999999999998579 ) ) ;
#1568 = CARTESIAN_POINT ( 'NONE',  ( -50.00000000000000711, 30.00000000000000000, -99.99999999999998579 ) ) ;
#1569 = VERTEX_POINT ( 'NONE', #2182 ) ;
#1570 = CARTESIAN_POINT ( 'NONE',  ( 19.99999999999999645, -30.00000000000000000, -30.00000000000000000 ) ) ;
#1571 = CARTESIAN_POINT ( 'NONE',  ( -40.00000000000000711, 15.00000000000000000, -69.99999999999998579 ) ) ;
#1572 = AXIS2_PLACEMENT_3D ( 'NONE', #2023, #101, #567 ) ;
#1573 = AXIS2_PLACEMENT_3D ( 'NONE', #2457, #529, #801 ) ;
#1574 = AXIS2_PLACEMENT_3D ( 'NONE', #2963, #581, #2508 ) ;
#1575 = CARTESIAN_POINT ( 'NONE',  ( -30.00000000000000711, -9.999999999999998224, -74.99999999999998579 ) ) ;
#1576 = EDGE_CURVE ( 'NONE', #761, #1276, #521, .T. ) ;
#1577 = ORIENTED_EDGE ( 'NONE', *, *, #2520, .T. ) ;
#1578 = DIRECTION ( 'NONE',  ( -0.000000000000000000, -1.000000000000000000, -0.000000000000000000 ) ) ;
#1579 = ORIENTED_EDGE ( 'NONE', *, *, #379, .F. ) ;
#1580 = AXIS2_PLACEMENT_3D ( 'NONE', #2756, #2769, #548 ) ;
#1581 = ORIENTED_EDGE ( 'NONE', *, *, #2105, .T. ) ;
#1582 = FACE_OUTER_BOUND ( 'NONE', #2462, .T. ) ;
#1583 = FACE_BOUND ( 'NONE', #2233, .T. ) ;
#1584 = ORIENTED_EDGE ( 'NONE', *, *, #2749, .F. ) ;
#1585 = DIRECTION ( 'NONE',  ( 0.000000000000000000, 0.000000000000000000, -1.000000000000000000 ) ) ;
#1586 = ORIENTED_EDGE ( 'NONE', *, *, #1183, .T. ) ;
#1587 = DIRECTION ( 'NONE',  ( -0.000000000000000000, 1.000000000000000000, -0.000000000000000000 ) ) ;
#1588 = ADVANCED_FACE ( 'NONE', ( #2904 ), #1009, .F. ) ;
#1589 = VECTOR ( 'NONE', #1686, 1000.000000000000000 ) ;
#1590 = CARTESIAN_POINT ( 'NONE',  ( -50.00000000000000000, -30.00000000000000000, 0.000000000000000000 ) ) ;
#1591 = ORIENTED_EDGE ( 'NONE', *, *, #3107, .F. ) ;
#1592 = LINE ( 'NONE', #621, #205 ) ;
#1593 = ADVANCED_FACE ( 'NONE', ( #1030, #2009, #596 ), #2541, .F. ) ;
#1594 = ORIENTED_EDGE ( 'NONE', *, *, #3069, .F. ) ;
#1595 = ORIENTED_EDGE ( 'NONE', *, *, #1397, .T. ) ;
#1596 = DIRECTION ( 'NONE',  ( 1.060108790874715482E-14, 1.000000000000000000, 0.000000000000000000 ) ) ;
#1597 = DIRECTION ( 'NONE',  ( 0.000000000000000000, 0.000000000000000000, 1.000000000000000000 ) ) ;
#1598 = VERTEX_POINT ( 'NONE', #1544 ) ;
#1599 = CARTESIAN_POINT ( 'NONE',  ( -40.00000000000000711, -15.00000000000000000, -99.99999999999998579 ) ) ;
#1600 = ORIENTED_EDGE ( 'NONE', *, *, #2700, .T. ) ;
#1601 = DIRECTION ( 'NONE',  ( -0.000000000000000000, -1.000000000000000000, -0.000000000000000000 ) ) ;
#1602 = VECTOR ( 'NONE', #717, 1000.000000000000000 ) ;
#1603 = CARTESIAN_POINT ( 'NONE',  ( -10.20000000000000107, 4.189777606611760026E-14, -10.00000000000000000 ) ) ;
#1604 = ORIENTED_EDGE ( 'NONE', *, *, #176, .F. ) ;
#1605 = CARTESIAN_POINT ( 'NONE',  ( 50.00000000000000000, -15.00000000000000000, -75.00000000000000000 ) ) ;
#1606 = DIRECTION ( 'NONE',  ( -1.000000000000000000, 0.000000000000000000, 0.000000000000000000 ) ) ;
#1607 = EDGE_CURVE ( 'NONE', #1323, #1127, #1554, .T. ) ;
#1608 = ORIENTED_EDGE ( 'NONE', *, *, #577, .F. ) ;
#1609 = VECTOR ( 'NONE', #2533, 1000.000000000000000 ) ;
#1610 = ORIENTED_EDGE ( 'NONE', *, *, #2181, .F. ) ;
#1611 = CARTESIAN_POINT ( 'NONE',  ( -40.00000000000000711, 9.999999999999994671, -99.99999999999998579 ) ) ;
#1612 = FACE_OUTER_BOUND ( 'NONE', #2546, .T. ) ;
#1613 = AXIS2_PLACEMENT_3D ( 'NONE', #809, #998, #1012 ) ;
#1614 = VERTEX_POINT ( 'NONE', #2511 ) ;
#1615 = FACE_OUTER_BOUND ( 'NONE', #622, .T. ) ;
#1616 = ADVANCED_FACE ( 'NONE', ( #2263 ), #1311, .F. ) ;
#1617 = ORIENTED_EDGE ( 'NONE', *, *, #1521, .F. ) ;
#1618 = LINE ( 'NONE', #204, #2744 ) ;
#1619 = CARTESIAN_POINT ( 'NONE',  ( 40.00000000000000711, 15.00000000000000000, -99.99999999999998579 ) ) ;
#1620 = EDGE_CURVE ( 'NONE', #154, #655, #1279, .T. ) ;
#1621 = LINE ( 'NONE', #226, #2503 ) ;
#1622 = ORIENTED_EDGE ( 'NONE', *, *, #709, .T. ) ;
#1623 = CYLINDRICAL_SURFACE ( 'NONE', #2135, 9.999999999999994671 ) ;
#1624 = DIRECTION ( 'NONE',  ( -0.000000000000000000, 1.000000000000000000, -0.000000000000000000 ) ) ;
#1625 = EDGE_CURVE ( 'NONE', #2820, #2755, #2966, .T. ) ;
#1626 = EDGE_LOOP ( 'NONE', ( #1681, #1986, #2062, #194, #659 ) ) ;
#1627 = ORIENTED_EDGE ( 'NONE', *, *, #1607, .F. ) ;
#1628 = FACE_OUTER_BOUND ( 'NONE', #2890, .T. ) ;
#1629 = CARTESIAN_POINT ( 'NONE',  ( -12.00000000000000000, 4.189777606611760026E-14, -10.00000000000000000 ) ) ;
#1630 = AXIS2_PLACEMENT_3D ( 'NONE', #865, #1826, #2556 ) ;
#1631 = ORIENTED_EDGE ( 'NONE', *, *, #2880, .F. ) ;
#1632 = AXIS2_PLACEMENT_3D ( 'NONE', #606, #3051, #2804 ) ;
#1633 = DIRECTION ( 'NONE',  ( -0.000000000000000000, 0.000000000000000000, -1.000000000000000000 ) ) ;
#1634 = ORIENTED_EDGE ( 'NONE', *, *, #1451, .T. ) ;
#1635 = DIRECTION ( 'NONE',  ( 0.000000000000000000, 0.000000000000000000, 1.000000000000000000 ) ) ;
#1636 = EDGE_CURVE ( 'NONE', #2853, #2789, #359, .T. ) ;
#1637 = FACE_BOUND ( 'NONE', #2565, .T. ) ;
#1638 = AXIS2_PLACEMENT_3D ( 'NONE', #3085, #2569, #1821 ) ;
#1639 = ORIENTED_EDGE ( 'NONE', *, *, #3028, .F. ) ;
#1640 = PLANE ( 'NONE',  #2783 ) ;
#1641 = DIRECTION ( 'NONE',  ( 0.000000000000000000, 0.000000000000000000, 1.000000000000000000 ) ) ;
#1642 = CIRCLE ( 'NONE', #1344, 1.799999999999999822 ) ;
#1643 = EDGE_LOOP ( 'NONE', ( #572, #1149 ) ) ;
#1644 = ORIENTED_EDGE ( 'NONE', *, *, #2892, .F. ) ;
#1645 = CARTESIAN_POINT ( 'NONE',  ( -30.00000000000000711, -15.00000000000000000, -94.99999999999998579 ) ) ;
#1646 = CARTESIAN_POINT ( 'NONE',  ( -40.00000000000000711, 30.00000000000000000, -109.9999999999999858 ) ) ;
#1647 = CARTESIAN_POINT ( 'NONE',  ( -1.799999999999999822, -12.00000000000000000, -10.00000000000000000 ) ) ;
#1648 = AXIS2_PLACEMENT_3D ( 'NONE', #790, #1747, #1510 ) ;
#1649 = ORIENTED_EDGE ( 'NONE', *, *, #1922, .F. ) ;
#1650 = LINE ( 'NONE', #440, #426 ) ;
#1651 = EDGE_CURVE ( 'NONE', #203, #2092, #2888, .T. ) ;
#1652 = DIRECTION ( 'NONE',  ( -3.854941057726238689E-15, -1.000000000000000000, 0.000000000000000000 ) ) ;
#1653 = ORIENTED_EDGE ( 'NONE', *, *, #331, .F. ) ;
#1654 = DIRECTION ( 'NONE',  ( -0.000000000000000000, -0.000000000000000000, 1.000000000000000000 ) ) ;
#1655 = ORIENTED_EDGE ( 'NONE', *, *, #2514, .F. ) ;
#1656 = ORIENTED_EDGE ( 'NONE', *, *, #1259, .F. ) ;
#1657 = CARTESIAN_POINT ( 'NONE',  ( 50.00000000000000000, -9.999999999999998224, -64.99999999999998579 ) ) ;
#1658 = CYLINDRICAL_SURFACE ( 'NONE', #1055, 1.799999999999996048 ) ;
#1659 = FACE_OUTER_BOUND ( 'NONE', #733, .T. ) ;
#1660 = VERTEX_POINT ( 'NONE', #1044 ) ;
#1661 = CARTESIAN_POINT ( 'NONE',  ( 50.00000000000000711, -15.00000000000000000, -94.99999999999998579 ) ) ;
#1662 = CIRCLE ( 'NONE', #2024, 9.999999999999994671 ) ;
#1663 = CARTESIAN_POINT ( 'NONE',  ( 0.000000000000000000, -15.00000000000000000, 0.000000000000000000 ) ) ;
#1664 = EDGE_CURVE ( 'NONE', #795, #2785, #716, .T. ) ;
#1665 = APPLICATION_PROTOCOL_DEFINITION ( 'draft international standard', 'automotive_design', 1998, #126 ) ;
#1666 = EDGE_CURVE ( 'NONE', #588, #508, #2246, .T. ) ;
#1667 = VERTEX_POINT ( 'NONE', #1511 ) ;
#1668 = CIRCLE ( 'NONE', #1924, 5.000000000000000000 ) ;
#1669 = CARTESIAN_POINT ( 'NONE',  ( 0.000000000000000000, -15.00000000000000000, 0.000000000000000000 ) ) ;
#1670 = AXIS2_PLACEMENT_3D ( 'NONE', #2952, #1283, #2311 ) ;
#1671 = EDGE_CURVE ( 'NONE', #250, #41, #918, .T. ) ;
#1672 = ORIENTED_EDGE ( 'NONE', *, *, #844, .F. ) ;
#1673 = VERTEX_POINT ( 'NONE', #1992 ) ;
#1674 = DIRECTION ( 'NONE',  ( -0.000000000000000000, -1.000000000000000000, -0.000000000000000000 ) ) ;
#1675 = CARTESIAN_POINT ( 'NONE',  ( -30.00000000000000711, -15.00000000000000000, -64.99999999999998579 ) ) ;
#1676 = DIRECTION ( 'NONE',  ( -1.000000000000000000, 0.000000000000000000, -0.000000000000000000 ) ) ;
#1677 = VERTEX_POINT ( 'NONE', #1748 ) ;
#1678 = LINE ( 'NONE', #2386, #2194 ) ;
#1679 = AXIS2_PLACEMENT_3D ( 'NONE', #1152, #1137, #423 ) ;
#1680 = DIRECTION ( 'NONE',  ( 0.000000000000000000, 0.000000000000000000, 1.000000000000000000 ) ) ;
#1681 = ORIENTED_EDGE ( 'NONE', *, *, #966, .F. ) ;
#1682 = DIRECTION ( 'NONE',  ( 1.047444401652940007E-14, 1.000000000000000000, 0.000000000000000000 ) ) ;
#1683 = VERTEX_POINT ( 'NONE', #1296 ) ;
#1684 = ORIENTED_EDGE ( 'NONE', *, *, #552, .T. ) ;
#1685 = EDGE_CURVE ( 'NONE', #1445, #2364, #1981, .T. ) ;
#1686 = DIRECTION ( 'NONE',  ( -0.000000000000000000, 1.000000000000000000, -0.000000000000000000 ) ) ;
#1687 = CARTESIAN_POINT ( 'NONE',  ( 0.000000000000000000, -9.999999999999998224, 0.000000000000000000 ) ) ;
#1688 = CIRCLE ( 'NONE', #337, 1.799999999999999822 ) ;
#1689 = VECTOR ( 'NONE', #2080, 1000.000000000000000 ) ;
#1690 = CARTESIAN_POINT ( 'NONE',  ( 40.00000000000000711, -15.00000000000000000, -105.0000000000000000 ) ) ;
#1691 = DIRECTION ( 'NONE',  ( -0.000000000000000000, -0.000000000000000000, 1.000000000000000000 ) ) ;
#1692 = ORIENTED_EDGE ( 'NONE', *, *, #1805, .T. ) ;
#1693 = DIRECTION ( 'NONE',  ( -0.000000000000000000, -1.000000000000000000, -0.000000000000000000 ) ) ;
#1694 = FACE_BOUND ( 'NONE', #3036, .T. ) ;
#1695 = PLANE ( 'NONE',  #256 ) ;
#1696 = DIRECTION ( 'NONE',  ( 0.000000000000000000, -1.000000000000000000, 0.000000000000000000 ) ) ;
#1697 = EDGE_CURVE ( 'NONE', #745, #508, #569, .T. ) ;
#1698 = ORIENTED_EDGE ( 'NONE', *, *, #2620, .T. ) ;
#1699 = DIRECTION ( 'NONE',  ( 0.000000000000000000, 0.000000000000000000, -1.000000000000000000 ) ) ;
#1700 = VECTOR ( 'NONE', #1460, 1000.000000000000000 ) ;
#1701 = ORIENTED_EDGE ( 'NONE', *, *, #2543, .T. ) ;
#1702 = ORIENTED_EDGE ( 'NONE', *, *, #2944, .F. ) ;
#1703 = CARTESIAN_POINT ( 'NONE',  ( -40.00000000000000711, -30.00000000000000000, -71.79999999999998295 ) ) ;
#1704 = DIRECTION ( 'NONE',  ( -0.000000000000000000, -1.000000000000000000, -0.000000000000000000 ) ) ;
#1705 = EDGE_CURVE ( 'NONE', #245, #90, #2039, .T. ) ;
#1706 = DIRECTION ( 'NONE',  ( 0.000000000000000000, 0.000000000000000000, 1.000000000000000000 ) ) ;
#1707 = CARTESIAN_POINT ( 'NONE',  ( -30.00000000000000711, 30.00000000000000000, -99.99999999999998579 ) ) ;
#1708 = ORIENTED_EDGE ( 'NONE', *, *, #1828, .T. ) ;
#1709 = DIRECTION ( 'NONE',  ( -0.000000000000000000, -0.000000000000000000, 1.000000000000000000 ) ) ;
#1710 = LINE ( 'NONE', #283, #1566 ) ;
#1711 = ADVANCED_FACE ( 'NONE', ( #2762 ), #1340, .F. ) ;
#1712 = CARTESIAN_POINT ( 'NONE',  ( -40.00000000000000711, 30.00000000000000000, -99.99999999999998579 ) ) ;
#1713 = DIRECTION ( 'NONE',  ( -0.000000000000000000, -0.000000000000000000, 1.000000000000000000 ) ) ;
#1714 = VECTOR ( 'NONE', #1880, 1000.000000000000000 ) ;
#1715 = VECTOR ( 'NONE', #1466, 1000.000000000000000 ) ;
#1716 = AXIS2_PLACEMENT_3D ( 'NONE', #2140, #25, #1699 ) ;
#1717 = EDGE_CURVE ( 'NONE', #119, #2499, #364, .T. ) ;
#1718 = EDGE_LOOP ( 'NONE', ( #1495, #909, #1898, #1754 ) ) ;
#1719 = CIRCLE ( 'NONE', #2778, 17.50000000000000355 ) ;
#1720 = DIRECTION ( 'NONE',  ( -0.000000000000000000, -0.000000000000000000, -1.000000000000000000 ) ) ;
#1721 = ORIENTED_EDGE ( 'NONE', *, *, #2086, .F. ) ;
#1722 = AXIS2_PLACEMENT_3D ( 'NONE', #1809, #822, #2743 ) ;
#1723 = CARTESIAN_POINT ( 'NONE',  ( -30.00000000000000711, -30.00000000000000000, -29.99999999999999289 ) ) ;
#1724 = AXIS2_PLACEMENT_3D ( 'NONE', #730, #1199, #1433 ) ;
#1725 = AXIS2_PLACEMENT_3D ( 'NONE', #1568, #2006, #297 ) ;
#1726 = EDGE_CURVE ( 'NONE', #1113, #1217, #2247, .T. ) ;
#1727 = CARTESIAN_POINT ( 'NONE',  ( 30.00000000000000711, -9.999999999999998224, -74.99999999999998579 ) ) ;
#1728 = ORIENTED_EDGE ( 'NONE', *, *, #2636, .T. ) ;
#1729 = CARTESIAN_POINT ( 'NONE',  ( -50.00000000000000711, -9.999999999999998224, -105.0000000000000000 ) ) ;
#1730 = ORIENTED_EDGE ( 'NONE', *, *, #461, .T. ) ;
#1731 = CARTESIAN_POINT ( 'NONE',  ( 39.99999999999998579, 30.00000000000000000, -100.0000000000000000 ) ) ;
#1732 = LINE ( 'NONE', #2608, #2234 ) ;
#1733 = EDGE_CURVE ( 'NONE', #870, #239, #2370, .T. ) ;
#1734 = CIRCLE ( 'NONE', #1439, 10.00000000000000178 ) ;
#1735 = VERTEX_POINT ( 'NONE', #2859 ) ;
#1736 = DIRECTION ( 'NONE',  ( -0.000000000000000000, -1.000000000000000000, -0.000000000000000000 ) ) ;
#1737 = ORIENTED_EDGE ( 'NONE', *, *, #2326, .T. ) ;
#1738 = DIRECTION ( 'NONE',  ( -0.000000000000000000, -1.000000000000000000, -0.000000000000000000 ) ) ;
#1739 = DIRECTION ( 'NONE',  ( 0.000000000000000000, -1.000000000000000000, 0.000000000000000000 ) ) ;
#1740 = DIRECTION ( 'NONE',  ( 0.000000000000000000, 1.000000000000000000, 0.000000000000000000 ) ) ;
#1741 = VECTOR ( 'NONE', #906, 1000.000000000000000 ) ;
#1742 = ORIENTED_EDGE ( 'NONE', *, *, #1533, .F. ) ;
#1743 = CYLINDRICAL_SURFACE ( 'NONE', #2797, 1.799999999999996048 ) ;
#1744 = SURFACE_STYLE_FILL_AREA ( #1322 ) ;
#1745 = VECTOR ( 'NONE', #1373, 1000.000000000000000 ) ;
#1746 = ORIENTED_EDGE ( 'NONE', *, *, #383, .T. ) ;
#1747 = DIRECTION ( 'NONE',  ( -0.000000000000000000, 1.000000000000000000, -0.000000000000000000 ) ) ;
#1748 = CARTESIAN_POINT ( 'NONE',  ( -40.00000000000000711, 30.00000000000000000, -101.7999999999999829 ) ) ;
#1749 = EDGE_CURVE ( 'NONE', #2748, #2209, #930, .T. ) ;
#1750 = ORIENTED_EDGE ( 'NONE', *, *, #966, .T. ) ;
#1751 = VECTOR ( 'NONE', #129, 1000.000000000000000 ) ;
#1752 = CARTESIAN_POINT ( 'NONE',  ( -30.00000000000000711, 15.00000000000000000, -64.99999999999998579 ) ) ;
#1753 = EDGE_CURVE ( 'NONE', #1493, #1435, #2639, .T. ) ;
#1754 = ORIENTED_EDGE ( 'NONE', *, *, #1442, .T. ) ;
#1755 = CARTESIAN_POINT ( 'NONE',  ( 0.000000000000000000, 0.000000000000000000, -110.0000000000000000 ) ) ;
#1756 = DIRECTION ( 'NONE',  ( 0.000000000000000000, 0.000000000000000000, -1.000000000000000000 ) ) ;
#1757 = LINE ( 'NONE', #58, #1180 ) ;
#1758 = EDGE_CURVE ( 'NONE', #2853, #113, #2616, .T. ) ;
#1759 = ORIENTED_EDGE ( 'NONE', *, *, #750, .F. ) ;
#1760 = CARTESIAN_POINT ( 'NONE',  ( 40.00000000000000711, -30.00000000000000000, -98.19999999999998863 ) ) ;
#1761 = EDGE_LOOP ( 'NONE', ( #2509, #2251, #3032, #1162 ) ) ;
#1762 = CARTESIAN_POINT ( 'NONE',  ( -1.799999999999999822, -12.00000000000000000, -10.00000000000000000 ) ) ;
#1763 = DIRECTION ( 'NONE',  ( -0.000000000000000000, 1.000000000000000000, -0.000000000000000000 ) ) ;
#1764 = EDGE_CURVE ( 'NONE', #643, #1960, #406, .T. ) ;
#1765 = CIRCLE ( 'NONE', #458, 1.799999999999996048 ) ;
#1766 = ORIENTED_EDGE ( 'NONE', *, *, #1255, .T. ) ;
#1767 = CARTESIAN_POINT ( 'NONE',  ( 13.79999999999999893, -1.256933281983528008E-13, -10.00000000000000000 ) ) ;
#1768 = ADVANCED_FACE ( 'NONE', ( #2099 ), #2083, .T. ) ;
#1769 = VECTOR ( 'NONE', #2405, 1000.000000000000000 ) ;
#1770 = ORIENTED_EDGE ( 'NONE', *, *, #2066, .T. ) ;
#1771 = CYLINDRICAL_SURFACE ( 'NONE', #1341, 1.799999999999996048 ) ;
#1772 = CARTESIAN_POINT ( 'NONE',  ( -50.00000000000000711, -9.999999999999994671, -99.99999999999998579 ) ) ;
#1773 = EDGE_CURVE ( 'NONE', #1918, #1319, #1437, .T. ) ;
#1774 = LINE ( 'NONE', #1506, #223 ) ;
#1775 = ORIENTED_EDGE ( 'NONE', *, *, #1933, .F. ) ;
#1776 = DIRECTION ( 'NONE',  ( -0.000000000000000000, 1.000000000000000000, -0.000000000000000000 ) ) ;
#1777 = DIRECTION ( 'NONE',  ( -0.000000000000000000, 1.000000000000000000, -0.000000000000000000 ) ) ;
#1778 = ORIENTED_EDGE ( 'NONE', *, *, #884, .F. ) ;
#1779 = DIRECTION ( 'NONE',  ( 1.000000000000000000, 0.000000000000000000, -6.938893903907230350E-16 ) ) ;
#1780 = CARTESIAN_POINT ( 'NONE',  ( 39.99999999999998579, 9.999999999999998224, -100.0000000000000000 ) ) ;
#1781 = CARTESIAN_POINT ( 'NONE',  ( 17.50000000000000355, 0.000000000000000000, -5.000000000000000000 ) ) ;
#1782 = VECTOR ( 'NONE', #1601, 1000.000000000000000 ) ;
#1783 = CIRCLE ( 'NONE', #230, 10.00000000000000000 ) ;
#1784 = ORIENTED_EDGE ( 'NONE', *, *, #2798, .F. ) ;
#1785 = CARTESIAN_POINT ( 'NONE',  ( -40.00000000000000711, 30.00000000000000000, -99.99999999999998579 ) ) ;
#1786 = DIRECTION ( 'NONE',  ( 1.000000000000000000, 0.000000000000000000, -6.938893903907229364E-16 ) ) ;
#1787 = CARTESIAN_POINT ( 'NONE',  ( 39.99999999999998579, 30.00000000000000000, -100.0000000000000000 ) ) ;
#1788 = EDGE_CURVE ( 'NONE', #1047, #2950, #630, .T. ) ;
#1789 = ORIENTED_EDGE ( 'NONE', *, *, #383, .F. ) ;
#1790 = CARTESIAN_POINT ( 'NONE',  ( -40.00000000000000711, -30.00000000000000000, -99.99999999999998579 ) ) ;
#1791 = CARTESIAN_POINT ( 'NONE',  ( 30.00000000000000711, 15.00000000000000000, -105.0000000000000000 ) ) ;
#1792 = ORIENTED_EDGE ( 'NONE', *, *, #1408, .F. ) ;
#1793 = CIRCLE ( 'NONE', #890, 1.799999999999996048 ) ;
#1794 = CARTESIAN_POINT ( 'NONE',  ( -50.00000000000000000, 15.00000000000000000, -75.00000000000000000 ) ) ;
#1795 = DIRECTION ( 'NONE',  ( 1.000000000000000000, 0.000000000000000000, 0.000000000000000000 ) ) ;
#1796 = VECTOR ( 'NONE', #453, 1000.000000000000000 ) ;
#1797 = ADVANCED_FACE ( 'NONE', ( #881, #2116 ), #693, .T. ) ;
#1798 = LINE ( 'NONE', #1590, #2256 ) ;
#1799 = VERTEX_POINT ( 'NONE', #172 ) ;
#1800 = DIRECTION ( 'NONE',  ( -1.000000000000000000, 0.000000000000000000, 0.000000000000000000 ) ) ;
#1801 = LINE ( 'NONE', #1378, #506 ) ;
#1802 = ORIENTED_EDGE ( 'NONE', *, *, #1389, .T. ) ;
#1803 = ORIENTED_EDGE ( 'NONE', *, *, #1160, .F. ) ;
#1804 = PLANE ( 'NONE',  #472 ) ;
#1805 = EDGE_CURVE ( 'NONE', #2908, #47, #1357, .T. ) ;
#1806 =( NAMED_UNIT ( * ) PLANE_ANGLE_UNIT ( ) SI_UNIT ( $, .RADIAN. ) );
#1807 = ORIENTED_EDGE ( 'NONE', *, *, #1893, .T. ) ;
#1808 = CARTESIAN_POINT ( 'NONE',  ( -30.00000000000000711, 9.999999999999998224, -99.99999999999998579 ) ) ;
#1809 = CARTESIAN_POINT ( 'NONE',  ( 0.000000000000000000, -12.00000000000000000, -10.00000000000000000 ) ) ;
#1810 = EDGE_CURVE ( 'NONE', #932, #2711, #28, .T. ) ;
#1811 = DIRECTION ( 'NONE',  ( 1.000000000000000000, 0.000000000000000000, -1.156482317317871478E-16 ) ) ;
#1812 = CARTESIAN_POINT ( 'NONE',  ( 0.000000000000000000, 0.000000000000000000, -5.000000000000004441 ) ) ;
#1813 = EDGE_LOOP ( 'NONE', ( #1803, #1247 ) ) ;
#1814 = DIRECTION ( 'NONE',  ( 1.000000000000000000, 0.000000000000000000, 0.000000000000000000 ) ) ;
#1815 = VECTOR ( 'NONE', #527, 1000.000000000000000 ) ;
#1816 = ORIENTED_EDGE ( 'NONE', *, *, #3114, .T. ) ;
#1817 = ORIENTED_EDGE ( 'NONE', *, *, #2296, .T. ) ;
#1818 = VECTOR ( 'NONE', #987, 1000.000000000000000 ) ;
#1819 = DIRECTION ( 'NONE',  ( 0.000000000000000000, 0.000000000000000000, 1.000000000000000000 ) ) ;
#1820 = EDGE_CURVE ( 'NONE', #335, #1881, #2811, .T. ) ;
#1821 = DIRECTION ( 'NONE',  ( 0.000000000000000000, 0.000000000000000000, 1.000000000000000000 ) ) ;
#1822 = ORIENTED_EDGE ( 'NONE', *, *, #2238, .T. ) ;
#1823 = CARTESIAN_POINT ( 'NONE',  ( -50.00000000000000711, -15.00000000000000000, -99.99999999999998579 ) ) ;
#1824 = EDGE_LOOP ( 'NONE', ( #856, #1121 ) ) ;
#1825 = AXIS2_PLACEMENT_3D ( 'NONE', #2118, #1392, #1376 ) ;
#1826 = DIRECTION ( 'NONE',  ( 1.156482317317871478E-16, -0.000000000000000000, 1.000000000000000000 ) ) ;
#1827 = VECTOR ( 'NONE', #2983, 1000.000000000000000 ) ;
#1828 = EDGE_CURVE ( 'NONE', #3061, #2630, #2573, .T. ) ;
#1829 = CARTESIAN_POINT ( 'NONE',  ( -40.00000000000000711, 15.00000000000000000, -99.99999999999998579 ) ) ;
#1830 = CARTESIAN_POINT ( 'NONE',  ( -30.00000000000000711, 9.999999999999998224, -74.99999999999998579 ) ) ;
#1831 = EDGE_LOOP ( 'NONE', ( #1192, #2701 ) ) ;
#1832 = DIRECTION ( 'NONE',  ( 0.000000000000000000, 1.000000000000000000, -0.000000000000000000 ) ) ;
#1833 = VECTOR ( 'NONE', #3, 1000.000000000000000 ) ;
#1834 = ORIENTED_EDGE ( 'NONE', *, *, #1697, .T. ) ;
#1835 = ORIENTED_EDGE ( 'NONE', *, *, #478, .T. ) ;
#1836 = DIRECTION ( 'NONE',  ( 1.000000000000000000, 0.000000000000000000, -0.000000000000000000 ) ) ;
#1837 = DIRECTION ( 'NONE',  ( 0.000000000000000000, 1.000000000000000000, -0.000000000000000000 ) ) ;
#1838 = ORIENTED_EDGE ( 'NONE', *, *, #1428, .F. ) ;
#1839 = DIRECTION ( 'NONE',  ( -0.000000000000000000, -0.000000000000000000, 1.000000000000000000 ) ) ;
#1840 = ORIENTED_EDGE ( 'NONE', *, *, #1651, .F. ) ;
#1841 = CARTESIAN_POINT ( 'NONE',  ( 50.00000000000000000, -9.999999999999998224, -64.99999999999998579 ) ) ;
#1842 = AXIS2_PLACEMENT_3D ( 'NONE', #1755, #798, #2236 ) ;
#1843 = DIRECTION ( 'NONE',  ( 1.000000000000000000, 0.000000000000000000, 0.000000000000000000 ) ) ;
#1844 = AXIS2_PLACEMENT_3D ( 'NONE', #895, #438, #1418 ) ;
#1845 = EDGE_CURVE ( 'NONE', #47, #70, #3057, .T. ) ;
#1846 = ORIENTED_EDGE ( 'NONE', *, *, #192, .T. ) ;
#1847 = CARTESIAN_POINT ( 'NONE',  ( -20.00000000000000355, -30.00000000000000000, -29.99999999999999289 ) ) ;
#1848 = EDGE_CURVE ( 'NONE', #2088, #1677, #1650, .T. ) ;
#1849 = ORIENTED_EDGE ( 'NONE', *, *, #23, .F. ) ;
#1850 = EDGE_LOOP ( 'NONE', ( #343, #2378, #257, #2549 ) ) ;
#1851 = CARTESIAN_POINT ( 'NONE',  ( 50.00000000000000000, 30.00000000000000000, -1.836970198721029747E-14 ) ) ;
#1852 = PLANE ( 'NONE',  #1638 ) ;
#1853 = EDGE_CURVE ( 'NONE', #1918, #2615, #897, .T. ) ;
#1854 = ORIENTED_EDGE ( 'NONE', *, *, #79, .T. ) ;
#1855 = FACE_OUTER_BOUND ( 'NONE', #3010, .T. ) ;
#1856 = ORIENTED_EDGE ( 'NONE', *, *, #1389, .F. ) ;
#1857 = CARTESIAN_POINT ( 'NONE',  ( 5.000000000000000000, 0.000000000000000000, -110.0000000000000000 ) ) ;
#1858 = DIRECTION ( 'NONE',  ( -0.000000000000000000, 1.000000000000000000, -0.000000000000000000 ) ) ;
#1859 = EDGE_CURVE ( 'NONE', #741, #2908, #1618, .T. ) ;
#1860 = EDGE_LOOP ( 'NONE', ( #1698, #2075, #1759, #2029 ) ) ;
#1861 = LINE ( 'NONE', #1467, #318 ) ;
#1862 = ADVANCED_FACE ( 'NONE', ( #2134, #3090 ), #455, .T. ) ;
#1863 = FACE_OUTER_BOUND ( 'NONE', #2846, .T. ) ;
#1864 = ORIENTED_EDGE ( 'NONE', *, *, #1764, .T. ) ;
#1865 = VERTEX_POINT ( 'NONE', #1188 ) ;
#1866 = EDGE_CURVE ( 'NONE', #2477, #2820, #1218, .T. ) ;
#1867 = FACE_OUTER_BOUND ( 'NONE', #1850, .T. ) ;
#1868 = AXIS2_PLACEMENT_3D ( 'NONE', #2697, #314, #2196 ) ;
#1869 = DIRECTION ( 'NONE',  ( 1.000000000000000000, 0.000000000000000000, 0.000000000000000000 ) ) ;
#1870 = VECTOR ( 'NONE', #505, 1000.000000000000000 ) ;
#1871 = CARTESIAN_POINT ( 'NONE',  ( 0.000000000000000000, -12.00000000000000000, -10.00000000000000000 ) ) ;
#1872 = LINE ( 'NONE', #3071, #1689 ) ;
#1873 = VERTEX_POINT ( 'NONE', #1453 ) ;
#1874 = DIRECTION ( 'NONE',  ( -0.000000000000000000, 1.000000000000000000, -0.000000000000000000 ) ) ;
#1875 = AXIS2_PLACEMENT_3D ( 'NONE', #1690, #701, #2657 ) ;
#1876 = AXIS2_PLACEMENT_3D ( 'NONE', #63, #2979, #1025 ) ;
#1877 = LINE ( 'NONE', #1939, #507 ) ;
#1878 = ORIENTED_EDGE ( 'NONE', *, *, #2543, .F. ) ;
#1879 = DIRECTION ( 'NONE',  ( -0.000000000000000000, 0.000000000000000000, 1.000000000000000000 ) ) ;
#1880 = DIRECTION ( 'NONE',  ( 0.000000000000000000, -0.000000000000000000, -1.000000000000000000 ) ) ;
#1881 = VERTEX_POINT ( 'NONE', #1436 ) ;
#1882 = ORIENTED_EDGE ( 'NONE', *, *, #1753, .F. ) ;
#1883 = CYLINDRICAL_SURFACE ( 'NONE', #1632, 9.999999999999994671 ) ;
#1884 = CARTESIAN_POINT ( 'NONE',  ( 50.00000000000000711, 15.00000000000000000, -94.99999999999998579 ) ) ;
#1885 = AXIS2_PLACEMENT_3D ( 'NONE', #990, #2415, #2210 ) ;
#1886 = EDGE_CURVE ( 'NONE', #2107, #154, #768, .T. ) ;
#1887 = PLANE ( 'NONE',  #1875 ) ;
#1888 = AXIS2_PLACEMENT_3D ( 'NONE', #1611, #2568, #401 ) ;
#1889 = CYLINDRICAL_SURFACE ( 'NONE', #40, 1.799999999999999600 ) ;
#1890 = ORIENTED_EDGE ( 'NONE', *, *, #2583, .F. ) ;
#1891 = DIRECTION ( 'NONE',  ( 0.000000000000000000, 0.000000000000000000, -1.000000000000000000 ) ) ;
#1892 = DIRECTION ( 'NONE',  ( 1.060108790874715482E-14, 1.000000000000000000, 0.000000000000000000 ) ) ;
#1893 = EDGE_CURVE ( 'NONE', #2151, #1928, #1203, .T. ) ;
#1894 = AXIS2_PLACEMENT_3D ( 'NONE', #2252, #2516, #91 ) ;
#1895 = ORIENTED_EDGE ( 'NONE', *, *, #500, .F. ) ;
#1896 = CARTESIAN_POINT ( 'NONE',  ( 12.00000000000000000, -1.256933281983528008E-13, -10.00000000000000000 ) ) ;
#1897 = ORIENTED_EDGE ( 'NONE', *, *, #2840, .F. ) ;
#1898 = ORIENTED_EDGE ( 'NONE', *, *, #2141, .F. ) ;
#1899 = CARTESIAN_POINT ( 'NONE',  ( 29.99999999999999645, -30.00000000000000000, -20.00000000000000000 ) ) ;
#1900 = DIRECTION ( 'NONE',  ( 1.000000000000000000, 0.000000000000000000, 0.000000000000000000 ) ) ;
#1901 = EDGE_CURVE ( 'NONE', #2184, #2624, #2402, .T. ) ;
#1902 = LINE ( 'NONE', #2411, #1602 ) ;
#1903 = CARTESIAN_POINT ( 'NONE',  ( 40.00000000000000711, 30.00000000000000000, -71.79999999999998295 ) ) ;
#1904 = CIRCLE ( 'NONE', #145, 10.00000000000000178 ) ;
#1905 = ORIENTED_EDGE ( 'NONE', *, *, #1307, .T. ) ;
#1906 = CARTESIAN_POINT ( 'NONE',  ( 49.99999999999999289, 30.00000000000000000, -10.00000000000002132 ) ) ;
#1907 = ADVANCED_FACE ( 'NONE', ( #251, #1919 ), #35, .T. ) ;
#1908 = DIRECTION ( 'NONE',  ( -1.000000000000000000, 0.000000000000000000, 0.000000000000000000 ) ) ;
#1909 = ADVANCED_FACE ( 'NONE', ( #240 ), #734, .F. ) ;
#1910 = ORIENTED_EDGE ( 'NONE', *, *, #674, .T. ) ;
#1911 = CARTESIAN_POINT ( 'NONE',  ( 10.20000000000000107, -1.254728917745062725E-13, -10.00000000000000000 ) ) ;
#1912 = ORIENTED_EDGE ( 'NONE', *, *, #976, .T. ) ;
#1913 = ORIENTED_EDGE ( 'NONE', *, *, #1922, .T. ) ;
#1914 = FACE_OUTER_BOUND ( 'NONE', #3072, .T. ) ;
#1915 = CARTESIAN_POINT ( 'NONE',  ( -20.00000000000000355, 30.00000000000000000, -29.99999999999999289 ) ) ;
#1916 = CARTESIAN_POINT ( 'NONE',  ( 30.00000000000000711, 9.999999999999998224, -105.0000000000000000 ) ) ;
#1917 = LINE ( 'NONE', #262, #2530 ) ;
#1918 = VERTEX_POINT ( 'NONE', #2694 ) ;
#1919 = FACE_OUTER_BOUND ( 'NONE', #2319, .T. ) ;
#1920 = CIRCLE ( 'NONE', #1716, 9.999999999999994671 ) ;
#1921 = FACE_OUTER_BOUND ( 'NONE', #1546, .T. ) ;
#1922 = EDGE_CURVE ( 'NONE', #2369, #263, #2916, .T. ) ;
#1923 = EDGE_LOOP ( 'NONE', ( #2576, #852, #972, #2422 ) ) ;
#1924 = AXIS2_PLACEMENT_3D ( 'NONE', #1519, #342, #1069 ) ;
#1925 = CARTESIAN_POINT ( 'NONE',  ( 40.00000000000000000, 30.00000000000000000, -10.00000000000001776 ) ) ;
#1926 = VECTOR ( 'NONE', #916, 1000.000000000000000 ) ;
#1927 = ORIENTED_EDGE ( 'NONE', *, *, #1397, .F. ) ;
#1928 = VERTEX_POINT ( 'NONE', #1005 ) ;
#1929 = CARTESIAN_POINT ( 'NONE',  ( 30.00000000000000711, -9.999999999999994671, -100.0000000000000000 ) ) ;
#1930 = PLANE ( 'NONE',  #663 ) ;
#1931 = LINE ( 'NONE', #2671, #649 ) ;
#1932 = CARTESIAN_POINT ( 'NONE',  ( 1.799999999999999822, 12.00000000000000000, -10.00000000000000000 ) ) ;
#1933 = EDGE_CURVE ( 'NONE', #2630, #1431, #531, .T. ) ;
#1934 = ORIENTED_EDGE ( 'NONE', *, *, #559, .F. ) ;
#1935 = LINE ( 'NONE', #1661, #2041 ) ;
#1936 = VECTOR ( 'NONE', #929, 1000.000000000000000 ) ;
#1937 = PLANE ( 'NONE',  #462 ) ;
#1938 = AXIS2_PLACEMENT_3D ( 'NONE', #2725, #563, #1522 ) ;
#1939 = CARTESIAN_POINT ( 'NONE',  ( -50.00000000000000000, -15.00000000000000000, -75.00000000000000000 ) ) ;
#1940 = CARTESIAN_POINT ( 'NONE',  ( -30.00000000000000711, 9.999999999999998224, -94.99999999999998579 ) ) ;
#1941 = DIRECTION ( 'NONE',  ( 1.060108790874715482E-14, 1.000000000000000000, 0.000000000000000000 ) ) ;
#1942 = VERTEX_POINT ( 'NONE', #499 ) ;
#1943 = CARTESIAN_POINT ( 'NONE',  ( -40.00000000000000711, 9.999999999999998224, -99.99999999999998579 ) ) ;
#1944 = EDGE_CURVE ( 'NONE', #3111, #3076, #1678, .T. ) ;
#1945 = AXIS2_PLACEMENT_3D ( 'NONE', #1382, #2321, #2065 ) ;
#1946 = VERTEX_POINT ( 'NONE', #2631 ) ;
#1947 = ORIENTED_EDGE ( 'NONE', *, *, #3083, .T. ) ;
#1948 = CARTESIAN_POINT ( 'NONE',  ( 40.00000000000000711, 9.999999999999994671, -99.99999999999998579 ) ) ;
#1949 = EDGE_CURVE ( 'NONE', #82, #873, #2447, .T. ) ;
#1950 = AXIS2_PLACEMENT_3D ( 'NONE', #879, #2673, #2400 ) ;
#1951 = FACE_OUTER_BOUND ( 'NONE', #2385, .T. ) ;
#1952 = DIRECTION ( 'NONE',  ( 0.000000000000000000, -1.000000000000000000, 0.000000000000000000 ) ) ;
#1953 = VERTEX_POINT ( 'NONE', #2871 ) ;
#1954 = DIRECTION ( 'NONE',  ( -0.000000000000000000, 1.000000000000000000, -0.000000000000000000 ) ) ;
#1955 = EDGE_CURVE ( 'NONE', #454, #3025, #526, .T. ) ;
#1956 = LINE ( 'NONE', #2679, #1977 ) ;
#1957 = ORIENTED_EDGE ( 'NONE', *, *, #457, .F. ) ;
#1958 = CARTESIAN_POINT ( 'NONE',  ( -40.00000000000000711, -15.00000000000000000, -71.79999999999998295 ) ) ;
#1959 = LINE ( 'NONE', #1177, #769 ) ;
#1960 = VERTEX_POINT ( 'NONE', #2150 ) ;
#1961 = DIRECTION ( 'NONE',  ( -0.000000000000000000, 1.000000000000000000, -0.000000000000000000 ) ) ;
#1962 = EDGE_CURVE ( 'NONE', #227, #2950, #720, .T. ) ;
#1963 = ORIENTED_EDGE ( 'NONE', *, *, #2086, .T. ) ;
#1964 = FACE_OUTER_BOUND ( 'NONE', #670, .T. ) ;
#1965 = DIRECTION ( 'NONE',  ( -0.000000000000000000, 1.000000000000000000, -0.000000000000000000 ) ) ;
#1966 = FACE_OUTER_BOUND ( 'NONE', #1626, .T. ) ;
#1967 = EDGE_CURVE ( 'NONE', #605, #1503, #484, .T. ) ;
#1968 = EDGE_LOOP ( 'NONE', ( #422, #757, #1910, #2257 ) ) ;
#1969 = DIRECTION ( 'NONE',  ( -0.000000000000000000, -1.000000000000000000, -0.000000000000000000 ) ) ;
#1970 = FACE_BOUND ( 'NONE', #2047, .T. ) ;
#1971 = ORIENTED_EDGE ( 'NONE', *, *, #1805, .F. ) ;
#1972 = DIRECTION ( 'NONE',  ( -1.000000000000000000, 0.000000000000000000, 0.000000000000000000 ) ) ;
#1973 = CARTESIAN_POINT ( 'NONE',  ( -40.00000000000000711, -30.00000000000000000, -99.99999999999998579 ) ) ;
#1974 = AXIS2_PLACEMENT_3D ( 'NONE', #2372, #206, #20 ) ;
#1975 = VECTOR ( 'NONE', #1961, 1000.000000000000000 ) ;
#1976 = EDGE_LOOP ( 'NONE', ( #2301, #1512, #539, #1004 ) ) ;
#1977 = VECTOR ( 'NONE', #517, 1000.000000000000000 ) ;
#1978 = LINE ( 'NONE', #2731, #211 ) ;
#1979 = VECTOR ( 'NONE', #385, 1000.000000000000000 ) ;
#1980 = EDGE_LOOP ( 'NONE', ( #935, #808 ) ) ;
#1981 = CIRCLE ( 'NONE', #1126, 9.999999999999994671 ) ;
#1982 = FACE_OUTER_BOUND ( 'NONE', #2539, .T. ) ;
#1983 = CARTESIAN_POINT ( 'NONE',  ( 40.00000000000000711, -30.00000000000000000, -69.99999999999998579 ) ) ;
#1984 = CIRCLE ( 'NONE', #2787, 9.999999999999994671 ) ;
#1985 = CARTESIAN_POINT ( 'NONE',  ( 49.99999999999997158, 30.00000000000000000, -100.0000000000000000 ) ) ;
#1986 = ORIENTED_EDGE ( 'NONE', *, *, #1625, .F. ) ;
#1987 = DIRECTION ( 'NONE',  ( 0.000000000000000000, 0.000000000000000000, 1.000000000000000000 ) ) ;
#1988 = EDGE_CURVE ( 'NONE', #1163, #3076, #264, .T. ) ;
#1989 = CYLINDRICAL_SURFACE ( 'NONE', #2940, 1.799999999999996048 ) ;
#1990 = ORIENTED_EDGE ( 'NONE', *, *, #705, .F. ) ;
#1991 = LINE ( 'NONE', #2464, #1715 ) ;
#1992 = CARTESIAN_POINT ( 'NONE',  ( 50.00000000000000000, 30.00000000000000000, -10.00000000000001776 ) ) ;
#1993 = AXIS2_PLACEMENT_3D ( 'NONE', #2587, #2340, #2842 ) ;
#1994 = AXIS2_PLACEMENT_3D ( 'NONE', #2306, #641, #1596 ) ;
#1995 = VERTEX_POINT ( 'NONE', #1233 ) ;
#1996 = LINE ( 'NONE', #1300, #1470 ) ;
#1997 = EDGE_CURVE ( 'NONE', #1673, #3008, #1248, .T. ) ;
#1998 = ORIENTED_EDGE ( 'NONE', *, *, #1820, .T. ) ;
#1999 = CARTESIAN_POINT ( 'NONE',  ( -40.00000000000000711, 30.00000000000000000, -69.99999999999998579 ) ) ;
#2000 = CARTESIAN_POINT ( 'NONE',  ( 12.00000000000000000, -1.256933281983528008E-13, -10.00000000000000000 ) ) ;
#2001 = FACE_OUTER_BOUND ( 'NONE', #2265, .T. ) ;
#2002 = VECTOR ( 'NONE', #1458, 1000.000000000000000 ) ;
#2003 = ORIENTED_EDGE ( 'NONE', *, *, #1788, .T. ) ;
#2004 = DIRECTION ( 'NONE',  ( 0.000000000000000000, 1.000000000000000000, 0.000000000000000000 ) ) ;
#2005 = EDGE_CURVE ( 'NONE', #239, #1042, #1935, .T. ) ;
#2006 = DIRECTION ( 'NONE',  ( 1.000000000000000000, 0.000000000000000000, -6.938893903907229610E-17 ) ) ;
#2007 = VERTEX_POINT ( 'NONE', #818 ) ;
#2008 = PLANE ( 'NONE',  #1500 ) ;
#2009 = FACE_OUTER_BOUND ( 'NONE', #684, .T. ) ;
#2010 = ADVANCED_FACE ( 'NONE', ( #1088 ), #1022, .F. ) ;
#2011 = EDGE_LOOP ( 'NONE', ( #2043, #797 ) ) ;
#2012 = DIRECTION ( 'NONE',  ( -0.000000000000000000, -1.000000000000000000, -0.000000000000000000 ) ) ;
#2013 = ORIENTED_EDGE ( 'NONE', *, *, #770, .T. ) ;
#2014 = AXIS2_PLACEMENT_3D ( 'NONE', #2427, #2145, #3115 ) ;
#2015 = CARTESIAN_POINT ( 'NONE',  ( -40.00000000000000711, -9.999999999999998224, -69.99999999999998579 ) ) ;
#2016 = LINE ( 'NONE', #2031, #356 ) ;
#2017 = CARTESIAN_POINT ( 'NONE',  ( -40.00000000000000711, -30.00000000000000000, -99.99999999999998579 ) ) ;
#2018 = VERTEX_POINT ( 'NONE', #3011 ) ;
#2019 = FACE_OUTER_BOUND ( 'NONE', #1538, .T. ) ;
#2020 = CYLINDRICAL_SURFACE ( 'NONE', #2681, 1.799999999999996048 ) ;
#2021 = VERTEX_POINT ( 'NONE', #1073 ) ;
#2022 = CARTESIAN_POINT ( 'NONE',  ( 39.99999999999998579, -30.00000000000000000, -110.0000000000000000 ) ) ;
#2023 = CARTESIAN_POINT ( 'NONE',  ( 0.000000000000000000, 0.000000000000000000, -5.000000000000000000 ) ) ;
#2024 = AXIS2_PLACEMENT_3D ( 'NONE', #669, #1832, #1128 ) ;
#2025 = EDGE_LOOP ( 'NONE', ( #2345, #2791 ) ) ;
#2026 = AXIS2_PLACEMENT_3D ( 'NONE', #1731, #300, #1265 ) ;
#2027 = PLANE ( 'NONE',  #509 ) ;
#2028 = ADVANCED_FACE ( 'NONE', ( #329 ), #78, .T. ) ;
#2029 = ORIENTED_EDGE ( 'NONE', *, *, #139, .T. ) ;
#2030 = FACE_OUTER_BOUND ( 'NONE', #751, .T. ) ;
#2031 = CARTESIAN_POINT ( 'NONE',  ( 50.00000000000000000, -9.999999999999998224, -75.00000000000000000 ) ) ;
#2032 = LINE ( 'NONE', #2254, #1523 ) ;
#2033 = ORIENTED_EDGE ( 'NONE', *, *, #3074, .F. ) ;
#2034 = DIRECTION ( 'NONE',  ( -0.000000000000000000, -1.000000000000000000, -0.000000000000000000 ) ) ;
#2035 = CIRCLE ( 'NONE', #1078, 1.799999999999996048 ) ;
#2036 = PRESENTATION_STYLE_ASSIGNMENT (( #788 ) ) ;
#2037 = ORIENTED_EDGE ( 'NONE', *, *, #181, .T. ) ;
#2038 = FACE_OUTER_BOUND ( 'NONE', #1211, .T. ) ;
#2039 = LINE ( 'NONE', #2999, #2341 ) ;
#2040 = FACE_OUTER_BOUND ( 'NONE', #1718, .T. ) ;
#2041 = VECTOR ( 'NONE', #470, 1000.000000000000000 ) ;
#2042 = AXIS2_PLACEMENT_3D ( 'NONE', #1365, #2334, #893 ) ;
#2043 = ORIENTED_EDGE ( 'NONE', *, *, #1810, .F. ) ;
#2044 = CARTESIAN_POINT ( 'NONE',  ( -30.00000000000000711, -15.00000000000000000, -74.99999999999998579 ) ) ;
#2045 = CARTESIAN_POINT ( 'NONE',  ( -50.00000000000000711, 9.999999999999998224, -94.99999999999998579 ) ) ;
#2046 = EDGE_LOOP ( 'NONE', ( #547, #288, #388, #2504 ) ) ;
#2047 = EDGE_LOOP ( 'NONE', ( #11, #1778 ) ) ;
#2048 = EDGE_CURVE ( 'NONE', #119, #712, #1292, .T. ) ;
#2049 = DIRECTION ( 'NONE',  ( 0.000000000000000000, 0.000000000000000000, -1.000000000000000000 ) ) ;
#2050 = UNCERTAINTY_MEASURE_WITH_UNIT (LENGTH_MEASURE( 1.000000000000000082E-05 ), #2492, 'distance_accuracy_value', 'NONE');
#2051 = DIRECTION ( 'NONE',  ( -0.000000000000000000, 1.000000000000000000, -0.000000000000000000 ) ) ;
#2052 = ORIENTED_EDGE ( 'NONE', *, *, #597, .F. ) ;
#2053 = AXIS2_PLACEMENT_3D ( 'NONE', #1999, #2486, #1082 ) ;
#2054 = DIRECTION ( 'NONE',  ( -0.000000000000000000, 0.000000000000000000, 1.000000000000000000 ) ) ;
#2055 = CARTESIAN_POINT ( 'NONE',  ( 29.99999999999998934, 30.00000000000000000, -100.0000000000000000 ) ) ;
#2056 = CARTESIAN_POINT ( 'NONE',  ( -12.00000000000000000, 4.189777606611760026E-14, -10.00000000000000000 ) ) ;
#2057 = CARTESIAN_POINT ( 'NONE',  ( 40.00000000000000711, -15.00000000000000000, -69.99999999999998579 ) ) ;
#2058 = AXIS2_PLACEMENT_3D ( 'NONE', #1553, #595, #2540 ) ;
#2059 = ORIENTED_EDGE ( 'NONE', *, *, #1116, .T. ) ;
#2060 = EDGE_CURVE ( 'NONE', #3061, #1380, #110, .T. ) ;
#2061 = CARTESIAN_POINT ( 'NONE',  ( 0.000000000000000000, -12.00000000000000000, -10.00000000000000000 ) ) ;
#2062 = ORIENTED_EDGE ( 'NONE', *, *, #1866, .F. ) ;
#2063 = ORIENTED_EDGE ( 'NONE', *, *, #1733, .T. ) ;
#2064 = PLANE ( 'NONE',  #679 ) ;
#2065 = DIRECTION ( 'NONE',  ( 0.000000000000000000, 0.000000000000000000, 1.000000000000000000 ) ) ;
#2066 = EDGE_CURVE ( 'NONE', #2221, #242, #344, .T. ) ;
#2067 = ORIENTED_EDGE ( 'NONE', *, *, #500, .T. ) ;
#2068 = DIRECTION ( 'NONE',  ( -0.000000000000000000, -1.000000000000000000, 0.000000000000000000 ) ) ;
#2069 = CARTESIAN_POINT ( 'NONE',  ( 50.00000000000000000, 9.999999999999998224, -64.99999999999998579 ) ) ;
#2070 = CARTESIAN_POINT ( 'NONE',  ( -40.00000000000000711, -30.00000000000000000, -71.79999999999998295 ) ) ;
#2071 = DIRECTION ( 'NONE',  ( -0.000000000000000000, -0.000000000000000000, -1.000000000000000000 ) ) ;
#2072 = VERTEX_POINT ( 'NONE', #848 ) ;
#2073 = DIRECTION ( 'NONE',  ( 1.040834085586084059E-15, 0.000000000000000000, -1.000000000000000000 ) ) ;
#2074 = AXIS2_PLACEMENT_3D ( 'NONE', #1396, #382, #2089 ) ;
#2075 = ORIENTED_EDGE ( 'NONE', *, *, #1443, .F. ) ;
#2076 = ORIENTED_EDGE ( 'NONE', *, *, #2636, .F. ) ;
#2077 = CARTESIAN_POINT ( 'NONE',  ( 0.000000000000000000, 0.000000000000000000, -5.000000000000000000 ) ) ;
#2078 = FACE_OUTER_BOUND ( 'NONE', #610, .T. ) ;
#2079 = EDGE_LOOP ( 'NONE', ( #983, #3048, #1701, #179, #2654, #2, #523, #3104, #1728, #645, #3097, #1849 ) ) ;
#2080 = DIRECTION ( 'NONE',  ( 1.000000000000000000, 0.000000000000000000, 0.000000000000000000 ) ) ;
#2081 = ORIENTED_EDGE ( 'NONE', *, *, #190, .F. ) ;
#2082 = AXIS2_PLACEMENT_3D ( 'NONE', #1156, #2344, #2529 ) ;
#2083 = PLANE ( 'NONE',  #2895 ) ;
#2084 = AXIS2_PLACEMENT_3D ( 'NONE', #2524, #1059, #3015 ) ;
#2085 = ADVANCED_FACE ( 'NONE', ( #2272 ), #1804, .F. ) ;
#2086 = EDGE_CURVE ( 'NONE', #1225, #2021, #2740, .T. ) ;
#2087 = CARTESIAN_POINT ( 'NONE',  ( 49.99999999999997868, -15.00000000000000000, -64.99999999999998579 ) ) ;
#2088 = VERTEX_POINT ( 'NONE', #2978 ) ;
#2089 = DIRECTION ( 'NONE',  ( 0.000000000000000000, 0.000000000000000000, 1.000000000000000000 ) ) ;
#2090 = VECTOR ( 'NONE', #646, 1000.000000000000000 ) ;
#2091 = ADVANCED_FACE ( 'NONE', ( #2019 ), #1743, .F. ) ;
#2092 = VERTEX_POINT ( 'NONE', #1054 ) ;
#2093 = ORIENTED_EDGE ( 'NONE', *, *, #2774, .T. ) ;
#2094 = DIRECTION ( 'NONE',  ( 0.000000000000000000, 1.000000000000000000, 0.000000000000000000 ) ) ;
#2095 = DIRECTION ( 'NONE',  ( -0.000000000000000000, -1.000000000000000000, -0.000000000000000000 ) ) ;
#2096 = VERTEX_POINT ( 'NONE', #296 ) ;
#2097 = DIRECTION ( 'NONE',  ( -3.854941057726238689E-15, -1.000000000000000000, 0.000000000000000000 ) ) ;
#2098 = ORIENTED_EDGE ( 'NONE', *, *, #1717, .F. ) ;
#2099 = FACE_OUTER_BOUND ( 'NONE', #1261, .T. ) ;
#2100 = ADVANCED_FACE ( 'NONE', ( #1321 ), #2962, .T. ) ;
#2101 = DIRECTION ( 'NONE',  ( 0.000000000000000000, 0.000000000000000000, -1.000000000000000000 ) ) ;
#2102 = EDGE_CURVE ( 'NONE', #562, #1673, #1783, .T. ) ;
#2103 = AXIS2_PLACEMENT_3D ( 'NONE', #471, #2619, #1892 ) ;
#2104 = FACE_OUTER_BOUND ( 'NONE', #391, .T. ) ;
#2105 = EDGE_CURVE ( 'NONE', #1435, #1493, #378, .T. ) ;
#2106 = CARTESIAN_POINT ( 'NONE',  ( -40.00000000000000711, -9.999999999999998224, -101.7999999999999829 ) ) ;
#2107 = VERTEX_POINT ( 'NONE', #1760 ) ;
#2108 = CYLINDRICAL_SURFACE ( 'NONE', #2176, 1.799999999999996048 ) ;
#2109 = ORIENTED_EDGE ( 'NONE', *, *, #546, .T. ) ;
#2110 = ORIENTED_EDGE ( 'NONE', *, *, #2781, .T. ) ;
#2111 = DIRECTION ( 'NONE',  ( -1.000000000000000000, 0.000000000000000000, 3.469446951953615175E-16 ) ) ;
#2112 = DIRECTION ( 'NONE',  ( -0.000000000000000000, 0.000000000000000000, 1.000000000000000000 ) ) ;
#2113 = ORIENTED_EDGE ( 'NONE', *, *, #1773, .T. ) ;
#2114 = CARTESIAN_POINT ( 'NONE',  ( 50.00000000000000000, -9.999999999999998224, -75.00000000000000000 ) ) ;
#2115 = VERTEX_POINT ( 'NONE', #62 ) ;
#2116 = FACE_BOUND ( 'NONE', #2186, .T. ) ;
#2117 = CARTESIAN_POINT ( 'NONE',  ( 0.000000000000000000, 0.000000000000000000, 0.000000000000000000 ) ) ;
#2118 = CARTESIAN_POINT ( 'NONE',  ( -40.00000000000000711, 9.999999999999998224, -99.99999999999998579 ) ) ;
#2119 = ORIENTED_EDGE ( 'NONE', *, *, #1733, .F. ) ;
#2120 = DIRECTION ( 'NONE',  ( 1.000000000000000000, 0.000000000000000000, 0.000000000000000000 ) ) ;
#2121 = FACE_OUTER_BOUND ( 'NONE', #2308, .T. ) ;
#2122 = EDGE_CURVE ( 'NONE', #2184, #271, #2593, .T. ) ;
#2123 = ORIENTED_EDGE ( 'NONE', *, *, #1529, .F. ) ;
#2124 = AXIS2_PLACEMENT_3D ( 'NONE', #2974, #2285, #590 ) ;
#2125 = ORIENTED_EDGE ( 'NONE', *, *, #2472, .T. ) ;
#2126 = CARTESIAN_POINT ( 'NONE',  ( -40.00000000000000711, 15.00000000000000000, -98.19999999999998863 ) ) ;
#2127 = CIRCLE ( 'NONE', #1974, 1.799999999999996048 ) ;
#2128 = CYLINDRICAL_SURFACE ( 'NONE', #89, 1.799999999999996048 ) ;
#2129 = AXIS2_PLACEMENT_3D ( 'NONE', #196, #980, #1193 ) ;
#2130 = CARTESIAN_POINT ( 'NONE',  ( -30.00000000000000711, 9.999999999999998224, -94.99999999999998579 ) ) ;
#2131 = CARTESIAN_POINT ( 'NONE',  ( 12.00000000000000000, -1.256933281983528008E-13, -10.00000000000000000 ) ) ;
#2132 = VECTOR ( 'NONE', #280, 1000.000000000000000 ) ;
#2133 = ORIENTED_EDGE ( 'NONE', *, *, #176, .T. ) ;
#2134 = FACE_BOUND ( 'NONE', #2349, .T. ) ;
#2135 = AXIS2_PLACEMENT_3D ( 'NONE', #209, #2361, #446 ) ;
#2136 = VECTOR ( 'NONE', #1491, 1000.000000000000000 ) ;
#2137 = VECTOR ( 'NONE', #330, 1000.000000000000000 ) ;
#2138 = DIRECTION ( 'NONE',  ( -0.000000000000000000, -1.000000000000000000, -0.000000000000000000 ) ) ;
#2139 = VERTEX_POINT ( 'NONE', #125 ) ;
#2140 = CARTESIAN_POINT ( 'NONE',  ( 39.99999999999998579, 15.00000000000000000, -100.0000000000000000 ) ) ;
#2141 = EDGE_CURVE ( 'NONE', #878, #562, #1550, .T. ) ;
#2142 = EDGE_LOOP ( 'NONE', ( #2169, #1750, #1119, #3040, #667, #1021, #2813, #2052, #2244, #2760, #1387, #1649 ) ) ;
#2143 = ORIENTED_EDGE ( 'NONE', *, *, #2860, .T. ) ;
#2144 = DIRECTION ( 'NONE',  ( 0.000000000000000000, 1.000000000000000000, 0.000000000000000000 ) ) ;
#2145 = DIRECTION ( 'NONE',  ( -0.000000000000000000, -1.000000000000000000, -0.000000000000000000 ) ) ;
#2146 = VECTOR ( 'NONE', #2425, 1000.000000000000000 ) ;
#2147 = CARTESIAN_POINT ( 'NONE',  ( -12.00000000000000000, 4.189777606611760026E-14, -10.00000000000000000 ) ) ;
#2148 = ADVANCED_FACE ( 'NONE', ( #803 ), #355, .F. ) ;
#2149 = VERTEX_POINT ( 'NONE', #167 ) ;
#2150 = CARTESIAN_POINT ( 'NONE',  ( -50.00000000000000711, -15.00000000000000000, -94.99999999999998579 ) ) ;
#2151 = VERTEX_POINT ( 'NONE', #2126 ) ;
#2152 = AXIS2_PLACEMENT_3D ( 'NONE', #2598, #1366, #1104 ) ;
#2153 = ORIENTED_EDGE ( 'NONE', *, *, #365, .F. ) ;
#2154 = FACE_BOUND ( 'NONE', #1813, .T. ) ;
#2155 = AXIS2_PLACEMENT_3D ( 'NONE', #885, #855, #1139 ) ;
#2156 = EDGE_CURVE ( 'NONE', #825, #655, #1115, .T. ) ;
#2157 = ORIENTED_EDGE ( 'NONE', *, *, #750, .T. ) ;
#2158 = VERTEX_POINT ( 'NONE', #624 ) ;
#2159 = DIRECTION ( 'NONE',  ( 1.060108790874715482E-14, 1.000000000000000000, 0.000000000000000000 ) ) ;
#2160 = DIRECTION ( 'NONE',  ( 0.000000000000000000, -1.000000000000000000, -0.000000000000000000 ) ) ;
#2161 = CARTESIAN_POINT ( 'NONE',  ( -40.00000000000000711, 15.00000000000000000, -68.20000000000000284 ) ) ;
#2162 = CARTESIAN_POINT ( 'NONE',  ( 39.99999999999998579, 30.00000000000000000, -110.0000000000000000 ) ) ;
#2163 = AXIS2_PLACEMENT_3D ( 'NONE', #249, #1450, #1676 ) ;
#2164 = ORIENTED_EDGE ( 'NONE', *, *, #1099, .T. ) ;
#2165 = CARTESIAN_POINT ( 'NONE',  ( -40.00000000000000711, 9.999999999999994671, -69.99999999999998579 ) ) ;
#2166 = ADVANCED_FACE ( 'NONE', ( #1582 ), #2836, .F. ) ;
#2167 = CARTESIAN_POINT ( 'NONE',  ( -40.00000000000000711, -9.999999999999998224, -105.0000000000000000 ) ) ;
#2168 = CARTESIAN_POINT ( 'NONE',  ( -50.00000000000000000, 9.999999999999998224, -75.00000000000000000 ) ) ;
#2169 = ORIENTED_EDGE ( 'NONE', *, *, #3083, .F. ) ;
#2170 = DIRECTION ( 'NONE',  ( 0.000000000000000000, 0.000000000000000000, 1.000000000000000000 ) ) ;
#2171 = EDGE_CURVE ( 'NONE', #1127, #878, #2746, .T. ) ;
#2172 = EDGE_LOOP ( 'NONE', ( #1305, #525, #2708, #3018 ) ) ;
#2173 = ORIENTED_EDGE ( 'NONE', *, *, #379, .T. ) ;
#2174 = DIRECTION ( 'NONE',  ( 0.000000000000000000, -0.000000000000000000, 1.000000000000000000 ) ) ;
#2175 = LINE ( 'NONE', #452, #1429 ) ;
#2176 = AXIS2_PLACEMENT_3D ( 'NONE', #2591, #2330, #653 ) ;
#2177 = CARTESIAN_POINT ( 'NONE',  ( -40.00000000000000000, 30.00000000000000000, -1.836970198721029983E-15 ) ) ;
#2178 = ORIENTED_EDGE ( 'NONE', *, *, #1329, .T. ) ;
#2179 = DIRECTION ( 'NONE',  ( -0.000000000000000000, 0.000000000000000000, -1.000000000000000000 ) ) ;
#2180 = AXIS2_PLACEMENT_3D ( 'NONE', #1943, #1224, #2848 ) ;
#2181 = EDGE_CURVE ( 'NONE', #651, #1348, #81, .T. ) ;
#2182 = CARTESIAN_POINT ( 'NONE',  ( 40.00000000000000711, 30.00000000000000000, -101.7999999999999829 ) ) ;
#2183 = ADVANCED_FACE ( 'NONE', ( #1147, #184, #1336 ), #2581, .F. ) ;
#2184 = VERTEX_POINT ( 'NONE', #1567 ) ;
#2185 = FACE_OUTER_BOUND ( 'NONE', #1976, .T. ) ;
#2186 = EDGE_LOOP ( 'NONE', ( #2229, #417 ) ) ;
#2187 = VERTEX_POINT ( 'NONE', #200 ) ;
#2188 = ADVANCED_FACE ( 'NONE', ( #389, #1164, #1352, #2320, #1628, #140 ), #373, .T. ) ;
#2189 = CARTESIAN_POINT ( 'NONE',  ( 0.000000000000000000, 0.000000000000000000, -5.000000000000004441 ) ) ;
#2190 = DIRECTION ( 'NONE',  ( -0.000000000000000000, 1.000000000000000000, -0.000000000000000000 ) ) ;
#2191 = DIRECTION ( 'NONE',  ( 0.000000000000000000, 0.000000000000000000, 1.000000000000000000 ) ) ;
#2192 = ORIENTED_EDGE ( 'NONE', *, *, #2992, .F. ) ;
#2193 = DIRECTION ( 'NONE',  ( -1.000000000000000000, 0.000000000000000000, 1.156482317317871478E-16 ) ) ;
#2194 = VECTOR ( 'NONE', #2432, 1000.000000000000000 ) ;
#2195 = AXIS2_PLACEMENT_3D ( 'NONE', #1687, #260, #480 ) ;
#2196 = DIRECTION ( 'NONE',  ( 0.000000000000000000, 0.000000000000000000, -1.000000000000000000 ) ) ;
#2197 = ADVANCED_FACE ( 'NONE', ( #3084 ), #3038, .F. ) ;
#2198 = CARTESIAN_POINT ( 'NONE',  ( -40.00000000000000711, 30.00000000000000000, -109.9999999999999858 ) ) ;
#2199 = VERTEX_POINT ( 'NONE', #657 ) ;
#2200 = FACE_OUTER_BOUND ( 'NONE', #1356, .T. ) ;
#2201 = ADVANCED_FACE ( 'NONE', ( #905, #2597 ), #2064, .F. ) ;
#2202 = AXIS2_PLACEMENT_3D ( 'NONE', #2911, #967, #1212 ) ;
#2203 = ORIENTED_EDGE ( 'NONE', *, *, #1886, .T. ) ;
#2204 = CARTESIAN_POINT ( 'NONE',  ( 50.00000000000000000, -9.999999999999998224, -64.99999999999998579 ) ) ;
#2205 = CARTESIAN_POINT ( 'NONE',  ( 40.00000000000000711, -30.00000000000000000, -99.99999999999998579 ) ) ;
#2206 = VECTOR ( 'NONE', #842, 1000.000000000000000 ) ;
#2207 = CARTESIAN_POINT ( 'NONE',  ( -30.00000000000000711, -15.00000000000000000, -99.99999999999998579 ) ) ;
#2208 = FACE_BOUND ( 'NONE', #2646, .T. ) ;
#2209 = VERTEX_POINT ( 'NONE', #923 ) ;
#2210 = DIRECTION ( 'NONE',  ( -0.000000000000000000, 0.000000000000000000, -1.000000000000000000 ) ) ;
#2211 = CARTESIAN_POINT ( 'NONE',  ( 39.99999999999998579, -30.00000000000000000, -100.0000000000000000 ) ) ;
#2212 = CARTESIAN_POINT ( 'NONE',  ( 0.000000000000000000, 12.00000000000000000, -10.00000000000000000 ) ) ;
#2213 = DIRECTION ( 'NONE',  ( -0.000000000000000000, 0.000000000000000000, -1.000000000000000000 ) ) ;
#2214 = ORIENTED_EDGE ( 'NONE', *, *, #2458, .F. ) ;
#2215 = LINE ( 'NONE', #778, #258 ) ;
#2216 = ORIENTED_EDGE ( 'NONE', *, *, #1705, .F. ) ;
#2217 = ADVANCED_FACE ( 'NONE', ( #1867 ), #1883, .T. ) ;
#2218 = CARTESIAN_POINT ( 'NONE',  ( 40.00000000000000711, 9.999999999999994671, -99.99999999999998579 ) ) ;
#2219 = CYLINDRICAL_SURFACE ( 'NONE', #1514, 9.999999999999994671 ) ;
#2220 = DIRECTION ( 'NONE',  ( 0.000000000000000000, 0.000000000000000000, 1.000000000000000000 ) ) ;
#2221 = VERTEX_POINT ( 'NONE', #3022 ) ;
#2222 = DIRECTION ( 'NONE',  ( -0.000000000000000000, 1.000000000000000000, -0.000000000000000000 ) ) ;
#2223 = FACE_OUTER_BOUND ( 'NONE', #1487, .T. ) ;
#2224 = ORIENTED_EDGE ( 'NONE', *, *, #826, .T. ) ;
#2225 = CARTESIAN_POINT ( 'NONE',  ( 40.00000000000000711, -15.00000000000000000, -68.20000000000000284 ) ) ;
#2226 = LINE ( 'NONE', #1940, #1926 ) ;
#2227 = CIRCLE ( 'NONE', #1270, 1.799999999999996048 ) ;
#2228 = EDGE_CURVE ( 'NONE', #1598, #2018, #1334, .T. ) ;
#2229 = ORIENTED_EDGE ( 'NONE', *, *, #1955, .T. ) ;
#2230 = AXIS2_PLACEMENT_3D ( 'NONE', #1663, #2448, #2710 ) ;
#2231 = FACE_OUTER_BOUND ( 'NONE', #2802, .T. ) ;
#2232 = VECTOR ( 'NONE', #2502, 1000.000000000000000 ) ;
#2233 = EDGE_LOOP ( 'NONE', ( #696, #27 ) ) ;
#2234 = VECTOR ( 'NONE', #1395, 1000.000000000000000 ) ;
#2235 = EDGE_CURVE ( 'NONE', #1151, #1176, #475, .T. ) ;
#2236 = DIRECTION ( 'NONE',  ( 1.000000000000000000, 0.000000000000000000, 0.000000000000000000 ) ) ;
#2237 = DIRECTION ( 'NONE',  ( -0.000000000000000000, -1.000000000000000000, -0.000000000000000000 ) ) ;
#2238 = EDGE_CURVE ( 'NONE', #605, #553, #631, .T. ) ;
#2239 = LINE ( 'NONE', #1727, #2843 ) ;
#2240 = ORIENTED_EDGE ( 'NONE', *, *, #2438, .T. ) ;
#2241 = DIRECTION ( 'NONE',  ( 0.000000000000000000, 1.000000000000000000, -0.000000000000000000 ) ) ;
#2242 = DIRECTION ( 'NONE',  ( 0.000000000000000000, 0.000000000000000000, 1.000000000000000000 ) ) ;
#2243 = ADVANCED_FACE ( 'NONE', ( #3100, #2641 ), #1213, .T. ) ;
#2244 = ORIENTED_EDGE ( 'NONE', *, *, #920, .T. ) ;
#2245 = FACE_BOUND ( 'NONE', #2493, .T. ) ;
#2246 = LINE ( 'NONE', #1528, #2485 ) ;
#2247 = CIRCLE ( 'NONE', #2395, 9.999999999999994671 ) ;
#2248 = AXIS2_PLACEMENT_3D ( 'NONE', #1948, #2912, #747 ) ;
#2249 = ORIENTED_EDGE ( 'NONE', *, *, #2122, .F. ) ;
#2250 = LINE ( 'NONE', #2440, #1975 ) ;
#2251 = ORIENTED_EDGE ( 'NONE', *, *, #325, .T. ) ;
#2252 = CARTESIAN_POINT ( 'NONE',  ( -40.00000000000000711, -30.00000000000000000, -69.99999999999998579 ) ) ;
#2253 = PLANE ( 'NONE',  #2625 ) ;
#2254 = CARTESIAN_POINT ( 'NONE',  ( -50.00000000000000000, 9.999999999999998224, -64.99999999999998579 ) ) ;
#2255 = CIRCLE ( 'NONE', #434, 1.799999999999996048 ) ;
#2256 = VECTOR ( 'NONE', #2327, 1000.000000000000000 ) ;
#2257 = ORIENTED_EDGE ( 'NONE', *, *, #1705, .T. ) ;
#2258 = CARTESIAN_POINT ( 'NONE',  ( -50.00000000000000711, 9.999999999999998224, -94.99999999999998579 ) ) ;
#2259 = AXIS2_PLACEMENT_3D ( 'NONE', #1599, #202, #941 ) ;
#2260 = FACE_OUTER_BOUND ( 'NONE', #2079, .T. ) ;
#2261 = ORIENTED_EDGE ( 'NONE', *, *, #3028, .T. ) ;
#2262 = DIRECTION ( 'NONE',  ( 0.000000000000000000, 0.000000000000000000, 1.000000000000000000 ) ) ;
#2263 = FACE_OUTER_BOUND ( 'NONE', #2822, .T. ) ;
#2264 = EDGE_CURVE ( 'NONE', #491, #2199, #1485, .T. ) ;
#2265 = EDGE_LOOP ( 'NONE', ( #2634, #1532, #1509, #1301 ) ) ;
#2266 = DIRECTION ( 'NONE',  ( -1.000000000000000000, 0.000000000000000000, 6.938893903907230350E-16 ) ) ;
#2267 = ORIENTED_EDGE ( 'NONE', *, *, #1063, .T. ) ;
#2268 = CARTESIAN_POINT ( 'NONE',  ( 40.00000000000000711, -9.999999999999998224, -99.99999999999998579 ) ) ;
#2269 = DIRECTION ( 'NONE',  ( 0.000000000000000000, 0.000000000000000000, -1.000000000000000000 ) ) ;
#2270 = DIRECTION ( 'NONE',  ( -0.000000000000000000, 1.000000000000000000, -0.000000000000000000 ) ) ;
#2271 = ORIENTED_EDGE ( 'NONE', *, *, #1988, .T. ) ;
#2272 = FACE_OUTER_BOUND ( 'NONE', #1860, .T. ) ;
#2273 = CARTESIAN_POINT ( 'NONE',  ( -40.00000000000000711, -30.00000000000000000, -69.99999999999998579 ) ) ;
#2274 = EDGE_LOOP ( 'NONE', ( #2173, #1834 ) ) ;
#2275 = DIRECTION ( 'NONE',  ( 6.938893903907230350E-16, 0.000000000000000000, 1.000000000000000000 ) ) ;
#2276 = CARTESIAN_POINT ( 'NONE',  ( -50.00000000000000711, -9.999999999999998224, -94.99999999999998579 ) ) ;
#2277 = EDGE_CURVE ( 'NONE', #2841, #242, #1474, .T. ) ;
#2278 = VECTOR ( 'NONE', #550, 1000.000000000000000 ) ;
#2279 = DIRECTION ( 'NONE',  ( -3.854941057726238689E-15, -1.000000000000000000, 0.000000000000000000 ) ) ;
#2280 = VECTOR ( 'NONE', #39, 1000.000000000000000 ) ;
#2281 = EDGE_CURVE ( 'NONE', #654, #1667, #43, .T. ) ;
#2282 = COLOUR_RGB ( '',0.7921568627450980005, 0.8196078431372548767, 0.9333333333333333481 ) ;
#2283 = ORIENTED_EDGE ( 'NONE', *, *, #1112, .T. ) ;
#2284 = CARTESIAN_POINT ( 'NONE',  ( -40.00000000000000711, -15.00000000000000000, -99.99999999999998579 ) ) ;
#2285 = DIRECTION ( 'NONE',  ( -0.000000000000000000, -1.000000000000000000, -0.000000000000000000 ) ) ;
#2286 = VECTOR ( 'NONE', #2495, 1000.000000000000000 ) ;
#2287 = EDGE_CURVE ( 'NONE', #2615, #165, #1086, .T. ) ;
#2288 = EDGE_LOOP ( 'NONE', ( #1299, #789, #1362, #1631 ) ) ;
#2289 = CARTESIAN_POINT ( 'NONE',  ( -40.00000000000000711, 30.00000000000000000, -99.99999999999998579 ) ) ;
#2290 = CIRCLE ( 'NONE', #1573, 10.00000000000000000 ) ;
#2291 = VECTOR ( 'NONE', #1280, 1000.000000000000000 ) ;
#2292 = LINE ( 'NONE', #1791, #2291 ) ;
#2293 = ORIENTED_EDGE ( 'NONE', *, *, #787, .F. ) ;
#2294 = DIRECTION ( 'NONE',  ( -1.000000000000000000, 0.000000000000000000, 0.000000000000000000 ) ) ;
#2295 = DIRECTION ( 'NONE',  ( 0.000000000000000000, -1.000000000000000000, 0.000000000000000000 ) ) ;
#2296 = EDGE_CURVE ( 'NONE', #1081, #1323, #1037, .T. ) ;
#2297 = DIRECTION ( 'NONE',  ( 1.156482317317871478E-16, -0.000000000000000000, 1.000000000000000000 ) ) ;
#2298 = AXIS2_PLACEMENT_3D ( 'NONE', #1420, #144, #222 ) ;
#2299 = AXIS2_PLACEMENT_3D ( 'NONE', #1402, #860, #672 ) ;
#2300 = CARTESIAN_POINT ( 'NONE',  ( 30.00000000000000711, -9.999999999999998224, -94.99999999999998579 ) ) ;
#2301 = ORIENTED_EDGE ( 'NONE', *, *, #2678, .F. ) ;
#2302 = CARTESIAN_POINT ( 'NONE',  ( 5.000000000000000000, 0.000000000000000000, -5.000000000000004441 ) ) ;
#2303 = ADVANCED_FACE ( 'NONE', ( #30 ), #2443, .F. ) ;
#2304 = ORIENTED_EDGE ( 'NONE', *, *, #927, .T. ) ;
#2305 = ORIENTED_EDGE ( 'NONE', *, *, #886, .F. ) ;
#2306 = CARTESIAN_POINT ( 'NONE',  ( 12.00000000000000000, -1.256933281983528008E-13, -10.00000000000000000 ) ) ;
#2307 = FACE_BOUND ( 'NONE', #2972, .T. ) ;
#2308 = EDGE_LOOP ( 'NONE', ( #579, #72, #2081, #2929 ) ) ;
#2309 = VECTOR ( 'NONE', #2896, 1000.000000000000000 ) ;
#2310 = DIRECTION ( 'NONE',  ( 0.000000000000000000, 0.000000000000000000, 1.000000000000000000 ) ) ;
#2311 = DIRECTION ( 'NONE',  ( 0.000000000000000000, 0.000000000000000000, 1.000000000000000000 ) ) ;
#2312 = CIRCLE ( 'NONE', #2808, 1.799999999999996048 ) ;
#2313 = FACE_BOUND ( 'NONE', #2011, .T. ) ;
#2314 = VECTOR ( 'NONE', #1585, 1000.000000000000000 ) ;
#2315 = ORIENTED_EDGE ( 'NONE', *, *, #1893, .F. ) ;
#2316 = CYLINDRICAL_SURFACE ( 'NONE', #2878, 1.799999999999996048 ) ;
#2317 = EDGE_CURVE ( 'NONE', #1953, #2021, #3096, .T. ) ;
#2318 = ORIENTED_EDGE ( 'NONE', *, *, #2734, .F. ) ;
#2319 = EDGE_LOOP ( 'NONE', ( #332, #1600, #476, #2271, #1565 ) ) ;
#2320 = FACE_BOUND ( 'NONE', #187, .T. ) ;
#2321 = DIRECTION ( 'NONE',  ( 0.000000000000000000, 1.000000000000000000, 0.000000000000000000 ) ) ;
#2322 = EDGE_LOOP ( 'NONE', ( #2216, #2674, #2668, #2806 ) ) ;
#2323 = DIRECTION ( 'NONE',  ( -0.000000000000000000, 1.000000000000000000, -0.000000000000000000 ) ) ;
#2324 = ORIENTED_EDGE ( 'NONE', *, *, #4, .T. ) ;
#2325 = DIRECTION ( 'NONE',  ( -1.000000000000000000, 0.000000000000000000, 0.000000000000000000 ) ) ;
#2326 = EDGE_CURVE ( 'NONE', #1072, #82, #1734, .T. ) ;
#2327 = DIRECTION ( 'NONE',  ( 1.000000000000000000, 0.000000000000000000, -1.836970198721029688E-16 ) ) ;
#2328 = FACE_OUTER_BOUND ( 'NONE', #2870, .T. ) ;
#2329 = ORIENTED_EDGE ( 'NONE', *, *, #2317, .F. ) ;
#2330 = DIRECTION ( 'NONE',  ( -0.000000000000000000, 1.000000000000000000, -0.000000000000000000 ) ) ;
#2331 = CIRCLE ( 'NONE', #1367, 10.00000000000000178 ) ;
#2332 = EDGE_CURVE ( 'NONE', #2107, #825, #783, .T. ) ;
#2333 = VERTEX_POINT ( 'NONE', #2656 ) ;
#2334 = DIRECTION ( 'NONE',  ( 0.000000000000000000, 0.000000000000000000, 1.000000000000000000 ) ) ;
#2335 = EDGE_CURVE ( 'NONE', #2199, #2072, #1432, .T. ) ;
#2336 = CARTESIAN_POINT ( 'NONE',  ( -40.00000000000000711, 15.00000000000000000, -105.0000000000000000 ) ) ;
#2337 = ORIENTED_EDGE ( 'NONE', *, *, #577, .T. ) ;
#2338 = PLANE ( 'NONE',  #1144 ) ;
#2339 = ORIENTED_EDGE ( 'NONE', *, *, #212, .T. ) ;
#2340 = DIRECTION ( 'NONE',  ( 0.000000000000000000, 1.000000000000000000, 0.000000000000000000 ) ) ;
#2341 = VECTOR ( 'NONE', #1795, 1000.000000000000000 ) ;
#2342 = EDGE_CURVE ( 'NONE', #1549, #1435, #2670, .T. ) ;
#2343 = LINE ( 'NONE', #3002, #437 ) ;
#2344 = DIRECTION ( 'NONE',  ( -0.000000000000000000, 1.000000000000000000, -0.000000000000000000 ) ) ;
#2345 = ORIENTED_EDGE ( 'NONE', *, *, #2889, .F. ) ;
#2346 = DIRECTION ( 'NONE',  ( -0.000000000000000000, -1.000000000000000000, -0.000000000000000000 ) ) ;
#2347 = VECTOR ( 'NONE', #973, 1000.000000000000000 ) ;
#2348 = VERTEX_POINT ( 'NONE', #1001 ) ;
#2349 = EDGE_LOOP ( 'NONE', ( #490, #1100 ) ) ;
#2350 = DIRECTION ( 'NONE',  ( -0.000000000000000000, 1.000000000000000000, -0.000000000000000000 ) ) ;
#2351 = CARTESIAN_POINT ( 'NONE',  ( -50.00000000000000000, 30.00000000000000000, -10.00000000000002309 ) ) ;
#2352 = ORIENTED_EDGE ( 'NONE', *, *, #322, .F. ) ;
#2353 = CARTESIAN_POINT ( 'NONE',  ( 40.00000000000000711, -30.00000000000000000, -68.20000000000000284 ) ) ;
#2354 = EDGE_LOOP ( 'NONE', ( #1424, #2143 ) ) ;
#2355 = DIRECTION ( 'NONE',  ( 1.000000000000000000, 0.000000000000000000, -0.000000000000000000 ) ) ;
#2356 = EDGE_CURVE ( 'NONE', #1503, #964, #759, .T. ) ;
#2357 = DIRECTION ( 'NONE',  ( 0.000000000000000000, 0.000000000000000000, 1.000000000000000000 ) ) ;
#2358 = AXIS2_PLACEMENT_3D ( 'NONE', #403, #644, #908 ) ;
#2359 = DIRECTION ( 'NONE',  ( 1.000000000000000000, 0.000000000000000000, 0.000000000000000000 ) ) ;
#2360 = EDGE_LOOP ( 'NONE', ( #2098, #2214 ) ) ;
#2361 = DIRECTION ( 'NONE',  ( -0.000000000000000000, -1.000000000000000000, -0.000000000000000000 ) ) ;
#2362 = DIRECTION ( 'NONE',  ( 0.000000000000000000, 0.000000000000000000, 1.000000000000000000 ) ) ;
#2363 = EDGE_LOOP ( 'NONE', ( #221, #1577 ) ) ;
#2364 = VERTEX_POINT ( 'NONE', #235 ) ;
#2365 = DIRECTION ( 'NONE',  ( 3.469446951953615175E-16, 0.000000000000000000, 1.000000000000000000 ) ) ;
#2366 = DIRECTION ( 'NONE',  ( 0.000000000000000000, 1.000000000000000000, 0.000000000000000000 ) ) ;
#2367 = CARTESIAN_POINT ( 'NONE',  ( 40.00000000000000711, -30.00000000000000000, -69.99999999999998579 ) ) ;
#2368 = CARTESIAN_POINT ( 'NONE',  ( 40.00000000000000711, -30.00000000000000000, -99.99999999999998579 ) ) ;
#2369 = VERTEX_POINT ( 'NONE', #1645 ) ;
#2370 = LINE ( 'NONE', #662, #2090 ) ;
#2371 = ADVANCED_FACE ( 'NONE', ( #2397, #2612 ), #1930, .F. ) ;
#2372 = CARTESIAN_POINT ( 'NONE',  ( -40.00000000000000711, -15.00000000000000000, -99.99999999999998579 ) ) ;
#2373 = EDGE_LOOP ( 'NONE', ( #208, #2800, #2552, #2459 ) ) ;
#2374 = LINE ( 'NONE', #37, #1524 ) ;
#2375 = PLANE ( 'NONE',  #816 ) ;
#2376 = EDGE_CURVE ( 'NONE', #873, #2865, #2331, .T. ) ;
#2377 = DIRECTION ( 'NONE',  ( 0.000000000000000000, 0.000000000000000000, 1.000000000000000000 ) ) ;
#2378 = ORIENTED_EDGE ( 'NONE', *, *, #2264, .F. ) ;
#2379 = ORIENTED_EDGE ( 'NONE', *, *, #638, .T. ) ;
#2380 = DIRECTION ( 'NONE',  ( 0.000000000000000000, 0.000000000000000000, -1.000000000000000000 ) ) ;
#2381 = AXIS2_PLACEMENT_3D ( 'NONE', #1048, #1501, #2266 ) ;
#2382 = DIRECTION ( 'NONE',  ( 6.938893903907229610E-17, 0.000000000000000000, 1.000000000000000000 ) ) ;
#2383 = LINE ( 'NONE', #2614, #1796 ) ;
#2384 = VECTOR ( 'NONE', #1434, 1000.000000000000000 ) ;
#2385 = EDGE_LOOP ( 'NONE', ( #2900, #2261, #2404, #3050 ) ) ;
#2386 = CARTESIAN_POINT ( 'NONE',  ( 30.00000000000000711, 9.999999999999998224, -94.99999999999998579 ) ) ;
#2387 = VECTOR ( 'NONE', #75, 1000.000000000000000 ) ;
#2388 = SHAPE_DEFINITION_REPRESENTATION ( #599, #2723 ) ;
#2389 = CIRCLE ( 'NONE', #774, 1.799999999999996048 ) ;
#2390 = EDGE_CURVE ( 'NONE', #151, #651, #217, .T. ) ;
#2391 = ORIENTED_EDGE ( 'NONE', *, *, #695, .T. ) ;
#2392 = CARTESIAN_POINT ( 'NONE',  ( 40.00000000000000711, 15.00000000000000000, -68.20000000000000284 ) ) ;
#2393 = ORIENTED_EDGE ( 'NONE', *, *, #2605, .F. ) ;
#2394 = ORIENTED_EDGE ( 'NONE', *, *, #705, .T. ) ;
#2395 = AXIS2_PLACEMENT_3D ( 'NONE', #551, #2479, #2792 ) ;
#2396 = ADVANCED_FACE ( 'NONE', ( #247 ), #1416, .F. ) ;
#2397 = FACE_BOUND ( 'NONE', #310, .T. ) ;
#2398 = LINE ( 'NONE', #496, #919 ) ;
#2399 = AXIS2_PLACEMENT_3D ( 'NONE', #277, #1459, #700 ) ;
#2400 = DIRECTION ( 'NONE',  ( 0.000000000000000000, 0.000000000000000000, 1.000000000000000000 ) ) ;
#2401 = EDGE_LOOP ( 'NONE', ( #1134, #3070, #1890, #3098 ) ) ;
#2402 = LINE ( 'NONE', #956, #1286 ) ;
#2403 = VECTOR ( 'NONE', #1559, 1000.000000000000000 ) ;
#2404 = ORIENTED_EDGE ( 'NONE', *, *, #2287, .F. ) ;
#2405 = DIRECTION ( 'NONE',  ( 0.000000000000000000, 0.000000000000000000, 1.000000000000000000 ) ) ;
#2406 = ORIENTED_EDGE ( 'NONE', *, *, #1901, .T. ) ;
#2407 = ORIENTED_EDGE ( 'NONE', *, *, #638, .F. ) ;
#2408 = FACE_OUTER_BOUND ( 'NONE', #3056, .T. ) ;
#2409 = DIRECTION ( 'NONE',  ( -0.000000000000000000, -1.000000000000000000, -0.000000000000000000 ) ) ;
#2410 = EDGE_CURVE ( 'NONE', #2199, #1454, #255, .T. ) ;
#2411 = CARTESIAN_POINT ( 'NONE',  ( -50.00000000000000711, 9.999999999999998224, -105.0000000000000000 ) ) ;
#2412 = CARTESIAN_POINT ( 'NONE',  ( -20.00000000000000711, 30.00000000000000000, -19.99999999999999289 ) ) ;
#2413 = EDGE_CURVE ( 'NONE', #2187, #2964, #2775, .T. ) ;
#2414 = ORIENTED_EDGE ( 'NONE', *, *, #2287, .T. ) ;
#2415 = DIRECTION ( 'NONE',  ( 0.000000000000000000, -1.000000000000000000, -0.000000000000000000 ) ) ;
#2416 = CARTESIAN_POINT ( 'NONE',  ( -40.00000000000000711, 9.999999999999998224, -109.9999999999999858 ) ) ;
#2417 = EDGE_CURVE ( 'NONE', #2151, #2088, #1561, .T. ) ;
#2418 = LINE ( 'NONE', #2168, #1143 ) ;
#2419 = EDGE_CURVE ( 'NONE', #2442, #601, #1220, .T. ) ;
#2420 = ORIENTED_EDGE ( 'NONE', *, *, #884, .T. ) ;
#2421 = CARTESIAN_POINT ( 'NONE',  ( -30.00000000000000711, -9.999999999999998224, -94.99999999999998579 ) ) ;
#2422 = ORIENTED_EDGE ( 'NONE', *, *, #238, .T. ) ;
#2423 = VERTEX_POINT ( 'NONE', #1303 ) ;
#2424 = LINE ( 'NONE', #2204, #2861 ) ;
#2425 = DIRECTION ( 'NONE',  ( -0.000000000000000000, -1.000000000000000000, -0.000000000000000000 ) ) ;
#2426 = EDGE_CURVE ( 'NONE', #1549, #997, #1067, .T. ) ;
#2427 = CARTESIAN_POINT ( 'NONE',  ( 40.00000000000000711, 30.00000000000000000, -69.99999999999998579 ) ) ;
#2428 = AXIS2_PLACEMENT_3D ( 'NONE', #341, #1051, #1756 ) ;
#2429 = FACE_OUTER_BOUND ( 'NONE', #2909, .T. ) ;
#2430 = VERTEX_POINT ( 'NONE', #1723 ) ;
#2431 = CIRCLE ( 'NONE', #1648, 1.799999999999996048 ) ;
#2432 = DIRECTION ( 'NONE',  ( -0.000000000000000000, 1.000000000000000000, -0.000000000000000000 ) ) ;
#2433 = ADVANCED_FACE ( 'NONE', ( #1258 ), #2219, .T. ) ;
#2434 = VECTOR ( 'NONE', #1720, 1000.000000000000000 ) ;
#2435 = FACE_OUTER_BOUND ( 'NONE', #2142, .T. ) ;
#2436 = FACE_BOUND ( 'NONE', #381, .T. ) ;
#2437 = LINE ( 'NONE', #269, #1427 ) ;
#2438 = EDGE_CURVE ( 'NONE', #70, #741, #2016, .T. ) ;
#2439 = EDGE_LOOP ( 'NONE', ( #169, #1770, #2109, #439 ) ) ;
#2440 = CARTESIAN_POINT ( 'NONE',  ( -40.00000000000000711, -30.00000000000000000, -71.79999999999998295 ) ) ;
#2441 = VECTOR ( 'NONE', #2521, 1000.000000000000000 ) ;
#2442 = VERTEX_POINT ( 'NONE', #57 ) ;
#2443 = PLANE ( 'NONE',  #528 ) ;
#2444 = CARTESIAN_POINT ( 'NONE',  ( -50.00000000000000000, -15.00000000000000000, -64.99999999999998579 ) ) ;
#2445 = LINE ( 'NONE', #46, #2935 ) ;
#2446 = ORIENTED_EDGE ( 'NONE', *, *, #3101, .T. ) ;
#2447 = LINE ( 'NONE', #2647, #576 ) ;
#2448 = DIRECTION ( 'NONE',  ( 0.000000000000000000, -1.000000000000000000, 0.000000000000000000 ) ) ;
#2449 = DIRECTION ( 'NONE',  ( -1.000000000000000000, 0.000000000000000000, 0.000000000000000000 ) ) ;
#2450 = CARTESIAN_POINT ( 'NONE',  ( 50.00000000000000000, 15.00000000000000000, -75.00000000000000000 ) ) ;
#2451 = ADVANCED_FACE ( 'NONE', ( #1548 ), #2517, .F. ) ;
#2452 = ORIENTED_EDGE ( 'NONE', *, *, #1221, .F. ) ;
#2453 = CARTESIAN_POINT ( 'NONE',  ( -50.00000000000000711, -30.00000000000000000, -99.99999999999998579 ) ) ;
#2454 = AXIS2_PLACEMENT_3D ( 'NONE', #3052, #141, #625 ) ;
#2455 = ORIENTED_EDGE ( 'NONE', *, *, #642, .F. ) ;
#2456 = DIRECTION ( 'NONE',  ( -0.000000000000000000, -1.000000000000000000, -0.000000000000000000 ) ) ;
#2457 = CARTESIAN_POINT ( 'NONE',  ( 40.00000000000000000, -30.00000000000000000, -10.00000000000001776 ) ) ;
#2458 = EDGE_CURVE ( 'NONE', #2499, #119, #708, .T. ) ;
#2459 = ORIENTED_EDGE ( 'NONE', *, *, #478, .F. ) ;
#2460 = DIRECTION ( 'NONE',  ( 0.000000000000000000, 1.000000000000000000, -0.000000000000000000 ) ) ;
#2461 = CARTESIAN_POINT ( 'NONE',  ( -30.00000000000000711, 30.00000000000000000, -19.99999999999999289 ) ) ;
#2462 = EDGE_LOOP ( 'NONE', ( #1721, #3037, #432, #888 ) ) ;
#2463 = AXIS2_PLACEMENT_3D ( 'NONE', #863, #2262, #2294 ) ;
#2464 = CARTESIAN_POINT ( 'NONE',  ( 30.00000000000000711, 9.999999999999998224, -64.99999999999998579 ) ) ;
#2465 = FACE_OUTER_BOUND ( 'NONE', #445, .T. ) ;
#2466 = ORIENTED_EDGE ( 'NONE', *, *, #2472, .F. ) ;
#2467 = CARTESIAN_POINT ( 'NONE',  ( 39.99999999999998579, 30.00000000000000000, -100.0000000000000000 ) ) ;
#2468 = EDGE_CURVE ( 'NONE', #955, #2158, #2959, .T. ) ;
#2469 = EDGE_LOOP ( 'NONE', ( #1419, #3094, #1223, #1775 ) ) ;
#2470 = LINE ( 'NONE', #323, #2807 ) ;
#2471 = DIRECTION ( 'NONE',  ( 0.000000000000000000, 0.000000000000000000, -1.000000000000000000 ) ) ;
#2472 = EDGE_CURVE ( 'NONE', #3008, #1660, #123, .T. ) ;
#2473 = DIRECTION ( 'NONE',  ( -0.000000000000000000, -1.000000000000000000, -0.000000000000000000 ) ) ;
#2474 = ORIENTED_EDGE ( 'NONE', *, *, #2356, .F. ) ;
#2475 = DIRECTION ( 'NONE',  ( -0.000000000000000000, 1.000000000000000000, -0.000000000000000000 ) ) ;
#2476 = FACE_OUTER_BOUND ( 'NONE', #640, .T. ) ;
#2477 = VERTEX_POINT ( 'NONE', #1772 ) ;
#2478 = FACE_OUTER_BOUND ( 'NONE', #896, .T. ) ;
#2479 = DIRECTION ( 'NONE',  ( 0.000000000000000000, 1.000000000000000000, 0.000000000000000000 ) ) ;
#2480 = CIRCLE ( 'NONE', #1118, 1.799999999999996048 ) ;
#2481 = ORIENTED_EDGE ( 'NONE', *, *, #1944, .F. ) ;
#2482 = CARTESIAN_POINT ( 'NONE',  ( -40.00000000000000711, -9.999999999999998224, -98.19999999999998863 ) ) ;
#2483 = CIRCLE ( 'NONE', #1317, 1.799999999999996048 ) ;
#2484 = ORIENTED_EDGE ( 'NONE', *, *, #2228, .T. ) ;
#2485 = VECTOR ( 'NONE', #2773, 1000.000000000000000 ) ;
#2486 = DIRECTION ( 'NONE',  ( 0.000000000000000000, 1.000000000000000000, 0.000000000000000000 ) ) ;
#2487 = CARTESIAN_POINT ( 'NONE',  ( -40.00000000000000711, 15.00000000000000000, -71.79999999999998295 ) ) ;
#2488 = CARTESIAN_POINT ( 'NONE',  ( -50.00000000000000711, 15.00000000000000000, -64.99999999999998579 ) ) ;
#2489 = ADVANCED_FACE ( 'NONE', ( #1273 ), #2253, .F. ) ;
#2490 = EDGE_LOOP ( 'NONE', ( #185, #371, #3042, #1053 ) ) ;
#2491 = CARTESIAN_POINT ( 'NONE',  ( 40.00000000000000711, -30.00000000000000000, -101.7999999999999829 ) ) ;
#2492 =( LENGTH_UNIT ( ) NAMED_UNIT ( * ) SI_UNIT ( .MILLI., .METRE. ) );
#2493 = EDGE_LOOP ( 'NONE', ( #862, #989 ) ) ;
#2494 = DIRECTION ( 'NONE',  ( 1.000000000000000000, 0.000000000000000000, 0.000000000000000000 ) ) ;
#2495 = DIRECTION ( 'NONE',  ( -1.000000000000000000, 0.000000000000000000, 0.000000000000000000 ) ) ;
#2496 = VECTOR ( 'NONE', #1954, 1000.000000000000000 ) ;
#2497 = ORIENTED_EDGE ( 'NONE', *, *, #2933, .F. ) ;
#2498 = LINE ( 'NONE', #796, #2832 ) ;
#2499 = VERTEX_POINT ( 'NONE', #2487 ) ;
#2500 = DIRECTION ( 'NONE',  ( -0.000000000000000000, 1.000000000000000000, -0.000000000000000000 ) ) ;
#2501 = DIRECTION ( 'NONE',  ( 0.000000000000000000, 0.000000000000000000, -1.000000000000000000 ) ) ;
#2502 = DIRECTION ( 'NONE',  ( -0.000000000000000000, -1.000000000000000000, -0.000000000000000000 ) ) ;
#2503 = VECTOR ( 'NONE', #191, 1000.000000000000000 ) ;
#2504 = ORIENTED_EDGE ( 'NONE', *, *, #298, .F. ) ;
#2505 = CARTESIAN_POINT ( 'NONE',  ( -30.00000000000000711, -9.999999999999998224, -74.99999999999998579 ) ) ;
#2506 = AXIS2_PLACEMENT_3D ( 'NONE', #220, #1135, #170 ) ;
#2507 = ADVANCED_FACE ( 'NONE', ( #1518 ), #353, .T. ) ;
#2508 = DIRECTION ( 'NONE',  ( 0.000000000000000000, -0.000000000000000000, 1.000000000000000000 ) ) ;
#2509 = ORIENTED_EDGE ( 'NONE', *, *, #153, .F. ) ;
#2510 = CARTESIAN_POINT ( 'NONE',  ( -50.00000000000000711, -15.00000000000000000, -94.99999999999998579 ) ) ;
#2511 = CARTESIAN_POINT ( 'NONE',  ( -1.799999999999999822, 12.00000000000000000, -5.000000000000000000 ) ) ;
#2512 = ADVANCED_FACE ( 'NONE', ( #1017, #1964 ), #2924, .F. ) ;
#2513 = DIRECTION ( 'NONE',  ( -0.000000000000000000, -0.000000000000000000, 1.000000000000000000 ) ) ;
#2514 = EDGE_CURVE ( 'NONE', #357, #588, #1765, .T. ) ;
#2515 = EDGE_LOOP ( 'NONE', ( #1129, #1882 ) ) ;
#2516 = DIRECTION ( 'NONE',  ( -0.000000000000000000, 1.000000000000000000, -0.000000000000000000 ) ) ;
#2517 = CYLINDRICAL_SURFACE ( 'NONE', #2927, 1.799999999999999600 ) ;
#2518 = ORIENTED_EDGE ( 'NONE', *, *, #2642, .T. ) ;
#2519 = DIRECTION ( 'NONE',  ( 1.000000000000000000, 0.000000000000000000, -1.836970198721029688E-16 ) ) ;
#2520 = EDGE_CURVE ( 'NONE', #1225, #1333, #2227, .T. ) ;
#2521 = DIRECTION ( 'NONE',  ( 0.000000000000000000, 0.000000000000000000, -1.000000000000000000 ) ) ;
#2522 = ORIENTED_EDGE ( 'NONE', *, *, #2525, .T. ) ;
#2523 = DIRECTION ( 'NONE',  ( 0.000000000000000000, 0.000000000000000000, -1.000000000000000000 ) ) ;
#2524 = CARTESIAN_POINT ( 'NONE',  ( 40.00000000000000711, -15.00000000000000000, -99.99999999999998579 ) ) ;
#2525 = EDGE_CURVE ( 'NONE', #150, #654, #636, .T. ) ;
#2526 = CIRCLE ( 'NONE', #1171, 1.799999999999996048 ) ;
#2527 = CARTESIAN_POINT ( 'NONE',  ( -12.00000000000000000, 4.189777606611760026E-14, -5.000000000000000000 ) ) ;
#2528 = VECTOR ( 'NONE', #587, 1000.000000000000000 ) ;
#2529 = DIRECTION ( 'NONE',  ( 0.000000000000000000, 0.000000000000000000, 1.000000000000000000 ) ) ;
#2530 = VECTOR ( 'NONE', #1003, 1000.000000000000000 ) ;
#2531 = EDGE_LOOP ( 'NONE', ( #103, #1591 ) ) ;
#2532 = CARTESIAN_POINT ( 'NONE',  ( -30.00000000000000711, 15.00000000000000000, -105.0000000000000000 ) ) ;
#2533 = DIRECTION ( 'NONE',  ( 1.000000000000000000, 0.000000000000000000, 0.000000000000000000 ) ) ;
#2534 = AXIS2_PLACEMENT_3D ( 'NONE', #2055, #348, #2728 ) ;
#2535 = EDGE_LOOP ( 'NONE', ( #429, #3108, #1608, #979 ) ) ;
#2536 = ORIENTED_EDGE ( 'NONE', *, *, #1346, .F. ) ;
#2537 = CARTESIAN_POINT ( 'NONE',  ( 40.00000000000000711, -30.00000000000000000, -99.99999999999998579 ) ) ;
#2538 = MECHANICAL_DESIGN_GEOMETRIC_PRESENTATION_REPRESENTATION (  '', ( #520 ), #121 ) ;
#2539 = EDGE_LOOP ( 'NONE', ( #727, #2730, #3066, #291 ) ) ;
#2540 = DIRECTION ( 'NONE',  ( 0.000000000000000000, 0.000000000000000000, 1.000000000000000000 ) ) ;
#2541 = PLANE ( 'NONE',  #2534 ) ;
#2542 = CARTESIAN_POINT ( 'NONE',  ( -50.00000000000000000, 30.00000000000000000, 0.000000000000000000 ) ) ;
#2543 = EDGE_CURVE ( 'NONE', #2820, #1960, #2780, .T. ) ;
#2544 = AXIS2_PLACEMENT_3D ( 'NONE', #2205, #1674, #2627 ) ;
#2545 = CARTESIAN_POINT ( 'NONE',  ( -30.00000000000000711, 9.999999999999998224, -74.99999999999998579 ) ) ;
#2546 = EDGE_LOOP ( 'NONE', ( #1157, #1105, #2834, #215 ) ) ;
#2547 = CARTESIAN_POINT ( 'NONE',  ( 40.00000000000000711, 30.00000000000000000, -99.99999999999998579 ) ) ;
#2548 = ORIENTED_EDGE ( 'NONE', *, *, #60, .F. ) ;
#2549 = ORIENTED_EDGE ( 'NONE', *, *, #2700, .F. ) ;
#2550 = DIRECTION ( 'NONE',  ( 0.000000000000000000, 1.000000000000000000, -0.000000000000000000 ) ) ;
#2551 = ADVANCED_FACE ( 'NONE', ( #1098 ), #1111, .F. ) ;
#2552 = ORIENTED_EDGE ( 'NONE', *, *, #362, .F. ) ;
#2553 = VECTOR ( 'NONE', #1606, 1000.000000000000000 ) ;
#2554 = DIRECTION ( 'NONE',  ( 0.000000000000000000, 0.000000000000000000, 1.000000000000000000 ) ) ;
#2555 = VERTEX_POINT ( 'NONE', #2045 ) ;
#2556 = DIRECTION ( 'NONE',  ( 1.000000000000000000, 0.000000000000000000, 0.000000000000000000 ) ) ;
#2557 = AXIS2_PLACEMENT_3D ( 'NONE', #647, #2574, #1941 ) ;
#2558 = CARTESIAN_POINT ( 'NONE',  ( 40.00000000000000711, -30.00000000000000000, -99.99999999999998579 ) ) ;
#2559 = EDGE_CURVE ( 'NONE', #1569, #109, #2729, .T. ) ;
#2560 = DIRECTION ( 'NONE',  ( 0.000000000000000000, 0.000000000000000000, 1.000000000000000000 ) ) ;
#2561 = VECTOR ( 'NONE', #2494, 1000.000000000000000 ) ;
#2562 = ORIENTED_EDGE ( 'NONE', *, *, #2563, .F. ) ;
#2563 = EDGE_CURVE ( 'NONE', #2007, #1881, #1662, .T. ) ;
#2564 = DIRECTION ( 'NONE',  ( -0.000000000000000000, -1.000000000000000000, -0.000000000000000000 ) ) ;
#2565 = EDGE_LOOP ( 'NONE', ( #2224, #3112 ) ) ;
#2566 = VERTEX_POINT ( 'NONE', #2831 ) ;
#2567 = ADVANCED_FACE ( 'NONE', ( #1863 ), #2108, .F. ) ;
#2568 = DIRECTION ( 'NONE',  ( 0.000000000000000000, 1.000000000000000000, -0.000000000000000000 ) ) ;
#2569 = DIRECTION ( 'NONE',  ( 0.000000000000000000, -1.000000000000000000, 0.000000000000000000 ) ) ;
#2570 = ORIENTED_EDGE ( 'NONE', *, *, #85, .T. ) ;
#2571 = DIRECTION ( 'NONE',  ( -0.000000000000000000, -1.000000000000000000, -0.000000000000000000 ) ) ;
#2572 = ORIENTED_EDGE ( 'NONE', *, *, #231, .F. ) ;
#2573 = LINE ( 'NONE', #1372, #1936 ) ;
#2574 = DIRECTION ( 'NONE',  ( 0.000000000000000000, 0.000000000000000000, 1.000000000000000000 ) ) ;
#2575 = VECTOR ( 'NONE', #149, 1000.000000000000000 ) ;
#2576 = ORIENTED_EDGE ( 'NONE', *, *, #365, .T. ) ;
#2577 = DIRECTION ( 'NONE',  ( 0.000000000000000000, 1.000000000000000000, 0.000000000000000000 ) ) ;
#2578 = CIRCLE ( 'NONE', #360, 9.999999999999994671 ) ;
#2579 = ORIENTED_EDGE ( 'NONE', *, *, #1845, .T. ) ;
#2580 = ORIENTED_EDGE ( 'NONE', *, *, #1845, .F. ) ;
#2581 = PLANE ( 'NONE',  #2850 ) ;
#2582 = CARTESIAN_POINT ( 'NONE',  ( -40.00000000000000711, -9.999999999999994671, -99.99999999999998579 ) ) ;
#2583 = EDGE_CURVE ( 'NONE', #2430, #2333, #407, .T. ) ;
#2584 = ORIENTED_EDGE ( 'NONE', *, *, #1155, .F. ) ;
#2585 = CARTESIAN_POINT ( 'NONE',  ( 40.00000000000000711, -30.00000000000000000, -69.99999999999998579 ) ) ;
#2586 = ORIENTED_EDGE ( 'NONE', *, *, #2745, .F. ) ;
#2587 = CARTESIAN_POINT ( 'NONE',  ( 40.00000000000000711, 9.999999999999994671, -69.99999999999998579 ) ) ;
#2588 = VECTOR ( 'NONE', #1256, 1000.000000000000000 ) ;
#2589 = ORIENTED_EDGE ( 'NONE', *, *, #1343, .F. ) ;
#2590 = CYLINDRICAL_SURFACE ( 'NONE', #414, 1.799999999999999822 ) ;
#2591 = CARTESIAN_POINT ( 'NONE',  ( 40.00000000000000711, -30.00000000000000000, -69.99999999999998579 ) ) ;
#2592 = VECTOR ( 'NONE', #704, 1000.000000000000000 ) ;
#2593 = CIRCLE ( 'NONE', #2695, 9.999999999999994671 ) ;
#2594 = CARTESIAN_POINT ( 'NONE',  ( 29.99999999999999289, -15.00000000000000000, -75.00000000000000000 ) ) ;
#2595 = EDGE_LOOP ( 'NONE', ( #233, #1840, #400, #677 ) ) ;
#2596 = ORIENTED_EDGE ( 'NONE', *, *, #2815, .T. ) ;
#2597 = FACE_OUTER_BOUND ( 'NONE', #541, .T. ) ;
#2598 = CARTESIAN_POINT ( 'NONE',  ( 39.99999999999998579, 15.00000000000000000, -100.0000000000000000 ) ) ;
#2599 = DIRECTION ( 'NONE',  ( 0.000000000000000000, 1.000000000000000000, 0.000000000000000000 ) ) ;
#2600 = LINE ( 'NONE', #1647, #441 ) ;
#2601 = VERTEX_POINT ( 'NONE', #846 ) ;
#2602 = DIRECTION ( 'NONE',  ( 0.000000000000000000, -0.000000000000000000, 1.000000000000000000 ) ) ;
#2603 = EDGE_CURVE ( 'NONE', #2816, #372, #309, .T. ) ;
#2604 = AXIS2_PLACEMENT_3D ( 'NONE', #234, #1446, #2159 ) ;
#2605 = EDGE_CURVE ( 'NONE', #2669, #2981, #370, .T. ) ;
#2606 = DIRECTION ( 'NONE',  ( 0.000000000000000000, 0.000000000000000000, -1.000000000000000000 ) ) ;
#2607 = EDGE_LOOP ( 'NONE', ( #1400, #1963, #2329, #2572 ) ) ;
#2608 = CARTESIAN_POINT ( 'NONE',  ( 50.00000000000000711, -9.999999999999998224, -105.0000000000000000 ) ) ;
#2609 = DIRECTION ( 'NONE',  ( 0.000000000000000000, 1.000000000000000000, -0.000000000000000000 ) ) ;
#2610 = ORIENTED_EDGE ( 'NONE', *, *, #1664, .F. ) ;
#2611 = ORIENTED_EDGE ( 'NONE', *, *, #1350, .T. ) ;
#2612 = FACE_OUTER_BOUND ( 'NONE', #1264, .T. ) ;
#2613 = CARTESIAN_POINT ( 'NONE',  ( -40.00000000000000711, -15.00000000000000000, -101.7999999999999829 ) ) ;
#2614 = CARTESIAN_POINT ( 'NONE',  ( -10.20000000000000107, 4.189777606611760026E-14, -10.00000000000000000 ) ) ;
#2615 = VERTEX_POINT ( 'NONE', #2302 ) ;
#2616 = LINE ( 'NONE', #2069, #327 ) ;
#2617 = ADVANCED_FACE ( 'NONE', ( #1083, #2801 ), #162, .F. ) ;
#2618 = DIRECTION ( 'NONE',  ( 0.000000000000000000, 0.000000000000000000, 1.000000000000000000 ) ) ;
#2619 = DIRECTION ( 'NONE',  ( 0.000000000000000000, 0.000000000000000000, 1.000000000000000000 ) ) ;
#2620 = EDGE_CURVE ( 'NONE', #2115, #2852, #431, .T. ) ;
#2621 = VERTEX_POINT ( 'NONE', #3033 ) ;
#2622 = DIRECTION ( 'NONE',  ( 0.000000000000000000, -1.000000000000000000, 0.000000000000000000 ) ) ;
#2623 = CARTESIAN_POINT ( 'NONE',  ( 50.00000000000000000, 15.00000000000000000, -64.99999999999998579 ) ) ;
#2624 = VERTEX_POINT ( 'NONE', #3019 ) ;
#2625 = AXIS2_PLACEMENT_3D ( 'NONE', #92, #558, #292 ) ;
#2626 = ORIENTED_EDGE ( 'NONE', *, *, #229, .F. ) ;
#2627 = DIRECTION ( 'NONE',  ( 0.000000000000000000, 0.000000000000000000, 1.000000000000000000 ) ) ;
#2628 = DIRECTION ( 'NONE',  ( 0.000000000000000000, -1.000000000000000000, 0.000000000000000000 ) ) ;
#2629 = CYLINDRICAL_SURFACE ( 'NONE', #339, 1.799999999999996048 ) ;
#2630 = VERTEX_POINT ( 'NONE', #413 ) ;
#2631 = CARTESIAN_POINT ( 'NONE',  ( 30.00000000000000711, 15.00000000000000000, -74.99999999999998579 ) ) ;
#2632 = AXIS2_PLACEMENT_3D ( 'NONE', #45, #93, #1002 ) ;
#2633 =( NAMED_UNIT ( * ) SI_UNIT ( $, .STERADIAN. ) SOLID_ANGLE_UNIT ( ) );
#2634 = ORIENTED_EDGE ( 'NONE', *, *, #2390, .F. ) ;
#2635 = FACE_OUTER_BOUND ( 'NONE', #1968, .T. ) ;
#2636 = EDGE_CURVE ( 'NONE', #1799, #2442, #1801, .T. ) ;
#2637 = EDGE_LOOP ( 'NONE', ( #2803, #1766 ) ) ;
#2638 = ORIENTED_EDGE ( 'NONE', *, *, #1297, .F. ) ;
#2639 = CIRCLE ( 'NONE', #1993, 1.799999999999996048 ) ;
#2640 = DIRECTION ( 'NONE',  ( 0.000000000000000000, -0.000000000000000000, -1.000000000000000000 ) ) ;
#2641 = FACE_OUTER_BOUND ( 'NONE', #1309, .T. ) ;
#2642 = EDGE_CURVE ( 'NONE', #1677, #1928, #2480, .T. ) ;
#2643 = DIRECTION ( 'NONE',  ( 0.000000000000000000, -1.000000000000000000, 0.000000000000000000 ) ) ;
#2644 = FACE_OUTER_BOUND ( 'NONE', #142, .T. ) ;
#2645 = CARTESIAN_POINT ( 'NONE',  ( 0.000000000000000000, 12.00000000000000000, -10.00000000000000000 ) ) ;
#2646 = EDGE_LOOP ( 'NONE', ( #681, #864 ) ) ;
#2647 = CARTESIAN_POINT ( 'NONE',  ( 29.99999999999999645, 30.00000000000000000, -20.00000000000000000 ) ) ;
#2648 = VECTOR ( 'NONE', #1391, 1000.000000000000000 ) ;
#2649 = ORIENTED_EDGE ( 'NONE', *, *, #1848, .T. ) ;
#2650 = CARTESIAN_POINT ( 'NONE',  ( -50.00000000000000711, 9.999999999999998224, -99.99999999999998579 ) ) ;
#2651 = VECTOR ( 'NONE', #1150, 1000.000000000000000 ) ;
#2652 = ADVANCED_FACE ( 'NONE', ( #136 ), #3062, .F. ) ;
#2653 = EDGE_CURVE ( 'NONE', #870, #1660, #1592, .T. ) ;
#2654 = ORIENTED_EDGE ( 'NONE', *, *, #1259, .T. ) ;
#2655 = ORIENTED_EDGE ( 'NONE', *, *, #88, .T. ) ;
#2656 = CARTESIAN_POINT ( 'NONE',  ( -20.00000000000000711, -30.00000000000000000, -19.99999999999999289 ) ) ;
#2657 = DIRECTION ( 'NONE',  ( -0.000000000000000000, 0.000000000000000000, -1.000000000000000000 ) ) ;
#2658 = DIRECTION ( 'NONE',  ( 0.000000000000000000, 1.000000000000000000, -0.000000000000000000 ) ) ;
#2659 = ADVANCED_FACE ( 'NONE', ( #1347 ), #2316, .F. ) ;
#2660 = ORIENTED_EDGE ( 'NONE', *, *, #190, .T. ) ;
#2661 = DIRECTION ( 'NONE',  ( 1.000000000000000000, 0.000000000000000000, 0.000000000000000000 ) ) ;
#2662 = PLANE ( 'NONE',  #913 ) ;
#2663 = FACE_OUTER_BOUND ( 'NONE', #3021, .T. ) ;
#2664 = CIRCLE ( 'NONE', #2014, 1.799999999999996048 ) ;
#2665 = DIRECTION ( 'NONE',  ( 0.000000000000000000, 0.000000000000000000, 1.000000000000000000 ) ) ;
#2666 = ORIENTED_EDGE ( 'NONE', *, *, #3007, .F. ) ;
#2667 = DIRECTION ( 'NONE',  ( 0.000000000000000000, 0.000000000000000000, -1.000000000000000000 ) ) ;
#2668 = ORIENTED_EDGE ( 'NONE', *, *, #1576, .T. ) ;
#2669 = VERTEX_POINT ( 'NONE', #1178 ) ;
#2670 = LINE ( 'NONE', #493, #883 ) ;
#2671 = CARTESIAN_POINT ( 'NONE',  ( 39.99999999999999289, 30.00000000000000000, -1.653273178848926709E-14 ) ) ;
#2672 = AXIS2_PLACEMENT_3D ( 'NONE', #2736, #574, #1316 ) ;
#2673 = DIRECTION ( 'NONE',  ( -0.000000000000000000, -1.000000000000000000, -0.000000000000000000 ) ) ;
#2674 = ORIENTED_EDGE ( 'NONE', *, *, #2910, .F. ) ;
#2675 = CIRCLE ( 'NONE', #2930, 9.999999999999994671 ) ;
#2676 = DIRECTION ( 'NONE',  ( 0.000000000000000000, 0.000000000000000000, 1.000000000000000000 ) ) ;
#2677 = VECTOR ( 'NONE', #524, 1000.000000000000000 ) ;
#2678 = EDGE_CURVE ( 'NONE', #2789, #2741, #447, .T. ) ;
#2679 = CARTESIAN_POINT ( 'NONE',  ( -20.00000000000000355, 30.00000000000000000, -19.99999999999999289 ) ) ;
#2680 = EDGE_LOOP ( 'NONE', ( #1838, #2192 ) ) ;
#2681 = AXIS2_PLACEMENT_3D ( 'NONE', #2273, #1777, #819 ) ;
#2682 = PLANE ( 'NONE',  #664 ) ;
#2683 = LINE ( 'NONE', #2198, #868 ) ;
#2684 = AXIS2_PLACEMENT_3D ( 'NONE', #838, #84, #612 ) ;
#2685 = ORIENTED_EDGE ( 'NONE', *, *, #826, .F. ) ;
#2686 = LINE ( 'NONE', #1767, #2677 ) ;
#2687 = VECTOR ( 'NONE', #2270, 1000.000000000000000 ) ;
#2688 = AXIS2_PLACEMENT_3D ( 'NONE', #1629, #2112, #1869 ) ;
#2689 = ORIENTED_EDGE ( 'NONE', *, *, #1758, .F. ) ;
#2690 = DIRECTION ( 'NONE',  ( -1.000000000000000000, 0.000000000000000000, 1.156482317317871478E-16 ) ) ;
#2691 = CARTESIAN_POINT ( 'NONE',  ( -40.00000000000000711, 9.999999999999998224, -105.0000000000000000 ) ) ;
#2692 = CARTESIAN_POINT ( 'NONE',  ( 29.99999999999998934, 30.00000000000000000, -100.0000000000000000 ) ) ;
#2693 = ORIENTED_EDGE ( 'NONE', *, *, #2332, .T. ) ;
#2694 = CARTESIAN_POINT ( 'NONE',  ( 5.000000000000000000, 0.000000000000000000, -20.00000000000000355 ) ) ;
#2695 = AXIS2_PLACEMENT_3D ( 'NONE', #2289, #2241, #1040 ) ;
#2696 = VERTEX_POINT ( 'NONE', #474 ) ;
#2697 = CARTESIAN_POINT ( 'NONE',  ( -40.00000000000000711, 30.00000000000000000, -99.99999999999998579 ) ) ;
#2698 = ADVANCED_FACE ( 'NONE', ( #2121 ), #9, .T. ) ;
#2699 = DIRECTION ( 'NONE',  ( 0.000000000000000000, 0.000000000000000000, 1.000000000000000000 ) ) ;
#2700 = EDGE_CURVE ( 'NONE', #2072, #2348, #1920, .T. ) ;
#2701 = ORIENTED_EDGE ( 'NONE', *, *, #285, .F. ) ;
#2702 = DIRECTION ( 'NONE',  ( 0.000000000000000000, 0.000000000000000000, -1.000000000000000000 ) ) ;
#2703 = EDGE_LOOP ( 'NONE', ( #1564, #1195, #2874, #661, #2119 ) ) ;
#2704 = CARTESIAN_POINT ( 'NONE',  ( -5.000000000000000000, 6.123233995736766282E-16, -20.00000000000000355 ) ) ;
#2705 = DIRECTION ( 'NONE',  ( 0.000000000000000000, -0.000000000000000000, -1.000000000000000000 ) ) ;
#2706 = AXIS2_PLACEMENT_3D ( 'NONE', #2558, #1858, #598 ) ;
#2707 = CARTESIAN_POINT ( 'NONE',  ( 40.00000000000000711, -30.00000000000000000, -98.19999999999998863 ) ) ;
#2708 = ORIENTED_EDGE ( 'NONE', *, *, #958, .T. ) ;
#2709 = DIRECTION ( 'NONE',  ( -0.000000000000000000, 1.000000000000000000, -0.000000000000000000 ) ) ;
#2710 = DIRECTION ( 'NONE',  ( 0.000000000000000000, 0.000000000000000000, 1.000000000000000000 ) ) ;
#2711 = VERTEX_POINT ( 'NONE', #933 ) ;
#2712 = CIRCLE ( 'NONE', #2058, 9.999999999999994671 ) ;
#2713 = CARTESIAN_POINT ( 'NONE',  ( 50.00000000000000000, 9.999999999999998224, -64.99999999999998579 ) ) ;
#2714 = EDGE_CURVE ( 'NONE', #2696, #77, #1441, .T. ) ;
#2715 = DIRECTION ( 'NONE',  ( 0.000000000000000000, 0.000000000000000000, 1.000000000000000000 ) ) ;
#2716 = ORIENTED_EDGE ( 'NONE', *, *, #1671, .T. ) ;
#2717 = LINE ( 'NONE', #540, #2280 ) ;
#2718 = ADVANCED_FACE ( 'NONE', ( #2891 ), #2375, .T. ) ;
#2719 = EDGE_LOOP ( 'NONE', ( #1202, #273, #1971, #3013 ) ) ;
#2720 = CARTESIAN_POINT ( 'NONE',  ( -40.00000000000000711, -30.00000000000000000, -69.99999999999998579 ) ) ;
#2721 = DIRECTION ( 'NONE',  ( 0.000000000000000000, 0.000000000000000000, -1.000000000000000000 ) ) ;
#2722 = CARTESIAN_POINT ( 'NONE',  ( 39.99999999999999289, -30.00000000000000000, -1.653273178848926709E-14 ) ) ;
#2723 = ADVANCED_BREP_SHAPE_REPRESENTATION ( 'GripperBase V2', ( #993, #1200 ), #690 ) ;
#2724 = ORIENTED_EDGE ( 'NONE', *, *, #1666, .T. ) ;
#2725 = CARTESIAN_POINT ( 'NONE',  ( 19.99999999999999645, 30.00000000000000000, -30.00000000000000000 ) ) ;
#2726 = ORIENTED_EDGE ( 'NONE', *, *, #2005, .T. ) ;
#2727 = LINE ( 'NONE', #1527, #1205 ) ;
#2728 = DIRECTION ( 'NONE',  ( -8.673617379884035472E-17, 0.000000000000000000, -1.000000000000000000 ) ) ;
#2729 = CIRCLE ( 'NONE', #12, 1.799999999999996048 ) ;
#2730 = ORIENTED_EDGE ( 'NONE', *, *, #3007, .T. ) ;
#2731 = CARTESIAN_POINT ( 'NONE',  ( -40.00000000000000711, -30.00000000000000000, -68.20000000000000284 ) ) ;
#2732 = VERTEX_POINT ( 'NONE', #2650 ) ;
#2733 = AXIS2_PLACEMENT_3D ( 'NONE', #130, #1092, #854 ) ;
#2734 = EDGE_CURVE ( 'NONE', #1660, #651, #2578, .T. ) ;
#2735 = CARTESIAN_POINT ( 'NONE',  ( -13.79999999999999893, 4.211821248996412858E-14, -5.000000000000000000 ) ) ;
#2736 = CARTESIAN_POINT ( 'NONE',  ( -40.00000000000000711, 30.00000000000000000, -99.99999999999998579 ) ) ;
#2737 = LINE ( 'NONE', #1985, #2387 ) ;
#2738 = EDGE_LOOP ( 'NONE', ( #1314, #1208 ) ) ;
#2739 = ADVANCED_FACE ( 'NONE', ( #2635, #2154 ), #2863, .F. ) ;
#2740 = LINE ( 'NONE', #2491, #2949 ) ;
#2741 = VERTEX_POINT ( 'NONE', #1455 ) ;
#2742 = LINE ( 'NONE', #1794, #1351 ) ;
#2743 = DIRECTION ( 'NONE',  ( 1.000000000000000000, 0.000000000000000000, 0.000000000000000000 ) ) ;
#2744 = VECTOR ( 'NONE', #1169, 1000.000000000000000 ) ;
#2745 = EDGE_CURVE ( 'NONE', #1598, #1735, #2906, .T. ) ;
#2746 = CIRCLE ( 'NONE', #2299, 10.00000000000000178 ) ;
#2747 = CARTESIAN_POINT ( 'NONE',  ( 50.00000000000000000, 9.999999999999998224, -64.99999999999998579 ) ) ;
#2748 = VERTEX_POINT ( 'NONE', #2392 ) ;
#2749 = EDGE_CURVE ( 'NONE', #2981, #2149, #228, .T. ) ;
#2750 = DIRECTION ( 'NONE',  ( -0.000000000000000000, -1.000000000000000000, -0.000000000000000000 ) ) ;
#2751 = DIRECTION ( 'NONE',  ( -0.000000000000000000, -0.000000000000000000, 1.000000000000000000 ) ) ;
#2752 = VECTOR ( 'NONE', #2690, 1000.000000000000000 ) ;
#2753 = DIRECTION ( 'NONE',  ( -0.000000000000000000, 1.000000000000000000, -0.000000000000000000 ) ) ;
#2754 = AXIS2_PLACEMENT_3D ( 'NONE', #2796, #1080, #1843 ) ;
#2755 = VERTEX_POINT ( 'NONE', #2421 ) ;
#2756 = CARTESIAN_POINT ( 'NONE',  ( -50.00000000000000000, -9.999999999999998224, -64.99999999999998579 ) ) ;
#2757 = CIRCLE ( 'NONE', #2259, 9.999999999999994671 ) ;
#2758 = PLANE ( 'NONE',  #1574 ) ;
#2759 = ADVANCED_FACE ( 'NONE', ( #742, #2185 ), #1209, .T. ) ;
#2760 = ORIENTED_EDGE ( 'NONE', *, *, #512, .T. ) ;
#2761 = CARTESIAN_POINT ( 'NONE',  ( 39.99999999999999289, 30.00000000000000000, -1.653273178848926709E-14 ) ) ;
#2762 = FACE_OUTER_BOUND ( 'NONE', #1384, .T. ) ;
#2763 = DIRECTION ( 'NONE',  ( -3.491481338843133355E-15, -1.000000000000000000, 0.000000000000000000 ) ) ;
#2764 = ORIENTED_EDGE ( 'NONE', *, *, #633, .F. ) ;
#2765 = LINE ( 'NONE', #2532, #384 ) ;
#2766 = CARTESIAN_POINT ( 'NONE',  ( -40.00000000000000711, 30.00000000000000000, -99.99999999999998579 ) ) ;
#2767 = ORIENTED_EDGE ( 'NONE', *, *, #585, .F. ) ;
#2768 = ORIENTED_EDGE ( 'NONE', *, *, #2264, .T. ) ;
#2769 = DIRECTION ( 'NONE',  ( 0.000000000000000000, 0.000000000000000000, -1.000000000000000000 ) ) ;
#2770 = PRODUCT_DEFINITION_CONTEXT ( 'detailed design', #126, 'design' ) ;
#2771 = ORIENTED_EDGE ( 'NONE', *, *, #2458, .T. ) ;
#2772 = CARTESIAN_POINT ( 'NONE',  ( -40.00000000000000711, 15.00000000000000000, -99.99999999999998579 ) ) ;
#2773 = DIRECTION ( 'NONE',  ( -0.000000000000000000, 1.000000000000000000, -0.000000000000000000 ) ) ;
#2774 = EDGE_CURVE ( 'NONE', #955, #2853, #1426, .T. ) ;
#2775 = CIRCLE ( 'NONE', #112, 1.799999999999996048 ) ;
#2776 = CARTESIAN_POINT ( 'NONE',  ( 29.99999999999999645, 30.00000000000000000, -20.00000000000000000 ) ) ;
#2777 = AXIS2_PLACEMENT_3D ( 'NONE', #1669, #3095, #489 ) ;
#2778 = AXIS2_PLACEMENT_3D ( 'NONE', #2914, #718, #17 ) ;
#2779 = ORIENTED_EDGE ( 'NONE', *, *, #1944, .T. ) ;
#2780 = LINE ( 'NONE', #398, #1468 ) ;
#2781 = EDGE_CURVE ( 'NONE', #147, #1614, #1222, .T. ) ;
#2782 = CIRCLE ( 'NONE', #1825, 9.999999999999994671 ) ;
#2783 = AXIS2_PLACEMENT_3D ( 'NONE', #756, #1879, #2847 ) ;
#2784 = ORIENTED_EDGE ( 'NONE', *, *, #2342, .F. ) ;
#2785 = VERTEX_POINT ( 'NONE', #3109 ) ;
#2786 = DIRECTION ( 'NONE',  ( 0.000000000000000000, 0.000000000000000000, -1.000000000000000000 ) ) ;
#2787 = AXIS2_PLACEMENT_3D ( 'NONE', #308, #1740, #2220 ) ;
#2788 = CARTESIAN_POINT ( 'NONE',  ( 29.99999999999998934, 30.00000000000000000, -100.0000000000000000 ) ) ;
#2789 = VERTEX_POINT ( 'NONE', #948 ) ;
#2790 = DIRECTION ( 'NONE',  ( 0.000000000000000000, 0.000000000000000000, -1.000000000000000000 ) ) ;
#2791 = ORIENTED_EDGE ( 'NONE', *, *, #305, .F. ) ;
#2792 = DIRECTION ( 'NONE',  ( 0.000000000000000000, 0.000000000000000000, 1.000000000000000000 ) ) ;
#2793 = EDGE_CURVE ( 'NONE', #1130, #2477, #762, .T. ) ;
#2794 = EDGE_CURVE ( 'NONE', #2732, #936, #2984, .T. ) ;
#2795 = AXIS2_PLACEMENT_3D ( 'NONE', #1277, #2034, #2049 ) ;
#2796 = CARTESIAN_POINT ( 'NONE',  ( 0.000000000000000000, 0.000000000000000000, -5.000000000000000000 ) ) ;
#2797 = AXIS2_PLACEMENT_3D ( 'NONE', #1790, #2709, #96 ) ;
#2798 = EDGE_CURVE ( 'NONE', #2732, #2477, #1241, .T. ) ;
#2799 = LINE ( 'NONE', #193, #3034 ) ;
#2800 = ORIENTED_EDGE ( 'NONE', *, *, #1343, .T. ) ;
#2801 = FACE_OUTER_BOUND ( 'NONE', #780, .T. ) ;
#2802 = EDGE_LOOP ( 'NONE', ( #2133, #2123, #556, #1526 ) ) ;
#2803 = ORIENTED_EDGE ( 'NONE', *, *, #2413, .T. ) ;
#2804 = DIRECTION ( 'NONE',  ( 0.000000000000000000, 0.000000000000000000, -1.000000000000000000 ) ) ;
#2805 = CARTESIAN_POINT ( 'NONE',  ( -40.00000000000000711, 9.999999999999994671, -101.7999999999999829 ) ) ;
#2806 = ORIENTED_EDGE ( 'NONE', *, *, #2944, .T. ) ;
#2807 = VECTOR ( 'NONE', #1302, 1000.000000000000000 ) ;
#2808 = AXIS2_PLACEMENT_3D ( 'NONE', #1829, #1109, #117 ) ;
#2809 = DIRECTION ( 'NONE',  ( -0.000000000000000000, 1.000000000000000000, -0.000000000000000000 ) ) ;
#2810 = ORIENTED_EDGE ( 'NONE', *, *, #442, .T. ) ;
#2811 = LINE ( 'NONE', #2823, #1782 ) ;
#2812 = DIRECTION ( 'NONE',  ( -1.836970198721029688E-16, 0.000000000000000000, -1.000000000000000000 ) ) ;
#2813 = ORIENTED_EDGE ( 'NONE', *, *, #1901, .F. ) ;
#2814 = DIRECTION ( 'NONE',  ( 0.000000000000000000, 1.000000000000000000, -0.000000000000000000 ) ) ;
#2815 = EDGE_CURVE ( 'NONE', #712, #2941, #613, .T. ) ;
#2816 = VERTEX_POINT ( 'NONE', #2482 ) ;
#2817 = ORIENTED_EDGE ( 'NONE', *, *, #652, .T. ) ;
#2818 = CARTESIAN_POINT ( 'NONE',  ( 39.99999999999998579, -30.00000000000000000, -100.0000000000000000 ) ) ;
#2819 = DIRECTION ( 'NONE',  ( -0.000000000000000000, 1.000000000000000000, -0.000000000000000000 ) ) ;
#2820 = VERTEX_POINT ( 'NONE', #2970 ) ;
#2821 = CYLINDRICAL_SURFACE ( 'NONE', #1399, 1.799999999999996048 ) ;
#2822 = EDGE_LOOP ( 'NONE', ( #156, #2394, #1622, #565 ) ) ;
#2823 = CARTESIAN_POINT ( 'NONE',  ( -40.00000000000000711, 30.00000000000000000, -109.9999999999999858 ) ) ;
#2824 = APPLICATION_CONTEXT ( 'automotive_design' ) ;
#2825 = CARTESIAN_POINT ( 'NONE',  ( -50.00000000000000000, 9.999999999999998224, -75.00000000000000000 ) ) ;
#2826 = AXIS2_PLACEMENT_3D ( 'NONE', #2691, #1739, #2705 ) ;
#2827 = DIRECTION ( 'NONE',  ( -0.000000000000000000, 1.000000000000000000, -0.000000000000000000 ) ) ;
#2828 = VECTOR ( 'NONE', #134, 1000.000000000000000 ) ;
#2829 = ORIENTED_EDGE ( 'NONE', *, *, #2060, .T. ) ;
#2830 = CYLINDRICAL_SURFACE ( 'NONE', #218, 1.799999999999996048 ) ;
#2831 = CARTESIAN_POINT ( 'NONE',  ( 40.00000000000000711, 15.00000000000000000, -101.7999999999999829 ) ) ;
#2832 = VECTOR ( 'NONE', #2939, 1000.000000000000000 ) ;
#2833 = EDGE_CURVE ( 'NONE', #393, #2841, #2717, .T. ) ;
#2834 = ORIENTED_EDGE ( 'NONE', *, *, #2992, .T. ) ;
#2835 = ORIENTED_EDGE ( 'NONE', *, *, #882, .T. ) ;
#2836 = CYLINDRICAL_SURFACE ( 'NONE', #1239, 1.799999999999996048 ) ;
#2837 = CARTESIAN_POINT ( 'NONE',  ( -40.00000000000000711, -9.999999999999994671, -109.9999999999999858 ) ) ;
#2838 = CARTESIAN_POINT ( 'NONE',  ( 39.99999999999998579, -9.999999999999994671, -100.0000000000000000 ) ) ;
#2839 = LINE ( 'NONE', #2353, #2651 ) ;
#2840 = EDGE_CURVE ( 'NONE', #203, #932, #53, .T. ) ;
#2841 = VERTEX_POINT ( 'NONE', #1513 ) ;
#2842 = DIRECTION ( 'NONE',  ( 0.000000000000000000, 0.000000000000000000, 1.000000000000000000 ) ) ;
#2843 = VECTOR ( 'NONE', #2473, 1000.000000000000000 ) ;
#2844 = ADVANCED_FACE ( 'NONE', ( #2231 ), #87, .F. ) ;
#2845 = LINE ( 'NONE', #1250, #911 ) ;
#2846 = EDGE_LOOP ( 'NONE', ( #623, #1226, #1422, #1581 ) ) ;
#2847 = DIRECTION ( 'NONE',  ( 1.000000000000000000, 0.000000000000000000, 0.000000000000000000 ) ) ;
#2848 = DIRECTION ( 'NONE',  ( 0.000000000000000000, 0.000000000000000000, -1.000000000000000000 ) ) ;
#2849 = VECTOR ( 'NONE', #752, 1000.000000000000000 ) ;
#2850 = AXIS2_PLACEMENT_3D ( 'NONE', #1851, #2111, #2365 ) ;
#2851 = EDGE_CURVE ( 'NONE', #41, #454, #1978, .T. ) ;
#2852 = VERTEX_POINT ( 'NONE', #1268 ) ;
#2853 = VERTEX_POINT ( 'NONE', #2747 ) ;
#2854 = CARTESIAN_POINT ( 'NONE',  ( 0.000000000000000000, -12.00000000000000000, -5.000000000000000000 ) ) ;
#2855 = CYLINDRICAL_SURFACE ( 'NONE', #2688, 1.799999999999999600 ) ;
#2856 = CARTESIAN_POINT ( 'NONE',  ( 39.99999999999998579, -15.00000000000000000, -110.0000000000000000 ) ) ;
#2857 = DIRECTION ( 'NONE',  ( 0.000000000000000000, 0.000000000000000000, 1.000000000000000000 ) ) ;
#2858 = ORIENTED_EDGE ( 'NONE', *, *, #2410, .F. ) ;
#2859 = CARTESIAN_POINT ( 'NONE',  ( 10.20000000000000107, -1.254728917745062725E-13, -5.000000000000000000 ) ) ;
#2860 = EDGE_CURVE ( 'NONE', #2209, #2748, #1015, .T. ) ;
#2861 = VECTOR ( 'NONE', #42, 1000.000000000000000 ) ;
#2862 = ORIENTED_EDGE ( 'NONE', *, *, #1084, .T. ) ;
#2863 = PLANE ( 'NONE',  #2777 ) ;
#2864 = VECTOR ( 'NONE', #2554, 1000.000000000000000 ) ;
#2865 = VERTEX_POINT ( 'NONE', #289 ) ;
#2866 = EDGE_LOOP ( 'NONE', ( #2013, #313 ) ) ;
#2867 = CARTESIAN_POINT ( 'NONE',  ( -40.00000000000000000, -30.00000000000000000, -10.00000000000000178 ) ) ;
#2868 = DIRECTION ( 'NONE',  ( -0.000000000000000000, -1.000000000000000000, -0.000000000000000000 ) ) ;
#2869 = DIRECTION ( 'NONE',  ( -1.000000000000000000, 0.000000000000000000, 0.000000000000000000 ) ) ;
#2870 = EDGE_LOOP ( 'NONE', ( #1927, #2689, #86, #1835 ) ) ;
#2871 = CARTESIAN_POINT ( 'NONE',  ( 40.00000000000000711, 9.999999999999994671, -98.19999999999998863 ) ) ;
#2872 = EDGE_CURVE ( 'NONE', #2499, #2941, #2250, .T. ) ;
#2873 = DIRECTION ( 'NONE',  ( 1.000000000000000000, 0.000000000000000000, 0.000000000000000000 ) ) ;
#2874 = ORIENTED_EDGE ( 'NONE', *, *, #1063, .F. ) ;
#2875 = CARTESIAN_POINT ( 'NONE',  ( 40.00000000000000711, -30.00000000000000000, -69.99999999999998579 ) ) ;
#2876 = LINE ( 'NONE', #214, #2588 ) ;
#2877 = ORIENTED_EDGE ( 'NONE', *, *, #2468, .F. ) ;
#2878 = AXIS2_PLACEMENT_3D ( 'NONE', #2875, #683, #2170 ) ;
#2879 = ORIENTED_EDGE ( 'NONE', *, *, #1442, .F. ) ;
#2880 = EDGE_CURVE ( 'NONE', #2018, #1087, #2686, .T. ) ;
#2881 = CARTESIAN_POINT ( 'NONE',  ( 40.00000000000000711, -30.00000000000000000, -71.79999999999998295 ) ) ;
#2882 = CARTESIAN_POINT ( 'NONE',  ( 39.99999999999998579, 30.00000000000000000, -110.0000000000000000 ) ) ;
#2883 = CYLINDRICAL_SURFACE ( 'NONE', #1724, 5.000000000000000000 ) ;
#2884 = CARTESIAN_POINT ( 'NONE',  ( 50.00000000000000711, 15.00000000000000000, -105.0000000000000000 ) ) ;
#2885 = ORIENTED_EDGE ( 'NONE', *, *, #652, .F. ) ;
#2886 = CARTESIAN_POINT ( 'NONE',  ( 40.00000000000000711, -30.00000000000000000, -98.19999999999998863 ) ) ;
#2887 = AXIS2_PLACEMENT_3D ( 'NONE', #1812, #3047, #2359 ) ;
#2888 = CIRCLE ( 'NONE', #1572, 17.50000000000000355 ) ;
#2889 = EDGE_CURVE ( 'NONE', #892, #2566, #1318, .T. ) ;
#2890 = EDGE_LOOP ( 'NONE', ( #1057, #1027 ) ) ;
#2891 = FACE_OUTER_BOUND ( 'NONE', #498, .T. ) ;
#2892 = EDGE_CURVE ( 'NONE', #1683, #1323, #1488, .T. ) ;
#2893 = ORIENTED_EDGE ( 'NONE', *, *, #1997, .T. ) ;
#2894 = EDGE_LOOP ( 'NONE', ( #299, #367, #1586, #1912 ) ) ;
#2895 = AXIS2_PLACEMENT_3D ( 'NONE', #1388, #1635, #2355 ) ;
#2896 = DIRECTION ( 'NONE',  ( -0.000000000000000000, 1.000000000000000000, -0.000000000000000000 ) ) ;
#2897 = DIRECTION ( 'NONE',  ( 0.000000000000000000, 0.000000000000000000, -1.000000000000000000 ) ) ;
#2898 = CARTESIAN_POINT ( 'NONE',  ( -40.00000000000000711, -15.00000000000000000, -98.19999999999998863 ) ) ;
#2899 = LINE ( 'NONE', #237, #1320 ) ;
#2900 = ORIENTED_EDGE ( 'NONE', *, *, #270, .F. ) ;
#2901 = CARTESIAN_POINT ( 'NONE',  ( 0.000000000000000000, 0.000000000000000000, -5.000000000000000000 ) ) ;
#2902 = DIRECTION ( 'NONE',  ( 0.000000000000000000, -1.000000000000000000, 0.000000000000000000 ) ) ;
#2903 = DIRECTION ( 'NONE',  ( -0.000000000000000000, 0.000000000000000000, -1.000000000000000000 ) ) ;
#2904 = FACE_OUTER_BOUND ( 'NONE', #1335, .T. ) ;
#2905 = ORIENTED_EDGE ( 'NONE', *, *, #461, .F. ) ;
#2906 = LINE ( 'NONE', #1911, #3079 ) ;
#2907 = AXIS2_PLACEMENT_3D ( 'NONE', #2147, #702, #2097 ) ;
#2908 = VERTEX_POINT ( 'NONE', #71 ) ;
#2909 = EDGE_LOOP ( 'NONE', ( #2455, #1878, #1168, #1947 ) ) ;
#2910 = EDGE_CURVE ( 'NONE', #761, #245, #2498, .T. ) ;
#2911 = CARTESIAN_POINT ( 'NONE',  ( -40.00000000000000711, 30.00000000000000000, -99.99999999999998579 ) ) ;
#2912 = DIRECTION ( 'NONE',  ( 0.000000000000000000, -1.000000000000000000, 0.000000000000000000 ) ) ;
#2913 = CARTESIAN_POINT ( 'NONE',  ( 1.799999999999999822, 12.00000000000000000, -5.000000000000000000 ) ) ;
#2914 = CARTESIAN_POINT ( 'NONE',  ( 0.000000000000000000, 0.000000000000000000, 0.000000000000000000 ) ) ;
#2915 = ORIENTED_EDGE ( 'NONE', *, *, #305, .T. ) ;
#2916 = LINE ( 'NONE', #48, #3044 ) ;
#2917 = LINE ( 'NONE', #1482, #2278 ) ;
#2918 = FACE_OUTER_BOUND ( 'NONE', #1410, .T. ) ;
#2919 = EDGE_CURVE ( 'NONE', #2566, #1569, #2215, .T. ) ;
#2920 = ORIENTED_EDGE ( 'NONE', *, *, #450, .F. ) ;
#2921 = DIRECTION ( 'NONE',  ( 6.938893903907229610E-17, 0.000000000000000000, 1.000000000000000000 ) ) ;
#2922 = ORIENTED_EDGE ( 'NONE', *, *, #224, .T. ) ;
#2923 = LINE ( 'NONE', #492, #2002 ) ;
#2924 = PLANE ( 'NONE',  #2826 ) ;
#2925 = ADVANCED_FACE ( 'NONE', ( #2200 ), #303, .T. ) ;
#2926 = DIRECTION ( 'NONE',  ( 0.000000000000000000, 0.000000000000000000, 1.000000000000000000 ) ) ;
#2927 = AXIS2_PLACEMENT_3D ( 'NONE', #2000, #2751, #2991 ) ;
#2928 = LINE ( 'NONE', #2162, #2384 ) ;
#2929 = ORIENTED_EDGE ( 'NONE', *, *, #1997, .F. ) ;
#2930 = AXIS2_PLACEMENT_3D ( 'NONE', #266, #1175, #2606 ) ;
#2931 = CARTESIAN_POINT ( 'NONE',  ( -40.00000000000000711, -30.00000000000000000, -98.19999999999998863 ) ) ;
#2932 = AXIS2_PLACEMENT_3D ( 'NONE', #243, #917, #254 ) ;
#2933 = EDGE_CURVE ( 'NONE', #2950, #2841, #336, .T. ) ;
#2934 = ORIENTED_EDGE ( 'NONE', *, *, #2933, .T. ) ;
#2935 = VECTOR ( 'NONE', #1952, 1000.000000000000000 ) ;
#2936 = FACE_OUTER_BOUND ( 'NONE', #95, .T. ) ;
#2937 = FACE_OUTER_BOUND ( 'NONE', #675, .T. ) ;
#2938 = EDGE_LOOP ( 'NONE', ( #2726, #1789, #477, #2067 ) ) ;
#2939 = DIRECTION ( 'NONE',  ( -0.000000000000000000, -1.000000000000000000, -0.000000000000000000 ) ) ;
#2940 = AXIS2_PLACEMENT_3D ( 'NONE', #1089, #2051, #3012 ) ;
#2941 = VERTEX_POINT ( 'NONE', #1032 ) ;
#2942 = DIRECTION ( 'NONE',  ( 1.000000000000000000, -0.000000000000000000, -6.938893903907229364E-16 ) ) ;
#2943 = DIRECTION ( 'NONE',  ( 0.000000000000000000, 0.000000000000000000, 1.000000000000000000 ) ) ;
#2944 = EDGE_CURVE ( 'NONE', #1276, #90, #1996, .T. ) ;
#2945 = CARTESIAN_POINT ( 'NONE',  ( -40.00000000000000711, 30.00000000000000000, -109.9999999999999858 ) ) ;
#2946 = ORIENTED_EDGE ( 'NONE', *, *, #1853, .T. ) ;
#2947 = CARTESIAN_POINT ( 'NONE',  ( -40.00000000000000711, -30.00000000000000000, -68.20000000000000284 ) ) ;
#2948 = FACE_OUTER_BOUND ( 'NONE', #832, .T. ) ;
#2949 = VECTOR ( 'NONE', #2222, 1000.000000000000000 ) ;
#2950 = VERTEX_POINT ( 'NONE', #1752 ) ;
#2951 = DIRECTION ( 'NONE',  ( 0.000000000000000000, 0.000000000000000000, -1.000000000000000000 ) ) ;
#2952 = CARTESIAN_POINT ( 'NONE',  ( 40.00000000000000711, 30.00000000000000000, -69.99999999999998579 ) ) ;
#2953 = ADVANCED_FACE ( 'NONE', ( #104, #1062 ), #2027, .F. ) ;
#2954 = ORIENTED_EDGE ( 'NONE', *, *, #1620, .T. ) ;
#2955 = CARTESIAN_POINT ( 'NONE',  ( 40.00000000000000711, 15.00000000000000000, -99.99999999999998579 ) ) ;
#2956 = VECTOR ( 'NONE', #2095, 1000.000000000000000 ) ;
#2957 = EDGE_LOOP ( 'NONE', ( #703, #2570, #515, #2324 ) ) ;
#2958 = DIRECTION ( 'NONE',  ( 0.000000000000000000, 1.000000000000000000, 0.000000000000000000 ) ) ;
#2959 = LINE ( 'NONE', #828, #960 ) ;
#2960 = CARTESIAN_POINT ( 'NONE',  ( 17.50000000000000355, 0.000000000000000000, -5.000000000000000000 ) ) ;
#2961 = ORIENTED_EDGE ( 'NONE', *, *, #1464, .F. ) ;
#2962 = PLANE ( 'NONE',  #1580 ) ;
#2963 = CARTESIAN_POINT ( 'NONE',  ( 0.000000000000000000, 15.00000000000000000, 0.000000000000000000 ) ) ;
#2964 = VERTEX_POINT ( 'NONE', #1556 ) ;
#2965 = CARTESIAN_POINT ( 'NONE',  ( 50.00000000000000000, 9.999999999999998224, -75.00000000000000000 ) ) ;
#2966 = LINE ( 'NONE', #2276, #3035 ) ;
#2967 = EDGE_CURVE ( 'NONE', #2442, #2115, #1313, .T. ) ;
#2968 = CLOSED_SHELL ( 'NONE', ( #1071, #743, #1438, #349, #1079, #1502, #791, #1616, #1909, #1375, #694, #97, #1588, #810, #1204, #2010, #2028, #1293, #779, #1711, #2925, #2551, #503, #1138, #2183, #1593, #2567, #173, #2976, #2217, #2659, #1486, #961, #1026, #991, #409, #2091, #1497, #1368, #615, #1275, #2433, #2953, #2507, #3063, #419, #944, #2148, #2396, #2698, #1214, #2188, #3059, #2652, #1768, #2451, #2718, #1060, #494, #648, #3016, #1019, #2971, #2512, #1174, #2085, #1797, #1000, #1516, #2489, #934, #1862, #833, #1123, #2739, #725, #2100, #44, #2166, #2371, #1907, #735, #537, #404, #2759, #2201, #2617, #100, #2197, #2303, #2844, #2243, #981 ) ) ;
#2969 = ORIENTED_EDGE ( 'NONE', *, *, #2583, .T. ) ;
#2970 = CARTESIAN_POINT ( 'NONE',  ( -50.00000000000000711, -9.999999999999998224, -94.99999999999998579 ) ) ;
#2971 = ADVANCED_FACE ( 'NONE', ( #2104 ), #1124, .F. ) ;
#2972 = EDGE_LOOP ( 'NONE', ( #999, #2716 ) ) ;
#2973 = DIRECTION ( 'NONE',  ( 0.000000000000000000, 0.000000000000000000, -1.000000000000000000 ) ) ;
#2974 = CARTESIAN_POINT ( 'NONE',  ( -40.00000000000000711, 15.00000000000000000, -69.99999999999998579 ) ) ;
#2975 = DIRECTION ( 'NONE',  ( 0.000000000000000000, 1.000000000000000000, 0.000000000000000000 ) ) ;
#2976 = ADVANCED_FACE ( 'NONE', ( #3058 ), #3017, .F. ) ;
#2977 = ORIENTED_EDGE ( 'NONE', *, *, #2066, .F. ) ;
#2978 = CARTESIAN_POINT ( 'NONE',  ( -40.00000000000000711, 15.00000000000000000, -101.7999999999999829 ) ) ;
#2979 = DIRECTION ( 'NONE',  ( -0.000000000000000000, -0.000000000000000000, 1.000000000000000000 ) ) ;
#2980 = AXIS2_PLACEMENT_3D ( 'NONE', #1560, #2577, #889 ) ;
#2981 = VERTEX_POINT ( 'NONE', #2087 ) ;
#2982 = FACE_OUTER_BOUND ( 'NONE', #2046, .T. ) ;
#2983 = DIRECTION ( 'NONE',  ( -0.000000000000000000, 1.000000000000000000, -0.000000000000000000 ) ) ;
#2984 = CIRCLE ( 'NONE', #2180, 9.999999999999994671 ) ;
#2985 = EDGE_CURVE ( 'NONE', #393, #2221, #363, .T. ) ;
#2986 = VERTEX_POINT ( 'NONE', #1603 ) ;
#2987 = CARTESIAN_POINT ( 'NONE',  ( -40.00000000000000711, 30.00000000000000000, -69.99999999999998579 ) ) ;
#2988 = EDGE_CURVE ( 'NONE', #2092, #2711, #396, .T. ) ;
#2989 = ORIENTED_EDGE ( 'NONE', *, *, #54, .F. ) ;
#2990 = CYLINDRICAL_SURFACE ( 'NONE', #793, 9.999999999999994671 ) ;
#2991 = DIRECTION ( 'NONE',  ( 1.000000000000000000, 0.000000000000000000, 0.000000000000000000 ) ) ;
#2992 = EDGE_CURVE ( 'NONE', #1252, #1942, #1642, .T. ) ;
#2993 = CARTESIAN_POINT ( 'NONE',  ( -5.000000000000000000, 6.123233995736766282E-16, -5.000000000000004441 ) ) ;
#2994 = EDGE_LOOP ( 'NONE', ( #1430, #2420, #2203, #2954 ) ) ;
#2995 = DIRECTION ( 'NONE',  ( -0.000000000000000000, 0.000000000000000000, 1.000000000000000000 ) ) ;
#2996 = CARTESIAN_POINT ( 'NONE',  ( 29.99999999999999645, 30.00000000000000000, -30.00000000000000000 ) ) ;
#2997 = ORIENTED_EDGE ( 'NONE', *, *, #2967, .F. ) ;
#2998 = DIRECTION ( 'NONE',  ( 0.000000000000000000, 0.000000000000000000, 1.000000000000000000 ) ) ;
#2999 = CARTESIAN_POINT ( 'NONE',  ( -50.00000000000000000, -15.00000000000000000, -64.99999999999998579 ) ) ;
#3000 = AXIS2_PLACEMENT_3D ( 'NONE', #2165, #1693, #2676 ) ;
#3001 = AXIS2_PLACEMENT_3D ( 'NONE', #2077, #1103, #152 ) ;
#3002 = CARTESIAN_POINT ( 'NONE',  ( -5.000000000000000000, 6.123233995736766282E-16, -110.0000000000000000 ) ) ;
#3003 = ORIENTED_EDGE ( 'NONE', *, *, #2985, .F. ) ;
#3004 = LINE ( 'NONE', #845, #1046 ) ;
#3005 = CARTESIAN_POINT ( 'NONE',  ( -30.00000000000000711, 9.999999999999998224, -105.0000000000000000 ) ) ;
#3006 = CIRCLE ( 'NONE', #2053, 1.799999999999996048 ) ;
#3007 = EDGE_CURVE ( 'NONE', #250, #3025, #867, .T. ) ;
#3008 = VERTEX_POINT ( 'NONE', #1328 ) ;
#3009 = VECTOR ( 'NONE', #2513, 1000.000000000000000 ) ;
#3010 = EDGE_LOOP ( 'NONE', ( #1456, #61, #2685, #138 ) ) ;
#3011 = CARTESIAN_POINT ( 'NONE',  ( 13.79999999999999893, -1.256933281983528008E-13, -10.00000000000000000 ) ) ;
#3012 = DIRECTION ( 'NONE',  ( 0.000000000000000000, 0.000000000000000000, 1.000000000000000000 ) ) ;
#3013 = ORIENTED_EDGE ( 'NONE', *, *, #1238, .T. ) ;
#3014 = DIRECTION ( 'NONE',  ( 1.000000000000000000, 0.000000000000000000, 0.000000000000000000 ) ) ;
#3015 = DIRECTION ( 'NONE',  ( 0.000000000000000000, 0.000000000000000000, 1.000000000000000000 ) ) ;
#3016 = ADVANCED_FACE ( 'NONE', ( #177 ), #1342, .T. ) ;
#3017 = CYLINDRICAL_SURFACE ( 'NONE', #2706, 1.799999999999996048 ) ;
#3018 = ORIENTED_EDGE ( 'NONE', *, *, #1160, .T. ) ;
#3019 = CARTESIAN_POINT ( 'NONE',  ( -30.00000000000000711, 15.00000000000000000, -99.99999999999998579 ) ) ;
#3020 = EDGE_LOOP ( 'NONE', ( #1990, #182, #802, #473 ) ) ;
#3021 = EDGE_LOOP ( 'NONE', ( #1403, #723, #2304, #928 ) ) ;
#3022 = CARTESIAN_POINT ( 'NONE',  ( -50.00000000000000000, 9.999999999999998224, -75.00000000000000000 ) ) ;
#3023 = EDGE_CURVE ( 'NONE', #2088, #2151, #2312, .T. ) ;
#3024 = CARTESIAN_POINT ( 'NONE',  ( -40.00000000000000000, -30.00000000000000000, -1.836970198721029983E-15 ) ) ;
#3025 = VERTEX_POINT ( 'NONE', #1094 ) ;
#3026 = CARTESIAN_POINT ( 'NONE',  ( -40.00000000000000711, -30.00000000000000000, -98.19999999999998863 ) ) ;
#3027 = DIRECTION ( 'NONE',  ( 0.000000000000000000, 0.000000000000000000, 1.000000000000000000 ) ) ;
#3028 = EDGE_CURVE ( 'NONE', #1319, #165, #2343, .T. ) ;
#3029 = AXIS2_PLACEMENT_3D ( 'NONE', #901, #1624, #3049 ) ;
#3030 = DIRECTION ( 'NONE',  ( -1.000000000000000000, 0.000000000000000000, 1.836970198721029688E-16 ) ) ;
#3031 = DIRECTION ( 'NONE',  ( 0.000000000000000000, 0.000000000000000000, -1.000000000000000000 ) ) ;
#3032 = ORIENTED_EDGE ( 'NONE', *, *, #2281, .T. ) ;
#3033 = CARTESIAN_POINT ( 'NONE',  ( -40.00000000000000711, -15.00000000000000000, -68.20000000000000284 ) ) ;
#3034 = VECTOR ( 'NONE', #2827, 1000.000000000000000 ) ;
#3035 = VECTOR ( 'NONE', #377, 1000.000000000000000 ) ;
#3036 = EDGE_LOOP ( 'NONE', ( #817, #2829, #34, #1702 ) ) ;
#3037 = ORIENTED_EDGE ( 'NONE', *, *, #1269, .F. ) ;
#3038 = PLANE ( 'NONE',  #1385 ) ;
#3039 = PLANE ( 'NONE',  #241 ) ;
#3040 = ORIENTED_EDGE ( 'NONE', *, *, #2525, .F. ) ;
#3041 = CARTESIAN_POINT ( 'NONE',  ( 40.00000000000000711, -30.00000000000000000, -101.7999999999999829 ) ) ;
#3042 = ORIENTED_EDGE ( 'NONE', *, *, #2605, .T. ) ;
#3043 = CARTESIAN_POINT ( 'NONE',  ( 0.000000000000000000, 9.999999999999998224, 0.000000000000000000 ) ) ;
#3044 = VECTOR ( 'NONE', #2179, 1000.000000000000000 ) ;
#3045 = EDGE_CURVE ( 'NONE', #2092, #203, #3106, .T. ) ;
#3046 = DIRECTION ( 'NONE',  ( -1.000000000000000000, -0.000000000000000000, -6.938893903907229364E-16 ) ) ;
#3047 = DIRECTION ( 'NONE',  ( -0.000000000000000000, -0.000000000000000000, -1.000000000000000000 ) ) ;
#3048 = ORIENTED_EDGE ( 'NONE', *, *, #1866, .T. ) ;
#3049 = DIRECTION ( 'NONE',  ( 0.000000000000000000, 0.000000000000000000, 1.000000000000000000 ) ) ;
#3050 = ORIENTED_EDGE ( 'NONE', *, *, #1853, .F. ) ;
#3051 = DIRECTION ( 'NONE',  ( -0.000000000000000000, -1.000000000000000000, -0.000000000000000000 ) ) ;
#3052 = CARTESIAN_POINT ( 'NONE',  ( -40.00000000000000711, -15.00000000000000000, -69.99999999999998579 ) ) ;
#3053 = ORIENTED_EDGE ( 'NONE', *, *, #546, .F. ) ;
#3054 = CIRCLE ( 'NONE', #2557, 1.799999999999999822 ) ;
#3055 = CARTESIAN_POINT ( 'NONE',  ( 50.00000000000000711, 9.999999999999998224, -94.99999999999998579 ) ) ;
#3056 = EDGE_LOOP ( 'NONE', ( #232, #1627, #1507, #2879 ) ) ;
#3057 = LINE ( 'NONE', #910, #830 ) ;
#3058 = FACE_OUTER_BOUND ( 'NONE', #2994, .T. ) ;
#3059 = ADVANCED_FACE ( 'NONE', ( #350 ), #616, .F. ) ;
#3060 = DIRECTION ( 'NONE',  ( 0.000000000000000000, -1.000000000000000000, 0.000000000000000000 ) ) ;
#3061 = VERTEX_POINT ( 'NONE', #1575 ) ;
#3062 = CYLINDRICAL_SURFACE ( 'NONE', #158, 1.799999999999999822 ) ;
#3063 = ADVANCED_FACE ( 'NONE', ( #2313, #2040 ), #632, .F. ) ;
#3064 = ORIENTED_EDGE ( 'NONE', *, *, #148, .T. ) ;
#3065 = VECTOR ( 'NONE', #2190, 1000.000000000000000 ) ;
#3066 = ORIENTED_EDGE ( 'NONE', *, *, #1955, .F. ) ;
#3067 = CARTESIAN_POINT ( 'NONE',  ( 50.00000000000000711, -9.999999999999998224, -94.99999999999998579 ) ) ;
#3068 = CARTESIAN_POINT ( 'NONE',  ( 30.00000000000000711, -15.00000000000000000, -74.99999999999998579 ) ) ;
#3069 = EDGE_CURVE ( 'NONE', #1081, #225, #1798, .T. ) ;
#3070 = ORIENTED_EDGE ( 'NONE', *, *, #976, .F. ) ;
#3071 = CARTESIAN_POINT ( 'NONE',  ( -50.00000000000000711, 9.999999999999998224, -94.99999999999998579 ) ) ;
#3072 = EDGE_LOOP ( 'NONE', ( #2305, #1136, #639, #2076 ) ) ;
#3073 = DIRECTION ( 'NONE',  ( 0.000000000000000000, 0.000000000000000000, 1.000000000000000000 ) ) ;
#3074 = EDGE_CURVE ( 'NONE', #2018, #1598, #3054, .T. ) ;
#3075 = CIRCLE ( 'NONE', #207, 1.799999999999996048 ) ;
#3076 = VERTEX_POINT ( 'NONE', #666 ) ;
#3077 = CARTESIAN_POINT ( 'NONE',  ( 29.99999999999998934, 30.00000000000000000, -100.0000000000000000 ) ) ;
#3078 = DIRECTION ( 'NONE',  ( -0.000000000000000000, 1.000000000000000000, -0.000000000000000000 ) ) ;
#3079 = VECTOR ( 'NONE', #1654, 1000.000000000000000 ) ;
#3080 = AXIS2_PLACEMENT_3D ( 'NONE', #2645, #2191, #954 ) ;
#3081 = ORIENTED_EDGE ( 'NONE', *, *, #1949, .T. ) ;
#3082 = ORIENTED_EDGE ( 'NONE', *, *, #656, .F. ) ;
#3083 = EDGE_CURVE ( 'NONE', #2755, #2369, #1621, .T. ) ;
#3084 = FACE_OUTER_BOUND ( 'NONE', #2938, .T. ) ;
#3085 = CARTESIAN_POINT ( 'NONE',  ( 0.000000000000000000, -9.999999999999998224, 0.000000000000000000 ) ) ;
#3086 = VECTOR ( 'NONE', #1696, 1000.000000000000000 ) ;
#3087 = FACE_BOUND ( 'NONE', #1294, .T. ) ;
#3088 = DIRECTION ( 'NONE',  ( 0.000000000000000000, 0.000000000000000000, -1.000000000000000000 ) ) ;
#3089 = ORIENTED_EDGE ( 'NONE', *, *, #3045, .F. ) ;
#3090 = FACE_OUTER_BOUND ( 'NONE', #1194, .T. ) ;
#3091 = CIRCLE ( 'NONE', #1029, 1.799999999999999822 ) ;
#3092 = PRESENTATION_LAYER_ASSIGNMENT (  '', '', ( #520 ) ) ;
#3093 = EDGE_CURVE ( 'NONE', #2221, #433, #2418, .T. ) ;
#3094 = ORIENTED_EDGE ( 'NONE', *, *, #2910, .T. ) ;
#3095 = DIRECTION ( 'NONE',  ( 0.000000000000000000, -1.000000000000000000, 0.000000000000000000 ) ) ;
#3096 = CIRCLE ( 'NONE', #2248, 1.799999999999996048 ) ;
#3097 = ORIENTED_EDGE ( 'NONE', *, *, #139, .F. ) ;
#3098 = ORIENTED_EDGE ( 'NONE', *, *, #920, .F. ) ;
#3099 = CARTESIAN_POINT ( 'NONE',  ( -40.00000000000000711, 9.999999999999994671, -98.19999999999998863 ) ) ;
#3100 = FACE_BOUND ( 'NONE', #1831, .T. ) ;
#3101 = EDGE_CURVE ( 'NONE', #2139, #2986, #1688, .T. ) ;
#3102 = CARTESIAN_POINT ( 'NONE',  ( 39.99999999999998579, 9.999999999999998224, -100.0000000000000000 ) ) ;
#3103 = CYLINDRICAL_SURFACE ( 'NONE', #891, 1.799999999999996048 ) ;
#3104 = ORIENTED_EDGE ( 'NONE', *, *, #148, .F. ) ;
#3105 = CARTESIAN_POINT ( 'NONE',  ( 1.799999999999999822, -12.00000000000000000, -10.00000000000000000 ) ) ;
#3106 = CIRCLE ( 'NONE', #2155, 17.50000000000000355 ) ;
#3107 = EDGE_CURVE ( 'NONE', #1735, #1087, #1095, .T. ) ;
#3108 = ORIENTED_EDGE ( 'NONE', *, *, #1045, .F. ) ;
#3109 = CARTESIAN_POINT ( 'NONE',  ( 40.00000000000000711, 30.00000000000000000, -68.20000000000000284 ) ) ;
#3110 = CIRCLE ( 'NONE', #2463, 1.799999999999999822 ) ;
#3111 = VERTEX_POINT ( 'NONE', #456 ) ;
#3112 = ORIENTED_EDGE ( 'NONE', *, *, #2559, .T. ) ;
#3113 = DIRECTION ( 'NONE',  ( -0.000000000000000000, 0.000000000000000000, -1.000000000000000000 ) ) ;
#3114 = EDGE_CURVE ( 'NONE', #357, #745, #443, .T. ) ;
#3115 = DIRECTION ( 'NONE',  ( 0.000000000000000000, 0.000000000000000000, 1.000000000000000000 ) ) ;
ENDSEC;
END-ISO-10303-21;
