ISO-10303-21;
HEADER;
FILE_DESCRIPTION (( 'STEP AP214' ),
    '1' );
FILE_NAME ('HorizontalBase V2.step',
    '2026-08-28T16:12:55',
    ( '' ),
    ( '' ),
    'SwSTEP 2.0',
    'SolidWorks 2024',
    '' );
FILE_SCHEMA (( 'AUTOMOTIVE_DESIGN' ));
ENDSEC;

DATA;
#1 = VERTEX_POINT ( 'NONE', #2191 ) ;
#2 = ADVANCED_FACE ( 'NONE', ( #2167 ), #2570, .F. ) ;
#3 = TOROIDAL_SURFACE ( 'NONE', #2014, 2.000000000000000000, 1.000000000000000000 ) ;
#4 = EDGE_LOOP ( 'NONE', ( #1655, #4369, #940, #3152 ) ) ;
#5 = ORIENTED_EDGE ( 'NONE', *, *, #1539, .T. ) ;
#6 = DIRECTION ( 'NONE',  ( 0.000000000000000000, 1.000000000000000000, 0.000000000000000000 ) ) ;
#7 = DIRECTION ( 'NONE',  ( 0.000000000000000000, 0.000000000000000000, -1.000000000000000000 ) ) ;
#8 = AXIS2_PLACEMENT_3D ( 'NONE', #3039, #1331, #4386 ) ;
#9 = LINE ( 'NONE', #2747, #876 ) ;
#10 = DIRECTION ( 'NONE',  ( -1.000000000000000000, 0.000000000000000000, 0.000000000000000000 ) ) ;
#11 = ORIENTED_EDGE ( 'NONE', *, *, #1550, .T. ) ;
#12 = EDGE_CURVE ( 'NONE', #2214, #4228, #1006, .T. ) ;
#13 = AXIS2_PLACEMENT_3D ( 'NONE', #661, #2997, #1286 ) ;
#14 = AXIS2_PLACEMENT_3D ( 'NONE', #1707, #2379, #2788 ) ;
#15 = FACE_BOUND ( 'NONE', #2872, .T. ) ;
#16 = AXIS2_PLACEMENT_3D ( 'NONE', #4188, #1442, #730 ) ;
#17 = VERTEX_POINT ( 'NONE', #2140 ) ;
#18 = DIRECTION ( 'NONE',  ( 1.000000000000000000, 0.000000000000000000, 0.000000000000000000 ) ) ;
#19 = AXIS2_PLACEMENT_3D ( 'NONE', #1835, #1133, #1905 ) ;
#20 = CIRCLE ( 'NONE', #3310, 2.000000000000001776 ) ;
#21 = CIRCLE ( 'NONE', #2522, 1.000000000000000888 ) ;
#22 = AXIS2_PLACEMENT_3D ( 'NONE', #721, #1415, #4075 ) ;
#23 = TOROIDAL_SURFACE ( 'NONE', #3086, 33.99999999999999289, 1.000000000000000000 ) ;
#24 = EDGE_LOOP ( 'NONE', ( #68, #3596, #3256, #2798 ) ) ;
#25 = EDGE_LOOP ( 'NONE', ( #775, #724 ) ) ;
#26 = CIRCLE ( 'NONE', #2024, 4.000000000000005329 ) ;
#27 = CARTESIAN_POINT ( 'NONE',  ( 49.24428900898052319, 85.00000000000000000, -34.99999999999998579 ) ) ;
#28 = CARTESIAN_POINT ( 'NONE',  ( -70.00000000000000000, 8.450062914116737844E-15, -33.99999999999999289 ) ) ;
#29 = ORIENTED_EDGE ( 'NONE', *, *, #1525, .F. ) ;
#30 = CARTESIAN_POINT ( 'NONE',  ( 70.00000000000000000, 84.99999999999998579, 1.734839169665972859E-14 ) ) ;
#31 = AXIS2_PLACEMENT_3D ( 'NONE', #2210, #2863, #4229 ) ;
#32 = DIRECTION ( 'NONE',  ( 0.000000000000000000, 0.000000000000000000, -1.000000000000000000 ) ) ;
#33 = ORIENTED_EDGE ( 'NONE', *, *, #12, .T. ) ;
#34 = VECTOR ( 'NONE', #2510, 1000.000000000000000 ) ;
#35 = EDGE_LOOP ( 'NONE', ( #1130, #1767, #4440, #1900 ) ) ;
#36 = FACE_OUTER_BOUND ( 'NONE', #3573, .T. ) ;
#37 = DIRECTION ( 'NONE',  ( 0.000000000000000000, 1.000000000000000000, -0.000000000000000000 ) ) ;
#38 = FACE_OUTER_BOUND ( 'NONE', #3642, .T. ) ;
#39 = DIRECTION ( 'NONE',  ( -0.000000000000000000, 1.000000000000000000, -0.000000000000000000 ) ) ;
#40 = VERTEX_POINT ( 'NONE', #1491 ) ;
#41 = FACE_BOUND ( 'NONE', #1718, .T. ) ;
#42 = ORIENTED_EDGE ( 'NONE', *, *, #1049, .F. ) ;
#43 = ADVANCED_FACE ( 'NONE', ( #3532 ), #3576, .F. ) ;
#44 = DIRECTION ( 'NONE',  ( 0.000000000000000000, 0.000000000000000000, -1.000000000000000000 ) ) ;
#45 = EDGE_CURVE ( 'NONE', #3736, #2194, #2438, .T. ) ;
#46 = DIRECTION ( 'NONE',  ( -0.000000000000000000, -0.000000000000000000, 1.000000000000000000 ) ) ;
#47 = VERTEX_POINT ( 'NONE', #493 ) ;
#48 = VERTEX_POINT ( 'NONE', #113 ) ;
#49 = EDGE_CURVE ( 'NONE', #1619, #3854, #4165, .T. ) ;
#50 = CARTESIAN_POINT ( 'NONE',  ( -54.99999999999999289, 96.99999999999998579, 3.469678339331945719E-14 ) ) ;
#51 = DIRECTION ( 'NONE',  ( 0.000000000000000000, 0.000000000000000000, 1.000000000000000000 ) ) ;
#52 = CARTESIAN_POINT ( 'NONE',  ( -20.00000000000000000, -5.204170427930421283E-15, -6.982962677686266711E-14 ) ) ;
#53 = APPLICATION_PROTOCOL_DEFINITION ( 'draft international standard', 'automotive_design', 1998, #1774 ) ;
#54 = DIRECTION ( 'NONE',  ( 0.000000000000000000, 0.000000000000000000, 1.000000000000000000 ) ) ;
#55 = ORIENTED_EDGE ( 'NONE', *, *, #3353, .F. ) ;
#56 = DIRECTION ( 'NONE',  ( 0.000000000000000000, 1.000000000000000000, 0.000000000000000000 ) ) ;
#57 = ADVANCED_FACE ( 'NONE', ( #1859 ), #151, .T. ) ;
#58 = CARTESIAN_POINT ( 'NONE',  ( 2.081899558550500280E-16, -5.204170427930421283E-15, 38.29999999999999716 ) ) ;
#59 = DIRECTION ( 'NONE',  ( -0.000000000000000000, 1.000000000000000000, -0.000000000000000000 ) ) ;
#60 = CARTESIAN_POINT ( 'NONE',  ( -34.64101615137746393, 5.000000000000000000, -20.00000000000016342 ) ) ;
#61 = ORIENTED_EDGE ( 'NONE', *, *, #4115, .T. ) ;
#62 = FACE_BOUND ( 'NONE', #3676, .T. ) ;
#63 = ORIENTED_EDGE ( 'NONE', *, *, #3646, .T. ) ;
#64 = CARTESIAN_POINT ( 'NONE',  ( 0.000000000000000000, 5.000000000000000000, -40.00000000000000000 ) ) ;
#65 = EDGE_CURVE ( 'NONE', #2763, #700, #1587, .T. ) ;
#66 = SURFACE_STYLE_USAGE ( .BOTH. , #3485 ) ;
#67 = EDGE_LOOP ( 'NONE', ( #3062, #1722 ) ) ;
#68 = ORIENTED_EDGE ( 'NONE', *, *, #741, .F. ) ;
#69 = DIRECTION ( 'NONE',  ( 0.000000000000000000, 0.000000000000000000, 1.000000000000000000 ) ) ;
#70 = CARTESIAN_POINT ( 'NONE',  ( -20.00000000000000000, -5.204170427930421283E-15, -1.700000000000069678 ) ) ;
#71 = ORIENTED_EDGE ( 'NONE', *, *, #2415, .F. ) ;
#72 = EDGE_CURVE ( 'NONE', #3695, #1936, #1513, .T. ) ;
#73 = DIRECTION ( 'NONE',  ( -1.000000000000000000, 0.000000000000000000, -3.491481338843137300E-15 ) ) ;
#74 = ORIENTED_EDGE ( 'NONE', *, *, #1208, .T. ) ;
#75 = DIRECTION ( 'NONE',  ( -0.000000000000000000, 1.000000000000000000, 1.224646799147353207E-16 ) ) ;
#76 = ORIENTED_EDGE ( 'NONE', *, *, #2431, .T. ) ;
#77 = DIRECTION ( 'NONE',  ( 0.000000000000000000, -1.000000000000000000, 1.247601729133521180E-16 ) ) ;
#78 = DIRECTION ( 'NONE',  ( -0.000000000000000000, 1.000000000000000000, -0.000000000000000000 ) ) ;
#79 = CARTESIAN_POINT ( 'NONE',  ( -54.99999999999999289, 84.99999999999988631, -11.99999999999998224 ) ) ;
#80 = LINE ( 'NONE', #705, #3377 ) ;
#81 = AXIS2_PLACEMENT_3D ( 'NONE', #4315, #2286, #2607 ) ;
#82 = ORIENTED_EDGE ( 'NONE', *, *, #4400, .T. ) ;
#83 = FACE_OUTER_BOUND ( 'NONE', #2841, .T. ) ;
#84 = VECTOR ( 'NONE', #1287, 1000.000000000000000 ) ;
#85 = VERTEX_POINT ( 'NONE', #2697 ) ;
#86 = CARTESIAN_POINT ( 'NONE',  ( 70.00001199999999812, 96.99999999999998579, 3.469678339331945719E-14 ) ) ;
#87 = CIRCLE ( 'NONE', #2662, 4.000000000000005329 ) ;
#88 = AXIS2_PLACEMENT_3D ( 'NONE', #1285, #3283, #1582 ) ;
#89 = DIRECTION ( 'NONE',  ( 0.000000000000000000, 0.000000000000000000, 1.000000000000000000 ) ) ;
#90 = ORIENTED_EDGE ( 'NONE', *, *, #1831, .T. ) ;
#91 = VERTEX_POINT ( 'NONE', #913 ) ;
#92 = CIRCLE ( 'NONE', #878, 4.000000000000003553 ) ;
#93 = DIRECTION ( 'NONE',  ( -1.000000000000000000, 0.000000000000000000, 0.000000000000000000 ) ) ;
#94 = EDGE_CURVE ( 'NONE', #2551, #2363, #559, .T. ) ;
#95 = FACE_OUTER_BOUND ( 'NONE', #1827, .T. ) ;
#96 = VECTOR ( 'NONE', #165, 1000.000000000000000 ) ;
#97 = AXIS2_PLACEMENT_3D ( 'NONE', #1823, #2413, #2128 ) ;
#98 = CIRCLE ( 'NONE', #3737, 1.700000000000000178 ) ;
#99 = DIRECTION ( 'NONE',  ( 0.000000000000000000, 1.000000000000000000, 0.000000000000000000 ) ) ;
#100 = VERTEX_POINT ( 'NONE', #247 ) ;
#101 = EDGE_CURVE ( 'NONE', #2049, #1192, #1364, .T. ) ;
#102 = DIRECTION ( 'NONE',  ( 0.000000000000000000, 1.000000000000000000, 0.000000000000000000 ) ) ;
#103 = AXIS2_PLACEMENT_3D ( 'NONE', #1025, #3151, #2356 ) ;
#104 = ORIENTED_EDGE ( 'NONE', *, *, #212, .T. ) ;
#105 = DIRECTION ( 'NONE',  ( -1.000000000000000000, -0.000000000000000000, 0.000000000000000000 ) ) ;
#106 = CIRCLE ( 'NONE', #672, 2.000000000000003553 ) ;
#107 = LINE ( 'NONE', #2472, #1014 ) ;
#108 = DIRECTION ( 'NONE',  ( 1.000000000000000000, 0.000000000000000000, 1.047444401652941269E-14 ) ) ;
#109 = CARTESIAN_POINT ( 'NONE',  ( -70.00001199999999812, 84.99999999999988631, -9.999999999999978684 ) ) ;
#110 = ORIENTED_EDGE ( 'NONE', *, *, #3274, .T. ) ;
#111 = AXIS2_PLACEMENT_3D ( 'NONE', #572, #533, #594 ) ;
#112 = DIRECTION ( 'NONE',  ( 0.000000000000000000, -1.000000000000000000, 1.247601729133521180E-16 ) ) ;
#113 = CARTESIAN_POINT ( 'NONE',  ( 49.24428900898051609, 10.00000000000000000, 34.00000000000000711 ) ) ;
#114 = CARTESIAN_POINT ( 'NONE',  ( -54.99999999999999289, 9.000000000000001776, 34.00000000000000711 ) ) ;
#115 = DIRECTION ( 'NONE',  ( 0.000000000000000000, 1.000000000000000000, 0.000000000000000000 ) ) ;
#116 = ORIENTED_EDGE ( 'NONE', *, *, #1163, .T. ) ;
#117 = ORIENTED_EDGE ( 'NONE', *, *, #284, .F. ) ;
#118 = EDGE_CURVE ( 'NONE', #1122, #980, #4240, .T. ) ;
#119 = DIRECTION ( 'NONE',  ( 0.000000000000000000, 0.000000000000000000, -1.000000000000000000 ) ) ;
#120 = CARTESIAN_POINT ( 'NONE',  ( 0.000000000000000000, -5.204170427930421283E-15, 20.00000000000000000 ) ) ;
#121 = VERTEX_POINT ( 'NONE', #2954 ) ;
#122 = DIRECTION ( 'NONE',  ( 0.000000000000000000, 1.000000000000000000, 0.000000000000000000 ) ) ;
#123 = ORIENTED_EDGE ( 'NONE', *, *, #633, .F. ) ;
#124 = EDGE_CURVE ( 'NONE', #216, #1748, #2361, .T. ) ;
#125 = CARTESIAN_POINT ( 'NONE',  ( -69.00000000000000000, 0.000000000000000000, 34.00000000000000711 ) ) ;
#126 = DIRECTION ( 'NONE',  ( 0.000000000000000000, 0.000000000000000000, 1.000000000000000000 ) ) ;
#127 = LINE ( 'NONE', #3592, #2814 ) ;
#128 = DIRECTION ( 'NONE',  ( -0.000000000000000000, -1.000000000000000000, -1.632680918566407040E-16 ) ) ;
#129 = ORIENTED_EDGE ( 'NONE', *, *, #2162, .F. ) ;
#130 = EDGE_CURVE ( 'NONE', #4303, #2908, #4329, .T. ) ;
#131 = CARTESIAN_POINT ( 'NONE',  ( 0.000000000000000000, 10.00000000000000000, -1.247601729133521180E-15 ) ) ;
#132 = DIRECTION ( 'NONE',  ( 0.000000000000000000, 0.000000000000000000, 1.000000000000000000 ) ) ;
#133 = CARTESIAN_POINT ( 'NONE',  ( -20.00000000000000000, 5.000000000000000000, -6.982962677686266711E-14 ) ) ;
#134 = CARTESIAN_POINT ( 'NONE',  ( -65.00000000000000000, 85.00000000000001421, 8.000000000000005329 ) ) ;
#135 = ORIENTED_EDGE ( 'NONE', *, *, #235, .T. ) ;
#136 = EDGE_LOOP ( 'NONE', ( #3208, #332 ) ) ;
#137 = CYLINDRICAL_SURFACE ( 'NONE', #3804, 60.00000000000000000 ) ;
#138 = ADVANCED_FACE ( 'NONE', ( #2652 ), #1252, .F. ) ;
#139 = CYLINDRICAL_SURFACE ( 'NONE', #2375, 4.000000000000005329 ) ;
#140 = ORIENTED_EDGE ( 'NONE', *, *, #610, .F. ) ;
#141 = DIRECTION ( 'NONE',  ( 0.000000000000000000, 0.000000000000000000, 1.000000000000000000 ) ) ;
#142 = ADVANCED_FACE ( 'NONE', ( #2004 ), #1989, .T. ) ;
#143 = ORIENTED_EDGE ( 'NONE', *, *, #4231, .T. ) ;
#144 = DIRECTION ( 'NONE',  ( -0.8072834263767308949, 0.000000000000000000, -0.5901639344262281650 ) ) ;
#145 = CARTESIAN_POINT ( 'NONE',  ( 69.00000000000000000, 8.572527594031472993E-15, -34.99999999999999289 ) ) ;
#146 = DIRECTION ( 'NONE',  ( 0.000000000000000000, -1.000000000000000000, -1.632680918566407040E-16 ) ) ;
#147 = DIRECTION ( 'NONE',  ( 0.000000000000000000, 0.000000000000000000, -1.000000000000000000 ) ) ;
#148 = EDGE_CURVE ( 'NONE', #627, #1047, #2299, .T. ) ;
#149 = ORIENTED_EDGE ( 'NONE', *, *, #3123, .T. ) ;
#150 = DIRECTION ( 'NONE',  ( 0.000000000000000000, 0.000000000000000000, 1.000000000000000000 ) ) ;
#151 = CYLINDRICAL_SURFACE ( 'NONE', #1440, 1.000000000000000888 ) ;
#152 = DIRECTION ( 'NONE',  ( 3.469446951953611033E-15, 0.000000000000000000, -1.000000000000000000 ) ) ;
#153 = EDGE_CURVE ( 'NONE', #1633, #3121, #797, .T. ) ;
#154 = VERTEX_POINT ( 'NONE', #2274 ) ;
#155 = AXIS2_PLACEMENT_3D ( 'NONE', #409, #1035, #2344 ) ;
#156 = LINE ( 'NONE', #1521, #3965 ) ;
#157 = ORIENTED_EDGE ( 'NONE', *, *, #3545, .T. ) ;
#158 = ORIENTED_EDGE ( 'NONE', *, *, #2791, .T. ) ;
#159 = DIRECTION ( 'NONE',  ( -0.000000000000000000, 1.000000000000000000, -0.000000000000000000 ) ) ;
#160 = AXIS2_PLACEMENT_3D ( 'NONE', #1952, #4004, #1996 ) ;
#161 = CIRCLE ( 'NONE', #3795, 1.699999999999998845 ) ;
#162 = CIRCLE ( 'NONE', #1096, 1.000000000000000888 ) ;
#163 = CARTESIAN_POINT ( 'NONE',  ( 70.00000000000000000, 84.99999999999998579, -4.999999999999988454 ) ) ;
#164 = AXIS2_PLACEMENT_3D ( 'NONE', #3263, #820, #863 ) ;
#165 = DIRECTION ( 'NONE',  ( -1.000000000000000000, 0.000000000000000000, 0.000000000000000000 ) ) ;
#166 = AXIS2_PLACEMENT_3D ( 'NONE', #3300, #1986, #3035 ) ;
#167 = CIRCLE ( 'NONE', #2308, 2.499999999999998668 ) ;
#168 = ORIENTED_EDGE ( 'NONE', *, *, #1925, .F. ) ;
#169 = CARTESIAN_POINT ( 'NONE',  ( 34.64101615137731471, 5.000000000000000000, 20.00000000000040146 ) ) ;
#170 = VECTOR ( 'NONE', #1197, 1000.000000000000000 ) ;
#171 = AXIS2_PLACEMENT_3D ( 'NONE', #473, #560, #848 ) ;
#172 = DIRECTION ( 'NONE',  ( 1.000000000000000000, 0.000000000000000000, 0.000000000000000000 ) ) ;
#173 = ADVANCED_FACE ( 'NONE', ( #3639 ), #4044, .F. ) ;
#174 = CARTESIAN_POINT ( 'NONE',  ( 65.00000000000000000, 73.00000000000000000, 0.000000000000000000 ) ) ;
#175 = FACE_OUTER_BOUND ( 'NONE', #3936, .T. ) ;
#176 = VERTEX_POINT ( 'NONE', #2995 ) ;
#177 = AXIS2_PLACEMENT_3D ( 'NONE', #2493, #3575, #3599 ) ;
#178 = DIRECTION ( 'NONE',  ( 0.000000000000000000, 0.000000000000000000, 1.000000000000000000 ) ) ;
#179 = ORIENTED_EDGE ( 'NONE', *, *, #3906, .F. ) ;
#180 = DIRECTION ( 'NONE',  ( -0.000000000000000000, 1.000000000000000000, 1.224646799147353207E-16 ) ) ;
#181 = PLANE ( 'NONE',  #4378 ) ;
#182 = CIRCLE ( 'NONE', #2106, 2.999999999999999112 ) ;
#183 = EDGE_LOOP ( 'NONE', ( #258, #3472 ) ) ;
#184 = DIRECTION ( 'NONE',  ( 0.000000000000000000, 0.000000000000000000, 1.000000000000000000 ) ) ;
#185 = ADVANCED_FACE ( 'NONE', ( #3701 ), #1944, .F. ) ;
#186 = EDGE_CURVE ( 'NONE', #274, #3558, #4382, .T. ) ;
#187 = ORIENTED_EDGE ( 'NONE', *, *, #1677, .T. ) ;
#188 = LINE ( 'NONE', #2902, #806 ) ;
#189 = EDGE_CURVE ( 'NONE', #3145, #1710, #2018, .T. ) ;
#190 = ORIENTED_EDGE ( 'NONE', *, *, #3831, .T. ) ;
#191 = DIRECTION ( 'NONE',  ( 0.000000000000000000, 1.000000000000000000, 0.000000000000000000 ) ) ;
#192 = EDGE_LOOP ( 'NONE', ( #3139, #11, #2489, #500, #1276, #360, #292 ) ) ;
#193 = DIRECTION ( 'NONE',  ( -1.000000000000000000, 0.000000000000000000, 0.000000000000000000 ) ) ;
#194 = DIRECTION ( 'NONE',  ( 0.000000000000000000, 0.000000000000000000, -1.000000000000000000 ) ) ;
#195 = CYLINDRICAL_SURFACE ( 'NONE', #3591, 1.000000000000000888 ) ;
#196 = DIRECTION ( 'NONE',  ( 0.000000000000000000, 0.000000000000000000, 1.000000000000000000 ) ) ;
#197 = CARTESIAN_POINT ( 'NONE',  ( 55.00000000000002132, 96.99999999999998579, 3.469678339331945719E-14 ) ) ;
#198 = ORIENTED_EDGE ( 'NONE', *, *, #290, .T. ) ;
#199 = EDGE_CURVE ( 'NONE', #3783, #3647, #1949, .T. ) ;
#200 = DIRECTION ( 'NONE',  ( 0.000000000000000000, 1.000000000000000000, 0.000000000000000000 ) ) ;
#201 = DIRECTION ( 'NONE',  ( -0.000000000000000000, 1.000000000000000000, -0.000000000000000000 ) ) ;
#202 = DIRECTION ( 'NONE',  ( -0.000000000000000000, 1.000000000000000000, -0.000000000000000000 ) ) ;
#203 = CARTESIAN_POINT ( 'NONE',  ( 20.00000000000000000, 10.00000000000000000, 2.094888803305880013E-13 ) ) ;
#204 = ORIENTED_EDGE ( 'NONE', *, *, #3483, .T. ) ;
#205 = FACE_OUTER_BOUND ( 'NONE', #24, .T. ) ;
#206 = VERTEX_POINT ( 'NONE', #1312 ) ;
#207 = LINE ( 'NONE', #2198, #885 ) ;
#208 = EDGE_CURVE ( 'NONE', #3631, #627, #3660, .T. ) ;
#209 = FACE_OUTER_BOUND ( 'NONE', #4390, .T. ) ;
#210 = EDGE_LOOP ( 'NONE', ( #4119, #168 ) ) ;
#211 = CYLINDRICAL_SURFACE ( 'NONE', #1228, 1.000000000000000888 ) ;
#212 = EDGE_CURVE ( 'NONE', #4208, #2714, #3087, .T. ) ;
#213 = DIRECTION ( 'NONE',  ( 0.000000000000000000, 0.000000000000000000, 1.000000000000000000 ) ) ;
#214 = DIRECTION ( 'NONE',  ( 0.8660254037844332675, 0.000000000000000000, 0.5000000000000094369 ) ) ;
#215 = DIRECTION ( 'NONE',  ( 0.000000000000000000, 1.000000000000000000, 1.632680918566407040E-16 ) ) ;
#216 = VERTEX_POINT ( 'NONE', #323 ) ;
#217 = CYLINDRICAL_SURFACE ( 'NONE', #4108, 2.500000000000002220 ) ;
#218 = DIRECTION ( 'NONE',  ( 0.000000000000000000, 1.000000000000000000, 0.000000000000000000 ) ) ;
#219 = LINE ( 'NONE', #2571, #2229 ) ;
#220 = CARTESIAN_POINT ( 'NONE',  ( 34.64101615137773393, -5.204170427930421283E-15, -19.99999999999967670 ) ) ;
#221 = ORIENTED_EDGE ( 'NONE', *, *, #4222, .T. ) ;
#222 = FACE_OUTER_BOUND ( 'NONE', #3494, .T. ) ;
#223 = AXIS2_PLACEMENT_3D ( 'NONE', #694, #4053, #3442 ) ;
#224 = ORIENTED_EDGE ( 'NONE', *, *, #529, .F. ) ;
#225 = CARTESIAN_POINT ( 'NONE',  ( 0.000000000000000000, -5.204170427930421283E-15, 40.00000000000000000 ) ) ;
#226 = CIRCLE ( 'NONE', #2802, 1.000000000000000888 ) ;
#227 = DIRECTION ( 'NONE',  ( 0.000000000000000000, -1.224646799147349509E-16, 1.000000000000000000 ) ) ;
#228 = ORIENTED_EDGE ( 'NONE', *, *, #2746, .F. ) ;
#229 = ADVANCED_FACE ( 'NONE', ( #1397 ), #3458, .F. ) ;
#230 = AXIS2_PLACEMENT_3D ( 'NONE', #283, #2682, #604 ) ;
#231 = DIRECTION ( 'NONE',  ( 1.000000000000000000, 0.000000000000000000, 0.000000000000000000 ) ) ;
#232 = VECTOR ( 'NONE', #1253, 1000.000000000000000 ) ;
#233 = VECTOR ( 'NONE', #1015, 1000.000000000000000 ) ;
#234 = DIRECTION ( 'NONE',  ( 0.000000000000000000, -1.632680918566407040E-16, 1.000000000000000000 ) ) ;
#235 = EDGE_CURVE ( 'NONE', #3779, #3783, #1086, .T. ) ;
#236 = EDGE_CURVE ( 'NONE', #3843, #3914, #3019, .T. ) ;
#237 = CARTESIAN_POINT ( 'NONE',  ( 0.000000000000000000, 5.000000000000000000, -40.00000000000000000 ) ) ;
#238 = VECTOR ( 'NONE', #3010, 1000.000000000000000 ) ;
#239 = CIRCLE ( 'NONE', #2735, 1.000000000000000666 ) ;
#240 = LINE ( 'NONE', #4057, #2958 ) ;
#241 = AXIS2_PLACEMENT_3D ( 'NONE', #2188, #490, #147 ) ;
#242 = ORIENTED_EDGE ( 'NONE', *, *, #3352, .F. ) ;
#243 = AXIS2_PLACEMENT_3D ( 'NONE', #787, #3924, #2152 ) ;
#244 = VECTOR ( 'NONE', #3398, 1000.000000000000000 ) ;
#245 = DIRECTION ( 'NONE',  ( 0.000000000000000000, -1.000000000000000000, 0.000000000000000000 ) ) ;
#246 = AXIS2_PLACEMENT_3D ( 'NONE', #1453, #3506, #1695 ) ;
#247 = CARTESIAN_POINT ( 'NONE',  ( -65.00000000000000000, 85.00000000000001421, 8.000000000000005329 ) ) ;
#248 = CARTESIAN_POINT ( 'NONE',  ( 0.000000000000000000, 5.000000000000000000, -17.50000000000000000 ) ) ;
#249 = VERTEX_POINT ( 'NONE', #4155 ) ;
#250 = AXIS2_PLACEMENT_3D ( 'NONE', #405, #1773, #3136 ) ;
#251 = DIRECTION ( 'NONE',  ( 0.000000000000000000, 0.000000000000000000, -1.000000000000000000 ) ) ;
#252 = ORIENTED_EDGE ( 'NONE', *, *, #3133, .T. ) ;
#253 = AXIS2_PLACEMENT_3D ( 'NONE', #2889, #512, #4283 ) ;
#254 = FACE_OUTER_BOUND ( 'NONE', #2355, .T. ) ;
#255 = AXIS2_PLACEMENT_3D ( 'NONE', #3297, #234, #1602 ) ;
#256 = ADVANCED_FACE ( 'NONE', ( #2450 ), #4015, .T. ) ;
#257 = ORIENTED_EDGE ( 'NONE', *, *, #2966, .T. ) ;
#258 = ORIENTED_EDGE ( 'NONE', *, *, #65, .T. ) ;
#259 = CARTESIAN_POINT ( 'NONE',  ( 49.24428900898051609, 10.00000000000000000, 36.00000000000001421 ) ) ;
#260 = TOROIDAL_SURFACE ( 'NONE', #827, 33.99999999999999289, 1.000000000000000000 ) ;
#261 = DIRECTION ( 'NONE',  ( 0.000000000000000000, 0.000000000000000000, -1.000000000000000000 ) ) ;
#262 = DIRECTION ( 'NONE',  ( 0.000000000000000000, 0.000000000000000000, -1.000000000000000000 ) ) ;
#263 = ORIENTED_EDGE ( 'NONE', *, *, #2000, .T. ) ;
#264 = EDGE_CURVE ( 'NONE', #2400, #3762, #161, .T. ) ;
#265 = CARTESIAN_POINT ( 'NONE',  ( -65.00000000000000000, 73.00000000000000000, 0.000000000000000000 ) ) ;
#266 = DIRECTION ( 'NONE',  ( 1.000000000000000000, 0.000000000000000000, 0.000000000000000000 ) ) ;
#267 = DIRECTION ( 'NONE',  ( 0.000000000000000000, 0.000000000000000000, -1.000000000000000000 ) ) ;
#268 = PLANE ( 'NONE',  #660 ) ;
#269 = ORIENTED_EDGE ( 'NONE', *, *, #3032, .F. ) ;
#270 = EDGE_CURVE ( 'NONE', #1580, #2492, #3586, .T. ) ;
#271 = LINE ( 'NONE', #1381, #3811 ) ;
#272 = ORIENTED_EDGE ( 'NONE', *, *, #1294, .T. ) ;
#273 = FACE_BOUND ( 'NONE', #2432, .T. ) ;
#274 = VERTEX_POINT ( 'NONE', #2045 ) ;
#275 = VERTEX_POINT ( 'NONE', #757 ) ;
#276 = CARTESIAN_POINT ( 'NONE',  ( 65.00000000000000000, 96.99999999999998579, -3.999999999999970690 ) ) ;
#277 = EDGE_CURVE ( 'NONE', #1427, #668, #4321, .T. ) ;
#278 = EDGE_LOOP ( 'NONE', ( #3469, #1618 ) ) ;
#279 = PLANE ( 'NONE',  #3678 ) ;
#280 = DIRECTION ( 'NONE',  ( 0.000000000000000000, 1.000000000000000000, -3.469446951953611033E-15 ) ) ;
#281 = ADVANCED_FACE ( 'NONE', ( #1085 ), #1786, .F. ) ;
#282 = DIRECTION ( 'NONE',  ( 0.000000000000000000, 0.000000000000000000, 1.000000000000000000 ) ) ;
#283 = CARTESIAN_POINT ( 'NONE',  ( -70.00000000000000000, 84.99999999999988631, -11.99999999999998224 ) ) ;
#284 = EDGE_CURVE ( 'NONE', #154, #2820, #1042, .T. ) ;
#285 = CARTESIAN_POINT ( 'NONE',  ( 65.00000000000000000, 96.99999999999998579, 3.469678339331945719E-14 ) ) ;
#286 = CARTESIAN_POINT ( 'NONE',  ( -20.00000000000000000, -5.204170427930421283E-15, -6.982962677686266711E-14 ) ) ;
#287 = EDGE_LOOP ( 'NONE', ( #934, #402, #1861, #833 ) ) ;
#288 = DIRECTION ( 'NONE',  ( 1.000000000000000000, 0.000000000000000000, 0.000000000000000000 ) ) ;
#289 = ORIENTED_EDGE ( 'NONE', *, *, #1489, .T. ) ;
#290 = EDGE_CURVE ( 'NONE', #663, #1026, #2158, .T. ) ;
#291 = DIRECTION ( 'NONE',  ( -1.000000000000000000, -0.000000000000000000, 0.000000000000000000 ) ) ;
#292 = ORIENTED_EDGE ( 'NONE', *, *, #3437, .T. ) ;
#293 = ORIENTED_EDGE ( 'NONE', *, *, #4374, .T. ) ;
#294 = DIRECTION ( 'NONE',  ( -1.261617073437677999E-16, 1.000000000000000000, 0.000000000000000000 ) ) ;
#295 = DIRECTION ( 'NONE',  ( 0.8660254037844332675, 0.000000000000000000, 0.5000000000000094369 ) ) ;
#296 = VECTOR ( 'NONE', #1708, 1000.000000000000000 ) ;
#297 = AXIS2_PLACEMENT_3D ( 'NONE', #977, #1644, #577 ) ;
#298 = CARTESIAN_POINT ( 'NONE',  ( 2.081899558550500280E-16, -5.204170427930421283E-15, -41.70000000000000284 ) ) ;
#299 = CIRCLE ( 'NONE', #1439, 2.499999999999998668 ) ;
#300 = CIRCLE ( 'NONE', #3957, 2.500000000000002665 ) ;
#301 = CARTESIAN_POINT ( 'NONE',  ( 70.00001199999999812, 84.99999999999988631, -11.99999999999998224 ) ) ;
#302 = AXIS2_PLACEMENT_3D ( 'NONE', #3122, #4199, #1781 ) ;
#303 = CARTESIAN_POINT ( 'NONE',  ( 65.00000000000000000, 84.99999999999988631, -15.99999999999998579 ) ) ;
#304 = DIRECTION ( 'NONE',  ( -0.000000000000000000, 1.000000000000000000, -0.000000000000000000 ) ) ;
#305 = EDGE_LOOP ( 'NONE', ( #587, #446, #1848, #3482 ) ) ;
#306 = AXIS2_PLACEMENT_3D ( 'NONE', #1468, #3929, #108 ) ;
#307 = AXIS2_PLACEMENT_3D ( 'NONE', #3470, #93, #427 ) ;
#308 = TOROIDAL_SURFACE ( 'NONE', #2817, 2.000000000000000000, 1.000000000000000000 ) ;
#309 = CARTESIAN_POINT ( 'NONE',  ( -54.99999999999999289, 84.99999999999998579, 5.000000000000023093 ) ) ;
#310 = ORIENTED_EDGE ( 'NONE', *, *, #838, .F. ) ;
#311 = CARTESIAN_POINT ( 'NONE',  ( 70.00000000000000000, 8.572527594031472993E-15, -34.99999999999999289 ) ) ;
#312 = AXIS2_PLACEMENT_3D ( 'NONE', #1551, #802, #829 ) ;
#313 = EDGE_CURVE ( 'NONE', #2551, #4054, #4018, .T. ) ;
#314 = ORIENTED_EDGE ( 'NONE', *, *, #1876, .T. ) ;
#315 = EDGE_LOOP ( 'NONE', ( #1032, #263, #4361, #3679 ) ) ;
#316 = DIRECTION ( 'NONE',  ( 0.000000000000000000, 0.000000000000000000, 1.000000000000000000 ) ) ;
#317 = CARTESIAN_POINT ( 'NONE',  ( -34.64101615137746393, -5.204170427930421283E-15, -21.70000000000016271 ) ) ;
#318 = CIRCLE ( 'NONE', #3682, 5.000000000000004441 ) ;
#319 = EDGE_CURVE ( 'NONE', #91, #777, #3147, .T. ) ;
#320 = DIRECTION ( 'NONE',  ( -0.000000000000000000, 1.000000000000000000, -0.000000000000000000 ) ) ;
#321 = ORIENTED_EDGE ( 'NONE', *, *, #1198, .T. ) ;
#322 = DIRECTION ( 'NONE',  ( 0.000000000000000000, 0.000000000000000000, -1.000000000000000000 ) ) ;
#323 = CARTESIAN_POINT ( 'NONE',  ( -20.00000000000000000, 10.00000000000000000, -2.500000000000069722 ) ) ;
#324 = CARTESIAN_POINT ( 'NONE',  ( -70.00000000000000000, 84.99999999999998579, -4.999999999999988454 ) ) ;
#325 = DIRECTION ( 'NONE',  ( -1.000000000000000000, 0.000000000000000000, 0.000000000000000000 ) ) ;
#326 = EDGE_CURVE ( 'NONE', #2123, #3191, #2369, .T. ) ;
#327 = EDGE_LOOP ( 'NONE', ( #2008, #2016 ) ) ;
#328 = FACE_BOUND ( 'NONE', #1262, .T. ) ;
#329 = VERTEX_POINT ( 'NONE', #4062 ) ;
#330 = LINE ( 'NONE', #1693, #4175 ) ;
#331 = ORIENTED_EDGE ( 'NONE', *, *, #511, .F. ) ;
#332 = ORIENTED_EDGE ( 'NONE', *, *, #2495, .T. ) ;
#333 = DIRECTION ( 'NONE',  ( 0.000000000000000000, 1.000000000000000000, 0.000000000000000000 ) ) ;
#334 = ADVANCED_FACE ( 'NONE', ( #993, #4427, #2350, #2745, #659, #3409 ), #2028, .T. ) ;
#335 = FACE_OUTER_BOUND ( 'NONE', #575, .T. ) ;
#336 = ADVANCED_FACE ( 'NONE', ( #3764 ), #3091, .T. ) ;
#337 = DIRECTION ( 'NONE',  ( -1.000000000000000000, 0.000000000000000000, 0.000000000000000000 ) ) ;
#338 = EDGE_LOOP ( 'NONE', ( #780, #879, #4168, #2905 ) ) ;
#339 = CYLINDRICAL_SURFACE ( 'NONE', #2610, 15.00000000000000000 ) ;
#340 = CARTESIAN_POINT ( 'NONE',  ( -34.64101615137746393, -5.204170427930421283E-15, -20.00000000000016342 ) ) ;
#341 = CARTESIAN_POINT ( 'NONE',  ( 55.00000000000002132, 84.99999999999988631, -9.999999999999978684 ) ) ;
#342 = FACE_OUTER_BOUND ( 'NONE', #1039, .T. ) ;
#343 = ORIENTED_EDGE ( 'NONE', *, *, #3286, .T. ) ;
#344 = CARTESIAN_POINT ( 'NONE',  ( 0.000000000000000000, 10.00000000000000000, -1.247601729133521180E-15 ) ) ;
#345 = EDGE_LOOP ( 'NONE', ( #2625, #2189, #1184, #1846 ) ) ;
#346 = CARTESIAN_POINT ( 'NONE',  ( 56.00000000000001421, 84.99999999999998579, 1.734839169665972859E-14 ) ) ;
#347 = DIRECTION ( 'NONE',  ( 0.000000000000000000, 0.000000000000000000, 1.000000000000000000 ) ) ;
#348 = VERTEX_POINT ( 'NONE', #3429 ) ;
#349 = ORIENTED_EDGE ( 'NONE', *, *, #3229, .T. ) ;
#350 = EDGE_CURVE ( 'NONE', #645, #642, #534, .T. ) ;
#351 = CARTESIAN_POINT ( 'NONE',  ( 34.64101615137773393, 5.000000000000000000, -22.49999999999968026 ) ) ;
#352 = CARTESIAN_POINT ( 'NONE',  ( 70.00000000000000000, 0.000000000000000000, 35.00000000000000711 ) ) ;
#353 = ORIENTED_EDGE ( 'NONE', *, *, #699, .F. ) ;
#354 = ADVANCED_FACE ( 'NONE', ( #2879, #2543 ), #3497, .T. ) ;
#355 = CARTESIAN_POINT ( 'NONE',  ( 20.00000000000000000, 5.000000000000000000, 2.094888803305880013E-13 ) ) ;
#356 =( NAMED_UNIT ( * ) SI_UNIT ( $, .STERADIAN. ) SOLID_ANGLE_UNIT ( ) );
#357 = AXIS2_PLACEMENT_3D ( 'NONE', #1681, #2435, #3471 ) ;
#358 = DIRECTION ( 'NONE',  ( -1.000000000000000000, -0.000000000000000000, -0.000000000000000000 ) ) ;
#359 = CIRCLE ( 'NONE', #2357, 4.000000000000005329 ) ;
#360 = ORIENTED_EDGE ( 'NONE', *, *, #4426, .T. ) ;
#361 = ADVANCED_FACE ( 'NONE', ( #3261 ), #195, .F. ) ;
#362 = EDGE_CURVE ( 'NONE', #121, #3090, #4385, .T. ) ;
#363 = ORIENTED_EDGE ( 'NONE', *, *, #2330, .T. ) ;
#364 = DIRECTION ( 'NONE',  ( -1.000000000000000000, 0.000000000000000000, 0.000000000000000000 ) ) ;
#365 = CARTESIAN_POINT ( 'NONE',  ( -55.99999999999999289, 84.99999999999998579, 1.734839169665972859E-14 ) ) ;
#366 = AXIS2_PLACEMENT_3D ( 'NONE', #4114, #396, #4080 ) ;
#367 = DIRECTION ( 'NONE',  ( -1.000000000000000000, -0.000000000000000000, -0.000000000000000000 ) ) ;
#368 = DIRECTION ( 'NONE',  ( -1.000000000000000000, -0.000000000000000000, -0.000000000000000000 ) ) ;
#369 = ORIENTED_EDGE ( 'NONE', *, *, #3423, .F. ) ;
#370 = AXIS2_PLACEMENT_3D ( 'NONE', #2857, #2930, #4226 ) ;
#371 = EDGE_CURVE ( 'NONE', #3558, #871, #107, .T. ) ;
#372 = CIRCLE ( 'NONE', #3731, 1.000000000000000888 ) ;
#373 = DIRECTION ( 'NONE',  ( -1.000000000000000000, -0.000000000000000000, 0.000000000000000000 ) ) ;
#374 = VECTOR ( 'NONE', #2047, 1000.000000000000000 ) ;
#375 = EDGE_LOOP ( 'NONE', ( #3179, #2412, #1387, #4376 ) ) ;
#376 = CARTESIAN_POINT ( 'NONE',  ( 0.000000000000000000, 10.00000000000000000, -40.00000000000000000 ) ) ;
#377 = AXIS2_PLACEMENT_3D ( 'NONE', #412, #3741, #3103 ) ;
#378 = AXIS2_PLACEMENT_3D ( 'NONE', #3829, #4171, #3119 ) ;
#379 = CARTESIAN_POINT ( 'NONE',  ( 56.00000000000002132, 12.99999999999999822, 35.00000000000000711 ) ) ;
#380 = VECTOR ( 'NONE', #837, 1000.000000000000000 ) ;
#381 = AXIS2_PLACEMENT_3D ( 'NONE', #346, #2845, #3180 ) ;
#382 = ORIENTED_EDGE ( 'NONE', *, *, #3964, .T. ) ;
#383 = VERTEX_POINT ( 'NONE', #4279 ) ;
#384 = VECTOR ( 'NONE', #3271, 1000.000000000000000 ) ;
#385 = DIRECTION ( 'NONE',  ( -0.000000000000000000, 1.000000000000000000, 1.224646799147353207E-16 ) ) ;
#386 = CARTESIAN_POINT ( 'NONE',  ( 34.64101615137773393, 5.000000000000000000, -19.99999999999967670 ) ) ;
#387 = ORIENTED_EDGE ( 'NONE', *, *, #1770, .F. ) ;
#388 = ADVANCED_FACE ( 'NONE', ( #2134 ), #2816, .F. ) ;
#389 = VECTOR ( 'NONE', #245, 1000.000000000000000 ) ;
#390 = DIRECTION ( 'NONE',  ( 0.000000000000000000, 1.000000000000000000, 0.000000000000000000 ) ) ;
#391 = VECTOR ( 'NONE', #4154, 1000.000000000000000 ) ;
#392 = DIRECTION ( 'NONE',  ( 1.000000000000000000, 0.000000000000000000, 0.000000000000000000 ) ) ;
#393 = EDGE_LOOP ( 'NONE', ( #3529, #2197 ) ) ;
#394 = EDGE_LOOP ( 'NONE', ( #3289, #2284 ) ) ;
#395 = DIRECTION ( 'NONE',  ( 0.000000000000000000, -1.000000000000000000, 0.000000000000000000 ) ) ;
#396 = DIRECTION ( 'NONE',  ( 0.000000000000000000, -1.632680918566407040E-16, 1.000000000000000000 ) ) ;
#397 = DIRECTION ( 'NONE',  ( 0.000000000000000000, 0.000000000000000000, 1.000000000000000000 ) ) ;
#398 = DIRECTION ( 'NONE',  ( 1.000000000000000000, 0.000000000000000000, 0.000000000000000000 ) ) ;
#399 = EDGE_CURVE ( 'NONE', #766, #2150, #2563, .T. ) ;
#400 = ORIENTED_EDGE ( 'NONE', *, *, #2620, .F. ) ;
#401 = DIRECTION ( 'NONE',  ( 0.000000000000000000, 1.000000000000000000, -3.469446951953611033E-15 ) ) ;
#402 = ORIENTED_EDGE ( 'NONE', *, *, #3110, .F. ) ;
#403 = FACE_OUTER_BOUND ( 'NONE', #3461, .T. ) ;
#404 = ADVANCED_FACE ( 'NONE', ( #488 ), #1853, .F. ) ;
#405 = CARTESIAN_POINT ( 'NONE',  ( 65.00000000000000000, 73.00000000000000000, 0.000000000000000000 ) ) ;
#406 = ORIENTED_EDGE ( 'NONE', *, *, #2315, .F. ) ;
#407 = VERTEX_POINT ( 'NONE', #2838 ) ;
#408 = CARTESIAN_POINT ( 'NONE',  ( 70.00000000000000000, 84.99999999999998579, 1.734839169665972859E-14 ) ) ;
#409 = CARTESIAN_POINT ( 'NONE',  ( 0.000000000000000000, -5.204170427930421283E-15, -40.00000000000000000 ) ) ;
#410 = ORIENTED_EDGE ( 'NONE', *, *, #2353, .F. ) ;
#411 = CARTESIAN_POINT ( 'NONE',  ( 69.00000000000000000, 1.387778780781445676E-14, -33.99999999999999289 ) ) ;
#412 = CARTESIAN_POINT ( 'NONE',  ( 0.000000000000000000, 9.000000000000001776, -1.122841556220169259E-15 ) ) ;
#413 = ORIENTED_EDGE ( 'NONE', *, *, #424, .F. ) ;
#414 = DIRECTION ( 'NONE',  ( 1.000000000000000000, 1.261617073437677999E-16, 0.000000000000000000 ) ) ;
#415 = DIRECTION ( 'NONE',  ( -1.000000000000000000, 0.000000000000000000, 0.000000000000000000 ) ) ;
#416 = DIRECTION ( 'NONE',  ( 0.000000000000000000, 0.000000000000000000, -1.000000000000000000 ) ) ;
#417 = CARTESIAN_POINT ( 'NONE',  ( -55.99999999999999289, 85.00000000000000000, -33.99999999999997158 ) ) ;
#418 = EDGE_LOOP ( 'NONE', ( #2382, #3424, #3074, #2864 ) ) ;
#419 = FACE_BOUND ( 'NONE', #210, .T. ) ;
#420 = EDGE_CURVE ( 'NONE', #3556, #3356, #92, .T. ) ;
#421 = ORIENTED_EDGE ( 'NONE', *, *, #1250, .F. ) ;
#422 = FACE_OUTER_BOUND ( 'NONE', #1470, .T. ) ;
#423 =( NAMED_UNIT ( * ) SI_UNIT ( $, .STERADIAN. ) SOLID_ANGLE_UNIT ( ) );
#424 = EDGE_CURVE ( 'NONE', #4215, #1107, #372, .T. ) ;
#425 = VERTEX_POINT ( 'NONE', #145 ) ;
#426 = ORIENTED_EDGE ( 'NONE', *, *, #1824, .F. ) ;
#427 = DIRECTION ( 'NONE',  ( 0.000000000000000000, 0.000000000000000000, 1.000000000000000000 ) ) ;
#428 = DIRECTION ( 'NONE',  ( 1.000000000000000000, 0.000000000000000000, 1.047444401652941269E-14 ) ) ;
#429 = VECTOR ( 'NONE', #3990, 1000.000000000000000 ) ;
#430 = CARTESIAN_POINT ( 'NONE',  ( -34.64101615137746393, 5.000000000000000000, -20.00000000000016342 ) ) ;
#431 = ORIENTED_EDGE ( 'NONE', *, *, #3547, .F. ) ;
#432 = CARTESIAN_POINT ( 'NONE',  ( -20.00000000000000000, 10.00000000000000000, -6.982962677686266711E-14 ) ) ;
#433 = VERTEX_POINT ( 'NONE', #3194 ) ;
#434 = CARTESIAN_POINT ( 'NONE',  ( -65.00000000000000000, 84.99999999999988631, -15.99999999999998579 ) ) ;
#435 = CARTESIAN_POINT ( 'NONE',  ( 20.00000000000000000, 5.000000000000000000, 2.094888803305880013E-13 ) ) ;
#436 = CARTESIAN_POINT ( 'NONE',  ( -20.00000000000000000, 10.00000000000000000, 2.499999999999930278 ) ) ;
#437 = DIRECTION ( 'NONE',  ( 0.000000000000000000, 0.000000000000000000, -1.000000000000000000 ) ) ;
#438 = ORIENTED_EDGE ( 'NONE', *, *, #474, .T. ) ;
#439 = ADVANCED_FACE ( 'NONE', ( #1132 ), #3659, .T. ) ;
#440 = FACE_OUTER_BOUND ( 'NONE', #823, .T. ) ;
#441 = VERTEX_POINT ( 'NONE', #3928 ) ;
#442 = LINE ( 'NONE', #1207, #4239 ) ;
#443 = CIRCLE ( 'NONE', #2513, 34.99999999999999289 ) ;
#444 = AXIS2_PLACEMENT_3D ( 'NONE', #2844, #2320, #4019 ) ;
#445 = DIRECTION ( 'NONE',  ( 0.000000000000000000, 1.000000000000000000, 0.000000000000000000 ) ) ;
#446 = ORIENTED_EDGE ( 'NONE', *, *, #1500, .F. ) ;
#447 = ORIENTED_EDGE ( 'NONE', *, *, #1629, .F. ) ;
#448 = CIRCLE ( 'NONE', #166, 2.500000000000002665 ) ;
#449 = VECTOR ( 'NONE', #3589, 1000.000000000000000 ) ;
#450 = CARTESIAN_POINT ( 'NONE',  ( 34.64101615137731471, 5.000000000000000000, 21.70000000000040430 ) ) ;
#451 = AXIS2_PLACEMENT_3D ( 'NONE', #3499, #3839, #10 ) ;
#452 = EDGE_CURVE ( 'NONE', #2470, #1783, #3873, .T. ) ;
#453 = CIRCLE ( 'NONE', #3170, 4.000000000000005329 ) ;
#454 = AXIS2_PLACEMENT_3D ( 'NONE', #1074, #3140, #2799 ) ;
#455 = CIRCLE ( 'NONE', #3383, 1.000000000000000888 ) ;
#456 = CYLINDRICAL_SURFACE ( 'NONE', #302, 1.700000000000000178 ) ;
#457 = ORIENTED_EDGE ( 'NONE', *, *, #1525, .T. ) ;
#458 = FACE_OUTER_BOUND ( 'NONE', #2770, .T. ) ;
#459 = ADVANCED_FACE ( 'NONE', ( #2156, #861 ), #464, .F. ) ;
#460 = AXIS2_PLACEMENT_3D ( 'NONE', #1913, #115, #4214 ) ;
#461 = VERTEX_POINT ( 'NONE', #2512 ) ;
#462 = CARTESIAN_POINT ( 'NONE',  ( 34.64101615137773393, -5.204170427930421283E-15, -18.29999999999967741 ) ) ;
#463 = AXIS2_PLACEMENT_3D ( 'NONE', #3913, #2477, #1838 ) ;
#464 = PLANE ( 'NONE',  #733 ) ;
#465 = DIRECTION ( 'NONE',  ( 0.000000000000000000, 0.000000000000000000, 1.000000000000000000 ) ) ;
#466 = CARTESIAN_POINT ( 'NONE',  ( 55.00000000000000711, 119.0000000000000000, 1.734839169665972859E-14 ) ) ;
#467 = ORIENTED_EDGE ( 'NONE', *, *, #1135, .T. ) ;
#468 = TOROIDAL_SURFACE ( 'NONE', #965, 33.99999999999999289, 1.000000000000000000 ) ;
#469 = ORIENTED_EDGE ( 'NONE', *, *, #1857, .T. ) ;
#470 = CARTESIAN_POINT ( 'NONE',  ( 70.00000000000000000, 84.99999999999998579, 1.734839169665972859E-14 ) ) ;
#471 = EDGE_LOOP ( 'NONE', ( #3967, #1621, #3213, #3417 ) ) ;
#472 = CIRCLE ( 'NONE', #4407, 15.00000000000000000 ) ;
#473 = CARTESIAN_POINT ( 'NONE',  ( 34.64101615137773393, 10.00000000000000000, -19.99999999999967670 ) ) ;
#474 = EDGE_CURVE ( 'NONE', #3619, #275, #2186, .T. ) ;
#475 = DIRECTION ( 'NONE',  ( 1.261617073437677999E-16, -1.000000000000000000, -1.632680918566407040E-16 ) ) ;
#476 = ORIENTED_EDGE ( 'NONE', *, *, #3446, .T. ) ;
#477 = ORIENTED_EDGE ( 'NONE', *, *, #2057, .T. ) ;
#478 = DIRECTION ( 'NONE',  ( 0.000000000000000000, -1.156482317317871478E-16, -1.000000000000000000 ) ) ;
#479 = EDGE_CURVE ( 'NONE', #48, #2054, #2730, .T. ) ;
#480 = EDGE_LOOP ( 'NONE', ( #1557, #3675 ) ) ;
#481 = DIRECTION ( 'NONE',  ( 0.000000000000000000, 1.000000000000000000, 0.000000000000000000 ) ) ;
#482 = ORIENTED_EDGE ( 'NONE', *, *, #1029, .F. ) ;
#483 = EDGE_CURVE ( 'NONE', #1214, #4173, #3236, .T. ) ;
#484 = CARTESIAN_POINT ( 'NONE',  ( -34.64101615137759183, 5.000000000000000000, 19.99999999999992184 ) ) ;
#485 = ORIENTED_EDGE ( 'NONE', *, *, #2476, .T. ) ;
#486 = CARTESIAN_POINT ( 'NONE',  ( -34.64101615137759183, 10.00000000000000000, 19.99999999999992184 ) ) ;
#487 = ADVANCED_FACE ( 'NONE', ( #3279 ), #3402, .F. ) ;
#488 = FACE_OUTER_BOUND ( 'NONE', #4008, .T. ) ;
#489 = DIRECTION ( 'NONE',  ( 0.000000000000000000, 1.000000000000000000, 0.000000000000000000 ) ) ;
#490 = DIRECTION ( 'NONE',  ( -1.000000000000000000, -0.000000000000000000, 0.000000000000000000 ) ) ;
#491 = ORIENTED_EDGE ( 'NONE', *, *, #2996, .F. ) ;
#492 = CYLINDRICAL_SURFACE ( 'NONE', #2383, 2.500000000000000000 ) ;
#493 = CARTESIAN_POINT ( 'NONE',  ( 55.00000000000002132, 73.00000000000000000, -2.000000000000003553 ) ) ;
#494 = DIRECTION ( 'NONE',  ( -1.261617073437677999E-16, 1.000000000000000000, 0.000000000000000000 ) ) ;
#495 = PRODUCT_DEFINITION_SHAPE ( 'NONE', 'NONE',  #2125 ) ;
#496 = CARTESIAN_POINT ( 'NONE',  ( 2.081899558550500033E-16, 5.000000000000000000, 18.30000000000000071 ) ) ;
#497 = EDGE_LOOP ( 'NONE', ( #1443, #1377, #3264, #3907 ) ) ;
#498 = ORIENTED_EDGE ( 'NONE', *, *, #1140, .F. ) ;
#499 = CARTESIAN_POINT ( 'NONE',  ( 65.00000000000000000, 84.99999999999988631, -7.999999999999977796 ) ) ;
#500 = ORIENTED_EDGE ( 'NONE', *, *, #753, .T. ) ;
#501 = FACE_OUTER_BOUND ( 'NONE', #287, .T. ) ;
#502 = ORIENTED_EDGE ( 'NONE', *, *, #2791, .F. ) ;
#503 = CARTESIAN_POINT ( 'NONE',  ( -70.00000000000000000, 0.000000000000000000, 35.00000000000000711 ) ) ;
#504 = ORIENTED_EDGE ( 'NONE', *, *, #4209, .T. ) ;
#505 = PLANE ( 'NONE',  #2539 ) ;
#506 = CARTESIAN_POINT ( 'NONE',  ( -34.64101615137759183, 5.000000000000000000, 19.99999999999992184 ) ) ;
#507 = DIRECTION ( 'NONE',  ( 1.000000000000000000, 0.000000000000000000, 1.047444401652941269E-14 ) ) ;
#508 = LINE ( 'NONE', #3911, #2237 ) ;
#509 = ORIENTED_EDGE ( 'NONE', *, *, #420, .F. ) ;
#510 = EDGE_CURVE ( 'NONE', #3001, #3121, #573, .T. ) ;
#511 = EDGE_CURVE ( 'NONE', #2999, #2209, #3800, .T. ) ;
#512 = DIRECTION ( 'NONE',  ( 0.000000000000000000, -1.000000000000000000, -1.632680918566407040E-16 ) ) ;
#513 = DIRECTION ( 'NONE',  ( 0.000000000000000000, 1.000000000000000000, 0.000000000000000000 ) ) ;
#514 = CIRCLE ( 'NONE', #3011, 1.000000000000000888 ) ;
#515 = LINE ( 'NONE', #1492, #2099 ) ;
#516 = DIRECTION ( 'NONE',  ( 0.000000000000000000, 0.000000000000000000, 1.000000000000000000 ) ) ;
#517 = EDGE_LOOP ( 'NONE', ( #1476, #630, #1423, #3089 ) ) ;
#518 = ADVANCED_FACE ( 'NONE', ( #2708 ), #3067, .F. ) ;
#519 = DIRECTION ( 'NONE',  ( -1.000000000000000000, 0.000000000000000000, 0.000000000000000000 ) ) ;
#520 = ORIENTED_EDGE ( 'NONE', *, *, #2330, .F. ) ;
#521 = CARTESIAN_POINT ( 'NONE',  ( -51.99999999999999289, 13.00000000000000178, 34.00000000000000711 ) ) ;
#522 = AXIS2_PLACEMENT_3D ( 'NONE', #3863, #2549, #2258 ) ;
#523 = AXIS2_PLACEMENT_3D ( 'NONE', #3333, #636, #2978 ) ;
#524 = CIRCLE ( 'NONE', #3724, 59.00000000000000000 ) ;
#525 = AXIS2_PLACEMENT_3D ( 'NONE', #3975, #908, #2584 ) ;
#526 = VERTEX_POINT ( 'NONE', #1577 ) ;
#527 = CARTESIAN_POINT ( 'NONE',  ( -51.99999999999999289, 10.00000000000000000, -33.99999999999999289 ) ) ;
#528 = DIRECTION ( 'NONE',  ( 0.000000000000000000, -1.000000000000000000, 0.000000000000000000 ) ) ;
#529 = EDGE_CURVE ( 'NONE', #3854, #1107, #3948, .T. ) ;
#530 = VECTOR ( 'NONE', #2649, 1000.000000000000000 ) ;
#531 = CIRCLE ( 'NONE', #3524, 1.000000000000000888 ) ;
#532 = AXIS2_PLACEMENT_3D ( 'NONE', #1794, #4434, #3416 ) ;
#533 = DIRECTION ( 'NONE',  ( 0.000000000000000000, -1.000000000000000000, 0.000000000000000000 ) ) ;
#534 = LINE ( 'NONE', #818, #449 ) ;
#535 = DIRECTION ( 'NONE',  ( -1.000000000000000000, -0.000000000000000000, -0.000000000000000000 ) ) ;
#536 = DIRECTION ( 'NONE',  ( -0.000000000000000000, -1.000000000000000000, -0.000000000000000000 ) ) ;
#537 = ORIENTED_EDGE ( 'NONE', *, *, #3270, .F. ) ;
#538 = VECTOR ( 'NONE', #975, 1000.000000000000000 ) ;
#539 = ORIENTED_EDGE ( 'NONE', *, *, #1869, .T. ) ;
#540 = CARTESIAN_POINT ( 'NONE',  ( -54.99999999999999289, 13.00000000000000178, 34.00000000000000711 ) ) ;
#541 = CARTESIAN_POINT ( 'NONE',  ( 0.000000000000000000, 9.000000000000001776, -1.122841556220169259E-15 ) ) ;
#542 = EDGE_CURVE ( 'NONE', #723, #1280, #4319, .T. ) ;
#543 = LINE ( 'NONE', #1910, #1366 ) ;
#544 = DIRECTION ( 'NONE',  ( -0.8660254037844397068, 0.000000000000000000, 0.4999999999999979461 ) ) ;
#545 = AXIS2_PLACEMENT_3D ( 'NONE', #1559, #3344, #2928 ) ;
#546 = ORIENTED_EDGE ( 'NONE', *, *, #4006, .T. ) ;
#547 = CARTESIAN_POINT ( 'NONE',  ( -34.64101615137759183, -5.204170427930421283E-15, 19.99999999999992184 ) ) ;
#548 = ORIENTED_EDGE ( 'NONE', *, *, #1466, .F. ) ;
#549 = CARTESIAN_POINT ( 'NONE',  ( -69.00000000000000000, 85.00000000000000000, -33.99999999999997158 ) ) ;
#550 = ORIENTED_EDGE ( 'NONE', *, *, #1731, .F. ) ;
#551 = CARTESIAN_POINT ( 'NONE',  ( 70.00000000000000000, 73.00000000000000000, 4.000000000000005329 ) ) ;
#552 = VERTEX_POINT ( 'NONE', #2929 ) ;
#553 = DIRECTION ( 'NONE',  ( 0.000000000000000000, 1.000000000000000000, 0.000000000000000000 ) ) ;
#554 = LINE ( 'NONE', #2250, #3537 ) ;
#555 = DIRECTION ( 'NONE',  ( 1.000000000000000000, -0.000000000000000000, 0.000000000000000000 ) ) ;
#556 = CARTESIAN_POINT ( 'NONE',  ( -34.64101615137759183, 5.000000000000000000, 21.69999999999992113 ) ) ;
#557 = ORIENTED_EDGE ( 'NONE', *, *, #1857, .F. ) ;
#558 = DIRECTION ( 'NONE',  ( -1.000000000000000000, 0.000000000000000000, 0.000000000000000000 ) ) ;
#559 = LINE ( 'NONE', #3997, #1298 ) ;
#560 = DIRECTION ( 'NONE',  ( 0.000000000000000000, 1.000000000000000000, 0.000000000000000000 ) ) ;
#561 = DIRECTION ( 'NONE',  ( -0.000000000000000000, 1.000000000000000000, -0.000000000000000000 ) ) ;
#562 = ORIENTED_EDGE ( 'NONE', *, *, #852, .F. ) ;
#563 = EDGE_CURVE ( 'NONE', #4260, #1633, #1340, .T. ) ;
#564 = CARTESIAN_POINT ( 'NONE',  ( -70.00000000000000000, 73.00000000000000000, 0.000000000000000000 ) ) ;
#565 = ORIENTED_EDGE ( 'NONE', *, *, #1384, .T. ) ;
#566 = DIRECTION ( 'NONE',  ( 0.000000000000000000, 1.000000000000000000, 0.000000000000000000 ) ) ;
#567 = EDGE_CURVE ( 'NONE', #1047, #4196, #1940, .T. ) ;
#568 = EDGE_CURVE ( 'NONE', #3454, #4076, #1729, .T. ) ;
#569 = DIRECTION ( 'NONE',  ( 0.000000000000000000, 0.000000000000000000, -1.000000000000000000 ) ) ;
#570 = ORIENTED_EDGE ( 'NONE', *, *, #1126, .F. ) ;
#571 = DIRECTION ( 'NONE',  ( -1.000000000000000000, 0.000000000000000000, 0.000000000000000000 ) ) ;
#572 = CARTESIAN_POINT ( 'NONE',  ( -49.24428900898052319, 9.000000000000001776, -36.00000000000000000 ) ) ;
#573 = LINE ( 'NONE', #1560, #2953 ) ;
#574 = CARTESIAN_POINT ( 'NONE',  ( -20.00000000000000000, -5.204170427930421283E-15, 1.699999999999930012 ) ) ;
#575 = EDGE_LOOP ( 'NONE', ( #2481, #4069, #1832, #858 ) ) ;
#576 = CARTESIAN_POINT ( 'NONE',  ( 0.000000000000000000, 9.000000000000001776, -1.122841556220169259E-15 ) ) ;
#577 = DIRECTION ( 'NONE',  ( 0.000000000000000000, 0.000000000000000000, -1.000000000000000000 ) ) ;
#578 = DIRECTION ( 'NONE',  ( 1.000000000000000000, 0.000000000000000000, 0.000000000000000000 ) ) ;
#579 = FACE_BOUND ( 'NONE', #2975, .T. ) ;
#580 = EDGE_CURVE ( 'NONE', #2015, #2690, #4242, .T. ) ;
#581 = EDGE_LOOP ( 'NONE', ( #1730, #3301, #4359, #1589 ) ) ;
#582 = CARTESIAN_POINT ( 'NONE',  ( 34.64101615137773393, -5.204170427930421283E-15, -19.99999999999967670 ) ) ;
#583 = ORIENTED_EDGE ( 'NONE', *, *, #1578, .T. ) ;
#584 = PLANE ( 'NONE',  #160 ) ;
#585 = CIRCLE ( 'NONE', #3083, 2.500000000000000000 ) ;
#586 = ORIENTED_EDGE ( 'NONE', *, *, #3026, .T. ) ;
#587 = ORIENTED_EDGE ( 'NONE', *, *, #3405, .F. ) ;
#588 = AXIS2_PLACEMENT_3D ( 'NONE', #1611, #4348, #622 ) ;
#589 = ADVANCED_FACE ( 'NONE', ( #4102 ), #4343, .F. ) ;
#590 = VERTEX_POINT ( 'NONE', #2630 ) ;
#591 = CIRCLE ( 'NONE', #3658, 1.000000000000000888 ) ;
#592 = VECTOR ( 'NONE', #647, 1000.000000000000000 ) ;
#593 = CIRCLE ( 'NONE', #3094, 2.499999999999998668 ) ;
#594 = DIRECTION ( 'NONE',  ( 0.000000000000000000, 0.000000000000000000, -1.000000000000000000 ) ) ;
#595 = CIRCLE ( 'NONE', #306, 1.700000000000000178 ) ;
#596 = EDGE_CURVE ( 'NONE', #3113, #2690, #693, .T. ) ;
#597 = AXIS2_PLACEMENT_3D ( 'NONE', #853, #3581, #4290 ) ;
#598 = CARTESIAN_POINT ( 'NONE',  ( 0.000000000000000000, 10.00000000000000000, -40.00000000000000000 ) ) ;
#599 = VECTOR ( 'NONE', #1106, 1000.000000000000000 ) ;
#600 = ORIENTED_EDGE ( 'NONE', *, *, #1993, .F. ) ;
#601 = VECTOR ( 'NONE', #193, 1000.000000000000000 ) ;
#602 = CIRCLE ( 'NONE', #4381, 2.000000000000001776 ) ;
#603 = DIRECTION ( 'NONE',  ( -1.000000000000000000, 0.000000000000000000, 0.000000000000000000 ) ) ;
#604 = DIRECTION ( 'NONE',  ( 0.000000000000000000, -1.000000000000000000, 1.040834085586083310E-14 ) ) ;
#605 = DIRECTION ( 'NONE',  ( 0.000000000000000000, 1.000000000000000000, 0.000000000000000000 ) ) ;
#606 = VERTEX_POINT ( 'NONE', #926 ) ;
#607 = CIRCLE ( 'NONE', #3452, 5.000000000000006217 ) ;
#608 = DIRECTION ( 'NONE',  ( 0.000000000000000000, 0.000000000000000000, 1.000000000000000000 ) ) ;
#609 = ORIENTED_EDGE ( 'NONE', *, *, #3996, .T. ) ;
#610 = EDGE_CURVE ( 'NONE', #3138, #4007, #1888, .T. ) ;
#611 = AXIS2_PLACEMENT_3D ( 'NONE', #1092, #3082, #1790 ) ;
#612 = DIRECTION ( 'NONE',  ( 0.000000000000000000, 0.000000000000000000, 1.000000000000000000 ) ) ;
#613 = EDGE_CURVE ( 'NONE', #461, #4409, #1660, .T. ) ;
#614 = ORIENTED_EDGE ( 'NONE', *, *, #1925, .T. ) ;
#615 = ORIENTED_EDGE ( 'NONE', *, *, #944, .F. ) ;
#616 = CARTESIAN_POINT ( 'NONE',  ( -70.00001199999999812, 84.99999999999988631, -13.99999999999998579 ) ) ;
#617 = EDGE_CURVE ( 'NONE', #2145, #2908, #300, .T. ) ;
#618 = FACE_OUTER_BOUND ( 'NONE', #2888, .T. ) ;
#619 = LINE ( 'NONE', #3635, #2163 ) ;
#620 = EDGE_CURVE ( 'NONE', #2150, #1563, #20, .T. ) ;
#621 = DIRECTION ( 'NONE',  ( 0.000000000000000000, 0.000000000000000000, -1.000000000000000000 ) ) ;
#622 = DIRECTION ( 'NONE',  ( 0.000000000000000000, 0.000000000000000000, 1.000000000000000000 ) ) ;
#623 = DIRECTION ( 'NONE',  ( 0.000000000000000000, 0.000000000000000000, 1.000000000000000000 ) ) ;
#624 = DIRECTION ( 'NONE',  ( 0.000000000000000000, -1.000000000000000000, 0.000000000000000000 ) ) ;
#625 = VERTEX_POINT ( 'NONE', #3801 ) ;
#626 = DIRECTION ( 'NONE',  ( -1.000000000000000000, -0.000000000000000000, -0.000000000000000000 ) ) ;
#627 = VERTEX_POINT ( 'NONE', #2483 ) ;
#628 = CARTESIAN_POINT ( 'NONE',  ( -69.00000000000000000, 84.99999999999998579, 1.734839169665972859E-14 ) ) ;
#629 = ORIENTED_EDGE ( 'NONE', *, *, #3205, .T. ) ;
#630 = ORIENTED_EDGE ( 'NONE', *, *, #710, .F. ) ;
#631 = CARTESIAN_POINT ( 'NONE',  ( 0.000000000000000000, -5.204170427930421283E-15, -20.00000000000000000 ) ) ;
#632 = ORIENTED_EDGE ( 'NONE', *, *, #2664, .F. ) ;
#633 = EDGE_CURVE ( 'NONE', #47, #176, #3098, .T. ) ;
#634 = DIRECTION ( 'NONE',  ( 0.000000000000000000, -1.000000000000000000, 1.040834085586083310E-14 ) ) ;
#635 = CARTESIAN_POINT ( 'NONE',  ( 34.64101615137773393, 5.000000000000000000, -19.99999999999967670 ) ) ;
#636 = DIRECTION ( 'NONE',  ( -1.261617073437677999E-16, 1.000000000000000000, 1.632680918566407040E-16 ) ) ;
#637 = CARTESIAN_POINT ( 'NONE',  ( -54.99999999999999289, 10.00000000000000000, -33.99999999999999289 ) ) ;
#638 = FACE_BOUND ( 'NONE', #3500, .T. ) ;
#639 = ADVANCED_FACE ( 'NONE', ( #1053, #4217 ), #3849, .T. ) ;
#640 = ORIENTED_EDGE ( 'NONE', *, *, #689, .F. ) ;
#641 = DIRECTION ( 'NONE',  ( 0.000000000000000000, 1.000000000000000000, 0.000000000000000000 ) ) ;
#642 = VERTEX_POINT ( 'NONE', #3776 ) ;
#643 = DIRECTION ( 'NONE',  ( -0.000000000000000000, 1.000000000000000000, -0.000000000000000000 ) ) ;
#644 = EDGE_CURVE ( 'NONE', #3308, #1051, #2093, .T. ) ;
#645 = VERTEX_POINT ( 'NONE', #3158 ) ;
#646 = ORIENTED_EDGE ( 'NONE', *, *, #973, .F. ) ;
#647 = DIRECTION ( 'NONE',  ( -0.000000000000000000, -0.000000000000000000, -1.000000000000000000 ) ) ;
#648 = LINE ( 'NONE', #4103, #1871 ) ;
#649 = AXIS2_PLACEMENT_3D ( 'NONE', #3248, #1429, #768 ) ;
#650 =( LENGTH_UNIT ( ) NAMED_UNIT ( * ) SI_UNIT ( .MILLI., .METRE. ) );
#651 = EDGE_CURVE ( 'NONE', #2820, #2043, #1243, .T. ) ;
#652 = DIRECTION ( 'NONE',  ( 0.000000000000000000, 0.000000000000000000, -1.000000000000000000 ) ) ;
#653 = AXIS2_PLACEMENT_3D ( 'NONE', #3015, #1990, #2683 ) ;
#654 = AXIS2_PLACEMENT_3D ( 'NONE', #301, #3305, #2335 ) ;
#655 = EDGE_LOOP ( 'NONE', ( #2962, #845, #701, #2422 ) ) ;
#656 = CARTESIAN_POINT ( 'NONE',  ( -54.99999999999999289, 73.00000000000000000, 0.000000000000000000 ) ) ;
#657 = VECTOR ( 'NONE', #3698, 1000.000000000000000 ) ;
#658 = VECTOR ( 'NONE', #3298, 1000.000000000000000 ) ;
#659 = FACE_OUTER_BOUND ( 'NONE', #3346, .T. ) ;
#660 = AXIS2_PLACEMENT_3D ( 'NONE', #1628, #2322, #4368 ) ;
#661 = CARTESIAN_POINT ( 'NONE',  ( 55.00000000000002132, 85.00000000000001421, 12.00000000000001066 ) ) ;
#662 = LINE ( 'NONE', #1646, #84 ) ;
#663 = VERTEX_POINT ( 'NONE', #450 ) ;
#664 = AXIS2_PLACEMENT_3D ( 'NONE', #2540, #3905, #2203 ) ;
#665 = CIRCLE ( 'NONE', #3734, 2.000000000000001776 ) ;
#666 = DIRECTION ( 'NONE',  ( -0.000000000000000000, -1.000000000000000000, -0.000000000000000000 ) ) ;
#667 = ADVANCED_FACE ( 'NONE', ( #3441 ), #747, .F. ) ;
#668 = VERTEX_POINT ( 'NONE', #3489 ) ;
#669 = DIRECTION ( 'NONE',  ( 1.000000000000000000, 0.000000000000000000, 0.000000000000000000 ) ) ;
#670 = AXIS2_PLACEMENT_3D ( 'NONE', #3132, #3769, #707 ) ;
#671 = ADVANCED_FACE ( 'NONE', ( #2849 ), #714, .F. ) ;
#672 = AXIS2_PLACEMENT_3D ( 'NONE', #656, #2091, #681 ) ;
#673 = EDGE_LOOP ( 'NONE', ( #2457, #3069, #3807, #3043 ) ) ;
#674 = ORIENTED_EDGE ( 'NONE', *, *, #3699, .F. ) ;
#675 = DIRECTION ( 'NONE',  ( -1.000000000000000000, -1.261617073437677999E-16, -0.000000000000000000 ) ) ;
#676 = CARTESIAN_POINT ( 'NONE',  ( -69.00000000000000000, 84.99999999999998579, 35.00000000000001421 ) ) ;
#677 = VECTOR ( 'NONE', #4362, 1000.000000000000000 ) ;
#678 = AXIS2_PLACEMENT_3D ( 'NONE', #2041, #2784, #1759 ) ;
#679 = DIRECTION ( 'NONE',  ( -1.000000000000000000, -1.261617073437677999E-16, -0.000000000000000000 ) ) ;
#680 = ORIENTED_EDGE ( 'NONE', *, *, #326, .T. ) ;
#681 = DIRECTION ( 'NONE',  ( 0.000000000000000000, 0.000000000000000000, 1.000000000000000000 ) ) ;
#682 = DIRECTION ( 'NONE',  ( 0.000000000000000000, 0.000000000000000000, 1.000000000000000000 ) ) ;
#683 = CARTESIAN_POINT ( 'NONE',  ( -20.00000000000000000, 5.000000000000000000, -6.982962677686266711E-14 ) ) ;
#684 = DIRECTION ( 'NONE',  ( 0.000000000000000000, 0.000000000000000000, -1.000000000000000000 ) ) ;
#685 = ORIENTED_EDGE ( 'NONE', *, *, #1777, .F. ) ;
#686 = DIRECTION ( 'NONE',  ( 0.000000000000000000, -0.000000000000000000, -1.000000000000000000 ) ) ;
#687 = ORIENTED_EDGE ( 'NONE', *, *, #1917, .F. ) ;
#688 = DIRECTION ( 'NONE',  ( 0.000000000000000000, 0.000000000000000000, -1.000000000000000000 ) ) ;
#689 = EDGE_CURVE ( 'NONE', #3219, #1328, #2502, .T. ) ;
#690 =( LENGTH_UNIT ( ) NAMED_UNIT ( * ) SI_UNIT ( .MILLI., .METRE. ) );
#691 = EDGE_LOOP ( 'NONE', ( #2575, #1033 ) ) ;
#692 = ORIENTED_EDGE ( 'NONE', *, *, #542, .F. ) ;
#693 = LINE ( 'NONE', #3992, #1593 ) ;
#694 = CARTESIAN_POINT ( 'NONE',  ( -65.00000000000000000, 96.99999999999998579, 3.469678339331945719E-14 ) ) ;
#695 = ADVANCED_FACE ( 'NONE', ( #1144 ), #2601, .T. ) ;
#696 = ORIENTED_EDGE ( 'NONE', *, *, #2202, .T. ) ;
#697 = ADVANCED_FACE ( 'NONE', ( #3871 ), #1755, .F. ) ;
#698 = CARTESIAN_POINT ( 'NONE',  ( -70.00000000000000000, 84.99999999999988631, -15.99999999999998579 ) ) ;
#699 = EDGE_CURVE ( 'NONE', #606, #2217, #2887, .T. ) ;
#700 = VERTEX_POINT ( 'NONE', #2778 ) ;
#701 = ORIENTED_EDGE ( 'NONE', *, *, #1987, .T. ) ;
#702 = DIRECTION ( 'NONE',  ( -0.8660254037844360431, 0.000000000000000000, -0.5000000000000044409 ) ) ;
#703 = DIRECTION ( 'NONE',  ( 0.000000000000000000, 0.000000000000000000, 1.000000000000000000 ) ) ;
#704 = CARTESIAN_POINT ( 'NONE',  ( 65.00000000000000000, 85.00000000000001421, 12.00000000000001066 ) ) ;
#705 = CARTESIAN_POINT ( 'NONE',  ( 70.00000000000000000, 8.999999999999994671, -34.99999999999999289 ) ) ;
#706 = ORIENTED_EDGE ( 'NONE', *, *, #613, .F. ) ;
#707 = DIRECTION ( 'NONE',  ( 0.000000000000000000, 0.000000000000000000, 1.000000000000000000 ) ) ;
#708 = EDGE_LOOP ( 'NONE', ( #61, #3983 ) ) ;
#709 = CARTESIAN_POINT ( 'NONE',  ( 48.43700558260378131, 10.00000000000000533, 35.40983606557378494 ) ) ;
#710 = EDGE_CURVE ( 'NONE', #804, #766, #1526, .T. ) ;
#711 = DIRECTION ( 'NONE',  ( 1.000000000000000000, 0.000000000000000000, 0.000000000000000000 ) ) ;
#712 = EDGE_LOOP ( 'NONE', ( #881, #988, #4402, #1038 ) ) ;
#713 = ORIENTED_EDGE ( 'NONE', *, *, #3423, .T. ) ;
#714 = CYLINDRICAL_SURFACE ( 'NONE', #307, 2.000000000000003553 ) ;
#715 = CARTESIAN_POINT ( 'NONE',  ( 0.000000000000000000, 10.00000000000000000, -59.00000000000000000 ) ) ;
#716 = ORIENTED_EDGE ( 'NONE', *, *, #2564, .T. ) ;
#717 = DIRECTION ( 'NONE',  ( -0.000000000000000000, -1.000000000000000000, -0.000000000000000000 ) ) ;
#718 = PRODUCT_CONTEXT ( 'NONE', #1774, 'mechanical' ) ;
#719 = EDGE_CURVE ( 'NONE', #329, #3134, #665, .T. ) ;
#720 = AXIS2_PLACEMENT_3D ( 'NONE', #1218, #943, #4377 ) ;
#721 = CARTESIAN_POINT ( 'NONE',  ( 49.24428900898052319, 9.000000000000001776, -33.99999999999999289 ) ) ;
#722 = CIRCLE ( 'NONE', #4161, 2.000000000000003553 ) ;
#723 = VERTEX_POINT ( 'NONE', #351 ) ;
#724 = ORIENTED_EDGE ( 'NONE', *, *, #2226, .T. ) ;
#725 = CARTESIAN_POINT ( 'NONE',  ( -51.99999999999999289, 13.00000000000000178, -34.99999999999999289 ) ) ;
#726 = EDGE_CURVE ( 'NONE', #3150, #1537, #2964, .T. ) ;
#727 = AXIS2_PLACEMENT_3D ( 'NONE', #826, #4285, #3247 ) ;
#728 = AXIS2_PLACEMENT_3D ( 'NONE', #1668, #1626, #3979 ) ;
#729 = DIRECTION ( 'NONE',  ( -1.000000000000000000, -0.000000000000000000, -0.000000000000000000 ) ) ;
#730 = DIRECTION ( 'NONE',  ( 0.000000000000000000, 0.000000000000000000, 1.000000000000000000 ) ) ;
#731 = EDGE_LOOP ( 'NONE', ( #847, #469, #1116, #3824 ) ) ;
#732 = VECTOR ( 'NONE', #1063, 1000.000000000000000 ) ;
#733 = AXIS2_PLACEMENT_3D ( 'NONE', #1484, #3234, #2856 ) ;
#734 = FACE_OUTER_BOUND ( 'NONE', #1856, .T. ) ;
#735 = AXIS2_PLACEMENT_3D ( 'NONE', #1906, #4259, #2160 ) ;
#736 = ORIENTED_EDGE ( 'NONE', *, *, #264, .F. ) ;
#737 = CARTESIAN_POINT ( 'NONE',  ( 65.00000000000000000, 85.00000000000001421, 10.00000000000000711 ) ) ;
#738 = AXIS2_PLACEMENT_3D ( 'NONE', #2042, #3474, #3406 ) ;
#739 = AXIS2_PLACEMENT_3D ( 'NONE', #4244, #191, #2200 ) ;
#740 = FACE_OUTER_BOUND ( 'NONE', #1216, .T. ) ;
#741 = EDGE_CURVE ( 'NONE', #3444, #2470, #1719, .T. ) ;
#742 = AXIS2_PLACEMENT_3D ( 'NONE', #4201, #1109, #3878 ) ;
#743 = AXIS2_PLACEMENT_3D ( 'NONE', #86, #3752, #4123 ) ;
#744 = ORIENTED_EDGE ( 'NONE', *, *, #1186, .F. ) ;
#745 = ORIENTED_EDGE ( 'NONE', *, *, #2048, .T. ) ;
#746 = VECTOR ( 'NONE', #1980, 1000.000000000000000 ) ;
#747 = CYLINDRICAL_SURFACE ( 'NONE', #378, 2.499999999999998668 ) ;
#748 = FACE_OUTER_BOUND ( 'NONE', #2589, .T. ) ;
#749 = ORIENTED_EDGE ( 'NONE', *, *, #633, .T. ) ;
#750 = AXIS2_PLACEMENT_3D ( 'NONE', #2165, #1187, #150 ) ;
#751 = CARTESIAN_POINT ( 'NONE',  ( 3.061616997868383141E-16, 5.000000000000000000, 17.50000000000000000 ) ) ;
#752 = CARTESIAN_POINT ( 'NONE',  ( 0.000000000000000000, -5.204170427930421283E-15, 15.00000000000000000 ) ) ;
#753 = EDGE_CURVE ( 'NONE', #441, #348, #2464, .T. ) ;
#754 = ORIENTED_EDGE ( 'NONE', *, *, #2746, .T. ) ;
#755 = PRODUCT_DEFINITION_FORMATION_WITH_SPECIFIED_SOURCE ( 'ANY', '', #3350, .NOT_KNOWN. ) ;
#756 = CARTESIAN_POINT ( 'NONE',  ( -51.99999999999999289, 13.00000000000000178, 34.00000000000000711 ) ) ;
#757 = CARTESIAN_POINT ( 'NONE',  ( -49.24428900898052319, 8.999999999999994671, -34.99999999999999289 ) ) ;
#758 = CARTESIAN_POINT ( 'NONE',  ( 0.000000000000000000, -5.204170427930421283E-15, -18.30000000000000071 ) ) ;
#759 = DIRECTION ( 'NONE',  ( -1.000000000000000000, 0.000000000000000000, 0.000000000000000000 ) ) ;
#760 = VERTEX_POINT ( 'NONE', #1527 ) ;
#761 = EDGE_CURVE ( 'NONE', #2812, #2668, #2624, .T. ) ;
#762 = DIRECTION ( 'NONE',  ( -1.000000000000000000, 0.000000000000000000, 0.000000000000000000 ) ) ;
#763 = ORIENTED_EDGE ( 'NONE', *, *, #1682, .F. ) ;
#764 = DIRECTION ( 'NONE',  ( -0.000000000000000000, 1.000000000000000000, -0.000000000000000000 ) ) ;
#765 = ORIENTED_EDGE ( 'NONE', *, *, #1376, .T. ) ;
#766 = VERTEX_POINT ( 'NONE', #2921 ) ;
#767 = DIRECTION ( 'NONE',  ( 0.000000000000000000, -1.224646799147352221E-16, 1.000000000000000000 ) ) ;
#768 = DIRECTION ( 'NONE',  ( 0.000000000000000000, 0.000000000000000000, 1.000000000000000000 ) ) ;
#769 = CARTESIAN_POINT ( 'NONE',  ( -65.00000000000000000, 96.99999999999998579, 4.000000000000039968 ) ) ;
#770 = FACE_OUTER_BOUND ( 'NONE', #3656, .T. ) ;
#771 = ORIENTED_EDGE ( 'NONE', *, *, #2215, .F. ) ;
#772 = DIRECTION ( 'NONE',  ( 1.000000000000000000, 0.000000000000000000, 1.047444401652940007E-14 ) ) ;
#773 = CARTESIAN_POINT ( 'NONE',  ( -20.00000000000000000, 5.000000000000000000, -6.982962677686266711E-14 ) ) ;
#774 = LINE ( 'NONE', #3175, #374 ) ;
#775 = ORIENTED_EDGE ( 'NONE', *, *, #1744, .T. ) ;
#776 = FACE_OUTER_BOUND ( 'NONE', #1769, .T. ) ;
#777 = VERTEX_POINT ( 'NONE', #832 ) ;
#778 = ADVANCED_FACE ( 'NONE', ( #3224 ), #1194, .F. ) ;
#779 = CARTESIAN_POINT ( 'NONE',  ( 20.00000000000000000, -5.204170427930421283E-15, 2.094888803305880013E-13 ) ) ;
#780 = ORIENTED_EDGE ( 'NONE', *, *, #1640, .T. ) ;
#781 = ORIENTED_EDGE ( 'NONE', *, *, #1844, .T. ) ;
#782 = EDGE_CURVE ( 'NONE', #3843, #2492, #207, .T. ) ;
#783 = DIRECTION ( 'NONE',  ( -0.000000000000000000, -1.000000000000000000, -0.000000000000000000 ) ) ;
#784 = DIRECTION ( 'NONE',  ( -0.000000000000000000, 1.000000000000000000, -0.000000000000000000 ) ) ;
#785 = LINE ( 'NONE', #3780, #3600 ) ;
#786 = ORIENTED_EDGE ( 'NONE', *, *, #4011, .T. ) ;
#787 = CARTESIAN_POINT ( 'NONE',  ( -65.00000000000000000, 84.99999999999988631, -11.99999999999998224 ) ) ;
#788 = ORIENTED_EDGE ( 'NONE', *, *, #3594, .F. ) ;
#789 = AXIS2_PLACEMENT_3D ( 'NONE', #631, #1985, #2970 ) ;
#790 = CARTESIAN_POINT ( 'NONE',  ( 70.00000000000000000, 1.224646799147354440E-16, 34.00000000000000711 ) ) ;
#791 = DIRECTION ( 'NONE',  ( -0.000000000000000000, -1.000000000000000000, -0.000000000000000000 ) ) ;
#792 = FACE_OUTER_BOUND ( 'NONE', #1268, .T. ) ;
#793 = DIRECTION ( 'NONE',  ( 0.000000000000000000, -1.247601729133521180E-16, -1.000000000000000000 ) ) ;
#794 = AXIS2_PLACEMENT_3D ( 'NONE', #286, #3335, #3999 ) ;
#795 = ORIENTED_EDGE ( 'NONE', *, *, #2976, .T. ) ;
#796 = CYLINDRICAL_SURFACE ( 'NONE', #31, 1.000000000000000888 ) ;
#797 = CIRCLE ( 'NONE', #728, 2.000000000000003553 ) ;
#798 = ORIENTED_EDGE ( 'NONE', *, *, #4060, .T. ) ;
#799 = CARTESIAN_POINT ( 'NONE',  ( 34.64101615137773393, 10.00000000000000000, -22.49999999999968026 ) ) ;
#800 = AXIS2_PLACEMENT_3D ( 'NONE', #4082, #2380, #1688 ) ;
#801 = EDGE_CURVE ( 'NONE', #1336, #1475, #951, .T. ) ;
#802 = DIRECTION ( 'NONE',  ( -1.000000000000000000, -0.000000000000000000, 0.000000000000000000 ) ) ;
#803 = ORIENTED_EDGE ( 'NONE', *, *, #3906, .T. ) ;
#804 = VERTEX_POINT ( 'NONE', #903 ) ;
#805 = AXIS2_PLACEMENT_3D ( 'NONE', #1808, #2882, #507 ) ;
#806 = VECTOR ( 'NONE', #3540, 1000.000000000000000 ) ;
#807 = DIRECTION ( 'NONE',  ( -1.000000000000000000, -1.261617073437677999E-16, -0.000000000000000000 ) ) ;
#808 = CIRCLE ( 'NONE', #1896, 1.000000000000000888 ) ;
#809 = ADVANCED_FACE ( 'NONE', ( #1260 ), #2815, .T. ) ;
#810 = ORIENTED_EDGE ( 'NONE', *, *, #2631, .T. ) ;
#811 = PLANE ( 'NONE',  #886 ) ;
#812 = ORIENTED_EDGE ( 'NONE', *, *, #596, .F. ) ;
#813 = CARTESIAN_POINT ( 'NONE',  ( 0.000000000000000000, 10.00000000000000000, 20.00000000000000000 ) ) ;
#814 = AXIS2_PLACEMENT_3D ( 'NONE', #547, #2213, #2919 ) ;
#815 = ORIENTED_EDGE ( 'NONE', *, *, #1770, .T. ) ;
#816 = FACE_BOUND ( 'NONE', #1534, .T. ) ;
#817 = AXIS2_PLACEMENT_3D ( 'NONE', #4384, #558, #4327 ) ;
#818 = CARTESIAN_POINT ( 'NONE',  ( 0.000000000000000000, 5.000000000000000000, -37.50000000000000000 ) ) ;
#819 = CARTESIAN_POINT ( 'NONE',  ( 52.00000000000002132, 10.00000000000000000, -33.99999999999999289 ) ) ;
#820 = DIRECTION ( 'NONE',  ( -1.000000000000000000, 0.000000000000000000, 0.000000000000000000 ) ) ;
#821 = ORIENTED_EDGE ( 'NONE', *, *, #1324, .F. ) ;
#822 = VECTOR ( 'NONE', #2401, 1000.000000000000000 ) ;
#823 = EDGE_LOOP ( 'NONE', ( #520, #1436, #90, #1256 ) ) ;
#824 = CYLINDRICAL_SURFACE ( 'NONE', #750, 1.700000000000000178 ) ;
#825 = DIRECTION ( 'NONE',  ( 0.000000000000000000, 0.000000000000000000, 1.000000000000000000 ) ) ;
#826 = CARTESIAN_POINT ( 'NONE',  ( 0.000000000000000000, 10.00000000000000000, -1.122841556220169259E-15 ) ) ;
#827 = AXIS2_PLACEMENT_3D ( 'NONE', #1314, #960, #1273 ) ;
#828 = ORIENTED_EDGE ( 'NONE', *, *, #3352, .T. ) ;
#829 = DIRECTION ( 'NONE',  ( 0.000000000000000000, 1.000000000000000000, -3.469446951953611033E-15 ) ) ;
#830 = ORIENTED_EDGE ( 'NONE', *, *, #3326, .T. ) ;
#831 = ORIENTED_EDGE ( 'NONE', *, *, #2650, .T. ) ;
#832 = CARTESIAN_POINT ( 'NONE',  ( 3.061616997868382155E-16, 10.00000000000000000, -42.50000000000000000 ) ) ;
#833 = ORIENTED_EDGE ( 'NONE', *, *, #568, .F. ) ;
#834 = LINE ( 'NONE', #2906, #3447 ) ;
#835 = ORIENTED_EDGE ( 'NONE', *, *, #290, .F. ) ;
#836 = EDGE_CURVE ( 'NONE', #1288, #2900, #531, .T. ) ;
#837 = DIRECTION ( 'NONE',  ( -0.000000000000000000, 1.000000000000000000, -0.000000000000000000 ) ) ;
#838 = EDGE_CURVE ( 'NONE', #3508, #4070, #1956, .T. ) ;
#839 = EDGE_LOOP ( 'NONE', ( #3185, #2313, #1886, #4112 ) ) ;
#840 = CYLINDRICAL_SURFACE ( 'NONE', #2388, 1.000000000000000888 ) ;
#841 = DIRECTION ( 'NONE',  ( 0.000000000000000000, 0.000000000000000000, 1.000000000000000000 ) ) ;
#842 = EDGE_CURVE ( 'NONE', #1501, #3556, #1591, .T. ) ;
#843 = CARTESIAN_POINT ( 'NONE',  ( -55.99999999999999289, 13.00000000000000178, 35.00000000000000711 ) ) ;
#844 = DIRECTION ( 'NONE',  ( 0.000000000000000000, 1.000000000000000000, -0.000000000000000000 ) ) ;
#845 = ORIENTED_EDGE ( 'NONE', *, *, #1407, .F. ) ;
#846 = FACE_OUTER_BOUND ( 'NONE', #3017, .T. ) ;
#847 = ORIENTED_EDGE ( 'NONE', *, *, #2850, .F. ) ;
#848 = DIRECTION ( 'NONE',  ( 0.8660254037844431485, 0.000000000000000000, -0.4999999999999922839 ) ) ;
#849 = ORIENTED_EDGE ( 'NONE', *, *, #801, .F. ) ;
#850 = LINE ( 'NONE', #3579, #2821 ) ;
#851 = ORIENTED_EDGE ( 'NONE', *, *, #567, .F. ) ;
#852 = EDGE_CURVE ( 'NONE', #1196, #2077, #3290, .T. ) ;
#853 = CARTESIAN_POINT ( 'NONE',  ( -65.00000000000000000, 85.00000000000001421, 12.00000000000001066 ) ) ;
#854 = EDGE_LOOP ( 'NONE', ( #1647, #4144, #2937, #116, #905, #438, #4313 ) ) ;
#855 = CARTESIAN_POINT ( 'NONE',  ( 49.24428900898051609, 0.000000000000000000, 35.00000000000000711 ) ) ;
#856 = ORIENTED_EDGE ( 'NONE', *, *, #1217, .T. ) ;
#857 = LINE ( 'NONE', #3207, #96 ) ;
#858 = ORIENTED_EDGE ( 'NONE', *, *, #1772, .F. ) ;
#859 = EDGE_CURVE ( 'NONE', #1350, #3150, #188, .T. ) ;
#860 = CARTESIAN_POINT ( 'NONE',  ( 0.000000000000000000, -7.485610374801127081E-15, -60.00000000000000000 ) ) ;
#861 = FACE_OUTER_BOUND ( 'NONE', #3797, .T. ) ;
#862 = CARTESIAN_POINT ( 'NONE',  ( -54.99999999999999289, 84.99999999999998579, 1.734839169665972859E-14 ) ) ;
#863 = DIRECTION ( 'NONE',  ( 0.000000000000000000, 0.000000000000000000, 1.000000000000000000 ) ) ;
#864 = ORIENTED_EDGE ( 'NONE', *, *, #510, .T. ) ;
#865 = EDGE_CURVE ( 'NONE', #154, #2405, #4026, .T. ) ;
#866 = VERTEX_POINT ( 'NONE', #2555 ) ;
#867 = CYLINDRICAL_SURFACE ( 'NONE', #253, 1.000000000000000888 ) ;
#868 = ORIENTED_EDGE ( 'NONE', *, *, #208, .F. ) ;
#869 = FACE_OUTER_BOUND ( 'NONE', #2600, .T. ) ;
#870 = CYLINDRICAL_SURFACE ( 'NONE', #2723, 1.700000000000000178 ) ;
#871 = VERTEX_POINT ( 'NONE', #4310 ) ;
#872 = CIRCLE ( 'NONE', #794, 1.700000000000000178 ) ;
#873 = CARTESIAN_POINT ( 'NONE',  ( 3.061616997868383141E-16, 5.000000000000000000, -22.50000000000000000 ) ) ;
#874 = ORIENTED_EDGE ( 'NONE', *, *, #4262, .F. ) ;
#875 = CARTESIAN_POINT ( 'NONE',  ( 56.00000000000000711, 120.0000000000000000, 1.734839169665972859E-14 ) ) ;
#876 = VECTOR ( 'NONE', #4116, 1000.000000000000000 ) ;
#877 = AXIS2_PLACEMENT_3D ( 'NONE', #2207, #3857, #3211 ) ;
#878 = AXIS2_PLACEMENT_3D ( 'NONE', #2206, #3570, #1150 ) ;
#879 = ORIENTED_EDGE ( 'NONE', *, *, #4426, .F. ) ;
#880 = CARTESIAN_POINT ( 'NONE',  ( -49.24428900898052319, 8.673617379884035472E-15, -36.00000000000000000 ) ) ;
#881 = ORIENTED_EDGE ( 'NONE', *, *, #2904, .F. ) ;
#882 = AXIS2_PLACEMENT_3D ( 'NONE', #2337, #304, #2007 ) ;
#883 = CARTESIAN_POINT ( 'NONE',  ( -54.99999999999999289, 85.00000000000000000, -33.99999999999997158 ) ) ;
#884 = CIRCLE ( 'NONE', #2240, 2.500000000000002220 ) ;
#885 = VECTOR ( 'NONE', #1234, 1000.000000000000000 ) ;
#886 = AXIS2_PLACEMENT_3D ( 'NONE', #1899, #481, #3291 ) ;
#887 = CYLINDRICAL_SURFACE ( 'NONE', #2181, 1.000000000000000888 ) ;
#888 = CARTESIAN_POINT ( 'NONE',  ( 20.00000000000000000, 5.000000000000000000, 2.094888803305880013E-13 ) ) ;
#889 = VECTOR ( 'NONE', #3796, 1000.000000000000000 ) ;
#890 = DIRECTION ( 'NONE',  ( -0.000000000000000000, -1.000000000000000000, -0.000000000000000000 ) ) ;
#891 = EDGE_CURVE ( 'NONE', #3695, #3647, #239, .T. ) ;
#892 = ORIENTED_EDGE ( 'NONE', *, *, #944, .T. ) ;
#893 = AXIS2_PLACEMENT_3D ( 'NONE', #2615, #3282, #1643 ) ;
#894 = CARTESIAN_POINT ( 'NONE',  ( 0.000000000000000000, 5.000000000000000000, -40.00000000000000000 ) ) ;
#895 = CARTESIAN_POINT ( 'NONE',  ( 69.00000000000000000, 0.000000000000000000, 35.00000000000000711 ) ) ;
#896 = DIRECTION ( 'NONE',  ( 0.000000000000000000, -1.000000000000000000, 0.000000000000000000 ) ) ;
#897 = DIRECTION ( 'NONE',  ( 0.000000000000000000, 0.000000000000000000, 1.000000000000000000 ) ) ;
#898 = ADVANCED_FACE ( 'NONE', ( #3255 ), #137, .T. ) ;
#899 = CIRCLE ( 'NONE', #3390, 1.700000000000000178 ) ;
#900 = ORIENTED_EDGE ( 'NONE', *, *, #2501, .F. ) ;
#901 = DIRECTION ( 'NONE',  ( -0.000000000000000000, 1.000000000000000000, -0.000000000000000000 ) ) ;
#902 = VERTEX_POINT ( 'NONE', #1845 ) ;
#903 = CARTESIAN_POINT ( 'NONE',  ( 65.00000000000000000, 84.99999999999988631, -9.999999999999978684 ) ) ;
#904 = FACE_BOUND ( 'NONE', #2848, .T. ) ;
#905 = ORIENTED_EDGE ( 'NONE', *, *, #4152, .T. ) ;
#906 = FACE_OUTER_BOUND ( 'NONE', #3369, .T. ) ;
#907 = FACE_OUTER_BOUND ( 'NONE', #192, .T. ) ;
#908 = DIRECTION ( 'NONE',  ( -1.000000000000000000, 0.000000000000000000, 0.000000000000000000 ) ) ;
#909 = ADVANCED_FACE ( 'NONE', ( #3273, #1497 ), #2870, .F. ) ;
#910 = LINE ( 'NONE', #1941, #238 ) ;
#911 = ORIENTED_EDGE ( 'NONE', *, *, #3694, .T. ) ;
#912 = CYLINDRICAL_SURFACE ( 'NONE', #3457, 4.000000000000003553 ) ;
#913 = CARTESIAN_POINT ( 'NONE',  ( 3.061616997868382155E-16, 5.000000000000000000, -42.50000000000000000 ) ) ;
#914 = DIRECTION ( 'NONE',  ( -0.000000000000000000, 1.000000000000000000, 0.000000000000000000 ) ) ;
#915 = DIRECTION ( 'NONE',  ( -0.000000000000000000, 1.000000000000000000, 0.000000000000000000 ) ) ;
#916 = ORIENTED_EDGE ( 'NONE', *, *, #719, .T. ) ;
#917 = CARTESIAN_POINT ( 'NONE',  ( 47.62972215622705363, 10.00000000000000000, 34.81967213114755566 ) ) ;
#918 = EDGE_CURVE ( 'NONE', #3118, #1280, #1167, .T. ) ;
#919 = VERTEX_POINT ( 'NONE', #875 ) ;
#920 = CARTESIAN_POINT ( 'NONE',  ( 55.00000000000001421, 84.99999999999998579, 1.734839169665972859E-14 ) ) ;
#921 = EDGE_CURVE ( 'NONE', #1051, #3225, #3610, .T. ) ;
#922 = VERTEX_POINT ( 'NONE', #3645 ) ;
#923 = ORIENTED_EDGE ( 'NONE', *, *, #726, .F. ) ;
#924 = DIRECTION ( 'NONE',  ( -0.000000000000000000, 1.000000000000000000, -0.000000000000000000 ) ) ;
#925 = CYLINDRICAL_SURFACE ( 'NONE', #4406, 2.000000000000003553 ) ;
#926 = CARTESIAN_POINT ( 'NONE',  ( -54.99999999999999289, 96.99999999999998579, 2.000000000000038192 ) ) ;
#927 = DIRECTION ( 'NONE',  ( 0.000000000000000000, 0.000000000000000000, 1.000000000000000000 ) ) ;
#928 = ORIENTED_EDGE ( 'NONE', *, *, #2976, .F. ) ;
#929 = ADVANCED_FACE ( 'NONE', ( #2359 ), #966, .F. ) ;
#930 = DIRECTION ( 'NONE',  ( 1.000000000000000000, 0.000000000000000000, 0.000000000000000000 ) ) ;
#931 = DIRECTION ( 'NONE',  ( 1.000000000000000000, 0.000000000000000000, 0.000000000000000000 ) ) ;
#932 = LINE ( 'NONE', #994, #2364 ) ;
#933 = FACE_OUTER_BOUND ( 'NONE', #1145, .T. ) ;
#934 = ORIENTED_EDGE ( 'NONE', *, *, #4352, .F. ) ;
#935 = ADVANCED_FACE ( 'NONE', ( #3339 ), #1337, .F. ) ;
#936 = CARTESIAN_POINT ( 'NONE',  ( 52.00000000000002132, 12.99999999999999822, 35.00000000000000711 ) ) ;
#937 = VERTEX_POINT ( 'NONE', #2034 ) ;
#938 = ADVANCED_FACE ( 'NONE', ( #4373 ), #1652, .F. ) ;
#939 = VECTOR ( 'NONE', #784, 1000.000000000000000 ) ;
#940 = ORIENTED_EDGE ( 'NONE', *, *, #620, .T. ) ;
#941 = ORIENTED_EDGE ( 'NONE', *, *, #1117, .F. ) ;
#942 = AXIS2_PLACEMENT_3D ( 'NONE', #2230, #1472, #1514 ) ;
#943 = DIRECTION ( 'NONE',  ( 0.000000000000000000, 1.000000000000000000, 0.000000000000000000 ) ) ;
#944 = EDGE_CURVE ( 'NONE', #3792, #1142, #1097, .T. ) ;
#945 = ORIENTED_EDGE ( 'NONE', *, *, #3626, .T. ) ;
#946 = CIRCLE ( 'NONE', #4017, 5.000000000000006217 ) ;
#947 = AXIS2_PLACEMENT_3D ( 'NONE', #1246, #4438, #2611 ) ;
#948 = AXIS2_PLACEMENT_3D ( 'NONE', #1741, #1044, #437 ) ;
#949 = DIRECTION ( 'NONE',  ( 0.000000000000000000, 0.000000000000000000, 1.000000000000000000 ) ) ;
#950 = CIRCLE ( 'NONE', #4248, 4.000000000000005329 ) ;
#951 = CIRCLE ( 'NONE', #1022, 1.000000000000000888 ) ;
#952 = DIRECTION ( 'NONE',  ( -1.000000000000000000, -0.000000000000000000, 0.000000000000000000 ) ) ;
#953 = MECHANICAL_DESIGN_GEOMETRIC_PRESENTATION_REPRESENTATION (  '', ( #1665 ), #1964 ) ;
#954 = AXIS2_PLACEMENT_3D ( 'NONE', #1658, #4341, #1299 ) ;
#955 = CIRCLE ( 'NONE', #727, 59.00000000000000000 ) ;
#956 = FACE_OUTER_BOUND ( 'NONE', #1614, .T. ) ;
#957 = AXIS2_PLACEMENT_3D ( 'NONE', #2727, #46, #1406 ) ;
#958 = CARTESIAN_POINT ( 'NONE',  ( 69.00000000000000000, 84.99999999999998579, 34.00000000000000711 ) ) ;
#959 = DIRECTION ( 'NONE',  ( 0.000000000000000000, 0.000000000000000000, -1.000000000000000000 ) ) ;
#960 = DIRECTION ( 'NONE',  ( 1.000000000000000000, 1.261617073437677999E-16, 0.000000000000000000 ) ) ;
#961 = ORIENTED_EDGE ( 'NONE', *, *, #1217, .F. ) ;
#962 = AXIS2_PLACEMENT_3D ( 'NONE', #131, #112, #3531 ) ;
#963 = DIRECTION ( 'NONE',  ( -0.000000000000000000, 1.000000000000000000, -0.000000000000000000 ) ) ;
#964 = VERTEX_POINT ( 'NONE', #3003 ) ;
#965 = AXIS2_PLACEMENT_3D ( 'NONE', #1483, #105, #2837 ) ;
#966 = CYLINDRICAL_SURFACE ( 'NONE', #4392, 1.700000000000000178 ) ;
#967 = EDGE_CURVE ( 'NONE', #1573, #121, #330, .T. ) ;
#968 = VERTEX_POINT ( 'NONE', #1676 ) ;
#969 = ORIENTED_EDGE ( 'NONE', *, *, #2227, .T. ) ;
#970 = DIRECTION ( 'NONE',  ( 0.000000000000000000, 1.000000000000000000, 0.000000000000000000 ) ) ;
#971 = CARTESIAN_POINT ( 'NONE',  ( 0.000000000000000000, 0.000000000000000000, 0.000000000000000000 ) ) ;
#972 = EDGE_CURVE ( 'NONE', #1455, #3090, #4433, .T. ) ;
#973 = EDGE_CURVE ( 'NONE', #100, #3125, #3317, .T. ) ;
#974 = DIRECTION ( 'NONE',  ( 0.000000000000000000, 0.000000000000000000, -1.000000000000000000 ) ) ;
#975 = DIRECTION ( 'NONE',  ( -0.000000000000000000, 1.000000000000000000, -0.000000000000000000 ) ) ;
#976 = ADVANCED_FACE ( 'NONE', ( #254 ), #23, .T. ) ;
#977 = CARTESIAN_POINT ( 'NONE',  ( -49.24428900898052319, 10.00000000000000533, -36.00000000000000000 ) ) ;
#978 = FACE_OUTER_BOUND ( 'NONE', #2993, .T. ) ;
#979 = FACE_OUTER_BOUND ( 'NONE', #1636, .T. ) ;
#980 = VERTEX_POINT ( 'NONE', #4091 ) ;
#981 = DIRECTION ( 'NONE',  ( 0.000000000000000000, -1.000000000000000000, -1.632680918566407040E-16 ) ) ;
#982 = EDGE_LOOP ( 'NONE', ( #2072, #1409, #2408, #3340 ) ) ;
#983 = DIRECTION ( 'NONE',  ( 1.000000000000000000, 0.000000000000000000, 0.000000000000000000 ) ) ;
#984 = ADVANCED_FACE ( 'NONE', ( #3693, #273 ), #584, .F. ) ;
#985 = ORIENTED_EDGE ( 'NONE', *, *, #3496, .F. ) ;
#986 = VERTEX_POINT ( 'NONE', #4032 ) ;
#987 = CYLINDRICAL_SURFACE ( 'NONE', #3791, 1.700000000000000178 ) ;
#988 = ORIENTED_EDGE ( 'NONE', *, *, #3160, .F. ) ;
#989 = DIRECTION ( 'NONE',  ( 0.000000000000000000, 1.000000000000000000, 0.000000000000000000 ) ) ;
#990 = EDGE_CURVE ( 'NONE', #2307, #2595, #1292, .T. ) ;
#991 = ORIENTED_EDGE ( 'NONE', *, *, #3604, .F. ) ;
#992 = DIRECTION ( 'NONE',  ( 1.000000000000000000, 0.000000000000000000, 0.000000000000000000 ) ) ;
#993 = FACE_BOUND ( 'NONE', #2132, .T. ) ;
#994 = CARTESIAN_POINT ( 'NONE',  ( 0.000000000000000000, 5.000000000000000000, 42.50000000000000000 ) ) ;
#995 = DIRECTION ( 'NONE',  ( 0.000000000000000000, 0.000000000000000000, 1.000000000000000000 ) ) ;
#996 = ORIENTED_EDGE ( 'NONE', *, *, #1135, .F. ) ;
#997 = EDGE_CURVE ( 'NONE', #922, #2194, #2302, .T. ) ;
#998 = LINE ( 'NONE', #1318, #3606 ) ;
#999 = ORIENTED_EDGE ( 'NONE', *, *, #1345, .F. ) ;
#1000 = CARTESIAN_POINT ( 'NONE',  ( 3.061616997868384127E-16, 5.000000000000000000, 37.50000000000000000 ) ) ;
#1001 = ORIENTED_EDGE ( 'NONE', *, *, #1744, .F. ) ;
#1002 = ORIENTED_EDGE ( 'NONE', *, *, #3379, .F. ) ;
#1003 = CARTESIAN_POINT ( 'NONE',  ( 0.000000000000000000, 5.000000000000000000, 20.00000000000000000 ) ) ;
#1004 = DIRECTION ( 'NONE',  ( 0.000000000000000000, 0.000000000000000000, -1.000000000000000000 ) ) ;
#1005 = VECTOR ( 'NONE', #1585, 1000.000000000000000 ) ;
#1006 = CIRCLE ( 'NONE', #1156, 1.699999999999997735 ) ;
#1007 = CARTESIAN_POINT ( 'NONE',  ( -54.99999999999999289, 10.00000000000000000, 34.00000000000000711 ) ) ;
#1008 = EDGE_CURVE ( 'NONE', #2247, #4308, #2170, .T. ) ;
#1009 = AXIS2_PLACEMENT_3D ( 'NONE', #2046, #2118, #1765 ) ;
#1010 = VECTOR ( 'NONE', #3419, 1000.000000000000000 ) ;
#1011 = EDGE_LOOP ( 'NONE', ( #1970, #1344, #4355, #2107 ) ) ;
#1012 = FACE_OUTER_BOUND ( 'NONE', #4293, .T. ) ;
#1013 = AXIS2_PLACEMENT_3D ( 'NONE', #2332, #1327, #295 ) ;
#1014 = VECTOR ( 'NONE', #2221, 1000.000000000000000 ) ;
#1015 = DIRECTION ( 'NONE',  ( -0.000000000000000000, 1.000000000000000000, -0.000000000000000000 ) ) ;
#1016 = EDGE_CURVE ( 'NONE', #2595, #3567, #2674, .T. ) ;
#1017 = AXIS2_PLACEMENT_3D ( 'NONE', #1183, #1152, #1875 ) ;
#1018 = LINE ( 'NONE', #2818, #296 ) ;
#1019 = DIRECTION ( 'NONE',  ( 0.000000000000000000, 0.000000000000000000, -1.000000000000000000 ) ) ;
#1020 = ORIENTED_EDGE ( 'NONE', *, *, #474, .F. ) ;
#1021 = AXIS2_PLACEMENT_3D ( 'NONE', #432, #102, #1830 ) ;
#1022 = AXIS2_PLACEMENT_3D ( 'NONE', #549, #2242, #2264 ) ;
#1023 = CIRCLE ( 'NONE', #1244, 1.000000000000000888 ) ;
#1024 = EDGE_LOOP ( 'NONE', ( #1401, #33 ) ) ;
#1025 = CARTESIAN_POINT ( 'NONE',  ( 70.00000000000000000, 0.000000000000000000, 35.00000000000000711 ) ) ;
#1026 = VERTEX_POINT ( 'NONE', #2013 ) ;
#1027 = EDGE_CURVE ( 'NONE', #1580, #1336, #1963, .T. ) ;
#1028 = CYLINDRICAL_SURFACE ( 'NONE', #2657, 2.000000000000003553 ) ;
#1029 = EDGE_CURVE ( 'NONE', #425, #441, #3375, .T. ) ;
#1030 = CIRCLE ( 'NONE', #2532, 15.00000000000000000 ) ;
#1031 = CARTESIAN_POINT ( 'NONE',  ( 69.00000000000000000, 0.000000000000000000, 34.00000000000000711 ) ) ;
#1032 = ORIENTED_EDGE ( 'NONE', *, *, #2550, .F. ) ;
#1033 = ORIENTED_EDGE ( 'NONE', *, *, #2112, .F. ) ;
#1034 = CARTESIAN_POINT ( 'NONE',  ( -47.62972215622705363, 9.000000000000001776, 34.81967213114755566 ) ) ;
#1035 = DIRECTION ( 'NONE',  ( 0.000000000000000000, 1.000000000000000000, 0.000000000000000000 ) ) ;
#1036 = ORIENTED_EDGE ( 'NONE', *, *, #1554, .T. ) ;
#1037 = DIRECTION ( 'NONE',  ( 0.000000000000000000, -1.224646799147352221E-16, 1.000000000000000000 ) ) ;
#1038 = ORIENTED_EDGE ( 'NONE', *, *, #2613, .T. ) ;
#1039 = EDGE_LOOP ( 'NONE', ( #874, #3521, #143, #1487 ) ) ;
#1040 = DIRECTION ( 'NONE',  ( 1.000000000000000000, 0.000000000000000000, 0.000000000000000000 ) ) ;
#1041 = ADVANCED_FACE ( 'NONE', ( #403 ), #4142, .F. ) ;
#1042 = LINE ( 'NONE', #58, #233 ) ;
#1043 = FACE_OUTER_BOUND ( 'NONE', #345, .T. ) ;
#1044 = DIRECTION ( 'NONE',  ( 1.000000000000000000, 0.000000000000000000, 0.000000000000000000 ) ) ;
#1045 = ORIENTED_EDGE ( 'NONE', *, *, #4074, .F. ) ;
#1046 = FACE_BOUND ( 'NONE', #2920, .T. ) ;
#1047 = VERTEX_POINT ( 'NONE', #3435 ) ;
#1048 = DIRECTION ( 'NONE',  ( -0.000000000000000000, 1.000000000000000000, -0.000000000000000000 ) ) ;
#1049 = EDGE_CURVE ( 'NONE', #2108, #919, #1745, .T. ) ;
#1050 = SURFACE_STYLE_FILL_AREA ( #1098 ) ;
#1051 = VERTEX_POINT ( 'NONE', #3085 ) ;
#1052 = VERTEX_POINT ( 'NONE', #1473 ) ;
#1053 = FACE_OUTER_BOUND ( 'NONE', #2969, .T. ) ;
#1054 = CYLINDRICAL_SURFACE ( 'NONE', #1653, 1.000000000000000888 ) ;
#1055 = ORIENTED_EDGE ( 'NONE', *, *, #2643, .T. ) ;
#1056 = ADVANCED_FACE ( 'NONE', ( #4163 ), #3415, .T. ) ;
#1057 = CARTESIAN_POINT ( 'NONE',  ( -20.00000000000000000, 5.000000000000000000, 2.499999999999930278 ) ) ;
#1058 = DIRECTION ( 'NONE',  ( 0.000000000000000000, 0.000000000000000000, 1.000000000000000000 ) ) ;
#1059 = EDGE_LOOP ( 'NONE', ( #1136, #3560 ) ) ;
#1060 = ORIENTED_EDGE ( 'NONE', *, *, #3629, .F. ) ;
#1061 = CARTESIAN_POINT ( 'NONE',  ( 70.00001199999999812, 73.00000000000000000, 2.000000000000003553 ) ) ;
#1062 = DIRECTION ( 'NONE',  ( 0.000000000000000000, 1.000000000000000000, 0.000000000000000000 ) ) ;
#1063 = DIRECTION ( 'NONE',  ( -1.000000000000000000, 0.000000000000000000, 0.000000000000000000 ) ) ;
#1064 = CYLINDRICAL_SURFACE ( 'NONE', #451, 3.000000000000002665 ) ;
#1065 = ADVANCED_FACE ( 'NONE', ( #1095 ), #2052, .F. ) ;
#1066 = ORIENTED_EDGE ( 'NONE', *, *, #4152, .F. ) ;
#1067 = CARTESIAN_POINT ( 'NONE',  ( 65.00000000000000000, 96.99999999999998579, 3.469678339331945719E-14 ) ) ;
#1068 = ORIENTED_EDGE ( 'NONE', *, *, #2620, .T. ) ;
#1069 = DIRECTION ( 'NONE',  ( -0.000000000000000000, 1.000000000000000000, -0.000000000000000000 ) ) ;
#1070 = ADVANCED_FACE ( 'NONE', ( #422 ), #1028, .F. ) ;
#1071 = CARTESIAN_POINT ( 'NONE',  ( -48.43700558260378131, 4.417737270374437141E-15, 35.40983606557378494 ) ) ;
#1072 = ORIENTED_EDGE ( 'NONE', *, *, #1799, .F. ) ;
#1073 = EDGE_LOOP ( 'NONE', ( #562, #3827, #190, #1734 ) ) ;
#1074 = CARTESIAN_POINT ( 'NONE',  ( 0.000000000000000000, 10.00000000000000000, -20.00000000000000000 ) ) ;
#1075 = ADVANCED_FACE ( 'NONE', ( #3153 ), #1383, .F. ) ;
#1076 = CARTESIAN_POINT ( 'NONE',  ( 70.00000000000000000, 73.00000000000000000, 0.000000000000000000 ) ) ;
#1077 = ORIENTED_EDGE ( 'NONE', *, *, #1799, .T. ) ;
#1078 = FACE_OUTER_BOUND ( 'NONE', #2854, .T. ) ;
#1079 = APPLICATION_PROTOCOL_DEFINITION ( 'draft international standard', 'automotive_design', 1998, #1080 ) ;
#1080 = APPLICATION_CONTEXT ( 'automotive_design' ) ;
#1081 = EDGE_CURVE ( 'NONE', #642, #777, #3809, .T. ) ;
#1082 = DIRECTION ( 'NONE',  ( -1.000000000000000000, 0.000000000000000000, -0.000000000000000000 ) ) ;
#1083 = ORIENTED_EDGE ( 'NONE', *, *, #1574, .F. ) ;
#1084 = CARTESIAN_POINT ( 'NONE',  ( -20.00000000000000000, -5.204170427930421283E-15, -6.982962677686266711E-14 ) ) ;
#1085 = FACE_OUTER_BOUND ( 'NONE', #655, .T. ) ;
#1086 = CIRCLE ( 'NONE', #2876, 60.00000000000000000 ) ;
#1087 = DIRECTION ( 'NONE',  ( 0.000000000000000000, 1.000000000000000000, 0.000000000000000000 ) ) ;
#1088 = PLANE ( 'NONE',  #1520 ) ;
#1089 = ORIENTED_EDGE ( 'NONE', *, *, #918, .F. ) ;
#1090 = CIRCLE ( 'NONE', #3161, 5.000000000000006217 ) ;
#1091 = AXIS2_PLACEMENT_3D ( 'NONE', #1418, #3746, #682 ) ;
#1092 = CARTESIAN_POINT ( 'NONE',  ( 0.000000000000000000, 5.000000000000000000, -20.00000000000000000 ) ) ;
#1093 = VECTOR ( 'NONE', #4281, 1000.000000000000000 ) ;
#1094 = ORIENTED_EDGE ( 'NONE', *, *, #2866, .T. ) ;
#1095 = FACE_OUTER_BOUND ( 'NONE', #3554, .T. ) ;
#1096 = AXIS2_PLACEMENT_3D ( 'NONE', #1874, #890, #2187 ) ;
#1097 = CIRCLE ( 'NONE', #1663, 2.000000000000003553 ) ;
#1098 = FILL_AREA_STYLE ('',( #2071 ) ) ;
#1099 = VERTEX_POINT ( 'NONE', #1120 ) ;
#1100 = ORIENTED_EDGE ( 'NONE', *, *, #2807, .T. ) ;
#1101 = CIRCLE ( 'NONE', #3104, 1.699999999999999734 ) ;
#1102 = DIRECTION ( 'NONE',  ( -0.000000000000000000, 1.000000000000000000, -0.000000000000000000 ) ) ;
#1103 = DIRECTION ( 'NONE',  ( 0.000000000000000000, 1.000000000000000000, 0.000000000000000000 ) ) ;
#1104 = ORIENTED_EDGE ( 'NONE', *, *, #3866, .T. ) ;
#1105 = CIRCLE ( 'NONE', #3609, 3.000000000000002665 ) ;
#1106 = DIRECTION ( 'NONE',  ( -0.000000000000000000, 1.000000000000000000, -0.000000000000000000 ) ) ;
#1107 = VERTEX_POINT ( 'NONE', #3771 ) ;
#1108 = VECTOR ( 'NONE', #1179, 1000.000000000000000 ) ;
#1109 = DIRECTION ( 'NONE',  ( 0.000000000000000000, 1.000000000000000000, -0.000000000000000000 ) ) ;
#1110 = EDGE_LOOP ( 'NONE', ( #410, #1674, #1843, #1361 ) ) ;
#1111 = EDGE_CURVE ( 'NONE', #1212, #3833, #2795, .T. ) ;
#1112 = CARTESIAN_POINT ( 'NONE',  ( 20.00000000000000000, 10.00000000000000000, 2.500000000000209610 ) ) ;
#1113 = DIRECTION ( 'NONE',  ( -1.000000000000000000, -0.000000000000000000, 0.000000000000000000 ) ) ;
#1114 = CARTESIAN_POINT ( 'NONE',  ( 34.64101615137773393, -5.204170427930421283E-15, -19.99999999999967670 ) ) ;
#1115 = FACE_OUTER_BOUND ( 'NONE', #1981, .T. ) ;
#1116 = ORIENTED_EDGE ( 'NONE', *, *, #1363, .T. ) ;
#1117 = EDGE_CURVE ( 'NONE', #2918, #85, #3230, .T. ) ;
#1118 = DIRECTION ( 'NONE',  ( 0.000000000000000000, 0.000000000000000000, -1.000000000000000000 ) ) ;
#1119 = ORIENTED_EDGE ( 'NONE', *, *, #644, .F. ) ;
#1120 = CARTESIAN_POINT ( 'NONE',  ( -70.00000000000000000, 85.00000000000001421, 16.00000000000001421 ) ) ;
#1121 = CARTESIAN_POINT ( 'NONE',  ( 0.000000000000000000, 5.000000000000000000, -20.00000000000000000 ) ) ;
#1122 = VERTEX_POINT ( 'NONE', #2458 ) ;
#1123 = ORIENTED_EDGE ( 'NONE', *, *, #1574, .T. ) ;
#1124 = CARTESIAN_POINT ( 'NONE',  ( -49.24428900898051609, 0.000000000000000000, 36.00000000000001421 ) ) ;
#1125 = CARTESIAN_POINT ( 'NONE',  ( -65.00000000000000000, 84.99999999999988631, -11.99999999999998224 ) ) ;
#1126 = EDGE_CURVE ( 'NONE', #3269, #1509, #2894, .T. ) ;
#1127 = DIRECTION ( 'NONE',  ( -1.000000000000000000, -0.000000000000000000, -0.000000000000000000 ) ) ;
#1128 = ORIENTED_EDGE ( 'NONE', *, *, #3813, .F. ) ;
#1129 = DIRECTION ( 'NONE',  ( 0.000000000000000000, 0.000000000000000000, -1.000000000000000000 ) ) ;
#1130 = ORIENTED_EDGE ( 'NONE', *, *, #49, .T. ) ;
#1131 = CARTESIAN_POINT ( 'NONE',  ( -34.64101615137759183, 10.00000000000000000, 22.49999999999992184 ) ) ;
#1132 = FACE_OUTER_BOUND ( 'NONE', #2262, .T. ) ;
#1133 = DIRECTION ( 'NONE',  ( -0.000000000000000000, 1.000000000000000000, 0.000000000000000000 ) ) ;
#1134 = FACE_BOUND ( 'NONE', #2934, .T. ) ;
#1135 = EDGE_CURVE ( 'NONE', #4409, #407, #602, .T. ) ;
#1136 = ORIENTED_EDGE ( 'NONE', *, *, #3050, .T. ) ;
#1137 = CARTESIAN_POINT ( 'NONE',  ( -48.43700558260378841, 9.000000000000001776, -35.40983606557377072 ) ) ;
#1138 = ORIENTED_EDGE ( 'NONE', *, *, #65, .F. ) ;
#1139 = DIRECTION ( 'NONE',  ( -1.000000000000000000, -0.000000000000000000, -0.000000000000000000 ) ) ;
#1140 = EDGE_CURVE ( 'NONE', #3735, #968, #2875, .T. ) ;
#1141 = LINE ( 'NONE', #3559, #384 ) ;
#1142 = VERTEX_POINT ( 'NONE', #737 ) ;
#1143 = ORIENTED_EDGE ( 'NONE', *, *, #199, .F. ) ;
#1144 = FACE_OUTER_BOUND ( 'NONE', #673, .T. ) ;
#1145 = EDGE_LOOP ( 'NONE', ( #600, #3835, #3131, #3538 ) ) ;
#1146 = LINE ( 'NONE', #2783, #3877 ) ;
#1147 = CARTESIAN_POINT ( 'NONE',  ( -34.64101615137746393, 10.00000000000000000, -17.50000000000015987 ) ) ;
#1148 = ORIENTED_EDGE ( 'NONE', *, *, #3315, .F. ) ;
#1149 = CARTESIAN_POINT ( 'NONE',  ( 0.000000000000000000, 9.000000000000001776, -59.00000000000000000 ) ) ;
#1150 = DIRECTION ( 'NONE',  ( 0.000000000000000000, -1.000000000000000000, 1.040834085586083310E-14 ) ) ;
#1151 = DIRECTION ( 'NONE',  ( 0.000000000000000000, 0.000000000000000000, -1.000000000000000000 ) ) ;
#1152 = DIRECTION ( 'NONE',  ( -1.000000000000000000, -0.000000000000000000, -0.000000000000000000 ) ) ;
#1153 = ORIENTED_EDGE ( 'NONE', *, *, #3973, .F. ) ;
#1154 = DIRECTION ( 'NONE',  ( -0.000000000000000000, 1.000000000000000000, -0.000000000000000000 ) ) ;
#1155 = ADVANCED_FACE ( 'NONE', ( #3844 ), #3466, .F. ) ;
#1156 = AXIS2_PLACEMENT_3D ( 'NONE', #1839, #2211, #3266 ) ;
#1157 = CARTESIAN_POINT ( 'NONE',  ( 70.00001199999999812, 84.99999999999988631, -11.99999999999998224 ) ) ;
#1158 = CARTESIAN_POINT ( 'NONE',  ( 0.000000000000000000, 5.000000000000000000, -40.00000000000000000 ) ) ;
#1159 = AXIS2_PLACEMENT_3D ( 'NONE', #704, #2065, #3787 ) ;
#1160 = AXIS2_PLACEMENT_3D ( 'NONE', #1486, #2566, #1855 ) ;
#1161 = CARTESIAN_POINT ( 'NONE',  ( 55.00000000000001421, 84.99999999999998579, -4.999999999999988454 ) ) ;
#1162 = ADVANCED_FACE ( 'NONE', ( #2124 ), #3484, .F. ) ;
#1163 = EDGE_CURVE ( 'NONE', #3914, #4215, #442, .T. ) ;
#1164 = ORIENTED_EDGE ( 'NONE', *, *, #3637, .F. ) ;
#1165 = ORIENTED_EDGE ( 'NONE', *, *, #1277, .F. ) ;
#1166 = AXIS2_PLACEMENT_3D ( 'NONE', #4364, #2114, #2441 ) ;
#1167 = CIRCLE ( 'NONE', #3242, 2.499999999999999112 ) ;
#1168 = DIRECTION ( 'NONE',  ( 0.000000000000000000, 1.000000000000000000, 0.000000000000000000 ) ) ;
#1169 = CIRCLE ( 'NONE', #4101, 1.000000000000000888 ) ;
#1170 = AXIS2_PLACEMENT_3D ( 'NONE', #484, #4247, #1176 ) ;
#1171 = AXIS2_PLACEMENT_3D ( 'NONE', #1771, #764, #4193 ) ;
#1172 = EDGE_CURVE ( 'NONE', #3105, #1748, #515, .T. ) ;
#1173 = CIRCLE ( 'NONE', #2527, 2.000000000000003553 ) ;
#1174 = DIRECTION ( 'NONE',  ( 0.000000000000000000, -1.000000000000000000, 1.247601729133521180E-16 ) ) ;
#1175 = ORIENTED_EDGE ( 'NONE', *, *, #2139, .T. ) ;
#1176 = DIRECTION ( 'NONE',  ( -0.8660254037844399289, 0.000000000000000000, 0.4999999999999976685 ) ) ;
#1177 = AXIS2_PLACEMENT_3D ( 'NONE', #4365, #603, #1926 ) ;
#1178 = ORIENTED_EDGE ( 'NONE', *, *, #313, .F. ) ;
#1179 = DIRECTION ( 'NONE',  ( 1.000000000000000000, 0.000000000000000000, 0.000000000000000000 ) ) ;
#1180 = AXIS2_PLACEMENT_3D ( 'NONE', #894, #3347, #2590 ) ;
#1181 = CARTESIAN_POINT ( 'NONE',  ( 0.000000000000000000, -5.204170427930421283E-15, -40.00000000000000000 ) ) ;
#1182 = DIRECTION ( 'NONE',  ( 0.000000000000000000, 0.000000000000000000, 1.000000000000000000 ) ) ;
#1183 = CARTESIAN_POINT ( 'NONE',  ( -54.99999999999999289, 96.99999999999998579, 3.469678339331945719E-14 ) ) ;
#1184 = ORIENTED_EDGE ( 'NONE', *, *, #2866, .F. ) ;
#1185 = CIRCLE ( 'NONE', #3114, 1.699999999999998845 ) ;
#1186 = EDGE_CURVE ( 'NONE', #1328, #3330, #219, .T. ) ;
#1187 = DIRECTION ( 'NONE',  ( -0.000000000000000000, 1.000000000000000000, -0.000000000000000000 ) ) ;
#1188 = CARTESIAN_POINT ( 'NONE',  ( 0.000000000000000000, 10.00000000000000000, 40.00000000000000000 ) ) ;
#1189 = CYLINDRICAL_SURFACE ( 'NONE', #3249, 2.500000000000000000 ) ;
#1190 = ORIENTED_EDGE ( 'NONE', *, *, #2012, .F. ) ;
#1191 = CYLINDRICAL_SURFACE ( 'NONE', #3386, 2.500000000000002220 ) ;
#1192 = VERTEX_POINT ( 'NONE', #2935 ) ;
#1193 = ORIENTED_EDGE ( 'NONE', *, *, #1500, .T. ) ;
#1194 = CYLINDRICAL_SURFACE ( 'NONE', #4326, 4.000000000000005329 ) ;
#1195 = EDGE_CURVE ( 'NONE', #2877, #441, #2298, .T. ) ;
#1196 = VERTEX_POINT ( 'NONE', #1928 ) ;
#1197 = DIRECTION ( 'NONE',  ( -1.000000000000000000, 0.000000000000000000, 0.000000000000000000 ) ) ;
#1198 = EDGE_CURVE ( 'NONE', #1280, #3118, #3654, .T. ) ;
#1199 = ORIENTED_EDGE ( 'NONE', *, *, #3363, .T. ) ;
#1200 = DIRECTION ( 'NONE',  ( 0.000000000000000000, 0.000000000000000000, 1.000000000000000000 ) ) ;
#1201 = DIRECTION ( 'NONE',  ( 0.000000000000000000, -1.000000000000000000, 0.000000000000000000 ) ) ;
#1202 = CARTESIAN_POINT ( 'NONE',  ( 70.00000000000000000, 84.99999999999998579, -33.99999999999997868 ) ) ;
#1203 = CARTESIAN_POINT ( 'NONE',  ( 34.64101615137773393, 5.000000000000000000, -19.99999999999967670 ) ) ;
#1204 = ORIENTED_EDGE ( 'NONE', *, *, #2035, .T. ) ;
#1205 = FACE_BOUND ( 'NONE', #4403, .T. ) ;
#1206 = ORIENTED_EDGE ( 'NONE', *, *, #2282, .T. ) ;
#1207 = CARTESIAN_POINT ( 'NONE',  ( -55.99999999999999289, 85.00000000000000000, -34.99999999999998579 ) ) ;
#1208 = EDGE_CURVE ( 'NONE', #1192, #2049, #3102, .T. ) ;
#1209 = CARTESIAN_POINT ( 'NONE',  ( -34.64101615137759183, 5.000000000000000000, 19.99999999999992184 ) ) ;
#1210 = EDGE_LOOP ( 'NONE', ( #1002, #4167, #640, #2701 ) ) ;
#1211 = CARTESIAN_POINT ( 'NONE',  ( 56.00000000000001421, 85.00000000000000000, -34.99999999999998579 ) ) ;
#1212 = VERTEX_POINT ( 'NONE', #4213 ) ;
#1213 = CARTESIAN_POINT ( 'NONE',  ( 34.64101615137773393, 10.00000000000000000, -19.99999999999967670 ) ) ;
#1214 = VERTEX_POINT ( 'NONE', #1584 ) ;
#1215 = LINE ( 'NONE', #163, #4250 ) ;
#1216 = EDGE_LOOP ( 'NONE', ( #3250, #2687, #4122, #3258 ) ) ;
#1217 = EDGE_CURVE ( 'NONE', #4409, #3648, #955, .T. ) ;
#1218 = CARTESIAN_POINT ( 'NONE',  ( 0.000000000000000000, 5.000000000000000000, -20.00000000000000000 ) ) ;
#1219 = CARTESIAN_POINT ( 'NONE',  ( 0.000000000000000000, 5.000000000000000000, -20.00000000000000000 ) ) ;
#1220 = ADVANCED_FACE ( 'NONE', ( #869 ), #1189, .F. ) ;
#1221 = CARTESIAN_POINT ( 'NONE',  ( -54.99999999999999289, 13.00000000000000178, -34.99999999999999289 ) ) ;
#1222 = CARTESIAN_POINT ( 'NONE',  ( -65.00000000000000000, 73.00000000000000000, 4.000000000000005329 ) ) ;
#1223 = CARTESIAN_POINT ( 'NONE',  ( 70.00000000000000000, 85.00000000000001421, 8.000000000000005329 ) ) ;
#1224 = ORIENTED_EDGE ( 'NONE', *, *, #1539, .F. ) ;
#1225 = VECTOR ( 'NONE', #3677, 1000.000000000000000 ) ;
#1226 = FACE_OUTER_BOUND ( 'NONE', #3202, .T. ) ;
#1227 = ORIENTED_EDGE ( 'NONE', *, *, #918, .T. ) ;
#1228 = AXIS2_PLACEMENT_3D ( 'NONE', #3342, #231, #4009 ) ;
#1229 = DIRECTION ( 'NONE',  ( -0.000000000000000000, -1.000000000000000000, -0.000000000000000000 ) ) ;
#1230 = DIRECTION ( 'NONE',  ( 0.000000000000000000, 0.000000000000000000, -1.000000000000000000 ) ) ;
#1231 = ORIENTED_EDGE ( 'NONE', *, *, #4107, .T. ) ;
#1232 = LINE ( 'NONE', #1211, #4399 ) ;
#1233 = ORIENTED_EDGE ( 'NONE', *, *, #2177, .T. ) ;
#1234 = DIRECTION ( 'NONE',  ( -1.000000000000000000, -0.000000000000000000, -0.000000000000000000 ) ) ;
#1235 = AXIS2_PLACEMENT_3D ( 'NONE', #3640, #3721, #3306 ) ;
#1236 = VECTOR ( 'NONE', #3653, 1000.000000000000000 ) ;
#1237 = AXIS2_PLACEMENT_3D ( 'NONE', #1003, #1603, #3738 ) ;
#1238 = CARTESIAN_POINT ( 'NONE',  ( -65.00000000000000000, 84.99999999999988631, -11.99999999999998224 ) ) ;
#1239 = VERTEX_POINT ( 'NONE', #3934 ) ;
#1240 = AXIS2_PLACEMENT_3D ( 'NONE', #3553, #1543, #2545 ) ;
#1241 = LINE ( 'NONE', #3615, #1650 ) ;
#1242 = CIRCLE ( 'NONE', #22, 1.000000000000000888 ) ;
#1243 = CIRCLE ( 'NONE', #4249, 1.700000000000000178 ) ;
#1244 = AXIS2_PLACEMENT_3D ( 'NONE', #1031, #2390, #4124 ) ;
#1245 = CARTESIAN_POINT ( 'NONE',  ( -47.62972215622705363, 10.00000000000000000, 34.81967213114755566 ) ) ;
#1246 = CARTESIAN_POINT ( 'NONE',  ( 49.24428900898051609, 9.000000000000001776, 34.00000000000000711 ) ) ;
#1247 = AXIS2_PLACEMENT_3D ( 'NONE', #936, #2622, #3000 ) ;
#1248 = CARTESIAN_POINT ( 'NONE',  ( 1.836970198721029589E-15, -5.204170427930421283E-15, -15.00000000000000000 ) ) ;
#1249 = ORIENTED_EDGE ( 'NONE', *, *, #1723, .F. ) ;
#1250 = EDGE_CURVE ( 'NONE', #249, #3492, #3450, .T. ) ;
#1251 = DIRECTION ( 'NONE',  ( 0.000000000000000000, 0.000000000000000000, -1.000000000000000000 ) ) ;
#1252 = CYLINDRICAL_SURFACE ( 'NONE', #3231, 4.000000000000003553 ) ;
#1253 = DIRECTION ( 'NONE',  ( 1.000000000000000000, 0.000000000000000000, 0.000000000000000000 ) ) ;
#1254 = DIRECTION ( 'NONE',  ( 0.000000000000000000, -1.000000000000000000, 1.040834085586083310E-14 ) ) ;
#1255 = CIRCLE ( 'NONE', #3743, 1.700000000000000178 ) ;
#1256 = ORIENTED_EDGE ( 'NONE', *, *, #2922, .F. ) ;
#1257 = ADVANCED_FACE ( 'NONE', ( #2231 ), #3602, .F. ) ;
#1258 = LINE ( 'NONE', #4415, #3033 ) ;
#1259 = ORIENTED_EDGE ( 'NONE', *, *, #972, .T. ) ;
#1260 = FACE_OUTER_BOUND ( 'NONE', #2478, .T. ) ;
#1261 = CARTESIAN_POINT ( 'NONE',  ( 65.00000000000000000, 85.00000000000001421, 12.00000000000001066 ) ) ;
#1262 = EDGE_LOOP ( 'NONE', ( #586, #3922 ) ) ;
#1263 = CARTESIAN_POINT ( 'NONE',  ( 65.00000000000000000, 73.00000000000000000, 2.000000000000003553 ) ) ;
#1264 = ADVANCED_FACE ( 'NONE', ( #2192 ), #2865, .T. ) ;
#1265 = FACE_BOUND ( 'NONE', #2781, .T. ) ;
#1266 = CARTESIAN_POINT ( 'NONE',  ( 34.64101615137731471, 5.000000000000000000, 20.00000000000040146 ) ) ;
#1267 = CARTESIAN_POINT ( 'NONE',  ( -34.64101615137746393, 5.000000000000000000, -17.50000000000015987 ) ) ;
#1268 = EDGE_LOOP ( 'NONE', ( #502, #716, #3287, #1153 ) ) ;
#1269 = DIRECTION ( 'NONE',  ( 1.000000000000000000, 0.000000000000000000, 0.000000000000000000 ) ) ;
#1270 = DIRECTION ( 'NONE',  ( -0.000000000000000000, 1.000000000000000000, -0.000000000000000000 ) ) ;
#1271 = ADVANCED_FACE ( 'NONE', ( #4265 ), #2524, .F. ) ;
#1272 = DIRECTION ( 'NONE',  ( 0.000000000000000000, 0.000000000000000000, -1.000000000000000000 ) ) ;
#1273 = DIRECTION ( 'NONE',  ( -1.261617073437677999E-16, 1.000000000000000000, 0.000000000000000000 ) ) ;
#1274 = ORIENTED_EDGE ( 'NONE', *, *, #753, .F. ) ;
#1275 = LINE ( 'NONE', #3691, #2895 ) ;
#1276 = ORIENTED_EDGE ( 'NONE', *, *, #2842, .T. ) ;
#1277 = EDGE_CURVE ( 'NONE', #1710, #3145, #3794, .T. ) ;
#1278 = CARTESIAN_POINT ( 'NONE',  ( 65.00000000000000000, 85.00000000000001421, 12.00000000000001066 ) ) ;
#1279 = ORIENTED_EDGE ( 'NONE', *, *, #1049, .T. ) ;
#1280 = VERTEX_POINT ( 'NONE', #799 ) ;
#1281 = LINE ( 'NONE', #2329, #1225 ) ;
#1282 = CYLINDRICAL_SURFACE ( 'NONE', #2461, 1.000000000000000888 ) ;
#1283 = DIRECTION ( 'NONE',  ( 0.000000000000000000, 0.000000000000000000, -1.000000000000000000 ) ) ;
#1284 = FACE_OUTER_BOUND ( 'NONE', #3868, .T. ) ;
#1285 = CARTESIAN_POINT ( 'NONE',  ( 52.00000000000002132, 9.000000000000001776, 34.00000000000000711 ) ) ;
#1286 = DIRECTION ( 'NONE',  ( 0.000000000000000000, 1.000000000000000000, 0.000000000000000000 ) ) ;
#1287 = DIRECTION ( 'NONE',  ( 0.000000000000000000, -1.000000000000000000, 0.000000000000000000 ) ) ;
#1288 = VERTEX_POINT ( 'NONE', #2168 ) ;
#1289 = DIRECTION ( 'NONE',  ( -1.000000000000000000, -0.000000000000000000, -0.000000000000000000 ) ) ;
#1290 = AXIS2_PLACEMENT_3D ( 'NONE', #2581, #970, #1575 ) ;
#1291 = ORIENTED_EDGE ( 'NONE', *, *, #3777, .T. ) ;
#1292 = LINE ( 'NONE', #4068, #3585 ) ;
#1293 = AXIS2_PLACEMENT_3D ( 'NONE', #4404, #1359, #51 ) ;
#1294 = EDGE_CURVE ( 'NONE', #2690, #2015, #4169, .T. ) ;
#1295 = EDGE_CURVE ( 'NONE', #1356, #964, #543, .T. ) ;
#1296 = ORIENTED_EDGE ( 'NONE', *, *, #1640, .F. ) ;
#1297 = ORIENTED_EDGE ( 'NONE', *, *, #1785, .F. ) ;
#1298 = VECTOR ( 'NONE', #931, 1000.000000000000000 ) ;
#1299 = DIRECTION ( 'NONE',  ( 0.000000000000000000, 0.000000000000000000, -1.000000000000000000 ) ) ;
#1300 = CIRCLE ( 'NONE', #1009, 1.000000000000000888 ) ;
#1301 = ADVANCED_FACE ( 'NONE', ( #1547 ), #1566, .F. ) ;
#1302 = AXIS2_PLACEMENT_3D ( 'NONE', #1904, #3885, #772 ) ;
#1303 = AXIS2_PLACEMENT_3D ( 'NONE', #1506, #2883, #2208 ) ;
#1304 = CARTESIAN_POINT ( 'NONE',  ( -54.99999999999999289, 84.99999999999998579, 34.00000000000000711 ) ) ;
#1305 = VECTOR ( 'NONE', #4280, 1000.000000000000000 ) ;
#1306 = DIRECTION ( 'NONE',  ( -0.000000000000000000, 1.000000000000000000, 0.000000000000000000 ) ) ;
#1307 = AXIS2_PLACEMENT_3D ( 'NONE', #4130, #3100, #2761 ) ;
#1308 = CIRCLE ( 'NONE', #4254, 1.000000000000000888 ) ;
#1309 = AXIS2_PLACEMENT_3D ( 'NONE', #3577, #2892, #1883 ) ;
#1310 = LINE ( 'NONE', #298, #1317 ) ;
#1311 = AXIS2_PLACEMENT_3D ( 'NONE', #4354, #2639, #608 ) ;
#1312 = CARTESIAN_POINT ( 'NONE',  ( -54.99999999999999289, 84.99999999999988631, -13.99999999999998579 ) ) ;
#1313 = DIRECTION ( 'NONE',  ( -1.000000000000000000, -0.000000000000000000, -0.000000000000000000 ) ) ;
#1314 = CARTESIAN_POINT ( 'NONE',  ( 56.00000000000001421, 84.99999999999998579, 1.734839169665972859E-14 ) ) ;
#1315 = ADVANCED_FACE ( 'NONE', ( #4388 ), #2029, .F. ) ;
#1316 = VERTEX_POINT ( 'NONE', #2006 ) ;
#1317 = VECTOR ( 'NONE', #3700, 1000.000000000000000 ) ;
#1318 = CARTESIAN_POINT ( 'NONE',  ( -54.99999999999999289, 10.00000000000000000, -33.99999999999999289 ) ) ;
#1319 = EDGE_LOOP ( 'NONE', ( #3710, #123 ) ) ;
#1320 = AXIS2_PLACEMENT_3D ( 'NONE', #2909, #4278, #1200 ) ;
#1321 = DIRECTION ( 'NONE',  ( -0.000000000000000000, 1.000000000000000000, 0.000000000000000000 ) ) ;
#1322 = ORIENTED_EDGE ( 'NONE', *, *, #710, .T. ) ;
#1323 = ORIENTED_EDGE ( 'NONE', *, *, #2488, .T. ) ;
#1324 = EDGE_CURVE ( 'NONE', #1957, #1671, #4316, .T. ) ;
#1325 = CARTESIAN_POINT ( 'NONE',  ( 2.081899558550500033E-16, -5.204170427930421283E-15, 18.30000000000000071 ) ) ;
#1326 = PRODUCT_RELATED_PRODUCT_CATEGORY ( 'part', '', ( #3350 ) ) ;
#1327 = DIRECTION ( 'NONE',  ( 0.000000000000000000, 1.000000000000000000, 0.000000000000000000 ) ) ;
#1328 = VERTEX_POINT ( 'NONE', #3981 ) ;
#1329 = ORIENTED_EDGE ( 'NONE', *, *, #2588, .F. ) ;
#1330 = CARTESIAN_POINT ( 'NONE',  ( -65.00000000000000000, 73.00000000000000000, 4.000000000000005329 ) ) ;
#1331 = DIRECTION ( 'NONE',  ( 0.000000000000000000, -1.000000000000000000, 0.000000000000000000 ) ) ;
#1332 = LINE ( 'NONE', #4412, #3946 ) ;
#1333 = CARTESIAN_POINT ( 'NONE',  ( -65.00000000000000000, 96.99999999999998579, 3.469678339331945719E-14 ) ) ;
#1334 = ORIENTED_EDGE ( 'NONE', *, *, #2656, .F. ) ;
#1335 = DIRECTION ( 'NONE',  ( 1.000000000000000000, -0.000000000000000000, 0.000000000000000000 ) ) ;
#1336 = VERTEX_POINT ( 'NONE', #3040 ) ;
#1337 = CYLINDRICAL_SURFACE ( 'NONE', #2449, 2.500000000000002220 ) ;
#1338 = VERTEX_POINT ( 'NONE', #4021 ) ;
#1339 = ORIENTED_EDGE ( 'NONE', *, *, #859, .F. ) ;
#1340 = LINE ( 'NONE', #1922, #2597 ) ;
#1341 = DIRECTION ( 'NONE',  ( 0.000000000000000000, 0.000000000000000000, 1.000000000000000000 ) ) ;
#1342 = ADVANCED_FACE ( 'NONE', ( #3393 ), #3998, .F. ) ;
#1343 = DIRECTION ( 'NONE',  ( 0.000000000000000000, 0.000000000000000000, 1.000000000000000000 ) ) ;
#1344 = ORIENTED_EDGE ( 'NONE', *, *, #4253, .T. ) ;
#1345 = EDGE_CURVE ( 'NONE', #4173, #2454, #1332, .T. ) ;
#1346 = FACE_BOUND ( 'NONE', #1552, .T. ) ;
#1347 = DIRECTION ( 'NONE',  ( 0.000000000000000000, 0.000000000000000000, -1.000000000000000000 ) ) ;
#1348 = CARTESIAN_POINT ( 'NONE',  ( -70.00000000000000000, 84.99999999999998579, 34.00000000000000711 ) ) ;
#1349 = DIRECTION ( 'NONE',  ( 1.000000000000000000, 0.000000000000000000, 0.000000000000000000 ) ) ;
#1350 = VERTEX_POINT ( 'NONE', #248 ) ;
#1351 = DIRECTION ( 'NONE',  ( 0.000000000000000000, 0.000000000000000000, -1.000000000000000000 ) ) ;
#1352 = ORIENTED_EDGE ( 'NONE', *, *, #2226, .F. ) ;
#1353 = DIRECTION ( 'NONE',  ( 0.000000000000000000, 1.000000000000000000, -3.469446951953611033E-15 ) ) ;
#1354 = CIRCLE ( 'NONE', #2871, 2.000000000000003553 ) ;
#1355 = DIRECTION ( 'NONE',  ( -0.000000000000000000, -1.000000000000000000, -0.000000000000000000 ) ) ;
#1356 = VERTEX_POINT ( 'NONE', #4367 ) ;
#1357 = EDGE_LOOP ( 'NONE', ( #923, #3095 ) ) ;
#1358 = CARTESIAN_POINT ( 'NONE',  ( 34.64101615137731471, 5.000000000000000000, 20.00000000000040146 ) ) ;
#1359 = DIRECTION ( 'NONE',  ( 0.000000000000000000, 1.000000000000000000, 0.000000000000000000 ) ) ;
#1360 = AXIS2_PLACEMENT_3D ( 'NONE', #2998, #3663, #1689 ) ;
#1361 = ORIENTED_EDGE ( 'NONE', *, *, #1172, .F. ) ;
#1362 = EDGE_LOOP ( 'NONE', ( #242, #851, #4339, #868 ) ) ;
#1363 = EDGE_CURVE ( 'NONE', #85, #2918, #2017, .T. ) ;
#1364 = CIRCLE ( 'NONE', #230, 4.000000000000003553 ) ;
#1365 = CARTESIAN_POINT ( 'NONE',  ( 70.00000000000000000, 73.00000000000000000, 0.000000000000000000 ) ) ;
#1366 = VECTOR ( 'NONE', #2212, 1000.000000000000000 ) ;
#1367 = AXIS2_PLACEMENT_3D ( 'NONE', #3210, #1504, #1541 ) ;
#1368 = AXIS2_PLACEMENT_3D ( 'NONE', #30, #1127, #4219 ) ;
#1369 = ORIENTED_EDGE ( 'NONE', *, *, #3512, .F. ) ;
#1370 = CARTESIAN_POINT ( 'NONE',  ( -54.99999999999999289, 120.0000000000000000, -34.99999999999999289 ) ) ;
#1371 = CIRCLE ( 'NONE', #1955, 2.500000000000002220 ) ;
#1372 = AXIS2_PLACEMENT_3D ( 'NONE', #50, #2146, #1778 ) ;
#1373 = DIRECTION ( 'NONE',  ( 0.000000000000000000, 0.000000000000000000, 1.000000000000000000 ) ) ;
#1374 = FACE_OUTER_BOUND ( 'NONE', #1110, .T. ) ;
#1375 = CARTESIAN_POINT ( 'NONE',  ( 65.00000000000000000, 84.99999999999988631, -11.99999999999998224 ) ) ;
#1376 = EDGE_CURVE ( 'NONE', #871, #1382, #1090, .T. ) ;
#1377 = ORIENTED_EDGE ( 'NONE', *, *, #1772, .T. ) ;
#1378 = AXIS2_PLACEMENT_3D ( 'NONE', #2808, #2785, #4151 ) ;
#1379 = AXIS2_PLACEMENT_3D ( 'NONE', #2104, #1048, #1449 ) ;
#1380 = CIRCLE ( 'NONE', #957, 3.000000000000002665 ) ;
#1381 = CARTESIAN_POINT ( 'NONE',  ( -65.00000000000000000, 85.00000000000001421, 16.00000000000001421 ) ) ;
#1382 = VERTEX_POINT ( 'NONE', #324 ) ;
#1383 = CYLINDRICAL_SURFACE ( 'NONE', #1379, 1.700000000000000178 ) ;
#1384 = EDGE_CURVE ( 'NONE', #2675, #3736, #932, .T. ) ;
#1385 = AXIS2_PLACEMENT_3D ( 'NONE', #4028, #1588, #3984 ) ;
#1386 = AXIS2_PLACEMENT_3D ( 'NONE', #265, #2951, #3978 ) ;
#1387 = ORIENTED_EDGE ( 'NONE', *, *, #2100, .F. ) ;
#1388 = EDGE_LOOP ( 'NONE', ( #2121, #387 ) ) ;
#1389 = DIRECTION ( 'NONE',  ( -0.000000000000000000, 1.000000000000000000, 1.632680918566407040E-16 ) ) ;
#1390 = CARTESIAN_POINT ( 'NONE',  ( -34.64101615137759183, 5.000000000000000000, 18.29999999999991900 ) ) ;
#1391 = VECTOR ( 'NONE', #2155, 1000.000000000000000 ) ;
#1392 = FACE_OUTER_BOUND ( 'NONE', #2173, .T. ) ;
#1393 = EDGE_CURVE ( 'NONE', #433, #3356, #2955, .T. ) ;
#1394 = CARTESIAN_POINT ( 'NONE',  ( 65.00000000000000000, 96.99999999999998579, 3.469678339331945719E-14 ) ) ;
#1395 = EDGE_LOOP ( 'NONE', ( #539, #457, #2638, #3111 ) ) ;
#1396 = LINE ( 'NONE', #2715, #822 ) ;
#1397 = FACE_OUTER_BOUND ( 'NONE', #854, .T. ) ;
#1398 = EDGE_CURVE ( 'NONE', #1214, #17, #1975, .T. ) ;
#1399 = PLANE ( 'NONE',  #3370 ) ;
#1400 = CARTESIAN_POINT ( 'NONE',  ( -34.64101615137746393, 5.000000000000000000, -18.30000000000016414 ) ) ;
#1401 = ORIENTED_EDGE ( 'NONE', *, *, #3637, .T. ) ;
#1402 = FACE_BOUND ( 'NONE', #2338, .T. ) ;
#1403 = EDGE_CURVE ( 'NONE', #2393, #3492, #524, .T. ) ;
#1404 = ORIENTED_EDGE ( 'NONE', *, *, #2800, .F. ) ;
#1405 = DIRECTION ( 'NONE',  ( 0.000000000000000000, 1.000000000000000000, 0.000000000000000000 ) ) ;
#1406 = DIRECTION ( 'NONE',  ( -1.000000000000000000, 0.000000000000000000, 0.000000000000000000 ) ) ;
#1407 = EDGE_CURVE ( 'NONE', #2290, #1796, #3590, .T. ) ;
#1408 = ORIENTED_EDGE ( 'NONE', *, *, #1590, .T. ) ;
#1409 = ORIENTED_EDGE ( 'NONE', *, *, #967, .T. ) ;
#1410 = CARTESIAN_POINT ( 'NONE',  ( 0.000000000000000000, 5.000000000000000000, 40.00000000000000000 ) ) ;
#1411 = PLANE ( 'NONE',  #223 ) ;
#1412 = ORIENTED_EDGE ( 'NONE', *, *, #45, .T. ) ;
#1413 = FACE_OUTER_BOUND ( 'NONE', #471, .T. ) ;
#1414 = CARTESIAN_POINT ( 'NONE',  ( 52.00000000000002132, 12.99999999999999822, -34.99999999999999289 ) ) ;
#1415 = DIRECTION ( 'NONE',  ( -1.000000000000000000, 0.000000000000000000, -0.000000000000000000 ) ) ;
#1416 = ORIENTED_EDGE ( 'NONE', *, *, #4041, .F. ) ;
#1417 = CARTESIAN_POINT ( 'NONE',  ( 0.000000000000000000, 5.000000000000000000, 21.69999999999999929 ) ) ;
#1418 = CARTESIAN_POINT ( 'NONE',  ( 0.000000000000000000, -5.204170427930421283E-15, 0.000000000000000000 ) ) ;
#1419 = LINE ( 'NONE', #3058, #3235 ) ;
#1420 = DIRECTION ( 'NONE',  ( 0.000000000000000000, 1.000000000000000000, -3.469446951953611033E-15 ) ) ;
#1421 = ORIENTED_EDGE ( 'NONE', *, *, #2120, .F. ) ;
#1422 = DIRECTION ( 'NONE',  ( 0.000000000000000000, -1.000000000000000000, 1.247601729133521180E-16 ) ) ;
#1423 = ORIENTED_EDGE ( 'NONE', *, *, #2089, .T. ) ;
#1424 = DIRECTION ( 'NONE',  ( 0.000000000000000000, 0.000000000000000000, -1.000000000000000000 ) ) ;
#1425 = FACE_OUTER_BOUND ( 'NONE', #2554, .T. ) ;
#1426 = VERTEX_POINT ( 'NONE', #3334 ) ;
#1427 = VERTEX_POINT ( 'NONE', #1627 ) ;
#1428 = CARTESIAN_POINT ( 'NONE',  ( 52.00000000000002132, 12.99999999999999822, 34.00000000000000711 ) ) ;
#1429 = DIRECTION ( 'NONE',  ( -0.000000000000000000, 1.000000000000000000, -0.000000000000000000 ) ) ;
#1430 = ADVANCED_FACE ( 'NONE', ( #3349 ), #3023, .T. ) ;
#1431 = FACE_BOUND ( 'NONE', #1919, .T. ) ;
#1432 = EDGE_LOOP ( 'NONE', ( #609, #713 ) ) ;
#1433 = LINE ( 'NONE', #1007, #3808 ) ;
#1434 = ADVANCED_FACE ( 'NONE', ( #4045 ), #4349, .F. ) ;
#1435 = AXIS2_PLACEMENT_3D ( 'NONE', #4064, #1670, #4389 ) ;
#1436 = ORIENTED_EDGE ( 'NONE', *, *, #199, .T. ) ;
#1437 = DIRECTION ( 'NONE',  ( 0.000000000000000000, 0.000000000000000000, -1.000000000000000000 ) ) ;
#1438 = CARTESIAN_POINT ( 'NONE',  ( 70.00000000000000000, 84.99999999999998579, 1.734839169665972859E-14 ) ) ;
#1439 = AXIS2_PLACEMENT_3D ( 'NONE', #3478, #3410, #416 ) ;
#1440 = AXIS2_PLACEMENT_3D ( 'NONE', #1882, #2915, #4284 ) ;
#1441 = DIRECTION ( 'NONE',  ( -0.000000000000000000, -1.000000000000000000, -1.632680918566407040E-16 ) ) ;
#1442 = DIRECTION ( 'NONE',  ( -1.000000000000000000, 0.000000000000000000, -0.000000000000000000 ) ) ;
#1443 = ORIENTED_EDGE ( 'NONE', *, *, #2417, .T. ) ;
#1444 = VECTOR ( 'NONE', #1306, 1000.000000000000000 ) ;
#1445 = AXIS2_PLACEMENT_3D ( 'NONE', #3786, #415, #2424 ) ;
#1446 = FACE_BOUND ( 'NONE', #4230, .T. ) ;
#1447 = CIRCLE ( 'NONE', #16, 2.000000000000003553 ) ;
#1448 = ORIENTED_EDGE ( 'NONE', *, *, #3980, .T. ) ;
#1449 = DIRECTION ( 'NONE',  ( 0.000000000000000000, 0.000000000000000000, 1.000000000000000000 ) ) ;
#1450 = ADVANCED_FACE ( 'NONE', ( #978 ), #2636, .F. ) ;
#1451 = CIRCLE ( 'NONE', #2525, 2.500000000000002220 ) ;
#1452 = AXIS2_PLACEMENT_3D ( 'NONE', #3970, #2579, #3942 ) ;
#1453 = CARTESIAN_POINT ( 'NONE',  ( -70.00000000000000000, 85.00000000000001421, 12.00000000000001066 ) ) ;
#1454 = ORIENTED_EDGE ( 'NONE', *, *, #2139, .F. ) ;
#1455 = VERTEX_POINT ( 'NONE', #2336 ) ;
#1456 = CIRCLE ( 'NONE', #2676, 1.700000000000000400 ) ;
#1457 = DIRECTION ( 'NONE',  ( -1.000000000000000000, -0.000000000000000000, -0.000000000000000000 ) ) ;
#1458 = CARTESIAN_POINT ( 'NONE',  ( 34.64101615137731471, -5.204170427930421283E-15, 20.00000000000040146 ) ) ;
#1459 = CARTESIAN_POINT ( 'NONE',  ( 20.00000000000000000, 5.000000000000000000, 1.700000000000209344 ) ) ;
#1460 = ORIENTED_EDGE ( 'NONE', *, *, #4011, .F. ) ;
#1461 = EDGE_CURVE ( 'NONE', #249, #3227, #3702, .T. ) ;
#1462 = CIRCLE ( 'NONE', #111, 1.000000000000000888 ) ;
#1463 = CARTESIAN_POINT ( 'NONE',  ( 49.24428900898051609, 9.000000000000001776, 36.00000000000001421 ) ) ;
#1464 = ORIENTED_EDGE ( 'NONE', *, *, #4055, .F. ) ;
#1465 = CARTESIAN_POINT ( 'NONE',  ( -54.99999999999999289, 73.00000000000000000, 2.000000000000003553 ) ) ;
#1466 = EDGE_CURVE ( 'NONE', #3695, #2393, #1728, .T. ) ;
#1467 = DIRECTION ( 'NONE',  ( -0.000000000000000000, 1.000000000000000000, -0.000000000000000000 ) ) ;
#1468 = CARTESIAN_POINT ( 'NONE',  ( 20.00000000000000000, -5.204170427930421283E-15, 2.094888803305880013E-13 ) ) ;
#1469 = CARTESIAN_POINT ( 'NONE',  ( -70.00001199999999812, 96.99999999999998579, 3.469678339331945719E-14 ) ) ;
#1470 = EDGE_LOOP ( 'NONE', ( #3081, #158, #1754, #1804 ) ) ;
#1471 = CARTESIAN_POINT ( 'NONE',  ( 0.000000000000000000, 9.000000000000001776, -60.00000000000000000 ) ) ;
#1472 = DIRECTION ( 'NONE',  ( 0.000000000000000000, -1.000000000000000000, 0.000000000000000000 ) ) ;
#1473 = CARTESIAN_POINT ( 'NONE',  ( -49.24428900898052319, 8.572527594031472993E-15, -34.99999999999999289 ) ) ;
#1474 = CARTESIAN_POINT ( 'NONE',  ( 55.00000000000002132, 73.00000000000000000, 0.000000000000000000 ) ) ;
#1475 = VERTEX_POINT ( 'NONE', #3108 ) ;
#1476 = ORIENTED_EDGE ( 'NONE', *, *, #399, .F. ) ;
#1477 = CARTESIAN_POINT ( 'NONE',  ( 55.00000000000002132, 96.99999999999998579, 3.469678339331945719E-14 ) ) ;
#1478 = CARTESIAN_POINT ( 'NONE',  ( -54.99999999999999289, 85.00000000000001421, 14.00000000000001421 ) ) ;
#1479 = ORIENTED_EDGE ( 'NONE', *, *, #3728, .F. ) ;
#1480 = DIRECTION ( 'NONE',  ( 0.000000000000000000, 1.000000000000000000, 0.000000000000000000 ) ) ;
#1481 = ADVANCED_FACE ( 'NONE', ( #1374 ), #3430, .F. ) ;
#1482 = VERTEX_POINT ( 'NONE', #758 ) ;
#1483 = CARTESIAN_POINT ( 'NONE',  ( 69.00000000000000000, 84.99999999999998579, 1.734839169665972859E-14 ) ) ;
#1484 = CARTESIAN_POINT ( 'NONE',  ( 65.00000000000000000, 73.00000000000000000, 0.000000000000000000 ) ) ;
#1485 = CARTESIAN_POINT ( 'NONE',  ( 52.00000000000002132, 12.99999999999999822, -33.99999999999999289 ) ) ;
#1486 = CARTESIAN_POINT ( 'NONE',  ( 20.00000000000000000, 5.000000000000000000, 2.094888803305880013E-13 ) ) ;
#1487 = ORIENTED_EDGE ( 'NONE', *, *, #212, .F. ) ;
#1488 = EDGE_CURVE ( 'NONE', #2812, #461, #1300, .T. ) ;
#1489 = EDGE_CURVE ( 'NONE', #206, #3060, #3303, .T. ) ;
#1490 = DIRECTION ( 'NONE',  ( 0.000000000000000000, 0.000000000000000000, 1.000000000000000000 ) ) ;
#1491 = CARTESIAN_POINT ( 'NONE',  ( -51.99999999999999289, 10.00000000000000000, 34.00000000000000711 ) ) ;
#1492 = CARTESIAN_POINT ( 'NONE',  ( -20.00000000000000000, 5.000000000000000000, 2.499999999999930278 ) ) ;
#1493 = ADVANCED_FACE ( 'NONE', ( #38, #3765 ), #1399, .T. ) ;
#1494 = CARTESIAN_POINT ( 'NONE',  ( 55.00000000000000711, 120.0000000000000000, -33.99999999999997158 ) ) ;
#1495 = ORIENTED_EDGE ( 'NONE', *, *, #3166, .T. ) ;
#1496 = ORIENTED_EDGE ( 'NONE', *, *, #4374, .F. ) ;
#1497 = FACE_BOUND ( 'NONE', #480, .T. ) ;
#1498 = CARTESIAN_POINT ( 'NONE',  ( 55.00000000000002132, 12.99999999999999822, -33.99999999999999289 ) ) ;
#1499 = CARTESIAN_POINT ( 'NONE',  ( 70.00000000000000000, 84.99999999999998579, 1.734839169665972859E-14 ) ) ;
#1500 = EDGE_CURVE ( 'NONE', #1350, #1239, #299, .T. ) ;
#1501 = VERTEX_POINT ( 'NONE', #3747 ) ;
#1502 = CIRCLE ( 'NONE', #155, 1.700000000000000178 ) ;
#1503 = LINE ( 'NONE', #1833, #34 ) ;
#1504 = DIRECTION ( 'NONE',  ( 0.000000000000000000, -1.000000000000000000, 0.000000000000000000 ) ) ;
#1505 = DIRECTION ( 'NONE',  ( -0.8660254037844399289, 0.000000000000000000, 0.4999999999999976685 ) ) ;
#1506 = CARTESIAN_POINT ( 'NONE',  ( 0.000000000000000000, -5.204170427930421283E-15, 40.00000000000000000 ) ) ;
#1507 = PRODUCT_DEFINITION_CONTEXT ( 'detailed design', #1080, 'design' ) ;
#1508 = AXIS2_PLACEMENT_3D ( 'NONE', #203, #2232, #428 ) ;
#1509 = VERTEX_POINT ( 'NONE', #2473 ) ;
#1510 = ORIENTED_EDGE ( 'NONE', *, *, #1111, .T. ) ;
#1511 = CARTESIAN_POINT ( 'NONE',  ( -70.00000000000000000, 1.224646799147354440E-16, 34.00000000000000711 ) ) ;
#1512 = AXIS2_PLACEMENT_3D ( 'NONE', #3729, #669, #612 ) ;
#1513 = CIRCLE ( 'NONE', #444, 2.000000000000001776 ) ;
#1514 = DIRECTION ( 'NONE',  ( 0.000000000000000000, 0.000000000000000000, -1.000000000000000000 ) ) ;
#1515 = EDGE_CURVE ( 'NONE', #2307, #2578, #87, .T. ) ;
#1516 = DIRECTION ( 'NONE',  ( 0.000000000000000000, 0.000000000000000000, -1.000000000000000000 ) ) ;
#1517 = ORIENTED_EDGE ( 'NONE', *, *, #4107, .F. ) ;
#1518 = AXIS2_PLACEMENT_3D ( 'NONE', #3174, #2585, #3951 ) ;
#1519 = AXIS2_PLACEMENT_3D ( 'NONE', #237, #2948, #2038 ) ;
#1520 = AXIS2_PLACEMENT_3D ( 'NONE', #2453, #3819, #3748 ) ;
#1521 = CARTESIAN_POINT ( 'NONE',  ( -48.43700558260378841, 9.999999999999994671, -35.40983606557377072 ) ) ;
#1522 = ORIENTED_EDGE ( 'NONE', *, *, #2836, .F. ) ;
#1523 = ORIENTED_EDGE ( 'NONE', *, *, #3025, .T. ) ;
#1524 = VECTOR ( 'NONE', #320, 1000.000000000000000 ) ;
#1525 = EDGE_CURVE ( 'NONE', #1475, #2492, #443, .T. ) ;
#1526 = CIRCLE ( 'NONE', #1737, 2.000000000000003553 ) ;
#1527 = CARTESIAN_POINT ( 'NONE',  ( -65.00000000000000000, 84.99999999999988631, -9.999999999999978684 ) ) ;
#1528 = VECTOR ( 'NONE', #1751, 1000.000000000000000 ) ;
#1529 = VECTOR ( 'NONE', #1868, 1000.000000000000000 ) ;
#1530 = VECTOR ( 'NONE', #1982, 1000.000000000000000 ) ;
#1531 = CIRCLE ( 'NONE', #2175, 2.999999999999999112 ) ;
#1532 = ORIENTED_EDGE ( 'NONE', *, *, #3160, .T. ) ;
#1533 = DIRECTION ( 'NONE',  ( -1.000000000000000000, -0.000000000000000000, -0.000000000000000000 ) ) ;
#1534 = EDGE_LOOP ( 'NONE', ( #198, #82 ) ) ;
#1535 = CYLINDRICAL_SURFACE ( 'NONE', #4396, 5.000000000000006217 ) ;
#1536 = VECTOR ( 'NONE', #2914, 1000.000000000000000 ) ;
#1537 = VERTEX_POINT ( 'NONE', #3148 ) ;
#1538 = DIRECTION ( 'NONE',  ( 0.8660254037844328234, 0.000000000000000000, 0.5000000000000101030 ) ) ;
#1539 = EDGE_CURVE ( 'NONE', #2254, #47, #3498, .T. ) ;
#1540 = AXIS2_PLACEMENT_3D ( 'NONE', #1084, #2349, #2026 ) ;
#1541 = DIRECTION ( 'NONE',  ( 0.000000000000000000, 0.000000000000000000, -1.000000000000000000 ) ) ;
#1542 = DIRECTION ( 'NONE',  ( -1.000000000000000000, 0.000000000000000000, 0.000000000000000000 ) ) ;
#1543 = DIRECTION ( 'NONE',  ( -1.000000000000000000, -0.000000000000000000, -0.000000000000000000 ) ) ;
#1544 = ORIENTED_EDGE ( 'NONE', *, *, #801, .T. ) ;
#1545 = CYLINDRICAL_SURFACE ( 'NONE', #962, 60.00000000000000000 ) ;
#1546 = CARTESIAN_POINT ( 'NONE',  ( 0.000000000000000000, 5.000000000000000000, 20.00000000000000000 ) ) ;
#1547 = FACE_OUTER_BOUND ( 'NONE', #2090, .T. ) ;
#1548 = CARTESIAN_POINT ( 'NONE',  ( 65.00000000000000000, 73.00000000000000000, 4.000000000000005329 ) ) ;
#1549 = ORIENTED_EDGE ( 'NONE', *, *, #4325, .T. ) ;
#1550 = EDGE_CURVE ( 'NONE', #1288, #425, #1419, .T. ) ;
#1551 = CARTESIAN_POINT ( 'NONE',  ( -65.00000000000000000, 85.00000000000001421, 12.00000000000001066 ) ) ;
#1552 = EDGE_LOOP ( 'NONE', ( #289, #3354 ) ) ;
#1553 = CARTESIAN_POINT ( 'NONE',  ( 0.000000000000000000, 10.00000000000000000, -1.247601729133521180E-15 ) ) ;
#1554 = EDGE_CURVE ( 'NONE', #3197, #526, #2809, .T. ) ;
#1555 = ORIENTED_EDGE ( 'NONE', *, *, #2696, .T. ) ;
#1556 = CARTESIAN_POINT ( 'NONE',  ( -69.00000000000000000, 0.000000000000000000, 35.00000000000000711 ) ) ;
#1557 = ORIENTED_EDGE ( 'NONE', *, *, #3025, .F. ) ;
#1558 = CARTESIAN_POINT ( 'NONE',  ( 34.64101615137731471, 10.00000000000000000, 20.00000000000040146 ) ) ;
#1559 = CARTESIAN_POINT ( 'NONE',  ( -51.99999999999999289, 13.00000000000000178, -33.99999999999999289 ) ) ;
#1560 = CARTESIAN_POINT ( 'NONE',  ( -70.00001199999999812, 85.00000000000001421, 14.00000000000001421 ) ) ;
#1561 = DIRECTION ( 'NONE',  ( 0.000000000000000000, 1.000000000000000000, 0.000000000000000000 ) ) ;
#1562 = FACE_OUTER_BOUND ( 'NONE', #2751, .T. ) ;
#1563 = VERTEX_POINT ( 'NONE', #341 ) ;
#1564 = FACE_OUTER_BOUND ( 'NONE', #4189, .T. ) ;
#1565 = EDGE_LOOP ( 'NONE', ( #765, #2623 ) ) ;
#1566 = CYLINDRICAL_SURFACE ( 'NONE', #2442, 2.500000000000002220 ) ;
#1567 = CARTESIAN_POINT ( 'NONE',  ( 52.00000000000002132, 8.999999999999994671, -34.99999999999999289 ) ) ;
#1568 = EDGE_LOOP ( 'NONE', ( #117, #3507, #3931, #4051 ) ) ;
#1569 = CARTESIAN_POINT ( 'NONE',  ( 0.000000000000000000, 5.000000000000000000, 40.00000000000000000 ) ) ;
#1570 = ORIENTED_EDGE ( 'NONE', *, *, #2371, .F. ) ;
#1571 = DIRECTION ( 'NONE',  ( 0.000000000000000000, 0.000000000000000000, -1.000000000000000000 ) ) ;
#1572 = DIRECTION ( 'NONE',  ( 0.000000000000000000, 0.000000000000000000, 1.000000000000000000 ) ) ;
#1573 = VERTEX_POINT ( 'NONE', #4156 ) ;
#1574 = EDGE_CURVE ( 'NONE', #980, #2054, #1018, .T. ) ;
#1575 = DIRECTION ( 'NONE',  ( -1.000000000000000000, 0.000000000000000000, -3.491481338843137300E-15 ) ) ;
#1576 = DIRECTION ( 'NONE',  ( -0.000000000000000000, -1.000000000000000000, -0.000000000000000000 ) ) ;
#1577 = CARTESIAN_POINT ( 'NONE',  ( 3.061616997868384620E-16, 10.00000000000000000, 17.50000000000000000 ) ) ;
#1578 = EDGE_CURVE ( 'NONE', #625, #2833, #4086, .T. ) ;
#1579 = CARTESIAN_POINT ( 'NONE',  ( 70.00000000000000000, 84.99999999999998579, -4.999999999999988454 ) ) ;
#1580 = VERTEX_POINT ( 'NONE', #1348 ) ;
#1581 = CARTESIAN_POINT ( 'NONE',  ( -34.64101615137759183, 5.000000000000000000, 17.49999999999991829 ) ) ;
#1582 = DIRECTION ( 'NONE',  ( 0.000000000000000000, 0.000000000000000000, -1.000000000000000000 ) ) ;
#1583 = VECTOR ( 'NONE', #4147, 1000.000000000000000 ) ;
#1584 = CARTESIAN_POINT ( 'NONE',  ( 34.64101615137731471, 5.000000000000000000, 17.50000000000040146 ) ) ;
#1585 = DIRECTION ( 'NONE',  ( -0.000000000000000000, 1.000000000000000000, 0.000000000000000000 ) ) ;
#1586 = ORIENTED_EDGE ( 'NONE', *, *, #2966, .F. ) ;
#1587 = CIRCLE ( 'NONE', #942, 15.00000000000000000 ) ;
#1588 = DIRECTION ( 'NONE',  ( 0.000000000000000000, 1.000000000000000000, 0.000000000000000000 ) ) ;
#1589 = ORIENTED_EDGE ( 'NONE', *, *, #3541, .F. ) ;
#1590 = EDGE_CURVE ( 'NONE', #40, #407, #9, .T. ) ;
#1591 = LINE ( 'NONE', #499, #1893 ) ;
#1592 = VECTOR ( 'NONE', #729, 1000.000000000000000 ) ;
#1593 = VECTOR ( 'NONE', #2394, 1000.000000000000000 ) ;
#1594 = AXIS2_PLACEMENT_3D ( 'NONE', #1485, #2565, #146 ) ;
#1595 = VECTOR ( 'NONE', #159, 1000.000000000000000 ) ;
#1596 = CARTESIAN_POINT ( 'NONE',  ( 70.00000000000000000, 84.99999999999998579, -4.999999999999988454 ) ) ;
#1597 = ORIENTED_EDGE ( 'NONE', *, *, #483, .F. ) ;
#1598 = LINE ( 'NONE', #2267, #2010 ) ;
#1599 = TOROIDAL_SURFACE ( 'NONE', #3956, 33.99999999999999289, 1.000000000000000000 ) ;
#1600 = AXIS2_PLACEMENT_3D ( 'NONE', #880, #2246, #227 ) ;
#1601 = ADVANCED_FACE ( 'NONE', ( #1043 ), #2403, .F. ) ;
#1602 = DIRECTION ( 'NONE',  ( 0.000000000000000000, -1.000000000000000000, -1.632680918566407040E-16 ) ) ;
#1603 = DIRECTION ( 'NONE',  ( -0.000000000000000000, -1.000000000000000000, -0.000000000000000000 ) ) ;
#1604 = AXIS2_PLACEMENT_3D ( 'NONE', #3643, #963, #2324 ) ;
#1605 = CARTESIAN_POINT ( 'NONE',  ( -70.00000000000000000, 84.99999999999998579, 34.00000000000000711 ) ) ;
#1606 = ORIENTED_EDGE ( 'NONE', *, *, #2100, .T. ) ;
#1607 = EDGE_CURVE ( 'NONE', #2509, #2950, #591, .T. ) ;
#1608 = VECTOR ( 'NONE', #1154, 1000.000000000000000 ) ;
#1609 = EDGE_LOOP ( 'NONE', ( #1678, #3544, #2055, #985 ) ) ;
#1610 = FACE_OUTER_BOUND ( 'NONE', #315, .T. ) ;
#1611 = CARTESIAN_POINT ( 'NONE',  ( -54.99999999999999289, 84.99999999999998579, 1.734839169665972859E-14 ) ) ;
#1612 = CARTESIAN_POINT ( 'NONE',  ( 0.000000000000000000, 9.000000000000001776, -1.122841556220169259E-15 ) ) ;
#1613 = LINE ( 'NONE', #2699, #4311 ) ;
#1614 = EDGE_LOOP ( 'NONE', ( #1123, #2614, #4437, #1820, #187, #629, #3954 ) ) ;
#1615 = CARTESIAN_POINT ( 'NONE',  ( -54.99999999999999289, 85.00000000000001421, 12.00000000000001066 ) ) ;
#1616 = ORIENTED_EDGE ( 'NONE', *, *, #3321, .F. ) ;
#1617 = DIRECTION ( 'NONE',  ( 0.000000000000000000, 0.000000000000000000, 1.000000000000000000 ) ) ;
#1618 = ORIENTED_EDGE ( 'NONE', *, *, #2057, .F. ) ;
#1619 = VERTEX_POINT ( 'NONE', #843 ) ;
#1620 = DIRECTION ( 'NONE',  ( 0.000000000000000000, -1.000000000000000000, 1.247601729133521180E-16 ) ) ;
#1621 = ORIENTED_EDGE ( 'NONE', *, *, #852, .T. ) ;
#1622 = CARTESIAN_POINT ( 'NONE',  ( 65.00000000000000000, 84.99999999999988631, -11.99999999999998224 ) ) ;
#1623 = CARTESIAN_POINT ( 'NONE',  ( 49.24428900898052319, 9.000000000000001776, -36.00000000000000000 ) ) ;
#1624 = EDGE_LOOP ( 'NONE', ( #4099, #2580, #2033, #4395 ) ) ;
#1625 = DIRECTION ( 'NONE',  ( 0.000000000000000000, -1.000000000000000000, 0.000000000000000000 ) ) ;
#1626 = DIRECTION ( 'NONE',  ( -1.000000000000000000, -0.000000000000000000, -0.000000000000000000 ) ) ;
#1627 = CARTESIAN_POINT ( 'NONE',  ( 65.00000000000000000, 96.99999999999998579, 2.000000000000038192 ) ) ;
#1628 = CARTESIAN_POINT ( 'NONE',  ( 70.00000000000000000, 84.99999999999998579, 1.734839169665972859E-14 ) ) ;
#1629 = EDGE_CURVE ( 'NONE', #3567, #2595, #3440, .T. ) ;
#1630 = EDGE_CURVE ( 'NONE', #1196, #1482, #2303, .T. ) ;
#1631 = ORIENTED_EDGE ( 'NONE', *, *, #3075, .F. ) ;
#1632 = CARTESIAN_POINT ( 'NONE',  ( 70.00000000000000000, 85.00000000000000000, -34.99999999999998579 ) ) ;
#1633 = VERTEX_POINT ( 'NONE', #2253 ) ;
#1634 = DIRECTION ( 'NONE',  ( -1.000000000000000000, 0.000000000000000000, 0.000000000000000000 ) ) ;
#1635 = EDGE_CURVE ( 'NONE', #3558, #274, #946, .T. ) ;
#1636 = EDGE_LOOP ( 'NONE', ( #2913, #2557, #2806, #3272 ) ) ;
#1637 = EDGE_LOOP ( 'NONE', ( #745, #4133, #157, #2411, #4052 ) ) ;
#1638 = CARTESIAN_POINT ( 'NONE',  ( 0.000000000000000000, 5.000000000000000000, 40.00000000000000000 ) ) ;
#1639 = DIRECTION ( 'NONE',  ( -1.261617073437677999E-16, 1.000000000000000000, 0.000000000000000000 ) ) ;
#1640 = EDGE_CURVE ( 'NONE', #3219, #2030, #162, .T. ) ;
#1641 = DIRECTION ( 'NONE',  ( -1.000000000000000000, -0.000000000000000000, -0.000000000000000000 ) ) ;
#1642 = ORIENTED_EDGE ( 'NONE', *, *, #483, .T. ) ;
#1643 = DIRECTION ( 'NONE',  ( 0.000000000000000000, 0.000000000000000000, 1.000000000000000000 ) ) ;
#1644 = DIRECTION ( 'NONE',  ( 0.000000000000000000, -1.000000000000000000, 1.247601729133521180E-16 ) ) ;
#1645 = DIRECTION ( 'NONE',  ( 1.000000000000000000, 0.000000000000000000, 0.000000000000000000 ) ) ;
#1646 = CARTESIAN_POINT ( 'NONE',  ( 49.24428900898051609, 0.000000000000000000, 35.00000000000000711 ) ) ;
#1647 = ORIENTED_EDGE ( 'NONE', *, *, #2415, .T. ) ;
#1648 = CARTESIAN_POINT ( 'NONE',  ( -55.99999999999999289, 85.00000000000000000, -33.99999999999997868 ) ) ;
#1649 = ADVANCED_FACE ( 'NONE', ( #3887 ), #3027, .T. ) ;
#1650 = VECTOR ( 'NONE', #3294, 1000.000000000000000 ) ;
#1651 = ORIENTED_EDGE ( 'NONE', *, *, #186, .F. ) ;
#1652 = CYLINDRICAL_SURFACE ( 'NONE', #3598, 2.000000000000003553 ) ;
#1653 = AXIS2_PLACEMENT_3D ( 'NONE', #2760, #2732, #2780 ) ;
#1654 = EDGE_CURVE ( 'NONE', #1573, #1455, #595, .T. ) ;
#1655 = ORIENTED_EDGE ( 'NONE', *, *, #4363, .F. ) ;
#1656 = VERTEX_POINT ( 'NONE', #4258 ) ;
#1657 = AXIS2_PLACEMENT_3D ( 'NONE', #114, #2754, #44 ) ;
#1658 = CARTESIAN_POINT ( 'NONE',  ( -65.00000000000000000, 73.00000000000000000, 0.000000000000000000 ) ) ;
#1659 = ORIENTED_EDGE ( 'NONE', *, *, #1295, .T. ) ;
#1660 = CIRCLE ( 'NONE', #2236, 1.000000000000000666 ) ;
#1661 = CIRCLE ( 'NONE', #4323, 2.000000000000001776 ) ;
#1662 = AXIS2_PLACEMENT_3D ( 'NONE', #3195, #3910, #1151 ) ;
#1663 = AXIS2_PLACEMENT_3D ( 'NONE', #1278, #2326, #4398 ) ;
#1664 = DIRECTION ( 'NONE',  ( 0.000000000000000000, 1.000000000000000000, 0.000000000000000000 ) ) ;
#1665 = STYLED_ITEM ( 'NONE', ( #3754 ), #3312 ) ;
#1666 = DIRECTION ( 'NONE',  ( -1.000000000000000000, 0.000000000000000000, -0.000000000000000000 ) ) ;
#1667 = CIRCLE ( 'NONE', #1385, 1.699999999999997735 ) ;
#1668 = CARTESIAN_POINT ( 'NONE',  ( -54.99999999999999289, 85.00000000000001421, 12.00000000000001066 ) ) ;
#1669 = CARTESIAN_POINT ( 'NONE',  ( 34.64101615137731471, 5.000000000000000000, 17.50000000000040146 ) ) ;
#1670 = DIRECTION ( 'NONE',  ( -1.000000000000000000, 0.000000000000000000, -0.000000000000000000 ) ) ;
#1671 = VERTEX_POINT ( 'NONE', #2222 ) ;
#1672 = AXIS2_PLACEMENT_3D ( 'NONE', #1067, #2428, #2722 ) ;
#1673 = DIRECTION ( 'NONE',  ( -1.000000000000000000, -0.000000000000000000, -0.000000000000000000 ) ) ;
#1674 = ORIENTED_EDGE ( 'NONE', *, *, #2836, .T. ) ;
#1675 = AXIS2_PLACEMENT_3D ( 'NONE', #971, #4012, #2331 ) ;
#1676 = CARTESIAN_POINT ( 'NONE',  ( -20.00000000000000000, 5.000000000000000000, -1.700000000000069678 ) ) ;
#1677 = EDGE_CURVE ( 'NONE', #627, #937, #127, .T. ) ;
#1678 = ORIENTED_EDGE ( 'NONE', *, *, #3293, .F. ) ;
#1679 = ORIENTED_EDGE ( 'NONE', *, *, #1384, .F. ) ;
#1680 = DIRECTION ( 'NONE',  ( -0.8072834263767308949, 0.000000000000000000, 0.5901639344262281650 ) ) ;
#1681 = CARTESIAN_POINT ( 'NONE',  ( 65.00000000000000000, 84.99999999999988631, -11.99999999999998224 ) ) ;
#1682 = EDGE_CURVE ( 'NONE', #1671, #1957, #2734, .T. ) ;
#1683 = DIRECTION ( 'NONE',  ( 0.000000000000000000, 1.000000000000000000, -0.000000000000000000 ) ) ;
#1684 = EDGE_LOOP ( 'NONE', ( #2885, #3994, #900, #3065 ) ) ;
#1685 = ORIENTED_EDGE ( 'NONE', *, *, #3604, .T. ) ;
#1686 = CARTESIAN_POINT ( 'NONE',  ( 55.00000000000001421, 84.99999999999998579, 1.734839169665972859E-14 ) ) ;
#1687 = CARTESIAN_POINT ( 'NONE',  ( -70.00000000000000000, 84.99999999999998579, 1.734839169665972859E-14 ) ) ;
#1688 = DIRECTION ( 'NONE',  ( 3.552713678800500929E-15, 0.000000000000000000, -1.000000000000000000 ) ) ;
#1689 = DIRECTION ( 'NONE',  ( 0.000000000000000000, 0.000000000000000000, -1.000000000000000000 ) ) ;
#1690 = EDGE_LOOP ( 'NONE', ( #3789, #1460, #1932, #426 ) ) ;
#1691 = CARTESIAN_POINT ( 'NONE',  ( -20.00000000000000000, 5.000000000000000000, 1.699999999999930012 ) ) ;
#1692 = ORIENTED_EDGE ( 'NONE', *, *, #2800, .T. ) ;
#1693 = CARTESIAN_POINT ( 'NONE',  ( 20.00000000000000000, -5.204170427930421283E-15, -1.699999999999790345 ) ) ;
#1694 = ADVANCED_FACE ( 'NONE', ( #2515 ), #2544, .F. ) ;
#1695 = DIRECTION ( 'NONE',  ( 0.000000000000000000, 1.000000000000000000, -3.469446951953611033E-15 ) ) ;
#1696 = ORIENTED_EDGE ( 'NONE', *, *, #1723, .T. ) ;
#1697 = ORIENTED_EDGE ( 'NONE', *, *, #2227, .F. ) ;
#1698 = DIRECTION ( 'NONE',  ( 0.000000000000000000, 1.000000000000000000, 0.000000000000000000 ) ) ;
#1699 = DIRECTION ( 'NONE',  ( 0.000000000000000000, 1.000000000000000000, 0.000000000000000000 ) ) ;
#1700 = EDGE_LOOP ( 'NONE', ( #1193, #3157 ) ) ;
#1701 = ADVANCED_FACE ( 'NONE', ( #792 ), #4299, .F. ) ;
#1702 = CARTESIAN_POINT ( 'NONE',  ( 49.24428900898051609, 0.000000000000000000, 36.00000000000001421 ) ) ;
#1703 = VERTEX_POINT ( 'NONE', #819 ) ;
#1704 = FACE_OUTER_BOUND ( 'NONE', #4270, .T. ) ;
#1705 = EDGE_CURVE ( 'NONE', #275, #1052, #3262, .T. ) ;
#1706 = CIRCLE ( 'NONE', #3004, 2.499999999999999112 ) ;
#1707 = CARTESIAN_POINT ( 'NONE',  ( 34.64101615137731471, 5.000000000000000000, 20.00000000000040146 ) ) ;
#1708 = DIRECTION ( 'NONE',  ( -1.000000000000000000, -0.000000000000000000, -0.000000000000000000 ) ) ;
#1709 = CARTESIAN_POINT ( 'NONE',  ( -65.00000000000000000, 84.99999999999988631, -7.999999999999977796 ) ) ;
#1710 = VERTEX_POINT ( 'NONE', #3552 ) ;
#1711 = FACE_OUTER_BOUND ( 'NONE', #305, .T. ) ;
#1712 = ORIENTED_EDGE ( 'NONE', *, *, #617, .F. ) ;
#1713 = DIRECTION ( 'NONE',  ( -0.000000000000000000, 1.000000000000000000, -0.000000000000000000 ) ) ;
#1714 = AXIS2_PLACEMENT_3D ( 'NONE', #2020, #1699, #3758 ) ;
#1715 = PLANE ( 'NONE',  #2171 ) ;
#1716 = EDGE_CURVE ( 'NONE', #2271, #2254, #4320, .T. ) ;
#1717 = ORIENTED_EDGE ( 'NONE', *, *, #479, .T. ) ;
#1718 = EDGE_LOOP ( 'NONE', ( #1712, #3055 ) ) ;
#1719 = LINE ( 'NONE', #3092, #3880 ) ;
#1720 = CARTESIAN_POINT ( 'NONE',  ( 34.64101615137731471, 5.000000000000000000, 20.00000000000040146 ) ) ;
#1721 = CIRCLE ( 'NONE', #2076, 2.499999999999999112 ) ;
#1722 = ORIENTED_EDGE ( 'NONE', *, *, #101, .F. ) ;
#1723 = EDGE_CURVE ( 'NONE', #1891, #3118, #3527, .T. ) ;
#1724 = AXIS2_PLACEMENT_3D ( 'NONE', #4356, #2281, #1353 ) ;
#1725 = AXIS2_PLACEMENT_3D ( 'NONE', #3366, #1974, #1927 ) ;
#1726 = CARTESIAN_POINT ( 'NONE',  ( -34.64101615137759183, 5.000000000000000000, 19.99999999999992184 ) ) ;
#1727 = DIRECTION ( 'NONE',  ( -1.000000000000000000, 0.000000000000000000, 0.000000000000000000 ) ) ;
#1728 = CIRCLE ( 'NONE', #800, 59.00000000000000000 ) ;
#1729 = CIRCLE ( 'NONE', #1237, 1.700000000000000178 ) ;
#1730 = ORIENTED_EDGE ( 'NONE', *, *, #148, .T. ) ;
#1731 = EDGE_CURVE ( 'NONE', #2194, #3736, #884, .T. ) ;
#1732 = VECTOR ( 'NONE', #2136, 1000.000000000000000 ) ;
#1733 = ORIENTED_EDGE ( 'NONE', *, *, #2859, .T. ) ;
#1734 = ORIENTED_EDGE ( 'NONE', *, *, #1938, .F. ) ;
#1735 = CARTESIAN_POINT ( 'NONE',  ( 34.64101615137773393, 5.000000000000000000, -19.99999999999967670 ) ) ;
#1736 = CIRCLE ( 'NONE', #2518, 1.000000000000000888 ) ;
#1737 = AXIS2_PLACEMENT_3D ( 'NONE', #4146, #2830, #3510 ) ;
#1738 = DIRECTION ( 'NONE',  ( 0.000000000000000000, -1.000000000000000000, 0.000000000000000000 ) ) ;
#1739 = AXIS2_PLACEMENT_3D ( 'NONE', #430, #717, #2466 ) ;
#1740 = DIRECTION ( 'NONE',  ( 1.000000000000000000, 0.000000000000000000, -0.000000000000000000 ) ) ;
#1741 = CARTESIAN_POINT ( 'NONE',  ( -70.00001199999999812, 73.00000000000000000, 0.000000000000000000 ) ) ;
#1742 = EDGE_LOOP ( 'NONE', ( #1810, #4375, #2685, #63 ) ) ;
#1743 = CIRCLE ( 'NONE', #3883, 2.500000000000003553 ) ;
#1744 = EDGE_CURVE ( 'NONE', #552, #4267, #3597, .T. ) ;
#1745 = CIRCLE ( 'NONE', #381, 35.00000000000000000 ) ;
#1746 = CIRCLE ( 'NONE', #4257, 34.99999999999999289 ) ;
#1747 = FACE_BOUND ( 'NONE', #2660, .T. ) ;
#1748 = VERTEX_POINT ( 'NONE', #436 ) ;
#1749 = DIRECTION ( 'NONE',  ( 0.000000000000000000, 1.000000000000000000, 0.000000000000000000 ) ) ;
#1750 = AXIS2_PLACEMENT_3D ( 'NONE', #470, #2228, #4263 ) ;
#1751 = DIRECTION ( 'NONE',  ( -0.000000000000000000, 1.000000000000000000, -0.000000000000000000 ) ) ;
#1752 = CIRCLE ( 'NONE', #1903, 2.000000000000003553 ) ;
#1753 = ORIENTED_EDGE ( 'NONE', *, *, #319, .T. ) ;
#1754 = ORIENTED_EDGE ( 'NONE', *, *, #1489, .F. ) ;
#1755 = CYLINDRICAL_SURFACE ( 'NONE', #2667, 5.000000000000006217 ) ;
#1756 = DIRECTION ( 'NONE',  ( 0.000000000000000000, 0.000000000000000000, 1.000000000000000000 ) ) ;
#1757 = AXIS2_PLACEMENT_3D ( 'NONE', #1784, #77, #1437 ) ;
#1758 = DIRECTION ( 'NONE',  ( 0.000000000000000000, 0.000000000000000000, -1.000000000000000000 ) ) ;
#1759 = DIRECTION ( 'NONE',  ( 1.000000000000000000, 0.000000000000000000, 0.000000000000000000 ) ) ;
#1760 = FACE_OUTER_BOUND ( 'NONE', #3395, .T. ) ;
#1761 = ORIENTED_EDGE ( 'NONE', *, *, #1250, .T. ) ;
#1762 = VERTEX_POINT ( 'NONE', #1222 ) ;
#1763 = DIRECTION ( 'NONE',  ( 0.8660254037844432595, 0.000000000000000000, -0.4999999999999919509 ) ) ;
#1764 = CARTESIAN_POINT ( 'NONE',  ( -55.99999999999999289, 84.99999999999998579, 1.734839169665972859E-14 ) ) ;
#1765 = DIRECTION ( 'NONE',  ( 0.000000000000000000, 0.000000000000000000, -1.000000000000000000 ) ) ;
#1766 = LINE ( 'NONE', #3130, #1732 ) ;
#1767 = ORIENTED_EDGE ( 'NONE', *, *, #2897, .F. ) ;
#1768 = CARTESIAN_POINT ( 'NONE',  ( 0.000000000000000000, 5.000000000000000000, -40.00000000000000000 ) ) ;
#1769 = EDGE_LOOP ( 'NONE', ( #2462, #2427, #1544, #3028 ) ) ;
#1770 = EDGE_CURVE ( 'NONE', #3400, #4306, #3378, .T. ) ;
#1771 = CARTESIAN_POINT ( 'NONE',  ( 0.000000000000000000, -5.204170427930421283E-15, 40.00000000000000000 ) ) ;
#1772 = EDGE_CURVE ( 'NONE', #2358, #2900, #3237, .T. ) ;
#1773 = DIRECTION ( 'NONE',  ( 1.000000000000000000, 0.000000000000000000, 0.000000000000000000 ) ) ;
#1774 = APPLICATION_CONTEXT ( 'automotive_design' ) ;
#1775 = ORIENTED_EDGE ( 'NONE', *, *, #1630, .T. ) ;
#1776 = ORIENTED_EDGE ( 'NONE', *, *, #4363, .T. ) ;
#1777 = EDGE_CURVE ( 'NONE', #2812, #407, #3376, .T. ) ;
#1778 = DIRECTION ( 'NONE',  ( 0.000000000000000000, 0.000000000000000000, 1.000000000000000000 ) ) ;
#1779 = CARTESIAN_POINT ( 'NONE',  ( -65.00000000000000000, 96.99999999999998579, 2.000000000000038192 ) ) ;
#1780 = ORIENTED_EDGE ( 'NONE', *, *, #326, .F. ) ;
#1781 = DIRECTION ( 'NONE',  ( 0.000000000000000000, 0.000000000000000000, 1.000000000000000000 ) ) ;
#1782 = FACE_OUTER_BOUND ( 'NONE', #4218, .T. ) ;
#1783 = VERTEX_POINT ( 'NONE', #556 ) ;
#1784 = CARTESIAN_POINT ( 'NONE',  ( 49.24428900898052319, 10.00000000000000533, -36.00000000000000000 ) ) ;
#1785 = EDGE_CURVE ( 'NONE', #2573, #2925, #4391, .T. ) ;
#1786 = CYLINDRICAL_SURFACE ( 'NONE', #1091, 15.00000000000000000 ) ;
#1787 = CARTESIAN_POINT ( 'NONE',  ( 65.00000000000000000, 96.99999999999998579, 3.469678339331945719E-14 ) ) ;
#1788 = LINE ( 'NONE', #3149, #1889 ) ;
#1789 = ORIENTED_EDGE ( 'NONE', *, *, #350, .T. ) ;
#1790 = DIRECTION ( 'NONE',  ( 0.000000000000000000, 0.000000000000000000, 1.000000000000000000 ) ) ;
#1791 = ORIENTED_EDGE ( 'NONE', *, *, #2000, .F. ) ;
#1792 = DIRECTION ( 'NONE',  ( -1.000000000000000000, -1.261617073437677999E-16, -0.000000000000000000 ) ) ;
#1793 = EDGE_CURVE ( 'NONE', #1509, #3735, #1969, .T. ) ;
#1794 = CARTESIAN_POINT ( 'NONE',  ( 56.00000000000001421, 84.99999999999998579, 1.734839169665972859E-14 ) ) ;
#1795 = EDGE_LOOP ( 'NONE', ( #2144, #4065, #537, #1020 ) ) ;
#1796 = VERTEX_POINT ( 'NONE', #1248 ) ;
#1797 = DIRECTION ( 'NONE',  ( -1.000000000000000000, 0.000000000000000000, 0.000000000000000000 ) ) ;
#1798 = DIRECTION ( 'NONE',  ( 0.000000000000000000, 0.000000000000000000, 1.000000000000000000 ) ) ;
#1799 = EDGE_CURVE ( 'NONE', #2645, #383, #2368, .T. ) ;
#1800 = CARTESIAN_POINT ( 'NONE',  ( -54.99999999999999289, 84.99999999999988631, -9.999999999999978684 ) ) ;
#1801 = CIRCLE ( 'NONE', #1877, 4.000000000000003553 ) ;
#1802 = CYLINDRICAL_SURFACE ( 'NONE', #243, 4.000000000000005329 ) ;
#1803 = AXIS2_PLACEMENT_3D ( 'NONE', #3830, #2259, #2147 ) ;
#1804 = ORIENTED_EDGE ( 'NONE', *, *, #2278, .F. ) ;
#1805 = DIRECTION ( 'NONE',  ( 0.000000000000000000, 0.000000000000000000, 1.000000000000000000 ) ) ;
#1806 = DIRECTION ( 'NONE',  ( 0.000000000000000000, 0.000000000000000000, 1.000000000000000000 ) ) ;
#1807 = AXIS2_PLACEMENT_3D ( 'NONE', #4063, #3688, #623 ) ;
#1808 = CARTESIAN_POINT ( 'NONE',  ( 20.00000000000000000, 10.00000000000000000, 2.094888803305880013E-13 ) ) ;
#1809 = CYLINDRICAL_SURFACE ( 'NONE', #948, 2.000000000000003553 ) ;
#1810 = ORIENTED_EDGE ( 'NONE', *, *, #1295, .F. ) ;
#1811 = AXIS2_PLACEMENT_3D ( 'NONE', #3329, #1664, #3684 ) ;
#1812 = FACE_OUTER_BOUND ( 'NONE', #2829, .T. ) ;
#1813 = ORIENTED_EDGE ( 'NONE', *, *, #4060, .F. ) ;
#1814 = DIRECTION ( 'NONE',  ( 0.000000000000000000, 0.000000000000000000, 1.000000000000000000 ) ) ;
#1815 = CIRCLE ( 'NONE', #3449, 2.000000000000003553 ) ;
#1816 = AXIS2_PLACEMENT_3D ( 'NONE', #2434, #4197, #2109 ) ;
#1817 = EDGE_CURVE ( 'NONE', #274, #1382, #2974, .T. ) ;
#1818 = CIRCLE ( 'NONE', #4328, 2.000000000000003553 ) ;
#1819 = DIRECTION ( 'NONE',  ( -0.000000000000000000, 1.000000000000000000, -0.000000000000000000 ) ) ;
#1820 = ORIENTED_EDGE ( 'NONE', *, *, #208, .T. ) ;
#1821 = ORIENTED_EDGE ( 'NONE', *, *, #1831, .F. ) ;
#1822 = VECTOR ( 'NONE', #901, 1000.000000000000000 ) ;
#1823 = CARTESIAN_POINT ( 'NONE',  ( 0.000000000000000000, 5.000000000000000000, -40.00000000000000000 ) ) ;
#1824 = EDGE_CURVE ( 'NONE', #3859, #1580, #3364, .T. ) ;
#1825 = CIRCLE ( 'NONE', #4336, 1.700000000000000178 ) ;
#1826 = CYLINDRICAL_SURFACE ( 'NONE', #1954, 1.699999999999999956 ) ;
#1827 = EDGE_LOOP ( 'NONE', ( #2154, #4126, #835, #4153 ) ) ;
#1828 = EDGE_CURVE ( 'NONE', #1710, #1957, #910, .T. ) ;
#1829 = AXIS2_PLACEMENT_3D ( 'NONE', #3855, #3495, #2562 ) ;
#1830 = DIRECTION ( 'NONE',  ( -1.000000000000000000, 0.000000000000000000, -3.491481338843137300E-15 ) ) ;
#1831 = EDGE_CURVE ( 'NONE', #3647, #2877, #2317, .T. ) ;
#1832 = ORIENTED_EDGE ( 'NONE', *, *, #836, .T. ) ;
#1833 = CARTESIAN_POINT ( 'NONE',  ( -54.99999999999999289, 120.0000000000000000, -33.99999999999997158 ) ) ;
#1834 = DIRECTION ( 'NONE',  ( -0.000000000000000000, -1.000000000000000000, -0.000000000000000000 ) ) ;
#1835 = CARTESIAN_POINT ( 'NONE',  ( 20.00000000000000000, -5.204170427930421283E-15, 2.094888803305880013E-13 ) ) ;
#1836 = LINE ( 'NONE', #3196, #2166 ) ;
#1837 = EDGE_LOOP ( 'NONE', ( #3989, #3203, #1692, #310 ) ) ;
#1838 = DIRECTION ( 'NONE',  ( 0.8072834263767308949, 0.000000000000000000, 0.5901639344262281650 ) ) ;
#1839 = CARTESIAN_POINT ( 'NONE',  ( 34.64101615137731471, -5.204170427930421283E-15, 20.00000000000040146 ) ) ;
#1840 = CARTESIAN_POINT ( 'NONE',  ( -49.24428900898052319, 10.00000000000000000, -36.00000000000000000 ) ) ;
#1841 = LINE ( 'NONE', #134, #4333 ) ;
#1842 = VERTEX_POINT ( 'NONE', #1267 ) ;
#1843 = ORIENTED_EDGE ( 'NONE', *, *, #124, .T. ) ;
#1844 = EDGE_CURVE ( 'NONE', #3338, #2847, #3803, .T. ) ;
#1845 = CARTESIAN_POINT ( 'NONE',  ( 3.061616997868384620E-16, 5.000000000000000000, 17.50000000000000000 ) ) ;
#1846 = ORIENTED_EDGE ( 'NONE', *, *, #3166, .F. ) ;
#1847 = DIRECTION ( 'NONE',  ( 1.261617073437677999E-16, -1.000000000000000000, -0.000000000000000000 ) ) ;
#1848 = ORIENTED_EDGE ( 'NONE', *, *, #859, .T. ) ;
#1849 = CYLINDRICAL_SURFACE ( 'NONE', #2372, 1.700000000000000178 ) ;
#1850 = ORIENTED_EDGE ( 'NONE', *, *, #3137, .T. ) ;
#1851 = EDGE_CURVE ( 'NONE', #2454, #17, #2886, .T. ) ;
#1852 = LINE ( 'NONE', #434, #3328 ) ;
#1853 = CYLINDRICAL_SURFACE ( 'NONE', #4170, 1.700000000000000178 ) ;
#1854 = CARTESIAN_POINT ( 'NONE',  ( -34.64101615137759183, 5.000000000000000000, 19.99999999999992184 ) ) ;
#1855 = DIRECTION ( 'NONE',  ( 0.000000000000000000, 0.000000000000000000, 1.000000000000000000 ) ) ;
#1856 = EDGE_LOOP ( 'NONE', ( #546, #3874, #1496, #1510 ) ) ;
#1857 = EDGE_CURVE ( 'NONE', #1142, #85, #3976, .T. ) ;
#1858 = FACE_OUTER_BOUND ( 'NONE', #1362, .T. ) ;
#1859 = FACE_OUTER_BOUND ( 'NONE', #1795, .T. ) ;
#1860 = CARTESIAN_POINT ( 'NONE',  ( -70.00000000000000000, 84.99999999999988631, -11.99999999999998224 ) ) ;
#1861 = ORIENTED_EDGE ( 'NONE', *, *, #3488, .T. ) ;
#1862 = FACE_OUTER_BOUND ( 'NONE', #3434, .T. ) ;
#1863 = EDGE_LOOP ( 'NONE', ( #1291, #2776 ) ) ;
#1864 = ORIENTED_EDGE ( 'NONE', *, *, #1654, .T. ) ;
#1865 = DIRECTION ( 'NONE',  ( 1.000000000000000000, 0.000000000000000000, 0.000000000000000000 ) ) ;
#1866 = EDGE_CURVE ( 'NONE', #2950, #1475, #619, .T. ) ;
#1867 = CARTESIAN_POINT ( 'NONE',  ( 0.000000000000000000, -5.204170427930421283E-15, 20.00000000000000000 ) ) ;
#1868 = DIRECTION ( 'NONE',  ( 0.000000000000000000, 1.224646799147353207E-16, -1.000000000000000000 ) ) ;
#1869 = EDGE_CURVE ( 'NONE', #3914, #1475, #2693, .T. ) ;
#1870 = ORIENTED_EDGE ( 'NONE', *, *, #350, .F. ) ;
#1871 = VECTOR ( 'NONE', #2058, 1000.000000000000000 ) ;
#1872 = DIRECTION ( 'NONE',  ( -1.000000000000000000, -0.000000000000000000, -0.000000000000000000 ) ) ;
#1873 = DIRECTION ( 'NONE',  ( 0.000000000000000000, 0.000000000000000000, -1.000000000000000000 ) ) ;
#1874 = CARTESIAN_POINT ( 'NONE',  ( 56.00000000000002132, 12.99999999999999822, -33.99999999999999289 ) ) ;
#1875 = DIRECTION ( 'NONE',  ( 0.000000000000000000, 0.000000000000000000, 1.000000000000000000 ) ) ;
#1876 = EDGE_CURVE ( 'NONE', #2908, #2145, #3730, .T. ) ;
#1877 = AXIS2_PLACEMENT_3D ( 'NONE', #1884, #4331, #1254 ) ;
#1878 = ORIENTED_EDGE ( 'NONE', *, *, #1324, .T. ) ;
#1879 = CARTESIAN_POINT ( 'NONE',  ( 48.43700558260378131, 9.000000000000001776, 35.40983606557378494 ) ) ;
#1880 = AXIS2_PLACEMENT_3D ( 'NONE', #3357, #291, #3708 ) ;
#1881 = AXIS2_PLACEMENT_3D ( 'NONE', #3078, #37, #3057 ) ;
#1882 = CARTESIAN_POINT ( 'NONE',  ( 70.00000000000000000, 8.999999999999994671, -33.99999999999999289 ) ) ;
#1883 = DIRECTION ( 'NONE',  ( 0.000000000000000000, 0.000000000000000000, -1.000000000000000000 ) ) ;
#1884 = CARTESIAN_POINT ( 'NONE',  ( 70.00000000000000000, 84.99999999999988631, -11.99999999999998224 ) ) ;
#1885 = EDGE_CURVE ( 'NONE', #4303, #1842, #448, .T. ) ;
#1886 = ORIENTED_EDGE ( 'NONE', *, *, #891, .F. ) ;
#1887 = AXIS2_PLACEMENT_3D ( 'NONE', #1612, #2979, #2653 ) ;
#1888 = CIRCLE ( 'NONE', #2084, 2.499999999999998668 ) ;
#1889 = VECTOR ( 'NONE', #368, 1000.000000000000000 ) ;
#1890 = LINE ( 'NONE', #2195, #1822 ) ;
#1891 = VERTEX_POINT ( 'NONE', #4408 ) ;
#1892 = AXIS2_PLACEMENT_3D ( 'NONE', #174, #1542, #196 ) ;
#1893 = VECTOR ( 'NONE', #1865, 1000.000000000000000 ) ;
#1894 = CARTESIAN_POINT ( 'NONE',  ( 47.62972215622706074, 9.000000000000001776, -34.81967213114754145 ) ) ;
#1895 = CIRCLE ( 'NONE', #1452, 1.000000000000000888 ) ;
#1896 = AXIS2_PLACEMENT_3D ( 'NONE', #1463, #528, #1129 ) ;
#1897 = VECTOR ( 'NONE', #2070, 1000.000000000000000 ) ;
#1898 = AXIS2_PLACEMENT_3D ( 'NONE', #3896, #2238, #2574 ) ;
#1899 = CARTESIAN_POINT ( 'NONE',  ( -34.64101615137746393, 5.000000000000000000, -20.00000000000016342 ) ) ;
#1900 = ORIENTED_EDGE ( 'NONE', *, *, #4084, .F. ) ;
#1901 = DIRECTION ( 'NONE',  ( -0.000000000000000000, 1.000000000000000000, -0.000000000000000000 ) ) ;
#1902 = CARTESIAN_POINT ( 'NONE',  ( 34.64101615137731471, 5.000000000000000000, 20.00000000000040146 ) ) ;
#1903 = AXIS2_PLACEMENT_3D ( 'NONE', #1622, #3616, #3991 ) ;
#1904 = CARTESIAN_POINT ( 'NONE',  ( 20.00000000000000000, 5.000000000000000000, 2.094888803305880013E-13 ) ) ;
#1905 = DIRECTION ( 'NONE',  ( 0.000000000000000000, 0.000000000000000000, 1.000000000000000000 ) ) ;
#1906 = CARTESIAN_POINT ( 'NONE',  ( -65.00000000000000000, 85.00000000000001421, 12.00000000000001066 ) ) ;
#1907 = ORIENTED_EDGE ( 'NONE', *, *, #4325, .F. ) ;
#1908 = DIRECTION ( 'NONE',  ( -0.000000000000000000, 1.000000000000000000, 0.000000000000000000 ) ) ;
#1909 = ORIENTED_EDGE ( 'NONE', *, *, #1817, .F. ) ;
#1910 = CARTESIAN_POINT ( 'NONE',  ( -65.00000000000000000, 73.00000000000000000, -4.000000000000005329 ) ) ;
#1911 = CARTESIAN_POINT ( 'NONE',  ( 34.64101615137731471, 5.000000000000000000, 20.00000000000040146 ) ) ;
#1912 = ORIENTED_EDGE ( 'NONE', *, *, #4184, .T. ) ;
#1913 = CARTESIAN_POINT ( 'NONE',  ( 0.000000000000000000, 5.000000000000000000, 20.00000000000000000 ) ) ;
#1914 = EDGE_CURVE ( 'NONE', #1796, #700, #240, .T. ) ;
#1915 = ORIENTED_EDGE ( 'NONE', *, *, #3220, .F. ) ;
#1916 = CARTESIAN_POINT ( 'NONE',  ( 2.081899558550500280E-16, -5.204170427930421283E-15, -21.69999999999999929 ) ) ;
#1917 = EDGE_CURVE ( 'NONE', #922, #2675, #2092, .T. ) ;
#1918 = DIRECTION ( 'NONE',  ( 0.000000000000000000, 0.000000000000000000, -1.000000000000000000 ) ) ;
#1919 = EDGE_LOOP ( 'NONE', ( #2733, #2126 ) ) ;
#1920 = CARTESIAN_POINT ( 'NONE',  ( 56.00000000000001421, 84.99999999999998579, 1.734839169665972859E-14 ) ) ;
#1921 = FACE_BOUND ( 'NONE', #2720, .T. ) ;
#1922 = CARTESIAN_POINT ( 'NONE',  ( -70.00001199999999812, 85.00000000000001421, 10.00000000000000711 ) ) ;
#1923 = CARTESIAN_POINT ( 'NONE',  ( -65.00000000000000000, 84.99999999999988631, -11.99999999999998224 ) ) ;
#1924 = ORIENTED_EDGE ( 'NONE', *, *, #761, .F. ) ;
#1925 = EDGE_CURVE ( 'NONE', #777, #642, #1371, .T. ) ;
#1926 = DIRECTION ( 'NONE',  ( 0.000000000000000000, 0.000000000000000000, 1.000000000000000000 ) ) ;
#1927 = DIRECTION ( 'NONE',  ( -1.000000000000000000, 0.000000000000000000, -3.491481338843137300E-15 ) ) ;
#1928 = CARTESIAN_POINT ( 'NONE',  ( 2.081899558550500033E-16, -5.204170427930421283E-15, -21.69999999999999929 ) ) ;
#1929 = LINE ( 'NONE', #1548, #2293 ) ;
#1930 = EDGE_LOOP ( 'NONE', ( #3770, #1685 ) ) ;
#1931 = DIRECTION ( 'NONE',  ( 0.8660254037844433705, 0.000000000000000000, -0.4999999999999917843 ) ) ;
#1932 = ORIENTED_EDGE ( 'NONE', *, *, #270, .F. ) ;
#1933 = DIRECTION ( 'NONE',  ( 1.000000000000000000, 0.000000000000000000, 0.000000000000000000 ) ) ;
#1934 = EDGE_CURVE ( 'NONE', #348, #3647, #1736, .T. ) ;
#1935 = CARTESIAN_POINT ( 'NONE',  ( 49.24428900898051609, 9.000000000000001776, 36.00000000000001421 ) ) ;
#1936 = VERTEX_POINT ( 'NONE', #3280 ) ;
#1937 = CARTESIAN_POINT ( 'NONE',  ( 70.00000000000000000, 73.00000000000000000, -4.000000000000005329 ) ) ;
#1938 = EDGE_CURVE ( 'NONE', #2077, #1426, #3241, .T. ) ;
#1939 = FACE_OUTER_BOUND ( 'NONE', #3692, .T. ) ;
#1940 = LINE ( 'NONE', #3634, #658 ) ;
#1941 = CARTESIAN_POINT ( 'NONE',  ( -65.00000000000000000, 96.99999999999998579, -3.999999999999970690 ) ) ;
#1942 = ORIENTED_EDGE ( 'NONE', *, *, #1376, .F. ) ;
#1943 = CYLINDRICAL_SURFACE ( 'NONE', #1971, 2.500000000000002220 ) ;
#1944 = CYLINDRICAL_SURFACE ( 'NONE', #654, 2.000000000000003553 ) ;
#1945 = AXIS2_PLACEMENT_3D ( 'NONE', #4072, #1004, #3031 ) ;
#1946 = CARTESIAN_POINT ( 'NONE',  ( -70.00000000000000000, 96.99999999999998579, 3.469678339331945719E-14 ) ) ;
#1947 = CARTESIAN_POINT ( 'NONE',  ( -34.64101615137759183, 10.00000000000000000, 19.99999999999992184 ) ) ;
#1948 = ORIENTED_EDGE ( 'NONE', *, *, #1117, .T. ) ;
#1949 = CIRCLE ( 'NONE', #8, 60.00000000000000000 ) ;
#1950 = DIRECTION ( 'NONE',  ( 0.000000000000000000, 1.000000000000000000, 0.000000000000000000 ) ) ;
#1951 = ORIENTED_EDGE ( 'NONE', *, *, #3891, .T. ) ;
#1952 = CARTESIAN_POINT ( 'NONE',  ( -65.00000000000000000, 73.00000000000000000, 0.000000000000000000 ) ) ;
#1953 = AXIS2_PLACEMENT_3D ( 'NONE', #1358, #1698, #214 ) ;
#1954 = AXIS2_PLACEMENT_3D ( 'NONE', #52, #2485, #3143 ) ;
#1955 = AXIS2_PLACEMENT_3D ( 'NONE', #598, #989, #262 ) ;
#1956 = CIRCLE ( 'NONE', #3519, 5.000000000000004441 ) ;
#1957 = VERTEX_POINT ( 'NONE', #4444 ) ;
#1958 = ORIENTED_EDGE ( 'NONE', *, *, #1607, .T. ) ;
#1959 = ADVANCED_FACE ( 'NONE', ( #4109 ), #2346, .F. ) ;
#1960 = AXIS2_PLACEMENT_3D ( 'NONE', #1261, #2179, #2556 ) ;
#1961 = CARTESIAN_POINT ( 'NONE',  ( -34.64101615137746393, 5.000000000000000000, -20.00000000000016342 ) ) ;
#1962 = AXIS2_PLACEMENT_3D ( 'NONE', #2468, #3834, #3493 ) ;
#1963 = CIRCLE ( 'NONE', #1880, 33.99999999999999289 ) ;
#1964 =( GEOMETRIC_REPRESENTATION_CONTEXT ( 3 ) GLOBAL_UNCERTAINTY_ASSIGNED_CONTEXT ( ( #2860 ) ) GLOBAL_UNIT_ASSIGNED_CONTEXT ( ( #690, #2480, #423 ) ) REPRESENTATION_CONTEXT ( 'NONE', 'WORKASPACE' ) );
#1965 = CARTESIAN_POINT ( 'NONE',  ( -70.00001199999999812, 96.99999999999998579, 2.000000000000038192 ) ) ;
#1966 = EDGE_CURVE ( 'NONE', #2363, #3176, #950, .T. ) ;
#1967 = ADVANCED_FACE ( 'NONE', ( #2374 ), #2305, .T. ) ;
#1968 = AXIS2_PLACEMENT_3D ( 'NONE', #1474, #3937, #3183 ) ;
#1969 = LINE ( 'NONE', #574, #657 ) ;
#1970 = ORIENTED_EDGE ( 'NONE', *, *, #529, .T. ) ;
#1971 = AXIS2_PLACEMENT_3D ( 'NONE', #635, #2681, #282 ) ;
#1972 = FACE_OUTER_BOUND ( 'NONE', #278, .T. ) ;
#1973 = ADVANCED_FACE ( 'NONE', ( #1782 ), #3760, .F. ) ;
#1974 = DIRECTION ( 'NONE',  ( 0.000000000000000000, 1.000000000000000000, 0.000000000000000000 ) ) ;
#1975 = LINE ( 'NONE', #1669, #2234 ) ;
#1976 = FACE_OUTER_BOUND ( 'NONE', #497, .T. ) ;
#1977 = VECTOR ( 'NONE', #3233, 1000.000000000000000 ) ;
#1978 = ORIENTED_EDGE ( 'NONE', *, *, #2989, .T. ) ;
#1979 = ORIENTED_EDGE ( 'NONE', *, *, #153, .F. ) ;
#1980 = DIRECTION ( 'NONE',  ( -1.000000000000000000, -0.000000000000000000, -0.000000000000000000 ) ) ;
#1981 = EDGE_LOOP ( 'NONE', ( #382, #1549, #491, #3614 ) ) ;
#1982 = DIRECTION ( 'NONE',  ( -0.000000000000000000, 1.000000000000000000, -0.000000000000000000 ) ) ;
#1983 = ORIENTED_EDGE ( 'NONE', *, *, #479, .F. ) ;
#1984 = EDGE_LOOP ( 'NONE', ( #4029, #1072 ) ) ;
#1985 = DIRECTION ( 'NONE',  ( 0.000000000000000000, 1.000000000000000000, 0.000000000000000000 ) ) ;
#1986 = DIRECTION ( 'NONE',  ( 0.000000000000000000, 1.000000000000000000, 0.000000000000000000 ) ) ;
#1987 = EDGE_CURVE ( 'NONE', #2290, #2763, #3388, .T. ) ;
#1988 = DIRECTION ( 'NONE',  ( 0.000000000000000000, 0.000000000000000000, 1.000000000000000000 ) ) ;
#1989 = CYLINDRICAL_SURFACE ( 'NONE', #523, 1.000000000000000888 ) ;
#1990 = DIRECTION ( 'NONE',  ( -0.000000000000000000, 1.000000000000000000, -0.000000000000000000 ) ) ;
#1991 = DIRECTION ( 'NONE',  ( -0.000000000000000000, -1.000000000000000000, -0.000000000000000000 ) ) ;
#1992 = EDGE_LOOP ( 'NONE', ( #140, #2233, #815, #3636 ) ) ;
#1993 = EDGE_CURVE ( 'NONE', #2999, #919, #2666, .T. ) ;
#1994 = FACE_OUTER_BOUND ( 'NONE', #3627, .T. ) ;
#1995 = EDGE_LOOP ( 'NONE', ( #1068, #781 ) ) ;
#1996 = DIRECTION ( 'NONE',  ( 0.000000000000000000, 0.000000000000000000, 1.000000000000000000 ) ) ;
#1997 = ORIENTED_EDGE ( 'NONE', *, *, #2576, .T. ) ;
#1998 = ORIENTED_EDGE ( 'NONE', *, *, #3504, .F. ) ;
#1999 = CYLINDRICAL_SURFACE ( 'NONE', #3154, 2.500000000000002220 ) ;
#2000 = EDGE_CURVE ( 'NONE', #4054, #2551, #453, .T. ) ;
#2001 = EDGE_LOOP ( 'NONE', ( #2051, #1517, #4424, #1066 ) ) ;
#2002 = CARTESIAN_POINT ( 'NONE',  ( -49.24428900898051609, 9.000000000000001776, 34.00000000000000711 ) ) ;
#2003 = FACE_OUTER_BOUND ( 'NONE', #2703, .T. ) ;
#2004 = FACE_OUTER_BOUND ( 'NONE', #3281, .T. ) ;
#2005 = EDGE_CURVE ( 'NONE', #1936, #348, #1242, .T. ) ;
#2006 = CARTESIAN_POINT ( 'NONE',  ( -65.00000000000000000, 73.00000000000000000, 2.000000000000003553 ) ) ;
#2007 = DIRECTION ( 'NONE',  ( 0.000000000000000000, 0.000000000000000000, 1.000000000000000000 ) ) ;
#2008 = ORIENTED_EDGE ( 'NONE', *, *, #2205, .F. ) ;
#2009 = DIRECTION ( 'NONE',  ( 0.000000000000000000, 0.000000000000000000, -1.000000000000000000 ) ) ;
#2010 = VECTOR ( 'NONE', #3632, 1000.000000000000000 ) ;
#2011 = ORIENTED_EDGE ( 'NONE', *, *, #990, .T. ) ;
#2012 = EDGE_CURVE ( 'NONE', #3330, #937, #1308, .T. ) ;
#2013 = CARTESIAN_POINT ( 'NONE',  ( 34.64101615137731471, 5.000000000000000000, 18.30000000000040217 ) ) ;
#2014 = AXIS2_PLACEMENT_3D ( 'NONE', #2381, #624, #3351 ) ;
#2015 = VERTEX_POINT ( 'NONE', #2738 ) ;
#2016 = ORIENTED_EDGE ( 'NONE', *, *, #124, .F. ) ;
#2017 = CIRCLE ( 'NONE', #13, 2.000000000000001776 ) ;
#2018 = CIRCLE ( 'NONE', #3162, 4.000000000000005329 ) ;
#2019 = CARTESIAN_POINT ( 'NONE',  ( -34.64101615137746393, 10.00000000000000000, -20.00000000000016342 ) ) ;
#2020 = CARTESIAN_POINT ( 'NONE',  ( -34.64101615137746393, 5.000000000000000000, -20.00000000000016342 ) ) ;
#2021 = AXIS2_PLACEMENT_3D ( 'NONE', #365, #3837, #3856 ) ;
#2022 = AXIS2_PLACEMENT_3D ( 'NONE', #1333, #325, #995 ) ;
#2023 = CARTESIAN_POINT ( 'NONE',  ( 56.00000000000001421, 84.99999999999998579, 34.00000000000000711 ) ) ;
#2024 = AXIS2_PLACEMENT_3D ( 'NONE', #4096, #2460, #89 ) ;
#2025 = ORIENTED_EDGE ( 'NONE', *, *, #1277, .T. ) ;
#2026 = DIRECTION ( 'NONE',  ( 0.000000000000000000, 0.000000000000000000, 1.000000000000000000 ) ) ;
#2027 = AXIS2_PLACEMENT_3D ( 'NONE', #1768, #4120, #1351 ) ;
#2028 = PLANE ( 'NONE',  #4087 ) ;
#2029 = CYLINDRICAL_SURFACE ( 'NONE', #2804, 3.000000000000002665 ) ;
#2030 = VERTEX_POINT ( 'NONE', #2082 ) ;
#2031 = AXIS2_PLACEMENT_3D ( 'NONE', #3396, #373, #401 ) ;
#2032 = FACE_BOUND ( 'NONE', #1357, .T. ) ;
#2033 = ORIENTED_EDGE ( 'NONE', *, *, #2631, .F. ) ;
#2034 = CARTESIAN_POINT ( 'NONE',  ( 56.00000000000001421, 84.99999999999998579, 35.00000000000001421 ) ) ;
#2035 = EDGE_CURVE ( 'NONE', #3186, #1212, #3733, .T. ) ;
#2036 = EDGE_LOOP ( 'NONE', ( #1532, #4078 ) ) ;
#2037 = ORIENTED_EDGE ( 'NONE', *, *, #118, .F. ) ;
#2038 = DIRECTION ( 'NONE',  ( 0.000000000000000000, 0.000000000000000000, 1.000000000000000000 ) ) ;
#2039 = DIRECTION ( 'NONE',  ( 0.8660254037844332675, 0.000000000000000000, 0.5000000000000094369 ) ) ;
#2040 = EDGE_CURVE ( 'NONE', #3468, #1316, #1815, .T. ) ;
#2041 = CARTESIAN_POINT ( 'NONE',  ( 0.000000000000000000, 0.000000000000000000, 0.000000000000000000 ) ) ;
#2042 = CARTESIAN_POINT ( 'NONE',  ( 56.00000000000000711, 119.0000000000000000, 1.734839169665972859E-14 ) ) ;
#2043 = VERTEX_POINT ( 'NONE', #3451 ) ;
#2044 = FACE_OUTER_BOUND ( 'NONE', #2713, .T. ) ;
#2045 = CARTESIAN_POINT ( 'NONE',  ( -54.99999999999999289, 84.99999999999998579, -4.999999999999988454 ) ) ;
#2046 = CARTESIAN_POINT ( 'NONE',  ( -49.24428900898051609, 9.000000000000001776, 36.00000000000001421 ) ) ;
#2047 = DIRECTION ( 'NONE',  ( -0.000000000000000000, 1.000000000000000000, 0.000000000000000000 ) ) ;
#2048 = EDGE_CURVE ( 'NONE', #3330, #2999, #2098, .T. ) ;
#2049 = VERTEX_POINT ( 'NONE', #698 ) ;
#2050 = FACE_BOUND ( 'NONE', #327, .T. ) ;
#2051 = ORIENTED_EDGE ( 'NONE', *, *, #424, .T. ) ;
#2052 = CYLINDRICAL_SURFACE ( 'NONE', #743, 2.000000000000003553 ) ;
#2053 = LINE ( 'NONE', #2410, #3319 ) ;
#2054 = VERTEX_POINT ( 'NONE', #2711 ) ;
#2055 = ORIENTED_EDGE ( 'NONE', *, *, #4383, .F. ) ;
#2056 = DIRECTION ( 'NONE',  ( 0.000000000000000000, 1.000000000000000000, 0.000000000000000000 ) ) ;
#2057 = EDGE_CURVE ( 'NONE', #2578, #2307, #2169, .T. ) ;
#2058 = DIRECTION ( 'NONE',  ( -1.000000000000000000, -0.000000000000000000, -0.000000000000000000 ) ) ;
#2059 = ORIENTED_EDGE ( 'NONE', *, *, #2162, .T. ) ;
#2060 = DIRECTION ( 'NONE',  ( -1.000000000000000000, -0.000000000000000000, 0.000000000000000000 ) ) ;
#2061 = EDGE_CURVE ( 'NONE', #48, #1122, #1433, .T. ) ;
#2062 = CARTESIAN_POINT ( 'NONE',  ( -65.00000000000000000, 73.00000000000000000, 0.000000000000000000 ) ) ;
#2063 = EDGE_LOOP ( 'NONE', ( #1322, #1776 ) ) ;
#2064 = CARTESIAN_POINT ( 'NONE',  ( 55.00000000000001421, 84.99999999999998579, 5.000000000000023093 ) ) ;
#2065 = DIRECTION ( 'NONE',  ( 1.000000000000000000, 0.000000000000000000, 0.000000000000000000 ) ) ;
#2066 = DIRECTION ( 'NONE',  ( -0.000000000000000000, -1.000000000000000000, -0.000000000000000000 ) ) ;
#2067 = ORIENTED_EDGE ( 'NONE', *, *, #3379, .T. ) ;
#2068 = FACE_BOUND ( 'NONE', #691, .T. ) ;
#2069 = ORIENTED_EDGE ( 'NONE', *, *, #1785, .T. ) ;
#2070 = DIRECTION ( 'NONE',  ( -0.000000000000000000, 1.000000000000000000, -1.247601729133521180E-16 ) ) ;
#2071 = FILL_AREA_STYLE_COLOUR ( '', #3959 ) ;
#2072 = ORIENTED_EDGE ( 'NONE', *, *, #1654, .F. ) ;
#2073 = ORIENTED_EDGE ( 'NONE', *, *, #1917, .T. ) ;
#2074 = CARTESIAN_POINT ( 'NONE',  ( 55.00000000000002132, 12.99999999999999822, 35.00000000000002132 ) ) ;
#2075 = FACE_OUTER_BOUND ( 'NONE', #1568, .T. ) ;
#2076 = AXIS2_PLACEMENT_3D ( 'NONE', #4129, #2367, #3403 ) ;
#2077 = VERTEX_POINT ( 'NONE', #2419 ) ;
#2078 = AXIS2_PLACEMENT_3D ( 'NONE', #2479, #1792, #1749 ) ;
#2079 = AXIS2_PLACEMENT_3D ( 'NONE', #2767, #2117, #3392 ) ;
#2080 = PLANE ( 'NONE',  #1307 ) ;
#2081 = DIRECTION ( 'NONE',  ( 0.000000000000000000, -1.632680918566407040E-16, 1.000000000000000000 ) ) ;
#2082 = CARTESIAN_POINT ( 'NONE',  ( 56.00000000000002132, 12.99999999999999822, -34.99999999999999289 ) ) ;
#2083 = AXIS2_PLACEMENT_3D ( 'NONE', #1946, #1313, #2321 ) ;
#2084 = AXIS2_PLACEMENT_3D ( 'NONE', #888, #2056, #2288 ) ;
#2085 = AXIS2_PLACEMENT_3D ( 'NONE', #60, #2066, #2426 ) ;
#2086 = ORIENTED_EDGE ( 'NONE', *, *, #1398, .T. ) ;
#2087 = ADVANCED_FACE ( 'NONE', ( #1760 ), #3124, .F. ) ;
#2088 = ORIENTED_EDGE ( 'NONE', *, *, #371, .T. ) ;
#2089 = EDGE_CURVE ( 'NONE', #804, #1563, #3810, .T. ) ;
#2090 = EDGE_LOOP ( 'NONE', ( #3029, #1001, #1997, #3276 ) ) ;
#2091 = DIRECTION ( 'NONE',  ( -1.000000000000000000, -0.000000000000000000, -0.000000000000000000 ) ) ;
#2092 = CIRCLE ( 'NONE', #3309, 2.500000000000002220 ) ;
#2093 = CIRCLE ( 'NONE', #3380, 1.000000000000000888 ) ;
#2094 = DIRECTION ( 'NONE',  ( -1.000000000000000000, -0.000000000000000000, 0.000000000000000000 ) ) ;
#2095 = CARTESIAN_POINT ( 'NONE',  ( -69.00000000000000000, 1.387778780781445676E-14, -33.99999999999999289 ) ) ;
#2096 = CARTESIAN_POINT ( 'NONE',  ( 70.00000000000000000, 85.00000000000001421, 12.00000000000001066 ) ) ;
#2097 = ORIENTED_EDGE ( 'NONE', *, *, #3437, .F. ) ;
#2098 = CIRCLE ( 'NONE', #3101, 34.00000000000000000 ) ;
#2099 = VECTOR ( 'NONE', #2593, 1000.000000000000000 ) ;
#2100 = EDGE_CURVE ( 'NONE', #3833, #2054, #808, .T. ) ;
#2101 = AXIS2_PLACEMENT_3D ( 'NONE', #564, #626, #2659 ) ;
#2102 = CYLINDRICAL_SURFACE ( 'NONE', #2901, 60.00000000000000000 ) ;
#2103 = EDGE_LOOP ( 'NONE', ( #2340, #4346 ) ) ;
#2104 = CARTESIAN_POINT ( 'NONE',  ( 0.000000000000000000, -5.204170427930421283E-15, -20.00000000000000000 ) ) ;
#2105 = CYLINDRICAL_SURFACE ( 'NONE', #250, 4.000000000000005329 ) ;
#2106 = AXIS2_PLACEMENT_3D ( 'NONE', #3126, #2423, #395 ) ;
#2107 = ORIENTED_EDGE ( 'NONE', *, *, #2897, .T. ) ;
#2108 = VERTEX_POINT ( 'NONE', #3584 ) ;
#2109 = DIRECTION ( 'NONE',  ( 0.000000000000000000, 1.000000000000000000, 0.000000000000000000 ) ) ;
#2110 = FACE_OUTER_BOUND ( 'NONE', #2868, .T. ) ;
#2111 =( GEOMETRIC_REPRESENTATION_CONTEXT ( 3 ) GLOBAL_UNCERTAINTY_ASSIGNED_CONTEXT ( ( #3889 ) ) GLOBAL_UNIT_ASSIGNED_CONTEXT ( ( #650, #2710, #356 ) ) REPRESENTATION_CONTEXT ( 'NONE', 'WORKASPACE' ) );
#2112 = EDGE_CURVE ( 'NONE', #526, #3197, #3316, .T. ) ;
#2113 = CARTESIAN_POINT ( 'NONE',  ( -20.00000000000000000, 5.000000000000000000, -6.982962677686266711E-14 ) ) ;
#2114 = DIRECTION ( 'NONE',  ( -0.000000000000000000, -1.000000000000000000, -0.000000000000000000 ) ) ;
#2115 = ORIENTED_EDGE ( 'NONE', *, *, #1828, .T. ) ;
#2116 = DIRECTION ( 'NONE',  ( -1.000000000000000000, 0.000000000000000000, 0.000000000000000000 ) ) ;
#2117 = DIRECTION ( 'NONE',  ( 0.000000000000000000, -1.000000000000000000, 0.000000000000000000 ) ) ;
#2118 = DIRECTION ( 'NONE',  ( 0.000000000000000000, -1.000000000000000000, 0.000000000000000000 ) ) ;
#2119 = DIRECTION ( 'NONE',  ( -1.000000000000000000, 0.000000000000000000, -0.000000000000000000 ) ) ;
#2120 = EDGE_CURVE ( 'NONE', #2405, #2043, #2218, .T. ) ;
#2121 = ORIENTED_EDGE ( 'NONE', *, *, #2613, .F. ) ;
#2122 = FACE_BOUND ( 'NONE', #3608, .T. ) ;
#2123 = VERTEX_POINT ( 'NONE', #3164 ) ;
#2124 = FACE_OUTER_BOUND ( 'NONE', #4372, .T. ) ;
#2125 = PRODUCT_DEFINITION ( 'UNKNOWN', '', #755, #1507 ) ;
#2126 = ORIENTED_EDGE ( 'NONE', *, *, #2564, .F. ) ;
#2127 = ORIENTED_EDGE ( 'NONE', *, *, #1851, .F. ) ;
#2128 = DIRECTION ( 'NONE',  ( 0.000000000000000000, 0.000000000000000000, -1.000000000000000000 ) ) ;
#2129 = FACE_OUTER_BOUND ( 'NONE', #3187, .T. ) ;
#2130 = CARTESIAN_POINT ( 'NONE',  ( 0.000000000000000000, 5.000000000000000000, 20.00000000000000000 ) ) ;
#2131 = DIRECTION ( 'NONE',  ( -1.000000000000000000, -0.000000000000000000, -0.000000000000000000 ) ) ;
#2132 = EDGE_LOOP ( 'NONE', ( #3425, #2399 ) ) ;
#2133 = DIRECTION ( 'NONE',  ( 0.000000000000000000, 1.000000000000000000, 0.000000000000000000 ) ) ;
#2134 = FACE_OUTER_BOUND ( 'NONE', #731, .T. ) ;
#2135 = CARTESIAN_POINT ( 'NONE',  ( -69.00000000000000000, 84.99999999999998579, 1.734839169665972859E-14 ) ) ;
#2136 = DIRECTION ( 'NONE',  ( 0.000000000000000000, -1.000000000000000000, 0.000000000000000000 ) ) ;
#2137 = ORIENTED_EDGE ( 'NONE', *, *, #3220, .T. ) ;
#2138 = LINE ( 'NONE', #3243, #2535 ) ;
#2139 = EDGE_CURVE ( 'NONE', #3145, #1671, #2853, .T. ) ;
#2140 = CARTESIAN_POINT ( 'NONE',  ( 34.64101615137731471, 10.00000000000000000, 17.50000000000040146 ) ) ;
#2141 = DIRECTION ( 'NONE',  ( -0.000000000000000000, 1.000000000000000000, 0.000000000000000000 ) ) ;
#2142 = CARTESIAN_POINT ( 'NONE',  ( -34.64101615137746393, -5.204170427930421283E-15, -18.30000000000016414 ) ) ;
#2143 = ADVANCED_FACE ( 'NONE', ( #3228 ), #1802, .F. ) ;
#2144 = ORIENTED_EDGE ( 'NONE', *, *, #3551, .T. ) ;
#2145 = VERTEX_POINT ( 'NONE', #1147 ) ;
#2146 = DIRECTION ( 'NONE',  ( -1.000000000000000000, -0.000000000000000000, -0.000000000000000000 ) ) ;
#2147 = DIRECTION ( 'NONE',  ( 0.000000000000000000, 0.000000000000000000, 1.000000000000000000 ) ) ;
#2148 = CIRCLE ( 'NONE', #789, 1.700000000000000178 ) ;
#2149 = DIRECTION ( 'NONE',  ( 0.000000000000000000, -1.224646799147349509E-16, 1.000000000000000000 ) ) ;
#2150 = VERTEX_POINT ( 'NONE', #2559 ) ;
#2151 = VECTOR ( 'NONE', #3641, 1000.000000000000000 ) ;
#2152 = DIRECTION ( 'NONE',  ( 0.000000000000000000, 0.000000000000000000, 1.000000000000000000 ) ) ;
#2153 = AXIS2_PLACEMENT_3D ( 'NONE', #1157, #4212, #132 ) ;
#2154 = ORIENTED_EDGE ( 'NONE', *, *, #12, .F. ) ;
#2155 = DIRECTION ( 'NONE',  ( 1.000000000000000000, 0.000000000000000000, 0.000000000000000000 ) ) ;
#2156 = FACE_BOUND ( 'NONE', #2347, .T. ) ;
#2157 = AXIS2_PLACEMENT_3D ( 'NONE', #79, #367, #397 ) ;
#2158 = CIRCLE ( 'NONE', #14, 1.700000000000000178 ) ;
#2159 = DIRECTION ( 'NONE',  ( 0.000000000000000000, -1.000000000000000000, -1.632680918566407040E-16 ) ) ;
#2160 = DIRECTION ( 'NONE',  ( 0.000000000000000000, 0.000000000000000000, 1.000000000000000000 ) ) ;
#2161 = VERTEX_POINT ( 'NONE', #3546 ) ;
#2162 = EDGE_CURVE ( 'NONE', #17, #2454, #1743, .T. ) ;
#2163 = VECTOR ( 'NONE', #2289, 1000.000000000000000 ) ;
#2164 = AXIS2_PLACEMENT_3D ( 'NONE', #225, #566, #4238 ) ;
#2165 = CARTESIAN_POINT ( 'NONE',  ( -34.64101615137759183, -5.204170427930421283E-15, 19.99999999999992184 ) ) ;
#2166 = VECTOR ( 'NONE', #128, 1000.000000000000000 ) ;
#2167 = FACE_OUTER_BOUND ( 'NONE', #517, .T. ) ;
#2168 = CARTESIAN_POINT ( 'NONE',  ( 69.00000000000000000, 85.00000000000000000, -34.99999999999998579 ) ) ;
#2169 = CIRCLE ( 'NONE', #3523, 4.000000000000005329 ) ;
#2170 = CIRCLE ( 'NONE', #1512, 33.99999999999999289 ) ;
#2171 = AXIS2_PLACEMENT_3D ( 'NONE', #1121, #3436, #4166 ) ;
#2172 = DIRECTION ( 'NONE',  ( 0.000000000000000000, 0.000000000000000000, 1.000000000000000000 ) ) ;
#2173 = EDGE_LOOP ( 'NONE', ( #4245, #1334, #3047, #1479 ) ) ;
#2174 = ORIENTED_EDGE ( 'NONE', *, *, #865, .F. ) ;
#2175 = AXIS2_PLACEMENT_3D ( 'NONE', #2686, #4048, #3355 ) ;
#2176 = DIRECTION ( 'NONE',  ( 0.000000000000000000, 1.000000000000000000, 0.000000000000000000 ) ) ;
#2177 = EDGE_CURVE ( 'NONE', #668, #3134, #857, .T. ) ;
#2178 = ORIENTED_EDGE ( 'NONE', *, *, #2588, .T. ) ;
#2179 = DIRECTION ( 'NONE',  ( -1.000000000000000000, 0.000000000000000000, -0.000000000000000000 ) ) ;
#2180 = ORIENTED_EDGE ( 'NONE', *, *, #2235, .F. ) ;
#2181 = AXIS2_PLACEMENT_3D ( 'NONE', #2990, #3008, #3327 ) ;
#2182 = CARTESIAN_POINT ( 'NONE',  ( -54.99999999999999289, 96.99999999999998579, -1.999999999999968914 ) ) ;
#2183 = ADVANCED_FACE ( 'NONE', ( #770 ), #1535, .F. ) ;
#2184 = ORIENTED_EDGE ( 'NONE', *, *, #3405, .T. ) ;
#2185 = CYLINDRICAL_SURFACE ( 'NONE', #1320, 1.700000000000000178 ) ;
#2186 = LINE ( 'NONE', #3550, #2810 ) ;
#2187 = DIRECTION ( 'NONE',  ( 0.000000000000000000, 0.000000000000000000, -1.000000000000000000 ) ) ;
#2188 = CARTESIAN_POINT ( 'NONE',  ( -65.00000000000000000, 85.00000000000001421, 12.00000000000001066 ) ) ;
#2189 = ORIENTED_EDGE ( 'NONE', *, *, #3353, .T. ) ;
#2190 = CARTESIAN_POINT ( 'NONE',  ( -55.99999999999999289, 85.00000000000000000, -34.99999999999998579 ) ) ;
#2191 = CARTESIAN_POINT ( 'NONE',  ( 65.00000000000000000, 85.00000000000001421, 16.00000000000001421 ) ) ;
#2192 = FACE_OUTER_BOUND ( 'NONE', #35, .T. ) ;
#2193 = ADVANCED_FACE ( 'NONE', ( #458 ), #1849, .F. ) ;
#2194 = VERTEX_POINT ( 'NONE', #2926 ) ;
#2195 = CARTESIAN_POINT ( 'NONE',  ( -34.64101615137746393, 5.000000000000000000, -17.50000000000015987 ) ) ;
#2196 = ORIENTED_EDGE ( 'NONE', *, *, #4115, .F. ) ;
#2197 = ORIENTED_EDGE ( 'NONE', *, *, #838, .T. ) ;
#2198 = CARTESIAN_POINT ( 'NONE',  ( 70.00000000000000000, 84.99999999999998579, 35.00000000000001421 ) ) ;
#2199 = EDGE_CURVE ( 'NONE', #1328, #3359, #2672, .T. ) ;
#2200 = DIRECTION ( 'NONE',  ( 0.000000000000000000, 0.000000000000000000, -1.000000000000000000 ) ) ;
#2201 = ORIENTED_EDGE ( 'NONE', *, *, #4202, .T. ) ;
#2202 = EDGE_CURVE ( 'NONE', #4416, #3444, #2737, .T. ) ;
#2203 = DIRECTION ( 'NONE',  ( 0.000000000000000000, 0.000000000000000000, -1.000000000000000000 ) ) ;
#2204 = ORIENTED_EDGE ( 'NONE', *, *, #510, .F. ) ;
#2205 = EDGE_CURVE ( 'NONE', #1748, #216, #2963, .T. ) ;
#2206 = CARTESIAN_POINT ( 'NONE',  ( 70.00000000000000000, 84.99999999999988631, -11.99999999999998224 ) ) ;
#2207 = CARTESIAN_POINT ( 'NONE',  ( -70.00000000000000000, 96.99999999999998579, 3.469678339331945719E-14 ) ) ;
#2208 = DIRECTION ( 'NONE',  ( 0.000000000000000000, 0.000000000000000000, 1.000000000000000000 ) ) ;
#2209 = VERTEX_POINT ( 'NONE', #2834 ) ;
#2210 = CARTESIAN_POINT ( 'NONE',  ( 69.00000000000000000, 84.99999999999998579, 34.00000000000000711 ) ) ;
#2211 = DIRECTION ( 'NONE',  ( 0.000000000000000000, 1.000000000000000000, 0.000000000000000000 ) ) ;
#2212 = DIRECTION ( 'NONE',  ( -1.000000000000000000, 0.000000000000000000, 0.000000000000000000 ) ) ;
#2213 = DIRECTION ( 'NONE',  ( -0.000000000000000000, 1.000000000000000000, -0.000000000000000000 ) ) ;
#2214 = VERTEX_POINT ( 'NONE', #2487 ) ;
#2215 = EDGE_CURVE ( 'NONE', #2675, #922, #1451, .T. ) ;
#2216 = FACE_OUTER_BOUND ( 'NONE', #3487, .T. ) ;
#2217 = VERTEX_POINT ( 'NONE', #2182 ) ;
#2218 = LINE ( 'NONE', #3190, #380 ) ;
#2219 = ORIENTED_EDGE ( 'NONE', *, *, #3920, .F. ) ;
#2220 = CARTESIAN_POINT ( 'NONE',  ( -65.00000000000000000, 85.00000000000001421, 10.00000000000000711 ) ) ;
#2221 = DIRECTION ( 'NONE',  ( -1.000000000000000000, -0.000000000000000000, -0.000000000000000000 ) ) ;
#2222 = CARTESIAN_POINT ( 'NONE',  ( -70.00000000000000000, 96.99999999999998579, 4.000000000000039968 ) ) ;
#2223 = DIRECTION ( 'NONE',  ( -1.000000000000000000, -1.261617073437677999E-16, -0.000000000000000000 ) ) ;
#2224 = AXIS2_PLACEMENT_3D ( 'NONE', #1911, #915, #1798 ) ;
#2225 = ORIENTED_EDGE ( 'NONE', *, *, #2476, .F. ) ;
#2226 = EDGE_CURVE ( 'NONE', #4267, #552, #2311, .T. ) ;
#2227 = EDGE_CURVE ( 'NONE', #48, #3648, #3670, .T. ) ;
#2228 = DIRECTION ( 'NONE',  ( -1.000000000000000000, -0.000000000000000000, -0.000000000000000000 ) ) ;
#2229 = VECTOR ( 'NONE', #494, 1000.000000000000000 ) ;
#2230 = CARTESIAN_POINT ( 'NONE',  ( 0.000000000000000000, 10.00000000000000000, 0.000000000000000000 ) ) ;
#2231 = FACE_OUTER_BOUND ( 'NONE', #3374, .T. ) ;
#2232 = DIRECTION ( 'NONE',  ( 0.000000000000000000, 1.000000000000000000, 0.000000000000000000 ) ) ;
#2233 = ORIENTED_EDGE ( 'NONE', *, *, #2904, .T. ) ;
#2234 = VECTOR ( 'NONE', #3662, 1000.000000000000000 ) ;
#2235 = EDGE_CURVE ( 'NONE', #3859, #2509, #3566, .T. ) ;
#2236 = AXIS2_PLACEMENT_3D ( 'NONE', #1034, #2252, #1680 ) ;
#2237 = VECTOR ( 'NONE', #844, 1000.000000000000000 ) ;
#2238 = DIRECTION ( 'NONE',  ( -1.000000000000000000, -0.000000000000000000, -0.000000000000000000 ) ) ;
#2239 = ORIENTED_EDGE ( 'NONE', *, *, #3483, .F. ) ;
#2240 = AXIS2_PLACEMENT_3D ( 'NONE', #4206, #489, #465 ) ;
#2241 = VECTOR ( 'NONE', #2642, 1000.000000000000000 ) ;
#2242 = DIRECTION ( 'NONE',  ( -0.000000000000000000, -1.000000000000000000, -0.000000000000000000 ) ) ;
#2243 = AXIS2_PLACEMENT_3D ( 'NONE', #355, #2418, #2832 ) ;
#2244 = CIRCLE ( 'NONE', #2027, 2.500000000000002220 ) ;
#2245 = ORIENTED_EDGE ( 'NONE', *, *, #189, .T. ) ;
#2246 = DIRECTION ( 'NONE',  ( -0.000000000000000000, 1.000000000000000000, 1.224646799147353207E-16 ) ) ;
#2247 = VERTEX_POINT ( 'NONE', #883 ) ;
#2248 = CARTESIAN_POINT ( 'NONE',  ( 34.64101615137773393, 5.000000000000000000, -19.99999999999967670 ) ) ;
#2249 = ADVANCED_FACE ( 'NONE', ( #3361 ), #1599, .T. ) ;
#2250 = CARTESIAN_POINT ( 'NONE',  ( 2.081899558550500280E-16, -5.204170427930421283E-15, 18.30000000000000071 ) ) ;
#2251 = CIRCLE ( 'NONE', #4266, 1.000000000000000888 ) ;
#2252 = DIRECTION ( 'NONE',  ( -0.5901639344262281650, 0.000000000000000000, -0.8072834263767308949 ) ) ;
#2253 = CARTESIAN_POINT ( 'NONE',  ( -54.99999999999999289, 85.00000000000001421, 10.00000000000000711 ) ) ;
#2254 = VERTEX_POINT ( 'NONE', #4360 ) ;
#2255 = LINE ( 'NONE', #3620, #389 ) ;
#2256 = CARTESIAN_POINT ( 'NONE',  ( -54.99999999999999289, 73.00000000000000000, 0.000000000000000000 ) ) ;
#2257 = EDGE_CURVE ( 'NONE', #1316, #3468, #2893, .T. ) ;
#2258 = DIRECTION ( 'NONE',  ( 0.000000000000000000, 0.000000000000000000, -1.000000000000000000 ) ) ;
#2259 = DIRECTION ( 'NONE',  ( -1.000000000000000000, 0.000000000000000000, 0.000000000000000000 ) ) ;
#2260 = ORIENTED_EDGE ( 'NONE', *, *, #3923, .F. ) ;
#2261 = DIRECTION ( 'NONE',  ( -1.000000000000000000, -1.261617073437677999E-16, -0.000000000000000000 ) ) ;
#2262 = EDGE_LOOP ( 'NONE', ( #4003, #504, #2517, #1951 ) ) ;
#2263 = EDGE_CURVE ( 'NONE', #1891, #723, #1706, .T. ) ;
#2264 = DIRECTION ( 'NONE',  ( 0.000000000000000000, 0.000000000000000000, -1.000000000000000000 ) ) ;
#2265 = CARTESIAN_POINT ( 'NONE',  ( -55.99999999999999289, 84.99999999999998579, 34.00000000000000711 ) ) ;
#2266 = ORIENTED_EDGE ( 'NONE', *, *, #2040, .T. ) ;
#2267 = CARTESIAN_POINT ( 'NONE',  ( 0.000000000000000000, 9.999999999999992895, -60.00000000000000000 ) ) ;
#2268 = FACE_BOUND ( 'NONE', #4090, .T. ) ;
#2269 = CARTESIAN_POINT ( 'NONE',  ( 34.64101615137773393, 5.000000000000000000, -22.49999999999968026 ) ) ;
#2270 = DIRECTION ( 'NONE',  ( -1.000000000000000000, -0.000000000000000000, -0.000000000000000000 ) ) ;
#2271 = VERTEX_POINT ( 'NONE', #1263 ) ;
#2272 = ADVANCED_BREP_SHAPE_REPRESENTATION ( 'HorizontalBase V2', ( #3312, #678 ), #2111 ) ;
#2273 = DIRECTION ( 'NONE',  ( -1.000000000000000000, 0.000000000000000000, 0.000000000000000000 ) ) ;
#2274 = CARTESIAN_POINT ( 'NONE',  ( 2.081899558550500033E-16, -5.204170427930421283E-15, 38.29999999999999716 ) ) ;
#2275 = CARTESIAN_POINT ( 'NONE',  ( -70.00000000000000000, 84.99999999999998579, 1.734839169665972859E-14 ) ) ;
#2276 = CARTESIAN_POINT ( 'NONE',  ( 0.000000000000000000, 5.000000000000000000, 22.50000000000000000 ) ) ;
#2277 = EDGE_LOOP ( 'NONE', ( #4289, #2445, #2386, #1060 ) ) ;
#2278 = EDGE_CURVE ( 'NONE', #2835, #206, #2646, .T. ) ;
#2279 = DIRECTION ( 'NONE',  ( -0.8660254037844397068, 0.000000000000000000, 0.4999999999999980571 ) ) ;
#2280 = EDGE_LOOP ( 'NONE', ( #406, #2184, #4162, #1339 ) ) ;
#2281 = DIRECTION ( 'NONE',  ( -1.000000000000000000, -0.000000000000000000, 0.000000000000000000 ) ) ;
#2282 = EDGE_CURVE ( 'NONE', #2043, #2820, #3578, .T. ) ;
#2283 = EDGE_CURVE ( 'NONE', #3631, #3186, #1241, .T. ) ;
#2284 = ORIENTED_EDGE ( 'NONE', *, *, #699, .T. ) ;
#2285 = VERTEX_POINT ( 'NONE', #4295 ) ;
#2286 = DIRECTION ( 'NONE',  ( 0.000000000000000000, 1.000000000000000000, 0.000000000000000000 ) ) ;
#2287 = CARTESIAN_POINT ( 'NONE',  ( 55.00000000000000711, 120.0000000000000000, -34.99999999999999289 ) ) ;
#2288 = DIRECTION ( 'NONE',  ( 1.000000000000000000, 0.000000000000000000, 1.047444401652941269E-14 ) ) ;
#2289 = DIRECTION ( 'NONE',  ( 0.000000000000000000, 1.000000000000000000, 1.632680918566407040E-16 ) ) ;
#2290 = VERTEX_POINT ( 'NONE', #3007 ) ;
#2291 = DIRECTION ( 'NONE',  ( 0.000000000000000000, 0.000000000000000000, -1.000000000000000000 ) ) ;
#2292 = DIRECTION ( 'NONE',  ( 0.000000000000000000, 0.000000000000000000, -1.000000000000000000 ) ) ;
#2293 = VECTOR ( 'NONE', #2484, 1000.000000000000000 ) ;
#2294 = DIRECTION ( 'NONE',  ( -0.000000000000000000, 1.000000000000000000, -0.000000000000000000 ) ) ;
#2295 = FACE_OUTER_BOUND ( 'NONE', #1624, .T. ) ;
#2296 = ADVANCED_FACE ( 'NONE', ( #906 ), #1999, .F. ) ;
#2297 = EDGE_LOOP ( 'NONE', ( #482, #4436, #4195, #828, #4271, #1204, #293, #4418, #2486, #343, #2899, #1958, #71, #3045, #2137, #2436, #2348 ) ) ;
#2298 = CIRCLE ( 'NONE', #3884, 1.000000000000000888 ) ;
#2299 = CIRCLE ( 'NONE', #2591, 1.000000000000000888 ) ;
#2300 = CARTESIAN_POINT ( 'NONE',  ( -70.00000000000000000, 84.99999999999998579, 1.734839169665972859E-14 ) ) ;
#2301 = EDGE_LOOP ( 'NONE', ( #1094, #2069 ) ) ;
#2302 = LINE ( 'NONE', #1000, #1530 ) ;
#2303 = CIRCLE ( 'NONE', #370, 1.700000000000000178 ) ;
#2304 = VECTOR ( 'NONE', #78, 1000.000000000000000 ) ;
#2305 = TOROIDAL_SURFACE ( 'NONE', #377, 59.00000000000000000, 1.000000000000000000 ) ;
#2306 = ORIENTED_EDGE ( 'NONE', *, *, #3076, .F. ) ;
#2307 = VERTEX_POINT ( 'NONE', #276 ) ;
#2308 = AXIS2_PLACEMENT_3D ( 'NONE', #2130, #2439, #3851 ) ;
#2309 = ADVANCED_FACE ( 'NONE', ( #3277 ), #211, .T. ) ;
#2310 = CARTESIAN_POINT ( 'NONE',  ( 52.00000000000002132, 8.999999999999998224, -33.99999999999999289 ) ) ;
#2311 = CIRCLE ( 'NONE', #1170, 2.500000000000000000 ) ;
#2312 = AXIS2_PLACEMENT_3D ( 'NONE', #3115, #1405, #2773 ) ;
#2313 = ORIENTED_EDGE ( 'NONE', *, *, #1934, .T. ) ;
#2314 = CARTESIAN_POINT ( 'NONE',  ( -54.99999999999999289, 9.000000000000001776, 34.00000000000000711 ) ) ;
#2315 = EDGE_CURVE ( 'NONE', #1239, #1350, #3940, .T. ) ;
#2316 = AXIS2_PLACEMENT_3D ( 'NONE', #576, #1625, #3302 ) ;
#2317 = LINE ( 'NONE', #4322, #3949 ) ;
#2318 = AXIS2_PLACEMENT_3D ( 'NONE', #3763, #1040, #322 ) ;
#2319 = CARTESIAN_POINT ( 'NONE',  ( 34.64101615137773393, 5.000000000000000000, -19.99999999999967670 ) ) ;
#2320 = DIRECTION ( 'NONE',  ( -0.000000000000000000, 1.000000000000000000, -0.000000000000000000 ) ) ;
#2321 = DIRECTION ( 'NONE',  ( 0.000000000000000000, 0.000000000000000000, -1.000000000000000000 ) ) ;
#2322 = DIRECTION ( 'NONE',  ( -1.000000000000000000, -0.000000000000000000, 0.000000000000000000 ) ) ;
#2323 = ORIENTED_EDGE ( 'NONE', *, *, #1590, .F. ) ;
#2324 = DIRECTION ( 'NONE',  ( 0.000000000000000000, 0.000000000000000000, 1.000000000000000000 ) ) ;
#2325 = ORIENTED_EDGE ( 'NONE', *, *, #3699, .T. ) ;
#2326 = DIRECTION ( 'NONE',  ( -1.000000000000000000, 0.000000000000000000, -0.000000000000000000 ) ) ;
#2327 = ORIENTED_EDGE ( 'NONE', *, *, #3205, .F. ) ;
#2328 = ORIENTED_EDGE ( 'NONE', *, *, #2061, .F. ) ;
#2329 = CARTESIAN_POINT ( 'NONE',  ( -49.24428900898050898, 0.000000000000000000, 35.00000000000000711 ) ) ;
#2330 = EDGE_CURVE ( 'NONE', #3783, #4220, #1598, .T. ) ;
#2331 = DIRECTION ( 'NONE',  ( 0.000000000000000000, -1.247601729133521180E-16, -1.000000000000000000 ) ) ;
#2332 = CARTESIAN_POINT ( 'NONE',  ( 34.64101615137731471, 10.00000000000000000, 20.00000000000040146 ) ) ;
#2333 = EDGE_CURVE ( 'NONE', #1703, #2641, #514, .T. ) ;
#2334 = DIRECTION ( 'NONE',  ( 0.000000000000000000, 1.000000000000000000, -0.000000000000000000 ) ) ;
#2335 = DIRECTION ( 'NONE',  ( 0.000000000000000000, 0.000000000000000000, 1.000000000000000000 ) ) ;
#2336 = CARTESIAN_POINT ( 'NONE',  ( 20.00000000000000000, -5.204170427930421283E-15, 1.700000000000209344 ) ) ;
#2337 = CARTESIAN_POINT ( 'NONE',  ( 0.000000000000000000, -5.204170427930421283E-15, -40.00000000000000000 ) ) ;
#2338 = EDGE_LOOP ( 'NONE', ( #3756, #2772 ) ) ;
#2339 = CYLINDRICAL_SURFACE ( 'NONE', #1311, 4.000000000000005329 ) ;
#2340 = ORIENTED_EDGE ( 'NONE', *, *, #3453, .T. ) ;
#2341 = DIRECTION ( 'NONE',  ( 0.000000000000000000, 0.000000000000000000, -1.000000000000000000 ) ) ;
#2342 = ORIENTED_EDGE ( 'NONE', *, *, #3986, .T. ) ;
#2343 = ORIENTED_EDGE ( 'NONE', *, *, #270, .T. ) ;
#2344 = DIRECTION ( 'NONE',  ( 0.000000000000000000, 0.000000000000000000, -1.000000000000000000 ) ) ;
#2345 = CARTESIAN_POINT ( 'NONE',  ( 0.000000000000000000, 10.00000000000000000, 0.000000000000000000 ) ) ;
#2346 = PLANE ( 'NONE',  #3665 ) ;
#2347 = EDGE_LOOP ( 'NONE', ( #3439, #2178 ) ) ;
#2348 = ORIENTED_EDGE ( 'NONE', *, *, #1195, .T. ) ;
#2349 = DIRECTION ( 'NONE',  ( -0.000000000000000000, 1.000000000000000000, -0.000000000000000000 ) ) ;
#2350 = FACE_BOUND ( 'NONE', #2694, .T. ) ;
#2351 = DIRECTION ( 'NONE',  ( -0.000000000000000000, 1.000000000000000000, -0.000000000000000000 ) ) ;
#2352 = CARTESIAN_POINT ( 'NONE',  ( 0.000000000000000000, 10.00000000000000000, 15.00000000000000000 ) ) ;
#2353 = EDGE_CURVE ( 'NONE', #2161, #3105, #4158, .T. ) ;
#2354 = CIRCLE ( 'NONE', #81, 2.499999999999998668 ) ;
#2355 = EDGE_LOOP ( 'NONE', ( #2343, #29, #849, #2957 ) ) ;
#2356 = DIRECTION ( 'NONE',  ( 0.000000000000000000, -1.224646799147353207E-16, 1.000000000000000000 ) ) ;
#2357 = AXIS2_PLACEMENT_3D ( 'NONE', #1076, #2917, #2572 ) ;
#2358 = VERTEX_POINT ( 'NONE', #2944 ) ;
#2359 = FACE_OUTER_BOUND ( 'NONE', #2494, .T. ) ;
#2360 = EDGE_CURVE ( 'NONE', #902, #1656, #2354, .T. ) ;
#2361 = CIRCLE ( 'NONE', #1725, 2.499999999999998668 ) ;
#2362 = ORIENTED_EDGE ( 'NONE', *, *, #1198, .F. ) ;
#2363 = VERTEX_POINT ( 'NONE', #1937 ) ;
#2364 = VECTOR ( 'NONE', #2294, 1000.000000000000000 ) ;
#2365 = CLOSED_SHELL ( 'NONE', ( #439, #2249, #3867, #667, #1481, #43, #3574, #2296, #1041, #3927, #2558, #1342, #3215, #3686, #4005, #2087, #1257, #4405, #2880, #1070, #2673, #3759, #1601, #388, #1065, #185, #3399, #1450, #4121, #898, #2183, #3052, #1155, #2582, #2619, #404, #2992, #3814, #3331, #4149, #3042, #1694, #1162, #1075, #3071, #3253, #3428, #2193, #2755, #4294, #929, #2448, #4001, #229, #2927, #697, #2752, #334, #3861, #1959, #3719, #4422, #1271, #4164, #4357, #3745, #3845, #3767, #281, #1973, #4023, #459, #2, #671, #4371, #778, #3822, #1434, #3955, #138, #2440, #1701, #4093, #938, #2774, #984, #487, #909, #2982, #2391, #2758, #3096, #2143, #2898, #3462, #4273, #589, #4139, #3916, #639, #518, #3246, #935, #2640, #1301, #3535, #2534, #1493, #1220, #3299, #3772, #354, #2943, #2782, #1315, #361, #2387, #1430, #4179, #3214, #4345, #1056, #809, #695, #1264, #4317, #336, #2739, #3683, #142, #4351, #1649, #57, #173, #4298, #2309, #2705, #256, #1967, #3901, #4210, #2498, #4268, #976, #3840 ) ) ;
#2366 = DIRECTION ( 'NONE',  ( -0.000000000000000000, 1.000000000000000000, -0.000000000000000000 ) ) ;
#2367 = DIRECTION ( 'NONE',  ( 0.000000000000000000, 1.000000000000000000, 0.000000000000000000 ) ) ;
#2368 = CIRCLE ( 'NONE', #2447, 2.000000000000003553 ) ;
#2369 = CIRCLE ( 'NONE', #2881, 5.000000000000006217 ) ;
#2370 = CIRCLE ( 'NONE', #2598, 4.000000000000003553 ) ;
#2371 = EDGE_CURVE ( 'NONE', #1051, #2812, #1281, .T. ) ;
#2372 = AXIS2_PLACEMENT_3D ( 'NONE', #2507, #1901, #4221 ) ;
#2373 = VECTOR ( 'NONE', #2759, 1000.000000000000000 ) ;
#2374 = FACE_OUTER_BOUND ( 'NONE', #3438, .T. ) ;
#2375 = AXIS2_PLACEMENT_3D ( 'NONE', #1238, #3257, #2626 ) ;
#2376 = ORIENTED_EDGE ( 'NONE', *, *, #1461, .T. ) ;
#2377 = FACE_BOUND ( 'NONE', #2644, .T. ) ;
#2378 = AXIS2_PLACEMENT_3D ( 'NONE', #4394, #1335, #2009 ) ;
#2379 = DIRECTION ( 'NONE',  ( -0.000000000000000000, -1.000000000000000000, -0.000000000000000000 ) ) ;
#2380 = DIRECTION ( 'NONE',  ( -0.000000000000000000, 1.000000000000000000, -0.000000000000000000 ) ) ;
#2381 = CARTESIAN_POINT ( 'NONE',  ( -49.24428900898052319, 9.000000000000001776, -36.00000000000000000 ) ) ;
#2382 = ORIENTED_EDGE ( 'NONE', *, *, #1515, .T. ) ;
#2383 = AXIS2_PLACEMENT_3D ( 'NONE', #3860, #1908, #178 ) ;
#2384 = FACE_BOUND ( 'NONE', #3455, .T. ) ;
#2385 = EDGE_CURVE ( 'NONE', #1482, #1196, #2148, .T. ) ;
#2386 = ORIENTED_EDGE ( 'NONE', *, *, #2005, .F. ) ;
#2387 = ADVANCED_FACE ( 'NONE', ( #3649 ), #3324, .F. ) ;
#2388 = AXIS2_PLACEMENT_3D ( 'NONE', #125, #2855, #3882 ) ;
#2389 = CARTESIAN_POINT ( 'NONE',  ( -70.00001199999999812, 84.99999999999988631, -11.99999999999998224 ) ) ;
#2390 = DIRECTION ( 'NONE',  ( 0.000000000000000000, -1.000000000000000000, -1.224646799147353207E-16 ) ) ;
#2391 = ADVANCED_FACE ( 'NONE', ( #748, #3068 ), #1411, .F. ) ;
#2392 = ORIENTED_EDGE ( 'NONE', *, *, #2850, .T. ) ;
#2393 = VERTEX_POINT ( 'NONE', #715 ) ;
#2394 = DIRECTION ( 'NONE',  ( -0.000000000000000000, 1.000000000000000000, -0.000000000000000000 ) ) ;
#2395 = DIRECTION ( 'NONE',  ( -0.000000000000000000, -1.000000000000000000, -0.000000000000000000 ) ) ;
#2396 = ORIENTED_EDGE ( 'NONE', *, *, #967, .F. ) ;
#2397 = SHAPE_DEFINITION_REPRESENTATION ( #495, #2272 ) ;
#2398 = DIRECTION ( 'NONE',  ( 0.000000000000000000, 0.000000000000000000, -1.000000000000000000 ) ) ;
#2399 = ORIENTED_EDGE ( 'NONE', *, *, #3358, .F. ) ;
#2400 = VERTEX_POINT ( 'NONE', #317 ) ;
#2401 = DIRECTION ( 'NONE',  ( -0.000000000000000000, 1.000000000000000000, -0.000000000000000000 ) ) ;
#2402 = DIRECTION ( 'NONE',  ( 1.000000000000000000, 0.000000000000000000, 0.000000000000000000 ) ) ;
#2403 = CYLINDRICAL_SURFACE ( 'NONE', #1159, 4.000000000000005329 ) ;
#2404 = LINE ( 'NONE', #109, #3661 ) ;
#2405 = VERTEX_POINT ( 'NONE', #4439 ) ;
#2406 = EDGE_CURVE ( 'NONE', #1842, #4303, #2719, .T. ) ;
#2407 = PLANE ( 'NONE',  #103 ) ;
#2408 = ORIENTED_EDGE ( 'NONE', *, *, #3777, .F. ) ;
#2409 = DIRECTION ( 'NONE',  ( 0.000000000000000000, 1.000000000000000000, 0.000000000000000000 ) ) ;
#2410 = CARTESIAN_POINT ( 'NONE',  ( 65.00000000000000000, 85.00000000000001421, 16.00000000000001421 ) ) ;
#2411 = ORIENTED_EDGE ( 'NONE', *, *, #689, .T. ) ;
#2412 = ORIENTED_EDGE ( 'NONE', *, *, #2712, .F. ) ;
#2413 = DIRECTION ( 'NONE',  ( 0.000000000000000000, 1.000000000000000000, 0.000000000000000000 ) ) ;
#2414 = LINE ( 'NONE', #3778, #1583 ) ;
#2415 = EDGE_CURVE ( 'NONE', #1052, #2950, #648, .T. ) ;
#2416 = ORIENTED_EDGE ( 'NONE', *, *, #997, .F. ) ;
#2417 = EDGE_CURVE ( 'NONE', #4196, #2358, #3120, .T. ) ;
#2418 = DIRECTION ( 'NONE',  ( 0.000000000000000000, 1.000000000000000000, 0.000000000000000000 ) ) ;
#2419 = CARTESIAN_POINT ( 'NONE',  ( 2.081899558550500033E-16, 5.000000000000000000, -21.69999999999999929 ) ) ;
#2420 = EDGE_CURVE ( 'NONE', #2835, #760, #1354, .T. ) ;
#2421 = EDGE_LOOP ( 'NONE', ( #2592, #2323, #2260, #1924 ) ) ;
#2422 = ORIENTED_EDGE ( 'NONE', *, *, #4435, .F. ) ;
#2423 = DIRECTION ( 'NONE',  ( -0.000000000000000000, 1.632680918566407040E-16, -1.000000000000000000 ) ) ;
#2424 = DIRECTION ( 'NONE',  ( 0.000000000000000000, 0.000000000000000000, 1.000000000000000000 ) ) ;
#2425 = DIRECTION ( 'NONE',  ( 0.000000000000000000, 0.000000000000000000, 1.000000000000000000 ) ) ;
#2426 = DIRECTION ( 'NONE',  ( 0.000000000000000000, 0.000000000000000000, 1.000000000000000000 ) ) ;
#2427 = ORIENTED_EDGE ( 'NONE', *, *, #3002, .F. ) ;
#2428 = DIRECTION ( 'NONE',  ( 1.000000000000000000, 0.000000000000000000, 0.000000000000000000 ) ) ;
#2429 = ORIENTED_EDGE ( 'NONE', *, *, #563, .T. ) ;
#2430 = DIRECTION ( 'NONE',  ( 3.469446951953611033E-15, 0.000000000000000000, -1.000000000000000000 ) ) ;
#2431 = EDGE_CURVE ( 'NONE', #4173, #1214, #4443, .T. ) ;
#2432 = EDGE_LOOP ( 'NONE', ( #2541, #3755 ) ) ;
#2433 = EDGE_LOOP ( 'NONE', ( #3784, #4105 ) ) ;
#2434 = CARTESIAN_POINT ( 'NONE',  ( 55.00000000000002132, 73.00000000000000000, 0.000000000000000000 ) ) ;
#2435 = DIRECTION ( 'NONE',  ( -1.000000000000000000, 0.000000000000000000, 0.000000000000000000 ) ) ;
#2436 = ORIENTED_EDGE ( 'NONE', *, *, #2922, .T. ) ;
#2437 = AXIS2_PLACEMENT_3D ( 'NONE', #3533, #1139, #2496 ) ;
#2438 = CIRCLE ( 'NONE', #3371, 2.500000000000002220 ) ;
#2439 = DIRECTION ( 'NONE',  ( 0.000000000000000000, 1.000000000000000000, 0.000000000000000000 ) ) ;
#2440 = ADVANCED_FACE ( 'NONE', ( #3385, #2110 ), #3093, .F. ) ;
#2441 = DIRECTION ( 'NONE',  ( 0.000000000000000000, 0.000000000000000000, 1.000000000000000000 ) ) ;
#2442 = AXIS2_PLACEMENT_3D ( 'NONE', #2916, #202, #4304 ) ;
#2443 = VECTOR ( 'NONE', #3172, 1000.000000000000000 ) ;
#2444 = AXIS2_PLACEMENT_3D ( 'NONE', #4300, #2491, #793 ) ;
#2445 = ORIENTED_EDGE ( 'NONE', *, *, #2842, .F. ) ;
#2446 = DIRECTION ( 'NONE',  ( -0.000000000000000000, -0.000000000000000000, 1.000000000000000000 ) ) ;
#2447 = AXIS2_PLACEMENT_3D ( 'NONE', #3345, #1641, #974 ) ;
#2448 = ADVANCED_FACE ( 'NONE', ( #2075 ), #987, .F. ) ;
#2449 = AXIS2_PLACEMENT_3D ( 'NONE', #2661, #643, #2725 ) ;
#2450 = FACE_OUTER_BOUND ( 'NONE', #839, .T. ) ;
#2451 = AXIS2_PLACEMENT_3D ( 'NONE', #2826, #3773, #347 ) ;
#2452 = DIRECTION ( 'NONE',  ( 0.8660254037844433705, 0.000000000000000000, -0.4999999999999917843 ) ) ;
#2453 = CARTESIAN_POINT ( 'NONE',  ( 0.000000000000000000, 5.000000000000000000, 40.00000000000000000 ) ) ;
#2454 = VERTEX_POINT ( 'NONE', #2709 ) ;
#2455 = CIRCLE ( 'NONE', #312, 4.000000000000003553 ) ;
#2456 = FACE_BOUND ( 'NONE', #136, .T. ) ;
#2457 = ORIENTED_EDGE ( 'NONE', *, *, #118, .T. ) ;
#2458 = CARTESIAN_POINT ( 'NONE',  ( 52.00000000000002132, 10.00000000000000000, 34.00000000000000711 ) ) ;
#2459 = AXIS2_PLACEMENT_3D ( 'NONE', #4347, #1269, #2634 ) ;
#2460 = DIRECTION ( 'NONE',  ( -1.000000000000000000, -0.000000000000000000, -0.000000000000000000 ) ) ;
#2461 = AXIS2_PLACEMENT_3D ( 'NONE', #2314, #2583, #261 ) ;
#2462 = ORIENTED_EDGE ( 'NONE', *, *, #1607, .F. ) ;
#2463 = ORIENTED_EDGE ( 'NONE', *, *, #580, .T. ) ;
#2464 = LINE ( 'NONE', #27, #2519 ) ;
#2465 = LINE ( 'NONE', #2276, #2151 ) ;
#2466 = DIRECTION ( 'NONE',  ( 0.000000000000000000, 0.000000000000000000, 1.000000000000000000 ) ) ;
#2467 = EDGE_LOOP ( 'NONE', ( #1717, #1083, #2037, #2328 ) ) ;
#2468 = CARTESIAN_POINT ( 'NONE',  ( -34.64101615137759183, -5.204170427930421283E-15, 19.99999999999992184 ) ) ;
#2469 = EDGE_CURVE ( 'NONE', #3113, #3222, #1502, .T. ) ;
#2470 = VERTEX_POINT ( 'NONE', #1390 ) ;
#2471 = FACE_OUTER_BOUND ( 'NONE', #1690, .T. ) ;
#2472 = CARTESIAN_POINT ( 'NONE',  ( 70.00000000000000000, 84.99999999999998579, 5.000000000000023093 ) ) ;
#2473 = CARTESIAN_POINT ( 'NONE',  ( -20.00000000000000000, -5.204170427930421283E-15, 1.699999999999930012 ) ) ;
#2474 = CARTESIAN_POINT ( 'NONE',  ( 70.00000000000000000, 85.00000000000000000, -33.99999999999997158 ) ) ;
#2475 = ORIENTED_EDGE ( 'NONE', *, *, #613, .T. ) ;
#2476 = EDGE_CURVE ( 'NONE', #2668, #1619, #3651, .T. ) ;
#2477 = DIRECTION ( 'NONE',  ( 0.5901639344262281650, -0.000000000000000000, -0.8072834263767308949 ) ) ;
#2478 = EDGE_LOOP ( 'NONE', ( #2742, #1464, #4235, #2225 ) ) ;
#2479 = CARTESIAN_POINT ( 'NONE',  ( 55.00000000000002132, 85.00000000000001421, 12.00000000000001066 ) ) ;
#2480 =( NAMED_UNIT ( * ) PLANE_ANGLE_UNIT ( ) SI_UNIT ( $, .RADIAN. ) );
#2481 = ORIENTED_EDGE ( 'NONE', *, *, #3128, .F. ) ;
#2482 = ORIENTED_EDGE ( 'NONE', *, *, #1885, .F. ) ;
#2483 = CARTESIAN_POINT ( 'NONE',  ( 69.00000000000000000, 84.99999999999998579, 35.00000000000001421 ) ) ;
#2484 = DIRECTION ( 'NONE',  ( 1.000000000000000000, 0.000000000000000000, 0.000000000000000000 ) ) ;
#2485 = DIRECTION ( 'NONE',  ( -0.000000000000000000, 1.000000000000000000, -0.000000000000000000 ) ) ;
#2486 = ORIENTED_EDGE ( 'NONE', *, *, #921, .T. ) ;
#2487 = CARTESIAN_POINT ( 'NONE',  ( 34.64101615137731471, -5.204170427930421283E-15, 18.30000000000040217 ) ) ;
#2488 = EDGE_CURVE ( 'NONE', #723, #1891, #1721, .T. ) ;
#2489 = ORIENTED_EDGE ( 'NONE', *, *, #1029, .T. ) ;
#2490 = CARTESIAN_POINT ( 'NONE',  ( -70.00001199999999812, 73.00000000000000000, -2.000000000000003553 ) ) ;
#2491 = DIRECTION ( 'NONE',  ( 0.000000000000000000, -1.000000000000000000, 1.247601729133521180E-16 ) ) ;
#2492 = VERTEX_POINT ( 'NONE', #676 ) ;
#2493 = CARTESIAN_POINT ( 'NONE',  ( 65.00000000000000000, 85.00000000000001421, 12.00000000000001066 ) ) ;
#2494 = EDGE_LOOP ( 'NONE', ( #3418, #1164, #945, #4335 ) ) ;
#2495 = EDGE_CURVE ( 'NONE', #2505, #590, #3014, .T. ) ;
#2496 = DIRECTION ( 'NONE',  ( 0.000000000000000000, 0.000000000000000000, 1.000000000000000000 ) ) ;
#2497 = CARTESIAN_POINT ( 'NONE',  ( 69.00000000000000000, 84.99999999999998579, 1.734839169665972859E-14 ) ) ;
#2498 = ADVANCED_FACE ( 'NONE', ( #335 ), #1054, .T. ) ;
#2499 = ORIENTED_EDGE ( 'NONE', *, *, #4262, .T. ) ;
#2500 = ORIENTED_EDGE ( 'NONE', *, *, #1407, .T. ) ;
#2501 = EDGE_CURVE ( 'NONE', #986, #3407, #3720, .T. ) ;
#2502 = LINE ( 'NONE', #2074, #2373 ) ;
#2503 = AXIS2_PLACEMENT_3D ( 'NONE', #1720, #3712, #2039 ) ;
#2504 = CARTESIAN_POINT ( 'NONE',  ( 34.64101615137773393, 10.00000000000000000, -17.49999999999967670 ) ) ;
#2505 = VERTEX_POINT ( 'NONE', #1325 ) ;
#2506 = AXIS2_PLACEMENT_3D ( 'NONE', #1125, #2956, #4286 ) ;
#2507 = CARTESIAN_POINT ( 'NONE',  ( -34.64101615137746393, -5.204170427930421283E-15, -20.00000000000016342 ) ) ;
#2508 = VECTOR ( 'NONE', #4366, 1000.000000000000000 ) ;
#2509 = VERTEX_POINT ( 'NONE', #28 ) ;
#2510 = DIRECTION ( 'NONE',  ( -0.000000000000000000, 1.000000000000000000, 1.632680918566407040E-16 ) ) ;
#2511 = EDGE_CURVE ( 'NONE', #4007, #4306, #2414, .T. ) ;
#2512 = CARTESIAN_POINT ( 'NONE',  ( -48.43700558260378131, 9.000000000000001776, 35.40983606557378494 ) ) ;
#2513 = AXIS2_PLACEMENT_3D ( 'NONE', #2135, #1740, #2768 ) ;
#2514 = AXIS2_PLACEMENT_3D ( 'NONE', #2731, #3384, #3617 ) ;
#2515 = FACE_OUTER_BOUND ( 'NONE', #982, .T. ) ;
#2516 = CARTESIAN_POINT ( 'NONE',  ( -65.00000000000000000, 85.00000000000001421, 14.00000000000001421 ) ) ;
#2517 = ORIENTED_EDGE ( 'NONE', *, *, #235, .F. ) ;
#2518 = AXIS2_PLACEMENT_3D ( 'NONE', #1623, #3618, #2991 ) ;
#2519 = VECTOR ( 'NONE', #1389, 1000.000000000000000 ) ;
#2520 = EDGE_CURVE ( 'NONE', #3176, #2363, #359, .T. ) ;
#2521 = LINE ( 'NONE', #3893, #1536 ) ;
#2522 = AXIS2_PLACEMENT_3D ( 'NONE', #411, #2851, #2149 ) ;
#2523 = DIRECTION ( 'NONE',  ( 0.000000000000000000, 0.000000000000000000, 1.000000000000000000 ) ) ;
#2524 = CYLINDRICAL_SURFACE ( 'NONE', #2437, 5.000000000000006217 ) ;
#2525 = AXIS2_PLACEMENT_3D ( 'NONE', #2874, #1480, #3853 ) ;
#2526 = AXIS2_PLACEMENT_3D ( 'NONE', #64, #1713, #1814 ) ;
#2527 = AXIS2_PLACEMENT_3D ( 'NONE', #1615, #1673, #2983 ) ;
#2528 = EDGE_CURVE ( 'NONE', #3269, #968, #3141, .T. ) ;
#2529 = CARTESIAN_POINT ( 'NONE',  ( 20.00000000000000000, 10.00000000000000000, -2.499999999999790390 ) ) ;
#2530 = ORIENTED_EDGE ( 'NONE', *, *, #1488, .F. ) ;
#2531 = ORIENTED_EDGE ( 'NONE', *, *, #3866, .F. ) ;
#2532 = AXIS2_PLACEMENT_3D ( 'NONE', #2896, #2599, #3917 ) ;
#2533 = DIRECTION ( 'NONE',  ( 0.8072834263767308949, 0.000000000000000000, -0.5901639344262281650 ) ) ;
#2534 = ADVANCED_FACE ( 'NONE', ( #2129 ), #3623, .F. ) ;
#2535 = VECTOR ( 'NONE', #3555, 1000.000000000000000 ) ;
#2536 = ORIENTED_EDGE ( 'NONE', *, *, #3358, .T. ) ;
#2537 = FACE_BOUND ( 'NONE', #2869, .T. ) ;
#2538 = ORIENTED_EDGE ( 'NONE', *, *, #1398, .F. ) ;
#2539 = AXIS2_PLACEMENT_3D ( 'NONE', #169, #3549, #1538 ) ;
#2540 = CARTESIAN_POINT ( 'NONE',  ( 49.24428900898051609, 10.00000000000000000, 36.00000000000001421 ) ) ;
#2541 = ORIENTED_EDGE ( 'NONE', *, *, #2040, .F. ) ;
#2542 = DIRECTION ( 'NONE',  ( -0.8660254037844399289, 0.000000000000000000, 0.4999999999999976685 ) ) ;
#2543 = FACE_BOUND ( 'NONE', #1863, .T. ) ;
#2544 = CYLINDRICAL_SURFACE ( 'NONE', #19, 1.699999999999999956 ) ;
#2545 = DIRECTION ( 'NONE',  ( 0.000000000000000000, 0.000000000000000000, 1.000000000000000000 ) ) ;
#2546 = EDGE_LOOP ( 'NONE', ( #1616, #3006 ) ) ;
#2547 = FACE_OUTER_BOUND ( 'NONE', #1992, .T. ) ;
#2548 = CARTESIAN_POINT ( 'NONE',  ( -55.99999999999999289, 13.00000000000000178, 34.00000000000000711 ) ) ;
#2549 = DIRECTION ( 'NONE',  ( -1.000000000000000000, -0.000000000000000000, -0.000000000000000000 ) ) ;
#2550 = EDGE_CURVE ( 'NONE', #4054, #3176, #1929, .T. ) ;
#2551 = VERTEX_POINT ( 'NONE', #2936 ) ;
#2552 = DIRECTION ( 'NONE',  ( -1.261617073437677999E-16, 1.000000000000000000, 1.632680918566407040E-16 ) ) ;
#2553 = ORIENTED_EDGE ( 'NONE', *, *, #2282, .F. ) ;
#2554 = EDGE_LOOP ( 'NONE', ( #3341, #4200, #3902, #4182 ) ) ;
#2555 = CARTESIAN_POINT ( 'NONE',  ( 65.00000000000000000, 85.00000000000001421, 8.000000000000005329 ) ) ;
#2556 = DIRECTION ( 'NONE',  ( 0.000000000000000000, 1.000000000000000000, -3.469446951953611033E-15 ) ) ;
#2557 = ORIENTED_EDGE ( 'NONE', *, *, #2469, .F. ) ;
#2558 = ADVANCED_FACE ( 'NONE', ( #2801 ), #2594, .F. ) ;
#2559 = CARTESIAN_POINT ( 'NONE',  ( 55.00000000000002132, 84.99999999999988631, -13.99999999999998579 ) ) ;
#2560 = EDGE_CURVE ( 'NONE', #2214, #1026, #3962, .T. ) ;
#2561 = ORIENTED_EDGE ( 'NONE', *, *, #3568, .F. ) ;
#2562 = DIRECTION ( 'NONE',  ( 0.000000000000000000, 0.000000000000000000, -1.000000000000000000 ) ) ;
#2563 = LINE ( 'NONE', #2910, #2443 ) ;
#2564 = EDGE_CURVE ( 'NONE', #760, #2835, #722, .T. ) ;
#2565 = DIRECTION ( 'NONE',  ( 0.000000000000000000, -1.632680918566407040E-16, 1.000000000000000000 ) ) ;
#2566 = DIRECTION ( 'NONE',  ( -0.000000000000000000, 1.000000000000000000, 0.000000000000000000 ) ) ;
#2567 = ORIENTED_EDGE ( 'NONE', *, *, #2501, .T. ) ;
#2568 = ORIENTED_EDGE ( 'NONE', *, *, #4222, .F. ) ;
#2569 = DIRECTION ( 'NONE',  ( -1.000000000000000000, 0.000000000000000000, 0.000000000000000000 ) ) ;
#2570 = CYLINDRICAL_SURFACE ( 'NONE', #2153, 2.000000000000003553 ) ;
#2571 = CARTESIAN_POINT ( 'NONE',  ( 55.00000000000000711, 120.0000000000000000, 34.00000000000000711 ) ) ;
#2572 = DIRECTION ( 'NONE',  ( 0.000000000000000000, 0.000000000000000000, 1.000000000000000000 ) ) ;
#2573 = VERTEX_POINT ( 'NONE', #3159 ) ;
#2574 = DIRECTION ( 'NONE',  ( 0.000000000000000000, 0.000000000000000000, 1.000000000000000000 ) ) ;
#2575 = ORIENTED_EDGE ( 'NONE', *, *, #1554, .F. ) ;
#2576 = EDGE_CURVE ( 'NONE', #552, #4223, #2618, .T. ) ;
#2577 = DIRECTION ( 'NONE',  ( 0.000000000000000000, 1.000000000000000000, 0.000000000000000000 ) ) ;
#2578 = VERTEX_POINT ( 'NONE', #4305 ) ;
#2579 = DIRECTION ( 'NONE',  ( 0.000000000000000000, -1.000000000000000000, -1.224646799147353207E-16 ) ) ;
#2580 = ORIENTED_EDGE ( 'NONE', *, *, #842, .T. ) ;
#2581 = CARTESIAN_POINT ( 'NONE',  ( -20.00000000000000000, 5.000000000000000000, -6.982962677686266711E-14 ) ) ;
#2582 = ADVANCED_FACE ( 'NONE', ( #95 ), #870, .F. ) ;
#2583 = DIRECTION ( 'NONE',  ( 1.000000000000000000, 0.000000000000000000, 0.000000000000000000 ) ) ;
#2584 = DIRECTION ( 'NONE',  ( 0.000000000000000000, 0.000000000000000000, 1.000000000000000000 ) ) ;
#2585 = DIRECTION ( 'NONE',  ( -1.000000000000000000, 0.000000000000000000, 0.000000000000000000 ) ) ;
#2586 = DIRECTION ( 'NONE',  ( 0.000000000000000000, 1.000000000000000000, 0.000000000000000000 ) ) ;
#2587 = EDGE_LOOP ( 'NONE', ( #1100, #4358, #413, #3021 ) ) ;
#2588 = EDGE_CURVE ( 'NONE', #2254, #2271, #3505, .T. ) ;
#2589 = EDGE_LOOP ( 'NONE', ( #2245, #2025 ) ) ;
#2590 = DIRECTION ( 'NONE',  ( 0.000000000000000000, 0.000000000000000000, -1.000000000000000000 ) ) ;
#2591 = AXIS2_PLACEMENT_3D ( 'NONE', #958, #218, #2616 ) ;
#2592 = ORIENTED_EDGE ( 'NONE', *, *, #1777, .T. ) ;
#2593 = DIRECTION ( 'NONE',  ( -0.000000000000000000, 1.000000000000000000, -0.000000000000000000 ) ) ;
#2594 = CYLINDRICAL_SURFACE ( 'NONE', #2224, 2.500000000000002220 ) ;
#2595 = VERTEX_POINT ( 'NONE', #4198 ) ;
#2596 = VECTOR ( 'NONE', #215, 1000.000000000000000 ) ;
#2597 = VECTOR ( 'NONE', #3757, 1000.000000000000000 ) ;
#2598 = AXIS2_PLACEMENT_3D ( 'NONE', #2096, #2119, #1420 ) ;
#2599 = DIRECTION ( 'NONE',  ( 0.000000000000000000, 1.000000000000000000, 0.000000000000000000 ) ) ;
#2600 = EDGE_LOOP ( 'NONE', ( #1522, #2306, #3432, #4067 ) ) ;
#2601 = TOROIDAL_SURFACE ( 'NONE', #3171, 4.000000000000000000, 1.000000000000000000 ) ;
#2602 = CARTESIAN_POINT ( 'NONE',  ( 70.00000000000000000, 9.000000000000001776, 35.00000000000000711 ) ) ;
#2603 = PRESENTATION_LAYER_ASSIGNMENT (  '', '', ( #1665 ) ) ;
#2604 = CIRCLE ( 'NONE', #670, 1.699999999999999956 ) ;
#2605 = CARTESIAN_POINT ( 'NONE',  ( -34.64101615137746393, 5.000000000000000000, -21.70000000000016271 ) ) ;
#2606 = ORIENTED_EDGE ( 'NONE', *, *, #420, .T. ) ;
#2607 = DIRECTION ( 'NONE',  ( 0.000000000000000000, 0.000000000000000000, 1.000000000000000000 ) ) ;
#2608 = CIRCLE ( 'NONE', #463, 1.000000000000000666 ) ;
#2609 = DIRECTION ( 'NONE',  ( -0.000000000000000000, -1.000000000000000000, -0.000000000000000000 ) ) ;
#2610 = AXIS2_PLACEMENT_3D ( 'NONE', #3785, #3476, #3815 ) ;
#2611 = DIRECTION ( 'NONE',  ( 0.000000000000000000, 0.000000000000000000, 1.000000000000000000 ) ) ;
#2612 = CARTESIAN_POINT ( 'NONE',  ( 70.00000000000000000, 85.00000000000001421, 12.00000000000001066 ) ) ;
#2613 = EDGE_CURVE ( 'NONE', #4306, #3400, #4077, .T. ) ;
#2614 = ORIENTED_EDGE ( 'NONE', *, *, #2712, .T. ) ;
#2615 = CARTESIAN_POINT ( 'NONE',  ( -54.99999999999999289, 84.99999999999988631, -11.99999999999998224 ) ) ;
#2616 = DIRECTION ( 'NONE',  ( 0.000000000000000000, 0.000000000000000000, 1.000000000000000000 ) ) ;
#2617 = CARTESIAN_POINT ( 'NONE',  ( 0.000000000000000000, 10.00000000000000000, -1.122841556220169259E-15 ) ) ;
#2618 = LINE ( 'NONE', #3935, #939 ) ;
#2619 = ADVANCED_FACE ( 'NONE', ( #3268 ), #2831, .F. ) ;
#2620 = EDGE_CURVE ( 'NONE', #2847, #3338, #3944, .T. ) ;
#2621 = ORIENTED_EDGE ( 'NONE', *, *, #2576, .F. ) ;
#2622 = DIRECTION ( 'NONE',  ( 0.000000000000000000, 0.000000000000000000, -1.000000000000000000 ) ) ;
#2623 = ORIENTED_EDGE ( 'NONE', *, *, #3568, .T. ) ;
#2624 = LINE ( 'NONE', #2602, #3445 ) ;
#2625 = ORIENTED_EDGE ( 'NONE', *, *, #3193, .T. ) ;
#2626 = DIRECTION ( 'NONE',  ( 0.000000000000000000, 0.000000000000000000, 1.000000000000000000 ) ) ;
#2627 = ORIENTED_EDGE ( 'NONE', *, *, #2947, .F. ) ;
#2628 = DIRECTION ( 'NONE',  ( -0.000000000000000000, -1.000000000000000000, -0.000000000000000000 ) ) ;
#2629 = FACE_BOUND ( 'NONE', #393, .T. ) ;
#2630 = CARTESIAN_POINT ( 'NONE',  ( 0.000000000000000000, -5.204170427930421283E-15, 21.69999999999999929 ) ) ;
#2631 = EDGE_CURVE ( 'NONE', #3356, #3556, #1801, .T. ) ;
#2632 = CARTESIAN_POINT ( 'NONE',  ( 0.000000000000000000, 5.000000000000000000, 40.00000000000000000 ) ) ;
#2633 = ORIENTED_EDGE ( 'NONE', *, *, #842, .F. ) ;
#2634 = DIRECTION ( 'NONE',  ( 0.000000000000000000, 0.000000000000000000, -1.000000000000000000 ) ) ;
#2635 = DIRECTION ( 'NONE',  ( -1.000000000000000000, -0.000000000000000000, -0.000000000000000000 ) ) ;
#2636 = CYLINDRICAL_SURFACE ( 'NONE', #1807, 2.000000000000003553 ) ;
#2637 = FACE_BOUND ( 'NONE', #2433, .T. ) ;
#2638 = ORIENTED_EDGE ( 'NONE', *, *, #782, .F. ) ;
#2639 = DIRECTION ( 'NONE',  ( -1.000000000000000000, 0.000000000000000000, 0.000000000000000000 ) ) ;
#2640 = ADVANCED_FACE ( 'NONE', ( #3603, #3982 ), #181, .T. ) ;
#2641 = VERTEX_POINT ( 'NONE', #1567 ) ;
#2642 = DIRECTION ( 'NONE',  ( -0.000000000000000000, 1.000000000000000000, 0.000000000000000000 ) ) ;
#2643 = EDGE_CURVE ( 'NONE', #1656, #3197, #2465, .T. ) ;
#2644 = EDGE_LOOP ( 'NONE', ( #3292, #2655 ) ) ;
#2645 = VERTEX_POINT ( 'NONE', #1779 ) ;
#2646 = LINE ( 'NONE', #616, #429 ) ;
#2647 = ORIENTED_EDGE ( 'NONE', *, *, #1793, .F. ) ;
#2648 = DIRECTION ( 'NONE',  ( 1.000000000000000000, 1.261617073437677999E-16, 0.000000000000000000 ) ) ;
#2649 = DIRECTION ( 'NONE',  ( -1.000000000000000000, -0.000000000000000000, -0.000000000000000000 ) ) ;
#2650 = EDGE_CURVE ( 'NONE', #2209, #2108, #226, .T. ) ;
#2651 = DIRECTION ( 'NONE',  ( 0.000000000000000000, 0.000000000000000000, 1.000000000000000000 ) ) ;
#2652 = FACE_OUTER_BOUND ( 'NONE', #3156, .T. ) ;
#2653 = DIRECTION ( 'NONE',  ( 0.000000000000000000, 0.000000000000000000, -1.000000000000000000 ) ) ;
#2654 = CARTESIAN_POINT ( 'NONE',  ( -54.99999999999999289, 73.00000000000000000, -2.000000000000003553 ) ) ;
#2655 = ORIENTED_EDGE ( 'NONE', *, *, #186, .T. ) ;
#2656 = EDGE_CURVE ( 'NONE', #1509, #3269, #872, .T. ) ;
#2657 = AXIS2_PLACEMENT_3D ( 'NONE', #2389, #18, #688 ) ;
#2658 = AXIS2_PLACEMENT_3D ( 'NONE', #1764, #3817, #3718 ) ;
#2659 = DIRECTION ( 'NONE',  ( 0.000000000000000000, 0.000000000000000000, 1.000000000000000000 ) ) ;
#2660 = EDGE_LOOP ( 'NONE', ( #1089, #2362 ) ) ;
#2661 = CARTESIAN_POINT ( 'NONE',  ( -34.64101615137746393, 5.000000000000000000, -20.00000000000016342 ) ) ;
#2662 = AXIS2_PLACEMENT_3D ( 'NONE', #1787, #4136, #3838 ) ;
#2663 = AXIS2_PLACEMENT_3D ( 'NONE', #3477, #3127, #3107 ) ;
#2664 = EDGE_CURVE ( 'NONE', #461, #3308, #1613, .T. ) ;
#2665 = AXIS2_PLACEMENT_3D ( 'NONE', #1203, #536, #3930 ) ;
#2666 = CIRCLE ( 'NONE', #738, 1.000000000000000888 ) ;
#2667 = AXIS2_PLACEMENT_3D ( 'NONE', #408, #1457, #4128 ) ;
#2668 = VERTEX_POINT ( 'NONE', #3041 ) ;
#2669 = EDGE_LOOP ( 'NONE', ( #3848, #3564 ) ) ;
#2670 = AXIS2_PLACEMENT_3D ( 'NONE', #120, #390, #2805 ) ;
#2671 = DIRECTION ( 'NONE',  ( 0.000000000000000000, 0.000000000000000000, 1.000000000000000000 ) ) ;
#2672 = CIRCLE ( 'NONE', #742, 1.000000000000000888 ) ;
#2673 = ADVANCED_FACE ( 'NONE', ( #2295 ), #3059, .F. ) ;
#2674 = CIRCLE ( 'NONE', #4014, 4.000000000000005329 ) ;
#2675 = VERTEX_POINT ( 'NONE', #4046 ) ;
#2676 = AXIS2_PLACEMENT_3D ( 'NONE', #582, #1950, #1931 ) ;
#2677 = FACE_BOUND ( 'NONE', #1319, .T. ) ;
#2678 = CIRCLE ( 'NONE', #1180, 2.500000000000002220 ) ;
#2679 = DIRECTION ( 'NONE',  ( -1.000000000000000000, -0.000000000000000000, -0.000000000000000000 ) ) ;
#2680 = AXIS2_PLACEMENT_3D ( 'NONE', #1370, #2743, #4113 ) ;
#2681 = DIRECTION ( 'NONE',  ( 0.000000000000000000, 1.000000000000000000, -0.000000000000000000 ) ) ;
#2682 = DIRECTION ( 'NONE',  ( -1.000000000000000000, -0.000000000000000000, -0.000000000000000000 ) ) ;
#2683 = DIRECTION ( 'NONE',  ( 0.000000000000000000, 0.000000000000000000, 1.000000000000000000 ) ) ;
#2684 = FACE_BOUND ( 'NONE', #2301, .T. ) ;
#2685 = ORIENTED_EDGE ( 'NONE', *, *, #4148, .T. ) ;
#2686 = CARTESIAN_POINT ( 'NONE',  ( 52.00000000000002132, 12.99999999999999822, -33.99999999999999289 ) ) ;
#2687 = ORIENTED_EDGE ( 'NONE', *, *, #2550, .T. ) ;
#2688 = DIRECTION ( 'NONE',  ( -1.000000000000000000, -0.000000000000000000, 0.000000000000000000 ) ) ;
#2689 = EDGE_LOOP ( 'NONE', ( #76, #1642 ) ) ;
#2690 = VERTEX_POINT ( 'NONE', #4429 ) ;
#2691 = DIRECTION ( 'NONE',  ( 0.000000000000000000, 0.000000000000000000, -1.000000000000000000 ) ) ;
#2692 = EDGE_CURVE ( 'NONE', #1, #866, #3296, .T. ) ;
#2693 = LINE ( 'NONE', #2949, #1236 ) ;
#2694 = EDGE_LOOP ( 'NONE', ( #763, #821 ) ) ;
#2695 = FACE_BOUND ( 'NONE', #1930, .T. ) ;
#2696 = EDGE_CURVE ( 'NONE', #383, #2217, #2980, .T. ) ;
#2697 = CARTESIAN_POINT ( 'NONE',  ( 55.00000000000002132, 85.00000000000001421, 10.00000000000000711 ) ) ;
#2698 = DIRECTION ( 'NONE',  ( -1.000000000000000000, 0.000000000000000000, 0.000000000000000000 ) ) ;
#2699 = CARTESIAN_POINT ( 'NONE',  ( -48.43700558260378131, 10.00000000000000533, 35.40983606557378494 ) ) ;
#2700 = ORIENTED_EDGE ( 'NONE', *, *, #3193, .F. ) ;
#2701 = ORIENTED_EDGE ( 'NONE', *, *, #3681, .T. ) ;
#2702 = DIRECTION ( 'NONE',  ( 0.000000000000000000, 0.000000000000000000, -1.000000000000000000 ) ) ;
#2703 = EDGE_LOOP ( 'NONE', ( #646, #3820, #3716, #674 ) ) ;
#2704 = DIRECTION ( 'NONE',  ( 0.000000000000000000, 0.000000000000000000, 1.000000000000000000 ) ) ;
#2705 = ADVANCED_FACE ( 'NONE', ( #4350 ), #3, .T. ) ;
#2706 = ORIENTED_EDGE ( 'NONE', *, *, #1008, .F. ) ;
#2707 = EDGE_LOOP ( 'NONE', ( #2174, #4353, #2553, #1421 ) ) ;
#2708 = FACE_OUTER_BOUND ( 'NONE', #4111, .T. ) ;
#2709 = CARTESIAN_POINT ( 'NONE',  ( 34.64101615137731471, 10.00000000000000000, 22.50000000000040501 ) ) ;
#2710 =( NAMED_UNIT ( * ) PLANE_ANGLE_UNIT ( ) SI_UNIT ( $, .RADIAN. ) );
#2711 = CARTESIAN_POINT ( 'NONE',  ( 49.24428900898051609, 9.000000000000001776, 35.00000000000000711 ) ) ;
#2712 = EDGE_CURVE ( 'NONE', #2054, #3186, #662, .T. ) ;
#2713 = EDGE_LOOP ( 'NONE', ( #2239, #2757, #1138, #3382 ) ) ;
#2714 = VERTEX_POINT ( 'NONE', #2654 ) ;
#2715 = CARTESIAN_POINT ( 'NONE',  ( -55.99999999999999289, 0.000000000000000000, 35.00000000000000711 ) ) ;
#2716 = CARTESIAN_POINT ( 'NONE',  ( 3.061616997868384127E-16, 5.000000000000000000, -42.50000000000000000 ) ) ;
#2717 = CARTESIAN_POINT ( 'NONE',  ( 70.00001199999999812, 73.00000000000000000, -2.000000000000003553 ) ) ;
#2718 = DIRECTION ( 'NONE',  ( 1.000000000000000000, 0.000000000000000000, 1.047444401652941269E-14 ) ) ;
#2719 = CIRCLE ( 'NONE', #1714, 2.500000000000002665 ) ;
#2720 = EDGE_LOOP ( 'NONE', ( #4264, #3252 ) ) ;
#2721 = EDGE_CURVE ( 'NONE', #4223, #3812, #585, .T. ) ;
#2722 = DIRECTION ( 'NONE',  ( 0.000000000000000000, 0.000000000000000000, -1.000000000000000000 ) ) ;
#2723 = AXIS2_PLACEMENT_3D ( 'NONE', #1458, #3850, #897 ) ;
#2724 = ORIENTED_EDGE ( 'NONE', *, *, #2406, .T. ) ;
#2725 = DIRECTION ( 'NONE',  ( 0.000000000000000000, 0.000000000000000000, 1.000000000000000000 ) ) ;
#2726 = AXIS2_PLACEMENT_3D ( 'NONE', #2548, #3894, #825 ) ;
#2727 = CARTESIAN_POINT ( 'NONE',  ( 52.00000000000002132, 12.99999999999999822, 34.00000000000000711 ) ) ;
#2728 = ORIENTED_EDGE ( 'NONE', *, *, #3582, .T. ) ;
#2729 = EDGE_LOOP ( 'NONE', ( #4047, #2987 ) ) ;
#2730 = CIRCLE ( 'NONE', #947, 1.000000000000000888 ) ;
#2731 = CARTESIAN_POINT ( 'NONE',  ( 55.00000000000001421, 84.99999999999998579, 1.734839169665972859E-14 ) ) ;
#2732 = DIRECTION ( 'NONE',  ( 0.000000000000000000, 1.000000000000000000, 1.632680918566407040E-16 ) ) ;
#2733 = ORIENTED_EDGE ( 'NONE', *, *, #2420, .F. ) ;
#2734 = CIRCLE ( 'NONE', #877, 4.000000000000005329 ) ;
#2735 = AXIS2_PLACEMENT_3D ( 'NONE', #1894, #3204, #2533 ) ;
#2736 = AXIS2_PLACEMENT_3D ( 'NONE', #417, #4207, #684 ) ;
#2737 = CIRCLE ( 'NONE', #1962, 1.699999999999999734 ) ;
#2738 = CARTESIAN_POINT ( 'NONE',  ( 2.081899558550500033E-16, 5.000000000000000000, -41.70000000000000284 ) ) ;
#2739 = ADVANCED_FACE ( 'NONE', ( #933 ), #260, .T. ) ;
#2740 = CIRCLE ( 'NONE', #1739, 1.700000000000000178 ) ;
#2741 = ORIENTED_EDGE ( 'NONE', *, *, #542, .T. ) ;
#2742 = ORIENTED_EDGE ( 'NONE', *, *, #3923, .T. ) ;
#2743 = DIRECTION ( 'NONE',  ( -1.000000000000000000, 0.000000000000000000, -0.000000000000000000 ) ) ;
#2744 = VECTOR ( 'NONE', #4307, 1000.000000000000000 ) ;
#2745 = FACE_BOUND ( 'NONE', #67, .T. ) ;
#2746 = EDGE_CURVE ( 'NONE', #1455, #1573, #3870, .T. ) ;
#2747 = CARTESIAN_POINT ( 'NONE',  ( -54.99999999999999289, 10.00000000000000000, 34.00000000000000711 ) ) ;
#2748 = CARTESIAN_POINT ( 'NONE',  ( 2.081899558550500033E-16, 5.000000000000000000, 38.29999999999999716 ) ) ;
#2749 = ORIENTED_EDGE ( 'NONE', *, *, #2406, .F. ) ;
#2750 = FACE_BOUND ( 'NONE', #3881, .T. ) ;
#2751 = EDGE_LOOP ( 'NONE', ( #736, #2728, #3381, #1148 ) ) ;
#2752 = ADVANCED_FACE ( 'NONE', ( #2684, #2637, #3394, #579, #1976, #638 ), #268, .F. ) ;
#2753 = VECTOR ( 'NONE', #364, 1000.000000000000000 ) ;
#2754 = DIRECTION ( 'NONE',  ( 1.000000000000000000, 0.000000000000000000, 0.000000000000000000 ) ) ;
#2755 = ADVANCED_FACE ( 'NONE', ( #979 ), #3689, .F. ) ;
#2756 = EDGE_LOOP ( 'NONE', ( #4287, #1821, #2862, #1274 ) ) ;
#2757 = ORIENTED_EDGE ( 'NONE', *, *, #1914, .T. ) ;
#2758 = ADVANCED_FACE ( 'NONE', ( #3368 ), #4413, .F. ) ;
#2759 = DIRECTION ( 'NONE',  ( -0.000000000000000000, 0.000000000000000000, 1.000000000000000000 ) ) ;
#2760 = CARTESIAN_POINT ( 'NONE',  ( 69.00000000000000000, 84.99999999999998579, -33.99999999999997868 ) ) ;
#2761 = DIRECTION ( 'NONE',  ( 0.000000000000000000, -1.000000000000000000, 1.047444401652940007E-14 ) ) ;
#2762 = DIRECTION ( 'NONE',  ( -1.000000000000000000, 0.000000000000000000, 0.000000000000000000 ) ) ;
#2763 = VERTEX_POINT ( 'NONE', #2352 ) ;
#2764 = ORIENTED_EDGE ( 'NONE', *, *, #891, .T. ) ;
#2765 = DIRECTION ( 'NONE',  ( 0.000000000000000000, -1.000000000000000000, 0.000000000000000000 ) ) ;
#2766 = EDGE_CURVE ( 'NONE', #433, #1501, #3953, .T. ) ;
#2767 = CARTESIAN_POINT ( 'NONE',  ( 49.24428900898052319, 9.000000000000001776, -36.00000000000000000 ) ) ;
#2768 = DIRECTION ( 'NONE',  ( 0.000000000000000000, 0.000000000000000000, 1.000000000000000000 ) ) ;
#2769 = DIRECTION ( 'NONE',  ( 1.000000000000000000, 0.000000000000000000, 0.000000000000000000 ) ) ;
#2770 = EDGE_LOOP ( 'NONE', ( #3343, #2196, #3336, #3414 ) ) ;
#2771 = PLANE ( 'NONE',  #3740 ) ;
#2772 = ORIENTED_EDGE ( 'NONE', *, *, #1126, .T. ) ;
#2773 = DIRECTION ( 'NONE',  ( -1.000000000000000000, 0.000000000000000000, -3.491481338843130200E-15 ) ) ;
#2774 = ADVANCED_FACE ( 'NONE', ( #342 ), #1809, .F. ) ;
#2775 = LINE ( 'NONE', #2796, #889 ) ;
#2776 = ORIENTED_EDGE ( 'NONE', *, *, #362, .T. ) ;
#2777 = ORIENTED_EDGE ( 'NONE', *, *, #1488, .T. ) ;
#2778 = CARTESIAN_POINT ( 'NONE',  ( 1.836970198721029589E-15, 10.00000000000000000, -15.00000000000000000 ) ) ;
#2779 = EDGE_LOOP ( 'NONE', ( #3775, #2861, #1175, #3624 ) ) ;
#2780 = DIRECTION ( 'NONE',  ( 0.000000000000000000, 0.000000000000000000, 1.000000000000000000 ) ) ;
#2781 = EDGE_LOOP ( 'NONE', ( #1998, #2932 ) ) ;
#2782 = ADVANCED_FACE ( 'NONE', ( #4117 ), #1064, .F. ) ;
#2783 = CARTESIAN_POINT ( 'NONE',  ( -34.64101615137759183, -5.204170427930421283E-15, 21.69999999999992113 ) ) ;
#2784 = DIRECTION ( 'NONE',  ( 0.000000000000000000, 0.000000000000000000, 1.000000000000000000 ) ) ;
#2785 = DIRECTION ( 'NONE',  ( -1.000000000000000000, 0.000000000000000000, 0.000000000000000000 ) ) ;
#2786 = ORIENTED_EDGE ( 'NONE', *, *, #1345, .T. ) ;
#2787 = LINE ( 'NONE', #1330, #391 ) ;
#2788 = DIRECTION ( 'NONE',  ( 0.000000000000000000, 0.000000000000000000, 1.000000000000000000 ) ) ;
#2789 = CARTESIAN_POINT ( 'NONE',  ( 0.000000000000000000, 10.00000000000000000, 20.00000000000000000 ) ) ;
#2790 = DIRECTION ( 'NONE',  ( 0.000000000000000000, 0.000000000000000000, -1.000000000000000000 ) ) ;
#2791 = EDGE_CURVE ( 'NONE', #760, #3060, #2404, .T. ) ;
#2792 = ORIENTED_EDGE ( 'NONE', *, *, #3002, .T. ) ;
#2793 = DIRECTION ( 'NONE',  ( 0.000000000000000000, -1.156482317317871478E-16, -1.000000000000000000 ) ) ;
#2794 = ORIENTED_EDGE ( 'NONE', *, *, #45, .F. ) ;
#2795 = LINE ( 'NONE', #709, #1897 ) ;
#2796 = CARTESIAN_POINT ( 'NONE',  ( 52.00000000000002132, 10.00000000000000000, -34.99999999999999289 ) ) ;
#2797 = ORIENTED_EDGE ( 'NONE', *, *, #1393, .T. ) ;
#2798 = ORIENTED_EDGE ( 'NONE', *, *, #452, .F. ) ;
#2799 = DIRECTION ( 'NONE',  ( 0.000000000000000000, 0.000000000000000000, -1.000000000000000000 ) ) ;
#2800 = EDGE_CURVE ( 'NONE', #2123, #4070, #1788, .T. ) ;
#2801 = FACE_OUTER_BOUND ( 'NONE', #4430, .T. ) ;
#2802 = AXIS2_PLACEMENT_3D ( 'NONE', #4083, #1991, #1019 ) ;
#2803 = ORIENTED_EDGE ( 'NONE', *, *, #2766, .F. ) ;
#2804 = AXIS2_PLACEMENT_3D ( 'NONE', #4330, #267, #2698 ) ;
#2805 = DIRECTION ( 'NONE',  ( 0.000000000000000000, 0.000000000000000000, 1.000000000000000000 ) ) ;
#2806 = ORIENTED_EDGE ( 'NONE', *, *, #596, .T. ) ;
#2807 = EDGE_CURVE ( 'NONE', #3914, #2247, #4387, .T. ) ;
#2808 = CARTESIAN_POINT ( 'NONE',  ( -65.00000000000000000, 73.00000000000000000, 0.000000000000000000 ) ) ;
#2809 = CIRCLE ( 'NONE', #4241, 2.499999999999998668 ) ;
#2810 = VECTOR ( 'NONE', #172, 1000.000000000000000 ) ;
#2811 = AXIS2_PLACEMENT_3D ( 'NONE', #1726, #4150, #3163 ) ;
#2812 = VERTEX_POINT ( 'NONE', #3788 ) ;
#2813 = CARTESIAN_POINT ( 'NONE',  ( -34.64101615137759183, 5.000000000000000000, 17.49999999999991829 ) ) ;
#2814 = VECTOR ( 'NONE', #2839, 1000.000000000000000 ) ;
#2815 = TOROIDAL_SURFACE ( 'NONE', #4094, 4.000000000000000000, 1.000000000000000000 ) ;
#2816 = CYLINDRICAL_SURFACE ( 'NONE', #3304, 2.000000000000003553 ) ;
#2817 = AXIS2_PLACEMENT_3D ( 'NONE', #1935, #3543, #1918 ) ;
#2818 = CARTESIAN_POINT ( 'NONE',  ( 70.00000000000000000, 9.000000000000001776, 35.00000000000000711 ) ) ;
#2819 = CARTESIAN_POINT ( 'NONE',  ( 48.43700558260378841, -4.417737270374434775E-15, -35.40983606557377072 ) ) ;
#2820 = VERTEX_POINT ( 'NONE', #2748 ) ;
#2821 = VECTOR ( 'NONE', #519, 1000.000000000000000 ) ;
#2822 = CARTESIAN_POINT ( 'NONE',  ( -54.99999999999999289, 10.00000000000000000, -34.99999999999999289 ) ) ;
#2823 = VERTEX_POINT ( 'NONE', #1400 ) ;
#2824 = CARTESIAN_POINT ( 'NONE',  ( -20.00000000000000000, 5.000000000000000000, -6.982962677686266711E-14 ) ) ;
#2825 = CIRCLE ( 'NONE', #893, 2.000000000000003553 ) ;
#2826 = CARTESIAN_POINT ( 'NONE',  ( 0.000000000000000000, -5.204170427930421283E-15, 20.00000000000000000 ) ) ;
#2827 = CIRCLE ( 'NONE', #4039, 1.000000000000000666 ) ;
#2828 = ORIENTED_EDGE ( 'NONE', *, *, #563, .F. ) ;
#2829 = EDGE_LOOP ( 'NONE', ( #911, #1279, #830, #3539, #3048 ) ) ;
#2830 = DIRECTION ( 'NONE',  ( -1.000000000000000000, 0.000000000000000000, 0.000000000000000000 ) ) ;
#2831 = CYLINDRICAL_SURFACE ( 'NONE', #4314, 1.700000000000000178 ) ;
#2832 = DIRECTION ( 'NONE',  ( 1.000000000000000000, 0.000000000000000000, 1.047444401652941269E-14 ) ) ;
#2833 = VERTEX_POINT ( 'NONE', #3766 ) ;
#2834 = CARTESIAN_POINT ( 'NONE',  ( 55.00000000000001421, 85.00000000000000000, -33.99999999999997158 ) ) ;
#2835 = VERTEX_POINT ( 'NONE', #3431 ) ;
#2836 = EDGE_CURVE ( 'NONE', #2161, #216, #4137, .T. ) ;
#2837 = DIRECTION ( 'NONE',  ( 0.000000000000000000, 0.000000000000000000, 1.000000000000000000 ) ) ;
#2838 = CARTESIAN_POINT ( 'NONE',  ( -49.24428900898051609, 10.00000000000000000, 34.00000000000000711 ) ) ;
#2839 = DIRECTION ( 'NONE',  ( -1.000000000000000000, -0.000000000000000000, -0.000000000000000000 ) ) ;
#2840 = DIRECTION ( 'NONE',  ( 0.000000000000000000, -1.000000000000000000, 1.040834085586083310E-14 ) ) ;
#2841 = EDGE_LOOP ( 'NONE', ( #2067, #3876, #3644, #4088, #3005, #421, #2376, #803, #1408, #996, #856, #1697, #3690 ) ) ;
#2842 = EDGE_CURVE ( 'NONE', #348, #2641, #80, .T. ) ;
#2843 = CARTESIAN_POINT ( 'NONE',  ( 65.00000000000000000, 85.00000000000001421, 14.00000000000001421 ) ) ;
#2844 = CARTESIAN_POINT ( 'NONE',  ( 49.24428900898052319, 10.00000000000000000, -36.00000000000000000 ) ) ;
#2845 = DIRECTION ( 'NONE',  ( 1.000000000000000000, 1.261617073437677999E-16, 0.000000000000000000 ) ) ;
#2846 = CARTESIAN_POINT ( 'NONE',  ( -34.64101615137759183, -5.204170427930421283E-15, 18.29999999999991900 ) ) ;
#2847 = VERTEX_POINT ( 'NONE', #1709 ) ;
#2848 = EDGE_LOOP ( 'NONE', ( #3426, #3918 ) ) ;
#2849 = FACE_OUTER_BOUND ( 'NONE', #3245, .T. ) ;
#2850 = EDGE_CURVE ( 'NONE', #1142, #3792, #1447, .T. ) ;
#2851 = DIRECTION ( 'NONE',  ( 0.000000000000000000, -1.000000000000000000, -1.224646799147353207E-16 ) ) ;
#2852 = ORIENTED_EDGE ( 'NONE', *, *, #2650, .F. ) ;
#2853 = LINE ( 'NONE', #4276, #170 ) ;
#2854 = EDGE_LOOP ( 'NONE', ( #1651, #4145, #1942, #4104 ) ) ;
#2855 = DIRECTION ( 'NONE',  ( 0.000000000000000000, 1.000000000000000000, 0.000000000000000000 ) ) ;
#2856 = DIRECTION ( 'NONE',  ( 0.000000000000000000, 0.000000000000000000, 1.000000000000000000 ) ) ;
#2857 = CARTESIAN_POINT ( 'NONE',  ( 0.000000000000000000, -5.204170427930421283E-15, -20.00000000000000000 ) ) ;
#2858 = FACE_OUTER_BOUND ( 'NONE', #1395, .T. ) ;
#2859 = EDGE_CURVE ( 'NONE', #3240, #2823, #3443, .T. ) ;
#2860 = UNCERTAINTY_MEASURE_WITH_UNIT (LENGTH_MEASURE( 1.000000000000000082E-05 ), #690, 'distance_accuracy_value', 'NONE');
#2861 = ORIENTED_EDGE ( 'NONE', *, *, #189, .F. ) ;
#2862 = ORIENTED_EDGE ( 'NONE', *, *, #1934, .F. ) ;
#2863 = DIRECTION ( 'NONE',  ( 0.000000000000000000, -1.000000000000000000, 0.000000000000000000 ) ) ;
#2864 = ORIENTED_EDGE ( 'NONE', *, *, #990, .F. ) ;
#2865 = CYLINDRICAL_SURFACE ( 'NONE', #4397, 1.000000000000000888 ) ;
#2866 = EDGE_CURVE ( 'NONE', #2925, #2573, #2370, .T. ) ;
#2867 = CARTESIAN_POINT ( 'NONE',  ( 34.64101615137773393, 5.000000000000000000, -21.69999999999967955 ) ) ;
#2868 = EDGE_LOOP ( 'NONE', ( #2803, #1128 ) ) ;
#2869 = EDGE_LOOP ( 'NONE', ( #252, #1733 ) ) ;
#2870 = PLANE ( 'NONE',  #597 ) ;
#2871 = AXIS2_PLACEMENT_3D ( 'NONE', #3420, #3739, #2691 ) ;
#2872 = EDGE_LOOP ( 'NONE', ( #3587, #1775 ) ) ;
#2873 = DIRECTION ( 'NONE',  ( 0.000000000000000000, 1.000000000000000000, 0.000000000000000000 ) ) ;
#2874 = CARTESIAN_POINT ( 'NONE',  ( 0.000000000000000000, 5.000000000000000000, 40.00000000000000000 ) ) ;
#2875 = CIRCLE ( 'NONE', #3671, 1.699999999999999956 ) ;
#2876 = AXIS2_PLACEMENT_3D ( 'NONE', #541, #1738, #1347 ) ;
#2877 = VERTEX_POINT ( 'NONE', #2819 ) ;
#2878 = LINE ( 'NONE', #2490, #1391 ) ;
#2879 = FACE_OUTER_BOUND ( 'NONE', #2036, .T. ) ;
#2880 = ADVANCED_FACE ( 'NONE', ( #1115 ), #3460, .F. ) ;
#2881 = AXIS2_PLACEMENT_3D ( 'NONE', #1438, #2402, #7 ) ;
#2882 = DIRECTION ( 'NONE',  ( 0.000000000000000000, 1.000000000000000000, 0.000000000000000000 ) ) ;
#2883 = DIRECTION ( 'NONE',  ( 0.000000000000000000, 1.000000000000000000, 0.000000000000000000 ) ) ;
#2884 = CIRCLE ( 'NONE', #2444, 60.00000000000000000 ) ;
#2885 = ORIENTED_EDGE ( 'NONE', *, *, #1578, .F. ) ;
#2886 = CIRCLE ( 'NONE', #1013, 2.500000000000003553 ) ;
#2887 = CIRCLE ( 'NONE', #1372, 2.000000000000003553 ) ;
#2888 = EDGE_LOOP ( 'NONE', ( #3751, #2327, #1190, #744 ) ) ;
#2889 = CARTESIAN_POINT ( 'NONE',  ( -69.00000000000000000, 85.00000000000000000, -33.99999999999997868 ) ) ;
#2890 = AXIS2_PLACEMENT_3D ( 'NONE', #1867, #4274, #1572 ) ;
#2891 = EDGE_LOOP ( 'NONE', ( #135, #363, #1915, #4127 ) ) ;
#2892 = DIRECTION ( 'NONE',  ( 1.000000000000000000, 0.000000000000000000, 0.000000000000000000 ) ) ;
#2893 = CIRCLE ( 'NONE', #954, 2.000000000000003553 ) ;
#2894 = CIRCLE ( 'NONE', #2312, 1.700000000000000178 ) ;
#2895 = VECTOR ( 'NONE', #3706, 1000.000000000000000 ) ;
#2896 = CARTESIAN_POINT ( 'NONE',  ( 0.000000000000000000, -5.204170427930421283E-15, 0.000000000000000000 ) ) ;
#2897 = EDGE_CURVE ( 'NONE', #4308, #3854, #1766, .T. ) ;
#2898 = ADVANCED_FACE ( 'NONE', ( #4157, #1134 ), #1088, .T. ) ;
#2899 = ORIENTED_EDGE ( 'NONE', *, *, #2235, .T. ) ;
#2900 = VERTEX_POINT ( 'NONE', #2474 ) ;
#2901 = AXIS2_PLACEMENT_3D ( 'NONE', #344, #1422, #2793 ) ;
#2902 = CARTESIAN_POINT ( 'NONE',  ( 0.000000000000000000, 5.000000000000000000, -17.50000000000000000 ) ) ;
#2903 = AXIS2_PLACEMENT_3D ( 'NONE', #486, #2133, #2542 ) ;
#2904 = EDGE_CURVE ( 'NONE', #3138, #3400, #774, .T. ) ;
#2905 = ORIENTED_EDGE ( 'NONE', *, *, #3681, .F. ) ;
#2906 = CARTESIAN_POINT ( 'NONE',  ( 56.00000000000002132, -1.766263902812746980E-15, 35.00000000000000711 ) ) ;
#2907 = DIRECTION ( 'NONE',  ( 0.8660254037844332675, 0.000000000000000000, 0.5000000000000094369 ) ) ;
#2908 = VERTEX_POINT ( 'NONE', #3411 ) ;
#2909 = CARTESIAN_POINT ( 'NONE',  ( 34.64101615137773393, -5.204170427930421283E-15, -19.99999999999967670 ) ) ;
#2910 = CARTESIAN_POINT ( 'NONE',  ( 70.00001199999999812, 84.99999999999988631, -13.99999999999998579 ) ) ;
#2911 = CARTESIAN_POINT ( 'NONE',  ( 34.64101615137773393, 5.000000000000000000, -17.49999999999967670 ) ) ;
#2912 = CARTESIAN_POINT ( 'NONE',  ( -65.00000000000000000, 84.99999999999988631, -7.999999999999977796 ) ) ;
#2913 = ORIENTED_EDGE ( 'NONE', *, *, #3986, .F. ) ;
#2914 = DIRECTION ( 'NONE',  ( 0.000000000000000000, 0.000000000000000000, 1.000000000000000000 ) ) ;
#2915 = DIRECTION ( 'NONE',  ( 1.000000000000000000, 0.000000000000000000, 0.000000000000000000 ) ) ;
#2916 = CARTESIAN_POINT ( 'NONE',  ( -34.64101615137759183, 5.000000000000000000, 19.99999999999992184 ) ) ;
#2917 = DIRECTION ( 'NONE',  ( -1.000000000000000000, 0.000000000000000000, 0.000000000000000000 ) ) ;
#2918 = VERTEX_POINT ( 'NONE', #3080 ) ;
#2919 = DIRECTION ( 'NONE',  ( 0.000000000000000000, 0.000000000000000000, 1.000000000000000000 ) ) ;
#2920 = EDGE_LOOP ( 'NONE', ( #696, #4049 ) ) ;
#2921 = CARTESIAN_POINT ( 'NONE',  ( 65.00000000000000000, 84.99999999999988631, -13.99999999999998579 ) ) ;
#2922 = EDGE_CURVE ( 'NONE', #4220, #2877, #2884, .T. ) ;
#2923 = ORIENTED_EDGE ( 'NONE', *, *, #782, .T. ) ;
#2924 = CYLINDRICAL_SURFACE ( 'NONE', #2890, 1.700000000000000178 ) ;
#2925 = VERTEX_POINT ( 'NONE', #1223 ) ;
#2926 = CARTESIAN_POINT ( 'NONE',  ( 3.061616997868382155E-16, 10.00000000000000000, 37.50000000000000000 ) ) ;
#2927 = ADVANCED_FACE ( 'NONE', ( #2858 ), #3212, .T. ) ;
#2928 = DIRECTION ( 'NONE',  ( 0.000000000000000000, -1.000000000000000000, -1.632680918566407040E-16 ) ) ;
#2929 = CARTESIAN_POINT ( 'NONE',  ( -34.64101615137759183, 5.000000000000000000, 22.49999999999992184 ) ) ;
#2930 = DIRECTION ( 'NONE',  ( 0.000000000000000000, 1.000000000000000000, 0.000000000000000000 ) ) ;
#2931 = CARTESIAN_POINT ( 'NONE',  ( -69.00000000000000000, 8.572527594031472993E-15, -34.99999999999999289 ) ) ;
#2932 = ORIENTED_EDGE ( 'NONE', *, *, #620, .F. ) ;
#2933 = DIRECTION ( 'NONE',  ( 0.000000000000000000, -1.000000000000000000, 1.040834085586083310E-14 ) ) ;
#2934 = EDGE_LOOP ( 'NONE', ( #1206, #3314 ) ) ;
#2935 = CARTESIAN_POINT ( 'NONE',  ( -70.00000000000000000, 84.99999999999988631, -7.999999999999977796 ) ) ;
#2936 = CARTESIAN_POINT ( 'NONE',  ( 65.00000000000000000, 73.00000000000000000, -4.000000000000005329 ) ) ;
#2937 = ORIENTED_EDGE ( 'NONE', *, *, #1869, .F. ) ;
#2938 = CARTESIAN_POINT ( 'NONE',  ( 55.00000000000002132, 84.99999999999988631, -11.99999999999998224 ) ) ;
#2939 = ORIENTED_EDGE ( 'NONE', *, *, #4209, .F. ) ;
#2940 = CARTESIAN_POINT ( 'NONE',  ( 70.00000000000000000, 0.000000000000000000, 35.00000000000000711 ) ) ;
#2941 = DIRECTION ( 'NONE',  ( 0.000000000000000000, 0.000000000000000000, 1.000000000000000000 ) ) ;
#2942 = ORIENTED_EDGE ( 'NONE', *, *, #4125, .F. ) ;
#2943 = ADVANCED_FACE ( 'NONE', ( #3572 ), #3238, .F. ) ;
#2944 = CARTESIAN_POINT ( 'NONE',  ( 70.00000000000000000, 8.450062914116737844E-15, -33.99999999999999289 ) ) ;
#2945 = AXIS2_PLACEMENT_3D ( 'NONE', #386, #2395, #1756 ) ;
#2946 = CARTESIAN_POINT ( 'NONE',  ( -70.00001199999999812, 85.00000000000001421, 12.00000000000001066 ) ) ;
#2947 = EDGE_CURVE ( 'NONE', #668, #1427, #4020, .T. ) ;
#2948 = DIRECTION ( 'NONE',  ( -0.000000000000000000, -1.000000000000000000, -0.000000000000000000 ) ) ;
#2949 = CARTESIAN_POINT ( 'NONE',  ( 70.00000000000000000, 85.00000000000000000, -34.99999999999998579 ) ) ;
#2950 = VERTEX_POINT ( 'NONE', #2931 ) ;
#2951 = DIRECTION ( 'NONE',  ( -1.000000000000000000, -0.000000000000000000, -0.000000000000000000 ) ) ;
#2952 = AXIS2_PLACEMENT_3D ( 'NONE', #683, #59, #3818 ) ;
#2953 = VECTOR ( 'NONE', #555, 1000.000000000000000 ) ;
#2954 = CARTESIAN_POINT ( 'NONE',  ( 20.00000000000000000, 5.000000000000000000, -1.699999999999790345 ) ) ;
#2955 = LINE ( 'NONE', #303, #232 ) ;
#2956 = DIRECTION ( 'NONE',  ( -1.000000000000000000, -0.000000000000000000, -0.000000000000000000 ) ) ;
#2957 = ORIENTED_EDGE ( 'NONE', *, *, #1027, .F. ) ;
#2958 = VECTOR ( 'NONE', #4344, 1000.000000000000000 ) ;
#2959 = AXIS2_PLACEMENT_3D ( 'NONE', #435, #1834, #3909 ) ;
#2960 = CIRCLE ( 'NONE', #1017, 2.000000000000003553 ) ;
#2961 = CARTESIAN_POINT ( 'NONE',  ( -51.99999999999999289, 8.999999999999994671, -34.99999999999999289 ) ) ;
#2962 = ORIENTED_EDGE ( 'NONE', *, *, #1914, .F. ) ;
#2963 = CIRCLE ( 'NONE', #1021, 2.499999999999998668 ) ;
#2964 = CIRCLE ( 'NONE', #454, 2.499999999999998668 ) ;
#2965 = DIRECTION ( 'NONE',  ( -1.000000000000000000, 0.000000000000000000, 0.000000000000000000 ) ) ;
#2966 = EDGE_CURVE ( 'NONE', #2847, #1192, #3593, .T. ) ;
#2967 = VECTOR ( 'NONE', #475, 1000.000000000000000 ) ;
#2968 = CARTESIAN_POINT ( 'NONE',  ( 70.00000000000000000, 84.99999999999998579, 1.734839169665972859E-14 ) ) ;
#2969 = EDGE_LOOP ( 'NONE', ( #3828, #3707 ) ) ;
#2970 = DIRECTION ( 'NONE',  ( 0.000000000000000000, 0.000000000000000000, -1.000000000000000000 ) ) ;
#2971 = CIRCLE ( 'NONE', #3325, 2.000000000000003553 ) ;
#2972 = DIRECTION ( 'NONE',  ( -1.000000000000000000, -0.000000000000000000, 0.000000000000000000 ) ) ;
#2973 = DIRECTION ( 'NONE',  ( 0.000000000000000000, 0.000000000000000000, 1.000000000000000000 ) ) ;
#2974 = LINE ( 'NONE', #1579, #530 ) ;
#2975 = EDGE_LOOP ( 'NONE', ( #3963, #3561 ) ) ;
#2976 = EDGE_CURVE ( 'NONE', #3407, #986, #3732, .T. ) ;
#2977 = CYLINDRICAL_SURFACE ( 'NONE', #2459, 4.000000000000005329 ) ;
#2978 = DIRECTION ( 'NONE',  ( 0.000000000000000000, 0.000000000000000000, 1.000000000000000000 ) ) ;
#2979 = DIRECTION ( 'NONE',  ( 0.000000000000000000, -1.000000000000000000, 0.000000000000000000 ) ) ;
#2980 = LINE ( 'NONE', #3703, #3864 ) ;
#2981 = ORIENTED_EDGE ( 'NONE', *, *, #2692, .F. ) ;
#2982 = ADVANCED_FACE ( 'NONE', ( #175 ), #4227, .F. ) ;
#2983 = DIRECTION ( 'NONE',  ( 0.000000000000000000, 0.000000000000000000, 1.000000000000000000 ) ) ;
#2984 = ORIENTED_EDGE ( 'NONE', *, *, #362, .F. ) ;
#2985 = DIRECTION ( 'NONE',  ( 1.000000000000000000, -0.000000000000000000, 0.000000000000000000 ) ) ;
#2986 = ORIENTED_EDGE ( 'NONE', *, *, #3404, .T. ) ;
#2987 = ORIENTED_EDGE ( 'NONE', *, *, #2360, .T. ) ;
#2988 = DIRECTION ( 'NONE',  ( 0.000000000000000000, 0.000000000000000000, -1.000000000000000000 ) ) ;
#2989 = EDGE_CURVE ( 'NONE', #3134, #329, #1661, .T. ) ;
#2990 = CARTESIAN_POINT ( 'NONE',  ( 56.00000000000000711, 120.0000000000000000, 34.00000000000000711 ) ) ;
#2991 = DIRECTION ( 'NONE',  ( 0.000000000000000000, 0.000000000000000000, -1.000000000000000000 ) ) ;
#2992 = ADVANCED_FACE ( 'NONE', ( #1562 ), #3952, .F. ) ;
#2993 = EDGE_LOOP ( 'NONE', ( #1329, #5, #749, #1045 ) ) ;
#2994 = CARTESIAN_POINT ( 'NONE',  ( 65.00000000000000000, 96.99999999999998579, 4.000000000000039968 ) ) ;
#2995 = CARTESIAN_POINT ( 'NONE',  ( 55.00000000000002132, 73.00000000000000000, 2.000000000000003553 ) ) ;
#2996 = EDGE_CURVE ( 'NONE', #2217, #606, #2960, .T. ) ;
#2997 = DIRECTION ( 'NONE',  ( -1.000000000000000000, -1.261617073437677999E-16, -0.000000000000000000 ) ) ;
#2998 = CARTESIAN_POINT ( 'NONE',  ( 65.00000000000000000, 84.99999999999988631, -11.99999999999998224 ) ) ;
#2999 = VERTEX_POINT ( 'NONE', #466 ) ;
#3000 = DIRECTION ( 'NONE',  ( -1.000000000000000000, 0.000000000000000000, 0.000000000000000000 ) ) ;
#3001 = VERTEX_POINT ( 'NONE', #2516 ) ;
#3002 = EDGE_CURVE ( 'NONE', #1336, #2509, #1836, .T. ) ;
#3003 = CARTESIAN_POINT ( 'NONE',  ( -70.00000000000000000, 73.00000000000000000, -4.000000000000005329 ) ) ;
#3004 = AXIS2_PLACEMENT_3D ( 'NONE', #2248, #553, #3972 ) ;
#3005 = ORIENTED_EDGE ( 'NONE', *, *, #1403, .T. ) ;
#3006 = ORIENTED_EDGE ( 'NONE', *, *, #3753, .F. ) ;
#3007 = CARTESIAN_POINT ( 'NONE',  ( 0.000000000000000000, -5.204170427930421283E-15, 15.00000000000000000 ) ) ;
#3008 = DIRECTION ( 'NONE',  ( -1.261617073437677999E-16, 1.000000000000000000, 0.000000000000000000 ) ) ;
#3009 = ORIENTED_EDGE ( 'NONE', *, *, #3512, .T. ) ;
#3010 = DIRECTION ( 'NONE',  ( -1.000000000000000000, 0.000000000000000000, 0.000000000000000000 ) ) ;
#3011 = AXIS2_PLACEMENT_3D ( 'NONE', #2310, #571, #4038 ) ;
#3012 = CARTESIAN_POINT ( 'NONE',  ( 70.00000000000000000, 0.000000000000000000, 35.00000000000000711 ) ) ;
#3013 = CARTESIAN_POINT ( 'NONE',  ( -65.00000000000000000, 96.99999999999998579, 3.469678339331945719E-14 ) ) ;
#3014 = CIRCLE ( 'NONE', #1293, 1.700000000000000178 ) ;
#3015 = CARTESIAN_POINT ( 'NONE',  ( 0.000000000000000000, 5.000000000000000000, 40.00000000000000000 ) ) ;
#3016 = DIRECTION ( 'NONE',  ( 0.000000000000000000, -1.000000000000000000, 1.247601729133521180E-16 ) ) ;
#3017 = EDGE_LOOP ( 'NONE', ( #2700, #2981 ) ) ;
#3018 = AXIS2_PLACEMENT_3D ( 'NONE', #1840, #3267, #152 ) ;
#3019 = CIRCLE ( 'NONE', #2658, 34.99999999999999289 ) ;
#3020 = DIRECTION ( 'NONE',  ( -1.000000000000000000, 0.000000000000000000, 0.000000000000000000 ) ) ;
#3021 = ORIENTED_EDGE ( 'NONE', *, *, #1163, .F. ) ;
#3022 = CARTESIAN_POINT ( 'NONE',  ( 34.64101615137731471, -5.204170427930421283E-15, 20.00000000000040146 ) ) ;
#3023 = TOROIDAL_SURFACE ( 'NONE', #1887, 59.00000000000000000, 1.000000000000000000 ) ;
#3024 = CIRCLE ( 'NONE', #2811, 1.700000000000000178 ) ;
#3025 = EDGE_CURVE ( 'NONE', #4260, #3001, #3239, .T. ) ;
#3026 = EDGE_CURVE ( 'NONE', #2405, #154, #3311, .T. ) ;
#3027 = TOROIDAL_SURFACE ( 'NONE', #1594, 4.000000000000000000, 1.000000000000000000 ) ;
#3028 = ORIENTED_EDGE ( 'NONE', *, *, #1866, .F. ) ;
#3029 = ORIENTED_EDGE ( 'NONE', *, *, #3980, .F. ) ;
#3030 = AXIS2_PLACEMENT_3D ( 'NONE', #2968, #4338, #3206 ) ;
#3031 = DIRECTION ( 'NONE',  ( -1.000000000000000000, 0.000000000000000000, 0.000000000000000000 ) ) ;
#3032 = EDGE_CURVE ( 'NONE', #625, #3407, #508, .T. ) ;
#3033 = VECTOR ( 'NONE', #4066, 1000.000000000000000 ) ;
#3034 = AXIS2_PLACEMENT_3D ( 'NONE', #3995, #930, #2291 ) ;
#3035 = DIRECTION ( 'NONE',  ( -0.8660254037844363761, 0.000000000000000000, -0.5000000000000041078 ) ) ;
#3036 = ORIENTED_EDGE ( 'NONE', *, *, #2215, .T. ) ;
#3037 = AXIS2_PLACEMENT_3D ( 'NONE', #1735, #6, #1763 ) ;
#3038 = DIRECTION ( 'NONE',  ( 0.000000000000000000, -1.632680918566407040E-16, 1.000000000000000000 ) ) ;
#3039 = CARTESIAN_POINT ( 'NONE',  ( 0.000000000000000000, 9.000000000000001776, -1.122841556220169259E-15 ) ) ;
#3040 = CARTESIAN_POINT ( 'NONE',  ( -70.00000000000000000, 85.00000000000000000, -33.99999999999997158 ) ) ;
#3041 = CARTESIAN_POINT ( 'NONE',  ( -51.99999999999999289, 9.000000000000001776, 35.00000000000000711 ) ) ;
#3042 = ADVANCED_FACE ( 'NONE', ( #1413 ), #456, .F. ) ;
#3043 = ORIENTED_EDGE ( 'NONE', *, *, #3373, .F. ) ;
#3044 = CARTESIAN_POINT ( 'NONE',  ( 70.00000000000000000, 96.99999999999998579, 4.000000000000039968 ) ) ;
#3045 = ORIENTED_EDGE ( 'NONE', *, *, #3293, .T. ) ;
#3046 = CARTESIAN_POINT ( 'NONE',  ( 70.00000000000000000, 96.99999999999998579, 3.469678339331945719E-14 ) ) ;
#3047 = ORIENTED_EDGE ( 'NONE', *, *, #1793, .T. ) ;
#3048 = ORIENTED_EDGE ( 'NONE', *, *, #3541, .T. ) ;
#3049 = DIRECTION ( 'NONE',  ( -0.000000000000000000, 1.000000000000000000, 0.000000000000000000 ) ) ;
#3050 = EDGE_CURVE ( 'NONE', #1783, #2470, #3024, .T. ) ;
#3051 = DIRECTION ( 'NONE',  ( 0.000000000000000000, 1.224646799147353207E-16, -1.000000000000000000 ) ) ;
#3052 = ADVANCED_FACE ( 'NONE', ( #1078 ), #3515, .F. ) ;
#3053 = DIRECTION ( 'NONE',  ( 0.000000000000000000, 0.000000000000000000, 1.000000000000000000 ) ) ;
#3054 = EDGE_LOOP ( 'NONE', ( #55, #3070, #1495, #1297 ) ) ;
#3055 = ORIENTED_EDGE ( 'NONE', *, *, #1876, .F. ) ;
#3056 = DIRECTION ( 'NONE',  ( 0.000000000000000000, 1.000000000000000000, 0.000000000000000000 ) ) ;
#3057 = DIRECTION ( 'NONE',  ( 0.000000000000000000, 0.000000000000000000, 1.000000000000000000 ) ) ;
#3058 = CARTESIAN_POINT ( 'NONE',  ( 69.00000000000000000, 85.00000000000000000, -34.99999999999998579 ) ) ;
#3059 = CYLINDRICAL_SURFACE ( 'NONE', #1360, 4.000000000000003553 ) ;
#3060 = VERTEX_POINT ( 'NONE', #1800 ) ;
#3061 = CARTESIAN_POINT ( 'NONE',  ( 0.000000000000000000, 10.00000000000000000, 42.50000000000000000 ) ) ;
#3062 = ORIENTED_EDGE ( 'NONE', *, *, #1208, .F. ) ;
#3063 = DIRECTION ( 'NONE',  ( -1.000000000000000000, -0.000000000000000000, -0.000000000000000000 ) ) ;
#3064 = CARTESIAN_POINT ( 'NONE',  ( -65.00000000000000000, 84.99999999999988631, -15.99999999999998579 ) ) ;
#3065 = ORIENTED_EDGE ( 'NONE', *, *, #4237, .F. ) ;
#3066 = EDGE_LOOP ( 'NONE', ( #349, #2706, #3480, #3869 ) ) ;
#3067 = CYLINDRICAL_SURFACE ( 'NONE', #3950, 2.500000000000002220 ) ;
#3068 = FACE_BOUND ( 'NONE', #1984, .T. ) ;
#3069 = ORIENTED_EDGE ( 'NONE', *, *, #3562, .F. ) ;
#3070 = ORIENTED_EDGE ( 'NONE', *, *, #2692, .T. ) ;
#3071 = ADVANCED_FACE ( 'NONE', ( #1392 ), #1826, .F. ) ;
#3072 = DIRECTION ( 'NONE',  ( 0.000000000000000000, -1.000000000000000000, 0.000000000000000000 ) ) ;
#3073 = CARTESIAN_POINT ( 'NONE',  ( 70.00001199999999812, 73.00000000000000000, 0.000000000000000000 ) ) ;
#3074 = ORIENTED_EDGE ( 'NONE', *, *, #1016, .F. ) ;
#3075 = EDGE_CURVE ( 'NONE', #4416, #1783, #1146, .T. ) ;
#3076 = EDGE_CURVE ( 'NONE', #3105, #2161, #593, .T. ) ;
#3077 = CARTESIAN_POINT ( 'NONE',  ( -34.64101615137746393, -5.204170427930421283E-15, -20.00000000000016342 ) ) ;
#3078 = CARTESIAN_POINT ( 'NONE',  ( -69.00000000000000000, 84.99999999999998579, 34.00000000000000711 ) ) ;
#3079 = DIRECTION ( 'NONE',  ( -1.000000000000000000, 0.000000000000000000, -3.491481338843133355E-15 ) ) ;
#3080 = CARTESIAN_POINT ( 'NONE',  ( 55.00000000000002132, 85.00000000000001421, 14.00000000000001421 ) ) ;
#3081 = ORIENTED_EDGE ( 'NONE', *, *, #2420, .T. ) ;
#3082 = DIRECTION ( 'NONE',  ( -0.000000000000000000, 1.000000000000000000, -0.000000000000000000 ) ) ;
#3083 = AXIS2_PLACEMENT_3D ( 'NONE', #1947, #3307, #3722 ) ;
#3084 = ORIENTED_EDGE ( 'NONE', *, *, #4037, .F. ) ;
#3085 = CARTESIAN_POINT ( 'NONE',  ( -49.24428900898050898, 0.000000000000000000, 35.00000000000000711 ) ) ;
#3086 = AXIS2_PLACEMENT_3D ( 'NONE', #628, #2688, #1617 ) ;
#3087 = CIRCLE ( 'NONE', #3655, 2.000000000000003553 ) ;
#3088 = CARTESIAN_POINT ( 'NONE',  ( 55.00000000000001421, 84.99999999999998579, 34.00000000000000711 ) ) ;
#3089 = ORIENTED_EDGE ( 'NONE', *, *, #3504, .T. ) ;
#3090 = VERTEX_POINT ( 'NONE', #1459 ) ;
#3091 = TOROIDAL_SURFACE ( 'NONE', #2021, 33.99999999999999289, 1.000000000000000000 ) ;
#3092 = CARTESIAN_POINT ( 'NONE',  ( -34.64101615137759183, -5.204170427930421283E-15, 18.29999999999991900 ) ) ;
#3093 = PLANE ( 'NONE',  #357 ) ;
#3094 = AXIS2_PLACEMENT_3D ( 'NONE', #2113, #99, #73 ) ;
#3095 = ORIENTED_EDGE ( 'NONE', *, *, #3189, .F. ) ;
#3096 = ADVANCED_FACE ( 'NONE', ( #3188, #1431 ), #2080, .F. ) ;
#3097 = AXIS2_PLACEMENT_3D ( 'NONE', #2002, #2679, #1283 ) ;
#3098 = CIRCLE ( 'NONE', #1816, 2.000000000000001776 ) ;
#3099 = CIRCLE ( 'NONE', #3030, 33.99999999999999289 ) ;
#3100 = DIRECTION ( 'NONE',  ( 1.000000000000000000, 0.000000000000000000, 0.000000000000000000 ) ) ;
#3101 = AXIS2_PLACEMENT_3D ( 'NONE', #4423, #679, #4131 ) ;
#3102 = CIRCLE ( 'NONE', #4098, 4.000000000000003553 ) ;
#3103 = DIRECTION ( 'NONE',  ( 0.000000000000000000, 0.000000000000000000, -1.000000000000000000 ) ) ;
#3104 = AXIS2_PLACEMENT_3D ( 'NONE', #4370, #641, #2279 ) ;
#3105 = VERTEX_POINT ( 'NONE', #1057 ) ;
#3106 = PLANE ( 'NONE',  #2680 ) ;
#3107 = DIRECTION ( 'NONE',  ( 0.000000000000000000, 0.000000000000000000, 1.000000000000000000 ) ) ;
#3108 = CARTESIAN_POINT ( 'NONE',  ( -69.00000000000000000, 85.00000000000000000, -34.99999999999998579 ) ) ;
#3109 = CARTESIAN_POINT ( 'NONE',  ( -20.00000000000000000, 5.000000000000000000, -2.500000000000069722 ) ) ;
#3110 = EDGE_CURVE ( 'NONE', #590, #2505, #3886, .T. ) ;
#3111 = ORIENTED_EDGE ( 'NONE', *, *, #236, .T. ) ;
#3112 = FACE_OUTER_BOUND ( 'NONE', #418, .T. ) ;
#3113 = VERTEX_POINT ( 'NONE', #4177 ) ;
#3114 = AXIS2_PLACEMENT_3D ( 'NONE', #3077, #56, #702 ) ;
#3115 = CARTESIAN_POINT ( 'NONE',  ( -20.00000000000000000, -5.204170427930421283E-15, -6.982962677686266711E-14 ) ) ;
#3116 = EDGE_CURVE ( 'NONE', #1656, #902, #167, .T. ) ;
#3117 = ORIENTED_EDGE ( 'NONE', *, *, #1993, .T. ) ;
#3118 = VERTEX_POINT ( 'NONE', #2504 ) ;
#3119 = DIRECTION ( 'NONE',  ( 0.000000000000000000, 0.000000000000000000, 1.000000000000000000 ) ) ;
#3120 = LINE ( 'NONE', #352, #3295 ) ;
#3121 = VERTEX_POINT ( 'NONE', #1478 ) ;
#3122 = CARTESIAN_POINT ( 'NONE',  ( 0.000000000000000000, -5.204170427930421283E-15, -20.00000000000000000 ) ) ;
#3123 = EDGE_CURVE ( 'NONE', #902, #526, #3806, .T. ) ;
#3124 = CYLINDRICAL_SURFACE ( 'NONE', #1378, 4.000000000000005329 ) ;
#3125 = VERTEX_POINT ( 'NONE', #3473 ) ;
#3126 = CARTESIAN_POINT ( 'NONE',  ( -51.99999999999999289, 13.00000000000000178, -33.99999999999999289 ) ) ;
#3127 = DIRECTION ( 'NONE',  ( -1.000000000000000000, 0.000000000000000000, 0.000000000000000000 ) ) ;
#3128 = EDGE_CURVE ( 'NONE', #425, #2358, #21, .T. ) ;
#3129 = DIRECTION ( 'NONE',  ( 0.000000000000000000, -1.224646799147349509E-16, 1.000000000000000000 ) ) ;
#3130 = CARTESIAN_POINT ( 'NONE',  ( -54.99999999999999289, 120.0000000000000000, 34.00000000000000711 ) ) ;
#3131 = ORIENTED_EDGE ( 'NONE', *, *, #2012, .T. ) ;
#3132 = CARTESIAN_POINT ( 'NONE',  ( -20.00000000000000000, 5.000000000000000000, -6.982962677686266711E-14 ) ) ;
#3133 = EDGE_CURVE ( 'NONE', #2823, #3240, #2740, .T. ) ;
#3134 = VERTEX_POINT ( 'NONE', #3875 ) ;
#3135 = DIRECTION ( 'NONE',  ( -0.000000000000000000, -1.000000000000000000, -0.000000000000000000 ) ) ;
#3136 = DIRECTION ( 'NONE',  ( 0.000000000000000000, 0.000000000000000000, -1.000000000000000000 ) ) ;
#3137 = EDGE_CURVE ( 'NONE', #3001, #4260, #1818, .T. ) ;
#3138 = VERTEX_POINT ( 'NONE', #3832 ) ;
#3139 = ORIENTED_EDGE ( 'NONE', *, *, #3694, .F. ) ;
#3140 = DIRECTION ( 'NONE',  ( 0.000000000000000000, 1.000000000000000000, 0.000000000000000000 ) ) ;
#3141 = LINE ( 'NONE', #70, #4233 ) ;
#3142 = EDGE_LOOP ( 'NONE', ( #3612, #149, #4159, #4178 ) ) ;
#3143 = DIRECTION ( 'NONE',  ( 0.000000000000000000, 0.000000000000000000, 1.000000000000000000 ) ) ;
#3144 = CARTESIAN_POINT ( 'NONE',  ( 65.00000000000000000, 73.00000000000000000, 0.000000000000000000 ) ) ;
#3145 = VERTEX_POINT ( 'NONE', #769 ) ;
#3146 = LINE ( 'NONE', #462, #1977 ) ;
#3147 = LINE ( 'NONE', #2716, #2304 ) ;
#3148 = CARTESIAN_POINT ( 'NONE',  ( 3.061616997868384620E-16, 10.00000000000000000, -22.50000000000000000 ) ) ;
#3149 = CARTESIAN_POINT ( 'NONE',  ( 70.00000000000000000, 84.99999999999998579, 5.000000000000023093 ) ) ;
#3150 = VERTEX_POINT ( 'NONE', #3422 ) ;
#3151 = DIRECTION ( 'NONE',  ( -0.000000000000000000, 1.000000000000000000, 1.224646799147353207E-16 ) ) ;
#3152 = ORIENTED_EDGE ( 'NONE', *, *, #2089, .F. ) ;
#3153 = FACE_OUTER_BOUND ( 'NONE', #1073, .T. ) ;
#3154 = AXIS2_PLACEMENT_3D ( 'NONE', #1961, #924, #2671 ) ;
#3155 = CARTESIAN_POINT ( 'NONE',  ( 70.00000000000000000, 84.99999999999988631, -15.99999999999998579 ) ) ;
#3156 = EDGE_LOOP ( 'NONE', ( #2633, #4282, #2797, #509 ) ) ;
#3157 = ORIENTED_EDGE ( 'NONE', *, *, #2315, .T. ) ;
#3158 = CARTESIAN_POINT ( 'NONE',  ( 0.000000000000000000, 5.000000000000000000, -37.50000000000000000 ) ) ;
#3159 = CARTESIAN_POINT ( 'NONE',  ( 70.00000000000000000, 85.00000000000001421, 16.00000000000001421 ) ) ;
#3160 = EDGE_CURVE ( 'NONE', #4007, #3138, #3526, .T. ) ;
#3161 = AXIS2_PLACEMENT_3D ( 'NONE', #2275, #578, #3367 ) ;
#3162 = AXIS2_PLACEMENT_3D ( 'NONE', #3013, #2635, #3348 ) ;
#3163 = DIRECTION ( 'NONE',  ( 0.000000000000000000, 0.000000000000000000, 1.000000000000000000 ) ) ;
#3164 = CARTESIAN_POINT ( 'NONE',  ( 70.00000000000000000, 84.99999999999998579, 5.000000000000023093 ) ) ;
#3165 = VECTOR ( 'NONE', #952, 1000.000000000000000 ) ;
#3166 = EDGE_CURVE ( 'NONE', #866, #2925, #785, .T. ) ;
#3167 = AXIS2_PLACEMENT_3D ( 'NONE', #506, #791, #126 ) ;
#3168 = EDGE_LOOP ( 'NONE', ( #2923, #786, #3486, #4035, #3912, #485, #3985 ) ) ;
#3169 = FACE_OUTER_BOUND ( 'NONE', #581, .T. ) ;
#3170 = AXIS2_PLACEMENT_3D ( 'NONE', #3144, #337, #54 ) ;
#3171 = AXIS2_PLACEMENT_3D ( 'NONE', #1428, #119, #1797 ) ;
#3172 = DIRECTION ( 'NONE',  ( -1.000000000000000000, 0.000000000000000000, 0.000000000000000000 ) ) ;
#3173 = CIRCLE ( 'NONE', #1960, 4.000000000000003553 ) ;
#3174 = CARTESIAN_POINT ( 'NONE',  ( 70.00000000000000000, 96.99999999999998579, 3.469678339331945719E-14 ) ) ;
#3175 = CARTESIAN_POINT ( 'NONE',  ( 20.00000000000000000, 5.000000000000000000, -2.499999999999790390 ) ) ;
#3176 = VERTEX_POINT ( 'NONE', #551 ) ;
#3177 = CIRCLE ( 'NONE', #2378, 1.000000000000000888 ) ;
#3178 = CARTESIAN_POINT ( 'NONE',  ( -34.64101615137759183, 10.00000000000000000, 17.49999999999991829 ) ) ;
#3179 = ORIENTED_EDGE ( 'NONE', *, *, #2035, .F. ) ;
#3180 = DIRECTION ( 'NONE',  ( -1.982541115402065356E-16, 1.000000000000000000, 0.000000000000000000 ) ) ;
#3181 = EDGE_CURVE ( 'NONE', #2900, #1047, #3099, .T. ) ;
#3182 = CIRCLE ( 'NONE', #1386, 4.000000000000005329 ) ;
#3183 = DIRECTION ( 'NONE',  ( 0.000000000000000000, 1.000000000000000000, 0.000000000000000000 ) ) ;
#3184 = CIRCLE ( 'NONE', #3463, 4.000000000000000000 ) ;
#3185 = ORIENTED_EDGE ( 'NONE', *, *, #2005, .T. ) ;
#3186 = VERTEX_POINT ( 'NONE', #855 ) ;
#3187 = EDGE_LOOP ( 'NONE', ( #4432, #4024, #1055, #1036 ) ) ;
#3188 = FACE_OUTER_BOUND ( 'NONE', #1995, .T. ) ;
#3189 = EDGE_CURVE ( 'NONE', #1537, #3150, #4393, .T. ) ;
#3190 = CARTESIAN_POINT ( 'NONE',  ( 0.000000000000000000, -5.204170427930421283E-15, 41.70000000000000284 ) ) ;
#3191 = VERTEX_POINT ( 'NONE', #1596 ) ;
#3192 = CARTESIAN_POINT ( 'NONE',  ( -70.00001199999999812, 73.00000000000000000, 2.000000000000003553 ) ) ;
#3193 = EDGE_CURVE ( 'NONE', #866, #1, #3173, .T. ) ;
#3194 = CARTESIAN_POINT ( 'NONE',  ( 65.00000000000000000, 84.99999999999988631, -15.99999999999998579 ) ) ;
#3195 = CARTESIAN_POINT ( 'NONE',  ( -70.00001199999999812, 84.99999999999988631, -11.99999999999998224 ) ) ;
#3196 = CARTESIAN_POINT ( 'NONE',  ( -70.00000000000000000, 1.387778780781445676E-14, -33.99999999999999289 ) ) ;
#3197 = VERTEX_POINT ( 'NONE', #3630 ) ;
#3198 = CYLINDRICAL_SURFACE ( 'NONE', #1750, 34.99999999999999289 ) ;
#3199 = EDGE_LOOP ( 'NONE', ( #3890, #583 ) ) ;
#3200 = DIRECTION ( 'NONE',  ( 0.000000000000000000, -1.224646799147349509E-16, 1.000000000000000000 ) ) ;
#3201 = FACE_OUTER_BOUND ( 'NONE', #2729, .T. ) ;
#3202 = EDGE_LOOP ( 'NONE', ( #3899, #2741, #321, #1249 ) ) ;
#3203 = ORIENTED_EDGE ( 'NONE', *, *, #4037, .T. ) ;
#3204 = DIRECTION ( 'NONE',  ( -0.5901639344262281650, 0.000000000000000000, -0.8072834263767308949 ) ) ;
#3205 = EDGE_CURVE ( 'NONE', #937, #3359, #834, .T. ) ;
#3206 = DIRECTION ( 'NONE',  ( 0.000000000000000000, 0.000000000000000000, 1.000000000000000000 ) ) ;
#3207 = CARTESIAN_POINT ( 'NONE',  ( 70.00001199999999812, 96.99999999999998579, -1.999999999999968914 ) ) ;
#3208 = ORIENTED_EDGE ( 'NONE', *, *, #3110, .T. ) ;
#3209 = CARTESIAN_POINT ( 'NONE',  ( 47.62972215622705363, 9.000000000000001776, 34.81967213114755566 ) ) ;
#3210 = CARTESIAN_POINT ( 'NONE',  ( 0.000000000000000000, 9.000000000000001776, -1.122841556220169259E-15 ) ) ;
#3211 = DIRECTION ( 'NONE',  ( 0.000000000000000000, 0.000000000000000000, -1.000000000000000000 ) ) ;
#3212 = CYLINDRICAL_SURFACE ( 'NONE', #1240, 34.99999999999999289 ) ;
#3213 = ORIENTED_EDGE ( 'NONE', *, *, #4309, .F. ) ;
#3214 = ADVANCED_FACE ( 'NONE', ( #3903 ), #308, .T. ) ;
#3215 = ADVANCED_FACE ( 'NONE', ( #2216 ), #139, .F. ) ;
#3216 = CARTESIAN_POINT ( 'NONE',  ( -55.99999999999999289, 84.99999999999998579, 35.00000000000001421 ) ) ;
#3217 = DIRECTION ( 'NONE',  ( 0.000000000000000000, 0.000000000000000000, 1.000000000000000000 ) ) ;
#3218 = CARTESIAN_POINT ( 'NONE',  ( 49.24428900898052319, 8.673617379884035472E-15, -36.00000000000000000 ) ) ;
#3219 = VERTEX_POINT ( 'NONE', #1498 ) ;
#3220 = EDGE_CURVE ( 'NONE', #2285, #4220, #3805, .T. ) ;
#3221 = CARTESIAN_POINT ( 'NONE',  ( -65.00000000000000000, 73.00000000000000000, -2.000000000000003553 ) ) ;
#3222 = VERTEX_POINT ( 'NONE', #3583 ) ;
#3223 = ORIENTED_EDGE ( 'NONE', *, *, #130, .F. ) ;
#3224 = FACE_OUTER_BOUND ( 'NONE', #3054, .T. ) ;
#3225 = VERTEX_POINT ( 'NONE', #1556 ) ;
#3226 = CARTESIAN_POINT ( 'NONE',  ( -20.00000000000000000, -5.204170427930421283E-15, -1.700000000000069678 ) ) ;
#3227 = VERTEX_POINT ( 'NONE', #527 ) ;
#3228 = FACE_OUTER_BOUND ( 'NONE', #3938, .T. ) ;
#3229 = EDGE_CURVE ( 'NONE', #3843, #4308, #1169, .T. ) ;
#3230 = CIRCLE ( 'NONE', #2078, 2.000000000000001776 ) ;
#3231 = AXIS2_PLACEMENT_3D ( 'NONE', #3687, #266, #2292 ) ;
#3232 = ORIENTED_EDGE ( 'NONE', *, *, #3705, .F. ) ;
#3233 = DIRECTION ( 'NONE',  ( 0.000000000000000000, 1.000000000000000000, -0.000000000000000000 ) ) ;
#3234 = DIRECTION ( 'NONE',  ( -1.000000000000000000, 0.000000000000000000, 0.000000000000000000 ) ) ;
#3235 = VECTOR ( 'NONE', #1441, 1000.000000000000000 ) ;
#3236 = CIRCLE ( 'NONE', #1953, 2.500000000000003553 ) ;
#3237 = LINE ( 'NONE', #1202, #2596 ) ;
#3238 = CYLINDRICAL_SURFACE ( 'NONE', #1160, 2.500000000000000000 ) ;
#3239 = CIRCLE ( 'NONE', #241, 2.000000000000003553 ) ;
#3240 = VERTEX_POINT ( 'NONE', #2605 ) ;
#3241 = CIRCLE ( 'NONE', #1166, 1.700000000000000178 ) ;
#3242 = AXIS2_PLACEMENT_3D ( 'NONE', #1213, #2577, #3939 ) ;
#3243 = CARTESIAN_POINT ( 'NONE',  ( 70.00001199999999812, 85.00000000000001421, 14.00000000000001421 ) ) ;
#3244 = CIRCLE ( 'NONE', #1600, 1.000000000000000888 ) ;
#3245 = EDGE_LOOP ( 'NONE', ( #3971, #3601, #3009, #916 ) ) ;
#3246 = ADVANCED_FACE ( 'NONE', ( #209, #2537 ), #811, .T. ) ;
#3247 = DIRECTION ( 'NONE',  ( 8.881784197001252323E-16, 0.000000000000000000, -1.000000000000000000 ) ) ;
#3248 = CARTESIAN_POINT ( 'NONE',  ( 0.000000000000000000, 5.000000000000000000, 20.00000000000000000 ) ) ;
#3249 = AXIS2_PLACEMENT_3D ( 'NONE', #133, #3622, #4232 ) ;
#3250 = ORIENTED_EDGE ( 'NONE', *, *, #313, .T. ) ;
#3251 = FACE_BOUND ( 'NONE', #3904, .T. ) ;
#3252 = ORIENTED_EDGE ( 'NONE', *, *, #2989, .F. ) ;
#3253 = ADVANCED_FACE ( 'NONE', ( #501 ), #2924, .F. ) ;
#3254 = CIRCLE ( 'NONE', #1177, 1.000000000000000888 ) ;
#3255 = FACE_OUTER_BOUND ( 'NONE', #2891, .T. ) ;
#3256 = ORIENTED_EDGE ( 'NONE', *, *, #3075, .T. ) ;
#3257 = DIRECTION ( 'NONE',  ( -1.000000000000000000, 0.000000000000000000, 0.000000000000000000 ) ) ;
#3258 = ORIENTED_EDGE ( 'NONE', *, *, #94, .F. ) ;
#3259 = DIRECTION ( 'NONE',  ( 0.000000000000000000, 1.000000000000000000, 0.000000000000000000 ) ) ;
#3260 = CYLINDRICAL_SURFACE ( 'NONE', #3825, 2.000000000000003553 ) ;
#3261 = FACE_OUTER_BOUND ( 'NONE', #3898, .T. ) ;
#3262 = LINE ( 'NONE', #3571, #4174 ) ;
#3263 = CARTESIAN_POINT ( 'NONE',  ( 65.00000000000000000, 96.99999999999998579, 3.469678339331945719E-14 ) ) ;
#3264 = ORIENTED_EDGE ( 'NONE', *, *, #3181, .T. ) ;
#3265 = LINE ( 'NONE', #3501, #1608 ) ;
#3266 = DIRECTION ( 'NONE',  ( 0.8660254037844324904, 0.000000000000000000, 0.5000000000000108802 ) ) ;
#3267 = DIRECTION ( 'NONE',  ( -0.000000000000000000, 1.000000000000000000, -0.000000000000000000 ) ) ;
#3268 = FACE_OUTER_BOUND ( 'NONE', #1684, .T. ) ;
#3269 = VERTEX_POINT ( 'NONE', #3226 ) ;
#3270 = EDGE_CURVE ( 'NONE', #275, #249, #455, .T. ) ;
#3271 = DIRECTION ( 'NONE',  ( -0.000000000000000000, 1.000000000000000000, -0.000000000000000000 ) ) ;
#3272 = ORIENTED_EDGE ( 'NONE', *, *, #580, .F. ) ;
#3273 = FACE_OUTER_BOUND ( 'NONE', #2103, .T. ) ;
#3274 = EDGE_CURVE ( 'NONE', #3191, #3508, #1215, .T. ) ;
#3275 = CARTESIAN_POINT ( 'NONE',  ( 0.000000000000000000, 0.000000000000000000, 0.000000000000000000 ) ) ;
#3276 = ORIENTED_EDGE ( 'NONE', *, *, #2721, .T. ) ;
#3277 = FACE_OUTER_BOUND ( 'NONE', #2277, .T. ) ;
#3278 = FACE_OUTER_BOUND ( 'NONE', #1637, .T. ) ;
#3279 = FACE_OUTER_BOUND ( 'NONE', #1742, .T. ) ;
#3280 = CARTESIAN_POINT ( 'NONE',  ( 49.24428900898052319, 10.00000000000000000, -33.99999999999999289 ) ) ;
#3281 = EDGE_LOOP ( 'NONE', ( #831, #2097, #1296, #3852 ) ) ;
#3282 = DIRECTION ( 'NONE',  ( -1.000000000000000000, -0.000000000000000000, -0.000000000000000000 ) ) ;
#3283 = DIRECTION ( 'NONE',  ( 1.000000000000000000, 0.000000000000000000, 0.000000000000000000 ) ) ;
#3284 = DIRECTION ( 'NONE',  ( -1.000000000000000000, -0.000000000000000000, -0.000000000000000000 ) ) ;
#3285 = DIRECTION ( 'NONE',  ( -1.000000000000000000, -0.000000000000000000, -0.000000000000000000 ) ) ;
#3286 = EDGE_CURVE ( 'NONE', #3225, #3859, #1895, .T. ) ;
#3287 = ORIENTED_EDGE ( 'NONE', *, *, #2278, .T. ) ;
#3288 = CYLINDRICAL_SURFACE ( 'NONE', #4181, 1.000000000000000888 ) ;
#3289 = ORIENTED_EDGE ( 'NONE', *, *, #2996, .T. ) ;
#3290 = LINE ( 'NONE', #1916, #1595 ) ;
#3291 = DIRECTION ( 'NONE',  ( -0.8660254037844363761, 0.000000000000000000, -0.5000000000000039968 ) ) ;
#3292 = ORIENTED_EDGE ( 'NONE', *, *, #1635, .T. ) ;
#3293 = EDGE_CURVE ( 'NONE', #1052, #2285, #3244, .T. ) ;
#3294 = DIRECTION ( 'NONE',  ( -1.000000000000000000, -0.000000000000000000, -0.000000000000000000 ) ) ;
#3295 = VECTOR ( 'NONE', #3051, 1000.000000000000000 ) ;
#3296 = CIRCLE ( 'NONE', #1435, 4.000000000000003553 ) ;
#3297 = CARTESIAN_POINT ( 'NONE',  ( 70.00000000000000000, 85.00000000000000000, -34.99999999999998579 ) ) ;
#3298 = DIRECTION ( 'NONE',  ( 0.000000000000000000, -1.000000000000000000, 0.000000000000000000 ) ) ;
#3299 = ADVANCED_FACE ( 'NONE', ( #3613, #904 ), #1715, .T. ) ;
#3300 = CARTESIAN_POINT ( 'NONE',  ( -34.64101615137746393, 5.000000000000000000, -20.00000000000016342 ) ) ;
#3301 = ORIENTED_EDGE ( 'NONE', *, *, #3181, .F. ) ;
#3302 = DIRECTION ( 'NONE',  ( 0.000000000000000000, 0.000000000000000000, -1.000000000000000000 ) ) ;
#3303 = CIRCLE ( 'NONE', #2157, 2.000000000000003553 ) ;
#3304 = AXIS2_PLACEMENT_3D ( 'NONE', #4186, #1113, #1806 ) ;
#3305 = DIRECTION ( 'NONE',  ( -1.000000000000000000, 0.000000000000000000, 0.000000000000000000 ) ) ;
#3306 = DIRECTION ( 'NONE',  ( 0.000000000000000000, 0.000000000000000000, 1.000000000000000000 ) ) ;
#3307 = DIRECTION ( 'NONE',  ( 0.000000000000000000, 1.000000000000000000, 0.000000000000000000 ) ) ;
#3308 = VERTEX_POINT ( 'NONE', #1071 ) ;
#3309 = AXIS2_PLACEMENT_3D ( 'NONE', #2632, #3993, #927 ) ;
#3310 = AXIS2_PLACEMENT_3D ( 'NONE', #4297, #675, #333 ) ;
#3311 = CIRCLE ( 'NONE', #1303, 1.700000000000000178 ) ;
#3312 = MANIFOLD_SOLID_BREP ( 'Fillet1', #2365 ) ;
#3313 = FACE_OUTER_BOUND ( 'NONE', #2587, .T. ) ;
#3314 = ORIENTED_EDGE ( 'NONE', *, *, #651, .T. ) ;
#3315 = EDGE_CURVE ( 'NONE', #3762, #2823, #3846, .T. ) ;
#3316 = CIRCLE ( 'NONE', #4030, 2.499999999999998668 ) ;
#3317 = CIRCLE ( 'NONE', #1724, 4.000000000000003553 ) ;
#3318 = CARTESIAN_POINT ( 'NONE',  ( 20.00000000000000000, -5.204170427930421283E-15, 1.700000000000209344 ) ) ;
#3319 = VECTOR ( 'NONE', #711, 1000.000000000000000 ) ;
#3320 = AXIS2_PLACEMENT_3D ( 'NONE', #2938, #2261, #445 ) ;
#3321 = EDGE_CURVE ( 'NONE', #1099, #3774, #3667, .T. ) ;
#3322 = EDGE_LOOP ( 'NONE', ( #331, #3117, #42, #2852 ) ) ;
#3323 = EDGE_LOOP ( 'NONE', ( #179, #1231, #224, #4110 ) ) ;
#3324 = CYLINDRICAL_SURFACE ( 'NONE', #3714, 1.000000000000000888 ) ;
#3325 = AXIS2_PLACEMENT_3D ( 'NONE', #4016, #3365, #1251 ) ;
#3326 = EDGE_CURVE ( 'NONE', #919, #937, #4027, .T. ) ;
#3327 = DIRECTION ( 'NONE',  ( -1.000000000000000000, 0.000000000000000000, 0.000000000000000000 ) ) ;
#3328 = VECTOR ( 'NONE', #3908, 1000.000000000000000 ) ;
#3329 = CARTESIAN_POINT ( 'NONE',  ( -34.64101615137746393, 10.00000000000000000, -20.00000000000016342 ) ) ;
#3330 = VERTEX_POINT ( 'NONE', #3088 ) ;
#3331 = ADVANCED_FACE ( 'NONE', ( #1425 ), #4143, .F. ) ;
#3332 = LINE ( 'NONE', #1581, #538 ) ;
#3333 = CARTESIAN_POINT ( 'NONE',  ( 56.00000000000001421, 85.00000000000000000, -33.99999999999997868 ) ) ;
#3334 = CARTESIAN_POINT ( 'NONE',  ( 0.000000000000000000, 5.000000000000000000, -18.30000000000000071 ) ) ;
#3335 = DIRECTION ( 'NONE',  ( 0.000000000000000000, 1.000000000000000000, 0.000000000000000000 ) ) ;
#3336 = ORIENTED_EDGE ( 'NONE', *, *, #3315, .T. ) ;
#3337 = CARTESIAN_POINT ( 'NONE',  ( 47.62972215622706074, 10.00000000000000000, -34.81967213114754145 ) ) ;
#3338 = VERTEX_POINT ( 'NONE', #3064 ) ;
#3339 = FACE_OUTER_BOUND ( 'NONE', #4414, .T. ) ;
#3340 = ORIENTED_EDGE ( 'NONE', *, *, #972, .F. ) ;
#3341 = ORIENTED_EDGE ( 'NONE', *, *, #2495, .F. ) ;
#3342 = CARTESIAN_POINT ( 'NONE',  ( 70.00000000000000000, 8.999999999999994671, -33.99999999999999289 ) ) ;
#3343 = ORIENTED_EDGE ( 'NONE', *, *, #3582, .F. ) ;
#3344 = DIRECTION ( 'NONE',  ( 0.000000000000000000, -1.632680918566407040E-16, 1.000000000000000000 ) ) ;
#3345 = CARTESIAN_POINT ( 'NONE',  ( -65.00000000000000000, 96.99999999999998579, 3.469678339331945719E-14 ) ) ;
#3346 = EDGE_LOOP ( 'NONE', ( #3925, #2792, #2180, #3664 ) ) ;
#3347 = DIRECTION ( 'NONE',  ( 0.000000000000000000, 1.000000000000000000, 0.000000000000000000 ) ) ;
#3348 = DIRECTION ( 'NONE',  ( 0.000000000000000000, 0.000000000000000000, -1.000000000000000000 ) ) ;
#3349 = FACE_OUTER_BOUND ( 'NONE', #3465, .T. ) ;
#3350 = PRODUCT ( 'HorizontalBase V2', 'HorizontalBase V2', '', ( #718 ) ) ;
#3351 = DIRECTION ( 'NONE',  ( 0.000000000000000000, 0.000000000000000000, -1.000000000000000000 ) ) ;
#3352 = EDGE_CURVE ( 'NONE', #4196, #3631, #1023, .T. ) ;
#3353 = EDGE_CURVE ( 'NONE', #1, #2573, #2053, .T. ) ;
#3354 = ORIENTED_EDGE ( 'NONE', *, *, #3973, .T. ) ;
#3355 = DIRECTION ( 'NONE',  ( 0.000000000000000000, -1.000000000000000000, 0.000000000000000000 ) ) ;
#3356 = VERTEX_POINT ( 'NONE', #3155 ) ;
#3357 = CARTESIAN_POINT ( 'NONE',  ( -70.00000000000000000, 84.99999999999998579, 1.734839169665972859E-14 ) ) ;
#3358 = EDGE_CURVE ( 'NONE', #964, #1338, #26, .T. ) ;
#3359 = VERTEX_POINT ( 'NONE', #379 ) ;
#3360 = ORIENTED_EDGE ( 'NONE', *, *, #319, .F. ) ;
#3361 = FACE_OUTER_BOUND ( 'NONE', #3322, .T. ) ;
#3362 = DIRECTION ( 'NONE',  ( 0.000000000000000000, 0.000000000000000000, -1.000000000000000000 ) ) ;
#3363 = EDGE_CURVE ( 'NONE', #4076, #3454, #98, .T. ) ;
#3364 = LINE ( 'NONE', #1605, #1444 ) ;
#3365 = DIRECTION ( 'NONE',  ( -1.000000000000000000, -0.000000000000000000, -0.000000000000000000 ) ) ;
#3366 = CARTESIAN_POINT ( 'NONE',  ( -20.00000000000000000, 10.00000000000000000, -6.982962677686266711E-14 ) ) ;
#3367 = DIRECTION ( 'NONE',  ( 0.000000000000000000, 0.000000000000000000, -1.000000000000000000 ) ) ;
#3368 = FACE_OUTER_BOUND ( 'NONE', #2779, .T. ) ;
#3369 = EDGE_LOOP ( 'NONE', ( #2482, #3669, #314, #4216 ) ) ;
#3370 = AXIS2_PLACEMENT_3D ( 'NONE', #773, #4187, #3079 ) ;
#3371 = AXIS2_PLACEMENT_3D ( 'NONE', #1188, #513, #2523 ) ;
#3372 = CARTESIAN_POINT ( 'NONE',  ( 70.00000000000000000, 84.99999999999988631, -7.999999999999977796 ) ) ;
#3373 = EDGE_CURVE ( 'NONE', #1122, #1328, #1380, .T. ) ;
#3374 = EDGE_LOOP ( 'NONE', ( #2266, #2499, #1813, #3768 ) ) ;
#3375 = LINE ( 'NONE', #311, #244 ) ;
#3376 = CIRCLE ( 'NONE', #3097, 1.000000000000000888 ) ;
#3377 = VECTOR ( 'NONE', #3479, 1000.000000000000000 ) ;
#3378 = CIRCLE ( 'NONE', #805, 2.499999999999998668 ) ;
#3379 = EDGE_CURVE ( 'NONE', #1122, #1703, #2775, .T. ) ;
#3380 = AXIS2_PLACEMENT_3D ( 'NONE', #1124, #385, #767 ) ;
#3381 = ORIENTED_EDGE ( 'NONE', *, *, #3133, .F. ) ;
#3382 = ORIENTED_EDGE ( 'NONE', *, *, #1987, .F. ) ;
#3383 = AXIS2_PLACEMENT_3D ( 'NONE', #4312, #4292, #569 ) ;
#3384 = DIRECTION ( 'NONE',  ( -1.000000000000000000, -1.261617073437677999E-16, -0.000000000000000000 ) ) ;
#3385 = FACE_BOUND ( 'NONE', #2063, .T. ) ;
#3386 = AXIS2_PLACEMENT_3D ( 'NONE', #1569, #1819, #184 ) ;
#3387 = AXIS2_PLACEMENT_3D ( 'NONE', #4211, #2569, #2933 ) ;
#3388 = LINE ( 'NONE', #752, #1524 ) ;
#3389 = ORIENTED_EDGE ( 'NONE', *, *, #1363, .F. ) ;
#3390 = AXIS2_PLACEMENT_3D ( 'NONE', #1219, #2609, #949 ) ;
#3391 = CARTESIAN_POINT ( 'NONE',  ( 65.00000000000000000, 73.00000000000000000, 4.000000000000005329 ) ) ;
#3392 = DIRECTION ( 'NONE',  ( 0.000000000000000000, 0.000000000000000000, -1.000000000000000000 ) ) ;
#3393 = FACE_OUTER_BOUND ( 'NONE', #4085, .T. ) ;
#3394 = FACE_BOUND ( 'NONE', #4277, .T. ) ;
#3395 = EDGE_LOOP ( 'NONE', ( #369, #1659, #2536, #4203 ) ) ;
#3396 = CARTESIAN_POINT ( 'NONE',  ( -70.00000000000000000, 85.00000000000001421, 12.00000000000001066 ) ) ;
#3397 = ORIENTED_EDGE ( 'NONE', *, *, #568, .T. ) ;
#3398 = DIRECTION ( 'NONE',  ( -1.000000000000000000, -0.000000000000000000, -0.000000000000000000 ) ) ;
#3399 = ADVANCED_FACE ( 'NONE', ( #740 ), #2105, .F. ) ;
#3400 = VERTEX_POINT ( 'NONE', #2529 ) ;
#3401 = EDGE_LOOP ( 'NONE', ( #2204, #1850, #2429, #991 ) ) ;
#3402 = CYLINDRICAL_SURFACE ( 'NONE', #525, 4.000000000000005329 ) ;
#3403 = DIRECTION ( 'NONE',  ( 0.8660254037844431485, 0.000000000000000000, -0.4999999999999922839 ) ) ;
#3404 = EDGE_CURVE ( 'NONE', #176, #47, #4033, .T. ) ;
#3405 = EDGE_CURVE ( 'NONE', #1239, #1537, #3966, .T. ) ;
#3406 = DIRECTION ( 'NONE',  ( -1.000000000000000000, 0.000000000000000000, 0.000000000000000000 ) ) ;
#3407 = VERTEX_POINT ( 'NONE', #2867 ) ;
#3408 = PLANE ( 'NONE',  #3037 ) ;
#3409 = FACE_BOUND ( 'NONE', #1565, .T. ) ;
#3410 = DIRECTION ( 'NONE',  ( 0.000000000000000000, 1.000000000000000000, 0.000000000000000000 ) ) ;
#3411 = CARTESIAN_POINT ( 'NONE',  ( -34.64101615137746393, 10.00000000000000000, -22.50000000000016698 ) ) ;
#3412 = ORIENTED_EDGE ( 'NONE', *, *, #1081, .T. ) ;
#3413 = CYLINDRICAL_SURFACE ( 'NONE', #1672, 4.000000000000005329 ) ;
#3414 = ORIENTED_EDGE ( 'NONE', *, *, #2859, .F. ) ;
#3415 = CYLINDRICAL_SURFACE ( 'NONE', #1657, 1.000000000000000888 ) ;
#3416 = DIRECTION ( 'NONE',  ( -1.982541115402065356E-16, 1.000000000000000000, 0.000000000000000000 ) ) ;
#3417 = ORIENTED_EDGE ( 'NONE', *, *, #3831, .F. ) ;
#3418 = ORIENTED_EDGE ( 'NONE', *, *, #2560, .F. ) ;
#3419 = DIRECTION ( 'NONE',  ( 0.000000000000000000, 1.000000000000000000, -0.000000000000000000 ) ) ;
#3420 = CARTESIAN_POINT ( 'NONE',  ( -65.00000000000000000, 84.99999999999988631, -11.99999999999998224 ) ) ;
#3421 = ORIENTED_EDGE ( 'NONE', *, *, #1731, .T. ) ;
#3422 = CARTESIAN_POINT ( 'NONE',  ( 0.000000000000000000, 10.00000000000000000, -17.50000000000000000 ) ) ;
#3423 = EDGE_CURVE ( 'NONE', #1356, #1762, #3892, .T. ) ;
#3424 = ORIENTED_EDGE ( 'NONE', *, *, #4041, .T. ) ;
#3425 = ORIENTED_EDGE ( 'NONE', *, *, #3646, .F. ) ;
#3426 = ORIENTED_EDGE ( 'NONE', *, *, #4309, .T. ) ;
#3427 = CYLINDRICAL_SURFACE ( 'NONE', #2318, 2.000000000000003553 ) ;
#3428 = ADVANCED_FACE ( 'NONE', ( #205 ), #3607, .F. ) ;
#3429 = CARTESIAN_POINT ( 'NONE',  ( 49.24428900898052319, 8.999999999999994671, -34.99999999999999289 ) ) ;
#3430 = CYLINDRICAL_SURFACE ( 'NONE', #2952, 2.500000000000000000 ) ;
#3431 = CARTESIAN_POINT ( 'NONE',  ( -65.00000000000000000, 84.99999999999988631, -13.99999999999998579 ) ) ;
#3432 = ORIENTED_EDGE ( 'NONE', *, *, #1172, .T. ) ;
#3433 = DIRECTION ( 'NONE',  ( 0.000000000000000000, -1.000000000000000000, 0.000000000000000000 ) ) ;
#3434 = EDGE_LOOP ( 'NONE', ( #2416, #771, #565, #1412 ) ) ;
#3435 = CARTESIAN_POINT ( 'NONE',  ( 70.00000000000000000, 84.99999999999998579, 34.00000000000000711 ) ) ;
#3436 = DIRECTION ( 'NONE',  ( 0.000000000000000000, 1.000000000000000000, 0.000000000000000000 ) ) ;
#3437 = EDGE_CURVE ( 'NONE', #2030, #2108, #1232, .T. ) ;
#3438 = EDGE_LOOP ( 'NONE', ( #2939, #548, #2764, #1143 ) ) ;
#3439 = ORIENTED_EDGE ( 'NONE', *, *, #1716, .T. ) ;
#3440 = CIRCLE ( 'NONE', #1518, 4.000000000000005329 ) ;
#3441 = FACE_OUTER_BOUND ( 'NONE', #2280, .T. ) ;
#3442 = DIRECTION ( 'NONE',  ( 0.000000000000000000, 0.000000000000000000, -1.000000000000000000 ) ) ;
#3443 = CIRCLE ( 'NONE', #2085, 1.700000000000000178 ) ;
#3444 = VERTEX_POINT ( 'NONE', #2846 ) ;
#3445 = VECTOR ( 'NONE', #3987, 1000.000000000000000 ) ;
#3446 = EDGE_CURVE ( 'NONE', #1842, #2145, #1890, .T. ) ;
#3447 = VECTOR ( 'NONE', #1847, 1000.000000000000000 ) ;
#3448 = DIRECTION ( 'NONE',  ( -0.000000000000000000, 1.000000000000000000, -0.000000000000000000 ) ) ;
#3449 = AXIS2_PLACEMENT_3D ( 'NONE', #2062, #358, #2398 ) ;
#3450 = CIRCLE ( 'NONE', #3018, 2.000000000000001776 ) ;
#3451 = CARTESIAN_POINT ( 'NONE',  ( 0.000000000000000000, 5.000000000000000000, 41.70000000000000284 ) ) ;
#3452 = AXIS2_PLACEMENT_3D ( 'NONE', #2300, #288, #2702 ) ;
#3453 = EDGE_CURVE ( 'NONE', #3125, #100, #2455, .T. ) ;
#3454 = VERTEX_POINT ( 'NONE', #496 ) ;
#3455 = EDGE_LOOP ( 'NONE', ( #2127, #129 ) ) ;
#3456 = FACE_OUTER_BOUND ( 'NONE', #4100, .T. ) ;
#3457 = AXIS2_PLACEMENT_3D ( 'NONE', #4302, #2273, #1988 ) ;
#3458 = PLANE ( 'NONE',  #366 ) ;
#3459 = DIRECTION ( 'NONE',  ( 0.000000000000000000, -1.000000000000000000, -1.224646799147353207E-16 ) ) ;
#3460 = CYLINDRICAL_SURFACE ( 'NONE', #4246, 2.000000000000003553 ) ;
#3461 = EDGE_LOOP ( 'NONE', ( #2219, #1753, #614, #1870 ) ) ;
#3462 = ADVANCED_FACE ( 'NONE', ( #1862 ), #1191, .F. ) ;
#3463 = AXIS2_PLACEMENT_3D ( 'NONE', #725, #3038, #2765 ) ;
#3464 = FACE_OUTER_BOUND ( 'NONE', #2297, .T. ) ;
#3465 = EDGE_LOOP ( 'NONE', ( #2568, #961, #706, #4291 ) ) ;
#3466 = CYLINDRICAL_SURFACE ( 'NONE', #1171, 1.700000000000000178 ) ;
#3467 = DIRECTION ( 'NONE',  ( 0.000000000000000000, 0.000000000000000000, 1.000000000000000000 ) ) ;
#3468 = VERTEX_POINT ( 'NONE', #3221 ) ;
#3469 = ORIENTED_EDGE ( 'NONE', *, *, #1515, .F. ) ;
#3470 = CARTESIAN_POINT ( 'NONE',  ( 70.00001199999999812, 96.99999999999998579, 3.469678339331945719E-14 ) ) ;
#3471 = DIRECTION ( 'NONE',  ( 0.000000000000000000, -1.000000000000000000, 1.047444401652940007E-14 ) ) ;
#3472 = ORIENTED_EDGE ( 'NONE', *, *, #4435, .T. ) ;
#3473 = CARTESIAN_POINT ( 'NONE',  ( -65.00000000000000000, 85.00000000000001421, 16.00000000000001421 ) ) ;
#3474 = DIRECTION ( 'NONE',  ( 0.000000000000000000, 0.000000000000000000, -1.000000000000000000 ) ) ;
#3475 = ORIENTED_EDGE ( 'NONE', *, *, #2431, .F. ) ;
#3476 = DIRECTION ( 'NONE',  ( -0.000000000000000000, 1.000000000000000000, -0.000000000000000000 ) ) ;
#3477 = CARTESIAN_POINT ( 'NONE',  ( 65.00000000000000000, 96.99999999999998579, 3.469678339331945719E-14 ) ) ;
#3478 = CARTESIAN_POINT ( 'NONE',  ( 0.000000000000000000, 5.000000000000000000, -20.00000000000000000 ) ) ;
#3479 = DIRECTION ( 'NONE',  ( 1.000000000000000000, 0.000000000000000000, 0.000000000000000000 ) ) ;
#3480 = ORIENTED_EDGE ( 'NONE', *, *, #2807, .F. ) ;
#3481 = FACE_BOUND ( 'NONE', #1388, .T. ) ;
#3482 = ORIENTED_EDGE ( 'NONE', *, *, #726, .T. ) ;
#3483 = EDGE_CURVE ( 'NONE', #1796, #2290, #1030, .T. ) ;
#3484 = CYLINDRICAL_SURFACE ( 'NONE', #4031, 1.699999999999999956 ) ;
#3485 = SURFACE_SIDE_STYLE ('',( #1050 ) ) ;
#3486 = ORIENTED_EDGE ( 'NONE', *, *, #921, .F. ) ;
#3487 = EDGE_LOOP ( 'NONE', ( #3709, #2201, #3943, #1586 ) ) ;
#3488 = EDGE_CURVE ( 'NONE', #590, #4076, #1141, .T. ) ;
#3489 = CARTESIAN_POINT ( 'NONE',  ( 65.00000000000000000, 96.99999999999998579, -1.999999999999968914 ) ) ;
#3490 = CARTESIAN_POINT ( 'NONE',  ( -65.00000000000000000, 84.99999999999988631, -11.99999999999998224 ) ) ;
#3491 = CARTESIAN_POINT ( 'NONE',  ( -65.00000000000000000, 85.00000000000001421, 12.00000000000001066 ) ) ;
#3492 = VERTEX_POINT ( 'NONE', #4234 ) ;
#3493 = DIRECTION ( 'NONE',  ( -0.8660254037844397068, 0.000000000000000000, 0.4999999999999980571 ) ) ;
#3494 = EDGE_LOOP ( 'NONE', ( #1165, #2115, #1878, #1454 ) ) ;
#3495 = DIRECTION ( 'NONE',  ( 0.000000000000000000, -1.000000000000000000, 0.000000000000000000 ) ) ;
#3496 = EDGE_CURVE ( 'NONE', #2285, #3779, #156, .T. ) ;
#3497 = PLANE ( 'NONE',  #1302 ) ;
#3498 = LINE ( 'NONE', #2717, #732 ) ;
#3499 = CARTESIAN_POINT ( 'NONE',  ( -51.99999999999999289, 13.00000000000000178, -34.99999999999999289 ) ) ;
#3500 = EDGE_LOOP ( 'NONE', ( #1780, #3084 ) ) ;
#3501 = CARTESIAN_POINT ( 'NONE',  ( 0.000000000000000000, -5.204170427930421283E-15, -18.30000000000000071 ) ) ;
#3502 = EDGE_LOOP ( 'NONE', ( #798, #104 ) ) ;
#3503 = DIRECTION ( 'NONE',  ( 0.000000000000000000, 0.000000000000000000, 1.000000000000000000 ) ) ;
#3504 = EDGE_CURVE ( 'NONE', #1563, #2150, #3673, .T. ) ;
#3505 = CIRCLE ( 'NONE', #1803, 2.000000000000003553 ) ;
#3506 = DIRECTION ( 'NONE',  ( -1.000000000000000000, -0.000000000000000000, 0.000000000000000000 ) ) ;
#3507 = ORIENTED_EDGE ( 'NONE', *, *, #3026, .F. ) ;
#3508 = VERTEX_POINT ( 'NONE', #1161 ) ;
#3509 = AXIS2_PLACEMENT_3D ( 'NONE', #4022, #605, #2718 ) ;
#3510 = DIRECTION ( 'NONE',  ( 0.000000000000000000, 0.000000000000000000, 1.000000000000000000 ) ) ;
#3511 = DIRECTION ( 'NONE',  ( 0.000000000000000000, 1.000000000000000000, -0.000000000000000000 ) ) ;
#3512 = EDGE_CURVE ( 'NONE', #1427, #329, #850, .T. ) ;
#3513 = AXIS2_PLACEMENT_3D ( 'NONE', #1158, #1229, #3915 ) ;
#3514 = AXIS2_PLACEMENT_3D ( 'NONE', #1266, #3049, #316 ) ;
#3515 = CYLINDRICAL_SURFACE ( 'NONE', #1368, 5.000000000000006217 ) ;
#3516 = ORIENTED_EDGE ( 'NONE', *, *, #2263, .T. ) ;
#3517 = DIRECTION ( 'NONE',  ( 0.000000000000000000, 0.000000000000000000, 1.000000000000000000 ) ) ;
#3518 = AXIS2_PLACEMENT_3D ( 'NONE', #2612, #4042, #280 ) ;
#3519 = AXIS2_PLACEMENT_3D ( 'NONE', #920, #3563, #1168 ) ;
#3520 = VECTOR ( 'NONE', #39, 1000.000000000000000 ) ;
#3521 = ORIENTED_EDGE ( 'NONE', *, *, #2257, .T. ) ;
#3522 = CARTESIAN_POINT ( 'NONE',  ( -55.99999999999999289, 13.00000000000000178, -34.99999999999999289 ) ) ;
#3523 = AXIS2_PLACEMENT_3D ( 'NONE', #1394, #1727, #32 ) ;
#3524 = AXIS2_PLACEMENT_3D ( 'NONE', #3628, #4272, #1571 ) ;
#3525 = DIRECTION ( 'NONE',  ( 0.000000000000000000, -1.000000000000000000, 1.247601729133521180E-16 ) ) ;
#3526 = CIRCLE ( 'NONE', #2243, 2.499999999999998668 ) ;
#3527 = LINE ( 'NONE', #2911, #1305 ) ;
#3528 = DIRECTION ( 'NONE',  ( 0.000000000000000000, 0.000000000000000000, 1.000000000000000000 ) ) ;
#3529 = ORIENTED_EDGE ( 'NONE', *, *, #4125, .T. ) ;
#3530 = CIRCLE ( 'NONE', #1247, 4.000000000000003553 ) ;
#3531 = DIRECTION ( 'NONE',  ( 0.000000000000000000, -1.156482317317871478E-16, -1.000000000000000000 ) ) ;
#3532 = FACE_OUTER_BOUND ( 'NONE', #3142, .T. ) ;
#3533 = CARTESIAN_POINT ( 'NONE',  ( 70.00000000000000000, 84.99999999999998579, 1.734839169665972859E-14 ) ) ;
#3534 = AXIS2_PLACEMENT_3D ( 'NONE', #3726, #666, #1490 ) ;
#3535 = ADVANCED_FACE ( 'NONE', ( #3201, #3251 ), #4288, .T. ) ;
#3536 = LINE ( 'NONE', #1494, #2967 ) ;
#3537 = VECTOR ( 'NONE', #4296, 1000.000000000000000 ) ;
#3538 = ORIENTED_EDGE ( 'NONE', *, *, #3326, .F. ) ;
#3539 = ORIENTED_EDGE ( 'NONE', *, *, #1677, .F. ) ;
#3540 = DIRECTION ( 'NONE',  ( -0.000000000000000000, 1.000000000000000000, -0.000000000000000000 ) ) ;
#3541 = EDGE_CURVE ( 'NONE', #627, #1288, #1746, .T. ) ;
#3542 = ORIENTED_EDGE ( 'NONE', *, *, #3650, .F. ) ;
#3543 = DIRECTION ( 'NONE',  ( 0.000000000000000000, -1.000000000000000000, 0.000000000000000000 ) ) ;
#3544 = ORIENTED_EDGE ( 'NONE', *, *, #1705, .F. ) ;
#3545 = EDGE_CURVE ( 'NONE', #2209, #3219, #3536, .T. ) ;
#3546 = CARTESIAN_POINT ( 'NONE',  ( -20.00000000000000000, 5.000000000000000000, -2.500000000000069722 ) ) ;
#3547 = EDGE_CURVE ( 'NONE', #100, #3774, #1841, .T. ) ;
#3548 = ORIENTED_EDGE ( 'NONE', *, *, #4237, .T. ) ;
#3549 = DIRECTION ( 'NONE',  ( -0.000000000000000000, 1.000000000000000000, 0.000000000000000000 ) ) ;
#3550 = CARTESIAN_POINT ( 'NONE',  ( 70.00000000000000000, 8.999999999999994671, -34.99999999999999289 ) ) ;
#3551 = EDGE_CURVE ( 'NONE', #3619, #3227, #3177, .T. ) ;
#3552 = CARTESIAN_POINT ( 'NONE',  ( -65.00000000000000000, 96.99999999999998579, -3.999999999999970690 ) ) ;
#3553 = CARTESIAN_POINT ( 'NONE',  ( 70.00000000000000000, 84.99999999999998579, 1.734839169665972859E-14 ) ) ;
#3554 = EDGE_LOOP ( 'NONE', ( #2627, #1233, #1978, #1369 ) ) ;
#3555 = DIRECTION ( 'NONE',  ( -1.000000000000000000, -0.000000000000000000, 0.000000000000000000 ) ) ;
#3556 = VERTEX_POINT ( 'NONE', #3372 ) ;
#3557 = CARTESIAN_POINT ( 'NONE',  ( -55.99999999999999289, 120.0000000000000000, 34.00000000000000711 ) ) ;
#3558 = VERTEX_POINT ( 'NONE', #309 ) ;
#3559 = CARTESIAN_POINT ( 'NONE',  ( 0.000000000000000000, -5.204170427930421283E-15, 21.69999999999999929 ) ) ;
#3560 = ORIENTED_EDGE ( 'NONE', *, *, #452, .T. ) ;
#3561 = ORIENTED_EDGE ( 'NONE', *, *, #2520, .T. ) ;
#3562 = EDGE_CURVE ( 'NONE', #3359, #980, #3530, .T. ) ;
#3563 = DIRECTION ( 'NONE',  ( 1.000000000000000000, 1.261617073437677999E-16, 0.000000000000000000 ) ) ;
#3564 = ORIENTED_EDGE ( 'NONE', *, *, #3728, .T. ) ;
#3565 = DIRECTION ( 'NONE',  ( 1.000000000000000000, 0.000000000000000000, 0.000000000000000000 ) ) ;
#3566 = LINE ( 'NONE', #503, #1529 ) ;
#3567 = VERTEX_POINT ( 'NONE', #3044 ) ;
#3568 = EDGE_CURVE ( 'NONE', #1382, #871, #607, .T. ) ;
#3569 = FACE_OUTER_BOUND ( 'NONE', #2689, .T. ) ;
#3570 = DIRECTION ( 'NONE',  ( -1.000000000000000000, 0.000000000000000000, 0.000000000000000000 ) ) ;
#3571 = CARTESIAN_POINT ( 'NONE',  ( -49.24428900898052319, 85.00000000000000000, -34.99999999999998579 ) ) ;
#3572 = FACE_OUTER_BOUND ( 'NONE', #712, .T. ) ;
#3573 = EDGE_LOOP ( 'NONE', ( #2475, #467, #685, #2777 ) ) ;
#3574 = ADVANCED_FACE ( 'NONE', ( #1994 ), #4334, .F. ) ;
#3575 = DIRECTION ( 'NONE',  ( -1.000000000000000000, 0.000000000000000000, -0.000000000000000000 ) ) ;
#3576 = CYLINDRICAL_SURFACE ( 'NONE', #4081, 2.499999999999998668 ) ;
#3577 = CARTESIAN_POINT ( 'NONE',  ( -70.00001199999999812, 73.00000000000000000, 0.000000000000000000 ) ) ;
#3578 = CIRCLE ( 'NONE', #4441, 1.700000000000000178 ) ;
#3579 = CARTESIAN_POINT ( 'NONE',  ( 70.00001199999999812, 96.99999999999998579, 2.000000000000038192 ) ) ;
#3580 = ORIENTED_EDGE ( 'NONE', *, *, #4074, .T. ) ;
#3581 = DIRECTION ( 'NONE',  ( 1.000000000000000000, -0.000000000000000000, 0.000000000000000000 ) ) ;
#3582 = EDGE_CURVE ( 'NONE', #2400, #3240, #1275, .T. ) ;
#3583 = CARTESIAN_POINT ( 'NONE',  ( 2.081899558550500033E-16, -5.204170427930421283E-15, -41.70000000000000284 ) ) ;
#3584 = CARTESIAN_POINT ( 'NONE',  ( 56.00000000000001421, 85.00000000000000000, -34.99999999999998579 ) ) ;
#3585 = VECTOR ( 'NONE', #983, 1000.000000000000000 ) ;
#3586 = CIRCLE ( 'NONE', #1881, 1.000000000000000888 ) ;
#3587 = ORIENTED_EDGE ( 'NONE', *, *, #2385, .T. ) ;
#3588 = CYLINDRICAL_SURFACE ( 'NONE', #1757, 1.000000000000000888 ) ;
#3589 = DIRECTION ( 'NONE',  ( -0.000000000000000000, 1.000000000000000000, -0.000000000000000000 ) ) ;
#3590 = CIRCLE ( 'NONE', #1235, 15.00000000000000000 ) ;
#3591 = AXIS2_PLACEMENT_3D ( 'NONE', #4225, #3525, #4256 ) ;
#3592 = CARTESIAN_POINT ( 'NONE',  ( 70.00000000000000000, 84.99999999999998579, 35.00000000000001421 ) ) ;
#3593 = LINE ( 'NONE', #2912, #1093 ) ;
#3594 = EDGE_CURVE ( 'NONE', #3444, #4416, #1101, .T. ) ;
#3595 = AXIS2_PLACEMENT_3D ( 'NONE', #1375, #759, #2840 ) ;
#3596 = ORIENTED_EDGE ( 'NONE', *, *, #2202, .F. ) ;
#3597 = CIRCLE ( 'NONE', #4092, 2.500000000000000000 ) ;
#3598 = AXIS2_PLACEMENT_3D ( 'NONE', #3672, #2985, #4417 ) ;
#3599 = DIRECTION ( 'NONE',  ( 0.000000000000000000, 1.000000000000000000, -3.491481338843133355E-15 ) ) ;
#3600 = VECTOR ( 'NONE', #3565, 1000.000000000000000 ) ;
#3601 = ORIENTED_EDGE ( 'NONE', *, *, #277, .F. ) ;
#3602 = CYLINDRICAL_SURFACE ( 'NONE', #1309, 2.000000000000003553 ) ;
#3603 = FACE_OUTER_BOUND ( 'NONE', #25, .T. ) ;
#3604 = EDGE_CURVE ( 'NONE', #3121, #1633, #1173, .T. ) ;
#3605 = ORIENTED_EDGE ( 'NONE', *, *, #3270, .T. ) ;
#3606 = VECTOR ( 'NONE', #1289, 1000.000000000000000 ) ;
#3607 = CYLINDRICAL_SURFACE ( 'NONE', #814, 1.700000000000000178 ) ;
#3608 = EDGE_LOOP ( 'NONE', ( #3977, #1104 ) ) ;
#3609 = AXIS2_PLACEMENT_3D ( 'NONE', #756, #2446, #2116 ) ;
#3610 = LINE ( 'NONE', #2940, #3666 ) ;
#3611 = CIRCLE ( 'NONE', #1675, 60.00000000000000000 ) ;
#3612 = ORIENTED_EDGE ( 'NONE', *, *, #2360, .F. ) ;
#3613 = FACE_OUTER_BOUND ( 'NONE', #1700, .T. ) ;
#3614 = ORIENTED_EDGE ( 'NONE', *, *, #2696, .F. ) ;
#3615 = CARTESIAN_POINT ( 'NONE',  ( 70.00000000000000000, 0.000000000000000000, 35.00000000000000711 ) ) ;
#3616 = DIRECTION ( 'NONE',  ( -1.000000000000000000, 0.000000000000000000, 0.000000000000000000 ) ) ;
#3617 = DIRECTION ( 'NONE',  ( -2.040851148208008245E-16, 1.000000000000000000, 0.000000000000000000 ) ) ;
#3618 = DIRECTION ( 'NONE',  ( 0.000000000000000000, -1.000000000000000000, 0.000000000000000000 ) ) ;
#3619 = VERTEX_POINT ( 'NONE', #2961 ) ;
#3620 = CARTESIAN_POINT ( 'NONE',  ( -69.00000000000000000, 0.000000000000000000, 35.00000000000000711 ) ) ;
#3621 = DIRECTION ( 'NONE',  ( -1.000000000000000000, -0.000000000000000000, -0.000000000000000000 ) ) ;
#3622 = DIRECTION ( 'NONE',  ( -0.000000000000000000, 1.000000000000000000, -0.000000000000000000 ) ) ;
#3623 = CYLINDRICAL_SURFACE ( 'NONE', #649, 2.499999999999998668 ) ;
#3624 = ORIENTED_EDGE ( 'NONE', *, *, #1682, .T. ) ;
#3625 = CARTESIAN_POINT ( 'NONE',  ( 69.00000000000000000, 0.000000000000000000, 35.00000000000000711 ) ) ;
#3626 = EDGE_CURVE ( 'NONE', #4228, #663, #1258, .T. ) ;
#3627 = EDGE_LOOP ( 'NONE', ( #1352, #1448, #1912, #2621 ) ) ;
#3628 = CARTESIAN_POINT ( 'NONE',  ( 69.00000000000000000, 85.00000000000000000, -33.99999999999997158 ) ) ;
#3629 = EDGE_CURVE ( 'NONE', #1703, #1936, #998, .T. ) ;
#3630 = CARTESIAN_POINT ( 'NONE',  ( 0.000000000000000000, 10.00000000000000000, 22.50000000000000000 ) ) ;
#3631 = VERTEX_POINT ( 'NONE', #3625 ) ;
#3632 = DIRECTION ( 'NONE',  ( 0.000000000000000000, -1.000000000000000000, 1.247601729133521180E-16 ) ) ;
#3633 = PLANE ( 'NONE',  #255 ) ;
#3634 = CARTESIAN_POINT ( 'NONE',  ( 70.00000000000000000, 84.99999999999998579, 34.00000000000000711 ) ) ;
#3635 = CARTESIAN_POINT ( 'NONE',  ( -69.00000000000000000, 85.00000000000000000, -34.99999999999998579 ) ) ;
#3636 = ORIENTED_EDGE ( 'NONE', *, *, #2511, .F. ) ;
#3637 = EDGE_CURVE ( 'NONE', #4228, #2214, #1667, .T. ) ;
#3638 = FACE_BOUND ( 'NONE', #3727, .T. ) ;
#3639 = FACE_OUTER_BOUND ( 'NONE', #1609, .T. ) ;
#3640 = CARTESIAN_POINT ( 'NONE',  ( 0.000000000000000000, -5.204170427930421283E-15, 0.000000000000000000 ) ) ;
#3641 = DIRECTION ( 'NONE',  ( -0.000000000000000000, 1.000000000000000000, -0.000000000000000000 ) ) ;
#3642 = EDGE_LOOP ( 'NONE', ( #3761, #4059 ) ) ;
#3643 = CARTESIAN_POINT ( 'NONE',  ( -34.64101615137759183, 5.000000000000000000, 19.99999999999992184 ) ) ;
#3644 = ORIENTED_EDGE ( 'NONE', *, *, #72, .F. ) ;
#3645 = CARTESIAN_POINT ( 'NONE',  ( 3.061616997868382155E-16, 5.000000000000000000, 37.50000000000000000 ) ) ;
#3646 = EDGE_CURVE ( 'NONE', #1338, #964, #4106, .T. ) ;
#3647 = VERTEX_POINT ( 'NONE', #3668 ) ;
#3648 = VERTEX_POINT ( 'NONE', #917 ) ;
#3649 = FACE_OUTER_BOUND ( 'NONE', #375, .T. ) ;
#3650 = EDGE_CURVE ( 'NONE', #2833, #625, #1456, .T. ) ;
#3651 = CIRCLE ( 'NONE', #1945, 4.000000000000003553 ) ;
#3652 = CARTESIAN_POINT ( 'NONE',  ( 70.00001199999999812, 85.00000000000001421, 12.00000000000001066 ) ) ;
#3653 = DIRECTION ( 'NONE',  ( -1.000000000000000000, -0.000000000000000000, -0.000000000000000000 ) ) ;
#3654 = CIRCLE ( 'NONE', #171, 2.499999999999999112 ) ;
#3655 = AXIS2_PLACEMENT_3D ( 'NONE', #2256, #3621, #703 ) ;
#3656 = EDGE_LOOP ( 'NONE', ( #680, #110, #2942, #1404 ) ) ;
#3657 = LINE ( 'NONE', #2994, #3968 ) ;
#3658 = AXIS2_PLACEMENT_3D ( 'NONE', #2095, #3459, #3129 ) ;
#3659 = TOROIDAL_SURFACE ( 'NONE', #1367, 59.00000000000000000, 1.000000000000000000 ) ;
#3660 = LINE ( 'NONE', #895, #2508 ) ;
#3661 = VECTOR ( 'NONE', #2769, 1000.000000000000000 ) ;
#3662 = DIRECTION ( 'NONE',  ( -0.000000000000000000, 1.000000000000000000, 0.000000000000000000 ) ) ;
#3663 = DIRECTION ( 'NONE',  ( 1.000000000000000000, 0.000000000000000000, 0.000000000000000000 ) ) ;
#3664 = ORIENTED_EDGE ( 'NONE', *, *, #1824, .T. ) ;
#3665 = AXIS2_PLACEMENT_3D ( 'NONE', #3715, #652, #1082 ) ;
#3666 = VECTOR ( 'NONE', #3063, 1000.000000000000000 ) ;
#3667 = CIRCLE ( 'NONE', #246, 4.000000000000003553 ) ;
#3668 = CARTESIAN_POINT ( 'NONE',  ( 48.43700558260378841, 9.000000000000001776, -35.40983606557377072 ) ) ;
#3669 = ORIENTED_EDGE ( 'NONE', *, *, #130, .T. ) ;
#3670 = CIRCLE ( 'NONE', #664, 2.000000000000001776 ) ;
#3671 = AXIS2_PLACEMENT_3D ( 'NONE', #2824, #3135, #3793 ) ;
#3672 = CARTESIAN_POINT ( 'NONE',  ( -70.00001199999999812, 85.00000000000001421, 12.00000000000001066 ) ) ;
#3673 = CIRCLE ( 'NONE', #3320, 2.000000000000001776 ) ;
#3674 = CIRCLE ( 'NONE', #3387, 4.000000000000003553 ) ;
#3675 = ORIENTED_EDGE ( 'NONE', *, *, #3137, .F. ) ;
#3676 = EDGE_LOOP ( 'NONE', ( #2794, #550 ) ) ;
#3677 = DIRECTION ( 'NONE',  ( -0.000000000000000000, 1.000000000000000000, -0.000000000000000000 ) ) ;
#3678 = AXIS2_PLACEMENT_3D ( 'NONE', #2287, #2648, #1639 ) ;
#3679 = ORIENTED_EDGE ( 'NONE', *, *, #2520, .F. ) ;
#3680 = FACE_OUTER_BOUND ( 'NONE', #2001, .T. ) ;
#3681 = EDGE_CURVE ( 'NONE', #3219, #1703, #1531, .T. ) ;
#3682 = AXIS2_PLACEMENT_3D ( 'NONE', #1686, #414, #3056 ) ;
#3683 = ADVANCED_FACE ( 'NONE', ( #3313 ), #3288, .T. ) ;
#3684 = DIRECTION ( 'NONE',  ( -0.8660254037844363761, 0.000000000000000000, -0.5000000000000041078 ) ) ;
#3685 = PLANE ( 'NONE',  #3816 ) ;
#3686 = ADVANCED_FACE ( 'NONE', ( #222 ), #2339, .F. ) ;
#3687 = CARTESIAN_POINT ( 'NONE',  ( 65.00000000000000000, 84.99999999999988631, -11.99999999999998224 ) ) ;
#3688 = DIRECTION ( 'NONE',  ( -1.000000000000000000, 0.000000000000000000, 0.000000000000000000 ) ) ;
#3689 = CYLINDRICAL_SURFACE ( 'NONE', #882, 1.700000000000000178 ) ;
#3690 = ORIENTED_EDGE ( 'NONE', *, *, #2061, .T. ) ;
#3691 = CARTESIAN_POINT ( 'NONE',  ( -34.64101615137746393, -5.204170427930421283E-15, -21.70000000000016271 ) ) ;
#3692 = EDGE_LOOP ( 'NONE', ( #1523, #864, #1979, #2828 ) ) ;
#3693 = FACE_OUTER_BOUND ( 'NONE', #1432, .T. ) ;
#3694 = EDGE_CURVE ( 'NONE', #1288, #2108, #4002, .T. ) ;
#3695 = VERTEX_POINT ( 'NONE', #3337 ) ;
#3696 = EDGE_LOOP ( 'NONE', ( #3605, #1761, #3713, #3933 ) ) ;
#3697 = DIRECTION ( 'NONE',  ( 1.000000000000000000, 1.261617073437677999E-16, 0.000000000000000000 ) ) ;
#3698 = DIRECTION ( 'NONE',  ( -0.000000000000000000, 1.000000000000000000, -0.000000000000000000 ) ) ;
#3699 = EDGE_CURVE ( 'NONE', #3125, #1099, #271, .T. ) ;
#3700 = DIRECTION ( 'NONE',  ( -0.000000000000000000, 1.000000000000000000, -0.000000000000000000 ) ) ;
#3701 = FACE_OUTER_BOUND ( 'NONE', #4, .T. ) ;
#3702 = LINE ( 'NONE', #637, #1592 ) ;
#3703 = CARTESIAN_POINT ( 'NONE',  ( -70.00001199999999812, 96.99999999999998579, -1.999999999999968914 ) ) ;
#3704 = EDGE_LOOP ( 'NONE', ( #557, #615, #3862, #1948 ) ) ;
#3705 = EDGE_CURVE ( 'NONE', #645, #91, #2244, .T. ) ;
#3706 = DIRECTION ( 'NONE',  ( -0.000000000000000000, 1.000000000000000000, -0.000000000000000000 ) ) ;
#3707 = ORIENTED_EDGE ( 'NONE', *, *, #3920, .T. ) ;
#3708 = DIRECTION ( 'NONE',  ( 0.000000000000000000, 0.000000000000000000, 1.000000000000000000 ) ) ;
#3709 = ORIENTED_EDGE ( 'NONE', *, *, #1844, .F. ) ;
#3710 = ORIENTED_EDGE ( 'NONE', *, *, #3404, .F. ) ;
#3711 = DIRECTION ( 'NONE',  ( -0.8660254037844363761, 0.000000000000000000, -0.5000000000000041078 ) ) ;
#3712 = DIRECTION ( 'NONE',  ( 0.000000000000000000, 1.000000000000000000, 0.000000000000000000 ) ) ;
#3713 = ORIENTED_EDGE ( 'NONE', *, *, #3891, .F. ) ;
#3714 = AXIS2_PLACEMENT_3D ( 'NONE', #259, #1620, #2988 ) ;
#3715 = CARTESIAN_POINT ( 'NONE',  ( 70.00000000000000000, 0.000000000000000000, 35.00000000000000711 ) ) ;
#3716 = ORIENTED_EDGE ( 'NONE', *, *, #3753, .T. ) ;
#3717 = LINE ( 'NONE', #1061, #2753 ) ;
#3718 = DIRECTION ( 'NONE',  ( 0.000000000000000000, 0.000000000000000000, 1.000000000000000000 ) ) ;
#3719 = ADVANCED_FACE ( 'NONE', ( #1402, #15, #1446, #2456, #4140, #3823, #2122, #4089, #1046, #328, #2750, #3464 ), #2407, .F. ) ;
#3720 = CIRCLE ( 'NONE', #2945, 1.700000000000000178 ) ;
#3721 = DIRECTION ( 'NONE',  ( 0.000000000000000000, 1.000000000000000000, 0.000000000000000000 ) ) ;
#3722 = DIRECTION ( 'NONE',  ( -0.8660254037844399289, 0.000000000000000000, 0.4999999999999976685 ) ) ;
#3723 = ORIENTED_EDGE ( 'NONE', *, *, #2263, .F. ) ;
#3724 = AXIS2_PLACEMENT_3D ( 'NONE', #2617, #2351, #959 ) ;
#3725 = VECTOR ( 'NONE', #1270, 1000.000000000000000 ) ;
#3726 = CARTESIAN_POINT ( 'NONE',  ( 20.00000000000000000, 5.000000000000000000, 2.094888803305880013E-13 ) ) ;
#3727 = EDGE_LOOP ( 'NONE', ( #4141, #4332 ) ) ;
#3728 = EDGE_CURVE ( 'NONE', #968, #3735, #2604, .T. ) ;
#3729 = CARTESIAN_POINT ( 'NONE',  ( -54.99999999999999289, 84.99999999999998579, 1.734839169665972859E-14 ) ) ;
#3730 = CIRCLE ( 'NONE', #1811, 2.500000000000002665 ) ;
#3731 = AXIS2_PLACEMENT_3D ( 'NONE', #4205, #1201, #1873 ) ;
#3732 = CIRCLE ( 'NONE', #2665, 1.700000000000000178 ) ;
#3733 = CIRCLE ( 'NONE', #4097, 1.000000000000000888 ) ;
#3734 = AXIS2_PLACEMENT_3D ( 'NONE', #1477, #807, #2176 ) ;
#3735 = VERTEX_POINT ( 'NONE', #1691 ) ;
#3736 = VERTEX_POINT ( 'NONE', #3061 ) ;
#3737 = AXIS2_PLACEMENT_3D ( 'NONE', #4194, #1355, #3467 ) ;
#3738 = DIRECTION ( 'NONE',  ( 0.000000000000000000, 0.000000000000000000, 1.000000000000000000 ) ) ;
#3739 = DIRECTION ( 'NONE',  ( -1.000000000000000000, -0.000000000000000000, -0.000000000000000000 ) ) ;
#3740 = AXIS2_PLACEMENT_3D ( 'NONE', #2822, #3433, #686 ) ;
#3741 = DIRECTION ( 'NONE',  ( 0.000000000000000000, -1.000000000000000000, 0.000000000000000000 ) ) ;
#3742 = EDGE_LOOP ( 'NONE', ( #4058, #4275 ) ) ;
#3743 = AXIS2_PLACEMENT_3D ( 'NONE', #1902, #1576, #3947 ) ;
#3744 = FACE_OUTER_BOUND ( 'NONE', #1011, .T. ) ;
#3745 = ADVANCED_FACE ( 'NONE', ( #2050, #2032, #3481, #2068, #2384, #1747, #419, #41, #3750, #62, #4431, #83 ), #2771, .F. ) ;
#3746 = DIRECTION ( 'NONE',  ( -0.000000000000000000, 1.000000000000000000, -0.000000000000000000 ) ) ;
#3747 = CARTESIAN_POINT ( 'NONE',  ( 65.00000000000000000, 84.99999999999988631, -7.999999999999977796 ) ) ;
#3748 = DIRECTION ( 'NONE',  ( 0.000000000000000000, -0.000000000000000000, 1.000000000000000000 ) ) ;
#3749 = EDGE_LOOP ( 'NONE', ( #2567, #795 ) ) ;
#3750 = FACE_BOUND ( 'NONE', #3742, .T. ) ;
#3751 = ORIENTED_EDGE ( 'NONE', *, *, #2199, .T. ) ;
#3752 = DIRECTION ( 'NONE',  ( -1.000000000000000000, 0.000000000000000000, 0.000000000000000000 ) ) ;
#3753 = EDGE_CURVE ( 'NONE', #3774, #1099, #4401, .T. ) ;
#3754 = PRESENTATION_STYLE_ASSIGNMENT (( #66 ) ) ;
#3755 = ORIENTED_EDGE ( 'NONE', *, *, #2257, .F. ) ;
#3756 = ORIENTED_EDGE ( 'NONE', *, *, #2656, .T. ) ;
#3757 = DIRECTION ( 'NONE',  ( 1.000000000000000000, -0.000000000000000000, 0.000000000000000000 ) ) ;
#3758 = DIRECTION ( 'NONE',  ( -0.8660254037844363761, 0.000000000000000000, -0.5000000000000041078 ) ) ;
#3759 = ADVANCED_FACE ( 'NONE', ( #3112 ), #3413, .F. ) ;
#3760 = CYLINDRICAL_SURFACE ( 'NONE', #4025, 2.000000000000003553 ) ;
#3761 = ORIENTED_EDGE ( 'NONE', *, *, #3076, .T. ) ;
#3762 = VERTEX_POINT ( 'NONE', #3790 ) ;
#3763 = CARTESIAN_POINT ( 'NONE',  ( -70.00001199999999812, 96.99999999999998579, 3.469678339331945719E-14 ) ) ;
#3764 = FACE_OUTER_BOUND ( 'NONE', #3066, .T. ) ;
#3765 = FACE_BOUND ( 'NONE', #2669, .T. ) ;
#3766 = CARTESIAN_POINT ( 'NONE',  ( 34.64101615137773393, -5.204170427930421283E-15, -18.29999999999967741 ) ) ;
#3767 = ADVANCED_FACE ( 'NONE', ( #734 ), #2102, .T. ) ;
#3768 = ORIENTED_EDGE ( 'NONE', *, *, #4231, .F. ) ;
#3769 = DIRECTION ( 'NONE',  ( -0.000000000000000000, -1.000000000000000000, -0.000000000000000000 ) ) ;
#3770 = ORIENTED_EDGE ( 'NONE', *, *, #153, .T. ) ;
#3771 = CARTESIAN_POINT ( 'NONE',  ( -54.99999999999999289, 13.00000000000000178, -33.99999999999999289 ) ) ;
#3772 = ADVANCED_FACE ( 'NONE', ( #1711 ), #4160, .F. ) ;
#3773 = DIRECTION ( 'NONE',  ( -0.000000000000000000, 1.000000000000000000, -0.000000000000000000 ) ) ;
#3774 = VERTEX_POINT ( 'NONE', #4191 ) ;
#3775 = ORIENTED_EDGE ( 'NONE', *, *, #1828, .F. ) ;
#3776 = CARTESIAN_POINT ( 'NONE',  ( 0.000000000000000000, 10.00000000000000000, -37.50000000000000000 ) ) ;
#3777 = EDGE_CURVE ( 'NONE', #3090, #121, #4185, .T. ) ;
#3778 = CARTESIAN_POINT ( 'NONE',  ( 20.00000000000000000, 5.000000000000000000, 2.500000000000209610 ) ) ;
#3779 = VERTEX_POINT ( 'NONE', #1137 ) ;
#3780 = CARTESIAN_POINT ( 'NONE',  ( 65.00000000000000000, 85.00000000000001421, 8.000000000000005329 ) ) ;
#3781 = EDGE_CURVE ( 'NONE', #3792, #2918, #2138, .T. ) ;
#3782 = DIRECTION ( 'NONE',  ( -1.000000000000000000, 0.000000000000000000, 0.000000000000000000 ) ) ;
#3783 = VERTEX_POINT ( 'NONE', #1471 ) ;
#3784 = ORIENTED_EDGE ( 'NONE', *, *, #1016, .T. ) ;
#3785 = CARTESIAN_POINT ( 'NONE',  ( 0.000000000000000000, -5.204170427930421283E-15, 0.000000000000000000 ) ) ;
#3786 = CARTESIAN_POINT ( 'NONE',  ( 65.00000000000000000, 73.00000000000000000, 0.000000000000000000 ) ) ;
#3787 = DIRECTION ( 'NONE',  ( 0.000000000000000000, 0.000000000000000000, -1.000000000000000000 ) ) ;
#3788 = CARTESIAN_POINT ( 'NONE',  ( -49.24428900898051609, 9.000000000000001776, 35.00000000000000711 ) ) ;
#3789 = ORIENTED_EDGE ( 'NONE', *, *, #3286, .F. ) ;
#3790 = CARTESIAN_POINT ( 'NONE',  ( -34.64101615137746393, -5.204170427930421283E-15, -18.30000000000016414 ) ) ;
#3791 = AXIS2_PLACEMENT_3D ( 'NONE', #4421, #3802, #1341 ) ;
#3792 = VERTEX_POINT ( 'NONE', #2843 ) ;
#3793 = DIRECTION ( 'NONE',  ( 0.000000000000000000, 0.000000000000000000, 1.000000000000000000 ) ) ;
#3794 = CIRCLE ( 'NONE', #522, 4.000000000000005329 ) ;
#3795 = AXIS2_PLACEMENT_3D ( 'NONE', #340, #1062, #4135 ) ;
#3796 = DIRECTION ( 'NONE',  ( -0.000000000000000000, -0.000000000000000000, -1.000000000000000000 ) ) ;
#3797 = EDGE_LOOP ( 'NONE', ( #1178, #1791 ) ) ;
#3798 = EDGE_LOOP ( 'NONE', ( #1909, #4132, #2088, #2561 ) ) ;
#3799 = AXIS2_PLACEMENT_3D ( 'NONE', #285, #1645, #1272 ) ;
#3800 = CIRCLE ( 'NONE', #2514, 34.00000000000000000 ) ;
#3801 = CARTESIAN_POINT ( 'NONE',  ( 34.64101615137773393, -5.204170427930421283E-15, -21.69999999999967955 ) ) ;
#3802 = DIRECTION ( 'NONE',  ( -0.000000000000000000, 1.000000000000000000, -0.000000000000000000 ) ) ;
#3803 = CIRCLE ( 'NONE', #3879, 4.000000000000003553 ) ;
#3804 = AXIS2_PLACEMENT_3D ( 'NONE', #1553, #3919, #478 ) ;
#3805 = CIRCLE ( 'NONE', #4176, 60.00000000000000000 ) ;
#3806 = LINE ( 'NONE', #751, #599 ) ;
#3807 = ORIENTED_EDGE ( 'NONE', *, *, #2199, .F. ) ;
#3808 = VECTOR ( 'NONE', #392, 1000.000000000000000 ) ;
#3809 = CIRCLE ( 'NONE', #4255, 2.500000000000002220 ) ;
#3810 = LINE ( 'NONE', #4180, #601 ) ;
#3811 = VECTOR ( 'NONE', #762, 1000.000000000000000 ) ;
#3812 = VERTEX_POINT ( 'NONE', #3178 ) ;
#3813 = EDGE_CURVE ( 'NONE', #1501, #433, #3674, .T. ) ;
#3814 = ADVANCED_FACE ( 'NONE', ( #1564 ), #824, .F. ) ;
#3815 = DIRECTION ( 'NONE',  ( 0.000000000000000000, 0.000000000000000000, 1.000000000000000000 ) ) ;
#3816 = AXIS2_PLACEMENT_3D ( 'NONE', #3012, #621, #1666 ) ;
#3817 = DIRECTION ( 'NONE',  ( -1.000000000000000000, -0.000000000000000000, -0.000000000000000000 ) ) ;
#3818 = DIRECTION ( 'NONE',  ( 0.000000000000000000, 0.000000000000000000, 1.000000000000000000 ) ) ;
#3819 = DIRECTION ( 'NONE',  ( 0.000000000000000000, 1.000000000000000000, 0.000000000000000000 ) ) ;
#3820 = ORIENTED_EDGE ( 'NONE', *, *, #3547, .T. ) ;
#3821 = TOROIDAL_SURFACE ( 'NONE', #545, 4.000000000000000000, 1.000000000000000000 ) ;
#3822 = ADVANCED_FACE ( 'NONE', ( #1205, #846 ), #3932, .F. ) ;
#3823 = FACE_BOUND ( 'NONE', #3199, .T. ) ;
#3824 = ORIENTED_EDGE ( 'NONE', *, *, #3781, .F. ) ;
#3825 = AXIS2_PLACEMENT_3D ( 'NONE', #2946, #4318, #194 ) ;
#3826 = CARTESIAN_POINT ( 'NONE',  ( -49.24428900898051609, 10.00000000000000000, 36.00000000000001421 ) ) ;
#3827 = ORIENTED_EDGE ( 'NONE', *, *, #2385, .F. ) ;
#3828 = ORIENTED_EDGE ( 'NONE', *, *, #3705, .T. ) ;
#3829 = CARTESIAN_POINT ( 'NONE',  ( 0.000000000000000000, 5.000000000000000000, -20.00000000000000000 ) ) ;
#3830 = CARTESIAN_POINT ( 'NONE',  ( 65.00000000000000000, 73.00000000000000000, 0.000000000000000000 ) ) ;
#3831 = EDGE_CURVE ( 'NONE', #1482, #1426, #3265, .T. ) ;
#3832 = CARTESIAN_POINT ( 'NONE',  ( 20.00000000000000000, 5.000000000000000000, -2.499999999999790390 ) ) ;
#3833 = VERTEX_POINT ( 'NONE', #1879 ) ;
#3834 = DIRECTION ( 'NONE',  ( 0.000000000000000000, 1.000000000000000000, 0.000000000000000000 ) ) ;
#3835 = ORIENTED_EDGE ( 'NONE', *, *, #2048, .F. ) ;
#3836 = LINE ( 'NONE', #3192, #1108 ) ;
#3837 = DIRECTION ( 'NONE',  ( -1.000000000000000000, -0.000000000000000000, -0.000000000000000000 ) ) ;
#3838 = DIRECTION ( 'NONE',  ( 0.000000000000000000, 0.000000000000000000, -1.000000000000000000 ) ) ;
#3839 = DIRECTION ( 'NONE',  ( 0.000000000000000000, 0.000000000000000000, -1.000000000000000000 ) ) ;
#3840 = ADVANCED_FACE ( 'NONE', ( #776 ), #867, .T. ) ;
#3841 = EDGE_LOOP ( 'NONE', ( #269, #3542, #3548, #928 ) ) ;
#3842 = CARTESIAN_POINT ( 'NONE',  ( 0.000000000000000000, -5.204170427930421283E-15, -40.00000000000000000 ) ) ;
#3843 = VERTEX_POINT ( 'NONE', #3216 ) ;
#3844 = FACE_OUTER_BOUND ( 'NONE', #2707, .T. ) ;
#3845 = ADVANCED_FACE ( 'NONE', ( #440 ), #1545, .T. ) ;
#3846 = LINE ( 'NONE', #2142, #1528 ) ;
#3847 = ORIENTED_EDGE ( 'NONE', *, *, #997, .T. ) ;
#3848 = ORIENTED_EDGE ( 'NONE', *, *, #1140, .T. ) ;
#3849 = PLANE ( 'NONE',  #97 ) ;
#3850 = DIRECTION ( 'NONE',  ( -0.000000000000000000, 1.000000000000000000, 0.000000000000000000 ) ) ;
#3851 = DIRECTION ( 'NONE',  ( 0.000000000000000000, 0.000000000000000000, 1.000000000000000000 ) ) ;
#3852 = ORIENTED_EDGE ( 'NONE', *, *, #3545, .F. ) ;
#3853 = DIRECTION ( 'NONE',  ( 0.000000000000000000, 0.000000000000000000, 1.000000000000000000 ) ) ;
#3854 = VERTEX_POINT ( 'NONE', #540 ) ;
#3855 = CARTESIAN_POINT ( 'NONE',  ( -49.24428900898051609, 9.000000000000001776, 36.00000000000001421 ) ) ;
#3856 = DIRECTION ( 'NONE',  ( 0.000000000000000000, 0.000000000000000000, 1.000000000000000000 ) ) ;
#3857 = DIRECTION ( 'NONE',  ( -1.000000000000000000, -0.000000000000000000, -0.000000000000000000 ) ) ;
#3858 = CARTESIAN_POINT ( 'NONE',  ( -34.64101615137746393, -5.204170427930421283E-15, -20.00000000000016342 ) ) ;
#3859 = VERTEX_POINT ( 'NONE', #1511 ) ;
#3860 = CARTESIAN_POINT ( 'NONE',  ( 20.00000000000000000, 5.000000000000000000, 2.094888803305880013E-13 ) ) ;
#3861 = ADVANCED_FACE ( 'NONE', ( #1812 ), #3198, .T. ) ;
#3862 = ORIENTED_EDGE ( 'NONE', *, *, #3781, .T. ) ;
#3863 = CARTESIAN_POINT ( 'NONE',  ( -65.00000000000000000, 96.99999999999998579, 3.469678339331945719E-14 ) ) ;
#3864 = VECTOR ( 'NONE', #1349, 1000.000000000000000 ) ;
#3865 = DIRECTION ( 'NONE',  ( -1.000000000000000000, -0.000000000000000000, 0.000000000000000000 ) ) ;
#3866 = EDGE_CURVE ( 'NONE', #3222, #3113, #1825, .T. ) ;
#3867 = ADVANCED_FACE ( 'NONE', ( #2547 ), #492, .F. ) ;
#3868 = EDGE_LOOP ( 'NONE', ( #692, #3723, #1696, #1227 ) ) ;
#3869 = ORIENTED_EDGE ( 'NONE', *, *, #236, .F. ) ;
#3870 = CIRCLE ( 'NONE', #3509, 1.700000000000000178 ) ;
#3871 = FACE_OUTER_BOUND ( 'NONE', #3798, .T. ) ;
#3872 = AXIS2_PLACEMENT_3D ( 'NONE', #1114, #1087, #2452 ) ;
#3873 = CIRCLE ( 'NONE', #3167, 1.700000000000000178 ) ;
#3874 = ORIENTED_EDGE ( 'NONE', *, *, #2664, .T. ) ;
#3875 = CARTESIAN_POINT ( 'NONE',  ( 55.00000000000002132, 96.99999999999998579, -1.999999999999968914 ) ) ;
#3876 = ORIENTED_EDGE ( 'NONE', *, *, #3629, .T. ) ;
#3877 = VECTOR ( 'NONE', #3448, 1000.000000000000000 ) ;
#3878 = DIRECTION ( 'NONE',  ( 0.000000000000000000, 0.000000000000000000, 1.000000000000000000 ) ) ;
#3879 = AXIS2_PLACEMENT_3D ( 'NONE', #1923, #2270, #634 ) ;
#3880 = VECTOR ( 'NONE', #1102, 1000.000000000000000 ) ;
#3881 = EDGE_LOOP ( 'NONE', ( #2500, #204 ) ) ;
#3882 = DIRECTION ( 'NONE',  ( 0.000000000000000000, 0.000000000000000000, 1.000000000000000000 ) ) ;
#3883 = AXIS2_PLACEMENT_3D ( 'NONE', #1558, #3259, #2907 ) ;
#3884 = AXIS2_PLACEMENT_3D ( 'NONE', #3218, #180, #3200 ) ;
#3885 = DIRECTION ( 'NONE',  ( -0.000000000000000000, 1.000000000000000000, 0.000000000000000000 ) ) ;
#3886 = CIRCLE ( 'NONE', #2670, 1.700000000000000178 ) ;
#3887 = FACE_OUTER_BOUND ( 'NONE', #338, .T. ) ;
#3888 = DIRECTION ( 'NONE',  ( -0.000000000000000000, 1.000000000000000000, -0.000000000000000000 ) ) ;
#3889 = UNCERTAINTY_MEASURE_WITH_UNIT (LENGTH_MEASURE( 1.000000000000000082E-05 ), #650, 'distance_accuracy_value', 'NONE');
#3890 = ORIENTED_EDGE ( 'NONE', *, *, #3650, .T. ) ;
#3891 = EDGE_CURVE ( 'NONE', #3779, #3492, #2608, .T. ) ;
#3892 = CIRCLE ( 'NONE', #1898, 4.000000000000005329 ) ;
#3893 = CARTESIAN_POINT ( 'NONE',  ( -51.99999999999999289, 10.00000000000000000, 35.00000000000002132 ) ) ;
#3894 = DIRECTION ( 'NONE',  ( 0.000000000000000000, 1.000000000000000000, 0.000000000000000000 ) ) ;
#3895 = DIRECTION ( 'NONE',  ( 0.000000000000000000, -1.000000000000000000, -1.632680918566407040E-16 ) ) ;
#3896 = CARTESIAN_POINT ( 'NONE',  ( -65.00000000000000000, 73.00000000000000000, 0.000000000000000000 ) ) ;
#3897 = TOROIDAL_SURFACE ( 'NONE', #1829, 2.000000000000000000, 1.000000000000000000 ) ;
#3898 = EDGE_LOOP ( 'NONE', ( #1119, #632, #2530, #1570 ) ) ;
#3899 = ORIENTED_EDGE ( 'NONE', *, *, #2488, .F. ) ;
#3900 = DIRECTION ( 'NONE',  ( 0.000000000000000000, 0.000000000000000000, -1.000000000000000000 ) ) ;
#3901 = ADVANCED_FACE ( 'NONE', ( #1858 ), #796, .T. ) ;
#3902 = ORIENTED_EDGE ( 'NONE', *, *, #3363, .F. ) ;
#3903 = FACE_OUTER_BOUND ( 'NONE', #3960, .T. ) ;
#3904 = EDGE_LOOP ( 'NONE', ( #1199, #3397 ) ) ;
#3905 = DIRECTION ( 'NONE',  ( -0.000000000000000000, 1.000000000000000000, -0.000000000000000000 ) ) ;
#3906 = EDGE_CURVE ( 'NONE', #3227, #40, #2521, .T. ) ;
#3907 = ORIENTED_EDGE ( 'NONE', *, *, #567, .T. ) ;
#3908 = DIRECTION ( 'NONE',  ( -1.000000000000000000, 0.000000000000000000, 0.000000000000000000 ) ) ;
#3909 = DIRECTION ( 'NONE',  ( 0.000000000000000000, 0.000000000000000000, 1.000000000000000000 ) ) ;
#3910 = DIRECTION ( 'NONE',  ( 1.000000000000000000, 0.000000000000000000, 0.000000000000000000 ) ) ;
#3911 = CARTESIAN_POINT ( 'NONE',  ( 34.64101615137773393, -5.204170427930421283E-15, -21.69999999999967955 ) ) ;
#3912 = ORIENTED_EDGE ( 'NONE', *, *, #761, .T. ) ;
#3913 = CARTESIAN_POINT ( 'NONE',  ( -47.62972215622706074, 9.000000000000001776, -34.81967213114754145 ) ) ;
#3914 = VERTEX_POINT ( 'NONE', #2190 ) ;
#3915 = DIRECTION ( 'NONE',  ( 0.000000000000000000, 0.000000000000000000, 1.000000000000000000 ) ) ;
#3916 = ADVANCED_FACE ( 'NONE', ( #1284 ), #217, .F. ) ;
#3917 = DIRECTION ( 'NONE',  ( 0.000000000000000000, 0.000000000000000000, 1.000000000000000000 ) ) ;
#3918 = ORIENTED_EDGE ( 'NONE', *, *, #1938, .T. ) ;
#3919 = DIRECTION ( 'NONE',  ( 0.000000000000000000, -1.000000000000000000, 1.247601729133521180E-16 ) ) ;
#3920 = EDGE_CURVE ( 'NONE', #91, #645, #2678, .T. ) ;
#3921 = DIRECTION ( 'NONE',  ( 0.000000000000000000, -1.247601729133521180E-16, -1.000000000000000000 ) ) ;
#3922 = ORIENTED_EDGE ( 'NONE', *, *, #865, .T. ) ;
#3923 = EDGE_CURVE ( 'NONE', #2668, #40, #3254, .T. ) ;
#3924 = DIRECTION ( 'NONE',  ( -1.000000000000000000, 0.000000000000000000, 0.000000000000000000 ) ) ;
#3925 = ORIENTED_EDGE ( 'NONE', *, *, #1027, .T. ) ;
#3926 = FACE_OUTER_BOUND ( 'NONE', #2756, .T. ) ;
#3927 = ADVANCED_FACE ( 'NONE', ( #1226 ), #1943, .F. ) ;
#3928 = CARTESIAN_POINT ( 'NONE',  ( 49.24428900898052319, 8.572527594031472993E-15, -34.99999999999999289 ) ) ;
#3929 = DIRECTION ( 'NONE',  ( 0.000000000000000000, 1.000000000000000000, 0.000000000000000000 ) ) ;
#3930 = DIRECTION ( 'NONE',  ( 0.000000000000000000, 0.000000000000000000, 1.000000000000000000 ) ) ;
#3931 = ORIENTED_EDGE ( 'NONE', *, *, #2120, .T. ) ;
#3932 = PLANE ( 'NONE',  #177 ) ;
#3933 = ORIENTED_EDGE ( 'NONE', *, *, #4383, .T. ) ;
#3934 = CARTESIAN_POINT ( 'NONE',  ( 3.061616997868384620E-16, 5.000000000000000000, -22.50000000000000000 ) ) ;
#3935 = CARTESIAN_POINT ( 'NONE',  ( -34.64101615137759183, 5.000000000000000000, 22.49999999999992184 ) ) ;
#3936 = EDGE_LOOP ( 'NONE', ( #431, #4192, #2325, #4000 ) ) ;
#3937 = DIRECTION ( 'NONE',  ( -1.000000000000000000, -1.261617073437677999E-16, -0.000000000000000000 ) ) ;
#3938 = EDGE_LOOP ( 'NONE', ( #4419, #400, #257, #74 ) ) ;
#3939 = DIRECTION ( 'NONE',  ( 0.8660254037844431485, 0.000000000000000000, -0.4999999999999922839 ) ) ;
#3940 = CIRCLE ( 'NONE', #720, 2.499999999999998668 ) ;
#3941 = ORIENTED_EDGE ( 'NONE', *, *, #1294, .F. ) ;
#3942 = DIRECTION ( 'NONE',  ( 0.000000000000000000, -1.224646799147352221E-16, 1.000000000000000000 ) ) ;
#3943 = ORIENTED_EDGE ( 'NONE', *, *, #101, .T. ) ;
#3944 = CIRCLE ( 'NONE', #2506, 4.000000000000003553 ) ;
#3945 = DIRECTION ( 'NONE',  ( 0.000000000000000000, 0.000000000000000000, 1.000000000000000000 ) ) ;
#3946 = VECTOR ( 'NONE', #914, 1000.000000000000000 ) ;
#3947 = DIRECTION ( 'NONE',  ( 0.000000000000000000, 0.000000000000000000, 1.000000000000000000 ) ) ;
#3948 = LINE ( 'NONE', #1221, #592 ) ;
#3949 = VECTOR ( 'NONE', #4013, 1000.000000000000000 ) ;
#3950 = AXIS2_PLACEMENT_3D ( 'NONE', #4420, #2366, #2973 ) ;
#3951 = DIRECTION ( 'NONE',  ( 0.000000000000000000, 0.000000000000000000, -1.000000000000000000 ) ) ;
#3952 = CYLINDRICAL_SURFACE ( 'NONE', #4095, 1.700000000000000178 ) ;
#3953 = CIRCLE ( 'NONE', #3595, 4.000000000000003553 ) ;
#3954 = ORIENTED_EDGE ( 'NONE', *, *, #3562, .T. ) ;
#3955 = ADVANCED_FACE ( 'NONE', ( #3638, #1972 ), #4043, .F. ) ;
#3956 = AXIS2_PLACEMENT_3D ( 'NONE', #1920, #3697, #294 ) ;
#3957 = AXIS2_PLACEMENT_3D ( 'NONE', #2019, #4071, #3711 ) ;
#3958 = CARTESIAN_POINT ( 'NONE',  ( 20.00000000000000000, 5.000000000000000000, 2.500000000000209610 ) ) ;
#3959 = COLOUR_RGB ( '',0.7921568627450980005, 0.8196078431372548767, 0.9333333333333333481 ) ;
#3960 = EDGE_LOOP ( 'NONE', ( #221, #1606, #1983, #969 ) ) ;
#3961 = DIRECTION ( 'NONE',  ( 0.000000000000000000, -1.000000000000000000, 1.040834085586083310E-14 ) ) ;
#3962 = LINE ( 'NONE', #4172, #1005 ) ;
#3963 = ORIENTED_EDGE ( 'NONE', *, *, #1966, .T. ) ;
#3964 = EDGE_CURVE ( 'NONE', #383, #2645, #2971, .T. ) ;
#3965 = VECTOR ( 'NONE', #4269, 1000.000000000000000 ) ;
#3966 = LINE ( 'NONE', #873, #2744 ) ;
#3967 = ORIENTED_EDGE ( 'NONE', *, *, #1630, .F. ) ;
#3968 = VECTOR ( 'NONE', #992, 1000.000000000000000 ) ;
#3969 = DIRECTION ( 'NONE',  ( 0.000000000000000000, 0.000000000000000000, -1.000000000000000000 ) ) ;
#3970 = CARTESIAN_POINT ( 'NONE',  ( -69.00000000000000000, 1.224646799147354440E-16, 34.00000000000000711 ) ) ;
#3971 = ORIENTED_EDGE ( 'NONE', *, *, #2177, .F. ) ;
#3972 = DIRECTION ( 'NONE',  ( 0.8660254037844431485, 0.000000000000000000, -0.4999999999999922839 ) ) ;
#3973 = EDGE_CURVE ( 'NONE', #3060, #206, #2825, .T. ) ;
#3974 = CARTESIAN_POINT ( 'NONE',  ( -34.64101615137759183, -5.204170427930421283E-15, 21.69999999999992113 ) ) ;
#3975 = CARTESIAN_POINT ( 'NONE',  ( -65.00000000000000000, 73.00000000000000000, 0.000000000000000000 ) ) ;
#3976 = LINE ( 'NONE', #4380, #3165 ) ;
#3977 = ORIENTED_EDGE ( 'NONE', *, *, #2469, .T. ) ;
#3978 = DIRECTION ( 'NONE',  ( 0.000000000000000000, 0.000000000000000000, 1.000000000000000000 ) ) ;
#3979 = DIRECTION ( 'NONE',  ( 0.000000000000000000, 0.000000000000000000, 1.000000000000000000 ) ) ;
#3980 = EDGE_CURVE ( 'NONE', #4267, #3812, #3332, .T. ) ;
#3981 = CARTESIAN_POINT ( 'NONE',  ( 55.00000000000002132, 12.99999999999999822, 34.00000000000000711 ) ) ;
#3982 = FACE_BOUND ( 'NONE', #1059, .T. ) ;
#3983 = ORIENTED_EDGE ( 'NONE', *, *, #264, .T. ) ;
#3984 = DIRECTION ( 'NONE',  ( 0.8660254037844324904, 0.000000000000000000, 0.5000000000000108802 ) ) ;
#3985 = ORIENTED_EDGE ( 'NONE', *, *, #4084, .T. ) ;
#3986 = EDGE_CURVE ( 'NONE', #3222, #2015, #1310, .T. ) ;
#3987 = DIRECTION ( 'NONE',  ( -1.000000000000000000, -0.000000000000000000, -0.000000000000000000 ) ) ;
#3988 = ORIENTED_EDGE ( 'NONE', *, *, #1851, .T. ) ;
#3989 = ORIENTED_EDGE ( 'NONE', *, *, #3274, .F. ) ;
#3990 = DIRECTION ( 'NONE',  ( 1.000000000000000000, 0.000000000000000000, 0.000000000000000000 ) ) ;
#3991 = DIRECTION ( 'NONE',  ( 0.000000000000000000, 0.000000000000000000, 1.000000000000000000 ) ) ;
#3992 = CARTESIAN_POINT ( 'NONE',  ( 0.000000000000000000, -5.204170427930421283E-15, -38.29999999999999716 ) ) ;
#3993 = DIRECTION ( 'NONE',  ( 0.000000000000000000, 1.000000000000000000, 0.000000000000000000 ) ) ;
#3994 = ORIENTED_EDGE ( 'NONE', *, *, #3032, .T. ) ;
#3995 = CARTESIAN_POINT ( 'NONE',  ( 70.00000000000000000, 84.99999999999998579, 1.734839169665972859E-14 ) ) ;
#3996 = EDGE_CURVE ( 'NONE', #1762, #1356, #3182, .T. ) ;
#3997 = CARTESIAN_POINT ( 'NONE',  ( 65.00000000000000000, 73.00000000000000000, -4.000000000000005329 ) ) ;
#3998 = CYLINDRICAL_SURFACE ( 'NONE', #653, 2.500000000000002220 ) ;
#3999 = DIRECTION ( 'NONE',  ( -1.000000000000000000, 0.000000000000000000, -3.491481338843130200E-15 ) ) ;
#4000 = ORIENTED_EDGE ( 'NONE', *, *, #3321, .T. ) ;
#4001 = ADVANCED_FACE ( 'NONE', ( #956 ), #3685, .F. ) ;
#4002 = LINE ( 'NONE', #1632, #746 ) ;
#4003 = ORIENTED_EDGE ( 'NONE', *, *, #1403, .F. ) ;
#4004 = DIRECTION ( 'NONE',  ( 1.000000000000000000, 0.000000000000000000, -0.000000000000000000 ) ) ;
#4005 = ADVANCED_FACE ( 'NONE', ( #2003 ), #912, .F. ) ;
#4006 = EDGE_CURVE ( 'NONE', #3833, #461, #4261, .T. ) ;
#4007 = VERTEX_POINT ( 'NONE', #3958 ) ;
#4008 = EDGE_LOOP ( 'NONE', ( #2531, #2342, #3941, #812 ) ) ;
#4009 = DIRECTION ( 'NONE',  ( 0.000000000000000000, 0.000000000000000000, -1.000000000000000000 ) ) ;
#4010 = EDGE_LOOP ( 'NONE', ( #3036, #2073 ) ) ;
#4011 = EDGE_CURVE ( 'NONE', #2492, #3225, #2255, .T. ) ;
#4012 = DIRECTION ( 'NONE',  ( 0.000000000000000000, -1.000000000000000000, 1.247601729133521180E-16 ) ) ;
#4013 = DIRECTION ( 'NONE',  ( 0.000000000000000000, -1.000000000000000000, 1.247601729133521180E-16 ) ) ;
#4014 = AXIS2_PLACEMENT_3D ( 'NONE', #3046, #1634, #2341 ) ;
#4015 = TOROIDAL_SURFACE ( 'NONE', #2079, 2.000000000000000000, 1.000000000000000000 ) ;
#4016 = CARTESIAN_POINT ( 'NONE',  ( -65.00000000000000000, 96.99999999999998579, 3.469678339331945719E-14 ) ) ;
#4017 = AXIS2_PLACEMENT_3D ( 'NONE', #862, #535, #1182 ) ;
#4018 = CIRCLE ( 'NONE', #1445, 4.000000000000005329 ) ;
#4019 = DIRECTION ( 'NONE',  ( -3.469446951953611033E-15, 0.000000000000000000, -1.000000000000000000 ) ) ;
#4020 = CIRCLE ( 'NONE', #164, 2.000000000000003553 ) ;
#4021 = CARTESIAN_POINT ( 'NONE',  ( -70.00000000000000000, 73.00000000000000000, 4.000000000000005329 ) ) ;
#4022 = CARTESIAN_POINT ( 'NONE',  ( 20.00000000000000000, -5.204170427930421283E-15, 2.094888803305880013E-13 ) ) ;
#4023 = ADVANCED_FACE ( 'NONE', ( #1610 ), #2977, .F. ) ;
#4024 = ORIENTED_EDGE ( 'NONE', *, *, #3116, .F. ) ;
#4025 = AXIS2_PLACEMENT_3D ( 'NONE', #3073, #3782, #1058 ) ;
#4026 = CIRCLE ( 'NONE', #2164, 1.700000000000000178 ) ;
#4027 = CIRCLE ( 'NONE', #532, 35.00000000000000000 ) ;
#4028 = CARTESIAN_POINT ( 'NONE',  ( 34.64101615137731471, -5.204170427930421283E-15, 20.00000000000040146 ) ) ;
#4029 = ORIENTED_EDGE ( 'NONE', *, *, #3964, .F. ) ;
#4030 = AXIS2_PLACEMENT_3D ( 'NONE', #813, #122, #141 ) ;
#4031 = AXIS2_PLACEMENT_3D ( 'NONE', #779, #2141, #3503 ) ;
#4032 = CARTESIAN_POINT ( 'NONE',  ( 34.64101615137773393, 5.000000000000000000, -18.29999999999967741 ) ) ;
#4033 = CIRCLE ( 'NONE', #1968, 2.000000000000001776 ) ;
#4034 = CIRCLE ( 'NONE', #3034, 5.000000000000006217 ) ;
#4035 = ORIENTED_EDGE ( 'NONE', *, *, #2371, .T. ) ;
#4036 = ORIENTED_EDGE ( 'NONE', *, *, #1885, .T. ) ;
#4037 = EDGE_CURVE ( 'NONE', #3191, #2123, #4034, .T. ) ;
#4038 = DIRECTION ( 'NONE',  ( 0.000000000000000000, 0.000000000000000000, 1.000000000000000000 ) ) ;
#4039 = AXIS2_PLACEMENT_3D ( 'NONE', #3209, #4204, #144 ) ;
#4040 = FACE_OUTER_BOUND ( 'NONE', #3704, .T. ) ;
#4041 = EDGE_CURVE ( 'NONE', #2578, #3567, #3657, .T. ) ;
#4042 = DIRECTION ( 'NONE',  ( -1.000000000000000000, 0.000000000000000000, -0.000000000000000000 ) ) ;
#4043 = PLANE ( 'NONE',  #817 ) ;
#4044 = CYLINDRICAL_SURFACE ( 'NONE', #297, 1.000000000000000888 ) ;
#4045 = FACE_OUTER_BOUND ( 'NONE', #4442, .T. ) ;
#4046 = CARTESIAN_POINT ( 'NONE',  ( 0.000000000000000000, 5.000000000000000000, 42.50000000000000000 ) ) ;
#4047 = ORIENTED_EDGE ( 'NONE', *, *, #3116, .T. ) ;
#4048 = DIRECTION ( 'NONE',  ( -0.000000000000000000, 1.632680918566407040E-16, -1.000000000000000000 ) ) ;
#4049 = ORIENTED_EDGE ( 'NONE', *, *, #3594, .T. ) ;
#4050 = DIRECTION ( 'NONE',  ( -0.000000000000000000, 1.000000000000000000, 0.000000000000000000 ) ) ;
#4051 = ORIENTED_EDGE ( 'NONE', *, *, #651, .F. ) ;
#4052 = ORIENTED_EDGE ( 'NONE', *, *, #1186, .T. ) ;
#4053 = DIRECTION ( 'NONE',  ( 1.000000000000000000, 0.000000000000000000, 0.000000000000000000 ) ) ;
#4054 = VERTEX_POINT ( 'NONE', #3391 ) ;
#4055 = EDGE_CURVE ( 'NONE', #3854, #40, #1105, .T. ) ;
#4056 = DIRECTION ( 'NONE',  ( 0.000000000000000000, -1.000000000000000000, 0.000000000000000000 ) ) ;
#4057 = CARTESIAN_POINT ( 'NONE',  ( 1.836970198721029589E-15, -5.204170427930421283E-15, -15.00000000000000000 ) ) ;
#4058 = ORIENTED_EDGE ( 'NONE', *, *, #2721, .F. ) ;
#4059 = ORIENTED_EDGE ( 'NONE', *, *, #2353, .T. ) ;
#4060 = EDGE_CURVE ( 'NONE', #2714, #4208, #106, .T. ) ;
#4061 = FACE_BOUND ( 'NONE', #394, .T. ) ;
#4062 = CARTESIAN_POINT ( 'NONE',  ( 55.00000000000002132, 96.99999999999998579, 2.000000000000038192 ) ) ;
#4063 = CARTESIAN_POINT ( 'NONE',  ( 70.00001199999999812, 73.00000000000000000, 0.000000000000000000 ) ) ;
#4064 = CARTESIAN_POINT ( 'NONE',  ( 65.00000000000000000, 85.00000000000001421, 12.00000000000001066 ) ) ;
#4065 = ORIENTED_EDGE ( 'NONE', *, *, #1461, .F. ) ;
#4066 = DIRECTION ( 'NONE',  ( -0.000000000000000000, 1.000000000000000000, 0.000000000000000000 ) ) ;
#4067 = ORIENTED_EDGE ( 'NONE', *, *, #2205, .T. ) ;
#4068 = CARTESIAN_POINT ( 'NONE',  ( 65.00000000000000000, 96.99999999999998579, -3.999999999999970690 ) ) ;
#4069 = ORIENTED_EDGE ( 'NONE', *, *, #1550, .F. ) ;
#4070 = VERTEX_POINT ( 'NONE', #2064 ) ;
#4071 = DIRECTION ( 'NONE',  ( 0.000000000000000000, 1.000000000000000000, 0.000000000000000000 ) ) ;
#4072 = CARTESIAN_POINT ( 'NONE',  ( -51.99999999999999289, 13.00000000000000178, 35.00000000000000711 ) ) ;
#4073 = EDGE_LOOP ( 'NONE', ( #272, #2463 ) ) ;
#4074 = EDGE_CURVE ( 'NONE', #2271, #176, #3717, .T. ) ;
#4075 = DIRECTION ( 'NONE',  ( 0.000000000000000000, 0.000000000000000000, 1.000000000000000000 ) ) ;
#4076 = VERTEX_POINT ( 'NONE', #1417 ) ;
#4077 = CIRCLE ( 'NONE', #1508, 2.499999999999998668 ) ;
#4078 = ORIENTED_EDGE ( 'NONE', *, *, #610, .T. ) ;
#4079 = CYLINDRICAL_SURFACE ( 'NONE', #1540, 1.699999999999999956 ) ;
#4080 = DIRECTION ( 'NONE',  ( 0.000000000000000000, -1.000000000000000000, -1.632680918566407040E-16 ) ) ;
#4081 = AXIS2_PLACEMENT_3D ( 'NONE', #1546, #201, #3217 ) ;
#4082 = CARTESIAN_POINT ( 'NONE',  ( 0.000000000000000000, 10.00000000000000000, -1.122841556220169259E-15 ) ) ;
#4083 = CARTESIAN_POINT ( 'NONE',  ( 56.00000000000001421, 85.00000000000000000, -33.99999999999997158 ) ) ;
#4084 = EDGE_CURVE ( 'NONE', #1619, #3843, #1396, .T. ) ;
#4085 = EDGE_LOOP ( 'NONE', ( #687, #3847, #3421, #1679 ) ) ;
#4086 = CIRCLE ( 'NONE', #3872, 1.700000000000000400 ) ;
#4087 = AXIS2_PLACEMENT_3D ( 'NONE', #1687, #2094, #1373 ) ;
#4088 = ORIENTED_EDGE ( 'NONE', *, *, #1466, .T. ) ;
#4089 = FACE_BOUND ( 'NONE', #708, .T. ) ;
#4090 = EDGE_LOOP ( 'NONE', ( #941, #3389 ) ) ;
#4091 = CARTESIAN_POINT ( 'NONE',  ( 52.00000000000002132, 8.999999999999998224, 35.00000000000000711 ) ) ;
#4092 = AXIS2_PLACEMENT_3D ( 'NONE', #1854, #1561, #1505 ) ;
#4093 = ADVANCED_FACE ( 'NONE', ( #3456 ), #3427, .F. ) ;
#4094 = AXIS2_PLACEMENT_3D ( 'NONE', #521, #3900, #2965 ) ;
#4095 = AXIS2_PLACEMENT_3D ( 'NONE', #3858, #3888, #3528 ) ;
#4096 = CARTESIAN_POINT ( 'NONE',  ( -70.00000000000000000, 73.00000000000000000, 0.000000000000000000 ) ) ;
#4097 = AXIS2_PLACEMENT_3D ( 'NONE', #1702, #75, #1037 ) ;
#4098 = AXIS2_PLACEMENT_3D ( 'NONE', #1860, #3284, #3961 ) ;
#4099 = ORIENTED_EDGE ( 'NONE', *, *, #2766, .T. ) ;
#4100 = EDGE_LOOP ( 'NONE', ( #1907, #1077, #1555, #353 ) ) ;
#4101 = AXIS2_PLACEMENT_3D ( 'NONE', #2265, #2873, #2941 ) ;
#4102 = FACE_OUTER_BOUND ( 'NONE', #4243, .T. ) ;
#4103 = CARTESIAN_POINT ( 'NONE',  ( 70.00000000000000000, 8.572527594031472993E-15, -34.99999999999999289 ) ) ;
#4104 = ORIENTED_EDGE ( 'NONE', *, *, #371, .F. ) ;
#4105 = ORIENTED_EDGE ( 'NONE', *, *, #1629, .T. ) ;
#4106 = CIRCLE ( 'NONE', #2101, 4.000000000000005329 ) ;
#4107 = EDGE_CURVE ( 'NONE', #3227, #1107, #182, .T. ) ;
#4108 = AXIS2_PLACEMENT_3D ( 'NONE', #2319, #2334, #2651 ) ;
#4109 = FACE_OUTER_BOUND ( 'NONE', #3168, .T. ) ;
#4110 = ORIENTED_EDGE ( 'NONE', *, *, #4055, .T. ) ;
#4111 = EDGE_LOOP ( 'NONE', ( #3360, #3232, #1789, #3412 ) ) ;
#4112 = ORIENTED_EDGE ( 'NONE', *, *, #72, .T. ) ;
#4113 = DIRECTION ( 'NONE',  ( -0.000000000000000000, 0.000000000000000000, 1.000000000000000000 ) ) ;
#4114 = CARTESIAN_POINT ( 'NONE',  ( 70.00000000000000000, 85.00000000000000000, -34.99999999999998579 ) ) ;
#4115 = EDGE_CURVE ( 'NONE', #3762, #2400, #1185, .T. ) ;
#4116 = DIRECTION ( 'NONE',  ( 1.000000000000000000, 0.000000000000000000, 0.000000000000000000 ) ) ;
#4117 = FACE_OUTER_BOUND ( 'NONE', #3323, .T. ) ;
#4118 = CIRCLE ( 'NONE', #4340, 4.000000000000000000 ) ;
#4119 = ORIENTED_EDGE ( 'NONE', *, *, #1081, .F. ) ;
#4120 = DIRECTION ( 'NONE',  ( 0.000000000000000000, 1.000000000000000000, 0.000000000000000000 ) ) ;
#4121 = ADVANCED_FACE ( 'NONE', ( #2044 ), #339, .F. ) ;
#4122 = ORIENTED_EDGE ( 'NONE', *, *, #1966, .F. ) ;
#4123 = DIRECTION ( 'NONE',  ( 0.000000000000000000, 0.000000000000000000, 1.000000000000000000 ) ) ;
#4124 = DIRECTION ( 'NONE',  ( 0.000000000000000000, -1.224646799147352221E-16, 1.000000000000000000 ) ) ;
#4125 = EDGE_CURVE ( 'NONE', #4070, #3508, #318, .T. ) ;
#4126 = ORIENTED_EDGE ( 'NONE', *, *, #2560, .T. ) ;
#4127 = ORIENTED_EDGE ( 'NONE', *, *, #3496, .T. ) ;
#4128 = DIRECTION ( 'NONE',  ( 0.000000000000000000, 0.000000000000000000, 1.000000000000000000 ) ) ;
#4129 = CARTESIAN_POINT ( 'NONE',  ( 34.64101615137773393, 5.000000000000000000, -19.99999999999967670 ) ) ;
#4130 = CARTESIAN_POINT ( 'NONE',  ( -65.00000000000000000, 84.99999999999988631, -11.99999999999998224 ) ) ;
#4131 = DIRECTION ( 'NONE',  ( -2.040851148208008245E-16, 1.000000000000000000, 0.000000000000000000 ) ) ;
#4132 = ORIENTED_EDGE ( 'NONE', *, *, #1635, .F. ) ;
#4133 = ORIENTED_EDGE ( 'NONE', *, *, #511, .T. ) ;
#4134 = CARTESIAN_POINT ( 'NONE',  ( 34.64101615137731471, 5.000000000000000000, 22.50000000000040501 ) ) ;
#4135 = DIRECTION ( 'NONE',  ( -0.8660254037844360431, 0.000000000000000000, -0.5000000000000044409 ) ) ;
#4136 = DIRECTION ( 'NONE',  ( -1.000000000000000000, 0.000000000000000000, 0.000000000000000000 ) ) ;
#4137 = LINE ( 'NONE', #3109, #3520 ) ;
#4138 = ORIENTED_EDGE ( 'NONE', *, *, #741, .T. ) ;
#4139 = ADVANCED_FACE ( 'NONE', ( #1012, #4425 ), #3408, .T. ) ;
#4140 = FACE_BOUND ( 'NONE', #1024, .T. ) ;
#4141 = ORIENTED_EDGE ( 'NONE', *, *, #277, .T. ) ;
#4142 = CYLINDRICAL_SURFACE ( 'NONE', #2526, 2.500000000000002220 ) ;
#4143 = CYLINDRICAL_SURFACE ( 'NONE', #2451, 1.700000000000000178 ) ;
#4144 = ORIENTED_EDGE ( 'NONE', *, *, #1866, .T. ) ;
#4145 = ORIENTED_EDGE ( 'NONE', *, *, #1817, .T. ) ;
#4146 = CARTESIAN_POINT ( 'NONE',  ( 65.00000000000000000, 84.99999999999988631, -11.99999999999998224 ) ) ;
#4147 = DIRECTION ( 'NONE',  ( -0.000000000000000000, 1.000000000000000000, 0.000000000000000000 ) ) ;
#4148 = EDGE_CURVE ( 'NONE', #1762, #1338, #2787, .T. ) ;
#4149 = ADVANCED_FACE ( 'NONE', ( #1704 ), #4079, .F. ) ;
#4150 = DIRECTION ( 'NONE',  ( -0.000000000000000000, -1.000000000000000000, -0.000000000000000000 ) ) ;
#4151 = DIRECTION ( 'NONE',  ( 0.000000000000000000, 0.000000000000000000, 1.000000000000000000 ) ) ;
#4152 = EDGE_CURVE ( 'NONE', #4215, #3619, #3184, .T. ) ;
#4153 = ORIENTED_EDGE ( 'NONE', *, *, #3626, .F. ) ;
#4154 = DIRECTION ( 'NONE',  ( -1.000000000000000000, 0.000000000000000000, 0.000000000000000000 ) ) ;
#4155 = CARTESIAN_POINT ( 'NONE',  ( -49.24428900898052319, 10.00000000000000000, -33.99999999999999289 ) ) ;
#4156 = CARTESIAN_POINT ( 'NONE',  ( 20.00000000000000000, -5.204170427930421283E-15, -1.699999999999790345 ) ) ;
#4157 = FACE_OUTER_BOUND ( 'NONE', #4010, .T. ) ;
#4158 = CIRCLE ( 'NONE', #1290, 2.499999999999998668 ) ;
#4159 = ORIENTED_EDGE ( 'NONE', *, *, #2112, .T. ) ;
#4160 = CYLINDRICAL_SURFACE ( 'NONE', #611, 2.499999999999998668 ) ;
#4161 = AXIS2_PLACEMENT_3D ( 'NONE', #3490, #3285, #1230 ) ;
#4162 = ORIENTED_EDGE ( 'NONE', *, *, #3189, .T. ) ;
#4163 = FACE_OUTER_BOUND ( 'NONE', #2467, .T. ) ;
#4164 = ADVANCED_FACE ( 'NONE', ( #4410, #2695, #4061, #1346, #2377, #3744 ), #3106, .F. ) ;
#4165 = CIRCLE ( 'NONE', #2726, 1.000000000000000888 ) ;
#4166 = DIRECTION ( 'NONE',  ( 0.000000000000000000, 0.000000000000000000, -1.000000000000000000 ) ) ;
#4167 = ORIENTED_EDGE ( 'NONE', *, *, #3373, .T. ) ;
#4168 = ORIENTED_EDGE ( 'NONE', *, *, #2333, .F. ) ;
#4169 = CIRCLE ( 'NONE', #3513, 1.700000000000000178 ) ;
#4170 = AXIS2_PLACEMENT_3D ( 'NONE', #1181, #1467, #841 ) ;
#4171 = DIRECTION ( 'NONE',  ( -0.000000000000000000, 1.000000000000000000, -0.000000000000000000 ) ) ;
#4172 = CARTESIAN_POINT ( 'NONE',  ( 34.64101615137731471, -5.204170427930421283E-15, 18.30000000000040217 ) ) ;
#4173 = VERTEX_POINT ( 'NONE', #4134 ) ;
#4174 = VECTOR ( 'NONE', #2159, 1000.000000000000000 ) ;
#4175 = VECTOR ( 'NONE', #1321, 1000.000000000000000 ) ;
#4176 = AXIS2_PLACEMENT_3D ( 'NONE', #3275, #1174, #3921 ) ;
#4177 = CARTESIAN_POINT ( 'NONE',  ( 0.000000000000000000, -5.204170427930421283E-15, -38.29999999999999716 ) ) ;
#4178 = ORIENTED_EDGE ( 'NONE', *, *, #2643, .F. ) ;
#4179 = ADVANCED_FACE ( 'NONE', ( #36 ), #3897, .T. ) ;
#4180 = CARTESIAN_POINT ( 'NONE',  ( 70.00001199999999812, 84.99999999999988631, -9.999999999999978684 ) ) ;
#4181 = AXIS2_PLACEMENT_3D ( 'NONE', #1648, #981, #251 ) ;
#4182 = ORIENTED_EDGE ( 'NONE', *, *, #3488, .F. ) ;
#4183 = CARTESIAN_POINT ( 'NONE',  ( -34.64101615137746393, 5.000000000000000000, -22.50000000000016698 ) ) ;
#4184 = EDGE_CURVE ( 'NONE', #3812, #4223, #4190, .T. ) ;
#4185 = CIRCLE ( 'NONE', #3534, 1.699999999999999956 ) ;
#4186 = CARTESIAN_POINT ( 'NONE',  ( 70.00001199999999812, 85.00000000000001421, 12.00000000000001066 ) ) ;
#4187 = DIRECTION ( 'NONE',  ( 0.000000000000000000, 1.000000000000000000, 0.000000000000000000 ) ) ;
#4188 = CARTESIAN_POINT ( 'NONE',  ( 65.00000000000000000, 85.00000000000001421, 12.00000000000001066 ) ) ;
#4189 = EDGE_LOOP ( 'NONE', ( #788, #4138, #4324, #1631 ) ) ;
#4190 = CIRCLE ( 'NONE', #2903, 2.500000000000000000 ) ;
#4191 = CARTESIAN_POINT ( 'NONE',  ( -70.00000000000000000, 85.00000000000001421, 8.000000000000005329 ) ) ;
#4192 = ORIENTED_EDGE ( 'NONE', *, *, #3453, .F. ) ;
#4193 = DIRECTION ( 'NONE',  ( 0.000000000000000000, 0.000000000000000000, 1.000000000000000000 ) ) ;
#4194 = CARTESIAN_POINT ( 'NONE',  ( 0.000000000000000000, 5.000000000000000000, 20.00000000000000000 ) ) ;
#4195 = ORIENTED_EDGE ( 'NONE', *, *, #2417, .F. ) ;
#4196 = VERTEX_POINT ( 'NONE', #790 ) ;
#4197 = DIRECTION ( 'NONE',  ( -1.000000000000000000, -1.261617073437677999E-16, -0.000000000000000000 ) ) ;
#4198 = CARTESIAN_POINT ( 'NONE',  ( 70.00000000000000000, 96.99999999999998579, -3.999999999999970690 ) ) ;
#4199 = DIRECTION ( 'NONE',  ( -0.000000000000000000, 1.000000000000000000, -0.000000000000000000 ) ) ;
#4200 = ORIENTED_EDGE ( 'NONE', *, *, #4352, .T. ) ;
#4201 = CARTESIAN_POINT ( 'NONE',  ( 56.00000000000002132, 12.99999999999999822, 34.00000000000000711 ) ) ;
#4202 = EDGE_CURVE ( 'NONE', #3338, #2049, #1852, .T. ) ;
#4203 = ORIENTED_EDGE ( 'NONE', *, *, #4148, .F. ) ;
#4204 = DIRECTION ( 'NONE',  ( 0.5901639344262281650, 0.000000000000000000, -0.8072834263767308949 ) ) ;
#4205 = CARTESIAN_POINT ( 'NONE',  ( -55.99999999999999289, 13.00000000000000178, -33.99999999999999289 ) ) ;
#4206 = CARTESIAN_POINT ( 'NONE',  ( 0.000000000000000000, 10.00000000000000000, 40.00000000000000000 ) ) ;
#4207 = DIRECTION ( 'NONE',  ( 0.000000000000000000, -1.000000000000000000, 0.000000000000000000 ) ) ;
#4208 = VERTEX_POINT ( 'NONE', #1465 ) ;
#4209 = EDGE_CURVE ( 'NONE', #2393, #3783, #2251, .T. ) ;
#4210 = ADVANCED_FACE ( 'NONE', ( #3169 ), #468, .T. ) ;
#4211 = CARTESIAN_POINT ( 'NONE',  ( 65.00000000000000000, 84.99999999999988631, -11.99999999999998224 ) ) ;
#4212 = DIRECTION ( 'NONE',  ( -1.000000000000000000, 0.000000000000000000, 0.000000000000000000 ) ) ;
#4213 = CARTESIAN_POINT ( 'NONE',  ( 48.43700558260378131, 4.417737270374437141E-15, 35.40983606557378494 ) ) ;
#4214 = DIRECTION ( 'NONE',  ( 0.000000000000000000, -0.000000000000000000, 1.000000000000000000 ) ) ;
#4215 = VERTEX_POINT ( 'NONE', #3522 ) ;
#4216 = ORIENTED_EDGE ( 'NONE', *, *, #3446, .F. ) ;
#4217 = FACE_BOUND ( 'NONE', #4073, .T. ) ;
#4218 = EDGE_LOOP ( 'NONE', ( #1224, #4236, #3580, #2986 ) ) ;
#4219 = DIRECTION ( 'NONE',  ( 0.000000000000000000, 0.000000000000000000, 1.000000000000000000 ) ) ;
#4220 = VERTEX_POINT ( 'NONE', #860 ) ;
#4221 = DIRECTION ( 'NONE',  ( 0.000000000000000000, 0.000000000000000000, 1.000000000000000000 ) ) ;
#4222 = EDGE_CURVE ( 'NONE', #3648, #3833, #2827, .T. ) ;
#4223 = VERTEX_POINT ( 'NONE', #1131 ) ;
#4224 = FACE_OUTER_BOUND ( 'NONE', #3841, .T. ) ;
#4225 = CARTESIAN_POINT ( 'NONE',  ( -49.24428900898051609, 10.00000000000000000, 36.00000000000001421 ) ) ;
#4226 = DIRECTION ( 'NONE',  ( 0.000000000000000000, 0.000000000000000000, -1.000000000000000000 ) ) ;
#4227 = CYLINDRICAL_SURFACE ( 'NONE', #735, 4.000000000000003553 ) ;
#4228 = VERTEX_POINT ( 'NONE', #4252 ) ;
#4229 = DIRECTION ( 'NONE',  ( 0.000000000000000000, 0.000000000000000000, -1.000000000000000000 ) ) ;
#4230 = EDGE_LOOP ( 'NONE', ( #754, #1864 ) ) ;
#4231 = EDGE_CURVE ( 'NONE', #3468, #2714, #2878, .T. ) ;
#4232 = DIRECTION ( 'NONE',  ( 0.000000000000000000, 0.000000000000000000, 1.000000000000000000 ) ) ;
#4233 = VECTOR ( 'NONE', #561, 1000.000000000000000 ) ;
#4234 = CARTESIAN_POINT ( 'NONE',  ( -47.62972215622706074, 10.00000000000000000, -34.81967213114754145 ) ) ;
#4235 = ORIENTED_EDGE ( 'NONE', *, *, #49, .F. ) ;
#4236 = ORIENTED_EDGE ( 'NONE', *, *, #1716, .F. ) ;
#4237 = EDGE_CURVE ( 'NONE', #2833, #986, #3146, .T. ) ;
#4238 = DIRECTION ( 'NONE',  ( 0.000000000000000000, 0.000000000000000000, 1.000000000000000000 ) ) ;
#4239 = VECTOR ( 'NONE', #3895, 1000.000000000000000 ) ;
#4240 = CIRCLE ( 'NONE', #88, 1.000000000000000888 ) ;
#4241 = AXIS2_PLACEMENT_3D ( 'NONE', #2789, #4428, #2425 ) ;
#4242 = CIRCLE ( 'NONE', #1519, 1.700000000000000178 ) ;
#4243 = EDGE_LOOP ( 'NONE', ( #2538, #3475, #2786, #3988 ) ) ;
#4244 = CARTESIAN_POINT ( 'NONE',  ( 0.000000000000000000, 10.00000000000000000, -20.00000000000000000 ) ) ;
#4245 = ORIENTED_EDGE ( 'NONE', *, *, #2528, .F. ) ;
#4246 = AXIS2_PLACEMENT_3D ( 'NONE', #1469, #398, #2790 ) ;
#4247 = DIRECTION ( 'NONE',  ( 0.000000000000000000, 1.000000000000000000, 0.000000000000000000 ) ) ;
#4248 = AXIS2_PLACEMENT_3D ( 'NONE', #1365, #2762, #1343 ) ;
#4249 = AXIS2_PLACEMENT_3D ( 'NONE', #1410, #783, #69 ) ;
#4250 = VECTOR ( 'NONE', #1533, 1000.000000000000000 ) ;
#4251 = ORIENTED_EDGE ( 'NONE', *, *, #617, .T. ) ;
#4252 = CARTESIAN_POINT ( 'NONE',  ( 34.64101615137731471, -5.204170427930421283E-15, 21.70000000000040430 ) ) ;
#4253 = EDGE_CURVE ( 'NONE', #1107, #2247, #1503, .T. ) ;
#4254 = AXIS2_PLACEMENT_3D ( 'NONE', #2023, #1683, #3053 ) ;
#4255 = AXIS2_PLACEMENT_3D ( 'NONE', #376, #2409, #1424 ) ;
#4256 = DIRECTION ( 'NONE',  ( 0.000000000000000000, 0.000000000000000000, -1.000000000000000000 ) ) ;
#4257 = AXIS2_PLACEMENT_3D ( 'NONE', #2497, #3865, #2172 ) ;
#4258 = CARTESIAN_POINT ( 'NONE',  ( 0.000000000000000000, 5.000000000000000000, 22.50000000000000000 ) ) ;
#4259 = DIRECTION ( 'NONE',  ( -1.000000000000000000, 0.000000000000000000, 0.000000000000000000 ) ) ;
#4260 = VERTEX_POINT ( 'NONE', #2220 ) ;
#4261 = CIRCLE ( 'NONE', #2316, 60.00000000000000000 ) ;
#4262 = EDGE_CURVE ( 'NONE', #1316, #4208, #3836, .T. ) ;
#4263 = DIRECTION ( 'NONE',  ( 0.000000000000000000, 0.000000000000000000, 1.000000000000000000 ) ) ;
#4264 = ORIENTED_EDGE ( 'NONE', *, *, #719, .F. ) ;
#4265 = FACE_OUTER_BOUND ( 'NONE', #1837, .T. ) ;
#4266 = AXIS2_PLACEMENT_3D ( 'NONE', #1149, #1872, #1805 ) ;
#4267 = VERTEX_POINT ( 'NONE', #2813 ) ;
#4268 = ADVANCED_FACE ( 'NONE', ( #2471 ), #840, .T. ) ;
#4269 = DIRECTION ( 'NONE',  ( -0.000000000000000000, 1.000000000000000000, -1.247601729133521180E-16 ) ) ;
#4270 = EDGE_LOOP ( 'NONE', ( #570, #4301, #498, #2647 ) ) ;
#4271 = ORIENTED_EDGE ( 'NONE', *, *, #2283, .T. ) ;
#4272 = DIRECTION ( 'NONE',  ( 0.000000000000000000, -1.000000000000000000, 0.000000000000000000 ) ) ;
#4273 = ADVANCED_FACE ( 'NONE', ( #3569, #816 ), #505, .T. ) ;
#4274 = DIRECTION ( 'NONE',  ( -0.000000000000000000, 1.000000000000000000, -0.000000000000000000 ) ) ;
#4275 = ORIENTED_EDGE ( 'NONE', *, *, #4184, .F. ) ;
#4276 = CARTESIAN_POINT ( 'NONE',  ( -65.00000000000000000, 96.99999999999998579, 4.000000000000039968 ) ) ;
#4277 = EDGE_LOOP ( 'NONE', ( #810, #2606 ) ) ;
#4278 = DIRECTION ( 'NONE',  ( 0.000000000000000000, 1.000000000000000000, -0.000000000000000000 ) ) ;
#4279 = CARTESIAN_POINT ( 'NONE',  ( -65.00000000000000000, 96.99999999999998579, -1.999999999999968914 ) ) ;
#4280 = DIRECTION ( 'NONE',  ( 0.000000000000000000, 1.000000000000000000, -0.000000000000000000 ) ) ;
#4281 = DIRECTION ( 'NONE',  ( -1.000000000000000000, 0.000000000000000000, 0.000000000000000000 ) ) ;
#4282 = ORIENTED_EDGE ( 'NONE', *, *, #3813, .T. ) ;
#4283 = DIRECTION ( 'NONE',  ( 0.000000000000000000, 0.000000000000000000, -1.000000000000000000 ) ) ;
#4284 = DIRECTION ( 'NONE',  ( 0.000000000000000000, 0.000000000000000000, -1.000000000000000000 ) ) ;
#4285 = DIRECTION ( 'NONE',  ( -0.000000000000000000, 1.000000000000000000, -0.000000000000000000 ) ) ;
#4286 = DIRECTION ( 'NONE',  ( 0.000000000000000000, -1.000000000000000000, 1.040834085586083310E-14 ) ) ;
#4287 = ORIENTED_EDGE ( 'NONE', *, *, #1195, .F. ) ;
#4288 = PLANE ( 'NONE',  #460 ) ;
#4289 = ORIENTED_EDGE ( 'NONE', *, *, #2333, .T. ) ;
#4290 = DIRECTION ( 'NONE',  ( 0.000000000000000000, 1.000000000000000000, -3.491481338843133355E-15 ) ) ;
#4291 = ORIENTED_EDGE ( 'NONE', *, *, #4006, .F. ) ;
#4292 = DIRECTION ( 'NONE',  ( 1.000000000000000000, -0.000000000000000000, 0.000000000000000000 ) ) ;
#4293 = EDGE_LOOP ( 'NONE', ( #3516, #1323 ) ) ;
#4294 = ADVANCED_FACE ( 'NONE', ( #4224 ), #2185, .F. ) ;
#4295 = CARTESIAN_POINT ( 'NONE',  ( -48.43700558260378841, -4.417737270374434775E-15, -35.40983606557377072 ) ) ;
#4296 = DIRECTION ( 'NONE',  ( -0.000000000000000000, 1.000000000000000000, -0.000000000000000000 ) ) ;
#4297 = CARTESIAN_POINT ( 'NONE',  ( 55.00000000000002132, 84.99999999999988631, -11.99999999999998224 ) ) ;
#4298 = ADVANCED_FACE ( 'NONE', ( #3926 ), #3588, .F. ) ;
#4299 = CYLINDRICAL_SURFACE ( 'NONE', #1662, 2.000000000000003553 ) ;
#4300 = CARTESIAN_POINT ( 'NONE',  ( 0.000000000000000000, 0.000000000000000000, 0.000000000000000000 ) ) ;
#4301 = ORIENTED_EDGE ( 'NONE', *, *, #2528, .T. ) ;
#4302 = CARTESIAN_POINT ( 'NONE',  ( -65.00000000000000000, 85.00000000000001421, 12.00000000000001066 ) ) ;
#4303 = VERTEX_POINT ( 'NONE', #4183 ) ;
#4304 = DIRECTION ( 'NONE',  ( 0.000000000000000000, 0.000000000000000000, 1.000000000000000000 ) ) ;
#4305 = CARTESIAN_POINT ( 'NONE',  ( 65.00000000000000000, 96.99999999999998579, 4.000000000000039968 ) ) ;
#4306 = VERTEX_POINT ( 'NONE', #1112 ) ;
#4307 = DIRECTION ( 'NONE',  ( -0.000000000000000000, 1.000000000000000000, -0.000000000000000000 ) ) ;
#4308 = VERTEX_POINT ( 'NONE', #1304 ) ;
#4309 = EDGE_CURVE ( 'NONE', #1426, #2077, #899, .T. ) ;
#4310 = CARTESIAN_POINT ( 'NONE',  ( -70.00000000000000000, 84.99999999999998579, 5.000000000000023093 ) ) ;
#4311 = VECTOR ( 'NONE', #3016, 1000.000000000000000 ) ;
#4312 = CARTESIAN_POINT ( 'NONE',  ( -49.24428900898052319, 8.999999999999994671, -33.99999999999999289 ) ) ;
#4313 = ORIENTED_EDGE ( 'NONE', *, *, #1705, .T. ) ;
#4314 = AXIS2_PLACEMENT_3D ( 'NONE', #220, #3511, #516 ) ;
#4315 = CARTESIAN_POINT ( 'NONE',  ( 0.000000000000000000, 5.000000000000000000, 20.00000000000000000 ) ) ;
#4316 = CIRCLE ( 'NONE', #2083, 4.000000000000005329 ) ;
#4317 = ADVANCED_FACE ( 'NONE', ( #618 ), #887, .T. ) ;
#4318 = DIRECTION ( 'NONE',  ( 1.000000000000000000, -0.000000000000000000, 0.000000000000000000 ) ) ;
#4319 = LINE ( 'NONE', #2269, #1010 ) ;
#4320 = CIRCLE ( 'NONE', #1892, 2.000000000000003553 ) ;
#4321 = CIRCLE ( 'NONE', #2663, 2.000000000000003553 ) ;
#4322 = CARTESIAN_POINT ( 'NONE',  ( 48.43700558260378841, 9.999999999999994671, -35.40983606557377072 ) ) ;
#4323 = AXIS2_PLACEMENT_3D ( 'NONE', #197, #2223, #2586 ) ;
#4324 = ORIENTED_EDGE ( 'NONE', *, *, #3050, .F. ) ;
#4325 = EDGE_CURVE ( 'NONE', #2645, #606, #4379, .T. ) ;
#4326 = AXIS2_PLACEMENT_3D ( 'NONE', #4337, #1933, #3969 ) ;
#4327 = DIRECTION ( 'NONE',  ( 0.000000000000000000, 0.000000000000000000, -1.000000000000000000 ) ) ;
#4328 = AXIS2_PLACEMENT_3D ( 'NONE', #3491, #2060, #1758 ) ;
#4329 = LINE ( 'NONE', #4411, #3725 ) ;
#4330 = CARTESIAN_POINT ( 'NONE',  ( 52.00000000000002132, 12.99999999999999822, -34.99999999999999289 ) ) ;
#4331 = DIRECTION ( 'NONE',  ( -1.000000000000000000, 0.000000000000000000, 0.000000000000000000 ) ) ;
#4332 = ORIENTED_EDGE ( 'NONE', *, *, #2947, .T. ) ;
#4333 = VECTOR ( 'NONE', #3020, 1000.000000000000000 ) ;
#4334 = CYLINDRICAL_SURFACE ( 'NONE', #1604, 2.500000000000002220 ) ;
#4335 = ORIENTED_EDGE ( 'NONE', *, *, #4400, .F. ) ;
#4336 = AXIS2_PLACEMENT_3D ( 'NONE', #3842, #200, #1118 ) ;
#4337 = CARTESIAN_POINT ( 'NONE',  ( 65.00000000000000000, 85.00000000000001421, 12.00000000000001066 ) ) ;
#4338 = DIRECTION ( 'NONE',  ( 1.000000000000000000, 0.000000000000000000, -0.000000000000000000 ) ) ;
#4339 = ORIENTED_EDGE ( 'NONE', *, *, #148, .F. ) ;
#4340 = AXIS2_PLACEMENT_3D ( 'NONE', #1414, #2081, #4056 ) ;
#4341 = DIRECTION ( 'NONE',  ( -1.000000000000000000, -0.000000000000000000, -0.000000000000000000 ) ) ;
#4342 = FACE_OUTER_BOUND ( 'NONE', #2421, .T. ) ;
#4343 = CYLINDRICAL_SURFACE ( 'NONE', #3514, 2.500000000000002220 ) ;
#4344 = DIRECTION ( 'NONE',  ( -0.000000000000000000, 1.000000000000000000, -0.000000000000000000 ) ) ;
#4345 = ADVANCED_FACE ( 'NONE', ( #4342 ), #1282, .T. ) ;
#4346 = ORIENTED_EDGE ( 'NONE', *, *, #973, .T. ) ;
#4347 = CARTESIAN_POINT ( 'NONE',  ( 65.00000000000000000, 73.00000000000000000, 0.000000000000000000 ) ) ;
#4348 = DIRECTION ( 'NONE',  ( -1.000000000000000000, -0.000000000000000000, -0.000000000000000000 ) ) ;
#4349 = CYLINDRICAL_SURFACE ( 'NONE', #3799, 4.000000000000005329 ) ;
#4350 = FACE_OUTER_BOUND ( 'NONE', #3696, .T. ) ;
#4351 = ADVANCED_FACE ( 'NONE', ( #3680 ), #3821, .T. ) ;
#4352 = EDGE_CURVE ( 'NONE', #2505, #3454, #554, .T. ) ;
#4353 = ORIENTED_EDGE ( 'NONE', *, *, #284, .T. ) ;
#4354 = CARTESIAN_POINT ( 'NONE',  ( -65.00000000000000000, 96.99999999999998579, 3.469678339331945719E-14 ) ) ;
#4355 = ORIENTED_EDGE ( 'NONE', *, *, #1008, .T. ) ;
#4356 = CARTESIAN_POINT ( 'NONE',  ( -65.00000000000000000, 85.00000000000001421, 12.00000000000001066 ) ) ;
#4357 = ADVANCED_FACE ( 'NONE', ( #2268, #1921, #1265, #2677, #2629, #3278 ), #279, .F. ) ;
#4358 = ORIENTED_EDGE ( 'NONE', *, *, #4253, .F. ) ;
#4359 = ORIENTED_EDGE ( 'NONE', *, *, #836, .F. ) ;
#4360 = CARTESIAN_POINT ( 'NONE',  ( 65.00000000000000000, 73.00000000000000000, -2.000000000000003553 ) ) ;
#4361 = ORIENTED_EDGE ( 'NONE', *, *, #94, .T. ) ;
#4362 = DIRECTION ( 'NONE',  ( 1.000000000000000000, 0.000000000000000000, 0.000000000000000000 ) ) ;
#4363 = EDGE_CURVE ( 'NONE', #766, #804, #1752, .T. ) ;
#4364 = CARTESIAN_POINT ( 'NONE',  ( 0.000000000000000000, 5.000000000000000000, -20.00000000000000000 ) ) ;
#4365 = CARTESIAN_POINT ( 'NONE',  ( -51.99999999999999289, 9.000000000000001776, 34.00000000000000711 ) ) ;
#4366 = DIRECTION ( 'NONE',  ( -0.000000000000000000, 1.000000000000000000, -0.000000000000000000 ) ) ;
#4367 = CARTESIAN_POINT ( 'NONE',  ( -65.00000000000000000, 73.00000000000000000, -4.000000000000005329 ) ) ;
#4368 = DIRECTION ( 'NONE',  ( 0.000000000000000000, 0.000000000000000000, 1.000000000000000000 ) ) ;
#4369 = ORIENTED_EDGE ( 'NONE', *, *, #399, .T. ) ;
#4370 = CARTESIAN_POINT ( 'NONE',  ( -34.64101615137759183, -5.204170427930421283E-15, 19.99999999999992184 ) ) ;
#4371 = ADVANCED_FACE ( 'NONE', ( #4040 ), #925, .F. ) ;
#4372 = EDGE_LOOP ( 'NONE', ( #2396, #228, #1259, #2984 ) ) ;
#4373 = FACE_OUTER_BOUND ( 'NONE', #3401, .T. ) ;
#4374 = EDGE_CURVE ( 'NONE', #1212, #3308, #3611, .T. ) ;
#4375 = ORIENTED_EDGE ( 'NONE', *, *, #3996, .F. ) ;
#4376 = ORIENTED_EDGE ( 'NONE', *, *, #1111, .F. ) ;
#4377 = DIRECTION ( 'NONE',  ( 0.000000000000000000, 0.000000000000000000, -1.000000000000000000 ) ) ;
#4378 = AXIS2_PLACEMENT_3D ( 'NONE', #1209, #1103, #544 ) ;
#4379 = LINE ( 'NONE', #1965, #677 ) ;
#4380 = CARTESIAN_POINT ( 'NONE',  ( 70.00001199999999812, 85.00000000000001421, 10.00000000000000711 ) ) ;
#4381 = AXIS2_PLACEMENT_3D ( 'NONE', #3826, #1069, #2430 ) ;
#4382 = CIRCLE ( 'NONE', #588, 5.000000000000006217 ) ;
#4383 = EDGE_CURVE ( 'NONE', #3779, #275, #1462, .T. ) ;
#4384 = CARTESIAN_POINT ( 'NONE',  ( 65.00000000000000000, 96.99999999999998579, 3.469678339331945719E-14 ) ) ;
#4385 = CIRCLE ( 'NONE', #2959, 1.699999999999999956 ) ;
#4386 = DIRECTION ( 'NONE',  ( 0.000000000000000000, 0.000000000000000000, -1.000000000000000000 ) ) ;
#4387 = CIRCLE ( 'NONE', #2736, 1.000000000000000888 ) ;
#4388 = FACE_OUTER_BOUND ( 'NONE', #1210, .T. ) ;
#4389 = DIRECTION ( 'NONE',  ( 0.000000000000000000, 1.000000000000000000, -3.469446951953611033E-15 ) ) ;
#4390 = EDGE_LOOP ( 'NONE', ( #2724, #4036 ) ) ;
#4391 = CIRCLE ( 'NONE', #3518, 4.000000000000003553 ) ;
#4392 = AXIS2_PLACEMENT_3D ( 'NONE', #3022, #4050, #2704 ) ;
#4393 = CIRCLE ( 'NONE', #739, 2.499999999999998668 ) ;
#4394 = CARTESIAN_POINT ( 'NONE',  ( -51.99999999999999289, 9.000000000000001776, -33.99999999999999289 ) ) ;
#4395 = ORIENTED_EDGE ( 'NONE', *, *, #1393, .F. ) ;
#4396 = AXIS2_PLACEMENT_3D ( 'NONE', #1499, #2131, #3517 ) ;
#4397 = AXIS2_PLACEMENT_3D ( 'NONE', #3557, #896, #1516 ) ;
#4398 = DIRECTION ( 'NONE',  ( 0.000000000000000000, 0.000000000000000000, 1.000000000000000000 ) ) ;
#4399 = VECTOR ( 'NONE', #2552, 1000.000000000000000 ) ;
#4400 = EDGE_CURVE ( 'NONE', #1026, #663, #1255, .T. ) ;
#4401 = CIRCLE ( 'NONE', #2031, 4.000000000000003553 ) ;
#4402 = ORIENTED_EDGE ( 'NONE', *, *, #2511, .T. ) ;
#4403 = EDGE_LOOP ( 'NONE', ( #892, #2392 ) ) ;
#4404 = CARTESIAN_POINT ( 'NONE',  ( 0.000000000000000000, -5.204170427930421283E-15, 20.00000000000000000 ) ) ;
#4405 = ADVANCED_FACE ( 'NONE', ( #1939 ), #3260, .F. ) ;
#4406 = AXIS2_PLACEMENT_3D ( 'NONE', #3652, #2972, #213 ) ;
#4407 = AXIS2_PLACEMENT_3D ( 'NONE', #2345, #3072, #3362 ) ;
#4408 = CARTESIAN_POINT ( 'NONE',  ( 34.64101615137773393, 5.000000000000000000, -17.49999999999967670 ) ) ;
#4409 = VERTEX_POINT ( 'NONE', #1245 ) ;
#4410 = FACE_BOUND ( 'NONE', #3502, .T. ) ;
#4411 = CARTESIAN_POINT ( 'NONE',  ( -34.64101615137746393, 5.000000000000000000, -22.50000000000016698 ) ) ;
#4412 = CARTESIAN_POINT ( 'NONE',  ( 34.64101615137731471, 5.000000000000000000, 22.50000000000040501 ) ) ;
#4413 = CYLINDRICAL_SURFACE ( 'NONE', #2022, 4.000000000000005329 ) ;
#4414 = EDGE_LOOP ( 'NONE', ( #3223, #2749, #476, #4251 ) ) ;
#4415 = CARTESIAN_POINT ( 'NONE',  ( 34.64101615137731471, -5.204170427930421283E-15, 21.70000000000040430 ) ) ;
#4416 = VERTEX_POINT ( 'NONE', #3974 ) ;
#4417 = DIRECTION ( 'NONE',  ( 0.000000000000000000, 0.000000000000000000, -1.000000000000000000 ) ) ;
#4418 = ORIENTED_EDGE ( 'NONE', *, *, #644, .T. ) ;
#4419 = ORIENTED_EDGE ( 'NONE', *, *, #4202, .F. ) ;
#4420 = CARTESIAN_POINT ( 'NONE',  ( 0.000000000000000000, 5.000000000000000000, -40.00000000000000000 ) ) ;
#4421 = CARTESIAN_POINT ( 'NONE',  ( 0.000000000000000000, -5.204170427930421283E-15, 40.00000000000000000 ) ) ;
#4422 = ADVANCED_FACE ( 'NONE', ( #907 ), #3633, .F. ) ;
#4423 = CARTESIAN_POINT ( 'NONE',  ( 55.00000000000001421, 84.99999999999998579, 1.734839169665972859E-14 ) ) ;
#4424 = ORIENTED_EDGE ( 'NONE', *, *, #3551, .F. ) ;
#4425 = FACE_BOUND ( 'NONE', #3749, .T. ) ;
#4426 = EDGE_CURVE ( 'NONE', #2641, #2030, #4118, .T. ) ;
#4427 = FACE_BOUND ( 'NONE', #2546, .T. ) ;
#4428 = DIRECTION ( 'NONE',  ( 0.000000000000000000, 1.000000000000000000, 0.000000000000000000 ) ) ;
#4429 = CARTESIAN_POINT ( 'NONE',  ( 0.000000000000000000, 5.000000000000000000, -38.29999999999999716 ) ) ;
#4430 = EDGE_LOOP ( 'NONE', ( #1597, #2086, #2059, #999 ) ) ;
#4431 = FACE_BOUND ( 'NONE', #183, .T. ) ;
#4432 = ORIENTED_EDGE ( 'NONE', *, *, #3123, .F. ) ;
#4433 = LINE ( 'NONE', #3318, #2241 ) ;
#4434 = DIRECTION ( 'NONE',  ( 1.000000000000000000, 1.261617073437677999E-16, 0.000000000000000000 ) ) ;
#4435 = EDGE_CURVE ( 'NONE', #700, #2763, #472, .T. ) ;
#4436 = ORIENTED_EDGE ( 'NONE', *, *, #3128, .T. ) ;
#4437 = ORIENTED_EDGE ( 'NONE', *, *, #2283, .F. ) ;
#4438 = DIRECTION ( 'NONE',  ( 1.000000000000000000, -0.000000000000000000, -0.000000000000000000 ) ) ;
#4439 = CARTESIAN_POINT ( 'NONE',  ( 0.000000000000000000, -5.204170427930421283E-15, 41.70000000000000284 ) ) ;
#4440 = ORIENTED_EDGE ( 'NONE', *, *, #3229, .F. ) ;
#4441 = AXIS2_PLACEMENT_3D ( 'NONE', #1638, #2628, #3945 ) ;
#4442 = EDGE_LOOP ( 'NONE', ( #1416, #477, #2011, #447 ) ) ;
#4443 = CIRCLE ( 'NONE', #2503, 2.500000000000003553 ) ;
#4444 = CARTESIAN_POINT ( 'NONE',  ( -70.00000000000000000, 96.99999999999998579, -3.999999999999970690 ) ) ;
ENDSEC;
END-ISO-10303-21;
