ISO-10303-21;
HEADER;
FILE_DESCRIPTION (( 'STEP AP214' ),
    '1' );
FILE_NAME ('straight bevel gear_iso.step',
    '2026-08-28T16:14:49',
    ( '' ),
    ( '' ),
    'SwSTEP 2.0',
    'SolidWorks 2024',
    '' );
FILE_SCHEMA (( 'AUTOMOTIVE_DESIGN' ));
ENDSEC;

DATA;
#1 = CARTESIAN_POINT ( 'NONE',  ( 6.119568941886139868, 5.039011247636378421, 4.330507332778587681 ) ) ;
#2 = CARTESIAN_POINT ( 'NONE',  ( 5.888395157494902499, -2.870529954748007651, -5.734614693997603041 ) ) ;
#3 = EDGE_LOOP ( 'NONE', ( #3565, #242, #3989, #4991 ) ) ;
#4 = ORIENTED_EDGE ( 'NONE', *, *, #1754, .F. ) ;
#5 = CARTESIAN_POINT ( 'NONE',  ( 5.795455118506463776, -4.722450077092939402, -4.200124222111484507 ) ) ;
#6 = VECTOR ( 'NONE', #3196, 1000.000000000000000 ) ;
#7 = VERTEX_POINT ( 'NONE', #3611 ) ;
#8 = CARTESIAN_POINT ( 'NONE',  ( 5.781982565355805015, 2.117119029772704497, -5.940563751069515064 ) ) ;
#9 = DIRECTION ( 'NONE',  ( -0.7672866406251407367, 0.4205941516209347752, -0.4841195830995190241 ) ) ;
#10 = CARTESIAN_POINT ( 'NONE',  ( 0.3150652326283243099, 4.220063570223141269, -9.875188790194844302 ) ) ;
#11 = VECTOR ( 'NONE', #4521, 999.9999999999998863 ) ;
#12 = VECTOR ( 'NONE', #4006, 1000.000000000000227 ) ;
#13 = CARTESIAN_POINT ( 'NONE',  ( 2.636624412713941989, -2.277149844232805087, 12.86061556398174588 ) ) ;
#14 = CARTESIAN_POINT ( 'NONE',  ( 5.781154568282830475, -6.304813325030584892, -0.1109956159645624912 ) ) ;
#15 = VERTEX_POINT ( 'NONE', #4375 ) ;
#16 = VECTOR ( 'NONE', #4523, 1000.000000000000000 ) ;
#17 = CARTESIAN_POINT ( 'NONE',  ( -21.42413736143699410, 6.123233995736767268E-16, -5.000000000000000888 ) ) ;
#18 = FACE_OUTER_BOUND ( 'NONE', #2763, .T. ) ;
#19 = CARTESIAN_POINT ( 'NONE',  ( 0.000000000000000000, 0.000000000000000000, 0.000000000000000000 ) ) ;
#20 = ORIENTED_EDGE ( 'NONE', *, *, #2210, .T. ) ;
#21 = ADVANCED_FACE ( 'NONE', ( #4419 ), #1979, .F. ) ;
#22 = CARTESIAN_POINT ( 'NONE',  ( 7.024951713254538710, 3.576576553463771457, 4.129455433836499267 ) ) ;
#23 = CARTESIAN_POINT ( 'NONE',  ( 0.3125344840682503511, 4.612074196817409266, -9.695757663334616083 ) ) ;
#24 = CARTESIAN_POINT ( 'NONE',  ( 0.4959482244580810106, 3.454091471063727159, -10.35930993710109504 ) ) ;
#25 = CARTESIAN_POINT ( 'NONE',  ( 3.606333622659138705, -6.402784727056543446, -10.03412033310805285 ) ) ;
#26 = DIRECTION ( 'NONE',  ( 1.000000000000000000, -0.000000000000000000, -0.000000000000000000 ) ) ;
#27 = CARTESIAN_POINT ( 'NONE',  ( 0.3148517337138155847, 0.1998373498904218171, -10.73710264236493295 ) ) ;
#28 = VERTEX_POINT ( 'NONE', #4058 ) ;
#29 = ORIENTED_EDGE ( 'NONE', *, *, #4916, .F. ) ;
#30 = CARTESIAN_POINT ( 'NONE',  ( 0.3143387148471942782, 10.73390632914302678, 0.3199313616708610031 ) ) ;
#31 = B_SPLINE_CURVE_WITH_KNOTS ( 'NONE', 3,
 ( #1923, #5047, #1516, #843, #3161, #1174 ),
 .UNSPECIFIED., .F., .F.,
 ( 4, 2, 4 ),
 ( 1.839057461360543276E-17, 0.0002092205112235677705, 0.0004184410224471171637 ),
 .UNSPECIFIED. ) ;
#32 = EDGE_CURVE ( 'NONE', #4809, #2749, #1267, .T. ) ;
#33 = CARTESIAN_POINT ( 'NONE',  ( 0.3143387148471866732, -0.3199313616708985841, 10.73390632914303744 ) ) ;
#34 = ORIENTED_EDGE ( 'NONE', *, *, #2914, .T. ) ;
#35 = CARTESIAN_POINT ( 'NONE',  ( 5.806118102234344214, -2.057643789085765729, -5.986931140934771634 ) ) ;
#36 = CARTESIAN_POINT ( 'NONE',  ( 3.121479018041803499, -2.692737463741901927, 12.18786696410176340 ) ) ;
#37 = CARTESIAN_POINT ( 'NONE',  ( 0.4959482244580810106, 3.454091471063727159, -10.35930993710109504 ) ) ;
#38 = CARTESIAN_POINT ( 'NONE',  ( 13.57761964090312645, 0.01289128168725468641, 0.007131536758726270998 ) ) ;
#39 = EDGE_CURVE ( 'NONE', #2359, #4472, #3950, .T. ) ;
#40 = CARTESIAN_POINT ( 'NONE',  ( 4.091188226141000861, 11.05742727228580335, 2.442745795705759004 ) ) ;
#41 = B_SPLINE_CURVE_WITH_KNOTS ( 'NONE', 3,
 ( #3545, #88, #61, #1645, #4791, #37 ),
 .UNSPECIFIED., .F., .F.,
 ( 4, 2, 4 ),
 ( 1.748223473168675632E-18, 0.0002092284541179424652, 0.0004184569082358831956 ),
 .UNSPECIFIED. ) ;
#42 = CARTESIAN_POINT ( 'NONE',  ( 5.781256649740095455, -6.305645837366872009, 0.04373057054785778330 ) ) ;
#43 = VERTEX_POINT ( 'NONE', #523 ) ;
#44 = PRODUCT_RELATED_PRODUCT_CATEGORY ( 'part', '', ( #2672 ) ) ;
#45 = CARTESIAN_POINT ( 'NONE',  ( 5.888395157494901611, -2.870529954748091583, 5.734614693997559520 ) ) ;
#46 = CARTESIAN_POINT ( 'NONE',  ( 5.780266697385849639, -0.3004961975485744285, -6.297664382495177904 ) ) ;
#47 = CARTESIAN_POINT ( 'NONE',  ( 0.3020602839598329759, 3.518071585415907254, 10.15260973597727734 ) ) ;
#48 = EDGE_LOOP ( 'NONE', ( #3677, #3657, #2414, #713, #3538, #366 ) ) ;
#49 = LINE ( 'NONE', #1609, #1173 ) ;
#50 = CARTESIAN_POINT ( 'NONE',  ( 5.781154568282829587, 0.1109956159645846124, -6.304813325030585780 ) ) ;
#51 = CARTESIAN_POINT ( 'NONE',  ( 2.636624412715013133, 11.01023197665825037, -7.025356639904432932 ) ) ;
#52 =( BOUNDED_SURFACE ( )  B_SPLINE_SURFACE ( 3, 1, ( 
 ( #1656, #4803 ),
 ( #1791, #1011 ),
 ( #2172, #3302 ),
 ( #3711, #4075 ) ),
 .UNSPECIFIED., .F., .F., .F. ) 
 B_SPLINE_SURFACE_WITH_KNOTS ( ( 4, 4 ),
 ( 2, 2 ),
 ( 0.000000000000000000, 1.000000000000000000 ),
 ( 0.000000000000000000, 1.000000000000000000 ),
 .UNSPECIFIED. ) 
 GEOMETRIC_REPRESENTATION_ITEM ( )  RATIONAL_B_SPLINE_SURFACE ( (
 ( 1.000000000000000000, 1.000000000000000000),
 ( 0.9544777771602501737, 0.9992633679055394902),
 ( 0.9544777771602501737, 0.9992633679055394902),
 ( 1.000000000000000000, 1.000000000000000000) ) ) 
 REPRESENTATION_ITEM ( '' )  SURFACE ( )  );
#53 = CARTESIAN_POINT ( 'NONE',  ( 0.3131398827181169353, -10.09361082380419816, -3.661415213967293081 ) ) ;
#54 = DIRECTION ( 'NONE',  ( 0.000000000000000000, 0.000000000000000000, -1.000000000000000000 ) ) ;
#55 = EDGE_LOOP ( 'NONE', ( #3412, #2731, #34, #4848 ) ) ;
#56 = ORIENTED_EDGE ( 'NONE', *, *, #4486, .F. ) ;
#57 = CARTESIAN_POINT ( 'NONE',  ( 5.888395157494900722, -4.199588886832995804, -4.846565907042594823 ) ) ;
#58 = EDGE_LOOP ( 'NONE', ( #4339, #4411, #2768, #687 ) ) ;
#59 = CARTESIAN_POINT ( 'NONE',  ( 5.888395157494902499, 2.025213741016299362, -6.084756134219151846 ) ) ;
#60 = CARTESIAN_POINT ( 'NONE',  ( 0.3072101391086903277, 7.927663766067666984, -7.248609728848498079 ) ) ;
#61 = CARTESIAN_POINT ( 'NONE',  ( 0.3314483142510968317, 3.535878242170253483, -10.15778992644044187 ) ) ;
#62 = CARTESIAN_POINT ( 'NONE',  ( 0.3072101391086903277, -7.927663766067617246, 7.248609728848552258 ) ) ;
#63 = EDGE_CURVE ( 'NONE', #477, #2837, #4837, .T. ) ;
#64 = FACE_OUTER_BOUND ( 'NONE', #1643, .T. ) ;
#65 = CARTESIAN_POINT ( 'NONE',  ( 6.129644004586933370, 5.093397502990059778, -7.286596219457882384 ) ) ;
#66 = ORIENTED_EDGE ( 'NONE', *, *, #4194, .F. ) ;
#67 = FACE_OUTER_BOUND ( 'NONE', #1280, .T. ) ;
#68 = CARTESIAN_POINT ( 'NONE',  ( 5.781213164338059762, 4.404487228667965049, 4.512540927594866247 ) ) ;
#69 = EDGE_CURVE ( 'NONE', #2623, #3566, #3123, .T. ) ;
#70 = DIRECTION ( 'NONE',  ( -1.000000000000000000, -0.000000000000000000, -0.000000000000000000 ) ) ;
#71 = ORIENTED_EDGE ( 'NONE', *, *, #1962, .T. ) ;
#72 = CARTESIAN_POINT ( 'NONE',  ( 0.4460862896348294915, 10.84324403730243347, 0.7639663182888534187 ) ) ;
#73 = CARTESIAN_POINT ( 'NONE',  ( 7.148871875792689679, -6.468179606601662357, 4.128427668216727575 ) ) ;
#74 = CARTESIAN_POINT ( 'NONE',  ( 5.780596792240385362, 4.631283586195311663, -4.278687904370387152 ) ) ;
#75 = EDGE_CURVE ( 'NONE', #3821, #786, #4225, .T. ) ;
#76 = CARTESIAN_POINT ( 'NONE',  ( 2.636624412714237309, 7.025356639904421385, 11.01023197665842268 ) ) ;
#77 = CARTESIAN_POINT ( 'NONE',  ( -21.42413736143699765, 0.000000000000000000, 0.000000000000000000 ) ) ;
#78 = EDGE_CURVE ( 'NONE', #487, #2911, #4967, .T. ) ;
#79 = ORIENTED_EDGE ( 'NONE', *, *, #3597, .F. ) ;
#80 = CARTESIAN_POINT ( 'NONE',  ( 0.3723593555270010569, -4.828055859583170850, -9.686087649737256555 ) ) ;
#81 =( BOUNDED_SURFACE ( )  B_SPLINE_SURFACE ( 3, 1, ( 
 ( #4038, #1041 ),
 ( #2594, #3010 ),
 ( #3237, #4579 ),
 ( #1065, #2862 ) ),
 .UNSPECIFIED., .F., .F., .F. ) 
 B_SPLINE_SURFACE_WITH_KNOTS ( ( 4, 4 ),
 ( 2, 2 ),
 ( 0.000000000000000000, 1.000000000000000000 ),
 ( 0.000000000000000000, 1.000000000000000000 ),
 .UNSPECIFIED. ) 
 GEOMETRIC_REPRESENTATION_ITEM ( )  RATIONAL_B_SPLINE_SURFACE ( (
 ( 1.000000000000000000, 1.000000000000000000),
 ( 0.7963945362475481904, 0.9530866181159203254),
 ( 0.7963945362475481904, 0.9530866181159203254),
 ( 1.000000000000000000, 1.000000000000000000) ) ) 
 REPRESENTATION_ITEM ( '' )  SURFACE ( )  );
#82 = CARTESIAN_POINT ( 'NONE',  ( 0.3723593555270008348, -10.79639511769826044, -0.7538367224997036820 ) ) ;
#83 = EDGE_CURVE ( 'NONE', #291, #2548, #2633, .T. ) ;
#84 = CARTESIAN_POINT ( 'NONE',  ( 5.781982565355651360, 0.3173923869442911716, 6.298551638230384775 ) ) ;
#85 = ORIENTED_EDGE ( 'NONE', *, *, #4150, .T. ) ;
#86 = CARTESIAN_POINT ( 'NONE',  ( 5.781982565355649584, -4.229318265941054200, 4.678178884151630079 ) ) ;
#87 = ADVANCED_FACE ( 'NONE', ( #4959 ), #1088, .T. ) ;
#88 = CARTESIAN_POINT ( 'NONE',  ( 0.3125344821672559892, 3.594706843112131622, -10.11716500635191629 ) ) ;
#89 = CARTESIAN_POINT ( 'NONE',  ( 0.3178557125107202008, -7.482405201426601593, 7.708923407746939738 ) ) ;
#90 = VECTOR ( 'NONE', #1178, 999.9999999999998863 ) ;
#91 = LINE ( 'NONE', #1649, #5019 ) ;
#92 = CARTESIAN_POINT ( 'NONE',  ( 5.781217879015565053, -6.305329352836150925, 0.08377484633496129485 ) ) ;
#93 = EDGE_LOOP ( 'NONE', ( #2237, #981, #4179, #2778 ) ) ;
#94 = CARTESIAN_POINT ( 'NONE',  ( 5.781256649740097231, 5.842392093244797913, 2.372664413247953519 ) ) ;
#95 = CARTESIAN_POINT ( 'NONE',  ( 5.876541064897888411, 2.863948550351311795, -5.724652835808926810 ) ) ;
#96 = AXIS2_PLACEMENT_3D ( 'NONE', #2787, #3885, #3473 ) ;
#97 = EDGE_CURVE ( 'NONE', #3109, #3272, #372, .T. ) ;
#98 = CARTESIAN_POINT ( 'NONE',  ( 0.3723593555270010569, -3.435147222037719494, 10.26304929855520953 ) ) ;
#99 = AXIS2_PLACEMENT_3D ( 'NONE', #3434, #1780, #2991 ) ;
#100 = ORIENTED_EDGE ( 'NONE', *, *, #2824, .T. ) ;
#101 = FACE_OUTER_BOUND ( 'NONE', #3703, .T. ) ;
#102 = CARTESIAN_POINT ( 'NONE',  ( 13.56676982392279740, 0.001610815196145970159, 0.009194416037783773032 ) ) ;
#103 = B_SPLINE_CURVE_WITH_KNOTS ( 'NONE', 3,
 ( #2846, #4388, #3599, #2792, #904, #2451 ),
 .UNSPECIFIED., .F., .F.,
 ( 4, 2, 4 ),
 ( 6.133173666733496552E-18, 0.0009821026408563969176, 0.001964205281712787764 ),
 .UNSPECIFIED. ) ;
#104 = CARTESIAN_POINT ( 'NONE',  ( 0.3131398827181169353, -7.924117507852315612, -7.245364211220633344 ) ) ;
#105 = CARTESIAN_POINT ( 'NONE',  ( 6.971778540990887230, 6.022885961142086408, 4.468171065712795986 ) ) ;
#106 = CARTESIAN_POINT ( 'NONE',  ( 5.780373642321761984, -5.927710934927442388, 2.148066458205942997 ) ) ;
#107 = ORIENTED_EDGE ( 'NONE', *, *, #3722, .F. ) ;
#108 = CARTESIAN_POINT ( 'NONE',  ( 1.999780352464485267, -7.640343938754313058, -9.799198777966104501 ) ) ;
#109 = CARTESIAN_POINT ( 'NONE',  ( 5.888395157494901611, 4.199588886833029555, 4.846565907042564625 ) ) ;
#110 =( BOUNDED_SURFACE ( )  B_SPLINE_SURFACE ( 3, 1, ( 
 ( #4436, #2479 ),
 ( #4049, #539 ),
 ( #3656, #151 ),
 ( #1709, #4909 ) ),
 .UNSPECIFIED., .F., .F., .F. ) 
 B_SPLINE_SURFACE_WITH_KNOTS ( ( 4, 4 ),
 ( 2, 2 ),
 ( 0.000000000000000000, 1.000000000000000000 ),
 ( 0.000000000000000000, 1.000000000000000000 ),
 .UNSPECIFIED. ) 
 GEOMETRIC_REPRESENTATION_ITEM ( )  RATIONAL_B_SPLINE_SURFACE ( (
 ( 1.000000000000000000, 1.000000000000000000),
 ( 0.9928172745385618336, 0.8240640142147769298),
 ( 0.9928172745385618336, 0.8240640142147769298),
 ( 1.000000000000000000, 1.000000000000000000) ) ) 
 REPRESENTATION_ITEM ( '' )  SURFACE ( )  );
#111 = CARTESIAN_POINT ( 'NONE',  ( 5.781982565355650472, -2.703583689919458521, -5.697642134984113760 ) ) ;
#112 = ORIENTED_EDGE ( 'NONE', *, *, #610, .F. ) ;
#113 = CARTESIAN_POINT ( 'NONE',  ( 6.538437847175475603, 1.811832111373794740, 8.204545470536370289 ) ) ;
#114 = FACE_OUTER_BOUND ( 'NONE', #3089, .T. ) ;
#115 = CARTESIAN_POINT ( 'NONE',  ( 13.56835537283902227, 0.004404477516308348030, 0.009249578623792026333 ) ) ;
#116 = CARTESIAN_POINT ( 'NONE',  ( 13.56759717490972861, -0.002654905333064072354, 0.009177911541206304133 ) ) ;
#117 = ORIENTED_EDGE ( 'NONE', *, *, #4323, .T. ) ;
#118 = CARTESIAN_POINT ( 'NONE',  ( 6.937403657009209468, -1.827796645335846737, 5.046082048811713960 ) ) ;
#119 = CARTESIAN_POINT ( 'NONE',  ( 6.233220831025891862, -7.185263450611044433, 5.022517401286454408 ) ) ;
#120 = CARTESIAN_POINT ( 'NONE',  ( 5.780631868880690583, 4.627640302260442873, 4.282727103583324535 ) ) ;
#121 = CARTESIAN_POINT ( 'NONE',  ( 5.853692992412377727, -2.844470989100701175, 5.708839760994748325 ) ) ;
#122 = CARTESIAN_POINT ( 'NONE',  ( 5.034355368874778414, -5.842897782486896396, -8.358176933342138071 ) ) ;
#123 = VERTEX_POINT ( 'NONE', #2226 ) ;
#124 = CARTESIAN_POINT ( 'NONE',  ( 0.3131398827181169353, -7.924117507852417752, 7.245364211220522321 ) ) ;
#125 = CARTESIAN_POINT ( 'NONE',  ( 0.3020602839598333644, -10.72609604625728430, 0.6349612095516202759 ) ) ;
#126 = CARTESIAN_POINT ( 'NONE',  ( 5.781125901799031297, 5.777287592841961583, -2.527050561126651385 ) ) ;
#127 = EDGE_CURVE ( 'NONE', #3119, #293, #809, .T. ) ;
#128 = CARTESIAN_POINT ( 'NONE',  ( 0.3020602839598333644, -8.033480627031092780, -7.135509872902392026 ) ) ;
#129 = LINE ( 'NONE', #1244, #4183 ) ;
#130 = ORIENTED_EDGE ( 'NONE', *, *, #1220, .T. ) ;
#131 = CARTESIAN_POINT ( 'NONE',  ( 0.4460866974656270689, -9.725494323177768408, 4.855342915142361271 ) ) ;
#132 = CARTESIAN_POINT ( 'NONE',  ( 13.56791779411215160, 0.008046445850492087506, -0.005775675112176619636 ) ) ;
#133 = B_SPLINE_CURVE_WITH_KNOTS ( 'NONE', 3,
 ( #45, #1605, #2348, #1236 ),
 .UNSPECIFIED., .F., .F.,
 ( 4, 4 ),
 ( 4.336808689942017736E-19, 0.001963989672852248930 ),
 .UNSPECIFIED. ) ;
#134 = EDGE_CURVE ( 'NONE', #1510, #4042, #2382, .T. ) ;
#135 =( BOUNDED_SURFACE ( )  B_SPLINE_SURFACE ( 3, 1, ( 
 ( #4567, #4621 ),
 ( #1102, #1030 ),
 ( #2583, #2190 ),
 ( #4950, #1427 ) ),
 .UNSPECIFIED., .F., .F., .F. ) 
 B_SPLINE_SURFACE_WITH_KNOTS ( ( 4, 4 ),
 ( 2, 2 ),
 ( 0.000000000000000000, 1.000000000000000000 ),
 ( 0.000000000000000000, 1.000000000000000000 ),
 .UNSPECIFIED. ) 
 GEOMETRIC_REPRESENTATION_ITEM ( )  RATIONAL_B_SPLINE_SURFACE ( (
 ( 1.000000000000000000, 1.000000000000000000),
 ( 0.9928172745385618336, 0.8240640142147777070),
 ( 0.9928172745385618336, 0.8240640142147777070),
 ( 1.000000000000000000, 1.000000000000000000) ) ) 
 REPRESENTATION_ITEM ( '' )  SURFACE ( )  );
#136 = CARTESIAN_POINT ( 'NONE',  ( 13.58175377392158367, 0.005789533934110991167, 0.009708364647856617888 ) ) ;
#137 = VERTEX_POINT ( 'NONE', #3332 ) ;
#138 = CARTESIAN_POINT ( 'NONE',  ( 5.888395157494902499, 2.870529954748050283, 5.734614693997580837 ) ) ;
#139 = ORIENTED_EDGE ( 'NONE', *, *, #2995, .T. ) ;
#140 = CARTESIAN_POINT ( 'NONE',  ( 5.781154568282830475, 2.515294181432022214, -5.782411804005382905 ) ) ;
#141 = CARTESIAN_POINT ( 'NONE',  ( 5.829707808122726931, -0.4243191179186884820, 6.340077742575297215 ) ) ;
#142 = LINE ( 'NONE', #3215, #2137 ) ;
#143 = EDGE_LOOP ( 'NONE', ( #4, #4878, #738, #227, #760, #259, #944, #1702, #3373, #186, #4359, #4050, #572, #4711, #4506, #2030, #4814, #3495, #555, #4607, #995, #678, #1213, #3798, #526, #2225, #4087, #4784, #4789, #3108, #3785, #902, #3820, #2865, #2332, #4265, #3528, #4126, #4321, #4682, #2128, #3423, #2113, #3765, #625, #3012, #4684, #3964, #4424, #1949, #1626, #4722 ) ) ;
#144 = CARTESIAN_POINT ( 'NONE',  ( 6.129644004587046169, -7.286596219457788237, -5.093397502989956749 ) ) ;
#145 = ORIENTED_EDGE ( 'NONE', *, *, #4409, .T. ) ;
#146 = ADVANCED_FACE ( 'NONE', ( #2179 ), #595, .T. ) ;
#147 = CARTESIAN_POINT ( 'NONE',  ( 6.350699776881511660, 6.853860369904279715, 0.5444859242007067390 ) ) ;
#148 = CARTESIAN_POINT ( 'NONE',  ( 5.806118102235262590, 0.3900843764127356894, -6.318629331456953047 ) ) ;
#149 = EDGE_CURVE ( 'NONE', #4727, #15, #4475, .T. ) ;
#150 = CARTESIAN_POINT ( 'NONE',  ( 5.791186417076197301, -2.743517210907576054, 5.688746685898555810 ) ) ;
#151 = CARTESIAN_POINT ( 'NONE',  ( 0.3723593555270008348, -8.167247258480745842, 7.101161141706807456 ) ) ;
#152 = ORIENTED_EDGE ( 'NONE', *, *, #4056, .F. ) ;
#153 = CARTESIAN_POINT ( 'NONE',  ( 0.3151928467770718223, 7.593519572862885703, -7.594043166456623695 ) ) ;
#154 = CARTESIAN_POINT ( 'NONE',  ( 13.56835537283902227, 0.007608867124406933601, 0.006859975801159617741 ) ) ;
#155 = EDGE_CURVE ( 'NONE', #1790, #2147, #3743, .T. ) ;
#156 = FACE_OUTER_BOUND ( 'NONE', #2280, .T. ) ;
#157 = CARTESIAN_POINT ( 'NONE',  ( 0.3150212513444525242, -3.961261554704811338, 9.982091073708073026 ) ) ;
#158 = CARTESIAN_POINT ( 'NONE',  ( 1.999503599689893329, -3.308881961840005381, 11.97679158267840549 ) ) ;
#159 = EDGE_LOOP ( 'NONE', ( #1343, #588, #1287, #2777 ) ) ;
#160 = APPLICATION_PROTOCOL_DEFINITION ( 'draft international standard', 'automotive_design', 1998, #4309 ) ;
#161 = DIRECTION ( 'NONE',  ( -1.000000000000000000, -0.000000000000000000, -0.000000000000000000 ) ) ;
#162 = CARTESIAN_POINT ( 'NONE',  ( 5.853692992411003715, 4.185748288197403966, 4.812626922210474056 ) ) ;
#163 = UNCERTAINTY_MEASURE_WITH_UNIT (LENGTH_MEASURE( 1.000000000000000082E-05 ), #1903, 'distance_accuracy_value', 'NONE');
#164 = CARTESIAN_POINT ( 'NONE',  ( 5.837519771178494743, -2.828140776026989656, -5.698902957498940047 ) ) ;
#165 = EDGE_LOOP ( 'NONE', ( #540, #2901, #2888, #3663 ) ) ;
#166 = CARTESIAN_POINT ( 'NONE',  ( 5.780373642321761984, -0.2838821314356104741, 6.298520252597380242 ) ) ;
#167 = CARTESIAN_POINT ( 'NONE',  ( 5.810243213707162013, -0.3975978526156849768, 6.322298447466419447 ) ) ;
#168 =( BOUNDED_SURFACE ( )  B_SPLINE_SURFACE ( 3, 1, ( 
 ( #116, #1346 ),
 ( #900, #3647 ),
 ( #1671, #580 ),
 ( #3238, #2446 ) ),
 .UNSPECIFIED., .F., .F., .F. ) 
 B_SPLINE_SURFACE_WITH_KNOTS ( ( 4, 4 ),
 ( 2, 2 ),
 ( 0.000000000000000000, 1.000000000000000000 ),
 ( 0.000000000000000000, 1.000000000000000000 ),
 .UNSPECIFIED. ) 
 GEOMETRIC_REPRESENTATION_ITEM ( )  RATIONAL_B_SPLINE_SURFACE ( (
 ( 1.000000000000000000, 1.000000000000000000),
 ( 0.9928172745385618336, 0.8240640142147769298),
 ( 0.9928172745385618336, 0.8240640142147769298),
 ( 1.000000000000000000, 1.000000000000000000) ) ) 
 REPRESENTATION_ITEM ( '' )  SURFACE ( )  );
#169 = CARTESIAN_POINT ( 'NONE',  ( 0.4959482244580775134, 10.35930993710117853, -3.454091471063473140 ) ) ;
#170 = ORIENTED_EDGE ( 'NONE', *, *, #304, .T. ) ;
#171 = CARTESIAN_POINT ( 'NONE',  ( 7.148871875792693231, -6.289434997126922333, -4.395937880802015307 ) ) ;
#172 = VERTEX_POINT ( 'NONE', #1718 ) ;
#173 = CARTESIAN_POINT ( 'NONE',  ( 0.3072101391086903277, -9.730627748280525680, 4.550283443190361155 ) ) ;
#174 = CARTESIAN_POINT ( 'NONE',  ( 5.599799548363812107, 0.000000000000000000, 0.000000000000000000 ) ) ;
#175 = AXIS2_PLACEMENT_3D ( 'NONE', #77, #26, #54 ) ;
#176 = CARTESIAN_POINT ( 'NONE',  ( 2.636624412714284826, -2.817732372802468355, -12.75308701346198070 ) ) ;
#177 = CARTESIAN_POINT ( 'NONE',  ( 13.56791779411215160, 0.005775675112175708906, -0.008046445850492016383 ) ) ;
#178 = ORIENTED_EDGE ( 'NONE', *, *, #4820, .T. ) ;
#179 = CIRCLE ( 'NONE', #676, 7.673412698073462934 ) ;
#180 = CARTESIAN_POINT ( 'NONE',  ( 7.148871875792693231, -6.289434997126922333, -4.395937880802015307 ) ) ;
#181 = CARTESIAN_POINT ( 'NONE',  ( 13.56835537283902227, 0.009654875687366799158, 0.003426003848636143077 ) ) ;
#182 = VECTOR ( 'NONE', #9, 1000.000000000000114 ) ;
#183 = ADVANCED_FACE ( 'NONE', ( #4938 ), #3054, .F. ) ;
#184 = CARTESIAN_POINT ( 'NONE',  ( 2.337031956193252658, -12.62881345988085791, 1.867972770581311837 ) ) ;
#185 = CARTESIAN_POINT ( 'NONE',  ( 0.3723593555270008348, -4.828055859583311182, 9.686087649737190830 ) ) ;
#186 = ORIENTED_EDGE ( 'NONE', *, *, #4427, .T. ) ;
#187 = LINE ( 'NONE', #2129, #3450 ) ;
#188 = CARTESIAN_POINT ( 'NONE',  ( 0.3131398827181169353, 10.72644339064184393, -0.4799510588010803547 ) ) ;
#189 = CONICAL_SURFACE ( 'NONE', #2810, 7.673412698073462934, 0.8735574070079478171 ) ;
#190 = VERTEX_POINT ( 'NONE', #1340 ) ;
#191 = CARTESIAN_POINT ( 'NONE',  ( 5.875108777299985263, -2.863153342804229506, -5.723449180124814184 ) ) ;
#192 = VERTEX_POINT ( 'NONE', #2908 ) ;
#193 = CARTESIAN_POINT ( 'NONE',  ( 5.781277812323745380, 1.071908762317995906E-11, 6.305818637059195986 ) ) ;
#194 = ORIENTED_EDGE ( 'NONE', *, *, #4150, .F. ) ;
#195 = EDGE_CURVE ( 'NONE', #3272, #635, #4473, .T. ) ;
#196 = CARTESIAN_POINT ( 'NONE',  ( 0.3151928467770718778, -9.921895184371155807, -4.109382808623549543 ) ) ;
#197 = CARTESIAN_POINT ( 'NONE',  ( 0.3138252630704951862, 3.736936351378691956, 10.06694492624001214 ) ) ;
#198 = ORIENTED_EDGE ( 'NONE', *, *, #1894, .T. ) ;
#199 = CARTESIAN_POINT ( 'NONE',  ( 5.826145232815650665, -5.693531827597740680, 2.813375021576677071 ) ) ;
#200 = CARTESIAN_POINT ( 'NONE',  ( 0.3151923201557865206, 0.08030771489313019706, 10.73922532019064136 ) ) ;
#201 = CARTESIAN_POINT ( 'NONE',  ( 1.348381451710669143, -7.662929611238537220, 8.985782472070305005 ) ) ;
#202 = EDGE_CURVE ( 'NONE', #1700, #5002, #187, .T. ) ;
#203 = CARTESIAN_POINT ( 'NONE',  ( 1.274928338748125389, -3.523465298218416919, -11.15790745183864274 ) ) ;
#204 = FACE_OUTER_BOUND ( 'NONE', #3485, .T. ) ;
#205 = ORIENTED_EDGE ( 'NONE', *, *, #692, .T. ) ;
#206 = CARTESIAN_POINT ( 'NONE',  ( 5.780979408894891591, -0.1638457266462097217, -6.303391150372009477 ) ) ;
#207 = CARTESIAN_POINT ( 'NONE',  ( 13.56791779411215160, 0.009644201806882968242, 0.002256786506167873015 ) ) ;
#208 = CARTESIAN_POINT ( 'NONE',  ( 13.56759717490972861, -0.004612461923499391533, -0.008367065052335151756 ) ) ;
#209 = CARTESIAN_POINT ( 'NONE',  ( 13.56759717490972861, 0.009495272909580959944, -0.001059421992559081210 ) ) ;
#210 = CARTESIAN_POINT ( 'NONE',  ( 2.636624412714626775, 12.75308701346301810, -2.817732372801230234 ) ) ;
#211 = ORIENTED_EDGE ( 'NONE', *, *, #694, .T. ) ;
#212 = SHAPE_DEFINITION_REPRESENTATION ( #3894, #2642 ) ;
#213 = CARTESIAN_POINT ( 'NONE',  ( 7.148871875792691455, -4.128427668216703594, -6.468179606601679232 ) ) ;
#214 = CARTESIAN_POINT ( 'NONE',  ( 13.57761964090312645, 0.01415827070162109166, 0.004072754696867885923 ) ) ;
#215 = CARTESIAN_POINT ( 'NONE',  ( 2.112679944503185858, 9.951911300238375446, 7.777682075338900880 ) ) ;
#216 = ORIENTED_EDGE ( 'NONE', *, *, #4864, .T. ) ;
#217 = CARTESIAN_POINT ( 'NONE',  ( 5.876541064897402578, 5.724652835808544005, 2.863948550350982281 ) ) ;
#218 = VERTEX_POINT ( 'NONE', #5062 ) ;
#219 =( BOUNDED_SURFACE ( )  B_SPLINE_SURFACE ( 3, 1, ( 
 ( #2021, #3978 ),
 ( #2827, #2070 ),
 ( #863, #4000 ),
 ( #2042, #3223 ) ),
 .UNSPECIFIED., .F., .F., .F. ) 
 B_SPLINE_SURFACE_WITH_KNOTS ( ( 4, 4 ),
 ( 2, 2 ),
 ( 0.000000000000000000, 1.000000000000000000 ),
 ( 0.000000000000000000, 1.000000000000000000 ),
 .UNSPECIFIED. ) 
 GEOMETRIC_REPRESENTATION_ITEM ( )  RATIONAL_B_SPLINE_SURFACE ( (
 ( 1.000000000000000000, 1.000000000000000000),
 ( 0.7963945362475481904, 0.9530866181159203254),
 ( 0.7963945362475481904, 0.9530866181159203254),
 ( 1.000000000000000000, 1.000000000000000000) ) ) 
 REPRESENTATION_ITEM ( '' )  SURFACE ( )  );
#220 = CARTESIAN_POINT ( 'NONE',  ( 1.999503599690025668, 12.33136691483801961, -1.526311391541084861 ) ) ;
#221 = ORIENTED_EDGE ( 'NONE', *, *, #5021, .T. ) ;
#222 = CARTESIAN_POINT ( 'NONE',  ( 5.785401201709519547, -5.693866552332040420, 2.719421273219266411 ) ) ;
#223 = DIRECTION ( 'NONE',  ( -1.000000000000000000, 0.000000000000000000, 0.000000000000000000 ) ) ;
#224 = FACE_OUTER_BOUND ( 'NONE', #1117, .T. ) ;
#225 = CARTESIAN_POINT ( 'NONE',  ( 1.274928338748464451, 11.15790745183901400, -3.523465298218368069 ) ) ;
#226 = CARTESIAN_POINT ( 'NONE',  ( 6.119568941886143421, -0.5009879226931036600, -6.625250124664777474 ) ) ;
#227 = ORIENTED_EDGE ( 'NONE', *, *, #3404, .T. ) ;
#228 = CARTESIAN_POINT ( 'NONE',  ( 0.4959482244580775134, -0.7731718701262080273, 10.89257800167812462 ) ) ;
#229 = CARTESIAN_POINT ( 'NONE',  ( 6.538437847175468498, 1.465829017615412733, -8.273369765036536094 ) ) ;
#230 = FACE_OUTER_BOUND ( 'NONE', #2861, .T. ) ;
#231 = CARTESIAN_POINT ( 'NONE',  ( 5.781295420454913625, -2.409781604133199195, 5.827360209684719905 ) ) ;
#232 = CARTESIAN_POINT ( 'NONE',  ( -21.42413736143699765, 0.000000000000000000, 0.000000000000000000 ) ) ;
#233 = ORIENTED_EDGE ( 'NONE', *, *, #2613, .F. ) ;
#234 = CARTESIAN_POINT ( 'NONE',  ( 0.3125344840682540704, 3.594707052580333961, 10.11716493239039494 ) ) ;
#235 = CARTESIAN_POINT ( 'NONE',  ( 5.780373642321761984, -5.710436958037667488, 2.672612239963982450 ) ) ;
#236 = CARTESIAN_POINT ( 'NONE',  ( 5.781056083966182868, 2.546941476786636738, -5.768434636672854054 ) ) ;
#237 = EDGE_CURVE ( 'NONE', #2359, #5082, #2697, .T. ) ;
#238 = CARTESIAN_POINT ( 'NONE',  ( 13.56759717490972861, -0.004612461923499392401, -0.008367065052335151756 ) ) ;
#239 = B_SPLINE_CURVE_WITH_KNOTS ( 'NONE', 3,
 ( #432, #3169, #1988, #3550, #1153, #771, #379, #2319, #1930, #4745, #3494, #1603, #853, #3970, #460, #2014 ),
 .UNSPECIFIED., .F., .F.,
 ( 4, 3, 3, 3, 3, 4 ),
 ( 2.168404344971008868E-18, 0.0002402807489491025751, 0.0003604046903941030390, 0.0004805286307080698410, 0.0007203409650750119617, 0.0009603276570517840435 ),
 .UNSPECIFIED. ) ;
#240 = ORIENTED_EDGE ( 'NONE', *, *, #4094, .T. ) ;
#241 = CARTESIAN_POINT ( 'NONE',  ( 0.3151928467770721554, 9.921895184371186005, 4.109382808623480265 ) ) ;
#242 = ORIENTED_EDGE ( 'NONE', *, *, #4747, .F. ) ;
#243 = CARTESIAN_POINT ( 'NONE',  ( 5.782469467446604838, 6.298821222766588512, 0.3217837849890177182 ) ) ;
#244 = EDGE_CURVE ( 'NONE', #2911, #4844, #4725, .T. ) ;
#245 = CARTESIAN_POINT ( 'NONE',  ( 0.3131398827181195443, 7.924117507852365350, 7.245364211220578277 ) ) ;
#246 = CARTESIAN_POINT ( 'NONE',  ( 0.8889325092156177277, 5.098551464040210313, -10.09901156504383657 ) ) ;
#247 =( BOUNDED_SURFACE ( )  B_SPLINE_SURFACE ( 3, 1, ( 
 ( #1238, #4701 ),
 ( #1607, #2039 ),
 ( #3526, #861 ),
 ( #2741, #4311 ) ),
 .UNSPECIFIED., .F., .F., .F. ) 
 B_SPLINE_SURFACE_WITH_KNOTS ( ( 4, 4 ),
 ( 2, 2 ),
 ( 0.000000000000000000, 1.000000000000000000 ),
 ( 0.000000000000000000, 1.000000000000000000 ),
 .UNSPECIFIED. ) 
 GEOMETRIC_REPRESENTATION_ITEM ( )  RATIONAL_B_SPLINE_SURFACE ( (
 ( 1.000000000000000000, 1.000000000000000000),
 ( 0.7963945362475481904, 0.9530866181159203254),
 ( 0.7963945362475481904, 0.9530866181159203254),
 ( 1.000000000000000000, 1.000000000000000000) ) ) 
 REPRESENTATION_ITEM ( '' )  SURFACE ( )  );
#248 = CARTESIAN_POINT ( 'NONE',  ( 0.3723593555270008348, -9.686087649737169514, -4.828055859583344045 ) ) ;
#249 = DIRECTION ( 'NONE',  ( 0.000000000000000000, 0.000000000000000000, 1.000000000000000000 ) ) ;
#250 = DIRECTION ( 'NONE',  ( -1.000000000000000000, -0.000000000000000000, -0.000000000000000000 ) ) ;
#251 = ORIENTED_EDGE ( 'NONE', *, *, #3353, .F. ) ;
#252 = CARTESIAN_POINT ( 'NONE',  ( 0.3150652326283243099, 7.677901499910699812, -7.508536391094034812 ) ) ;
#253 = CARTESIAN_POINT ( 'NONE',  ( 0.4460862896348321005, -8.207537153097351990, 7.127125624576938989 ) ) ;
#254 = CARTESIAN_POINT ( 'NONE',  ( 6.350699776881511660, -6.123775572097172493, -3.125898212415606281 ) ) ;
#255 = ADVANCED_FACE ( 'NONE', ( #1189 ), #4278, .F. ) ;
#256 = CARTESIAN_POINT ( 'NONE',  ( 0.3990563068656121648, -10.79867654263911447, -0.7284209930608588346 ) ) ;
#257 = AXIS2_PLACEMENT_3D ( 'NONE', #4750, #1157, #1581 ) ;
#258 = CARTESIAN_POINT ( 'NONE',  ( 0.3020602839598329759, -4.691326916302819505, 9.666631465797390632 ) ) ;
#259 = ORIENTED_EDGE ( 'NONE', *, *, #2662, .T. ) ;
#260 = DIRECTION ( 'NONE',  ( -1.000000000000000000, -0.000000000000000000, -0.000000000000000000 ) ) ;
#261 = CARTESIAN_POINT ( 'NONE',  ( 5.780916678224961025, -5.892048155649590058, 2.245565152284355381 ) ) ;
#262 = CARTESIAN_POINT ( 'NONE',  ( 0.4810029444423258860, 10.37115695281033290, -3.458051635725084338 ) ) ;
#263 = CIRCLE ( 'NONE', #99, 7.673412698073462934 ) ;
#264 = ADVANCED_FACE ( 'NONE', ( #4232 ), #4083, .F. ) ;
#265 = CARTESIAN_POINT ( 'NONE',  ( 0.3131398827181195443, 0.4799510588010428846, 10.72644339064184571 ) ) ;
#266 = ORIENTED_EDGE ( 'NONE', *, *, #1046, .F. ) ;
#267 = VECTOR ( 'NONE', #966, 1000.000000000000227 ) ;
#268 = CARTESIAN_POINT ( 'NONE',  ( 0.000000000000000000, 0.000000000000000000, 0.000000000000000000 ) ) ;
#269 = ORIENTED_EDGE ( 'NONE', *, *, #4935, .F. ) ;
#270 = CARTESIAN_POINT ( 'NONE',  ( 2.666330941622472306, -11.02077394041747738, 7.491800182701900290 ) ) ;
#271 = DIRECTION ( 'NONE',  ( -0.7767995536391634204, -0.4645617045361123409, -0.4251645283234459782 ) ) ;
#272 = CARTESIAN_POINT ( 'NONE',  ( 5.841349233018255482, -6.034141197522599143, 2.028237361566973540 ) ) ;
#273 = CARTESIAN_POINT ( 'NONE',  ( 6.772577236260943323, 7.242548386841681562, -0.8998714826151730239 ) ) ;
#274 = DIRECTION ( 'NONE',  ( -1.000000000000000000, -0.000000000000000000, -0.000000000000000000 ) ) ;
#275 = CARTESIAN_POINT ( 'NONE',  ( 0.3150212513444516360, -0.1602524009518508097, -10.73815880291281566 ) ) ;
#276 = ORIENTED_EDGE ( 'NONE', *, *, #421, .T. ) ;
#277 = CARTESIAN_POINT ( 'NONE',  ( 6.538437847175476492, -1.465829017615353225, 8.273369765036541423 ) ) ;
#279 = B_SPLINE_CURVE_WITH_KNOTS ( 'NONE', 3,
 ( #1423, #2239, #998, #220, #3366, #1854 ),
 .UNSPECIFIED., .F., .F.,
 ( 4, 2, 4 ),
 ( 0.000000000000000000, 0.001669706568511675638, 0.003339413137023351276 ),
 .UNSPECIFIED. ) ;
#278 = CARTESIAN_POINT ( 'NONE',  ( 6.129644004586987549, 1.550825684904093782, 8.753977512189752730 ) ) ;
#280 = CARTESIAN_POINT ( 'NONE',  ( 13.56759717490972861, 0.004612461923498454783, -0.008367065052335111858 ) ) ;
#281 = CARTESIAN_POINT ( 'NONE',  ( 0.3125344840682521830, -10.72267644130485920, -0.5505951308779811759 ) ) ;
#282 = DIRECTION ( 'NONE',  ( 0.000000000000000000, 0.000000000000000000, 1.000000000000000000 ) ) ;
#283 = B_SPLINE_CURVE_WITH_KNOTS ( 'NONE', 3,
 ( #2468, #2084, #3261, #4845, #2892, #5085 ),
 .UNSPECIFIED., .F., .F.,
 ( 4, 2, 4 ),
 ( 5.421010862427522170E-19, 0.001669706568511927607, 0.003339413137023854346 ),
 .UNSPECIFIED. ) ;
#284 = VERTEX_POINT ( 'NONE', #2250 ) ;
#285 = CARTESIAN_POINT ( 'NONE',  ( 5.861834570473160255, -6.370567226303764485, 0.4491369562185816289 ) ) ;
#286 = CARTESIAN_POINT ( 'NONE',  ( 5.780631868880689694, -5.727645188952037003, 2.636453451200476916 ) ) ;
#287 = ADVANCED_FACE ( 'NONE', ( #4654 ), #4811, .F. ) ;
#288 = CARTESIAN_POINT ( 'NONE',  ( 2.636624412714236865, 0.000000000000000000, 0.000000000000000000 ) ) ;
#289 = DIRECTION ( 'NONE',  ( -1.000000000000000000, -0.000000000000000000, -0.000000000000000000 ) ) ;
#290 = CARTESIAN_POINT ( 'NONE',  ( 1.274928338748248180, -11.15790745183876354, 3.523465298218456887 ) ) ;
#291 = VERTEX_POINT ( 'NONE', #3478 ) ;
#292 = CARTESIAN_POINT ( 'NONE',  ( 2.636624412714278165, 7.025356639903302280, -11.01023197665851860 ) ) ;
#293 = VERTEX_POINT ( 'NONE', #1554 ) ;
#294 = EDGE_CURVE ( 'NONE', #1194, #919, #4290, .T. ) ;
#295 = CARTESIAN_POINT ( 'NONE',  ( 7.148871875792691455, 7.492932861594818306, -1.654454461926208930 ) ) ;
#296 = CARTESIAN_POINT ( 'NONE',  ( 5.811739754377839517, 6.323645595539393760, -0.3999997167859714597 ) ) ;
#297 = CARTESIAN_POINT ( 'NONE',  ( 1.348381451710667589, -3.640913747999857897, -11.23425671514533164 ) ) ;
#298 = CARTESIAN_POINT ( 'NONE',  ( 5.780373642321761984, 2.672612239964079262, -5.710436958037623079 ) ) ;
#299 = ADVANCED_FACE ( 'NONE', ( #804 ), #2870, .F. ) ;
#300 = CARTESIAN_POINT ( 'NONE',  ( 3.121479018041802167, 12.29058684818689606, -2.176329733854096560 ) ) ;
#301 = CARTESIAN_POINT ( 'NONE',  ( 5.803399891414396272, 4.194046184751454298, -4.738439648953684191 ) ) ;
#302 = ORIENTED_EDGE ( 'NONE', *, *, #775, .F. ) ;
#303 =( BOUNDED_SURFACE ( )  B_SPLINE_SURFACE ( 3, 1, ( 
 ( #2648, #3410 ),
 ( #4986, #2698 ),
 ( #4657, #1459 ),
 ( #4633, #1370 ) ),
 .UNSPECIFIED., .F., .F., .F. ) 
 B_SPLINE_SURFACE_WITH_KNOTS ( ( 4, 4 ),
 ( 2, 2 ),
 ( 0.000000000000000000, 1.000000000000000000 ),
 ( 0.000000000000000000, 1.000000000000000000 ),
 .UNSPECIFIED. ) 
 GEOMETRIC_REPRESENTATION_ITEM ( )  RATIONAL_B_SPLINE_SURFACE ( (
 ( 1.000000000000000000, 1.000000000000000000),
 ( 0.9928172745385618336, 0.8240640142147777070),
 ( 0.9928172745385618336, 0.8240640142147777070),
 ( 1.000000000000000000, 1.000000000000000000) ) ) 
 REPRESENTATION_ITEM ( '' )  SURFACE ( )  );
#304 = EDGE_CURVE ( 'NONE', #3689, #3808, #4391, .T. ) ;
#305 = CARTESIAN_POINT ( 'NONE',  ( 5.780373642321761984, 5.927710934927427289, 2.148066458205984297 ) ) ;
#306 = B_SPLINE_CURVE_WITH_KNOTS ( 'NONE', 3,
 ( #3017, #4996, #3827, #3778, #324, #3752 ),
 .UNSPECIFIED., .F., .F.,
 ( 4, 2, 4 ),
 ( 1.756407519426517183E-17, 0.0002092205112235675265, 0.0004184410224471174890 ),
 .UNSPECIFIED. ) ;
#307 = CARTESIAN_POINT ( 'NONE',  ( 1.348381451710669143, 11.23425671514529256, 3.640913747999980909 ) ) ;
#308 = CARTESIAN_POINT ( 'NONE',  ( 13.56759717490972861, 0.005965047388504911632, -0.007463296338658317874 ) ) ;
#309 = CARTESIAN_POINT ( 'NONE',  ( 5.780631868880690583, -5.914310866965020175, -2.185802639711966755 ) ) ;
#310 = EDGE_CURVE ( 'NONE', #3845, #2178, #49, .T. ) ;
#311 = ADVANCED_FACE ( 'NONE', ( #2874 ), #2306, .F. ) ;
#312 = CARTESIAN_POINT ( 'NONE',  ( 2.666330941622472306, 2.495361274710126587, -13.09036669967630395 ) ) ;
#313 = CARTESIAN_POINT ( 'NONE',  ( 5.780596792240387138, -4.278687904370402251, -4.631283586195294788 ) ) ;
#314 = CARTESIAN_POINT ( 'NONE',  ( 6.119568941886140756, 5.929213210115997335, -2.998225945795444769 ) ) ;
#315 = DIRECTION ( 'NONE',  ( 0.000000000000000000, 0.000000000000000000, 1.000000000000000000 ) ) ;
#316 = CARTESIAN_POINT ( 'NONE',  ( 3.606333622658777216, -6.820078766469295672, 9.755293370241924222 ) ) ;
#317 = ORIENTED_EDGE ( 'NONE', *, *, #1172, .T. ) ;
#318 = ORIENTED_EDGE ( 'NONE', *, *, #3511, .F. ) ;
#319 = DIRECTION ( 'NONE',  ( -0.7767995536391634204, -0.5705808733051024317, 0.2664956293907707607 ) ) ;
#320 = VERTEX_POINT ( 'NONE', #2352 ) ;
#321 = B_SPLINE_CURVE_WITH_KNOTS ( 'NONE', 3,
 ( #2593, #1845, #1776, #3381, #4158, #2618, #3408, #4960, #2645, #4210, #2180, #4181, #709, #2251, #313, #1868 ),
 .UNSPECIFIED., .F., .F.,
 ( 4, 3, 3, 3, 3, 4 ),
 ( 1.226634733346699349E-18, 0.0001201367182547264772, 0.0002402733039868104094, 0.0003604098457935279998, 0.0004641886131672997933, 0.0005680047735601319574 ),
 .UNSPECIFIED. ) ;
#322 = FILL_AREA_STYLE ('',( #3825 ) ) ;
#323 = CARTESIAN_POINT ( 'NONE',  ( 5.780266697385843422, 4.665604089507133345, 4.240638291491489298 ) ) ;
#324 = CARTESIAN_POINT ( 'NONE',  ( 0.3125344840682514613, 7.971406774848057708, -7.192747673383749429 ) ) ;
#325 = CARTESIAN_POINT ( 'NONE',  ( 0.3178557125107202008, -9.862918289070217170, 4.258724049286217728 ) ) ;
#326 = CARTESIAN_POINT ( 'NONE',  ( 5.780373642321761984, -6.298520252597379354, -0.2838821314356324566 ) ) ;
#327 = CARTESIAN_POINT ( 'NONE',  ( 5.780373642321761096, -4.654461362248231815, 4.252991401856593967 ) ) ;
#328 = DIRECTION ( 'NONE',  ( 0.000000000000000000, 0.000000000000000000, 1.000000000000000000 ) ) ;
#329 = B_SPLINE_CURVE_WITH_KNOTS ( 'NONE', 3,
 ( #2169, #4492, #4801, #4856, #1279, #905 ),
 .UNSPECIFIED., .F., .F.,
 ( 4, 2, 4 ),
 ( 3.974750819240313445E-18, 0.0009821026408563932313, 0.001964205281712782560 ),
 .UNSPECIFIED. ) ;
#330 = CARTESIAN_POINT ( 'NONE',  ( 6.233220831025901632, -1.529292397461816666, 8.632204623616004824 ) ) ;
#331 = CARTESIAN_POINT ( 'NONE',  ( 5.829707808122729595, -5.695088164432419831, -2.818262460288574633 ) ) ;
#332 = CARTESIAN_POINT ( 'NONE',  ( 0.3315128891686939250, 0.6206652908645313715, -10.73775077339281303 ) ) ;
#333 = DIRECTION ( 'NONE',  ( -0.7767995536391633093, 0.5919024714281726496, 0.2150207380305862170 ) ) ;
#334 = CARTESIAN_POINT ( 'NONE',  ( 5.785401201709517771, -6.301124235432368437, 0.3334692589278508423 ) ) ;
#335 = CARTESIAN_POINT ( 'NONE',  ( 0.3148517337138179717, -9.996263812724608400, 3.924285655441473342 ) ) ;
#336 = CARTESIAN_POINT ( 'NONE',  ( 5.803399891414406930, 5.982739397186700891, 2.061471079582417598 ) ) ;
#337 = EDGE_CURVE ( 'NONE', #2937, #3749, #1240, .T. ) ;
#338 = AXIS2_PLACEMENT_3D ( 'NONE', #4176, #4467, #3712 ) ;
#339 = DIRECTION ( 'NONE',  ( 0.7767995536391634204, 0.02785801045958532715, -0.6291314526545546126 ) ) ;
#340 = CARTESIAN_POINT ( 'NONE',  ( 0.3072101391086899946, -0.4801637145095372095, -10.73124590139689616 ) ) ;
#341 = ORIENTED_EDGE ( 'NONE', *, *, #4820, .F. ) ;
#342 = ORIENTED_EDGE ( 'NONE', *, *, #788, .F. ) ;
#343 = CARTESIAN_POINT ( 'NONE',  ( 13.57761964090312645, -0.01415827070162112115, -0.004072754696867793116 ) ) ;
#344 = EDGE_LOOP ( 'NONE', ( #3960, #854, #3675, #1710 ) ) ;
#345 = AXIS2_PLACEMENT_3D ( 'NONE', #2285, #3512, #1143 ) ;
#346 = CONICAL_SURFACE ( 'NONE', #1648, 6.124340373424995043, 0.7853981625000042710 ) ;
#347 = AXIS2_PLACEMENT_3D ( 'NONE', #4520, #1033, #3325 ) ;
#348 = CARTESIAN_POINT ( 'NONE',  ( 5.780373642321761984, 4.252991401856610842, 4.654461362248216716 ) ) ;
#349 =( NAMED_UNIT ( * ) PLANE_ANGLE_UNIT ( ) SI_UNIT ( $, .RADIAN. ) );
#350 = DIRECTION ( 'NONE',  ( 0.000000000000000000, 0.000000000000000000, 1.000000000000000000 ) ) ;
#351 = CARTESIAN_POINT ( 'NONE',  ( 0.8889338621415109332, 7.379139679108126515, -8.575172875435715270 ) ) ;
#352 = EDGE_CURVE ( 'NONE', #2495, #3022, #2559, .T. ) ;
#353 = CARTESIAN_POINT ( 'NONE',  ( 0.3146807352246323575, 7.421913260616012309, 7.761136229029778733 ) ) ;
#354 = AXIS2_PLACEMENT_3D ( 'NONE', #2073, #4867, #1714 ) ;
#355 = CARTESIAN_POINT ( 'NONE',  ( 6.843654862292567920, -1.733143793678046496, -7.848739054625585965 ) ) ;
#356 = CARTESIAN_POINT ( 'NONE',  ( 7.148871875792691455, 0.000000000000000000, 0.000000000000000000 ) ) ;
#357 = CARTESIAN_POINT ( 'NONE',  ( 0.4460862896348360418, -9.725493979194634875, -4.855342691162337410 ) ) ;
#358 = CARTESIAN_POINT ( 'NONE',  ( 5.841349233018256371, -5.700962551625258001, -2.832601767185436437 ) ) ;
#359 = DIRECTION ( 'NONE',  ( 0.000000000000000000, 0.000000000000000000, 1.000000000000000000 ) ) ;
#360 = CARTESIAN_POINT ( 'NONE',  ( 5.789276915956100389, -2.087527567108793836, 5.958762355144902045 ) ) ;
#361 = CARTESIAN_POINT ( 'NONE',  ( 13.57223985685982726, -0.01422832630261094099, 0.001862322494628533250 ) ) ;
#362 = CARTESIAN_POINT ( 'NONE',  ( 0.3151928467770699904, -9.921611817560124891, 4.110066916621880395 ) ) ;
#363 = CARTESIAN_POINT ( 'NONE',  ( 5.780631868880690583, 0.2438904617053229695, 6.300581215535713930 ) ) ;
#364 = CARTESIAN_POINT ( 'NONE',  ( 0.3150652326283243099, -9.875188790194854960, -4.220063570223113736 ) ) ;
#365 = CARTESIAN_POINT ( 'NONE',  ( 7.148871875792691455, -1.338904651110499611, -7.555699621490369999 ) ) ;
#366 = ORIENTED_EDGE ( 'NONE', *, *, #474, .F. ) ;
#367 = EDGE_LOOP ( 'NONE', ( #4029, #4446, #1730, #1120, #2259, #1666, #2930, #4115, #2333, #2055, #3038, #2702, #2975, #4599, #2992, #2160, #3669, #1369, #2480, #4044, #4312, #317, #1563, #2192, #4034, #4064, #3508, #813, #617, #1981, #884, #3407, #4758, #4735, #969, #2782, #276, #3747, #3596, #2155, #2308, #3694, #3287, #145, #4335, #3362, #691, #1411, #4293, #3800, #4060, #2554 ) ) ;
#368 = CARTESIAN_POINT ( 'NONE',  ( 0.3138252630704950752, -10.73070800174696338, -0.3999740284677211211 ) ) ;
#369 = VERTEX_POINT ( 'NONE', #2429 ) ;
#370 = CARTESIAN_POINT ( 'NONE',  ( 0.3131398827181187117, -7.245364211220604922, 7.924117507852341369 ) ) ;
#371 = CARTESIAN_POINT ( 'NONE',  ( 5.826145232816518416, 4.778039901779450815, 4.183505513431833300 ) ) ;
#372 = B_SPLINE_CURVE_WITH_KNOTS ( 'NONE', 3,
 ( #213, #1775, #1822, #4918, #4502, #2955 ),
 .UNSPECIFIED., .F., .F.,
 ( 4, 2, 4 ),
 ( 6.314488766312914258E-18, 0.0009821026408563973513, 0.001964205281712788631 ),
 .UNSPECIFIED. ) ;
#373 = FACE_OUTER_BOUND ( 'NONE', #1053, .T. ) ;
#374 = FACE_OUTER_BOUND ( 'NONE', #1462, .T. ) ;
#375 = CARTESIAN_POINT ( 'NONE',  ( 1.999503599690353850, -9.798858301942713567, -7.640328031620517990 ) ) ;
#376 = CARTESIAN_POINT ( 'NONE',  ( 0.3150652326283262528, 7.508536391094112972, 7.677901499910620764 ) ) ;
#377 = CARTESIAN_POINT ( 'NONE',  ( 6.233220831025894526, -8.560352035958656458, 1.890519749003062078 ) ) ;
#378 = B_SPLINE_CURVE_WITH_KNOTS ( 'NONE', 3,
 ( #2405, #470, #886, #3952, #441, #2796 ),
 .UNSPECIFIED., .F., .F.,
 ( 4, 2, 4 ),
 ( 0.000000000000000000, 0.001669664777114621959, 0.003339329554229243918 ),
 .UNSPECIFIED. ) ;
#379 = CARTESIAN_POINT ( 'NONE',  ( 0.3150652326283272520, 9.966848526587256174, -3.998777391501029843 ) ) ;
#380 = ORIENTED_EDGE ( 'NONE', *, *, #1883, .F. ) ;
#381 = CARTESIAN_POINT ( 'NONE',  ( 0.3178557125107202008, -4.258724049286179536, -9.862918289070233158 ) ) ;
#382 = CARTESIAN_POINT ( 'NONE',  ( 5.791186417076201742, -5.688746685898540711, -2.743517210907597814 ) ) ;
#383 = CARTESIAN_POINT ( 'NONE',  ( 6.772577236260945988, -7.035608125480286468, -1.940230431068128647 ) ) ;
#384 = CARTESIAN_POINT ( 'NONE',  ( 5.781280995375705167, -5.811924481750343041, -2.446737885656025124 ) ) ;
#385 = CARTESIAN_POINT ( 'NONE',  ( 13.57761964090312645, -0.01289128168725567694, 0.007131536758726555493 ) ) ;
#386 = CARTESIAN_POINT ( 'NONE',  ( 0.3151505758799234003, -9.952017125223751037, 4.035973470717579836 ) ) ;
#387 = CARTESIAN_POINT ( 'NONE',  ( 5.785401201710001828, 5.949092873522771718, 2.103250427126962752 ) ) ;
#388 = DIRECTION ( 'NONE',  ( -0.7672866406251408478, 0.04491926337631385602, 0.6397292168534397527 ) ) ;
#389 = CARTESIAN_POINT ( 'NONE',  ( 0.3020602839598329759, -0.6349612095517324084, 10.72609604625728252 ) ) ;
#390 = VERTEX_POINT ( 'NONE', #1584 ) ;
#391 = EDGE_LOOP ( 'NONE', ( #2913, #814, #4770, #3887 ) ) ;
#392 = CARTESIAN_POINT ( 'NONE',  ( 0.3151505758799263424, -10.73896510990468478, -0.07971878908227478244 ) ) ;
#393 = CARTESIAN_POINT ( 'NONE',  ( 0.3151928479966147334, 1.349221862123487262E-15, 10.73922861027048903 ) ) ;
#394 = CARTESIAN_POINT ( 'NONE',  ( 5.785401201709881924, 4.691366050279691891, 4.219769301666948635 ) ) ;
#395 = EDGE_LOOP ( 'NONE', ( #1290, #2522, #2936, #1085 ) ) ;
#396 = CARTESIAN_POINT ( 'NONE',  ( 5.782469467446513356, -2.113165072537666056, -5.942493329980466754 ) ) ;
#397 = CARTESIAN_POINT ( 'NONE',  ( 0.3072101391086903277, 7.248609728848689926, -7.927663766067492013 ) ) ;
#398 = CARTESIAN_POINT ( 'NONE',  ( 0.3072101391086903277, 10.09812914501194392, 3.663056587010317777 ) ) ;
#399 = CARTESIAN_POINT ( 'NONE',  ( 0.3149798893762135732, 4.256852554769829489, -9.859374574731129215 ) ) ;
#400 = B_SPLINE_CURVE_WITH_KNOTS ( 'NONE', 3,
 ( #1968, #363, #1916, #2745, #4211, #4262, #2721, #754, #4677, #4315 ),
 .UNSPECIFIED., .F., .F.,
 ( 4, 3, 3, 4 ),
 ( 1.029992063861229212E-18, 0.0001201367182547262197, 0.0002402733039868097046, 0.0002840031398894908446 ),
 .UNSPECIFIED. ) ;
#401 = EDGE_CURVE ( 'NONE', #5082, #999, #3176, .T. ) ;
#402 = CARTESIAN_POINT ( 'NONE',  ( 2.636624412714237309, 10.70401657216348390, 7.483640378888496869 ) ) ;
#403 = CARTESIAN_POINT ( 'NONE',  ( 2.112679944503184526, 9.951911300238487357, -7.777682075338764101 ) ) ;
#404 = VERTEX_POINT ( 'NONE', #124 ) ;
#405 = CARTESIAN_POINT ( 'NONE',  ( 5.781056083966185533, 5.768434636672879812, 2.546941476786579894 ) ) ;
#406 = LINE ( 'NONE', #3195, #5013 ) ;
#407 = CARTESIAN_POINT ( 'NONE',  ( 0.3072101391086899946, 3.663056587010280918, 10.09812914501195458 ) ) ;
#408 = ORIENTED_EDGE ( 'NONE', *, *, #630, .F. ) ;
#409 = CARTESIAN_POINT ( 'NONE',  ( 6.937403657009209468, 4.860566237685457480, 2.275671432591495069 ) ) ;
#410 = CARTESIAN_POINT ( 'NONE',  ( 0.3131398827181195443, 4.548249133634198138, -9.726272186705662293 ) ) ;
#411 = CARTESIAN_POINT ( 'NONE',  ( 0.3989394446945338513, 10.25528540849843395, 3.459567448544915269 ) ) ;
#412 =( BOUNDED_SURFACE ( )  B_SPLINE_SURFACE ( 3, 1, ( 
 ( #3124, #407 ),
 ( #2403, #47 ),
 ( #1187, #1935 ),
 ( #1212, #2767 ) ),
 .UNSPECIFIED., .F., .F., .F. ) 
 B_SPLINE_SURFACE_WITH_KNOTS ( ( 4, 4 ),
 ( 2, 2 ),
 ( 0.000000000000000000, 1.000000000000000000 ),
 ( 0.000000000000000000, 1.000000000000000000 ),
 .UNSPECIFIED. ) 
 GEOMETRIC_REPRESENTATION_ITEM ( )  RATIONAL_B_SPLINE_SURFACE ( (
 ( 1.000000000000000000, 1.000000000000000000),
 ( 0.9928172745385618336, 0.8240640142147769298),
 ( 0.9928172745385618336, 0.8240640142147769298),
 ( 1.000000000000000000, 1.000000000000000000) ) ) 
 REPRESENTATION_ITEM ( '' )  SURFACE ( )  );
#413 = EDGE_CURVE ( 'NONE', #869, #3210, #4483, .T. ) ;
#414 = CARTESIAN_POINT ( 'NONE',  ( 3.121479018041791509, 6.714070457948744242, 10.52217629908280117 ) ) ;
#415 = CARTESIAN_POINT ( 'NONE',  ( 0.3131398827181195443, 10.09361082380422303, 3.661415213967222915 ) ) ;
#416 = CARTESIAN_POINT ( 'NONE',  ( 0.3151928479966147889, 0.03992064208718248269, -10.73922861027048903 ) ) ;
#417 = EDGE_LOOP ( 'NONE', ( #1872, #4418, #1837, #2447 ) ) ;
#418 = EDGE_LOOP ( 'NONE', ( #2041, #3727, #3682, #3222 ) ) ;
#419 = CARTESIAN_POINT ( 'NONE',  ( 13.58175377392158367, -0.01118491811001063978, 0.001633601598410977821 ) ) ;
#420 = AXIS2_PLACEMENT_3D ( 'NONE', #3420, #1125, #5027 ) ;
#421 = EDGE_CURVE ( 'NONE', #912, #2139, #378, .T. ) ;
#422 = B_SPLINE_CURVE_WITH_KNOTS ( 'NONE', 3,
 ( #1099, #3469, #396, #3934, #4716, #2707, #35, #1176, #4272, #2732, #2783, #4740, #4665, #3908, #2756, #766 ),
 .UNSPECIFIED., .F., .F.,
 ( 4, 3, 3, 3, 3, 4 ),
 ( 4.336808689942017736E-19, 5.634548159524228590E-05, 0.0001127033736992131977, 0.0001403741958184571471, 0.0001969210919175107060, 0.0002472485937301727621 ),
 .UNSPECIFIED. ) ;
#423 = CARTESIAN_POINT ( 'NONE',  ( 0.3146807352246254741, -0.2398668612996232019, 10.73603725321949831 ) ) ;
#424 = CIRCLE ( 'NONE', #2884, 13.06066017082141251 ) ;
#425 = ORIENTED_EDGE ( 'NONE', *, *, #1617, .T. ) ;
#426 = DIRECTION ( 'NONE',  ( -1.000000000000000000, -0.000000000000000000, -0.000000000000000000 ) ) ;
#427 = FACE_OUTER_BOUND ( 'NONE', #3514, .T. ) ;
#428 = CARTESIAN_POINT ( 'NONE',  ( 13.56890048206675203, 0.01053996198465991484, -0.0005502997644807683733 ) ) ;
#429 = CARTESIAN_POINT ( 'NONE',  ( 2.666330941622472306, -11.02077394041737257, -7.491800182702053945 ) ) ;
#430 = CIRCLE ( 'NONE', #1895, 13.06066017082141251 ) ;
#431 = CARTESIAN_POINT ( 'NONE',  ( 0.3020602839598329759, -7.135509872902254358, -8.033480627031218901 ) ) ;
#432 = CARTESIAN_POINT ( 'NONE',  ( 0.3131398827181169353, 10.09361082380427632, -3.661415213967076365 ) ) ;
#433 = ORIENTED_EDGE ( 'NONE', *, *, #4792, .F. ) ;
#434 = VECTOR ( 'NONE', #339, 1000.000000000000000 ) ;
#435 = CARTESIAN_POINT ( 'NONE',  ( 0.000000000000000000, 0.000000000000000000, 0.000000000000000000 ) ) ;
#436 = VECTOR ( 'NONE', #2435, 1000.000000000000227 ) ;
#437 = CARTESIAN_POINT ( 'NONE',  ( 5.786827336177554848, 2.725628107278068590, -5.692479203587519798 ) ) ;
#438 = B_SPLINE_CURVE_WITH_KNOTS ( 'NONE', 3,
 ( #1190, #442, #2771, #1161, #2301, #5037 ),
 .UNSPECIFIED., .F., .F.,
 ( 4, 2, 4 ),
 ( 1.634414547244256377E-18, 0.0002092284541179429531, 0.0004184569082358842798 ),
 .UNSPECIFIED. ) ;
#439 = CARTESIAN_POINT ( 'NONE',  ( 5.888395157494902499, -6.084756134219158064, -2.025213741016280711 ) ) ;
#440 = EDGE_LOOP ( 'NONE', ( #1317, #1093, #117, #1245 ) ) ;
#441 = CARTESIAN_POINT ( 'NONE',  ( 0.8889325092157898123, 8.575171752288069271, -7.379138909189902229 ) ) ;
#442 = CARTESIAN_POINT ( 'NONE',  ( 0.3125344821672563222, -0.5505953527051709040, -10.72267642947638500 ) ) ;
#443 = CARTESIAN_POINT ( 'NONE',  ( 13.56759717490972861, 0.002654905333064581062, 0.009177911541205651877 ) ) ;
#444 = CARTESIAN_POINT ( 'NONE',  ( 5.781295420454912737, -2.416593007223514888, -5.824538834145919886 ) ) ;
#445 = CARTESIAN_POINT ( 'NONE',  ( 5.034355368874784631, -10.04167623169953494, -1.778570944146867783 ) ) ;
#446 = CARTESIAN_POINT ( 'NONE',  ( 5.780777222299028573, 2.213178991159292508, 5.904241861391260393 ) ) ;
#447 = EDGE_LOOP ( 'NONE', ( #3750, #4785, #3389, #1619 ) ) ;
#448 = CARTESIAN_POINT ( 'NONE',  ( 0.3020602839598333644, -4.691326916302678285, -9.666631465797454581 ) ) ;
#449 =( BOUNDED_SURFACE ( )  B_SPLINE_SURFACE ( 3, 1, ( 
 ( #1865, #4208 ),
 ( #707, #3813 ),
 ( #3426, #2297 ),
 ( #3790, #4550 ) ),
 .UNSPECIFIED., .F., .F., .F. ) 
 B_SPLINE_SURFACE_WITH_KNOTS ( ( 4, 4 ),
 ( 2, 2 ),
 ( 0.000000000000000000, 1.000000000000000000 ),
 ( 0.000000000000000000, 1.000000000000000000 ),
 .UNSPECIFIED. ) 
 GEOMETRIC_REPRESENTATION_ITEM ( )  RATIONAL_B_SPLINE_SURFACE ( (
 ( 1.000000000000000000, 1.000000000000000000),
 ( 0.7963945362475481904, 0.9530866181159203254),
 ( 0.7963945362475481904, 0.9530866181159203254),
 ( 1.000000000000000000, 1.000000000000000000) ) ) 
 REPRESENTATION_ITEM ( '' )  SURFACE ( )  );
#450 = CARTESIAN_POINT ( 'NONE',  ( 0.3149798893762164043, -10.73790131968768158, -0.1597996450389803369 ) ) ;
#451 = VERTEX_POINT ( 'NONE', #4778 ) ;
#452 =( NAMED_UNIT ( * ) SI_UNIT ( $, .STERADIAN. ) SOLID_ANGLE_UNIT ( ) );
#453 = ORIENTED_EDGE ( 'NONE', *, *, #2427, .F. ) ;
#454 = CARTESIAN_POINT ( 'NONE',  ( 0.3131398827181169353, 10.72644339064184393, -0.4799510588010803547 ) ) ;
#455 = CARTESIAN_POINT ( 'NONE',  ( 0.3020602839598333644, -9.666631465797435041, 4.691326916302717365 ) ) ;
#456 = LINE ( 'NONE', #2417, #90 ) ;
#457 = CARTESIAN_POINT ( 'NONE',  ( 1.348381451710669143, -3.640913748000020433, 11.23425671514528190 ) ) ;
#458 = ADVANCED_FACE ( 'NONE', ( #1995 ), #219, .F. ) ;
#459 = CARTESIAN_POINT ( 'NONE',  ( 3.121479018041986908, 12.18786696410126424, 2.692737463742094217 ) ) ;
#460 = CARTESIAN_POINT ( 'NONE',  ( 0.3138244244576130493, 9.760775788703268674, -4.476080400144407001 ) ) ;
#461 = EDGE_LOOP ( 'NONE', ( #581, #3971, #2891, #838 ) ) ;
#462 = CARTESIAN_POINT ( 'NONE',  ( 5.780596792240386250, 5.725307679872766009, 2.641365141277802753 ) ) ;
#463 = B_SPLINE_CURVE_WITH_KNOTS ( 'NONE', 3,
 ( #1613, #4417, #4373, #521, #445, #1218, #3535 ),
 .UNSPECIFIED., .F., .F.,
 ( 4, 3, 4 ),
 ( 0.000000000000000000, 0.001426018004565433569, 0.007027290684762995711 ),
 .UNSPECIFIED. ) ;
#464 = CARTESIAN_POINT ( 'NONE',  ( 5.781056083966181980, 4.354666389081550015, 4.560551467042842866 ) ) ;
#465 = ADVANCED_FACE ( 'NONE', ( #101 ), #52, .F. ) ;
#466 = DIRECTION ( 'NONE',  ( 0.000000000000000000, 0.000000000000000000, 1.000000000000000000 ) ) ;
#467 = ADVANCED_FACE ( 'NONE', ( #4465 ), #749, .F. ) ;
#468 = B_SPLINE_CURVE_WITH_KNOTS ( 'NONE', 3,
 ( #4166, #2602, #243, #663, #2963, #4119, #5023, #1444, #3068, #3751, #4143, #1806, #1466, #607, #4586, #1831 ),
 .UNSPECIFIED., .F., .F.,
 ( 4, 3, 3, 3, 3, 4 ),
 ( 0.000000000000000000, 5.634548159638299534E-05, 0.0001127033737012484078, 0.0001403741958204814881, 0.0001969210919195042014, 0.0002472485937300386463 ),
 .UNSPECIFIED. ) ;
#469 = ORIENTED_EDGE ( 'NONE', *, *, #3587, .F. ) ;
#470 = CARTESIAN_POINT ( 'NONE',  ( 2.337031422898274258, 10.25077504217103197, -7.609063645933294318 ) ) ;
#471 = CARTESIAN_POINT ( 'NONE',  ( 3.121479018041800835, -10.52217629908283847, 6.714070457948864146 ) ) ;
#472 = CARTESIAN_POINT ( 'NONE',  ( 3.606333622658584481, 10.03412033310863904, -6.402784727056872072 ) ) ;
#473 = B_SPLINE_CURVE_WITH_KNOTS ( 'NONE', 3,
 ( #3997, #4123, #3370, #537, #4461, #4949, #148, #2919, #4884, #2581, #614, #3322, #2507, #4071, #4046, #2529 ),
 .UNSPECIFIED., .F., .F.,
 ( 4, 3, 3, 3, 3, 4 ),
 ( 5.421010862427522170E-20, 5.634548159638554999E-05, 0.0001127033737012565393, 0.0001403741958204868007, 0.0001969210919195063156, 0.0002472485937300385921 ),
 .UNSPECIFIED. ) ;
#474 = EDGE_CURVE ( 'NONE', #2704, #2940, #5039, .T. ) ;
#475 = CARTESIAN_POINT ( 'NONE',  ( 3.121479018042116138, -6.714070457948338344, -10.52217629908257024 ) ) ;
#476 = CARTESIAN_POINT ( 'NONE',  ( 5.876541064897891076, 2.022823399216545859, 6.073058281062061248 ) ) ;
#477 = VERTEX_POINT ( 'NONE', #1381 ) ;
#478 = EDGE_CURVE ( 'NONE', #451, #4042, #4113, .T. ) ;
#479 = ORIENTED_EDGE ( 'NONE', *, *, #3666, .F. ) ;
#480 = CARTESIAN_POINT ( 'NONE',  ( 5.864710941408962874, 4.188189920005863875, 4.825105553854863949 ) ) ;
#481 = CARTESIAN_POINT ( 'NONE',  ( 5.875108777299985263, 0.4549395946408186231, 6.383458901497721882 ) ) ;
#482 = VERTEX_POINT ( 'NONE', #647 ) ;
#483 = CARTESIAN_POINT ( 'NONE',  ( 13.58175377392158367, -0.009708364647856636970, 0.005789533934110957340 ) ) ;
#484 = CARTESIAN_POINT ( 'NONE',  ( 13.56676982392279740, 0.009194416037783767828, -0.001610815196146002468 ) ) ;
#485 = CARTESIAN_POINT ( 'NONE',  ( 0.3989394446945330186, 7.120751377060835274, -8.150729143265564858 ) ) ;
#486 = CARTESIAN_POINT ( 'NONE',  ( 2.666330941622472306, 11.02077394041752889, -7.491800182701823907 ) ) ;
#487 = VERTEX_POINT ( 'NONE', #3737 ) ;
#488 = LINE ( 'NONE', #1959, #2972 ) ;
#489 = CARTESIAN_POINT ( 'NONE',  ( 6.350699776881511660, -4.461401455602065802, -5.231420834128038599 ) ) ;
#490 = LINE ( 'NONE', #1992, #6 ) ;
#491 = ORIENTED_EDGE ( 'NONE', *, *, #2929, .T. ) ;
#492 = CARTESIAN_POINT ( 'NONE',  ( 0.000000000000000000, 0.000000000000000000, 0.000000000000000000 ) ) ;
#493 = CARTESIAN_POINT ( 'NONE',  ( 6.129644004586981332, -7.494145355477154880, 4.782778269987250752 ) ) ;
#494 = CARTESIAN_POINT ( 'NONE',  ( 0.3072101391086903277, -7.927663766067515994, -7.248609728848662392 ) ) ;
#495 = CARTESIAN_POINT ( 'NONE',  ( 7.148871875792690567, -6.289434997126983617, 4.395937880801929154 ) ) ;
#496 = CARTESIAN_POINT ( 'NONE',  ( 6.129644004587013306, -8.681095947675188995, -1.917226052435924144 ) ) ;
#497 = ORIENTED_EDGE ( 'NONE', *, *, #2966, .F. ) ;
#498 = CARTESIAN_POINT ( 'NONE',  ( 0.3131398827181169353, -9.726272186705740452, 4.548249133634032937 ) ) ;
#499 = CARTESIAN_POINT ( 'NONE',  ( 0.3150212513444525797, 10.73815880291281033, -0.1602524009519633585 ) ) ;
#500 = CARTESIAN_POINT ( 'NONE',  ( 5.826145232815645336, 0.4203992976482203714, 6.336769533006300748 ) ) ;
#501 = EDGE_LOOP ( 'NONE', ( #2465, #4746, #3463, #1032 ) ) ;
#502 = CARTESIAN_POINT ( 'NONE',  ( 5.816512944232871796, -4.186945511554957200, 4.762189641689524855 ) ) ;
#503 = ORIENTED_EDGE ( 'NONE', *, *, #4863, .F. ) ;
#504 = CARTESIAN_POINT ( 'NONE',  ( 0.3072101391086899946, 0.4801637145097611414, -10.73124590139688550 ) ) ;
#505 = CARTESIAN_POINT ( 'NONE',  ( 1.348381451710669143, -8.985782472070280136, -7.662929611238565641 ) ) ;
#506 = ORIENTED_EDGE ( 'NONE', *, *, #1021, .F. ) ;
#507 = CARTESIAN_POINT ( 'NONE',  ( 5.811739754377840406, -5.689213472009293504, 2.789505952910234399 ) ) ;
#508 = ORIENTED_EDGE ( 'NONE', *, *, #4529, .F. ) ;
#509 = EDGE_CURVE ( 'NONE', #4844, #192, #564, .T. ) ;
#510 = CARTESIAN_POINT ( 'NONE',  ( 6.843654862292566143, -6.588043952843572804, 4.604798479040192127 ) ) ;
#511 = CARTESIAN_POINT ( 'NONE',  ( 2.112679944503185858, 6.217977087222887000, 10.99407285475366791 ) ) ;
#512 = VECTOR ( 'NONE', #4564, 999.9999999999998863 ) ;
#513 = CARTESIAN_POINT ( 'NONE',  ( 7.148871875792691455, 4.128427668216752444, 6.468179606601646370 ) ) ;
#514 = AXIS2_PLACEMENT_3D ( 'NONE', #1412, #161, #3380 ) ;
#515 = VERTEX_POINT ( 'NONE', #180 ) ;
#516 = DIRECTION ( 'NONE',  ( -1.000000000000000000, -0.000000000000000000, -0.000000000000000000 ) ) ;
#517 = CARTESIAN_POINT ( 'NONE',  ( 0.3315128891686937029, -4.682579280612712225, 9.682869840886976220 ) ) ;
#518 = CARTESIAN_POINT ( 'NONE',  ( 3.121479018041604991, 10.52217629908308361, -6.714070457948927206 ) ) ;
#519 = EDGE_CURVE ( 'NONE', #1700, #1768, #1469, .T. ) ;
#520 = CARTESIAN_POINT ( 'NONE',  ( 0.4810029444423267186, -8.258360567908443528, -7.163693068912289519 ) ) ;
#521 = CARTESIAN_POINT ( 'NONE',  ( 6.233220831025898079, -8.632204623616006600, -1.529292397461850639 ) ) ;
#522 = ORIENTED_EDGE ( 'NONE', *, *, #3298, .T. ) ;
#523 = CARTESIAN_POINT ( 'NONE',  ( 2.636624412714237309, 2.277149844236439069, 12.86061556398350625 ) ) ;
#524 = CARTESIAN_POINT ( 'NONE',  ( 5.786827336177552183, -4.696569501847420725, 4.216112305996753129 ) ) ;
#525 = CARTESIAN_POINT ( 'NONE',  ( 5.811739754377838629, -2.789505952910208642, -5.689213472009301498 ) ) ;
#526 = ORIENTED_EDGE ( 'NONE', *, *, #2475, .T. ) ;
#527 = CARTESIAN_POINT ( 'NONE',  ( 0.4810029444423258860, 7.163693068912203366, 8.258360567908518135 ) ) ;
#528 = ORIENTED_EDGE ( 'NONE', *, *, #3442, .T. ) ;
#529 = LINE ( 'NONE', #4011, #1738 ) ;
#530 = CARTESIAN_POINT ( 'NONE',  ( 1.274928338747606471, 3.523465298218514619, 11.15790745183805655 ) ) ;
#531 = EDGE_CURVE ( 'NONE', #919, #2121, #3369, .T. ) ;
#532 = CARTESIAN_POINT ( 'NONE',  ( 7.148871875792690567, -7.555699621490346907, -1.338904651110632171 ) ) ;
#533 = ORIENTED_EDGE ( 'NONE', *, *, #1203, .T. ) ;
#534 = CARTESIAN_POINT ( 'NONE',  ( 2.636624412714150711, 11.01023197665845110, 7.025356639904252631 ) ) ;
#535 = ORIENTED_EDGE ( 'NONE', *, *, #1108, .F. ) ;
#536 = CARTESIAN_POINT ( 'NONE',  ( -21.42413736143699765, 0.000000000000000000, -9.500000000000000000 ) ) ;
#537 = CARTESIAN_POINT ( 'NONE',  ( 5.786827336177552183, 0.3397345412559150679, -6.302217744884591966 ) ) ;
#538 = CYLINDRICAL_SURFACE ( 'NONE', #2381, 5.000000000000000888 ) ;
#539 = CARTESIAN_POINT ( 'NONE',  ( 0.3020602839598329759, -8.033480627031194032, 7.135509872902281003 ) ) ;
#540 = ORIENTED_EDGE ( 'NONE', *, *, #1372, .T. ) ;
#541 = CARTESIAN_POINT ( 'NONE',  ( 0.3131398827181169353, 4.548249133634066688, 9.726272186705720912 ) ) ;
#542 = CARTESIAN_POINT ( 'NONE',  ( 6.794699092203797974, -5.756357825457299349, 4.540398586768022327 ) ) ;
#543 = CARTESIAN_POINT ( 'NONE',  ( 5.781280995375704279, 4.484618263300482077, -4.433192021009840111 ) ) ;
#544 = CARTESIAN_POINT ( 'NONE',  ( 5.780832915889893009, -2.223394623890762034, 5.900496416438871350 ) ) ;
#545 = CARTESIAN_POINT ( 'NONE',  ( 0.3020602839598329759, -3.518071585415832647, -10.15260973597730576 ) ) ;
#546 = ORIENTED_EDGE ( 'NONE', *, *, #3166, .F. ) ;
#547 = DIRECTION ( 'NONE',  ( -1.000000000000000000, -0.000000000000000000, -0.000000000000000000 ) ) ;
#548 = CARTESIAN_POINT ( 'NONE',  ( 7.148871875792691455, 0.000000000000000000, 0.000000000000000000 ) ) ;
#549 = CARTESIAN_POINT ( 'NONE',  ( 0.3178557125107202008, -3.962763750037836985, 9.985509058942897198 ) ) ;
#550 = ORIENTED_EDGE ( 'NONE', *, *, #3672, .T. ) ;
#551 = CARTESIAN_POINT ( 'NONE',  ( 5.803399891413411282, -4.194046184752177275, 4.738439648951724870 ) ) ;
#552 = VERTEX_POINT ( 'NONE', #3002 ) ;
#553 = CARTESIAN_POINT ( 'NONE',  ( 5.782469467446603950, -0.3217837849890413660, 6.298821222766588512 ) ) ;
#554 = CARTESIAN_POINT ( 'NONE',  ( 13.57761964090312645, -0.007131536758726313499, 0.01289128168725466039 ) ) ;
#555 = ORIENTED_EDGE ( 'NONE', *, *, #3706, .T. ) ;
#556 = CARTESIAN_POINT ( 'NONE',  ( 0.4959482244580784016, 9.767549806965092785, 4.882726802909709285 ) ) ;
#557 = VERTEX_POINT ( 'NONE', #541 ) ;
#558 = CARTESIAN_POINT ( 'NONE',  ( 13.56890048206675203, -0.009527064548372647657, -0.004541879518436073987 ) ) ;
#559 = CARTESIAN_POINT ( 'NONE',  ( 7.024951713254540486, 2.446422764143017403, 4.884600053424171584 ) ) ;
#560 = EDGE_CURVE ( 'NONE', #284, #3255, #816, .T. ) ;
#561 = CARTESIAN_POINT ( 'NONE',  ( 13.56890048206675203, -0.003525058140137939632, -0.009948245753774648259 ) ) ;
#562 = FACE_OUTER_BOUND ( 'NONE', #1139, .T. ) ;
#563 = VERTEX_POINT ( 'NONE', #3786 ) ;
#564 = LINE ( 'NONE', #618, #3209 ) ;
#565 = CARTESIAN_POINT ( 'NONE',  ( 3.121479018041795062, 2.176329733854026394, 12.29058684818689606 ) ) ;
#566 = CARTESIAN_POINT ( 'NONE',  ( 13.56890048206675203, -0.009527064548373103889, 0.004541879518436859817 ) ) ;
#567 = CARTESIAN_POINT ( 'NONE',  ( 0.3143387148471937786, -4.403266153578033304, 9.794403929783140228 ) ) ;
#568 = VERTEX_POINT ( 'NONE', #724 ) ;
#569 = CARTESIAN_POINT ( 'NONE',  ( 2.636624412714557053, -11.01023197665849906, -7.025356639905028011 ) ) ;
#570 = CARTESIAN_POINT ( 'NONE',  ( 7.148871875792691455, 0.000000000000000000, 0.000000000000000000 ) ) ;
#571 = EDGE_CURVE ( 'NONE', #1043, #4501, #1058, .T. ) ;
#572 = ORIENTED_EDGE ( 'NONE', *, *, #633, .T. ) ;
#573 = B_SPLINE_CURVE_WITH_KNOTS ( 'NONE', 3,
 ( #3893, #1131, #2693, #1527, #1060, #4628 ),
 .UNSPECIFIED., .F., .F.,
 ( 4, 2, 4 ),
 ( 1.939479807224432123E-18, 0.0009821026408563919303, 0.001964205281712781692 ),
 .UNSPECIFIED. ) ;
#574 = CARTESIAN_POINT ( 'NONE',  ( 0.3178557125107202008, -4.258724049286319868, 9.862918289070174538 ) ) ;
#575 = ORIENTED_EDGE ( 'NONE', *, *, #3335, .T. ) ;
#576 = CARTESIAN_POINT ( 'NONE',  ( 13.57223985685982726, -0.01385793941728940236, -0.003724383110570991546 ) ) ;
#577 = ORIENTED_EDGE ( 'NONE', *, *, #3534, .F. ) ;
#578 = ORIENTED_EDGE ( 'NONE', *, *, #3755, .T. ) ;
#579 = EDGE_CURVE ( 'NONE', #172, #1118, #1295, .T. ) ;
#580 = CARTESIAN_POINT ( 'NONE',  ( 0.3723593555270008348, 8.167247258480793803, -7.101161141706750612 ) ) ;
#581 = ORIENTED_EDGE ( 'NONE', *, *, #700, .T. ) ;
#582 = CARTESIAN_POINT ( 'NONE',  ( 2.337031422897935862, 10.95265994159381151, 6.558618660728654959 ) ) ;
#583 = CARTESIAN_POINT ( 'NONE',  ( 7.148871875792691455, -1.654454461926233799, -7.492932861594813865 ) ) ;
#584 = CARTESIAN_POINT ( 'NONE',  ( 13.56759717490972861, -0.008367065052335129205, -0.004612461923498426160 ) ) ;
#585 = CIRCLE ( 'NONE', #2145, 9.500000000000000000 ) ;
#586 = CARTESIAN_POINT ( 'NONE',  ( 0.4959482244580775134, -3.454091471063508667, -10.35930993710116788 ) ) ;
#587 = CARTESIAN_POINT ( 'NONE',  ( 0.3020602839598333644, 3.518071585416043590, -10.15260973597723115 ) ) ;
#588 = ORIENTED_EDGE ( 'NONE', *, *, #3033, .F. ) ;
#589 =( GEOMETRIC_REPRESENTATION_CONTEXT ( 3 ) GLOBAL_UNCERTAINTY_ASSIGNED_CONTEXT ( ( #163 ) ) GLOBAL_UNIT_ASSIGNED_CONTEXT ( ( #1903, #1226, #452 ) ) REPRESENTATION_CONTEXT ( 'NONE', 'WORKASPACE' ) );
#590 = CARTESIAN_POINT ( 'NONE',  ( 0.3148517337138187488, 7.733584433954118431, -7.450971743470360842 ) ) ;
#592 = B_SPLINE_CURVE_WITH_KNOTS ( 'NONE', 3,
 ( #13, #1574, #3144, #3856, #852, #3573 ),
 .UNSPECIFIED., .F., .F.,
 ( 4, 2, 4 ),
 ( 0.000000000000000000, 0.001669664777112797030, 0.003339329554225594059 ),
 .UNSPECIFIED. ) ;
#591 = CARTESIAN_POINT ( 'NONE',  ( 1.348381451710667589, 10.51833390579584737, 5.369304303943647660 ) ) ;
#593 = CARTESIAN_POINT ( 'NONE',  ( 13.56791779411215160, -0.009644201806883375902, 0.002256786506168723463 ) ) ;
#594 = AXIS2_PLACEMENT_3D ( 'NONE', #2112, #2555, #2917 ) ;
#595 = CONICAL_SURFACE ( 'NONE', #4776, 7.673412698073462934, 0.8735574070079478171 ) ;
#596 = CARTESIAN_POINT ( 'NONE',  ( 1.274844381333297472, -11.65685036737551350, 1.014663656568773442 ) ) ;
#597 = FACE_OUTER_BOUND ( 'NONE', #4509, .T. ) ;
#598 = ORIENTED_EDGE ( 'NONE', *, *, #2004, .F. ) ;
#599 = DIRECTION ( 'NONE',  ( 0.000000000000000000, 0.000000000000000000, -1.000000000000000000 ) ) ;
#600 = CARTESIAN_POINT ( 'NONE',  ( 0.4810029444423258860, 4.888303648767731602, -9.778727171396651485 ) ) ;
#601 = VECTOR ( 'NONE', #1759, 1000.000000000000114 ) ;
#602 = VECTOR ( 'NONE', #4890, 1000.000000000000114 ) ;
#603 = CARTESIAN_POINT ( 'NONE',  ( 5.888395157494902499, 5.734614693997613699, -2.870529954747988111 ) ) ;
#604 = ORIENTED_EDGE ( 'NONE', *, *, #2772, .T. ) ;
#605 = CARTESIAN_POINT ( 'NONE',  ( 5.599799548363812107, 0.000000000000000000, 0.000000000000000000 ) ) ;
#606 = CARTESIAN_POINT ( 'NONE',  ( 7.024951713254540486, -0.3909444054863148166, -5.448987474260474251 ) ) ;
#607 = CARTESIAN_POINT ( 'NONE',  ( 5.864710941409939871, 6.373362350405888499, 0.4503673637387496931 ) ) ;
#608 = ORIENTED_EDGE ( 'NONE', *, *, #2835, .T. ) ;
#609 = CARTESIAN_POINT ( 'NONE',  ( 5.110416117198999686, -8.283763480797459167, -5.790848467523169951 ) ) ;
#610 = EDGE_CURVE ( 'NONE', #2576, #2959, #1956, .T. ) ;
#611 = CARTESIAN_POINT ( 'NONE',  ( 0.3020602839598329759, 7.135509872902309425, 8.033480627031169163 ) ) ;
#612 =( BOUNDED_SURFACE ( )  B_SPLINE_SURFACE ( 3, 1, ( 
 ( #2926, #3004 ),
 ( #4497, #984 ),
 ( #2980, #4548 ),
 ( #3327, #4913 ) ),
 .UNSPECIFIED., .F., .F., .F. ) 
 B_SPLINE_SURFACE_WITH_KNOTS ( ( 4, 4 ),
 ( 2, 2 ),
 ( 0.000000000000000000, 1.000000000000000000 ),
 ( 0.000000000000000000, 1.000000000000000000 ),
 .UNSPECIFIED. ) 
 GEOMETRIC_REPRESENTATION_ITEM ( )  RATIONAL_B_SPLINE_SURFACE ( (
 ( 1.000000000000000000, 1.000000000000000000),
 ( 0.9928172745385618336, 0.8240640142147777070),
 ( 0.9928172745385618336, 0.8240640142147777070),
 ( 1.000000000000000000, 1.000000000000000000) ) ) 
 REPRESENTATION_ITEM ( '' )  SURFACE ( )  );
#613 = ADVANCED_FACE ( 'NONE', ( #1055 ), #4617, .F. ) ;
#614 = CARTESIAN_POINT ( 'NONE',  ( 5.829707808122726043, 0.4243191179187332240, -6.340077742575296327 ) ) ;
#615 = CARTESIAN_POINT ( 'NONE',  ( 5.888395157494900722, 4.846565907042609034, -4.199588886832978041 ) ) ;
#616 = CARTESIAN_POINT ( 'NONE',  ( 0.3723593555270010569, 3.435147222037785664, -10.26304929855518822 ) ) ;
#617 = ORIENTED_EDGE ( 'NONE', *, *, #2952, .T. ) ;
#618 = CARTESIAN_POINT ( 'NONE',  ( 6.937403657009209468, -5.361439418172279758, 0.2423880882165365958 ) ) ;
#619 = CARTESIAN_POINT ( 'NONE',  ( 2.666330941622472306, 11.13898844930133514, 7.314879667475654657 ) ) ;
#620 = CARTESIAN_POINT ( 'NONE',  ( 5.781056083966181092, 5.879858837943852556, -2.277939658901608322 ) ) ;
#621 = EDGE_CURVE ( 'NONE', #293, #1199, #4972, .T. ) ;
#622 = EDGE_CURVE ( 'NONE', #715, #4489, #931, .T. ) ;
#623 = CARTESIAN_POINT ( 'NONE',  ( 13.56890048206675203, -0.0005502997644802499078, 0.01053996198465919666 ) ) ;
#624 = CARTESIAN_POINT ( 'NONE',  ( 5.803399891413405065, -2.061471079583910626, 5.982739397185136809 ) ) ;
#625 = ORIENTED_EDGE ( 'NONE', *, *, #4485, .T. ) ;
#626 = CARTESIAN_POINT ( 'NONE',  ( 2.337031422898307120, -10.95265994159393230, -6.558618660729283789 ) ) ;
#627 = CARTESIAN_POINT ( 'NONE',  ( 5.781154568282830475, -5.867364170594981054, 2.310201025855721735 ) ) ;
#628 = CARTESIAN_POINT ( 'NONE',  ( 0.4810029444423268297, 0.7740468116849077429, -10.90503870641858164 ) ) ;
#629 = ADVANCED_FACE ( 'NONE', ( #5004 ), #2336, .F. ) ;
#630 = EDGE_CURVE ( 'NONE', #3983, #3808, #1720, .T. ) ;
#631 = CARTESIAN_POINT ( 'NONE',  ( 2.337031422897964283, -12.38234384694910339, 3.107056386513370683 ) ) ;
#632 = VERTEX_POINT ( 'NONE', #17 ) ;
#633 = EDGE_CURVE ( 'NONE', #4089, #3821, #1408, .T. ) ;
#634 = LINE ( 'NONE', #4217, #2717 ) ;
#635 = VERTEX_POINT ( 'NONE', #855 ) ;
#636 = B_SPLINE_CURVE_WITH_KNOTS ( 'NONE', 3,
 ( #3795, #5014, #997, #3036, #1917, #2551 ),
 .UNSPECIFIED., .F., .F.,
 ( 4, 2, 4 ),
 ( 1.742330095302998896E-18, 0.0002092284541179435223, 0.0004184569082358853098 ),
 .UNSPECIFIED. ) ;
#637 = PRESENTATION_STYLE_ASSIGNMENT (( #2578 ) ) ;
#638 = CARTESIAN_POINT ( 'NONE',  ( 0.3125344821672558226, -4.612074397232413858, -9.695757567516951170 ) ) ;
#639 = CARTESIAN_POINT ( 'NONE',  ( 0.3131398827181195443, 0.4799510588010428846, 10.72644339064184571 ) ) ;
#640 = EDGE_CURVE ( 'NONE', #4943, #4489, #882, .T. ) ;
#641 =( BOUNDED_SURFACE ( )  B_SPLINE_SURFACE ( 3, 1, ( 
 ( #770, #3098 ),
 ( #1256, #431 ),
 ( #2345, #1206 ),
 ( #2710, #1987 ) ),
 .UNSPECIFIED., .F., .F., .F. ) 
 B_SPLINE_SURFACE_WITH_KNOTS ( ( 4, 4 ),
 ( 2, 2 ),
 ( 0.000000000000000000, 1.000000000000000000 ),
 ( 0.000000000000000000, 1.000000000000000000 ),
 .UNSPECIFIED. ) 
 GEOMETRIC_REPRESENTATION_ITEM ( )  RATIONAL_B_SPLINE_SURFACE ( (
 ( 1.000000000000000000, 1.000000000000000000),
 ( 0.9928172745385618336, 0.8240640142147769298),
 ( 0.9928172745385618336, 0.8240640142147769298),
 ( 1.000000000000000000, 1.000000000000000000) ) ) 
 REPRESENTATION_ITEM ( '' )  SURFACE ( )  );
#642 = CARTESIAN_POINT ( 'NONE',  ( 0.3072101391086903277, 10.73124590139689083, -0.4801637145096478987 ) ) ;
#643 = CARTESIAN_POINT ( 'NONE',  ( 6.129644004586988437, 8.753977512189749177, -1.550825684904125534 ) ) ;
#644 = CARTESIAN_POINT ( 'NONE',  ( 13.57223985685982726, 0.007165506382016186351, 0.01243257948845914555 ) ) ;
#645 = B_SPLINE_CURVE_WITH_KNOTS ( 'NONE', 3,
 ( #3156, #911, #2831, #811, #3925, #2025 ),
 .UNSPECIFIED., .F., .F.,
 ( 4, 2, 4 ),
 ( 0.000000000000000000, 0.001669664777113405484, 0.003339329554226810968 ),
 .UNSPECIFIED. ) ;
#646 = EDGE_LOOP ( 'NONE', ( #974, #3239, #2132, #598 ) ) ;
#647 = CARTESIAN_POINT ( 'NONE',  ( 0.3131398827181169353, -10.09361082380419816, -3.661415213967293081 ) ) ;
#648 = CARTESIAN_POINT ( 'NONE',  ( 2.636624412714237309, 2.277149844236439069, 12.86061556398350625 ) ) ;
#649 = CARTESIAN_POINT ( 'NONE',  ( 5.888395157494901611, 4.199588886833029555, 4.846565907042564625 ) ) ;
#650 = ADVANCED_FACE ( 'NONE', ( #3120, #67 ), #4387, .F. ) ;
#651 = CARTESIAN_POINT ( 'NONE',  ( 2.337031956193304172, 10.25077584897167426, 7.609063422671769494 ) ) ;
#652 = CARTESIAN_POINT ( 'NONE',  ( 13.56890048206675203, 0.009948245753775534703, 0.003525058140137670316 ) ) ;
#653 = VERTEX_POINT ( 'NONE', #3576 ) ;
#654 = CARTESIAN_POINT ( 'NONE',  ( 0.8889325092158056885, -10.09901156504401598, -5.098551464040284031 ) ) ;
#655 = CARTESIAN_POINT ( 'NONE',  ( 13.56890048206675203, 0.004541879518436763540, 0.009527064548373147257 ) ) ;
#656 = CARTESIAN_POINT ( 'NONE',  ( 5.780373642321761984, 2.148066458206042917, -5.927710934927405972 ) ) ;
#657 = B_SPLINE_CURVE_WITH_KNOTS ( 'NONE', 3,
 ( #3761, #2535, #2174, #1407, #3376, #3789, #2151 ),
 .UNSPECIFIED., .F., .F.,
 ( 4, 3, 4 ),
 ( 2.130675477585755904E-16, 0.002265310746493334575, 0.007027290684749503032 ),
 .UNSPECIFIED. ) ;
#658 = CARTESIAN_POINT ( 'NONE',  ( 0.3072101391086899946, -0.4801637145096862014, 10.73124590139688905 ) ) ;
#659 = EDGE_LOOP ( 'NONE', ( #433, #3773, #3379, #3797 ) ) ;
#660 = CARTESIAN_POINT ( 'NONE',  ( 2.636624412714236865, 0.000000000000000000, 0.000000000000000000 ) ) ;
#661 = EDGE_LOOP ( 'NONE', ( #1681, #4320, #205, #4172 ) ) ;
#662 = ORIENTED_EDGE ( 'NONE', *, *, #4935, .T. ) ;
#663 = CARTESIAN_POINT ( 'NONE',  ( 5.786827336177550407, 6.302217744884598183, 0.3397345412558465116 ) ) ;
#664 = CARTESIAN_POINT ( 'NONE',  ( 1.274844381333359200, -7.525162389864814116, 8.960113494231515929 ) ) ;
#665 = CARTESIAN_POINT ( 'NONE',  ( 1.274844381333325671, 1.014663656568826511, 11.65685036737553126 ) ) ;
#666 = CARTESIAN_POINT ( 'NONE',  ( 0.3314483142510992186, 4.682398656365959866, 9.682885621342956384 ) ) ;
#667 = EDGE_CURVE ( 'NONE', #1942, #1853, #3781, .T. ) ;
#668 = DIRECTION ( 'NONE',  ( 0.7071067818211346223, 0.000000000000000000, -0.7071067805519603011 ) ) ;
#669 = CARTESIAN_POINT ( 'NONE',  ( 5.599799548363812107, 0.000000000000000000, -6.124340373424995043 ) ) ;
#670 = ORIENTED_EDGE ( 'NONE', *, *, #1229, .T. ) ;
#671 =( BOUNDED_SURFACE ( )  B_SPLINE_SURFACE ( 3, 1, ( 
 ( #655, #600 ),
 ( #4939, #2932 ),
 ( #214, #4578 ),
 ( #1063, #1040 ) ),
 .UNSPECIFIED., .F., .F., .F. ) 
 B_SPLINE_SURFACE_WITH_KNOTS ( ( 4, 4 ),
 ( 2, 2 ),
 ( 0.000000000000000000, 1.000000000000000000 ),
 ( 0.000000000000000000, 1.000000000000000000 ),
 .UNSPECIFIED. ) 
 GEOMETRIC_REPRESENTATION_ITEM ( )  RATIONAL_B_SPLINE_SURFACE ( (
 ( 1.000000000000000000, 1.000000000000000000),
 ( 0.7963945362475481904, 0.9530866181159202144),
 ( 0.7963945362475481904, 0.9530866181159202144),
 ( 1.000000000000000000, 1.000000000000000000) ) ) 
 REPRESENTATION_ITEM ( '' )  SURFACE ( )  );
#672 = CARTESIAN_POINT ( 'NONE',  ( 0.3131398827181169353, 7.245364211220661765, -7.924117507852290743 ) ) ;
#673 = LINE ( 'NONE', #4912, #2887 ) ;
#674 = CARTESIAN_POINT ( 'NONE',  ( 13.56759717490972861, -0.009495272909580954740, 0.001059421992559149081 ) ) ;
#675 = CARTESIAN_POINT ( 'NONE',  ( 13.57223985685982726, 0.008744085148803090041, -0.01137780687821915090 ) ) ;
#676 = AXIS2_PLACEMENT_3D ( 'NONE', #1433, #3864, #359 ) ;
#677 = CARTESIAN_POINT ( 'NONE',  ( 5.780373642321761096, -5.710436958037629296, -2.672612239964061942 ) ) ;
#678 = ORIENTED_EDGE ( 'NONE', *, *, #4863, .T. ) ;
#679 = CARTESIAN_POINT ( 'NONE',  ( 0.3315128891686927592, 3.535739363073031605, 10.15790648860274814 ) ) ;
#680 = CARTESIAN_POINT ( 'NONE',  ( 5.781256649740091014, -5.808922163571708985, 2.453467971396407599 ) ) ;
#681 = CARTESIAN_POINT ( 'NONE',  ( 0.3020602839598329759, 0.6349612095518070154, -10.72609604625727542 ) ) ;
#682 = EDGE_CURVE ( 'NONE', #2410, #1347, #2391, .T. ) ;
#683 = VECTOR ( 'NONE', #3684, 1000.000000000000114 ) ;
#684 = AXIS2_PLACEMENT_3D ( 'NONE', #4135, #4870, #599 ) ;
#685 = CARTESIAN_POINT ( 'NONE',  ( 0.4959482244580775134, -10.35930993710115366, 3.454091471063549523 ) ) ;
#686 = ORIENTED_EDGE ( 'NONE', *, *, #3713, .T. ) ;
#687 = ORIENTED_EDGE ( 'NONE', *, *, #2661, .T. ) ;
#688 = CIRCLE ( 'NONE', #3955, 7.673412698073462934 ) ;
#689 = CARTESIAN_POINT ( 'NONE',  ( 5.853692992411005491, 5.708839760993882351, 2.844470989099360914 ) ) ;
#690 = ORIENTED_EDGE ( 'NONE', *, *, #2275, .F. ) ;
#691 = ORIENTED_EDGE ( 'NONE', *, *, #294, .T. ) ;
#692 = EDGE_CURVE ( 'NONE', #4583, #1168, #4866, .T. ) ;
#693 = B_SPLINE_CURVE_WITH_KNOTS ( 'NONE', 3,
 ( #4314, #3659, #4440, #3979, #50, #1683, #2022, #1282, #3250, #864 ),
 .UNSPECIFIED., .F., .F.,
 ( 4, 3, 3, 4 ),
 ( 0.0002840031398894476934, 0.0003604098457935277829, 0.0004641886131672998475, 0.0005680047735601313069 ),
 .UNSPECIFIED. ) ;
#694 = EDGE_CURVE ( 'NONE', #2076, #844, #133, .T. ) ;
#695 = CARTESIAN_POINT ( 'NONE',  ( 0.4959482244580775134, -3.454091471063508667, -10.35930993710116788 ) ) ;
#696 = CARTESIAN_POINT ( 'NONE',  ( 7.148871875792691455, 6.289434997127012039, -4.395937880801886521 ) ) ;
#697 = CARTESIAN_POINT ( 'NONE',  ( 0.4959482244580775134, 4.882726802909806096, -9.767549806965043047 ) ) ;
#698 = CARTESIAN_POINT ( 'NONE',  ( 6.971778540990888118, 7.418297565503863211, -1.099349445369797618 ) ) ;
#699 = ADVANCED_FACE ( 'NONE', ( #4360 ), #189, .T. ) ;
#700 = EDGE_CURVE ( 'NONE', #4638, #3158, #488, .T. ) ;
#701 = CARTESIAN_POINT ( 'NONE',  ( 7.148871875792691455, 0.000000000000000000, 0.000000000000000000 ) ) ;
#702 = CARTESIAN_POINT ( 'NONE',  ( 5.816512944232866467, 2.797414860406759907, 5.690644339520841477 ) ) ;
#703 = ORIENTED_EDGE ( 'NONE', *, *, #4549, .F. ) ;
#704 = CARTESIAN_POINT ( 'NONE',  ( 0.3125344840682541259, -9.695757663334626741, -4.612074196817378180 ) ) ;
#705 = FACE_OUTER_BOUND ( 'NONE', #4899, .T. ) ;
#706 = CARTESIAN_POINT ( 'NONE',  ( 0.4810029444423267186, -3.458051635725271744, 10.37115695281027250 ) ) ;
#707 = CARTESIAN_POINT ( 'NONE',  ( 13.57761964090312645, 0.001655400923075170351, -0.01463911226355935243 ) ) ;
#708 = CARTESIAN_POINT ( 'NONE',  ( 0.4810029444423267186, 8.258360567908493266, 7.163693068912232675 ) ) ;
#709 = CARTESIAN_POINT ( 'NONE',  ( 5.780916678224959249, -4.329420894980475332, -4.584202115499931729 ) ) ;
#710 = CARTESIAN_POINT ( 'NONE',  ( 6.772577236260942435, 6.346876310171076341, -3.602976120425477546 ) ) ;
#711 = CARTESIAN_POINT ( 'NONE',  ( 5.791186417076198190, 5.962510982186138619, -2.082591733916557608 ) ) ;
#712 = CARTESIAN_POINT ( 'NONE',  ( 0.4959482244580810106, -8.248930841978852513, -7.155500697201190974 ) ) ;
#713 = ORIENTED_EDGE ( 'NONE', *, *, #63, .T. ) ;
#714 = DIRECTION ( 'NONE',  ( 0.7767995536391634204, -0.4645617045361212227, 0.4251645283234363748 ) ) ;
#715 = VERTEX_POINT ( 'NONE', #1652 ) ;
#716 = CARTESIAN_POINT ( 'NONE',  ( 0.3125344840682521275, -3.594707052580258910, -10.11716493239042514 ) ) ;
#717 = CARTESIAN_POINT ( 'NONE',  ( 5.807337495896445212, 4.746364433029345520, 4.191033775532332584 ) ) ;
#718 = CARTESIAN_POINT ( 'NONE',  ( 6.538437847175470274, 6.886653502536966620, -4.813658225705203186 ) ) ;
#719 = CARTESIAN_POINT ( 'NONE',  ( 5.814817957557504968, -5.999724438822288342, 2.047147966013662224 ) ) ;
#720 = CARTESIAN_POINT ( 'NONE',  ( 0.3138244244576128827, 7.870646248935465827, 7.304859161545203428 ) ) ;
#721 = B_SPLINE_CURVE_WITH_KNOTS ( 'NONE', 3,
 ( #807, #1087, #5038, #5011, #3923, #3082, #4656, #2253, #3480, #336, #1530, #4631, #387, #3105, #3816, #1869 ),
 .UNSPECIFIED., .F., .F.,
 ( 4, 3, 3, 3, 3, 4 ),
 ( 8.673617379884035472E-19, 5.657295309880032858E-05, 0.0001131630509227246964, 0.0001409051504070632217, 0.0001974894552757136871, 0.0002472425787896190448 ),
 .UNSPECIFIED. ) ;
#722 = CARTESIAN_POINT ( 'NONE',  ( 0.3131398827181195443, -4.548249133634135966, 9.726272186705694267 ) ) ;
#723 = CARTESIAN_POINT ( 'NONE',  ( 7.148871875792689679, -6.468179606601662357, 4.128427668216727575 ) ) ;
#724 = CARTESIAN_POINT ( 'NONE',  ( 0.4959482244580784016, 9.767549806965092785, 4.882726802909709285 ) ) ;
#725 = EDGE_CURVE ( 'NONE', #172, #1392, #3218, .T. ) ;
#726 = CARTESIAN_POINT ( 'NONE',  ( 5.782469467446609279, -5.696210683342713743, -2.707743978227801662 ) ) ;
#727 = CARTESIAN_POINT ( 'NONE',  ( 0.3125344840682521275, 0.5505951308780188125, -10.72267644130485920 ) ) ;
#728 = CARTESIAN_POINT ( 'NONE',  ( 0.000000000000000000, 1.163414459189985288E-15, 9.500000000000000000 ) ) ;
#729 = CARTESIAN_POINT ( 'NONE',  ( 0.3723593555270010569, 8.167247258480697880, 7.101161141706866076 ) ) ;
#730 = CARTESIAN_POINT ( 'NONE',  ( 0.3151931105838691183, -4.073071666350896791, -9.936937531777566335 ) ) ;
#731 = UNCERTAINTY_MEASURE_WITH_UNIT (LENGTH_MEASURE( 1.000000000000000082E-05 ), #818, 'distance_accuracy_value', 'NONE');
#732 = CARTESIAN_POINT ( 'NONE',  ( 5.888395157494902499, 5.734614693997613699, -2.870529954747988111 ) ) ;
#733 = CARTESIAN_POINT ( 'NONE',  ( 5.841349233018255482, 6.034141197522612465, -2.028237361566928687 ) ) ;
#734 = EDGE_CURVE ( 'NONE', #2749, #320, #2296, .T. ) ;
#735 = CARTESIAN_POINT ( 'NONE',  ( 0.3150652326283242544, 0.1197592169406433982, -10.73843321479778012 ) ) ;
#736 = EDGE_LOOP ( 'NONE', ( #862, #380, #1323, #4464 ) ) ;
#737 = CARTESIAN_POINT ( 'NONE',  ( 5.811739754377835965, -5.995360001138694273, -2.050402850212577288 ) ) ;
#738 = ORIENTED_EDGE ( 'NONE', *, *, #2582, .T. ) ;
#739 = FACE_OUTER_BOUND ( 'NONE', #1379, .T. ) ;
#740 = CARTESIAN_POINT ( 'NONE',  ( 5.803399891414156464, 4.738439648953237437, 4.194046184751589301 ) ) ;
#741 = CARTESIAN_POINT ( 'NONE',  ( 5.888395157494902499, -5.734614693997590607, 2.870529954748030299 ) ) ;
#742 = ADVANCED_FACE ( 'NONE', ( #4407 ), #4648, .F. ) ;
#743 = CARTESIAN_POINT ( 'NONE',  ( 5.876541064897889299, -6.073058281062077235, 2.022823399216525875 ) ) ;
#744 = CARTESIAN_POINT ( 'NONE',  ( 0.3151928467770718223, 7.594043166456703631, 7.593519572862806655 ) ) ;
#745 = CARTESIAN_POINT ( 'NONE',  ( 13.56759717490972861, -0.005965047388504966276, 0.007463296338658274506 ) ) ;
#746 = CARTESIAN_POINT ( 'NONE',  ( 5.811739754377839517, 2.789505952910249054, 5.689213472009280181 ) ) ;
#747 = CARTESIAN_POINT ( 'NONE',  ( 13.56676982392279740, 0.002030351497555035918, 0.009110965078868590861 ) ) ;
#748 = CARTESIAN_POINT ( 'NONE',  ( 0.4959482244580818433, -4.882726802909600927, -9.767549806965147852 ) ) ;
#749 =( BOUNDED_SURFACE ( )  B_SPLINE_SURFACE ( 3, 1, ( 
 ( #4127, #934 ),
 ( #982, #4930 ),
 ( #4953, #4911 ),
 ( #3683, #3350 ) ),
 .UNSPECIFIED., .F., .F., .F. ) 
 B_SPLINE_SURFACE_WITH_KNOTS ( ( 4, 4 ),
 ( 2, 2 ),
 ( 0.000000000000000000, 1.000000000000000000 ),
 ( 0.000000000000000000, 1.000000000000000000 ),
 .UNSPECIFIED. ) 
 GEOMETRIC_REPRESENTATION_ITEM ( )  RATIONAL_B_SPLINE_SURFACE ( (
 ( 1.000000000000000000, 1.000000000000000000),
 ( 0.7963945362475481904, 0.9530866181159202144),
 ( 0.7963945362475481904, 0.9530866181159202144),
 ( 1.000000000000000000, 1.000000000000000000) ) ) 
 REPRESENTATION_ITEM ( '' )  SURFACE ( )  );
#750 = CARTESIAN_POINT ( 'NONE',  ( 13.58175377392158367, -0.001633601598410938790, -0.01118491811001064325 ) ) ;
#751 = CARTESIAN_POINT ( 'NONE',  ( 6.772577236260943323, -1.940230431068104222, 7.035608125480297126 ) ) ;
#752 = CARTESIAN_POINT ( 'NONE',  ( 6.119568941886142532, 6.312652765775315977, 2.072520970172391230 ) ) ;
#753 = CARTESIAN_POINT ( 'NONE',  ( 0.4460862896348333217, 4.855342691162369384, -9.725493979194622440 ) ) ;
#754 = CARTESIAN_POINT ( 'NONE',  ( 5.781270762665190688, 0.02915406026614629845, 6.305761040849151122 ) ) ;
#755 = CARTESIAN_POINT ( 'NONE',  ( 0.3148517337138158068, -9.843314926783017782, -4.293536930231518944 ) ) ;
#756 = CARTESIAN_POINT ( 'NONE',  ( 6.119568941886142532, 4.330507332778634755, -5.039011247636330459 ) ) ;
#757 = VERTEX_POINT ( 'NONE', #2115 ) ;
#758 = ORIENTED_EDGE ( 'NONE', *, *, #621, .F. ) ;
#759 = CARTESIAN_POINT ( 'NONE',  ( 13.57223985685982726, -0.01137780687821918560, -0.008744085148803051877 ) ) ;
#760 = ORIENTED_EDGE ( 'NONE', *, *, #4370, .T. ) ;
#761 = STYLED_ITEM ( 'NONE', ( #637 ), #2979 ) ;
#762 = AXIS2_PLACEMENT_3D ( 'NONE', #3803, #3045, #350 ) ;
#763 = VECTOR ( 'NONE', #4894, 1000.000000000000114 ) ;
#764 = CARTESIAN_POINT ( 'NONE',  ( 7.148871875792691455, 1.654454461926289754, 7.492932861594800542 ) ) ;
#765 = CARTESIAN_POINT ( 'NONE',  ( 5.837519771179518813, -4.793737122524492023, -4.182817180819685454 ) ) ;
#766 = CARTESIAN_POINT ( 'NONE',  ( 5.888395157494901611, -2.025213741016170133, -6.084756134219193591 ) ) ;
#767 = CARTESIAN_POINT ( 'NONE',  ( 2.666330941622472306, 7.491800182702091249, -11.02077394041734770 ) ) ;
#768 = CARTESIAN_POINT ( 'NONE',  ( 0.8889338621414283326, 0.8457231836475440634, 11.28140259648753485 ) ) ;
#769 = CARTESIAN_POINT ( 'NONE',  ( 0.3143374579902211696, 7.816376565289103517, 7.363648271516126442 ) ) ;
#770 = CARTESIAN_POINT ( 'NONE',  ( 13.56759717490972861, 0.009177911541206312807, 0.002654905333064041129 ) ) ;
#771 = CARTESIAN_POINT ( 'NONE',  ( 0.3149798893762164598, 9.981679928039650207, -3.961581312061562166 ) ) ;
#772 = VERTEX_POINT ( 'NONE', #1703 ) ;
#773 = CARTESIAN_POINT ( 'NONE',  ( 2.636624412713941989, -2.277149844232805087, 12.86061556398174588 ) ) ;
#774 = DIRECTION ( 'NONE',  ( -1.000000000000000000, -0.000000000000000000, -0.000000000000000000 ) ) ;
#775 = EDGE_CURVE ( 'NONE', #1488, #552, #3891, .T. ) ;
#776 = CARTESIAN_POINT ( 'NONE',  ( 0.3072101391086899946, -3.663056587010351528, 10.09812914501193148 ) ) ;
#777 = B_SPLINE_CURVE_WITH_KNOTS ( 'NONE', 3,
 ( #5029, #4252, #1448, #225, #2607, #2243 ),
 .UNSPECIFIED., .F., .F.,
 ( 4, 2, 4 ),
 ( 0.000000000000000000, 0.001669664777114749678, 0.003339329554229499356 ),
 .UNSPECIFIED. ) ;
#778 = CARTESIAN_POINT ( 'NONE',  ( 0.4959482244580775134, 8.248930841979001727, -7.155500697201016003 ) ) ;
#779 = CARTESIAN_POINT ( 'NONE',  ( 0.3131398827181169353, -10.09361082380424790, 3.661415213967150528 ) ) ;
#780 = CARTESIAN_POINT ( 'NONE',  ( 35.00005079999999680, 6.123233995736767268E-16, -5.000000000000000888 ) ) ;
#781 =( BOUNDED_SURFACE ( )  B_SPLINE_SURFACE ( 3, 1, ( 
 ( #561, #4072 ),
 ( #4517, #2119 ),
 ( #2478, #4828 ),
 ( #3323, #4098 ) ),
 .UNSPECIFIED., .F., .F., .F. ) 
 B_SPLINE_SURFACE_WITH_KNOTS ( ( 4, 4 ),
 ( 2, 2 ),
 ( 0.000000000000000000, 1.000000000000000000 ),
 ( 0.000000000000000000, 1.000000000000000000 ),
 .UNSPECIFIED. ) 
 GEOMETRIC_REPRESENTATION_ITEM ( )  RATIONAL_B_SPLINE_SURFACE ( (
 ( 1.000000000000000000, 1.000000000000000000),
 ( 0.9928172745385618336, 0.8240640142147777070),
 ( 0.9928172745385618336, 0.8240640142147777070),
 ( 1.000000000000000000, 1.000000000000000000) ) ) 
 REPRESENTATION_ITEM ( '' )  SURFACE ( )  );
#782 = B_SPLINE_CURVE_WITH_KNOTS ( 'NONE', 3,
 ( #2195, #254, #1432, #1383 ),
 .UNSPECIFIED., .F., .F.,
 ( 4, 4 ),
 ( 1.301042606982605321E-18, 0.001963989672852249797 ),
 .UNSPECIFIED. ) ;
#783 = CARTESIAN_POINT ( 'NONE',  ( 5.829707808122728707, 6.019847957358956059, -2.034222963691843411 ) ) ;
#784 = CARTESIAN_POINT ( 'NONE',  ( 0.3131398827181178235, -4.548249133633993857, -9.726272186705756440 ) ) ;
#785 = ORIENTED_EDGE ( 'NONE', *, *, #4907, .F. ) ;
#786 = VERTEX_POINT ( 'NONE', #2918 ) ;
#787 = CARTESIAN_POINT ( 'NONE',  ( 0.3143374579902205035, -10.73389850068519635, 0.3201272465618327234 ) ) ;
#788 = EDGE_CURVE ( 'NONE', #390, #563, #3731, .T. ) ;
#789 = ADVANCED_FACE ( 'NONE', ( #2867 ), #3720, .F. ) ;
#790 = CARTESIAN_POINT ( 'NONE',  ( 13.58175377392158367, -0.009708364647855537155, -0.005789533934111101322 ) ) ;
#791 = DIRECTION ( 'NONE',  ( 0.7672866406251409588, 0.6397292168534390866, 0.04491926337632053817 ) ) ;
#792 = ORIENTED_EDGE ( 'NONE', *, *, #1515, .T. ) ;
#793 = CARTESIAN_POINT ( 'NONE',  ( 7.148871875792690567, 6.468179606601633935, 4.128427668216773760 ) ) ;
#794 = CARTESIAN_POINT ( 'NONE',  ( 0.8889338621415189268, -8.575172875435745468, -7.379139679108099870 ) ) ;
#795 = CARTESIAN_POINT ( 'NONE',  ( 0.3146807352246324130, 4.330111669744020730, -9.827012004735367512 ) ) ;
#796 = FACE_OUTER_BOUND ( 'NONE', #3664, .T. ) ;
#797 = CARTESIAN_POINT ( 'NONE',  ( 13.58175377392158367, 0.009708364647855577054, 0.005789533934111032801 ) ) ;
#798 = ORIENTED_EDGE ( 'NONE', *, *, #2752, .T. ) ;
#799 = EDGE_CURVE ( 'NONE', #2504, #4472, #2985, .T. ) ;
#800 = CARTESIAN_POINT ( 'NONE',  ( 0.4959482244580827315, -3.454091471063659657, 10.35930993710111991 ) ) ;
#801 = CARTESIAN_POINT ( 'NONE',  ( 2.636624412714309251, -12.86061556398354355, -2.277149844236645571 ) ) ;
#802 = CARTESIAN_POINT ( 'NONE',  ( 6.971778540990892559, -7.274316105970087598, -1.823193123017871953 ) ) ;
#803 = ORIENTED_EDGE ( 'NONE', *, *, #2969, .F. ) ;
#804 = FACE_OUTER_BOUND ( 'NONE', #736, .T. ) ;
#805 = CARTESIAN_POINT ( 'NONE',  ( 0.3143387148471936121, -10.03926879299406849, 3.812110079865579593 ) ) ;
#806 = EDGE_CURVE ( 'NONE', #3364, #3150, #972, .T. ) ;
#807 = CARTESIAN_POINT ( 'NONE',  ( 5.888395157494903387, 6.084756134219172274, 2.025213741016238522 ) ) ;
#808 = B_SPLINE_CURVE_WITH_KNOTS ( 'NONE', 3,
 ( #1201, #36, #5073, #4300, #1230, #2784, #1870 ),
 .UNSPECIFIED., .F., .F.,
 ( 4, 3, 4 ),
 ( 3.106369212182815469E-16, 0.002265310746493349753, 0.007027290684749720739 ),
 .UNSPECIFIED. ) ;
#809 = B_SPLINE_CURVE_WITH_KNOTS ( 'NONE', 3,
 ( #569, #626, #3281, #989, #654, #1039 ),
 .UNSPECIFIED., .F., .F.,
 ( 4, 2, 4 ),
 ( 0.000000000000000000, 0.001669664777114703274, 0.003339329554229406548 ),
 .UNSPECIFIED. ) ;
#810 = CARTESIAN_POINT ( 'NONE',  ( 5.780373642321761984, -2.672612239963959802, -5.710436958037678146 ) ) ;
#811 = CARTESIAN_POINT ( 'NONE',  ( 1.274928338747769008, 1.014688849143700500, -11.65693411455004380 ) ) ;
#812 = CARTESIAN_POINT ( 'NONE',  ( 13.56890048206675203, -0.007841999287951196412, -0.007063757897651696399 ) ) ;
#813 = ORIENTED_EDGE ( 'NONE', *, *, #3918, .T. ) ;
#814 = ORIENTED_EDGE ( 'NONE', *, *, #2012, .F. ) ;
#815 = CARTESIAN_POINT ( 'NONE',  ( 5.789276915956098613, -5.958762355144896716, -2.087527567108813376 ) ) ;
#816 = B_SPLINE_CURVE_WITH_KNOTS ( 'NONE', 3,
 ( #3658, #3759, #4101, #1334, #590, #4151, #252, #2149, #1815, #153, #1711, #3273, #4860, #2219, #1475, #672 ),
 .UNSPECIFIED., .F., .F.,
 ( 4, 3, 3, 3, 3, 4 ),
 ( 2.453269466693398698E-18, 0.0002402807489491026564, 0.0003604046903941021175, 0.0004805286307080683232, 0.0007203409650750138048, 0.0009603276570517848025 ),
 .UNSPECIFIED. ) ;
#817 = CARTESIAN_POINT ( 'NONE',  ( 5.888395157494900722, 2.025213741016214986, 6.084756134219177603 ) ) ;
#818 =( LENGTH_UNIT ( ) NAMED_UNIT ( * ) SI_UNIT ( .MILLI., .METRE. ) );
#819 = ORIENTED_EDGE ( 'NONE', *, *, #3857, .F. ) ;
#820 = CARTESIAN_POINT ( 'NONE',  ( 5.861834570473748229, 2.022962091129711482, -6.057513942877606361 ) ) ;
#821 = CARTESIAN_POINT ( 'NONE',  ( 0.4959482244580810106, 4.882726802909672870, 9.767549806965110548 ) ) ;
#822 = CARTESIAN_POINT ( 'NONE',  ( 0.3315128891686954238, 9.682869840886995760, 4.682579280612677586 ) ) ;
#823 = CARTESIAN_POINT ( 'NONE',  ( 7.148871875792691455, 0.000000000000000000, 0.000000000000000000 ) ) ;
#824 = CARTESIAN_POINT ( 'NONE',  ( 2.636624412714652976, -2.277149844236914245, -12.86061556398384198 ) ) ;
#825 = CARTESIAN_POINT ( 'NONE',  ( 6.233220831025898079, -4.716283639483269674, 7.389882308457598192 ) ) ;
#826 = VERTEX_POINT ( 'NONE', #1375 ) ;
#827 = DIRECTION ( 'NONE',  ( -1.000000000000000000, -0.000000000000000000, -0.000000000000000000 ) ) ;
#828 = CARTESIAN_POINT ( 'NONE',  ( 5.829707808122727819, 2.818262460288591509, -5.695088164432412725 ) ) ;
#829 = EDGE_CURVE ( 'NONE', #919, #2238, #1331, .T. ) ;
#830 = CARTESIAN_POINT ( 'NONE',  ( 2.636624412713862053, 7.483640378889235834, 10.70401657216198110 ) ) ;
#831 = ORIENTED_EDGE ( 'NONE', *, *, #4794, .F. ) ;
#832 = CARTESIAN_POINT ( 'NONE',  ( 0.3131398827181169353, 10.72644339064184393, 0.4799510588010812429 ) ) ;
#833 = CARTESIAN_POINT ( 'NONE',  ( 5.876541064898161082, -4.192903924371259805, -4.836673244141065808 ) ) ;
#834 = CARTESIAN_POINT ( 'NONE',  ( 13.56759717490972861, 0.009177911541206311072, 0.002654905333064041563 ) ) ;
#835 = CARTESIAN_POINT ( 'NONE',  ( 5.780373642321761984, 2.148066458206042917, -5.927710934927405972 ) ) ;
#836 = CARTESIAN_POINT ( 'NONE',  ( 3.606333622658858928, -11.62264702976220931, -2.567742031803230240 ) ) ;
#837 = CARTESIAN_POINT ( 'NONE',  ( 0.3149798893762134622, 0.1597996450390178902, -10.73790131968768513 ) ) ;
#838 = ORIENTED_EDGE ( 'NONE', *, *, #5071, .F. ) ;
#839 = CARTESIAN_POINT ( 'NONE',  ( 2.636624412714579258, -7.483640378888317457, -10.70401657216404701 ) ) ;
#840 = CARTESIAN_POINT ( 'NONE',  ( 0.3146794788796307141, -10.73602942569057639, 0.2401607822032441053 ) ) ;
#841 = EDGE_CURVE ( 'NONE', #4887, #1347, #4826, .T. ) ;
#842 = VECTOR ( 'NONE', #4588, 999.9999999999998863 ) ;
#843 = CARTESIAN_POINT ( 'NONE',  ( 0.3315128891686930923, 7.153859750539792728, 8.031613022574527250 ) ) ;
#844 = VERTEX_POINT ( 'NONE', #2556 ) ;
#845 = DIRECTION ( 'NONE',  ( 0.7672866406251407367, -0.5738428719122069532, -0.2863137605385678297 ) ) ;
#846 = CARTESIAN_POINT ( 'NONE',  ( 2.636624412714309251, -12.86061556398354355, -2.277149844236645571 ) ) ;
#847 = CARTESIAN_POINT ( 'NONE',  ( 13.58175377392158367, 0.002771031772011746386, -0.01095866918145065039 ) ) ;
#848 = EDGE_CURVE ( 'NONE', #1361, #3387, #927, .T. ) ;
#849 = CARTESIAN_POINT ( 'NONE',  ( 13.56759717490972861, 0.002654905333064009904, -0.009177911541206321480 ) ) ;
#850 = ADVANCED_FACE ( 'NONE', ( #2897 ), #1107, .F. ) ;
#851 = VECTOR ( 'NONE', #3136, 999.9999999999998863 ) ;
#852 = CARTESIAN_POINT ( 'NONE',  ( 0.8889325092153123054, -0.8457229338763532223, 11.28140125788744363 ) ) ;
#853 = CARTESIAN_POINT ( 'NONE',  ( 0.3146794788796329345, 9.826892294381433857, -4.330380221785285144 ) ) ;
#854 = ORIENTED_EDGE ( 'NONE', *, *, #2952, .F. ) ;
#855 = CARTESIAN_POINT ( 'NONE',  ( 0.4959482244580818433, -4.882726802909600927, -9.767549806965147852 ) ) ;
#856 = CONICAL_SURFACE ( 'NONE', #338, 13.06066017082141251, 0.7853981625000066025 ) ;
#857 = EDGE_CURVE ( 'NONE', #4042, #653, #1148, .T. ) ;
#858 = DIRECTION ( 'NONE',  ( 0.000000000000000000, 0.000000000000000000, -1.000000000000000000 ) ) ;
#859 = EDGE_CURVE ( 'NONE', #757, #451, #2118, .T. ) ;
#860 = EDGE_CURVE ( 'NONE', #4937, #2832, #4644, .T. ) ;
#861 = CARTESIAN_POINT ( 'NONE',  ( 1.348381451710669143, 3.640913748000092376, -11.23425671514525348 ) ) ;
#862 = ORIENTED_EDGE ( 'NONE', *, *, #4707, .T. ) ;
#863 = CARTESIAN_POINT ( 'NONE',  ( 13.57223985685982726, 0.003724383110570835854, 0.01385793941728843438 ) ) ;
#864 = CARTESIAN_POINT ( 'NONE',  ( 5.780373642321761984, 0.2838821314356544390, -6.298520252597378466 ) ) ;
#865 = CARTESIAN_POINT ( 'NONE',  ( 0.3143374579902203925, -7.816376565289054668, -7.363648271516180621 ) ) ;
#866 = B_SPLINE_CURVE_WITH_KNOTS ( 'NONE', 3,
 ( #2494, #3259, #2838, #3670, #4817, #4401, #1291 ),
 .UNSPECIFIED., .F., .F.,
 ( 4, 3, 4 ),
 ( 0.000000000000000000, 0.001426018004565556734, 0.007027290684763017395 ),
 .UNSPECIFIED. ) ;
#867 = CARTESIAN_POINT ( 'NONE',  ( 5.110416117199111596, -5.437137764215250080, -8.520105416751054150 ) ) ;
#868 = CARTESIAN_POINT ( 'NONE',  ( 5.110416117198935737, -9.869261299931197939, -2.179987333286862228 ) ) ;
#869 = VERTEX_POINT ( 'NONE', #1100 ) ;
#870 = ORIENTED_EDGE ( 'NONE', *, *, #4077, .F. ) ;
#871 = CARTESIAN_POINT ( 'NONE',  ( 5.780252906077847364, 4.239045270294256262, 4.667041023218050810 ) ) ;
#872 =( BOUNDED_SURFACE ( )  B_SPLINE_SURFACE ( 3, 1, ( 
 ( #2584, #3372 ),
 ( #644, #2191 ),
 ( #1812, #403 ),
 ( #1547, #486 ) ),
 .UNSPECIFIED., .F., .F., .F. ) 
 B_SPLINE_SURFACE_WITH_KNOTS ( ( 4, 4 ),
 ( 2, 2 ),
 ( 0.000000000000000000, 1.000000000000000000 ),
 ( 0.000000000000000000, 1.000000000000000000 ),
 .UNSPECIFIED. ) 
 GEOMETRIC_REPRESENTATION_ITEM ( )  RATIONAL_B_SPLINE_SURFACE ( (
 ( 1.000000000000000000, 1.000000000000000000),
 ( 0.7963945362475481904, 0.9530866181159202144),
 ( 0.7963945362475481904, 0.9530866181159202144),
 ( 1.000000000000000000, 1.000000000000000000) ) ) 
 REPRESENTATION_ITEM ( '' )  SURFACE ( )  );
#873 = CARTESIAN_POINT ( 'NONE',  ( 5.807337495895636970, 0.3926780737154953460, 6.319694879437749435 ) ) ;
#874 = ORIENTED_EDGE ( 'NONE', *, *, #2764, .F. ) ;
#875 = CARTESIAN_POINT ( 'NONE',  ( 5.875108777300272145, 2.022534582769003109, -6.071644871316959957 ) ) ;
#876 = CARTESIAN_POINT ( 'NONE',  ( 1.999780352464283872, -12.33161891578529179, -1.526540896403858039 ) ) ;
#877 = B_SPLINE_CURVE_WITH_KNOTS ( 'NONE', 3,
 ( #2157, #1388, #2956, #4528, #1483, #2378, #2328, #3953, #1133, #1505, #2695, #3922, #5009, #2277, #833, #3502 ),
 .UNSPECIFIED., .F., .F.,
 ( 4, 3, 3, 3, 3, 4 ),
 ( 0.000000000000000000, 5.634548159702485658E-05, 0.0001127033737023992477, 0.0001403741958216242914, 0.0001969210919206309314, 0.0002472485937299646495 ),
 .UNSPECIFIED. ) ;
#878 = CARTESIAN_POINT ( 'NONE',  ( 5.034355368874798842, -9.957928776183180730, 2.199597834629158921 ) ) ;
#879 = CARTESIAN_POINT ( 'NONE',  ( 0.4810029444423286060, 0.7740468116847555313, 10.90503870641859585 ) ) ;
#880 = CARTESIAN_POINT ( 'NONE',  ( 5.781154568282834916, 5.782411804005404221, 2.515294181431964926 ) ) ;
#881 = CARTESIAN_POINT ( 'NONE',  ( 5.781154568282830475, 4.379690503513933741, 4.536662008974928995 ) ) ;
#882 = B_SPLINE_CURVE_WITH_KNOTS ( 'NONE', 3,
 ( #4723, #510, #2063, #119, #3194, #2450, #4697 ),
 .UNSPECIFIED., .F., .F.,
 ( 4, 3, 4 ),
 ( 0.000000000000000000, 0.001426018004565437038, 0.007027290684762490039 ),
 .UNSPECIFIED. ) ;
#883 = FACE_OUTER_BOUND ( 'NONE', #2440, .T. ) ;
#884 = ORIENTED_EDGE ( 'NONE', *, *, #2647, .T. ) ;
#885 = EDGE_CURVE ( 'NONE', #1355, #43, #3963, .T. ) ;
#886 = CARTESIAN_POINT ( 'NONE',  ( 1.999780352464406663, 9.799198777966038776, -7.640343938754281083 ) ) ;
#887 = CARTESIAN_POINT ( 'NONE',  ( 5.888395157494900722, -4.846565907042580612, 4.199588886833011792 ) ) ;
#888 = CARTESIAN_POINT ( 'NONE',  ( 0.3072101391086903277, -7.248609728848525613, -7.927663766067643003 ) ) ;
#889 = CARTESIAN_POINT ( 'NONE',  ( 5.110416117198909980, 5.437137764215450808, 8.520105416751226457 ) ) ;
#890 = CARTESIAN_POINT ( 'NONE',  ( 6.937403657009209468, -5.361439418172276206, -0.2423880882166115081 ) ) ;
#891 = EDGE_LOOP ( 'NONE', ( #926, #2616, #2547, #1695 ) ) ;
#892 = CARTESIAN_POINT ( 'NONE',  ( 7.148871875792691455, 0.000000000000000000, 0.000000000000000000 ) ) ;
#893 = CARTESIAN_POINT ( 'NONE',  ( 13.56759717490972861, 0.008367065052335165634, -0.004612461923499362910 ) ) ;
#894 = ADVANCED_FACE ( 'NONE', ( #4643 ), #4414, .F. ) ;
#895 = CARTESIAN_POINT ( 'NONE',  ( 5.785401201709519547, 0.3334692589278704933, 6.301124235432367549 ) ) ;
#896 = ORIENTED_EDGE ( 'NONE', *, *, #2613, .T. ) ;
#897 = CARTESIAN_POINT ( 'NONE',  ( 5.780373642321761984, -2.148066458205919016, -5.927710934927450381 ) ) ;
#898 = CARTESIAN_POINT ( 'NONE',  ( 1.274844381333501975, -8.960113494231622511, -7.525162389864894052 ) ) ;
#899 = CARTESIAN_POINT ( 'NONE',  ( 13.56890048206675203, 0.003525058140137868942, 0.009948245753774670810 ) ) ;
#900 = CARTESIAN_POINT ( 'NONE',  ( 13.56791779411215160, -0.001605677387582899601, 0.009773715463083762836 ) ) ;
#901 = CARTESIAN_POINT ( 'NONE',  ( 0.3178557125107202008, 4.258724049286384705, -9.862918289070146116 ) ) ;
#902 = ORIENTED_EDGE ( 'NONE', *, *, #3166, .T. ) ;
#903 = CARTESIAN_POINT ( 'NONE',  ( 5.888395157494901611, -2.025213741016170133, -6.084756134219193591 ) ) ;
#904 = CARTESIAN_POINT ( 'NONE',  ( 6.119568941886142532, 2.072520970172454291, -6.312652765775291996 ) ) ;
#905 = CARTESIAN_POINT ( 'NONE',  ( 5.888395157494902499, -5.734614693997590607, 2.870529954748030299 ) ) ;
#906 = VERTEX_POINT ( 'NONE', #4971 ) ;
#907 = CARTESIAN_POINT ( 'NONE',  ( 13.56759717490972861, -0.008367065052335134409, 0.004612461923499421024 ) ) ;
#908 = CARTESIAN_POINT ( 'NONE',  ( 13.56791779411215160, 0.008046445850491997301, 0.005775675112175736661 ) ) ;
#909 = FACE_OUTER_BOUND ( 'NONE', #58, .T. ) ;
#910 = CARTESIAN_POINT ( 'NONE',  ( 6.233220831025891862, -7.389882308457588422, -4.716283639483298984 ) ) ;
#911 = CARTESIAN_POINT ( 'NONE',  ( 2.337031422898086408, 1.867972042215165995, -12.62881304725495824 ) ) ;
#912 = VERTEX_POINT ( 'NONE', #1808 ) ;
#913 = ORIENTED_EDGE ( 'NONE', *, *, #3290, .F. ) ;
#914 = CARTESIAN_POINT ( 'NONE',  ( 0.3146794788796307696, 10.73602942569057461, -0.2401607822033191286 ) ) ;
#915 = EDGE_CURVE ( 'NONE', #1973, #4575, #4577, .T. ) ;
#916 = CARTESIAN_POINT ( 'NONE',  ( 5.811739754377835077, 0.3999997167859457026, 6.323645595539397313 ) ) ;
#917 = VERTEX_POINT ( 'NONE', #4667 ) ;
#918 = CARTESIAN_POINT ( 'NONE',  ( 6.233220831025899855, 1.890519749003088945, 8.560352035958652905 ) ) ;
#919 = VERTEX_POINT ( 'NONE', #4948 ) ;
#920 = LINE ( 'NONE', #4159, #3532 ) ;
#921 = CARTESIAN_POINT ( 'NONE',  ( 0.3131398827181169353, 3.661415213967322391, -10.09361082380418573 ) ) ;
#922 = CIRCLE ( 'NONE', #3774, 7.673412698073462934 ) ;
#923 = CARTESIAN_POINT ( 'NONE',  ( 5.780373642321761984, 0.2838821314356544390, -6.298520252597378466 ) ) ;
#924 = ORIENTED_EDGE ( 'NONE', *, *, #4194, .T. ) ;
#925 = CARTESIAN_POINT ( 'NONE',  ( 5.875108777299985263, 6.383458901497720994, -0.4549395946408410496 ) ) ;
#926 = ORIENTED_EDGE ( 'NONE', *, *, #2475, .F. ) ;
#927 = LINE ( 'NONE', #536, #2627 ) ;
#928 = CARTESIAN_POINT ( 'NONE',  ( 5.599799548363812107, 0.000000000000000000, 0.000000000000000000 ) ) ;
#929 = VECTOR ( 'NONE', #4503, 1000.000000000000000 ) ;
#930 = DIRECTION ( 'NONE',  ( -1.000000000000000000, 0.000000000000000000, 0.000000000000000000 ) ) ;
#931 = CIRCLE ( 'NONE', #4192, 13.06066017082141251 ) ;
#932 = CARTESIAN_POINT ( 'NONE',  ( 0.4959482244580775134, -8.248930841978953765, 7.155500697201074622 ) ) ;
#933 = ORIENTED_EDGE ( 'NONE', *, *, #3946, .T. ) ;
#934 = CARTESIAN_POINT ( 'NONE',  ( 0.4810029444423258860, -10.90503870641858519, -0.7740468116848705504 ) ) ;
#935 = CARTESIAN_POINT ( 'NONE',  ( 0.3131398827181169353, -10.09361082380424790, 3.661415213967150528 ) ) ;
#936 = CARTESIAN_POINT ( 'NONE',  ( 5.781280995375707832, 5.839756163523203369, -2.379546262056335681 ) ) ;
#937 = B_SPLINE_CURVE_WITH_KNOTS ( 'NONE', 3,
 ( #1141, #5045, #30, #4712, #2310, #5069, #4683, #1170, #4474, #4420, #1288, #499, #914, #3206, #4376, #188 ),
 .UNSPECIFIED., .F., .F.,
 ( 4, 3, 3, 3, 3, 4 ),
 ( 2.385244779468109755E-18, 0.0002402807489491023041, 0.0003604046903941017380, 0.0004805286307080688111, 0.0007203409650750133711, 0.0009603276570517846941 ),
 .UNSPECIFIED. ) ;
#938 = CARTESIAN_POINT ( 'NONE',  ( 1.999503599689980149, -12.33136691483799297, 1.526311391540958962 ) ) ;
#939 = CARTESIAN_POINT ( 'NONE',  ( 0.3146794788796314357, -7.421699892253126762, 7.761338527595113668 ) ) ;
#940 = ORIENTED_EDGE ( 'NONE', *, *, #3768, .F. ) ;
#941 = CARTESIAN_POINT ( 'NONE',  ( 0.4810029444423267186, -4.888303648767525544, -9.778727171396754514 ) ) ;
#942 = CARTESIAN_POINT ( 'NONE',  ( 5.806118102234338885, 4.192114340281714036, 4.743776955871996215 ) ) ;
#943 = CARTESIAN_POINT ( 'NONE',  ( 13.58175377392158367, -0.009064062210598317765, -0.006753800674611174990 ) ) ;
#944 = ORIENTED_EDGE ( 'NONE', *, *, #1054, .T. ) ;
#945 = CARTESIAN_POINT ( 'NONE',  ( 5.780596792240385362, -0.2493227976354433773, 6.300301261157819077 ) ) ;
#946 = EDGE_LOOP ( 'NONE', ( #1038, #1688, #3229, #3640 ) ) ;
#947 = EDGE_CURVE ( 'NONE', #1943, #1104, #1049, .T. ) ;
#948 = CARTESIAN_POINT ( 'NONE',  ( 5.781295420454914513, 2.409781604133233834, -5.827360209684705694 ) ) ;
#949 = CARTESIAN_POINT ( 'NONE',  ( 0.3151931105838658431, 4.146379317411526877, -9.906572508482542005 ) ) ;
#950 = CARTESIAN_POINT ( 'NONE',  ( 0.3150652326283222560, 3.998777391501139089, 9.966848526587217094 ) ) ;
#951 = ORIENTED_EDGE ( 'NONE', *, *, #3335, .F. ) ;
#952 = CARTESIAN_POINT ( 'NONE',  ( 6.346074985646366073, 0.6004574899085433071, 6.845520889864088687 ) ) ;
#953 = ORIENTED_EDGE ( 'NONE', *, *, #4852, .T. ) ;
#954 = CARTESIAN_POINT ( 'NONE',  ( 2.112679944503185858, 10.99407285475373541, -6.217977087222767096 ) ) ;
#955 = CARTESIAN_POINT ( 'NONE',  ( 6.794699092203797086, -4.540398586768002787, -5.756357825457318889 ) ) ;
#956 = EDGE_CURVE ( 'NONE', #653, #1993, #1833, .T. ) ;
#957 = DIRECTION ( 'NONE',  ( 0.000000000000000000, 0.000000000000000000, -1.000000000000000000 ) ) ;
#958 = CARTESIAN_POINT ( 'NONE',  ( 0.4810029444423267186, 3.458051635725338802, -10.37115695281024941 ) ) ;
#959 = ORIENTED_EDGE ( 'NONE', *, *, #4639, .T. ) ;
#960 = DIRECTION ( 'NONE',  ( -1.000000000000000000, -0.000000000000000000, -0.000000000000000000 ) ) ;
#961 = CARTESIAN_POINT ( 'NONE',  ( 5.780777222299024132, 5.904241861391289703, -2.213178991159228559 ) ) ;
#962 = CARTESIAN_POINT ( 'NONE',  ( 0.3151923201557843002, -4.035528952380129653, 9.952482900331798277 ) ) ;
#963 = CARTESIAN_POINT ( 'NONE',  ( 13.56890048206675203, -0.004541879518436825990, -0.009527064548373117767 ) ) ;
#964 = EDGE_CURVE ( 'NONE', #4487, #3280, #3967, .T. ) ;
#965 = ORIENTED_EDGE ( 'NONE', *, *, #4302, .F. ) ;
#966 = DIRECTION ( 'NONE',  ( 0.7672866406251409588, 0.4841195830995262406, -0.4205941516209261710 ) ) ;
#967 = CARTESIAN_POINT ( 'NONE',  ( 1.999780352464168631, 12.33161891578519587, 1.526540896403672853 ) ) ;
#968 = CARTESIAN_POINT ( 'NONE',  ( 5.888395157494902499, 6.396597398412630753, -0.4574818382620169932 ) ) ;
#969 = ORIENTED_EDGE ( 'NONE', *, *, #1149, .T. ) ;
#970 = CARTESIAN_POINT ( 'NONE',  ( 2.636624412713846066, 2.817732372804091501, 12.75308701346008178 ) ) ;
#971 = CARTESIAN_POINT ( 'NONE',  ( 5.888395157494901611, 5.734614693997571067, 2.870529954748070711 ) ) ;
#972 = B_SPLINE_CURVE_WITH_KNOTS ( 'NONE', 3,
 ( #4095, #4514, #1350, #3753, #200, #1299, #1763, #3296, #3320, #639 ),
 .UNSPECIFIED., .F., .F.,
 ( 4, 3, 3, 4 ),
 ( 0.0004801584278175088558, 0.0004805286307080691363, 0.0007203409650750136964, 0.0009603276570517851277 ),
 .UNSPECIFIED. ) ;
#973 = CARTESIAN_POINT ( 'NONE',  ( 0.4810029444423286060, -10.37115695281025829, -3.458051635725308603 ) ) ;
#974 = ORIENTED_EDGE ( 'NONE', *, *, #4323, .F. ) ;
#975 = CARTESIAN_POINT ( 'NONE',  ( 5.837519771178500072, -5.698902957498925836, 2.828140776027011860 ) ) ;
#976 = CARTESIAN_POINT ( 'NONE',  ( 13.56890048206675203, -0.01053996198465991310, 0.0005502997644808419906 ) ) ;
#977 =( BOUNDED_SURFACE ( )  B_SPLINE_SURFACE ( 3, 1, ( 
 ( #4207, #2223 ),
 ( #675, #3079 ),
 ( #4256, #5060 ),
 ( #750, #1526 ) ),
 .UNSPECIFIED., .F., .F., .F. ) 
 B_SPLINE_SURFACE_WITH_KNOTS ( ( 4, 4 ),
 ( 2, 2 ),
 ( 0.000000000000000000, 1.000000000000000000 ),
 ( 0.000000000000000000, 1.000000000000000000 ),
 .UNSPECIFIED. ) 
 GEOMETRIC_REPRESENTATION_ITEM ( )  RATIONAL_B_SPLINE_SURFACE ( (
 ( 1.000000000000000000, 1.000000000000000000),
 ( 0.7963945362475481904, 0.9530866181159202144),
 ( 0.7963945362475481904, 0.9530866181159202144),
 ( 1.000000000000000000, 1.000000000000000000) ) ) 
 REPRESENTATION_ITEM ( '' )  SURFACE ( )  );
#978 = CARTESIAN_POINT ( 'NONE',  ( 13.57223985685982726, 0.01243257948845830248, 0.007165506382015698894 ) ) ;
#979 = CARTESIAN_POINT ( 'NONE',  ( 5.780373642321761984, 5.710436958037688804, -2.672612239963939817 ) ) ;
#980 = CARTESIAN_POINT ( 'NONE',  ( 0.3723593555270010569, 0.7538367224995908833, 10.79639511769827109 ) ) ;
#981 = ORIENTED_EDGE ( 'NONE', *, *, #571, .F. ) ;
#982 = CARTESIAN_POINT ( 'NONE',  ( 13.57223985685982726, 0.003724383110571040118, -0.01385793941728938848 ) ) ;
#983 = FACE_OUTER_BOUND ( 'NONE', #4623, .T. ) ;
#984 = CARTESIAN_POINT ( 'NONE',  ( 0.3723593555270010569, 10.79639511769826754, -0.7538367224996286309 ) ) ;
#985 = CARTESIAN_POINT ( 'NONE',  ( 6.538437847175468498, -7.082648511093571742, -4.520330966445728293 ) ) ;
#986 = ADVANCED_FACE ( 'NONE', ( #4301 ), #2508, .F. ) ;
#987 = CARTESIAN_POINT ( 'NONE',  ( 0.3151505758799243995, -7.649964748487382060, 7.537225355791296266 ) ) ;
#988 = ORIENTED_EDGE ( 'NONE', *, *, #294, .F. ) ;
#989 = CARTESIAN_POINT ( 'NONE',  ( 1.274928338748439138, -10.38129822869298025, -5.398365817401514555 ) ) ;
#990 = CARTESIAN_POINT ( 'NONE',  ( 2.636624412714236865, 0.000000000000000000, 0.000000000000000000 ) ) ;
#991 = EDGE_CURVE ( 'NONE', #993, #1801, #456, .T. ) ;
#992 = FACE_OUTER_BOUND ( 'NONE', #4266, .T. ) ;
#993 = VERTEX_POINT ( 'NONE', #2839 ) ;
#994 = CARTESIAN_POINT ( 'NONE',  ( 5.780777222299028573, -0.2147447693148129000, 6.301755143510872514 ) ) ;
#995 = ORIENTED_EDGE ( 'NONE', *, *, #621, .T. ) ;
#996 = EDGE_CURVE ( 'NONE', #2121, #4016, #688, .T. ) ;
#997 = CARTESIAN_POINT ( 'NONE',  ( 0.3314483142510981084, 9.682885621343004345, -4.682398656365855949 ) ) ;
#998 = CARTESIAN_POINT ( 'NONE',  ( 1.274844381333321675, 11.65685036737552416, -1.014663656568866257 ) ) ;
#999 = VERTEX_POINT ( 'NONE', #3936 ) ;
#1000 = CARTESIAN_POINT ( 'NONE',  ( 2.636624412714327903, -2.817732372802026930, 12.75308701346210327 ) ) ;
#1001 = ADVANCED_FACE ( 'NONE', ( #4765 ), #3220, .F. ) ;
#1002 = DIRECTION ( 'NONE',  ( -0.7672866406251407367, -0.2033137844408454964, 0.6082225876885266613 ) ) ;
#1003 = CARTESIAN_POINT ( 'NONE',  ( 0.3131398827181169353, -10.72644339064184749, 0.4799510588010054701 ) ) ;
#1004 = EDGE_CURVE ( 'NONE', #2704, #1390, #3910, .T. ) ;
#1005 = VECTOR ( 'NONE', #4733, 1000.000000000000114 ) ;
#1006 = CARTESIAN_POINT ( 'NONE',  ( 5.806118102235260814, -2.778425731724799341, 5.688373484780953504 ) ) ;
#1007 = CARTESIAN_POINT ( 'NONE',  ( 13.56890048206675203, -0.009948245753774682953, 0.003525058140137839885 ) ) ;
#1008 = VERTEX_POINT ( 'NONE', #4742 ) ;
#1009 = EDGE_CURVE ( 'NONE', #568, #3689, #1559, .T. ) ;
#1010 = CIRCLE ( 'NONE', #2463, 9.500000000000000000 ) ;
#1011 = CARTESIAN_POINT ( 'NONE',  ( 0.3178557125107202008, 9.862918289070250921, -4.258724049286144897 ) ) ;
#1012 = CARTESIAN_POINT ( 'NONE',  ( 0.4810029444423258860, 9.778727171396701223, 4.888303648767634790 ) ) ;
#1013 = ADVANCED_FACE ( 'NONE', ( #1571 ), #3385, .F. ) ;
#1014 = CARTESIAN_POINT ( 'NONE',  ( 5.780596792240385362, 5.916131087804775923, -2.180676681830078678 ) ) ;
#1015 = VECTOR ( 'NONE', #319, 1000.000000000000227 ) ;
#1016 = CARTESIAN_POINT ( 'NONE',  ( 2.636624412714557053, -11.01023197665849906, -7.025356639905028011 ) ) ;
#1017 = CARTESIAN_POINT ( 'NONE',  ( 5.811739754377832412, -2.050402850212555972, 5.995360001138707595 ) ) ;
#1018 = ORIENTED_EDGE ( 'NONE', *, *, #2797, .T. ) ;
#1019 = CARTESIAN_POINT ( 'NONE',  ( 6.843654862292567032, 4.324378880008320714, -6.775414338570564077 ) ) ;
#1020 = FACE_OUTER_BOUND ( 'NONE', #1395, .T. ) ;
#1021 = EDGE_CURVE ( 'NONE', #3951, #1194, #41, .T. ) ;
#1022 = CARTESIAN_POINT ( 'NONE',  ( 13.56676982392279740, -0.007640452277800455216, -0.005362415580934032366 ) ) ;
#1023 = ORIENTED_EDGE ( 'NONE', *, *, #69, .F. ) ;
#1024 = CARTESIAN_POINT ( 'NONE',  ( 5.780373642321761984, 5.710436958037649724, 2.672612239964022418 ) ) ;
#1025 = B_SPLINE_CURVE_WITH_KNOTS ( 'NONE', 3,
 ( #3806, #300, #1498, #3421, #3074, #643, #3049 ),
 .UNSPECIFIED., .F., .F.,
 ( 4, 3, 4 ),
 ( 4.114257970988321555E-18, 0.002265310746493351055, 0.007027290684749716403 ),
 .UNSPECIFIED. ) ;
#1026 = CARTESIAN_POINT ( 'NONE',  ( 13.58175377392158367, -0.01095866918145066080, -0.002771031772011708222 ) ) ;
#1027 = CARTESIAN_POINT ( 'NONE',  ( 6.937403657009209468, 0.2423880882165553030, 5.361439418172278870 ) ) ;
#1028 = CARTESIAN_POINT ( 'NONE',  ( 3.606333622659386506, -2.075510150565227363, -11.72055803855836231 ) ) ;
#1029 = CARTESIAN_POINT ( 'NONE',  ( 13.56759717490972861, -0.008367065052335134409, 0.004612461923499420156 ) ) ;
#1030 = CARTESIAN_POINT ( 'NONE',  ( 0.3723593555270010569, 9.686087649737270766, -4.828055859583136211 ) ) ;
#1031 = CARTESIAN_POINT ( 'NONE',  ( 7.148871875792691455, -4.395937880801906950, -6.289434997126998717 ) ) ;
#1032 = ORIENTED_EDGE ( 'NONE', *, *, #734, .F. ) ;
#1033 = DIRECTION ( 'NONE',  ( -1.000000000000000000, -0.000000000000000000, -0.000000000000000000 ) ) ;
#1034 = CARTESIAN_POINT ( 'NONE',  ( 5.806118102234398393, 4.743776955872159640, -4.192114340281622553 ) ) ;
#1035 = CARTESIAN_POINT ( 'NONE',  ( 5.780373642321761984, 5.927710934927457487, -2.148066458205898144 ) ) ;
#1036 = CARTESIAN_POINT ( 'NONE',  ( 0.4460862896348298245, -10.84324403730242992, -0.7639663182889286919 ) ) ;
#1037 = CARTESIAN_POINT ( 'NONE',  ( 0.3150652326283252536, -7.677901499910644745, 7.508536391094086326 ) ) ;
#1038 = ORIENTED_EDGE ( 'NONE', *, *, #4813, .T. ) ;
#1039 = CARTESIAN_POINT ( 'NONE',  ( 0.4959482244580775134, -9.767549806965057257, -4.882726802909776787 ) ) ;
#1040 = CARTESIAN_POINT ( 'NONE',  ( 2.666330941622472306, 7.314879667475765679, -11.13898844930126053 ) ) ;
#1041 = CARTESIAN_POINT ( 'NONE',  ( 2.666330941622472306, -11.13898844930138310, 7.314879667475573832 ) ) ;
#1042 = CARTESIAN_POINT ( 'NONE',  ( 13.57761964090312645, 0.01152196077040290589, -0.009180870333825025612 ) ) ;
#1043 = VERTEX_POINT ( 'NONE', #1272 ) ;
#1044 = CARTESIAN_POINT ( 'NONE',  ( 0.3146794788796297704, 10.01070339928747721, 3.886620959406333231 ) ) ;
#1045 = EDGE_LOOP ( 'NONE', ( #4662, #3496, #2650, #2404 ) ) ;
#1046 = EDGE_CURVE ( 'NONE', #3158, #7, #3461, .T. ) ;
#1047 = CARTESIAN_POINT ( 'NONE',  ( 5.888395157494902499, -6.396597398412633417, 0.4574818382619723622 ) ) ;
#1048 = CARTESIAN_POINT ( 'NONE',  ( 0.4959482244580818433, -4.882726802909600927, -9.767549806965147852 ) ) ;
#1049 = LINE ( 'NONE', #2604, #4855 ) ;
#1050 = CARTESIAN_POINT ( 'NONE',  ( 0.3072101391086903277, 10.73124590139689083, 0.4801637145096463444 ) ) ;
#1051 = CARTESIAN_POINT ( 'NONE',  ( 7.148871875792691455, -1.654454461926233799, -7.492932861594813865 ) ) ;
#1052 = CARTESIAN_POINT ( 'NONE',  ( 0.3151923201557842447, -0.08030771489305499333, -10.73922532019064136 ) ) ;
#1054 = EDGE_CURVE ( 'NONE', #1488, #906, #4199, .T. ) ;
#1053 = EDGE_LOOP ( 'NONE', ( #1756, #3295, #4966, #1184 ) ) ;
#1055 = FACE_OUTER_BOUND ( 'NONE', #2460, .T. ) ;
#1056 = CARTESIAN_POINT ( 'NONE',  ( 5.797806088099562771, 4.727843936856516827, -4.197591805873211790 ) ) ;
#1057 = CARTESIAN_POINT ( 'NONE',  ( 0.3723593555270008348, 9.686087649737208594, 4.828055859583276543 ) ) ;
#1058 = B_SPLINE_CURVE_WITH_KNOTS ( 'NONE', 3,
 ( #3449, #4173, #2271, #1105, #5032, #2713 ),
 .UNSPECIFIED., .F., .F.,
 ( 4, 2, 4 ),
 ( 1.717836144195444106E-17, 0.0002092205112235683939, 0.0004184410224471196032 ),
 .UNSPECIFIED. ) ;
#1059 = FACE_OUTER_BOUND ( 'NONE', #4481, .T. ) ;
#1060 = CARTESIAN_POINT ( 'NONE',  ( 6.119568941886143421, -4.330507332778601004, 5.039011247636359769 ) ) ;
#1061 = ORIENTED_EDGE ( 'NONE', *, *, #195, .T. ) ;
#1062 = CARTESIAN_POINT ( 'NONE',  ( 2.337031956193687865, -12.38234450689807531, -3.107055871496898991 ) ) ;
#1063 = CARTESIAN_POINT ( 'NONE',  ( 13.58175377392158367, 0.01118491811001064845, -0.001633601598410904963 ) ) ;
#1064 = EDGE_CURVE ( 'NONE', #4896, #1801, #2543, .T. ) ;
#1065 = CARTESIAN_POINT ( 'NONE',  ( 13.56890048206675203, 0.009527064548372680616, 0.004541879518436004598 ) ) ;
#1066 = CARTESIAN_POINT ( 'NONE',  ( 5.816512944232865578, 5.690644339520872563, -2.797414860406698622 ) ) ;
#1067 = VERTEX_POINT ( 'NONE', #2203 ) ;
#1068 = CARTESIAN_POINT ( 'NONE',  ( 5.791186417075770088, 5.688746685898760092, 2.743517210906162962 ) ) ;
#1069 = VERTEX_POINT ( 'NONE', #1415 ) ;
#1070 = ADVANCED_FACE ( 'NONE', ( #2987 ), #2143, .F. ) ;
#1071 = B_SPLINE_CURVE_WITH_KNOTS ( 'NONE', 3,
 ( #2669, #1036, #256, #1109, #281, #3057 ),
 .UNSPECIFIED., .F., .F.,
 ( 4, 2, 4 ),
 ( 2.051206213401815295E-17, 0.0002092205112235692613, 0.0004184410224471179769 ),
 .UNSPECIFIED. ) ;
#1072 = DIRECTION ( 'NONE',  ( 0.000000000000000000, 0.000000000000000000, 1.000000000000000000 ) ) ;
#1073 = CARTESIAN_POINT ( 'NONE',  ( 5.780266697385853192, 6.297664382495171687, -0.3004961975486403203 ) ) ;
#1074 = CARTESIAN_POINT ( 'NONE',  ( 1.274844381333483989, 7.525162389864919810, -8.960113494231583431 ) ) ;
#1075 = CARTESIAN_POINT ( 'NONE',  ( 0.3151923201557836896, 7.650565178379618025, 7.536992918814536146 ) ) ;
#1076 = CARTESIAN_POINT ( 'NONE',  ( 7.148871875792691455, 0.000000000000000000, 0.000000000000000000 ) ) ;
#1077 = CARTESIAN_POINT ( 'NONE',  ( 5.826145232816803521, 4.183505513431848399, -4.778039901779810528 ) ) ;
#1078 = ORIENTED_EDGE ( 'NONE', *, *, #1580, .T. ) ;
#1079 = CARTESIAN_POINT ( 'NONE',  ( 13.56759717490972861, 0.007463296338658294456, 0.005965047388504941990 ) ) ;
#1080 = CARTESIAN_POINT ( 'NONE',  ( 0.4810029444423268297, 4.888303648767730714, -9.778727171396651485 ) ) ;
#1081 = VECTOR ( 'NONE', #2982, 999.9999999999998863 ) ;
#1082 = CARTESIAN_POINT ( 'NONE',  ( 7.148871875792691455, 0.000000000000000000, 0.000000000000000000 ) ) ;
#1083 = COLOUR_RGB ( '',0.7921568627450980005, 0.8196078431372548767, 0.9333333333333333481 ) ;
#1084 = CARTESIAN_POINT ( 'NONE',  ( 5.780373642321761984, 2.672612239964002434, 5.710436958037658606 ) ) ;
#1085 = ORIENTED_EDGE ( 'NONE', *, *, #2117, .F. ) ;
#1086 = CARTESIAN_POINT ( 'NONE',  ( 13.58175377392158367, -0.006753800674611142897, 0.009064062210598342051 ) ) ;
#1087 = CARTESIAN_POINT ( 'NONE',  ( 5.875108777300288132, 6.071644871316996372, 2.022534582768940936 ) ) ;
#1088 = CONICAL_SURFACE ( 'NONE', #514, 7.673412698073462934, 0.8735574070079478171 ) ;
#1089 = CARTESIAN_POINT ( 'NONE',  ( 7.148871875792691455, 0.000000000000000000, 0.000000000000000000 ) ) ;
#1090 = CARTESIAN_POINT ( 'NONE',  ( 1.348381451710669143, 8.985782472070333426, 7.662929611238505245 ) ) ;
#1091 = ORIENTED_EDGE ( 'NONE', *, *, #3023, .F. ) ;
#1092 = VECTOR ( 'NONE', #4118, 1000.000000000000114 ) ;
#1093 = ORIENTED_EDGE ( 'NONE', *, *, #2868, .F. ) ;
#1094 = CARTESIAN_POINT ( 'NONE',  ( 0.3131398827181169353, -10.72644339064184038, -0.4799510588011561274 ) ) ;
#1095 = ORIENTED_EDGE ( 'NONE', *, *, #3083, .F. ) ;
#1096 = CARTESIAN_POINT ( 'NONE',  ( 5.780373642321761984, 5.927710934927457487, -2.148066458205898144 ) ) ;
#1097 = ADVANCED_FACE ( 'NONE', ( #4425 ), #4248, .F. ) ;
#1098 = DIRECTION ( 'NONE',  ( 0.000000000000000000, 0.000000000000000000, 1.000000000000000000 ) ) ;
#1099 = CARTESIAN_POINT ( 'NONE',  ( 5.780373642321761984, -2.148066458205919016, -5.927710934927450381 ) ) ;
#1100 = CARTESIAN_POINT ( 'NONE',  ( 0.4959482244580775134, 10.89257800167812640, 0.7731718701261699467 ) ) ;
#1101 = CARTESIAN_POINT ( 'NONE',  ( 5.876541064897875977, -6.384875247102047346, -0.4552136515290199914 ) ) ;
#1102 = CARTESIAN_POINT ( 'NONE',  ( 13.56835537283902227, -0.009654875687366774872, -0.003426003848636214200 ) ) ;
#1103 = CARTESIAN_POINT ( 'NONE',  ( 0.4959482244580775134, -10.89257800167812285, -0.7731718701262459970 ) ) ;
#1104 = VERTEX_POINT ( 'NONE', #1438 ) ;
#1105 = CARTESIAN_POINT ( 'NONE',  ( 0.3315128891686933144, -10.15790648860276235, 3.535739363072998298 ) ) ;
#1106 = CARTESIAN_POINT ( 'NONE',  ( 5.888395157494900722, -5.734614693997549750, -2.870529954748110679 ) ) ;
#1107 =( BOUNDED_SURFACE ( )  B_SPLINE_SURFACE ( 3, 1, ( 
 ( #3678, #173 ),
 ( #1732, #325 ),
 ( #4196, #3393 ),
 ( #5051, #3779 ) ),
 .UNSPECIFIED., .F., .F., .F. ) 
 B_SPLINE_SURFACE_WITH_KNOTS ( ( 4, 4 ),
 ( 2, 2 ),
 ( 0.000000000000000000, 1.000000000000000000 ),
 ( 0.000000000000000000, 1.000000000000000000 ),
 .UNSPECIFIED. ) 
 GEOMETRIC_REPRESENTATION_ITEM ( )  RATIONAL_B_SPLINE_SURFACE ( (
 ( 1.000000000000000000, 1.000000000000000000),
 ( 0.9544777771602501737, 0.9992633679055394902),
 ( 0.9544777771602501737, 0.9992633679055394902),
 ( 1.000000000000000000, 1.000000000000000000) ) ) 
 REPRESENTATION_ITEM ( '' )  SURFACE ( )  );
#1108 = EDGE_CURVE ( 'NONE', #2245, #557, #920, .T. ) ;
#1109 = CARTESIAN_POINT ( 'NONE',  ( 0.3315128891686925927, -10.73775077339282014, -0.6206652908644939570 ) ) ;
#1110 = LINE ( 'NONE', #2224, #3851 ) ;
#1111 = CARTESIAN_POINT ( 'NONE',  ( 5.789276915956095948, -6.304040793555068412, 0.3516956379098278296 ) ) ;
#1112 = CARTESIAN_POINT ( 'NONE',  ( 0.3146794788796307141, -9.826892294381401882, 4.330380221785359751 ) ) ;
#1113 = CARTESIAN_POINT ( 'NONE',  ( 6.843654862292567920, 4.604798479040215220, 6.588043952843555928 ) ) ;
#1114 = EDGE_CURVE ( 'NONE', #1221, #3823, #529, .T. ) ;
#1115 = CARTESIAN_POINT ( 'NONE',  ( 5.797806088100180055, 5.974307086109513776, -2.068801609839456379 ) ) ;
#1116 = CARTESIAN_POINT ( 'NONE',  ( 0.3131398827181169353, -7.245364211220494788, -7.924117507852441733 ) ) ;
#1117 = EDGE_LOOP ( 'NONE', ( #3631, #107, #2205, #3356 ) ) ;
#1118 = VERTEX_POINT ( 'NONE', #3620 ) ;
#1119 = CARTESIAN_POINT ( 'NONE',  ( 0.3151923201557840226, 9.952482900331819593, 4.035528952380095014 ) ) ;
#1120 = ORIENTED_EDGE ( 'NONE', *, *, #3290, .T. ) ;
#1121 = CARTESIAN_POINT ( 'NONE',  ( 7.148871875792690567, 4.128427668216837709, -6.468179606601592191 ) ) ;
#1122 = CARTESIAN_POINT ( 'NONE',  ( 5.780916678224960137, -2.578452859161038280, 5.754161552713988215 ) ) ;
#1123 = CARTESIAN_POINT ( 'NONE',  ( 0.3125344821672563222, 7.971406923339599437, 7.192747508164214487 ) ) ;
#1124 = CARTESIAN_POINT ( 'NONE',  ( 5.864710941409941647, -6.060567157398804916, 2.022894990490428313 ) ) ;
#1125 = DIRECTION ( 'NONE',  ( -1.000000000000000000, -0.000000000000000000, -0.000000000000000000 ) ) ;
#1126 = LINE ( 'NONE', #4591, #1728 ) ;
#1127 = CARTESIAN_POINT ( 'NONE',  ( 5.781982565355813897, 4.229318265940032795, -4.678178884152772277 ) ) ;
#1128 = CARTESIAN_POINT ( 'NONE',  ( 6.843654862292569696, -1.402366323283884553, 7.914534784337538653 ) ) ;
#1129 = CARTESIAN_POINT ( 'NONE',  ( 5.806118102235264367, -5.688373484780941070, -2.778425731724822878 ) ) ;
#1130 = DIRECTION ( 'NONE',  ( -1.000000000000000000, -0.000000000000000000, -0.000000000000000000 ) ) ;
#1131 = CARTESIAN_POINT ( 'NONE',  ( 6.971778540990888118, -4.468171065712819079, 6.022885961142068645 ) ) ;
#1132 = CARTESIAN_POINT ( 'NONE',  ( 13.56890048206675203, -0.009948245753775558989, -0.003525058140137597024 ) ) ;
#1133 = CARTESIAN_POINT ( 'NONE',  ( 5.814817957558086725, -4.187313247315118225, -4.759612999543345602 ) ) ;
#1134 = CARTESIAN_POINT ( 'NONE',  ( 6.538437847175475603, 4.813658225705273352, 6.886653502536921323 ) ) ;
#1135 =( BOUNDED_SURFACE ( )  B_SPLINE_SURFACE ( 3, 1, ( 
 ( #1933, #4979 ),
 ( #3476, #1501 ),
 ( #3498, #307 ),
 ( #4205, #2247 ) ),
 .UNSPECIFIED., .F., .F., .F. ) 
 B_SPLINE_SURFACE_WITH_KNOTS ( ( 4, 4 ),
 ( 2, 2 ),
 ( 0.000000000000000000, 1.000000000000000000 ),
 ( 0.000000000000000000, 1.000000000000000000 ),
 .UNSPECIFIED. ) 
 GEOMETRIC_REPRESENTATION_ITEM ( )  RATIONAL_B_SPLINE_SURFACE ( (
 ( 1.000000000000000000, 1.000000000000000000),
 ( 0.7963945362475481904, 0.9530866181159203254),
 ( 0.7963945362475481904, 0.9530866181159203254),
 ( 1.000000000000000000, 1.000000000000000000) ) ) 
 REPRESENTATION_ITEM ( '' )  SURFACE ( )  );
#1136 = ADVANCED_FACE ( 'NONE', ( #114 ), #81, .F. ) ;
#1137 = CARTESIAN_POINT ( 'NONE',  ( 5.888395157494900722, 6.084756134219198920, -2.025213741016148816 ) ) ;
#1138 = CARTESIAN_POINT ( 'NONE',  ( 6.971778540990892559, 4.468171065712857271, -6.022885961142042888 ) ) ;
#1139 = EDGE_LOOP ( 'NONE', ( #2283, #506, #3537, #4406 ) ) ;
#1140 = ORIENTED_EDGE ( 'NONE', *, *, #237, .T. ) ;
#1141 = CARTESIAN_POINT ( 'NONE',  ( 0.3131398827181169353, 10.72644339064184393, 0.4799510588010812429 ) ) ;
#1142 = ORIENTED_EDGE ( 'NONE', *, *, #39, .T. ) ;
#1143 = DIRECTION ( 'NONE',  ( 0.000000000000000000, 0.000000000000000000, 1.000000000000000000 ) ) ;
#1144 = CARTESIAN_POINT ( 'NONE',  ( 5.816512944234061955, -4.762189641691477071, -4.186945511554550414 ) ) ;
#1145 = CARTESIAN_POINT ( 'NONE',  ( 0.3314483142510961100, -10.15778992644045253, -3.535878242170222840 ) ) ;
#1146 = DIRECTION ( 'NONE',  ( 0.7767995536391634204, -0.6291314526545548347, -0.02785801045958313446 ) ) ;
#1147 = CARTESIAN_POINT ( 'NONE',  ( 1.999503599690027889, 1.526311391541043117, 12.33136691483802139 ) ) ;
#1148 = B_SPLINE_CURVE_WITH_KNOTS ( 'NONE', 3,
 ( #2265, #4997, #3072, #1879, #246, #697 ),
 .UNSPECIFIED., .F., .F.,
 ( 4, 2, 4 ),
 ( 0.000000000000000000, 0.001669664777113993121, 0.003339329554227985376 ),
 .UNSPECIFIED. ) ;
#1149 = EDGE_CURVE ( 'NONE', #3823, #2449, #283, .T. ) ;
#1150 = CARTESIAN_POINT ( 'NONE',  ( 6.119568941886139868, 6.625250124664774809, -0.5009879226931732710 ) ) ;
#1151 = EDGE_CURVE ( 'NONE', #5068, #1221, #2856, .T. ) ;
#1152 = CARTESIAN_POINT ( 'NONE',  ( 2.636624412714185350, -12.75308701346239815, 2.817732372801922125 ) ) ;
#1153 = CARTESIAN_POINT ( 'NONE',  ( 0.3148517337138179717, 9.996263812724635045, -3.924285655441398735 ) ) ;
#1154 = EDGE_CURVE ( 'NONE', #999, #369, #3764, .T. ) ;
#1155 = CARTESIAN_POINT ( 'NONE',  ( 13.56759717490972861, -0.001059421992558335062, 0.009495272909580555754 ) ) ;
#1156 = CARTESIAN_POINT ( 'NONE',  ( 7.148871875792691455, 4.395937880801951358, 6.289434997126967630 ) ) ;
#1157 = DIRECTION ( 'NONE',  ( -1.000000000000000000, -0.000000000000000000, -0.000000000000000000 ) ) ;
#1158 = CARTESIAN_POINT ( 'NONE',  ( 5.780979408894894256, -5.886275114292799593, -2.260829647626203087 ) ) ;
#1159 = ADVANCED_FACE ( 'NONE', ( #3503 ), #4524, .T. ) ;
#1160 = CARTESIAN_POINT ( 'NONE',  ( 13.56890048206675203, 0.007841999287951146105, 0.007063757897651751043 ) ) ;
#1161 = CARTESIAN_POINT ( 'NONE',  ( 0.3989394446945347394, -0.7283042629547542557, -10.79856743468105762 ) ) ;
#1162 = CARTESIAN_POINT ( 'NONE',  ( 0.3314483142510972757, 10.15778992644048095, 3.535878242170151786 ) ) ;
#1163 =( BOUNDED_SURFACE ( )  B_SPLINE_SURFACE ( 3, 1, ( 
 ( #3224, #4804 ),
 ( #154, #1712 ),
 ( #908, #125 ),
 ( #2798, #3632 ) ),
 .UNSPECIFIED., .F., .F., .F. ) 
 B_SPLINE_SURFACE_WITH_KNOTS ( ( 4, 4 ),
 ( 2, 2 ),
 ( 0.000000000000000000, 1.000000000000000000 ),
 ( 0.000000000000000000, 1.000000000000000000 ),
 .UNSPECIFIED. ) 
 GEOMETRIC_REPRESENTATION_ITEM ( )  RATIONAL_B_SPLINE_SURFACE ( (
 ( 1.000000000000000000, 1.000000000000000000),
 ( 0.9928172745385618336, 0.8240640142147777070),
 ( 0.9928172745385618336, 0.8240640142147777070),
 ( 1.000000000000000000, 1.000000000000000000) ) ) 
 REPRESENTATION_ITEM ( '' )  SURFACE ( )  );
#1164 = B_SPLINE_CURVE_WITH_KNOTS ( 'NONE', 3,
 ( #245, #1123, #2658, #2628, #3440, #4222 ),
 .UNSPECIFIED., .F., .F.,
 ( 4, 2, 4 ),
 ( 4.358438792651350852E-18, 0.0002092284541179435765, 0.0004184569082358827619 ),
 .UNSPECIFIED. ) ;
#1165 = VECTOR ( 'NONE', #4258, 1000.000000000000114 ) ;
#1166 = CARTESIAN_POINT ( 'NONE',  ( 0.3146807352246301925, -9.827012004735381723, -4.330111669743993197 ) ) ;
#1167 = CARTESIAN_POINT ( 'NONE',  ( 5.110416117198881558, -5.790848467523224130, 8.283763480797594170 ) ) ;
#1168 = VERTEX_POINT ( 'NONE', #4289 ) ;
#1169 = ORIENTED_EDGE ( 'NONE', *, *, #630, .T. ) ;
#1170 = CARTESIAN_POINT ( 'NONE',  ( 0.3151505758799226786, 10.73896510990468833, 0.07971878908219981463 ) ) ;
#1171 = CIRCLE ( 'NONE', #3527, 13.06066017082141251 ) ;
#1172 = EDGE_CURVE ( 'NONE', #2020, #999, #3884, .T. ) ;
#1173 = VECTOR ( 'NONE', #1214, 1000.000000000000000 ) ;
#1174 = CARTESIAN_POINT ( 'NONE',  ( 0.3131398827181195443, 7.245364211220550743, 7.924117507852391995 ) ) ;
#1175 = CARTESIAN_POINT ( 'NONE',  ( 5.803399891414395384, -4.738439648953693073, -4.194046184751438311 ) ) ;
#1176 = CARTESIAN_POINT ( 'NONE',  ( 5.810243213706175247, -2.052106352111967347, -5.993196244980643961 ) ) ;
#1177 = CARTESIAN_POINT ( 'NONE',  ( 0.3178557125107202008, 7.482405201426655772, -7.708923407746889112 ) ) ;
#1178 = DIRECTION ( 'NONE',  ( 0.7767995536391634204, -0.2664956293907804197, 0.5705808733050979908 ) ) ;
#1179 = CARTESIAN_POINT ( 'NONE',  ( 13.56791779411215160, 0.005223691454576887341, 0.008415269538980110070 ) ) ;
#1180 = B_SPLINE_CURVE_WITH_KNOTS ( 'NONE', 3,
 ( #4655, #3867, #5084, #3153, #4630, #1915, #3104, #1215, #730, #2720, #4288, #3896, #1555, #3129, #4704, #2744 ),
 .UNSPECIFIED., .F., .F.,
 ( 4, 3, 3, 3, 3, 4 ),
 ( 3.496446946337351263E-18, 0.0002402807489491013554, 0.0003604046903941006538, 0.0004805286307080663716, 0.0007203409650750117448, 0.0009603276570517845856 ),
 .UNSPECIFIED. ) ;
#1181 = EDGE_CURVE ( 'NONE', #1899, #3135, #400, .T. ) ;
#1182 = CARTESIAN_POINT ( 'NONE',  ( 1.999503599690352740, -1.526311391541231410, -12.33136691483832870 ) ) ;
#1183 = CARTESIAN_POINT ( 'NONE',  ( 2.666330941622472306, 2.495361274709942290, 13.09036669967633770 ) ) ;
#1184 = ORIENTED_EDGE ( 'NONE', *, *, #3810, .T. ) ;
#1185 = CARTESIAN_POINT ( 'NONE',  ( 0.3131398827181195443, -3.661415213967257554, 10.09361082380420882 ) ) ;
#1186 = CARTESIAN_POINT ( 'NONE',  ( 5.780373642321761096, -5.710436958037629296, -2.672612239964061942 ) ) ;
#1187 = CARTESIAN_POINT ( 'NONE',  ( 13.56835537283902227, -0.009249578623792907572, -0.004404477516308068739 ) ) ;
#1188 = ORIENTED_EDGE ( 'NONE', *, *, #155, .T. ) ;
#1189 = FACE_OUTER_BOUND ( 'NONE', #2309, .T. ) ;
#1190 = CARTESIAN_POINT ( 'NONE',  ( 0.3131398827181195443, -0.4799510588009680001, -10.72644339064184926 ) ) ;
#1191 = DIRECTION ( 'NONE',  ( -1.000000000000000000, -0.000000000000000000, -0.000000000000000000 ) ) ;
#1192 = CARTESIAN_POINT ( 'NONE',  ( 7.148871875792691455, -4.128427668216703594, -6.468179606601679232 ) ) ;
#1193 = CARTESIAN_POINT ( 'NONE',  ( 0.4810029444423268297, -0.7740468116848315816, 10.90503870641858697 ) ) ;
#1194 = VERTEX_POINT ( 'NONE', #24 ) ;
#1195 = ORIENTED_EDGE ( 'NONE', *, *, #4415, .T. ) ;
#1196 = CARTESIAN_POINT ( 'NONE',  ( 7.148871875792691455, -7.555699621490367335, 1.338904651110528921 ) ) ;
#1197 =( BOUNDED_SURFACE ( )  B_SPLINE_SURFACE ( 3, 1, ( 
 ( #4035, #527 ),
 ( #2082, #2523 ),
 ( #3643, #1316 ),
 ( #1694, #2184 ) ),
 .UNSPECIFIED., .F., .F., .F. ) 
 B_SPLINE_SURFACE_WITH_KNOTS ( ( 4, 4 ),
 ( 2, 2 ),
 ( 0.000000000000000000, 1.000000000000000000 ),
 ( 0.000000000000000000, 1.000000000000000000 ),
 .UNSPECIFIED. ) 
 GEOMETRIC_REPRESENTATION_ITEM ( )  RATIONAL_B_SPLINE_SURFACE ( (
 ( 1.000000000000000000, 1.000000000000000000),
 ( 0.7963945362475481904, 0.9530866181159202144),
 ( 0.7963945362475481904, 0.9530866181159202144),
 ( 1.000000000000000000, 1.000000000000000000) ) ) 
 REPRESENTATION_ITEM ( '' )  SURFACE ( )  );
#1198 = CARTESIAN_POINT ( 'NONE',  ( 0.000000000000000000, 1.438022885205389125E-15, 10.42403576283960831 ) ) ;
#1199 = VERTEX_POINT ( 'NONE', #3869 ) ;
#1200 = DIRECTION ( 'NONE',  ( 0.7767995536391634204, -0.5919024714281755362, 0.2150207380305777793 ) ) ;
#1201 = CARTESIAN_POINT ( 'NONE',  ( 2.636624412714327903, -2.817732372802026930, 12.75308701346210327 ) ) ;
#1202 = CARTESIAN_POINT ( 'NONE',  ( 0.4810029444423258860, -7.163693068912144746, -8.258360567908567873 ) ) ;
#1203 = EDGE_CURVE ( 'NONE', #5082, #3983, #721, .T. ) ;
#1204 = CARTESIAN_POINT ( 'NONE',  ( 0.4810029444423286060, -8.258360567908443528, -7.163693068912290407 ) ) ;
#1205 = B_SPLINE_CURVE_WITH_KNOTS ( 'NONE', 3,
 ( #4091, #2500, #4428, #3263 ),
 .UNSPECIFIED., .F., .F.,
 ( 4, 4 ),
 ( 8.673617379884035472E-19, 0.001963989672852249797 ),
 .UNSPECIFIED. ) ;
#1206 = CARTESIAN_POINT ( 'NONE',  ( 0.3723593555270008348, -7.101161141706780811, -8.167247258480770711 ) ) ;
#1207 = CARTESIAN_POINT ( 'NONE',  ( 5.780373642321761984, -6.298520252597382019, 0.2838821314355446379 ) ) ;
#1208 = EDGE_LOOP ( 'NONE', ( #194, #2637 ) ) ;
#1209 = CARTESIAN_POINT ( 'NONE',  ( 7.148871875792691455, 0.000000000000000000, 0.000000000000000000 ) ) ;
#1210 = CARTESIAN_POINT ( 'NONE',  ( 5.888395157494900722, -4.199588886832995804, -4.846565907042594823 ) ) ;
#1211 = EDGE_CURVE ( 'NONE', #2794, #632, #3060, .T. ) ;
#1212 = CARTESIAN_POINT ( 'NONE',  ( 13.56890048206675203, -0.009948245753775558989, -0.003525058140137597024 ) ) ;
#1213 = ORIENTED_EDGE ( 'NONE', *, *, #3897, .T. ) ;
#1214 = DIRECTION ( 'NONE',  ( 1.000000000000000000, -0.000000000000000000, -0.000000000000000000 ) ) ;
#1215 = CARTESIAN_POINT ( 'NONE',  ( 0.3151505758799243995, -4.035973470717538980, -9.952017125223763472 ) ) ;
#1216 = CARTESIAN_POINT ( 'NONE',  ( 5.781154568282829587, 4.536662008974975180, -4.379690503513886668 ) ) ;
#1217 = CARTESIAN_POINT ( 'NONE',  ( 0.4460866974656238493, -7.127125856662443582, 8.207537491664586682 ) ) ;
#1218 = CARTESIAN_POINT ( 'NONE',  ( 3.835489892373487031, -11.45114612247671459, -2.027859131794623071 ) ) ;
#1219 = CARTESIAN_POINT ( 'NONE',  ( 6.937403657009209468, -4.860566237685439717, -2.275671432591528376 ) ) ;
#1220 = EDGE_CURVE ( 'NONE', #2053, #2387, #3634, .T. ) ;
#1221 = VERTEX_POINT ( 'NONE', #2278 ) ;
#1222 = ORIENTED_EDGE ( 'NONE', *, *, #3173, .F. ) ;
#1223 = CARTESIAN_POINT ( 'NONE',  ( 6.129644004586989325, -8.753977512189747401, 1.550825684904061585 ) ) ;
#1224 = ORIENTED_EDGE ( 'NONE', *, *, #2124, .T. ) ;
#1225 = EDGE_CURVE ( 'NONE', #3318, #3249, #4449, .T. ) ;
#1226 =( NAMED_UNIT ( * ) PLANE_ANGLE_UNIT ( ) SI_UNIT ( $, .RADIAN. ) );
#1227 = ORIENTED_EDGE ( 'NONE', *, *, #848, .F. ) ;
#1228 = CARTESIAN_POINT ( 'NONE',  ( 5.888395157494901611, 5.734614693997571067, 2.870529954748070711 ) ) ;
#1229 = EDGE_CURVE ( 'NONE', #4896, #3951, #3178, .T. ) ;
#1230 = CARTESIAN_POINT ( 'NONE',  ( 5.110416117198882446, -2.179987333286841356, 9.869261299931263665 ) ) ;
#1231 = CARTESIAN_POINT ( 'NONE',  ( 1.348381451710667589, -7.662929611238411098, -8.985782472070415139 ) ) ;
#1232 = CARTESIAN_POINT ( 'NONE',  ( 0.4810029444423286060, -3.458051635725272632, 10.37115695281027428 ) ) ;
#1233 = B_SPLINE_CURVE_WITH_KNOTS ( 'NONE', 3,
 ( #365, #1918, #4680, #1302, #226, #2561 ),
 .UNSPECIFIED., .F., .F.,
 ( 4, 2, 4 ),
 ( 7.913933220075304459E-18, 0.0009821026408563984355, 0.001964205281712789065 ),
 .UNSPECIFIED. ) ;
#1234 = CARTESIAN_POINT ( 'NONE',  ( 5.780373642321761984, -6.298520252597379354, -0.2838821314356324566 ) ) ;
#1235 = ORIENTED_EDGE ( 'NONE', *, *, #3699, .F. ) ;
#1236 = CARTESIAN_POINT ( 'NONE',  ( 7.148871875792690567, -4.128427668216795077, 6.468179606601620613 ) ) ;
#1237 = DIRECTION ( 'NONE',  ( 1.000000000000000000, 0.000000000000000000, 0.000000000000000000 ) ) ;
#1238 = CARTESIAN_POINT ( 'NONE',  ( 13.58175377392158367, -0.006753800674610076910, -0.009064062210598050617 ) ) ;
#1239 = EDGE_LOOP ( 'NONE', ( #2371, #3315, #2026, #4535 ) ) ;
#1240 = LINE ( 'NONE', #22, #4612 ) ;
#1241 = CARTESIAN_POINT ( 'NONE',  ( 1.999780352463553124, 7.640343938754346809, 9.799198777964894802 ) ) ;
#1242 = CARTESIAN_POINT ( 'NONE',  ( 7.148871875792691455, 6.468179606601692555, -4.128427668216679614 ) ) ;
#1243 = CARTESIAN_POINT ( 'NONE',  ( 6.129644004586997319, 4.782778269987270292, 7.494145355477126458 ) ) ;
#1244 = CARTESIAN_POINT ( 'NONE',  ( 7.024951713254538710, -2.446422764143052930, 4.884600053424154709 ) ) ;
#1245 = ORIENTED_EDGE ( 'NONE', *, *, #3390, .F. ) ;
#1246 = ORIENTED_EDGE ( 'NONE', *, *, #4955, .T. ) ;
#1247 = FACE_OUTER_BOUND ( 'NONE', #4945, .T. ) ;
#1248 = AXIS2_PLACEMENT_3D ( 'NONE', #2354, #1191, #1893 ) ;
#1249 = CARTESIAN_POINT ( 'NONE',  ( 13.56890048206675203, -0.007063757897651669511, 0.007841999287951220698 ) ) ;
#1250 = ORIENTED_EDGE ( 'NONE', *, *, #956, .F. ) ;
#1251 = CARTESIAN_POINT ( 'NONE',  ( 5.803399891414359857, 2.061471079582543720, -5.982739397186609409 ) ) ;
#1252 = CARTESIAN_POINT ( 'NONE',  ( 1.999503599690026556, 6.129137671607121085, 10.80860341833283478 ) ) ;
#1253 = CARTESIAN_POINT ( 'NONE',  ( 13.56676982392279740, -0.009110965078868956887, -0.002030351497554220598 ) ) ;
#1254 = CARTESIAN_POINT ( 'NONE',  ( 13.56759717490972861, 0.005965047388505183117, 0.007463296338657480003 ) ) ;
#1255 = ADVANCED_FACE ( 'NONE', ( #156 ), #3913, .F. ) ;
#1256 = CARTESIAN_POINT ( 'NONE',  ( 13.56791779411215160, 0.009773715463083769775, 0.001605677387582866425 ) ) ;
#1257 = FACE_OUTER_BOUND ( 'NONE', #2803, .T. ) ;
#1258 = CARTESIAN_POINT ( 'NONE',  ( 0.3989394446945328521, -3.459567448544952573, 10.25528540849841974 ) ) ;
#1259 = CARTESIAN_POINT ( 'NONE',  ( 1.348381451710669143, 5.369304303943608581, 10.51833390579586691 ) ) ;
#1260 = ORIENTED_EDGE ( 'NONE', *, *, #2499, .T. ) ;
#1261 = CARTESIAN_POINT ( 'NONE',  ( 13.56759717490972861, -0.004612461923498512896, 0.008367065052335080633 ) ) ;
#1262 = CARTESIAN_POINT ( 'NONE',  ( 5.780979408894887150, 5.760873024190160230, -2.563577074301948588 ) ) ;
#1263 = ADVANCED_FACE ( 'NONE', ( #909 ), #2960, .T. ) ;
#1264 = CARTESIAN_POINT ( 'NONE',  ( 0.8889338621414153430, -11.28140259648752064, 0.8457231836475020970 ) ) ;
#1265 = CARTESIAN_POINT ( 'NONE',  ( 5.864710941409935430, 2.022894990490450073, 6.060567157398794258 ) ) ;
#1266 = ORIENTED_EDGE ( 'NONE', *, *, #560, .F. ) ;
#1267 = LINE ( 'NONE', #2833, #2058 ) ;
#1268 = CARTESIAN_POINT ( 'NONE',  ( 5.791186417076198190, -4.711668505865148404, 4.205818045720273624 ) ) ;
#1269 = CARTESIAN_POINT ( 'NONE',  ( 5.816512944232866467, -2.797414860406719050, -5.690644339520863682 ) ) ;
#1270 = ORIENTED_EDGE ( 'NONE', *, *, #3939, .F. ) ;
#1271 = CARTESIAN_POINT ( 'NONE',  ( 2.666330941622472306, -2.495361274710034660, 13.09036669967632172 ) ) ;
#1272 = CARTESIAN_POINT ( 'NONE',  ( 0.4959482244580775134, -10.35930993710115366, 3.454091471063549523 ) ) ;
#1273 = DIRECTION ( 'NONE',  ( -1.000000000000000000, -0.000000000000000000, -0.000000000000000000 ) ) ;
#1274 = DIRECTION ( 'NONE',  ( 0.7071067818211362876, 8.659560554583462255E-17, 0.7071067805519587468 ) ) ;
#1275 = CARTESIAN_POINT ( 'NONE',  ( 0.3072101391086903277, 3.663056587010417253, -10.09812914501190662 ) ) ;
#1276 = ORIENTED_EDGE ( 'NONE', *, *, #3597, .T. ) ;
#1277 = DIRECTION ( 'NONE',  ( -0.7767995536391634204, 0.6291314526545548347, -0.02785801045958324201 ) ) ;
#1278 = CARTESIAN_POINT ( 'NONE',  ( 5.841349233018252818, 2.832601767185454644, -5.700962551625250896 ) ) ;
#1279 = CARTESIAN_POINT ( 'NONE',  ( 6.119568941886139868, -5.929213210115976018, 2.998225945795488290 ) ) ;
#1280 = EDGE_LOOP ( 'NONE', ( #1958, #240 ) ) ;
#1281 = CARTESIAN_POINT ( 'NONE',  ( 13.56890048206675203, -0.01053996198465919319, -0.0005502997644802854697 ) ) ;
#1282 = CARTESIAN_POINT ( 'NONE',  ( 5.780777222299027684, 0.2147447693148568648, -6.301755143510873403 ) ) ;
#1283 = CARTESIAN_POINT ( 'NONE',  ( 5.781213164338058874, 4.512540927594913320, -4.404487228667917975 ) ) ;
#1284 = CARTESIAN_POINT ( 'NONE',  ( 0.3146794788796315467, -10.01070339928744701, -3.886620959406402953 ) ) ;
#1285 = CARTESIAN_POINT ( 'NONE',  ( 5.782469467446607503, 2.113165072537007028, 5.942493329980799821 ) ) ;
#1286 = ORIENTED_EDGE ( 'NONE', *, *, #829, .F. ) ;
#1287 = ORIENTED_EDGE ( 'NONE', *, *, #337, .T. ) ;
#1288 = CARTESIAN_POINT ( 'NONE',  ( 0.3151923201557814691, 10.73922532019064491, -0.08030771489316755607 ) ) ;
#1289 = CARTESIAN_POINT ( 'NONE',  ( 5.780373642321761984, -2.672612239963959802, -5.710436958037678146 ) ) ;
#1290 = ORIENTED_EDGE ( 'NONE', *, *, #841, .T. ) ;
#1291 = CARTESIAN_POINT ( 'NONE',  ( 2.636624412714155152, 12.86061556398349737, 2.277149844236328491 ) ) ;
#1292 = ORIENTED_EDGE ( 'NONE', *, *, #859, .F. ) ;
#1293 = CARTESIAN_POINT ( 'NONE',  ( 1.348381451710667589, 11.23425671514534407, -3.640913747999819261 ) ) ;
#1294 = CARTESIAN_POINT ( 'NONE',  ( 5.786827336177549519, -0.3397345412558708255, 6.302217744884598183 ) ) ;
#1295 = B_SPLINE_CURVE_WITH_KNOTS ( 'NONE', 3,
 ( #4228, #1500, #4624, #3025, #3076, #3835, #2293, #4650, #4570, #3424, #2639, #2610, #4282, #4594, #4977, #2667 ),
 .UNSPECIFIED., .F., .F.,
 ( 4, 3, 3, 3, 3, 4 ),
 ( 1.029992063861229212E-18, 0.0001201367182547263417, 0.0002402733039868098130, 0.0003604098457935277829, 0.0004641886131673001186, 0.0005680047735601313069 ),
 .UNSPECIFIED. ) ;
#1296 = CARTESIAN_POINT ( 'NONE',  ( 13.57223985685982726, -0.001862322494628307736, 0.01422832630260998862 ) ) ;
#1297 = ORIENTED_EDGE ( 'NONE', *, *, #3672, .F. ) ;
#1298 = DIRECTION ( 'NONE',  ( -1.000000000000000000, -0.000000000000000000, -0.000000000000000000 ) ) ;
#1299 = CARTESIAN_POINT ( 'NONE',  ( 0.3150212513444533569, 0.1602524009519259440, 10.73815880291281033 ) ) ;
#1300 = CARTESIAN_POINT ( 'NONE',  ( 2.666330941622472306, 7.314879667475612024, 11.13898844930135645 ) ) ;
#1301 = CARTESIAN_POINT ( 'NONE',  ( 5.780832915889891233, -4.312171007009048651, 4.600491584631461350 ) ) ;
#1302 = CARTESIAN_POINT ( 'NONE',  ( 6.346074985646363409, -0.6004574899084955675, -6.845520889864090464 ) ) ;
#1303 = EDGE_LOOP ( 'NONE', ( #3933, #1608, #2474, #3260 ) ) ;
#1304 = CARTESIAN_POINT ( 'NONE',  ( 13.56890048206675203, -0.007063757897651669511, 0.007841999287951220698 ) ) ;
#1305 = CARTESIAN_POINT ( 'NONE',  ( 4.091188226140728190, -9.546063923569143128, 6.091499689852019728 ) ) ;
#1306 = CARTESIAN_POINT ( 'NONE',  ( 0.3150652326283271965, -7.508536391094058793, -7.677901499910673166 ) ) ;
#1307 = B_SPLINE_CURVE_WITH_KNOTS ( 'NONE', 3,
 ( #4821, #4066, #553, #1294, #3646, #2109, #1698, #167, #1727, #2863, #141, #3262, #3289, #4846, #4455, #2074 ),
 .UNSPECIFIED., .F., .F.,
 ( 4, 3, 3, 3, 3, 4 ),
 ( 0.000000000000000000, 5.634548159638521118E-05, 0.0001127033737012565122, 0.0001403741958204856352, 0.0001969210919195053127, 0.0002472485937300384837 ),
 .UNSPECIFIED. ) ;
#1308 = EDGE_CURVE ( 'NONE', #2449, #5068, #4818, .T. ) ;
#1309 = FACE_OUTER_BOUND ( 'NONE', #1804, .T. ) ;
#1310 = CARTESIAN_POINT ( 'NONE',  ( 7.148871875792690567, -7.492932861594782779, -1.654454461926369913 ) ) ;
#1311 = ORIENTED_EDGE ( 'NONE', *, *, #2596, .F. ) ;
#1312 = ORIENTED_EDGE ( 'NONE', *, *, #1617, .F. ) ;
#1313 = CARTESIAN_POINT ( 'NONE',  ( 0.3072101391086899946, -10.73124590139688728, -0.4801637145097236714 ) ) ;
#1314 = CARTESIAN_POINT ( 'NONE',  ( 2.112679944503184526, -12.17075723209317673, 3.377209704817278890 ) ) ;
#1315 = EDGE_LOOP ( 'NONE', ( #1655, #508, #4431, #4585 ) ) ;
#1316 = CARTESIAN_POINT ( 'NONE',  ( 2.112679944503184526, 7.777682075338869794, 9.951911300238403868 ) ) ;
#1317 = ORIENTED_EDGE ( 'NONE', *, *, #1108, .T. ) ;
#1318 = CARTESIAN_POINT ( 'NONE',  ( 5.780979408894889815, 2.260829647626221739, -5.886275114292797817 ) ) ;
#1319 = CARTESIAN_POINT ( 'NONE',  ( 0.3151505758799234558, 4.183274585897002851, -9.891003005563749895 ) ) ;
#1320 = EDGE_CURVE ( 'NONE', #3907, #1668, #1684, .T. ) ;
#1321 = VECTOR ( 'NONE', #3912, 1000.000000000000000 ) ;
#1322 = CARTESIAN_POINT ( 'NONE',  ( 0.3146807352246302480, 3.886895502379069001, 10.01059815232095929 ) ) ;
#1323 = ORIENTED_EDGE ( 'NONE', *, *, #2075, .F. ) ;
#1324 = CARTESIAN_POINT ( 'NONE',  ( 5.807337495895643187, -5.688365357764967101, 2.781229763135013133 ) ) ;
#1325 = ORIENTED_EDGE ( 'NONE', *, *, #2966, .T. ) ;
#1326 = DIRECTION ( 'NONE',  ( -1.000000000000000000, -0.000000000000000000, -0.000000000000000000 ) ) ;
#1327 = CARTESIAN_POINT ( 'NONE',  ( 0.4959482244580810106, -10.89257800167813350, 0.7731718701260928972 ) ) ;
#1328 = AXIS2_PLACEMENT_3D ( 'NONE', #1463, #3726, #3040 ) ;
#1329 = EDGE_CURVE ( 'NONE', #2545, #2964, #3956, .T. ) ;
#1330 = CARTESIAN_POINT ( 'NONE',  ( 0.000000000000000000, 0.000000000000000000, 0.000000000000000000 ) ) ;
#1331 = CIRCLE ( 'NONE', #3940, 13.06066017082141251 ) ;
#1332 = CARTESIAN_POINT ( 'NONE',  ( 5.781056083966186421, 2.277939658901671383, 5.879858837943821470 ) ) ;
#1333 = ORIENTED_EDGE ( 'NONE', *, *, #3430, .F. ) ;
#1334 = CARTESIAN_POINT ( 'NONE',  ( 0.3146807352246331346, 7.761136229029855116, -7.421913260615930596 ) ) ;
#1335 = CARTESIAN_POINT ( 'NONE',  ( 2.636624412713949539, -10.70401657216187452, 7.483640378889242939 ) ) ;
#1336 = CARTESIAN_POINT ( 'NONE',  ( 13.56835537283902227, -0.009654875687367210288, 0.003426003848636996994 ) ) ;
#1337 = CARTESIAN_POINT ( 'NONE',  ( 5.780979408894890703, -2.260829647626185324, 5.886275114292810251 ) ) ;
#1338 = CARTESIAN_POINT ( 'NONE',  ( 0.3723593555270008348, -3.435147222037571169, -10.26304929855525749 ) ) ;
#1339 = ORIENTED_EDGE ( 'NONE', *, *, #474, .T. ) ;
#1340 = CARTESIAN_POINT ( 'NONE',  ( 2.636624412714652976, -12.86061556398311190, 2.277149844236165510 ) ) ;
#1341 = CARTESIAN_POINT ( 'NONE',  ( 5.797806088099521027, 4.197591805873309490, 4.727843936856370277 ) ) ;
#1342 = CARTESIAN_POINT ( 'NONE',  ( 5.826145232815649777, -2.813375021576652202, -5.693531827597746897 ) ) ;
#1343 = ORIENTED_EDGE ( 'NONE', *, *, #2772, .F. ) ;
#1344 = ORIENTED_EDGE ( 'NONE', *, *, #2380, .T. ) ;
#1345 = CARTESIAN_POINT ( 'NONE',  ( 0.3150212513444524687, 3.961261554704873067, -9.982091073708048157 ) ) ;
#1346 = CARTESIAN_POINT ( 'NONE',  ( 0.3072101391086899946, 7.927663766067668760, -7.248609728848496303 ) ) ;
#1347 = VERTEX_POINT ( 'NONE', #2612 ) ;
#1348 = CARTESIAN_POINT ( 'NONE',  ( 13.56759717490972861, -0.007463296338657497350, 0.005965047388505162300 ) ) ;
#1349 = EDGE_CURVE ( 'NONE', #2727, #3007, #657, .T. ) ;
#1350 = CARTESIAN_POINT ( 'NONE',  ( 0.3151928475901036864, 0.0002468243872885704428, 10.73922860773664389 ) ) ;
#1351 = B_SPLINE_CURVE_WITH_KNOTS ( 'NONE', 3,
 ( #3559, #471, #3580, #1305, #2875, #493, #73 ),
 .UNSPECIFIED., .F., .F.,
 ( 4, 3, 4 ),
 ( 1.564259901893439581E-17, 0.002265310746493348886, 0.007027290684749719005 ),
 .UNSPECIFIED. ) ;
#1352 = CARTESIAN_POINT ( 'NONE',  ( 0.4810029444423268297, -9.778727171396667472, -4.888303648767701404 ) ) ;
#1353 = ADVANCED_FACE ( 'NONE', ( #2588 ), #856, .T. ) ;
#1354 = CARTESIAN_POINT ( 'NONE',  ( 5.780979408894889815, 2.563577074302009873, 5.760873024190128255 ) ) ;
#1355 = VERTEX_POINT ( 'NONE', #1744 ) ;
#1356 = CARTESIAN_POINT ( 'NONE',  ( 2.636624412714652088, 2.817732372801484697, -12.75308701346298257 ) ) ;
#1357 = CARTESIAN_POINT ( 'NONE',  ( 6.233220831025892750, 1.529292397461879061, -8.632204623616001271 ) ) ;
#1358 = ADVANCED_FACE ( 'NONE', ( #230 ), #1787, .F. ) ;
#1359 = FACE_OUTER_BOUND ( 'NONE', #1901, .T. ) ;
#1360 = CARTESIAN_POINT ( 'NONE',  ( 5.826145232815644448, -2.036578408418071362, 6.015291519973523293 ) ) ;
#1361 = VERTEX_POINT ( 'NONE', #2221 ) ;
#1362 = CARTESIAN_POINT ( 'NONE',  ( 7.148871875792691455, -7.555699621490367335, 1.338904651110528921 ) ) ;
#1363 = CARTESIAN_POINT ( 'NONE',  ( 6.937403657009209468, 1.827796645335810988, 5.046082048811724619 ) ) ;
#1364 = EDGE_CURVE ( 'NONE', #3312, #917, #782, .T. ) ;
#1365 = CARTESIAN_POINT ( 'NONE',  ( 13.56676982392279740, -0.005362415580934704572, -0.007640452277799767399 ) ) ;
#1366 = ADVANCED_FACE ( 'NONE', ( #1817 ), #2536, .F. ) ;
#1367 = ORIENTED_EDGE ( 'NONE', *, *, #4640, .F. ) ;
#1368 = FACE_OUTER_BOUND ( 'NONE', #4904, .T. ) ;
#1369 = ORIENTED_EDGE ( 'NONE', *, *, #4269, .T. ) ;
#1370 = CARTESIAN_POINT ( 'NONE',  ( 0.3072101391086899946, 4.550283443190397570, 9.730627748280509692 ) ) ;
#1371 = CARTESIAN_POINT ( 'NONE',  ( 0.3138244244576116060, 4.476080400144514471, 9.760775788703218936 ) ) ;
#1372 = EDGE_CURVE ( 'NONE', #3126, #4526, #4153, .T. ) ;
#1373 = ORIENTED_EDGE ( 'NONE', *, *, #2550, .T. ) ;
#1374 = CARTESIAN_POINT ( 'NONE',  ( 0.3131398827181204325, 9.726272186705706702, 4.548249133634101327 ) ) ;
#1375 = CARTESIAN_POINT ( 'NONE',  ( 0.4959482244580784016, -4.882726802909742148, 9.767549806965076797 ) ) ;
#1376 = CARTESIAN_POINT ( 'NONE',  ( 0.3125344821672537687, -10.72267642947638144, 0.5505953527052090957 ) ) ;
#1377 = CARTESIAN_POINT ( 'NONE',  ( 5.829707808122727819, -2.818262460288549764, 5.695088164432426936 ) ) ;
#1378 = CARTESIAN_POINT ( 'NONE',  ( 0.000000000000000000, 0.000000000000000000, -9.500000000000000000 ) ) ;
#1379 = EDGE_LOOP ( 'NONE', ( #479, #522, #198, #3642 ) ) ;
#1380 =( BOUNDED_SURFACE ( )  B_SPLINE_SURFACE ( 3, 1, ( 
 ( #1348, #1275 ),
 ( #3265, #3294 ),
 ( #2088, #901 ),
 ( #3704, #4015 ) ),
 .UNSPECIFIED., .F., .F., .F. ) 
 B_SPLINE_SURFACE_WITH_KNOTS ( ( 4, 4 ),
 ( 2, 2 ),
 ( 0.000000000000000000, 1.000000000000000000 ),
 ( 0.000000000000000000, 1.000000000000000000 ),
 .UNSPECIFIED. ) 
 GEOMETRIC_REPRESENTATION_ITEM ( )  RATIONAL_B_SPLINE_SURFACE ( (
 ( 1.000000000000000000, 1.000000000000000000),
 ( 0.9544777771602501737, 0.9992633679055394902),
 ( 0.9544777771602501737, 0.9992633679055394902),
 ( 1.000000000000000000, 1.000000000000000000) ) ) 
 REPRESENTATION_ITEM ( '' )  SURFACE ( )  );
#1381 = CARTESIAN_POINT ( 'NONE',  ( 0.3131398827181169353, 0.4799510588011935419, -10.72644339064184038 ) ) ;
#1382 = CARTESIAN_POINT ( 'NONE',  ( 7.148871875792691455, 1.338904651110552679, 7.555699621490362006 ) ) ;
#1383 = CARTESIAN_POINT ( 'NONE',  ( 7.148871875792691455, -6.468179606601606402, -4.128427668216817281 ) ) ;
#1384 = CARTESIAN_POINT ( 'NONE',  ( 0.3148517337138179717, -4.293536930231485194, 9.843314926783030216 ) ) ;
#1385 = FACE_OUTER_BOUND ( 'NONE', #2217, .T. ) ;
#1386 = ORIENTED_EDGE ( 'NONE', *, *, #5003, .T. ) ;
#1387 = CARTESIAN_POINT ( 'NONE',  ( 5.034355368874721570, 5.485968419462353474, -8.596669508961364059 ) ) ;
#1388 = CARTESIAN_POINT ( 'NONE',  ( 5.780252906077951280, -4.239045270293853918, -4.667041023218557960 ) ) ;
#1389 = FACE_OUTER_BOUND ( 'NONE', #659, .T. ) ;
#1390 = VERTEX_POINT ( 'NONE', #1793 ) ;
#1391 = LINE ( 'NONE', #2958, #1015 ) ;
#1392 = VERTEX_POINT ( 'NONE', #4956 ) ;
#1393 = EDGE_LOOP ( 'NONE', ( #4141, #1454, #100, #965 ) ) ;
#1394 = CARTESIAN_POINT ( 'NONE',  ( 1.348381451710667589, -8.985782472070384941, 7.662929611238441296 ) ) ;
#1395 = EDGE_LOOP ( 'NONE', ( #5070, #2111, #4593, #4365 ) ) ;
#1396 = CARTESIAN_POINT ( 'NONE',  ( 0.4460866974656260142, -4.855342915142323079, -9.725494323177789724 ) ) ;
#1397 = CARTESIAN_POINT ( 'NONE',  ( 35.00005079999999680, 0.000000000000000000, 5.000000000000000888 ) ) ;
#1398 = CARTESIAN_POINT ( 'NONE',  ( 2.636624412714236865, 12.86061556398349914, -2.277149844236485254 ) ) ;
#1399 = B_SPLINE_CURVE_WITH_KNOTS ( 'NONE', 3,
 ( #4458, #4093, #4882, #4796, #609, #144, #171 ),
 .UNSPECIFIED., .F., .F.,
 ( 4, 3, 4 ),
 ( 3.647263843325823303E-16, 0.002265310746493315926, 0.007027290684749403285 ),
 .UNSPECIFIED. ) ;
#1400 = CONICAL_SURFACE ( 'NONE', #4859, 7.673412698073462934, 0.8735574070079478171 ) ;
#1401 = CARTESIAN_POINT ( 'NONE',  ( 5.781256649740094566, -4.427842748383285176, 4.489687114342395091 ) ) ;
#1402 = CARTESIAN_POINT ( 'NONE',  ( 5.781280995375704279, 2.379546262056400074, 5.839756163523178500 ) ) ;
#1403 = VERTEX_POINT ( 'NONE', #4932 ) ;
#1404 = MECHANICAL_DESIGN_GEOMETRIC_PRESENTATION_REPRESENTATION (  '', ( #761 ), #589 ) ;
#1405 = CARTESIAN_POINT ( 'NONE',  ( 0.3125344840682520720, -0.5505951308779436504, 10.72267644130486097 ) ) ;
#1406 = CARTESIAN_POINT ( 'NONE',  ( 0.3131398827181169353, -7.924117507852417752, 7.245364211220522321 ) ) ;
#1407 = CARTESIAN_POINT ( 'NONE',  ( 4.091188226140854312, 9.280932393601029062, 6.488297065466338331 ) ) ;
#1408 = CIRCLE ( 'NONE', #1978, 13.06066017082141251 ) ;
#1409 = CARTESIAN_POINT ( 'NONE',  ( 0.3131398827181195443, -4.548249133634135966, 9.726272186705694267 ) ) ;
#1410 = CARTESIAN_POINT ( 'NONE',  ( 13.56759717490972861, -0.001059421992559115471, -0.009495272909580958209 ) ) ;
#1411 = ORIENTED_EDGE ( 'NONE', *, *, #829, .T. ) ;
#1412 = CARTESIAN_POINT ( 'NONE',  ( 7.148871875792691455, 0.000000000000000000, 0.000000000000000000 ) ) ;
#1413 = CARTESIAN_POINT ( 'NONE',  ( 5.781295420454911849, -5.824538834145912780, 2.416593007223537537 ) ) ;
#1414 = ADVANCED_FACE ( 'NONE', ( #2565 ), #612, .F. ) ;
#1415 = CARTESIAN_POINT ( 'NONE',  ( 5.780373642321761984, -2.148066458206004725, 5.927710934927419295 ) ) ;
#1416 = CONICAL_SURFACE ( 'NONE', #354, 7.673412698073462934, 0.8735574070079478171 ) ;
#1417 = B_SPLINE_CURVE_WITH_KNOTS ( 'NONE', 3,
 ( #2779, #1944, #4295, #2003, #2703, #1223, #1196 ),
 .UNSPECIFIED., .F., .F.,
 ( 4, 3, 4 ),
 ( 5.693707915624598923E-16, 0.002265310746493347151, 0.007027290684749686045 ),
 .UNSPECIFIED. ) ;
#1418 = CARTESIAN_POINT ( 'NONE',  ( 2.666330941622472306, 11.02077394041742586, 7.491800182701977562 ) ) ;
#1419 = ORIENTED_EDGE ( 'NONE', *, *, #2056, .F. ) ;
#1420 = CARTESIAN_POINT ( 'NONE',  ( 0.3143374579902193933, 10.03933652234453433, 3.811926110002969104 ) ) ;
#1421 = EDGE_LOOP ( 'NONE', ( #4479, #3671, #2600, #2493 ) ) ;
#1422 = EDGE_CURVE ( 'NONE', #3749, #2053, #4572, .T. ) ;
#1423 = CARTESIAN_POINT ( 'NONE',  ( 0.4959482244580810106, 10.89257800167812817, -0.7731718701261690585 ) ) ;
#1424 = CARTESIAN_POINT ( 'NONE',  ( 5.034355368874709136, 8.358176933342223336, -5.842897782486913272 ) ) ;
#1425 = CARTESIAN_POINT ( 'NONE',  ( 5.888395157494900722, -6.396597398412626312, -0.4574818382620624568 ) ) ;
#1426 = LINE ( 'NONE', #559, #2641 ) ;
#1427 = CARTESIAN_POINT ( 'NONE',  ( 0.3072101391086899946, 9.730627748280561207, -4.550283443190290100 ) ) ;
#1428 = CARTESIAN_POINT ( 'NONE',  ( 0.3151928479966147334, 2.712003742961783613E-17, -10.73922861027048903 ) ) ;
#1429 = ORIENTED_EDGE ( 'NONE', *, *, #1531, .F. ) ;
#1430 = CARTESIAN_POINT ( 'NONE',  ( 5.110416117198859354, 2.179987333286912410, -9.869261299931274323 ) ) ;
#1431 = CARTESIAN_POINT ( 'NONE',  ( 5.782469467446518685, 4.681474696541103597, -4.226403703658810684 ) ) ;
#1432 = CARTESIAN_POINT ( 'NONE',  ( 6.794699092203798862, -6.397644094325784181, -3.580645861261209539 ) ) ;
#1433 = CARTESIAN_POINT ( 'NONE',  ( 7.148871875792691455, 0.000000000000000000, 0.000000000000000000 ) ) ;
#1434 = CARTESIAN_POINT ( 'NONE',  ( 5.780266697385846975, -2.132389535263998326, 5.933278141903190139 ) ) ;
#1435 = ORIENTED_EDGE ( 'NONE', *, *, #1753, .T. ) ;
#1436 = CARTESIAN_POINT ( 'NONE',  ( 0.8889338621415179276, -10.74630120766356356, -3.535859527974099858 ) ) ;
#1437 = CARTESIAN_POINT ( 'NONE',  ( 13.58175377392158367, -0.01118491811000967354, -0.001633601598411536836 ) ) ;
#1438 = CARTESIAN_POINT ( 'NONE',  ( 5.888395157494899834, 0.4574818382620848833, -6.396597398412624536 ) ) ;
#1439 = CARTESIAN_POINT ( 'NONE',  ( 6.233220831025898079, 8.560352035958675998, -1.890519749002997463 ) ) ;
#1440 = ORIENTED_EDGE ( 'NONE', *, *, #3452, .T. ) ;
#1441 = CARTESIAN_POINT ( 'NONE',  ( 0.3138252630704985724, 9.760818058098220007, 4.475991988253417375 ) ) ;
#1442 = ORIENTED_EDGE ( 'NONE', *, *, #4738, .F. ) ;
#1443 = ORIENTED_EDGE ( 'NONE', *, *, #4329, .T. ) ;
#1444 = CARTESIAN_POINT ( 'NONE',  ( 5.810243213707155796, 6.322298447466417670, 0.3975978526156592752 ) ) ;
#1445 = FACE_OUTER_BOUND ( 'NONE', #2422, .T. ) ;
#1446 = CARTESIAN_POINT ( 'NONE',  ( 5.810243213707160237, -5.993196244982078369, 2.052106352110839360 ) ) ;
#1447 = CARTESIAN_POINT ( 'NONE',  ( 0.4959482244580810106, 4.882726802909672870, 9.767549806965110548 ) ) ;
#1448 = CARTESIAN_POINT ( 'NONE',  ( 1.999780352464531674, 11.97711222890487726, -3.308766363581839620 ) ) ;
#1449 = CARTESIAN_POINT ( 'NONE',  ( 5.795455118506463776, 4.200124222111501382, -4.722450077092927856 ) ) ;
#1450 = VERTEX_POINT ( 'NONE', #2949 ) ;
#1451 = CARTESIAN_POINT ( 'NONE',  ( 0.3178557125107202008, -3.962763750037694876, -9.985509058942950489 ) ) ;
#1452 = CARTESIAN_POINT ( 'NONE',  ( 5.888395157494902499, -0.4574818382619499912, -6.396597398412635194 ) ) ;
#1453 = CARTESIAN_POINT ( 'NONE',  ( 6.937403657009209468, 5.046082048811720178, 1.827796645335828973 ) ) ;
#1454 = ORIENTED_EDGE ( 'NONE', *, *, #4377, .F. ) ;
#1455 = CARTESIAN_POINT ( 'NONE',  ( 5.826145232815648001, -6.336769533006304300, 0.4203992976482003319 ) ) ;
#1456 = CARTESIAN_POINT ( 'NONE',  ( 2.666330941622472306, -7.314879667475529423, -11.13898844930141330 ) ) ;
#1457 = CARTESIAN_POINT ( 'NONE',  ( 2.112679944503184526, 12.17075723209320337, -3.377209704817189184 ) ) ;
#1458 = ADVANCED_FACE ( 'NONE', ( #2714 ), #1135, .F. ) ;
#1459 = CARTESIAN_POINT ( 'NONE',  ( 0.3020602839598333644, 4.691326916302750227, 9.666631465797417277 ) ) ;
#1460 = CARTESIAN_POINT ( 'NONE',  ( 13.58175377392158367, 0.01095866918144996344, -0.002771031772010904611 ) ) ;
#1461 = VERTEX_POINT ( 'NONE', #801 ) ;
#1462 = EDGE_LOOP ( 'NONE', ( #318, #1292, #3575, #951 ) ) ;
#1463 = CARTESIAN_POINT ( 'NONE',  ( -21.42413736143699765, 0.000000000000000000, 0.000000000000000000 ) ) ;
#1464 = ORIENTED_EDGE ( 'NONE', *, *, #3755, .F. ) ;
#1465 = VERTEX_POINT ( 'NONE', #3862 ) ;
#1466 = CARTESIAN_POINT ( 'NONE',  ( 5.853692992412375062, 6.362812130941651212, 0.4432701330924746497 ) ) ;
#1467 = CARTESIAN_POINT ( 'NONE',  ( 0.4959482244580810106, 9.767549806965163839, -4.882726802909567176 ) ) ;
#1468 = CARTESIAN_POINT ( 'NONE',  ( 2.337031956193645232, 7.609063422671829002, -10.25077584897208283 ) ) ;
#1469 = B_SPLINE_CURVE_WITH_KNOTS ( 'NONE', 3,
 ( #228, #2122, #2094, #4888, #1405, #2976 ),
 .UNSPECIFIED., .F., .F.,
 ( 4, 2, 4 ),
 ( 2.087110302749270224E-17, 0.0002092205112235684481, 0.0004184410224471160253 ),
 .UNSPECIFIED. ) ;
#1470 = EDGE_CURVE ( 'NONE', #1821, #3312, #4324, .T. ) ;
#1471 = CARTESIAN_POINT ( 'NONE',  ( 7.148871875792691455, -4.395937880801906950, -6.289434997126998717 ) ) ;
#1472 = DIRECTION ( 'NONE',  ( -1.000000000000000000, -0.000000000000000000, -0.000000000000000000 ) ) ;
#1473 = CARTESIAN_POINT ( 'NONE',  ( 5.837519771178497408, 2.828140776027030512, 5.698902957498918731 ) ) ;
#1474 = ORIENTED_EDGE ( 'NONE', *, *, #857, .F. ) ;
#1475 = CARTESIAN_POINT ( 'NONE',  ( 0.3138244244576136599, 7.304859161545285140, -7.870646248935390332 ) ) ;
#1476 = CARTESIAN_POINT ( 'NONE',  ( 0.3020602839598329759, 4.691326916302881678, -9.666631465797355105 ) ) ;
#1477 = CIRCLE ( 'NONE', #420, 7.673412698073462934 ) ;
#1478 = EDGE_CURVE ( 'NONE', #635, #4089, #4137, .T. ) ;
#1479 = CARTESIAN_POINT ( 'NONE',  ( 13.56791779411215160, 0.005223691454576628868, -0.008415269538980958350 ) ) ;
#1480 = AXIS2_PLACEMENT_3D ( 'NONE', #1076, #1472, #4147 ) ;
#1481 = CARTESIAN_POINT ( 'NONE',  ( 5.781256649740090126, -5.842392093244784590, -2.372664413247993931 ) ) ;
#1482 = CARTESIAN_POINT ( 'NONE',  ( 5.795455118505627112, -6.309212792607538312, 0.3693401540443710385 ) ) ;
#1483 = CARTESIAN_POINT ( 'NONE',  ( 5.791186417076433557, -4.205818045719861509, -4.711668505865844736 ) ) ;
#1484 = CARTESIAN_POINT ( 'NONE',  ( 0.4959482244580827315, 10.35930993710113235, 3.454091471063624130 ) ) ;
#1485 = AXIS2_PLACEMENT_3D ( 'NONE', #605, #4140, #3065 ) ;
#1486 = CARTESIAN_POINT ( 'NONE',  ( 7.024951713254540486, -5.183815947335061125, -1.724051694985766492 ) ) ;
#1487 = CARTESIAN_POINT ( 'NONE',  ( 5.888395157494900722, -5.734614693997549750, -2.870529954748110679 ) ) ;
#1488 = VERTEX_POINT ( 'NONE', #3402 ) ;
#1489 = EDGE_LOOP ( 'NONE', ( #79, #266, #3648, #785 ) ) ;
#1490 = CONICAL_SURFACE ( 'NONE', #3198, 13.06066017082141251, 0.7853981625000066025 ) ;
#1491 = CARTESIAN_POINT ( 'NONE',  ( 2.636624412714327015, -7.483640378888496869, 10.70401657216359048 ) ) ;
#1492 = ORIENTED_EDGE ( 'NONE', *, *, #2075, .T. ) ;
#1493 = LINE ( 'NONE', #3016, #3284 ) ;
#1494 = CARTESIAN_POINT ( 'NONE',  ( 5.781056083966182868, -2.546941476786601655, 5.768434636672869154 ) ) ;
#1495 = CARTESIAN_POINT ( 'NONE',  ( 0.4959482244580810106, -7.155500697201162552, 8.248930841978879158 ) ) ;
#1496 = CARTESIAN_POINT ( 'NONE',  ( 5.853692992412380391, -6.048104032988295131, 2.025414582425252963 ) ) ;
#1497 = CARTESIAN_POINT ( 'NONE',  ( 0.3151931105838667868, 7.565728908851420798, 7.621836155904298415 ) ) ;
#1498 = CARTESIAN_POINT ( 'NONE',  ( 3.606333622658779436, 11.72055803855904621, -2.075510150565474277 ) ) ;
#1499 = CARTESIAN_POINT ( 'NONE',  ( 0.3146794788796298259, -0.2401607822032065520, -10.73602942569057994 ) ) ;
#1500 = CARTESIAN_POINT ( 'NONE',  ( 5.780631868880690583, 6.300581215535713042, -0.2438904617053449242 ) ) ;
#1501 = CARTESIAN_POINT ( 'NONE',  ( 2.112679944503185858, 12.17075723209315363, 3.377209704817363711 ) ) ;
#1502 = CARTESIAN_POINT ( 'NONE',  ( 0.3131398827181169353, 0.4799510588011935419, -10.72644339064184038 ) ) ;
#1503 = DIRECTION ( 'NONE',  ( 0.7767995536391634204, 0.4251645283234379291, 0.4645617045361197794 ) ) ;
#1504 = CARTESIAN_POINT ( 'NONE',  ( 7.148871875792692343, 7.492932861594794325, 1.654454461926316400 ) ) ;
#1505 = CARTESIAN_POINT ( 'NONE',  ( 5.819745664830773713, -4.185909975771238578, -4.767402724288694493 ) ) ;
#1506 = CARTESIAN_POINT ( 'NONE',  ( 0.3131398827181169353, -7.245364211220494788, -7.924117507852441733 ) ) ;
#1507 = ADVANCED_FACE ( 'NONE', ( #705 ), #3067, .F. ) ;
#1508 = CARTESIAN_POINT ( 'NONE',  ( 5.864710941409940759, 6.060567157398818239, -2.022894990490383904 ) ) ;
#1509 = CARTESIAN_POINT ( 'NONE',  ( 0.3131398827181169353, 7.245364211220661765, -7.924117507852290743 ) ) ;
#1510 = VERTEX_POINT ( 'NONE', #4283 ) ;
#1511 = ORIENTED_EDGE ( 'NONE', *, *, #2690, .T. ) ;
#1512 = CARTESIAN_POINT ( 'NONE',  ( 5.780373642321761984, -5.927710934927411301, -2.148066458206025153 ) ) ;
#1513 = ORIENTED_EDGE ( 'NONE', *, *, #2835, .F. ) ;
#1514 = EDGE_CURVE ( 'NONE', #190, #2487, #3603, .T. ) ;
#1515 = EDGE_CURVE ( 'NONE', #4881, #2704, #1866, .T. ) ;
#1516 = CARTESIAN_POINT ( 'NONE',  ( 0.3990563068656146073, 7.120745987388287901, 8.150888834892151991 ) ) ;
#1517 = CARTESIAN_POINT ( 'NONE',  ( 5.785401201709998276, -4.691366050280113775, -4.219769301666656425 ) ) ;
#1518 = CARTESIAN_POINT ( 'NONE',  ( 0.3989394446945327410, -10.25528540849840553, -3.459567448544986323 ) ) ;
#1519 = CARTESIAN_POINT ( 'NONE',  ( 7.148871875792691455, 1.338904651110552679, 7.555699621490362006 ) ) ;
#1520 = CARTESIAN_POINT ( 'NONE',  ( 5.780373642321761984, -5.927710934927442388, 2.148066458205942997 ) ) ;
#1521 = CARTESIAN_POINT ( 'NONE',  ( 0.3150212513444533569, 7.706340466412212820, 7.479709347583122891 ) ) ;
#1522 = EDGE_CURVE ( 'NONE', #1801, #1993, #1553, .T. ) ;
#1523 = CARTESIAN_POINT ( 'NONE',  ( 0.8889338621415194819, -0.8457231836474820019, -11.28140259648762544 ) ) ;
#1524 = CARTESIAN_POINT ( 'NONE',  ( 5.816512944234062843, 4.186945511554568178, -4.762189641691467301 ) ) ;
#1525 = CARTESIAN_POINT ( 'NONE',  ( 5.876541064897891076, -5.724652835808934803, -2.863948550351294475 ) ) ;
#1526 = CARTESIAN_POINT ( 'NONE',  ( 2.666330941622472306, -11.13898844930128185, -7.314879667475731928 ) ) ;
#1527 = CARTESIAN_POINT ( 'NONE',  ( 6.346074985646366073, -4.415926679048491010, 5.265101804905642169 ) ) ;
#1528 = CARTESIAN_POINT ( 'NONE',  ( 0.4959482244580810106, 3.454091471063727159, -10.35930993710109504 ) ) ;
#1529 = CARTESIAN_POINT ( 'NONE',  ( 7.148871875792691455, -1.338904651110606192, 7.555699621490351348 ) ) ;
#1530 = CARTESIAN_POINT ( 'NONE',  ( 5.795455118506474435, 5.970292923209917113, 2.073205398138924238 ) ) ;
#1531 = EDGE_CURVE ( 'NONE', #291, #137, #406, .T. ) ;
#1532 = CARTESIAN_POINT ( 'NONE',  ( 5.786827336177551295, 5.952500764269115230, -2.097880528971140635 ) ) ;
#1533 = CARTESIAN_POINT ( 'NONE',  ( 4.091188226140727302, -6.488297065466458236, 9.280932393601128538 ) ) ;
#1534 = ORIENTED_EDGE ( 'NONE', *, *, #2152, .T. ) ;
#1535 = EDGE_LOOP ( 'NONE', ( #497, #3848, #1716, #1227 ) ) ;
#1536 = CARTESIAN_POINT ( 'NONE',  ( 5.849679172800146709, -6.043524499202434619, -2.026448174258954182 ) ) ;
#1537 = ORIENTED_EDGE ( 'NONE', *, *, #3083, .T. ) ;
#1538 =( BOUNDED_SURFACE ( )  B_SPLINE_SURFACE ( 3, 1, ( 
 ( #238, #658 ),
 ( #2204, #389 ),
 ( #3157, #4709 ),
 ( #812, #1193 ) ),
 .UNSPECIFIED., .F., .F., .F. ) 
 B_SPLINE_SURFACE_WITH_KNOTS ( ( 4, 4 ),
 ( 2, 2 ),
 ( 0.000000000000000000, 1.000000000000000000 ),
 ( 0.000000000000000000, 1.000000000000000000 ),
 .UNSPECIFIED. ) 
 GEOMETRIC_REPRESENTATION_ITEM ( )  RATIONAL_B_SPLINE_SURFACE ( (
 ( 1.000000000000000000, 1.000000000000000000),
 ( 0.9928172745385618336, 0.8240640142147769298),
 ( 0.9928172745385618336, 0.8240640142147769298),
 ( 1.000000000000000000, 1.000000000000000000) ) ) 
 REPRESENTATION_ITEM ( '' )  SURFACE ( )  );
#1539 = EDGE_CURVE ( 'NONE', #2794, #390, #4603, .T. ) ;
#1540 = CARTESIAN_POINT ( 'NONE',  ( 6.937403657009209468, -5.046082048811705967, -1.827796645335864278 ) ) ;
#1541 = CARTESIAN_POINT ( 'NONE',  ( 5.795455118506263048, 4.722450077092485543, 4.200124222111687011 ) ) ;
#1542 = CARTESIAN_POINT ( 'NONE',  ( 5.837519771179479733, 2.029935405692278927, -6.029530447451622699 ) ) ;
#1543 = CARTESIAN_POINT ( 'NONE',  ( 13.56890048206675203, -0.01053996198465919319, -0.0005502997644802854697 ) ) ;
#1544 = CARTESIAN_POINT ( 'NONE',  ( 13.56759717490972861, -0.009495272909580954740, 0.001059421992559148214 ) ) ;
#1545 = CARTESIAN_POINT ( 'NONE',  ( 5.888395157494902499, -4.199588886833065082, 4.846565907042536203 ) ) ;
#1546 = CARTESIAN_POINT ( 'NONE',  ( 1.999503599690069855, -10.80860341833288096, 6.129137671607133520 ) ) ;
#1547 = CARTESIAN_POINT ( 'NONE',  ( 13.58175377392158367, 0.01095866918145064171, 0.002771031772011784550 ) ) ;
#1548 = ORIENTED_EDGE ( 'NONE', *, *, #2162, .F. ) ;
#1549 = CARTESIAN_POINT ( 'NONE',  ( 7.148871875792691455, -1.338904651110606192, 7.555699621490351348 ) ) ;
#1550 = CARTESIAN_POINT ( 'NONE',  ( 5.811739754377836853, -0.3999997167859018488, -6.323645595539397313 ) ) ;
#1551 = CARTESIAN_POINT ( 'NONE',  ( 7.024951713254540486, -5.448987474260472474, 0.3909444054863338569 ) ) ;
#1552 = ORIENTED_EDGE ( 'NONE', *, *, #1953, .F. ) ;
#1553 = B_SPLINE_CURVE_WITH_KNOTS ( 'NONE', 3,
 ( #2038, #2065, #2477, #437, #3172, #4408, #3628, #1991, #1606, #4337, #828, #1278, #4749, #4361, #95, #2869 ),
 .UNSPECIFIED., .F., .F.,
 ( 4, 3, 3, 3, 3, 4 ),
 ( 0.000000000000000000, 5.634548159639130304E-05, 0.0001127033737012633156, 0.0001403741958204952033, 0.0001969210919195186755, 0.0002472485937300358274 ),
 .UNSPECIFIED. ) ;
#1554 = CARTESIAN_POINT ( 'NONE',  ( 0.4959482244580775134, -9.767549806965057257, -4.882726802909776787 ) ) ;
#1555 = CARTESIAN_POINT ( 'NONE',  ( 0.3146794788796314912, -4.330380221785318895, -9.826892294381417869 ) ) ;
#1556 = CARTESIAN_POINT ( 'NONE',  ( 0.4959482244580827315, 10.35930993710113235, 3.454091471063624130 ) ) ;
#1557 = CIRCLE ( 'NONE', #3607, 9.500000000000000000 ) ;
#1558 = CARTESIAN_POINT ( 'NONE',  ( 5.781125901799034850, -2.527050561126670480, -5.777287592841950037 ) ) ;
#1559 = B_SPLINE_CURVE_WITH_KNOTS ( 'NONE', 3,
 ( #4331, #2734, #4381, #822, #2366, #3592 ),
 .UNSPECIFIED., .F., .F.,
 ( 4, 2, 4 ),
 ( 1.651549905890837931E-17, 0.0002092205112235676079, 0.0004184410224471187358 ),
 .UNSPECIFIED. ) ;
#1560 = ADVANCED_FACE ( 'NONE', ( #4799 ), #1490, .T. ) ;
#1561 = FACE_OUTER_BOUND ( 'NONE', #946, .T. ) ;
#1562 = ORIENTED_EDGE ( 'NONE', *, *, #1902, .F. ) ;
#1563 = ORIENTED_EDGE ( 'NONE', *, *, #1154, .T. ) ;
#1564 = CARTESIAN_POINT ( 'NONE',  ( 13.56890048206675203, -0.004541879518436825990, -0.009527064548373117767 ) ) ;
#1565 = AXIS2_PLACEMENT_3D ( 'NONE', #2903, #2095, #4466 ) ;
#1566 = LINE ( 'NONE', #1540, #4773 ) ;
#1567 = CARTESIAN_POINT ( 'NONE',  ( 5.789276915956757641, -4.706316364481112124, -4.208943623518482724 ) ) ;
#1568 = ORIENTED_EDGE ( 'NONE', *, *, #1781, .F. ) ;
#1569 = CARTESIAN_POINT ( 'NONE',  ( 5.780266697385847863, 2.132389535263334857, -5.933278141903419289 ) ) ;
#1570 = CARTESIAN_POINT ( 'NONE',  ( 7.024951713254538710, -5.183815947335085106, 1.724051694985692995 ) ) ;
#1571 = FACE_OUTER_BOUND ( 'NONE', #1421, .T. ) ;
#1572 = CARTESIAN_POINT ( 'NONE',  ( 13.58175377392158367, 0.006753800674610135890, 0.009064062210598007249 ) ) ;
#1573 = EDGE_CURVE ( 'NONE', #2121, #4751, #103, .T. ) ;
#1574 = CARTESIAN_POINT ( 'NONE',  ( 2.337031422897768440, -1.867972042214235406, 12.62881304725427611 ) ) ;
#1575 = CARTESIAN_POINT ( 'NONE',  ( 2.112679944503185858, 1.537412228780367318, 12.53671570355078657 ) ) ;
#1576 = ORIENTED_EDGE ( 'NONE', *, *, #1320, .T. ) ;
#1577 = CARTESIAN_POINT ( 'NONE',  ( 6.350699776881512548, -2.119819410196443599, -6.540507056792427498 ) ) ;
#1578 = B_SPLINE_CURVE_WITH_KNOTS ( 'NONE', 3,
 ( #2146, #4857, #3709, #1354, #1789, #3348, #3959, #2872, #1402, #3300, #1767, #1332, #2922, #446, #2000, #4829 ),
 .UNSPECIFIED., .F., .F.,
 ( 4, 3, 3, 3, 3, 4 ),
 ( 0.000000000000000000, 0.0001201367182547261113, 0.0002402733039868095420, 0.0003604098457935268071, 0.0004641886131672984923, 0.0005680047735601320659 ),
 .UNSPECIFIED. ) ;
#1579 = DIRECTION ( 'NONE',  ( 1.000000000000000000, 0.000000000000000000, 0.000000000000000000 ) ) ;
#1580 = EDGE_CURVE ( 'NONE', #2106, #3063, #3516, .T. ) ;
#1581 = DIRECTION ( 'NONE',  ( 0.000000000000000000, 0.000000000000000000, 1.000000000000000000 ) ) ;
#1582 = ADVANCED_FACE ( 'NONE', ( #18 ), #2842, .F. ) ;
#1583 = EDGE_LOOP ( 'NONE', ( #578, #4156, #1091, #3324, #2002, #2880 ) ) ;
#1584 = CARTESIAN_POINT ( 'NONE',  ( 5.599799548363812107, 0.000000000000000000, 5.000000000000000888 ) ) ;
#1585 = CARTESIAN_POINT ( 'NONE',  ( 0.3150212513444525797, -9.859439196026027474, 4.257369381255329266 ) ) ;
#1586 = CARTESIAN_POINT ( 'NONE',  ( 0.3125344821672560447, 10.11716500635195715, 3.594706843112030814 ) ) ;
#1587 = EDGE_CURVE ( 'NONE', #4149, #1749, #4200, .T. ) ;
#1588 = EDGE_CURVE ( 'NONE', #2837, #1104, #473, .T. ) ;
#1589 = CARTESIAN_POINT ( 'NONE',  ( 5.780596792240386250, -2.180676681830099550, -5.916131087804767930 ) ) ;
#1590 = CARTESIAN_POINT ( 'NONE',  ( 5.810243213707159349, 2.052106352110862009, 5.993196244982065934 ) ) ;
#1591 = CARTESIAN_POINT ( 'NONE',  ( 0.3989394446945312422, 0.7283042629548319713, 10.79856743468105762 ) ) ;
#1592 = ORIENTED_EDGE ( 'NONE', *, *, #4916, .T. ) ;
#1593 = CARTESIAN_POINT ( 'NONE',  ( 0.3072101391086899946, -4.550283443190324739, -9.730627748280543443 ) ) ;
#1594 = CARTESIAN_POINT ( 'NONE',  ( 5.780373642321761984, -2.672612239964041958, 5.710436958037639954 ) ) ;
#1595 = CARTESIAN_POINT ( 'NONE',  ( 0.3149798893762127405, -0.1597996450389427281, 10.73790131968768691 ) ) ;
#1596 = ORIENTED_EDGE ( 'NONE', *, *, #3561, .F. ) ;
#1597 = CARTESIAN_POINT ( 'NONE',  ( 0.3131398827181169353, -10.09361082380419816, -3.661415213967293081 ) ) ;
#1598 = CARTESIAN_POINT ( 'NONE',  ( 13.57761964090312645, -0.009180870333824904181, -0.01152196077040300130 ) ) ;
#1599 = DIRECTION ( 'NONE',  ( -1.000000000000000000, -0.000000000000000000, -0.000000000000000000 ) ) ;
#1600 = CARTESIAN_POINT ( 'NONE',  ( 5.599799548363812107, 0.000000000000000000, -6.124340373424995043 ) ) ;
#1601 = B_SPLINE_CURVE_WITH_KNOTS ( 'NONE', 3,
 ( #4394, #105, #3957, #1612, #1, #4807 ),
 .UNSPECIFIED., .F., .F.,
 ( 4, 2, 4 ),
 ( 0.000000000000000000, 0.0009821026408563901956, 0.001964205281712780391 ),
 .UNSPECIFIED. ) ;
#1602 = CARTESIAN_POINT ( 'NONE',  ( 5.110416117199063635, 9.869261299931054054, 2.179987333286761864 ) ) ;
#1603 = CARTESIAN_POINT ( 'NONE',  ( 0.3150212513444548001, 9.859439196026061225, -4.257369381255255547 ) ) ;
#1604 = ORIENTED_EDGE ( 'NONE', *, *, #3232, .T. ) ;
#1605 = CARTESIAN_POINT ( 'NONE',  ( 6.350699776881512548, -3.125898212415584965, 6.123775572097183151 ) ) ;
#1606 = CARTESIAN_POINT ( 'NONE',  ( 5.814817957557504080, 2.794893627081413090, -5.689998044802391242 ) ) ;
#1607 = CARTESIAN_POINT ( 'NONE',  ( 13.57761964090312645, -0.01289128168725463784, -0.007131536758726352530 ) ) ;
#1608 = ORIENTED_EDGE ( 'NONE', *, *, #1149, .F. ) ;
#1609 = CARTESIAN_POINT ( 'NONE',  ( -21.42413736143699765, 1.163414459189985288E-15, 9.500000000000000000 ) ) ;
#1610 = DIRECTION ( 'NONE',  ( 0.000000000000000000, 0.000000000000000000, 1.000000000000000000 ) ) ;
#1611 = CARTESIAN_POINT ( 'NONE',  ( 0.3151931105838668978, -7.565728908851368395, -7.621836155904349930 ) ) ;
#1612 = CARTESIAN_POINT ( 'NONE',  ( 6.346074985646363409, 5.265101804905657268, 4.415926679048471470 ) ) ;
#1613 = CARTESIAN_POINT ( 'NONE',  ( 7.148871875792690567, -7.555699621490346907, -1.338904651110632171 ) ) ;
#1614 = ORIENTED_EDGE ( 'NONE', *, *, #1746, .F. ) ;
#1615 = ORIENTED_EDGE ( 'NONE', *, *, #885, .F. ) ;
#1616 = CARTESIAN_POINT ( 'NONE',  ( 5.826145232815647113, -6.015291519973508194, -2.036578408418092234 ) ) ;
#1617 = EDGE_CURVE ( 'NONE', #3976, #1403, #1426, .T. ) ;
#1618 = CARTESIAN_POINT ( 'NONE',  ( 6.350699776881511660, 2.119819410196491560, 6.540507056792411511 ) ) ;
#1619 = ORIENTED_EDGE ( 'NONE', *, *, #2978, .T. ) ;
#1620 = CARTESIAN_POINT ( 'NONE',  ( 5.849679172800960281, 2.026448174258739687, -6.043524499203371647 ) ) ;
#1621 = CARTESIAN_POINT ( 'NONE',  ( 0.8889338621414287767, 5.098552207058542507, 10.09901270616553859 ) ) ;
#1622 = DIRECTION ( 'NONE',  ( 0.000000000000000000, 0.000000000000000000, 1.000000000000000000 ) ) ;
#1623 = CARTESIAN_POINT ( 'NONE',  ( 13.56890048206675203, 0.009948245753774660402, -0.003525058140137904937 ) ) ;
#1624 = DIRECTION ( 'NONE',  ( 0.7767995536391634204, -0.4251645283234412043, -0.4645617045361167818 ) ) ;
#1625 = CARTESIAN_POINT ( 'NONE',  ( 5.781056083966186421, -6.304011001820949645, -0.1455827347715829834 ) ) ;
#1626 = ORIENTED_EDGE ( 'NONE', *, *, #519, .T. ) ;
#1627 = ADVANCED_FACE ( 'NONE', ( #4146 ), #4781, .F. ) ;
#1628 = CARTESIAN_POINT ( 'NONE',  ( 5.780979408894893368, 5.886275114292817356, 2.260829647626163563 ) ) ;
#1629 = CARTESIAN_POINT ( 'NONE',  ( 5.780596792240385362, 4.278687904370436001, 4.631283586195266366 ) ) ;
#1630 = CARTESIAN_POINT ( 'NONE',  ( 0.3178557125107202008, 3.962763750037768595, 9.985509058942920291 ) ) ;
#1631 = ORIENTED_EDGE ( 'NONE', *, *, #4580, .F. ) ;
#1632 = CARTESIAN_POINT ( 'NONE',  ( 0.3072101391086899946, 10.73124590139689083, 0.4801637145096487314 ) ) ;
#1633 = CARTESIAN_POINT ( 'NONE',  ( 0.8889325092155471175, 7.379138909189858708, 8.575171752287797489 ) ) ;
#1634 = EDGE_CURVE ( 'NONE', #5068, #4739, #3700, .T. ) ;
#1635 = CARTESIAN_POINT ( 'NONE',  ( 5.780373642321761984, 4.654461362248261125, -4.252991401856562881 ) ) ;
#1636 = CARTESIAN_POINT ( 'NONE',  ( 5.780916678224961913, -2.245565152284331401, -5.892048155649598939 ) ) ;
#1637 = CARTESIAN_POINT ( 'NONE',  ( 0.4959482244580775134, 0.7731718701262840776, -10.89257800167811929 ) ) ;
#1638 = ORIENTED_EDGE ( 'NONE', *, *, #1580, .F. ) ;
#1639 = ORIENTED_EDGE ( 'NONE', *, *, #2995, .F. ) ;
#1640 = CARTESIAN_POINT ( 'NONE',  ( 5.786827336177280401, 4.216112305997408605, 4.696569501846475703 ) ) ;
#1641 = CARTESIAN_POINT ( 'NONE',  ( 2.636624412714557053, -11.01023197665849906, -7.025356639905028011 ) ) ;
#1642 = CONICAL_SURFACE ( 'NONE', #96, 7.673412698073462934, 0.8735574070079478171 ) ;
#1643 = EDGE_LOOP ( 'NONE', ( #152, #940, #4710, #1805 ) ) ;
#1644 = CARTESIAN_POINT ( 'NONE',  ( 7.148871875792691455, 1.654454461926289754, 7.492932861594800542 ) ) ;
#1645 = CARTESIAN_POINT ( 'NONE',  ( 0.3989394446945330741, 3.459567448545017410, -10.25528540849839310 ) ) ;
#1646 = CARTESIAN_POINT ( 'NONE',  ( 13.56759717490972861, 0.009177911541205643203, -0.002654905333064612721 ) ) ;
#1647 =( BOUNDED_SURFACE ( )  B_SPLINE_SURFACE ( 3, 1, ( 
 ( #899, #4403 ),
 ( #115, #4766 ),
 ( #1179, #1954 ),
 ( #1254, #4382 ) ),
 .UNSPECIFIED., .F., .F., .F. ) 
 B_SPLINE_SURFACE_WITH_KNOTS ( ( 4, 4 ),
 ( 2, 2 ),
 ( 0.000000000000000000, 1.000000000000000000 ),
 ( 0.000000000000000000, 1.000000000000000000 ),
 .UNSPECIFIED. ) 
 GEOMETRIC_REPRESENTATION_ITEM ( )  RATIONAL_B_SPLINE_SURFACE ( (
 ( 1.000000000000000000, 1.000000000000000000),
 ( 0.9928172745385618336, 0.8240640142147777070),
 ( 0.9928172745385618336, 0.8240640142147777070),
 ( 1.000000000000000000, 1.000000000000000000) ) ) 
 REPRESENTATION_ITEM ( '' )  SURFACE ( )  );
#1648 = AXIS2_PLACEMENT_3D ( 'NONE', #3145, #2421, #2346 ) ;
#1649 = CARTESIAN_POINT ( 'NONE',  ( 5.599799548363812107, 7.500153835203825588E-16, 6.124340373424995043 ) ) ;
#1650 = CARTESIAN_POINT ( 'NONE',  ( 5.781295420454916290, -6.305962321818336491, 0.003686304789004742673 ) ) ;
#1651 = ORIENTED_EDGE ( 'NONE', *, *, #1588, .T. ) ;
#1652 = CARTESIAN_POINT ( 'NONE',  ( 2.636624412714317245, -11.01023197665846531, 7.025356639904448919 ) ) ;
#1653 = CARTESIAN_POINT ( 'NONE',  ( 5.781217879015563277, 4.517778904941362583, 4.399303381068691898 ) ) ;
#1654 = CARTESIAN_POINT ( 'NONE',  ( 7.148871875792691455, 6.289434997127012039, -4.395937880801886521 ) ) ;
#1655 = ORIENTED_EDGE ( 'NONE', *, *, #337, .F. ) ;
#1656 = CARTESIAN_POINT ( 'NONE',  ( 13.56759717490972861, -0.009495272909580552284, -0.001059421992558367588 ) ) ;
#1657 = CARTESIAN_POINT ( 'NONE',  ( 0.3072101391086903277, -0.4801637145095354886, -10.73124590139689616 ) ) ;
#1658 = CARTESIAN_POINT ( 'NONE',  ( 5.780916678224961913, 4.584202115499945940, -4.329420894980458456 ) ) ;
#1659 = CARTESIAN_POINT ( 'NONE',  ( 0.4959482244580810106, -7.155500697201162552, 8.248930841978879158 ) ) ;
#1660 = CARTESIAN_POINT ( 'NONE',  ( 0.3138252630704951307, -7.870580742796038365, 7.304932047140012763 ) ) ;
#1661 = ORIENTED_EDGE ( 'NONE', *, *, #401, .T. ) ;
#1662 = CARTESIAN_POINT ( 'NONE',  ( 0.3989394446945330186, -9.697865458191069266, 4.805298252514290880 ) ) ;
#1663 = CARTESIAN_POINT ( 'NONE',  ( 5.810243213706170806, 4.189395967119448727, 4.751684242656669888 ) ) ;
#1664 = EDGE_CURVE ( 'NONE', #192, #1898, #2793, .T. ) ;
#1665 = CARTESIAN_POINT ( 'NONE',  ( 13.56676982392279740, 0.005006749878308337960, -0.007878100502535265864 ) ) ;
#1666 = ORIENTED_EDGE ( 'NONE', *, *, #4085, .T. ) ;
#1667 = CARTESIAN_POINT ( 'NONE',  ( 13.56890048206675203, -0.007841999287951196412, -0.007063757897651696399 ) ) ;
#1668 = VERTEX_POINT ( 'NONE', #3652 ) ;
#1669 = CARTESIAN_POINT ( 'NONE',  ( 0.3131398827181195443, 4.548249133634198138, -9.726272186705662293 ) ) ;
#1670 =( BOUNDED_SURFACE ( )  B_SPLINE_SURFACE ( 3, 1, ( 
 ( #623, #520 ),
 ( #3252, #2927 ),
 ( #2485, #128 ),
 ( #2537, #4470 ) ),
 .UNSPECIFIED., .F., .F., .F. ) 
 B_SPLINE_SURFACE_WITH_KNOTS ( ( 4, 4 ),
 ( 2, 2 ),
 ( 0.000000000000000000, 1.000000000000000000 ),
 ( 0.000000000000000000, 1.000000000000000000 ),
 .UNSPECIFIED. ) 
 GEOMETRIC_REPRESENTATION_ITEM ( )  RATIONAL_B_SPLINE_SURFACE ( (
 ( 1.000000000000000000, 1.000000000000000000),
 ( 0.9928172745385618336, 0.8240640142147777070),
 ( 0.9928172745385618336, 0.8240640142147777070),
 ( 1.000000000000000000, 1.000000000000000000) ) ) 
 REPRESENTATION_ITEM ( '' )  SURFACE ( )  );
#1671 = CARTESIAN_POINT ( 'NONE',  ( 13.56835537283902227, -0.0005295461330394378528, 0.01023101694859181350 ) ) ;
#1672 = VERTEX_POINT ( 'NONE', #1398 ) ;
#1673 = DIRECTION ( 'NONE',  ( -0.7767995536391633093, -0.2150207380305882710, 0.5919024714281718724 ) ) ;
#1674 = ORIENTED_EDGE ( 'NONE', *, *, #3337, .F. ) ;
#1675 = CARTESIAN_POINT ( 'NONE',  ( 2.636624412714236865, 0.000000000000000000, 0.000000000000000000 ) ) ;
#1676 = CARTESIAN_POINT ( 'NONE',  ( 13.56890048206675203, 0.004541879518435970771, -0.009527064548372696229 ) ) ;
#1677 = B_SPLINE_CURVE_WITH_KNOTS ( 'NONE', 3,
 ( #4875, #191, #4788, #2439, #164, #1342, #1269, #525, #3987, #2051, #4086, #2836, #3616, #111, #3692, #1289 ),
 .UNSPECIFIED., .F., .F.,
 ( 4, 3, 3, 3, 3, 4 ),
 ( 1.502314598737159232E-18, 5.657295310011112223E-05, 0.0001131630509250468677, 0.0001409051504093670158, 0.0001974894552779732186, 0.0002472425787894680154 ),
 .UNSPECIFIED. ) ;
#1678 = EDGE_CURVE ( 'NONE', #390, #2794, #3278, .T. ) ;
#1679 = CARTESIAN_POINT ( 'NONE',  ( 6.772577236260942435, 3.602976120425547713, 6.346876310171038149 ) ) ;
#1680 = CARTESIAN_POINT ( 'NONE',  ( 6.843654862292568808, -4.604798479040168147, -6.588043952843588791 ) ) ;
#1681 = ORIENTED_EDGE ( 'NONE', *, *, #4085, .F. ) ;
#1682 = CARTESIAN_POINT ( 'NONE',  ( 13.56835537283902227, -0.007608867124406986510, 0.006859975801160563165 ) ) ;
#1683 = CARTESIAN_POINT ( 'NONE',  ( 5.781056083966185533, 0.1455827347716050213, -6.304011001820950533 ) ) ;
#1684 = B_SPLINE_CURVE_WITH_KNOTS ( 'NONE', 3,
 ( #3606, #4024, #4805, #4441, #4730, #4369, #3560, #4833, #543, #1283, #1216, #3201, #1658, #2023, #74, #1635 ),
 .UNSPECIFIED., .F., .F.,
 ( 4, 3, 3, 3, 3, 4 ),
 ( 1.226634733346699349E-18, 0.0001201367182547269922, 0.0002402733039868115749, 0.0003604098457935297345, 0.0004641886131673002812, 0.0005680047735601307648 ),
 .UNSPECIFIED. ) ;
#1685 = CARTESIAN_POINT ( 'NONE',  ( 5.781217879015559724, 5.793305489086652216, -2.490342944803800140 ) ) ;
#1686 = CARTESIAN_POINT ( 'NONE',  ( 13.56759717490972861, 0.005965047388505183117, 0.007463296338657480003 ) ) ;
#1687 = CARTESIAN_POINT ( 'NONE',  ( 5.888395157494899834, 2.870529954748127999, -5.734614693997540869 ) ) ;
#1688 = ORIENTED_EDGE ( 'NONE', *, *, #4370, .F. ) ;
#1689 = CARTESIAN_POINT ( 'NONE',  ( 0.4959482244580818433, -9.767549806965126535, 4.882726802909639119 ) ) ;
#1690 = CARTESIAN_POINT ( 'NONE',  ( 5.864710941409938982, -4.825105553855833840, 4.188189920006230693 ) ) ;
#1691 = ADVANCED_FACE ( 'NONE', ( #224 ), #3358, .F. ) ;
#1692 = CARTESIAN_POINT ( 'NONE',  ( 13.57223985685982726, -0.001862322494628483810, -0.01422832630261094793 ) ) ;
#1693 = ORIENTED_EDGE ( 'NONE', *, *, #2499, .F. ) ;
#1694 = CARTESIAN_POINT ( 'NONE',  ( 13.58175377392158367, -0.002771031772011670492, 0.01095866918145067120 ) ) ;
#1695 = ORIENTED_EDGE ( 'NONE', *, *, #1960, .T. ) ;
#1696 = CARTESIAN_POINT ( 'NONE',  ( 13.56835537283902227, 0.006859975801160483368, 0.007608867124407057633 ) ) ;
#1697 = ADVANCED_FACE ( 'NONE', ( #3268 ), #2367, .F. ) ;
#1698 = CARTESIAN_POINT ( 'NONE',  ( 5.806118102235265255, -0.3900843764126904478, 6.318629331456955711 ) ) ;
#1699 = DIRECTION ( 'NONE',  ( -0.7672866406251407367, -0.4205941516209314446, 0.4841195830995219107 ) ) ;
#1700 = VERTEX_POINT ( 'NONE', #3443 ) ;
#1701 = CARTESIAN_POINT ( 'NONE',  ( 0.8889325092157134289, 10.09901156504397157, 5.098551464040161463 ) ) ;
#1702 = ORIENTED_EDGE ( 'NONE', *, *, #2492, .T. ) ;
#1703 = CARTESIAN_POINT ( 'NONE',  ( 5.780373642321761984, -4.654461362248173195, -4.252991401856659692 ) ) ;
#1704 =( BOUNDED_SURFACE ( )  B_SPLINE_SURFACE ( 3, 1, ( 
 ( #2008, #767 ),
 ( #1598, #2757 ),
 ( #3966, #3517 ),
 ( #1543, #2365 ) ),
 .UNSPECIFIED., .F., .F., .F. ) 
 B_SPLINE_SURFACE_WITH_KNOTS ( ( 4, 4 ),
 ( 2, 2 ),
 ( 0.000000000000000000, 1.000000000000000000 ),
 ( 0.000000000000000000, 1.000000000000000000 ),
 .UNSPECIFIED. ) 
 GEOMETRIC_REPRESENTATION_ITEM ( )  RATIONAL_B_SPLINE_SURFACE ( (
 ( 1.000000000000000000, 1.000000000000000000),
 ( 0.7963945362475481904, 0.9530866181159203254),
 ( 0.7963945362475481904, 0.9530866181159203254),
 ( 1.000000000000000000, 1.000000000000000000) ) ) 
 REPRESENTATION_ITEM ( '' )  SURFACE ( )  );
#1705 = CARTESIAN_POINT ( 'NONE',  ( 13.56890048206675203, 0.01053996198465919666, 0.0005502997644802126113 ) ) ;
#1706 = B_SPLINE_CURVE_WITH_KNOTS ( 'NONE', 3,
 ( #4202, #2688, #5030, #1836, #1473, #5001, #702, #746, #3050, #2292, #4622, #1908, #4148, #3000, #3474, #3757 ),
 .UNSPECIFIED., .F., .F.,
 ( 4, 3, 3, 3, 3, 4 ),
 ( 9.697399036122160616E-19, 5.657295310010920455E-05, 0.0001131630509250476538, 0.0001409051504093679103, 0.0001974894552779730560, 0.0002472425787894670397 ),
 .UNSPECIFIED. ) ;
#1707 = B_SPLINE_CURVE_WITH_KNOTS ( 'NONE', 3,
 ( #4931, #1816, #1431, #4547, #1838, #1056, #1034, #2587, #4152, #2194, #3401, #3375, #3094, #4954, #4666, #2123 ),
 .UNSPECIFIED., .F., .F.,
 ( 4, 3, 3, 3, 3, 4 ),
 ( 1.226634733346699349E-18, 5.634548159531717039E-05, 0.0001127033736993460260, 0.0001403741958185935940, 0.0001969210919176424637, 0.0002472485937301618117 ),
 .UNSPECIFIED. ) ;
#1708 = CARTESIAN_POINT ( 'NONE',  ( 5.864710941409938982, -2.855065369429082622, 5.715870900237254304 ) ) ;
#1709 = CARTESIAN_POINT ( 'NONE',  ( 13.56890048206675203, -0.0005502997644808046941, -0.01053996198465991484 ) ) ;
#1710 = ORIENTED_EDGE ( 'NONE', *, *, #1734, .F. ) ;
#1711 = CARTESIAN_POINT ( 'NONE',  ( 0.3151923201557836340, 7.536992918814615194, -7.650565178379538978 ) ) ;
#1712 = CARTESIAN_POINT ( 'NONE',  ( 0.3723593555270010569, -10.79639511769827465, 0.7538367224995532467 ) ) ;
#1713 = CARTESIAN_POINT ( 'NONE',  ( 0.3178557125107202008, -7.482405201426495900, -7.708923407747044543 ) ) ;
#1714 = DIRECTION ( 'NONE',  ( 0.000000000000000000, 0.000000000000000000, 1.000000000000000000 ) ) ;
#1715 = CARTESIAN_POINT ( 'NONE',  ( 2.636624412714327903, -2.817732372802026930, 12.75308701346210327 ) ) ;
#1716 = ORIENTED_EDGE ( 'NONE', *, *, #2427, .T. ) ;
#1717 = PRODUCT_CONTEXT ( 'NONE', #3540, 'mechanical' ) ;
#1718 = CARTESIAN_POINT ( 'NONE',  ( 5.780373642321761984, 6.298520252597380242, -0.2838821314355886027 ) ) ;
#1719 = CARTESIAN_POINT ( 'NONE',  ( 5.876541064897402578, 4.192903924370868118, 4.836673244140405004 ) ) ;
#1720 = B_SPLINE_CURVE_WITH_KNOTS ( 'NONE', 3,
 ( #305, #3626, #2845, #1628, #3598, #3552, #94, #3944, #3996, #3972, #880, #405, #1990, #3171, #462, #3147 ),
 .UNSPECIFIED., .F., .F.,
 ( 4, 3, 3, 3, 3, 4 ),
 ( 1.563658610346375379E-18, 0.0001201367182547266127, 0.0002402733039868103280, 0.0003604098457935278371, 0.0004641886131672991970, 0.0005680047735601310901 ),
 .UNSPECIFIED. ) ;
#1721 = EDGE_CURVE ( 'NONE', #4876, #3915, #2290, .T. ) ;
#1722 = CARTESIAN_POINT ( 'NONE',  ( 5.837519771178495631, 0.4319856335407074588, 6.347382419582982216 ) ) ;
#1723 = VERTEX_POINT ( 'NONE', #3491 ) ;
#1724 = CARTESIAN_POINT ( 'NONE',  ( 5.837519771178503625, -4.182817180819610847, 4.793737122523204164 ) ) ;
#1725 = ORIENTED_EDGE ( 'NONE', *, *, #3782, .F. ) ;
#1726 = AXIS2_PLACEMENT_3D ( 'NONE', #232, #4915, #2517 ) ;
#1727 = CARTESIAN_POINT ( 'NONE',  ( 5.814817957557504080, -0.4046770356710724936, 6.326432219928995515 ) ) ;
#1728 = VECTOR ( 'NONE', #668, 1000.000000000000000 ) ;
#1729 = CARTESIAN_POINT ( 'NONE',  ( 0.3315128891686956458, 10.15790648860278722, -3.535739363072923247 ) ) ;
#1730 = ORIENTED_EDGE ( 'NONE', *, *, #806, .T. ) ;
#1731 = ORIENTED_EDGE ( 'NONE', *, *, #2432, .F. ) ;
#1732 = CARTESIAN_POINT ( 'NONE',  ( 13.56676982392279740, 0.009110965078868582187, -0.002030351497555071914 ) ) ;
#1733 = B_SPLINE_CURVE_WITH_KNOTS ( 'NONE', 3,
 ( #4743, #3192, #4719, #485, #2397, #3213 ),
 .UNSPECIFIED., .F., .F.,
 ( 4, 2, 4 ),
 ( 2.468197616305571356E-18, 0.0002092284541179443354, 0.0004184569082358862314 ),
 .UNSPECIFIED. ) ;
#1734 = EDGE_CURVE ( 'NONE', #3551, #3126, #3211, .T. ) ;
#1735 = AXIS2_PLACEMENT_3D ( 'NONE', #990, #3359, #2227 ) ;
#1736 = AXIS2_PLACEMENT_3D ( 'NONE', #2790, #827, #4771 ) ;
#1737 = CARTESIAN_POINT ( 'NONE',  ( 5.797806088100178279, -2.761609406231698927, 5.687336700726031147 ) ) ;
#1738 = VECTOR ( 'NONE', #2057, 1000.000000000000114 ) ;
#1739 = CARTESIAN_POINT ( 'NONE',  ( 13.56791779411215160, -0.008415269538980125683, 0.005223691454576862188 ) ) ;
#1740 = ORIENTED_EDGE ( 'NONE', *, *, #2530, .T. ) ;
#1741 =( BOUNDED_SURFACE ( )  B_SPLINE_SURFACE ( 3, 1, ( 
 ( #1261, #1657 ),
 ( #2071, #1996 ),
 ( #102, #4861 ),
 ( #4392, #3177 ) ),
 .UNSPECIFIED., .F., .F., .F. ) 
 B_SPLINE_SURFACE_WITH_KNOTS ( ( 4, 4 ),
 ( 2, 2 ),
 ( 0.000000000000000000, 1.000000000000000000 ),
 ( 0.000000000000000000, 1.000000000000000000 ),
 .UNSPECIFIED. ) 
 GEOMETRIC_REPRESENTATION_ITEM ( )  RATIONAL_B_SPLINE_SURFACE ( (
 ( 1.000000000000000000, 1.000000000000000000),
 ( 0.9544777771602501737, 0.9992633679055394902),
 ( 0.9544777771602501737, 0.9992633679055394902),
 ( 1.000000000000000000, 1.000000000000000000) ) ) 
 REPRESENTATION_ITEM ( '' )  SURFACE ( )  );
#1742 = CARTESIAN_POINT ( 'NONE',  ( 5.780373642321761984, -0.2838821314355225445, -6.298520252597383795 ) ) ;
#1743 = CARTESIAN_POINT ( 'NONE',  ( 0.3723593555270010569, -9.686087649737237015, 4.828055859583209042 ) ) ;
#1744 = CARTESIAN_POINT ( 'NONE',  ( 0.4959482244580818433, 0.7731718701261309779, 10.89257800167812995 ) ) ;
#1745 = EDGE_CURVE ( 'NONE', #1361, #3845, #585, .T. ) ;
#1746 = EDGE_CURVE ( 'NONE', #3007, #3162, #1477, .T. ) ;
#1747 = CARTESIAN_POINT ( 'NONE',  ( 0.3138252630704976287, -4.475991988253452902, 9.760818058098202243 ) ) ;
#1748 = CARTESIAN_POINT ( 'NONE',  ( 5.861834570473161143, -2.022962091129692830, 6.057513942876988189 ) ) ;
#1749 = VERTEX_POINT ( 'NONE', #1471 ) ;
#1750 = CARTESIAN_POINT ( 'NONE',  ( 0.4959482244580775134, 3.454091471063585495, 10.35930993710113945 ) ) ;
#1751 = CARTESIAN_POINT ( 'NONE',  ( 13.56890048206675203, 0.007063757897651724155, -0.007841999287951172126 ) ) ;
#1752 = B_SPLINE_CURVE_WITH_KNOTS ( 'NONE', 3,
 ( #2820, #2761, #4384, #1546, #1929, #3117 ),
 .UNSPECIFIED., .F., .F.,
 ( 4, 2, 4 ),
 ( 1.226634733346699349E-18, 0.001669706568511727029, 0.003339413137023452757 ),
 .UNSPECIFIED. ) ;
#1753 = EDGE_CURVE ( 'NONE', #1104, #4016, #1986, .T. ) ;
#1754 = EDGE_CURVE ( 'NONE', #3022, #3364, #3830, .T. ) ;
#1755 = CARTESIAN_POINT ( 'NONE',  ( 0.4810029444423286060, 8.258360567908495042, 7.163693068912234452 ) ) ;
#1756 = ORIENTED_EDGE ( 'NONE', *, *, #3868, .F. ) ;
#1757 = CARTESIAN_POINT ( 'NONE',  ( 5.781056083966186421, -0.1455827347715609732, 6.304011001820949645 ) ) ;
#1758 = ORIENTED_EDGE ( 'NONE', *, *, #4699, .T. ) ;
#1759 = DIRECTION ( 'NONE',  ( -0.7672866406251407367, -0.04491926337630938043, -0.6397292168534400858 ) ) ;
#1760 = CARTESIAN_POINT ( 'NONE',  ( 0.3151505758799214574, 4.035973470717615363, 9.952017125223738603 ) ) ;
#1761 = ORIENTED_EDGE ( 'NONE', *, *, #3185, .F. ) ;
#1762 = CARTESIAN_POINT ( 'NONE',  ( 5.803399891413411282, -5.688115777415264418, 2.772755418227783597 ) ) ;
#1763 = CARTESIAN_POINT ( 'NONE',  ( 0.3146794788796315467, 0.2401607822032816586, 10.73602942569057461 ) ) ;
#1764 = CARTESIAN_POINT ( 'NONE',  ( 7.148871875792691455, 0.000000000000000000, 0.000000000000000000 ) ) ;
#1765 = CARTESIAN_POINT ( 'NONE',  ( 5.888395157494900722, 6.396597398412628976, 0.4574818382620178259 ) ) ;
#1766 = B_SPLINE_CURVE_WITH_KNOTS ( 'NONE', 3,
 ( #193, #3235, #4010, #4790, #2133, #1757, #3313, #994, #945, #166 ),
 .UNSPECIFIED., .F., .F.,
 ( 4, 3, 3, 4 ),
 ( 0.0002840031398894908446, 0.0003604098457935276745, 0.0004641886131673000101, 0.0005680047735601313069 ),
 .UNSPECIFIED. ) ;
#1767 = CARTESIAN_POINT ( 'NONE',  ( 5.781154568282829587, 2.310201025855743939, 5.867364170594973949 ) ) ;
#1768 = VERTEX_POINT ( 'NONE', #3096 ) ;
#1769 = CARTESIAN_POINT ( 'NONE',  ( 5.781277812323746268, -1.071823355482273367E-11, -6.305818637059195098 ) ) ;
#1770 = CARTESIAN_POINT ( 'NONE',  ( 3.606333622658783877, 2.075510150565434753, 11.72055803855905154 ) ) ;
#1771 = CARTESIAN_POINT ( 'NONE',  ( 0.3072101391086903277, -0.4801637145096838144, 10.73124590139688905 ) ) ;
#1772 = CARTESIAN_POINT ( 'NONE',  ( 0.3149798893762155716, -4.256852554769768204, 9.859374574731157637 ) ) ;
#1773 = CARTESIAN_POINT ( 'NONE',  ( 0.3138244244576135489, -7.304859161545230073, 7.870646248935441847 ) ) ;
#1774 = EDGE_LOOP ( 'NONE', ( #4736, #1419, #924, #2060 ) ) ;
#1775 = CARTESIAN_POINT ( 'NONE',  ( 6.971778540990892559, -3.854526026327339316, -6.432910467724592962 ) ) ;
#1776 = CARTESIAN_POINT ( 'NONE',  ( 5.780832915889893009, -4.600491584631446251, -4.312171007009066415 ) ) ;
#1777 = ORIENTED_EDGE ( 'NONE', *, *, #2596, .T. ) ;
#1778 = B_SPLINE_CURVE_WITH_KNOTS ( 'NONE', 3,
 ( #1094, #368, #3184, #2751, #3088, #450, #1975, #392, #3160, #3539, #3929, #4737, #840, #787, #2728, #1920 ),
 .UNSPECIFIED., .F., .F.,
 ( 4, 3, 3, 3, 3, 4 ),
 ( 2.331034670843834533E-18, 0.0002402807489491024667, 0.0003604046903941019548, 0.0004805286307080689195, 0.0007203409650750134795, 0.0009603276570517849109 ),
 .UNSPECIFIED. ) ;
#1779 = ORIENTED_EDGE ( 'NONE', *, *, #421, .F. ) ;
#1780 = DIRECTION ( 'NONE',  ( -1.000000000000000000, -0.000000000000000000, -0.000000000000000000 ) ) ;
#1781 = EDGE_CURVE ( 'NONE', #4836, #4937, #2230, .T. ) ;
#1782 = CARTESIAN_POINT ( 'NONE',  ( 6.538437847175469386, 7.082648511093599275, 4.520330966445673226 ) ) ;
#1783 = VERTEX_POINT ( 'NONE', #1545 ) ;
#1784 = CARTESIAN_POINT ( 'NONE',  ( 5.781982565355651360, -5.697642134984102213, 2.703583689919484279 ) ) ;
#1785 = CARTESIAN_POINT ( 'NONE',  ( 1.348381451710669143, 10.51833390579592553, -5.369304303943494006 ) ) ;
#1786 = CARTESIAN_POINT ( 'NONE',  ( 0.3020602839598329759, -9.666631465797371092, -4.691326916302852368 ) ) ;
#1787 =( BOUNDED_SURFACE ( )  B_SPLINE_SURFACE ( 3, 1, ( 
 ( #674, #4522 ),
 ( #593, #3739 ),
 ( #1336, #1057 ),
 ( #566, #3685 ) ),
 .UNSPECIFIED., .F., .F., .F. ) 
 B_SPLINE_SURFACE_WITH_KNOTS ( ( 4, 4 ),
 ( 2, 2 ),
 ( 0.000000000000000000, 1.000000000000000000 ),
 ( 0.000000000000000000, 1.000000000000000000 ),
 .UNSPECIFIED. ) 
 GEOMETRIC_REPRESENTATION_ITEM ( )  RATIONAL_B_SPLINE_SURFACE ( (
 ( 1.000000000000000000, 1.000000000000000000),
 ( 0.9928172745385618336, 0.8240640142147769298),
 ( 0.9928172745385618336, 0.8240640142147769298),
 ( 1.000000000000000000, 1.000000000000000000) ) ) 
 REPRESENTATION_ITEM ( '' )  SURFACE ( )  );
#1788 = EDGE_CURVE ( 'NONE', #557, #1403, #3151, .T. ) ;
#1789 = CARTESIAN_POINT ( 'NONE',  ( 5.781125901799033961, 2.527050561126712669, 5.777287592841930497 ) ) ;
#1790 = VERTEX_POINT ( 'NONE', #2242 ) ;
#1791 = CARTESIAN_POINT ( 'NONE',  ( 13.56676982392279740, -0.009110965078868597800, 0.002030351497555004259 ) ) ;
#1792 = CARTESIAN_POINT ( 'NONE',  ( 2.112679944503184526, 10.99407285475365015, 6.217977087222928745 ) ) ;
#1793 = CARTESIAN_POINT ( 'NONE',  ( 0.3131398827181195443, -0.4799510588009680001, -10.72644339064184926 ) ) ;
#1794 = CARTESIAN_POINT ( 'NONE',  ( 5.795455118505625336, -2.073205398140613553, 5.970292923208441849 ) ) ;
#1795 = ORIENTED_EDGE ( 'NONE', *, *, #4103, .F. ) ;
#1796 = CARTESIAN_POINT ( 'NONE',  ( 2.636624412714278165, 7.025356639903302280, -11.01023197665851860 ) ) ;
#1797 = CARTESIAN_POINT ( 'NONE',  ( 5.781125901799033961, -5.777287592841939379, 2.527050561126691353 ) ) ;
#1798 = CARTESIAN_POINT ( 'NONE',  ( 0.3723593555270008348, 0.7538367224997415406, -10.79639511769825866 ) ) ;
#1799 = B_SPLINE_CURVE_WITH_KNOTS ( 'NONE', 3,
 ( #4808, #4757, #1285, #2409, #3228, #2852, #1999, #1590, #3180, #3982, #3203, #3564, #4783, #1265, #476, #4317 ),
 .UNSPECIFIED., .F., .F.,
 ( 4, 3, 3, 3, 3, 4 ),
 ( 8.673617379884035472E-19, 5.634548159638853154E-05, 0.0001127033737012603611, 0.0001403741958204920049, 0.0001969210919195143658, 0.0002472485937300384837 ),
 .UNSPECIFIED. ) ;
#1800 = CARTESIAN_POINT ( 'NONE',  ( 5.861834570473159367, 5.713759398861530059, -2.852858973419203359 ) ) ;
#1801 = VERTEX_POINT ( 'NONE', #298 ) ;
#1802 = B_SPLINE_CURVE_WITH_KNOTS ( 'NONE', 3,
 ( #4658, #1138, #2700, #3482, #756, #5066 ),
 .UNSPECIFIED., .F., .F.,
 ( 4, 2, 4 ),
 ( 9.540979117872439019E-18, 0.0009821026408563995197, 0.001964205281712789498 ),
 .UNSPECIFIED. ) ;
#1803 = CARTESIAN_POINT ( 'NONE',  ( 2.636624412714652088, -7.025356639904986267, -11.01023197665855591 ) ) ;
#1804 = EDGE_LOOP ( 'NONE', ( #3758, #503, #1604, #4390 ) ) ;
#1805 = ORIENTED_EDGE ( 'NONE', *, *, #4639, .F. ) ;
#1806 = CARTESIAN_POINT ( 'NONE',  ( 5.841349233018250153, 6.350992383849834333, 0.4353188794170775866 ) ) ;
#1807 = CARTESIAN_POINT ( 'NONE',  ( 1.999503599690095390, -7.640328031620481575, 9.798858301942427573 ) ) ;
#1808 = CARTESIAN_POINT ( 'NONE',  ( 2.636624412714522858, 10.70401657216391378, -7.483640378888378741 ) ) ;
#1809 = CARTESIAN_POINT ( 'NONE',  ( 7.148871875792691455, -4.395937880801906950, -6.289434997126998717 ) ) ;
#1810 = CIRCLE ( 'NONE', #3048, 7.673412698073462934 ) ;
#1811 = CARTESIAN_POINT ( 'NONE',  ( 0.4810029444423268297, 10.37115695281033290, -3.458051635725085671 ) ) ;
#1812 = CARTESIAN_POINT ( 'NONE',  ( 13.57761964090312645, 0.01152196077040348703, 0.009180870333825910320 ) ) ;
#1813 = EDGE_LOOP ( 'NONE', ( #2511, #4858, #3638, #1843 ) ) ;
#1814 = CONICAL_SURFACE ( 'NONE', #2142, 7.673412698073462934, 0.8735574070079478171 ) ;
#1815 = CARTESIAN_POINT ( 'NONE',  ( 0.3151931105838668423, 7.621836155904376575, -7.565728908851340861 ) ) ;
#1816 = CARTESIAN_POINT ( 'NONE',  ( 5.780252906077851804, 4.667041023218114759, -4.239045270294191425 ) ) ;
#1817 = FACE_OUTER_BOUND ( 'NONE', #1583, .T. ) ;
#1818 = FACE_OUTER_BOUND ( 'NONE', #395, .T. ) ;
#1819 = ADVANCED_FACE ( 'NONE', ( #2443 ), #3415, .F. ) ;
#1820 = CARTESIAN_POINT ( 'NONE',  ( 0.3143374579902212251, -7.363648271516153088, 7.816376565289079537 ) ) ;
#1821 = VERTEX_POINT ( 'NONE', #4793 ) ;
#1822 = CARTESIAN_POINT ( 'NONE',  ( 6.772577236260944211, -3.602976120425500195, -6.346876310171065683 ) ) ;
#1823 = CARTESIAN_POINT ( 'NONE',  ( 5.780373642321761984, -5.927710934927442388, 2.148066458205942997 ) ) ;
#1824 = CARTESIAN_POINT ( 'NONE',  ( 13.56890048206675203, 0.007841999287951146105, 0.007063757897651751043 ) ) ;
#1825 = CARTESIAN_POINT ( 'NONE',  ( 1.274928338747582934, -5.398365817400811117, 10.38129822869237451 ) ) ;
#1826 = B_SPLINE_CURVE_WITH_KNOTS ( 'NONE', 3,
 ( #2941, #4121, #2896, #952, #4043, #4069 ),
 .UNSPECIFIED., .F., .F.,
 ( 4, 2, 4 ),
 ( 1.084202172485504434E-18, 0.0009821026408563914966, 0.001964205281712781692 ),
 .UNSPECIFIED. ) ;
#1827 = ORIENTED_EDGE ( 'NONE', *, *, #78, .F. ) ;
#1828 = DIRECTION ( 'NONE',  ( -1.000000000000000000, -0.000000000000000000, -0.000000000000000000 ) ) ;
#1829 = ORIENTED_EDGE ( 'NONE', *, *, #991, .F. ) ;
#1830 = VERTEX_POINT ( 'NONE', #3911 ) ;
#1831 = CARTESIAN_POINT ( 'NONE',  ( 5.888395157494900722, 6.396597398412628976, 0.4574818382620178259 ) ) ;
#1832 = CARTESIAN_POINT ( 'NONE',  ( 5.785401201709519547, 6.301124235432363996, -0.3334692589278915320 ) ) ;
#1833 = LINE ( 'NONE', #3018, #842 ) ;
#1834 = CARTESIAN_POINT ( 'NONE',  ( 5.888395157494902499, 6.396597398412630753, -0.4574818382620169932 ) ) ;
#1835 = CARTESIAN_POINT ( 'NONE',  ( 0.3131398827181169353, -9.726272186705740452, 4.548249133634032937 ) ) ;
#1836 = CARTESIAN_POINT ( 'NONE',  ( 5.849679172800145821, 2.840501909911501865, 5.706332401394667464 ) ) ;
#1837 = ORIENTED_EDGE ( 'NONE', *, *, #848, .T. ) ;
#1838 = CARTESIAN_POINT ( 'NONE',  ( 5.791186417075797621, 4.711668505864049727, -4.205818045720908671 ) ) ;
#1839 = ADVANCED_FACE ( 'NONE', ( #2759 ), #3745, .F. ) ;
#1840 = CARTESIAN_POINT ( 'NONE',  ( 5.819745664830162646, -5.691682589547133908, -2.802627403108502335 ) ) ;
#1841 = CARTESIAN_POINT ( 'NONE',  ( 0.3723593555270008348, -10.26304929855524328, 3.435147222037610693 ) ) ;
#1842 = CARTESIAN_POINT ( 'NONE',  ( 5.781217879015559724, -5.857423980569277155, -2.335547213067545425 ) ) ;
#1843 = ORIENTED_EDGE ( 'NONE', *, *, #1364, .F. ) ;
#1844 = CARTESIAN_POINT ( 'NONE',  ( 13.56890048206675203, 0.0005502997644801762905, -0.01053996198465920013 ) ) ;
#1845 = CARTESIAN_POINT ( 'NONE',  ( 5.780631868880690583, -4.627640302260413563, -4.282727103583356509 ) ) ;
#1846 = CARTESIAN_POINT ( 'NONE',  ( 13.56759717490972861, 0.004612461923499334288, 0.008367065052335182981 ) ) ;
#1847 = EDGE_CURVE ( 'NONE', #3568, #2959, #3454, .T. ) ;
#1848 = CARTESIAN_POINT ( 'NONE',  ( 6.538437847175474715, 8.204545470536391605, -1.811832111373706811 ) ) ;
#1849 = ORIENTED_EDGE ( 'NONE', *, *, #3137, .F. ) ;
#1850 = ORIENTED_EDGE ( 'NONE', *, *, #1329, .F. ) ;
#1851 = CARTESIAN_POINT ( 'NONE',  ( 5.806118102234338885, 5.688373484780845146, 2.778425731722910186 ) ) ;
#1852 = ORIENTED_EDGE ( 'NONE', *, *, #3185, .T. ) ;
#1853 = VERTEX_POINT ( 'NONE', #1600 ) ;
#1854 = CARTESIAN_POINT ( 'NONE',  ( 2.636624412714236865, 12.86061556398349914, -2.277149844236485254 ) ) ;
#1855 = CARTESIAN_POINT ( 'NONE',  ( 5.781982565355651360, 6.298551638230381222, -0.3173923869443124879 ) ) ;
#1856 = ADVANCED_FACE ( 'NONE', ( #2010 ), #3947, .F. ) ;
#1857 = CARTESIAN_POINT ( 'NONE',  ( 13.58175377392158367, 0.006753800674611211419, -0.009064062210598291744 ) ) ;
#1858 = CARTESIAN_POINT ( 'NONE',  ( 5.786827336177549519, -6.302217744884594630, -0.3397345412558905875 ) ) ;
#1859 = CARTESIAN_POINT ( 'NONE',  ( 5.781280995375705167, -4.484618263300448326, 4.433192021009871198 ) ) ;
#1860 = CARTESIAN_POINT ( 'NONE',  ( 7.148871875792691455, 0.000000000000000000, 0.000000000000000000 ) ) ;
#1861 = ORIENTED_EDGE ( 'NONE', *, *, #244, .T. ) ;
#1862 = CARTESIAN_POINT ( 'NONE',  ( 0.3315128891686917600, -9.682869840886962010, -4.682579280612744199 ) ) ;
#1863 = CARTESIAN_POINT ( 'NONE',  ( 5.814817957557504968, -5.689998044802397459, -2.794893627081396659 ) ) ;
#1864 = CARTESIAN_POINT ( 'NONE',  ( 1.274844381333323895, 8.960113494231508824, 7.525162389864766155 ) ) ;
#1865 = CARTESIAN_POINT ( 'NONE',  ( 13.58175377392158367, 0.005789533934110998974, -0.009708364647855597870 ) ) ;
#1866 = B_SPLINE_CURVE_WITH_KNOTS ( 'NONE', 3,
 ( #1452, #3451, #4672, #2740, #4625, #3836, #2322, #1550, #3917, #3890, #3121, #4698, #2349, #3945, #46, #2766 ),
 .UNSPECIFIED., .F., .F.,
 ( 4, 3, 3, 3, 3, 4 ),
 ( 1.283990197403491865E-18, 5.657295310011291117E-05, 0.0001131630509250490090, 0.0001409051504093681271, 0.0001974894552779738691, 0.0002472425787894664976 ),
 .UNSPECIFIED. ) ;
#1867 = CARTESIAN_POINT ( 'NONE',  ( 1.999503599690353406, 3.308881961839878816, -11.97679158267891886 ) ) ;
#1868 = CARTESIAN_POINT ( 'NONE',  ( 5.780373642321761984, -4.252991401856577980, -4.654461362248246914 ) ) ;
#1869 = CARTESIAN_POINT ( 'NONE',  ( 5.780373642321761984, 5.927710934927427289, 2.148066458205984297 ) ) ;
#1870 = CARTESIAN_POINT ( 'NONE',  ( 7.148871875792691455, -1.654454461926343711, 7.492932861594788996 ) ) ;
#1871 = CARTESIAN_POINT ( 'NONE',  ( 6.129644004586983996, -5.093397502989971848, 7.286596219457861956 ) ) ;
#1872 = ORIENTED_EDGE ( 'NONE', *, *, #310, .F. ) ;
#1873 = ORIENTED_EDGE ( 'NONE', *, *, #640, .F. ) ;
#1874 = CARTESIAN_POINT ( 'NONE',  ( 0.3138244244576153252, 10.06697755391190796, 3.736843945755120355 ) ) ;
#1875 = ORIENTED_EDGE ( 'NONE', *, *, #1172, .F. ) ;
#1876 = SURFACE_STYLE_FILL_AREA ( #322 ) ;
#1877 = CARTESIAN_POINT ( 'NONE',  ( 5.780373642321761984, 4.654461362248202505, 4.252991401856626830 ) ) ;
#1878 = CARTESIAN_POINT ( 'NONE',  ( 5.816512944232867355, 6.327994152614084378, -0.4067590252559387665 ) ) ;
#1879 = CARTESIAN_POINT ( 'NONE',  ( 1.274928338748071432, 5.398365817401261424, -10.38129822869269603 ) ) ;
#1880 = CARTESIAN_POINT ( 'NONE',  ( 5.888395157494900722, -6.396597398412626312, -0.4574818382620624568 ) ) ;
#1881 = CARTESIAN_POINT ( 'NONE',  ( 5.781213164338059762, -4.512540927594879570, 4.404487228667949061 ) ) ;
#1882 = CARTESIAN_POINT ( 'NONE',  ( 5.789276915956760305, 4.208943623518495158, -4.706316364481094361 ) ) ;
#1883 = EDGE_CURVE ( 'NONE', #3255, #757, #1733, .T. ) ;
#1884 = CARTESIAN_POINT ( 'NONE',  ( 5.034355368874930292, -1.778570944146800059, 10.04167623169936796 ) ) ;
#1885 = B_SPLINE_CURVE_WITH_KNOTS ( 'NONE', 3,
 ( #1495, #2187, #664, #1807, #4246, #3367 ),
 .UNSPECIFIED., .F., .F.,
 ( 4, 2, 4 ),
 ( 5.421010862427522170E-19, 0.001669706568511758905, 0.003339413137023516942 ),
 .UNSPECIFIED. ) ;
#1886 = CARTESIAN_POINT ( 'NONE',  ( 2.636624412714236865, 0.000000000000000000, 0.000000000000000000 ) ) ;
#1887 = AXIS2_PLACEMENT_3D ( 'NONE', #928, #1237, #1961 ) ;
#1888 = DIRECTION ( 'NONE',  ( -1.000000000000000000, -0.000000000000000000, -0.000000000000000000 ) ) ;
#1889 = CARTESIAN_POINT ( 'NONE',  ( 0.3125344840682539038, -7.192747673383773410, -7.971406774848030174 ) ) ;
#1890 = CARTESIAN_POINT ( 'NONE',  ( 6.346074985646366073, 6.554221772751412267, 2.064917045390489925 ) ) ;
#1891 = CARTESIAN_POINT ( 'NONE',  ( 6.350699776881512548, -0.5444859242007306088, 6.853860369904277938 ) ) ;
#1892 = ADVANCED_FACE ( 'NONE', ( #3593 ), #1647, .F. ) ;
#1893 = DIRECTION ( 'NONE',  ( 0.000000000000000000, 0.000000000000000000, 1.000000000000000000 ) ) ;
#1894 = EDGE_CURVE ( 'NONE', #1450, #844, #4873, .T. ) ;
#1895 = AXIS2_PLACEMENT_3D ( 'NONE', #5050, #4688, #2313 ) ;
#1896 = LINE ( 'NONE', #1486, #1092 ) ;
#1897 = CARTESIAN_POINT ( 'NONE',  ( 7.148871875792691455, 0.000000000000000000, 0.000000000000000000 ) ) ;
#1898 = VERTEX_POINT ( 'NONE', #3992 ) ;
#1899 = VERTEX_POINT ( 'NONE', #3142 ) ;
#1900 = CARTESIAN_POINT ( 'NONE',  ( 2.666330941622472306, -7.314879667475694625, 11.13898844930130849 ) ) ;
#1901 = EDGE_LOOP ( 'NONE', ( #4762, #4396, #3349, #798 ) ) ;
#1902 = EDGE_CURVE ( 'NONE', #993, #3951, #3627, .T. ) ;
#1903 =( LENGTH_UNIT ( ) NAMED_UNIT ( * ) SI_UNIT ( .MILLI., .METRE. ) );
#1904 = CARTESIAN_POINT ( 'NONE',  ( 7.148871875792689679, -7.492932861594804983, 1.654454461926265552 ) ) ;
#1905 = CARTESIAN_POINT ( 'NONE',  ( 13.57761964090312645, 0.01289128168725572898, -0.007131536758726460083 ) ) ;
#1906 = CARTESIAN_POINT ( 'NONE',  ( 0.3151505758799254542, 7.537225355791322912, 7.649964748487357191 ) ) ;
#1907 = FACE_OUTER_BOUND ( 'NONE', #4508, .T. ) ;
#1908 = CARTESIAN_POINT ( 'NONE',  ( 5.789276915956096836, 2.737376370185610419, 5.689586167418564600 ) ) ;
#1909 = EDGE_CURVE ( 'NONE', #3241, #291, #3444, .T. ) ;
#1910 = CARTESIAN_POINT ( 'NONE',  ( 0.3990563068656139412, -9.697921590122700053, -4.805447850878001859 ) ) ;
#1911 = CARTESIAN_POINT ( 'NONE',  ( 1.999503599690352740, -6.129137671607407967, -10.80860341833304616 ) ) ;
#1912 = CARTESIAN_POINT ( 'NONE',  ( 1.999503599690027889, 9.798858301942365401, 7.640328031620440719 ) ) ;
#1913 = CARTESIAN_POINT ( 'NONE',  ( 6.119568941886142532, -2.072520970172413435, 6.312652765775307095 ) ) ;
#1914 = CARTESIAN_POINT ( 'NONE',  ( 13.57761964090312645, 0.01463911226356038459, -0.001655400923075004034 ) ) ;
#1915 = CARTESIAN_POINT ( 'NONE',  ( 0.3149798893762144614, -3.961581312061595028, -9.981679928039635996 ) ) ;
#1916 = CARTESIAN_POINT ( 'NONE',  ( 5.780832915889890344, 0.2038734355924405606, 6.302204156976671356 ) ) ;
#1917 = CARTESIAN_POINT ( 'NONE',  ( 0.4460866974656239603, 9.725494323177807487, -4.855342915142291105 ) ) ;
#1918 = CARTESIAN_POINT ( 'NONE',  ( 6.971778540990892559, -1.099349445369724343, -7.418297565503879198 ) ) ;
#1919 = ORIENTED_EDGE ( 'NONE', *, *, #1151, .T. ) ;
#1920 = CARTESIAN_POINT ( 'NONE',  ( 0.3131398827181169353, -10.72644339064184749, 0.4799510588010054701 ) ) ;
#1921 = ORIENTED_EDGE ( 'NONE', *, *, #3442, .F. ) ;
#1922 = B_SPLINE_CURVE_WITH_KNOTS ( 'NONE', 3,
 ( #2312, #4325, #3467, #1121 ),
 .UNSPECIFIED., .F., .F.,
 ( 4, 4 ),
 ( 2.124593680485184732E-18, 0.001963989672852248496 ),
 .UNSPECIFIED. ) ;
#1923 = CARTESIAN_POINT ( 'NONE',  ( 0.4959482244580775134, 7.155500697201103932, 8.248930841978928896 ) ) ;
#1924 = CARTESIAN_POINT ( 'NONE',  ( 5.781982565355772152, 4.678178884152534245, 4.229318265940242405 ) ) ;
#1925 = CARTESIAN_POINT ( 'NONE',  ( 7.024951713254538710, 4.884600053424164479, 2.446422764143035611 ) ) ;
#1926 = CARTESIAN_POINT ( 'NONE',  ( 7.024951713254538710, -3.576576553463742592, -4.129455433836525025 ) ) ;
#1927 = CARTESIAN_POINT ( 'NONE',  ( 13.56759717490972861, 0.008367065052335165634, -0.004612461923499362043 ) ) ;
#1928 = CARTESIAN_POINT ( 'NONE',  ( 0.3131398827181195443, 7.245364211220550743, 7.924117507852391995 ) ) ;
#1929 = CARTESIAN_POINT ( 'NONE',  ( 2.337031956193352578, -10.95266004407642235, 6.558619491554271264 ) ) ;
#1930 = CARTESIAN_POINT ( 'NONE',  ( 0.3151931105838658986, 9.936937531777584098, -4.073071666350865705 ) ) ;
#1931 = VERTEX_POINT ( 'NONE', #971 ) ;
#1932 = CARTESIAN_POINT ( 'NONE',  ( 13.56791779411215160, 0.009773715463083082824, -0.001605677387583428692 ) ) ;
#1933 = CARTESIAN_POINT ( 'NONE',  ( 13.58175377392158367, 0.009064062210597986433, -0.006753800674610167983 ) ) ;
#1934 = EDGE_CURVE ( 'NONE', #4921, #5002, #1307, .T. ) ;
#1935 = CARTESIAN_POINT ( 'NONE',  ( 0.3723593555270008348, 3.435147222037646664, 10.26304929855523262 ) ) ;
#1936 = CARTESIAN_POINT ( 'NONE',  ( 5.781154568282830475, -5.782411804005388234, -2.515294181432005338 ) ) ;
#1937 = CARTESIAN_POINT ( 'NONE',  ( 13.56791779411215160, -0.001605677387583463603, -0.009773715463083077620 ) ) ;
#1938 = CARTESIAN_POINT ( 'NONE',  ( 0.3131398827181169353, -9.726272186705740452, 4.548249133634032937 ) ) ;
#1939 = CARTESIAN_POINT ( 'NONE',  ( 6.233220831025899855, 5.022517401286476613, 7.185263450611027558 ) ) ;
#1940 = CARTESIAN_POINT ( 'NONE',  ( 0.3125344821672541573, -7.192747508164239356, 7.971406923339571904 ) ) ;
#1941 = CARTESIAN_POINT ( 'NONE',  ( 13.56890048206675203, -0.007841999287950296091, 0.007063757897651581040 ) ) ;
#1942 = VERTEX_POINT ( 'NONE', #2775 ) ;
#1943 = VERTEX_POINT ( 'NONE', #1637 ) ;
#1944 = CARTESIAN_POINT ( 'NONE',  ( 3.121479018041792841, -12.29058684818688008, 2.176329733853934467 ) ) ;
#1945 = ADVANCED_FACE ( 'NONE', ( #3636 ), #2356, .F. ) ;
#1946 = B_SPLINE_CURVE_WITH_KNOTS ( 'NONE', 3,
 ( #846, #3140, #876, #4273, #4717, #4741 ),
 .UNSPECIFIED., .F., .F.,
 ( 4, 2, 4 ),
 ( 0.000000000000000000, 0.001669664777114452390, 0.003339329554228904779 ),
 .UNSPECIFIED. ) ;
#1947 = CARTESIAN_POINT ( 'NONE',  ( 13.56890048206675203, -0.007841999287950296091, 0.007063757897651581040 ) ) ;
#1948 = CARTESIAN_POINT ( 'NONE',  ( 5.811739754378970169, -4.754335194640357365, -4.188650170213794155 ) ) ;
#1949 = ORIENTED_EDGE ( 'NONE', *, *, #2764, .T. ) ;
#1950 = CARTESIAN_POINT ( 'NONE',  ( 5.811739754378926648, 2.050402850211384020, -5.995360001140257467 ) ) ;
#1951 = CARTESIAN_POINT ( 'NONE',  ( 0.3178557125107202008, 7.708923407747070300, -7.482405201426469254 ) ) ;
#1952 = CARTESIAN_POINT ( 'NONE',  ( 13.56759717490972861, 0.008367065052335096245, 0.004612461923498484273 ) ) ;
#1953 = EDGE_CURVE ( 'NONE', #2139, #3398, #4028, .T. ) ;
#1954 = CARTESIAN_POINT ( 'NONE',  ( 0.3020602839598333644, -10.15260973597724004, -3.518071585416013392 ) ) ;
#1955 = CARTESIAN_POINT ( 'NONE',  ( 7.148871875792689679, -7.492932861594804983, 1.654454461926265552 ) ) ;
#1956 = B_SPLINE_CURVE_WITH_KNOTS ( 'NONE', 3,
 ( #1549, #1128, #277, #330, #1884, #2689, #773 ),
 .UNSPECIFIED., .F., .F.,
 ( 4, 3, 4 ),
 ( 0.000000000000000000, 0.001426018004565425979, 0.007027290684761363336 ),
 .UNSPECIFIED. ) ;
#1957 = CARTESIAN_POINT ( 'NONE',  ( 5.780631868880690583, -6.300581215535714819, 0.2438904617053009594 ) ) ;
#1958 = ORIENTED_EDGE ( 'NONE', *, *, #352, .T. ) ;
#1959 = CARTESIAN_POINT ( 'NONE',  ( 7.024951713254540486, -4.129455433836461964, -3.576576553463815422 ) ) ;
#1960 = EDGE_CURVE ( 'NONE', #2832, #1461, #463, .T. ) ;
#1961 = DIRECTION ( 'NONE',  ( 0.000000000000000000, 0.000000000000000000, 1.000000000000000000 ) ) ;
#1962 = EDGE_CURVE ( 'NONE', #826, #2076, #129, .T. ) ;
#1963 = CARTESIAN_POINT ( 'NONE',  ( 6.346074985646369626, -6.554221772751398056, -2.064917045390535222 ) ) ;
#1964 = ORIENTED_EDGE ( 'NONE', *, *, #1522, .T. ) ;
#1965 = AXIS2_PLACEMENT_3D ( 'NONE', #4004, #4344, #3583 ) ;
#1966 = DIRECTION ( 'NONE',  ( 0.7767995536391633093, -0.5705808733051008774, -0.2664956293907746465 ) ) ;
#1967 = CARTESIAN_POINT ( 'NONE',  ( 0.3151923201557818022, -9.891018036370422095, 4.183918260565127056 ) ) ;
#1968 = CARTESIAN_POINT ( 'NONE',  ( 5.780373642321761984, 0.2838821314355665648, 6.298520252597381130 ) ) ;
#1969 = CIRCLE ( 'NONE', #4530, 5.000000000000000888 ) ;
#1970 = CARTESIAN_POINT ( 'NONE',  ( 5.781154568282829587, -2.310201025855699530, -5.867364170594990824 ) ) ;
#1971 = CYLINDRICAL_SURFACE ( 'NONE', #175, 9.500000000000000000 ) ;
#1972 = CARTESIAN_POINT ( 'NONE',  ( 0.3125344821672565443, 0.5505953527052459551, 10.72267642947638144 ) ) ;
#1973 = VERTEX_POINT ( 'NONE', #106 ) ;
#1974 = ORIENTED_EDGE ( 'NONE', *, *, #3876, .F. ) ;
#1975 = CARTESIAN_POINT ( 'NONE',  ( 0.3150652326283271965, -10.73843321479777657, -0.1197592169406058726 ) ) ;
#1976 = B_SPLINE_CURVE_WITH_KNOTS ( 'NONE', 3,
 ( #3609, #1660, #3355, #2177, #4133, #4936, #1037, #987, #2928, #2127, #2538, #4868, #939, #1820, #1773, #3378 ),
 .UNSPECIFIED., .F., .F.,
 ( 4, 3, 3, 3, 3, 4 ),
 ( 2.453269466693398698E-18, 0.0002402807489491037406, 0.0003604046903941032017, 0.0004805286307080711421, 0.0007203409650750148890, 0.0009603276570517853446 ),
 .UNSPECIFIED. ) ;
#1977 = CONICAL_SURFACE ( 'NONE', #2558, 7.673412698073462934, 0.8735574070079478171 ) ;
#1978 = AXIS2_PLACEMENT_3D ( 'NONE', #2016, #2765, #2372 ) ;
#1979 =( BOUNDED_SURFACE ( )  B_SPLINE_SURFACE ( 3, 1, ( 
 ( #2027, #941 ),
 ( #3585, #80 ),
 ( #4347, #448 ),
 ( #2488, #1593 ) ),
 .UNSPECIFIED., .F., .F., .F. ) 
 B_SPLINE_SURFACE_WITH_KNOTS ( ( 4, 4 ),
 ( 2, 2 ),
 ( 0.000000000000000000, 1.000000000000000000 ),
 ( 0.000000000000000000, 1.000000000000000000 ),
 .UNSPECIFIED. ) 
 GEOMETRIC_REPRESENTATION_ITEM ( )  RATIONAL_B_SPLINE_SURFACE ( (
 ( 1.000000000000000000, 1.000000000000000000),
 ( 0.9928172745385618336, 0.8240640142147777070),
 ( 0.9928172745385618336, 0.8240640142147777070),
 ( 1.000000000000000000, 1.000000000000000000) ) ) 
 REPRESENTATION_ITEM ( '' )  SURFACE ( )  );
#1980 = CARTESIAN_POINT ( 'NONE',  ( 2.666330941622472306, -2.495361274709850807, -13.09036669967635369 ) ) ;
#1981 = ORIENTED_EDGE ( 'NONE', *, *, #3492, .T. ) ;
#1982 = CARTESIAN_POINT ( 'NONE',  ( 6.794699092203797974, -7.055716492241170812, 1.991918553190496599 ) ) ;
#1983 = CARTESIAN_POINT ( 'NONE',  ( 0.4959482244580810106, -10.35930993710110570, -3.454091471063696073 ) ) ;
#1984 = CARTESIAN_POINT ( 'NONE',  ( 13.57761964090312645, 0.009180870333825868687, -0.01152196077040351999 ) ) ;
#1985 = CARTESIAN_POINT ( 'NONE',  ( 2.112679944503185858, -3.377209704817405900, 12.17075723209314120 ) ) ;
#1986 = B_SPLINE_CURVE_WITH_KNOTS ( 'NONE', 3,
 ( #4224, #3854, #4590, #2606 ),
 .UNSPECIFIED., .F., .F.,
 ( 4, 4 ),
 ( 1.084202172485504434E-19, 0.001963989672852252399 ),
 .UNSPECIFIED. ) ;
#1987 = CARTESIAN_POINT ( 'NONE',  ( 0.4810029444423268297, -7.163693068912145634, -8.258360567908567873 ) ) ;
#1988 = CARTESIAN_POINT ( 'NONE',  ( 0.3143387148471935566, 10.03926879299409691, -3.812110079865504542 ) ) ;
#1989 = ORIENTED_EDGE ( 'NONE', *, *, #3714, .T. ) ;
#1990 = CARTESIAN_POINT ( 'NONE',  ( 5.780916678224962801, 5.754161552713998873, 2.578452859161016519 ) ) ;
#1991 = CARTESIAN_POINT ( 'NONE',  ( 5.810243213707159349, 2.786771388515045800, -5.688888023102131264 ) ) ;
#1992 = CARTESIAN_POINT ( 'NONE',  ( 6.937403657009209468, 3.962504430367252528, 3.619715908653700076 ) ) ;
#1993 = VERTEX_POINT ( 'NONE', #1687 ) ;
#1994 = EDGE_CURVE ( 'NONE', #15, #3301, #4562, .T. ) ;
#1995 = FACE_OUTER_BOUND ( 'NONE', #2257, .T. ) ;
#1996 = CARTESIAN_POINT ( 'NONE',  ( 0.3178557125107202008, -0.1601725597512686783, -10.74189147477981621 ) ) ;
#1997 = CARTESIAN_POINT ( 'NONE',  ( 7.148871875792691455, 0.000000000000000000, 0.000000000000000000 ) ) ;
#1998 = CARTESIAN_POINT ( 'NONE',  ( 0.3138244244576146036, -10.06697755391187599, -3.736843945755190077 ) ) ;
#1999 = CARTESIAN_POINT ( 'NONE',  ( 5.806118102235262590, 2.057643789084572017, 5.986931140936157192 ) ) ;
#2000 = CARTESIAN_POINT ( 'NONE',  ( 5.780596792240388027, 2.180676681830143515, 5.916131087804748390 ) ) ;
#2001 = ORIENTED_EDGE ( 'NONE', *, *, #1788, .F. ) ;
#2002 = ORIENTED_EDGE ( 'NONE', *, *, #3946, .F. ) ;
#2003 = CARTESIAN_POINT ( 'NONE',  ( 4.091188226140746842, -11.15052908459334802, 1.974691377905124057 ) ) ;
#2004 = EDGE_CURVE ( 'NONE', #1830, #137, #1799, .T. ) ;
#2005 = CARTESIAN_POINT ( 'NONE',  ( 2.112679944503185858, -1.537412228780279611, -12.53671570355079723 ) ) ;
#2006 = ORIENTED_EDGE ( 'NONE', *, *, #956, .T. ) ;
#2007 = CARTESIAN_POINT ( 'NONE',  ( 5.780373642321761984, 4.252991401856675679, -4.654461362248158096 ) ) ;
#2008 = CARTESIAN_POINT ( 'NONE',  ( 13.58175377392158367, -0.002771031772010790119, -0.01095866918144999293 ) ) ;
#2009 = CARTESIAN_POINT ( 'NONE',  ( 13.57223985685982726, 0.01243257948845912127, -0.007165506382016228852 ) ) ;
#2010 = FACE_OUTER_BOUND ( 'NONE', #1774, .T. ) ;
#2011 =( BOUNDED_SURFACE ( )  B_SPLINE_SURFACE ( 3, 1, ( 
 ( #308, #2197 ),
 ( #1479, #3812 ),
 ( #4230, #1841 ),
 ( #4177, #3425 ) ),
 .UNSPECIFIED., .F., .F., .F. ) 
 B_SPLINE_SURFACE_WITH_KNOTS ( ( 4, 4 ),
 ( 2, 2 ),
 ( 0.000000000000000000, 1.000000000000000000 ),
 ( 0.000000000000000000, 1.000000000000000000 ),
 .UNSPECIFIED. ) 
 GEOMETRIC_REPRESENTATION_ITEM ( )  RATIONAL_B_SPLINE_SURFACE ( (
 ( 1.000000000000000000, 1.000000000000000000),
 ( 0.9928172745385618336, 0.8240640142147769298),
 ( 0.9928172745385618336, 0.8240640142147769298),
 ( 1.000000000000000000, 1.000000000000000000) ) ) 
 REPRESENTATION_ITEM ( '' )  SURFACE ( )  );
#2012 = EDGE_CURVE ( 'NONE', #2238, #1943, #645, .T. ) ;
#2013 = CARTESIAN_POINT ( 'NONE',  ( 0.3131398827181195443, 9.726272186705774203, -4.548249133633959218 ) ) ;
#2014 = CARTESIAN_POINT ( 'NONE',  ( 0.3131398827181195443, 9.726272186705774203, -4.548249133633959218 ) ) ;
#2015 = ORIENTED_EDGE ( 'NONE', *, *, #1781, .T. ) ;
#2016 = CARTESIAN_POINT ( 'NONE',  ( 2.636624412714236865, 0.000000000000000000, 0.000000000000000000 ) ) ;
#2017 = CARTESIAN_POINT ( 'NONE',  ( 5.780916678224959249, 4.329420894980506418, 4.584202115499902419 ) ) ;
#2018 = B_SPLINE_CURVE_WITH_KNOTS ( 'NONE', 3,
 ( #2043, #4753, #1241, #4368, #1633, #3200 ),
 .UNSPECIFIED., .F., .F.,
 ( 4, 2, 4 ),
 ( 0.000000000000000000, 0.001669664777113684774, 0.003339329554227369549 ),
 .UNSPECIFIED. ) ;
#2019 = CARTESIAN_POINT ( 'NONE',  ( 13.56759717490972861, -0.007463296338658337824, -0.005965047388504886479 ) ) ;
#2020 = VERTEX_POINT ( 'NONE', #415 ) ;
#2021 = CARTESIAN_POINT ( 'NONE',  ( 13.58175377392158367, -0.005789533934111066628, 0.009708364647855556237 ) ) ;
#2022 = CARTESIAN_POINT ( 'NONE',  ( 5.780916678224962801, 0.1801575287483035970, -6.302883275651143258 ) ) ;
#2023 = CARTESIAN_POINT ( 'NONE',  ( 5.780777222299027684, 4.607861277960626722, -4.304166312746859013 ) ) ;
#2024 = CARTESIAN_POINT ( 'NONE',  ( 5.780832915889893897, -2.600103612623946514, -5.744458444237734440 ) ) ;
#2025 = CARTESIAN_POINT ( 'NONE',  ( 0.4959482244580775134, 0.7731718701262840776, -10.89257800167811929 ) ) ;
#2026 = ORIENTED_EDGE ( 'NONE', *, *, #3556, .F. ) ;
#2027 = CARTESIAN_POINT ( 'NONE',  ( 13.56890048206675203, -0.004541879518436041895, 0.009527064548372665004 ) ) ;
#2028 = DIRECTION ( 'NONE',  ( -1.000000000000000000, -0.000000000000000000, -0.000000000000000000 ) ) ;
#2029 = CARTESIAN_POINT ( 'NONE',  ( 5.861834570473158479, 0.4491369562186038888, 6.370567226303763597 ) ) ;
#2030 = ORIENTED_EDGE ( 'NONE', *, *, #1225, .T. ) ;
#2031 = CARTESIAN_POINT ( 'NONE',  ( 5.826145232815656883, -4.183505513431951428, 4.778039901778182497 ) ) ;
#2032 = CARTESIAN_POINT ( 'NONE',  ( 6.937403657009209468, -0.2423880882165178607, -5.361439418172280647 ) ) ;
#2033 = CARTESIAN_POINT ( 'NONE',  ( 13.57761964090312645, -0.01152196077040296834, 0.009180870333824942345 ) ) ;
#2034 = CARTESIAN_POINT ( 'NONE',  ( 0.3131398827181169353, 10.09361082380427632, -3.661415213967076365 ) ) ;
#2035 = CARTESIAN_POINT ( 'NONE',  ( 6.538437847175473827, -4.520330966445702536, 7.082648511093583288 ) ) ;
#2036 = ORIENTED_EDGE ( 'NONE', *, *, #4319, .F. ) ;
#2037 = DIRECTION ( 'NONE',  ( 0.000000000000000000, 0.000000000000000000, 1.000000000000000000 ) ) ;
#2038 = CARTESIAN_POINT ( 'NONE',  ( 5.780373642321761984, 2.672612239964079262, -5.710436958037623079 ) ) ;
#2039 = CARTESIAN_POINT ( 'NONE',  ( 2.112679944503185858, 3.377209704817484948, -12.17075723209311811 ) ) ;
#2040 = B_SPLINE_CURVE_WITH_KNOTS ( 'NONE', 3,
 ( #817, #1618, #3849, #764 ),
 .UNSPECIFIED., .F., .F.,
 ( 4, 4 ),
 ( 0.000000000000000000, 0.001963989672852251098 ),
 .UNSPECIFIED. ) ;
#2041 = ORIENTED_EDGE ( 'NONE', *, *, #4800, .T. ) ;
#2042 = CARTESIAN_POINT ( 'NONE',  ( 13.56890048206675203, 0.007063757897651607928, 0.007841999287950271805 ) ) ;
#2043 = CARTESIAN_POINT ( 'NONE',  ( 2.636624412713862053, 7.483640378889235834, 10.70401657216198110 ) ) ;
#2044 = DIRECTION ( 'NONE',  ( 0.000000000000000000, 0.000000000000000000, 1.000000000000000000 ) ) ;
#2045 = CARTESIAN_POINT ( 'NONE',  ( 0.3131398827181187117, -7.245364211220604922, 7.924117507852341369 ) ) ;
#2046 = CARTESIAN_POINT ( 'NONE',  ( 7.148871875792691455, 4.395937880801951358, 6.289434997126967630 ) ) ;
#2047 = ADVANCED_FACE ( 'NONE', ( #3958 ), #1971, .T. ) ;
#2048 = ORIENTED_EDGE ( 'NONE', *, *, #4787, .F. ) ;
#2049 = CARTESIAN_POINT ( 'NONE',  ( 2.337031422898329769, -7.609063645933265008, -10.25077504217115099 ) ) ;
#2050 = EDGE_CURVE ( 'NONE', #3984, #4836, #4395, .T. ) ;
#2051 = CARTESIAN_POINT ( 'NONE',  ( 5.803399891413406841, -2.772755418227758284, -5.688115777415275076 ) ) ;
#2052 = AXIS2_PLACEMENT_3D ( 'NONE', #2269, #3833, #328 ) ;
#2053 = VERTEX_POINT ( 'NONE', #2046 ) ;
#2054 = CARTESIAN_POINT ( 'NONE',  ( 5.780266697385870067, -4.240638291491924505, 4.665604089506711460 ) ) ;
#2055 = ORIENTED_EDGE ( 'NONE', *, *, #1788, .T. ) ;
#2056 = EDGE_CURVE ( 'NONE', #404, #2983, #1976, .T. ) ;
#2057 = DIRECTION ( 'NONE',  ( -0.7672866406251407367, 0.5738428719122111721, -0.2863137605385596141 ) ) ;
#2058 = VECTOR ( 'NONE', #4397, 1000.000000000000000 ) ;
#2059 = CARTESIAN_POINT ( 'NONE',  ( 6.937403657009209468, -5.046082048811730836, 1.827796645335793446 ) ) ;
#2060 = ORIENTED_EDGE ( 'NONE', *, *, #2550, .F. ) ;
#2061 = DIRECTION ( 'NONE',  ( -1.000000000000000000, -0.000000000000000000, -0.000000000000000000 ) ) ;
#2062 = ORIENTED_EDGE ( 'NONE', *, *, #2425, .T. ) ;
#2063 = CARTESIAN_POINT ( 'NONE',  ( 6.538437847175467610, -6.886653502536936422, 4.813658225705251148 ) ) ;
#2064 =( BOUNDED_SURFACE ( )  B_SPLINE_SURFACE ( 3, 1, ( 
 ( #1686, #3354 ),
 ( #4104, #4834 ),
 ( #3715, #3661 ),
 ( #209, #4933 ) ),
 .UNSPECIFIED., .F., .F., .F. ) 
 B_SPLINE_SURFACE_WITH_KNOTS ( ( 4, 4 ),
 ( 2, 2 ),
 ( 0.000000000000000000, 1.000000000000000000 ),
 ( 0.000000000000000000, 1.000000000000000000 ),
 .UNSPECIFIED. ) 
 GEOMETRIC_REPRESENTATION_ITEM ( )  RATIONAL_B_SPLINE_SURFACE ( (
 ( 1.000000000000000000, 1.000000000000000000),
 ( 0.9544777771602501737, 0.9992633679055394902),
 ( 0.9544777771602501737, 0.9992633679055394902),
 ( 1.000000000000000000, 1.000000000000000000) ) ) 
 REPRESENTATION_ITEM ( '' )  SURFACE ( )  );
#2065 = CARTESIAN_POINT ( 'NONE',  ( 5.780252906077913977, 2.689571284754912472, -5.702366440367275580 ) ) ;
#2066 = ADVANCED_FACE ( 'NONE', ( #597 ), #3549, .F. ) ;
#2067 = CARTESIAN_POINT ( 'NONE',  ( 5.780373642321761984, -4.252991401856642817, 4.654461362248187406 ) ) ;
#2068 = B_SPLINE_CURVE_WITH_KNOTS ( 'NONE', 3,
 ( #2666, #5055, #2216, #4649, #4592, #1077, #1524, #2244, #4975, #301, #1449, #1882, #3422, #1127, #3021, #2636 ),
 .UNSPECIFIED., .F., .F.,
 ( 4, 3, 3, 3, 3, 4 ),
 ( 2.602085213965210642E-18, 5.657295309880885312E-05, 0.0001131630509227378152, 0.0001409051504070734945, 0.0001974894552757262638, 0.0002472425787896150333 ),
 .UNSPECIFIED. ) ;
#2069 = ORIENTED_EDGE ( 'NONE', *, *, #5020, .F. ) ;
#2070 = CARTESIAN_POINT ( 'NONE',  ( 2.112679944503185858, -12.53671570355079190, 1.537412228780323131 ) ) ;
#2071 = CARTESIAN_POINT ( 'NONE',  ( 13.56676982392279740, -0.001610815196145169584, 0.009194416037783733134 ) ) ;
#2072 = CARTESIAN_POINT ( 'NONE',  ( 0.3151505758799262313, -7.537225355791269621, -7.649964748487408706 ) ) ;
#2073 = CARTESIAN_POINT ( 'NONE',  ( 7.148871875792691455, 0.000000000000000000, 0.000000000000000000 ) ) ;
#2074 = CARTESIAN_POINT ( 'NONE',  ( 5.888395157494899834, -0.4574818382620401969, 6.396597398412627200 ) ) ;
#2075 = EDGE_CURVE ( 'NONE', #3907, #3255, #2154, .T. ) ;
#2076 = VERTEX_POINT ( 'NONE', #3716 ) ;
#2077 = CARTESIAN_POINT ( 'NONE',  ( 0.3125344821672542128, -9.695757567516933406, 4.612074397232452050 ) ) ;
#2078 = CARTESIAN_POINT ( 'NONE',  ( 5.814817957557502304, -4.759612999542345513, 4.187313247315364251 ) ) ;
#2079 = EDGE_LOOP ( 'NONE', ( #1552, #1779, #2585, #1693 ) ) ;
#2080 = CARTESIAN_POINT ( 'NONE',  ( 0.4810029444423258860, -10.37115695281030803, 3.458051635725161166 ) ) ;
#2081 = EDGE_LOOP ( 'NONE', ( #3610, #1325 ) ) ;
#2082 = CARTESIAN_POINT ( 'NONE',  ( 13.57223985685982726, -0.01243257948845907096, 0.007165506382016317323 ) ) ;
#2083 = ORIENTED_EDGE ( 'NONE', *, *, #2380, .F. ) ;
#2084 = CARTESIAN_POINT ( 'NONE',  ( 0.8889338621414883956, 10.09901270616564339, -5.098552207058465235 ) ) ;
#2085 = CARTESIAN_POINT ( 'NONE',  ( 0.3138244244576136044, 3.736843945755219387, -10.06697755391186710 ) ) ;
#2086 = CARTESIAN_POINT ( 'NONE',  ( 5.780373642321761984, -4.252991401856577980, -4.654461362248246914 ) ) ;
#2087 = EDGE_LOOP ( 'NONE', ( #4298, #690, #3205, #4538 ) ) ;
#2088 = CARTESIAN_POINT ( 'NONE',  ( 13.56676982392279740, -0.002030351497554310370, 0.009110965078868932601 ) ) ;
#2089 = EDGE_LOOP ( 'NONE', ( #233, #3943, #1222, #1513 ) ) ;
#2090 = DIRECTION ( 'NONE',  ( 0.000000000000000000, 0.000000000000000000, 1.000000000000000000 ) ) ;
#2091 = CARTESIAN_POINT ( 'NONE',  ( 13.56835537283902227, 0.009654875687367232839, -0.003426003848636928039 ) ) ;
#2092 = CARTESIAN_POINT ( 'NONE',  ( 1.999780352463906175, -3.308766363582155368, -11.97711222890414184 ) ) ;
#2093 = VERTEX_POINT ( 'NONE', #2906 ) ;
#2094 = CARTESIAN_POINT ( 'NONE',  ( 0.3990563068656128309, -0.7284209930608211980, 10.79867654263911270 ) ) ;
#2095 = DIRECTION ( 'NONE',  ( 1.000000000000000000, -0.000000000000000000, -0.000000000000000000 ) ) ;
#2096 = CARTESIAN_POINT ( 'NONE',  ( 6.129644004586913830, 7.494145355477250803, -4.782778269987232100 ) ) ;
#2097 = ADVANCED_FACE ( 'NONE', ( #4551, #3688 ), #3662, .T. ) ;
#2098 = CARTESIAN_POINT ( 'NONE',  ( 5.034355368874774861, -8.596669508961328532, -5.485968419462295742 ) ) ;
#2099 = CARTESIAN_POINT ( 'NONE',  ( 0.4810029444423268297, -3.458051635725122086, -10.37115695281032224 ) ) ;
#2100 = ORIENTED_EDGE ( 'NONE', *, *, #4206, .F. ) ;
#2101 = DIRECTION ( 'NONE',  ( -1.000000000000000000, -0.000000000000000000, -0.000000000000000000 ) ) ;
#2102 = B_SPLINE_CURVE_WITH_KNOTS ( 'NONE', 3,
 ( #3577, #802, #383, #1963, #3149, #439 ),
 .UNSPECIFIED., .F., .F.,
 ( 4, 2, 4 ),
 ( 6.329363907694323380E-18, 0.0009821026408563962671, 0.001964205281712786029 ),
 .UNSPECIFIED. ) ;
#2103 = PRODUCT_DEFINITION ( 'UNKNOWN', '', #4198, #3841 ) ;
#2104 = EDGE_CURVE ( 'NONE', #1347, #3568, #4806, .T. ) ;
#2105 = CARTESIAN_POINT ( 'NONE',  ( 5.795455118505627112, 0.3693401540443912445, 6.309212792607540088 ) ) ;
#2106 = VERTEX_POINT ( 'NONE', #2590 ) ;
#2107 = CARTESIAN_POINT ( 'NONE',  ( 5.811739754377843958, -4.188650170214311963, 4.754335194638390050 ) ) ;
#2108 = VERTEX_POINT ( 'NONE', #210 ) ;
#2109 = CARTESIAN_POINT ( 'NONE',  ( 5.797806088100182720, -0.3749448775583259508, 6.311236138729510614 ) ) ;
#2110 = CARTESIAN_POINT ( 'NONE',  ( -21.42413736143699410, 0.000000000000000000, 0.000000000000000000 ) ) ;
#2111 = ORIENTED_EDGE ( 'NONE', *, *, #1478, .F. ) ;
#2112 = CARTESIAN_POINT ( 'NONE',  ( 2.636624412714236865, 0.000000000000000000, 0.000000000000000000 ) ) ;
#2113 = ORIENTED_EDGE ( 'NONE', *, *, #3666, .T. ) ;
#2114 = ADVANCED_FACE ( 'NONE', ( #1385 ), #5000, .F. ) ;
#2115 = CARTESIAN_POINT ( 'NONE',  ( 0.4959482244580818433, 7.155500697201219396, -8.248930841978827644 ) ) ;
#2116 = CARTESIAN_POINT ( 'NONE',  ( 0.3072101391086899946, -9.730627748280463507, -4.550283443190497934 ) ) ;
#2117 = EDGE_CURVE ( 'NONE', #4887, #1069, #4187, .T. ) ;
#2118 = B_SPLINE_CURVE_WITH_KNOTS ( 'NONE', 3,
 ( #2996, #351, #1074, #2288, #1468, #3441 ),
 .UNSPECIFIED., .F., .F.,
 ( 4, 2, 4 ),
 ( 7.589415207398531038E-19, 0.001669706568512023884, 0.003339413137024046900 ),
 .UNSPECIFIED. ) ;
#2119 = CARTESIAN_POINT ( 'NONE',  ( 0.3723593555270010569, 10.26304929855522197, 3.435147222037683079 ) ) ;
#2120 = CARTESIAN_POINT ( 'NONE',  ( 2.337031422897743127, -10.25077504216922719, 7.609063645933804132 ) ) ;
#2121 = VERTEX_POINT ( 'NONE', #4574 ) ;
#2122 = CARTESIAN_POINT ( 'NONE',  ( 0.4460862896348309903, -0.7639663182888903892, 10.84324403730242992 ) ) ;
#2123 = CARTESIAN_POINT ( 'NONE',  ( 5.888395157494900722, 4.846565907042609034, -4.199588886832978041 ) ) ;
#2124 = EDGE_CURVE ( 'NONE', #3086, #4887, #2655, .T. ) ;
#2125 = CARTESIAN_POINT ( 'NONE',  ( 7.024951713254540486, 5.448987474260469810, -0.3909444054863719376 ) ) ;
#2126 = CARTESIAN_POINT ( 'NONE',  ( 0.3146794788796307696, -3.886620959406369202, 10.01070339928745945 ) ) ;
#2127 = CARTESIAN_POINT ( 'NONE',  ( 0.3151928467770698239, -7.593519572862831524, 7.594043166456678762 ) ) ;
#2128 = ORIENTED_EDGE ( 'NONE', *, *, #4874, .T. ) ;
#2129 = CARTESIAN_POINT ( 'NONE',  ( 7.024951713254538710, -0.3909444054863918661, 5.448987474260467145 ) ) ;
#2130 = CARTESIAN_POINT ( 'NONE',  ( 0.8889325092157199792, 11.28140125788785220, 0.8457229338763889714 ) ) ;
#2131 = CARTESIAN_POINT ( 'NONE',  ( 5.803399891413405953, 0.3849443101691400471, 6.316221305864798019 ) ) ;
#2132 = ORIENTED_EDGE ( 'NONE', *, *, #1531, .T. ) ;
#2133 = CARTESIAN_POINT ( 'NONE',  ( 5.781154568282829587, -0.1109956159645404533, 6.304813325030584004 ) ) ;
#2134 = ORIENTED_EDGE ( 'NONE', *, *, #2929, .F. ) ;
#2135 = ORIENTED_EDGE ( 'NONE', *, *, #4434, .T. ) ;
#2136 = VECTOR ( 'NONE', #1002, 1000.000000000000227 ) ;
#2137 = VECTOR ( 'NONE', #1699, 1000.000000000000114 ) ;
#2138 = DIRECTION ( 'NONE',  ( 0.7767995536391634204, 0.5919024714281739818, -0.2150207380305821647 ) ) ;
#2139 = VERTEX_POINT ( 'NONE', #778 ) ;
#2140 = CARTESIAN_POINT ( 'NONE',  ( 5.888395157494902499, 4.846565907042552190, 4.199588886833048207 ) ) ;
#2141 = CARTESIAN_POINT ( 'NONE',  ( 2.112679944503185858, -7.777682075338935519, 9.951911300238347025 ) ) ;
#2142 = AXIS2_PLACEMENT_3D ( 'NONE', #548, #2101, #3282 ) ;
#2143 =( BOUNDED_SURFACE ( )  B_SPLINE_SURFACE ( 3, 1, ( 
 ( #1846, #504 ),
 ( #4065, #681 ),
 ( #1696, #1798 ),
 ( #1824, #628 ) ),
 .UNSPECIFIED., .F., .F., .F. ) 
 B_SPLINE_SURFACE_WITH_KNOTS ( ( 4, 4 ),
 ( 2, 2 ),
 ( 0.000000000000000000, 1.000000000000000000 ),
 ( 0.000000000000000000, 1.000000000000000000 ),
 .UNSPECIFIED. ) 
 GEOMETRIC_REPRESENTATION_ITEM ( )  RATIONAL_B_SPLINE_SURFACE ( (
 ( 1.000000000000000000, 1.000000000000000000),
 ( 0.9928172745385618336, 0.8240640142147769298),
 ( 0.9928172745385618336, 0.8240640142147769298),
 ( 1.000000000000000000, 1.000000000000000000) ) ) 
 REPRESENTATION_ITEM ( '' )  SURFACE ( )  );
#2144 = CARTESIAN_POINT ( 'NONE',  ( 35.00005079999999680, 0.000000000000000000, 0.000000000000000000 ) ) ;
#2145 = AXIS2_PLACEMENT_3D ( 'NONE', #2266, #4691, #3073 ) ;
#2146 = CARTESIAN_POINT ( 'NONE',  ( 5.780373642321761984, 2.672612239964002434, 5.710436958037658606 ) ) ;
#2147 = VERTEX_POINT ( 'NONE', #3865 ) ;
#2148 = B_SPLINE_CURVE_WITH_KNOTS ( 'NONE', 3,
 ( #2462, #4031, #2520, #524, #1268, #2805, #3665, #4084, #2078, #2834, #4398, #2909, #3639, #1690, #4838, #2882 ),
 .UNSPECIFIED., .F., .F.,
 ( 4, 3, 3, 3, 3, 4 ),
 ( 0.000000000000000000, 5.634548159638601077E-05, 0.0001127033737012549808, 0.0001403741958204879391, 0.0001969210919195137153, 0.0002472485937300388089 ),
 .UNSPECIFIED. ) ;
#2149 = CARTESIAN_POINT ( 'NONE',  ( 0.3151505758799235113, 7.649964748487436239, -7.537225355791244752 ) ) ;
#2150 = FACE_OUTER_BOUND ( 'NONE', #3414, .T. ) ;
#2151 = CARTESIAN_POINT ( 'NONE',  ( 7.148871875792691455, 6.289434997126953419, 4.395937880801973563 ) ) ;
#2152 = EDGE_CURVE ( 'NONE', #3318, #2844, #1110, .T. ) ;
#2153 = CARTESIAN_POINT ( 'NONE',  ( 2.636624412714652976, -12.86061556398311190, 2.277149844236165510 ) ) ;
#2154 = LINE ( 'NONE', #4055, #1081 ) ;
#2155 = ORIENTED_EDGE ( 'NONE', *, *, #1883, .T. ) ;
#2156 = CARTESIAN_POINT ( 'NONE',  ( 6.119568941886139868, -6.625250124664780138, 0.5009879226931269747 ) ) ;
#2157 = CARTESIAN_POINT ( 'NONE',  ( 5.780373642321761984, -4.252991401856577980, -4.654461362248246914 ) ) ;
#2158 = ORIENTED_EDGE ( 'NONE', *, *, #1225, .F. ) ;
#2159 = CARTESIAN_POINT ( 'NONE',  ( 7.148871875792691455, 7.492932861594818306, -1.654454461926208930 ) ) ;
#2160 = ORIENTED_EDGE ( 'NONE', *, *, #3782, .T. ) ;
#2161 = CARTESIAN_POINT ( 'NONE',  ( 0.3151931105838671754, 9.906572508482582862, 4.146379317411430065 ) ) ;
#2162 = EDGE_CURVE ( 'NONE', #3983, #2020, #3838, .T. ) ;
#2163 = CARTESIAN_POINT ( 'NONE',  ( 13.57761964090312645, -0.01152196077040355121, -0.009180870333825832258 ) ) ;
#2164 = EDGE_LOOP ( 'NONE', ( #2400, #3602, #4830, #3770 ) ) ;
#2165 = CARTESIAN_POINT ( 'NONE',  ( 5.861834570473160255, -5.713759398861506966, 2.852858973419245547 ) ) ;
#2166 = CARTESIAN_POINT ( 'NONE',  ( 13.57761964090312645, -0.004072754696867139125, -0.01415827070162025726 ) ) ;
#2167 = CARTESIAN_POINT ( 'NONE',  ( 0.3989394446945335737, -10.79856743468105762, 0.7283042629547935576 ) ) ;
#2168 = EDGE_CURVE ( 'NONE', #786, #3318, #3384, .T. ) ;
#2169 = CARTESIAN_POINT ( 'NONE',  ( 7.148871875792689679, -6.468179606601662357, 4.128427668216727575 ) ) ;
#2170 = CARTESIAN_POINT ( 'NONE',  ( 2.636624412713949539, -10.70401657216187452, 7.483640378889242939 ) ) ;
#2171 = ORIENTED_EDGE ( 'NONE', *, *, #3173, .T. ) ;
#2172 = CARTESIAN_POINT ( 'NONE',  ( 13.56676982392279740, -0.007878100502534979635, 0.005006749878309114249 ) ) ;
#2173 = CARTESIAN_POINT ( 'NONE',  ( 0.4959482244580775134, -8.248930841978953765, 7.155500697201074622 ) ) ;
#2174 = CARTESIAN_POINT ( 'NONE',  ( 3.606333622658907778, 9.755293370241822970, 6.820078766469171327 ) ) ;
#2175 =( BOUNDED_SURFACE ( )  B_SPLINE_SURFACE ( 3, 1, ( 
 ( #2643, #706 ),
 ( #3499, #98 ),
 ( #2716, #4338 ),
 ( #3101, #776 ) ),
 .UNSPECIFIED., .F., .F., .F. ) 
 B_SPLINE_SURFACE_WITH_KNOTS ( ( 4, 4 ),
 ( 2, 2 ),
 ( 0.000000000000000000, 1.000000000000000000 ),
 ( 0.000000000000000000, 1.000000000000000000 ),
 .UNSPECIFIED. ) 
 GEOMETRIC_REPRESENTATION_ITEM ( )  RATIONAL_B_SPLINE_SURFACE ( (
 ( 1.000000000000000000, 1.000000000000000000),
 ( 0.9928172745385618336, 0.8240640142147777070),
 ( 0.9928172745385618336, 0.8240640142147777070),
 ( 1.000000000000000000, 1.000000000000000000) ) ) 
 REPRESENTATION_ITEM ( '' )  SURFACE ( )  );
#2176 = CARTESIAN_POINT ( 'NONE',  ( 5.781125901799034850, -2.298264645589479294, 5.872053821937399221 ) ) ;
#2177 = CARTESIAN_POINT ( 'NONE',  ( 0.3146807352246308032, -7.761136229029801825, 7.421913260615983887 ) ) ;
#2178 = VERTEX_POINT ( 'NONE', #728 ) ;
#2179 = FACE_OUTER_BOUND ( 'NONE', #2320, .T. ) ;
#2180 = CARTESIAN_POINT ( 'NONE',  ( 5.781154568282832251, -4.379690503513900879, -4.536662008974956528 ) ) ;
#2181 = CARTESIAN_POINT ( 'NONE',  ( 5.781213164338059762, 2.483519912149583675, -5.796090252633620210 ) ) ;
#2182 = CARTESIAN_POINT ( 'NONE',  ( 5.034355368874713577, 9.957928776183306852, -2.199597834629107407 ) ) ;
#2183 = ORIENTED_EDGE ( 'NONE', *, *, #4302, .T. ) ;
#2184 = CARTESIAN_POINT ( 'NONE',  ( 2.666330941622472306, 7.491800182701938482, 11.02077394041745251 ) ) ;
#2185 = ORIENTED_EDGE ( 'NONE', *, *, #3406, .F. ) ;
#2186 = DIRECTION ( 'NONE',  ( 0.7672866406251409588, -0.6397292168534394197, -0.04491926337631606952 ) ) ;
#2187 = CARTESIAN_POINT ( 'NONE',  ( 0.8889338621414482056, -7.379139679108028815, 8.575172875435711717 ) ) ;
#2188 = CARTESIAN_POINT ( 'NONE',  ( 7.148871875792691455, -1.338904651110499611, -7.555699621490369999 ) ) ;
#2189 = CARTESIAN_POINT ( 'NONE',  ( 13.56890048206675203, 0.009527064548373131644, -0.004541879518436791295 ) ) ;
#2190 = CARTESIAN_POINT ( 'NONE',  ( 0.3020602839598333644, 9.666631465797468792, -4.691326916302644534 ) ) ;
#2191 = CARTESIAN_POINT ( 'NONE',  ( 1.348381451710667589, 8.985782472070440008, -7.662929611238379124 ) ) ;
#2192 = ORIENTED_EDGE ( 'NONE', *, *, #2419, .T. ) ;
#2193 = DIRECTION ( 'NONE',  ( -0.7767995536391634204, -0.6291314526545549457, 0.02785801045957884969 ) ) ;
#2194 = CARTESIAN_POINT ( 'NONE',  ( 5.819745664829132359, 4.767402724286109894, -4.185909975771689773 ) ) ;
#2195 = CARTESIAN_POINT ( 'NONE',  ( 5.888395157494900722, -5.734614693997549750, -2.870529954748110679 ) ) ;
#2196 =( BOUNDED_SURFACE ( )  B_SPLINE_SURFACE ( 3, 1, ( 
 ( #4102, #1012 ),
 ( #4978, #591 ),
 ( #2977, #1792 ),
 ( #3351, #619 ) ),
 .UNSPECIFIED., .F., .F., .F. ) 
 B_SPLINE_SURFACE_WITH_KNOTS ( ( 4, 4 ),
 ( 2, 2 ),
 ( 0.000000000000000000, 1.000000000000000000 ),
 ( 0.000000000000000000, 1.000000000000000000 ),
 .UNSPECIFIED. ) 
 GEOMETRIC_REPRESENTATION_ITEM ( )  RATIONAL_B_SPLINE_SURFACE ( (
 ( 1.000000000000000000, 1.000000000000000000),
 ( 0.7963945362475481904, 0.9530866181159202144),
 ( 0.7963945362475481904, 0.9530866181159202144),
 ( 1.000000000000000000, 1.000000000000000000) ) ) 
 REPRESENTATION_ITEM ( '' )  SURFACE ( )  );
#2197 = CARTESIAN_POINT ( 'NONE',  ( 0.3072101391086899946, -10.09812914501196879, 3.663056587010244947 ) ) ;
#2198 = CARTESIAN_POINT ( 'NONE',  ( 0.8889338621413920283, -3.535859527974035910, 10.74630120766345343 ) ) ;
#2199 = EDGE_LOOP ( 'NONE', ( #2854, #5078, #896, #2436 ) ) ;
#2200 = CARTESIAN_POINT ( 'NONE',  ( 0.4959482244580775134, -7.155500697201045313, -8.248930841978976858 ) ) ;
#2201 = CARTESIAN_POINT ( 'NONE',  ( 5.780979408894889815, -5.760873024190136249, 2.563577074301988556 ) ) ;
#2202 = EDGE_CURVE ( 'NONE', #4751, #1194, #3456, .T. ) ;
#2203 = CARTESIAN_POINT ( 'NONE',  ( 5.888395157494902499, -6.084756134219158064, -2.025213741016280711 ) ) ;
#2204 = CARTESIAN_POINT ( 'NONE',  ( 13.56791779411215160, -0.005775675112176648258, -0.008046445850492066690 ) ) ;
#2205 = ORIENTED_EDGE ( 'NONE', *, *, #2857, .F. ) ;
#2206 = CARTESIAN_POINT ( 'NONE',  ( 0.3143387148471957770, 9.794403929783156215, 4.403266153577997777 ) ) ;
#2207 = ORIENTED_EDGE ( 'NONE', *, *, #4037, .F. ) ;
#2208 = B_SPLINE_CURVE_WITH_KNOTS ( 'NONE', 3,
 ( #2045, #1940, #4343, #4708, #1217, #1659 ),
 .UNSPECIFIED., .F., .F.,
 ( 4, 2, 4 ),
 ( 5.421010862427522170E-20, 0.0002092284541179422212, 0.0004184569082358843882 ),
 .UNSPECIFIED. ) ;
#2209 = DIRECTION ( 'NONE',  ( -1.000000000000000000, -0.000000000000000000, -0.000000000000000000 ) ) ;
#2210 = EDGE_CURVE ( 'NONE', #1450, #1783, #573, .T. ) ;
#2211 = CARTESIAN_POINT ( 'NONE',  ( 5.837519771178499184, 6.347382419582983104, -0.4319856335407316061 ) ) ;
#2212 = CARTESIAN_POINT ( 'NONE',  ( 5.782469467446606615, -5.942493329980810479, 2.113165072536984379 ) ) ;
#2213 = CARTESIAN_POINT ( 'NONE',  ( 0.3989394446945349060, 4.805298252514321966, 9.697865458191053278 ) ) ;
#2214 = AXIS2_PLACEMENT_3D ( 'NONE', #3377, #1130, #5006 ) ;
#2215 = CARTESIAN_POINT ( 'NONE',  ( 0.3072101391086899946, 10.09812914501199543, -3.663056587010169896 ) ) ;
#2216 = CARTESIAN_POINT ( 'NONE',  ( 5.861834570473775763, 4.187083498300776085, -4.822259073148402742 ) ) ;
#2217 = EDGE_LOOP ( 'NONE', ( #2069, #4519, #71, #4216 ) ) ;
#2218 = AXIS2_PLACEMENT_3D ( 'NONE', #4052, #960, #1610 ) ;
#2219 = CARTESIAN_POINT ( 'NONE',  ( 0.3143374579902176169, 7.363648271516210819, -7.816376565289032463 ) ) ;
#2220 = CARTESIAN_POINT ( 'NONE',  ( 5.110416117198885111, 1.762757110808079064, 9.952253551226851513 ) ) ;
#2221 = CARTESIAN_POINT ( 'NONE',  ( -21.42413736143699765, 0.000000000000000000, -9.500000000000000000 ) ) ;
#2222 = EDGE_CURVE ( 'NONE', #1465, #1821, #5053, .T. ) ;
#2223 = CARTESIAN_POINT ( 'NONE',  ( 0.4810029444423258860, -9.778727171396665696, -4.888303648767702292 ) ) ;
#2224 = CARTESIAN_POINT ( 'NONE',  ( 6.937403657009209468, -3.619715908653658332, -3.962504430367289832 ) ) ;
#2225 = ORIENTED_EDGE ( 'NONE', *, *, #4747, .T. ) ;
#2226 = CARTESIAN_POINT ( 'NONE',  ( 2.636624412714150711, 11.01023197665845110, 7.025356639904252631 ) ) ;
#2227 = DIRECTION ( 'NONE',  ( 0.000000000000000000, 0.000000000000000000, 1.000000000000000000 ) ) ;
#2228 = DIRECTION ( 'NONE',  ( -1.000000000000000000, -0.000000000000000000, -0.000000000000000000 ) ) ;
#2229 =( BOUNDED_SURFACE ( )  B_SPLINE_SURFACE ( 3, 1, ( 
 ( #4484, #4822 ),
 ( #554, #2525 ),
 ( #1296, #4795 ),
 ( #2864, #973 ) ),
 .UNSPECIFIED., .F., .F., .F. ) 
 B_SPLINE_SURFACE_WITH_KNOTS ( ( 4, 4 ),
 ( 2, 2 ),
 ( 0.000000000000000000, 1.000000000000000000 ),
 ( 0.000000000000000000, 1.000000000000000000 ),
 .UNSPECIFIED. ) 
 GEOMETRIC_REPRESENTATION_ITEM ( )  RATIONAL_B_SPLINE_SURFACE ( (
 ( 1.000000000000000000, 1.000000000000000000),
 ( 0.7963945362475481904, 0.9530866181159203254),
 ( 0.7963945362475481904, 0.9530866181159203254),
 ( 1.000000000000000000, 1.000000000000000000) ) ) 
 REPRESENTATION_ITEM ( '' )  SURFACE ( )  );
#2230 = B_SPLINE_CURVE_WITH_KNOTS ( 'NONE', 3,
 ( #326, #3394, #3471, #1858, #3047, #2709, #4998, #4645, #5052, #4275, #3115, #4618, #4973, #3883, #1101, #1880 ),
 .UNSPECIFIED., .F., .F.,
 ( 4, 3, 3, 3, 3, 4 ),
 ( 0.000000000000000000, 5.634548159638290725E-05, 0.0001127033737012496004, 0.0001403741958204831144, 0.0001969210919195061259, 0.0002472485937300394052 ),
 .UNSPECIFIED. ) ;
#2231 = EDGE_CURVE ( 'NONE', #3590, #2387, #424, .T. ) ;
#2232 = CARTESIAN_POINT ( 'NONE',  ( 7.148871875792691455, 4.395937880802039288, -6.289434997126905458 ) ) ;
#2233 = CARTESIAN_POINT ( 'NONE',  ( 5.875108777299985263, 5.723449180124824842, -2.863153342804209078 ) ) ;
#2234 = ORIENTED_EDGE ( 'NONE', *, *, #1994, .F. ) ;
#2235 = ORIENTED_EDGE ( 'NONE', *, *, #3876, .T. ) ;
#2236 = CARTESIAN_POINT ( 'NONE',  ( 0.3148517337138199701, 9.843314926783044427, 4.293536930231448778 ) ) ;
#2237 = ORIENTED_EDGE ( 'NONE', *, *, #2824, .F. ) ;
#2238 = VERTEX_POINT ( 'NONE', #3102 ) ;
#2239 = CARTESIAN_POINT ( 'NONE',  ( 0.8889338621414281105, 11.28140259648752952, -0.8457231836475834763 ) ) ;
#2240 = CARTESIAN_POINT ( 'NONE',  ( 0.3131398827181178235, -4.548249133633993857, -9.726272186705756440 ) ) ;
#2241 = CARTESIAN_POINT ( 'NONE',  ( 6.350699776881511660, -6.853860369904277050, -0.5444859242007547007 ) ) ;
#2242 = CARTESIAN_POINT ( 'NONE',  ( 0.4959482244580775134, -8.248930841978953765, 7.155500697201074622 ) ) ;
#2243 = CARTESIAN_POINT ( 'NONE',  ( 0.4959482244580775134, 10.35930993710117853, -3.454091471063473140 ) ) ;
#2244 = CARTESIAN_POINT ( 'NONE',  ( 5.811739754378971057, 4.188650170213810142, -4.754335194640347595 ) ) ;
#2245 = VERTEX_POINT ( 'NONE', #1084 ) ;
#2246 = DIRECTION ( 'NONE',  ( -1.000000000000000000, -0.000000000000000000, -0.000000000000000000 ) ) ;
#2247 = CARTESIAN_POINT ( 'NONE',  ( 0.4810029444423286060, 10.37115695281028849, 3.458051635725236217 ) ) ;
#2248 = CARTESIAN_POINT ( 'NONE',  ( 0.4460862896348307682, 0.7639663182889663284, -10.84324403730242814 ) ) ;
#2249 = CARTESIAN_POINT ( 'NONE',  ( 0.3990563068656137746, -7.120745987388228393, -8.150888834892198176 ) ) ;
#2250 = CARTESIAN_POINT ( 'NONE',  ( 0.3131398827181169353, 7.924117507852468378, -7.245364211220467254 ) ) ;
#2251 = CARTESIAN_POINT ( 'NONE',  ( 5.780777222299025020, -4.304166312746875889, -4.607861277960612512 ) ) ;
#2252 = ADVANCED_FACE ( 'NONE', ( #4286 ), #449, .F. ) ;
#2253 = CARTESIAN_POINT ( 'NONE',  ( 5.811739754378980827, 5.995360001140352502, 2.050402850211265893 ) ) ;
#2254 = CARTESIAN_POINT ( 'NONE',  ( 5.780373642321761984, -6.298520252597379354, -0.2838821314356324566 ) ) ;
#2255 = CARTESIAN_POINT ( 'NONE',  ( 5.807337495895640522, 5.688365357764986641, -2.781229763134967392 ) ) ;
#2256 = ORIENTED_EDGE ( 'NONE', *, *, #3977, .F. ) ;
#2257 = EDGE_LOOP ( 'NONE', ( #3846, #4134, #2679, #1827 ) ) ;
#2258 = CARTESIAN_POINT ( 'NONE',  ( 0.3146807352246344114, 9.827012004735410144, 4.330111669743923919 ) ) ;
#2259 = ORIENTED_EDGE ( 'NONE', *, *, #885, .T. ) ;
#2260 =( BOUNDED_SURFACE ( )  B_SPLINE_SURFACE ( 3, 1, ( 
 ( #1437, #1456 ),
 ( #3333, #2572 ),
 ( #3032, #4919 ),
 ( #4108, #4136 ) ),
 .UNSPECIFIED., .F., .F., .F. ) 
 B_SPLINE_SURFACE_WITH_KNOTS ( ( 4, 4 ),
 ( 2, 2 ),
 ( 0.000000000000000000, 1.000000000000000000 ),
 ( 0.000000000000000000, 1.000000000000000000 ),
 .UNSPECIFIED. ) 
 GEOMETRIC_REPRESENTATION_ITEM ( )  RATIONAL_B_SPLINE_SURFACE ( (
 ( 1.000000000000000000, 1.000000000000000000),
 ( 0.7963945362475481904, 0.9530866181159203254),
 ( 0.7963945362475481904, 0.9530866181159203254),
 ( 1.000000000000000000, 1.000000000000000000) ) ) 
 REPRESENTATION_ITEM ( '' )  SURFACE ( )  );
#2261 = EDGE_CURVE ( 'NONE', #487, #2093, #179, .T. ) ;
#2262 = CARTESIAN_POINT ( 'NONE',  ( 7.148871875792691455, 6.289434997126953419, 4.395937880801973563 ) ) ;
#2263 = CARTESIAN_POINT ( 'NONE',  ( 5.780373642321761984, -2.672612239964041958, 5.710436958037639954 ) ) ;
#2264 = CARTESIAN_POINT ( 'NONE',  ( 5.807337495895641410, 6.319694879437744994, -0.3926780737155194934 ) ) ;
#2265 = CARTESIAN_POINT ( 'NONE',  ( 2.636624412714278165, 7.025356639903302280, -11.01023197665851860 ) ) ;
#2266 = CARTESIAN_POINT ( 'NONE',  ( -21.42413736143699765, 0.000000000000000000, 0.000000000000000000 ) ) ;
#2267 = EDGE_CURVE ( 'NONE', #3435, #3984, #1071, .T. ) ;
#2268 = CARTESIAN_POINT ( 'NONE',  ( 0.3131398827181169353, 10.09361082380427632, -3.661415213967076365 ) ) ;
#2269 = CARTESIAN_POINT ( 'NONE',  ( 2.636624412714236865, 0.000000000000000000, 0.000000000000000000 ) ) ;
#2270 = EDGE_CURVE ( 'NONE', #3249, #3158, #3505, .T. ) ;
#2271 = CARTESIAN_POINT ( 'NONE',  ( 0.3990563068656141632, -10.25543088178533147, 3.459501357797048371 ) ) ;
#2272 = CARTESIAN_POINT ( 'NONE',  ( 13.56791779411215160, 0.002256786506168625885, 0.009644201806883394984 ) ) ;
#2273 = CARTESIAN_POINT ( 'NONE',  ( 0.3131398827181169353, -7.924117507852315612, -7.245364211220633344 ) ) ;
#2274 = CARTESIAN_POINT ( 'NONE',  ( 5.781982565355654025, -2.117119029774035877, 5.940563751068872023 ) ) ;
#2275 = EDGE_CURVE ( 'NONE', #2339, #2727, #2961, .T. ) ;
#2276 = CARTESIAN_POINT ( 'NONE',  ( 5.780266697385849639, -6.297664382495177016, 0.3004961975485975767 ) ) ;
#2277 = CARTESIAN_POINT ( 'NONE',  ( 5.864710941410481659, -4.188189920006432310, -4.825105553856382734 ) ) ;
#2278 = CARTESIAN_POINT ( 'NONE',  ( 5.888395157494902499, 5.734614693997613699, -2.870529954747988111 ) ) ;
#2279 = CARTESIAN_POINT ( 'NONE',  ( 5.780252906077913977, 5.933996072729113891, -2.130367884859466265 ) ) ;
#2280 = EDGE_LOOP ( 'NONE', ( #3637, #2158, #1534, #2036 ) ) ;
#2281 = ORIENTED_EDGE ( 'NONE', *, *, #531, .T. ) ;
#2282 = FACE_OUTER_BOUND ( 'NONE', #1239, .T. ) ;
#2283 = ORIENTED_EDGE ( 'NONE', *, *, #2202, .T. ) ;
#2284 = B_SPLINE_CURVE_WITH_KNOTS ( 'NONE', 3,
 ( #2544, #3386, #4138, #1825, #4160, #3037 ),
 .UNSPECIFIED., .F., .F.,
 ( 4, 2, 4 ),
 ( 0.000000000000000000, 0.001669664777112999342, 0.003339329554225998684 ),
 .UNSPECIFIED. ) ;
#2285 = CARTESIAN_POINT ( 'NONE',  ( 7.148871875792691455, 0.000000000000000000, 0.000000000000000000 ) ) ;
#2286 = CARTESIAN_POINT ( 'NONE',  ( 5.888395157494902499, -4.846565907042521104, -4.199588886833081958 ) ) ;
#2287 = CARTESIAN_POINT ( 'NONE',  ( 2.636624412714579258, -7.483640378888317457, -10.70401657216404701 ) ) ;
#2288 = CARTESIAN_POINT ( 'NONE',  ( 1.999503599690320543, 7.640328031620552629, -9.798858301942646065 ) ) ;
#2289 = CARTESIAN_POINT ( 'NONE',  ( 0.3138252630704977397, 7.304932047140039408, 7.870580742796012608 ) ) ;
#2290 = B_SPLINE_CURVE_WITH_KNOTS ( 'NONE', 3,
 ( #1928, #2289, #2317, #353, #2686, #3019, #376, #1906, #1497, #744, #1075, #1521, #4668, #769, #720, #2660 ),
 .UNSPECIFIED., .F., .F.,
 ( 4, 3, 3, 3, 3, 4 ),
 ( 2.453269466693398698E-18, 0.0002402807489491026293, 0.0003604046903941014127, 0.0004805286307080681605, 0.0007203409650750118532, 0.0009603276570517840435 ),
 .UNSPECIFIED. ) ;
#2291 = CARTESIAN_POINT ( 'NONE',  ( 5.781154568282830475, -4.536662008974941429, 4.379690503513917754 ) ) ;
#2292 = CARTESIAN_POINT ( 'NONE',  ( 5.803399891413405953, 2.772755418227799140, 5.688115777415258201 ) ) ;
#2293 = CARTESIAN_POINT ( 'NONE',  ( 5.781256649740091014, 6.305645837366873785, -0.04373057054790174120 ) ) ;
#2294 = CARTESIAN_POINT ( 'NONE',  ( 1.274844381333500865, -5.398310493840593693, -10.38123049717322033 ) ) ;
#2295 = VECTOR ( 'NONE', #4234, 1000.000000000000000 ) ;
#2296 = B_SPLINE_CURVE_WITH_KNOTS ( 'NONE', 3,
 ( #903, #1577, #4926, #583 ),
 .UNSPECIFIED., .F., .F.,
 ( 4, 4 ),
 ( 0.000000000000000000, 0.001963989672852250231 ),
 .UNSPECIFIED. ) ;
#2297 = CARTESIAN_POINT ( 'NONE',  ( 1.348381451710669143, 11.77241721213009029, -0.9353982284062296593 ) ) ;
#2298 = AXIS2_PLACEMENT_3D ( 'NONE', #19, #4726, #4774 ) ;
#2299 = CARTESIAN_POINT ( 'NONE',  ( 5.781295420454910960, -5.827360209684712800, -2.409781604133217403 ) ) ;
#2300 = CARTESIAN_POINT ( 'NONE',  ( 5.780373642321761984, -6.298520252597382019, 0.2838821314355446379 ) ) ;
#2301 = CARTESIAN_POINT ( 'NONE',  ( 0.4460866974656261252, -0.7639663935828031605, -10.84324444081485161 ) ) ;
#2302 = CARTESIAN_POINT ( 'NONE',  ( 6.346074985646363409, 6.094651506296383303, -3.174417815529656295 ) ) ;
#2303 = AXIS2_PLACEMENT_3D ( 'NONE', #4405, #2061, #3624 ) ;
#2304 = EDGE_CURVE ( 'NONE', #1943, #477, #4498, .T. ) ;
#2305 = CARTESIAN_POINT ( 'NONE',  ( 0.3149798893762135177, -9.859374574731141649, -4.256852554769801955 ) ) ;
#2306 =( BOUNDED_SURFACE ( )  B_SPLINE_SURFACE ( 3, 1, ( 
 ( #907, #1632 ),
 ( #4831, #4439 ),
 ( #1682, #3921 ),
 ( #1304, #3529 ) ),
 .UNSPECIFIED., .F., .F., .F. ) 
 B_SPLINE_SURFACE_WITH_KNOTS ( ( 4, 4 ),
 ( 2, 2 ),
 ( 0.000000000000000000, 1.000000000000000000 ),
 ( 0.000000000000000000, 1.000000000000000000 ),
 .UNSPECIFIED. ) 
 GEOMETRIC_REPRESENTATION_ITEM ( )  RATIONAL_B_SPLINE_SURFACE ( (
 ( 1.000000000000000000, 1.000000000000000000),
 ( 0.9928172745385618336, 0.8240640142147769298),
 ( 0.9928172745385618336, 0.8240640142147769298),
 ( 1.000000000000000000, 1.000000000000000000) ) ) 
 REPRESENTATION_ITEM ( '' )  SURFACE ( )  );
#2307 = CARTESIAN_POINT ( 'NONE',  ( 0.4810029444423267186, -0.7740468116846792590, -10.90503870641859940 ) ) ;
#2308 = ORIENTED_EDGE ( 'NONE', *, *, #859, .T. ) ;
#2309 = EDGE_LOOP ( 'NONE', ( #1429, #3619, #3087, #3066 ) ) ;
#2310 = CARTESIAN_POINT ( 'NONE',  ( 0.3148517337138186933, 10.73710264236493295, 0.1998373498903093515 ) ) ;
#2311 = ORIENTED_EDGE ( 'NONE', *, *, #63, .F. ) ;
#2312 = CARTESIAN_POINT ( 'NONE',  ( 5.888395157494899834, 2.870529954748127999, -5.734614693997540869 ) ) ;
#2313 = DIRECTION ( 'NONE',  ( 0.000000000000000000, 0.000000000000000000, 1.000000000000000000 ) ) ;
#2314 = DIRECTION ( 'NONE',  ( 0.7672866406251410698, 0.4205941516209245612, 0.4841195830995276839 ) ) ;
#2315 = CARTESIAN_POINT ( 'NONE',  ( 13.56890048206675203, 0.009948245753775534703, 0.003525058140137670316 ) ) ;
#2316 = ADVANCED_FACE ( 'NONE', ( #4652 ), #2011, .F. ) ;
#2317 = CARTESIAN_POINT ( 'NONE',  ( 0.3143387148471936676, 7.363792318606511955, 7.816243589309960882 ) ) ;
#2318 = LINE ( 'NONE', #4669, #1321 ) ;
#2319 = CARTESIAN_POINT ( 'NONE',  ( 0.3151505758799263979, 9.952017125223777683, -4.035973470717506117 ) ) ;
#2320 = EDGE_LOOP ( 'NONE', ( #4964, #216, #686, #4445 ) ) ;
#2321 = CARTESIAN_POINT ( 'NONE',  ( 13.56759717490972861, 0.009177911541205643203, -0.002654905333064612721 ) ) ;
#2322 = CARTESIAN_POINT ( 'NONE',  ( 5.816512944232863802, -0.4067590252558684893, -6.327994152614087042 ) ) ;
#2323 = ADVANCED_FACE ( 'NONE', ( #1059 ), #4276, .T. ) ;
#2324 = B_SPLINE_CURVE_WITH_KNOTS ( 'NONE', 3,
 ( #2855, #871, #4007, #1640, #4448, #1341, #942, #1663, #2489, #3309, #3985, #2412, #162, #480, #1719, #109 ),
 .UNSPECIFIED., .F., .F.,
 ( 4, 3, 3, 3, 3, 4 ),
 ( 8.673617379884035472E-19, 5.634548159524039533E-05, 0.0001127033736992071261, 0.0001403741958184517261, 0.0001969210919175014632, 0.0002472485937301707021 ),
 .UNSPECIFIED. ) ;
#2325 = CARTESIAN_POINT ( 'NONE',  ( 0.3131398827181195443, -3.661415213967257554, 10.09361082380420882 ) ) ;
#2326 = CARTESIAN_POINT ( 'NONE',  ( 5.888395157494903387, -2.025213741016259394, 6.084756134219165169 ) ) ;
#2327 = CARTESIAN_POINT ( 'NONE',  ( 5.807337495895638746, -6.319694879437748547, 0.3926780737154759726 ) ) ;
#2328 = CARTESIAN_POINT ( 'NONE',  ( 5.806118102235774181, -4.192114340280733487, -4.743776955874781542 ) ) ;
#2329 = CARTESIAN_POINT ( 'NONE',  ( 5.034355368875037762, 5.842897782486778269, 8.358176933341850301 ) ) ;
#2330 = CARTESIAN_POINT ( 'NONE',  ( 5.781280995375704279, -2.379546262056357442, -5.839756163523196264 ) ) ;
#2331 = CARTESIAN_POINT ( 'NONE',  ( 0.4959482244580818433, 0.7731718701261309779, 10.89257800167812995 ) ) ;
#2332 = ORIENTED_EDGE ( 'NONE', *, *, #69, .T. ) ;
#2333 = ORIENTED_EDGE ( 'NONE', *, *, #2868, .T. ) ;
#2334 = CARTESIAN_POINT ( 'NONE',  ( 5.807337495895637858, -5.988908143892866853, -2.055655292791641386 ) ) ;
#2335 = B_SPLINE_CURVE_WITH_KNOTS ( 'NONE', 3,
 ( #2754, #3826, #3070, #4686, #2730, #371, #2683, #3513, #717, #740, #1541, #4245, #394, #1924, #323, #1877 ),
 .UNSPECIFIED., .F., .F.,
 ( 4, 3, 3, 3, 3, 4 ),
 ( 1.226634733346699349E-18, 5.657295309912600259E-05, 0.0001131630509233030505, 0.0001409051504076360328, 0.0001974894552762707230, 0.0002472425787895803388 ),
 .UNSPECIFIED. ) ;
#2336 =( BOUNDED_SURFACE ( )  B_SPLINE_SURFACE ( 3, 1, ( 
 ( #3400, #3099 ),
 ( #3809, #3053 ),
 ( #1932, #4671 ),
 ( #2321, #3889 ) ),
 .UNSPECIFIED., .F., .F., .F. ) 
 B_SPLINE_SURFACE_WITH_KNOTS ( ( 4, 4 ),
 ( 2, 2 ),
 ( 0.000000000000000000, 1.000000000000000000 ),
 ( 0.000000000000000000, 1.000000000000000000 ),
 .UNSPECIFIED. ) 
 GEOMETRIC_REPRESENTATION_ITEM ( )  RATIONAL_B_SPLINE_SURFACE ( (
 ( 1.000000000000000000, 1.000000000000000000),
 ( 0.9928172745385618336, 0.8240640142147777070),
 ( 0.9928172745385618336, 0.8240640142147777070),
 ( 1.000000000000000000, 1.000000000000000000) ) ) 
 REPRESENTATION_ITEM ( '' )  SURFACE ( )  );
#2337 = ADVANCED_FACE ( 'NONE', ( #4597 ), #1400, .T. ) ;
#2338 = CARTESIAN_POINT ( 'NONE',  ( 5.807337495896701896, -4.746364433029801155, -4.191033775532207351 ) ) ;
#2340 = ADVANCED_FACE ( 'NONE', ( #4957 ), #977, .F. ) ;
#2339 = VERTEX_POINT ( 'NONE', #2614 ) ;
#2341 = CARTESIAN_POINT ( 'NONE',  ( 5.826145232816757336, 2.036578408417375918, -6.015291519974926615 ) ) ;
#2342 = CARTESIAN_POINT ( 'NONE',  ( 7.148871875792691455, 6.289434997127012039, -4.395937880801886521 ) ) ;
#2343 = DIRECTION ( 'NONE',  ( -0.7767995536391634204, -0.02785801045957665353, -0.6291314526545550567 ) ) ;
#2344 = CARTESIAN_POINT ( 'NONE',  ( 0.3148517337138180827, 4.293536930231546478, -9.843314926783003571 ) ) ;
#2345 = CARTESIAN_POINT ( 'NONE',  ( 13.56835537283902227, 0.01023101694859181524, 0.0005295461330394019657 ) ) ;
#2346 = DIRECTION ( 'NONE',  ( 0.000000000000000000, 0.000000000000000000, -1.000000000000000000 ) ) ;
#2347 = ORIENTED_EDGE ( 'NONE', *, *, #1064, .F. ) ;
#2348 = CARTESIAN_POINT ( 'NONE',  ( 6.794699092203797974, -3.580645861261183782, 6.397644094325796615 ) ) ;
#2349 = CARTESIAN_POINT ( 'NONE',  ( 5.785401201709519547, -0.3334692589278252517, -6.301124235432367549 ) ) ;
#2350 = DIRECTION ( 'NONE',  ( -1.000000000000000000, -0.000000000000000000, -0.000000000000000000 ) ) ;
#2351 = ORIENTED_EDGE ( 'NONE', *, *, #2505, .T. ) ;
#2352 = CARTESIAN_POINT ( 'NONE',  ( 7.148871875792691455, -1.654454461926233799, -7.492932861594813865 ) ) ;
#2353 = CARTESIAN_POINT ( 'NONE',  ( 0.3149798893762135177, -9.981679928039623562, 3.961581312061635884 ) ) ;
#2354 = CARTESIAN_POINT ( 'NONE',  ( 7.148871875792691455, 0.000000000000000000, 0.000000000000000000 ) ) ;
#2355 = CARTESIAN_POINT ( 'NONE',  ( 5.781256649740091902, -2.453467971396385394, -5.808922163571716091 ) ) ;
#2356 = CYLINDRICAL_SURFACE ( 'NONE', #1965, 5.000000000000000888 ) ;
#2357 = CARTESIAN_POINT ( 'NONE',  ( 2.636624412713846066, 2.817732372804091501, 12.75308701346008178 ) ) ;
#2358 = ORIENTED_EDGE ( 'NONE', *, *, #3390, .T. ) ;
#2359 = VERTEX_POINT ( 'NONE', #3762 ) ;
#2360 = CARTESIAN_POINT ( 'NONE',  ( 5.599799548363812107, 0.000000000000000000, 0.000000000000000000 ) ) ;
#2361 = CARTESIAN_POINT ( 'NONE',  ( 0.3148517337138110883, -0.1998373498903468493, 10.73710264236494183 ) ) ;
#2362 = CARTESIAN_POINT ( 'NONE',  ( 5.849679172800993143, -4.808000446209264922, -4.184950690830166131 ) ) ;
#2363 = ORIENTED_EDGE ( 'NONE', *, *, #3337, .T. ) ;
#2364 = CARTESIAN_POINT ( 'NONE',  ( 7.148871875792691455, 0.000000000000000000, 0.000000000000000000 ) ) ;
#2365 = CARTESIAN_POINT ( 'NONE',  ( 0.4810029444423286060, 7.163693068912318829, -8.258360567908420435 ) ) ;
#2366 = CARTESIAN_POINT ( 'NONE',  ( 0.3125344840682531267, 9.695757663334662269, 4.612074196817313343 ) ) ;
#2367 =( BOUNDED_SURFACE ( )  B_SPLINE_SURFACE ( 3, 1, ( 
 ( #584, #642 ),
 ( #4566, #4927 ),
 ( #2898, #4542 ),
 ( #1029, #1050 ) ),
 .UNSPECIFIED., .F., .F., .F. ) 
 B_SPLINE_SURFACE_WITH_KNOTS ( ( 4, 4 ),
 ( 2, 2 ),
 ( 0.000000000000000000, 1.000000000000000000 ),
 ( 0.000000000000000000, 1.000000000000000000 ),
 .UNSPECIFIED. ) 
 GEOMETRIC_REPRESENTATION_ITEM ( )  RATIONAL_B_SPLINE_SURFACE ( (
 ( 1.000000000000000000, 1.000000000000000000),
 ( 0.9544777771602501737, 0.9992633679055394902),
 ( 0.9544777771602501737, 0.9992633679055394902),
 ( 1.000000000000000000, 1.000000000000000000) ) ) 
 REPRESENTATION_ITEM ( '' )  SURFACE ( )  );
#2368 = ADVANCED_FACE ( 'NONE', ( #1818 ), #2175, .F. ) ;
#2369 = CARTESIAN_POINT ( 'NONE',  ( 5.599799548363812107, 6.123233995736767268E-16, -5.000000000000000888 ) ) ;
#2370 = CARTESIAN_POINT ( 'NONE',  ( 2.636624412713888699, -7.025356639900958378, 11.01023197665829123 ) ) ;
#2371 = ORIENTED_EDGE ( 'NONE', *, *, #1962, .F. ) ;
#2372 = DIRECTION ( 'NONE',  ( 0.000000000000000000, 0.000000000000000000, 1.000000000000000000 ) ) ;
#2373 = CARTESIAN_POINT ( 'NONE',  ( 5.780979408894890703, 4.573027051279329847, 4.341314202519308552 ) ) ;
#2374 = CARTESIAN_POINT ( 'NONE',  ( 0.3072101391086903277, 3.663056587010282694, 10.09812914501195280 ) ) ;
#2375 = ORIENTED_EDGE ( 'NONE', *, *, #39, .F. ) ;
#2376 = VECTOR ( 'NONE', #333, 1000.000000000000114 ) ;
#2377 = CARTESIAN_POINT ( 'NONE',  ( 13.56759717490972861, -0.009177911541205660551, 0.002654905333064549403 ) ) ;
#2378 = CARTESIAN_POINT ( 'NONE',  ( 5.797806088100544208, -4.197591805872167292, -4.727843936858756813 ) ) ;
#2379 = CARTESIAN_POINT ( 'NONE',  ( 13.56676982392279740, 0.005362415580934651663, 0.007640452277799804695 ) ) ;
#2380 = EDGE_CURVE ( 'NONE', #3301, #1067, #2102, .T. ) ;
#2381 = AXIS2_PLACEMENT_3D ( 'NONE', #2144, #930, #2509 ) ;
#2382 = B_SPLINE_CURVE_WITH_KNOTS ( 'NONE', 3,
 ( #4157, #1019, #2984, #2540, #1387, #4553, #1796 ),
 .UNSPECIFIED., .F., .F.,
 ( 4, 3, 4 ),
 ( 0.000000000000000000, 0.001426018004565434002, 0.007027290684762562030 ),
 .UNSPECIFIED. ) ;
#2383 = CARTESIAN_POINT ( 'NONE',  ( 5.781217879015561500, -2.490342944803821013, -5.793305489086644222 ) ) ;
#2384 = CARTESIAN_POINT ( 'NONE',  ( 4.091188226140807238, -11.05742727228602185, -2.442745795705884682 ) ) ;
#2385 = CARTESIAN_POINT ( 'NONE',  ( 0.4460866974656261252, 0.7639663935828789887, 10.84324444081484806 ) ) ;
#2386 = ORIENTED_EDGE ( 'NONE', *, *, #4355, .T. ) ;
#2387 = VERTEX_POINT ( 'NONE', #830 ) ;
#2388 = CARTESIAN_POINT ( 'NONE',  ( 5.785401201709520436, -5.949092873521544256, -2.103250427128968703 ) ) ;
#2389 = VECTOR ( 'NONE', #2314, 1000.000000000000114 ) ;
#2390 = ADVANCED_FACE ( 'NONE', ( #3948 ), #4447, .F. ) ;
#2391 = B_SPLINE_CURVE_WITH_KNOTS ( 'NONE', 3,
 ( #1185, #2739, #4307, #1258, #4017, #800 ),
 .UNSPECIFIED., .F., .F.,
 ( 4, 2, 4 ),
 ( 2.462833906345087556E-18, 0.0002092284541179437933, 0.0004184569082358850930 ),
 .UNSPECIFIED. ) ;
#2392 = VECTOR ( 'NONE', #223, 1000.000000000000000 ) ;
#2393 = B_SPLINE_CURVE_WITH_KNOTS ( 'NONE', 3,
 ( #1024, #4584, #4162, #2575, #1068, #3771, #1851, #4186, #4114, #5017, #4558, #2622, #689, #4944, #217, #2599 ),
 .UNSPECIFIED., .F., .F.,
 ( 4, 3, 3, 3, 3, 4 ),
 ( 4.336808689942017736E-19, 5.634548159524242820E-05, 0.0001127033736992089828, 0.0001403741958184554666, 0.0001969210919175062337, 0.0002472485937301714611 ),
 .UNSPECIFIED. ) ;
#2394 = ORIENTED_EDGE ( 'NONE', *, *, #2202, .F. ) ;
#2395 = CARTESIAN_POINT ( 'NONE',  ( 6.794699092203792645, 6.397644094325805497, 3.580645861261154916 ) ) ;
#2396 = CARTESIAN_POINT ( 'NONE',  ( 0.4959482244580810106, -8.248930841978852513, -7.155500697201190974 ) ) ;
#2397 = CARTESIAN_POINT ( 'NONE',  ( 0.4460866974656241823, 7.127125856662501313, -8.207537491664536944 ) ) ;
#2398 = CARTESIAN_POINT ( 'NONE',  ( 2.337031956193685200, -1.867972770581735276, -12.62881345988124160 ) ) ;
#2399 = CARTESIAN_POINT ( 'NONE',  ( 7.148871875792690567, -4.128427668216795077, 6.468179606601620613 ) ) ;
#2400 = ORIENTED_EDGE ( 'NONE', *, *, #4754, .F. ) ;
#2401 = DIRECTION ( 'NONE',  ( 0.000000000000000000, 0.000000000000000000, -1.000000000000000000 ) ) ;
#2402 = CARTESIAN_POINT ( 'NONE',  ( 5.780373642321761984, 4.654461362248202505, 4.252991401856626830 ) ) ;
#2403 = CARTESIAN_POINT ( 'NONE',  ( 13.56791779411215160, -0.008415269538980977432, -0.005223691454576601112 ) ) ;
#2404 = ORIENTED_EDGE ( 'NONE', *, *, #4476, .F. ) ;
#2405 = CARTESIAN_POINT ( 'NONE',  ( 2.636624412714522858, 10.70401657216391378, -7.483640378888378741 ) ) ;
#2406 = CARTESIAN_POINT ( 'NONE',  ( 0.4959482244580810106, 10.89257800167812817, -0.7731718701261690585 ) ) ;
#2407 = DIRECTION ( 'NONE',  ( -1.000000000000000000, -0.000000000000000000, -0.000000000000000000 ) ) ;
#2408 = CARTESIAN_POINT ( 'NONE',  ( 5.888395157494902499, -0.4574818382619499912, -6.396597398412635194 ) ) ;
#2409 = CARTESIAN_POINT ( 'NONE',  ( 5.786827336177553072, 2.097880528971208136, 5.952500764269090361 ) ) ;
#2410 = VERTEX_POINT ( 'NONE', #2325 ) ;
#2411 = ORIENTED_EDGE ( 'NONE', *, *, #4900, .T. ) ;
#2412 = CARTESIAN_POINT ( 'NONE',  ( 5.841349233016944531, 4.183012850269881788, 4.798646713497038974 ) ) ;
#2413 = CARTESIAN_POINT ( 'NONE',  ( 5.780266697385859409, 0.3004961975486184489, 6.297664382495168134 ) ) ;
#2414 = ORIENTED_EDGE ( 'NONE', *, *, #3277, .F. ) ;
#2415 = B_SPLINE_CURVE_WITH_KNOTS ( 'NONE', 3,
 ( #4847, #197, #4880, #1322, #2894, #4456, #950, #1760, #4067, #3317, #3674, #4903, #3994, #2841, #1371, #3594 ),
 .UNSPECIFIED., .F., .F.,
 ( 4, 3, 3, 3, 3, 4 ),
 ( 4.271261210083258205E-18, 0.0002402807489491023854, 0.0003604046903941011959, 0.0004805286307080687026, 0.0007203409650750132627, 0.0009603276570517851277 ),
 .UNSPECIFIED. ) ;
#2416 = CARTESIAN_POINT ( 'NONE',  ( 5.785401201709979624, 2.103250427127111077, -5.949092873522690894 ) ) ;
#2417 = CARTESIAN_POINT ( 'NONE',  ( 6.937403657009209468, 2.275671432591543475, -4.860566237685435276 ) ) ;
#2418 = DIRECTION ( 'NONE',  ( -1.000000000000000000, -0.000000000000000000, -0.000000000000000000 ) ) ;
#2419 = EDGE_CURVE ( 'NONE', #369, #3266, #3445, .T. ) ;
#2420 = CARTESIAN_POINT ( 'NONE',  ( 0.3125344840682512948, 10.11716493239044290, -3.594707052580223827 ) ) ;
#2421 = DIRECTION ( 'NONE',  ( 1.000000000000000000, 0.000000000000000000, 0.000000000000000000 ) ) ;
#2422 = EDGE_LOOP ( 'NONE', ( #3234, #3901, #2062, #3024 ) ) ;
#2423 = DIRECTION ( 'NONE',  ( 0.000000000000000000, 0.000000000000000000, 1.000000000000000000 ) ) ;
#2424 = CARTESIAN_POINT ( 'NONE',  ( 5.780777222299025020, 4.304166312746906975, 4.607861277960583202 ) ) ;
#2425 = EDGE_CURVE ( 'NONE', #3086, #2576, #2962, .T. ) ;
#2426 = CARTESIAN_POINT ( 'NONE',  ( 13.56759717490972861, 0.001059421992558264372, -0.009495272909580562692 ) ) ;
#2427 = EDGE_CURVE ( 'NONE', #2178, #3387, #4109, .T. ) ;
#2428 = EDGE_LOOP ( 'NONE', ( #2881, #758, #2386, #3014 ) ) ;
#2429 = CARTESIAN_POINT ( 'NONE',  ( 2.636624412714237309, 12.75308701346249585, 2.817732372801759588 ) ) ;
#2430 = CARTESIAN_POINT ( 'NONE',  ( 0.3131398827181195443, -4.548249133634135966, 9.726272186705694267 ) ) ;
#2431 = CARTESIAN_POINT ( 'NONE',  ( 0.3138252630704976842, -7.304932047139984341, -7.870580742796065898 ) ) ;
#2432 = EDGE_CURVE ( 'NONE', #2106, #3915, #490, .T. ) ;
#2433 = EDGE_CURVE ( 'NONE', #2911, #1898, #3174, .T. ) ;
#2434 = CARTESIAN_POINT ( 'NONE',  ( 5.780373642321761984, -2.148066458205919016, -5.927710934927450381 ) ) ;
#2435 = DIRECTION ( 'NONE',  ( 0.7767995536391634204, 0.6291314526545545016, 0.02785801045958752331 ) ) ;
#2436 = ORIENTED_EDGE ( 'NONE', *, *, #4852, .F. ) ;
#2437 = DIRECTION ( 'NONE',  ( 0.000000000000000000, 0.000000000000000000, 1.000000000000000000 ) ) ;
#2438 = CARTESIAN_POINT ( 'NONE',  ( 0.3020602839598329759, -10.72609604625727719, -0.6349612095517696009 ) ) ;
#2439 = CARTESIAN_POINT ( 'NONE',  ( 5.849679172800142268, -2.840501909911460121, -5.706332401394688780 ) ) ;
#2440 = EDGE_LOOP ( 'NONE', ( #4346, #3146, #2526, #342 ) ) ;
#2441 = CARTESIAN_POINT ( 'NONE',  ( 0.4810029444423258860, -0.7740468116848325808, 10.90503870641858697 ) ) ;
#2442 = CARTESIAN_POINT ( 'NONE',  ( 13.57761964090312645, 0.007131536758726414113, 0.01289128168725575500 ) ) ;
#2443 = FACE_OUTER_BOUND ( 'NONE', #1489, .T. ) ;
#2444 = ADVANCED_FACE ( 'NONE', ( #4389 ), #412, .F. ) ;
#2445 = B_SPLINE_CURVE_WITH_KNOTS ( 'NONE', 3,
 ( #235, #286, #3721, #2201, #1797, #3009, #680, #1413, #4984, #3794, #627, #3767, #261, #2986, #4601, #1823 ),
 .UNSPECIFIED., .F., .F.,
 ( 4, 3, 3, 3, 3, 4 ),
 ( 8.673617379884034509E-19, 0.0001201367182547265585, 0.0002402733039868101383, 0.0003604098457935274577, 0.0004641886131672990344, 0.0005680047735601310901 ),
 .UNSPECIFIED. ) ;
#2446 = CARTESIAN_POINT ( 'NONE',  ( 0.4810029444423268297, 8.258360567908592742, -7.163693068912117212 ) ) ;
#2447 = ORIENTED_EDGE ( 'NONE', *, *, #2501, .T. ) ;
#2448 = CARTESIAN_POINT ( 'NONE',  ( 1.274928338748255729, 10.38129822869287722, 5.398365817401296951 ) ) ;
#2449 = VERTEX_POINT ( 'NONE', #3555 ) ;
#2450 = CARTESIAN_POINT ( 'NONE',  ( 3.835489892373581178, -9.531096018944262838, 6.663270132178232608 ) ) ;
#2451 = CARTESIAN_POINT ( 'NONE',  ( 5.888395157494902499, 2.025213741016299362, -6.084756134219151846 ) ) ;
#2452 = ADVANCED_FACE ( 'NONE', ( #3601 ), #247, .F. ) ;
#2453 = CARTESIAN_POINT ( 'NONE',  ( 6.346074985646366073, 3.174417815529722020, 6.094651506296348664 ) ) ;
#2454 = EDGE_LOOP ( 'NONE', ( #2789, #1018, #1142, #4582 ) ) ;
#2455 = DIRECTION ( 'NONE',  ( 0.7672866406251409588, -0.4205941516209280029, -0.4841195830995247418 ) ) ;
#2456 = CARTESIAN_POINT ( 'NONE',  ( 0.3990563068656157175, -4.805447850877969884, 9.697921590122714264 ) ) ;
#2457 = CARTESIAN_POINT ( 'NONE',  ( 5.110416117198757213, 8.520105416751437843, -5.437137764215456137 ) ) ;
#2458 = CARTESIAN_POINT ( 'NONE',  ( 6.937403657009209468, -2.275671432591511945, 4.860566237685449487 ) ) ;
#2459 = CARTESIAN_POINT ( 'NONE',  ( 2.636624412714652532, -12.75308701346299145, -2.817732372801446061 ) ) ;
#2460 = EDGE_LOOP ( 'NONE', ( #2990, #4239, #2570, #29 ) ) ;
#2461 = CARTESIAN_POINT ( 'NONE',  ( 0.3314483142510971092, -9.682885621342972371, 4.682398656365927003 ) ) ;
#2462 = CARTESIAN_POINT ( 'NONE',  ( 5.780373642321761096, -4.654461362248231815, 4.252991401856593967 ) ) ;
#2463 = AXIS2_PLACEMENT_3D ( 'NONE', #1330, #4435, #957 ) ;
#2464 = CARTESIAN_POINT ( 'NONE',  ( 7.148871875792691455, -4.128427668216703594, -6.468179606601679232 ) ) ;
#2465 = ORIENTED_EDGE ( 'NONE', *, *, #32, .F. ) ;
#2466 = FACE_OUTER_BOUND ( 'NONE', #1315, .T. ) ;
#2467 = ORIENTED_EDGE ( 'NONE', *, *, #3818, .F. ) ;
#2468 = CARTESIAN_POINT ( 'NONE',  ( 0.4959482244580810106, 9.767549806965163839, -4.882726802909567176 ) ) ;
#2469 = CARTESIAN_POINT ( 'NONE',  ( 0.3151923201557827459, 4.035528952380192713, -9.952482900331780513 ) ) ;
#2470 =( GEOMETRIC_REPRESENTATION_CONTEXT ( 3 ) GLOBAL_UNCERTAINTY_ASSIGNED_CONTEXT ( ( #731 ) ) GLOBAL_UNIT_ASSIGNED_CONTEXT ( ( #818, #349, #5049 ) ) REPRESENTATION_CONTEXT ( 'NONE', 'WORKASPACE' ) );
#2471 = FACE_OUTER_BOUND ( 'NONE', #4112, .T. ) ;
#2472 = ORIENTED_EDGE ( 'NONE', *, *, #97, .T. ) ;
#2473 = FACE_OUTER_BOUND ( 'NONE', #4702, .T. ) ;
#2474 = ORIENTED_EDGE ( 'NONE', *, *, #1114, .F. ) ;
#2475 = EDGE_CURVE ( 'NONE', #15, #1461, #2632, .T. ) ;
#2476 = CARTESIAN_POINT ( 'NONE',  ( 7.148871875792691455, 7.555699621490356677, 1.338904651110579547 ) ) ;
#2477 = CARTESIAN_POINT ( 'NONE',  ( 5.782469467446608391, 2.707743978227821202, -5.696210683342708414 ) ) ;
#2478 = CARTESIAN_POINT ( 'NONE',  ( 13.56791779411215160, -0.005223691454576947189, -0.008415269538980075376 ) ) ;
#2479 = CARTESIAN_POINT ( 'NONE',  ( 0.3072101391086899946, -7.927663766067619022, 7.248609728848550482 ) ) ;
#2480 = ORIENTED_EDGE ( 'NONE', *, *, #3587, .T. ) ;
#2481 = CARTESIAN_POINT ( 'NONE',  ( 5.781256649740095455, -0.04373057054783563435, -6.305645837366872009 ) ) ;
#2482 = CARTESIAN_POINT ( 'NONE',  ( 0.3125344840682509617, -4.612074196817347982, 9.695757663334644505 ) ) ;
#2483 = DIRECTION ( 'NONE',  ( -0.7767995536391634204, 0.2150207380305921290, -0.5919024714281703181 ) ) ;
#2484 = ADVANCED_FACE ( 'NONE', ( #883 ), #538, .F. ) ;
#2485 = CARTESIAN_POINT ( 'NONE',  ( 13.56791779411215160, 0.001605677387583394648, 0.009773715463083088029 ) ) ;
#2486 = CARTESIAN_POINT ( 'NONE',  ( 13.56759717490972861, 0.007463296338658294456, 0.005965047388504941990 ) ) ;
#2487 = VERTEX_POINT ( 'NONE', #4462 ) ;
#2488 = CARTESIAN_POINT ( 'NONE',  ( 13.56759717490972861, -0.001059421992558335062, 0.009495272909580555754 ) ) ;
#2489 = CARTESIAN_POINT ( 'NONE',  ( 5.814817957556452477, 4.187313247315798570, 4.759612999540574485 ) ) ;
#2490 = ADVANCED_FACE ( 'NONE', ( #4410 ), #781, .F. ) ;
#2491 = CARTESIAN_POINT ( 'NONE',  ( 2.666330941622472306, -13.04885528449524479, 2.704053251623897314 ) ) ;
#2492 = EDGE_CURVE ( 'NONE', #906, #4809, #3027, .T. ) ;
#2493 = ORIENTED_EDGE ( 'NONE', *, *, #1587, .F. ) ;
#2494 = CARTESIAN_POINT ( 'NONE',  ( 7.148871875792691455, 7.555699621490356677, 1.338904651110579547 ) ) ;
#2495 = VERTEX_POINT ( 'NONE', #4048 ) ;
#2496 = CARTESIAN_POINT ( 'NONE',  ( 5.780596792240386250, 2.641365141277859152, -5.725307679872737587 ) ) ;
#2497 = CARTESIAN_POINT ( 'NONE',  ( 0.3151928467770708786, 4.109382808623577965, -9.921895184371145149 ) ) ;
#2498 = B_SPLINE_CURVE_WITH_KNOTS ( 'NONE', 3,
 ( #2170, #2120, #4073, #3271, #3681, #932 ),
 .UNSPECIFIED., .F., .F.,
 ( 4, 2, 4 ),
 ( 0.000000000000000000, 0.001669664777113663090, 0.003339329554227326181 ),
 .UNSPECIFIED. ) ;
#2499 = EDGE_CURVE ( 'NONE', #3398, #4739, #2780, .T. ) ;
#2500 = CARTESIAN_POINT ( 'NONE',  ( 6.350699776881511660, 6.540507056792434604, -2.119819410196420506 ) ) ;
#2501 = EDGE_CURVE ( 'NONE', #3387, #2178, #1010, .T. ) ;
#2502 = EDGE_LOOP ( 'NONE', ( #4062, #3293 ) ) ;
#2503 = CARTESIAN_POINT ( 'NONE',  ( 5.780266697385855856, -5.703288309322062766, 2.687634108289249202 ) ) ;
#2504 = VERTEX_POINT ( 'NONE', #1765 ) ;
#2505 = EDGE_CURVE ( 'NONE', #4185, #2076, #4626, .T. ) ;
#2506 = CARTESIAN_POINT ( 'NONE',  ( 3.121479018042441655, -2.176329733853684445, -12.29058684818621749 ) ) ;
#2507 = CARTESIAN_POINT ( 'NONE',  ( 5.853692992412379503, 0.4432701330925422067, -6.362812130941644106 ) ) ;
#2508 =( BOUNDED_SURFACE ( )  B_SPLINE_SURFACE ( 3, 1, ( 
 ( #4690, #398 ),
 ( #3212, #3991 ),
 ( #1253, #4402 ),
 ( #1544, #3191 ) ),
 .UNSPECIFIED., .F., .F., .F. ) 
 B_SPLINE_SURFACE_WITH_KNOTS ( ( 4, 4 ),
 ( 2, 2 ),
 ( 0.000000000000000000, 1.000000000000000000 ),
 ( 0.000000000000000000, 1.000000000000000000 ),
 .UNSPECIFIED. ) 
 GEOMETRIC_REPRESENTATION_ITEM ( )  RATIONAL_B_SPLINE_SURFACE ( (
 ( 1.000000000000000000, 1.000000000000000000),
 ( 0.9544777771602501737, 0.9992633679055394902),
 ( 0.9544777771602501737, 0.9992633679055394902),
 ( 1.000000000000000000, 1.000000000000000000) ) ) 
 REPRESENTATION_ITEM ( '' )  SURFACE ( )  );
#2509 = DIRECTION ( 'NONE',  ( 0.000000000000000000, 0.000000000000000000, 1.000000000000000000 ) ) ;
#2510 = CARTESIAN_POINT ( 'NONE',  ( 13.56759717490972861, 0.004612461923498454783, -0.008367065052335111858 ) ) ;
#2511 = ORIENTED_EDGE ( 'NONE', *, *, #4355, .F. ) ;
#2512 = CARTESIAN_POINT ( 'NONE',  ( 5.781217879015565053, -0.08377484633493914590, -6.305329352836150925 ) ) ;
#2513 = FACE_OUTER_BOUND ( 'NONE', #3264, .T. ) ;
#2514 = CARTESIAN_POINT ( 'NONE',  ( 5.781154568282833139, 5.867364170594997930, -2.310201025855678214 ) ) ;
#2515 = B_SPLINE_CURVE_WITH_KNOTS ( 'NONE', 3,
 ( #4412, #4832, #2456, #517, #2482, #2430 ),
 .UNSPECIFIED., .F., .F.,
 ( 4, 2, 4 ),
 ( 1.688329426181088889E-17, 0.0002092205112235680144, 0.0004184410224471191153 ),
 .UNSPECIFIED. ) ;
#2516 = CARTESIAN_POINT ( 'NONE',  ( 5.781280995375709608, -2.446737885656006917, 5.811924481750351035 ) ) ;
#2517 = DIRECTION ( 'NONE',  ( 0.000000000000000000, 0.000000000000000000, 1.000000000000000000 ) ) ;
#2518 = ORIENTED_EDGE ( 'NONE', *, *, #1573, .T. ) ;
#2519 = CARTESIAN_POINT ( 'NONE',  ( 6.772577236260944211, -7.242548386841690444, 0.8998714826151246182 ) ) ;
#2520 = CARTESIAN_POINT ( 'NONE',  ( 5.782469467446606615, -4.681474696541624070, 4.226403703658361266 ) ) ;
#2521 = FACE_OUTER_BOUND ( 'NONE', #3584, .T. ) ;
#2522 = ORIENTED_EDGE ( 'NONE', *, *, #682, .F. ) ;
#2523 = CARTESIAN_POINT ( 'NONE',  ( 1.348381451710667589, 7.662929611238473271, 8.985782472070358295 ) ) ;
#2524 = B_SPLINE_CURVE_WITH_KNOTS ( 'NONE', 3,
 ( #76, #414, #3533, #4756, #889, #1243, #2801 ),
 .UNSPECIFIED., .F., .F.,
 ( 4, 3, 4 ),
 ( 6.444941301567948241E-17, 0.002265310746493346284, 0.007027290684749653085 ),
 .UNSPECIFIED. ) ;
#2525 = CARTESIAN_POINT ( 'NONE',  ( 2.112679944503185858, -12.17075723209312521, -3.377209704817448532 ) ) ;
#2526 = ORIENTED_EDGE ( 'NONE', *, *, #2818, .F. ) ;
#2527 = CARTESIAN_POINT ( 'NONE',  ( 1.999780352464145095, 10.80874840914151491, 6.129446143039714023 ) ) ;
#2528 = CARTESIAN_POINT ( 'NONE',  ( 0.4810029444423268297, 7.163693068912204254, 8.258360567908518135 ) ) ;
#2529 = CARTESIAN_POINT ( 'NONE',  ( 5.888395157494899834, 0.4574818382620848833, -6.396597398412624536 ) ) ;
#2530 = EDGE_CURVE ( 'NONE', #3466, #3772, #329, .T. ) ;
#2531 = CARTESIAN_POINT ( 'NONE',  ( 0.3131398827181195443, 3.661415213967185611, 10.09361082380423547 ) ) ;
#2532 = CARTESIAN_POINT ( 'NONE',  ( 0.3072101391086899946, 0.4801637145096121495, 10.73124590139689261 ) ) ;
#2533 = ORIENTED_EDGE ( 'NONE', *, *, #3511, .T. ) ;
#2534 = CARTESIAN_POINT ( 'NONE',  ( 6.129644004586971562, 1.917226052435961225, -8.681095947675220970 ) ) ;
#2535 = CARTESIAN_POINT ( 'NONE',  ( 3.121479018041842579, 10.22965481802094878, 7.151859792209092959 ) ) ;
#2536 =( BOUNDED_SURFACE ( )  B_SPLINE_SURFACE ( 3, 1, ( 
 ( #280, #4862 ),
 ( #3352, #2904 ),
 ( #3304, #4076 ),
 ( #208, #1771 ) ),
 .UNSPECIFIED., .F., .F., .F. ) 
 B_SPLINE_SURFACE_WITH_KNOTS ( ( 4, 4 ),
 ( 2, 2 ),
 ( 0.000000000000000000, 1.000000000000000000 ),
 ( 0.000000000000000000, 1.000000000000000000 ),
 .UNSPECIFIED. ) 
 GEOMETRIC_REPRESENTATION_ITEM ( )  RATIONAL_B_SPLINE_SURFACE ( (
 ( 1.000000000000000000, 1.000000000000000000),
 ( 0.9544777771602501737, 0.9992633679055394902),
 ( 0.9544777771602501737, 0.9992633679055394902),
 ( 1.000000000000000000, 1.000000000000000000) ) ) 
 REPRESENTATION_ITEM ( '' )  SURFACE ( )  );
#2537 = CARTESIAN_POINT ( 'NONE',  ( 13.56759717490972861, 0.002654905333064581062, 0.009177911541205651877 ) ) ;
#2538 = CARTESIAN_POINT ( 'NONE',  ( 0.3151923201557815246, -7.536992918814561015, 7.650565178379594045 ) ) ;
#2539 = ORIENTED_EDGE ( 'NONE', *, *, #3399, .F. ) ;
#2540 = CARTESIAN_POINT ( 'NONE',  ( 6.233220831025896302, 4.716283639483315859, -7.389882308457567106 ) ) ;
#2541 = CARTESIAN_POINT ( 'NONE',  ( 5.780373642321761096, -4.654461362248231815, 4.252991401856593967 ) ) ;
#2542 = EDGE_CURVE ( 'NONE', #218, #3976, #3321, .T. ) ;
#2543 = B_SPLINE_CURVE_WITH_KNOTS ( 'NONE', 3,
 ( #656, #2619, #4602, #1318, #4819, #4961, #4454, #948, #4182, #2181, #140, #236, #3409, #3744, #2496, #4940 ),
 .UNSPECIFIED., .F., .F.,
 ( 4, 3, 3, 3, 3, 4 ),
 ( 8.673617379884034509E-19, 0.0001201367182547255963, 0.0002402733039868083494, 0.0003604098457935265361, 0.0004641886131673001728, 0.0005680047735601316322 ),
 .UNSPECIFIED. ) ;
#2544 = CARTESIAN_POINT ( 'NONE',  ( 2.636624412713888699, -7.025356639900958378, 11.01023197665829123 ) ) ;
#2545 = VERTEX_POINT ( 'NONE', #979 ) ;
#2546 = CARTESIAN_POINT ( 'NONE',  ( 5.861834570473163808, -4.187083498300516737, 4.822259073147824537 ) ) ;
#2547 = ORIENTED_EDGE ( 'NONE', *, *, #3430, .T. ) ;
#2548 = VERTEX_POINT ( 'NONE', #2531 ) ;
#2549 = AXIS2_PLACEMENT_3D ( 'NONE', #823, #2418, #4012 ) ;
#2550 = EDGE_CURVE ( 'NONE', #3030, #4327, #4242, .T. ) ;
#2551 = CARTESIAN_POINT ( 'NONE',  ( 0.4959482244580810106, 9.767549806965163839, -4.882726802909567176 ) ) ;
#2552 = CONICAL_SURFACE ( 'NONE', #345, 7.673412698073462934, 0.8735574070079478171 ) ;
#2553 = CARTESIAN_POINT ( 'NONE',  ( 13.57223985685982726, -0.007165506382016272220, -0.01243257948845909698 ) ) ;
#2554 = ORIENTED_EDGE ( 'NONE', *, *, #2582, .F. ) ;
#2555 = DIRECTION ( 'NONE',  ( -1.000000000000000000, -0.000000000000000000, -0.000000000000000000 ) ) ;
#2556 = CARTESIAN_POINT ( 'NONE',  ( 7.148871875792690567, -4.128427668216795077, 6.468179606601620613 ) ) ;
#2557 = DIRECTION ( 'NONE',  ( 1.000000000000000000, 0.000000000000000000, 0.000000000000000000 ) ) ;
#2558 = AXIS2_PLACEMENT_3D ( 'NONE', #2364, #426, #4299 ) ;
#2559 = CIRCLE ( 'NONE', #2889, 10.42403576283960831 ) ;
#2560 = CARTESIAN_POINT ( 'NONE',  ( 5.780252906077913977, -2.689571284754873837, 5.702366440367293343 ) ) ;
#2561 = CARTESIAN_POINT ( 'NONE',  ( 5.888395157494902499, -0.4574818382619499912, -6.396597398412635194 ) ) ;
#2562 = VERTEX_POINT ( 'NONE', #722 ) ;
#2563 = CARTESIAN_POINT ( 'NONE',  ( 5.780832915889894785, -0.2038734355923964847, -6.302204156976674021 ) ) ;
#2564 = CARTESIAN_POINT ( 'NONE',  ( 0.3125344840682513503, -7.971406774848007082, 7.192747673383804496 ) ) ;
#2565 = FACE_OUTER_BOUND ( 'NONE', #165, .T. ) ;
#2566 =( BOUNDED_SURFACE ( )  B_SPLINE_SURFACE ( 3, 1, ( 
 ( #1460, #1418 ),
 ( #1042, #215 ),
 ( #3361, #1090 ),
 ( #3336, #1755 ) ),
 .UNSPECIFIED., .F., .F., .F. ) 
 B_SPLINE_SURFACE_WITH_KNOTS ( ( 4, 4 ),
 ( 2, 2 ),
 ( 0.000000000000000000, 1.000000000000000000 ),
 ( 0.000000000000000000, 1.000000000000000000 ),
 .UNSPECIFIED. ) 
 GEOMETRIC_REPRESENTATION_ITEM ( )  RATIONAL_B_SPLINE_SURFACE ( (
 ( 1.000000000000000000, 1.000000000000000000),
 ( 0.7963945362475481904, 0.9530866181159203254),
 ( 0.7963945362475481904, 0.9530866181159203254),
 ( 1.000000000000000000, 1.000000000000000000) ) ) 
 REPRESENTATION_ITEM ( '' )  SURFACE ( )  );
#2567 = B_SPLINE_CURVE_WITH_KNOTS ( 'NONE', 3,
 ( #534, #582, #2527, #2448, #1701, #556 ),
 .UNSPECIFIED., .F., .F.,
 ( 4, 2, 4 ),
 ( 0.000000000000000000, 0.001669664777114296481, 0.003339329554228592963 ),
 .UNSPECIFIED. ) ;
#2568 = CARTESIAN_POINT ( 'NONE',  ( 5.780631868880690583, -2.185802639711947215, 5.914310866965028168 ) ) ;
#2569 = CARTESIAN_POINT ( 'NONE',  ( 5.807337495895636970, -2.055655292791620514, 5.988908143892878400 ) ) ;
#2570 = ORIENTED_EDGE ( 'NONE', *, *, #4549, .T. ) ;
#2571 = CARTESIAN_POINT ( 'NONE',  ( 1.999503599690351852, -11.97679158267893840, -3.308881961839844621 ) ) ;
#2572 = CARTESIAN_POINT ( 'NONE',  ( 2.112679944503185858, -6.217977087222805288, -10.99407285475371765 ) ) ;
#2573 = CARTESIAN_POINT ( 'NONE',  ( 1.999780352464133104, -11.97711222890439231, 3.308766363582102521 ) ) ;
#2574 = ORIENTED_EDGE ( 'NONE', *, *, #134, .F. ) ;
#2575 = CARTESIAN_POINT ( 'NONE',  ( 5.786827336177283065, 5.692479203587780034, 2.725628107276901968 ) ) ;
#2576 = VERTEX_POINT ( 'NONE', #3347 ) ;
#2577 = B_SPLINE_CURVE_WITH_KNOTS ( 'NONE', 3,
 ( #4233, #1891, #3530, #1529 ),
 .UNSPECIFIED., .F., .F.,
 ( 4, 4 ),
 ( 1.084202172485504314E-19, 0.001963989672852251532 ),
 .UNSPECIFIED. ) ;
#2578 = SURFACE_STYLE_USAGE ( .BOTH. , #4537 ) ;
#2579 = CARTESIAN_POINT ( 'NONE',  ( 6.350699776881510772, -6.540507056792416840, 2.119819410196468468 ) ) ;
#2580 = CARTESIAN_POINT ( 'NONE',  ( 6.794699092203795310, 7.280906283310594418, 0.8598130233235801168 ) ) ;
#2581 = CARTESIAN_POINT ( 'NONE',  ( 5.819745664830159093, 0.4111774656866984401, -6.330948124295451507 ) ) ;
#2582 = EDGE_CURVE ( 'NONE', #2495, #1723, #1126, .T. ) ;
#2583 = CARTESIAN_POINT ( 'NONE',  ( 13.56791779411215160, -0.009644201806882950895, -0.002256786506167944139 ) ) ;
#2584 = CARTESIAN_POINT ( 'NONE',  ( 13.56890048206675203, 0.0005502997644807319441, 0.01053996198465991831 ) ) ;
#2585 = ORIENTED_EDGE ( 'NONE', *, *, #3810, .F. ) ;
#2586 = CARTESIAN_POINT ( 'NONE',  ( 7.148871875792691455, 1.654454461926391229, -7.492932861594779226 ) ) ;
#2587 = CARTESIAN_POINT ( 'NONE',  ( 5.810243213706235643, 4.751684242656835089, -4.189395967119364350 ) ) ;
#2588 = FACE_OUTER_BOUND ( 'NONE', #367, .T. ) ;
#2589 = CARTESIAN_POINT ( 'NONE',  ( 0.3314483142510969427, -8.031452186448918340, -7.153943451686828325 ) ) ;
#2590 = CARTESIAN_POINT ( 'NONE',  ( 5.780373642321761984, 4.654461362248202505, 4.252991401856626830 ) ) ;
#2591 = ORIENTED_EDGE ( 'NONE', *, *, #1203, .F. ) ;
#2592 = CARTESIAN_POINT ( 'NONE',  ( 6.346074985646366073, -6.845520889864092240, 0.6004574899085203255 ) ) ;
#2593 = CARTESIAN_POINT ( 'NONE',  ( 5.780373642321761984, -4.654461362248173195, -4.252991401856659692 ) ) ;
#2594 = CARTESIAN_POINT ( 'NONE',  ( 13.57761964090312645, 0.004072754696867244076, 0.01415827070162022777 ) ) ;
#2595 =( BOUNDED_SURFACE ( )  B_SPLINE_SURFACE ( 3, 1, ( 
 ( #1941, #2307 ),
 ( #2677, #4237 ),
 ( #3844, #3085 ),
 ( #3507, #340 ) ),
 .UNSPECIFIED., .F., .F., .F. ) 
 B_SPLINE_SURFACE_WITH_KNOTS ( ( 4, 4 ),
 ( 2, 2 ),
 ( 0.000000000000000000, 1.000000000000000000 ),
 ( 0.000000000000000000, 1.000000000000000000 ),
 .UNSPECIFIED. ) 
 GEOMETRIC_REPRESENTATION_ITEM ( )  RATIONAL_B_SPLINE_SURFACE ( (
 ( 1.000000000000000000, 1.000000000000000000),
 ( 0.9928172745385618336, 0.8240640142147777070),
 ( 0.9928172745385618336, 0.8240640142147777070),
 ( 1.000000000000000000, 1.000000000000000000) ) ) 
 REPRESENTATION_ITEM ( '' )  SURFACE ( )  );
#2596 = EDGE_CURVE ( 'NONE', #3551, #2934, #1810, .T. ) ;
#2597 = CARTESIAN_POINT ( 'NONE',  ( 0.3178557125107202008, 7.482405201426550079, 7.708923407746992140 ) ) ;
#2598 = EDGE_LOOP ( 'NONE', ( #3928, #2100, #3735, #4163 ) ) ;
#2599 = CARTESIAN_POINT ( 'NONE',  ( 5.888395157494901611, 5.734614693997571067, 2.870529954748070711 ) ) ;
#2600 = ORIENTED_EDGE ( 'NONE', *, *, #3341, .F. ) ;
#2601 = B_SPLINE_CURVE_WITH_KNOTS ( 'NONE', 3,
 ( #603, #2233, #1800, #4941, #4581, #3746, #1066, #4531, #2255, #2620, #3723, #4605, #3796, #4556, #3411, #4987 ),
 .UNSPECIFIED., .F., .F.,
 ( 4, 3, 3, 3, 3, 4 ),
 ( 3.004629197474318463E-18, 5.657295310010768667E-05, 0.0001131630509250462172, 0.0001409051504093645222, 0.0001974894552779756581, 0.0002472425787894654134 ),
 .UNSPECIFIED. ) ;
#2602 = CARTESIAN_POINT ( 'NONE',  ( 5.780252906077913977, 6.297554011975164734, 0.3026386992118308417 ) ) ;
#2603 = LINE ( 'NONE', #4925, #3613 ) ;
#2604 = CARTESIAN_POINT ( 'NONE',  ( 7.024951713254538710, 0.3909444054864298912, -5.448987474260464481 ) ) ;
#2605 = ADVANCED_FACE ( 'NONE', ( #4201 ), #4504, .F. ) ;
#2606 = CARTESIAN_POINT ( 'NONE',  ( 7.148871875792691455, 1.338904651110659483, -7.555699621490342466 ) ) ;
#2607 = CARTESIAN_POINT ( 'NONE',  ( 0.8889325092158212316, 10.74629987537550946, -3.535859246472448980 ) ) ;
#2608 = CARTESIAN_POINT ( 'NONE',  ( 0.3138244244576106068, -0.4000718862013479260, -10.73070278368402874 ) ) ;
#2609 = VERTEX_POINT ( 'NONE', #2268 ) ;
#2610 = CARTESIAN_POINT ( 'NONE',  ( 5.781056083966183756, 6.304011001820950533, 0.1455827347715390740 ) ) ;
#2611 = CARTESIAN_POINT ( 'NONE',  ( 7.024951713254540486, -4.884600053424181354, 2.446422764143000528 ) ) ;
#2612 = CARTESIAN_POINT ( 'NONE',  ( 0.4959482244580827315, -3.454091471063659657, 10.35930993710111991 ) ) ;
#2613 = EDGE_CURVE ( 'NONE', #4696, #2624, #3832, .T. ) ;
#2614 = CARTESIAN_POINT ( 'NONE',  ( 0.4959482244580810106, 8.248930841978904027, 7.155500697201134130 ) ) ;
#2615 = DIRECTION ( 'NONE',  ( -1.000000000000000000, -0.000000000000000000, -0.000000000000000000 ) ) ;
#2616 = ORIENTED_EDGE ( 'NONE', *, *, #1994, .T. ) ;
#2617 = CARTESIAN_POINT ( 'NONE',  ( 0.4460862896348337658, 3.443717001172087677, 10.31020848498287457 ) ) ;
#2618 = CARTESIAN_POINT ( 'NONE',  ( 5.781217879015558836, -4.517778904941334162, -4.399303381068725649 ) ) ;
#2619 = CARTESIAN_POINT ( 'NONE',  ( 5.780631868880690583, 2.185802639711984519, -5.914310866965014846 ) ) ;
#2620 = CARTESIAN_POINT ( 'NONE',  ( 5.803399891413409506, 5.688115777415284846, -2.772755418227737856 ) ) ;
#2621 = ORIENTED_EDGE ( 'NONE', *, *, #4589, .F. ) ;
#2622 = CARTESIAN_POINT ( 'NONE',  ( 5.841349233016945419, 5.700962551624552788, 2.832601767183908326 ) ) ;
#2623 = VERTEX_POINT ( 'NONE', #1835 ) ;
#2624 = VERTEX_POINT ( 'NONE', #3396 ) ;
#2625 = B_SPLINE_CURVE_WITH_KNOTS ( 'NONE', 3,
 ( #454, #3488, #3569, #3112, #3163, #4328 ),
 .UNSPECIFIED., .F., .F.,
 ( 4, 2, 4 ),
 ( 1.694445322777763033E-18, 0.0002092284541179436578, 0.0004184569082358855809 ),
 .UNSPECIFIED. ) ;
#2626 = CARTESIAN_POINT ( 'NONE',  ( 0.4959482244580775134, 7.155500697201103932, 8.248930841978928896 ) ) ;
#2627 = VECTOR ( 'NONE', #3651, 1000.000000000000000 ) ;
#2628 = CARTESIAN_POINT ( 'NONE',  ( 0.3989394446945354056, 8.150729143265641241, 7.120751377060750009 ) ) ;
#2629 = CARTESIAN_POINT ( 'NONE',  ( 6.794699092203799751, -7.280906283310588201, -0.8598130233236337405 ) ) ;
#2630 = B_SPLINE_CURVE_WITH_KNOTS ( 'NONE', 3,
 ( #821, #1621, #4764, #1252, #4380, #3544 ),
 .UNSPECIFIED., .F., .F.,
 ( 4, 2, 4 ),
 ( 4.336808689942017736E-19, 0.001669706568511674987, 0.003339413137023349541 ),
 .UNSPECIFIED. ) ;
#2631 = CARTESIAN_POINT ( 'NONE',  ( 7.148871875792691455, 7.555699621490356677, -1.338904651110580435 ) ) ;
#2632 = CIRCLE ( 'NONE', #4610, 13.06066017082141251 ) ;
#2633 = B_SPLINE_CURVE_WITH_KNOTS ( 'NONE', 3,
 ( #1750, #2617, #4180, #679, #234, #4576 ),
 .UNSPECIFIED., .F., .F.,
 ( 4, 2, 4 ),
 ( 1.695000219128231642E-17, 0.0002092205112235675265, 0.0004184410224471181395 ),
 .UNSPECIFIED. ) ;
#2634 = ADVANCED_FACE ( 'NONE', ( #4999 ), #3122, .T. ) ;
#2635 = CARTESIAN_POINT ( 'NONE',  ( 5.781125901799032185, -4.370457377965977663, 4.545562536835119793 ) ) ;
#2636 = CARTESIAN_POINT ( 'NONE',  ( 5.780373642321761984, 4.252991401856675679, -4.654461362248158096 ) ) ;
#2637 = ORIENTED_EDGE ( 'NONE', *, *, #667, .F. ) ;
#2638 = AXIS2_PLACEMENT_3D ( 'NONE', #4824, #1298, #2866 ) ;
#2639 = CARTESIAN_POINT ( 'NONE',  ( 5.781154568282833139, 6.304813325030581339, 0.1109956159645184987 ) ) ;
#2640 = CARTESIAN_POINT ( 'NONE',  ( 5.864710941409941647, -5.715870900237247199, -2.855065369429104383 ) ) ;
#2641 = VECTOR ( 'NONE', #2943, 1000.000000000000114 ) ;
#2642 = ADVANCED_BREP_SHAPE_REPRESENTATION ( 'straight bevel gear_iso', ( #2979, #4619 ), #2470 ) ;
#2643 = CARTESIAN_POINT ( 'NONE',  ( 13.56890048206675203, 0.009948245753774660402, -0.003525058140137904937 ) ) ;
#2644 = CARTESIAN_POINT ( 'NONE',  ( 13.56835537283902227, -0.0005295461330399982769, -0.01023101694859111094 ) ) ;
#2645 = CARTESIAN_POINT ( 'NONE',  ( 5.781280995375706944, -4.433192021009854322, -4.484618263300463425 ) ) ;
#2646 = CARTESIAN_POINT ( 'NONE',  ( 0.4460866974656234052, 10.31020888659352330, 3.443717086026996554 ) ) ;
#2647 = EDGE_CURVE ( 'NONE', #2108, #4696, #777, .T. ) ;
#2648 = CARTESIAN_POINT ( 'NONE',  ( 13.56890048206675203, 0.004541879518435970771, -0.009527064548372696229 ) ) ;
#2649 = CARTESIAN_POINT ( 'NONE',  ( 0.3131398827181169353, 10.72644339064184393, 0.4799510588010812429 ) ) ;
#2650 = ORIENTED_EDGE ( 'NONE', *, *, #788, .T. ) ;
#2651 = ORIENTED_EDGE ( 'NONE', *, *, #4142, .T. ) ;
#2652 = FACE_OUTER_BOUND ( 'NONE', #1208, .T. ) ;
#2653 = EDGE_LOOP ( 'NONE', ( #4030, #1795, #4816, #577 ) ) ;
#2654 = EDGE_CURVE ( 'NONE', #1672, #3551, #1025, .T. ) ;
#2655 = B_SPLINE_CURVE_WITH_KNOTS ( 'NONE', 3,
 ( #4231, #4981, #751, #3058, #1913, #2326 ),
 .UNSPECIFIED., .F., .F.,
 ( 4, 2, 4 ),
 ( 2.221953256361079964E-18, 0.0009821026408563917134, 0.001964205281712781258 ),
 .UNSPECIFIED. ) ;
#2656 = ADVANCED_FACE ( 'NONE', ( #3371 ), #135, .F. ) ;
#2657 = DIRECTION ( 'NONE',  ( 0.000000000000000000, 0.000000000000000000, 1.000000000000000000 ) ) ;
#2658 = CARTESIAN_POINT ( 'NONE',  ( 0.3314483142510994407, 8.031452186448968078, 7.153943451686768817 ) ) ;
#2659 = CARTESIAN_POINT ( 'NONE',  ( 2.636624412714237309, 2.277149844236439069, 12.86061556398350625 ) ) ;
#2660 = CARTESIAN_POINT ( 'NONE',  ( 0.3131398827181195443, 7.924117507852365350, 7.245364211220578277 ) ) ;
#2661 = EDGE_CURVE ( 'NONE', #320, #906, #4257, .T. ) ;
#2662 = EDGE_CURVE ( 'NONE', #1008, #1488, #3824, .T. ) ;
#2663 = ADVANCED_FACE ( 'NONE', ( #796 ), #641, .F. ) ;
#2664 = CARTESIAN_POINT ( 'NONE',  ( 13.56791779411215160, -0.005223691454576692185, 0.008415269538980920186 ) ) ;
#2665 = EDGE_CURVE ( 'NONE', #3566, #715, #1752, .T. ) ;
#2666 = CARTESIAN_POINT ( 'NONE',  ( 5.888395157494902499, 4.199588886833098833, -4.846565907042507781 ) ) ;
#2667 = CARTESIAN_POINT ( 'NONE',  ( 5.780373642321761984, 6.298520252597380242, 0.2838821314355884917 ) ) ;
#2668 = CARTESIAN_POINT ( 'NONE',  ( 5.786827336177554848, -5.692479203587526015, -2.725628107278048162 ) ) ;
#2669 = CARTESIAN_POINT ( 'NONE',  ( 0.4959482244580775134, -10.89257800167812285, -0.7731718701262459970 ) ) ;
#2670 = B_SPLINE_CURVE_WITH_KNOTS ( 'NONE', 3,
 ( #1955, #4357, #3520, #377, #878, #3969, #1152 ),
 .UNSPECIFIED., .F., .F.,
 ( 4, 3, 4 ),
 ( 0.000000000000000000, 0.001426018004565433569, 0.007027290684762971425 ),
 .UNSPECIFIED. ) ;
#2671 = CARTESIAN_POINT ( 'NONE',  ( 5.785401201709522212, -2.103250427128950939, 5.949092873521549585 ) ) ;
#2672 = PRODUCT ( 'straight bevel gear_iso', 'straight bevel gear_iso', '', ( #1717 ) ) ;
#2673 = CARTESIAN_POINT ( 'NONE',  ( 5.816512944232864690, -6.327994152614090595, 0.4067590252558933583 ) ) ;
#2674 = CARTESIAN_POINT ( 'NONE',  ( 0.4959482244580775134, 4.882726802909806096, -9.767549806965043047 ) ) ;
#2675 = CARTESIAN_POINT ( 'NONE',  ( 2.636624412713862053, 7.483640378889235834, 10.70401657216198110 ) ) ;
#2676 = CARTESIAN_POINT ( 'NONE',  ( 5.814817957557504968, 5.999724438822304329, -2.047147966013617371 ) ) ;
#2677 = CARTESIAN_POINT ( 'NONE',  ( 13.56835537283902227, -0.006859975801159643762, 0.007608867124406910182 ) ) ;
#2678 = ORIENTED_EDGE ( 'NONE', *, *, #3870, .T. ) ;
#2679 = ORIENTED_EDGE ( 'NONE', *, *, #2433, .F. ) ;
#2680 = DIRECTION ( 'NONE',  ( -1.000000000000000000, -0.000000000000000000, -0.000000000000000000 ) ) ;
#2681 = ORIENTED_EDGE ( 'NONE', *, *, #1588, .F. ) ;
#2682 = CARTESIAN_POINT ( 'NONE',  ( 0.4810029444423286060, -0.7740468116846793700, -10.90503870641860118 ) ) ;
#2683 = CARTESIAN_POINT ( 'NONE',  ( 5.816512944233767080, 4.762189641691030317, 4.186945511554622357 ) ) ;
#2684 = CARTESIAN_POINT ( 'NONE',  ( 5.861834570473160255, 6.370567226303763597, -0.4491369562186265929 ) ) ;
#2685 = CARTESIAN_POINT ( 'NONE',  ( 13.57223985685982726, 0.01422832630261095660, -0.001862322494628428082 ) ) ;
#2686 = CARTESIAN_POINT ( 'NONE',  ( 0.3148517337138179717, 7.450971743470442554, 7.733584433954042048 ) ) ;
#2687 = B_SPLINE_CURVE_WITH_KNOTS ( 'NONE', 3,
 ( #4897, #2935, #2546, #4063, #1724, #2031, #502, #2107, #2860, #551, #2890, #3591, #2912, #86, #2054, #4480 ),
 .UNSPECIFIED., .F., .F.,
 ( 4, 3, 3, 3, 3, 4 ),
 ( 2.602085213965210642E-18, 5.657295310009890463E-05, 0.0001131630509250382619, 0.0001409051504093573664, 0.0001974894552779662526, 0.0002472425787894667686 ),
 .UNSPECIFIED. ) ;
#2688 = CARTESIAN_POINT ( 'NONE',  ( 5.875108777299985263, 2.863153342804272583, 5.723449180124793756 ) ) ;
#2689 = CARTESIAN_POINT ( 'NONE',  ( 3.835489892373770360, -2.027859131794518266, 11.45114612247637709 ) ) ;
#2690 = EDGE_CURVE ( 'NONE', #2545, #2804, #2318, .T. ) ;
#2691 = CARTESIAN_POINT ( 'NONE',  ( 13.56759717490972861, 0.001059421992559053671, 0.009495272909580961679 ) ) ;
#2692 = CARTESIAN_POINT ( 'NONE',  ( 0.4959482244580810106, -8.248930841978852513, -7.155500697201190974 ) ) ;
#2693 = CARTESIAN_POINT ( 'NONE',  ( 6.772577236260943323, -4.484949849853893333, 5.757560304961001130 ) ) ;
#2694 = CARTESIAN_POINT ( 'NONE',  ( 0.4810029444423258860, 0.7740468116849087421, -10.90503870641858164 ) ) ;
#2695 = CARTESIAN_POINT ( 'NONE',  ( 5.829707808123401946, -4.183073039357406486, -4.783150890693266710 ) ) ;
#2696 = CARTESIAN_POINT ( 'NONE',  ( 0.8889338621414288877, 10.74630120766350672, 3.535859527974007044 ) ) ;
#2697 = B_SPLINE_CURVE_WITH_KNOTS ( 'NONE', 3,
 ( #1504, #2719, #3839, #1890, #752, #4983 ),
 .UNSPECIFIED., .F., .F.,
 ( 4, 2, 4 ),
 ( 1.301042606982605321E-18, 0.0009821026408563901956, 0.001964205281712778656 ),
 .UNSPECIFIED. ) ;
#2698 = CARTESIAN_POINT ( 'NONE',  ( 0.3723593555270010569, 4.828055859583241904, 9.686087649737222804 ) ) ;
#2699 = ADVANCED_FACE ( 'NONE', ( #1907 ), #1642, .T. ) ;
#2700 = CARTESIAN_POINT ( 'NONE',  ( 6.772577236260941547, 4.484949849853934190, -5.757560304960972708 ) ) ;
#2701 = ORIENTED_EDGE ( 'NONE', *, *, #2883, .T. ) ;
#2702 = ORIENTED_EDGE ( 'NONE', *, *, #2231, .T. ) ;
#2703 = CARTESIAN_POINT ( 'NONE',  ( 5.110416117198893993, -9.952253551226846184, 1.762757110808041761 ) ) ;
#2704 = VERTEX_POINT ( 'NONE', #3493 ) ;
#2705 = DIRECTION ( 'NONE',  ( -0.7672866406251407367, 0.4841195830995234095, 0.4205941516209297237 ) ) ;
#2706 = B_SPLINE_CURVE_WITH_KNOTS ( 'NONE', 3,
 ( #4732, #475, #25, #2830, #867, #2747, #1192 ),
 .UNSPECIFIED., .F., .F.,
 ( 4, 3, 4 ),
 ( 6.636673472677261964E-16, 0.002265310746493284268, 0.007027290684749104913 ),
 .UNSPECIFIED. ) ;
#2707 = CARTESIAN_POINT ( 'NONE',  ( 5.797806088099525468, -2.068801609840714484, -5.974307086108374243 ) ) ;
#2708 = LINE ( 'NONE', #2611, #683 ) ;
#2709 = CARTESIAN_POINT ( 'NONE',  ( 5.797806088100176503, -6.311236138729509726, -0.3749448775583438809 ) ) ;
#2710 = CARTESIAN_POINT ( 'NONE',  ( 13.56890048206675203, 0.01053996198465991484, -0.0005502997644807683733 ) ) ;
#2711 = CARTESIAN_POINT ( 'NONE',  ( 5.780916678224963690, -6.302883275651142370, -0.1801575287482816146 ) ) ;
#2712 = ORIENTED_EDGE ( 'NONE', *, *, #860, .T. ) ;
#2713 = CARTESIAN_POINT ( 'NONE',  ( 0.3131398827181169353, -10.09361082380424790, 3.661415213967150528 ) ) ;
#2714 = FACE_OUTER_BOUND ( 'NONE', #4958, .T. ) ;
#2715 = VECTOR ( 'NONE', #2748, 1000.000000000000227 ) ;
#2716 = CARTESIAN_POINT ( 'NONE',  ( 13.56791779411215160, 0.008415269538980094458, -0.005223691454576917699 ) ) ;
#2717 = VECTOR ( 'NONE', #714, 1000.000000000000000 ) ;
#2718 = CARTESIAN_POINT ( 'NONE',  ( 0.3131398827181169353, -7.245364211220494788, -7.924117507852441733 ) ) ;
#2719 = CARTESIAN_POINT ( 'NONE',  ( 6.971778540990890782, 7.274316105970093815, 1.823193123017824435 ) ) ;
#2720 = CARTESIAN_POINT ( 'NONE',  ( 0.3151928467770740427, -4.110066916621837763, -9.921611817560133773 ) ) ;
#2721 = CARTESIAN_POINT ( 'NONE',  ( 5.781256649740093678, 0.04373057054787983511, 6.305645837366870232 ) ) ;
#2722 = B_SPLINE_CURVE_WITH_KNOTS ( 'NONE', 3,
 ( #4292, #4734, #3432, #2776, #27, #837, #735, #3062, #416, #4345 ),
 .UNSPECIFIED., .F., .F.,
 ( 4, 3, 3, 4 ),
 ( 2.385244779468109755E-18, 0.0002402807489491022770, 0.0003604046903941017922, 0.0004801584278175822563 ),
 .UNSPECIFIED. ) ;
#2723 = CLOSED_SHELL ( 'NONE', ( #2484, #2047, #1353, #183, #3877, #87, #699, #1263, #146, #2699, #2634, #5010, #2323, #3042, #3828, #3334, #4235, #4254, #2337, #4047, #3554, #1159, #1560, #650, #2252, #3127, #1414, #311, #1697, #1458, #4632, #2490, #1358, #986, #3189, #3993, #264, #789, #3214, #1582, #255, #4840, #2444, #2390, #3547, #3937, #3343, #3226, #1366, #1839, #4164, #2368, #2114, #3078, #1691, #2885, #629, #3395, #1856, #1136, #3143, #4646, #2316, #850, #458, #467, #4460, #4249, #1001, #2816, #2340, #1892, #1627, #4970, #1819, #1013, #5012, #2663, #1255, #4259, #894, #21, #2066, #613, #3035, #287, #3328, #1070, #4478, #2452, #4310, #3382, #1507, #3653, #4679, #3504, #299, #2806, #4706, #742, #1097, #2656, #2605, #465, #4097, #2097, #1945 ) ) ;
#2724 = LINE ( 'NONE', #606, #601 ) ;
#2725 = CARTESIAN_POINT ( 'NONE',  ( 0.3131398827181169353, -7.924117507852315612, -7.245364211220633344 ) ) ;
#2726 = ORIENTED_EDGE ( 'NONE', *, *, #304, .F. ) ;
#2727 = VERTEX_POINT ( 'NONE', #402 ) ;
#2728 = CARTESIAN_POINT ( 'NONE',  ( 0.3138244244576106623, -10.73070278368402697, 0.4000718862013853960 ) ) ;
#2729 = CARTESIAN_POINT ( 'NONE',  ( 0.3151503128656049091, -0.07984218730791139973, 10.73896347068862767 ) ) ;
#2730 = CARTESIAN_POINT ( 'NONE',  ( 5.837519771179272787, 4.793737122524202476, 4.182817180819637493 ) ) ;
#2731 = ORIENTED_EDGE ( 'NONE', *, *, #413, .F. ) ;
#2732 = CARTESIAN_POINT ( 'NONE',  ( 5.819745664829055976, -2.042870513553868950, -6.006384197305961514 ) ) ;
#2733 = CARTESIAN_POINT ( 'NONE',  ( 7.024951713254540486, 3.576576553463830077, -4.129455433836450418 ) ) ;
#2734 = CARTESIAN_POINT ( 'NONE',  ( 0.4460862896348345430, 9.725493979194673955, 4.855342691162270796 ) ) ;
#2735 = CARTESIAN_POINT ( 'NONE',  ( 0.3138252630704970181, 4.475991988253513298, -9.760818058098172045 ) ) ;
#2736 = CARTESIAN_POINT ( 'NONE',  ( 3.835489892373477705, -2.508666355982387852, -11.35550761926029395 ) ) ;
#2737 = CARTESIAN_POINT ( 'NONE',  ( 7.148871875792691455, 7.555699621490356677, -1.338904651110580435 ) ) ;
#2738 = ORIENTED_EDGE ( 'NONE', *, *, #401, .F. ) ;
#2739 = CARTESIAN_POINT ( 'NONE',  ( 0.3125344821672571549, -3.594706843112067229, 10.11716500635194116 ) ) ;
#2740 = CARTESIAN_POINT ( 'NONE',  ( 5.849679172800143157, -0.4405627070445674587, -6.358976731879041111 ) ) ;
#2741 = CARTESIAN_POINT ( 'NONE',  ( 13.56890048206675203, -0.009948245753774682953, 0.003525058140137839885 ) ) ;
#2742 = EDGE_LOOP ( 'NONE', ( #1631, #1615, #269, #1235 ) ) ;
#2743 = CARTESIAN_POINT ( 'NONE',  ( 2.112679944503184526, 1.537412228780542511, -12.53671570355076526 ) ) ;
#2744 = CARTESIAN_POINT ( 'NONE',  ( 0.3131398827181178235, -4.548249133633993857, -9.726272186705756440 ) ) ;
#2745 = CARTESIAN_POINT ( 'NONE',  ( 5.780979408894888039, 0.1638457266462538531, 6.303391150372007701 ) ) ;
#2746 = B_SPLINE_CURVE_WITH_KNOTS ( 'NONE', 3,
 ( #2965, #2579, #1982, #1904 ),
 .UNSPECIFIED., .F., .F.,
 ( 4, 4 ),
 ( 1.226634733346699349E-18, 0.001963989672852247629 ),
 .UNSPECIFIED. ) ;
#2747 = CARTESIAN_POINT ( 'NONE',  ( 6.129644004587101236, -4.782778269987146835, -7.494145355477057180 ) ) ;
#2748 = DIRECTION ( 'NONE',  ( 0.7767995536391634204, 0.5705808733050987680, 0.2664956293907785878 ) ) ;
#2749 = VERTEX_POINT ( 'NONE', #5076 ) ;
#2750 = EDGE_LOOP ( 'NONE', ( #1286, #2281, #2755, #3464 ) ) ;
#2751 = CARTESIAN_POINT ( 'NONE',  ( 0.3146807352246270284, -10.73603725321949298, -0.2398668612996607552 ) ) ;
#2752 = EDGE_CURVE ( 'NONE', #2093, #2487, #2670, .T. ) ;
#2753 = CARTESIAN_POINT ( 'NONE',  ( 13.57223985685982726, -0.01385793941728844826, 0.003724383110570787282 ) ) ;
#2754 = CARTESIAN_POINT ( 'NONE',  ( 5.888395157494902499, 4.846565907042552190, 4.199588886833048207 ) ) ;
#2755 = ORIENTED_EDGE ( 'NONE', *, *, #996, .T. ) ;
#2756 = CARTESIAN_POINT ( 'NONE',  ( 5.876541064897402578, -2.022823399216403750, -6.073058281061602059 ) ) ;
#2757 = CARTESIAN_POINT ( 'NONE',  ( 2.112679944503185858, 7.777682075339004797, -9.951911300238291957 ) ) ;
#2758 = DIRECTION ( 'NONE',  ( -0.7767995536391634204, -0.2664956293907685958, -0.5705808733051035420 ) ) ;
#2759 = FACE_OUTER_BOUND ( 'NONE', #2164, .T. ) ;
#2760 =( BOUNDED_SURFACE ( )  B_SPLINE_SURFACE ( 3, 1, ( 
 ( #4761, #2080 ),
 ( #1692, #3257 ),
 ( #4841, #1314 ),
 ( #943, #2491 ) ),
 .UNSPECIFIED., .F., .F., .F. ) 
 B_SPLINE_SURFACE_WITH_KNOTS ( ( 4, 4 ),
 ( 2, 2 ),
 ( 0.000000000000000000, 1.000000000000000000 ),
 ( 0.000000000000000000, 1.000000000000000000 ),
 .UNSPECIFIED. ) 
 GEOMETRIC_REPRESENTATION_ITEM ( )  RATIONAL_B_SPLINE_SURFACE ( (
 ( 1.000000000000000000, 1.000000000000000000),
 ( 0.7963945362475481904, 0.9530866181159202144),
 ( 0.7963945362475481904, 0.9530866181159202144),
 ( 1.000000000000000000, 1.000000000000000000) ) ) 
 REPRESENTATION_ITEM ( '' )  SURFACE ( )  );
#2761 = CARTESIAN_POINT ( 'NONE',  ( 0.8889338621414388797, -10.09901270616556879, 5.098552207058514085 ) ) ;
#2762 = CARTESIAN_POINT ( 'NONE',  ( 5.034355368874876113, -5.485968419462201595, 8.596669508961245043 ) ) ;
#2763 = EDGE_LOOP ( 'NONE', ( #4842, #1442, #1312, #3729 ) ) ;
#2764 = EDGE_CURVE ( 'NONE', #2959, #1700, #592, .T. ) ;
#2765 = DIRECTION ( 'NONE',  ( -1.000000000000000000, -0.000000000000000000, -0.000000000000000000 ) ) ;
#2766 = CARTESIAN_POINT ( 'NONE',  ( 5.780373642321761984, -0.2838821314355225445, -6.298520252597383795 ) ) ;
#2767 = CARTESIAN_POINT ( 'NONE',  ( 0.4810029444423268297, 3.458051635725198913, 10.37115695281029559 ) ) ;
#2768 = ORIENTED_EDGE ( 'NONE', *, *, #4077, .T. ) ;
#2769 = B_SPLINE_CURVE_WITH_KNOTS ( 'NONE', 3,
 ( #3227, #3899, #4316, #2851, #3506, #2774 ),
 .UNSPECIFIED., .F., .F.,
 ( 4, 2, 4 ),
 ( 6.314488766312914258E-18, 0.0009821026408563977850, 0.001964205281712789498 ),
 .UNSPECIFIED. ) ;
#2770 = CARTESIAN_POINT ( 'NONE',  ( 0.3990563068656138856, 10.79867654263911270, 0.7284209930607844496 ) ) ;
#2771 = CARTESIAN_POINT ( 'NONE',  ( 0.3314483142510987190, -0.6204923769006792655, -10.73769623072639945 ) ) ;
#2772 = EDGE_CURVE ( 'NONE', #4876, #3063, #4720, .T. ) ;
#2773 = CARTESIAN_POINT ( 'NONE',  ( 0.3151928467770718778, -7.594043166456650340, -7.593519572862858169 ) ) ;
#2774 = CARTESIAN_POINT ( 'NONE',  ( 5.888395157494902499, -4.846565907042521104, -4.199588886833081958 ) ) ;
#2775 = CARTESIAN_POINT ( 'NONE',  ( 5.599799548363812107, 8.448687067218075475E-16, 6.124340373424995043 ) ) ;
#2776 = CARTESIAN_POINT ( 'NONE',  ( 0.3146807352246300260, 0.2398668612996981697, -10.73603725321948765 ) ) ;
#2777 = ORIENTED_EDGE ( 'NONE', *, *, #4212, .F. ) ;
#2778 = ORIENTED_EDGE ( 'NONE', *, *, #915, .F. ) ;
#2779 = CARTESIAN_POINT ( 'NONE',  ( 2.636624412714652976, -12.86061556398311190, 2.277149844236165510 ) ) ;
#2780 = B_SPLINE_CURVE_WITH_KNOTS ( 'NONE', 3,
 ( #615, #3680, #4885, #1654 ),
 .UNSPECIFIED., .F., .F.,
 ( 4, 4 ),
 ( 1.226634733346699349E-18, 0.001963989672852248930 ),
 .UNSPECIFIED. ) ;
#2781 = DIRECTION ( 'NONE',  ( -0.7767995536391634204, -0.5919024714281708732, -0.2150207380305903526 ) ) ;
#2782 = ORIENTED_EDGE ( 'NONE', *, *, #3868, .T. ) ;
#2783 = CARTESIAN_POINT ( 'NONE',  ( 5.829707808121511015, -2.034222963692625452, -6.019847957357407076 ) ) ;
#2784 = CARTESIAN_POINT ( 'NONE',  ( 6.129644004586983108, -1.917226052435900829, 8.681095947675222746 ) ) ;
#2785 = DIRECTION ( 'NONE',  ( 0.000000000000000000, 0.000000000000000000, 1.000000000000000000 ) ) ;
#2786 = B_SPLINE_CURVE_WITH_KNOTS ( 'NONE', 3,
 ( #169, #2939, #4511, #1729, #2420, #2034 ),
 .UNSPECIFIED., .F., .F.,
 ( 4, 2, 4 ),
 ( 1.717836144195444106E-17, 0.0002092205112235678247, 0.0004184410224471184648 ),
 .UNSPECIFIED. ) ;
#2787 = CARTESIAN_POINT ( 'NONE',  ( 7.148871875792691455, 0.000000000000000000, 0.000000000000000000 ) ) ;
#2788 = CARTESIAN_POINT ( 'NONE',  ( 2.636624412714642762, 7.483640378888467559, -10.70401657216395108 ) ) ;
#2789 = ORIENTED_EDGE ( 'NONE', *, *, #2419, .F. ) ;
#2790 = CARTESIAN_POINT ( 'NONE',  ( 5.599799548363812107, 0.000000000000000000, 0.000000000000000000 ) ) ;
#2791 =( BOUNDED_SURFACE ( )  B_SPLINE_SURFACE ( 3, 1, ( 
 ( #4889, #4174 ),
 ( #181, #1743 ),
 ( #207, #455 ),
 ( #3909, #3881 ) ),
 .UNSPECIFIED., .F., .F., .F. ) 
 B_SPLINE_SURFACE_WITH_KNOTS ( ( 4, 4 ),
 ( 2, 2 ),
 ( 0.000000000000000000, 1.000000000000000000 ),
 ( 0.000000000000000000, 1.000000000000000000 ),
 .UNSPECIFIED. ) 
 GEOMETRIC_REPRESENTATION_ITEM ( )  RATIONAL_B_SPLINE_SURFACE ( (
 ( 1.000000000000000000, 1.000000000000000000),
 ( 0.9928172745385618336, 0.8240640142147777070),
 ( 0.9928172745385618336, 0.8240640142147777070),
 ( 1.000000000000000000, 1.000000000000000000) ) ) 
 REPRESENTATION_ITEM ( '' )  SURFACE ( )  );
#2792 = CARTESIAN_POINT ( 'NONE',  ( 6.346074985646366073, 2.064917045390554318, -6.554221772751390063 ) ) ;
#2793 = B_SPLINE_CURVE_WITH_KNOTS ( 'NONE', 3,
 ( #1003, #1376, #4854, #2167, #3297, #1327 ),
 .UNSPECIFIED., .F., .F.,
 ( 4, 2, 4 ),
 ( 1.694445322777763033E-18, 0.0002092284541179436578, 0.0004184569082358855809 ),
 .UNSPECIFIED. ) ;
#2794 = VERTEX_POINT ( 'NONE', #2369 ) ;
#2795 = VECTOR ( 'NONE', #2483, 1000.000000000000000 ) ;
#2796 = CARTESIAN_POINT ( 'NONE',  ( 0.4959482244580775134, 8.248930841979001727, -7.155500697201016003 ) ) ;
#2797 = EDGE_CURVE ( 'NONE', #369, #2359, #3208, .T. ) ;
#2798 = CARTESIAN_POINT ( 'NONE',  ( 13.56759717490972861, 0.008367065052335096245, 0.004612461923498484273 ) ) ;
#2799 = CARTESIAN_POINT ( 'NONE',  ( 0.3148517337138149186, -7.450971743470391040, -7.733584433954097115 ) ) ;
#2800 = PRESENTATION_LAYER_ASSIGNMENT (  '', '', ( #761 ) ) ;
#2801 = CARTESIAN_POINT ( 'NONE',  ( 7.148871875792691455, 4.128427668216752444, 6.468179606601646370 ) ) ;
#2802 = CARTESIAN_POINT ( 'NONE',  ( 7.024951713254538710, 4.129455433836536571, -3.576576553463727937 ) ) ;
#2803 = EDGE_LOOP ( 'NONE', ( #4536, #2946, #3314, #2135, #1651, #1435, #3742, #2518, #3197, #4660, #1964, #139, #2134, #575, #1440, #1576, #959, #1260, #4437, #1919, #1852, #3644, #953, #608, #1311, #4494, #1989, #3331, #4378, #4306, #2375, #1140, #533, #1169, #4989, #2235, #1614, #2411, #4020, #1078, #5044, #2895, #3927, #4106, #2916, #2358, #3204, #3182, #4988, #4203, #1537, #5046 ) ) ;
#2804 = VERTEX_POINT ( 'NONE', #2013 ) ;
#2805 = CARTESIAN_POINT ( 'NONE',  ( 5.797806088100178279, -4.727843936857896168, 4.197591805872581183 ) ) ;
#2806 = ADVANCED_FACE ( 'NONE', ( #64 ), #168, .F. ) ;
#2807 = CIRCLE ( 'NONE', #3052, 7.673412698073462934 ) ;
#2808 = VECTOR ( 'NONE', #4367, 1000.000000000000341 ) ;
#2809 = AXIS2_PLACEMENT_3D ( 'NONE', #1089, #289, #315 ) ;
#2810 = AXIS2_PLACEMENT_3D ( 'NONE', #3916, #4748, #2423 ) ;
#2811 = CARTESIAN_POINT ( 'NONE',  ( 5.781277812323745380, 1.071908762317995906E-11, 6.305818637059195986 ) ) ;
#2812 = ORIENTED_EDGE ( 'NONE', *, *, #5021, .F. ) ;
#2813 = CARTESIAN_POINT ( 'NONE',  ( 5.795455118506433578, 2.073205398139059685, -5.970292923209828295 ) ) ;
#2814 = CARTESIAN_POINT ( 'NONE',  ( 13.56759717490972861, -0.002654905333064073222, 0.009177911541206304133 ) ) ;
#2815 = CARTESIAN_POINT ( 'NONE',  ( 0.3178557125107202008, -10.74189147477981265, -0.1601725597514546684 ) ) ;
#2816 = ADVANCED_FACE ( 'NONE', ( #2471 ), #2229, .F. ) ;
#2817 = CARTESIAN_POINT ( 'NONE',  ( 13.57223985685982726, 0.01422832630260999730, 0.001862322494628257863 ) ) ;
#2818 = EDGE_CURVE ( 'NONE', #563, #632, #1969, .T. ) ;
#2819 = B_SPLINE_CURVE_WITH_KNOTS ( 'NONE', 3,
 ( #4488, #2843, #2165, #4849, #975, #199, #3649, #507, #1324, #1762, #3730, #4905, #222, #1784, #2503, #3240 ),
 .UNSPECIFIED., .F., .F.,
 ( 4, 3, 3, 3, 3, 4 ),
 ( 1.502314598737159232E-18, 5.657295310010931975E-05, 0.0001131630509250425309, 0.0001409051504093618930, 0.0001974894552779675265, 0.0002472425787894669312 ),
 .UNSPECIFIED. ) ;
#2820 = CARTESIAN_POINT ( 'NONE',  ( 0.4959482244580818433, -9.767549806965126535, 4.882726802909639119 ) ) ;
#2821 = CARTESIAN_POINT ( 'NONE',  ( 3.121479018041636078, 7.151859792209239508, -10.22965481802138399 ) ) ;
#2822 = DIRECTION ( 'NONE',  ( -1.000000000000000000, -0.000000000000000000, -0.000000000000000000 ) ) ;
#2823 = CARTESIAN_POINT ( 'NONE',  ( 13.58175377392158367, 0.01118491811000968568, 0.001633601598411453786 ) ) ;
#2824 = EDGE_CURVE ( 'NONE', #4501, #1973, #4404, .T. ) ;
#2825 = DIRECTION ( 'NONE',  ( 0.000000000000000000, 0.000000000000000000, 1.000000000000000000 ) ) ;
#2826 = ORIENTED_EDGE ( 'NONE', *, *, #237, .F. ) ;
#2827 = CARTESIAN_POINT ( 'NONE',  ( 13.57761964090312645, -0.001655400923075272483, 0.01463911226355934028 ) ) ;
#2828 = CARTESIAN_POINT ( 'NONE',  ( 6.350699776881511660, -5.231420834128023500, 4.461401455602084454 ) ) ;
#2829 = CARTESIAN_POINT ( 'NONE',  ( 13.56676982392279740, 0.007640452277800416185, 0.005362415580934085275 ) ) ;
#2830 = CARTESIAN_POINT ( 'NONE',  ( 4.091188226141074580, -6.091499689851752386, -9.546063923568809173 ) ) ;
#2831 = CARTESIAN_POINT ( 'NONE',  ( 1.999780352463248700, 1.526540896403018044, -12.33161891578434499 ) ) ;
#2832 = VERTEX_POINT ( 'NONE', #532 ) ;
#2833 = CARTESIAN_POINT ( 'NONE',  ( 7.024951713254538710, -1.724051694985672345, -5.183815947335092211 ) ) ;
#2834 = CARTESIAN_POINT ( 'NONE',  ( 5.819745664830159093, -4.767402724287703286, 4.185909975771428648 ) ) ;
#2835 = EDGE_CURVE ( 'NONE', #2624, #2934, #1205, .T. ) ;
#2836 = CARTESIAN_POINT ( 'NONE',  ( 5.789276915956095948, -2.737376370185569563, -5.689586167418583251 ) ) ;
#2837 = VERTEX_POINT ( 'NONE', #923 ) ;
#2838 = CARTESIAN_POINT ( 'NONE',  ( 6.538437847175472939, 8.273369765036552081, 1.465829017615326135 ) ) ;
#2839 = CARTESIAN_POINT ( 'NONE',  ( 0.3131398827181195443, 4.548249133634198138, -9.726272186705662293 ) ) ;
#2840 = CARTESIAN_POINT ( 'NONE',  ( 2.112679944503185858, -9.951911300238320379, -7.777682075338970158 ) ) ;
#2841 = CARTESIAN_POINT ( 'NONE',  ( 0.3143374579902190602, 4.403444131798416095, 9.794321735328752609 ) ) ;
#2842 =( BOUNDED_SURFACE ( )  B_SPLINE_SURFACE ( 3, 1, ( 
 ( #2823, #1300 ),
 ( #4772, #511 ),
 ( #3148, #1259 ),
 ( #1676, #3244 ) ),
 .UNSPECIFIED., .F., .F., .F. ) 
 B_SPLINE_SURFACE_WITH_KNOTS ( ( 4, 4 ),
 ( 2, 2 ),
 ( 0.000000000000000000, 1.000000000000000000 ),
 ( 0.000000000000000000, 1.000000000000000000 ),
 .UNSPECIFIED. ) 
 GEOMETRIC_REPRESENTATION_ITEM ( )  RATIONAL_B_SPLINE_SURFACE ( (
 ( 1.000000000000000000, 1.000000000000000000),
 ( 0.7963945362475481904, 0.9530866181159203254),
 ( 0.7963945362475481904, 0.9530866181159203254),
 ( 1.000000000000000000, 1.000000000000000000) ) ) 
 REPRESENTATION_ITEM ( '' )  SURFACE ( )  );
#2843 = CARTESIAN_POINT ( 'NONE',  ( 5.875108777299984375, -5.723449180124803526, 2.863153342804252599 ) ) ;
#2844 = VERTEX_POINT ( 'NONE', #2086 ) ;
#2845 = CARTESIAN_POINT ( 'NONE',  ( 5.780832915889895673, 5.900496416438878455, 2.223394623890740718 ) ) ;
#2846 = CARTESIAN_POINT ( 'NONE',  ( 7.148871875792691455, 1.654454461926391229, -7.492932861594779226 ) ) ;
#2847 = CARTESIAN_POINT ( 'NONE',  ( 5.810243213707157572, -2.786771388515004499, 5.688888023102150804 ) ) ;
#2848 = VERTEX_POINT ( 'NONE', #3702 ) ;
#2849 = CARTESIAN_POINT ( 'NONE',  ( 13.56835537283902227, -0.01023101694859111614, 0.0005295461330398908324 ) ) ;
#2850 = CARTESIAN_POINT ( 'NONE',  ( 5.780832915889889456, 5.744458444237746875, -2.600103612623927418 ) ) ;
#2851 = CARTESIAN_POINT ( 'NONE',  ( 6.346074985646366073, -5.265101804905625293, -4.415926679048508774 ) ) ;
#2852 = CARTESIAN_POINT ( 'NONE',  ( 5.797806088100180055, 2.068801609839522104, 5.974307086109483578 ) ) ;
#2853 = ORIENTED_EDGE ( 'NONE', *, *, #4468, .T. ) ;
#2854 = ORIENTED_EDGE ( 'NONE', *, *, #3870, .F. ) ;
#2855 = CARTESIAN_POINT ( 'NONE',  ( 5.780373642321761984, 4.252991401856610842, 4.654461362248216716 ) ) ;
#2856 = B_SPLINE_CURVE_WITH_KNOTS ( 'NONE', 3,
 ( #3154, #5064, #710, #2302, #314, #732 ),
 .UNSPECIFIED., .F., .F.,
 ( 4, 2, 4 ),
 ( 7.511572993685797313E-18, 0.0009821026408563973513, 0.001964205281712786896 ),
 .UNSPECIFIED. ) ;
#2857 = EDGE_CURVE ( 'NONE', #1783, #4280, #142, .T. ) ;
#2858 = CARTESIAN_POINT ( 'NONE',  ( 2.666330941622472306, 13.09036669967633060, 2.495361274709989363 ) ) ;
#2859 = ORIENTED_EDGE ( 'NONE', *, *, #4468, .F. ) ;
#2860 = CARTESIAN_POINT ( 'NONE',  ( 5.807337495895644075, -4.191033775532840622, 4.746364433027830287 ) ) ;
#2861 = EDGE_LOOP ( 'NONE', ( #2726, #4188, #3698, #2207 ) ) ;
#2862 = CARTESIAN_POINT ( 'NONE',  ( 0.4810029444423286060, -9.778727171396734974, 4.888303648767564624 ) ) ;
#2863 = CARTESIAN_POINT ( 'NONE',  ( 5.819745664830159981, -0.4111774656866536426, 6.330948124295452395 ) ) ;
#2864 = CARTESIAN_POINT ( 'NONE',  ( 13.56890048206675203, 0.003525058140137868942, 0.009948245753774670810 ) ) ;
#2865 = ORIENTED_EDGE ( 'NONE', *, *, #4377, .T. ) ;
#2866 = DIRECTION ( 'NONE',  ( 0.000000000000000000, 0.000000000000000000, 1.000000000000000000 ) ) ;
#2867 = FACE_OUTER_BOUND ( 'NONE', #159, .T. ) ;
#2868 = EDGE_CURVE ( 'NONE', #2548, #557, #2415, .T. ) ;
#2869 = CARTESIAN_POINT ( 'NONE',  ( 5.888395157494899834, 2.870529954748127999, -5.734614693997540869 ) ) ;
#2870 =( BOUNDED_SURFACE ( )  B_SPLINE_SURFACE ( 3, 1, ( 
 ( #1281, #3579 ),
 ( #2849, #4022 ),
 ( #3248, #4728 ),
 ( #2377, #3558 ) ),
 .UNSPECIFIED., .F., .F., .F. ) 
 B_SPLINE_SURFACE_WITH_KNOTS ( ( 4, 4 ),
 ( 2, 2 ),
 ( 0.000000000000000000, 1.000000000000000000 ),
 ( 0.000000000000000000, 1.000000000000000000 ),
 .UNSPECIFIED. ) 
 GEOMETRIC_REPRESENTATION_ITEM ( )  RATIONAL_B_SPLINE_SURFACE ( (
 ( 1.000000000000000000, 1.000000000000000000),
 ( 0.9928172745385618336, 0.8240640142147777070),
 ( 0.9928172745385618336, 0.8240640142147777070),
 ( 1.000000000000000000, 1.000000000000000000) ) ) 
 REPRESENTATION_ITEM ( '' )  SURFACE ( )  );
#2871 = CARTESIAN_POINT ( 'NONE',  ( 5.780979408894888039, -4.341314202519323651, 4.573027051279317412 ) ) ;
#2872 = CARTESIAN_POINT ( 'NONE',  ( 5.781295420454912737, 2.416593007223557965, 5.824538834145901234 ) ) ;
#2873 = ORIENTED_EDGE ( 'NONE', *, *, #4251, .F. ) ;
#2874 = FACE_OUTER_BOUND ( 'NONE', #55, .T. ) ;
#2875 = CARTESIAN_POINT ( 'NONE',  ( 5.110416117198883335, -8.520105416751272642, 5.437137764215438374 ) ) ;
#2876 = CARTESIAN_POINT ( 'NONE',  ( 5.781295420454910960, 5.824538834145927879, -2.416593007223494460 ) ) ;
#2877 = EDGE_CURVE ( 'NONE', #4696, #2609, #2786, .T. ) ;
#2878 = CARTESIAN_POINT ( 'NONE',  ( 0.3143374579902206145, -3.811926110003004631, 10.03933652234451834 ) ) ;
#2879 = CARTESIAN_POINT ( 'NONE',  ( 13.56791779411215160, 0.008415269538980937533, 0.005223691454576663562 ) ) ;
#2880 = ORIENTED_EDGE ( 'NONE', *, *, #1181, .F. ) ;
#2881 = ORIENTED_EDGE ( 'NONE', *, *, #3232, .F. ) ;
#2882 = CARTESIAN_POINT ( 'NONE',  ( 5.888395157494900722, -4.846565907042580612, 4.199588886833011792 ) ) ;
#2883 = EDGE_CURVE ( 'NONE', #1942, #3135, #91, .T. ) ;
#2884 = AXIS2_PLACEMENT_3D ( 'NONE', #4598, #2615, #282 ) ;
#2885 = ADVANCED_FACE ( 'NONE', ( #4013 ), #3436, .F. ) ;
#2886 = CARTESIAN_POINT ( 'NONE',  ( 0.4810029444423258860, 10.90503870641859052, 0.7740468116847945002 ) ) ;
#2887 = VECTOR ( 'NONE', #1146, 999.9999999999998863 ) ;
#2888 = ORIENTED_EDGE ( 'NONE', *, *, #725, .F. ) ;
#2889 = AXIS2_PLACEMENT_3D ( 'NONE', #492, #516, #3604 ) ;
#2890 = CARTESIAN_POINT ( 'NONE',  ( 5.795455118505631553, -4.200124222112437522, 4.722450077090977416 ) ) ;
#2891 = ORIENTED_EDGE ( 'NONE', *, *, #3775, .F. ) ;
#2892 = CARTESIAN_POINT ( 'NONE',  ( 2.337031956193548865, 10.95266004407655380, -6.558619491554456893 ) ) ;
#2893 = CARTESIAN_POINT ( 'NONE',  ( 0.8889325092153808061, 3.535859246472472517, 10.74629987537503162 ) ) ;
#2894 = CARTESIAN_POINT ( 'NONE',  ( 0.3148517337138158068, 3.924285655441509757, 9.996263812724595965 ) ) ;
#2895 = ORIENTED_EDGE ( 'NONE', *, *, #1422, .T. ) ;
#2896 = CARTESIAN_POINT ( 'NONE',  ( 6.772577236260944211, 0.8998714826151479329, 7.242548386841684227 ) ) ;
#2897 = FACE_OUTER_BOUND ( 'NONE', #1393, .T. ) ;
#2898 = CARTESIAN_POINT ( 'NONE',  ( 13.56676982392279740, -0.009194416037783755685, 0.001610815196146066653 ) ) ;
#2899 = CARTESIAN_POINT ( 'NONE',  ( 6.971778540990889006, 3.854526026327382393, 6.432910467724561876 ) ) ;
#2900 = CARTESIAN_POINT ( 'NONE',  ( 2.636624412714579258, -7.483640378888317457, -10.70401657216404701 ) ) ;
#2901 = ORIENTED_EDGE ( 'NONE', *, *, #3918, .F. ) ;
#2902 = CARTESIAN_POINT ( 'NONE',  ( 5.781125901799035738, -0.1238180452570845219, -6.304578142950159503 ) ) ;
#2903 = CARTESIAN_POINT ( 'NONE',  ( -21.42413736143699410, 0.000000000000000000, 0.000000000000000000 ) ) ;
#2904 = CARTESIAN_POINT ( 'NONE',  ( 0.3178557125107202008, 0.1601725597513436739, 10.74189147477981443 ) ) ;
#2905 = CARTESIAN_POINT ( 'NONE',  ( 5.781217879015562389, -2.335547213067526773, 5.857423980569286037 ) ) ;
#2906 = CARTESIAN_POINT ( 'NONE',  ( 7.148871875792689679, -7.492932861594804983, 1.654454461926265552 ) ) ;
#2907 = ORIENTED_EDGE ( 'NONE', *, *, #2433, .T. ) ;
#2908 = CARTESIAN_POINT ( 'NONE',  ( 0.3131398827181169353, -10.72644339064184749, 0.4799510588010054701 ) ) ;
#2909 = CARTESIAN_POINT ( 'NONE',  ( 5.841349233018251930, -4.798646713498700755, 4.183012850269962613 ) ) ;
#2910 = CARTESIAN_POINT ( 'NONE',  ( 5.789276915956097724, 0.3516956379098478136, 6.304040793555066635 ) ) ;
#2911 = VERTEX_POINT ( 'NONE', #1047 ) ;
#2912 = CARTESIAN_POINT ( 'NONE',  ( 5.785401201709517771, -4.219769301667979811, 4.691366050278272581 ) ) ;
#2913 = ORIENTED_EDGE ( 'NONE', *, *, #947, .F. ) ;
#2914 = EDGE_CURVE ( 'NONE', #869, #2504, #1493, .T. ) ;
#2915 = CARTESIAN_POINT ( 'NONE',  ( 0.3146794788796307141, 3.886620959406431819, -10.01070339928743635 ) ) ;
#2916 = ORIENTED_EDGE ( 'NONE', *, *, #3399, .T. ) ;
#2917 = DIRECTION ( 'NONE',  ( 0.000000000000000000, 0.000000000000000000, 1.000000000000000000 ) ) ;
#2918 = CARTESIAN_POINT ( 'NONE',  ( 0.4959482244580775134, -7.155500697201045313, -8.248930841978976858 ) ) ;
#2919 = CARTESIAN_POINT ( 'NONE',  ( 5.810243213707159349, 0.3975978526157306070, -6.322298447466416782 ) ) ;
#2920 = EDGE_CURVE ( 'NONE', #1118, #2504, #468, .T. ) ;
#2921 = CARTESIAN_POINT ( 'NONE',  ( 5.819745664830160869, -2.802627403108477022, 5.691682589547141013 ) ) ;
#2922 = CARTESIAN_POINT ( 'NONE',  ( 5.780916678224963690, 2.245565152284375365, 5.892048155649577623 ) ) ;
#2923 = ORIENTED_EDGE ( 'NONE', *, *, #4319, .T. ) ;
#2924 = CARTESIAN_POINT ( 'NONE',  ( 3.606333622658744353, 2.567742031803295077, -11.62264702976233188 ) ) ;
#2925 = CARTESIAN_POINT ( 'NONE',  ( 0.3315128891686939250, -8.031613022574548566, 7.153859750539765194 ) ) ;
#2926 = CARTESIAN_POINT ( 'NONE',  ( 13.56890048206675203, -0.007063757897651663439, -0.007841999287950221498 ) ) ;
#2927 = CARTESIAN_POINT ( 'NONE',  ( 0.3723593555270010569, -8.167247258480646366, -7.101161141706921143 ) ) ;
#2928 = CARTESIAN_POINT ( 'NONE',  ( 0.3151931105838649549, -7.621836155904324173, 7.565728908851396817 ) ) ;
#2929 = EDGE_CURVE ( 'NONE', #4759, #1510, #922, .T. ) ;
#2930 = ORIENTED_EDGE ( 'NONE', *, *, #1909, .T. ) ;
#2931 = CARTESIAN_POINT ( 'NONE',  ( 6.971778540990891671, -7.418297565503872981, 1.099349445369744993 ) ) ;
#2932 = CARTESIAN_POINT ( 'NONE',  ( 1.348381451710667589, 5.369304303943752465, -10.51833390579579586 ) ) ;
#2933 = CARTESIAN_POINT ( 'NONE',  ( 2.636624412714185350, -12.75308701346239815, 2.817732372801922125 ) ) ;
#2934 = VERTEX_POINT ( 'NONE', #295 ) ;
#2935 = CARTESIAN_POINT ( 'NONE',  ( 5.875108777299987040, -4.192096204273895843, 4.835477949075444926 ) ) ;
#2936 = ORIENTED_EDGE ( 'NONE', *, *, #3562, .F. ) ;
#2937 = VERTEX_POINT ( 'NONE', #2626 ) ;
#2938 = LINE ( 'NONE', #4213, #434 ) ;
#2939 = CARTESIAN_POINT ( 'NONE',  ( 0.4460862896348330442, 10.31020848498291365, -3.443717001171975323 ) ) ;
#2940 = VERTEX_POINT ( 'NONE', #3777 ) ;
#2941 = CARTESIAN_POINT ( 'NONE',  ( 7.148871875792691455, 1.338904651110552679, 7.555699621490362006 ) ) ;
#2942 = CARTESIAN_POINT ( 'NONE',  ( 7.024951713254540486, -1.724051694985748506, 5.183815947335067342 ) ) ;
#2943 = DIRECTION ( 'NONE',  ( -0.7672866406251407367, 0.2863137605385658313, 0.5738428719122079524 ) ) ;
#2944 = CARTESIAN_POINT ( 'NONE',  ( 5.876541064897889299, -2.863948550351272715, 5.724652835808943685 ) ) ;
#2945 = CARTESIAN_POINT ( 'NONE',  ( 6.233220831025898079, -5.022517401286427763, -7.185263450611057756 ) ) ;
#2946 = ORIENTED_EDGE ( 'NONE', *, *, #667, .T. ) ;
#2947 = CARTESIAN_POINT ( 'NONE',  ( 5.781277812323743603, -0.01457697236474446087, -6.305818637059168452 ) ) ;
#2948 = CARTESIAN_POINT ( 'NONE',  ( 3.835489892373454612, 2.027859131794667480, -11.45114612247674302 ) ) ;
#2949 = CARTESIAN_POINT ( 'NONE',  ( 7.148871875792690567, -4.395937880801997544, 6.289434997126936544 ) ) ;
#2950 = B_SPLINE_CURVE_WITH_KNOTS ( 'NONE', 3,
 ( #4499, #2568, #544, #1337, #2176, #2905, #3740, #231, #2516, #4271, #4714, #1494, #1122, #3906, #4995, #2263 ),
 .UNSPECIFIED., .F., .F.,
 ( 4, 3, 3, 3, 3, 4 ),
 ( 1.301042606982605321E-18, 0.0001201367182547274259, 0.0002402733039868112225, 0.0003604098457935297345, 0.0004641886131673014738, 0.0005680047735601305480 ),
 .UNSPECIFIED. ) ;
#2951 = CARTESIAN_POINT ( 'NONE',  ( 0.3151505758799254542, -4.183274585896941566, 9.891003005563776540 ) ) ;
#2952 = EDGE_CURVE ( 'NONE', #4526, #1672, #279, .T. ) ;
#2953 = CARTESIAN_POINT ( 'NONE',  ( 5.875108777299985263, -2.022534582769005329, 6.071644871316657088 ) ) ;
#2954 = ORIENTED_EDGE ( 'NONE', *, *, #134, .T. ) ;
#2955 = CARTESIAN_POINT ( 'NONE',  ( 5.888395157494902499, -2.870529954748007651, -5.734614693997603041 ) ) ;
#2956 = CARTESIAN_POINT ( 'NONE',  ( 5.782469467446654576, -4.226403703658059285, -4.681474696541973124 ) ) ;
#2957 = ORIENTED_EDGE ( 'NONE', *, *, #4476, .T. ) ;
#2958 = CARTESIAN_POINT ( 'NONE',  ( 6.937403657009209468, -4.860566237685472579, 2.275671432591460430 ) ) ;
#2959 = VERTEX_POINT ( 'NONE', #3391 ) ;
#2960 = CONICAL_SURFACE ( 'NONE', #3687, 7.673412698073462934, 0.8735574070079478171 ) ;
#2961 = B_SPLINE_CURVE_WITH_KNOTS ( 'NONE', 3,
 ( #4154, #3028, #1864, #1912, #651, #4980 ),
 .UNSPECIFIED., .F., .F.,
 ( 4, 2, 4 ),
 ( 4.336808689942017736E-19, 0.001669706568511676505, 0.003339413137023351710 ),
 .UNSPECIFIED. ) ;
#2962 = CIRCLE ( 'NONE', #257, 7.673412698073462934 ) ;
#2963 = CARTESIAN_POINT ( 'NONE',  ( 5.791186417076196413, 6.305615211765898565, 0.3576902906347426137 ) ) ;
#2964 = VERTEX_POINT ( 'NONE', #1096 ) ;
#2965 = CARTESIAN_POINT ( 'NONE',  ( 5.888395157494901611, -6.084756134219184709, 2.025213741016194113 ) ) ;
#2966 = EDGE_CURVE ( 'NONE', #3845, #1361, #1557, .T. ) ;
#2967 = CARTESIAN_POINT ( 'NONE',  ( 5.110416117199271469, -1.762757110807929406, -9.952253551226416306 ) ) ;
#2968 = CARTESIAN_POINT ( 'NONE',  ( 2.666330941622472306, -7.491800182702016642, 11.02077394041739744 ) ) ;
#2969 = EDGE_CURVE ( 'NONE', #4809, #3236, #3695, .T. ) ;
#2970 = VECTOR ( 'NONE', #1673, 1000.000000000000114 ) ;
#2971 = B_SPLINE_CURVE_WITH_KNOTS ( 'NONE', 3,
 ( #4634, #1972, #3536, #1591, #2385, #2331 ),
 .UNSPECIFIED., .F., .F.,
 ( 4, 2, 4 ),
 ( 1.694445322777763033E-18, 0.0002092284541179436036, 0.0004184569082358854724 ),
 .UNSPECIFIED. ) ;
#2972 = VECTOR ( 'NONE', #3523, 1000.000000000000114 ) ;
#2973 = CARTESIAN_POINT ( 'NONE',  ( 7.024951713254538710, 5.183815947335097540, -1.724051694985654359 ) ) ;
#2974 = CARTESIAN_POINT ( 'NONE',  ( 13.56835537283902227, -0.009249578623792040211, 0.004404477516308321142 ) ) ;
#2975 = ORIENTED_EDGE ( 'NONE', *, *, #4529, .T. ) ;
#2976 = CARTESIAN_POINT ( 'NONE',  ( 0.3131398827181169353, -0.4799510588011186574, 10.72644339064184393 ) ) ;
#2977 = CARTESIAN_POINT ( 'NONE',  ( 13.57761964090312645, -0.004072754696867742809, 0.01415827070162113503 ) ) ;
#2978 = EDGE_CURVE ( 'NONE', #3162, #123, #3269, .T. ) ;
#2979 = MANIFOLD_SOLID_BREP ( 'Bore', #2723 ) ;
#2980 = CARTESIAN_POINT ( 'NONE',  ( 13.56791779411215160, -0.008046445850492037200, -0.005775675112175679415 ) ) ;
#2981 = CARTESIAN_POINT ( 'NONE',  ( 0.3131398827181195443, -3.661415213967257554, 10.09361082380420882 ) ) ;
#2982 = DIRECTION ( 'NONE',  ( -0.7767995536391634204, 0.4251645283234476436, -0.4645617045361109532 ) ) ;
#2983 = VERTEX_POINT ( 'NONE', #370 ) ;
#2984 = CARTESIAN_POINT ( 'NONE',  ( 6.538437847175471163, 4.520330966445746057, -7.082648511093553090 ) ) ;
#2985 = B_SPLINE_CURVE_WITH_KNOTS ( 'NONE', 3,
 ( #4145, #147, #2580, #2476 ),
 .UNSPECIFIED., .F., .F.,
 ( 4, 4 ),
 ( 0.000000000000000000, 0.001963989672852251098 ),
 .UNSPECIFIED. ) ;
#2986 = CARTESIAN_POINT ( 'NONE',  ( 5.780777222299026796, -5.904241861391271939, 2.213178991159272524 ) ) ;
#2987 = FACE_OUTER_BOUND ( 'NONE', #4422, .T. ) ;
#2988 = EDGE_CURVE ( 'NONE', #137, #1168, #2040, .T. ) ;
#2989 = CARTESIAN_POINT ( 'NONE',  ( 0.3178557125107202008, 7.708923407746968159, 7.482405201426575836 ) ) ;
#2990 = ORIENTED_EDGE ( 'NONE', *, *, #964, .T. ) ;
#2991 = DIRECTION ( 'NONE',  ( 0.000000000000000000, 0.000000000000000000, 1.000000000000000000 ) ) ;
#2992 = ORIENTED_EDGE ( 'NONE', *, *, #1721, .T. ) ;
#2993 = CARTESIAN_POINT ( 'NONE',  ( 0.3131398827181195443, -3.661415213967111004, -10.09361082380426211 ) ) ;
#2994 = LINE ( 'NONE', #1027, #512 ) ;
#2995 = EDGE_CURVE ( 'NONE', #1993, #1510, #1922, .T. ) ;
#2996 = CARTESIAN_POINT ( 'NONE',  ( 0.4959482244580818433, 7.155500697201219396, -8.248930841978827644 ) ) ;
#2997 = CARTESIAN_POINT ( 'NONE',  ( 0.4810029444423286060, -7.163693068912262873, 8.258360567908470173 ) ) ;
#2998 = B_SPLINE_CURVE_WITH_KNOTS ( 'NONE', 3,
 ( #4430, #925, #2684, #4539, #2211, #4167, #1878, #296, #2264, #4587, #4195, #3345, #1832, #1855, #1073, #4144 ),
 .UNSPECIFIED., .F., .F.,
 ( 4, 3, 3, 3, 3, 4 ),
 ( 2.552484562036082016E-18, 5.657295310010585030E-05, 0.0001131630509250428426, 0.0001409051504093653895, 0.0001974894552779728662, 0.0002472425787894658470 ),
 .UNSPECIFIED. ) ;
#2999 = CARTESIAN_POINT ( 'NONE',  ( 5.780916678224960137, -4.584202115499914854, 4.329420894980490431 ) ) ;
#3000 = CARTESIAN_POINT ( 'NONE',  ( 5.781982565355651360, 2.703583689919500710, 5.697642134984094220 ) ) ;
#3001 = ORIENTED_EDGE ( 'NONE', *, *, #2530, .F. ) ;
#3002 = CARTESIAN_POINT ( 'NONE',  ( 7.148871875792691455, -1.338904651110499611, -7.555699621490369999 ) ) ;
#3003 = CARTESIAN_POINT ( 'NONE',  ( 6.937403657009209468, -1.827796645335773462, -5.046082048811738829 ) ) ;
#3004 = CARTESIAN_POINT ( 'NONE',  ( 0.4810029444423267186, 10.90503870641859052, -0.7740468116847935010 ) ) ;
#3005 = CARTESIAN_POINT ( 'NONE',  ( 0.3989394446945334072, -8.150729143265591503, -7.120751377060806853 ) ) ;
#3006 = CARTESIAN_POINT ( 'NONE',  ( 5.780777222299026796, -5.739883330583571919, -2.609975585326939740 ) ) ;
#3007 = VERTEX_POINT ( 'NONE', #2262 ) ;
#3008 = CARTESIAN_POINT ( 'NONE',  ( 7.024951713254538710, -4.129455433836512590, 3.576576553463756802 ) ) ;
#3009 = CARTESIAN_POINT ( 'NONE',  ( 5.781217879015560612, -5.793305489086637117, 2.490342944803843217 ) ) ;
#3010 = CARTESIAN_POINT ( 'NONE',  ( 2.112679944503185858, -10.99407285475369100, 6.217977087222848809 ) ) ;
#3011 = CARTESIAN_POINT ( 'NONE',  ( 3.835489892373344922, 11.35550761926046270, -2.508666355982381191 ) ) ;
#3012 = ORIENTED_EDGE ( 'NONE', *, *, #4993, .T. ) ;
#3013 = CARTESIAN_POINT ( 'NONE',  ( 0.3131398827181204325, 9.726272186705706702, 4.548249133634101327 ) ) ;
#3014 = ORIENTED_EDGE ( 'NONE', *, *, #1470, .F. ) ;
#3015 = EDGE_CURVE ( 'NONE', #1465, #482, #1566, .T. ) ;
#3016 = CARTESIAN_POINT ( 'NONE',  ( 7.024951713254538710, 5.448987474260468922, 0.3909444054863728257 ) ) ;
#3017 = CARTESIAN_POINT ( 'NONE',  ( 0.4959482244580775134, 8.248930841979001727, -7.155500697201016003 ) ) ;
#3018 = CARTESIAN_POINT ( 'NONE',  ( 7.024951713254538710, 2.446422764143083572, -4.884600053424137833 ) ) ;
#3019 = CARTESIAN_POINT ( 'NONE',  ( 0.3149798893762154606, 7.479847426224912610, 7.705838251501365477 ) ) ;
#3020 = CARTESIAN_POINT ( 'NONE',  ( 13.56890048206675203, -0.003525058140137705444, 0.009948245753775520825 ) ) ;
#3021 = CARTESIAN_POINT ( 'NONE',  ( 5.780266697385836316, 4.240638291491402256, -4.665604089507216834 ) ) ;
#3024 = ORIENTED_EDGE ( 'NONE', *, *, #610, .T. ) ;
#3023 = EDGE_CURVE ( 'NONE', #1768, #3364, #4130, .T. ) ;
#3022 = VERTEX_POINT ( 'NONE', #1198 ) ;
#3025 = CARTESIAN_POINT ( 'NONE',  ( 5.780979408894890703, 6.303391150372006813, -0.1638457266462757522 ) ) ;
#3026 = CARTESIAN_POINT ( 'NONE',  ( 5.780252906077913977, -5.702366440367283573, -2.689571284754894709 ) ) ;
#3027 = B_SPLINE_CURVE_WITH_KNOTS ( 'NONE', 3,
 ( #176, #3708, #2092, #203, #3270, #586 ),
 .UNSPECIFIED., .F., .F.,
 ( 4, 2, 4 ),
 ( 0.000000000000000000, 0.001669664777114101108, 0.003339329554228201349 ),
 .UNSPECIFIED. ) ;
#3028 = CARTESIAN_POINT ( 'NONE',  ( 0.8889338621414285546, 8.575172875435727704, 7.379139679107989735 ) ) ;
#3029 = CARTESIAN_POINT ( 'NONE',  ( 5.781125901799038402, -5.872053821937389451, -2.298264645589497057 ) ) ;
#3030 = VERTEX_POINT ( 'NONE', #4685 ) ;
#3031 = CARTESIAN_POINT ( 'NONE',  ( 1.348381451710667589, 3.640913747999941386, 11.23425671514530499 ) ) ;
#3032 = CARTESIAN_POINT ( 'NONE',  ( 13.57223985685982726, -0.01137780687821838069, 0.008744085148802491561 ) ) ;
#3033 = EDGE_CURVE ( 'NONE', #2937, #4876, #31, .T. ) ;
#3034 = DIRECTION ( 'NONE',  ( 0.000000000000000000, 0.000000000000000000, 1.000000000000000000 ) ) ;
#3035 = ADVANCED_FACE ( 'NONE', ( #4296 ), #4700, .F. ) ;
#3036 = CARTESIAN_POINT ( 'NONE',  ( 0.3989394446945335737, 9.697865458191101240, -4.805298252514216273 ) ) ;
#3037 = CARTESIAN_POINT ( 'NONE',  ( 0.4959482244580784016, -4.882726802909742148, 9.767549806965076797 ) ) ;
#3038 = ORIENTED_EDGE ( 'NONE', *, *, #4738, .T. ) ;
#3039 = VERTEX_POINT ( 'NONE', #4244 ) ;
#3040 = DIRECTION ( 'NONE',  ( 0.000000000000000000, 0.000000000000000000, -1.000000000000000000 ) ) ;
#3041 = ORIENTED_EDGE ( 'NONE', *, *, #734, .T. ) ;
#3042 = ADVANCED_FACE ( 'NONE', ( #739 ), #2552, .T. ) ;
#3043 = CARTESIAN_POINT ( 'NONE',  ( 3.835489892374082554, 9.803451433443603591, 6.255661449344292357 ) ) ;
#3044 = VECTOR ( 'NONE', #2343, 999.9999999999998863 ) ;
#3045 = DIRECTION ( 'NONE',  ( -1.000000000000000000, -0.000000000000000000, -0.000000000000000000 ) ) ;
#3046 = CARTESIAN_POINT ( 'NONE',  ( 0.4959482244580818433, 0.7731718701261309779, 10.89257800167812995 ) ) ;
#3047 = CARTESIAN_POINT ( 'NONE',  ( 5.791186417076195525, -6.305615211765895012, -0.3576902906347870226 ) ) ;
#3048 = AXIS2_PLACEMENT_3D ( 'NONE', #701, #274, #249 ) ;
#3049 = CARTESIAN_POINT ( 'NONE',  ( 7.148871875792691455, 7.555699621490356677, -1.338904651110580435 ) ) ;
#3050 = CARTESIAN_POINT ( 'NONE',  ( 5.807337495895637858, 2.781229763135028676, 5.688365357764960883 ) ) ;
#3051 = ORIENTED_EDGE ( 'NONE', *, *, #4329, .F. ) ;
#3052 = AXIS2_PLACEMENT_3D ( 'NONE', #1860, #250, #3397 ) ;
#3053 = CARTESIAN_POINT ( 'NONE',  ( 0.3723593555270010569, -7.101161141706894497, 8.167247258480671235 ) ) ;
#3054 = CONICAL_SURFACE ( 'NONE', #684, 6.124340373424995043, 0.7853981625000042710 ) ;
#3055 = DIRECTION ( 'NONE',  ( 0.000000000000000000, 0.000000000000000000, 1.000000000000000000 ) ) ;
#3056 = AXIS2_PLACEMENT_3D ( 'NONE', #1886, #774, #3055 ) ;
#3057 = CARTESIAN_POINT ( 'NONE',  ( 0.3131398827181169353, -10.72644339064184038, -0.4799510588011561274 ) ) ;
#3058 = CARTESIAN_POINT ( 'NONE',  ( 6.346074985646367850, -2.064917045390512573, 6.554221772751407826 ) ) ;
#3059 = CARTESIAN_POINT ( 'NONE',  ( 0.3138244244576107178, -9.760775788703236699, 4.476080400144480720 ) ) ;
#3060 = LINE ( 'NONE', #780, #2295 ) ;
#3061 = FACE_OUTER_BOUND ( 'NONE', #4092, .T. ) ;
#3062 = CARTESIAN_POINT ( 'NONE',  ( 0.3151503128656055752, 0.07984218730796192875, -10.73896347068862589 ) ) ;
#3063 = VERTEX_POINT ( 'NONE', #348 ) ;
#3064 = ORIENTED_EDGE ( 'NONE', *, *, #3888, .F. ) ;
#3065 = DIRECTION ( 'NONE',  ( -0.000000000000000000, 0.000000000000000000, 1.000000000000000000 ) ) ;
#3066 = ORIENTED_EDGE ( 'NONE', *, *, #2988, .F. ) ;
#3067 =( BOUNDED_SURFACE ( )  B_SPLINE_SURFACE ( 3, 1, ( 
 ( #2691, #5005 ),
 ( #2272, #1476 ),
 ( #3077, #5081 ),
 ( #3100, #1080 ) ),
 .UNSPECIFIED., .F., .F., .F. ) 
 B_SPLINE_SURFACE_WITH_KNOTS ( ( 4, 4 ),
 ( 2, 2 ),
 ( 0.000000000000000000, 1.000000000000000000 ),
 ( 0.000000000000000000, 1.000000000000000000 ),
 .UNSPECIFIED. ) 
 GEOMETRIC_REPRESENTATION_ITEM ( )  RATIONAL_B_SPLINE_SURFACE ( (
 ( 1.000000000000000000, 1.000000000000000000),
 ( 0.9928172745385618336, 0.8240640142147769298),
 ( 0.9928172745385618336, 0.8240640142147769298),
 ( 1.000000000000000000, 1.000000000000000000) ) ) 
 REPRESENTATION_ITEM ( '' )  SURFACE ( )  );
#3068 = CARTESIAN_POINT ( 'NONE',  ( 5.814817957557500527, 6.326432219928997291, 0.4046770356710452932 ) ) ;
#3069 = EDGE_CURVE ( 'NONE', #3578, #2339, #3091, .T. ) ;
#3070 = CARTESIAN_POINT ( 'NONE',  ( 5.861834570473623884, 4.822259073148299713, 4.187083498300672169 ) ) ;
#3071 = CARTESIAN_POINT ( 'NONE',  ( 0.3314483142510945002, -4.682398656365890588, -9.682885621342991911 ) ) ;
#3072 = CARTESIAN_POINT ( 'NONE',  ( 1.999780352463805588, 6.129446143039442241, -10.80874840914128043 ) ) ;
#3073 = DIRECTION ( 'NONE',  ( 0.000000000000000000, 0.000000000000000000, 1.000000000000000000 ) ) ;
#3074 = CARTESIAN_POINT ( 'NONE',  ( 5.110416117198882446, 9.952253551226846184, -1.762757110808111927 ) ) ;
#3075 = DIRECTION ( 'NONE',  ( 0.000000000000000000, 0.000000000000000000, 1.000000000000000000 ) ) ;
#3076 = CARTESIAN_POINT ( 'NONE',  ( 5.781125901799034850, 6.304578142950157726, -0.1238180452571505524 ) ) ;
#3077 = CARTESIAN_POINT ( 'NONE',  ( 13.56835537283902227, 0.003426003848636898982, 0.009654875687367244982 ) ) ;
#3078 = ADVANCED_FACE ( 'NONE', ( #4270 ), #3116, .F. ) ;
#3079 = CARTESIAN_POINT ( 'NONE',  ( 1.348381451710667589, -10.51833390579581007, -5.369304303943719603 ) ) ;
#3080 = CARTESIAN_POINT ( 'NONE',  ( 0.4460862896348328221, -7.127125624576909679, -8.207537153097378635 ) ) ;
#3081 = CARTESIAN_POINT ( 'NONE',  ( 0.3990563068656159951, 4.805447850878030280, -9.697921590122678737 ) ) ;
#3082 = CARTESIAN_POINT ( 'NONE',  ( 5.826145232816814179, 6.015291519975016321, 2.036578408417279995 ) ) ;
#3083 = EDGE_CURVE ( 'NONE', #28, #1899, #4191, .T. ) ;
#3084 = CARTESIAN_POINT ( 'NONE',  ( 5.876541064897887523, 6.073058281062091446, -2.022823399216480134 ) ) ;
#3085 = CARTESIAN_POINT ( 'NONE',  ( 0.3020602839598333644, -0.6349612095515827503, -10.72609604625728963 ) ) ;
#3086 = VERTEX_POINT ( 'NONE', #3667 ) ;
#3087 = ORIENTED_EDGE ( 'NONE', *, *, #3986, .F. ) ;
#3088 = CARTESIAN_POINT ( 'NONE',  ( 0.3148517337138125871, -10.73710264236493828, -0.1998373498903844303 ) ) ;
#3089 = EDGE_LOOP ( 'NONE', ( #56, #4005, #1367, #3001 ) ) ;
#3090 =( BOUNDED_SURFACE ( )  B_SPLINE_SURFACE ( 3, 1, ( 
 ( #1564, #3847 ),
 ( #759, #3484 ),
 ( #343, #4661 ),
 ( #419, #1900 ) ),
 .UNSPECIFIED., .F., .F., .F. ) 
 B_SPLINE_SURFACE_WITH_KNOTS ( ( 4, 4 ),
 ( 2, 2 ),
 ( 0.000000000000000000, 1.000000000000000000 ),
 ( 0.000000000000000000, 1.000000000000000000 ),
 .UNSPECIFIED. ) 
 GEOMETRIC_REPRESENTATION_ITEM ( )  RATIONAL_B_SPLINE_SURFACE ( (
 ( 1.000000000000000000, 1.000000000000000000),
 ( 0.7963945362475481904, 0.9530866181159202144),
 ( 0.7963945362475481904, 0.9530866181159202144),
 ( 1.000000000000000000, 1.000000000000000000) ) ) 
 REPRESENTATION_ITEM ( '' )  SURFACE ( )  );
#3091 = LINE ( 'NONE', #4663, #4934 ) ;
#3092 = CARTESIAN_POINT ( 'NONE',  ( 5.826145232816803521, -4.778039901779821186, -4.183505513431831524 ) ) ;
#3093 = CARTESIAN_POINT ( 'NONE',  ( 0.4959482244580810106, -10.35930993710110570, -3.454091471063696073 ) ) ;
#3094 = CARTESIAN_POINT ( 'NONE',  ( 5.853692992411096085, 4.812626922210627711, -4.185748288197377320 ) ) ;
#3095 = CARTESIAN_POINT ( 'NONE',  ( 5.888395157494901611, -6.084756134219184709, 2.025213741016194113 ) ) ;
#3096 = CARTESIAN_POINT ( 'NONE',  ( 0.3131398827181169353, -0.4799510588011186574, 10.72644339064184393 ) ) ;
#3097 = B_SPLINE_CURVE_WITH_KNOTS ( 'NONE', 3,
 ( #2933, #631, #2573, #290, #3769, #685 ),
 .UNSPECIFIED., .F., .F.,
 ( 4, 2, 4 ),
 ( 0.000000000000000000, 0.001669664777114298867, 0.003339329554228597733 ),
 .UNSPECIFIED. ) ;
#3098 = CARTESIAN_POINT ( 'NONE',  ( 0.3072101391086899946, -7.248609728848523837, -7.927663766067644779 ) ) ;
#3099 = CARTESIAN_POINT ( 'NONE',  ( 0.4810029444423267186, -7.163693068912261097, 8.258360567908468397 ) ) ;
#3100 = CARTESIAN_POINT ( 'NONE',  ( 13.56890048206675203, 0.004541879518436763540, 0.009527064548373147257 ) ) ;
#3101 = CARTESIAN_POINT ( 'NONE',  ( 13.56759717490972861, 0.007463296338657460921, -0.005965047388505211740 ) ) ;
#3102 = CARTESIAN_POINT ( 'NONE',  ( 2.636624412714300814, 2.277149844233989473, -12.86061556398239070 ) ) ;
#3103 = CARTESIAN_POINT ( 'NONE',  ( 0.8889338621415199260, 3.535859527974132277, -10.74630120766355112 ) ) ;
#3104 = CARTESIAN_POINT ( 'NONE',  ( 0.3150652326283252536, -3.998777391501062706, -9.966848526587243740 ) ) ;
#3105 = CARTESIAN_POINT ( 'NONE',  ( 5.781982565355813009, 5.940563751069571019, 2.117119029772581040 ) ) ;
#3106 = CARTESIAN_POINT ( 'NONE',  ( 5.780373642321761984, 5.927710934927457487, -2.148066458205898144 ) ) ;
#3107 = LINE ( 'NONE', #1219, #2715 ) ;
#3108 = ORIENTED_EDGE ( 'NONE', *, *, #4962, .T. ) ;
#3109 = VERTEX_POINT ( 'NONE', #2464 ) ;
#3110 = CARTESIAN_POINT ( 'NONE',  ( 5.781982565355651360, -5.940563751068865805, -2.117119029774054084 ) ) ;
#3111 = ORIENTED_EDGE ( 'NONE', *, *, #4874, .F. ) ;
#3112 = CARTESIAN_POINT ( 'NONE',  ( 0.3989394446945316308, 10.79856743468105229, -0.7283042629548690527 ) ) ;
#3113 = CARTESIAN_POINT ( 'NONE',  ( 13.56676982392279740, -0.007640452277799823777, 0.005362415580934623907 ) ) ;
#3114 = CARTESIAN_POINT ( 'NONE',  ( 7.148871875792691455, 0.000000000000000000, 0.000000000000000000 ) ) ;
#3115 = CARTESIAN_POINT ( 'NONE',  ( 5.829707808122724266, -6.340077742575297215, -0.4243191179187088546 ) ) ;
#3116 =( BOUNDED_SURFACE ( )  B_SPLINE_SURFACE ( 3, 1, ( 
 ( #4713, #4008 ),
 ( #1665, #549 ),
 ( #4061, #574 ),
 ( #3233, #4421 ) ),
 .UNSPECIFIED., .F., .F., .F. ) 
 B_SPLINE_SURFACE_WITH_KNOTS ( ( 4, 4 ),
 ( 2, 2 ),
 ( 0.000000000000000000, 1.000000000000000000 ),
 ( 0.000000000000000000, 1.000000000000000000 ),
 .UNSPECIFIED. ) 
 GEOMETRIC_REPRESENTATION_ITEM ( )  RATIONAL_B_SPLINE_SURFACE ( (
 ( 1.000000000000000000, 1.000000000000000000),
 ( 0.9544777771602501737, 0.9992633679055394902),
 ( 0.9544777771602501737, 0.9992633679055394902),
 ( 1.000000000000000000, 1.000000000000000000) ) ) 
 REPRESENTATION_ITEM ( '' )  SURFACE ( )  );
#3117 = CARTESIAN_POINT ( 'NONE',  ( 2.636624412714317245, -11.01023197665846531, 7.025356639904448919 ) ) ;
#3118 = CARTESIAN_POINT ( 'NONE',  ( 5.780979408894891591, -6.303391150372008589, 0.1638457266462318429 ) ) ;
#3119 = VERTEX_POINT ( 'NONE', #1641 ) ;
#3120 = FACE_BOUND ( 'NONE', #3725, .T. ) ;
#3121 = CARTESIAN_POINT ( 'NONE',  ( 5.795455118505625336, -0.3693401540443462805, -6.309212792607541864 ) ) ;
#3122 = CONICAL_SURFACE ( 'NONE', #1480, 7.673412698073462934, 0.8735574070079478171 ) ;
#3123 = B_SPLINE_CURVE_WITH_KNOTS ( 'NONE', 3,
 ( #498, #2077, #2461, #1662, #131, #1689 ),
 .UNSPECIFIED., .F., .F.,
 ( 4, 2, 4 ),
 ( 8.824766327896537836E-19, 0.0002092284541179426820, 0.0004184569082358844424 ),
 .UNSPECIFIED. ) ;
#3124 = CARTESIAN_POINT ( 'NONE',  ( 13.56759717490972861, -0.007463296338658338691, -0.005965047388504886479 ) ) ;
#3125 = CONICAL_SURFACE ( 'NONE', #4942, 7.673412698073462934, 0.8735574070079478171 ) ;
#3126 = VERTEX_POINT ( 'NONE', #968 ) ;
#3127 = ADVANCED_FACE ( 'NONE', ( #2521 ), #3472, .F. ) ;
#3128 = CARTESIAN_POINT ( 'NONE',  ( 5.875108777299984375, -6.383458901497723659, 0.4549395946407964741 ) ) ;
#3129 = CARTESIAN_POINT ( 'NONE',  ( 0.3143374579902211696, -4.403444131798341488, -9.794321735328786360 ) ) ;
#3130 = CARTESIAN_POINT ( 'NONE',  ( 1.274844381333324783, 11.15782043875680429, 3.523456524466497264 ) ) ;
#3131 = VECTOR ( 'NONE', #1966, 1000.000000000000114 ) ;
#3132 = CARTESIAN_POINT ( 'NONE',  ( 7.024951713254540486, 0.3909444054863528972, 5.448987474260471586 ) ) ;
#3133 = FACE_OUTER_BOUND ( 'NONE', #661, .T. ) ;
#3134 = ORIENTED_EDGE ( 'NONE', *, *, #4243, .F. ) ;
#3135 = VERTEX_POINT ( 'NONE', #2811 ) ;
#3136 = DIRECTION ( 'NONE',  ( 0.7767995536391634204, 0.4645617045361182806, -0.4251645283234395944 ) ) ;
#3137 = EDGE_CURVE ( 'NONE', #3272, #4487, #1677, .T. ) ;
#3138 = EDGE_LOOP ( 'NONE', ( #4453, #251, #1873, #2859 ) ) ;
#3139 = CARTESIAN_POINT ( 'NONE',  ( 5.780373642321761984, 2.148066458206042917, -5.927710934927405972 ) ) ;
#3140 = CARTESIAN_POINT ( 'NONE',  ( 2.337031422898085964, -12.62881304725624432, -1.867972042217343143 ) ) ;
#3141 = CARTESIAN_POINT ( 'NONE',  ( 6.937403657009209468, -2.275671432591441334, -4.860566237685481461 ) ) ;
#3142 = CARTESIAN_POINT ( 'NONE',  ( 5.780373642321761984, 0.2838821314355665648, 6.298520252597381130 ) ) ;
#3143 = ADVANCED_FACE ( 'NONE', ( #3186 ), #2760, .F. ) ;
#3144 = CARTESIAN_POINT ( 'NONE',  ( 1.999780352462713573, -1.526540896402476255, 12.33161891578386715 ) ) ;
#3145 = CARTESIAN_POINT ( 'NONE',  ( 5.599799548363812107, 0.000000000000000000, 0.000000000000000000 ) ) ;
#3146 = ORIENTED_EDGE ( 'NONE', *, *, #1211, .T. ) ;
#3147 = CARTESIAN_POINT ( 'NONE',  ( 5.780373642321761984, 5.710436958037649724, 2.672612239964022418 ) ) ;
#3148 = CARTESIAN_POINT ( 'NONE',  ( 13.57223985685982726, 0.01137780687821831650, -0.008744085148802576563 ) ) ;
#3149 = CARTESIAN_POINT ( 'NONE',  ( 6.119568941886139868, -6.312652765775298214, -2.072520970172435195 ) ) ;
#3150 = VERTEX_POINT ( 'NONE', #265 ) ;
#3151 = B_SPLINE_CURVE_WITH_KNOTS ( 'NONE', 3,
 ( #4169, #4197, #666, #2213, #3780, #1447 ),
 .UNSPECIFIED., .F., .F.,
 ( 4, 2, 4 ),
 ( 1.748223473168675632E-18, 0.0002092284541179423567, 0.0004184569082358829788 ),
 .UNSPECIFIED. ) ;
#3152 = CARTESIAN_POINT ( 'NONE',  ( 7.024951713254540486, 5.183815947335073560, 1.724051694985730743 ) ) ;
#3153 = CARTESIAN_POINT ( 'NONE',  ( 0.3146807352246301925, -3.886895502378993505, -10.01059815232098771 ) ) ;
#3154 = CARTESIAN_POINT ( 'NONE',  ( 7.148871875792691455, 6.468179606601692555, -4.128427668216679614 ) ) ;
#3155 = CARTESIAN_POINT ( 'NONE',  ( 5.780373642321761984, -0.2838821314356104741, 6.298520252597380242 ) ) ;
#3156 = CARTESIAN_POINT ( 'NONE',  ( 2.636624412714300814, 2.277149844233989473, -12.86061556398239070 ) ) ;
#3157 = CARTESIAN_POINT ( 'NONE',  ( 13.56835537283902227, -0.006859975801160536277, -0.007608867124407010796 ) ) ;
#3158 = VERTEX_POINT ( 'NONE', #712 ) ;
#3159 = CARTESIAN_POINT ( 'NONE',  ( 6.937403657009209468, 0.2423880882166302431, -5.361439418172275317 ) ) ;
#3160 = CARTESIAN_POINT ( 'NONE',  ( 0.3151931105838677305, -10.73923024700067153, -0.03967381486485404424 ) ) ;
#3161 = CARTESIAN_POINT ( 'NONE',  ( 0.3125344840682500736, 7.192747673383832918, 7.971406774847983101 ) ) ;
#3162 = VERTEX_POINT ( 'NONE', #4184 ) ;
#3163 = CARTESIAN_POINT ( 'NONE',  ( 0.4460866974656234607, 10.84324444081484984, -0.7639663935829170693 ) ) ;
#3164 = CARTESIAN_POINT ( 'NONE',  ( 13.56676982392279740, -0.005362415580934112164, 0.007640452277800398838 ) ) ;
#3165 = CARTESIAN_POINT ( 'NONE',  ( 0.3072101391086903277, -10.73124590139689438, 0.4801637145095729586 ) ) ;
#3166 = EDGE_CURVE ( 'NONE', #2487, #1043, #3097, .T. ) ;
#3167 = CARTESIAN_POINT ( 'NONE',  ( 0.3072101391086903277, -7.248609728848634859, 7.927663766067542639 ) ) ;
#3168 = CARTESIAN_POINT ( 'NONE',  ( 6.129644004587072814, 8.681095947675117941, 1.917226052435847983 ) ) ;
#3169 = CARTESIAN_POINT ( 'NONE',  ( 0.3138252630704952417, 10.06694492624005299, -3.736936351378581822 ) ) ;
#3170 = ORIENTED_EDGE ( 'NONE', *, *, #531, .F. ) ;
#3171 = CARTESIAN_POINT ( 'NONE',  ( 5.780777222299027684, 5.739883330583589682, 2.609975585326899328 ) ) ;
#3172 = CARTESIAN_POINT ( 'NONE',  ( 5.791186417076201742, 2.743517210907617354, -5.688746685898534494 ) ) ;
#3173 = EDGE_CURVE ( 'NONE', #2934, #2108, #4383, .T. ) ;
#3174 = LINE ( 'NONE', #1551, #4687 ) ;
#3175 = ORIENTED_EDGE ( 'NONE', *, *, #2654, .T. ) ;
#3176 = LINE ( 'NONE', #3152, #2808 ) ;
#3177 = CARTESIAN_POINT ( 'NONE',  ( 0.3072101391086903277, 0.4801637145097587545, -10.73124590139688550 ) ) ;
#3178 = LINE ( 'NONE', #3633, #2795 ) ;
#3179 = CARTESIAN_POINT ( 'NONE',  ( 0.3143374579902212806, -10.03933652234450413, -3.811926110003038382 ) ) ;
#3180 = CARTESIAN_POINT ( 'NONE',  ( 5.814817957557504080, 2.047147966013685316, 5.999724438822275907 ) ) ;
#3181 = EDGE_CURVE ( 'NONE', #5067, #826, #2284, .T. ) ;
#3182 = ORIENTED_EDGE ( 'NONE', *, *, #2988, .T. ) ;
#3183 = EDGE_LOOP ( 'NONE', ( #85, #2701, #933, #4294, #1195, #4869, #1224, #4560, #221, #2351, #211, #3875, #20, #4070, #1373, #3283, #2853, #1921, #1740, #550, #2183, #4850, #4374, #4400, #4552, #1861, #3792, #2015, #2712, #1333, #1344, #2651, #3509, #3344, #4982, #341, #4606, #3617, #2923, #1443, #3433, #4218, #2472, #4512, #1592, #4893, #3041, #870, #2363, #792, #1339, #2185 ) ) ;
#3184 = CARTESIAN_POINT ( 'NONE',  ( 0.3143387148471883941, -10.73390632914303211, -0.3199313616709361097 ) ) ;
#3185 = EDGE_CURVE ( 'NONE', #1221, #2545, #2601, .T. ) ;
#3186 = FACE_OUTER_BOUND ( 'NONE', #3307, .T. ) ;
#3187 = ORIENTED_EDGE ( 'NONE', *, *, #244, .F. ) ;
#3188 = CARTESIAN_POINT ( 'NONE',  ( 5.807337495896662816, 2.055655292790346866, -5.988908143894391856 ) ) ;
#3189 = ADVANCED_FACE ( 'NONE', ( #4505 ), #2566, .F. ) ;
#3190 = LINE ( 'NONE', #2733, #182 ) ;
#3191 = CARTESIAN_POINT ( 'NONE',  ( 0.3072101391086903277, 9.730627748280499034, 4.550283443190429544 ) ) ;
#3192 = CARTESIAN_POINT ( 'NONE',  ( 0.3125344821672540463, 7.192747508164296200, -7.971406923339523054 ) ) ;
#3193 = CARTESIAN_POINT ( 'NONE',  ( 6.233220831025891862, -1.890519749003028327, -8.560352035958665340 ) ) ;
#3194 = CARTESIAN_POINT ( 'NONE',  ( 5.034355368874827263, -8.358176933342068793, 5.842897782486890179 ) ) ;
#3195 = CARTESIAN_POINT ( 'NONE',  ( 7.024951713254538710, 1.724051694985710759, 5.183815947335078000 ) ) ;
#3196 = DIRECTION ( 'NONE',  ( -0.7767995536391634204, 0.4645617045361153941, 0.4251645283234427586 ) ) ;
#3197 = ORIENTED_EDGE ( 'NONE', *, *, #3930, .T. ) ;
#3198 = AXIS2_PLACEMENT_3D ( 'NONE', #4827, #1579, #858 ) ;
#3199 = CARTESIAN_POINT ( 'NONE',  ( 0.3315128891686932588, 10.73775077339282547, 0.6206652908644197941 ) ) ;
#3200 = CARTESIAN_POINT ( 'NONE',  ( 0.4959482244580775134, 7.155500697201103932, 8.248930841978928896 ) ) ;
#3201 = CARTESIAN_POINT ( 'NONE',  ( 5.781056083966184644, 4.560551467042888163, -4.354666389081501165 ) ) ;
#3202 = CARTESIAN_POINT ( 'NONE',  ( 0.4959482244580810106, -10.89257800167813350, 0.7731718701260928972 ) ) ;
#3203 = CARTESIAN_POINT ( 'NONE',  ( 5.829707808122726931, 2.034222963691910913, 6.019847957358927637 ) ) ;
#3204 = ORIENTED_EDGE ( 'NONE', *, *, #2004, .T. ) ;
#3205 = ORIENTED_EDGE ( 'NONE', *, *, #3069, .F. ) ;
#3206 = CARTESIAN_POINT ( 'NONE',  ( 0.3143374579902205590, 10.73389850068519280, -0.3201272465619076635 ) ) ;
#3207 = CIRCLE ( 'NONE', #2303, 13.06066017082141251 ) ;
#3208 = B_SPLINE_CURVE_WITH_KNOTS ( 'NONE', 3,
 ( #3941, #459, #3548, #40, #1602, #3168, #4744 ),
 .UNSPECIFIED., .F., .F.,
 ( 4, 3, 4 ),
 ( 4.724648048240439955E-16, 0.002265310746493305518, 0.007027290684749245425 ),
 .UNSPECIFIED. ) ;
#3209 = VECTOR ( 'NONE', #2193, 999.9999999999998863 ) ;
#3210 = VERTEX_POINT ( 'NONE', #2649 ) ;
#3211 = B_SPLINE_CURVE_WITH_KNOTS ( 'NONE', 3,
 ( #2631, #698, #273, #5075, #1150, #1834 ),
 .UNSPECIFIED., .F., .F.,
 ( 4, 2, 4 ),
 ( 4.336808689942017255E-19, 0.0009821026408563906292, 0.001964205281712780825 ),
 .UNSPECIFIED. ) ;
#3212 = CARTESIAN_POINT ( 'NONE',  ( 13.56676982392279740, -0.007878100502535283212, -0.005006749878308309337 ) ) ;
#3213 = CARTESIAN_POINT ( 'NONE',  ( 0.4959482244580818433, 7.155500697201219396, -8.248930841978827644 ) ) ;
#3214 = ADVANCED_FACE ( 'NONE', ( #992 ), #4901, .F. ) ;
#3215 = CARTESIAN_POINT ( 'NONE',  ( 7.024951713254540486, -3.576576553463800767, 4.129455433836474398 ) ) ;
#3216 = CARTESIAN_POINT ( 'NONE',  ( 3.606333622658607130, 6.820078766469475084, -9.755293370242036133 ) ) ;
#3217 = ORIENTED_EDGE ( 'NONE', *, *, #2304, .F. ) ;
#3218 = LINE ( 'NONE', #4798, #4620 ) ;
#3219 = CARTESIAN_POINT ( 'NONE',  ( 5.780373642321761984, 4.252991401856610842, 4.654461362248216716 ) ) ;
#3220 =( BOUNDED_SURFACE ( )  B_SPLINE_SURFACE ( 3, 1, ( 
 ( #1952, #3165 ),
 ( #4718, #3518 ),
 ( #484, #2815 ),
 ( #1927, #3571 ) ),
 .UNSPECIFIED., .F., .F., .F. ) 
 B_SPLINE_SURFACE_WITH_KNOTS ( ( 4, 4 ),
 ( 2, 2 ),
 ( 0.000000000000000000, 1.000000000000000000 ),
 ( 0.000000000000000000, 1.000000000000000000 ),
 .UNSPECIFIED. ) 
 GEOMETRIC_REPRESENTATION_ITEM ( )  RATIONAL_B_SPLINE_SURFACE ( (
 ( 1.000000000000000000, 1.000000000000000000),
 ( 0.9544777771602501737, 0.9992633679055394902),
 ( 0.9544777771602501737, 0.9992633679055394902),
 ( 1.000000000000000000, 1.000000000000000000) ) ) 
 REPRESENTATION_ITEM ( '' )  SURFACE ( )  );
#3221 = CARTESIAN_POINT ( 'NONE',  ( 5.786827336177551295, -2.725628107278027290, 5.692479203587540226 ) ) ;
#3222 = ORIENTED_EDGE ( 'NONE', *, *, #4142, .F. ) ;
#3223 = CARTESIAN_POINT ( 'NONE',  ( 0.4810029444423286060, -10.90503870641859763, 0.7740468116847175617 ) ) ;
#3224 = CARTESIAN_POINT ( 'NONE',  ( 13.56890048206675203, 0.007063757897651607928, 0.007841999287950271805 ) ) ;
#3225 = CARTESIAN_POINT ( 'NONE',  ( 5.780373642321761984, 5.710436958037688804, -2.672612239963939817 ) ) ;
#3226 = ADVANCED_FACE ( 'NONE', ( #1389 ), #1538, .F. ) ;
#3227 = CARTESIAN_POINT ( 'NONE',  ( 7.148871875792693231, -6.289434997126922333, -4.395937880802015307 ) ) ;
#3228 = CARTESIAN_POINT ( 'NONE',  ( 5.791186417076199078, 2.082591733916625998, 5.962510982186112862 ) ) ;
#3229 = ORIENTED_EDGE ( 'NONE', *, *, #1004, .F. ) ;
#3230 = CARTESIAN_POINT ( 'NONE',  ( 1.274928338748439138, -7.525203794219526898, -8.960190526267680866 ) ) ;
#3231 = DIRECTION ( 'NONE',  ( 0.000000000000000000, 0.000000000000000000, 1.000000000000000000 ) ) ;
#3232 = EDGE_CURVE ( 'NONE', #1199, #1821, #3107, .T. ) ;
#3233 = CARTESIAN_POINT ( 'NONE',  ( 13.56759717490972861, -0.001059421992559115471, -0.009495272909580958209 ) ) ;
#3234 = ORIENTED_EDGE ( 'NONE', *, *, #1847, .F. ) ;
#3235 = CARTESIAN_POINT ( 'NONE',  ( 5.781277812323754262, -0.02546911729320073745, 6.305818637059243947 ) ) ;
#3236 = VERTEX_POINT ( 'NONE', #4318 ) ;
#3237 = CARTESIAN_POINT ( 'NONE',  ( 13.57223985685982726, 0.008744085148802536664, 0.01137780687821834773 ) ) ;
#3238 = CARTESIAN_POINT ( 'NONE',  ( 13.56890048206675203, 0.0005502997644807319441, 0.01053996198465991831 ) ) ;
#3239 = ORIENTED_EDGE ( 'NONE', *, *, #83, .F. ) ;
#3240 = CARTESIAN_POINT ( 'NONE',  ( 5.780373642321761984, -5.710436958037667488, 2.672612239963982450 ) ) ;
#3241 = VERTEX_POINT ( 'NONE', #2357 ) ;
#3242 = CARTESIAN_POINT ( 'NONE',  ( 2.666330941622472306, 11.13898844930143639, -7.314879667475491232 ) ) ;
#3243 = B_SPLINE_CURVE_WITH_KNOTS ( 'NONE', 3,
 ( #779, #4729, #805, #3428, #335, #2353, #5063, #386, #4261, #362, #1967, #1585, #1112, #4341, #3059, #1938 ),
 .UNSPECIFIED., .F., .F.,
 ( 4, 3, 3, 3, 3, 4 ),
 ( 3.496446946337351263E-18, 0.0002402807489491017620, 0.0003604046903941014127, 0.0004805286307080681605, 0.0007203409650750130459, 0.0009603276570517842604 ),
 .UNSPECIFIED. ) ;
#3244 = CARTESIAN_POINT ( 'NONE',  ( 0.4810029444423286060, 4.888303648767599263, 9.778727171396718987 ) ) ;
#3245 = CARTESIAN_POINT ( 'NONE',  ( 6.119568941886143421, 2.998225945795508718, 5.929213210115963584 ) ) ;
#3246 = CARTESIAN_POINT ( 'NONE',  ( 13.56890048206675203, 0.007841999287950247519, -0.007063757897651635684 ) ) ;
#3247 = EDGE_LOOP ( 'NONE', ( #1661, #1875, #1548, #2591 ) ) ;
#3248 = CARTESIAN_POINT ( 'NONE',  ( 13.56791779411215160, -0.009773715463083094968, 0.001605677387583361254 ) ) ;
#3249 = VERTEX_POINT ( 'NONE', #2725 ) ;
#3250 = CARTESIAN_POINT ( 'NONE',  ( 5.780596792240388027, 0.2493227976354871755, -6.300301261157814636 ) ) ;
#3251 = CARTESIAN_POINT ( 'NONE',  ( 5.781256649740090126, 5.808922163571724973, -2.453467971396364966 ) ) ;
#3252 = CARTESIAN_POINT ( 'NONE',  ( 13.56835537283902227, 0.0005295461330399257437, 0.01023101694859111441 ) ) ;
#3253 = CARTESIAN_POINT ( 'NONE',  ( 3.121479018041818598, -12.18786696410156800, -2.692737463742085779 ) ) ;
#3254 = EDGE_LOOP ( 'NONE', ( #3170, #988, #2394, #4090 ) ) ;
#3255 = VERTEX_POINT ( 'NONE', #1509 ) ;
#3256 = CARTESIAN_POINT ( 'NONE',  ( 0.4810029444423268297, -10.90503870641858519, -0.7740468116848696623 ) ) ;
#3257 = CARTESIAN_POINT ( 'NONE',  ( 1.348381451710667589, -11.23425671514531388, 3.640913747999901418 ) ) ;
#3258 = ORIENTED_EDGE ( 'NONE', *, *, #32, .T. ) ;
#3259 = CARTESIAN_POINT ( 'NONE',  ( 6.843654862292567920, 7.914534784337545759, 1.402366323283857019 ) ) ;
#3260 = ORIENTED_EDGE ( 'NONE', *, *, #1151, .F. ) ;
#3261 = CARTESIAN_POINT ( 'NONE',  ( 1.274844381333437138, 10.38123049717319901, -5.398310493840511981 ) ) ;
#3262 = CARTESIAN_POINT ( 'NONE',  ( 5.841349233018251930, -0.4353188794171003462, 6.350992383849833445 ) ) ;
#3263 = CARTESIAN_POINT ( 'NONE',  ( 7.148871875792691455, 7.492932861594818306, -1.654454461926208930 ) ) ;
#3264 = EDGE_LOOP ( 'NONE', ( #2907, #3873, #4120, #3187 ) ) ;
#3265 = CARTESIAN_POINT ( 'NONE',  ( 13.56676982392279740, -0.005006749878308387400, 0.007878100502535231170 ) ) ;
#3266 = VERTEX_POINT ( 'NONE', #4264 ) ;
#3267 = CARTESIAN_POINT ( 'NONE',  ( 2.636624412714652976, -2.277149844236914245, -12.86061556398384198 ) ) ;
#3268 = FACE_OUTER_BOUND ( 'NONE', #2598, .T. ) ;
#3269 = B_SPLINE_CURVE_WITH_KNOTS ( 'NONE', 3,
 ( #3802, #4220, #1782, #4563, #3342, #3043, #4613 ),
 .UNSPECIFIED., .F., .F.,
 ( 4, 3, 4 ),
 ( 0.000000000000000000, 0.001426018004565720448, 0.007027290684762990507 ),
 .UNSPECIFIED. ) ;
#3270 = CARTESIAN_POINT ( 'NONE',  ( 0.8889325092156484809, -3.535859246472448980, -10.74629987537532294 ) ) ;
#3271 = CARTESIAN_POINT ( 'NONE',  ( 1.274928338747918444, -8.960190526267133748, 7.525203794219360809 ) ) ;
#3272 = VERTEX_POINT ( 'NONE', #2 ) ;
#3273 = CARTESIAN_POINT ( 'NONE',  ( 0.3150212513444494711, 7.479709347583205492, -7.706340466412138213 ) ) ;
#3274 = FACE_OUTER_BOUND ( 'NONE', #48, .T. ) ;
#3275 = CARTESIAN_POINT ( 'NONE',  ( 5.780916678224958360, 5.892048155649607821, -2.245565152284311417 ) ) ;
#3276 =( BOUNDED_SURFACE ( )  B_SPLINE_SURFACE ( 3, 1, ( 
 ( #3246, #4463 ),
 ( #4125, #980 ),
 ( #177, #4886 ),
 ( #2510, #2532 ) ),
 .UNSPECIFIED., .F., .F., .F. ) 
 B_SPLINE_SURFACE_WITH_KNOTS ( ( 4, 4 ),
 ( 2, 2 ),
 ( 0.000000000000000000, 1.000000000000000000 ),
 ( 0.000000000000000000, 1.000000000000000000 ),
 .UNSPECIFIED. ) 
 GEOMETRIC_REPRESENTATION_ITEM ( )  RATIONAL_B_SPLINE_SURFACE ( (
 ( 1.000000000000000000, 1.000000000000000000),
 ( 0.9928172745385618336, 0.8240640142147777070),
 ( 0.9928172745385618336, 0.8240640142147777070),
 ( 1.000000000000000000, 1.000000000000000000) ) ) 
 REPRESENTATION_ITEM ( '' )  SURFACE ( )  );
#3277 = EDGE_CURVE ( 'NONE', #477, #1723, #2722, .T. ) ;
#3278 = CIRCLE ( 'NONE', #4767, 5.000000000000000888 ) ;
#3279 = CARTESIAN_POINT ( 'NONE',  ( 0.4810029444423268297, -4.888303648767667653, 9.778727171396683460 ) ) ;
#3280 = VERTEX_POINT ( 'NONE', #784 ) ;
#3281 = CARTESIAN_POINT ( 'NONE',  ( 1.999780352464484823, -10.80874840914164814, -6.129446143040179429 ) ) ;
#3282 = DIRECTION ( 'NONE',  ( 0.000000000000000000, 0.000000000000000000, 1.000000000000000000 ) ) ;
#3283 = ORIENTED_EDGE ( 'NONE', *, *, #4251, .T. ) ;
#3284 = VECTOR ( 'NONE', #2186, 1000.000000000000227 ) ;
#3285 = CARTESIAN_POINT ( 'NONE',  ( 5.780373642321761984, 0.2838821314355665648, 6.298520252597381130 ) ) ;
#3286 = CIRCLE ( 'NONE', #2638, 7.673412698073462934 ) ;
#3287 = ORIENTED_EDGE ( 'NONE', *, *, #857, .T. ) ;
#3288 = CARTESIAN_POINT ( 'NONE',  ( 6.843654862292567920, 1.733143793678104672, 7.848739054625569977 ) ) ;
#3289 = CARTESIAN_POINT ( 'NONE',  ( 5.853692992412375951, -0.4432701330924970762, 6.362812130941650324 ) ) ;
#3290 = EDGE_CURVE ( 'NONE', #3150, #1355, #2971, .T. ) ;
#3291 = VECTOR ( 'NONE', #2758, 999.9999999999998863 ) ;
#3292 = DIRECTION ( 'NONE',  ( 1.000000000000000000, -0.000000000000000000, -0.000000000000000000 ) ) ;
#3293 = ORIENTED_EDGE ( 'NONE', *, *, #1539, .F. ) ;
#3294 = CARTESIAN_POINT ( 'NONE',  ( 0.3178557125107202008, 3.962763750037902266, -9.985509058942868776 ) ) ;
#3295 = ORIENTED_EDGE ( 'NONE', *, *, #1308, .T. ) ;
#3296 = CARTESIAN_POINT ( 'NONE',  ( 0.3143374579902212806, 0.3201272465618702490, 10.73389850068519280 ) ) ;
#3297 = CARTESIAN_POINT ( 'NONE',  ( 0.4460866974656241268, -10.84324444081485161, 0.7639663935828412411 ) ) ;
#3298 = EDGE_CURVE ( 'NONE', #4014, #1450, #3878, .T. ) ;
#3299 = CARTESIAN_POINT ( 'NONE',  ( 5.782469467446605726, -2.707743978227781678, 5.696210683342728842 ) ) ;
#3300 = CARTESIAN_POINT ( 'NONE',  ( 5.781213164338058874, 2.342340950913741615, 5.854568493099253423 ) ) ;
#3301 = VERTEX_POINT ( 'NONE', #5015 ) ;
#3302 = CARTESIAN_POINT ( 'NONE',  ( 0.3178557125107202008, 9.985509058942966476, -3.962763750037660238 ) ) ;
#3303 = CARTESIAN_POINT ( 'NONE',  ( 6.843654862292567032, 1.402366323283940952, -7.914534784337531548 ) ) ;
#3304 = CARTESIAN_POINT ( 'NONE',  ( 13.56676982392279740, -0.001610815196146034344, -0.009194416037783760889 ) ) ;
#3305 = CARTESIAN_POINT ( 'NONE',  ( 7.148871875792691455, -6.468179606601606402, -4.128427668216817281 ) ) ;
#3306 = CARTESIAN_POINT ( 'NONE',  ( 5.849679172800147597, -2.026448174258932866, 6.043524499202442612 ) ) ;
#3307 = EDGE_LOOP ( 'NONE', ( #3522, #546, #4457, #819 ) ) ;
#3308 = CARTESIAN_POINT ( 'NONE',  ( 1.274844381333499976, -11.15782043875697838, -3.523456524466571427 ) ) ;
#3309 = CARTESIAN_POINT ( 'NONE',  ( 5.819745664829053311, 4.185909975771763492, 4.767402724285947357 ) ) ;
#3310 =( BOUNDED_SURFACE ( )  B_SPLINE_SURFACE ( 3, 1, ( 
 ( #4330, #397 ),
 ( #3113, #1177 ),
 ( #3164, #1951 ),
 ( #2814, #60 ) ),
 .UNSPECIFIED., .F., .F., .F. ) 
 B_SPLINE_SURFACE_WITH_KNOTS ( ( 4, 4 ),
 ( 2, 2 ),
 ( 0.000000000000000000, 1.000000000000000000 ),
 ( 0.000000000000000000, 1.000000000000000000 ),
 .UNSPECIFIED. ) 
 GEOMETRIC_REPRESENTATION_ITEM ( )  RATIONAL_B_SPLINE_SURFACE ( (
 ( 1.000000000000000000, 1.000000000000000000),
 ( 0.9544777771602501737, 0.9992633679055394902),
 ( 0.9544777771602501737, 0.9992633679055394902),
 ( 1.000000000000000000, 1.000000000000000000) ) ) 
 REPRESENTATION_ITEM ( '' )  SURFACE ( )  );
#3311 = CARTESIAN_POINT ( 'NONE',  ( 0.3072101391086903277, 7.927663766067568396, 7.248609728848608214 ) ) ;
#3312 = VERTEX_POINT ( 'NONE', #1487 ) ;
#3313 = CARTESIAN_POINT ( 'NONE',  ( 5.780916678224963690, -0.1801575287482596321, 6.302883275651142370 ) ) ;
#3314 = ORIENTED_EDGE ( 'NONE', *, *, #3406, .T. ) ;
#3315 = ORIENTED_EDGE ( 'NONE', *, *, #3181, .F. ) ;
#3316 = CARTESIAN_POINT ( 'NONE',  ( 0.3151923201557835785, -9.952482900331789395, -4.035528952380164291 ) ) ;
#3317 = CARTESIAN_POINT ( 'NONE',  ( 0.3151928467770723774, 4.110066916621912370, 9.921611817560101798 ) ) ;
#3318 = VERTEX_POINT ( 'NONE', #1116 ) ;
#3319 = CARTESIAN_POINT ( 'NONE',  ( 0.4959482244580818433, -9.767549806965126535, 4.882726802909639119 ) ) ;
#3320 = CARTESIAN_POINT ( 'NONE',  ( 0.3138244244576136044, 0.4000718862014228105, 10.73070278368402164 ) ) ;
#3321 = B_SPLINE_CURVE_WITH_KNOTS ( 'NONE', 3,
 ( #513, #2899, #1679, #2453, #3245, #4019 ),
 .UNSPECIFIED., .F., .F.,
 ( 4, 2, 4 ),
 ( 1.226634733346699349E-18, 0.0009821026408563919303, 0.001964205281712782560 ),
 .UNSPECIFIED. ) ;
#3322 = CARTESIAN_POINT ( 'NONE',  ( 5.841349233018255482, 0.4353188794171455878, -6.350992383849827227 ) ) ;
#3323 = CARTESIAN_POINT ( 'NONE',  ( 13.56759717490972861, -0.005965047388505236893, -0.007463296338657439237 ) ) ;
#3324 = ORIENTED_EDGE ( 'NONE', *, *, #4792, .T. ) ;
#3325 = DIRECTION ( 'NONE',  ( 0.000000000000000000, 0.000000000000000000, 1.000000000000000000 ) ) ;
#3326 = CARTESIAN_POINT ( 'NONE',  ( 0.3990563068656144408, -8.150888834892176860, 7.120745987388256815 ) ) ;
#3327 = CARTESIAN_POINT ( 'NONE',  ( 13.56759717490972861, -0.008367065052335129205, -0.004612461923498426160 ) ) ;
#3328 = ADVANCED_FACE ( 'NONE', ( #1561 ), #2595, .F. ) ;
#3329 = CARTESIAN_POINT ( 'NONE',  ( 0.3150652326283263083, -4.220063570223079985, 9.875188790194869171 ) ) ;
#3330 = CARTESIAN_POINT ( 'NONE',  ( 13.56835537283902227, 0.009249578623792872878, 0.004404477516308137261 ) ) ;
#3331 = ORIENTED_EDGE ( 'NONE', *, *, #579, .T. ) ;
#3332 = CARTESIAN_POINT ( 'NONE',  ( 5.888395157494900722, 2.025213741016214986, 6.084756134219177603 ) ) ;
#3333 = CARTESIAN_POINT ( 'NONE',  ( 13.57761964090312645, -0.01415827070162024512, 0.004072754696867189432 ) ) ;
#3334 = ADVANCED_FACE ( 'NONE', ( #3133 ), #4438, .T. ) ;
#3335 = EDGE_CURVE ( 'NONE', #4759, #2848, #1802, .T. ) ;
#3336 = CARTESIAN_POINT ( 'NONE',  ( 13.56890048206675203, 0.0005502997644801762905, -0.01053996198465920013 ) ) ;
#3337 = EDGE_CURVE ( 'NONE', #552, #4881, #1233, .T. ) ;
#3338 = ORIENTED_EDGE ( 'NONE', *, *, #640, .T. ) ;
#3339 = CARTESIAN_POINT ( 'NONE',  ( 0.3150212513444516915, 9.982091073708090789, 3.961261554704775811 ) ) ;
#3340 = ORIENTED_EDGE ( 'NONE', *, *, #4993, .F. ) ;
#3341 = EDGE_CURVE ( 'NONE', #1749, #3821, #5080, .T. ) ;
#3342 = CARTESIAN_POINT ( 'NONE',  ( 5.034355368875077730, 8.596669508961056749, 5.485968419462035506 ) ) ;
#3343 = ADVANCED_FACE ( 'NONE', ( #204 ), #3276, .F. ) ;
#3344 = ORIENTED_EDGE ( 'NONE', *, *, #1470, .T. ) ;
#3345 = CARTESIAN_POINT ( 'NONE',  ( 5.789276915956097724, 6.304040793555063082, -0.3516956379098696295 ) ) ;
#3346 = CARTESIAN_POINT ( 'NONE',  ( 4.091188226141310835, -1.974691377904968848, -11.15052908459269787 ) ) ;
#3347 = CARTESIAN_POINT ( 'NONE',  ( 7.148871875792691455, -1.338904651110606192, 7.555699621490351348 ) ) ;
#3348 = CARTESIAN_POINT ( 'NONE',  ( 5.781217879015561500, 2.490342944803863645, 5.793305489086624682 ) ) ;
#3349 = ORIENTED_EDGE ( 'NONE', *, *, #2261, .T. ) ;
#3350 = CARTESIAN_POINT ( 'NONE',  ( 2.666330941622472306, -13.09036669967631283, -2.495361274710080846 ) ) ;
#3351 = CARTESIAN_POINT ( 'NONE',  ( 13.58175377392158367, 0.001633601598411016853, 0.01118491811001063457 ) ) ;
#3352 = CARTESIAN_POINT ( 'NONE',  ( 13.56676982392279740, 0.001610815196145104966, -0.009194416037783743542 ) ) ;
#3353 = EDGE_CURVE ( 'NONE', #4489, #1790, #2498, .T. ) ;
#3354 = CARTESIAN_POINT ( 'NONE',  ( 0.3072101391086903277, -10.09812914501191727, -3.663056587010387499 ) ) ;
#3355 = CARTESIAN_POINT ( 'NONE',  ( 0.3143387148471922243, -7.816243589309984863, 7.363792318606482645 ) ) ;
#3356 = ORIENTED_EDGE ( 'NONE', *, *, #2210, .F. ) ;
#3357 = DIRECTION ( 'NONE',  ( 0.000000000000000000, 0.000000000000000000, 1.000000000000000000 ) ) ;
#3358 =( BOUNDED_SURFACE ( )  B_SPLINE_SURFACE ( 3, 1, ( 
 ( #4491, #2968 ),
 ( #3754, #2141 ),
 ( #978, #201 ),
 ( #1705, #2997 ) ),
 .UNSPECIFIED., .F., .F., .F. ) 
 B_SPLINE_SURFACE_WITH_KNOTS ( ( 4, 4 ),
 ( 2, 2 ),
 ( 0.000000000000000000, 1.000000000000000000 ),
 ( 0.000000000000000000, 1.000000000000000000 ),
 .UNSPECIFIED. ) 
 GEOMETRIC_REPRESENTATION_ITEM ( )  RATIONAL_B_SPLINE_SURFACE ( (
 ( 1.000000000000000000, 1.000000000000000000),
 ( 0.7963945362475481904, 0.9530866181159203254),
 ( 0.7963945362475481904, 0.9530866181159203254),
 ( 1.000000000000000000, 1.000000000000000000) ) ) 
 REPRESENTATION_ITEM ( '' )  SURFACE ( )  );
#3359 = DIRECTION ( 'NONE',  ( -1.000000000000000000, -0.000000000000000000, -0.000000000000000000 ) ) ;
#3360 = CARTESIAN_POINT ( 'NONE',  ( 2.666330941622472306, 13.04885528449526610, -2.704053251623800946 ) ) ;
#3361 = CARTESIAN_POINT ( 'NONE',  ( 13.57223985685982726, 0.007165506382015655526, -0.01243257948845832850 ) ) ;
#3362 = ORIENTED_EDGE ( 'NONE', *, *, #1021, .T. ) ;
#3363 = DIRECTION ( 'NONE',  ( 0.000000000000000000, 0.000000000000000000, 1.000000000000000000 ) ) ;
#3364 = VERTEX_POINT ( 'NONE', #4544 ) ;
#3365 = VECTOR ( 'NONE', #3479, 1000.000000000000227 ) ;
#3366 = CARTESIAN_POINT ( 'NONE',  ( 2.337031956193305060, 12.62881345988088988, -1.867972770581455277 ) ) ;
#3367 = CARTESIAN_POINT ( 'NONE',  ( 2.636624412714327015, -7.483640378888496869, 10.70401657216359048 ) ) ;
#3368 = CARTESIAN_POINT ( 'NONE',  ( 5.786827336177553072, -5.952500764269101019, 2.097880528971185488 ) ) ;
#3369 = B_SPLINE_CURVE_WITH_KNOTS ( 'NONE', 3,
 ( #1356, #4051, #2924, #3374, #1430, #2534, #2586 ),
 .UNSPECIFIED., .F., .F.,
 ( 4, 3, 4 ),
 ( 4.982613841084487634E-18, 0.002265310746493353657, 0.007027290684749772781 ),
 .UNSPECIFIED. ) ;
#3370 = CARTESIAN_POINT ( 'NONE',  ( 5.782469467446606615, 0.3217837849890854418, -6.298821222766582295 ) ) ;
#3371 = FACE_OUTER_BOUND ( 'NONE', #4976, .T. ) ;
#3372 = CARTESIAN_POINT ( 'NONE',  ( 0.4810029444423258860, 8.258360567908594518, -7.163693068912116324 ) ) ;
#3373 = ORIENTED_EDGE ( 'NONE', *, *, #2969, .T. ) ;
#3374 = CARTESIAN_POINT ( 'NONE',  ( 4.091188226140694439, 2.442745795705947298, -11.05742727228614086 ) ) ;
#3375 = CARTESIAN_POINT ( 'NONE',  ( 5.841349233017030684, 4.798646713497198846, -4.183012850269840932 ) ) ;
#3376 = CARTESIAN_POINT ( 'NONE',  ( 5.110416117198965047, 8.283763480797533774, 5.790848467523137089 ) ) ;
#3377 = CARTESIAN_POINT ( 'NONE',  ( 7.148871875792691455, 0.000000000000000000, 0.000000000000000000 ) ) ;
#3378 = CARTESIAN_POINT ( 'NONE',  ( 0.3131398827181187117, -7.245364211220604922, 7.924117507852341369 ) ) ;
#3379 = ORIENTED_EDGE ( 'NONE', *, *, #202, .T. ) ;
#3380 = DIRECTION ( 'NONE',  ( 0.000000000000000000, 0.000000000000000000, 1.000000000000000000 ) ) ;
#3381 = CARTESIAN_POINT ( 'NONE',  ( 5.780979408894889815, -4.573027051279301425, -4.341314202519341414 ) ) ;
#3382 = ADVANCED_FACE ( 'NONE', ( #562 ), #3974, .F. ) ;
#3383 = CARTESIAN_POINT ( 'NONE',  ( 13.57223985685982726, 0.001862322494628377992, 0.01422832630261096354 ) ) ;
#3384 = B_SPLINE_CURVE_WITH_KNOTS ( 'NONE', 3,
 ( #3791, #3080, #2249, #5035, #1889, #2718 ),
 .UNSPECIFIED., .F., .F.,
 ( 4, 2, 4 ),
 ( 1.771202790048198090E-17, 0.0002092205112235685023, 0.0004184410224471193322 ),
 .UNSPECIFIED. ) ;
#3385 =( BOUNDED_SURFACE ( )  B_SPLINE_SURFACE ( 3, 1, ( 
 ( #428, #1202 ),
 ( #2009, #1231 ),
 ( #1984, #3882 ),
 ( #847, #4353 ) ),
 .UNSPECIFIED., .F., .F., .F. ) 
 B_SPLINE_SURFACE_WITH_KNOTS ( ( 4, 4 ),
 ( 2, 2 ),
 ( 0.000000000000000000, 1.000000000000000000 ),
 ( 0.000000000000000000, 1.000000000000000000 ),
 .UNSPECIFIED. ) 
 GEOMETRIC_REPRESENTATION_ITEM ( )  RATIONAL_B_SPLINE_SURFACE ( (
 ( 1.000000000000000000, 1.000000000000000000),
 ( 0.7963945362475481904, 0.9530866181159202144),
 ( 0.7963945362475481904, 0.9530866181159202144),
 ( 1.000000000000000000, 1.000000000000000000) ) ) 
 REPRESENTATION_ITEM ( '' )  SURFACE ( )  );
#3386 = CARTESIAN_POINT ( 'NONE',  ( 2.337031422897707600, -6.558618660725841210, 10.95265994159330170 ) ) ;
#3387 = VERTEX_POINT ( 'NONE', #1378 ) ;
#3388 = FACE_OUTER_BOUND ( 'NONE', #417, .T. ) ;
#3389 = ORIENTED_EDGE ( 'NONE', *, *, #1746, .T. ) ;
#3390 = EDGE_CURVE ( 'NONE', #2245, #1830, #1578, .T. ) ;
#3391 = CARTESIAN_POINT ( 'NONE',  ( 2.636624412713941989, -2.277149844232805087, 12.86061556398174588 ) ) ;
#3392 = CARTESIAN_POINT ( 'NONE',  ( 0.3989394446945316308, -4.805298252514254465, -9.697865458191088806 ) ) ;
#3393 = CARTESIAN_POINT ( 'NONE',  ( 0.3178557125107202008, -9.985509058942936278, 3.962763750037733956 ) ) ;
#3394 = CARTESIAN_POINT ( 'NONE',  ( 5.780252906077913977, -6.297554011975162958, -0.3026386992118747510 ) ) ;
#3395 = ADVANCED_FACE ( 'NONE', ( #4493 ), #110, .F. ) ;
#3396 = CARTESIAN_POINT ( 'NONE',  ( 5.888395157494900722, 6.084756134219198920, -2.025213741016148816 ) ) ;
#3397 = DIRECTION ( 'NONE',  ( 0.000000000000000000, 0.000000000000000000, 1.000000000000000000 ) ) ;
#3398 = VERTEX_POINT ( 'NONE', #4951 ) ;
#3399 = EDGE_CURVE ( 'NONE', #3976, #2245, #1706, .T. ) ;
#3400 = CARTESIAN_POINT ( 'NONE',  ( 13.56890048206675203, 0.01053996198465919666, 0.0005502997644802126113 ) ) ;
#3401 = CARTESIAN_POINT ( 'NONE',  ( 5.829707808121593615, 4.783150890690729184, -4.183073039357555700 ) ) ;
#3402 = CARTESIAN_POINT ( 'NONE',  ( 2.636624412714652976, -2.277149844236914245, -12.86061556398384198 ) ) ;
#3403 = CARTESIAN_POINT ( 'NONE',  ( 0.4460866974656232387, -8.207537491664561813, -7.127125856662472003 ) ) ;
#3404 = EDGE_CURVE ( 'NONE', #1723, #1390, #3724, .T. ) ;
#3405 = CARTESIAN_POINT ( 'NONE',  ( 5.780373642321761984, -5.927710934927411301, -2.148066458206025153 ) ) ;
#3406 = EDGE_CURVE ( 'NONE', #1853, #2940, #3784, .T. ) ;
#3407 = ORIENTED_EDGE ( 'NONE', *, *, #2877, .T. ) ;
#3408 = CARTESIAN_POINT ( 'NONE',  ( 5.781256649740089237, -4.489687114342381768, -4.427842748383304716 ) ) ;
#3409 = CARTESIAN_POINT ( 'NONE',  ( 5.780916678224960137, 2.578452859161073807, -5.754161552713972227 ) ) ;
#3410 = CARTESIAN_POINT ( 'NONE',  ( 0.4810029444423267186, 4.888303648767598375, 9.778727171396717210 ) ) ;
#3411 = CARTESIAN_POINT ( 'NONE',  ( 5.780266697385852304, 5.703288309322086747, -2.687634108289205681 ) ) ;
#3412 = ORIENTED_EDGE ( 'NONE', *, *, #4561, .F. ) ;
#3413 = CARTESIAN_POINT ( 'NONE',  ( 0.3131398827181195443, 10.09361082380422303, 3.661415213967222915 ) ) ;
#3414 = EDGE_LOOP ( 'NONE', ( #4241, #1023, #4545, #1297 ) ) ;
#3415 =( BOUNDED_SURFACE ( )  B_SPLINE_SURFACE ( 3, 1, ( 
 ( #3572, #429 ),
 ( #2033, #2840 ),
 ( #3968, #505 ),
 ( #4332, #1204 ) ),
 .UNSPECIFIED., .F., .F., .F. ) 
 B_SPLINE_SURFACE_WITH_KNOTS ( ( 4, 4 ),
 ( 2, 2 ),
 ( 0.000000000000000000, 1.000000000000000000 ),
 ( 0.000000000000000000, 1.000000000000000000 ),
 .UNSPECIFIED. ) 
 GEOMETRIC_REPRESENTATION_ITEM ( )  RATIONAL_B_SPLINE_SURFACE ( (
 ( 1.000000000000000000, 1.000000000000000000),
 ( 0.7963945362475481904, 0.9530866181159203254),
 ( 0.7963945362475481904, 0.9530866181159203254),
 ( 1.000000000000000000, 1.000000000000000000) ) ) 
 REPRESENTATION_ITEM ( '' )  SURFACE ( )  );
#3416 = CARTESIAN_POINT ( 'NONE',  ( 0.3315128891686930368, -3.535739363072958330, -10.15790648860278012 ) ) ;
#3417 = APPLICATION_PROTOCOL_DEFINITION ( 'draft international standard', 'automotive_design', 1998, #3540 ) ;
#3418 = CARTESIAN_POINT ( 'NONE',  ( 5.888395157494901611, 4.199588886833029555, 4.846565907042564625 ) ) ;
#3419 = CARTESIAN_POINT ( 'NONE',  ( 5.829707808122728707, -6.019847957358940072, 2.034222963691887820 ) ) ;
#3420 = CARTESIAN_POINT ( 'NONE',  ( 7.148871875792691455, 0.000000000000000000, 0.000000000000000000 ) ) ;
#3421 = CARTESIAN_POINT ( 'NONE',  ( 4.091188226140729078, 11.15052908459335157, -1.974691377905204215 ) ) ;
#3422 = CARTESIAN_POINT ( 'NONE',  ( 5.785401201710000940, 4.219769301666669747, -4.691366050280095124 ) ) ;
#3423 = ORIENTED_EDGE ( 'NONE', *, *, #3722, .T. ) ;
#3424 = CARTESIAN_POINT ( 'NONE',  ( 5.781213164338062427, 6.305291077324821636, 0.07640550324348838185 ) ) ;
#3425 = CARTESIAN_POINT ( 'NONE',  ( 0.4810029444423268297, -10.37115695281030803, 3.458051635725162054 ) ) ;
#3426 = CARTESIAN_POINT ( 'NONE',  ( 13.57223985685982726, -0.003724383110570932132, -0.01385793941728840836 ) ) ;
#3427 = CARTESIAN_POINT ( 'NONE',  ( 0.4810029444423258860, 3.458051635725198025, 10.37115695281029559 ) ) ;
#3428 = CARTESIAN_POINT ( 'NONE',  ( 0.3146807352246323575, -10.01059815232096994, 3.886895502379032585 ) ) ;
#3429 = CARTESIAN_POINT ( 'NONE',  ( 2.636624412714237309, 12.75308701346249585, 2.817732372801759588 ) ) ;
#3430 = EDGE_CURVE ( 'NONE', #3301, #2832, #4364, .T. ) ;
#3431 = DIRECTION ( 'NONE',  ( -0.7767995536391634204, -0.4251645283234443684, 0.4645617045361138397 ) ) ;
#3432 = CARTESIAN_POINT ( 'NONE',  ( 0.3143387148471913917, 0.3199313616709734132, -10.73390632914302500 ) ) ;
#3433 = ORIENTED_EDGE ( 'NONE', *, *, #1587, .T. ) ;
#3434 = CARTESIAN_POINT ( 'NONE',  ( 7.148871875792691455, 0.000000000000000000, 0.000000000000000000 ) ) ;
#3435 = VERTEX_POINT ( 'NONE', #1103 ) ;
#3436 =( BOUNDED_SURFACE ( )  B_SPLINE_SURFACE ( 3, 1, ( 
 ( #3622, #4968 ),
 ( #2553, #1394 ),
 ( #2163, #4946 ),
 ( #1026, #270 ) ),
 .UNSPECIFIED., .F., .F., .F. ) 
 B_SPLINE_SURFACE_WITH_KNOTS ( ( 4, 4 ),
 ( 2, 2 ),
 ( 0.000000000000000000, 1.000000000000000000 ),
 ( 0.000000000000000000, 1.000000000000000000 ),
 .UNSPECIFIED. ) 
 GEOMETRIC_REPRESENTATION_ITEM ( )  RATIONAL_B_SPLINE_SURFACE ( (
 ( 1.000000000000000000, 1.000000000000000000),
 ( 0.7963945362475481904, 0.9530866181159202144),
 ( 0.7963945362475481904, 0.9530866181159202144),
 ( 1.000000000000000000, 1.000000000000000000) ) ) 
 REPRESENTATION_ITEM ( '' )  SURFACE ( )  );
#3437 = CARTESIAN_POINT ( 'NONE',  ( 0.3990563068656133860, -3.459501357797008403, -10.25543088178534390 ) ) ;
#3438 = LINE ( 'NONE', #5024, #4284 ) ;
#3439 = AXIS2_PLACEMENT_3D ( 'NONE', #288, #2228, #3034 ) ;
#3440 = CARTESIAN_POINT ( 'NONE',  ( 0.4460866974656264028, 8.207537491664611551, 7.127125856662414272 ) ) ;
#3441 = CARTESIAN_POINT ( 'NONE',  ( 2.636624412714642762, 7.483640378888467559, -10.70401657216395108 ) ) ;
#3442 = EDGE_CURVE ( 'NONE', #3466, #4943, #2807, .T. ) ;
#3443 = CARTESIAN_POINT ( 'NONE',  ( 0.4959482244580775134, -0.7731718701262080273, 10.89257800167812462 ) ) ;
#3444 = B_SPLINE_CURVE_WITH_KNOTS ( 'NONE', 3,
 ( #4039, #3673, #4879, #530, #2893, #4482 ),
 .UNSPECIFIED., .F., .F.,
 ( 4, 2, 4 ),
 ( 0.000000000000000000, 0.001669664777113047047, 0.003339329554226094093 ),
 .UNSPECIFIED. ) ;
#3445 = CIRCLE ( 'NONE', #3855, 13.06066017082141251 ) ;
#3446 = CARTESIAN_POINT ( 'NONE',  ( 13.56835537283902227, -0.004404477516308170221, 0.009249578623792855531 ) ) ;
#3447 = FACE_OUTER_BOUND ( 'NONE', #2079, .T. ) ;
#3448 = AXIS2_PLACEMENT_3D ( 'NONE', #268, #1828, #3363 ) ;
#3449 = CARTESIAN_POINT ( 'NONE',  ( 0.4959482244580775134, -10.35930993710115366, 3.454091471063549523 ) ) ;
#3450 = VECTOR ( 'NONE', #3690, 1000.000000000000000 ) ;
#3451 = CARTESIAN_POINT ( 'NONE',  ( 5.875108777299984375, -0.4549395946407739366, -6.383458901497724547 ) ) ;
#3452 = EDGE_CURVE ( 'NONE', #2848, #3907, #2068, .T. ) ;
#3453 = CIRCLE ( 'NONE', #2809, 7.673412698073462934 ) ;
#3454 = CIRCLE ( 'NONE', #4356, 13.06066017082141251 ) ;
#3455 = DIRECTION ( 'NONE',  ( 0.000000000000000000, 0.000000000000000000, 1.000000000000000000 ) ) ;
#3456 = LINE ( 'NONE', #4653, #1165 ) ;
#3457 = CARTESIAN_POINT ( 'NONE',  ( 13.56759717490972861, -0.002654905333064646114, -0.009177911541205634530 ) ) ;
#3458 = CARTESIAN_POINT ( 'NONE',  ( 0.3315128891686937584, 4.682579280612772621, -9.682869840886946022 ) ) ;
#3459 = CARTESIAN_POINT ( 'NONE',  ( 7.148871875792691455, 4.395937880801951358, 6.289434997126967630 ) ) ;
#3460 = CARTESIAN_POINT ( 'NONE',  ( 5.806118102235263478, 5.986931140936186502, -2.057643789084505848 ) ) ;
#3461 = B_SPLINE_CURVE_WITH_KNOTS ( 'NONE', 3,
 ( #2396, #794, #898, #375, #3490, #5074 ),
 .UNSPECIFIED., .F., .F.,
 ( 4, 2, 4 ),
 ( 2.168404344971008868E-19, 0.001669706568512063132, 0.003339413137024125830 ),
 .UNSPECIFIED. ) ;
#3462 = DIRECTION ( 'NONE',  ( -1.000000000000000000, -0.000000000000000000, -0.000000000000000000 ) ) ;
#3463 = ORIENTED_EDGE ( 'NONE', *, *, #2661, .F. ) ;
#3464 = ORIENTED_EDGE ( 'NONE', *, *, #4596, .T. ) ;
#3465 = CARTESIAN_POINT ( 'NONE',  ( 6.937403657009209468, -3.962504430367276953, 3.619715908653672098 ) ) ;
#3466 = VERTEX_POINT ( 'NONE', #723 ) ;
#3467 = CARTESIAN_POINT ( 'NONE',  ( 6.794699092203801527, 3.580645861261229079, -6.397644094325770858 ) ) ;
#3468 = CARTESIAN_POINT ( 'NONE',  ( 5.781982565355811232, -4.678178884152790928, -4.229318265940020360 ) ) ;
#3469 = CARTESIAN_POINT ( 'NONE',  ( 5.780252906077847364, -2.130367884859825089, -5.933996072728913163 ) ) ;
#3470 = CARTESIAN_POINT ( 'NONE',  ( 2.666330941622472306, -2.704053251623845355, -13.04885528449525545 ) ) ;
#3471 = CARTESIAN_POINT ( 'NONE',  ( 5.782469467446603950, -6.298821222766585848, -0.3217837849890618496 ) ) ;
#3472 =( BOUNDED_SURFACE ( )  B_SPLINE_SURFACE ( 3, 1, ( 
 ( #1249, #2886 ),
 ( #4033, #4450 ),
 ( #3641, #4815 ),
 ( #136, #2858 ) ),
 .UNSPECIFIED., .F., .F., .F. ) 
 B_SPLINE_SURFACE_WITH_KNOTS ( ( 4, 4 ),
 ( 2, 2 ),
 ( 0.000000000000000000, 1.000000000000000000 ),
 ( 0.000000000000000000, 1.000000000000000000 ),
 .UNSPECIFIED. ) 
 GEOMETRIC_REPRESENTATION_ITEM ( )  RATIONAL_B_SPLINE_SURFACE ( (
 ( 1.000000000000000000, 1.000000000000000000),
 ( 0.7963945362475481904, 0.9530866181159202144),
 ( 0.7963945362475481904, 0.9530866181159202144),
 ( 1.000000000000000000, 1.000000000000000000) ) ) 
 REPRESENTATION_ITEM ( '' )  SURFACE ( )  );
#3473 = DIRECTION ( 'NONE',  ( 0.000000000000000000, 0.000000000000000000, 1.000000000000000000 ) ) ;
#3474 = CARTESIAN_POINT ( 'NONE',  ( 5.780266697385848751, 2.687634108289270074, 5.703288309322060101 ) ) ;
#3475 = CARTESIAN_POINT ( 'NONE',  ( 0.3131398827181169353, -9.726272186705676503, -4.548249133634168828 ) ) ;
#3476 = CARTESIAN_POINT ( 'NONE',  ( 13.57761964090312645, 0.007131536758726225896, -0.01289128168725471243 ) ) ;
#3477 = CARTESIAN_POINT ( 'NONE',  ( 5.781213164338059762, -5.796090252633626427, -2.483519912149567244 ) ) ;
#3478 = CARTESIAN_POINT ( 'NONE',  ( 0.4959482244580775134, 3.454091471063585495, 10.35930993710113945 ) ) ;
#3479 = DIRECTION ( 'NONE',  ( 0.7672866406251409588, 0.5738428719122048438, 0.2863137605385718265 ) ) ;
#3480 = CARTESIAN_POINT ( 'NONE',  ( 5.807337495896714330, 5.988908143894486003, 2.055655292790224742 ) ) ;
#3481 = CARTESIAN_POINT ( 'NONE',  ( 5.782469467446604838, 5.942493329980824690, -2.113165072536939526 ) ) ;
#3482 = CARTESIAN_POINT ( 'NONE',  ( 6.346074985646363409, 4.415926679048527426, -5.265101804905611971 ) ) ;
#3483 = EDGE_LOOP ( 'NONE', ( #1777, #2171, #4386, #3175 ) ) ;
#3484 = CARTESIAN_POINT ( 'NONE',  ( 1.348381451710667589, -5.369304303943684076, 10.51833390579583316 ) ) ;
#3485 = EDGE_LOOP ( 'NONE', ( #662, #913, #1464, #1095 ) ) ;
#3486 = B_SPLINE_CURVE_WITH_KNOTS ( 'NONE', 3,
 ( #3013, #1441, #2206, #2258, #2236, #3822, #3799, #4637, #2161, #241, #1119, #3339, #1044, #1420, #1874, #3413 ),
 .UNSPECIFIED., .F., .F.,
 ( 4, 3, 3, 3, 3, 4 ),
 ( 3.127317220692750759E-18, 0.0002402807489491017891, 0.0003604046903941030390, 0.0004805286307080694616, 0.0007203409650750147806, 0.0009603276570517837183 ),
 .UNSPECIFIED. ) ;
#3487 = CARTESIAN_POINT ( 'NONE',  ( 7.148871875792691455, 6.468179606601692555, -4.128427668216679614 ) ) ;
#3488 = CARTESIAN_POINT ( 'NONE',  ( 0.3125344821672539353, 10.72267642947637789, -0.5505953527052839247 ) ) ;
#3489 = CARTESIAN_POINT ( 'NONE',  ( 5.888395157494902499, 2.025213741016299362, -6.084756134219151846 ) ) ;
#3490 = CARTESIAN_POINT ( 'NONE',  ( 2.337031956193689197, -10.25077584897215033, -7.609063422671783705 ) ) ;
#3491 = CARTESIAN_POINT ( 'NONE',  ( 0.3151928479966147334, 2.712003742961783613E-17, -10.73922861027048903 ) ) ;
#3492 = EDGE_CURVE ( 'NONE', #1672, #2108, #3693, .T. ) ;
#3493 = CARTESIAN_POINT ( 'NONE',  ( 5.780373642321761984, -0.2838821314355225445, -6.298520252597383795 ) ) ;
#3494 = CARTESIAN_POINT ( 'NONE',  ( 0.3151923201557828569, 9.891018036370452293, -4.183918260565053338 ) ) ;
#3495 = ORIENTED_EDGE ( 'NONE', *, *, #1046, .T. ) ;
#3496 = ORIENTED_EDGE ( 'NONE', *, *, #1539, .T. ) ;
#3497 = CARTESIAN_POINT ( 'NONE',  ( 0.3072101391086903277, -3.663056587010207643, -10.09812914501198122 ) ) ;
#3498 = CARTESIAN_POINT ( 'NONE',  ( 13.57223985685982726, 0.001862322494628207772, -0.01422832630261000424 ) ) ;
#3499 = CARTESIAN_POINT ( 'NONE',  ( 13.56835537283902227, 0.009249578623792012455, -0.004404477516308382724 ) ) ;
#3500 = CARTESIAN_POINT ( 'NONE',  ( 5.781056083966183756, -5.768434636672862048, -2.546941476786620306 ) ) ;
#3501 = CARTESIAN_POINT ( 'NONE',  ( 0.3020602839598333644, 8.033480627031142518, 7.135509872902336959 ) ) ;
#3502 = CARTESIAN_POINT ( 'NONE',  ( 5.888395157494900722, -4.199588886832995804, -4.846565907042594823 ) ) ;
#3503 = FACE_OUTER_BOUND ( 'NONE', #3483, .T. ) ;
#3504 = ADVANCED_FACE ( 'NONE', ( #3447 ), #872, .F. ) ;
#3505 = B_SPLINE_CURVE_WITH_KNOTS ( 'NONE', 3,
 ( #2273, #4627, #2589, #3005, #3403, #2692 ),
 .UNSPECIFIED., .F., .F.,
 ( 4, 2, 4 ),
 ( 1.951563910473907981E-18, 0.0002092284541179446607, 0.0004184569082358873698 ),
 .UNSPECIFIED. ) ;
#3506 = CARTESIAN_POINT ( 'NONE',  ( 6.119568941886140756, -5.039011247636345558, -4.330507332778620544 ) ) ;
#3507 = CARTESIAN_POINT ( 'NONE',  ( 13.56759717490972861, -0.004612461923498512896, 0.008367065052335080633 ) ) ;
#3508 = ORIENTED_EDGE ( 'NONE', *, *, #4206, .T. ) ;
#3509 = ORIENTED_EDGE ( 'NONE', *, *, #2222, .T. ) ;
#3510 = CARTESIAN_POINT ( 'NONE',  ( 5.795455118505628000, -5.970292923208432079, -2.073205398140633093 ) ) ;
#3511 = EDGE_CURVE ( 'NONE', #451, #4759, #3655, .T. ) ;
#3512 = DIRECTION ( 'NONE',  ( -1.000000000000000000, -0.000000000000000000, -0.000000000000000000 ) ) ;
#3513 = CARTESIAN_POINT ( 'NONE',  ( 5.811739754378691281, 4.754335194639906170, 4.188650170213892743 ) ) ;
#3514 = EDGE_LOOP ( 'NONE', ( #1492, #1266, #4036, #5016 ) ) ;
#3515 = CARTESIAN_POINT ( 'NONE',  ( 6.350699776881512548, 6.123775572097194697, 3.125898212415564537 ) ) ;
#3516 = B_SPLINE_CURVE_WITH_KNOTS ( 'NONE', 3,
 ( #2402, #120, #4018, #2373, #3524, #1653, #4433, #4724, #3973, #68, #881, #464, #2017, #2424, #1629, #3219 ),
 .UNSPECIFIED., .F., .F.,
 ( 4, 3, 3, 3, 3, 4 ),
 ( 1.226634733346699349E-18, 0.0001201367182547264094, 0.0002402733039868098130, 0.0003604098457935291924, 0.0004641886131673003896, 0.0005680047735601307648 ),
 .UNSPECIFIED. ) ;
#3517 = CARTESIAN_POINT ( 'NONE',  ( 1.348381451710669143, 7.662929611238597616, -8.985782472070251714 ) ) ;
#3518 = CARTESIAN_POINT ( 'NONE',  ( 0.3178557125107202008, -10.74189147477981621, 0.1601725597513061761 ) ) ;
#3519 = CARTESIAN_POINT ( 'NONE',  ( 0.3178557125107202008, -7.708923407747017897, 7.482405201426521657 ) ) ;
#3520 = CARTESIAN_POINT ( 'NONE',  ( 6.538437847175469386, -8.204545470536372065, 1.811832111373768983 ) ) ;
#3521 = CARTESIAN_POINT ( 'NONE',  ( 5.781280995375705167, -6.305844125370961173, -0.03636384465462035032 ) ) ;
#3522 = ORIENTED_EDGE ( 'NONE', *, *, #4692, .F. ) ;
#3523 = DIRECTION ( 'NONE',  ( -0.7672866406251407367, -0.4841195830995204674, -0.4205941516209331654 ) ) ;
#3524 = CARTESIAN_POINT ( 'NONE',  ( 5.781125901799034850, 4.545562536835133116, 4.370457377965961676 ) ) ;
#3525 = VECTOR ( 'NONE', #4928, 1000.000000000000114 ) ;
#3526 = CARTESIAN_POINT ( 'NONE',  ( 13.57223985685982726, -0.01422832630260998169, -0.001862322494628350237 ) ) ;
#3527 = AXIS2_PLACEMENT_3D ( 'NONE', #660, #4965, #4922 ) ;
#3528 = ORIENTED_EDGE ( 'NONE', *, *, #622, .T. ) ;
#3529 = CARTESIAN_POINT ( 'NONE',  ( 0.4810029444423268297, 10.90503870641859052, 0.7740468116847935010 ) ) ;
#3530 = CARTESIAN_POINT ( 'NONE',  ( 6.794699092203797086, -0.8598130233236069841, 7.280906283310590865 ) ) ;
#3531 = CARTESIAN_POINT ( 'NONE',  ( 0.3131398827181195443, 10.09361082380422303, 3.661415213967222915 ) ) ;
#3532 = VECTOR ( 'NONE', #4555, 999.9999999999998863 ) ;
#3533 = CARTESIAN_POINT ( 'NONE',  ( 3.606333622658820737, 6.402784727056830327, 10.03412033310833529 ) ) ;
#3534 = EDGE_CURVE ( 'NONE', #4844, #4836, #4342, .T. ) ;
#3535 = CARTESIAN_POINT ( 'NONE',  ( 2.636624412714309251, -12.86061556398354355, -2.277149844236645571 ) ) ;
#3536 = CARTESIAN_POINT ( 'NONE',  ( 0.3314483142510946667, 0.6204923769007560930, 10.73769623072639945 ) ) ;
#3537 = ORIENTED_EDGE ( 'NONE', *, *, #1229, .F. ) ;
#3538 = ORIENTED_EDGE ( 'NONE', *, *, #4434, .F. ) ;
#3539 = CARTESIAN_POINT ( 'NONE',  ( 0.3151928467770725995, -10.73922860266895896, 0.0003702365807744485769 ) ) ;
#3540 = APPLICATION_CONTEXT ( 'automotive_design' ) ;
#3541 = CARTESIAN_POINT ( 'NONE',  ( 13.57761964090312645, -0.01463911226355933508, -0.001655400923075323657 ) ) ;
#3542 = ORIENTED_EDGE ( 'NONE', *, *, #5048, .F. ) ;
#3543 = CARTESIAN_POINT ( 'NONE',  ( 5.816512944234014881, 2.045822184209335148, -6.001964219383249421 ) ) ;
#3544 = CARTESIAN_POINT ( 'NONE',  ( 2.636624412714237309, 7.025356639904421385, 11.01023197665842268 ) ) ;
#3545 = CARTESIAN_POINT ( 'NONE',  ( 0.3131398827181169353, 3.661415213967322391, -10.09361082380418573 ) ) ;
#3546 = CARTESIAN_POINT ( 'NONE',  ( 2.636624412714236865, 0.000000000000000000, 0.000000000000000000 ) ) ;
#3547 = ADVANCED_FACE ( 'NONE', ( #4358 ), #5031, .F. ) ;
#3548 = CARTESIAN_POINT ( 'NONE',  ( 3.606333622659060989, 11.62264702976198194, 2.567742031803098790 ) ) ;
#3549 =( BOUNDED_SURFACE ( )  B_SPLINE_SURFACE ( 3, 1, ( 
 ( #2486, #4105 ),
 ( #2879, #545 ),
 ( #3330, #1338 ),
 ( #652, #2099 ) ),
 .UNSPECIFIED., .F., .F., .F. ) 
 B_SPLINE_SURFACE_WITH_KNOTS ( ( 4, 4 ),
 ( 2, 2 ),
 ( 0.000000000000000000, 1.000000000000000000 ),
 ( 0.000000000000000000, 1.000000000000000000 ),
 .UNSPECIFIED. ) 
 GEOMETRIC_REPRESENTATION_ITEM ( )  RATIONAL_B_SPLINE_SURFACE ( (
 ( 1.000000000000000000, 1.000000000000000000),
 ( 0.9928172745385618336, 0.8240640142147769298),
 ( 0.9928172745385618336, 0.8240640142147769298),
 ( 1.000000000000000000, 1.000000000000000000) ) ) 
 REPRESENTATION_ITEM ( '' )  SURFACE ( )  );
#3550 = CARTESIAN_POINT ( 'NONE',  ( 0.3146807352246323575, 10.01059815232099837, -3.886895502378957978 ) ) ;
#3551 = VERTEX_POINT ( 'NONE', #2737 ) ;
#3552 = CARTESIAN_POINT ( 'NONE',  ( 5.781217879015566830, 5.857423980569291366, 2.335547213067504568 ) ) ;
#3553 = DIRECTION ( 'NONE',  ( 0.7672866406251409588, -0.2033137844408411665, -0.6082225876885277716 ) ) ;
#3554 = ADVANCED_FACE ( 'NONE', ( #1257 ), #346, .F. ) ;
#3555 = CARTESIAN_POINT ( 'NONE',  ( 2.636624412715013133, 11.01023197665825037, -7.025356639904432932 ) ) ;
#3556 = EDGE_CURVE ( 'NONE', #844, #5067, #4469, .T. ) ;
#3557 = ORIENTED_EDGE ( 'NONE', *, *, #2662, .F. ) ;
#3558 = CARTESIAN_POINT ( 'NONE',  ( 0.3072101391086899946, 7.248609728848688150, -7.927663766067493789 ) ) ;
#3559 = CARTESIAN_POINT ( 'NONE',  ( 2.636624412714317245, -11.01023197665846531, 7.025356639904448919 ) ) ;
#3560 = CARTESIAN_POINT ( 'NONE',  ( 5.781256649740091014, 4.427842748383320703, -4.489687114342365781 ) ) ;
#3561 = EDGE_CURVE ( 'NONE', #2609, #2804, #239, .T. ) ;
#3562 = EDGE_CURVE ( 'NONE', #1069, #2410, #4513, .T. ) ;
#3563 = CARTESIAN_POINT ( 'NONE',  ( 5.888395157494900722, -6.396597398412626312, -0.4574818382620624568 ) ) ;
#3564 = CARTESIAN_POINT ( 'NONE',  ( 5.841349233018249265, 2.028237361566996189, 6.034141197522586708 ) ) ;
#3565 = ORIENTED_EDGE ( 'NONE', *, *, #5058, .F. ) ;
#3566 = VERTEX_POINT ( 'NONE', #3319 ) ;
#3567 = CARTESIAN_POINT ( 'NONE',  ( 5.875108777299984375, -6.071644871316649095, -2.022534582769026201 ) ) ;
#3568 = VERTEX_POINT ( 'NONE', #1000 ) ;
#3569 = CARTESIAN_POINT ( 'NONE',  ( 0.3314483142510952218, 10.73769623072640123, -0.6204923769007933965 ) ) ;
#3570 = DIRECTION ( 'NONE',  ( 0.7672866406251409588, 0.6082225876885284377, -0.2033137844408390293 ) ) ;
#3571 = CARTESIAN_POINT ( 'NONE',  ( 0.3072101391086903277, -10.73124590139688728, -0.4801637145097212844 ) ) ;
#3572 = CARTESIAN_POINT ( 'NONE',  ( 13.58175377392158367, -0.01095866918144998425, 0.002771031772010828283 ) ) ;
#3573 = CARTESIAN_POINT ( 'NONE',  ( 0.4959482244580775134, -0.7731718701262080273, 10.89257800167812462 ) ) ;
#3574 = CARTESIAN_POINT ( 'NONE',  ( 13.56890048206675203, 0.007841999287950247519, -0.007063757897651635684 ) ) ;
#3575 = ORIENTED_EDGE ( 'NONE', *, *, #4707, .F. ) ;
#3576 = CARTESIAN_POINT ( 'NONE',  ( 0.4959482244580775134, 4.882726802909806096, -9.767549806965043047 ) ) ;
#3577 = CARTESIAN_POINT ( 'NONE',  ( 7.148871875792690567, -7.492932861594782779, -1.654454461926369913 ) ) ;
#3578 = VERTEX_POINT ( 'NONE', #2140 ) ;
#3579 = CARTESIAN_POINT ( 'NONE',  ( 0.4810029444423267186, 7.163693068912317941, -8.258360567908416883 ) ) ;
#3580 = CARTESIAN_POINT ( 'NONE',  ( 3.606333622658779436, -10.03412033310840101, 6.402784727056821446 ) ) ;
#3581 = CARTESIAN_POINT ( 'NONE',  ( 4.091188226140539896, 9.546063923569374055, -6.091499689852069466 ) ) ;
#3582 = CARTESIAN_POINT ( 'NONE',  ( 5.781056083966184644, -2.277939658901628306, -5.879858837943841898 ) ) ;
#3583 = DIRECTION ( 'NONE',  ( 0.000000000000000000, 0.000000000000000000, 1.000000000000000000 ) ) ;
#3584 = EDGE_LOOP ( 'NONE', ( #4917, #3134, #1270, #4681 ) ) ;
#3585 = CARTESIAN_POINT ( 'NONE',  ( 13.56835537283902227, -0.003426003848636181674, 0.009654875687366787015 ) ) ;
#3586 = CARTESIAN_POINT ( 'NONE',  ( 1.274928338748268608, 11.65693411455053763, 1.014688849143796201 ) ) ;
#3587 = EDGE_CURVE ( 'NONE', #123, #568, #2567, .T. ) ;
#3588 = B_SPLINE_CURVE_WITH_KNOTS ( 'NONE', 3,
 ( #59, #875, #820, #1620, #1542, #2341, #3543, #1950, #3188, #1251, #2813, #4379, #2416, #8, #1569, #3139 ),
 .UNSPECIFIED., .F., .F.,
 ( 4, 3, 3, 3, 3, 4 ),
 ( 1.226634733346699349E-18, 5.657295309886138949E-05, 0.0001131630509228308940, 0.0001409051504071664107, 0.0001974894552758161171, 0.0002472425787896098833 ),
 .UNSPECIFIED. ) ;
#3589 = CARTESIAN_POINT ( 'NONE',  ( 5.816512944232862026, 0.4067590252559121211, 6.327994152614087042 ) ) ;
#3590 = VERTEX_POINT ( 'NONE', #3676 ) ;
#3591 = CARTESIAN_POINT ( 'NONE',  ( 5.789276915956096836, -4.208943623519632915, 4.706316364479191883 ) ) ;
#3592 = CARTESIAN_POINT ( 'NONE',  ( 0.3131398827181204325, 9.726272186705706702, 4.548249133634101327 ) ) ;
#3593 = FACE_OUTER_BOUND ( 'NONE', #418, .T. ) ;
#3594 = CARTESIAN_POINT ( 'NONE',  ( 0.3131398827181169353, 4.548249133634066688, 9.726272186705720912 ) ) ;
#3595 = CARTESIAN_POINT ( 'NONE',  ( 5.780596792240388027, -6.300301261157814636, -0.2493227976354652209 ) ) ;
#3596 = ORIENTED_EDGE ( 'NONE', *, *, #560, .T. ) ;
#3597 = EDGE_CURVE ( 'NONE', #7, #515, #1399, .T. ) ;
#3598 = CARTESIAN_POINT ( 'NONE',  ( 5.781125901799037514, 5.872053821937406326, 2.298264645589457533 ) ) ;
#3599 = CARTESIAN_POINT ( 'NONE',  ( 6.772577236260942435, 1.940230431068149519, -7.035608125480280250 ) ) ;
#3600 = B_SPLINE_CURVE_WITH_KNOTS ( 'NONE', 3,
 ( #648, #565, #1770, #3738, #2220, #278, #1382 ),
 .UNSPECIFIED., .F., .F.,
 ( 4, 3, 4 ),
 ( 6.829613154537258970E-18, 0.002265310746493351488, 0.007027290684749712066 ),
 .UNSPECIFIED. ) ;
#3601 = FACE_OUTER_BOUND ( 'NONE', #3254, .T. ) ;
#3602 = ORIENTED_EDGE ( 'NONE', *, *, #2104, .F. ) ;
#3603 = CIRCLE ( 'NONE', #3056, 13.06066017082141251 ) ;
#3604 = DIRECTION ( 'NONE',  ( 0.000000000000000000, 0.000000000000000000, 1.000000000000000000 ) ) ;
#3605 = CARTESIAN_POINT ( 'NONE',  ( 5.780373642321761984, -2.672612239963959802, -5.710436958037678146 ) ) ;
#3606 = CARTESIAN_POINT ( 'NONE',  ( 5.780373642321761984, 4.252991401856675679, -4.654461362248158096 ) ) ;
#3607 = AXIS2_PLACEMENT_3D ( 'NONE', #4923, #4193, #2657 ) ;
#3608 = CARTESIAN_POINT ( 'NONE',  ( 5.780979408894890703, -2.563577074301967684, -5.760873024190147795 ) ) ;
#3609 = CARTESIAN_POINT ( 'NONE',  ( 0.3131398827181169353, -7.924117507852417752, 7.245364211220522321 ) ) ;
#3610 = ORIENTED_EDGE ( 'NONE', *, *, #1745, .T. ) ;
#3611 = CARTESIAN_POINT ( 'NONE',  ( 2.636624412714652976, -10.70401657216405944, -7.483640378888393840 ) ) ;
#3612 = CARTESIAN_POINT ( 'NONE',  ( 13.56835537283902227, 0.007608867124407035082, -0.006859975801160509389 ) ) ;
#3613 = VECTOR ( 'NONE', #271, 1000.000000000000227 ) ;
#3614 = AXIS2_PLACEMENT_3D ( 'NONE', #892, #547, #2437 ) ;
#3615 = B_SPLINE_CURVE_WITH_KNOTS ( 'NONE', 3,
 ( #2286, #3932, #4297, #2362, #765, #3092, #1144, #1948, #2338, #1175, #5, #1567, #1517, #3468, #3850, #4664 ),
 .UNSPECIFIED., .F., .F.,
 ( 4, 3, 3, 3, 3, 4 ),
 ( 2.602085213965210642E-18, 5.657295309880915128E-05, 0.0001131630509227423960, 0.0001409051504070782379, 0.0001974894552757249628, 0.0002472425787896162259 ),
 .UNSPECIFIED. ) ;
#3616 = CARTESIAN_POINT ( 'NONE',  ( 5.785401201709517771, -2.719421273219239321, -5.693866552332051079 ) ) ;
#3617 = ORIENTED_EDGE ( 'NONE', *, *, #5071, .T. ) ;
#3618 = CARTESIAN_POINT ( 'NONE',  ( 5.780373642321761984, 5.927710934927427289, 2.148066458205984297 ) ) ;
#3619 = ORIENTED_EDGE ( 'NONE', *, *, #1909, .F. ) ;
#3620 = CARTESIAN_POINT ( 'NONE',  ( 5.780373642321761984, 6.298520252597380242, 0.2838821314355884917 ) ) ;
#3621 = CARTESIAN_POINT ( 'NONE',  ( 2.666330941622472306, -2.704053251624034537, 13.04885528449521459 ) ) ;
#3622 = CARTESIAN_POINT ( 'NONE',  ( 13.56890048206675203, -0.0005502997644808046941, -0.01053996198465991484 ) ) ;
#3623 = ORIENTED_EDGE ( 'NONE', *, *, #622, .F. ) ;
#3624 = DIRECTION ( 'NONE',  ( 0.000000000000000000, 0.000000000000000000, 1.000000000000000000 ) ) ;
#3625 = ORIENTED_EDGE ( 'NONE', *, *, #991, .T. ) ;
#3626 = CARTESIAN_POINT ( 'NONE',  ( 5.780631868880691471, 5.914310866965036162, 2.185802639711926343 ) ) ;
#3627 = B_SPLINE_CURVE_WITH_KNOTS ( 'NONE', 3,
 ( #1669, #2735, #4303, #795, #2344, #399, #10, #1319, #949, #2497, #2469, #1345, #2915, #4426, #2085, #921 ),
 .UNSPECIFIED., .F., .F.,
 ( 4, 3, 3, 3, 3, 4 ),
 ( 2.453269466693398698E-18, 0.0002402807489491038762, 0.0003604046903941034727, 0.0004805286307080715216, 0.0007203409650750156479, 0.0009603276570517852362 ),
 .UNSPECIFIED. ) ;
#3628 = CARTESIAN_POINT ( 'NONE',  ( 5.806118102235262590, 2.778425731724840642, -5.688373484780933076 ) ) ;
#3629 = CARTESIAN_POINT ( 'NONE',  ( 5.780631868880690583, -4.282727103583339634, 4.627640302260427774 ) ) ;
#3630 = CARTESIAN_POINT ( 'NONE',  ( 6.538437847175472939, -4.813658225705226279, -6.886653502536949745 ) ) ;
#3631 = ORIENTED_EDGE ( 'NONE', *, *, #3298, .F. ) ;
#3632 = CARTESIAN_POINT ( 'NONE',  ( 0.3072101391086899946, -10.73124590139689438, 0.4801637145095746795 ) ) ;
#3633 = CARTESIAN_POINT ( 'NONE',  ( 6.937403657009209468, 1.827796645335879155, -5.046082048811700638 ) ) ;
#3634 = B_SPLINE_CURVE_WITH_KNOTS ( 'NONE', 3,
 ( #3459, #1113, #1134, #1939, #2329, #3898, #2675 ),
 .UNSPECIFIED., .F., .F.,
 ( 4, 3, 4 ),
 ( 0.000000000000000000, 0.001426018004565597500, 0.007027290684762612337 ),
 .UNSPECIFIED. ) ;
#3635 = FACE_OUTER_BOUND ( 'NONE', #461, .T. ) ;
#3636 = FACE_OUTER_BOUND ( 'NONE', #1045, .T. ) ;
#3637 = ORIENTED_EDGE ( 'NONE', *, *, #3775, .T. ) ;
#3638 = ORIENTED_EDGE ( 'NONE', *, *, #5003, .F. ) ;
#3639 = CARTESIAN_POINT ( 'NONE',  ( 5.853692992412376839, -4.812626922212042579, 4.185748288197689071 ) ) ;
#3640 = ORIENTED_EDGE ( 'NONE', *, *, #1515, .F. ) ;
#3641 = CARTESIAN_POINT ( 'NONE',  ( 13.57761964090312645, 0.001655400923075157557, 0.01463911226356036724 ) ) ;
#3642 = ORIENTED_EDGE ( 'NONE', *, *, #3556, .T. ) ;
#3643 = CARTESIAN_POINT ( 'NONE',  ( 13.57761964090312645, -0.009180870333825790625, 0.01152196077040358591 ) ) ;
#3644 = ORIENTED_EDGE ( 'NONE', *, *, #1329, .T. ) ;
#3645 = CARTESIAN_POINT ( 'NONE',  ( 13.58175377392158367, 0.009064062210598269193, 0.006753800674611241776 ) ) ;
#3646 = CARTESIAN_POINT ( 'NONE',  ( 5.791186417076195525, -0.3576902906347685374, 6.305615211765898565 ) ) ;
#3647 = CARTESIAN_POINT ( 'NONE',  ( 0.3020602839598329759, 8.033480627031243770, -7.135509872902226824 ) ) ;
#3648 = ORIENTED_EDGE ( 'NONE', *, *, #700, .F. ) ;
#3649 = CARTESIAN_POINT ( 'NONE',  ( 5.816512944232867355, -5.690644339520855688, 2.797414860406744808 ) ) ;
#3650 = EDGE_LOOP ( 'NONE', ( #4238, #5043, #170, #408 ) ) ;
#3651 = DIRECTION ( 'NONE',  ( 1.000000000000000000, -0.000000000000000000, -0.000000000000000000 ) ) ;
#3652 = CARTESIAN_POINT ( 'NONE',  ( 5.780373642321761984, 4.654461362248261125, -4.252991401856562881 ) ) ;
#3653 = ADVANCED_FACE ( 'NONE', ( #2473 ), #1380, .F. ) ;
#3654 = CARTESIAN_POINT ( 'NONE',  ( 5.814817957557504968, -2.794893627081370902, 5.689998044802405452 ) ) ;
#3655 = B_SPLINE_CURVE_WITH_KNOTS ( 'NONE', 3,
 ( #2788, #2821, #3216, #4695, #3914, #65, #4385 ),
 .UNSPECIFIED., .F., .F.,
 ( 4, 3, 4 ),
 ( 2.462684986304194649E-16, 0.002265310746493366233, 0.007027290684749986152 ),
 .UNSPECIFIED. ) ;
#3656 = CARTESIAN_POINT ( 'NONE',  ( 13.56835537283902227, 0.0005295461330393661870, -0.01023101694859181697 ) ) ;
#3657 = ORIENTED_EDGE ( 'NONE', *, *, #3404, .F. ) ;
#3658 = CARTESIAN_POINT ( 'NONE',  ( 0.3131398827181169353, 7.924117507852468378, -7.245364211220467254 ) ) ;
#3659 = CARTESIAN_POINT ( 'NONE',  ( 5.781277812323753373, 0.02546911729321606546, -6.305818637059246612 ) ) ;
#3660 = CARTESIAN_POINT ( 'NONE',  ( 0.3150212513444526352, -7.706340466412161305, -7.479709347583176182 ) ) ;
#3661 = CARTESIAN_POINT ( 'NONE',  ( 0.3178557125107202008, -9.862918289070158551, -4.258724049286354507 ) ) ;
#3662 = PLANE ( 'NONE',  #1726 ) ;
#3663 = ORIENTED_EDGE ( 'NONE', *, *, #3714, .F. ) ;
#3664 = EDGE_LOOP ( 'NONE', ( #4081, #4139, #1758, #3051 ) ) ;
#3665 = CARTESIAN_POINT ( 'NONE',  ( 5.806118102235259926, -4.743776955873777013, 4.192114340281088758 ) ) ;
#3666 = EDGE_CURVE ( 'NONE', #4014, #5067, #4532, .T. ) ;
#3667 = CARTESIAN_POINT ( 'NONE',  ( 7.148871875792691455, -1.654454461926343711, 7.492932861594788996 ) ) ;
#3668 = B_SPLINE_CURVE_WITH_KNOTS ( 'NONE', 3,
 ( #887, #2828, #542, #4023 ),
 .UNSPECIFIED., .F., .F.,
 ( 4, 4 ),
 ( 0.000000000000000000, 0.001963989672852248930 ),
 .UNSPECIFIED. ) ;
#3669 = ORIENTED_EDGE ( 'NONE', *, *, #2275, .T. ) ;
#3670 = CARTESIAN_POINT ( 'NONE',  ( 6.233220831025898079, 8.632204623616017258, 1.529292397461788244 ) ) ;
#3671 = ORIENTED_EDGE ( 'NONE', *, *, #75, .F. ) ;
#3672 = EDGE_CURVE ( 'NONE', #3772, #3039, #2819, .T. ) ;
#3673 = CARTESIAN_POINT ( 'NONE',  ( 2.337031422897662303, 3.107056386514978286, 12.38234384694687940 ) ) ;
#3674 = CARTESIAN_POINT ( 'NONE',  ( 0.3151923201557842447, 4.183918260565159031, 9.891018036370399003 ) ) ;
#3675 = ORIENTED_EDGE ( 'NONE', *, *, #1372, .F. ) ;
#3676 = CARTESIAN_POINT ( 'NONE',  ( 2.636624412714237309, 7.025356639904421385, 11.01023197665842268 ) ) ;
#3677 = ORIENTED_EDGE ( 'NONE', *, *, #1004, .T. ) ;
#3678 = CARTESIAN_POINT ( 'NONE',  ( 13.56759717490972861, 0.009495272909580559223, 0.001059421992558296898 ) ) ;
#3679 = DIRECTION ( 'NONE',  ( -1.000000000000000000, -0.000000000000000000, -0.000000000000000000 ) ) ;
#3680 = CARTESIAN_POINT ( 'NONE',  ( 6.350699776881510772, 5.231420834128054587, -4.461401455602047150 ) ) ;
#3681 = CARTESIAN_POINT ( 'NONE',  ( 0.8889325092155389019, -8.575171752287815252, 7.379138909189824069 ) ) ;
#3682 = ORIENTED_EDGE ( 'NONE', *, *, #3015, .F. ) ;
#3683 = CARTESIAN_POINT ( 'NONE',  ( 13.58175377392158367, -0.005789533934110922646, -0.009708364647856657786 ) ) ;
#3684 = DIRECTION ( 'NONE',  ( -0.7672866406251407367, -0.5738428719122089516, 0.2863137605385638329 ) ) ;
#3685 = CARTESIAN_POINT ( 'NONE',  ( 0.4810029444423268297, 9.778727171396701223, 4.888303648767633902 ) ) ;
#3686 = CARTESIAN_POINT ( 'NONE',  ( 0.3146807352246323575, -4.330111669743959446, 9.827012004735394157 ) ) ;
#3687 = AXIS2_PLACEMENT_3D ( 'NONE', #1997, #2407, #2044 ) ;
#3688 = FACE_OUTER_BOUND ( 'NONE', #2081, .T. ) ;
#3689 = VERTEX_POINT ( 'NONE', #1374 ) ;
#3690 = DIRECTION ( 'NONE',  ( 0.7672866406251408478, 0.04491926337631831079, -0.6397292168534393086 ) ) ;
#3691 = CARTESIAN_POINT ( 'NONE',  ( 0.4959482244580775134, 10.89257800167812640, 0.7731718701261699467 ) ) ;
#3692 = CARTESIAN_POINT ( 'NONE',  ( 5.780266697385855856, -2.687634108289225221, -5.703288309322074312 ) ) ;
#3693 = CIRCLE ( 'NONE', #2052, 13.06066017082141251 ) ;
#3694 = ORIENTED_EDGE ( 'NONE', *, *, #478, .T. ) ;
#3695 = B_SPLINE_CURVE_WITH_KNOTS ( 'NONE', 3,
 ( #695, #3728, #3437, #3416, #716, #2993 ),
 .UNSPECIFIED., .F., .F.,
 ( 4, 2, 4 ),
 ( 1.902767090458694338E-17, 0.0002092205112235682584, 0.0004184410224471174890 ),
 .UNSPECIFIED. ) ;
#3696 = CARTESIAN_POINT ( 'NONE',  ( 1.348381451710667589, -0.9353982284062709596, 11.77241721213008852 ) ) ;
#3697 = ORIENTED_EDGE ( 'NONE', *, *, #2050, .F. ) ;
#3698 = ORIENTED_EDGE ( 'NONE', *, *, #3888, .T. ) ;
#3699 = EDGE_CURVE ( 'NONE', #4583, #28, #1826, .T. ) ;
#3700 = CIRCLE ( 'NONE', #4371, 7.673412698073462934 ) ;
#3701 = CARTESIAN_POINT ( 'NONE',  ( 0.3151931105838669533, -9.906572508482552664, -4.146379317411498455 ) ) ;
#3702 = CARTESIAN_POINT ( 'NONE',  ( 5.888395157494902499, 4.199588886833098833, -4.846565907042507781 ) ) ;
#3703 = EDGE_LOOP ( 'NONE', ( #1511, #1596, #2678, #1850 ) ) ;
#3704 = CARTESIAN_POINT ( 'NONE',  ( 13.56759717490972861, 0.001059421992559052804, 0.009495272909580961679 ) ) ;
#3705 = CARTESIAN_POINT ( 'NONE',  ( 0.3723593555270008348, 7.101161141706836766, 8.167247258480722749 ) ) ;
#3706 = EDGE_CURVE ( 'NONE', #7, #3119, #3207, .T. ) ;
#3707 = CARTESIAN_POINT ( 'NONE',  ( 13.56791779411215160, 0.009644201806883388045, -0.002256786506168655376 ) ) ;
#3708 = CARTESIAN_POINT ( 'NONE',  ( 2.337031422898048660, -3.107056386513805002, -12.38234384694868062 ) ) ;
#3709 = CARTESIAN_POINT ( 'NONE',  ( 5.780832915889892121, 2.600103612623988703, 5.744458444237713124 ) ) ;
#3710 = ORIENTED_EDGE ( 'NONE', *, *, #5020, .T. ) ;
#3711 = CARTESIAN_POINT ( 'NONE',  ( 13.56759717490972861, -0.005965047388504967144, 0.007463296338658272772 ) ) ;
#3712 = DIRECTION ( 'NONE',  ( 0.000000000000000000, 0.000000000000000000, -1.000000000000000000 ) ) ;
#3713 = EDGE_CURVE ( 'NONE', #3109, #1749, #3286, .T. ) ;
#3714 = EDGE_CURVE ( 'NONE', #3126, #172, #2998, .T. ) ;
#3715 = CARTESIAN_POINT ( 'NONE',  ( 13.56676982392279740, 0.009110965078868939540, 0.002030351497554284349 ) ) ;
#3716 = CARTESIAN_POINT ( 'NONE',  ( 5.888395157494901611, -2.870529954748091583, 5.734614693997559520 ) ) ;
#3717 = ORIENTED_EDGE ( 'NONE', *, *, #3863, .F. ) ;
#3718 = DIRECTION ( 'NONE',  ( 1.000000000000000000, 0.000000000000000000, 0.000000000000000000 ) ) ;
#3719 = CARTESIAN_POINT ( 'NONE',  ( 5.888395157494902499, -6.396597398412633417, 0.4574818382619723622 ) ) ;
#3720 =( BOUNDED_SURFACE ( )  B_SPLINE_SURFACE ( 3, 1, ( 
 ( #4851, #4432 ),
 ( #4490, #611 ),
 ( #4883, #3705 ),
 ( #976, #2528 ) ),
 .UNSPECIFIED., .F., .F., .F. ) 
 B_SPLINE_SURFACE_WITH_KNOTS ( ( 4, 4 ),
 ( 2, 2 ),
 ( 0.000000000000000000, 1.000000000000000000 ),
 ( 0.000000000000000000, 1.000000000000000000 ),
 .UNSPECIFIED. ) 
 GEOMETRIC_REPRESENTATION_ITEM ( )  RATIONAL_B_SPLINE_SURFACE ( (
 ( 1.000000000000000000, 1.000000000000000000),
 ( 0.9928172745385618336, 0.8240640142147769298),
 ( 0.9928172745385618336, 0.8240640142147769298),
 ( 1.000000000000000000, 1.000000000000000000) ) ) 
 REPRESENTATION_ITEM ( '' )  SURFACE ( )  );
#3721 = CARTESIAN_POINT ( 'NONE',  ( 5.780832915889892121, -5.744458444237722006, 2.600103612623967830 ) ) ;
#3722 = EDGE_CURVE ( 'NONE', #4280, #4014, #1885, .T. ) ;
#3723 = CARTESIAN_POINT ( 'NONE',  ( 5.795455118505629777, 5.687612207488549565, -2.755657015852906344 ) ) ;
#3724 = B_SPLINE_CURVE_WITH_KNOTS ( 'NONE', 3,
 ( #1428, #4227, #4253, #4670, #1052, #275, #1499, #3858, #2608, #3807 ),
 .UNSPECIFIED., .F., .F.,
 ( 4, 3, 3, 4 ),
 ( 0.0004801584278175822563, 0.0004805286307080687026, 0.0007203409650750130459, 0.0009603276570517846941 ),
 .UNSPECIFIED. ) ;
#3725 = EDGE_LOOP ( 'NONE', ( #4533, #453 ) ) ;
#3726 = DIRECTION ( 'NONE',  ( 1.000000000000000000, -0.000000000000000000, -0.000000000000000000 ) ) ;
#3727 = ORIENTED_EDGE ( 'NONE', *, *, #3897, .F. ) ;
#3728 = CARTESIAN_POINT ( 'NONE',  ( 0.4460862896348332662, -3.443717001172010406, -10.31020848498290121 ) ) ;
#3729 = ORIENTED_EDGE ( 'NONE', *, *, #2542, .F. ) ;
#3730 = CARTESIAN_POINT ( 'NONE',  ( 5.795455118505631553, -5.687612207488530025, 2.755657015852953862 ) ) ;
#3731 = LINE ( 'NONE', #1397, #2392 ) ;
#3732 = DIRECTION ( 'NONE',  ( 0.000000000000000000, 0.000000000000000000, 1.000000000000000000 ) ) ;
#3733 = CARTESIAN_POINT ( 'NONE',  ( 5.841349233018252818, -2.832601767185412900, 5.700962551625265107 ) ) ;
#3734 = CARTESIAN_POINT ( 'NONE',  ( 0.3072101391086899946, 3.663056587010415477, -10.09812914501190662 ) ) ;
#3735 = ORIENTED_EDGE ( 'NONE', *, *, #4561, .T. ) ;
#3736 = B_SPLINE_CURVE_WITH_KNOTS ( 'NONE', 3,
 ( #4812, #4871, #967, #3586, #2130, #3691 ),
 .UNSPECIFIED., .F., .F.,
 ( 4, 2, 4 ),
 ( 0.000000000000000000, 0.001669664777114323803, 0.003339329554228647606 ),
 .UNSPECIFIED. ) ;
#3737 = CARTESIAN_POINT ( 'NONE',  ( 7.148871875792691455, -7.555699621490367335, 1.338904651110528921 ) ) ;
#3738 = CARTESIAN_POINT ( 'NONE',  ( 4.091188226140733519, 1.974691377905166467, 11.15052908459335512 ) ) ;
#3739 = CARTESIAN_POINT ( 'NONE',  ( 0.3020602839598329759, 9.666631465797404843, 4.691326916302785754 ) ) ;
#3740 = CARTESIAN_POINT ( 'NONE',  ( 5.781256649740092790, -2.372664413247975723, 5.842392093244792584 ) ) ;
#3741 = CARTESIAN_POINT ( 'NONE',  ( 0.3072101391086899946, -4.550283443190465071, 9.730627748280479494 ) ) ;
#3742 = ORIENTED_EDGE ( 'NONE', *, *, #996, .F. ) ;
#3743 = LINE ( 'NONE', #3008, #267 ) ;
#3744 = CARTESIAN_POINT ( 'NONE',  ( 5.780777222299025908, 2.609975585326956171, -5.739883330583562149 ) ) ;
#3745 =( BOUNDED_SURFACE ( )  B_SPLINE_SURFACE ( 3, 1, ( 
 ( #1572, #3621 ),
 ( #38, #1985 ),
 ( #2817, #457 ),
 ( #1623, #1232 ) ),
 .UNSPECIFIED., .F., .F., .F. ) 
 B_SPLINE_SURFACE_WITH_KNOTS ( ( 4, 4 ),
 ( 2, 2 ),
 ( 0.000000000000000000, 1.000000000000000000 ),
 ( 0.000000000000000000, 1.000000000000000000 ),
 .UNSPECIFIED. ) 
 GEOMETRIC_REPRESENTATION_ITEM ( )  RATIONAL_B_SPLINE_SURFACE ( (
 ( 1.000000000000000000, 1.000000000000000000),
 ( 0.7963945362475481904, 0.9530866181159203254),
 ( 0.7963945362475481904, 0.9530866181159203254),
 ( 1.000000000000000000, 1.000000000000000000) ) ) 
 REPRESENTATION_ITEM ( '' )  SURFACE ( )  );
#3746 = CARTESIAN_POINT ( 'NONE',  ( 5.826145232815649777, 5.693531827597756667, -2.813375021576632662 ) ) ;
#3747 = ORIENTED_EDGE ( 'NONE', *, *, #3768, .T. ) ;
#3748 = FACE_BOUND ( 'NONE', #2502, .T. ) ;
#3749 = VERTEX_POINT ( 'NONE', #3418 ) ;
#3750 = ORIENTED_EDGE ( 'NONE', *, *, #4269, .F. ) ;
#3751 = CARTESIAN_POINT ( 'NONE',  ( 5.819745664830157317, 6.330948124295454171, 0.4111774656866277189 ) ) ;
#3752 = CARTESIAN_POINT ( 'NONE',  ( 0.3131398827181169353, 7.924117507852468378, -7.245364211220467254 ) ) ;
#3753 = CARTESIAN_POINT ( 'NONE',  ( 0.3151928467770746534, 0.0003702365808121590258, 10.73922860266895896 ) ) ;
#3754 = CARTESIAN_POINT ( 'NONE',  ( 13.57761964090312645, 0.009180870333824982243, 0.01152196077040293885 ) ) ;
#3755 = EDGE_CURVE ( 'NONE', #1899, #3150, #2994, .T. ) ;
#3756 = CARTESIAN_POINT ( 'NONE',  ( 5.781056083966182868, -4.560551467042856189, 4.354666389081533140 ) ) ;
#3757 = CARTESIAN_POINT ( 'NONE',  ( 5.780373642321761984, 2.672612239964002434, 5.710436958037658606 ) ) ;
#3758 = ORIENTED_EDGE ( 'NONE', *, *, #3015, .T. ) ;
#3759 = CARTESIAN_POINT ( 'NONE',  ( 0.3138252630704969071, 7.870580742796090767, -7.304932047139957696 ) ) ;
#3760 = CARTESIAN_POINT ( 'NONE',  ( 5.034355368874765091, 1.778570944146903976, -10.04167623169954560 ) ) ;
#3761 = CARTESIAN_POINT ( 'NONE',  ( 2.636624412714237309, 10.70401657216348390, 7.483640378888496869 ) ) ;
#3762 = CARTESIAN_POINT ( 'NONE',  ( 7.148871875792692343, 7.492932861594794325, 1.654454461926316400 ) ) ;
#3763 = CARTESIAN_POINT ( 'NONE',  ( 1.274844381333250842, -3.523456524466539452, 11.15782043875671903 ) ) ;
#3764 = B_SPLINE_CURVE_WITH_KNOTS ( 'NONE', 3,
 ( #1556, #2696, #3130, #4705, #3842, #3429 ),
 .UNSPECIFIED., .F., .F.,
 ( 4, 2, 4 ),
 ( 8.673617379884035472E-19, 0.001669706568511673903, 0.003339413137023346072 ),
 .UNSPECIFIED. ) ;
#3765 = ORIENTED_EDGE ( 'NONE', *, *, #3181, .T. ) ;
#3766 = CARTESIAN_POINT ( 'NONE',  ( 7.148871875792691455, 0.000000000000000000, 0.000000000000000000 ) ) ;
#3767 = CARTESIAN_POINT ( 'NONE',  ( 5.781056083966183756, -5.879858837943833016, 2.277939658901651399 ) ) ;
#3768 = EDGE_CURVE ( 'NONE', #2139, #284, #306, .T. ) ;
#3769 = CARTESIAN_POINT ( 'NONE',  ( 0.8889325092157106534, -10.74629987537537446, 3.535859246472504491 ) ) ;
#3770 = ORIENTED_EDGE ( 'NONE', *, *, #2124, .F. ) ;
#3771 = CARTESIAN_POINT ( 'NONE',  ( 5.797806088099521027, 5.687336700726117300, 2.761609406230006947 ) ) ;
#3772 = VERTEX_POINT ( 'NONE', #741 ) ;
#3773 = ORIENTED_EDGE ( 'NONE', *, *, #519, .F. ) ;
#3774 = AXIS2_PLACEMENT_3D ( 'NONE', #4994, #2209, #1072 ) ;
#3775 = EDGE_CURVE ( 'NONE', #772, #3249, #2603, .T. ) ;
#3776 = CIRCLE ( 'NONE', #1565, 5.000000000000000888 ) ;
#3777 = CARTESIAN_POINT ( 'NONE',  ( 5.781277812323746268, -1.071823355482273367E-11, -6.305818637059195098 ) ) ;
#3778 = CARTESIAN_POINT ( 'NONE',  ( 0.3315128891686943691, 8.031613022574598304, -7.153859750539707463 ) ) ;
#3779 = CARTESIAN_POINT ( 'NONE',  ( 0.3072101391086903277, -10.09812914501196701, 3.663056587010247167 ) ) ;
#3780 = CARTESIAN_POINT ( 'NONE',  ( 0.4460866974656237383, 4.855342915142397686, 9.725494323177755973 ) ) ;
#3781 = CIRCLE ( 'NONE', #1736, 6.124340373424995043 ) ;
#3782 = EDGE_CURVE ( 'NONE', #3915, #2339, #1164, .T. ) ;
#3783 = CARTESIAN_POINT ( 'NONE',  ( 0.3020602839598329759, 10.15260973597731819, -3.518071585415797120 ) ) ;
#3784 = LINE ( 'NONE', #669, #4021 ) ;
#3785 = ORIENTED_EDGE ( 'NONE', *, *, #1514, .T. ) ;
#3786 = CARTESIAN_POINT ( 'NONE',  ( -21.42413736143699410, 0.000000000000000000, 5.000000000000000888 ) ) ;
#3787 = B_SPLINE_CURVE_WITH_KNOTS ( 'NONE', 3,
 ( #1597, #3990, #1145, #1518, #3965, #3093 ),
 .UNSPECIFIED., .F., .F.,
 ( 4, 2, 4 ),
 ( 2.790109556687801058E-18, 0.0002092284541179426549, 0.0004184569082358824909 ),
 .UNSPECIFIED. ) ;
#3788 = CARTESIAN_POINT ( 'NONE',  ( 5.888395157494901611, -6.084756134219184709, 2.025213741016194113 ) ) ;
#3789 = CARTESIAN_POINT ( 'NONE',  ( 6.129644004587026629, 7.286596219457840640, 5.093397502989916781 ) ) ;
#3790 = CARTESIAN_POINT ( 'NONE',  ( 13.56890048206675203, -0.007063757897651663439, -0.007841999287950221498 ) ) ;
#3791 = CARTESIAN_POINT ( 'NONE',  ( 0.4959482244580775134, -7.155500697201045313, -8.248930841978976858 ) ) ;
#3792 = ORIENTED_EDGE ( 'NONE', *, *, #3534, .T. ) ;
#3793 = CARTESIAN_POINT ( 'NONE',  ( 5.781982565355649584, -6.298551638230384775, 0.3173923869442708545 ) ) ;
#3794 = CARTESIAN_POINT ( 'NONE',  ( 5.781213164338059762, -5.854568493099260529, 2.342340950913719411 ) ) ;
#3795 = CARTESIAN_POINT ( 'NONE',  ( 0.3131398827181195443, 9.726272186705774203, -4.548249133633959218 ) ) ;
#3796 = CARTESIAN_POINT ( 'NONE',  ( 5.785401201709517771, 5.693866552332059960, -2.719421273219214452 ) ) ;
#3797 = ORIENTED_EDGE ( 'NONE', *, *, #1934, .F. ) ;
#3798 = ORIENTED_EDGE ( 'NONE', *, *, #149, .T. ) ;
#3799 = CARTESIAN_POINT ( 'NONE',  ( 0.3150652326283284177, 9.875188790194885158, 4.220063570223041793 ) ) ;
#3800 = ORIENTED_EDGE ( 'NONE', *, *, #2304, .T. ) ;
#3801 = B_SPLINE_CURVE_WITH_KNOTS ( 'NONE', 3,
 ( #3202, #1264, #596, #938, #184, #2153 ),
 .UNSPECIFIED., .F., .F.,
 ( 4, 2, 4 ),
 ( 0.000000000000000000, 0.001669706568511621862, 0.003339413137023243723 ),
 .UNSPECIFIED. ) ;
#3802 = CARTESIAN_POINT ( 'NONE',  ( 7.148871875792690567, 6.468179606601633935, 4.128427668216773760 ) ) ;
#3803 = CARTESIAN_POINT ( 'NONE',  ( 7.148871875792691455, 0.000000000000000000, 0.000000000000000000 ) ) ;
#3804 = CARTESIAN_POINT ( 'NONE',  ( 0.4810029444423258860, -3.458051635725121198, -10.37115695281032224 ) ) ;
#3805 = DIRECTION ( 'NONE',  ( 0.7071067818211346223, 8.659560554583481976E-17, 0.7071067805519603011 ) ) ;
#3806 = CARTESIAN_POINT ( 'NONE',  ( 2.636624412714236865, 12.86061556398349914, -2.277149844236485254 ) ) ;
#3807 = CARTESIAN_POINT ( 'NONE',  ( 0.3131398827181195443, -0.4799510588009680001, -10.72644339064184926 ) ) ;
#3808 = VERTEX_POINT ( 'NONE', #4947 ) ;
#3809 = CARTESIAN_POINT ( 'NONE',  ( 13.56835537283902227, 0.01023101694859111267, -0.0005295461330399617392 ) ) ;
#3810 = EDGE_CURVE ( 'NONE', #4739, #912, #3904, .T. ) ;
#3811 = CARTESIAN_POINT ( 'NONE',  ( 5.810243213707161125, -5.688888023102138369, -2.786771388515028480 ) ) ;
#3812 = CARTESIAN_POINT ( 'NONE',  ( 0.3020602839598329759, -10.15260973597728977, 3.518071585415872171 ) ) ;
#3813 = CARTESIAN_POINT ( 'NONE',  ( 2.112679944503185858, 12.53671570355078124, -1.537412228780410839 ) ) ;
#3814 = CARTESIAN_POINT ( 'NONE',  ( 2.666330941622472306, 2.704053251623942167, 13.04885528449523413 ) ) ;
#3815 = CARTESIAN_POINT ( 'NONE',  ( 0.4959482244580810106, -7.155500697201162552, 8.248930841978879158 ) ) ;
#3816 = CARTESIAN_POINT ( 'NONE',  ( 5.780266697385835428, 5.933278141903462810, 2.132389535263245151 ) ) ;
#3817 = LINE ( 'NONE', #4510, #5022 ) ;
#3818 = EDGE_CURVE ( 'NONE', #3280, #635, #4839, .T. ) ;
#3819 = CARTESIAN_POINT ( 'NONE',  ( 2.636624412714626775, 12.75308701346301810, -2.817732372801230234 ) ) ;
#3820 = ORIENTED_EDGE ( 'NONE', *, *, #571, .T. ) ;
#3821 = VERTEX_POINT ( 'NONE', #2287 ) ;
#3822 = CARTESIAN_POINT ( 'NONE',  ( 0.3149798893762176255, 9.859374574731171847, 4.256852554769730901 ) ) ;
#3823 = VERTEX_POINT ( 'NONE', #1467 ) ;
#3824 = B_SPLINE_CURVE_WITH_KNOTS ( 'NONE', 3,
 ( #4768, #1523, #4304, #1182, #2398, #824 ),
 .UNSPECIFIED., .F., .F.,
 ( 4, 2, 4 ),
 ( 4.470280076681872512E-19, 0.001669706568512060963, 0.003339413137024121493 ),
 .UNSPECIFIED. ) ;
#3825 = FILL_AREA_STYLE_COLOUR ( '', #1083 ) ;
#3826 = CARTESIAN_POINT ( 'NONE',  ( 5.875108777300211749, 4.835477949075701609, 4.192096204273943805 ) ) ;
#3827 = CARTESIAN_POINT ( 'NONE',  ( 0.3990563068656156620, 8.150888834892226598, -7.120745987388199083 ) ) ;
#3828 = ADVANCED_FACE ( 'NONE', ( #1445 ), #4865, .T. ) ;
#3829 = CARTESIAN_POINT ( 'NONE',  ( 5.819745664830161758, -6.006384197307447437, 2.042870513552932810 ) ) ;
#3830 = LINE ( 'NONE', #4250, #5028 ) ;
#3831 =( BOUNDED_SURFACE ( )  B_SPLINE_SURFACE ( 3, 1, ( 
 ( #1667, #2441 ),
 ( #576, #3696 ),
 ( #4507, #4452 ),
 ( #483, #1271 ) ),
 .UNSPECIFIED., .F., .F., .F. ) 
 B_SPLINE_SURFACE_WITH_KNOTS ( ( 4, 4 ),
 ( 2, 2 ),
 ( 0.000000000000000000, 1.000000000000000000 ),
 ( 0.000000000000000000, 1.000000000000000000 ),
 .UNSPECIFIED. ) 
 GEOMETRIC_REPRESENTATION_ITEM ( )  RATIONAL_B_SPLINE_SURFACE ( (
 ( 1.000000000000000000, 1.000000000000000000),
 ( 0.7963945362475481904, 0.9530866181159202144),
 ( 0.7963945362475481904, 0.9530866181159202144),
 ( 1.000000000000000000, 1.000000000000000000) ) ) 
 REPRESENTATION_ITEM ( '' )  SURFACE ( )  );
#3832 = LINE ( 'NONE', #2973, #3525 ) ;
#3833 = DIRECTION ( 'NONE',  ( -1.000000000000000000, -0.000000000000000000, -0.000000000000000000 ) ) ;
#3834 = ORIENTED_EDGE ( 'NONE', *, *, #2432, .T. ) ;
#3835 = CARTESIAN_POINT ( 'NONE',  ( 5.781217879015560612, 6.305329352836152701, -0.08377484633500524580 ) ) ;
#3836 = CARTESIAN_POINT ( 'NONE',  ( 5.826145232815647113, -0.4203992976481761290, -6.336769533006300748 ) ) ;
#3837 = CARTESIAN_POINT ( 'NONE',  ( 0.4959482244580775134, 0.7731718701262840776, -10.89257800167811929 ) ) ;
#3838 = LINE ( 'NONE', #1453, #2376 ) ;
#3839 = CARTESIAN_POINT ( 'NONE',  ( 6.772577236260943323, 7.035608125480300679, 1.940230431068080019 ) ) ;
#3840 = CARTESIAN_POINT ( 'NONE',  ( 7.024951713254538710, -4.884600053424145827, -2.446422764143068918 ) ) ;
#3841 = PRODUCT_DEFINITION_CONTEXT ( 'detailed design', #4309, 'design' ) ;
#3842 = CARTESIAN_POINT ( 'NONE',  ( 2.337031956193305060, 12.38234450689763477, 3.107055871497067745 ) ) ;
#3843 = CARTESIAN_POINT ( 'NONE',  ( 5.810243213707160237, 5.993196244982095244, -2.052106352110795395 ) ) ;
#3844 = CARTESIAN_POINT ( 'NONE',  ( 13.56791779411215160, -0.005775675112175764417, 0.008046445850491978219 ) ) ;
#3845 = VERTEX_POINT ( 'NONE', #4615 ) ;
#3846 = ORIENTED_EDGE ( 'NONE', *, *, #4131, .F. ) ;
#3847 = CARTESIAN_POINT ( 'NONE',  ( 0.4810029444423258860, -4.888303648767668541, 9.778727171396683460 ) ) ;
#3848 = ORIENTED_EDGE ( 'NONE', *, *, #310, .T. ) ;
#3849 = CARTESIAN_POINT ( 'NONE',  ( 6.794699092203796198, 1.991918553190522134, 7.055716492241161930 ) ) ;
#3850 = CARTESIAN_POINT ( 'NONE',  ( 5.780266697385830987, -4.665604089507236374, -4.240638291491389822 ) ) ;
#3851 = VECTOR ( 'NONE', #1503, 1000.000000000000227 ) ;
#3852 = CARTESIAN_POINT ( 'NONE',  ( 6.233220831025895414, 7.185263450611075520, -5.022517401286402894 ) ) ;
#3853 = CARTESIAN_POINT ( 'NONE',  ( 7.148871875792690567, -7.555699621490346907, -1.338904651110632171 ) ) ;
#3854 = CARTESIAN_POINT ( 'NONE',  ( 6.350699776881512548, 0.5444859242007785705, -6.853860369904275274 ) ) ;
#3855 = AXIS2_PLACEMENT_3D ( 'NONE', #4363, #70, #2825 ) ;
#3856 = CARTESIAN_POINT ( 'NONE',  ( 1.274928338747479240, -1.014688849143491556, 11.65693411454976491 ) ) ;
#3857 = EDGE_CURVE ( 'NONE', #4575, #2093, #2746, .T. ) ;
#3858 = CARTESIAN_POINT ( 'NONE',  ( 0.3143374579902195598, -0.3201272465617951979, -10.73389850068519991 ) ) ;
#3859 = AXIS2_PLACEMENT_3D ( 'NONE', #2360, #2680, #4240 ) ;
#3860 = CARTESIAN_POINT ( 'NONE',  ( 0.4959482244580775134, -9.767549806965057257, -4.882726802909776787 ) ) ;
#3861 = AXIS2_PLACEMENT_3D ( 'NONE', #435, #4336, #2401 ) ;
#3862 = CARTESIAN_POINT ( 'NONE',  ( 5.780373642321761984, -5.927710934927411301, -2.148066458206025153 ) ) ;
#3863 = EDGE_CURVE ( 'NONE', #3961, #2749, #422, .T. ) ;
#3864 = DIRECTION ( 'NONE',  ( -1.000000000000000000, -0.000000000000000000, -0.000000000000000000 ) ) ;
#3865 = CARTESIAN_POINT ( 'NONE',  ( 5.888395157494900722, -4.846565907042580612, 4.199588886833011792 ) ) ;
#3866 = CARTESIAN_POINT ( 'NONE',  ( 5.888395157494902499, -6.396597398412633417, 0.4574818382619723622 ) ) ;
#3867 = CARTESIAN_POINT ( 'NONE',  ( 0.3138252630704951307, -3.736936351378616905, -10.06694492624003878 ) ) ;
#3868 = EDGE_CURVE ( 'NONE', #2449, #912, #430, .T. ) ;
#3869 = CARTESIAN_POINT ( 'NONE',  ( 0.3131398827181169353, -9.726272186705676503, -4.548249133634168828 ) ) ;
#3870 = EDGE_CURVE ( 'NONE', #2609, #2964, #4763, .T. ) ;
#3871 = CARTESIAN_POINT ( 'NONE',  ( 5.780373642321761984, -6.298520252597382019, 0.2838821314355446379 ) ) ;
#3872 = CARTESIAN_POINT ( 'NONE',  ( 7.148871875792690567, -4.395937880801997544, 6.289434997126936544 ) ) ;
#3873 = ORIENTED_EDGE ( 'NONE', *, *, #1664, .F. ) ;
#3874 = LINE ( 'NONE', #3465, #851 ) ;
#3875 = ORIENTED_EDGE ( 'NONE', *, *, #1894, .F. ) ;
#3876 = EDGE_CURVE ( 'NONE', #1931, #3162, #4219, .T. ) ;
#3877 = ADVANCED_FACE ( 'NONE', ( #373 ), #1977, .T. ) ;
#3878 = B_SPLINE_CURVE_WITH_KNOTS ( 'NONE', 3,
 ( #3926, #3900, #316, #1533, #1167, #1871, #3872 ),
 .UNSPECIFIED., .F., .F.,
 ( 4, 3, 4 ),
 ( 9.096966653664782989E-18, 0.002265310746493353223, 0.007027290684749719005 ),
 .UNSPECIFIED. ) ;
#3879 = CARTESIAN_POINT ( 'NONE',  ( 0.3151928479966151775, -0.03992064208715655899, 10.73922861027048725 ) ) ;
#3880 = CARTESIAN_POINT ( 'NONE',  ( 6.937403657009209468, 5.046082048811745047, -1.827796645335755699 ) ) ;
#3881 = CARTESIAN_POINT ( 'NONE',  ( 0.3072101391086899946, -9.730627748280525680, 4.550283443190362043 ) ) ;
#3882 = CARTESIAN_POINT ( 'NONE',  ( 2.112679944503184526, -7.777682075338797851, -9.951911300238457159 ) ) ;
#3883 = CARTESIAN_POINT ( 'NONE',  ( 5.864710941409938094, -6.373362350405888499, -0.4503673637387943240 ) ) ;
#3884 = B_SPLINE_CURVE_WITH_KNOTS ( 'NONE', 3,
 ( #3531, #1586, #1162, #411, #2646, #1484 ),
 .UNSPECIFIED., .F., .F.,
 ( 4, 2, 4 ),
 ( 3.144186300207962859E-18, 0.0002092284541179440915, 0.0004184569082358850388 ),
 .UNSPECIFIED. ) ;
#3885 = DIRECTION ( 'NONE',  ( -1.000000000000000000, -0.000000000000000000, -0.000000000000000000 ) ) ;
#3886 = CARTESIAN_POINT ( 'NONE',  ( 1.348381451710669143, 0.9353982284061886920, 11.77241721213009384 ) ) ;
#3887 = ORIENTED_EDGE ( 'NONE', *, *, #1753, .F. ) ;
#3888 = EDGE_CURVE ( 'NONE', #568, #1931, #5072, .T. ) ;
#3889 = CARTESIAN_POINT ( 'NONE',  ( 0.3072101391086899946, -7.248609728848633971, 7.927663766067542639 ) ) ;
#3890 = CARTESIAN_POINT ( 'NONE',  ( 5.803399891413405065, -0.3849443101690953051, -6.316221305864799795 ) ) ;
#3891 = B_SPLINE_CURVE_WITH_KNOTS ( 'NONE', 3,
 ( #3267, #2506, #1028, #3346, #2967, #4122, #2188 ),
 .UNSPECIFIED., .F., .F.,
 ( 4, 3, 4 ),
 ( 1.071285238312584486E-15, 0.002265310746493230058, 0.007027290684748697253 ),
 .UNSPECIFIED. ) ;
#3892 = DIRECTION ( 'NONE',  ( -0.7672866406251407367, -0.6397292168534399748, 0.04491926337631161475 ) ) ;
#3893 = CARTESIAN_POINT ( 'NONE',  ( 7.148871875792690567, -4.395937880801997544, 6.289434997126936544 ) ) ;
#3894 = PRODUCT_DEFINITION_SHAPE ( 'NONE', 'NONE',  #2103 ) ;
#3895 = CARTESIAN_POINT ( 'NONE',  ( 5.803399891413406841, -6.316221305864796243, 0.3849443101691195634 ) ) ;
#3896 = CARTESIAN_POINT ( 'NONE',  ( 0.3150212513444533569, -4.257369381255288410, -9.859439196026043462 ) ) ;
#3897 = EDGE_CURVE ( 'NONE', #482, #4727, #3787, .T. ) ;
#3898 = CARTESIAN_POINT ( 'NONE',  ( 3.835489892373991516, 6.663270132177987470, 9.531096018943838288 ) ) ;
#3899 = CARTESIAN_POINT ( 'NONE',  ( 6.971778540990892559, -6.022885961142058875, -4.468171065712835066 ) ) ;
#3900 = CARTESIAN_POINT ( 'NONE',  ( 3.121479018041803943, -7.151859792209057431, 10.22965481802126675 ) ) ;
#3901 = ORIENTED_EDGE ( 'NONE', *, *, #4754, .T. ) ;
#3902 = EDGE_LOOP ( 'NONE', ( #302, #3557, #3920, #1674 ) ) ;
#3903 = CARTESIAN_POINT ( 'NONE',  ( 5.861834570473160255, -6.057513942876979307, -2.022962091129713702 ) ) ;
#3904 = B_SPLINE_CURVE_WITH_KNOTS ( 'NONE', 3,
 ( #696, #4642, #718, #3852, #1424, #5025, #4969 ),
 .UNSPECIFIED., .F., .F.,
 ( 4, 3, 4 ),
 ( 0.000000000000000000, 0.001426018004565433785, 0.007027290684763023466 ),
 .UNSPECIFIED. ) ;
#3905 = CARTESIAN_POINT ( 'NONE',  ( 0.3138252630704952417, -0.3999740284676835400, 10.73070800174696693 ) ) ;
#3906 = CARTESIAN_POINT ( 'NONE',  ( 5.780777222299025908, -2.609975585326920200, 5.739883330583579024 ) ) ;
#3907 = VERTEX_POINT ( 'NONE', #2007 ) ;
#3908 = CARTESIAN_POINT ( 'NONE',  ( 5.864710941408964651, -2.022894990490414990, -6.060567157397779958 ) ) ;
#3909 = CARTESIAN_POINT ( 'NONE',  ( 13.56759717490972861, 0.009495272909580559223, 0.001059421992558296898 ) ) ;
#3910 = LINE ( 'NONE', #2032, #3044 ) ;
#3911 = CARTESIAN_POINT ( 'NONE',  ( 5.780373642321761984, 2.148066458205963425, 5.927710934927434394 ) ) ;
#3912 = DIRECTION ( 'NONE',  ( -0.7767995536391634204, 0.5705808733051045412, -0.2664956293907665419 ) ) ;
#3913 =( BOUNDED_SURFACE ( )  B_SPLINE_SURFACE ( 3, 1, ( 
 ( #443, #494 ),
 ( #2379, #4002 ),
 ( #2829, #1713 ),
 ( #834, #888 ) ),
 .UNSPECIFIED., .F., .F., .F. ) 
 B_SPLINE_SURFACE_WITH_KNOTS ( ( 4, 4 ),
 ( 2, 2 ),
 ( 0.000000000000000000, 1.000000000000000000 ),
 ( 0.000000000000000000, 1.000000000000000000 ),
 .UNSPECIFIED. ) 
 GEOMETRIC_REPRESENTATION_ITEM ( )  RATIONAL_B_SPLINE_SURFACE ( (
 ( 1.000000000000000000, 1.000000000000000000),
 ( 0.9544777771602501737, 0.9992633679055394902),
 ( 0.9544777771602501737, 0.9992633679055394902),
 ( 1.000000000000000000, 1.000000000000000000) ) ) 
 REPRESENTATION_ITEM ( '' )  SURFACE ( )  );
#3914 = CARTESIAN_POINT ( 'NONE',  ( 5.110416117198767871, 5.790848467523354692, -8.283763480797656342 ) ) ;
#3915 = VERTEX_POINT ( 'NONE', #4351 ) ;
#3916 = CARTESIAN_POINT ( 'NONE',  ( 7.148871875792691455, 0.000000000000000000, 0.000000000000000000 ) ) ;
#3917 = CARTESIAN_POINT ( 'NONE',  ( 5.807337495895636081, -0.3926780737154508816, -6.319694879437750323 ) ) ;
#3918 = EDGE_CURVE ( 'NONE', #1392, #4526, #2625, .T. ) ;
#3919 = CARTESIAN_POINT ( 'NONE',  ( 13.56676982392279740, -0.005006749878309200118, -0.007878100502534924124 ) ) ;
#3920 = ORIENTED_EDGE ( 'NONE', *, *, #4813, .F. ) ;
#3921 = CARTESIAN_POINT ( 'NONE',  ( 0.3723593555270008348, 10.79639511769826754, 0.7538367224996284088 ) ) ;
#3922 = CARTESIAN_POINT ( 'NONE',  ( 5.841349233018981124, -4.183012850270005245, -4.798646713499634231 ) ) ;
#3923 = CARTESIAN_POINT ( 'NONE',  ( 5.837519771179530359, 6.029530447451699970, 2.029935405692195882 ) ) ;
#3924 = CARTESIAN_POINT ( 'NONE',  ( 5.781213164338058874, -2.342340950913698094, -5.854568493099270299 ) ) ;
#3925 = CARTESIAN_POINT ( 'NONE',  ( 0.8889325092154621855, 0.8457229338764594706, -11.28140125788758574 ) ) ;
#3926 = CARTESIAN_POINT ( 'NONE',  ( 2.636624412714327015, -7.483640378888496869, 10.70401657216359048 ) ) ;
#3927 = ORIENTED_EDGE ( 'NONE', *, *, #4516, .F. ) ;
#3928 = ORIENTED_EDGE ( 'NONE', *, *, #725, .T. ) ;
#3929 = CARTESIAN_POINT ( 'NONE',  ( 0.3151923201557843557, -10.73922532019064136, 0.08030771489309251887 ) ) ;
#3930 = EDGE_CURVE ( 'NONE', #4751, #4896, #3588, .T. ) ;
#3931 = CARTESIAN_POINT ( 'NONE',  ( 0.3131398827181169353, -0.4799510588011186574, 10.72644339064184393 ) ) ;
#3932 = CARTESIAN_POINT ( 'NONE',  ( 5.875108777300283691, -4.835477949075748683, -4.192096204273997984 ) ) ;
#3933 = ORIENTED_EDGE ( 'NONE', *, *, #1308, .F. ) ;
#3934 = CARTESIAN_POINT ( 'NONE',  ( 5.786827336177282177, -2.097880528972109637, -5.952500764268487288 ) ) ;
#3935 = LINE ( 'NONE', #1570, #4611 ) ;
#3936 = CARTESIAN_POINT ( 'NONE',  ( 0.4959482244580827315, 10.35930993710113235, 3.454091471063624130 ) ) ;
#3937 = ADVANCED_FACE ( 'NONE', ( #1368 ), #3831, .F. ) ;
#3938 = CARTESIAN_POINT ( 'NONE',  ( 13.56676982392279740, 0.005362415580934060122, -0.007640452277800434400 ) ) ;
#3939 = EDGE_CURVE ( 'NONE', #4472, #3266, #866, .T. ) ;
#3940 = AXIS2_PLACEMENT_3D ( 'NONE', #1675, #1326, #2090 ) ;
#3941 = CARTESIAN_POINT ( 'NONE',  ( 2.636624412714237309, 12.75308701346249585, 2.817732372801759588 ) ) ;
#3942 = CARTESIAN_POINT ( 'NONE',  ( 13.57223985685982726, 0.01385793941728842224, -0.003724383110570883993 ) ) ;
#3943 = ORIENTED_EDGE ( 'NONE', *, *, #2647, .F. ) ;
#3944 = CARTESIAN_POINT ( 'NONE',  ( 5.781295420454918066, 5.827360209684726122, 2.409781604133176991 ) ) ;
#3945 = CARTESIAN_POINT ( 'NONE',  ( 5.781982565355651360, -0.3173923869442462631, -6.298551638230384775 ) ) ;
#3946 = EDGE_CURVE ( 'NONE', #3135, #4921, #1766, .T. ) ;
#3947 =( BOUNDED_SURFACE ( )  B_SPLINE_SURFACE ( 3, 1, ( 
 ( #1646, #3167 ),
 ( #4354, #89 ),
 ( #3938, #3519 ),
 ( #849, #62 ) ),
 .UNSPECIFIED., .F., .F., .F. ) 
 B_SPLINE_SURFACE_WITH_KNOTS ( ( 4, 4 ),
 ( 2, 2 ),
 ( 0.000000000000000000, 1.000000000000000000 ),
 ( 0.000000000000000000, 1.000000000000000000 ),
 .UNSPECIFIED. ) 
 GEOMETRIC_REPRESENTATION_ITEM ( )  RATIONAL_B_SPLINE_SURFACE ( (
 ( 1.000000000000000000, 1.000000000000000000),
 ( 0.9544777771602501737, 0.9992633679055394902),
 ( 0.9544777771602501737, 0.9992633679055394902),
 ( 1.000000000000000000, 1.000000000000000000) ) ) 
 REPRESENTATION_ITEM ( '' )  SURFACE ( )  );
#3948 = FACE_OUTER_BOUND ( 'NONE', #440, .T. ) ;
#3949 = CIRCLE ( 'NONE', #1735, 13.06066017082141251 ) ;
#3950 = CIRCLE ( 'NONE', #3614, 7.673412698073462934 ) ;
#3951 = VERTEX_POINT ( 'NONE', #4088 ) ;
#3952 = CARTESIAN_POINT ( 'NONE',  ( 1.274928338748395840, 8.960190526267670208, -7.525203794219483378 ) ) ;
#3953 = CARTESIAN_POINT ( 'NONE',  ( 5.810243213707707355, -4.189395967118617392, -4.751684242659455215 ) ) ;
#3954 = CARTESIAN_POINT ( 'NONE',  ( 0.3146794788796307141, -7.761338527595087911, -7.421699892253155184 ) ) ;
#3955 = AXIS2_PLACEMENT_3D ( 'NONE', #3114, #1599, #1622 ) ;
#3956 = B_SPLINE_CURVE_WITH_KNOTS ( 'NONE', 3,
 ( #3225, #4780, #2850, #1262, #126, #1685, #3251, #2876, #936, #4129, #2514, #620, #3275, #961, #1014, #1035 ),
 .UNSPECIFIED., .F., .F.,
 ( 4, 3, 3, 3, 3, 4 ),
 ( 8.673617379884034509E-19, 0.0001201367182547252710, 0.0002402733039868085662, 0.0003604098457935265903, 0.0004641886131672991970, 0.0005680047735601315238 ),
 .UNSPECIFIED. ) ;
#3957 = CARTESIAN_POINT ( 'NONE',  ( 6.772577236260941547, 5.757560304961015341, 4.484949849853872905 ) ) ;
#3958 = FACE_OUTER_BOUND ( 'NONE', #1535, .T. ) ;
#3959 = CARTESIAN_POINT ( 'NONE',  ( 5.781256649740091902, 2.453467971396428027, 5.808922163571698327 ) ) ;
#3960 = ORIENTED_EDGE ( 'NONE', *, *, #2654, .F. ) ;
#3961 = VERTEX_POINT ( 'NONE', #897 ) ;
#3962 = CARTESIAN_POINT ( 'NONE',  ( 5.780266697385838093, -5.933278141903189251, -2.132389535264019642 ) ) ;
#3963 = B_SPLINE_CURVE_WITH_KNOTS ( 'NONE', 3,
 ( #3046, #768, #665, #1147, #4616, #2659 ),
 .UNSPECIFIED., .F., .F.,
 ( 4, 2, 4 ),
 ( 2.491306920542243817E-18, 0.001669706568511675421, 0.003339413137023348674 ),
 .UNSPECIFIED. ) ;
#3964 = ORIENTED_EDGE ( 'NONE', *, *, #2104, .T. ) ;
#3965 = CARTESIAN_POINT ( 'NONE',  ( 0.4460866974656260697, -10.31020888659349133, -3.443717086027065832 ) ) ;
#3966 = CARTESIAN_POINT ( 'NONE',  ( 13.57223985685982726, -0.01243257948845825391, -0.007165506382015784763 ) ) ;
#3967 = LINE ( 'NONE', #3141, #3291 ) ;
#3968 = CARTESIAN_POINT ( 'NONE',  ( 13.57223985685982726, -0.007165506382015741395, 0.01243257948845827819 ) ) ;
#3969 = CARTESIAN_POINT ( 'NONE',  ( 3.835489892373518561, -11.35550761926023178, 2.508666355982418938 ) ) ;
#3970 = CARTESIAN_POINT ( 'NONE',  ( 0.3143374579902226684, 9.794321735328802347, -4.403444131798307737 ) ) ;
#3971 = ORIENTED_EDGE ( 'NONE', *, *, #2270, .F. ) ;
#3972 = CARTESIAN_POINT ( 'NONE',  ( 5.781213164338064203, 5.796090252633641526, 2.483519912149526832 ) ) ;
#3973 = CARTESIAN_POINT ( 'NONE',  ( 5.781280995375705167, 4.433192021009887185, 4.484618263300434116 ) ) ;
#3974 =( BOUNDED_SURFACE ( )  B_SPLINE_SURFACE ( 3, 1, ( 
 ( #1007, #958 ),
 ( #2974, #616 ),
 ( #1739, #587 ),
 ( #4099, #3734 ) ),
 .UNSPECIFIED., .F., .F., .F. ) 
 B_SPLINE_SURFACE_WITH_KNOTS ( ( 4, 4 ),
 ( 2, 2 ),
 ( 0.000000000000000000, 1.000000000000000000 ),
 ( 0.000000000000000000, 1.000000000000000000 ),
 .UNSPECIFIED. ) 
 GEOMETRIC_REPRESENTATION_ITEM ( )  RATIONAL_B_SPLINE_SURFACE ( (
 ( 1.000000000000000000, 1.000000000000000000),
 ( 0.9928172745385618336, 0.8240640142147777070),
 ( 0.9928172745385618336, 0.8240640142147777070),
 ( 1.000000000000000000, 1.000000000000000000) ) ) 
 REPRESENTATION_ITEM ( '' )  SURFACE ( )  );
#3975 = CARTESIAN_POINT ( 'NONE',  ( 2.636624412714236865, 0.000000000000000000, 0.000000000000000000 ) ) ;
#3976 = VERTEX_POINT ( 'NONE', #138 ) ;
#3977 = EDGE_CURVE ( 'NONE', #1783, #3030, #2687, .T. ) ;
#3978 = CARTESIAN_POINT ( 'NONE',  ( 2.666330941622472306, -13.09036669967634481, 2.495361274709896549 ) ) ;
#3979 = CARTESIAN_POINT ( 'NONE',  ( 5.781213164338058874, 0.07640550324355455114, -6.305291077324826077 ) ) ;
#3980 = CARTESIAN_POINT ( 'NONE',  ( 0.3146807352246293599, -7.421913260615960795, -7.761136229029833800 ) ) ;
#3981 = CARTESIAN_POINT ( 'NONE',  ( 0.3131398827181195443, 7.245364211220550743, 7.924117507852391995 ) ) ;
#3982 = CARTESIAN_POINT ( 'NONE',  ( 5.819745664830159981, 2.042870513552955458, 6.006384197307435002 ) ) ;
#3983 = VERTEX_POINT ( 'NONE', #3618 ) ;
#3984 = VERTEX_POINT ( 'NONE', #4423 ) ;
#3985 = CARTESIAN_POINT ( 'NONE',  ( 5.829707808121508350, 4.183073039357616985, 4.783150890690570201 ) ) ;
#3986 = EDGE_CURVE ( 'NONE', #1168, #3241, #4165, .T. ) ;
#3987 = CARTESIAN_POINT ( 'NONE',  ( 5.807337495895638746, -2.781229763134987820, -5.688365357764976871 ) ) ;
#3988 = B_SPLINE_CURVE_WITH_KNOTS ( 'NONE', 3,
 ( #4760, #3567, #3903, #1536, #4267, #1616, #4348, #737, #2334, #4322, #3510, #815, #2388, #3110, #3962, #1512 ),
 .UNSPECIFIED., .F., .F.,
 ( 4, 3, 3, 3, 3, 4 ),
 ( 1.939479807224432123E-18, 5.657295310011043783E-05, 0.0001131630509250496595, 0.0001409051504093672869, 0.0001974894552779711586, 0.0002472425787894661723 ),
 .UNSPECIFIED. ) ;
#3989 = ORIENTED_EDGE ( 'NONE', *, *, #1960, .F. ) ;
#3990 = CARTESIAN_POINT ( 'NONE',  ( 0.3125344821672558782, -10.11716500635192872, -3.594706843112101424 ) ) ;
#3991 = CARTESIAN_POINT ( 'NONE',  ( 0.3178557125107202008, 9.985509058942911409, 3.962763750037803234 ) ) ;
#3992 = CARTESIAN_POINT ( 'NONE',  ( 0.4959482244580810106, -10.89257800167813350, 0.7731718701260928972 ) ) ;
#3993 = ADVANCED_FACE ( 'NONE', ( #2466 ), #1197, .F. ) ;
#3994 = CARTESIAN_POINT ( 'NONE',  ( 0.3146794788796294928, 4.330380221785394390, 9.826892294381385895 ) ) ;
#3995 = CARTESIAN_POINT ( 'NONE',  ( 6.843654862292567032, -4.324378880008276305, 6.775414338570594275 ) ) ;
#3996 = CARTESIAN_POINT ( 'NONE',  ( 5.781280995375709608, 5.811924481750359028, 2.446737885655984712 ) ) ;
#3997 = CARTESIAN_POINT ( 'NONE',  ( 5.780373642321761984, 0.2838821314356544390, -6.298520252597378466 ) ) ;
#3998 = CARTESIAN_POINT ( 'NONE',  ( 13.56676982392279740, -0.002030351497555104440, -0.009110965078868578718 ) ) ;
#3999 = ORIENTED_EDGE ( 'NONE', *, *, #4486, .T. ) ;
#4000 = CARTESIAN_POINT ( 'NONE',  ( 1.348381451710669143, -11.77241721213009740, 0.9353982284061473917 ) ) ;
#4001 = CARTESIAN_POINT ( 'NONE',  ( 7.148871875792691455, 7.555699621490356677, 1.338904651110579547 ) ) ;
#4002 = CARTESIAN_POINT ( 'NONE',  ( 0.3178557125107202008, -7.708923407746914869, -7.482405201426629127 ) ) ;
#4003 = CARTESIAN_POINT ( 'NONE',  ( 5.888395157494903387, -2.025213741016259394, 6.084756134219165169 ) ) ;
#4004 = CARTESIAN_POINT ( 'NONE',  ( 35.00005079999999680, 0.000000000000000000, 0.000000000000000000 ) ) ;
#4005 = ORIENTED_EDGE ( 'NONE', *, *, #2665, .F. ) ;
#4006 = DIRECTION ( 'NONE',  ( 0.7767995536391634204, -0.02785801045958971947, 0.6291314526545543906 ) ) ;
#4007 = CARTESIAN_POINT ( 'NONE',  ( 5.782469467446511580, 4.226403703658895950, 4.681474696541021885 ) ) ;
#4008 = CARTESIAN_POINT ( 'NONE',  ( 0.3072101391086903277, -3.663056587010352860, 10.09812914501192971 ) ) ;
#4009 = ORIENTED_EDGE ( 'NONE', *, *, #478, .F. ) ;
#4010 = CARTESIAN_POINT ( 'NONE',  ( 5.781256305143844365, -0.05093885144995512204, 6.305642818049668641 ) ) ;
#4011 = CARTESIAN_POINT ( 'NONE',  ( 7.024951713254540486, 4.884600053424199118, -2.446422764142964557 ) ) ;
#4012 = DIRECTION ( 'NONE',  ( 0.000000000000000000, 0.000000000000000000, 1.000000000000000000 ) ) ;
#4013 = FACE_OUTER_BOUND ( 'NONE', #3138, .T. ) ;
#4014 = VERTEX_POINT ( 'NONE', #1491 ) ;
#4015 = CARTESIAN_POINT ( 'NONE',  ( 0.3072101391086903277, 4.550283443190524579, -9.730627748280449296 ) ) ;
#4016 = VERTEX_POINT ( 'NONE', #4534 ) ;
#4017 = CARTESIAN_POINT ( 'NONE',  ( 0.4460866974656285122, -3.443717086027030305, 10.31020888659350376 ) ) ;
#4018 = CARTESIAN_POINT ( 'NONE',  ( 5.780832915889893897, 4.600491584631474673, 4.312171007009033552 ) ) ;
#4019 = CARTESIAN_POINT ( 'NONE',  ( 5.888395157494902499, 2.870529954748050283, 5.734614693997580837 ) ) ;
#4020 = ORIENTED_EDGE ( 'NONE', *, *, #5048, .T. ) ;
#4021 = VECTOR ( 'NONE', #4568, 1000.000000000000000 ) ;
#4022 = CARTESIAN_POINT ( 'NONE',  ( 0.3723593555270010569, 7.101161141706949564, -8.167247258480623273 ) ) ;
#4023 = CARTESIAN_POINT ( 'NONE',  ( 7.148871875792690567, -6.289434997126983617, 4.395937880801929154 ) ) ;
#4024 = CARTESIAN_POINT ( 'NONE',  ( 5.780631868880690583, 4.282727103583372497, -4.627640302260398464 ) ) ;
#4025 = EDGE_CURVE ( 'NONE', #3039, #2623, #1391, .T. ) ;
#4026 = VECTOR ( 'NONE', #1200, 1000.000000000000000 ) ;
#4027 = CARTESIAN_POINT ( 'NONE',  ( 0.3138244244576137709, -3.736843945755156327, 10.06697755391189197 ) ) ;
#4028 = LINE ( 'NONE', #2802, #1005 ) ;
#4029 = ORIENTED_EDGE ( 'NONE', *, *, #4094, .F. ) ;
#4030 = ORIENTED_EDGE ( 'NONE', *, *, #509, .T. ) ;
#4031 = CARTESIAN_POINT ( 'NONE',  ( 5.780252906077913089, -4.667041023218372331, 4.239045270294002243 ) ) ;
#4032 = AXIS2_PLACEMENT_3D ( 'NONE', #1209, #2822, #2037 ) ;
#4033 = CARTESIAN_POINT ( 'NONE',  ( 13.57223985685982726, -0.003724383110570942974, 0.01385793941728941450 ) ) ;
#4034 = ORIENTED_EDGE ( 'NONE', *, *, #4243, .T. ) ;
#4035 = CARTESIAN_POINT ( 'NONE',  ( 13.56890048206675203, -0.01053996198465991310, 0.0005502997644808419906 ) ) ;
#4036 = ORIENTED_EDGE ( 'NONE', *, *, #4056, .T. ) ;
#4037 = EDGE_CURVE ( 'NONE', #3808, #1931, #2393, .T. ) ;
#4038 = CARTESIAN_POINT ( 'NONE',  ( 13.58175377392158367, -0.001633601598411492817, 0.01118491811000968221 ) ) ;
#4039 = CARTESIAN_POINT ( 'NONE',  ( 2.636624412713846066, 2.817732372804091501, 12.75308701346008178 ) ) ;
#4040 = B_SPLINE_CURVE_WITH_KNOTS ( 'NONE', 3,
 ( #4128, #3303, #229, #1357, #3760, #2948, #4496 ),
 .UNSPECIFIED., .F., .F.,
 ( 4, 3, 4 ),
 ( 0.000000000000000000, 0.001426018004565437472, 0.007027290684761777935 ),
 .UNSPECIFIED. ) ;
#4041 = DIRECTION ( 'NONE',  ( 0.000000000000000000, 0.000000000000000000, 1.000000000000000000 ) ) ;
#4042 = VERTEX_POINT ( 'NONE', #292 ) ;
#4043 = CARTESIAN_POINT ( 'NONE',  ( 6.119568941886139868, 0.5009879226931500673, 6.625250124664776585 ) ) ;
#4044 = ORIENTED_EDGE ( 'NONE', *, *, #1009, .T. ) ;
#4045 = CARTESIAN_POINT ( 'NONE',  ( 0.4810029444423286060, 9.778727171396770501, -4.888303648767491794 ) ) ;
#4046 = CARTESIAN_POINT ( 'NONE',  ( 5.876541064897876865, 0.4552136515290423624, -6.384875247102043794 ) ) ;
#4047 = ADVANCED_FACE ( 'NONE', ( #3748, #2652 ), #4608, .F. ) ;
#4048 = CARTESIAN_POINT ( 'NONE',  ( 0.000000000000000000, 0.000000000000000000, -10.42403576283960831 ) ) ;
#4049 = CARTESIAN_POINT ( 'NONE',  ( 13.56791779411215160, 0.001605677387582832381, -0.009773715463083774979 ) ) ;
#4050 = ORIENTED_EDGE ( 'NONE', *, *, #1478, .T. ) ;
#4051 = CARTESIAN_POINT ( 'NONE',  ( 3.121479018041769748, 2.692737463741985859, -12.18786696410178827 ) ) ;
#4052 = CARTESIAN_POINT ( 'NONE',  ( 7.148871875792691455, 0.000000000000000000, 0.000000000000000000 ) ) ;
#4053 = CARTESIAN_POINT ( 'NONE',  ( 0.3143387148471906700, -7.363792318606458664, -7.816243589310015949 ) ) ;
#4054 = LINE ( 'NONE', #2458, #16 ) ;
#4055 = CARTESIAN_POINT ( 'NONE',  ( 6.937403657009209468, 3.619715908653740932, -3.962504430367214336 ) ) ;
#4056 = EDGE_CURVE ( 'NONE', #284, #1668, #634, .T. ) ;
#4057 = ORIENTED_EDGE ( 'NONE', *, *, #1114, .T. ) ;
#4058 = CARTESIAN_POINT ( 'NONE',  ( 5.888395157494902499, 0.4574818382619946222, 6.396597398412631641 ) ) ;
#4059 = FACE_OUTER_BOUND ( 'NONE', #447, .T. ) ;
#4060 = ORIENTED_EDGE ( 'NONE', *, *, #3277, .T. ) ;
#4061 = CARTESIAN_POINT ( 'NONE',  ( 13.56676982392279740, 0.002030351497554251823, -0.009110965078868949948 ) ) ;
#4062 = ORIENTED_EDGE ( 'NONE', *, *, #1678, .F. ) ;
#4063 = CARTESIAN_POINT ( 'NONE',  ( 5.849679172800152038, -4.184950690830001818, 4.808000446208287926 ) ) ;
#4064 = ORIENTED_EDGE ( 'NONE', *, *, #413, .T. ) ;
#4065 = CARTESIAN_POINT ( 'NONE',  ( 13.56791779411215160, 0.005775675112176591013, 0.008046445850492106588 ) ) ;
#4066 = CARTESIAN_POINT ( 'NONE',  ( 5.780252906077913977, -0.3026386992118536012, 6.297554011975163846 ) ) ;
#4067 = CARTESIAN_POINT ( 'NONE',  ( 0.3151931105838674529, 4.073071666350971398, 9.936937531777532584 ) ) ;
#4068 = ORIENTED_EDGE ( 'NONE', *, *, #2857, .T. ) ;
#4069 = CARTESIAN_POINT ( 'NONE',  ( 5.888395157494902499, 0.4574818382619946222, 6.396597398412631641 ) ) ;
#4070 = ORIENTED_EDGE ( 'NONE', *, *, #3977, .T. ) ;
#4071 = CARTESIAN_POINT ( 'NONE',  ( 5.864710941409943423, 0.4503673637388167506, -6.373362350405881394 ) ) ;
#4072 = CARTESIAN_POINT ( 'NONE',  ( 0.4810029444423267186, 10.37115695281028671, 3.458051635725236217 ) ) ;
#4073 = CARTESIAN_POINT ( 'NONE',  ( 1.999780352463523592, -9.799198777964880591, 7.640343938754308617 ) ) ;
#4074 = ORIENTED_EDGE ( 'NONE', *, *, #2818, .T. ) ;
#4075 = CARTESIAN_POINT ( 'NONE',  ( 0.3072101391086903277, 10.09812914501199543, -3.663056587010172116 ) ) ;
#4076 = CARTESIAN_POINT ( 'NONE',  ( 0.3178557125107202008, -0.1601725597514171984, 10.74189147477981443 ) ) ;
#4077 = EDGE_CURVE ( 'NONE', #552, #320, #263, .T. ) ;
#4078 = CARTESIAN_POINT ( 'NONE',  ( 0.3151928467770725439, -4.109382808623514904, 9.921895184371166465 ) ) ;
#4079 = EDGE_CURVE ( 'NONE', #3689, #2020, #3486, .T. ) ;
#4080 = CARTESIAN_POINT ( 'NONE',  ( 2.337031956193153182, -3.107055871497213406, 12.38234450689743404 ) ) ;
#4081 = ORIENTED_EDGE ( 'NONE', *, *, #2152, .F. ) ;
#4082 = CARTESIAN_POINT ( 'NONE',  ( 7.024951713254540486, -2.446422764142981432, -4.884600053424191124 ) ) ;
#4083 =( BOUNDED_SURFACE ( )  B_SPLINE_SURFACE ( 3, 1, ( 
 ( #1844, #708 ),
 ( #2644, #729 ),
 ( #1937, #3501 ),
 ( #3457, #5036 ) ),
 .UNSPECIFIED., .F., .F., .F. ) 
 B_SPLINE_SURFACE_WITH_KNOTS ( ( 4, 4 ),
 ( 2, 2 ),
 ( 0.000000000000000000, 1.000000000000000000 ),
 ( 0.000000000000000000, 1.000000000000000000 ),
 .UNSPECIFIED. ) 
 GEOMETRIC_REPRESENTATION_ITEM ( )  RATIONAL_B_SPLINE_SURFACE ( (
 ( 1.000000000000000000, 1.000000000000000000),
 ( 0.9928172745385618336, 0.8240640142147777070),
 ( 0.9928172745385618336, 0.8240640142147777070),
 ( 1.000000000000000000, 1.000000000000000000) ) ) 
 REPRESENTATION_ITEM ( '' )  SURFACE ( )  );
#4084 = CARTESIAN_POINT ( 'NONE',  ( 5.810243213707156684, -4.751684242658450685, 4.189395967118919373 ) ) ;
#4085 = EDGE_CURVE ( 'NONE', #43, #3241, #1171, .T. ) ;
#4086 = CARTESIAN_POINT ( 'NONE',  ( 5.795455118505627112, -2.755657015852928104, -5.687612207488539795 ) ) ;
#4087 = ORIENTED_EDGE ( 'NONE', *, *, #2267, .T. ) ;
#4088 = CARTESIAN_POINT ( 'NONE',  ( 0.3131398827181169353, 3.661415213967322391, -10.09361082380418573 ) ) ;
#4089 = VERTEX_POINT ( 'NONE', #1803 ) ;
#4090 = ORIENTED_EDGE ( 'NONE', *, *, #1573, .F. ) ;
#4091 = CARTESIAN_POINT ( 'NONE',  ( 5.888395157494900722, 6.084756134219198920, -2.025213741016148816 ) ) ;
#4092 = EDGE_LOOP ( 'NONE', ( #425, #2001, #535, #2539 ) ) ;
#4093 = CARTESIAN_POINT ( 'NONE',  ( 3.121479018041914077, -10.22965481802084931, -7.151859792209125821 ) ) ;
#4094 = EDGE_CURVE ( 'NONE', #3022, #2495, #4281, .T. ) ;
#4095 = CARTESIAN_POINT ( 'NONE',  ( 0.3151928479966147334, 1.349221862123487262E-15, 10.73922861027048903 ) ) ;
#4096 = CARTESIAN_POINT ( 'NONE',  ( 13.56759717490972861, 0.009495272909580959944, -0.001059421992559082077 ) ) ;
#4097 = ADVANCED_FACE ( 'NONE', ( #3388 ), #4990, .T. ) ;
#4098 = CARTESIAN_POINT ( 'NONE',  ( 0.3072101391086899946, 10.09812914501194570, 3.663056587010316001 ) ) ;
#4099 = CARTESIAN_POINT ( 'NONE',  ( 13.56759717490972861, -0.007463296338657497350, 0.005965047388505162300 ) ) ;
#4100 = EDGE_LOOP ( 'NONE', ( #1061, #2467, #4451, #1849 ) ) ;
#4101 = CARTESIAN_POINT ( 'NONE',  ( 0.3143387148471943893, 7.816243589310037265, -7.363792318606428466 ) ) ;
#4102 = CARTESIAN_POINT ( 'NONE',  ( 13.56890048206675203, -0.009527064548373103889, 0.004541879518436859817 ) ) ;
#4103 = EDGE_CURVE ( 'NONE', #3984, #192, #1778, .T. ) ;
#4104 = CARTESIAN_POINT ( 'NONE',  ( 13.56676982392279740, 0.007878100502535246782, 0.005006749878308362246 ) ) ;
#4105 = CARTESIAN_POINT ( 'NONE',  ( 0.3072101391086899946, -3.663056587010205867, -10.09812914501198300 ) ) ;
#4106 = ORIENTED_EDGE ( 'NONE', *, *, #2542, .T. ) ;
#4107 = CARTESIAN_POINT ( 'NONE',  ( 2.636624412714652532, -12.75308701346299145, -2.817732372801446061 ) ) ;
#4108 = CARTESIAN_POINT ( 'NONE',  ( 13.56890048206675203, -0.004541879518436041895, 0.009527064548372665004 ) ) ;
#4109 = CIRCLE ( 'NONE', #2298, 9.500000000000000000 ) ;
#4110 = CARTESIAN_POINT ( 'NONE',  ( 13.56759717490972861, -0.009177911541206330154, -0.002654905333063978246 ) ) ;
#4111 = CIRCLE ( 'NONE', #3859, 6.124340373424995043 ) ;
#4112 = EDGE_LOOP ( 'NONE', ( #2234, #4609, #4559, #2083 ) ) ;
#4113 = CIRCLE ( 'NONE', #347, 13.06066017082141251 ) ;
#4114 = CARTESIAN_POINT ( 'NONE',  ( 5.814817957556452477, 5.689998044802127453, 2.794893627079566123 ) ) ;
#4115 = ORIENTED_EDGE ( 'NONE', *, *, #83, .T. ) ;
#4116 = ORIENTED_EDGE ( 'NONE', *, *, #5058, .T. ) ;
#4117 = B_SPLINE_CURVE_WITH_KNOTS ( 'NONE', 3,
 ( #1409, #1747, #567, #3686, #1384, #1772, #3329, #2951, #4132, #4078, #962, #157, #2126, #2878, #4027, #2981 ),
 .UNSPECIFIED., .F., .F.,
 ( 4, 3, 3, 3, 3, 4 ),
 ( 1.734723475976806902E-18, 0.0002402807489491017078, 0.0003604046903941005454, 0.0004805286307080681605, 0.0007203409650750135880, 0.0009603276570517851277 ),
 .UNSPECIFIED. ) ;
#4118 = DIRECTION ( 'NONE',  ( -0.7672866406251407367, -0.6082225876885257732, -0.2033137844408476058 ) ) ;
#4119 = CARTESIAN_POINT ( 'NONE',  ( 5.797806088100177391, 6.311236138729509726, 0.3749448775582998605 ) ) ;
#4120 = ORIENTED_EDGE ( 'NONE', *, *, #509, .F. ) ;
#4121 = CARTESIAN_POINT ( 'NONE',  ( 6.971778540990891671, 1.099349445369772305, 7.418297565503864988 ) ) ;
#4122 = CARTESIAN_POINT ( 'NONE',  ( 6.129644004587174067, -1.550825684903991419, -8.753977512189534238 ) ) ;
#4123 = CARTESIAN_POINT ( 'NONE',  ( 5.780252906077913977, 0.3026386992118976216, -6.297554011975162958 ) ) ;
#4124 = CARTESIAN_POINT ( 'NONE',  ( 5.888395157494901611, -2.870529954748091583, 5.734614693997559520 ) ) ;
#4125 = CARTESIAN_POINT ( 'NONE',  ( 13.56835537283902227, 0.006859975801159591720, -0.007608867124406957019 ) ) ;
#4126 = ORIENTED_EDGE ( 'NONE', *, *, #3353, .T. ) ;
#4127 = CARTESIAN_POINT ( 'NONE',  ( 13.56890048206675203, 0.007063757897651724155, -0.007841999287951172126 ) ) ;
#4128 = CARTESIAN_POINT ( 'NONE',  ( 7.148871875792691455, 1.338904651110659483, -7.555699621490342466 ) ) ;
#4129 = CARTESIAN_POINT ( 'NONE',  ( 5.781213164338062427, 5.854568493099277404, -2.342340950913676334 ) ) ;
#4130 = B_SPLINE_CURVE_WITH_KNOTS ( 'NONE', 3,
 ( #3931, #3905, #33, #423, #2361, #1595, #4349, #2729, #3879, #393 ),
 .UNSPECIFIED., .F., .F.,
 ( 4, 3, 3, 4 ),
 ( 2.385244779468109755E-18, 0.0002402807489491025480, 0.0003604046903941021175, 0.0004801584278175088558 ),
 .UNSPECIFIED. ) ;
#4131 = EDGE_CURVE ( 'NONE', #190, #487, #1417, .T. ) ;
#4132 = CARTESIAN_POINT ( 'NONE',  ( 0.3151931105838676195, -4.146379317411464704, 9.906572508482561545 ) ) ;
#4133 = CARTESIAN_POINT ( 'NONE',  ( 0.3148517337138163619, -7.733584433954065140, 7.450971743470414133 ) ) ;
#4134 = ORIENTED_EDGE ( 'NONE', *, *, #4962, .F. ) ;
#4135 = CARTESIAN_POINT ( 'NONE',  ( 5.599799548363812107, 0.000000000000000000, 0.000000000000000000 ) ) ;
#4136 = CARTESIAN_POINT ( 'NONE',  ( 0.4810029444423286060, -4.888303648767526433, -9.778727171396754514 ) ) ;
#4137 = B_SPLINE_CURVE_WITH_KNOTS ( 'NONE', 3,
 ( #748, #4229, #2294, #1911, #5033, #4308 ),
 .UNSPECIFIED., .F., .F.,
 ( 4, 2, 4 ),
 ( 0.000000000000000000, 0.001669706568512061180, 0.003339413137024121493 ),
 .UNSPECIFIED. ) ;
#4138 = CARTESIAN_POINT ( 'NONE',  ( 1.999780352462904753, -6.129446143038348893, 10.80874840914086121 ) ) ;
#4139 = ORIENTED_EDGE ( 'NONE', *, *, #2168, .F. ) ;
#4140 = DIRECTION ( 'NONE',  ( -1.000000000000000000, 0.000000000000000000, -0.000000000000000000 ) ) ;
#4141 = ORIENTED_EDGE ( 'NONE', *, *, #4025, .T. ) ;
#4142 = EDGE_CURVE ( 'NONE', #1067, #1465, #3988, .T. ) ;
#4143 = CARTESIAN_POINT ( 'NONE',  ( 5.829707808122724266, 6.340077742575298103, 0.4243191179186636131 ) ) ;
#4144 = CARTESIAN_POINT ( 'NONE',  ( 5.780373642321761984, 6.298520252597380242, -0.2838821314355886027 ) ) ;
#4145 = CARTESIAN_POINT ( 'NONE',  ( 5.888395157494900722, 6.396597398412628976, 0.4574818382620178259 ) ) ;
#4146 = FACE_OUTER_BOUND ( 'NONE', #2428, .T. ) ;
#4147 = DIRECTION ( 'NONE',  ( 0.000000000000000000, 0.000000000000000000, 1.000000000000000000 ) ) ;
#4148 = CARTESIAN_POINT ( 'NONE',  ( 5.785401201709518659, 2.719421273219281066, 5.693866552332032427 ) ) ;
#4150 = EDGE_CURVE ( 'NONE', #1853, #1942, #4111, .T. ) ;
#4149 = VERTEX_POINT ( 'NONE', #57 ) ;
#4151 = CARTESIAN_POINT ( 'NONE',  ( 0.3149798893762135177, 7.705838251501444525, -7.479847426224832674 ) ) ;
#4152 = CARTESIAN_POINT ( 'NONE',  ( 5.814817957556526196, 4.759612999540736133, -4.187313247315717746 ) ) ;
#4153 = LINE ( 'NONE', #2125, #602 ) ;
#4154 = CARTESIAN_POINT ( 'NONE',  ( 0.4959482244580810106, 8.248930841978904027, 7.155500697201134130 ) ) ;
#4155 = CARTESIAN_POINT ( 'NONE',  ( 13.56791779411215160, -0.002256786506168689203, -0.009644201806883381106 ) ) ;
#4156 = ORIENTED_EDGE ( 'NONE', *, *, #806, .F. ) ;
#4157 = CARTESIAN_POINT ( 'NONE',  ( 7.148871875792690567, 4.128427668216837709, -6.468179606601592191 ) ) ;
#4158 = CARTESIAN_POINT ( 'NONE',  ( 5.781125901799033961, -4.545562536835104694, -4.370457377965994539 ) ) ;
#4159 = CARTESIAN_POINT ( 'NONE',  ( 6.937403657009209468, 2.275671432591477306, 4.860566237685464586 ) ) ;
#4160 = CARTESIAN_POINT ( 'NONE',  ( 0.8889325092153671504, -5.098551464040006032, 10.09901156504366071 ) ) ;
#4161 = EDGE_LOOP ( 'NONE', ( #4068, #3111, #2048, #2256 ) ) ;
#4162 = CARTESIAN_POINT ( 'NONE',  ( 5.782469467446514244, 5.696210683342987302, 2.707743978227017845 ) ) ;
#4163 = ORIENTED_EDGE ( 'NONE', *, *, #579, .F. ) ;
#4164 = ADVANCED_FACE ( 'NONE', ( #2282 ), #3090, .F. ) ;
#4165 = B_SPLINE_CURVE_WITH_KNOTS ( 'NONE', 3,
 ( #1644, #3288, #113, #918, #4877, #4843, #970 ),
 .UNSPECIFIED., .F., .F.,
 ( 4, 3, 4 ),
 ( 0.000000000000000000, 0.001426018004565431834, 0.007027290684761817834 ),
 .UNSPECIFIED. ) ;
#4166 = CARTESIAN_POINT ( 'NONE',  ( 5.780373642321761984, 6.298520252597380242, 0.2838821314355884917 ) ) ;
#4167 = CARTESIAN_POINT ( 'NONE',  ( 5.826145232815651553, 6.336769533006298971, -0.4203992976482462951 ) ) ;
#4168 = DIRECTION ( 'NONE',  ( 0.7672866406251409588, -0.04491926337632277944, 0.6397292168534389756 ) ) ;
#4169 = CARTESIAN_POINT ( 'NONE',  ( 0.3131398827181169353, 4.548249133634066688, 9.726272186705720912 ) ) ;
#4170 = CARTESIAN_POINT ( 'NONE',  ( 5.781295420454915401, -4.456382108550776877, 4.461595330778444612 ) ) ;
#4171 = DIRECTION ( 'NONE',  ( -1.000000000000000000, -0.000000000000000000, -0.000000000000000000 ) ) ;
#4172 = ORIENTED_EDGE ( 'NONE', *, *, #3986, .T. ) ;
#4173 = CARTESIAN_POINT ( 'NONE',  ( 0.4460862896348329332, -10.31020848498289055, 3.443717001172051706 ) ) ;
#4174 = CARTESIAN_POINT ( 'NONE',  ( 0.4810029444423267186, -9.778727171396733198, 4.888303648767563736 ) ) ;
#4175 = B_SPLINE_CURVE_WITH_KNOTS ( 'NONE', 3,
 ( #810, #4416, #2024, #3608, #1558, #2383, #2355, #444, #2330, #3924, #1970, #3582, #1636, #4372, #1589, #2434 ),
 .UNSPECIFIED., .F., .F.,
 ( 4, 3, 3, 3, 3, 4 ),
 ( 8.673617379884035472E-19, 0.0001201367182547253523, 0.0002402733039868084307, 0.0003604098457935262650, 0.0004641886131672995222, 0.0005680047735601317406 ),
 .UNSPECIFIED. ) ;
#4176 = CARTESIAN_POINT ( 'NONE',  ( 2.636624412714236865, 0.000000000000000000, 0.000000000000000000 ) ) ;
#4177 = CARTESIAN_POINT ( 'NONE',  ( 13.56890048206675203, 0.003525058140137631284, -0.009948245753775548580 ) ) ;
#4178 = CARTESIAN_POINT ( 'NONE',  ( 5.780916678224961025, -5.754161552713981109, -2.578452859161056487 ) ) ;
#4179 = ORIENTED_EDGE ( 'NONE', *, *, #4692, .T. ) ;
#4180 = CARTESIAN_POINT ( 'NONE',  ( 0.3990563068656144408, 3.459501357797083454, 10.25543088178531725 ) ) ;
#4181 = CARTESIAN_POINT ( 'NONE',  ( 5.781056083966181980, -4.354666389081519817, -4.560551467042872176 ) ) ;
#4182 = CARTESIAN_POINT ( 'NONE',  ( 5.781280995375705167, 2.446737885656041556, -5.811924481750336824 ) ) ;
#4183 = VECTOR ( 'NONE', #4835, 1000.000000000000000 ) ;
#4184 = CARTESIAN_POINT ( 'NONE',  ( 7.148871875792690567, 6.468179606601633935, 4.128427668216773760 ) ) ;
#4185 = VERTEX_POINT ( 'NONE', #1594 ) ;
#4186 = CARTESIAN_POINT ( 'NONE',  ( 5.810243213706170806, 5.688888023101954516, 2.786771388513152203 ) ) ;
#4187 = B_SPLINE_CURVE_WITH_KNOTS ( 'NONE', 3,
 ( #4444, #2953, #1748, #3306, #4892, #1360, #4525, #1017, #2569, #624, #1794, #360, #2671, #2274, #1434, #5007 ),
 .UNSPECIFIED., .F., .F.,
 ( 4, 3, 3, 3, 3, 4 ),
 ( 2.453269466693398698E-18, 5.657295310010916389E-05, 0.0001131630509250457158, 0.0001409051504093661214, 0.0001974894552779748449, 0.0002472425787894672023 ),
 .UNSPECIFIED. ) ;
#4188 = ORIENTED_EDGE ( 'NONE', *, *, #1009, .F. ) ;
#4189 = VECTOR ( 'NONE', #1624, 1000.000000000000000 ) ;
#4190 = AXIS2_PLACEMENT_3D ( 'NONE', #356, #4171, #3075 ) ;
#4191 = B_SPLINE_CURVE_WITH_KNOTS ( 'NONE', 3,
 ( #4399, #481, #2029, #4477, #1722, #500, #3589, #916, #873, #2131, #2105, #2910, #895, #84, #2413, #3285 ),
 .UNSPECIFIED., .F., .F.,
 ( 4, 3, 3, 3, 3, 4 ),
 ( 1.626303258728256651E-19, 5.657295310011157624E-05, 0.0001131630509250495782, 0.0001409051504093674766, 0.0001974894552779728391, 0.0002472425787894672565 ),
 .UNSPECIFIED. ) ;
#4192 = AXIS2_PLACEMENT_3D ( 'NONE', #4204, #2246, #5056 ) ;
#4193 = DIRECTION ( 'NONE',  ( -1.000000000000000000, 0.000000000000000000, 0.000000000000000000 ) ) ;
#4194 = EDGE_CURVE ( 'NONE', #404, #4327, #3874, .T. ) ;
#4195 = CARTESIAN_POINT ( 'NONE',  ( 5.795455118505629777, 6.309212792607534759, -0.3693401540444135045 ) ) ;
#4196 = CARTESIAN_POINT ( 'NONE',  ( 13.56676982392279740, 0.007878100502534941471, -0.005006749878309172362 ) ) ;
#4197 = CARTESIAN_POINT ( 'NONE',  ( 0.3125344821672552675, 4.612074397232484912, 9.695757567516919195 ) ) ;
#4198 = PRODUCT_DEFINITION_FORMATION_WITH_SPECIFIED_SOURCE ( 'ANY', '', #2672, .NOT_KNOWN. ) ;
#4199 = CIRCLE ( 'NONE', #3439, 13.06066017082141251 ) ;
#4200 = B_SPLINE_CURVE_WITH_KNOTS ( 'NONE', 3,
 ( #1210, #489, #955, #1809 ),
 .UNSPECIFIED., .F., .F.,
 ( 4, 4 ),
 ( 0.000000000000000000, 0.001963989672852251098 ),
 .UNSPECIFIED. ) ;
#4201 = FACE_OUTER_BOUND ( 'NONE', #2199, .T. ) ;
#4202 = CARTESIAN_POINT ( 'NONE',  ( 5.888395157494902499, 2.870529954748050283, 5.734614693997580837 ) ) ;
#4203 = ORIENTED_EDGE ( 'NONE', *, *, #3699, .T. ) ;
#4204 = CARTESIAN_POINT ( 'NONE',  ( 2.636624412714236865, 0.000000000000000000, 0.000000000000000000 ) ) ;
#4205 = CARTESIAN_POINT ( 'NONE',  ( 13.56890048206675203, -0.003525058140137939632, -0.009948245753774648259 ) ) ;
#4206 = EDGE_CURVE ( 'NONE', #3210, #1392, #937, .T. ) ;
#4207 = CARTESIAN_POINT ( 'NONE',  ( 13.56890048206675203, 0.009527064548373131644, -0.004541879518436791295 ) ) ;
#4208 = CARTESIAN_POINT ( 'NONE',  ( 2.666330941622472306, 13.09036669967632882, -2.495361274709988031 ) ) ;
#4209 = CARTESIAN_POINT ( 'NONE',  ( 5.849679172800146709, -6.358976731879040223, 0.4405627070445908844 ) ) ;
#4210 = CARTESIAN_POINT ( 'NONE',  ( 5.781213164338061539, -4.404487228667933074, -4.512540927594893780 ) ) ;
#4211 = CARTESIAN_POINT ( 'NONE',  ( 5.781125901799032185, 0.1238180452571286533, 6.304578142950157726 ) ) ;
#4212 = EDGE_CURVE ( 'NONE', #3063, #3749, #2324, .T. ) ;
#4213 = CARTESIAN_POINT ( 'NONE',  ( 6.937403657009209468, -0.2423880882165928008, 5.361439418172277094 ) ) ;
#4214 = CARTESIAN_POINT ( 'NONE',  ( 13.56759717490972861, -0.002654905333064646114, -0.009177911541205634530 ) ) ;
#4215 = EDGE_LOOP ( 'NONE', ( #4429, #1725, #1731, #3542 ) ) ;
#4216 = ORIENTED_EDGE ( 'NONE', *, *, #2505, .F. ) ;
#4217 = CARTESIAN_POINT ( 'NONE',  ( 6.937403657009209468, 3.962504430367302266, -3.619715908653645009 ) ) ;
#4218 = ORIENTED_EDGE ( 'NONE', *, *, #3713, .F. ) ;
#4219 = B_SPLINE_CURVE_WITH_KNOTS ( 'NONE', 3,
 ( #1228, #3515, #2395, #793 ),
 .UNSPECIFIED., .F., .F.,
 ( 4, 4 ),
 ( 1.502314598737159039E-18, 0.001963989672852247629 ),
 .UNSPECIFIED. ) ;
#4220 = CARTESIAN_POINT ( 'NONE',  ( 6.843654862292567032, 6.775414338570607597, 4.324378880008254988 ) ) ;
#4221 = CARTESIAN_POINT ( 'NONE',  ( 2.636624412713888699, -7.025356639900958378, 11.01023197665829123 ) ) ;
#4222 = CARTESIAN_POINT ( 'NONE',  ( 0.4959482244580810106, 8.248930841978904027, 7.155500697201134130 ) ) ;
#4223 = CARTESIAN_POINT ( 'NONE',  ( 2.112679944503184526, -3.377209704817230929, -12.17075723209318738 ) ) ;
#4224 = CARTESIAN_POINT ( 'NONE',  ( 5.888395157494899834, 0.4574818382620848833, -6.396597398412624536 ) ) ;
#4225 = B_SPLINE_CURVE_WITH_KNOTS ( 'NONE', 3,
 ( #839, #2049, #108, #3230, #4810, #2200 ),
 .UNSPECIFIED., .F., .F.,
 ( 4, 2, 4 ),
 ( 0.000000000000000000, 0.001669664777114700672, 0.003339329554229401344 ),
 .UNSPECIFIED. ) ;
#4226 = CARTESIAN_POINT ( 'NONE',  ( 5.780777222299025908, -4.607861277960595636, 4.304166312746890988 ) ) ;
#4227 = CARTESIAN_POINT ( 'NONE',  ( 0.3151928479966147334, -0.0001234121936056437952, -10.73922861027048903 ) ) ;
#4228 = CARTESIAN_POINT ( 'NONE',  ( 5.780373642321761984, 6.298520252597380242, -0.2838821314355886027 ) ) ;
#4229 = CARTESIAN_POINT ( 'NONE',  ( 0.8889338621415193709, -5.098552207058518526, -10.09901270616565405 ) ) ;
#4230 = CARTESIAN_POINT ( 'NONE',  ( 13.56835537283902227, 0.004404477516308101699, -0.009249578623792891960 ) ) ;
#4231 = CARTESIAN_POINT ( 'NONE',  ( 7.148871875792691455, -1.654454461926343711, 7.492932861594788996 ) ) ;
#4232 = FACE_OUTER_BOUND ( 'NONE', #4215, .T. ) ;
#4233 = CARTESIAN_POINT ( 'NONE',  ( 5.888395157494899834, -0.4574818382620401969, 6.396597398412627200 ) ) ;
#4234 = DIRECTION ( 'NONE',  ( -1.000000000000000000, 0.000000000000000000, 0.000000000000000000 ) ) ;
#4235 = ADVANCED_FACE ( 'NONE', ( #1247 ), #3125, .T. ) ;
#4236 = CARTESIAN_POINT ( 'NONE',  ( 5.819745664830161758, 6.006384197307463424, -2.042870513552887513 ) ) ;
#4237 = CARTESIAN_POINT ( 'NONE',  ( 0.3723593555270010569, -0.7538367224995153881, -10.79639511769827642 ) ) ;
#4238 = ORIENTED_EDGE ( 'NONE', *, *, #2162, .T. ) ;
#4239 = ORIENTED_EDGE ( 'NONE', *, *, #4427, .F. ) ;
#4240 = DIRECTION ( 'NONE',  ( 0.000000000000000000, 0.000000000000000000, 1.000000000000000000 ) ) ;
#4241 = ORIENTED_EDGE ( 'NONE', *, *, #4640, .T. ) ;
#4242 = B_SPLINE_CURVE_WITH_KNOTS ( 'NONE', 3,
 ( #2067, #3629, #1301, #2871, #2635, #4647, #1401, #4170, #1859, #1881, #2291, #3756, #2999, #4226, #4543, #327 ),
 .UNSPECIFIED., .F., .F.,
 ( 4, 3, 3, 3, 3, 4 ),
 ( 1.226634733346699349E-18, 0.0001201367182547252168, 0.0002402733039868097588, 0.0003604098457935279456, 0.0004641886131672996849, 0.0005680047735601313069 ),
 .UNSPECIFIED. ) ;
#4243 = EDGE_CURVE ( 'NONE', #3266, #869, #3736, .T. ) ;
#4244 = CARTESIAN_POINT ( 'NONE',  ( 5.780373642321761984, -5.710436958037667488, 2.672612239963982450 ) ) ;
#4245 = CARTESIAN_POINT ( 'NONE',  ( 5.789276915956597769, 4.706316364480668923, 4.208943623518733190 ) ) ;
#4246 = CARTESIAN_POINT ( 'NONE',  ( 2.337031956193384552, -7.609063422671796140, 10.25077584897176664 ) ) ;
#4247 = CARTESIAN_POINT ( 'NONE',  ( 5.780252906077913977, -5.933996072729097904, 2.130367884859510230 ) ) ;
#4248 =( BOUNDED_SURFACE ( )  B_SPLINE_SURFACE ( 3, 1, ( 
 ( #4985, #262 ),
 ( #3383, #1293 ),
 ( #2442, #1457 ),
 ( #3645, #3360 ) ),
 .UNSPECIFIED., .F., .F., .F. ) 
 B_SPLINE_SURFACE_WITH_KNOTS ( ( 4, 4 ),
 ( 2, 2 ),
 ( 0.000000000000000000, 1.000000000000000000 ),
 ( 0.000000000000000000, 1.000000000000000000 ),
 .UNSPECIFIED. ) 
 GEOMETRIC_REPRESENTATION_ITEM ( )  RATIONAL_B_SPLINE_SURFACE ( (
 ( 1.000000000000000000, 1.000000000000000000),
 ( 0.7963945362475481904, 0.9530866181159202144),
 ( 0.7963945362475481904, 0.9530866181159202144),
 ( 1.000000000000000000, 1.000000000000000000) ) ) 
 REPRESENTATION_ITEM ( '' )  SURFACE ( )  );
#4249 = ADVANCED_FACE ( 'NONE', ( #4786 ), #5059, .F. ) ;
#4250 = CARTESIAN_POINT ( 'NONE',  ( 2.636624412714236865, 1.599469567294776666E-15, 13.06066017082141251 ) ) ;
#4251 = EDGE_CURVE ( 'NONE', #4327, #2147, #2148, .T. ) ;
#4252 = CARTESIAN_POINT ( 'NONE',  ( 2.337031422898376842, 12.38234384694967716, -3.107056386512866197 ) ) ;
#4253 = CARTESIAN_POINT ( 'NONE',  ( 0.3151928475901016324, -0.0002468243872379959894, -10.73922860773664389 ) ) ;
#4254 = ADVANCED_FACE ( 'NONE', ( #4059 ), #1814, .T. ) ;
#4255 = CARTESIAN_POINT ( 'NONE',  ( 0.3072101391086903277, -4.550283443190322963, -9.730627748280543443 ) ) ;
#4256 = CARTESIAN_POINT ( 'NONE',  ( 13.57761964090312645, 0.004072754696867842555, -0.01415827070162110381 ) ) ;
#4257 = B_SPLINE_CURVE_WITH_KNOTS ( 'NONE', 3,
 ( #1051, #355, #4277, #3193, #5054, #2736, #4694 ),
 .UNSPECIFIED., .F., .F.,
 ( 4, 3, 4 ),
 ( 0.000000000000000000, 0.001426018004565435737, 0.007027290684762686930 ),
 .UNSPECIFIED. ) ;
#4258 = DIRECTION ( 'NONE',  ( -0.7672866406251407367, 0.2033137844408494377, -0.6082225876885252180 ) ) ;
#4259 = ADVANCED_FACE ( 'NONE', ( #1020 ), #2260, .F. ) ;
#4260 = CARTESIAN_POINT ( 'NONE',  ( 1.348381451710667589, 0.9353982284063532271, -11.77241721213008141 ) ) ;
#4261 = CARTESIAN_POINT ( 'NONE',  ( 0.3151931105838650660, -9.936937531777555677, 4.073071666350939424 ) ) ;
#4262 = CARTESIAN_POINT ( 'NONE',  ( 5.781217879015563277, 0.08377484633498330502, 6.305329352836149148 ) ) ;
#4263 = CARTESIAN_POINT ( 'NONE',  ( 0.3143387148471915027, -9.794403929783127793, -4.403266153578067055 ) ) ;
#4264 = CARTESIAN_POINT ( 'NONE',  ( 2.636624412714155152, 12.86061556398349737, 2.277149844236328491 ) ) ;
#4265 = ORIENTED_EDGE ( 'NONE', *, *, #2665, .T. ) ;
#4266 = EDGE_LOOP ( 'NONE', ( #3834, #4802, #604, #1638 ) ) ;
#4267 = CARTESIAN_POINT ( 'NONE',  ( 5.837519771178498296, -6.029530447450440533, -2.029935405692689265 ) ) ;
#4268 = EDGE_LOOP ( 'NONE', ( #1250, #1474, #2574, #1639 ) ) ;
#4269 = EDGE_CURVE ( 'NONE', #2727, #123, #3949, .T. ) ;
#4270 = FACE_OUTER_BOUND ( 'NONE', #4825, .T. ) ;
#4271 = CARTESIAN_POINT ( 'NONE',  ( 5.781213164338064203, -2.483519912149549480, 5.796090252633633533 ) ) ;
#4272 = CARTESIAN_POINT ( 'NONE',  ( 5.814817957556455141, -2.047147966014696951, -5.999724438820825512 ) ) ;
#4273 = CARTESIAN_POINT ( 'NONE',  ( 1.274928338748330781, -11.65693411455059803, -1.014688849143905891 ) ) ;
#4274 = CARTESIAN_POINT ( 'NONE',  ( 5.797806088100180943, -5.974307086109496012, 2.068801609839499456 ) ) ;
#4275 = CARTESIAN_POINT ( 'NONE',  ( 5.819745664830157317, -6.330948124295452395, -0.4111774656866729050 ) ) ;
#4276 = CONICAL_SURFACE ( 'NONE', #2214, 7.673412698073462934, 0.8735574070079478171 ) ;
#4277 = CARTESIAN_POINT ( 'NONE',  ( 6.538437847175467610, -1.811832111373736343, -8.204545470536380947 ) ) ;
#4278 =( BOUNDED_SURFACE ( )  B_SPLINE_SURFACE ( 3, 1, ( 
 ( #1132, #3427 ),
 ( #361, #3031 ),
 ( #385, #4600 ),
 ( #1086, #3814 ) ),
 .UNSPECIFIED., .F., .F., .F. ) 
 B_SPLINE_SURFACE_WITH_KNOTS ( ( 4, 4 ),
 ( 2, 2 ),
 ( 0.000000000000000000, 1.000000000000000000 ),
 ( 0.000000000000000000, 1.000000000000000000 ),
 .UNSPECIFIED. ) 
 GEOMETRIC_REPRESENTATION_ITEM ( )  RATIONAL_B_SPLINE_SURFACE ( (
 ( 1.000000000000000000, 1.000000000000000000),
 ( 0.7963945362475481904, 0.9530866181159202144),
 ( 0.7963945362475481904, 0.9530866181159202144),
 ( 1.000000000000000000, 1.000000000000000000) ) ) 
 REPRESENTATION_ITEM ( '' )  SURFACE ( )  );
#4279 = CARTESIAN_POINT ( 'NONE',  ( 5.781125901799035738, -6.304578142950158615, 0.1238180452571066431 ) ) ;
#4280 = VERTEX_POINT ( 'NONE', #3815 ) ;
#4281 = CIRCLE ( 'NONE', #3448, 10.42403576283960831 ) ;
#4282 = CARTESIAN_POINT ( 'NONE',  ( 5.780916678224961025, 6.302883275651143258, 0.1801575287482377052 ) ) ;
#4283 = CARTESIAN_POINT ( 'NONE',  ( 7.148871875792690567, 4.128427668216837709, -6.468179606601592191 ) ) ;
#4284 = VECTOR ( 'NONE', #791, 1000.000000000000227 ) ;
#4285 = CARTESIAN_POINT ( 'NONE',  ( 0.3178557125107202008, 4.258724049286251478, 9.862918289070201183 ) ) ;
#4286 = FACE_OUTER_BOUND ( 'NONE', #344, .T. ) ;
#4287 = CARTESIAN_POINT ( 'NONE',  ( 2.636624412714652088, 2.817732372801484697, -12.75308701346298257 ) ) ;
#4288 = CARTESIAN_POINT ( 'NONE',  ( 0.3151923201557857990, -4.183918260565083536, -9.891018036370432753 ) ) ;
#4289 = CARTESIAN_POINT ( 'NONE',  ( 7.148871875792691455, 1.654454461926289754, 7.492932861594800542 ) ) ;
#4290 = B_SPLINE_CURVE_WITH_KNOTS ( 'NONE', 3,
 ( #1528, #3103, #4675, #1867, #5008, #4287 ),
 .UNSPECIFIED., .F., .F.,
 ( 4, 2, 4 ),
 ( 4.336808689942017736E-19, 0.001669706568512062048, 0.003339413137024123662 ),
 .UNSPECIFIED. ) ;
#4291 = CARTESIAN_POINT ( 'NONE',  ( 0.3138252630704969071, -9.760818058098184480, -4.475991988253484877 ) ) ;
#4292 = CARTESIAN_POINT ( 'NONE',  ( 0.3131398827181169353, 0.4799510588011935419, -10.72644339064184038 ) ) ;
#4293 = ORIENTED_EDGE ( 'NONE', *, *, #2012, .T. ) ;
#4294 = ORIENTED_EDGE ( 'NONE', *, *, #1934, .T. ) ;
#4295 = CARTESIAN_POINT ( 'NONE',  ( 3.606333622658797644, -11.72055803855904088, 2.075510150565389456 ) ) ;
#4296 = FACE_OUTER_BOUND ( 'NONE', #3902, .T. ) ;
#4297 = CARTESIAN_POINT ( 'NONE',  ( 5.861834570473771322, -4.822259073148420505, -4.187083498300761875 ) ) ;
#4298 = ORIENTED_EDGE ( 'NONE', *, *, #1349, .F. ) ;
#4299 = DIRECTION ( 'NONE',  ( 0.000000000000000000, 0.000000000000000000, 1.000000000000000000 ) ) ;
#4300 = CARTESIAN_POINT ( 'NONE',  ( 4.091188226140727302, -2.442745795705866474, 11.05742727228611955 ) ) ;
#4301 = FACE_OUTER_BOUND ( 'NONE', #3650, .T. ) ;
#4302 = EDGE_CURVE ( 'NONE', #3039, #1973, #2445, .T. ) ;
#4303 = CARTESIAN_POINT ( 'NONE',  ( 0.3143387148471935566, 4.403266153578094588, -9.794403929783113583 ) ) ;
#4304 = CARTESIAN_POINT ( 'NONE',  ( 1.274844381333501531, -1.014663656568820960, -11.65685036737570890 ) ) ;
#4305 = CARTESIAN_POINT ( 'NONE',  ( 5.781213164338059762, -6.305291077324824300, -0.07640550324353237444 ) ) ;
#4306 = ORIENTED_EDGE ( 'NONE', *, *, #799, .T. ) ;
#4307 = CARTESIAN_POINT ( 'NONE',  ( 0.3314483142510964431, -3.535878242170189090, 10.15778992644047030 ) ) ;
#4308 = CARTESIAN_POINT ( 'NONE',  ( 2.636624412714652088, -7.025356639904986267, -11.01023197665855591 ) ) ;
#4309 = APPLICATION_CONTEXT ( 'automotive_design' ) ;
#4310 = ADVANCED_FACE ( 'NONE', ( #4554 ), #671, .F. ) ;
#4311 = CARTESIAN_POINT ( 'NONE',  ( 0.4810029444423286060, 3.458051635725339690, -10.37115695281024941 ) ) ;
#4312 = ORIENTED_EDGE ( 'NONE', *, *, #4079, .T. ) ;
#4313 = CARTESIAN_POINT ( 'NONE',  ( 13.58175377392158367, 0.009708364647856678603, -0.005789533934110888819 ) ) ;
#4314 = CARTESIAN_POINT ( 'NONE',  ( 5.781277812323746268, -1.071823355482273367E-11, -6.305818637059195098 ) ) ;
#4315 = CARTESIAN_POINT ( 'NONE',  ( 5.781277812323745380, 1.071908762317995906E-11, 6.305818637059195986 ) ) ;
#4316 = CARTESIAN_POINT ( 'NONE',  ( 6.772577236260942435, -5.757560304960986031, -4.484949849853911097 ) ) ;
#4317 = CARTESIAN_POINT ( 'NONE',  ( 5.888395157494900722, 2.025213741016214986, 6.084756134219177603 ) ) ;
#4318 = CARTESIAN_POINT ( 'NONE',  ( 0.3131398827181195443, -3.661415213967111004, -10.09361082380426211 ) ) ;
#4319 = EDGE_CURVE ( 'NONE', #772, #2844, #321, .T. ) ;
#4320 = ORIENTED_EDGE ( 'NONE', *, *, #4580, .T. ) ;
#4321 = ORIENTED_EDGE ( 'NONE', *, *, #4589, .T. ) ;
#4322 = CARTESIAN_POINT ( 'NONE',  ( 5.803399891413406841, -5.982739397185126151, -2.061471079583931054 ) ) ;
#4323 = EDGE_CURVE ( 'NONE', #2548, #1830, #4895, .T. ) ;
#4324 = B_SPLINE_CURVE_WITH_KNOTS ( 'NONE', 3,
 ( #1186, #3026, #726, #2668, #382, #5057, #1129, #3811, #1863, #1840, #331, #358, #4651, #2640, #1525, #1106 ),
 .UNSPECIFIED., .F., .F.,
 ( 4, 3, 3, 3, 3, 4 ),
 ( 4.336808689942017736E-19, 5.634548159638882292E-05, 0.0001127033737012638577, 0.0001403741958204969380, 0.0001969210919195203561, 0.0002472485937300380500 ),
 .UNSPECIFIED. ) ;
#4325 = CARTESIAN_POINT ( 'NONE',  ( 6.350699776881511660, 3.125898212415624933, -6.123775572097162723 ) ) ;
#4326 = CARTESIAN_POINT ( 'NONE',  ( 5.888395157494903387, 6.084756134219172274, 2.025213741016238522 ) ) ;
#4327 = VERTEX_POINT ( 'NONE', #2541 ) ;
#4328 = CARTESIAN_POINT ( 'NONE',  ( 0.4959482244580810106, 10.89257800167812817, -0.7731718701261690585 ) ) ;
#4329 = EDGE_CURVE ( 'NONE', #2844, #4149, #877, .T. ) ;
#4330 = CARTESIAN_POINT ( 'NONE',  ( 13.56759717490972861, -0.009177911541205660551, 0.002654905333064549403 ) ) ;
#4331 = CARTESIAN_POINT ( 'NONE',  ( 0.4959482244580784016, 9.767549806965092785, 4.882726802909709285 ) ) ;
#4332 = CARTESIAN_POINT ( 'NONE',  ( 13.56890048206675203, -0.0005502997644802499078, 0.01053996198465919666 ) ) ;
#4333 = CARTESIAN_POINT ( 'NONE',  ( 6.937403657009209468, 3.619715908653686309, 3.962504430367264963 ) ) ;
#4334 = CARTESIAN_POINT ( 'NONE',  ( 5.780832915889894785, -6.302204156976672245, 0.2038734355924185782 ) ) ;
#4335 = ORIENTED_EDGE ( 'NONE', *, *, #1902, .T. ) ;
#4336 = DIRECTION ( 'NONE',  ( 1.000000000000000000, 0.000000000000000000, 0.000000000000000000 ) ) ;
#4337 = CARTESIAN_POINT ( 'NONE',  ( 5.819745664830160869, 2.802627403108519211, -5.691682589547127691 ) ) ;
#4338 = CARTESIAN_POINT ( 'NONE',  ( 0.3020602839598333644, -3.518071585415978308, 10.15260973597725247 ) ) ;
#4339 = ORIENTED_EDGE ( 'NONE', *, *, #1054, .F. ) ;
#4340 = CARTESIAN_POINT ( 'NONE',  ( 0.3125344840682520720, 10.72267644130486453, 0.5505951308779071240 ) ) ;
#4341 = CARTESIAN_POINT ( 'NONE',  ( 0.3143374579902203925, -9.794321735328770373, 4.403444131798381456 ) ) ;
#4342 = B_SPLINE_CURVE_WITH_KNOTS ( 'NONE', 3,
 ( #1207, #1957, #4334, #3118, #4279, #92, #42, #1650, #3521, #4305, #14, #1625, #2711, #5077, #3595, #1234 ),
 .UNSPECIFIED., .F., .F.,
 ( 4, 3, 3, 3, 3, 4 ),
 ( 1.029992063861229212E-18, 0.0001201367182547262739, 0.0002402733039868098130, 0.0003604098457935277829, 0.0004641886131673000101, 0.0005680047735601315238 ),
 .UNSPECIFIED. ) ;
#4343 = CARTESIAN_POINT ( 'NONE',  ( 0.3314483142510963321, -7.153943451686800792, 8.031452186448939656 ) ) ;
#4344 = DIRECTION ( 'NONE',  ( -1.000000000000000000, 0.000000000000000000, 0.000000000000000000 ) ) ;
#4345 = CARTESIAN_POINT ( 'NONE',  ( 0.3151928479966147334, 2.712003742961783613E-17, -10.73922861027048903 ) ) ;
#4346 = ORIENTED_EDGE ( 'NONE', *, *, #1678, .T. ) ;
#4347 = CARTESIAN_POINT ( 'NONE',  ( 13.56791779411215160, -0.002256786506167910312, 0.009644201806882959568 ) ) ;
#4348 = CARTESIAN_POINT ( 'NONE',  ( 5.816512944232862914, -6.001964219381657806, -2.045822184210423167 ) ) ;
#4349 = CARTESIAN_POINT ( 'NONE',  ( 0.3150652326283235882, -0.1197592169405682222, 10.73843321479778190 ) ) ;
#4350 = EDGE_LOOP ( 'NONE', ( #3697, #4777, #4116, #1568 ) ) ;
#4351 = CARTESIAN_POINT ( 'NONE',  ( 0.3131398827181195443, 7.924117507852365350, 7.245364211220578277 ) ) ;
#4352 = LINE ( 'NONE', #1926, #2389 ) ;
#4353 = CARTESIAN_POINT ( 'NONE',  ( 2.666330941622472306, -7.491800182701862099, -11.02077394041750580 ) ) ;
#4354 = CARTESIAN_POINT ( 'NONE',  ( 13.56676982392279740, 0.007640452277799785613, -0.005362415580934676816 ) ) ;
#4355 = EDGE_CURVE ( 'NONE', #293, #3312, #4676, .T. ) ;
#4356 = AXIS2_PLACEMENT_3D ( 'NONE', #3546, #1273, #2785 ) ;
#4357 = CARTESIAN_POINT ( 'NONE',  ( 6.843654862292566143, -7.848739054625575307, 1.733143793678079359 ) ) ;
#4358 = FACE_OUTER_BOUND ( 'NONE', #2742, .T. ) ;
#4359 = ORIENTED_EDGE ( 'NONE', *, *, #3818, .T. ) ;
#4360 = FACE_OUTER_BOUND ( 'NONE', #2750, .T. ) ;
#4361 = CARTESIAN_POINT ( 'NONE',  ( 5.864710941409938094, 2.855065369429122590, -5.715870900237240093 ) ) ;
#4362 = VECTOR ( 'NONE', #2138, 999.9999999999998863 ) ;
#4363 = CARTESIAN_POINT ( 'NONE',  ( 2.636624412714236865, 0.000000000000000000, 0.000000000000000000 ) ) ;
#4364 = CIRCLE ( 'NONE', #4190, 7.673412698073462934 ) ;
#4365 = ORIENTED_EDGE ( 'NONE', *, *, #97, .F. ) ;
#4366 = B_SPLINE_CURVE_WITH_KNOTS ( 'NONE', 3,
 ( #4678, #4291, #4263, #1166, #755, #2305, #364, #5065, #3701, #196, #3316, #4902, #1284, #3179, #1998, #53 ),
 .UNSPECIFIED., .F., .F.,
 ( 4, 3, 3, 3, 3, 4 ),
 ( 1.734723475976807094E-18, 0.0002402807489491030901, 0.0003604046903941011959, 0.0004805286307080701121, 0.0007203409650750145637, 0.0009603276570517850193 ),
 .UNSPECIFIED. ) ;
#4367 = DIRECTION ( 'NONE',  ( -0.7672866406251406257, 0.6082225876885274385, 0.2033137844408433592 ) ) ;
#4368 = CARTESIAN_POINT ( 'NONE',  ( 1.274928338747934209, 7.525203794219397224, 8.960190526267124866 ) ) ;
#4369 = CARTESIAN_POINT ( 'NONE',  ( 5.781217879015560612, 4.399303381068741636, -4.517778904941317286 ) ) ;
#4370 = EDGE_CURVE ( 'NONE', #1390, #1008, #438, .T. ) ;
#4371 = AXIS2_PLACEMENT_3D ( 'NONE', #1764, #3679, #4515 ) ;
#4372 = CARTESIAN_POINT ( 'NONE',  ( 5.780777222299027684, -2.213178991159248987, -5.904241861391280821 ) ) ;
#4373 = CARTESIAN_POINT ( 'NONE',  ( 6.538437847175473827, -8.273369765036541423, -1.465829017615385865 ) ) ;
#4374 = ORIENTED_EDGE ( 'NONE', *, *, #3857, .T. ) ;
#4375 = CARTESIAN_POINT ( 'NONE',  ( 2.636624412714652532, -12.75308701346299145, -2.817732372801446061 ) ) ;
#4376 = CARTESIAN_POINT ( 'NONE',  ( 0.3138244244576106068, 10.73070278368402342, -0.4000718862014603916 ) ) ;
#4377 = EDGE_CURVE ( 'NONE', #4501, #2623, #3243, .T. ) ;
#4378 = ORIENTED_EDGE ( 'NONE', *, *, #2920, .T. ) ;
#4379 = CARTESIAN_POINT ( 'NONE',  ( 5.789276915956731884, 2.087527567107078319, -5.958762355146178358 ) ) ;
#4380 = CARTESIAN_POINT ( 'NONE',  ( 2.337031956193307281, 6.558619491554241954, 10.95266004407637794 ) ) ;
#4381 = CARTESIAN_POINT ( 'NONE',  ( 0.3990563068656180490, 9.697921590122733804, 4.805447850877934357 ) ) ;
#4382 = CARTESIAN_POINT ( 'NONE',  ( 0.3072101391086899946, -10.09812914501191905, -3.663056587010385723 ) ) ;
#4383 = B_SPLINE_CURVE_WITH_KNOTS ( 'NONE', 3,
 ( #2159, #4963, #1848, #1439, #2182, #3011, #3819 ),
 .UNSPECIFIED., .F., .F.,
 ( 4, 3, 4 ),
 ( 0.000000000000000000, 0.001426018004565434870, 0.007027290684763042548 ),
 .UNSPECIFIED. ) ;
#4384 = CARTESIAN_POINT ( 'NONE',  ( 1.274844381333346544, -10.38123049717308888, 5.398310493840518198 ) ) ;
#4385 = CARTESIAN_POINT ( 'NONE',  ( 7.148871875792691455, 4.395937880802039288, -6.289434997126905458 ) ) ;
#4386 = ORIENTED_EDGE ( 'NONE', *, *, #3492, .F. ) ;
#4387 = PLANE ( 'NONE',  #3861 ) ;
#4388 = CARTESIAN_POINT ( 'NONE',  ( 6.971778540990892559, 1.823193123017893935, -7.274316105970080493 ) ) ;
#4389 = FACE_OUTER_BOUND ( 'NONE', #646, .T. ) ;
#4390 = ORIENTED_EDGE ( 'NONE', *, *, #2222, .F. ) ;
#4391 = LINE ( 'NONE', #409, #3131 ) ;
#4392 = CARTESIAN_POINT ( 'NONE',  ( 13.56759717490972861, 0.004612461923499333420, 0.008367065052335182981 ) ) ;
#4393 = CARTESIAN_POINT ( 'NONE',  ( 0.3138244244576086084, -7.870646248935417866, -7.304859161545259383 ) ) ;
#4394 = CARTESIAN_POINT ( 'NONE',  ( 7.148871875792691455, 6.289434997126953419, 4.395937880801973563 ) ) ;
#4395 = LINE ( 'NONE', #890, #436 ) ;
#4396 = ORIENTED_EDGE ( 'NONE', *, *, #4131, .T. ) ;
#4397 = DIRECTION ( 'NONE',  ( 0.7672866406251408478, 0.2033137844408366424, 0.6082225876885294369 ) ) ;
#4398 = CARTESIAN_POINT ( 'NONE',  ( 5.829707808122726043, -4.783150890692294155, 4.183073039357482870 ) ) ;
#4399 = CARTESIAN_POINT ( 'NONE',  ( 5.888395157494902499, 0.4574818382619946222, 6.396597398412631641 ) ) ;
#4400 = ORIENTED_EDGE ( 'NONE', *, *, #2261, .F. ) ;
#4401 = CARTESIAN_POINT ( 'NONE',  ( 3.835489892373722842, 11.45114612247644459, 2.027859131794489400 ) ) ;
#4402 = CARTESIAN_POINT ( 'NONE',  ( 0.3178557125107202008, 9.862918289070190525, 4.258724049286286117 ) ) ;
#4403 = CARTESIAN_POINT ( 'NONE',  ( 0.4810029444423267186, -10.37115695281025829, -3.458051635725307715 ) ) ;
#4404 = LINE ( 'NONE', #2059, #4362 ) ;
#4405 = CARTESIAN_POINT ( 'NONE',  ( 2.636624412714236865, 0.000000000000000000, 0.000000000000000000 ) ) ;
#4406 = ORIENTED_EDGE ( 'NONE', *, *, #3930, .F. ) ;
#4407 = FACE_OUTER_BOUND ( 'NONE', #1303, .T. ) ;
#4408 = CARTESIAN_POINT ( 'NONE',  ( 5.797806088100179167, 2.761609406231740671, -5.687336700726011607 ) ) ;
#4409 = EDGE_CURVE ( 'NONE', #653, #993, #4853, .T. ) ;
#4410 = FACE_OUTER_BOUND ( 'NONE', #3247, .T. ) ;
#4411 = ORIENTED_EDGE ( 'NONE', *, *, #775, .T. ) ;
#4412 = CARTESIAN_POINT ( 'NONE',  ( 0.4959482244580784016, -4.882726802909742148, 9.767549806965076797 ) ) ;
#4413 = CARTESIAN_POINT ( 'NONE',  ( 0.3151923201557836340, -7.650565178379565623, -7.536992918814587661 ) ) ;
#4414 =( BOUNDED_SURFACE ( )  B_SPLINE_SURFACE ( 3, 1, ( 
 ( #2315, #3804 ),
 ( #2685, #297 ),
 ( #1905, #4223 ),
 ( #1857, #3470 ) ),
 .UNSPECIFIED., .F., .F., .F. ) 
 B_SPLINE_SURFACE_WITH_KNOTS ( ( 4, 4 ),
 ( 2, 2 ),
 ( 0.000000000000000000, 1.000000000000000000 ),
 ( 0.000000000000000000, 1.000000000000000000 ),
 .UNSPECIFIED. ) 
 GEOMETRIC_REPRESENTATION_ITEM ( )  RATIONAL_B_SPLINE_SURFACE ( (
 ( 1.000000000000000000, 1.000000000000000000),
 ( 0.7963945362475481904, 0.9530866181159202144),
 ( 0.7963945362475481904, 0.9530866181159202144),
 ( 1.000000000000000000, 1.000000000000000000) ) ) 
 REPRESENTATION_ITEM ( '' )  SURFACE ( )  );
#4415 = EDGE_CURVE ( 'NONE', #5002, #2576, #2577, .T. ) ;
#4416 = CARTESIAN_POINT ( 'NONE',  ( 5.780631868880689694, -2.636453451200455156, -5.727645188952047661 ) ) ;
#4417 = CARTESIAN_POINT ( 'NONE',  ( 6.843654862292567032, -7.914534784337535100, -1.402366323283912086 ) ) ;
#4418 = ORIENTED_EDGE ( 'NONE', *, *, #1745, .F. ) ;
#4419 = FACE_OUTER_BOUND ( 'NONE', #4100, .T. ) ;
#4420 = CARTESIAN_POINT ( 'NONE',  ( 0.3151928467770696574, 10.73922860266896251, -0.0003702365808494559600 ) ) ;
#4421 = CARTESIAN_POINT ( 'NONE',  ( 0.3072101391086903277, -4.550283443190463295, 9.730627748280481271 ) ) ;
#4422 = EDGE_LOOP ( 'NONE', ( #2311, #3217, #4910, #2681 ) ) ;
#4423 = CARTESIAN_POINT ( 'NONE',  ( 0.3131398827181169353, -10.72644339064184038, -0.4799510588011561274 ) ) ;
#4424 = ORIENTED_EDGE ( 'NONE', *, *, #1847, .T. ) ;
#4425 = FACE_OUTER_BOUND ( 'NONE', #2089, .T. ) ;
#4426 = CARTESIAN_POINT ( 'NONE',  ( 0.3143374579902205590, 3.811926110003068136, -10.03933652234449347 ) ) ;
#4427 = EDGE_CURVE ( 'NONE', #3236, #3280, #1180, .T. ) ;
#4428 = CARTESIAN_POINT ( 'NONE',  ( 6.794699092203797086, 7.055716492241185023, -1.991918553190444419 ) ) ;
#4429 = ORIENTED_EDGE ( 'NONE', *, *, #3069, .T. ) ;
#4430 = CARTESIAN_POINT ( 'NONE',  ( 5.888395157494902499, 6.396597398412630753, -0.4574818382620169932 ) ) ;
#4431 = ORIENTED_EDGE ( 'NONE', *, *, #1220, .F. ) ;
#4432 = CARTESIAN_POINT ( 'NONE',  ( 0.3072101391086899946, 7.248609728848578904, 7.927663766067594153 ) ) ;
#4433 = CARTESIAN_POINT ( 'NONE',  ( 5.781256649740093678, 4.489687114342410190, 4.427842748383270965 ) ) ;
#4434 = EDGE_CURVE ( 'NONE', #2940, #2837, #693, .T. ) ;
#4435 = DIRECTION ( 'NONE',  ( -1.000000000000000000, -0.000000000000000000, -0.000000000000000000 ) ) ;
#4436 = CARTESIAN_POINT ( 'NONE',  ( 13.56759717490972861, 0.002654905333064009471, -0.009177911541206321480 ) ) ;
#4437 = ORIENTED_EDGE ( 'NONE', *, *, #1634, .F. ) ;
#4438 = CONICAL_SURFACE ( 'NONE', #4775, 7.673412698073462934, 0.8735574070079478171 ) ;
#4439 = CARTESIAN_POINT ( 'NONE',  ( 0.3020602839598329759, 10.72609604625728252, 0.6349612095516946608 ) ) ;
#4440 = CARTESIAN_POINT ( 'NONE',  ( 5.781256305143844365, 0.05093885144998490377, -6.305642818049672194 ) ) ;
#4441 = CARTESIAN_POINT ( 'NONE',  ( 5.780979408894890703, 4.341314202519356513, -4.573027051279284549 ) ) ;
#4442 = CIRCLE ( 'NONE', #2218, 7.673412698073462934 ) ;
#4443 = CARTESIAN_POINT ( 'NONE',  ( 5.888395157494899834, -0.4574818382620401969, 6.396597398412627200 ) ) ;
#4444 = CARTESIAN_POINT ( 'NONE',  ( 5.888395157494903387, -2.025213741016259394, 6.084756134219165169 ) ) ;
#4445 = ORIENTED_EDGE ( 'NONE', *, *, #3341, .T. ) ;
#4446 = ORIENTED_EDGE ( 'NONE', *, *, #1754, .T. ) ;
#4447 =( BOUNDED_SURFACE ( )  B_SPLINE_SURFACE ( 3, 1, ( 
 ( #2426, #4673 ),
 ( #3998, #4285 ),
 ( #3919, #1630 ),
 ( #2019, #2374 ) ),
 .UNSPECIFIED., .F., .F., .F. ) 
 B_SPLINE_SURFACE_WITH_KNOTS ( ( 4, 4 ),
 ( 2, 2 ),
 ( 0.000000000000000000, 1.000000000000000000 ),
 ( 0.000000000000000000, 1.000000000000000000 ),
 .UNSPECIFIED. ) 
 GEOMETRIC_REPRESENTATION_ITEM ( )  RATIONAL_B_SPLINE_SURFACE ( (
 ( 1.000000000000000000, 1.000000000000000000),
 ( 0.9544777771602501737, 0.9992633679055394902),
 ( 0.9544777771602501737, 0.9992633679055394902),
 ( 1.000000000000000000, 1.000000000000000000) ) ) 
 REPRESENTATION_ITEM ( '' )  SURFACE ( )  );
#4448 = CARTESIAN_POINT ( 'NONE',  ( 5.791186417075767423, 4.205818045721007259, 4.711668505863926271 ) ) ;
#4449 = B_SPLINE_CURVE_WITH_KNOTS ( 'NONE', 3,
 ( #1506, #2431, #4053, #3980, #2799, #4755, #1306, #2072, #1611, #2773, #4413, #3660, #3954, #865, #4393, #104 ),
 .UNSPECIFIED., .F., .F.,
 ( 4, 3, 3, 3, 3, 4 ),
 ( 8.673617379884035472E-19, 0.0002402807489491027920, 0.0003604046903941021717, 0.0004805286307080707626, 0.0007203409650750144553, 0.0009603276570517859951 ),
 .UNSPECIFIED. ) ;
#4450 = CARTESIAN_POINT ( 'NONE',  ( 1.348381451710667589, 11.77241721213009029, 0.9353982284062297703 ) ) ;
#4451 = ORIENTED_EDGE ( 'NONE', *, *, #964, .F. ) ;
#4452 = CARTESIAN_POINT ( 'NONE',  ( 2.112679944503184526, -1.537412228780455026, 12.53671570355077769 ) ) ;
#4453 = ORIENTED_EDGE ( 'NONE', *, *, #155, .F. ) ;
#4454 = CARTESIAN_POINT ( 'NONE',  ( 5.781256649740093678, 2.372664413248009918, -5.842392093244777485 ) ) ;
#4455 = CARTESIAN_POINT ( 'NONE',  ( 5.876541064897881306, -0.4552136515289972873, 6.384875247102042906 ) ) ;
#4456 = CARTESIAN_POINT ( 'NONE',  ( 0.3149798893762114638, 3.961581312061672300, 9.981679928039611127 ) ) ;
#4457 = ORIENTED_EDGE ( 'NONE', *, *, #2752, .F. ) ;
#4458 = CARTESIAN_POINT ( 'NONE',  ( 2.636624412714652976, -10.70401657216405944, -7.483640378888393840 ) ) ;
#4459 = EDGE_LOOP ( 'NONE', ( #4074, #2957 ) ) ;
#4460 = ADVANCED_FACE ( 'NONE', ( #2513 ), #1163, .F. ) ;
#4461 = CARTESIAN_POINT ( 'NONE',  ( 5.791186417076199078, 0.3576902906348127797, -6.305615211765892347 ) ) ;
#4462 = CARTESIAN_POINT ( 'NONE',  ( 2.636624412714185350, -12.75308701346239815, 2.817732372801922125 ) ) ;
#4463 = CARTESIAN_POINT ( 'NONE',  ( 0.4810029444423267186, 0.7740468116847554203, 10.90503870641859407 ) ) ;
#4464 = ORIENTED_EDGE ( 'NONE', *, *, #3452, .F. ) ;
#4465 = FACE_OUTER_BOUND ( 'NONE', #3, .T. ) ;
#4466 = DIRECTION ( 'NONE',  ( 0.000000000000000000, 0.000000000000000000, 1.000000000000000000 ) ) ;
#4467 = DIRECTION ( 'NONE',  ( 1.000000000000000000, 0.000000000000000000, 0.000000000000000000 ) ) ;
#4468 = EDGE_CURVE ( 'NONE', #2147, #4943, #3668, .T. ) ;
#4469 = B_SPLINE_CURVE_WITH_KNOTS ( 'NONE', 3,
 ( #2399, #3995, #2035, #825, #2762, #4721, #2370 ),
 .UNSPECIFIED., .F., .F.,
 ( 4, 3, 4 ),
 ( 0.000000000000000000, 0.001426018004565432267, 0.007027290684761694668 ),
 .UNSPECIFIED. ) ;
#4470 = CARTESIAN_POINT ( 'NONE',  ( 0.3072101391086899946, -7.927663766067517770, -7.248609728848661504 ) ) ;
#4471 = CARTESIAN_POINT ( 'NONE',  ( 0.4959482244580827315, -3.454091471063659657, 10.35930993710111991 ) ) ;
#4472 = VERTEX_POINT ( 'NONE', #4001 ) ;
#4473 = LINE ( 'NONE', #4082, #763 ) ;
#4474 = CARTESIAN_POINT ( 'NONE',  ( 0.3151931105838646774, 10.73923024700067508, 0.03967381486477906255 ) ) ;
#4475 = B_SPLINE_CURVE_WITH_KNOTS ( 'NONE', 3,
 ( #4527, #1436, #3308, #2571, #1062, #4107 ),
 .UNSPECIFIED., .F., .F.,
 ( 4, 2, 4 ),
 ( 3.252606517456513302E-19, 0.001669706568512062481, 0.003339413137024124963 ),
 .UNSPECIFIED. ) ;
#4476 = EDGE_CURVE ( 'NONE', #632, #563, #3776, .T. ) ;
#4477 = CARTESIAN_POINT ( 'NONE',  ( 5.849679172800144045, 0.4405627070446127003, 6.358976731879039335 ) ) ;
#4478 = ADVANCED_FACE ( 'NONE', ( #3274 ), #1741, .F. ) ;
#4479 = ORIENTED_EDGE ( 'NONE', *, *, #4699, .F. ) ;
#4480 = CARTESIAN_POINT ( 'NONE',  ( 5.780373642321761984, -4.252991401856642817, 4.654461362248187406 ) ) ;
#4481 = EDGE_LOOP ( 'NONE', ( #3623, #3999, #528, #3338 ) ) ;
#4482 = CARTESIAN_POINT ( 'NONE',  ( 0.4959482244580775134, 3.454091471063585495, 10.35930993710113945 ) ) ;
#4483 = B_SPLINE_CURVE_WITH_KNOTS ( 'NONE', 3,
 ( #4752, #72, #2770, #3199, #4340, #832 ),
 .UNSPECIFIED., .F., .F.,
 ( 4, 2, 4 ),
 ( 1.812304821389755391E-17, 0.0002092205112235681229, 0.0004184410224471180853 ),
 .UNSPECIFIED. ) ;
#4484 = CARTESIAN_POINT ( 'NONE',  ( 13.58175377392158367, -0.009064062210598029801, 0.006753800674610102063 ) ) ;
#4485 = EDGE_CURVE ( 'NONE', #826, #2562, #2515, .T. ) ;
#4486 = EDGE_CURVE ( 'NONE', #715, #3466, #1351, .T. ) ;
#4487 = VERTEX_POINT ( 'NONE', #3605 ) ;
#4488 = CARTESIAN_POINT ( 'NONE',  ( 5.888395157494902499, -5.734614693997590607, 2.870529954748030299 ) ) ;
#4489 = VERTEX_POINT ( 'NONE', #1335 ) ;
#4490 = CARTESIAN_POINT ( 'NONE',  ( 13.56791779411215160, -0.009773715463083780183, -0.001605677387582798120 ) ) ;
#4491 = CARTESIAN_POINT ( 'NONE',  ( 13.58175377392158367, 0.002771031772010865580, 0.01095866918144997385 ) ) ;
#4492 = CARTESIAN_POINT ( 'NONE',  ( 6.971778540990888118, -6.432910467724577863, 3.854526026327361077 ) ) ;
#4493 = FACE_OUTER_BOUND ( 'NONE', #4635, .T. ) ;
#4494 = ORIENTED_EDGE ( 'NONE', *, *, #1734, .T. ) ;
#4495 = CARTESIAN_POINT ( 'NONE',  ( 5.781270762665192464, -0.02915406026611654447, -6.305761040849152010 ) ) ;
#4496 = CARTESIAN_POINT ( 'NONE',  ( 2.636624412714300814, 2.277149844233989473, -12.86061556398239070 ) ) ;
#4497 = CARTESIAN_POINT ( 'NONE',  ( 13.56835537283902227, -0.007608867124406982173, -0.006859975801159564832 ) ) ;
#4498 = B_SPLINE_CURVE_WITH_KNOTS ( 'NONE', 3,
 ( #3837, #2248, #5034, #332, #727, #1502 ),
 .UNSPECIFIED., .F., .F.,
 ( 4, 2, 4 ),
 ( 2.026182129090778156E-17, 0.0002092205112235688005, 0.0004184410224471173264 ),
 .UNSPECIFIED. ) ;
#4499 = CARTESIAN_POINT ( 'NONE',  ( 5.780373642321761984, -2.148066458206004725, 5.927710934927419295 ) ) ;
#4500 = CARTESIAN_POINT ( 'NONE',  ( 13.56835537283902227, -0.003426003848636964035, -0.009654875687367222431 ) ) ;
#4501 = VERTEX_POINT ( 'NONE', #935 ) ;
#4502 = CARTESIAN_POINT ( 'NONE',  ( 6.119568941886138091, -2.998225945795466085, -5.929213210115988453 ) ) ;
#4503 = DIRECTION ( 'NONE',  ( 0.7767995536391634204, -0.2150207380305842186, -0.5919024714281732047 ) ) ;
#4504 =( BOUNDED_SURFACE ( )  B_SPLINE_SURFACE ( 3, 1, ( 
 ( #745, #2215 ),
 ( #2664, #3783 ),
 ( #3446, #4974 ),
 ( #3020, #1811 ) ),
 .UNSPECIFIED., .F., .F., .F. ) 
 B_SPLINE_SURFACE_WITH_KNOTS ( ( 4, 4 ),
 ( 2, 2 ),
 ( 0.000000000000000000, 1.000000000000000000 ),
 ( 0.000000000000000000, 1.000000000000000000 ),
 .UNSPECIFIED. ) 
 GEOMETRIC_REPRESENTATION_ITEM ( )  RATIONAL_B_SPLINE_SURFACE ( (
 ( 1.000000000000000000, 1.000000000000000000),
 ( 0.9928172745385618336, 0.8240640142147769298),
 ( 0.9928172745385618336, 0.8240640142147769298),
 ( 1.000000000000000000, 1.000000000000000000) ) ) 
 REPRESENTATION_ITEM ( '' )  SURFACE ( )  );
#4505 = FACE_OUTER_BOUND ( 'NONE', #2087, .T. ) ;
#4506 = ORIENTED_EDGE ( 'NONE', *, *, #2168, .T. ) ;
#4507 = CARTESIAN_POINT ( 'NONE',  ( 13.57761964090312645, -0.01463911226356037418, 0.001655400923075106383 ) ) ;
#4508 = EDGE_LOOP ( 'NONE', ( #4952, #1276, #178, #1386 ) ) ;
#4509 = EDGE_LOOP ( 'NONE', ( #703, #803, #3258, #3717 ) ) ;
#4510 = CARTESIAN_POINT ( 'NONE',  ( 6.937403657009209468, -3.619715908653713843, 3.962504430367239650 ) ) ;
#4511 = CARTESIAN_POINT ( 'NONE',  ( 0.3990563068656163281, 10.25543088178535278, -3.459501357796973764 ) ) ;
#4512 = ORIENTED_EDGE ( 'NONE', *, *, #3137, .T. ) ;
#4513 = LINE ( 'NONE', #118, #2970 ) ;
#4514 = CARTESIAN_POINT ( 'NONE',  ( 0.3151928479966151220, 0.0001234121936315750651, 10.73922861027048725 ) ) ;
#4515 = DIRECTION ( 'NONE',  ( 0.000000000000000000, 0.000000000000000000, 1.000000000000000000 ) ) ;
#4516 = EDGE_CURVE ( 'NONE', #218, #2053, #4442, .T. ) ;
#4517 = CARTESIAN_POINT ( 'NONE',  ( 13.56835537283902227, -0.004404477516308415684, -0.009249578623791998577 ) ) ;
#4518 = CARTESIAN_POINT ( 'NONE',  ( 3.835489892373476817, -6.663270132178272576, -9.531096018944385406 ) ) ;
#4519 = ORIENTED_EDGE ( 'NONE', *, *, #4485, .F. ) ;
#4520 = CARTESIAN_POINT ( 'NONE',  ( 2.636624412714236865, 0.000000000000000000, 0.000000000000000000 ) ) ;
#4521 = DIRECTION ( 'NONE',  ( 0.7767995536391634204, 0.2150207380305798333, 0.5919024714281748700 ) ) ;
#4522 = CARTESIAN_POINT ( 'NONE',  ( 0.3072101391086899946, 9.730627748280497258, 4.550283443190431321 ) ) ;
#4523 = DIRECTION ( 'NONE',  ( 0.7767995536391634204, 0.2664956293907767004, -0.5705808733050998782 ) ) ;
#4524 = CONICAL_SURFACE ( 'NONE', #1248, 7.673412698073462934, 0.8735574070079478171 ) ;
#4525 = CARTESIAN_POINT ( 'NONE',  ( 5.816512944232860249, -2.045822184210401407, 6.001964219381672905 ) ) ;
#4526 = VERTEX_POINT ( 'NONE', #2406 ) ;
#4527 = CARTESIAN_POINT ( 'NONE',  ( 0.4959482244580810106, -10.35930993710110570, -3.454091471063696073 ) ) ;
#4528 = CARTESIAN_POINT ( 'NONE',  ( 5.786827336177698733, -4.216112305996384535, -4.696569501847959849 ) ) ;
#4529 = EDGE_CURVE ( 'NONE', #2387, #2937, #2018, .T. ) ;
#4530 = AXIS2_PLACEMENT_3D ( 'NONE', #2110, #3292, #4041 ) ;
#4531 = CARTESIAN_POINT ( 'NONE',  ( 5.811739754377838629, 5.689213472009310379, -2.789505952910189102 ) ) ;
#4532 = CIRCLE ( 'NONE', #594, 13.06066017082141251 ) ;
#4533 = ORIENTED_EDGE ( 'NONE', *, *, #2501, .F. ) ;
#4534 = CARTESIAN_POINT ( 'NONE',  ( 7.148871875792691455, 1.338904651110659483, -7.555699621490342466 ) ) ;
#4535 = ORIENTED_EDGE ( 'NONE', *, *, #694, .F. ) ;
#4536 = ORIENTED_EDGE ( 'NONE', *, *, #2883, .F. ) ;
#4537 = SURFACE_SIDE_STYLE ('',( #1876 ) ) ;
#4538 = ORIENTED_EDGE ( 'NONE', *, *, #4900, .F. ) ;
#4539 = CARTESIAN_POINT ( 'NONE',  ( 5.849679172800147597, 6.358976731879040223, -0.4405627070446365146 ) ) ;
#4540 = CARTESIAN_POINT ( 'NONE',  ( 13.58175377392158367, 0.001633601598411575867, -0.01118491811000966833 ) ) ;
#4541 = B_SPLINE_CURVE_WITH_KNOTS ( 'NONE', 3,
 ( #2173, #253, #3326, #2925, #2564, #1406 ),
 .UNSPECIFIED., .F., .F.,
 ( 4, 2, 4 ),
 ( 2.015683178027279762E-17, 0.0002092205112235680144, 0.0004184410224471158627 ),
 .UNSPECIFIED. ) ;
#4542 = CARTESIAN_POINT ( 'NONE',  ( 0.3178557125107202008, 10.74189147477981443, 0.1601725597513796728 ) ) ;
#4543 = CARTESIAN_POINT ( 'NONE',  ( 5.780596792240385362, -4.631283586195281465, 4.278687904370419126 ) ) ;
#4544 = CARTESIAN_POINT ( 'NONE',  ( 0.3151928479966147334, 1.349221862123487262E-15, 10.73922861027048903 ) ) ;
#4545 = ORIENTED_EDGE ( 'NONE', *, *, #4025, .F. ) ;
#4546 = CARTESIAN_POINT ( 'NONE',  ( 5.780631868880690583, -0.2438904617052789214, -6.300581215535716595 ) ) ;
#4547 = CARTESIAN_POINT ( 'NONE',  ( 5.786827336177299053, 4.696569501846581396, -4.216112305997316234 ) ) ;
#4548 = CARTESIAN_POINT ( 'NONE',  ( 0.3020602839598333644, 10.72609604625728075, -0.6349612095516949939 ) ) ;
#4549 = EDGE_CURVE ( 'NONE', #3236, #3961, #4779, .T. ) ;
#4550 = CARTESIAN_POINT ( 'NONE',  ( 0.4810029444423286060, 10.90503870641859230, -0.7740468116847936120 ) ) ;
#4551 = FACE_BOUND ( 'NONE', #4459, .T. ) ;
#4552 = ORIENTED_EDGE ( 'NONE', *, *, #78, .T. ) ;
#4553 = CARTESIAN_POINT ( 'NONE',  ( 3.835489892373365350, 6.255661449344853686, -9.803451433444262619 ) ) ;
#4554 = FACE_OUTER_BOUND ( 'NONE', #4268, .T. ) ;
#4555 = DIRECTION ( 'NONE',  ( -0.7767995536391634204, 0.2664956293907728146, 0.5705808733051016546 ) ) ;
#4556 = CARTESIAN_POINT ( 'NONE',  ( 5.781982565355650472, 5.697642134984121753, -2.703583689919434985 ) ) ;
#4557 = ORIENTED_EDGE ( 'NONE', *, *, #2797, .F. ) ;
#4558 = CARTESIAN_POINT ( 'NONE',  ( 5.829707808121509238, 5.695088164431888700, 2.818262460286904858 ) ) ;
#4559 = ORIENTED_EDGE ( 'NONE', *, *, #4800, .F. ) ;
#4560 = ORIENTED_EDGE ( 'NONE', *, *, #2117, .T. ) ;
#4561 = EDGE_CURVE ( 'NONE', #3210, #1118, #673, .T. ) ;
#4562 = B_SPLINE_CURVE_WITH_KNOTS ( 'NONE', 3,
 ( #2459, #3253, #836, #2384, #868, #496, #1310 ),
 .UNSPECIFIED., .F., .F.,
 ( 4, 3, 4 ),
 ( 1.764548278894193924E-16, 0.002265310746493343248, 0.007027290684749592370 ),
 .UNSPECIFIED. ) ;
#4563 = CARTESIAN_POINT ( 'NONE',  ( 6.233220831025893638, 7.389882308457615068, 4.716283639483240364 ) ) ;
#4564 = DIRECTION ( 'NONE',  ( -0.7767995536391634204, 0.02785801045958104585, 0.6291314526545548347 ) ) ;
#4565 = CARTESIAN_POINT ( 'NONE',  ( 5.806118102235263478, -5.986931140936168738, 2.057643789084549368 ) ) ;
#4566 = CARTESIAN_POINT ( 'NONE',  ( 13.56676982392279740, -0.009194416037783748746, -0.001610815196145072873 ) ) ;
#4567 = CARTESIAN_POINT ( 'NONE',  ( 13.56890048206675203, -0.009527064548372647657, -0.004541879518436073987 ) ) ;
#4568 = DIRECTION ( 'NONE',  ( 0.7071067818211362876, 0.000000000000000000, -0.7071067805519587468 ) ) ;
#4569 = ORIENTED_EDGE ( 'NONE', *, *, #202, .F. ) ;
#4570 = CARTESIAN_POINT ( 'NONE',  ( 5.781280995375707832, 6.305844125370958508, 0.03636384465457636467 ) ) ;
#4571 = CARTESIAN_POINT ( 'NONE',  ( 5.888395157494902499, -4.846565907042521104, -4.199588886833081958 ) ) ;
#4572 = B_SPLINE_CURVE_WITH_KNOTS ( 'NONE', 3,
 ( #649, #4573, #4595, #1156 ),
 .UNSPECIFIED., .F., .F.,
 ( 4, 4 ),
 ( 0.000000000000000000, 0.001963989672852250231 ),
 .UNSPECIFIED. ) ;
#4573 = CARTESIAN_POINT ( 'NONE',  ( 6.350699776881511660, 4.461401455602102217, 5.231420834128006625 ) ) ;
#4574 = CARTESIAN_POINT ( 'NONE',  ( 7.148871875792691455, 1.654454461926391229, -7.492932861594779226 ) ) ;
#4575 = VERTEX_POINT ( 'NONE', #3788 ) ;
#4576 = CARTESIAN_POINT ( 'NONE',  ( 0.3131398827181195443, 3.661415213967185611, 10.09361082380423547 ) ) ;
#4577 = B_SPLINE_CURVE_WITH_KNOTS ( 'NONE', 3,
 ( #1520, #4247, #2212, #3368, #5026, #4274, #4565, #1446, #719, #3829, #3419, #272, #1496, #1124, #743, #3095 ),
 .UNSPECIFIED., .F., .F.,
 ( 4, 3, 3, 3, 3, 4 ),
 ( 4.336808689942017736E-19, 5.634548159638990035E-05, 0.0001127033737012618383, 0.0001403741958204934956, 0.0001969210919195181605, 0.0002472485937300374537 ),
 .UNSPECIFIED. ) ;
#4578 = CARTESIAN_POINT ( 'NONE',  ( 2.112679944503184526, 6.217977087223036214, -10.99407285475358798 ) ) ;
#4579 = CARTESIAN_POINT ( 'NONE',  ( 1.348381451710669143, -10.51833390579588645, 5.369304303943573053 ) ) ;
#4580 = EDGE_CURVE ( 'NONE', #43, #4583, #3600, .T. ) ;
#4581 = CARTESIAN_POINT ( 'NONE',  ( 5.837519771178497408, 5.698902957498948929, -2.828140776026969228 ) ) ;
#4582 = ORIENTED_EDGE ( 'NONE', *, *, #3939, .T. ) ;
#4583 = VERTEX_POINT ( 'NONE', #1519 ) ;
#4584 = CARTESIAN_POINT ( 'NONE',  ( 5.780252906077847364, 5.702366440367405254, 2.689571284754479485 ) ) ;
#4585 = ORIENTED_EDGE ( 'NONE', *, *, #1422, .F. ) ;
#4586 = CARTESIAN_POINT ( 'NONE',  ( 5.876541064897891964, 6.384875247102034024, 0.4552136515289742502 ) ) ;
#4587 = CARTESIAN_POINT ( 'NONE',  ( 5.803399891413409506, 6.316221305864792690, -0.3849443101691629177 ) ) ;
#4588 = DIRECTION ( 'NONE',  ( 0.7672866406251409588, -0.2863137605385736029, 0.5738428719122040667 ) ) ;
#4589 = EDGE_CURVE ( 'NONE', #1790, #404, #4541, .T. ) ;
#4590 = CARTESIAN_POINT ( 'NONE',  ( 6.794699092203799751, 0.8598130233236599418, -7.280906283310587312 ) ) ;
#4591 = CARTESIAN_POINT ( 'NONE',  ( 2.636624412714236865, 0.000000000000000000, -13.06066017082141251 ) ) ;
#4592 = CARTESIAN_POINT ( 'NONE',  ( 5.837519771179525030, 4.182817180819699665, -4.793737122524476035 ) ) ;
#4593 = ORIENTED_EDGE ( 'NONE', *, *, #195, .F. ) ;
#4594 = CARTESIAN_POINT ( 'NONE',  ( 5.780777222299026796, 6.301755143510873403, 0.2147447693147909176 ) ) ;
#4595 = CARTESIAN_POINT ( 'NONE',  ( 6.794699092203797974, 4.540398586768042755, 5.756357825457283361 ) ) ;
#4596 = EDGE_CURVE ( 'NONE', #4016, #2238, #4040, .T. ) ;
#4597 = FACE_OUTER_BOUND ( 'NONE', #2454, .T. ) ;
#4598 = CARTESIAN_POINT ( 'NONE',  ( 2.636624412714236865, 0.000000000000000000, 0.000000000000000000 ) ) ;
#4599 = ORIENTED_EDGE ( 'NONE', *, *, #3033, .T. ) ;
#4600 = CARTESIAN_POINT ( 'NONE',  ( 2.112679944503184526, 3.377209704817320635, 12.17075723209316607 ) ) ;
#4601 = CARTESIAN_POINT ( 'NONE',  ( 5.780596792240387138, -5.916131087804758160, 2.180676681830122643 ) ) ;
#4602 = CARTESIAN_POINT ( 'NONE',  ( 5.780832915889892121, 2.223394623890799338, -5.900496416438858915 ) ) ;
#4603 = CIRCLE ( 'NONE', #1887, 5.000000000000000888 ) ;
#4604 = CARTESIAN_POINT ( 'NONE',  ( 0.4959482244580775134, -3.454091471063508667, -10.35930993710116788 ) ) ;
#4605 = CARTESIAN_POINT ( 'NONE',  ( 5.789276915956095948, 5.689586167418591245, -2.737376370185546026 ) ) ;
#4606 = ORIENTED_EDGE ( 'NONE', *, *, #4907, .T. ) ;
#4607 = ORIENTED_EDGE ( 'NONE', *, *, #127, .T. ) ;
#4608 = PLANE ( 'NONE',  #1485 ) ;
#4609 = ORIENTED_EDGE ( 'NONE', *, *, #149, .F. ) ;
#4610 = AXIS2_PLACEMENT_3D ( 'NONE', #3975, #2350, #466 ) ;
#4611 = VECTOR ( 'NONE', #3570, 1000.000000000000227 ) ;
#4612 = VECTOR ( 'NONE', #2455, 1000.000000000000227 ) ;
#4613 = CARTESIAN_POINT ( 'NONE',  ( 2.636624412714150711, 11.01023197665845110, 7.025356639904252631 ) ) ;
#4614 = CARTESIAN_POINT ( 'NONE',  ( 0.000000000000000000, 0.000000000000000000, 0.000000000000000000 ) ) ;
#4615 = CARTESIAN_POINT ( 'NONE',  ( -21.42413736143699765, 1.163414459189985288E-15, 9.500000000000000000 ) ) ;
#4616 = CARTESIAN_POINT ( 'NONE',  ( 2.337031956193307725, 1.867972770581410868, 12.62881345988089521 ) ) ;
#4617 =( BOUNDED_SURFACE ( )  B_SPLINE_SURFACE ( 3, 1, ( 
 ( #1155, #4255 ),
 ( #747, #381 ),
 ( #5079, #1451 ),
 ( #1079, #3497 ) ),
 .UNSPECIFIED., .F., .F., .F. ) 
 B_SPLINE_SURFACE_WITH_KNOTS ( ( 4, 4 ),
 ( 2, 2 ),
 ( 0.000000000000000000, 1.000000000000000000 ),
 ( 0.000000000000000000, 1.000000000000000000 ),
 .UNSPECIFIED. ) 
 GEOMETRIC_REPRESENTATION_ITEM ( )  RATIONAL_B_SPLINE_SURFACE ( (
 ( 1.000000000000000000, 1.000000000000000000),
 ( 0.9544777771602501737, 0.9992633679055394902),
 ( 0.9544777771602501737, 0.9992633679055394902),
 ( 1.000000000000000000, 1.000000000000000000) ) ) 
 REPRESENTATION_ITEM ( '' )  SURFACE ( )  );
#4618 = CARTESIAN_POINT ( 'NONE',  ( 5.841349233018249265, -6.350992383849834333, -0.4353188794171224951 ) ) ;
#4619 = AXIS2_PLACEMENT_3D ( 'NONE', #4614, #1098, #3718 ) ;
#4620 = VECTOR ( 'NONE', #1277, 999.9999999999998863 ) ;
#4621 = CARTESIAN_POINT ( 'NONE',  ( 0.4810029444423267186, 9.778727171396768725, -4.888303648767490905 ) ) ;
#4622 = CARTESIAN_POINT ( 'NONE',  ( 5.795455118505627112, 2.755657015852969405, 5.687612207488523808 ) ) ;
#4623 = EDGE_LOOP ( 'NONE', ( #3064, #469, #4715, #1974 ) ) ;
#4624 = CARTESIAN_POINT ( 'NONE',  ( 5.780832915889893897, 6.302204156976670468, -0.2038734355924624875 ) ) ;
#4625 = CARTESIAN_POINT ( 'NONE',  ( 5.837519771178495631, -0.4319856335406622172, -6.347382419582983992 ) ) ;
#4626 = B_SPLINE_CURVE_WITH_KNOTS ( 'NONE', 3,
 ( #4908, #2560, #3299, #3221, #150, #1737, #1006, #2847, #3654, #2921, #1377, #3733, #121, #1708, #2944, #4124 ),
 .UNSPECIFIED., .F., .F.,
 ( 4, 3, 3, 3, 3, 4 ),
 ( 4.336808689942017255E-19, 5.634548159638532637E-05, 0.0001127033737012591278, 0.0001403741958204906767, 0.0001969210919195150706, 0.0002472485937300377247 ),
 .UNSPECIFIED. ) ;
#4627 = CARTESIAN_POINT ( 'NONE',  ( 0.3125344821672538798, -7.971406923339547923, -7.192747508164267778 ) ) ;
#4628 = CARTESIAN_POINT ( 'NONE',  ( 5.888395157494902499, -4.199588886833065082, 4.846565907042536203 ) ) ;
#4629 = CARTESIAN_POINT ( 'NONE',  ( 5.811739754377836853, -6.323645595539399977, 0.3999997167859261626 ) ) ;
#4630 = CARTESIAN_POINT ( 'NONE',  ( 0.3148517337138157512, -3.924285655441434262, -9.996263812724626163 ) ) ;
#4631 = CARTESIAN_POINT ( 'NONE',  ( 5.789276915956762082, 5.958762355146265399, 2.087527567106936210 ) ) ;
#4632 = ADVANCED_FACE ( 'NONE', ( #983 ), #2196, .F. ) ;
#4633 = CARTESIAN_POINT ( 'NONE',  ( 13.56759717490972861, 0.001059421992558264372, -0.009495272909580562692 ) ) ;
#4634 = CARTESIAN_POINT ( 'NONE',  ( 0.3131398827181195443, 0.4799510588010428846, 10.72644339064184571 ) ) ;
#4635 = EDGE_LOOP ( 'NONE', ( #66, #2621, #1188, #2873 ) ) ;
#4636 = ORIENTED_EDGE ( 'NONE', *, *, #4415, .F. ) ;
#4637 = CARTESIAN_POINT ( 'NONE',  ( 0.3151505758799275081, 9.891003005563790751, 4.183274585896904263 ) ) ;
#4638 = VERTEX_POINT ( 'NONE', #4571 ) ;
#4639 = EDGE_CURVE ( 'NONE', #1668, #3398, #1707, .T. ) ;
#4640 = EDGE_CURVE ( 'NONE', #3772, #3566, #2708, .T. ) ;
#4641 = CARTESIAN_POINT ( 'NONE',  ( 1.348381451710669143, -0.9353982284061064245, -11.77241721213009917 ) ) ;
#4642 = CARTESIAN_POINT ( 'NONE',  ( 6.843654862292567920, 6.588043952843603002, -4.604798479040145942 ) ) ;
#4643 = FACE_OUTER_BOUND ( 'NONE', #501, .T. ) ;
#4644 = B_SPLINE_CURVE_WITH_KNOTS ( 'NONE', 3,
 ( #1425, #2241, #2629, #3853 ),
 .UNSPECIFIED., .F., .F.,
 ( 4, 4 ),
 ( 0.000000000000000000, 0.001963989672852250665 ),
 .UNSPECIFIED. ) ;
#4645 = CARTESIAN_POINT ( 'NONE',  ( 5.810243213707154908, -6.322298447466418558, -0.3975978526157036286 ) ) ;
#4646 = ADVANCED_FACE ( 'NONE', ( #2150 ), #2791, .F. ) ;
#4647 = CARTESIAN_POINT ( 'NONE',  ( 5.781217879015564165, -4.399303381068706109, 4.517778904941346596 ) ) ;
#4648 =( BOUNDED_SURFACE ( )  B_SPLINE_SURFACE ( 3, 1, ( 
 ( #4540, #3242 ),
 ( #2166, #954 ),
 ( #4906, #1785 ),
 ( #558, #4045 ) ),
 .UNSPECIFIED., .F., .F., .F. ) 
 B_SPLINE_SURFACE_WITH_KNOTS ( ( 4, 4 ),
 ( 2, 2 ),
 ( 0.000000000000000000, 1.000000000000000000 ),
 ( 0.000000000000000000, 1.000000000000000000 ),
 .UNSPECIFIED. ) 
 GEOMETRIC_REPRESENTATION_ITEM ( )  RATIONAL_B_SPLINE_SURFACE ( (
 ( 1.000000000000000000, 1.000000000000000000),
 ( 0.7963945362475481904, 0.9530866181159203254),
 ( 0.7963945362475481904, 0.9530866181159203254),
 ( 1.000000000000000000, 1.000000000000000000) ) ) 
 REPRESENTATION_ITEM ( '' )  SURFACE ( )  );
#4649 = CARTESIAN_POINT ( 'NONE',  ( 5.849679172800997584, 4.184950690830180342, -4.808000446209247158 ) ) ;
#4650 = CARTESIAN_POINT ( 'NONE',  ( 5.781295420454911849, 6.305962321818338268, -0.003686304789048707072 ) ) ;
#4651 = CARTESIAN_POINT ( 'NONE',  ( 5.853692992412381280, -5.708839760994741219, -2.844470989100724267 ) ) ;
#4652 = FACE_OUTER_BOUND ( 'NONE', #93, .T. ) ;
#4653 = CARTESIAN_POINT ( 'NONE',  ( 7.024951713254540486, 1.724051694985782035, -5.183815947335055796 ) ) ;
#4654 = FACE_OUTER_BOUND ( 'NONE', #391, .T. ) ;
#4655 = CARTESIAN_POINT ( 'NONE',  ( 0.3131398827181195443, -3.661415213967111004, -10.09361082380426211 ) ) ;
#4656 = CARTESIAN_POINT ( 'NONE',  ( 5.816512944234073501, 6.001964219383347121, 2.045822184209221462 ) ) ;
#4657 = CARTESIAN_POINT ( 'NONE',  ( 13.56791779411215160, 0.002256786506167839622, -0.009644201806882975181 ) ) ;
#4658 = CARTESIAN_POINT ( 'NONE',  ( 7.148871875792691455, 4.395937880802039288, -6.289434997126905458 ) ) ;
#4659 = ORIENTED_EDGE ( 'NONE', *, *, #4516, .T. ) ;
#4660 = ORIENTED_EDGE ( 'NONE', *, *, #1064, .T. ) ;
#4661 = CARTESIAN_POINT ( 'NONE',  ( 2.112679944503184526, -6.217977087222966937, 10.99407285475363061 ) ) ;
#4662 = ORIENTED_EDGE ( 'NONE', *, *, #1211, .F. ) ;
#4663 = CARTESIAN_POINT ( 'NONE',  ( 7.024951713254540486, 4.129455433836487721, 3.576576553463787000 ) ) ;
#4664 = CARTESIAN_POINT ( 'NONE',  ( 5.780373642321761984, -4.654461362248173195, -4.252991401856659692 ) ) ;
#4665 = CARTESIAN_POINT ( 'NONE',  ( 5.853692992411007268, -2.025414582425544285, -6.048104032986748813 ) ) ;
#4666 = CARTESIAN_POINT ( 'NONE',  ( 5.876541064897434552, 4.836673244140476946, -4.192903924370836144 ) ) ;
#4667 = CARTESIAN_POINT ( 'NONE',  ( 7.148871875792691455, -6.468179606601606402, -4.128427668216817281 ) ) ;
#4668 = CARTESIAN_POINT ( 'NONE',  ( 0.3146794788796314912, 7.761338527595138537, 7.421699892253101893 ) ) ;
#4669 = CARTESIAN_POINT ( 'NONE',  ( 6.937403657009209468, 4.860566237685489455, -2.275671432591424459 ) ) ;
#4670 = CARTESIAN_POINT ( 'NONE',  ( 0.3151928467770725995, -0.0003702365807369415243, -10.73922860266895896 ) ) ;
#4671 = CARTESIAN_POINT ( 'NONE',  ( 0.3020602839598333644, -7.135509872902366268, 8.033480627031117649 ) ) ;
#4672 = CARTESIAN_POINT ( 'NONE',  ( 5.861834570473158479, -0.4491369562185590358, -6.370567226303766262 ) ) ;
#4673 = CARTESIAN_POINT ( 'NONE',  ( 0.3072101391086903277, 4.550283443190395793, 9.730627748280509692 ) ) ;
#4674 = CARTESIAN_POINT ( 'NONE',  ( 5.780832915889897450, -5.900496416438860692, -2.223394623890780242 ) ) ;
#4675 = CARTESIAN_POINT ( 'NONE',  ( 1.274844381333501753, 3.523456524466603845, -11.15782043875696594 ) ) ;
#4676 = LINE ( 'NONE', #3840, #3365 ) ;
#4677 = CARTESIAN_POINT ( 'NONE',  ( 5.781277812323744492, 0.01457697236475977154, 6.305818637059165788 ) ) ;
#4678 = CARTESIAN_POINT ( 'NONE',  ( 0.3131398827181169353, -9.726272186705676503, -4.548249133634168828 ) ) ;
#4679 = ADVANCED_FACE ( 'NONE', ( #374 ), #1704, .F. ) ;
#4680 = CARTESIAN_POINT ( 'NONE',  ( 6.772577236260941547, -0.8998714826150978618, -7.242548386841689556 ) ) ;
#4681 = ORIENTED_EDGE ( 'NONE', *, *, #799, .F. ) ;
#4682 = ORIENTED_EDGE ( 'NONE', *, *, #2056, .T. ) ;
#4683 = CARTESIAN_POINT ( 'NONE',  ( 0.3150652326283235327, 10.73843321479778190, 0.1197592169405309603 ) ) ;
#4684 = ORIENTED_EDGE ( 'NONE', *, *, #682, .T. ) ;
#4685 = CARTESIAN_POINT ( 'NONE',  ( 5.780373642321761984, -4.252991401856642817, 4.654461362248187406 ) ) ;
#4686 = CARTESIAN_POINT ( 'NONE',  ( 5.849679172800788862, 4.808000446209049983, 4.184950690830095965 ) ) ;
#4687 = VECTOR ( 'NONE', #3892, 1000.000000000000114 ) ;
#4688 = DIRECTION ( 'NONE',  ( -1.000000000000000000, -0.000000000000000000, -0.000000000000000000 ) ) ;
#4689 = CARTESIAN_POINT ( 'NONE',  ( 0.4959482244580775134, 10.35930993710117853, -3.454091471063473140 ) ) ;
#4690 = CARTESIAN_POINT ( 'NONE',  ( 13.56759717490972861, -0.005965047388505236893, -0.007463296338657439237 ) ) ;
#4691 = DIRECTION ( 'NONE',  ( -1.000000000000000000, 0.000000000000000000, 0.000000000000000000 ) ) ;
#4692 = EDGE_CURVE ( 'NONE', #1043, #4575, #3935, .T. ) ;
#4693 = VECTOR ( 'NONE', #845, 1000.000000000000114 ) ;
#4694 = CARTESIAN_POINT ( 'NONE',  ( 2.636624412714284826, -2.817732372802468355, -12.75308701346198070 ) ) ;
#4695 = CARTESIAN_POINT ( 'NONE',  ( 4.091188226140560324, 6.488297065466632318, -9.280932393601238672 ) ) ;
#4696 = VERTEX_POINT ( 'NONE', #4689 ) ;
#4697 = CARTESIAN_POINT ( 'NONE',  ( 2.636624412713949539, -10.70401657216187452, 7.483640378889242939 ) ) ;
#4698 = CARTESIAN_POINT ( 'NONE',  ( 5.789276915956097724, -0.3516956379098027385, -6.304040793555066635 ) ) ;
#4699 = EDGE_CURVE ( 'NONE', #786, #4149, #4352, .T. ) ;
#4700 =( BOUNDED_SURFACE ( )  B_SPLINE_SURFACE ( 3, 1, ( 
 ( #790, #1980 ),
 ( #3541, #2005 ),
 ( #2753, #4641 ),
 ( #1947, #2682 ) ),
 .UNSPECIFIED., .F., .F., .F. ) 
 B_SPLINE_SURFACE_WITH_KNOTS ( ( 4, 4 ),
 ( 2, 2 ),
 ( 0.000000000000000000, 1.000000000000000000 ),
 ( 0.000000000000000000, 1.000000000000000000 ),
 .UNSPECIFIED. ) 
 GEOMETRIC_REPRESENTATION_ITEM ( )  RATIONAL_B_SPLINE_SURFACE ( (
 ( 1.000000000000000000, 1.000000000000000000),
 ( 0.7963945362475481904, 0.9530866181159203254),
 ( 0.7963945362475481904, 0.9530866181159203254),
 ( 1.000000000000000000, 1.000000000000000000) ) ) 
 REPRESENTATION_ITEM ( '' )  SURFACE ( )  );
#4701 = CARTESIAN_POINT ( 'NONE',  ( 2.666330941622472306, 2.704053251624119358, -13.04885528449519683 ) ) ;
#4702 = EDGE_LOOP ( 'NONE', ( #670, #1562, #3625, #2347 ) ) ;
#4703 = CARTESIAN_POINT ( 'NONE',  ( 5.837519771178499184, -6.347382419582983992, 0.4319856335406861425 ) ) ;
#4704 = CARTESIAN_POINT ( 'NONE',  ( 0.3138244244576106623, -4.476080400144441640, -9.760775788703254463 ) ) ;
#4705 = CARTESIAN_POINT ( 'NONE',  ( 1.999503599690027889, 11.97679158267857069, 3.308881961839903241 ) ) ;
#4706 = ADVANCED_FACE ( 'NONE', ( #427 ), #3310, .F. ) ;
#4707 = EDGE_CURVE ( 'NONE', #2848, #757, #3190, .T. ) ;
#4708 = CARTESIAN_POINT ( 'NONE',  ( 0.3989394446945325745, -7.120751377060777543, 8.150729143265611043 ) ) ;
#4709 = CARTESIAN_POINT ( 'NONE',  ( 0.3723593555270008348, -0.7538367224996660454, 10.79639511769826399 ) ) ;
#4710 = ORIENTED_EDGE ( 'NONE', *, *, #1953, .T. ) ;
#4711 = ORIENTED_EDGE ( 'NONE', *, *, #75, .T. ) ;
#4712 = CARTESIAN_POINT ( 'NONE',  ( 0.3146807352246330791, 10.73603725321948765, 0.2398668612995856764 ) ) ;
#4713 = CARTESIAN_POINT ( 'NONE',  ( 13.56759717490972861, 0.007463296338657460921, -0.005965047388505211740 ) ) ;
#4714 = CARTESIAN_POINT ( 'NONE',  ( 5.781154568282834916, -2.515294181431987575, 5.782411804005396228 ) ) ;
#4715 = ORIENTED_EDGE ( 'NONE', *, *, #2978, .F. ) ;
#4716 = CARTESIAN_POINT ( 'NONE',  ( 5.791186417075770088, -2.082591733917704691, -5.962510982185282415 ) ) ;
#4717 = CARTESIAN_POINT ( 'NONE',  ( 0.8889325092157547292, -11.28140125788787351, -0.8457229338764734594 ) ) ;
#4718 = CARTESIAN_POINT ( 'NONE',  ( 13.56676982392279740, 0.009194416037783740073, 0.001610815196145137275 ) ) ;
#4719 = CARTESIAN_POINT ( 'NONE',  ( 0.3314483142510971647, 7.153943451686855859, -8.031452186448891695 ) ) ;
#4720 = LINE ( 'NONE', #4333, #4189 ) ;
#4721 = CARTESIAN_POINT ( 'NONE',  ( 3.835489892373669107, -6.255661449344594338, 9.803451433443996166 ) ) ;
#4722 = ORIENTED_EDGE ( 'NONE', *, *, #3023, .T. ) ;
#4723 = CARTESIAN_POINT ( 'NONE',  ( 7.148871875792690567, -6.289434997126983617, 4.395937880801929154 ) ) ;
#4724 = CARTESIAN_POINT ( 'NONE',  ( 5.781295420454914513, 4.461595330778459711, 4.456382108550762666 ) ) ;
#4725 = B_SPLINE_CURVE_WITH_KNOTS ( 'NONE', 3,
 ( #3866, #3128, #285, #4209, #4703, #1455, #2673, #4629, #2327, #3895, #1482, #1111, #334, #3793, #2276, #2300 ),
 .UNSPECIFIED., .F., .F.,
 ( 4, 3, 3, 3, 3, 4 ),
 ( 1.341084023004561657E-18, 5.657295310010906903E-05, 0.0001131630509250436964, 0.0001409051504093657419, 0.0001974894552779698847, 0.0002472425787894660097 ),
 .UNSPECIFIED. ) ;
#4726 = DIRECTION ( 'NONE',  ( -1.000000000000000000, -0.000000000000000000, -0.000000000000000000 ) ) ;
#4727 = VERTEX_POINT ( 'NONE', #1983 ) ;
#4728 = CARTESIAN_POINT ( 'NONE',  ( 0.3020602839598333644, 7.135509872902421336, -8.033480627031069687 ) ) ;
#4729 = CARTESIAN_POINT ( 'NONE',  ( 0.3138252630704952972, -10.06694492624002457, 3.736936351378656873 ) ) ;
#4730 = CARTESIAN_POINT ( 'NONE',  ( 5.781125901799034850, 4.370457377966010526, -4.545562536835087819 ) ) ;
#4731 = B_SPLINE_CURVE_WITH_KNOTS ( 'NONE', 3,
 ( #3106, #2279, #3481, #1532, #711, #1115, #3460, #3843, #2676, #4236, #783, #733, #5041, #1508, #3084, #1137 ),
 .UNSPECIFIED., .F., .F.,
 ( 4, 3, 3, 3, 3, 4 ),
 ( 0.000000000000000000, 5.634548159639013074E-05, 0.0001127033737012640745, 0.0001403741958204962332, 0.0001969210919195193803, 0.0002472485937300372911 ),
 .UNSPECIFIED. ) ;
#4732 = CARTESIAN_POINT ( 'NONE',  ( 2.636624412714652088, -7.025356639904986267, -11.01023197665855591 ) ) ;
#4733 = DIRECTION ( 'NONE',  ( 0.7672866406251410698, -0.4841195830995291272, 0.4205941516209228959 ) ) ;
#4734 = CARTESIAN_POINT ( 'NONE',  ( 0.3138252630704951307, 0.3999740284677585911, -10.73070800174696338 ) ) ;
#4735 = ORIENTED_EDGE ( 'NONE', *, *, #4794, .T. ) ;
#4736 = ORIENTED_EDGE ( 'NONE', *, *, #4787, .T. ) ;
#4737 = CARTESIAN_POINT ( 'NONE',  ( 0.3150212513444525242, -10.73815880291281211, 0.1602524009518883352 ) ) ;
#4738 = EDGE_CURVE ( 'NONE', #1403, #3590, #2630, .T. ) ;
#4739 = VERTEX_POINT ( 'NONE', #2342 ) ;
#4740 = CARTESIAN_POINT ( 'NONE',  ( 5.841349233016947196, -2.028237361567489572, -6.034141197521044830 ) ) ;
#4741 = CARTESIAN_POINT ( 'NONE',  ( 0.4959482244580775134, -10.89257800167812285, -0.7731718701262459970 ) ) ;
#4742 = CARTESIAN_POINT ( 'NONE',  ( 0.4959482244580810106, -0.7731718701260550386, -10.89257800167813706 ) ) ;
#4743 = CARTESIAN_POINT ( 'NONE',  ( 0.3131398827181169353, 7.245364211220661765, -7.924117507852290743 ) ) ;
#4744 = CARTESIAN_POINT ( 'NONE',  ( 7.148871875792692343, 7.492932861594794325, 1.654454461926316400 ) ) ;
#4745 = CARTESIAN_POINT ( 'NONE',  ( 0.3151928467770709341, 9.921611817560151536, -4.110066916621806676 ) ) ;
#4746 = ORIENTED_EDGE ( 'NONE', *, *, #2492, .F. ) ;
#4747 = EDGE_CURVE ( 'NONE', #1461, #3435, #1946, .T. ) ;
#4748 = DIRECTION ( 'NONE',  ( -1.000000000000000000, -0.000000000000000000, -0.000000000000000000 ) ) ;
#4749 = CARTESIAN_POINT ( 'NONE',  ( 5.853692992412377727, 2.844470989100742475, -5.708839760994734114 ) ) ;
#4750 = CARTESIAN_POINT ( 'NONE',  ( 7.148871875792691455, 0.000000000000000000, 0.000000000000000000 ) ) ;
#4751 = VERTEX_POINT ( 'NONE', #3489 ) ;
#4752 = CARTESIAN_POINT ( 'NONE',  ( 0.4959482244580775134, 10.89257800167812640, 0.7731718701261699467 ) ) ;
#4753 = CARTESIAN_POINT ( 'NONE',  ( 2.337031422897659194, 7.609063645933811237, 10.25077504216933022 ) ) ;
#4754 = EDGE_CURVE ( 'NONE', #3568, #3086, #808, .T. ) ;
#4755 = CARTESIAN_POINT ( 'NONE',  ( 0.3149798893762165153, -7.479847426224857543, -7.705838251501416991 ) ) ;
#4756 = CARTESIAN_POINT ( 'NONE',  ( 4.091188226140769046, 6.091499689852027721, 9.546063923569079179 ) ) ;
#4757 = CARTESIAN_POINT ( 'NONE',  ( 5.780252906077913089, 2.130367884859531546, 5.933996072729089022 ) ) ;
#4758 = ORIENTED_EDGE ( 'NONE', *, *, #3561, .T. ) ;
#4759 = VERTEX_POINT ( 'NONE', #2232 ) ;
#4760 = CARTESIAN_POINT ( 'NONE',  ( 5.888395157494902499, -6.084756134219158064, -2.025213741016280711 ) ) ;
#4761 = CARTESIAN_POINT ( 'NONE',  ( 13.56890048206675203, 0.003525058140137631284, -0.009948245753775548580 ) ) ;
#4762 = ORIENTED_EDGE ( 'NONE', *, *, #1514, .F. ) ;
#4763 = LINE ( 'NONE', #3880, #4026 ) ;
#4764 = CARTESIAN_POINT ( 'NONE',  ( 1.274844381333322563, 5.398310493840532409, 10.38123049717305157 ) ) ;
#4765 = FACE_OUTER_BOUND ( 'NONE', #2653, .T. ) ;
#4766 = CARTESIAN_POINT ( 'NONE',  ( 0.3723593555270010569, -10.26304929855519710, -3.435147222037754133 ) ) ;
#4767 = AXIS2_PLACEMENT_3D ( 'NONE', #174, #2557, #3732 ) ;
#4768 = CARTESIAN_POINT ( 'NONE',  ( 0.4959482244580810106, -0.7731718701260550386, -10.89257800167813706 ) ) ;
#4769 = CARTESIAN_POINT ( 'NONE',  ( 13.57761964090312645, 0.01463911226355934549, 0.001655400923075221308 ) ) ;
#4770 = ORIENTED_EDGE ( 'NONE', *, *, #4596, .F. ) ;
#4771 = DIRECTION ( 'NONE',  ( 0.000000000000000000, 0.000000000000000000, 1.000000000000000000 ) ) ;
#4772 = CARTESIAN_POINT ( 'NONE',  ( 13.57761964090312645, 0.01415827070162021389, -0.004072754696867293515 ) ) ;
#4773 = VECTOR ( 'NONE', #2781, 1000.000000000000227 ) ;
#4774 = DIRECTION ( 'NONE',  ( 0.000000000000000000, 0.000000000000000000, -1.000000000000000000 ) ) ;
#4775 = AXIS2_PLACEMENT_3D ( 'NONE', #1897, #3462, #5042 ) ;
#4776 = AXIS2_PLACEMENT_3D ( 'NONE', #3766, #260, #3357 ) ;
#4777 = ORIENTED_EDGE ( 'NONE', *, *, #2267, .F. ) ;
#4778 = CARTESIAN_POINT ( 'NONE',  ( 2.636624412714642762, 7.483640378888467559, -10.70401657216395108 ) ) ;
#4779 = LINE ( 'NONE', #3003, #11 ) ;
#4780 = CARTESIAN_POINT ( 'NONE',  ( 5.780631868880691471, 5.727645188952058319, -2.636453451200435172 ) ) ;
#4781 =( BOUNDED_SURFACE ( )  B_SPLINE_SURFACE ( 3, 1, ( 
 ( #4096, #2116 ),
 ( #3707, #1786 ),
 ( #2091, #248 ),
 ( #2189, #1352 ) ),
 .UNSPECIFIED., .F., .F., .F. ) 
 B_SPLINE_SURFACE_WITH_KNOTS ( ( 4, 4 ),
 ( 2, 2 ),
 ( 0.000000000000000000, 1.000000000000000000 ),
 ( 0.000000000000000000, 1.000000000000000000 ),
 .UNSPECIFIED. ) 
 GEOMETRIC_REPRESENTATION_ITEM ( )  RATIONAL_B_SPLINE_SURFACE ( (
 ( 1.000000000000000000, 1.000000000000000000),
 ( 0.9928172745385618336, 0.8240640142147769298),
 ( 0.9928172745385618336, 0.8240640142147769298),
 ( 1.000000000000000000, 1.000000000000000000) ) ) 
 REPRESENTATION_ITEM ( '' )  SURFACE ( )  );
#4782 = LINE ( 'NONE', #3132, #4872 ) ;
#4783 = CARTESIAN_POINT ( 'NONE',  ( 5.853692992412373286, 2.025414582425275167, 6.048104032988282697 ) ) ;
#4784 = ORIENTED_EDGE ( 'NONE', *, *, #4103, .T. ) ;
#4785 = ORIENTED_EDGE ( 'NONE', *, *, #1349, .T. ) ;
#4786 = FACE_OUTER_BOUND ( 'NONE', #4350, .T. ) ;
#4787 = EDGE_CURVE ( 'NONE', #3030, #2983, #3817, .T. ) ;
#4788 = CARTESIAN_POINT ( 'NONE',  ( 5.861834570473156703, -2.852858973419223787, -5.713759398861521177 ) ) ;
#4789 = ORIENTED_EDGE ( 'NONE', *, *, #1664, .T. ) ;
#4790 = CARTESIAN_POINT ( 'NONE',  ( 5.781213164338058874, -0.07640550324351030875, 6.305291077324823412 ) ) ;
#4791 = CARTESIAN_POINT ( 'NONE',  ( 0.4460866974656224060, 3.443717086027098251, -10.31020888659348955 ) ) ;
#4792 = EDGE_CURVE ( 'NONE', #1768, #4921, #2938, .T. ) ;
#4793 = CARTESIAN_POINT ( 'NONE',  ( 5.780373642321761096, -5.710436958037629296, -2.672612239964061942 ) ) ;
#4794 = EDGE_CURVE ( 'NONE', #2804, #3823, #636, .T. ) ;
#4795 = CARTESIAN_POINT ( 'NONE',  ( 1.348381451710669143, -11.23425671514526414, -3.640913748000059069 ) ) ;
#4796 = CARTESIAN_POINT ( 'NONE',  ( 4.091188226140906714, -9.280932393600931363, -6.488297065466366753 ) ) ;
#4797 = ORIENTED_EDGE ( 'NONE', *, *, #1154, .F. ) ;
#4798 = CARTESIAN_POINT ( 'NONE',  ( 6.937403657009209468, 5.361439418172277982, -0.2423880882165740380 ) ) ;
#4799 = FACE_OUTER_BOUND ( 'NONE', #143, .T. ) ;
#4800 = EDGE_CURVE ( 'NONE', #1067, #4727, #1896, .T. ) ;
#4801 = CARTESIAN_POINT ( 'NONE',  ( 6.772577236260941547, -6.346876310171049695, 3.602976120425524176 ) ) ;
#4802 = ORIENTED_EDGE ( 'NONE', *, *, #1721, .F. ) ;
#4803 = CARTESIAN_POINT ( 'NONE',  ( 0.3072101391086903277, 9.730627748280561207, -4.550283443190288324 ) ) ;
#4804 = CARTESIAN_POINT ( 'NONE',  ( 0.4810029444423267186, -10.90503870641859585, 0.7740468116847174507 ) ) ;
#4805 = CARTESIAN_POINT ( 'NONE',  ( 5.780832915889893897, 4.312171007009081514, -4.600491584631430264 ) ) ;
#4806 = B_SPLINE_CURVE_WITH_KNOTS ( 'NONE', 3,
 ( #4471, #2198, #3763, #158, #4080, #1715 ),
 .UNSPECIFIED., .F., .F.,
 ( 4, 2, 4 ),
 ( 0.000000000000000000, 0.001669706568511514742, 0.003339413137023029485 ),
 .UNSPECIFIED. ) ;
#4807 = CARTESIAN_POINT ( 'NONE',  ( 5.888395157494902499, 4.846565907042552190, 4.199588886833048207 ) ) ;
#4808 = CARTESIAN_POINT ( 'NONE',  ( 5.780373642321761984, 2.148066458205963425, 5.927710934927434394 ) ) ;
#4809 = VERTEX_POINT ( 'NONE', #4604 ) ;
#4810 = CARTESIAN_POINT ( 'NONE',  ( 0.8889325092158077979, -7.379138909189945750, -8.575171752288060389 ) ) ;
#4811 =( BOUNDED_SURFACE ( )  B_SPLINE_SURFACE ( 3, 1, ( 
 ( #1160, #2694 ),
 ( #5083, #4260 ),
 ( #1914, #2743 ),
 ( #4313, #312 ) ),
 .UNSPECIFIED., .F., .F., .F. ) 
 B_SPLINE_SURFACE_WITH_KNOTS ( ( 4, 4 ),
 ( 2, 2 ),
 ( 0.000000000000000000, 1.000000000000000000 ),
 ( 0.000000000000000000, 1.000000000000000000 ),
 .UNSPECIFIED. ) 
 GEOMETRIC_REPRESENTATION_ITEM ( )  RATIONAL_B_SPLINE_SURFACE ( (
 ( 1.000000000000000000, 1.000000000000000000),
 ( 0.7963945362475481904, 0.9530866181159202144),
 ( 0.7963945362475481904, 0.9530866181159202144),
 ( 1.000000000000000000, 1.000000000000000000) ) ) 
 REPRESENTATION_ITEM ( '' )  SURFACE ( )  );
#4812 = CARTESIAN_POINT ( 'NONE',  ( 2.636624412714155152, 12.86061556398349737, 2.277149844236328491 ) ) ;
#4813 = EDGE_CURVE ( 'NONE', #4881, #1008, #2724, .T. ) ;
#4814 = ORIENTED_EDGE ( 'NONE', *, *, #2270, .T. ) ;
#4815 = CARTESIAN_POINT ( 'NONE',  ( 2.112679944503184526, 12.53671570355078480, 1.537412228780411505 ) ) ;
#4816 = ORIENTED_EDGE ( 'NONE', *, *, #2050, .T. ) ;
#4817 = CARTESIAN_POINT ( 'NONE',  ( 5.034355368874903647, 10.04167623169940526, 1.778570944146770527 ) ) ;
#4818 = B_SPLINE_CURVE_WITH_KNOTS ( 'NONE', 3,
 ( #51, #518, #472, #3581, #2457, #2096, #1242 ),
 .UNSPECIFIED., .F., .F.,
 ( 4, 3, 4 ),
 ( 9.285232991490194011E-16, 0.002265310746493378810, 0.007027290684750041663 ),
 .UNSPECIFIED. ) ;
#4819 = CARTESIAN_POINT ( 'NONE',  ( 5.781125901799033961, 2.298264645589515265, -5.872053821937387674 ) ) ;
#4820 = EDGE_CURVE ( 'NONE', #515, #917, #3453, .T. ) ;
#4821 = CARTESIAN_POINT ( 'NONE',  ( 5.780373642321761984, -0.2838821314356104741, 6.298520252597380242 ) ) ;
#4822 = CARTESIAN_POINT ( 'NONE',  ( 2.666330941622472306, -13.04885528449520571, -2.704053251624080279 ) ) ;
#4823 = EDGE_LOOP ( 'NONE', ( #4009, #2533, #491, #2954 ) ) ;
#4824 = CARTESIAN_POINT ( 'NONE',  ( 7.148871875792691455, 0.000000000000000000, 0.000000000000000000 ) ) ;
#4825 = EDGE_LOOP ( 'NONE', ( #4924, #3340, #3710, #2812 ) ) ;
#4826 = LINE ( 'NONE', #2942, #2136 ) ;
#4827 = CARTESIAN_POINT ( 'NONE',  ( 2.636624412714236865, 0.000000000000000000, 0.000000000000000000 ) ) ;
#4828 = CARTESIAN_POINT ( 'NONE',  ( 0.3020602839598333644, 10.15260973597726668, 3.518071585415943225 ) ) ;
#4829 = CARTESIAN_POINT ( 'NONE',  ( 5.780373642321761984, 2.148066458205963425, 5.927710934927434394 ) ) ;
#4830 = ORIENTED_EDGE ( 'NONE', *, *, #841, .F. ) ;
#4831 = CARTESIAN_POINT ( 'NONE',  ( 13.56791779411215160, -0.008046445850492044138, 0.005775675112176675147 ) ) ;
#4832 = CARTESIAN_POINT ( 'NONE',  ( 0.4460862896348348205, -4.855342691162305435, 9.725493979194650862 ) ) ;
#4833 = CARTESIAN_POINT ( 'NONE',  ( 5.781295420454911849, 4.456382108550812404, -4.461595330778414414 ) ) ;
#4834 = CARTESIAN_POINT ( 'NONE',  ( 0.3178557125107202008, -9.985509058942881211, -3.962763750037872512 ) ) ;
#4835 = DIRECTION ( 'NONE',  ( 0.7672866406251408478, 0.2863137605385698281, -0.5738428719122059540 ) ) ;
#4836 = VERTEX_POINT ( 'NONE', #2254 ) ;
#4837 = LINE ( 'NONE', #3159, #12 ) ;
#4838 = CARTESIAN_POINT ( 'NONE',  ( 5.876541064897885747, -4.836673244140826888, 4.192903924371125690 ) ) ;
#4839 = B_SPLINE_CURVE_WITH_KNOTS ( 'NONE', 3,
 ( #2240, #638, #3071, #3392, #1396, #1048 ),
 .UNSPECIFIED., .F., .F.,
 ( 4, 2, 4 ),
 ( 1.748223473168675632E-18, 0.0002092284541179436036, 0.0004184569082358854724 ),
 .UNSPECIFIED. ) ;
#4840 = ADVANCED_FACE ( 'NONE', ( #3061 ), #303, .F. ) ;
#4841 = CARTESIAN_POINT ( 'NONE',  ( 13.57761964090312645, -0.007131536758726509523, -0.01289128168725570123 ) ) ;
#4842 = ORIENTED_EDGE ( 'NONE', *, *, #4955, .F. ) ;
#4843 = CARTESIAN_POINT ( 'NONE',  ( 3.835489892373885823, 2.508666355982365648, 11.35550761925980190 ) ) ;
#4844 = VERTEX_POINT ( 'NONE', #3871 ) ;
#4845 = CARTESIAN_POINT ( 'NONE',  ( 1.999503599690237721, 10.80860341833301241, -6.129137671607244542 ) ) ;
#4846 = CARTESIAN_POINT ( 'NONE',  ( 5.864710941409939871, -0.4503673637387718420, 6.373362350405887611 ) ) ;
#4847 = CARTESIAN_POINT ( 'NONE',  ( 0.3131398827181195443, 3.661415213967185611, 10.09361082380423547 ) ) ;
#4848 = ORIENTED_EDGE ( 'NONE', *, *, #2920, .F. ) ;
#4849 = CARTESIAN_POINT ( 'NONE',  ( 5.849679172800146709, -5.706332401394675458, 2.840501909911481881 ) ) ;
#4850 = ORIENTED_EDGE ( 'NONE', *, *, #915, .T. ) ;
#4851 = CARTESIAN_POINT ( 'NONE',  ( 13.56759717490972861, -0.009177911541206331889, -0.002654905333063977378 ) ) ;
#4852 = EDGE_CURVE ( 'NONE', #2964, #2624, #4731, .T. ) ;
#4853 = B_SPLINE_CURVE_WITH_KNOTS ( 'NONE', 3,
 ( #2674, #753, #3081, #3458, #23, #410 ),
 .UNSPECIFIED., .F., .F.,
 ( 4, 2, 4 ),
 ( 1.585495086474083532E-17, 0.0002092205112235695594, 0.0004184410224471232353 ),
 .UNSPECIFIED. ) ;
#4854 = CARTESIAN_POINT ( 'NONE',  ( 0.3314483142510973868, -10.73769623072639945, 0.6204923769007183454 ) ) ;
#4855 = VECTOR ( 'NONE', #4168, 1000.000000000000227 ) ;
#4856 = CARTESIAN_POINT ( 'NONE',  ( 6.346074985646363409, -6.094651506296355770, 3.174417815529701592 ) ) ;
#4857 = CARTESIAN_POINT ( 'NONE',  ( 5.780631868880690583, 2.636453451200497344, 5.727645188952027233 ) ) ;
#4858 = ORIENTED_EDGE ( 'NONE', *, *, #127, .F. ) ;
#4859 = AXIS2_PLACEMENT_3D ( 'NONE', #1082, #1888, #3455 ) ;
#4860 = CARTESIAN_POINT ( 'NONE',  ( 0.3146794788796277165, 7.421699892253184494, -7.761338527595065706 ) ) ;
#4861 = CARTESIAN_POINT ( 'NONE',  ( 0.3178557125107202008, 0.1601725597514921939, -10.74189147477981265 ) ) ;
#4862 = CARTESIAN_POINT ( 'NONE',  ( 0.3072101391086903277, 0.4801637145096104287, 10.73124590139689261 ) ) ;
#4863 = EDGE_CURVE ( 'NONE', #1199, #482, #4366, .T. ) ;
#4864 = EDGE_CURVE ( 'NONE', #4089, #3109, #2706, .T. ) ;
#4865 = CONICAL_SURFACE ( 'NONE', #762, 7.673412698073462934, 0.8735574070079478171 ) ;
#4866 = CIRCLE ( 'NONE', #4032, 7.673412698073462934 ) ;
#4867 = DIRECTION ( 'NONE',  ( -1.000000000000000000, -0.000000000000000000, -0.000000000000000000 ) ) ;
#4868 = CARTESIAN_POINT ( 'NONE',  ( 0.3150212513444531903, -7.479709347583147760, 7.706340466412187062 ) ) ;
#4869 = ORIENTED_EDGE ( 'NONE', *, *, #2425, .F. ) ;
#4870 = DIRECTION ( 'NONE',  ( 1.000000000000000000, 0.000000000000000000, 0.000000000000000000 ) ) ;
#4871 = CARTESIAN_POINT ( 'NONE',  ( 2.337031422897938970, 12.62881304725619103, 1.867972042217083128 ) ) ;
#4872 = VECTOR ( 'NONE', #388, 1000.000000000000000 ) ;
#4873 = CIRCLE ( 'NONE', #2549, 7.673412698073462934 ) ;
#4874 = EDGE_CURVE ( 'NONE', #2983, #4280, #2208, .T. ) ;
#4875 = CARTESIAN_POINT ( 'NONE',  ( 5.888395157494902499, -2.870529954748007651, -5.734614693997603041 ) ) ;
#4876 = VERTEX_POINT ( 'NONE', #3981 ) ;
#4877 = CARTESIAN_POINT ( 'NONE',  ( 5.034355368874985359, 2.199597834629144266, 9.957928776182964015 ) ) ;
#4878 = ORIENTED_EDGE ( 'NONE', *, *, #352, .F. ) ;
#4879 = CARTESIAN_POINT ( 'NONE',  ( 1.999780352462948718, 3.308766363582664738, 11.97711222890299965 ) ) ;
#4880 = CARTESIAN_POINT ( 'NONE',  ( 0.3143387148471916692, 3.812110079865616008, 10.03926879299405606 ) ) ;
#4881 = VERTEX_POINT ( 'NONE', #2408 ) ;
#4882 = CARTESIAN_POINT ( 'NONE',  ( 3.606333622658964178, -9.755293370241719941, -6.820078766469199749 ) ) ;
#4883 = CARTESIAN_POINT ( 'NONE',  ( 13.56835537283902227, -0.01023101694859182044, -0.0005295461330393311673 ) ) ;
#4884 = CARTESIAN_POINT ( 'NONE',  ( 5.814817957557503192, 0.4046770356711169025, -6.326432219928994627 ) ) ;
#4885 = CARTESIAN_POINT ( 'NONE',  ( 6.794699092203798862, 5.756357825457336652, -4.540398586767983247 ) ) ;
#4886 = CARTESIAN_POINT ( 'NONE',  ( 0.3020602839598333644, 0.6349612095516575794, 10.72609604625728252 ) ) ;
#4887 = VERTEX_POINT ( 'NONE', #4003 ) ;
#4888 = CARTESIAN_POINT ( 'NONE',  ( 0.3315128891686936474, -0.6206652908644566535, 10.73775077339282014 ) ) ;
#4889 = CARTESIAN_POINT ( 'NONE',  ( 13.56890048206675203, 0.009527064548372680616, 0.004541879518436004598 ) ) ;
#4890 = DIRECTION ( 'NONE',  ( -0.7672866406251407367, 0.6397292168534395307, -0.04491926337631608340 ) ) ;
#4891 = CARTESIAN_POINT ( 'NONE',  ( 3.835489892373469267, -9.803451433444168472, -6.255661449344748881 ) ) ;
#4892 = CARTESIAN_POINT ( 'NONE',  ( 5.837519771178500072, -2.029935405692667949, 6.029530447450450303 ) ) ;
#4893 = ORIENTED_EDGE ( 'NONE', *, *, #3863, .T. ) ;
#4894 = DIRECTION ( 'NONE',  ( -0.7672866406251407367, -0.2863137605385615569, -0.5738428719122100619 ) ) ;
#4895 = LINE ( 'NONE', #1363, #929 ) ;
#4896 = VERTEX_POINT ( 'NONE', #835 ) ;
#4897 = CARTESIAN_POINT ( 'NONE',  ( 5.888395157494902499, -4.199588886833065082, 4.846565907042536203 ) ) ;
#4898 = ORIENTED_EDGE ( 'NONE', *, *, #1522, .F. ) ;
#4899 = EDGE_LOOP ( 'NONE', ( #1829, #4992, #2006, #4898 ) ) ;
#4900 = EDGE_CURVE ( 'NONE', #3007, #3578, #1601, .T. ) ;
#4901 =( BOUNDED_SURFACE ( )  B_SPLINE_SURFACE ( 3, 1, ( 
 ( #4214, #3311 ),
 ( #1365, #2989 ),
 ( #1022, #2597 ),
 ( #4110, #4920 ) ),
 .UNSPECIFIED., .F., .F., .F. ) 
 B_SPLINE_SURFACE_WITH_KNOTS ( ( 4, 4 ),
 ( 2, 2 ),
 ( 0.000000000000000000, 1.000000000000000000 ),
 ( 0.000000000000000000, 1.000000000000000000 ),
 .UNSPECIFIED. ) 
 GEOMETRIC_REPRESENTATION_ITEM ( )  RATIONAL_B_SPLINE_SURFACE ( (
 ( 1.000000000000000000, 1.000000000000000000),
 ( 0.9544777771602501737, 0.9992633679055394902),
 ( 0.9544777771602501737, 0.9992633679055394902),
 ( 1.000000000000000000, 1.000000000000000000) ) ) 
 REPRESENTATION_ITEM ( '' )  SURFACE ( )  );
#4902 = CARTESIAN_POINT ( 'NONE',  ( 0.3150212513444533569, -9.982091073708058815, -3.961261554704844201 ) ) ;
#4903 = CARTESIAN_POINT ( 'NONE',  ( 0.3150212513444514695, 4.257369381255363905, 9.859439196026013263 ) ) ;
#4904 = EDGE_LOOP ( 'NONE', ( #4569, #874, #112, #4636 ) ) ;
#4905 = CARTESIAN_POINT ( 'NONE',  ( 5.789276915956097724, -5.689586167418571705, 2.737376370185596208 ) ) ;
#4906 = CARTESIAN_POINT ( 'NONE',  ( 13.57223985685982726, -0.008744085148802449928, -0.01137780687821841365 ) ) ;
#4907 = EDGE_CURVE ( 'NONE', #515, #4638, #2769, .T. ) ;
#4908 = CARTESIAN_POINT ( 'NONE',  ( 5.780373642321761984, -2.672612239964041958, 5.710436958037639954 ) ) ;
#4909 = CARTESIAN_POINT ( 'NONE',  ( 0.4810029444423268297, -8.258360567908543004, 7.163693068912174056 ) ) ;
#4910 = ORIENTED_EDGE ( 'NONE', *, *, #947, .T. ) ;
#4911 = CARTESIAN_POINT ( 'NONE',  ( 2.112679944503184526, -12.53671570355077058, -1.537412228780498991 ) ) ;
#4912 = CARTESIAN_POINT ( 'NONE',  ( 6.937403657009209468, 5.361439418172277982, 0.2423880882165740935 ) ) ;
#4913 = CARTESIAN_POINT ( 'NONE',  ( 0.3072101391086899946, 10.73124590139689083, -0.4801637145096496195 ) ) ;
#4914 = CARTESIAN_POINT ( 'NONE',  ( 6.843654862292566143, -6.775414338570581840, -4.324378880008301174 ) ) ;
#4915 = DIRECTION ( 'NONE',  ( -1.000000000000000000, 0.000000000000000000, 0.000000000000000000 ) ) ;
#4916 = EDGE_CURVE ( 'NONE', #4487, #3961, #4175, .T. ) ;
#4917 = ORIENTED_EDGE ( 'NONE', *, *, #2914, .F. ) ;
#4918 = CARTESIAN_POINT ( 'NONE',  ( 6.346074985646367850, -3.174417815529678499, -6.094651506296375310 ) ) ;
#4919 = CARTESIAN_POINT ( 'NONE',  ( 1.348381451710669143, -5.369304303943531309, -10.51833390579590599 ) ) ;
#4920 = CARTESIAN_POINT ( 'NONE',  ( 0.3072101391086903277, 7.248609728848580680, 7.927663766067592377 ) ) ;
#4921 = VERTEX_POINT ( 'NONE', #3155 ) ;
#4922 = DIRECTION ( 'NONE',  ( 0.000000000000000000, 0.000000000000000000, 1.000000000000000000 ) ) ;
#4923 = CARTESIAN_POINT ( 'NONE',  ( -21.42413736143699765, 0.000000000000000000, 0.000000000000000000 ) ) ;
#4924 = ORIENTED_EDGE ( 'NONE', *, *, #3562, .T. ) ;
#4925 = CARTESIAN_POINT ( 'NONE',  ( 6.937403657009209468, -3.962504430367226771, -3.619715908653727610 ) ) ;
#4926 = CARTESIAN_POINT ( 'NONE',  ( 6.794699092203797974, -1.991918553190467955, -7.055716492241179694 ) ) ;
#4927 = CARTESIAN_POINT ( 'NONE',  ( 0.3178557125107202008, 10.74189147477981443, -0.1601725597513811994 ) ) ;
#4928 = DIRECTION ( 'NONE',  ( 0.7672866406251410698, -0.6082225876885299920, 0.2033137844408345607 ) ) ;
#4929 = ORIENTED_EDGE ( 'NONE', *, *, #2690, .F. ) ;
#4930 = CARTESIAN_POINT ( 'NONE',  ( 1.348381451710667589, -11.77241721213008496, -0.9353982284063121488 ) ) ;
#4931 = CARTESIAN_POINT ( 'NONE',  ( 5.780373642321761984, 4.654461362248261125, -4.252991401856562881 ) ) ;
#4932 = CARTESIAN_POINT ( 'NONE',  ( 0.4959482244580810106, 4.882726802909672870, 9.767549806965110548 ) ) ;
#4933 = CARTESIAN_POINT ( 'NONE',  ( 0.3072101391086903277, -9.730627748280463507, -4.550283443190496158 ) ) ;
#4934 = VECTOR ( 'NONE', #2705, 1000.000000000000114 ) ;
#4935 = EDGE_CURVE ( 'NONE', #28, #1355, #4782, .T. ) ;
#4936 = CARTESIAN_POINT ( 'NONE',  ( 0.3149798893762144614, -7.705838251501389458, 7.479847426224885965 ) ) ;
#4937 = VERTEX_POINT ( 'NONE', #3563 ) ;
#4938 = FACE_OUTER_BOUND ( 'NONE', #3183, .T. ) ;
#4939 = CARTESIAN_POINT ( 'NONE',  ( 13.57223985685982726, 0.01137780687821912662, 0.008744085148803124735 ) ) ;
#4940 = CARTESIAN_POINT ( 'NONE',  ( 5.780373642321761984, 2.672612239964079262, -5.710436958037623079 ) ) ;
#4941 = CARTESIAN_POINT ( 'NONE',  ( 5.849679172800145821, 5.706332401394698550, -2.840501909911440137 ) ) ;
#4942 = AXIS2_PLACEMENT_3D ( 'NONE', #570, #2028, #3231 ) ;
#4943 = VERTEX_POINT ( 'NONE', #495 ) ;
#4944 = CARTESIAN_POINT ( 'NONE',  ( 5.864710941408963762, 5.715870900236541985, 2.855065369428325894 ) ) ;
#4945 = EDGE_LOOP ( 'NONE', ( #5018, #1246, #4659, #130 ) ) ;
#4946 = CARTESIAN_POINT ( 'NONE',  ( 2.112679944503184526, -9.951911300238430513, 7.777682075338832490 ) ) ;
#4947 = CARTESIAN_POINT ( 'NONE',  ( 5.780373642321761984, 5.710436958037649724, 2.672612239964022418 ) ) ;
#4948 = CARTESIAN_POINT ( 'NONE',  ( 2.636624412714652088, 2.817732372801484697, -12.75308701346298257 ) ) ;
#4949 = CARTESIAN_POINT ( 'NONE',  ( 5.797806088100180055, 0.3749448775583711368, -6.311236138729507950 ) ) ;
#4950 = CARTESIAN_POINT ( 'NONE',  ( 13.56759717490972861, -0.009495272909580552284, -0.001059421992558367588 ) ) ;
#4951 = CARTESIAN_POINT ( 'NONE',  ( 5.888395157494900722, 4.846565907042609034, -4.199588886832978041 ) ) ;
#4952 = ORIENTED_EDGE ( 'NONE', *, *, #3706, .F. ) ;
#4953 = CARTESIAN_POINT ( 'NONE',  ( 13.57761964090312645, -0.001655400923075055425, -0.01463911226356037765 ) ) ;
#4954 = CARTESIAN_POINT ( 'NONE',  ( 5.864710941409026823, 4.825105553854975859, -4.188189920005842559 ) ) ;
#4955 = EDGE_CURVE ( 'NONE', #3590, #218, #2524, .T. ) ;
#4956 = CARTESIAN_POINT ( 'NONE',  ( 0.3131398827181169353, 10.72644339064184393, -0.4799510588010803547 ) ) ;
#4957 = FACE_OUTER_BOUND ( 'NONE', #1813, .T. ) ;
#4958 = EDGE_LOOP ( 'NONE', ( #4557, #4797, #2738, #2826 ) ) ;
#4959 = FACE_OUTER_BOUND ( 'NONE', #4823, .T. ) ;
#4960 = CARTESIAN_POINT ( 'NONE',  ( 5.781295420454910072, -4.461595330778431290, -4.456382108550796417 ) ) ;
#4961 = CARTESIAN_POINT ( 'NONE',  ( 5.781217879015563277, 2.335547213067561412, -5.857423980569270938 ) ) ;
#4962 = EDGE_CURVE ( 'NONE', #1898, #190, #3801, .T. ) ;
#4963 = CARTESIAN_POINT ( 'NONE',  ( 6.843654862292567920, 7.848739054625589517, -1.733143793678020073 ) ) ;
#4964 = ORIENTED_EDGE ( 'NONE', *, *, #633, .F. ) ;
#4965 = DIRECTION ( 'NONE',  ( -1.000000000000000000, -0.000000000000000000, -0.000000000000000000 ) ) ;
#4966 = ORIENTED_EDGE ( 'NONE', *, *, #1634, .T. ) ;
#4967 = B_SPLINE_CURVE_WITH_KNOTS ( 'NONE', 3,
 ( #1362, #2931, #2519, #2592, #2156, #3719 ),
 .UNSPECIFIED., .F., .F.,
 ( 4, 2, 4 ),
 ( 2.168404344971008868E-19, 0.0009821026408563919303, 0.001964205281712783427 ),
 .UNSPECIFIED. ) ;
#4968 = CARTESIAN_POINT ( 'NONE',  ( 0.4810029444423258860, -8.258360567908544780, 7.163693068912174056 ) ) ;
#4969 = CARTESIAN_POINT ( 'NONE',  ( 2.636624412714522858, 10.70401657216391378, -7.483640378888378741 ) ) ;
#4970 = ADVANCED_FACE ( 'NONE', ( #1309 ), #2064, .F. ) ;
#4971 = CARTESIAN_POINT ( 'NONE',  ( 2.636624412714284826, -2.817732372802468355, -12.75308701346198070 ) ) ;
#4972 = B_SPLINE_CURVE_WITH_KNOTS ( 'NONE', 3,
 ( #3860, #357, #1910, #1862, #704, #3475 ),
 .UNSPECIFIED., .F., .F.,
 ( 4, 2, 4 ),
 ( 1.585495086474083532E-17, 0.0002092205112235695052, 0.0004184410224471231269 ),
 .UNSPECIFIED. ) ;
#4973 = CARTESIAN_POINT ( 'NONE',  ( 5.853692992412374174, -6.362812130941651212, -0.4432701330925196137 ) ) ;
#4974 = CARTESIAN_POINT ( 'NONE',  ( 0.3723593555270008348, 10.26304929855526993, -3.435147222037535197 ) ) ;
#4975 = CARTESIAN_POINT ( 'NONE',  ( 5.807337495896702784, 4.191033775532223338, -4.746364433029792274 ) ) ;
#4976 = EDGE_LOOP ( 'NONE', ( #4057, #831, #4929, #1761 ) ) ;
#4977 = CARTESIAN_POINT ( 'NONE',  ( 5.780596792240385362, 6.300301261157819965, 0.2493227976354213671 ) ) ;
#4978 = CARTESIAN_POINT ( 'NONE',  ( 13.57223985685982726, -0.008744085148803010243, 0.01137780687821921509 ) ) ;
#4979 = CARTESIAN_POINT ( 'NONE',  ( 2.666330941622472306, 13.04885528449522525, 2.704053251623989684 ) ) ;
#4980 = CARTESIAN_POINT ( 'NONE',  ( 2.636624412714237309, 10.70401657216348390, 7.483640378888496869 ) ) ;
#4981 = CARTESIAN_POINT ( 'NONE',  ( 6.971778540990891671, -1.823193123017847972, 7.274316105970089374 ) ) ;
#4982 = ORIENTED_EDGE ( 'NONE', *, *, #1364, .T. ) ;
#4983 = CARTESIAN_POINT ( 'NONE',  ( 5.888395157494903387, 6.084756134219172274, 2.025213741016238522 ) ) ;
#4984 = CARTESIAN_POINT ( 'NONE',  ( 5.781280995375705167, -5.839756163523185606, 2.379546262056377870 ) ) ;
#4985 = CARTESIAN_POINT ( 'NONE',  ( 13.56890048206675203, -0.003525058140137705444, 0.009948245753775520825 ) ) ;
#4986 = CARTESIAN_POINT ( 'NONE',  ( 13.56835537283902227, 0.003426003848636109683, -0.009654875687366809567 ) ) ;
#4987 = CARTESIAN_POINT ( 'NONE',  ( 5.780373642321761984, 5.710436958037688804, -2.672612239963939817 ) ) ;
#4988 = ORIENTED_EDGE ( 'NONE', *, *, #692, .F. ) ;
#4989 = ORIENTED_EDGE ( 'NONE', *, *, #4037, .T. ) ;
#4990 = CYLINDRICAL_SURFACE ( 'NONE', #1328, 9.500000000000000000 ) ;
#4991 = ORIENTED_EDGE ( 'NONE', *, *, #860, .F. ) ;
#4992 = ORIENTED_EDGE ( 'NONE', *, *, #4409, .F. ) ;
#4993 = EDGE_CURVE ( 'NONE', #2562, #2410, #4117, .T. ) ;
#4994 = CARTESIAN_POINT ( 'NONE',  ( 7.148871875792691455, 0.000000000000000000, 0.000000000000000000 ) ) ;
#4995 = CARTESIAN_POINT ( 'NONE',  ( 5.780596792240387138, -2.641365141277822737, 5.725307679872754463 ) ) ;
#4996 = CARTESIAN_POINT ( 'NONE',  ( 0.4460862896348332662, 8.207537153097401728, -7.127125624576880369 ) ) ;
#4997 = CARTESIAN_POINT ( 'NONE',  ( 2.337031422898044219, 6.558618660727821847, -10.95265994159376000 ) ) ;
#4998 = CARTESIAN_POINT ( 'NONE',  ( 5.806118102235258149, -6.318629331456953935, -0.3900843764127077118 ) ) ;
#4999 = FACE_OUTER_BOUND ( 'NONE', #891, .T. ) ;
#5000 =( BOUNDED_SURFACE ( )  B_SPLINE_SURFACE ( 3, 1, ( 
 ( #1410, #3741 ),
 ( #4155, #258 ),
 ( #4500, #185 ),
 ( #963, #3279 ) ),
 .UNSPECIFIED., .F., .F., .F. ) 
 B_SPLINE_SURFACE_WITH_KNOTS ( ( 4, 4 ),
 ( 2, 2 ),
 ( 0.000000000000000000, 1.000000000000000000 ),
 ( 0.000000000000000000, 1.000000000000000000 ),
 .UNSPECIFIED. ) 
 GEOMETRIC_REPRESENTATION_ITEM ( )  RATIONAL_B_SPLINE_SURFACE ( (
 ( 1.000000000000000000, 1.000000000000000000),
 ( 0.9928172745385618336, 0.8240640142147769298),
 ( 0.9928172745385618336, 0.8240640142147769298),
 ( 1.000000000000000000, 1.000000000000000000) ) ) 
 REPRESENTATION_ITEM ( '' )  SURFACE ( )  );
#5001 = CARTESIAN_POINT ( 'NONE',  ( 5.826145232815650665, 2.813375021576693946, 5.693531827597725581 ) ) ;
#5003 = EDGE_CURVE ( 'NONE', #917, #3119, #5040, .T. ) ;
#5002 = VERTEX_POINT ( 'NONE', #4443 ) ;
#5004 = FACE_OUTER_BOUND ( 'NONE', #4161, .T. ) ;
#5005 = CARTESIAN_POINT ( 'NONE',  ( 0.3072101391086899946, 4.550283443190527244, -9.730627748280449296 ) ) ;
#5006 = DIRECTION ( 'NONE',  ( 0.000000000000000000, 0.000000000000000000, 1.000000000000000000 ) ) ;
#5007 = CARTESIAN_POINT ( 'NONE',  ( 5.780373642321761984, -2.148066458206004725, 5.927710934927419295 ) ) ;
#5008 = CARTESIAN_POINT ( 'NONE',  ( 2.337031956193680315, 3.107055871496938959, -12.38234450689808064 ) ) ;
#5009 = CARTESIAN_POINT ( 'NONE',  ( 5.853692992413139784, -4.185748288197844502, -4.812626922212922764 ) ) ;
#5010 = ADVANCED_FACE ( 'NONE', ( #1359 ), #1416, .T. ) ;
#5011 = CARTESIAN_POINT ( 'NONE',  ( 5.849679172801002913, 6.043524499203438261, 2.026448174258666413 ) ) ;
#5012 = ADVANCED_FACE ( 'NONE', ( #3635 ), #1670, .F. ) ;
#5013 = VECTOR ( 'NONE', #3553, 1000.000000000000227 ) ;
#5014 = CARTESIAN_POINT ( 'NONE',  ( 0.3125344821672563222, 9.695757567516968933, -4.612074397232379219 ) ) ;
#5015 = CARTESIAN_POINT ( 'NONE',  ( 7.148871875792690567, -7.492932861594782779, -1.654454461926369913 ) ) ;
#5016 = ORIENTED_EDGE ( 'NONE', *, *, #1320, .F. ) ;
#5017 = CARTESIAN_POINT ( 'NONE',  ( 5.819745664829054199, 5.691682589546776860, 2.802627403106725534 ) ) ;
#5018 = ORIENTED_EDGE ( 'NONE', *, *, #2231, .F. ) ;
#5019 = VECTOR ( 'NONE', #1274, 1000.000000000000000 ) ;
#5020 = EDGE_CURVE ( 'NONE', #2562, #4185, #4054, .T. ) ;
#5021 = EDGE_CURVE ( 'NONE', #1069, #4185, #2950, .T. ) ;
#5022 = VECTOR ( 'NONE', #3431, 1000.000000000000227 ) ;
#5023 = CARTESIAN_POINT ( 'NONE',  ( 5.806118102235259038, 6.318629331456953935, 0.3900843764126634139 ) ) ;
#5024 = CARTESIAN_POINT ( 'NONE',  ( 7.024951713254538710, -5.448987474260466257, -0.3909444054864109064 ) ) ;
#5025 = CARTESIAN_POINT ( 'NONE',  ( 3.835489892373343590, 9.531096018944543502, -6.663270132178329419 ) ) ;
#5026 = CARTESIAN_POINT ( 'NONE',  ( 5.791186417076199966, -5.962510982186123520, 2.082591733916602905 ) ) ;
#5027 = DIRECTION ( 'NONE',  ( 0.000000000000000000, 0.000000000000000000, 1.000000000000000000 ) ) ;
#5028 = VECTOR ( 'NONE', #3805, 1000.000000000000000 ) ;
#5029 = CARTESIAN_POINT ( 'NONE',  ( 2.636624412714626775, 12.75308701346301810, -2.817732372801230234 ) ) ;
#5030 = CARTESIAN_POINT ( 'NONE',  ( 5.861834570473160255, 2.852858973419265087, 5.713759398861498973 ) ) ;
#5031 =( BOUNDED_SURFACE ( )  B_SPLINE_SURFACE ( 3, 1, ( 
 ( #797, #1183 ),
 ( #4769, #1575 ),
 ( #3942, #3886 ),
 ( #3574, #879 ) ),
 .UNSPECIFIED., .F., .F., .F. ) 
 B_SPLINE_SURFACE_WITH_KNOTS ( ( 4, 4 ),
 ( 2, 2 ),
 ( 0.000000000000000000, 1.000000000000000000 ),
 ( 0.000000000000000000, 1.000000000000000000 ),
 .UNSPECIFIED. ) 
 GEOMETRIC_REPRESENTATION_ITEM ( )  RATIONAL_B_SPLINE_SURFACE ( (
 ( 1.000000000000000000, 1.000000000000000000),
 ( 0.7963945362475481904, 0.9530866181159203254),
 ( 0.7963945362475481904, 0.9530866181159203254),
 ( 1.000000000000000000, 1.000000000000000000) ) ) 
 REPRESENTATION_ITEM ( '' )  SURFACE ( )  );
#5032 = CARTESIAN_POINT ( 'NONE',  ( 0.3125344840682510172, -10.11716493239041270, 3.594707052580298434 ) ) ;
#5033 = CARTESIAN_POINT ( 'NONE',  ( 2.337031956193680760, -6.558619491554670056, -10.95266004407658222 ) ) ;
#5034 = CARTESIAN_POINT ( 'NONE',  ( 0.3990563068656131085, 0.7284209930608968042, -10.79867654263910026 ) ) ;
#5035 = CARTESIAN_POINT ( 'NONE',  ( 0.3315128891686927592, -7.153859750539740325, -8.031613022574573435 ) ) ;
#5036 = CARTESIAN_POINT ( 'NONE',  ( 0.3072101391086899946, 7.927663766067570172, 7.248609728848606437 ) ) ;
#5037 = CARTESIAN_POINT ( 'NONE',  ( 0.4959482244580810106, -0.7731718701260550386, -10.89257800167813706 ) ) ;
#5038 = CARTESIAN_POINT ( 'NONE',  ( 5.861834570473779316, 6.057513942877656987, 2.022962091129648421 ) ) ;
#5039 = B_SPLINE_CURVE_WITH_KNOTS ( 'NONE', 3,
 ( #1742, #4546, #2563, #206, #2902, #2512, #2481, #4495, #2947, #1769 ),
 .UNSPECIFIED., .F., .F.,
 ( 4, 3, 3, 4 ),
 ( 9.757819552369539906E-19, 0.0001201367182547263688, 0.0002402733039868098401, 0.0002840031398894476934 ),
 .UNSPECIFIED. ) ;
#5040 = B_SPLINE_CURVE_WITH_KNOTS ( 'NONE', 3,
 ( #3305, #4914, #985, #910, #2098, #4891, #1016 ),
 .UNSPECIFIED., .F., .F.,
 ( 4, 3, 4 ),
 ( 0.000000000000000000, 0.001426018004565442242, 0.007027290684763079845 ),
 .UNSPECIFIED. ) ;
#5041 = CARTESIAN_POINT ( 'NONE',  ( 5.853692992412380391, 6.048104032988308454, -2.025414582425208554 ) ) ;
#5042 = DIRECTION ( 'NONE',  ( 0.000000000000000000, 0.000000000000000000, 1.000000000000000000 ) ) ;
#5043 = ORIENTED_EDGE ( 'NONE', *, *, #4079, .F. ) ;
#5044 = ORIENTED_EDGE ( 'NONE', *, *, #4212, .T. ) ;
#5045 = CARTESIAN_POINT ( 'NONE',  ( 0.3138252630704951307, 10.73070800174696693, 0.3999740284676461810 ) ) ;
#5046 = ORIENTED_EDGE ( 'NONE', *, *, #1181, .T. ) ;
#5047 = CARTESIAN_POINT ( 'NONE',  ( 0.4460862896348334328, 7.127125624576967411, 8.207537153097327121 ) ) ;
#5048 = EDGE_CURVE ( 'NONE', #3578, #2106, #2335, .T. ) ;
#5049 =( NAMED_UNIT ( * ) SI_UNIT ( $, .STERADIAN. ) SOLID_ANGLE_UNIT ( ) );
#5050 = CARTESIAN_POINT ( 'NONE',  ( 2.636624412714236865, 0.000000000000000000, 0.000000000000000000 ) ) ;
#5051 = CARTESIAN_POINT ( 'NONE',  ( 13.56759717490972861, 0.005965047388504912500, -0.007463296338658317007 ) ) ;
#5052 = CARTESIAN_POINT ( 'NONE',  ( 5.814817957557500527, -6.326432219928995515, -0.4046770356710904792 ) ) ;
#5053 = B_SPLINE_CURVE_WITH_KNOTS ( 'NONE', 3,
 ( #3405, #309, #4674, #1158, #3029, #1842, #1481, #2299, #384, #3477, #1936, #3500, #4178, #3006, #5061, #677 ),
 .UNSPECIFIED., .F., .F.,
 ( 4, 3, 3, 3, 3, 4 ),
 ( 8.673617379884035472E-19, 0.0001201367182547263010, 0.0002402733039868095149, 0.0003604098457935276203, 0.0004641886131672996849, 0.0005680047735601319574 ),
 .UNSPECIFIED. ) ;
#5054 = CARTESIAN_POINT ( 'NONE',  ( 5.034355368874774861, -2.199597834629125170, -9.957928776183214481 ) ) ;
#5055 = CARTESIAN_POINT ( 'NONE',  ( 5.875108777300283691, 4.192096204274015747, -4.835477949075734472 ) ) ;
#5056 = DIRECTION ( 'NONE',  ( 0.000000000000000000, 0.000000000000000000, 1.000000000000000000 ) ) ;
#5057 = CARTESIAN_POINT ( 'NONE',  ( 5.797806088100180943, -5.687336700726019600, -2.761609406231722019 ) ) ;
#5058 = EDGE_CURVE ( 'NONE', #3435, #4937, #3438, .T. ) ;
#5059 =( BOUNDED_SURFACE ( )  B_SPLINE_SURFACE ( 3, 1, ( 
 ( #893, #1313 ),
 ( #132, #2438 ),
 ( #3612, #82 ),
 ( #1751, #3256 ) ),
 .UNSPECIFIED., .F., .F., .F. ) 
 B_SPLINE_SURFACE_WITH_KNOTS ( ( 4, 4 ),
 ( 2, 2 ),
 ( 0.000000000000000000, 1.000000000000000000 ),
 ( 0.000000000000000000, 1.000000000000000000 ),
 .UNSPECIFIED. ) 
 GEOMETRIC_REPRESENTATION_ITEM ( )  RATIONAL_B_SPLINE_SURFACE ( (
 ( 1.000000000000000000, 1.000000000000000000),
 ( 0.9928172745385618336, 0.8240640142147769298),
 ( 0.9928172745385618336, 0.8240640142147769298),
 ( 1.000000000000000000, 1.000000000000000000) ) ) 
 REPRESENTATION_ITEM ( '' )  SURFACE ( )  );
#5060 = CARTESIAN_POINT ( 'NONE',  ( 2.112679944503184526, -10.99407285475360396, -6.217977087223004240 ) ) ;
#5061 = CARTESIAN_POINT ( 'NONE',  ( 5.780596792240385362, -5.725307679872747357, -2.641365141277842721 ) ) ;
#5062 = CARTESIAN_POINT ( 'NONE',  ( 7.148871875792691455, 4.128427668216752444, 6.468179606601646370 ) ) ;
#5063 = CARTESIAN_POINT ( 'NONE',  ( 0.3150652326283242544, -9.966848526587229529, 3.998777391501103562 ) ) ;
#5064 = CARTESIAN_POINT ( 'NONE',  ( 6.971778540990892559, 6.432910467724607173, -3.854526026327314892 ) ) ;
#5065 = CARTESIAN_POINT ( 'NONE',  ( 0.3151505758799235113, -9.891003005563762329, -4.183274585896975317 ) ) ;
#5066 = CARTESIAN_POINT ( 'NONE',  ( 5.888395157494902499, 4.199588886833098833, -4.846565907042507781 ) ) ;
#5067 = VERTEX_POINT ( 'NONE', #4221 ) ;
#5068 = VERTEX_POINT ( 'NONE', #3487 ) ;
#5069 = CARTESIAN_POINT ( 'NONE',  ( 0.3149798893762126850, 10.73790131968768691, 0.1597996450389054246 ) ) ;
#5070 = ORIENTED_EDGE ( 'NONE', *, *, #4864, .F. ) ;
#5071 = EDGE_CURVE ( 'NONE', #4638, #772, #3615, .T. ) ;
#5072 = LINE ( 'NONE', #1925, #4693 ) ;
#5073 = CARTESIAN_POINT ( 'NONE',  ( 3.606333622658778104, -2.567742031803210256, 11.62264702976230879 ) ) ;
#5074 = CARTESIAN_POINT ( 'NONE',  ( 2.636624412714652976, -10.70401657216405944, -7.483640378888393840 ) ) ;
#5075 = CARTESIAN_POINT ( 'NONE',  ( 6.346074985646366073, 6.845520889864083358, -0.6004574899085669548 ) ) ;
#5076 = CARTESIAN_POINT ( 'NONE',  ( 5.888395157494901611, -2.025213741016170133, -6.084756134219193591 ) ) ;
#5077 = CARTESIAN_POINT ( 'NONE',  ( 5.780777222299028573, -6.301755143510872514, -0.2147447693148348824 ) ) ;
#5078 = ORIENTED_EDGE ( 'NONE', *, *, #2877, .F. ) ;
#5079 = CARTESIAN_POINT ( 'NONE',  ( 13.56676982392279740, 0.005006749878309142004, 0.007878100502534962288 ) ) ;
#5080 = B_SPLINE_CURVE_WITH_KNOTS ( 'NONE', 3,
 ( #1031, #1680, #3630, #2945, #122, #4518, #2900 ),
 .UNSPECIFIED., .F., .F.,
 ( 4, 3, 4 ),
 ( 0.000000000000000000, 0.001426018004565430750, 0.007027290684763044283 ),
 .UNSPECIFIED. ) ;
#5081 = CARTESIAN_POINT ( 'NONE',  ( 0.3723593555270008348, 4.828055859583372467, -9.686087649737153527 ) ) ;
#5082 = VERTEX_POINT ( 'NONE', #4326 ) ;
#5083 = CARTESIAN_POINT ( 'NONE',  ( 13.57223985685982726, 0.01385793941728937634, 0.003724383110571088257 ) ) ;
#5084 = CARTESIAN_POINT ( 'NONE',  ( 0.3143387148471915582, -3.812110079865540513, -10.03926879299408625 ) ) ;
#5085 = CARTESIAN_POINT ( 'NONE',  ( 2.636624412715013133, 11.01023197665825037, -7.025356639904432932 ) ) ;
ENDSEC;
END-ISO-10303-21;
